group_set,player_id,player_name,nickname,team_id,team_abbreviation,age,gp,w,l,w_pct,min,pts_off_tov,pts_2nd_chance,pts_fb,pts_paint,opp_pts_off_tov,opp_pts_2nd_chance,opp_pts_fb,opp_pts_paint,blk,blka,pf,pfd,nba_fantasy_pts,gp_rank,w_rank,l_rank,w_pct_rank,min_rank,pts_off_tov_rank,pts_2nd_chance_rank,pts_fb_rank,pts_paint_rank,opp_pts_off_tov_rank,opp_pts_2nd_chance_rank,opp_pts_fb_rank,opp_pts_paint_rank,blk_rank,blka_rank,pf_rank,pfd_rank,nba_fantasy_pts_rank,team
Players,1630182,Josh Green,Josh,1610612742,DAL,21.0,1,0,1,0.0,0.055,0,0,0,0,0,0,0,0,0,0,0,0,0.0,106,105,21,105,127,27,25,9,54,1,1,1,1,28,1,1,57,104,DAL
Players,1628467,Maxi Kleber,Maxi,1610612742,DAL,30.0,5,3,2,0.6,11.228333333333332,0,0,0,0,4,3,0,8,0,0,1,0,11.4,23,16,62,35,43,27,25,9,54,101,76,1,70,28,1,60,57,36,DAL
Players,203915,Spencer Dinwiddie,Spencer,1610612742,DAL,29.0,7,3,4,0.429,16.491666666666667,0,0,0,2,2,5,0,12,0,0,3,0,4.9,12,16,123,71,26,27,25,9,27,74,109,1,100,28,1,118,57,75,DAL
Players,1629029,Luka Dončić,Luka,1610612742,DAL,23.0,4,1,3,0.25,10.735,0,0,0,2,2,7,0,10,0,0,2,0,21.1,41,63,99,103,49,27,25,9,27,74,126,1,90,28,1,99,57,11,DAL
Players,1627827,Dorian Finney-Smith,Dorian,1610612742,DAL,29.0,7,3,4,0.429,20.808333333333334,0,0,0,0,4,10,0,18,1,0,0,1,17.3,12,16,123,71,14,27,25,9,54,101,132,1,127,5,1,1,32,21,DAL
Players,1628973,Jalen Brunson,Jalen,1610612742,DAL,25.0,7,3,4,0.429,19.536666666666665,1,0,0,4,4,10,0,16,0,0,2,4,18.1,12,16,123,71,20,24,25,9,13,101,132,1,115,28,1,99,6,18,DAL
Players,203939,Dwight Powell,Dwight,1610612742,DAL,30.0,2,0,2,0.0,4.433333333333334,2,2,0,2,0,5,0,8,0,0,3,3,5.2,80,105,62,105,100,12,13,9,27,1,109,1,70,28,1,118,13,73,DAL
Players,202722,Dāvis Bertāns,Dāvis,1610612742,DAL,29.0,1,0,1,0.0,0.045,0,0,0,0,0,0,0,0,0,0,0,0,0.0,106,105,21,105,128,27,25,9,54,1,1,1,1,28,1,1,57,104,DAL
Players,203493,Reggie Bullock Jr.,Reggie,1610612742,DAL,31.0,6,3,3,0.5,20.70833333333333,3,0,0,0,4,10,0,18,1,0,1,1,7.2,21,16,99,51,15,5,25,9,54,101,132,1,127,5,1,60,32,56,DAL
