season,player_id,player,nickname,team_id,team,team_name,game_id,game_date,matchup,wl,min,pts_off_tov,pts_2nd_chance,pts_fb,pts_paint,opp_pts_off_tov,opp_pts_2nd_chance,opp_pts_fb,opp_pts_paint,blk,blka,pf,pfd,nba_fantasy_pts,gp_rank,w_rank,l_rank,w_pct_rank,min_rank,pts_off_tov_rank,pts_2nd_chance_rank,pts_fb_rank,pts_paint_rank,opp_pts_off_tov_rank,opp_pts_2nd_chance_rank,opp_pts_fb_rank,opp_pts_paint_rank,blk_rank,blka_rank,pf_rank,pfd_rank,nba_fantasy_pts_rank,available_flag,min_sec,season_start,season_end
2015-16,1718,Paul Pierce,Paul,1610612746,LAC,LA Clippers,21501229,2016-04-13T00:00:00,LAC @ PHX,L,21.6,0.0,0.0,0.0,0.0,14.0,16.0,10.0,28.0,1.0,1.0,2.0,0.0,10.6,1,13074,13074,13074,14555,12059,10158,9917,18861,22292,25155,20169,5824,2692,17214,11390,18762,18723,1.0,21:33,2015,2016
2015-16,201601,Luc Mbah a Moute,Luc,1610612746,LAC,LA Clippers,21501229,2016-04-13T00:00:00,LAC @ PHX,L,9.5,0.0,0.0,0.0,0.0,10.0,8.0,6.0,10.0,0.0,0.0,1.0,0.0,1.5,1,13074,13074,13074,22634,12059,10158,9917,18861,17370,17345,13388,20209,8004,1,4972,18762,24473,1.0,9:29,2015,2016
2015-16,201145,Jeff Green,Jeff,1610612746,LAC,LA Clippers,21501229,2016-04-13T00:00:00,LAC @ PHX,L,24.6,0.0,2.0,0.0,6.0,8.0,15.0,12.0,30.0,0.0,0.0,2.0,1.0,24.9,1,13074,13074,13074,12048,12059,4731,9917,5299,13914,24781,22259,4541,8004,1,11390,12373,8553,1.0,24:35,2015,2016
2015-16,202325,Wesley Johnson,Wesley,1610612746,LAC,LA Clippers,21501229,2016-04-13T00:00:00,LAC @ PHX,L,34.6,0.0,0.0,3.0,2.0,10.0,19.0,12.0,40.0,1.0,0.0,3.0,0.0,29.4,1,13074,13074,13074,3851,12059,10158,3302,12984,17370,25786,22259,983,2692,1,17641,18762,6143,1.0,34:37,2015,2016
2015-16,203912,C.J. Wilcox,C.J.,1610612746,LAC,LA Clippers,21501229,2016-04-13T00:00:00,LAC @ PHX,L,28.9,2.0,2.0,2.0,4.0,8.0,19.0,14.0,38.0,1.0,0.0,3.0,2.0,27.1,1,13074,13074,13074,8490,6026,4731,4675,8599,13914,25786,23710,1422,2692,1,17641,7786,7339,1.0,28:51,2015,2016
2015-16,201965,Jeff Ayres,Jeff,1610612746,LAC,LA Clippers,21501229,2016-04-13T00:00:00,LAC @ PHX,L,18.9,0.0,2.0,0.0,4.0,12.0,13.0,10.0,30.0,0.0,3.0,3.0,4.0,13.5,1,13074,13074,13074,16806,12059,4731,9917,8599,20178,23668,20169,4541,8004,25441,17641,2748,16552,1.0,18:52,2015,2016
2015-16,202332,Cole Aldrich,Cole,1610612746,LAC,LA Clippers,21501229,2016-04-13T00:00:00,LAC @ PHX,L,25.1,2.0,0.0,0.0,10.0,10.0,14.0,10.0,24.0,3.0,0.0,2.0,4.0,38.5,1,13074,13074,13074,11573,6026,10158,9917,1840,17370,24300,20169,8723,347,1,11390,2748,2771,1.0,25:08,2015,2016
2015-16,1626183,Branden Dawson,Branden,1610612746,LAC,LA Clippers,21501229,2016-04-13T00:00:00,LAC @ PHX,L,6.5,0.0,0.0,3.0,2.0,2.0,4.0,4.0,12.0,0.0,0.0,0.0,1.0,3.0,1,13074,13074,13074,23747,12059,10158,3302,12984,2619,8458,8806,18637,8004,1,1,12373,23648,1.0,6:31,2015,2016
2015-16,203143,Pablo Prigioni,Pablo,1610612746,LAC,LA Clippers,21501229,2016-04-13T00:00:00,LAC @ PHX,L,39.5,2.0,0.0,2.0,8.0,22.0,27.0,18.0,54.0,0.0,1.0,2.0,1.0,34.7,1,13074,13074,13074,903,6026,10158,4675,3109,25683,26067,25228,35,8004,17214,11390,12373,3935,1.0,39:27,2015,2016
2015-16,203085,Austin Rivers,Austin,1610612746,LAC,LA Clippers,21501229,2016-04-13T00:00:00,LAC @ PHX,L,31.0,5.0,0.0,2.0,10.0,14.0,20.0,14.0,34.0,0.0,0.0,2.0,2.0,34.3,1,13074,13074,13074,6760,1603,10158,4675,1840,22292,25875,23710,2701,8004,1,11390,7786,4063,1.0,30:57,2015,2016
2015-16,101108,Chris Paul,Chris,1610612746,LAC,LA Clippers,21501216,2016-04-12T00:00:00,LAC vs. MEM,W,26.5,2.0,3.0,2.0,4.0,14.0,10.0,6.0,24.0,0.0,0.0,1.0,1.0,34.9,1,1,1,1,10439,6026,3104,4675,8599,22292,20509,13388,8723,8004,1,4972,12373,3845,1.0,26:31,2015,2016
2015-16,201933,Blake Griffin,Blake,1610612746,LAC,LA Clippers,21501216,2016-04-12T00:00:00,LAC vs. MEM,W,23.3,3.0,3.0,0.0,4.0,14.0,6.0,6.0,20.0,0.0,0.0,3.0,3.0,33.4,1,1,1,1,13136,4307,3104,9917,8599,22292,13237,13388,11929,8004,1,17641,4736,4384,1.0,23:16,2015,2016
2015-16,202332,Cole Aldrich,Cole,1610612746,LAC,LA Clippers,21501216,2016-04-12T00:00:00,LAC vs. MEM,W,14.6,0.0,0.0,0.0,4.0,0.0,4.0,0.0,12.0,3.0,0.0,2.0,1.0,24.3,1,1,1,1,20048,12059,10158,9917,8599,1,8458,1,18637,347,1,11390,12373,8939,1.0,14:35,2015,2016
2015-16,203912,C.J. Wilcox,C.J.,1610612746,LAC,LA Clippers,21501216,2016-04-12T00:00:00,LAC vs. MEM,W,5.3,2.0,0.0,0.0,2.0,0.0,2.0,0.0,6.0,0.0,0.0,0.0,0.0,7.2,1,1,1,1,24241,6026,10158,9917,12984,1,3734,1,22724,8004,1,1,18762,21035,1.0,5:20,2015,2016
2015-16,201601,Luc Mbah a Moute,Luc,1610612746,LAC,LA Clippers,21501216,2016-04-12T00:00:00,LAC vs. MEM,W,14.4,4.0,0.0,2.0,8.0,10.0,2.0,4.0,10.0,0.0,0.0,1.0,0.0,12.2,1,1,1,1,20147,2460,10158,4675,3109,17370,3734,8806,20209,8004,1,4972,18762,17566,1.0,14:26,2015,2016
2015-16,200755,JJ Redick,JJ,1610612746,LAC,LA Clippers,21501216,2016-04-12T00:00:00,LAC vs. MEM,W,12.7,3.0,0.0,8.0,2.0,8.0,4.0,4.0,12.0,0.0,0.0,1.0,2.0,12.2,1,1,1,1,21145,4307,10158,280,12984,13914,8458,8806,18637,8004,1,4972,7786,17566,1.0,12:41,2015,2016
2015-16,201599,DeAndre Jordan,DeAndre,1610612746,LAC,LA Clippers,21501216,2016-04-12T00:00:00,LAC vs. MEM,W,27.9,4.0,0.0,3.0,6.0,14.0,13.0,6.0,26.0,2.0,0.0,2.0,1.0,30.9,1,1,1,1,9324,2460,10158,3302,5299,22292,23668,13388,7214,932,1,11390,12373,5452,1.0,27:52,2015,2016
2015-16,203143,Pablo Prigioni,Pablo,1610612746,LAC,LA Clippers,21501216,2016-04-12T00:00:00,LAC vs. MEM,W,19.3,0.0,2.0,0.0,2.0,0.0,9.0,0.0,18.0,0.0,0.0,1.0,1.0,20.3,1,1,1,1,16457,12059,4731,9917,12984,1,19144,1,13577,8004,1,4972,12373,11534,1.0,19:18,2015,2016
2015-16,202325,Wesley Johnson,Wesley,1610612746,LAC,LA Clippers,21501216,2016-04-12T00:00:00,LAC vs. MEM,W,18.3,2.0,0.0,2.0,2.0,0.0,13.0,0.0,18.0,2.0,0.0,1.0,0.0,18.2,1,1,1,1,17278,6026,10158,4675,12984,1,23668,1,13577,932,1,4972,18762,13004,1.0,18:17,2015,2016
2015-16,1718,Paul Pierce,Paul,1610612746,LAC,LA Clippers,21501216,2016-04-12T00:00:00,LAC vs. MEM,W,20.4,4.0,0.0,0.0,2.0,0.0,6.0,0.0,18.0,0.0,0.0,2.0,4.0,16.1,1,1,1,1,15586,2460,10158,9917,12984,1,13237,1,13577,8004,1,11390,2748,14515,1.0,20:23,2015,2016
2015-16,201145,Jeff Green,Jeff,1610612746,LAC,LA Clippers,21501216,2016-04-12T00:00:00,LAC vs. MEM,W,25.7,0.0,2.0,0.0,10.0,0.0,9.0,0.0,20.0,0.0,1.0,1.0,1.0,18.1,1,1,1,1,11100,12059,4731,9917,1840,1,19144,1,11929,8004,17214,4972,12373,13090,1.0,25:42,2015,2016
2015-16,201965,Jeff Ayres,Jeff,1610612746,LAC,LA Clippers,21501216,2016-04-12T00:00:00,LAC vs. MEM,W,5.3,0.0,0.0,0.0,0.0,0.0,2.0,0.0,6.0,0.0,0.0,2.0,1.0,2.7,1,1,1,1,24241,12059,10158,9917,18861,1,3734,1,22724,8004,1,11390,12373,23884,1.0,5:20,2015,2016
2015-16,203085,Austin Rivers,Austin,1610612746,LAC,LA Clippers,21501216,2016-04-12T00:00:00,LAC vs. MEM,W,26.3,0.0,0.0,5.0,2.0,10.0,15.0,4.0,30.0,0.0,0.0,2.0,3.0,17.2,1,1,1,1,10581,12059,10158,1277,12984,17370,24781,8806,4541,8004,1,11390,4736,13725,1.0,26:19,2015,2016
2015-16,203085,Austin Rivers,Austin,1610612746,LAC,LA Clippers,21501196,2016-04-10T00:00:00,LAC vs. DAL,W,12.6,0.0,0.0,0.0,0.0,3.0,4.0,7.0,16.0,0.0,2.0,2.0,0.0,2.0,1,1,1,1,21189,12059,10158,9917,18861,5109,8458,15538,15259,8004,23588,11390,18762,24216,1.0,12:39,2015,2016
2015-16,203912,C.J. Wilcox,C.J.,1610612746,LAC,LA Clippers,21501196,2016-04-10T00:00:00,LAC vs. DAL,W,0.9,0.0,0.0,0.0,0.0,0.0,0.0,0.0,0.0,0.0,0.0,0.0,0.0,1.2,1,1,1,1,25888,12059,10158,9917,18861,1,1,1,25429,8004,1,1,18762,24661,1.0,0:55,2015,2016
2015-16,201965,Jeff Ayres,Jeff,1610612746,LAC,LA Clippers,21501196,2016-04-10T00:00:00,LAC vs. DAL,W,0.9,0.0,0.0,0.0,0.0,0.0,0.0,0.0,0.0,0.0,0.0,0.0,0.0,0.0,1,1,1,1,25888,12059,10158,9917,18861,1,1,1,25429,8004,1,1,18762,25170,1.0,0:55,2015,2016
2015-16,202325,Wesley Johnson,Wesley,1610612746,LAC,LA Clippers,21501196,2016-04-10T00:00:00,LAC vs. DAL,W,16.0,0.0,0.0,0.0,0.0,3.0,4.0,7.0,12.0,1.0,0.0,2.0,0.0,7.2,1,1,1,1,19035,12059,10158,9917,18861,5109,8458,15538,18637,2692,1,11390,18762,21035,1.0,16:00,2015,2016
2015-16,200755,JJ Redick,JJ,1610612746,LAC,LA Clippers,21501196,2016-04-10T00:00:00,LAC vs. DAL,W,30.6,2.0,6.0,2.0,2.0,0.0,4.0,7.0,12.0,1.0,1.0,0.0,1.0,24.7,1,1,1,1,7004,6026,481,4675,12984,1,8458,15538,18637,2692,17214,1,12373,8673,1.0,30:38,2015,2016
2015-16,201145,Jeff Green,Jeff,1610612746,LAC,LA Clippers,21501196,2016-04-10T00:00:00,LAC vs. DAL,W,19.6,4.0,0.0,7.0,6.0,5.0,4.0,7.0,16.0,1.0,1.0,0.0,1.0,27.2,1,1,1,1,16278,2460,10158,454,5299,8403,8458,15538,15259,2692,17214,1,12373,7289,1.0,19:33,2015,2016
2015-16,201933,Blake Griffin,Blake,1610612746,LAC,LA Clippers,21501196,2016-04-10T00:00:00,LAC vs. DAL,W,33.3,2.0,0.0,1.0,12.0,5.0,8.0,10.0,18.0,0.0,1.0,5.0,5.0,42.7,1,1,1,1,4894,6026,10158,9347,988,8403,17345,20169,13577,8004,17214,24686,1539,1800,1.0,33:18,2015,2016
2015-16,2037,Jamal Crawford,Jamal,1610612746,LAC,LA Clippers,21501196,2016-04-10T00:00:00,LAC vs. DAL,W,26.4,3.0,3.0,5.0,4.0,5.0,6.0,7.0,20.0,0.0,0.0,1.0,3.0,27.2,1,1,1,1,10500,4307,3104,1277,8599,8403,13237,15538,11929,8004,1,4972,4736,7289,1.0,26:27,2015,2016
2015-16,201599,DeAndre Jordan,DeAndre,1610612746,LAC,LA Clippers,21501196,2016-04-10T00:00:00,LAC vs. DAL,W,32.0,0.0,0.0,1.0,8.0,2.0,4.0,9.0,16.0,1.0,0.0,2.0,16.0,28.0,1,1,1,1,5866,12059,10158,9347,3109,2619,8458,18829,15259,2692,1,11390,5,6864,1.0,32:01,2015,2016
2015-16,101108,Chris Paul,Chris,1610612746,LAC,LA Clippers,21501196,2016-04-10T00:00:00,LAC vs. DAL,W,35.2,2.0,0.0,2.0,2.0,2.0,4.0,7.0,12.0,0.0,0.0,2.0,2.0,32.9,1,1,1,1,3357,6026,10158,4675,12984,2619,8458,15538,18637,8004,1,11390,7786,4566,1.0,35:14,2015,2016
2015-16,202332,Cole Aldrich,Cole,1610612746,LAC,LA Clippers,21501196,2016-04-10T00:00:00,LAC vs. DAL,W,10.1,2.0,0.0,0.0,4.0,0.0,0.0,2.0,6.0,1.0,0.0,2.0,0.0,18.1,1,1,1,1,22412,6026,10158,9917,8599,1,1,4025,22724,2692,1,11390,18762,13090,1.0,10:04,2015,2016
2015-16,203143,Pablo Prigioni,Pablo,1610612746,LAC,LA Clippers,21501196,2016-04-10T00:00:00,LAC vs. DAL,W,8.9,0.0,0.0,0.0,0.0,0.0,0.0,5.0,4.0,0.0,0.0,2.0,0.0,3.0,1,1,1,1,22890,12059,10158,9917,18861,1,1,11593,23698,8004,1,11390,18762,23648,1.0,8:53,2015,2016
2015-16,201601,Luc Mbah a Moute,Luc,1610612746,LAC,LA Clippers,21501196,2016-04-10T00:00:00,LAC vs. DAL,W,13.4,0.0,0.0,0.0,2.0,0.0,2.0,2.0,8.0,1.0,0.0,2.0,1.0,12.7,1,1,1,1,20739,12059,10158,9917,12984,1,3734,4025,21543,2692,1,11390,12373,17201,1.0,13:25,2015,2016
2015-16,201145,Jeff Green,Jeff,1610612746,LAC,LA Clippers,21501187,2016-04-08T00:00:00,LAC @ UTA,W,35.9,6.0,3.0,0.0,6.0,9.0,6.0,12.0,28.0,1.0,2.0,2.0,1.0,27.8,1,1,1,1,2833,878,3104,9917,5299,15771,13237,22259,5824,2692,23588,11390,12373,6950,1.0,35:54,2015,2016
2015-16,1718,Paul Pierce,Paul,1610612746,LAC,LA Clippers,21501187,2016-04-08T00:00:00,LAC @ UTA,W,32.5,5.0,0.0,0.0,6.0,7.0,11.0,12.0,28.0,0.0,1.0,0.0,2.0,27.4,1,1,1,1,5498,1603,10158,9917,5299,12242,21814,22259,5824,8004,17214,1,7786,7179,1.0,32:31,2015,2016
2015-16,202332,Cole Aldrich,Cole,1610612746,LAC,LA Clippers,21501187,2016-04-08T00:00:00,LAC @ UTA,W,39.7,2.0,4.0,0.0,20.0,4.0,9.0,5.0,24.0,1.0,1.0,4.0,2.0,61.6,1,1,1,1,811,6026,1596,9917,59,6141,19144,11593,8723,2692,17214,22104,7786,159,1.0,39:44,2015,2016
2015-16,2037,Jamal Crawford,Jamal,1610612746,LAC,LA Clippers,21501187,2016-04-08T00:00:00,LAC @ UTA,W,48.8,10.0,2.0,5.0,4.0,9.0,15.0,12.0,40.0,1.0,0.0,3.0,6.0,47.0,1,1,1,1,18,99,4731,1277,8599,15771,24781,22259,983,2692,1,17641,873,1078,1.0,48:45,2015,2016
2015-16,201965,Jeff Ayres,Jeff,1610612746,LAC,LA Clippers,21501187,2016-04-08T00:00:00,LAC @ UTA,W,12.8,0.0,0.0,0.0,0.0,5.0,6.0,7.0,18.0,0.0,0.0,2.0,0.0,1.4,1,1,1,1,21090,12059,10158,9917,18861,8403,13237,15538,13577,8004,1,11390,18762,24615,1.0,12:47,2015,2016
2015-16,201601,Luc Mbah a Moute,Luc,1610612746,LAC,LA Clippers,21501187,2016-04-08T00:00:00,LAC @ UTA,W,33.3,0.0,0.0,0.0,0.0,2.0,9.0,0.0,24.0,0.0,1.0,2.0,0.0,11.1,1,1,1,1,4897,12059,10158,9917,18861,2619,19144,1,8723,8004,17214,11390,18762,18370,1.0,33:17,2015,2016
2015-16,1626183,Branden Dawson,Branden,1610612746,LAC,LA Clippers,21501187,2016-04-08T00:00:00,LAC @ UTA,W,2.2,0.0,0.0,0.0,0.0,0.0,4.0,0.0,4.0,0.0,0.0,0.0,0.0,0.0,1,1,1,1,25445,12059,10158,9917,18861,1,8458,1,23698,8004,1,1,18762,25170,1.0,2:13,2015,2016
2015-16,203912,C.J. Wilcox,C.J.,1610612746,LAC,LA Clippers,21501187,2016-04-08T00:00:00,LAC @ UTA,W,18.1,0.0,2.0,0.0,0.0,5.0,6.0,7.0,18.0,0.0,0.0,2.0,3.0,8.6,1,1,1,1,17440,12059,4731,9917,18861,8403,13237,15538,13577,8004,1,11390,4736,20125,1.0,18:06,2015,2016
2015-16,203143,Pablo Prigioni,Pablo,1610612746,LAC,LA Clippers,21501187,2016-04-08T00:00:00,LAC @ UTA,W,41.7,2.0,6.0,2.0,4.0,4.0,9.0,5.0,26.0,0.0,1.0,5.0,1.0,30.9,1,1,1,1,356,6026,481,4675,8599,6141,19144,11593,7214,8004,17214,24686,12373,5452,1.0,41:43,2015,2016
2015-16,201965,Jeff Ayres,Jeff,1610612746,LAC,LA Clippers,21501172,2016-04-06T00:00:00,LAC @ LAL,W,12.6,2.0,0.0,0.0,0.0,2.0,2.0,4.0,12.0,0.0,0.0,1.0,0.0,4.4,1,1,1,1,21229,6026,10158,9917,18861,2619,3734,8806,18637,8004,1,4972,18762,22837,1.0,12:35,2015,2016
2015-16,200755,JJ Redick,JJ,1610612746,LAC,LA Clippers,21501172,2016-04-06T00:00:00,LAC @ LAL,W,22.6,0.0,0.0,5.0,2.0,6.0,9.0,4.0,18.0,0.0,0.0,1.0,1.0,20.6,1,1,1,1,13661,12059,10158,1277,12984,10028,19144,8806,13577,8004,1,4972,12373,11314,1.0,22:38,2015,2016
2015-16,201933,Blake Griffin,Blake,1610612746,LAC,LA Clippers,21501172,2016-04-06T00:00:00,LAC @ LAL,W,24.8,2.0,4.0,6.0,6.0,6.0,9.0,4.0,20.0,0.0,0.0,0.0,3.0,29.1,1,1,1,1,11828,6026,1596,740,5299,10028,19144,8806,11929,8004,1,1,4736,6285,1.0,24:48,2015,2016
2015-16,101108,Chris Paul,Chris,1610612746,LAC,LA Clippers,21501172,2016-04-06T00:00:00,LAC @ LAL,W,24.4,2.0,0.0,0.0,4.0,6.0,9.0,4.0,18.0,0.0,0.0,2.0,2.0,30.0,1,1,1,1,12177,6026,10158,9917,8599,10028,19144,8806,13577,8004,1,11390,7786,5840,1.0,24:26,2015,2016
2015-16,201599,DeAndre Jordan,DeAndre,1610612746,LAC,LA Clippers,21501172,2016-04-06T00:00:00,LAC @ LAL,W,27.2,0.0,4.0,2.0,14.0,7.0,13.0,5.0,24.0,4.0,1.0,2.0,4.0,38.2,1,1,1,1,9862,12059,1596,4675,542,12242,23668,11593,8723,132,17214,11390,2748,2854,1.0,27:11,2015,2016
2015-16,202332,Cole Aldrich,Cole,1610612746,LAC,LA Clippers,21501172,2016-04-06T00:00:00,LAC @ LAL,W,17.8,0.0,3.0,0.0,4.0,2.0,2.0,3.0,18.0,2.0,0.0,1.0,2.0,32.0,1,1,1,1,17684,12059,3104,9917,8599,2619,3734,7328,13577,932,1,4972,7786,4945,1.0,17:47,2015,2016
2015-16,1718,Paul Pierce,Paul,1610612746,LAC,LA Clippers,21501172,2016-04-06T00:00:00,LAC @ LAL,W,20.2,2.0,3.0,0.0,0.0,1.0,4.0,2.0,16.0,0.0,0.0,3.0,1.0,10.2,1,1,1,1,15764,6026,3104,9917,18861,2356,8458,4025,15259,8004,1,17641,12373,19003,1.0,20:10,2015,2016
2015-16,203912,C.J. Wilcox,C.J.,1610612746,LAC,LA Clippers,21501172,2016-04-06T00:00:00,LAC @ LAL,W,25.1,0.0,0.0,0.0,0.0,3.0,6.0,5.0,24.0,0.0,0.0,1.0,1.0,19.2,1,1,1,1,11590,12059,10158,9917,18861,5109,13237,11593,8723,8004,1,4972,12373,12284,1.0,25:07,2015,2016
2015-16,203143,Pablo Prigioni,Pablo,1610612746,LAC,LA Clippers,21501172,2016-04-06T00:00:00,LAC @ LAL,W,24.1,0.0,0.0,0.0,4.0,3.0,6.0,5.0,24.0,0.0,0.0,3.0,0.0,14.8,1,1,1,1,12442,12059,10158,9917,8599,5109,13237,11593,8723,8004,1,17641,18762,15561,1.0,24:07,2015,2016
2015-16,201601,Luc Mbah a Moute,Luc,1610612746,LAC,LA Clippers,21501172,2016-04-06T00:00:00,LAC @ LAL,W,20.9,0.0,0.0,2.0,2.0,6.0,9.0,4.0,18.0,0.0,0.0,3.0,0.0,11.2,1,1,1,1,15124,12059,10158,4675,12984,10028,19144,8806,13577,8004,1,17641,18762,18267,1.0,20:55,2015,2016
2015-16,201145,Jeff Green,Jeff,1610612746,LAC,LA Clippers,21501172,2016-04-06T00:00:00,LAC @ LAL,W,14.2,3.0,0.0,1.0,2.0,1.0,4.0,1.0,12.0,0.0,0.0,0.0,2.0,11.4,1,1,1,1,20284,4307,10158,9347,12984,2356,8458,3646,18637,8004,1,1,7786,18134,1.0,14:12,2015,2016
2015-16,1626183,Branden Dawson,Branden,1610612746,LAC,LA Clippers,21501172,2016-04-06T00:00:00,LAC @ LAL,W,6.1,0.0,0.0,0.0,0.0,2.0,2.0,4.0,6.0,0.0,0.0,0.0,0.0,1.2,1,1,1,1,23933,12059,10158,9917,18861,2619,3734,8806,22724,8004,1,1,18762,24661,1.0,6:04,2015,2016
2015-16,2037,Jamal Crawford,Jamal,1610612746,LAC,LA Clippers,21501164,2016-04-05T00:00:00,LAC vs. LAL,W,18.2,0.0,0.0,0.0,2.0,10.0,2.0,11.0,16.0,0.0,0.0,2.0,3.0,5.5,1,1,1,1,17388,12059,10158,9917,12984,17370,3734,21342,15259,8004,1,11390,4736,22196,1.0,18:09,2015,2016
2015-16,201933,Blake Griffin,Blake,1610612746,LAC,LA Clippers,21501164,2016-04-05T00:00:00,LAC vs. LAL,W,16.8,2.0,0.0,2.0,2.0,2.0,0.0,5.0,2.0,0.0,0.0,0.0,2.0,11.1,1,1,1,1,18417,6026,10158,4675,12984,2619,1,11593,24614,8004,1,1,7786,18370,1.0,16:48,2015,2016
2015-16,203912,C.J. Wilcox,C.J.,1610612746,LAC,LA Clippers,21501164,2016-04-05T00:00:00,LAC vs. LAL,W,7.1,2.0,0.0,2.0,2.0,1.0,5.0,2.0,2.0,0.0,0.0,1.0,1.0,7.0,1,1,1,1,23525,6026,10158,4675,12984,2356,11469,4025,24614,8004,1,4972,12373,21188,1.0,7:06,2015,2016
2015-16,101108,Chris Paul,Chris,1610612746,LAC,LA Clippers,21501164,2016-04-05T00:00:00,LAC vs. LAL,W,23.1,4.0,0.0,10.0,10.0,0.0,6.0,5.0,8.0,1.0,0.0,1.0,3.0,50.8,1,1,1,1,13305,2460,10158,118,1840,1,13237,11593,21543,2692,1,4972,4736,671,1.0,23:05,2015,2016
2015-16,201599,DeAndre Jordan,DeAndre,1610612746,LAC,LA Clippers,21501164,2016-04-05T00:00:00,LAC vs. LAL,W,29.0,0.0,0.0,0.0,6.0,6.0,6.0,12.0,14.0,0.0,1.0,2.0,3.0,27.3,1,1,1,1,8390,12059,10158,9917,5299,10028,13237,22259,17019,8004,17214,11390,4736,7236,1.0,28:59,2015,2016
2015-16,201601,Luc Mbah a Moute,Luc,1610612746,LAC,LA Clippers,21501164,2016-04-05T00:00:00,LAC vs. LAL,W,21.4,2.0,2.0,2.0,2.0,0.0,6.0,3.0,8.0,0.0,0.0,0.0,1.0,12.1,1,1,1,1,14690,6026,4731,4675,12984,1,13237,7328,21543,8004,1,1,12373,17639,1.0,21:24,2015,2016
2015-16,201145,Jeff Green,Jeff,1610612746,LAC,LA Clippers,21501164,2016-04-05T00:00:00,LAC vs. LAL,W,31.4,2.0,0.0,0.0,6.0,11.0,11.0,13.0,28.0,1.0,1.0,4.0,5.0,32.6,1,1,1,1,6418,6026,10158,9917,5299,18886,21814,23048,5824,2692,17214,22104,1539,4687,1.0,31:21,2015,2016
2015-16,203085,Austin Rivers,Austin,1610612746,LAC,LA Clippers,21501164,2016-04-05T00:00:00,LAC vs. LAL,W,17.8,0.0,0.0,2.0,2.0,10.0,2.0,9.0,18.0,0.0,1.0,0.0,3.0,13.9,1,1,1,1,17652,12059,10158,4675,12984,17370,3734,18829,13577,8004,17214,1,4736,16232,1.0,17:49,2015,2016
2015-16,201965,Jeff Ayres,Jeff,1610612746,LAC,LA Clippers,21501164,2016-04-05T00:00:00,LAC vs. LAL,W,6.9,2.0,2.0,0.0,2.0,1.0,5.0,2.0,2.0,0.0,0.0,0.0,0.0,8.3,1,1,1,1,23589,6026,4731,9917,12984,2356,11469,4025,24614,8004,1,1,18762,20376,1.0,6:55,2015,2016
2015-16,203143,Pablo Prigioni,Pablo,1610612746,LAC,LA Clippers,21501164,2016-04-05T00:00:00,LAC vs. LAL,W,8.5,0.0,0.0,2.0,2.0,1.0,5.0,2.0,4.0,0.0,0.0,0.0,0.0,8.0,1,1,1,1,23037,12059,10158,4675,12984,2356,11469,4025,23698,8004,1,1,18762,20564,1.0,8:27,2015,2016
2015-16,202325,Wesley Johnson,Wesley,1610612746,LAC,LA Clippers,21501164,2016-04-05T00:00:00,LAC vs. LAL,W,19.5,0.0,0.0,3.0,0.0,8.0,4.0,9.0,16.0,1.0,0.0,1.0,0.0,18.9,1,1,1,1,16306,12059,10158,3302,18861,13914,8458,18829,15259,2692,1,4972,18762,12513,1.0,19:31,2015,2016
2015-16,202332,Cole Aldrich,Cole,1610612746,LAC,LA Clippers,21501164,2016-04-05T00:00:00,LAC vs. LAL,W,18.6,0.0,0.0,0.0,6.0,5.0,7.0,4.0,14.0,1.0,0.0,4.0,1.0,19.1,1,1,1,1,16991,12059,10158,9917,5299,8403,15642,8806,17019,2692,1,22104,12373,12372,1.0,18:38,2015,2016
2015-16,200755,JJ Redick,JJ,1610612746,LAC,LA Clippers,21501164,2016-04-05T00:00:00,LAC vs. LAL,W,21.8,4.0,2.0,5.0,4.0,0.0,6.0,3.0,8.0,0.0,0.0,2.0,1.0,14.6,1,1,1,1,14331,2460,4731,1277,8599,1,13237,7328,21543,8004,1,11390,12373,15699,1.0,21:48,2015,2016
2015-16,202332,Cole Aldrich,Cole,1610612746,LAC,LA Clippers,21501147,2016-04-03T00:00:00,LAC vs. WAS,W,10.2,2.0,0.0,0.0,6.0,10.0,4.0,4.0,14.0,0.0,0.0,4.0,1.0,14.4,1,1,1,1,22369,6026,10158,9917,5299,17370,8458,8806,17019,8004,1,22104,12373,15857,1.0,10:10,2015,2016
2015-16,201145,Jeff Green,Jeff,1610612746,LAC,LA Clippers,21501147,2016-04-03T00:00:00,LAC vs. WAS,W,14.8,2.0,0.0,0.0,2.0,8.0,5.0,9.0,18.0,0.0,1.0,0.0,1.0,1.0,1,1,1,1,19873,6026,10158,9917,12984,13914,11469,18829,13577,8004,17214,1,12373,24960,1.0,14:50,2015,2016
2015-16,101108,Chris Paul,Chris,1610612746,LAC,LA Clippers,21501147,2016-04-03T00:00:00,LAC vs. WAS,W,32.7,1.0,4.0,0.0,8.0,3.0,16.0,11.0,28.0,0.0,0.0,2.0,7.0,49.6,1,1,1,1,5347,11535,1596,9917,3109,5109,25155,21342,5824,8004,1,11390,469,798,1.0,32:41,2015,2016
2015-16,203085,Austin Rivers,Austin,1610612746,LAC,LA Clippers,21501147,2016-04-03T00:00:00,LAC vs. WAS,W,18.4,2.0,4.0,0.0,4.0,10.0,12.0,6.0,22.0,0.0,0.0,0.0,2.0,26.8,1,1,1,1,17160,6026,1596,9917,8599,17370,22832,13388,10265,8004,1,1,7786,7486,1.0,18:26,2015,2016
2015-16,2037,Jamal Crawford,Jamal,1610612746,LAC,LA Clippers,21501147,2016-04-03T00:00:00,LAC vs. WAS,W,25.1,2.0,0.0,2.0,4.0,11.0,11.0,10.0,30.0,0.0,0.0,2.0,2.0,30.8,1,1,1,1,11606,6026,10158,4675,8599,18886,21814,20169,4541,8004,1,11390,7786,5493,1.0,25:05,2015,2016
2015-16,201599,DeAndre Jordan,DeAndre,1610612746,LAC,LA Clippers,21501147,2016-04-03T00:00:00,LAC vs. WAS,W,35.1,0.0,3.0,0.0,10.0,1.0,17.0,8.0,30.0,3.0,0.0,3.0,8.0,41.9,1,1,1,1,3473,12059,3104,9917,1840,2356,25429,17194,4541,347,1,17641,254,1958,1.0,35:05,2015,2016
2015-16,200755,JJ Redick,JJ,1610612746,LAC,LA Clippers,21501147,2016-04-03T00:00:00,LAC vs. WAS,W,30.1,2.0,2.0,3.0,0.0,3.0,13.0,11.0,26.0,0.0,0.0,0.0,2.0,21.6,1,1,1,1,7462,6026,4731,3302,18861,5109,23668,21342,7214,8004,1,1,7786,10666,1.0,30:06,2015,2016
2015-16,202325,Wesley Johnson,Wesley,1610612746,LAC,LA Clippers,21501147,2016-04-03T00:00:00,LAC vs. WAS,W,25.2,2.0,0.0,0.0,2.0,9.0,10.0,13.0,28.0,1.0,0.0,2.0,0.0,18.2,1,1,1,1,11497,6026,10158,9917,12984,15771,20509,23048,5824,2692,1,11390,18762,13004,1.0,25:14,2015,2016
2015-16,201601,Luc Mbah a Moute,Luc,1610612746,LAC,LA Clippers,21501147,2016-04-03T00:00:00,LAC vs. WAS,W,23.8,2.0,0.0,2.0,6.0,0.0,10.0,7.0,20.0,0.0,0.0,2.0,3.0,14.0,1,1,1,1,12712,6026,10158,4675,5299,1,20509,15538,11929,8004,1,11390,4736,16166,1.0,23:51,2015,2016
2015-16,201933,Blake Griffin,Blake,1610612746,LAC,LA Clippers,21501147,2016-04-03T00:00:00,LAC vs. WAS,W,24.5,0.0,0.0,4.0,4.0,0.0,7.0,6.0,14.0,0.0,0.0,2.0,3.0,17.0,1,1,1,1,12080,12059,10158,1913,8599,1,15642,13388,17019,8004,1,11390,4736,13855,1.0,24:32,2015,2016
2015-16,201965,Jeff Ayres,Jeff,1610612746,LAC,LA Clippers,21501126,2016-03-31T00:00:00,LAC @ OKC,L,17.5,0.0,0.0,0.0,0.0,10.0,10.0,4.0,18.0,0.0,0.0,3.0,1.0,4.2,1,13074,13074,13074,17934,12059,10158,9917,18861,17370,20509,8806,13577,8004,1,17641,12373,22976,1.0,17:27,2015,2016
2015-16,203912,C.J. Wilcox,C.J.,1610612746,LAC,LA Clippers,21501126,2016-03-31T00:00:00,LAC @ OKC,L,8.0,2.0,0.0,2.0,2.0,8.0,4.0,4.0,8.0,0.0,0.0,0.0,1.0,9.5,1,13074,13074,13074,23174,6026,10158,4675,12984,13914,8458,8806,21543,8004,1,1,12373,19519,1.0,8:01,2015,2016
2015-16,202332,Cole Aldrich,Cole,1610612746,LAC,LA Clippers,21501126,2016-03-31T00:00:00,LAC @ OKC,L,30.1,4.0,0.0,2.0,6.0,12.0,12.0,8.0,26.0,0.0,0.0,2.0,2.0,27.0,1,13074,13074,13074,7445,2460,10158,4675,5299,20178,22832,17194,7214,8004,1,11390,7786,7385,1.0,30:06,2015,2016
2015-16,202325,Wesley Johnson,Wesley,1610612746,LAC,LA Clippers,21501126,2016-03-31T00:00:00,LAC @ OKC,L,37.5,4.0,3.0,6.0,4.0,12.0,18.0,8.0,32.0,2.0,0.0,3.0,0.0,24.6,1,13074,13074,13074,1764,2460,3104,740,8599,20178,25634,17194,3535,932,1,17641,18762,8724,1.0,37:29,2015,2016
2015-16,2037,Jamal Crawford,Jamal,1610612746,LAC,LA Clippers,21501126,2016-03-31T00:00:00,LAC @ OKC,L,40.0,11.0,0.0,8.0,4.0,20.0,18.0,12.0,38.0,1.0,0.0,0.0,4.0,49.7,1,13074,13074,13074,744,55,10158,280,8599,25338,25634,22259,1422,2692,1,1,2748,789,1.0,39:57,2015,2016
2015-16,201145,Jeff Green,Jeff,1610612746,LAC,LA Clippers,21501126,2016-03-31T00:00:00,LAC @ OKC,L,34.8,0.0,5.0,3.0,12.0,16.0,17.0,6.0,32.0,1.0,0.0,2.0,4.0,24.6,1,13074,13074,13074,3732,12059,995,3302,988,23774,25429,13388,3535,2692,1,11390,2748,8724,1.0,34:46,2015,2016
2015-16,203085,Austin Rivers,Austin,1610612746,LAC,LA Clippers,21501126,2016-03-31T00:00:00,LAC @ OKC,L,39.2,0.0,0.0,1.0,10.0,16.0,16.0,8.0,38.0,0.0,1.0,4.0,1.0,48.3,1,13074,13074,13074,983,12059,10158,9347,1840,23774,25155,17194,1422,8004,17214,22104,12373,932,1.0,39:13,2015,2016
2015-16,203143,Pablo Prigioni,Pablo,1610612746,LAC,LA Clippers,21501126,2016-03-31T00:00:00,LAC @ OKC,L,19.7,0.0,0.0,0.0,0.0,10.0,10.0,4.0,16.0,0.0,0.0,2.0,0.0,13.8,1,13074,13074,13074,16131,12059,10158,9917,18861,17370,20509,8806,15259,8004,1,11390,18762,16311,1.0,19:44,2015,2016
2015-16,201601,Luc Mbah a Moute,Luc,1610612746,LAC,LA Clippers,21501126,2016-03-31T00:00:00,LAC @ OKC,L,13.3,3.0,0.0,0.0,2.0,6.0,5.0,6.0,12.0,0.0,0.0,1.0,0.0,6.5,1,13074,13074,13074,20817,4307,10158,9917,12984,10028,11469,13388,18637,8004,1,4972,18762,21519,1.0,13:17,2015,2016
2015-16,203085,Austin Rivers,Austin,1610612746,LAC,LA Clippers,21501116,2016-03-30T00:00:00,LAC @ MIN,W,14.5,5.0,0.0,0.0,4.0,2.0,9.0,2.0,12.0,0.0,0.0,3.0,0.0,11.2,1,1,1,1,20088,1603,10158,9917,8599,2619,19144,4025,18637,8004,1,17641,18762,18267,1.0,14:31,2015,2016
2015-16,203143,Pablo Prigioni,Pablo,1610612746,LAC,LA Clippers,21501116,2016-03-30T00:00:00,LAC @ MIN,W,17.5,0.0,0.0,0.0,0.0,2.0,9.0,6.0,18.0,0.0,0.0,0.0,1.0,6.2,1,1,1,1,17904,12059,10158,9917,18861,2619,19144,13388,13577,8004,1,1,12373,21696,1.0,17:29,2015,2016
2015-16,201965,Jeff Ayres,Jeff,1610612746,LAC,LA Clippers,21501116,2016-03-30T00:00:00,LAC @ MIN,W,6.3,0.0,0.0,0.0,2.0,0.0,0.0,4.0,6.0,0.0,0.0,2.0,0.0,3.2,1,1,1,1,23826,12059,10158,9917,12984,1,1,8806,22724,8004,1,11390,18762,23473,1.0,6:19,2015,2016
2015-16,101108,Chris Paul,Chris,1610612746,LAC,LA Clippers,21501116,2016-03-30T00:00:00,LAC @ MIN,W,30.5,2.0,0.0,7.0,6.0,3.0,4.0,0.0,12.0,0.0,1.0,1.0,5.0,54.6,1,1,1,1,7090,6026,10158,454,5299,5109,8458,1,18637,8004,17214,4972,1539,413,1.0,30:31,2015,2016
2015-16,201145,Jeff Green,Jeff,1610612746,LAC,LA Clippers,21501116,2016-03-30T00:00:00,LAC @ MIN,W,29.0,0.0,0.0,0.0,6.0,2.0,12.0,6.0,24.0,2.0,0.0,3.0,1.0,24.1,1,1,1,1,8373,12059,10158,9917,5299,2619,22832,13388,8723,932,1,17641,12373,9068,1.0,29:00,2015,2016
2015-16,201601,Luc Mbah a Moute,Luc,1610612746,LAC,LA Clippers,21501116,2016-03-30T00:00:00,LAC @ MIN,W,20.7,2.0,0.0,5.0,6.0,3.0,2.0,0.0,6.0,0.0,0.0,2.0,1.0,15.7,1,1,1,1,15332,6026,10158,1277,5299,5109,3734,1,22724,8004,1,11390,12373,14841,1.0,20:40,2015,2016
2015-16,202332,Cole Aldrich,Cole,1610612746,LAC,LA Clippers,21501116,2016-03-30T00:00:00,LAC @ MIN,W,11.9,0.0,0.0,0.0,2.0,2.0,9.0,2.0,12.0,2.0,0.0,0.0,1.0,15.6,1,1,1,1,21662,12059,10158,9917,12984,2619,19144,4025,18637,932,1,1,12373,14916,1.0,11:51,2015,2016
2015-16,2037,Jamal Crawford,Jamal,1610612746,LAC,LA Clippers,21501116,2016-03-30T00:00:00,LAC @ MIN,W,17.9,0.0,0.0,0.0,4.0,2.0,9.0,0.0,16.0,0.0,0.0,0.0,1.0,19.9,1,1,1,1,17627,12059,10158,9917,8599,2619,19144,1,15259,8004,1,1,12373,11824,1.0,17:52,2015,2016
2015-16,200755,JJ Redick,JJ,1610612746,LAC,LA Clippers,21501116,2016-03-30T00:00:00,LAC @ MIN,W,27.0,4.0,0.0,2.0,2.0,3.0,4.0,0.0,12.0,0.0,0.0,0.0,0.0,28.1,1,1,1,1,10013,2460,10158,4675,12984,5109,8458,1,18637,8004,1,1,18762,6818,1.0,27:00,2015,2016
2015-16,201599,DeAndre Jordan,DeAndre,1610612746,LAC,LA Clippers,21501116,2016-03-30T00:00:00,LAC @ MIN,W,29.5,4.0,0.0,3.0,10.0,3.0,4.0,0.0,12.0,3.0,0.0,1.0,4.0,28.6,1,1,1,1,7942,2460,10158,3302,1840,5109,8458,1,18637,347,1,4972,2748,6560,1.0,29:32,2015,2016
2015-16,202325,Wesley Johnson,Wesley,1610612746,LAC,LA Clippers,21501116,2016-03-30T00:00:00,LAC @ MIN,W,28.2,2.0,0.0,2.0,2.0,3.0,3.0,4.0,14.0,2.0,0.0,3.0,1.0,21.0,1,1,1,1,9076,6026,10158,4675,12984,5109,7138,8806,17019,932,1,17641,12373,11077,1.0,28:12,2015,2016
2015-16,203912,C.J. Wilcox,C.J.,1610612746,LAC,LA Clippers,21501116,2016-03-30T00:00:00,LAC @ MIN,W,7.0,0.0,0.0,0.0,0.0,0.0,0.0,6.0,6.0,0.0,0.0,2.0,0.0,3.0,1,1,1,1,23553,12059,10158,9917,18861,1,1,13388,22724,8004,1,11390,18762,23648,1.0,7:02,2015,2016
2015-16,1718,Paul Pierce,Paul,1610612746,LAC,LA Clippers,21501106,2016-03-28T00:00:00,LAC vs. BOS,W,11.6,2.0,0.0,0.0,4.0,3.0,4.0,2.0,10.0,0.0,0.0,2.0,0.0,17.6,1,1,1,1,21789,6026,10158,9917,8599,5109,8458,4025,20209,8004,1,11390,18762,13443,1.0,11:34,2015,2016
2015-16,203085,Austin Rivers,Austin,1610612746,LAC,LA Clippers,21501106,2016-03-28T00:00:00,LAC vs. BOS,W,29.8,2.0,3.0,2.0,6.0,17.0,8.0,4.0,24.0,0.0,2.0,3.0,2.0,25.4,1,1,1,1,7761,6026,3104,4675,5299,24337,17345,8806,8723,8004,23588,17641,7786,8273,1.0,29:45,2015,2016
2015-16,201599,DeAndre Jordan,DeAndre,1610612746,LAC,LA Clippers,21501106,2016-03-28T00:00:00,LAC vs. BOS,W,28.8,2.0,4.0,2.0,10.0,11.0,8.0,9.0,18.0,3.0,0.0,2.0,5.0,44.6,1,1,1,1,8529,6026,1596,4675,1840,18886,17345,18829,13577,347,1,11390,1539,1438,1.0,28:49,2015,2016
2015-16,101108,Chris Paul,Chris,1610612746,LAC,LA Clippers,21501106,2016-03-28T00:00:00,LAC vs. BOS,W,26.3,0.0,0.0,0.0,2.0,10.0,8.0,9.0,18.0,0.0,2.0,2.0,5.0,43.8,1,1,1,1,10581,12059,10158,9917,12984,17370,17345,18829,13577,8004,23588,11390,1539,1587,1.0,26:19,2015,2016
2015-16,201601,Luc Mbah a Moute,Luc,1610612746,LAC,LA Clippers,21501106,2016-03-28T00:00:00,LAC vs. BOS,W,16.7,0.0,0.0,0.0,0.0,7.0,4.0,7.0,10.0,0.0,0.0,0.0,0.0,6.2,1,1,1,1,18484,12059,10158,9917,18861,12242,8458,15538,20209,8004,1,1,18762,21696,1.0,16:44,2015,2016
2015-16,203912,C.J. Wilcox,C.J.,1610612746,LAC,LA Clippers,21501106,2016-03-28T00:00:00,LAC vs. BOS,W,5.2,2.0,0.0,2.0,2.0,2.0,2.0,0.0,6.0,0.0,0.0,1.0,0.0,6.5,1,1,1,1,24278,6026,10158,4675,12984,2619,3734,1,22724,8004,1,4972,18762,21519,1.0,5:14,2015,2016
2015-16,201965,Jeff Ayres,Jeff,1610612746,LAC,LA Clippers,21501106,2016-03-28T00:00:00,LAC vs. BOS,W,5.2,0.0,0.0,0.0,0.0,2.0,2.0,0.0,6.0,0.0,0.0,3.0,0.0,4.2,1,1,1,1,24278,12059,10158,9917,18861,2619,3734,1,22724,8004,1,17641,18762,22976,1.0,5:14,2015,2016
2015-16,203143,Pablo Prigioni,Pablo,1610612746,LAC,LA Clippers,21501106,2016-03-28T00:00:00,LAC vs. BOS,W,13.3,0.0,0.0,0.0,0.0,7.0,4.0,2.0,12.0,0.0,0.0,0.0,1.0,16.5,1,1,1,1,20825,12059,10158,9917,18861,12242,8458,4025,18637,8004,1,1,12373,14224,1.0,13:16,2015,2016
2015-16,200755,JJ Redick,JJ,1610612746,LAC,LA Clippers,21501106,2016-03-28T00:00:00,LAC vs. BOS,W,17.9,2.0,2.0,0.0,4.0,2.0,4.0,4.0,10.0,0.0,0.0,3.0,0.0,15.9,1,1,1,1,17579,6026,4731,9917,8599,2619,8458,8806,20209,8004,1,17641,18762,14675,1.0,17:55,2015,2016
2015-16,2037,Jamal Crawford,Jamal,1610612746,LAC,LA Clippers,21501106,2016-03-28T00:00:00,LAC vs. BOS,W,28.9,3.0,0.0,3.0,0.0,18.0,6.0,9.0,20.0,0.0,0.0,2.0,0.0,20.4,1,1,1,1,8488,4307,10158,3302,18861,24749,13237,18829,11929,8004,1,11390,18762,11453,1.0,28:51,2015,2016
2015-16,202332,Cole Aldrich,Cole,1610612746,LAC,LA Clippers,21501106,2016-03-28T00:00:00,LAC vs. BOS,W,13.8,2.0,4.0,0.0,6.0,9.0,2.0,2.0,10.0,2.0,0.0,2.0,0.0,19.9,1,1,1,1,20560,6026,1596,9917,5299,15771,3734,4025,20209,932,1,11390,18762,11824,1.0,13:45,2015,2016
2015-16,202325,Wesley Johnson,Wesley,1610612746,LAC,LA Clippers,21501106,2016-03-28T00:00:00,LAC vs. BOS,W,16.3,0.0,0.0,6.0,2.0,8.0,2.0,5.0,6.0,0.0,0.0,2.0,1.0,15.2,1,1,1,1,18802,12059,10158,740,12984,13914,3734,11593,22724,8004,1,11390,12373,15219,1.0,16:19,2015,2016
2015-16,201145,Jeff Green,Jeff,1610612746,LAC,LA Clippers,21501106,2016-03-28T00:00:00,LAC vs. BOS,W,26.3,3.0,3.0,2.0,6.0,14.0,6.0,2.0,20.0,0.0,0.0,1.0,3.0,15.3,1,1,1,1,10643,4307,3104,4675,5299,22292,13237,4025,11929,8004,1,4972,4736,15150,1.0,26:15,2015,2016
2015-16,202325,Wesley Johnson,Wesley,1610612746,LAC,LA Clippers,21501092,2016-03-27T00:00:00,LAC vs. DEN,W,27.6,5.0,0.0,7.0,2.0,5.0,9.0,4.0,26.0,1.0,0.0,4.0,1.0,30.3,1,1,1,1,9507,1603,10158,454,12984,8403,19144,8806,7214,2692,1,22104,12373,5702,1.0,27:38,2015,2016
2015-16,1718,Paul Pierce,Paul,1610612746,LAC,LA Clippers,21501092,2016-03-27T00:00:00,LAC vs. DEN,W,14.6,0.0,0.0,2.0,2.0,10.0,7.0,4.0,10.0,1.0,0.0,2.0,0.0,12.1,1,1,1,1,20045,12059,10158,4675,12984,17370,15642,8806,20209,2692,1,11390,18762,17639,1.0,14:36,2015,2016
2015-16,200755,JJ Redick,JJ,1610612746,LAC,LA Clippers,21501092,2016-03-27T00:00:00,LAC vs. DEN,W,23.1,2.0,0.0,2.0,2.0,10.0,7.0,6.0,14.0,0.0,0.0,2.0,1.0,19.9,1,1,1,1,13305,6026,10158,4675,12984,17370,15642,13388,17019,8004,1,11390,12373,11824,1.0,23:05,2015,2016
2015-16,101108,Chris Paul,Chris,1610612746,LAC,LA Clippers,21501092,2016-03-27T00:00:00,LAC vs. DEN,W,25.9,4.0,0.0,6.0,2.0,10.0,7.0,6.0,14.0,1.0,0.0,1.0,3.0,38.7,1,1,1,1,10939,2460,10158,740,12984,17370,15642,13388,17019,2692,1,4972,4736,2717,1.0,25:53,2015,2016
2015-16,2037,Jamal Crawford,Jamal,1610612746,LAC,LA Clippers,21501092,2016-03-27T00:00:00,LAC vs. DEN,W,21.4,0.0,2.0,0.0,4.0,7.0,7.0,2.0,20.0,0.0,0.0,0.0,5.0,17.2,1,1,1,1,14677,12059,4731,9917,8599,12242,15642,4025,11929,8004,1,1,1539,13725,1.0,21:25,2015,2016
2015-16,202332,Cole Aldrich,Cole,1610612746,LAC,LA Clippers,21501092,2016-03-27T00:00:00,LAC vs. DEN,W,16.4,0.0,2.0,0.0,4.0,2.0,6.0,0.0,24.0,1.0,0.0,3.0,1.0,11.6,1,1,1,1,18759,12059,4731,9917,8599,2619,13237,1,8723,2692,1,17641,12373,17970,1.0,16:23,2015,2016
2015-16,201599,DeAndre Jordan,DeAndre,1610612746,LAC,LA Clippers,21501092,2016-03-27T00:00:00,LAC vs. DEN,W,29.2,1.0,9.0,2.0,14.0,15.0,10.0,8.0,18.0,6.0,0.0,2.0,2.0,57.2,1,1,1,1,8228,11535,77,4675,542,23079,20509,17194,13577,19,1,11390,7786,306,1.0,29:11,2015,2016
2015-16,201145,Jeff Green,Jeff,1610612746,LAC,LA Clippers,21501092,2016-03-27T00:00:00,LAC vs. DEN,W,29.4,4.0,4.0,4.0,12.0,11.0,12.0,4.0,34.0,1.0,2.0,3.0,2.0,29.2,1,1,1,1,8021,2460,1596,1913,988,18886,22832,8806,2701,2692,23588,17641,7786,6243,1.0,29:26,2015,2016
2015-16,203143,Pablo Prigioni,Pablo,1610612746,LAC,LA Clippers,21501092,2016-03-27T00:00:00,LAC vs. DEN,W,10.3,0.0,0.0,0.0,0.0,2.0,6.0,0.0,22.0,0.0,0.0,1.0,0.0,14.7,1,1,1,1,22324,12059,10158,9917,18861,2619,13237,1,10265,8004,1,4972,18762,15631,1.0,10:17,2015,2016
2015-16,203085,Austin Rivers,Austin,1610612746,LAC,LA Clippers,21501092,2016-03-27T00:00:00,LAC vs. DEN,W,22.2,5.0,3.0,0.0,4.0,7.0,11.0,2.0,32.0,0.0,2.0,1.0,4.0,10.0,1,1,1,1,13978,1603,3104,9917,8599,12242,21814,4025,3535,8004,23588,4972,2748,19178,1.0,22:14,2015,2016
2015-16,201601,Luc Mbah a Moute,Luc,1610612746,LAC,LA Clippers,21501092,2016-03-27T00:00:00,LAC vs. DEN,W,17.5,0.0,0.0,2.0,2.0,6.0,6.0,4.0,12.0,0.0,1.0,0.0,0.0,10.9,1,1,1,1,17867,12059,10158,4675,12984,10028,13237,8806,18637,8004,17214,1,18762,18498,1.0,17:33,2015,2016
2015-16,201965,Jeff Ayres,Jeff,1610612746,LAC,LA Clippers,21501092,2016-03-27T00:00:00,LAC vs. DEN,W,2.3,0.0,0.0,0.0,0.0,0.0,2.0,0.0,4.0,0.0,0.0,0.0,0.0,0.0,1,1,1,1,25407,12059,10158,9917,18861,1,3734,1,23698,8004,1,1,18762,25170,1.0,2:19,2015,2016
2015-16,202325,Wesley Johnson,Wesley,1610612746,LAC,LA Clippers,21501072,2016-03-24T00:00:00,LAC vs. POR,W,14.2,2.0,2.0,2.0,2.0,8.0,2.0,1.0,6.0,0.0,0.0,4.0,1.0,10.3,1,1,1,1,20269,6026,4731,4675,12984,13914,3734,3646,22724,8004,1,22104,12373,18965,1.0,14:13,2015,2016
2015-16,203085,Austin Rivers,Austin,1610612746,LAC,LA Clippers,21501072,2016-03-24T00:00:00,LAC vs. POR,W,24.8,0.0,2.0,2.0,4.0,8.0,12.0,6.0,20.0,0.0,0.0,1.0,1.0,10.6,1,1,1,1,11858,12059,4731,4675,8599,13914,22832,13388,11929,8004,1,4972,12373,18723,1.0,24:47,2015,2016
2015-16,201601,Luc Mbah a Moute,Luc,1610612746,LAC,LA Clippers,21501072,2016-03-24T00:00:00,LAC vs. POR,W,14.3,0.0,0.0,0.0,2.0,7.0,3.0,9.0,10.0,0.0,2.0,2.0,0.0,4.4,1,1,1,1,20209,12059,10158,9917,12984,12242,7138,18829,20209,8004,23588,11390,18762,22837,1.0,14:20,2015,2016
2015-16,203143,Pablo Prigioni,Pablo,1610612746,LAC,LA Clippers,21501072,2016-03-24T00:00:00,LAC vs. POR,W,9.2,0.0,0.0,0.0,0.0,4.0,5.0,6.0,10.0,0.0,0.0,2.0,0.0,3.9,1,1,1,1,22780,12059,10158,9917,18861,6141,11469,13388,20209,8004,1,11390,18762,23225,1.0,9:10,2015,2016
2015-16,101108,Chris Paul,Chris,1610612746,LAC,LA Clippers,21501072,2016-03-24T00:00:00,LAC vs. POR,W,30.9,9.0,0.0,2.0,2.0,12.0,7.0,9.0,22.0,0.0,0.0,2.0,6.0,40.5,1,1,1,1,6775,171,10158,4675,12984,20178,15642,18829,10265,8004,1,11390,873,2257,1.0,30:56,2015,2016
2015-16,2037,Jamal Crawford,Jamal,1610612746,LAC,LA Clippers,21501072,2016-03-24T00:00:00,LAC vs. POR,W,33.2,4.0,3.0,2.0,6.0,12.0,14.0,6.0,26.0,0.0,1.0,2.0,2.0,31.2,1,1,1,1,5002,2460,3104,4675,5299,20178,24300,13388,7214,8004,17214,11390,7786,5304,1.0,33:09,2015,2016
2015-16,200755,JJ Redick,JJ,1610612746,LAC,LA Clippers,21501072,2016-03-24T00:00:00,LAC vs. POR,W,25.1,0.0,0.0,0.0,2.0,12.0,2.0,9.0,18.0,0.0,1.0,2.0,2.0,17.8,1,1,1,1,11567,12059,10158,9917,12984,20178,3734,18829,13577,8004,17214,11390,7786,13309,1.0,25:09,2015,2016
2015-16,1718,Paul Pierce,Paul,1610612746,LAC,LA Clippers,21501072,2016-03-24T00:00:00,LAC vs. POR,W,14.6,0.0,0.0,0.0,0.0,8.0,0.0,8.0,12.0,1.0,0.0,2.0,0.0,12.8,1,1,1,1,20025,12059,10158,9917,18861,13914,1,17194,18637,2692,1,11390,18762,17129,1.0,14:37,2015,2016
2015-16,201145,Jeff Green,Jeff,1610612746,LAC,LA Clippers,21501072,2016-03-24T00:00:00,LAC vs. POR,W,26.2,0.0,0.0,0.0,4.0,9.0,14.0,6.0,20.0,1.0,0.0,4.0,0.0,16.8,1,1,1,1,10673,12059,10158,9917,8599,15771,24300,13388,11929,2692,1,22104,18762,13996,1.0,26:13,2015,2016
2015-16,202332,Cole Aldrich,Cole,1610612746,LAC,LA Clippers,21501072,2016-03-24T00:00:00,LAC vs. POR,W,15.4,0.0,0.0,0.0,6.0,6.0,2.0,7.0,10.0,2.0,0.0,3.0,2.0,22.5,1,1,1,1,19514,12059,10158,9917,5299,10028,3734,15538,20209,932,1,17641,7786,10082,1.0,15:21,2015,2016
2015-16,201599,DeAndre Jordan,DeAndre,1610612746,LAC,LA Clippers,21501072,2016-03-24T00:00:00,LAC vs. POR,W,32.1,4.0,1.0,0.0,6.0,14.0,9.0,8.0,26.0,1.0,1.0,5.0,11.0,39.1,1,1,1,1,5808,2460,9709,9917,5299,22292,19144,17194,7214,2692,17214,24686,44,2616,1.0,32:06,2015,2016
2015-16,201145,Jeff Green,Jeff,1610612746,LAC,LA Clippers,21501066,2016-03-23T00:00:00,LAC @ GSW,L,25.1,3.0,0.0,3.0,6.0,9.0,10.0,11.0,22.0,1.0,0.0,1.0,3.0,32.1,1,13074,13074,13074,11619,4307,10158,3302,5299,15771,20509,21342,10265,2692,1,4972,4736,4889,1.0,25:04,2015,2016
2015-16,101108,Chris Paul,Chris,1610612746,LAC,LA Clippers,21501066,2016-03-23T00:00:00,LAC @ GSW,L,35.4,0.0,0.0,2.0,2.0,5.0,9.0,13.0,30.0,0.0,1.0,4.0,3.0,32.2,1,13074,13074,13074,3264,12059,10158,4675,12984,8403,19144,23048,4541,8004,17214,22104,4736,4846,1.0,35:21,2015,2016
2015-16,200755,JJ Redick,JJ,1610612746,LAC,LA Clippers,21501066,2016-03-23T00:00:00,LAC @ GSW,L,30.0,0.0,0.0,0.0,6.0,7.0,12.0,12.0,26.0,1.0,0.0,5.0,2.0,17.0,1,13074,13074,13074,7524,12059,10158,9917,5299,12242,22832,22259,7214,2692,1,24686,7786,13855,1.0,30:01,2015,2016
2015-16,203085,Austin Rivers,Austin,1610612746,LAC,LA Clippers,21501066,2016-03-23T00:00:00,LAC @ GSW,L,24.4,4.0,0.0,4.0,4.0,7.0,6.0,11.0,26.0,0.0,1.0,2.0,2.0,23.8,1,13074,13074,13074,12262,2460,10158,1913,8599,12242,13237,21342,7214,8004,17214,11390,7786,9261,1.0,24:21,2015,2016
2015-16,1718,Paul Pierce,Paul,1610612746,LAC,LA Clippers,21501066,2016-03-23T00:00:00,LAC @ GSW,L,16.8,0.0,0.0,0.0,0.0,3.0,3.0,6.0,14.0,0.0,0.0,1.0,0.0,10.1,1,13074,13074,13074,18447,12059,10158,9917,18861,5109,7138,13388,17019,8004,1,4972,18762,19105,1.0,16:46,2015,2016
2015-16,2037,Jamal Crawford,Jamal,1610612746,LAC,LA Clippers,21501066,2016-03-23T00:00:00,LAC @ GSW,L,32.2,0.0,0.0,0.0,2.0,7.0,6.0,11.0,26.0,1.0,1.0,1.0,3.0,29.2,1,13074,13074,13074,5730,12059,10158,9917,12984,12242,13237,21342,7214,2692,17214,4972,4736,6243,1.0,32:11,2015,2016
2015-16,201599,DeAndre Jordan,DeAndre,1610612746,LAC,LA Clippers,21501066,2016-03-23T00:00:00,LAC @ GSW,L,38.0,3.0,4.0,3.0,14.0,7.0,9.0,17.0,36.0,2.0,1.0,5.0,7.0,53.5,1,13074,13074,13074,1507,4307,1596,3302,542,12242,19144,24967,1943,932,17214,24686,469,495,1.0,37:60,2015,2016
2015-16,201965,Jeff Ayres,Jeff,1610612746,LAC,LA Clippers,21501066,2016-03-23T00:00:00,LAC @ GSW,L,2.5,0.0,2.0,0.0,2.0,0.0,0.0,0.0,4.0,0.0,0.0,0.0,0.0,3.2,1,13074,13074,13074,25332,12059,4731,9917,12984,1,1,1,23698,8004,1,1,18762,23473,1.0,2:29,2015,2016
2015-16,201601,Luc Mbah a Moute,Luc,1610612746,LAC,LA Clippers,21501066,2016-03-23T00:00:00,LAC @ GSW,L,8.5,0.0,0.0,0.0,2.0,3.0,3.0,6.0,10.0,0.0,0.0,2.0,0.0,3.2,1,13074,13074,13074,23032,12059,10158,9917,12984,5109,7138,13388,20209,8004,1,11390,18762,23473,1.0,8:28,2015,2016
2015-16,202325,Wesley Johnson,Wesley,1610612746,LAC,LA Clippers,21501066,2016-03-23T00:00:00,LAC @ GSW,L,17.4,0.0,0.0,2.0,4.0,7.0,7.0,6.0,18.0,0.0,0.0,0.0,0.0,4.0,1,13074,13074,13074,17976,12059,10158,4675,8599,12242,15642,13388,13577,8004,1,1,18762,23142,1.0,17:23,2015,2016
2015-16,203143,Pablo Prigioni,Pablo,1610612746,LAC,LA Clippers,21501066,2016-03-23T00:00:00,LAC @ GSW,L,2.9,0.0,0.0,3.0,0.0,0.0,0.0,0.0,4.0,0.0,0.0,0.0,0.0,3.0,1,13074,13074,13074,25172,12059,10158,3302,18861,1,1,1,23698,8004,1,1,18762,23648,1.0,2:53,2015,2016
2015-16,202332,Cole Aldrich,Cole,1610612746,LAC,LA Clippers,21501066,2016-03-23T00:00:00,LAC @ GSW,L,7.1,0.0,0.0,0.0,2.0,5.0,5.0,2.0,4.0,2.0,1.0,1.0,0.0,8.4,1,13074,13074,13074,23542,12059,10158,9917,12984,8403,11469,4025,23698,932,17214,4972,18762,20273,1.0,7:03,2015,2016
2015-16,201601,Luc Mbah a Moute,Luc,1610612746,LAC,LA Clippers,21501040,2016-03-20T00:00:00,LAC @ NOP,L,14.6,0.0,0.0,2.0,2.0,2.0,3.0,3.0,16.0,1.0,1.0,0.0,1.0,6.5,1,13074,13074,13074,20047,12059,10158,4675,12984,2619,7138,7328,15259,2692,17214,1,12373,21519,1.0,14:36,2015,2016
2015-16,101108,Chris Paul,Chris,1610612746,LAC,LA Clippers,21501040,2016-03-20T00:00:00,LAC @ NOP,L,35.5,4.0,0.0,4.0,2.0,8.0,14.0,11.0,36.0,0.0,0.0,5.0,8.0,61.7,1,13074,13074,13074,3125,2460,10158,1913,12984,13914,24300,21342,1943,8004,1,24686,254,154,1.0,35:31,2015,2016
2015-16,200755,JJ Redick,JJ,1610612746,LAC,LA Clippers,21501040,2016-03-20T00:00:00,LAC @ NOP,L,31.6,7.0,2.0,0.0,4.0,8.0,14.0,9.0,32.0,0.0,0.0,5.0,2.0,29.9,1,13074,13074,13074,6189,548,4731,9917,8599,13914,24300,18829,3535,8004,1,24686,7786,5884,1.0,31:39,2015,2016
2015-16,1718,Paul Pierce,Paul,1610612746,LAC,LA Clippers,21501040,2016-03-20T00:00:00,LAC @ NOP,L,20.4,0.0,0.0,0.0,4.0,2.0,5.0,6.0,16.0,0.0,0.0,2.0,2.0,11.9,1,13074,13074,13074,15558,12059,10158,9917,8599,2619,11469,13388,15259,8004,1,11390,7786,17760,1.0,20:25,2015,2016
2015-16,202332,Cole Aldrich,Cole,1610612746,LAC,LA Clippers,21501040,2016-03-20T00:00:00,LAC @ NOP,L,13.3,0.0,2.0,0.0,0.0,1.0,5.0,5.0,8.0,3.0,0.0,2.0,3.0,13.8,1,13074,13074,13074,20789,12059,4731,9917,18861,2356,11469,11593,21543,347,1,11390,4736,16311,1.0,13:20,2015,2016
2015-16,201599,DeAndre Jordan,DeAndre,1610612746,LAC,LA Clippers,21501040,2016-03-20T00:00:00,LAC @ NOP,L,34.3,3.0,0.0,0.0,6.0,8.0,11.0,11.0,34.0,1.0,0.0,2.0,8.0,27.8,1,13074,13074,13074,4132,4307,10158,9917,5299,13914,21814,21342,2701,2692,1,11390,254,6950,1.0,34:16,2015,2016
2015-16,203143,Pablo Prigioni,Pablo,1610612746,LAC,LA Clippers,21501040,2016-03-20T00:00:00,LAC @ NOP,L,12.5,6.0,0.0,0.0,2.0,1.0,2.0,5.0,6.0,0.0,0.0,3.0,2.0,16.4,1,13074,13074,13074,21283,878,10158,9917,12984,2356,3734,11593,22724,8004,1,17641,7786,14289,1.0,12:29,2015,2016
2015-16,202325,Wesley Johnson,Wesley,1610612746,LAC,LA Clippers,21501040,2016-03-20T00:00:00,LAC @ NOP,L,19.0,0.0,0.0,0.0,0.0,3.0,2.0,7.0,12.0,0.0,0.0,3.0,1.0,7.6,1,13074,13074,13074,16679,12059,10158,9917,18861,5109,3734,15538,18637,8004,1,17641,12373,20803,1.0,19:02,2015,2016
2015-16,203085,Austin Rivers,Austin,1610612746,LAC,LA Clippers,21501040,2016-03-20T00:00:00,LAC @ NOP,L,25.3,4.0,0.0,6.0,6.0,5.0,11.0,10.0,24.0,0.0,0.0,2.0,5.0,18.6,1,13074,13074,13074,11420,2460,10158,740,5299,8403,21814,20169,8723,8004,1,11390,1539,12715,1.0,25:20,2015,2016
2015-16,2037,Jamal Crawford,Jamal,1610612746,LAC,LA Clippers,21501040,2016-03-20T00:00:00,LAC @ NOP,L,33.4,3.0,0.0,0.0,4.0,7.0,13.0,13.0,26.0,0.0,0.0,4.0,2.0,23.3,1,13074,13074,13074,4808,4307,10158,9917,8599,12242,23668,23048,7214,8004,1,22104,7786,9567,1.0,33:24,2015,2016
2015-16,202332,Cole Aldrich,Cole,1610612746,LAC,LA Clippers,21501035,2016-03-19T00:00:00,LAC @ MEM,L,14.0,0.0,0.0,0.0,0.0,4.0,5.0,2.0,10.0,4.0,1.0,2.0,4.0,25.8,1,13074,13074,13074,20399,12059,10158,9917,18861,6141,11469,4025,20209,132,17214,11390,2748,8022,1.0,14:01,2015,2016
2015-16,201599,DeAndre Jordan,DeAndre,1610612746,LAC,LA Clippers,21501035,2016-03-19T00:00:00,LAC @ MEM,L,32.9,0.0,2.0,1.0,12.0,14.0,9.0,4.0,30.0,2.0,0.0,5.0,5.0,33.9,1,13074,13074,13074,5197,12059,4731,9347,988,22292,19144,8806,4541,932,1,24686,1539,4208,1.0,32:55,2015,2016
2015-16,201965,Jeff Ayres,Jeff,1610612746,LAC,LA Clippers,21501035,2016-03-19T00:00:00,LAC @ MEM,L,1.1,0.0,0.0,0.0,0.0,0.0,0.0,0.0,0.0,0.0,0.0,0.0,0.0,1.2,1,13074,13074,13074,25854,12059,10158,9917,18861,1,1,1,25429,8004,1,1,18762,24661,1.0,1:04,2015,2016
2015-16,203143,Pablo Prigioni,Pablo,1610612746,LAC,LA Clippers,21501035,2016-03-19T00:00:00,LAC @ MEM,L,1.3,0.0,0.0,0.0,0.0,0.0,0.0,0.0,2.0,0.0,0.0,1.0,0.0,0.0,1,13074,13074,13074,25768,12059,10158,9917,18861,1,1,1,24614,8004,1,4972,18762,25170,1.0,1:18,2015,2016
2015-16,201145,Jeff Green,Jeff,1610612746,LAC,LA Clippers,21501035,2016-03-19T00:00:00,LAC @ MEM,L,21.0,0.0,0.0,0.0,2.0,6.0,9.0,2.0,20.0,0.0,0.0,2.0,2.0,12.2,1,13074,13074,13074,15093,12059,10158,9917,12984,10028,19144,4025,11929,8004,1,11390,7786,17566,1.0,20:57,2015,2016
2015-16,2037,Jamal Crawford,Jamal,1610612746,LAC,LA Clippers,21501035,2016-03-19T00:00:00,LAC @ MEM,L,27.9,2.0,0.0,2.0,0.0,14.0,5.0,4.0,22.0,0.0,0.0,2.0,3.0,15.1,1,13074,13074,13074,9277,6026,10158,4675,18861,22292,11469,8806,10265,8004,1,11390,4736,15328,1.0,27:56,2015,2016
2015-16,203085,Austin Rivers,Austin,1610612746,LAC,LA Clippers,21501035,2016-03-19T00:00:00,LAC @ MEM,L,21.1,1.0,0.0,2.0,2.0,8.0,5.0,2.0,14.0,0.0,0.0,1.0,3.0,15.8,1,13074,13074,13074,14960,11535,10158,4675,12984,13914,11469,4025,17019,8004,1,4972,4736,14754,1.0,21:07,2015,2016
2015-16,203912,C.J. Wilcox,C.J.,1610612746,LAC,LA Clippers,21501035,2016-03-19T00:00:00,LAC @ MEM,L,1.1,0.0,0.0,0.0,2.0,0.0,0.0,0.0,0.0,0.0,0.0,0.0,1.0,3.0,1,13074,13074,13074,25854,12059,10158,9917,12984,1,1,1,25429,8004,1,1,12373,23648,1.0,1:04,2015,2016
2015-16,201601,Luc Mbah a Moute,Luc,1610612746,LAC,LA Clippers,21501035,2016-03-19T00:00:00,LAC @ MEM,L,16.7,2.0,0.0,0.0,2.0,4.0,9.0,2.0,14.0,0.0,0.0,0.0,1.0,2.7,1,13074,13074,13074,18498,6026,10158,9917,12984,6141,19144,4025,17019,8004,1,1,12373,23884,1.0,16:42,2015,2016
2015-16,200755,JJ Redick,JJ,1610612746,LAC,LA Clippers,21501035,2016-03-19T00:00:00,LAC @ MEM,L,24.4,2.0,0.0,0.0,2.0,6.0,9.0,2.0,22.0,1.0,1.0,3.0,2.0,16.7,1,13074,13074,13074,12210,6026,10158,9917,12984,10028,19144,4025,10265,2692,17214,17641,7786,14064,1.0,24:24,2015,2016
2015-16,202325,Wesley Johnson,Wesley,1610612746,LAC,LA Clippers,21501035,2016-03-19T00:00:00,LAC @ MEM,L,18.8,0.0,0.0,0.0,0.0,8.0,5.0,4.0,12.0,1.0,0.0,5.0,0.0,12.6,1,13074,13074,13074,16840,12059,10158,9917,18861,13914,11469,8806,18637,2692,1,24686,18762,17277,1.0,18:50,2015,2016
2015-16,101108,Chris Paul,Chris,1610612746,LAC,LA Clippers,21501035,2016-03-19T00:00:00,LAC @ MEM,L,31.9,5.0,2.0,0.0,2.0,12.0,9.0,4.0,30.0,0.0,2.0,2.0,5.0,37.6,1,13074,13074,13074,5994,1603,4731,9917,12984,20178,19144,8806,4541,8004,23588,11390,1539,3018,1.0,31:53,2015,2016
2015-16,1718,Paul Pierce,Paul,1610612746,LAC,LA Clippers,21501035,2016-03-19T00:00:00,LAC @ MEM,L,27.8,3.0,0.0,6.0,0.0,14.0,5.0,4.0,24.0,0.0,1.0,4.0,2.0,22.4,1,13074,13074,13074,9366,4307,10158,740,18861,22292,11469,8806,8723,8004,17214,22104,7786,10131,1.0,27:49,2015,2016
2015-16,201145,Jeff Green,Jeff,1610612746,LAC,LA Clippers,21501009,2016-03-16T00:00:00,LAC @ HOU,W,15.6,0.0,0.0,0.0,0.0,2.0,1.0,2.0,12.0,1.0,1.0,4.0,1.0,5.0,1,1,1,1,19356,12059,10158,9917,18861,2619,3393,4025,18637,2692,17214,22104,12373,22500,1.0,15:35,2015,2016
2015-16,200755,JJ Redick,JJ,1610612746,LAC,LA Clippers,21501009,2016-03-16T00:00:00,LAC @ HOU,W,31.9,8.0,6.0,5.0,0.0,10.0,5.0,6.0,36.0,0.0,1.0,3.0,4.0,30.5,1,1,1,1,5965,308,481,1277,18861,17370,11469,13388,1943,8004,17214,17641,2748,5620,1.0,31:55,2015,2016
2015-16,202332,Cole Aldrich,Cole,1610612746,LAC,LA Clippers,21501009,2016-03-16T00:00:00,LAC @ HOU,W,10.2,0.0,0.0,0.0,0.0,0.0,2.0,5.0,12.0,3.0,0.0,3.0,0.0,15.5,1,1,1,1,22361,12059,10158,9917,18861,1,3734,11593,18637,347,1,17641,18762,15004,1.0,10:10,2015,2016
2015-16,201599,DeAndre Jordan,DeAndre,1610612746,LAC,LA Clippers,21501009,2016-03-16T00:00:00,LAC @ HOU,W,37.2,4.0,2.0,0.0,16.0,12.0,9.0,6.0,38.0,2.0,0.0,2.0,8.0,51.7,1,1,1,1,1949,2460,4731,9917,275,20178,19144,13388,1422,932,1,11390,254,595,1.0,37:13,2015,2016
2015-16,101108,Chris Paul,Chris,1610612746,LAC,LA Clippers,21501009,2016-03-16T00:00:00,LAC @ HOU,W,31.9,3.0,0.0,2.0,4.0,10.0,5.0,4.0,32.0,0.0,0.0,0.0,5.0,46.8,1,1,1,1,5994,4307,10158,4675,8599,17370,11469,8806,3535,8004,1,1,1539,1102,1.0,31:53,2015,2016
2015-16,203085,Austin Rivers,Austin,1610612746,LAC,LA Clippers,21501009,2016-03-16T00:00:00,LAC @ HOU,W,18.6,2.0,0.0,2.0,2.0,4.0,6.0,9.0,22.0,0.0,1.0,3.0,1.0,17.1,1,1,1,1,17023,6026,10158,4675,12984,6141,13237,18829,10265,8004,17214,17641,12373,13791,1.0,18:35,2015,2016
2015-16,2037,Jamal Crawford,Jamal,1610612746,LAC,LA Clippers,21501009,2016-03-16T00:00:00,LAC @ HOU,W,27.5,3.0,0.0,0.0,2.0,4.0,10.0,7.0,32.0,1.0,0.0,1.0,4.0,31.7,1,1,1,1,9644,4307,10158,9917,12984,6141,20509,15538,3535,2692,1,4972,2748,5088,1.0,27:28,2015,2016
2015-16,1718,Paul Pierce,Paul,1610612746,LAC,LA Clippers,21501009,2016-03-16T00:00:00,LAC @ HOU,W,18.2,2.0,0.0,2.0,2.0,6.0,6.0,5.0,16.0,0.0,0.0,1.0,0.0,7.9,1,1,1,1,17370,6026,10158,4675,12984,10028,13237,11593,15259,8004,1,4972,18762,20646,1.0,18:10,2015,2016
2015-16,201601,Luc Mbah a Moute,Luc,1610612746,LAC,LA Clippers,21501009,2016-03-16T00:00:00,LAC @ HOU,W,32.8,2.0,0.0,4.0,10.0,10.0,8.0,2.0,28.0,0.0,0.0,2.0,2.0,21.3,1,1,1,1,5283,6026,10158,1913,1840,17370,17345,4025,5824,8004,1,11390,7786,10880,1.0,32:48,2015,2016
2015-16,202325,Wesley Johnson,Wesley,1610612746,LAC,LA Clippers,21501009,2016-03-16T00:00:00,LAC @ HOU,W,16.2,3.0,0.0,3.0,6.0,2.0,3.0,9.0,22.0,0.0,0.0,1.0,0.0,18.6,1,1,1,1,18870,4307,10158,3302,5299,2619,7138,18829,10265,8004,1,4972,18762,12715,1.0,16:13,2015,2016
2015-16,203085,Austin Rivers,Austin,1610612746,LAC,LA Clippers,21501001,2016-03-15T00:00:00,LAC @ SAS,L,17.9,1.0,0.0,1.0,0.0,11.0,9.0,4.0,14.0,0.0,1.0,1.0,2.0,3.5,1,13074,13074,13074,17630,11535,10158,9347,18861,18886,19144,8806,17019,8004,17214,4972,7786,23351,1.0,17:52,2015,2016
2015-16,201601,Luc Mbah a Moute,Luc,1610612746,LAC,LA Clippers,21501001,2016-03-15T00:00:00,LAC @ SAS,L,22.7,0.0,0.0,0.0,0.0,11.0,6.0,0.0,18.0,1.0,0.0,3.0,2.0,7.2,1,13074,13074,13074,13645,12059,10158,9917,18861,18886,13237,1,13577,2692,1,17641,7786,21035,1.0,22:39,2015,2016
2015-16,202325,Wesley Johnson,Wesley,1610612746,LAC,LA Clippers,21501001,2016-03-15T00:00:00,LAC @ SAS,L,20.8,0.0,0.0,0.0,0.0,13.0,9.0,4.0,18.0,1.0,0.0,0.0,0.0,4.5,1,13074,13074,13074,15223,12059,10158,9917,18861,21300,19144,8806,13577,2692,1,1,18762,22773,1.0,20:48,2015,2016
2015-16,203143,Pablo Prigioni,Pablo,1610612746,LAC,LA Clippers,21501001,2016-03-15T00:00:00,LAC @ SAS,L,12.7,0.0,0.0,0.0,0.0,7.0,9.0,4.0,12.0,0.0,1.0,0.0,0.0,4.5,1,13074,13074,13074,21159,12059,10158,9917,18861,12242,19144,8806,18637,8004,17214,1,18762,22773,1.0,12:40,2015,2016
2015-16,101108,Chris Paul,Chris,1610612746,LAC,LA Clippers,21501001,2016-03-15T00:00:00,LAC @ SAS,L,33.3,6.0,0.0,5.0,6.0,18.0,6.0,0.0,28.0,0.0,0.0,1.0,5.0,44.8,1,13074,13074,13074,4930,878,10158,1277,5299,24749,13237,1,5824,8004,1,4972,1539,1406,1.0,33:15,2015,2016
2015-16,200755,JJ Redick,JJ,1610612746,LAC,LA Clippers,21501001,2016-03-15T00:00:00,LAC @ SAS,L,28.8,0.0,0.0,2.0,4.0,16.0,6.0,0.0,24.0,0.0,0.0,1.0,1.0,15.7,1,13074,13074,13074,8509,12059,10158,4675,8599,23774,13237,1,8723,8004,1,4972,12373,14841,1.0,28:50,2015,2016
2015-16,2037,Jamal Crawford,Jamal,1610612746,LAC,LA Clippers,21501001,2016-03-15T00:00:00,LAC @ SAS,L,22.2,0.0,2.0,0.0,0.0,14.0,9.0,4.0,18.0,0.0,1.0,2.0,4.0,11.7,1,13074,13074,13074,13972,12059,4731,9917,18861,22292,19144,8806,13577,8004,17214,11390,2748,17903,1.0,22:15,2015,2016
2015-16,201599,DeAndre Jordan,DeAndre,1610612746,LAC,LA Clippers,21501001,2016-03-15T00:00:00,LAC @ SAS,L,36.6,2.0,4.0,0.0,14.0,18.0,6.0,2.0,28.0,1.0,1.0,2.0,5.0,31.8,1,13074,13074,13074,2323,6026,1596,9917,542,24749,13237,4025,5824,2692,17214,11390,1539,5041,1.0,36:37,2015,2016
2015-16,202332,Cole Aldrich,Cole,1610612746,LAC,LA Clippers,21501001,2016-03-15T00:00:00,LAC @ SAS,L,13.6,0.0,0.0,0.0,6.0,9.0,9.0,2.0,14.0,0.0,0.0,3.0,1.0,13.8,1,13074,13074,13074,20661,12059,10158,9917,5299,15771,19144,4025,17019,8004,1,17641,12373,16311,1.0,13:34,2015,2016
2015-16,201145,Jeff Green,Jeff,1610612746,LAC,LA Clippers,21501001,2016-03-15T00:00:00,LAC @ SAS,L,31.5,0.0,3.0,0.0,0.0,18.0,6.0,0.0,26.0,1.0,0.0,4.0,1.0,18.4,1,13074,13074,13074,6321,12059,3104,9917,18861,24749,13237,1,7214,2692,1,22104,12373,12854,1.0,31:30,2015,2016
2015-16,201599,DeAndre Jordan,DeAndre,1610612746,LAC,LA Clippers,21500983,2016-03-13T00:00:00,LAC vs. CLE,L,32.3,0.0,0.0,2.0,8.0,12.0,8.0,6.0,26.0,1.0,0.0,3.0,3.0,27.7,1,13074,13074,13074,5633,12059,10158,4675,3109,20178,17345,13388,7214,2692,1,17641,4736,7008,1.0,32:19,2015,2016
2015-16,200755,JJ Redick,JJ,1610612746,LAC,LA Clippers,21500983,2016-03-13T00:00:00,LAC vs. CLE,L,23.7,3.0,0.0,3.0,2.0,6.0,0.0,6.0,22.0,0.0,0.0,3.0,2.0,26.1,1,13074,13074,13074,12837,4307,10158,3302,12984,10028,1,13388,10265,8004,1,17641,7786,7836,1.0,23:41,2015,2016
2015-16,2037,Jamal Crawford,Jamal,1610612746,LAC,LA Clippers,21500983,2016-03-13T00:00:00,LAC vs. CLE,L,25.3,0.0,0.0,0.0,0.0,7.0,15.0,2.0,22.0,0.0,0.0,2.0,2.0,8.7,1,13074,13074,13074,11420,12059,10158,9917,18861,12242,24781,4025,10265,8004,1,11390,7786,20045,1.0,25:20,2015,2016
2015-16,203143,Pablo Prigioni,Pablo,1610612746,LAC,LA Clippers,21500983,2016-03-13T00:00:00,LAC vs. CLE,L,15.7,0.0,0.0,0.0,0.0,1.0,7.0,0.0,12.0,0.0,1.0,1.0,2.0,4.5,1,13074,13074,13074,19279,12059,10158,9917,18861,2356,15642,1,18637,8004,17214,4972,7786,22773,1.0,15:41,2015,2016
2015-16,202332,Cole Aldrich,Cole,1610612746,LAC,LA Clippers,21500983,2016-03-13T00:00:00,LAC vs. CLE,L,11.7,0.0,0.0,0.0,4.0,1.0,7.0,0.0,10.0,2.0,1.0,3.0,0.0,16.5,1,13074,13074,13074,21717,12059,10158,9917,8599,2356,15642,1,20209,932,17214,17641,18762,14224,1.0,11:43,2015,2016
2015-16,201145,Jeff Green,Jeff,1610612746,LAC,LA Clippers,21500983,2016-03-13T00:00:00,LAC vs. CLE,L,27.3,3.0,0.0,6.0,4.0,3.0,0.0,1.0,16.0,0.0,0.0,4.0,3.0,18.1,1,13074,13074,13074,9741,4307,10158,740,8599,5109,1,3646,15259,8004,1,22104,4736,13090,1.0,27:20,2015,2016
2015-16,202325,Wesley Johnson,Wesley,1610612746,LAC,LA Clippers,21500983,2016-03-13T00:00:00,LAC vs. CLE,L,28.4,0.0,0.0,0.0,2.0,10.0,15.0,0.0,20.0,0.0,1.0,3.0,2.0,16.0,1,13074,13074,13074,8969,12059,10158,9917,12984,17370,24781,1,11929,8004,17214,17641,7786,14590,1.0,28:21,2015,2016
2015-16,203085,Austin Rivers,Austin,1610612746,LAC,LA Clippers,21500983,2016-03-13T00:00:00,LAC vs. CLE,L,23.8,0.0,0.0,0.0,4.0,7.0,15.0,3.0,20.0,0.0,0.0,1.0,1.0,12.5,1,13074,13074,13074,12732,12059,10158,9917,8599,12242,24781,7328,11929,8004,1,4972,12373,17372,1.0,23:49,2015,2016
2015-16,201601,Luc Mbah a Moute,Luc,1610612746,LAC,LA Clippers,21500983,2016-03-13T00:00:00,LAC vs. CLE,L,22.0,0.0,0.0,0.0,0.0,6.0,5.0,6.0,20.0,1.0,1.0,1.0,1.0,12.2,1,13074,13074,13074,14199,12059,10158,9917,18861,10028,11469,13388,11929,2692,17214,4972,12373,17566,1.0,21:58,2015,2016
2015-16,101108,Chris Paul,Chris,1610612746,LAC,LA Clippers,21500983,2016-03-13T00:00:00,LAC vs. CLE,L,29.8,2.0,0.0,9.0,4.0,12.0,3.0,6.0,22.0,0.0,0.0,2.0,3.0,40.0,1,13074,13074,13074,7723,6026,10158,184,8599,20178,7138,13388,10265,8004,1,11390,4736,2364,1.0,29:48,2015,2016
2015-16,202332,Cole Aldrich,Cole,1610612746,LAC,LA Clippers,21500972,2016-03-11T00:00:00,LAC vs. NYK,W,23.4,2.0,2.0,0.0,2.0,10.0,9.0,4.0,16.0,1.0,0.0,6.0,2.0,12.2,1,1,1,1,13052,6026,4731,9917,12984,17370,19144,8806,15259,2692,1,25827,7786,17566,1.0,23:23,2015,2016
2015-16,2037,Jamal Crawford,Jamal,1610612746,LAC,LA Clippers,21500972,2016-03-11T00:00:00,LAC vs. NYK,W,19.3,2.0,2.0,0.0,2.0,8.0,9.0,6.0,16.0,0.0,1.0,2.0,1.0,11.7,1,1,1,1,16480,6026,4731,9917,12984,13914,19144,13388,15259,8004,17214,11390,12373,17903,1.0,19:16,2015,2016
2015-16,101108,Chris Paul,Chris,1610612746,LAC,LA Clippers,21500972,2016-03-11T00:00:00,LAC vs. NYK,W,34.0,5.0,5.0,2.0,4.0,14.0,10.0,4.0,28.0,0.0,1.0,1.0,5.0,53.3,1,1,1,1,4362,1603,995,4675,8599,22292,20509,8806,5824,8004,17214,4972,1539,504,1.0,33:59,2015,2016
2015-16,201599,DeAndre Jordan,DeAndre,1610612746,LAC,LA Clippers,21500972,2016-03-11T00:00:00,LAC vs. NYK,W,37.8,0.0,0.0,0.0,8.0,14.0,15.0,4.0,30.0,6.0,0.0,4.0,3.0,51.8,1,1,1,1,1629,12059,10158,9917,3109,22292,24781,8806,4541,19,1,22104,4736,586,1.0,37:45,2015,2016
2015-16,201145,Jeff Green,Jeff,1610612746,LAC,LA Clippers,21500972,2016-03-11T00:00:00,LAC vs. NYK,W,45.0,4.0,2.0,5.0,8.0,16.0,19.0,8.0,38.0,1.0,0.0,2.0,3.0,33.2,1,1,1,1,83,2460,4731,1277,3109,23774,25786,17194,1422,2692,1,11390,4736,4462,1.0,44:59,2015,2016
2015-16,200755,JJ Redick,JJ,1610612746,LAC,LA Clippers,21500972,2016-03-11T00:00:00,LAC vs. NYK,W,30.6,0.0,0.0,0.0,0.0,10.0,10.0,4.0,24.0,0.0,0.0,1.0,5.0,22.9,1,1,1,1,7036,12059,10158,9917,18861,17370,20509,8806,8723,8004,1,4972,1539,9811,1.0,30:35,2015,2016
2015-16,203085,Austin Rivers,Austin,1610612746,LAC,LA Clippers,21500972,2016-03-11T00:00:00,LAC vs. NYK,W,19.1,4.0,0.0,4.0,6.0,2.0,13.0,4.0,20.0,0.0,1.0,2.0,0.0,18.4,1,1,1,1,16600,2460,10158,1913,5299,2619,23668,8806,11929,8004,17214,11390,18762,12854,1.0,19:07,2015,2016
2015-16,202325,Wesley Johnson,Wesley,1610612746,LAC,LA Clippers,21500972,2016-03-11T00:00:00,LAC vs. NYK,W,23.5,0.0,0.0,4.0,4.0,4.0,6.0,4.0,12.0,0.0,0.0,4.0,1.0,16.8,1,1,1,1,13005,12059,10158,1913,8599,6141,13237,8806,18637,8004,1,22104,12373,13996,1.0,23:27,2015,2016
2015-16,203143,Pablo Prigioni,Pablo,1610612746,LAC,LA Clippers,21500972,2016-03-11T00:00:00,LAC vs. NYK,W,7.5,0.0,0.0,0.0,0.0,2.0,4.0,2.0,6.0,1.0,0.0,0.0,0.0,6.0,1,1,1,1,23393,12059,10158,9917,18861,2619,8458,4025,22724,2692,1,1,18762,21878,1.0,7:29,2015,2016
2015-16,201145,Jeff Green,Jeff,1610612746,LAC,LA Clippers,21500955,2016-03-09T00:00:00,LAC @ OKC,L,25.7,0.0,0.0,2.0,14.0,4.0,10.0,7.0,34.0,1.0,0.0,2.0,2.0,34.4,1,13074,13074,13074,11117,12059,10158,4675,542,6141,20509,15538,2701,2692,1,11390,7786,4029,1.0,25:42,2015,2016
2015-16,2037,Jamal Crawford,Jamal,1610612746,LAC,LA Clippers,21500955,2016-03-09T00:00:00,LAC @ OKC,L,26.6,0.0,0.0,3.0,6.0,6.0,5.0,10.0,32.0,0.0,1.0,0.0,1.0,24.6,1,13074,13074,13074,10407,12059,10158,3302,5299,10028,11469,20169,3535,8004,17214,1,12373,8724,1.0,26:34,2015,2016
2015-16,101108,Chris Paul,Chris,1610612746,LAC,LA Clippers,21500955,2016-03-09T00:00:00,LAC @ OKC,L,37.4,2.0,0.0,2.0,6.0,4.0,8.0,13.0,50.0,1.0,1.0,3.0,2.0,54.6,1,13074,13074,13074,1797,6026,10158,4675,5299,6141,17345,23048,107,2692,17214,17641,7786,413,1.0,37:26,2015,2016
2015-16,1627293,Alex Stepheson,Alex,1610612746,LAC,LA Clippers,21500955,2016-03-09T00:00:00,LAC @ OKC,L,1.0,0.0,0.0,0.0,0.0,0.0,0.0,0.0,0.0,0.0,0.0,0.0,0.0,0.0,1,13074,13074,13074,25878,12059,10158,9917,18861,1,1,1,25429,8004,1,1,18762,25170,1.0,0:58,2015,2016
2015-16,203085,Austin Rivers,Austin,1610612746,LAC,LA Clippers,21500955,2016-03-09T00:00:00,LAC @ OKC,L,19.1,0.0,0.0,0.0,0.0,6.0,7.0,6.0,22.0,0.0,0.0,3.0,1.0,5.2,1,13074,13074,13074,16653,12059,10158,9917,18861,10028,15642,13388,10265,8004,1,17641,12373,22370,1.0,19:03,2015,2016
2015-16,1718,Paul Pierce,Paul,1610612746,LAC,LA Clippers,21500955,2016-03-09T00:00:00,LAC @ OKC,L,18.3,0.0,0.0,0.0,0.0,0.0,6.0,5.0,18.0,1.0,0.0,3.0,1.0,6.9,1,13074,13074,13074,17275,12059,10158,9917,18861,1,13237,11593,13577,2692,1,17641,12373,21262,1.0,18:17,2015,2016
2015-16,202325,Wesley Johnson,Wesley,1610612746,LAC,LA Clippers,21500955,2016-03-09T00:00:00,LAC @ OKC,L,23.7,0.0,0.0,0.0,0.0,10.0,9.0,6.0,32.0,0.0,0.0,3.0,0.0,8.6,1,13074,13074,13074,12863,12059,10158,9917,18861,17370,19144,13388,3535,8004,1,17641,18762,20125,1.0,23:39,2015,2016
2015-16,201599,DeAndre Jordan,DeAndre,1610612746,LAC,LA Clippers,21500955,2016-03-09T00:00:00,LAC @ OKC,L,32.8,2.0,0.0,0.0,14.0,2.0,8.0,13.0,44.0,1.0,0.0,1.0,9.0,31.4,1,13074,13074,13074,5292,6026,10158,9917,542,2619,17345,23048,454,2692,1,4972,138,5218,1.0,32:47,2015,2016
2015-16,203143,Pablo Prigioni,Pablo,1610612746,LAC,LA Clippers,21500955,2016-03-09T00:00:00,LAC @ OKC,L,11.4,0.0,0.0,0.0,0.0,8.0,7.0,2.0,14.0,0.0,0.0,0.0,0.0,7.7,1,13074,13074,13074,21886,12059,10158,9917,18861,13914,15642,4025,17019,8004,1,1,18762,20733,1.0,11:22,2015,2016
2015-16,202332,Cole Aldrich,Cole,1610612746,LAC,LA Clippers,21500955,2016-03-09T00:00:00,LAC @ OKC,L,15.1,0.0,0.0,0.0,10.0,8.0,7.0,2.0,16.0,0.0,0.0,2.0,0.0,16.2,1,13074,13074,13074,19694,12059,10158,9917,1840,13914,15642,4025,15259,8004,1,11390,18762,14436,1.0,15:06,2015,2016
2015-16,200755,JJ Redick,JJ,1610612746,LAC,LA Clippers,21500955,2016-03-09T00:00:00,LAC @ OKC,L,29.1,14.0,0.0,2.0,2.0,2.0,8.0,11.0,38.0,0.0,0.0,0.0,4.0,31.7,1,13074,13074,13074,8280,6,10158,4675,12984,2619,17345,21342,1422,8004,1,1,2748,5088,1.0,29:08,2015,2016
2015-16,2037,Jamal Crawford,Jamal,1610612746,LAC,LA Clippers,21500942,2016-03-07T00:00:00,LAC @ DAL,W,29.1,4.0,0.0,5.0,2.0,7.0,4.0,7.0,20.0,0.0,0.0,2.0,2.0,27.3,1,1,1,1,8328,2460,10158,1277,12984,12242,8458,15538,11929,8004,1,11390,7786,7236,1.0,29:03,2015,2016
2015-16,202332,Cole Aldrich,Cole,1610612746,LAC,LA Clippers,21500942,2016-03-07T00:00:00,LAC @ DAL,W,9.9,0.0,0.0,0.0,2.0,2.0,4.0,6.0,6.0,2.0,1.0,2.0,1.0,13.6,1,1,1,1,22506,12059,10158,9917,12984,2619,8458,13388,22724,932,17214,11390,12373,16460,1.0,9:52,2015,2016
2015-16,203085,Austin Rivers,Austin,1610612746,LAC,LA Clippers,21500942,2016-03-07T00:00:00,LAC @ DAL,W,26.0,2.0,0.0,5.0,0.0,7.0,4.0,11.0,14.0,0.0,0.0,5.0,2.0,17.1,1,1,1,1,10881,6026,10158,1277,18861,12242,8458,21342,17019,8004,1,24686,7786,13791,1.0,25:57,2015,2016
2015-16,101108,Chris Paul,Chris,1610612746,LAC,LA Clippers,21500942,2016-03-07T00:00:00,LAC @ DAL,W,27.8,5.0,0.0,2.0,14.0,7.0,3.0,4.0,18.0,0.0,0.0,3.0,1.0,50.3,1,1,1,1,9366,1603,10158,4675,542,12242,7138,8806,13577,8004,1,17641,12373,722,1.0,27:49,2015,2016
2015-16,201599,DeAndre Jordan,DeAndre,1610612746,LAC,LA Clippers,21500942,2016-03-07T00:00:00,LAC @ DAL,W,38.1,2.0,4.0,8.0,12.0,9.0,5.0,7.0,26.0,2.0,0.0,1.0,11.0,60.5,1,1,1,1,1452,6026,1596,280,988,15771,11469,15538,7214,932,1,4972,44,195,1.0,38:08,2015,2016
2015-16,200755,JJ Redick,JJ,1610612746,LAC,LA Clippers,21500942,2016-03-07T00:00:00,LAC @ DAL,W,25.9,3.0,0.0,6.0,0.0,4.0,5.0,4.0,18.0,0.0,0.0,2.0,0.0,23.4,1,1,1,1,10967,4307,10158,740,18861,6141,11469,8806,13577,8004,1,11390,18762,9501,1.0,25:51,2015,2016
2015-16,203143,Pablo Prigioni,Pablo,1610612746,LAC,LA Clippers,21500942,2016-03-07T00:00:00,LAC @ DAL,W,16.4,0.0,0.0,0.0,0.0,4.0,6.0,7.0,14.0,0.0,0.0,2.0,1.0,10.7,1,1,1,1,18749,12059,10158,9917,18861,6141,13237,15538,17019,8004,1,11390,12373,18636,1.0,16:23,2015,2016
2015-16,202325,Wesley Johnson,Wesley,1610612746,LAC,LA Clippers,21500942,2016-03-07T00:00:00,LAC @ DAL,W,23.9,0.0,0.0,0.0,0.0,7.0,4.0,5.0,18.0,1.0,0.0,2.0,0.0,16.5,1,1,1,1,12630,12059,10158,9917,18861,12242,8458,11593,13577,2692,1,11390,18762,14224,1.0,23:55,2015,2016
2015-16,1627293,Alex Stepheson,Alex,1610612746,LAC,LA Clippers,21500942,2016-03-07T00:00:00,LAC @ DAL,W,1.9,0.0,0.0,0.0,0.0,0.0,0.0,4.0,0.0,1.0,0.0,1.0,1.0,3.0,1,1,1,1,25560,12059,10158,9917,18861,1,1,8806,25429,2692,1,4972,12373,23648,1.0,1:53,2015,2016
2015-16,201145,Jeff Green,Jeff,1610612746,LAC,LA Clippers,21500942,2016-03-07T00:00:00,LAC @ DAL,W,21.0,0.0,0.0,0.0,0.0,4.0,7.0,6.0,16.0,1.0,0.0,1.0,0.0,8.6,1,1,1,1,15093,12059,10158,9917,18861,6141,15642,13388,15259,2692,1,4972,18762,20125,1.0,20:57,2015,2016
2015-16,1718,Paul Pierce,Paul,1610612746,LAC,LA Clippers,21500942,2016-03-07T00:00:00,LAC @ DAL,W,20.2,0.0,0.0,2.0,0.0,4.0,3.0,4.0,10.0,0.0,0.0,4.0,0.0,4.6,1,1,1,1,15729,12059,10158,4675,18861,6141,7138,8806,20209,8004,1,22104,18762,22734,1.0,20:12,2015,2016
2015-16,2037,Jamal Crawford,Jamal,1610612746,LAC,LA Clippers,21500929,2016-03-05T00:00:00,LAC vs. ATL,L,28.6,5.0,0.0,3.0,4.0,7.0,6.0,8.0,26.0,0.0,1.0,1.0,1.0,11.1,1,13074,13074,13074,8743,1603,10158,3302,8599,12242,13237,17194,7214,8004,17214,4972,12373,18370,1.0,28:36,2015,2016
2015-16,200755,JJ Redick,JJ,1610612746,LAC,LA Clippers,21500929,2016-03-05T00:00:00,LAC vs. ATL,L,30.0,0.0,0.0,0.0,0.0,9.0,20.0,8.0,34.0,0.0,2.0,2.0,0.0,10.9,1,13074,13074,13074,7555,12059,10158,9917,18861,15771,25875,17194,2701,8004,23588,11390,18762,18498,1.0,29:59,2015,2016
2015-16,203143,Pablo Prigioni,Pablo,1610612746,LAC,LA Clippers,21500929,2016-03-05T00:00:00,LAC vs. ATL,L,11.0,0.0,0.0,0.0,0.0,2.0,0.0,5.0,6.0,0.0,0.0,1.0,0.0,6.5,1,13074,13074,13074,22037,12059,10158,9917,18861,2619,1,11593,22724,8004,1,4972,18762,21519,1.0,10:59,2015,2016
2015-16,201599,DeAndre Jordan,DeAndre,1610612746,LAC,LA Clippers,21500929,2016-03-05T00:00:00,LAC vs. ATL,L,33.3,4.0,5.0,0.0,10.0,11.0,18.0,8.0,36.0,5.0,0.0,2.0,13.0,57.2,1,13074,13074,13074,4914,2460,995,9917,1840,18886,25634,17194,1943,59,1,11390,14,306,1.0,33:16,2015,2016
2015-16,202325,Wesley Johnson,Wesley,1610612746,LAC,LA Clippers,21500929,2016-03-05T00:00:00,LAC vs. ATL,L,17.4,0.0,0.0,2.0,0.0,4.0,2.0,5.0,18.0,1.0,0.0,4.0,1.0,13.7,1,13074,13074,13074,17999,12059,10158,4675,18861,6141,3734,11593,13577,2692,1,22104,12373,16393,1.0,17:22,2015,2016
2015-16,201145,Jeff Green,Jeff,1610612746,LAC,LA Clippers,21500929,2016-03-05T00:00:00,LAC vs. ATL,L,37.6,0.0,2.0,2.0,8.0,9.0,20.0,8.0,40.0,2.0,0.0,4.0,2.0,32.0,1,13074,13074,13074,1690,12059,4731,4675,3109,15771,25875,17194,983,932,1,22104,7786,4945,1.0,37:37,2015,2016
2015-16,202332,Cole Aldrich,Cole,1610612746,LAC,LA Clippers,21500929,2016-03-05T00:00:00,LAC vs. ATL,L,12.2,2.0,0.0,0.0,2.0,2.0,0.0,5.0,6.0,2.0,0.0,2.0,0.0,17.2,1,13074,13074,13074,21418,6026,10158,9917,12984,2619,1,11593,22724,932,1,11390,18762,13725,1.0,12:14,2015,2016
2015-16,101108,Chris Paul,Chris,1610612746,LAC,LA Clippers,21500929,2016-03-05T00:00:00,LAC vs. ATL,L,37.0,5.0,0.0,5.0,6.0,11.0,20.0,8.0,42.0,0.0,0.0,2.0,5.0,39.7,1,13074,13074,13074,2067,1603,10158,1277,5299,18886,25875,17194,670,8004,1,11390,1539,2451,1.0,37:01,2015,2016
2015-16,203085,Austin Rivers,Austin,1610612746,LAC,LA Clippers,21500929,2016-03-05T00:00:00,LAC vs. ATL,L,18.7,0.0,0.0,0.0,4.0,4.0,3.0,5.0,16.0,0.0,0.0,0.0,2.0,22.9,1,13074,13074,13074,16945,12059,10158,9917,8599,6141,7138,11593,15259,8004,1,1,7786,9811,1.0,18:42,2015,2016
2015-16,1718,Paul Pierce,Paul,1610612746,LAC,LA Clippers,21500929,2016-03-05T00:00:00,LAC vs. ATL,L,14.2,0.0,0.0,2.0,2.0,6.0,11.0,5.0,16.0,0.0,0.0,2.0,2.0,10.0,1,13074,13074,13074,20258,12059,10158,4675,12984,10028,21814,11593,15259,8004,1,11390,7786,19178,1.0,14:14,2015,2016
2015-16,1718,Paul Pierce,Paul,1610612746,LAC,LA Clippers,21500907,2016-03-02T00:00:00,LAC vs. OKC,W,14.6,0.0,0.0,0.0,0.0,0.0,2.0,18.0,20.0,0.0,0.0,1.0,0.0,12.3,1,1,1,1,20009,12059,10158,9917,18861,1,3734,25228,11929,8004,1,4972,18762,17524,1.0,14:38,2015,2016
2015-16,2037,Jamal Crawford,Jamal,1610612746,LAC,LA Clippers,21500907,2016-03-02T00:00:00,LAC vs. OKC,W,31.8,4.0,2.0,2.0,8.0,4.0,10.0,9.0,22.0,0.0,1.0,0.0,3.0,20.4,1,1,1,1,6061,2460,4731,4675,3109,6141,20509,18829,10265,8004,17214,1,4736,11453,1.0,31:49,2015,2016
2015-16,201599,DeAndre Jordan,DeAndre,1610612746,LAC,LA Clippers,21500907,2016-03-02T00:00:00,LAC vs. OKC,W,36.5,5.0,5.0,0.0,16.0,2.0,11.0,23.0,34.0,1.0,0.0,0.0,6.0,50.6,1,1,1,1,2425,1603,995,9917,275,2619,21814,25880,2701,2692,1,1,873,691,1.0,36:27,2015,2016
2015-16,101108,Chris Paul,Chris,1610612746,LAC,LA Clippers,21500907,2016-03-02T00:00:00,LAC vs. OKC,W,39.8,0.0,7.0,2.0,10.0,2.0,11.0,23.0,36.0,1.0,1.0,4.0,5.0,49.3,1,1,1,1,784,12059,292,4675,1840,2619,21814,25880,1943,2692,17214,22104,1539,827,1.0,39:49,2015,2016
2015-16,202325,Wesley Johnson,Wesley,1610612746,LAC,LA Clippers,21500907,2016-03-02T00:00:00,LAC vs. OKC,W,31.0,2.0,3.0,2.0,2.0,2.0,10.0,6.0,22.0,1.0,2.0,1.0,2.0,36.8,1,1,1,1,6760,6026,3104,4675,12984,2619,20509,13388,10265,2692,23588,4972,7786,3241,1.0,30:57,2015,2016
2015-16,200755,JJ Redick,JJ,1610612746,LAC,LA Clippers,21500907,2016-03-02T00:00:00,LAC vs. OKC,W,31.0,0.0,0.0,3.0,0.0,2.0,6.0,23.0,28.0,0.0,0.0,3.0,2.0,23.7,1,1,1,1,6718,12059,10158,3302,18861,2619,13237,25880,5824,8004,1,17641,7786,9329,1.0,31:00,2015,2016
2015-16,202332,Cole Aldrich,Cole,1610612746,LAC,LA Clippers,21500907,2016-03-02T00:00:00,LAC vs. OKC,W,11.5,0.0,0.0,0.0,8.0,2.0,3.0,4.0,10.0,0.0,0.0,0.0,1.0,18.2,1,1,1,1,21809,12059,10158,9917,3109,2619,7138,8806,20209,8004,1,1,12373,13004,1.0,11:32,2015,2016
2015-16,203085,Austin Rivers,Austin,1610612746,LAC,LA Clippers,21500907,2016-03-02T00:00:00,LAC vs. OKC,W,18.5,5.0,2.0,2.0,4.0,4.0,10.0,7.0,18.0,0.0,1.0,1.0,2.0,13.1,1,1,1,1,17094,1603,4731,4675,8599,6141,20509,15538,13577,8004,17214,4972,7786,16874,1.0,18:30,2015,2016
2015-16,203143,Pablo Prigioni,Pablo,1610612746,LAC,LA Clippers,21500907,2016-03-02T00:00:00,LAC vs. OKC,W,8.2,0.0,0.0,0.0,0.0,2.0,3.0,4.0,8.0,0.0,0.0,0.0,0.0,3.2,1,1,1,1,23118,12059,10158,9917,18861,2619,7138,8806,21543,8004,1,1,18762,23473,1.0,8:11,2015,2016
2015-16,201145,Jeff Green,Jeff,1610612746,LAC,LA Clippers,21500907,2016-03-02T00:00:00,LAC vs. OKC,W,17.1,0.0,0.0,0.0,0.0,0.0,4.0,18.0,22.0,0.0,3.0,3.0,0.0,4.4,1,1,1,1,18185,12059,10158,9917,18861,1,8458,25228,10265,8004,25441,17641,18762,22837,1.0,17:07,2015,2016
2015-16,201601,Luc Mbah a Moute,Luc,1610612746,LAC,LA Clippers,21500890,2016-02-29T00:00:00,LAC vs. BKN,W,8.7,0.0,2.0,0.0,2.0,3.0,2.0,0.0,8.0,0.0,1.0,1.0,0.0,11.3,1,1,1,1,22945,12059,4731,9917,12984,5109,3734,1,21543,8004,17214,4972,18762,18230,1.0,8:44,2015,2016
2015-16,203143,Pablo Prigioni,Pablo,1610612746,LAC,LA Clippers,21500890,2016-02-29T00:00:00,LAC vs. BKN,W,11.9,0.0,0.0,0.0,2.0,4.0,2.0,6.0,8.0,0.0,0.0,0.0,0.0,4.9,1,1,1,1,21653,12059,10158,9917,12984,6141,3734,13388,21543,8004,1,1,18762,22621,1.0,11:52,2015,2016
2015-16,101108,Chris Paul,Chris,1610612746,LAC,LA Clippers,21500890,2016-02-29T00:00:00,LAC vs. BKN,W,36.1,6.0,5.0,2.0,14.0,7.0,8.0,9.0,32.0,0.0,0.0,3.0,5.0,51.2,1,1,1,1,2650,878,995,4675,542,12242,17345,18829,3535,8004,1,17641,1539,642,1.0,36:08,2015,2016
2015-16,201599,DeAndre Jordan,DeAndre,1610612746,LAC,LA Clippers,21500890,2016-02-29T00:00:00,LAC vs. BKN,W,36.5,0.0,0.0,2.0,10.0,7.0,8.0,9.0,32.0,1.0,0.0,3.0,2.0,24.5,1,1,1,1,2420,12059,10158,4675,1840,12242,17345,18829,3535,2692,1,17641,7786,8801,1.0,36:28,2015,2016
2015-16,200755,JJ Redick,JJ,1610612746,LAC,LA Clippers,21500890,2016-02-29T00:00:00,LAC vs. BKN,W,31.9,0.0,0.0,3.0,4.0,7.0,6.0,7.0,24.0,0.0,1.0,1.0,3.0,26.2,1,1,1,1,5973,12059,10158,3302,8599,12242,13237,15538,8723,8004,17214,4972,4736,7785,1.0,31:54,2015,2016
2015-16,202332,Cole Aldrich,Cole,1610612746,LAC,LA Clippers,21500890,2016-02-29T00:00:00,LAC vs. BKN,W,11.0,0.0,2.0,0.0,2.0,4.0,2.0,6.0,8.0,2.0,0.0,3.0,0.0,15.2,1,1,1,1,22049,12059,4731,9917,12984,6141,3734,13388,21543,932,1,17641,18762,15219,1.0,10:58,2015,2016
2015-16,2037,Jamal Crawford,Jamal,1610612746,LAC,LA Clippers,21500890,2016-02-29T00:00:00,LAC vs. BKN,W,25.3,5.0,0.0,0.0,4.0,7.0,4.0,11.0,18.0,0.0,1.0,4.0,7.0,31.7,1,1,1,1,11440,1603,10158,9917,8599,12242,8458,21342,13577,8004,17214,22104,469,5088,1.0,25:19,2015,2016
2015-16,202325,Wesley Johnson,Wesley,1610612746,LAC,LA Clippers,21500890,2016-02-29T00:00:00,LAC vs. BKN,W,25.2,2.0,2.0,2.0,2.0,7.0,4.0,11.0,20.0,0.0,0.0,2.0,1.0,13.0,1,1,1,1,11528,6026,4731,4675,12984,12242,8458,21342,11929,8004,1,11390,12373,16969,1.0,25:12,2015,2016
2015-16,201145,Jeff Green,Jeff,1610612746,LAC,LA Clippers,21500890,2016-02-29T00:00:00,LAC vs. BKN,W,31.2,0.0,0.0,2.0,4.0,5.0,10.0,12.0,32.0,0.0,0.0,2.0,0.0,18.4,1,1,1,1,6535,12059,10158,4675,8599,8403,20509,22259,3535,8004,1,11390,18762,12854,1.0,31:13,2015,2016
2015-16,1718,Paul Pierce,Paul,1610612746,LAC,LA Clippers,21500890,2016-02-29T00:00:00,LAC vs. BKN,W,22.2,3.0,0.0,5.0,2.0,4.0,4.0,4.0,18.0,1.0,0.0,3.0,1.0,23.0,1,1,1,1,14007,4307,10158,1277,12984,6141,8458,8806,13577,2692,1,17641,12373,9760,1.0,22:12,2015,2016
2015-16,2037,Jamal Crawford,Jamal,1610612746,LAC,LA Clippers,21500867,2016-02-26T00:00:00,LAC @ SAC,W,26.4,4.0,1.0,2.0,6.0,10.0,12.0,3.0,14.0,0.0,1.0,1.0,4.0,22.2,1,1,1,1,10542,2460,9709,4675,5299,17370,22832,7328,17019,8004,17214,4972,2748,10263,1.0,26:23,2015,2016
2015-16,101108,Chris Paul,Chris,1610612746,LAC,LA Clippers,21500867,2016-02-26T00:00:00,LAC @ SAC,W,36.3,6.0,0.0,0.0,8.0,11.0,12.0,10.0,24.0,0.0,0.0,1.0,9.0,73.1,1,1,1,1,2532,878,10158,9917,3109,18886,22832,20169,8723,8004,1,4972,138,28,1.0,36:20,2015,2016
2015-16,200755,JJ Redick,JJ,1610612746,LAC,LA Clippers,21500867,2016-02-26T00:00:00,LAC @ SAC,W,34.7,4.0,0.0,3.0,6.0,9.0,12.0,9.0,26.0,0.0,1.0,0.0,2.0,24.1,1,1,1,1,3826,2460,10158,3302,5299,15771,22832,18829,7214,8004,17214,1,7786,9068,1.0,34:39,2015,2016
2015-16,201145,Jeff Green,Jeff,1610612746,LAC,LA Clippers,21500867,2016-02-26T00:00:00,LAC @ SAC,W,30.6,2.0,4.0,3.0,8.0,11.0,8.0,8.0,22.0,1.0,0.0,5.0,1.0,29.0,1,1,1,1,7012,6026,1596,3302,3109,18886,17345,17194,10265,2692,1,24686,12373,6346,1.0,30:37,2015,2016
2015-16,201599,DeAndre Jordan,DeAndre,1610612746,LAC,LA Clippers,21500867,2016-02-26T00:00:00,LAC @ SAC,W,33.8,0.0,0.0,0.0,6.0,11.0,11.0,10.0,26.0,1.0,1.0,5.0,3.0,23.2,1,1,1,1,4515,12059,10158,9917,5299,18886,21814,20169,7214,2692,17214,24686,4736,9630,1.0,33:48,2015,2016
2015-16,202325,Wesley Johnson,Wesley,1610612746,LAC,LA Clippers,21500867,2016-02-26T00:00:00,LAC @ SAC,W,20.6,0.0,0.0,2.0,0.0,5.0,7.0,3.0,10.0,1.0,0.0,4.0,0.0,16.5,1,1,1,1,15436,12059,10158,4675,18861,8403,15642,7328,20209,2692,1,22104,18762,14224,1.0,20:33,2015,2016
2015-16,203143,Pablo Prigioni,Pablo,1610612746,LAC,LA Clippers,21500867,2016-02-26T00:00:00,LAC @ SAC,W,11.1,0.0,0.0,0.0,0.0,3.0,3.0,0.0,8.0,0.0,0.0,2.0,1.0,6.9,1,1,1,1,22005,12059,10158,9917,18861,5109,7138,1,21543,8004,1,11390,12373,21262,1.0,11:03,2015,2016
2015-16,203912,C.J. Wilcox,C.J.,1610612746,LAC,LA Clippers,21500867,2016-02-26T00:00:00,LAC @ SAC,W,10.8,0.0,0.0,0.0,0.0,3.0,3.0,0.0,6.0,1.0,0.0,1.0,0.0,4.5,1,1,1,1,22116,12059,10158,9917,18861,5109,7138,1,22724,2692,1,4972,18762,22773,1.0,10:48,2015,2016
2015-16,201601,Luc Mbah a Moute,Luc,1610612746,LAC,LA Clippers,21500867,2016-02-26T00:00:00,LAC @ SAC,W,21.6,2.0,0.0,0.0,4.0,4.0,3.0,7.0,18.0,0.0,0.0,3.0,2.0,9.2,1,1,1,1,14504,6026,10158,9917,8599,6141,7138,15538,13577,8004,1,17641,7786,19680,1.0,21:37,2015,2016
2015-16,202332,Cole Aldrich,Cole,1610612746,LAC,LA Clippers,21500867,2016-02-26T00:00:00,LAC @ SAC,W,14.2,0.0,0.0,0.0,0.0,3.0,4.0,0.0,6.0,0.0,0.0,5.0,1.0,6.5,1,1,1,1,20285,12059,10158,9917,18861,5109,8458,1,22724,8004,1,24686,12373,21519,1.0,14:12,2015,2016
2015-16,201601,Luc Mbah a Moute,Luc,1610612746,LAC,LA Clippers,21500853,2016-02-24T00:00:00,LAC vs. DEN,L,19.9,0.0,0.0,0.0,0.0,4.0,8.0,8.0,22.0,0.0,0.0,1.0,0.0,4.4,1,13074,13074,13074,15959,12059,10158,9917,18861,6141,17345,17194,10265,8004,1,4972,18762,22837,1.0,19:57,2015,2016
2015-16,203912,C.J. Wilcox,C.J.,1610612746,LAC,LA Clippers,21500853,2016-02-24T00:00:00,LAC vs. DEN,L,2.1,0.0,0.0,0.0,0.0,2.0,0.0,0.0,0.0,0.0,0.0,0.0,1.0,0.0,1,13074,13074,13074,25486,12059,10158,9917,18861,2619,1,1,25429,8004,1,1,12373,25170,1.0,2:05,2015,2016
2015-16,203143,Pablo Prigioni,Pablo,1610612746,LAC,LA Clippers,21500853,2016-02-24T00:00:00,LAC vs. DEN,L,10.1,0.0,0.0,0.0,0.0,3.0,0.0,1.0,8.0,0.0,0.0,5.0,0.0,8.9,1,13074,13074,13074,22402,12059,10158,9917,18861,5109,1,3646,21543,8004,1,24686,18762,19914,1.0,10:05,2015,2016
2015-16,1718,Paul Pierce,Paul,1610612746,LAC,LA Clippers,21500853,2016-02-24T00:00:00,LAC vs. DEN,L,16.7,0.0,0.0,0.0,2.0,9.0,8.0,11.0,24.0,1.0,0.0,1.0,1.0,13.2,1,13074,13074,13074,18498,12059,10158,9917,12984,15771,17345,21342,8723,2692,1,4972,12373,16768,1.0,16:42,2015,2016
2015-16,101108,Chris Paul,Chris,1610612746,LAC,LA Clippers,21500853,2016-02-24T00:00:00,LAC vs. DEN,L,35.2,3.0,0.0,2.0,2.0,16.0,17.0,18.0,36.0,0.0,2.0,3.0,1.0,49.2,1,13074,13074,13074,3374,4307,10158,4675,12984,23774,25429,25228,1943,8004,23588,17641,12373,842,1.0,35:13,2015,2016
2015-16,2037,Jamal Crawford,Jamal,1610612746,LAC,LA Clippers,21500853,2016-02-24T00:00:00,LAC vs. DEN,L,27.7,5.0,5.0,2.0,4.0,12.0,6.0,8.0,20.0,0.0,0.0,3.0,5.0,26.5,1,13074,13074,13074,9441,1603,995,4675,8599,20178,13237,17194,11929,8004,1,17641,1539,7627,1.0,27:43,2015,2016
2015-16,201145,Jeff Green,Jeff,1610612746,LAC,LA Clippers,21500853,2016-02-24T00:00:00,LAC vs. DEN,L,25.5,0.0,4.0,0.0,6.0,10.0,5.0,4.0,12.0,3.0,0.0,2.0,1.0,20.5,1,13074,13074,13074,11289,12059,1596,9917,5299,17370,11469,8806,18637,347,1,11390,12373,11401,1.0,25:30,2015,2016
2015-16,200755,JJ Redick,JJ,1610612746,LAC,LA Clippers,21500853,2016-02-24T00:00:00,LAC vs. DEN,L,32.1,9.0,3.0,3.0,0.0,14.0,15.0,16.0,32.0,0.0,0.0,0.0,1.0,26.1,1,13074,13074,13074,5799,171,3104,3302,18861,22292,24781,24641,3535,8004,1,1,12373,7836,1.0,32:07,2015,2016
2015-16,202325,Wesley Johnson,Wesley,1610612746,LAC,LA Clippers,21500853,2016-02-24T00:00:00,LAC vs. DEN,L,22.6,0.0,0.0,0.0,2.0,14.0,9.0,10.0,22.0,0.0,0.0,2.0,0.0,17.4,1,13074,13074,13074,13661,12059,10158,9917,12984,22292,19144,20169,10265,8004,1,11390,18762,13595,1.0,22:38,2015,2016
2015-16,201599,DeAndre Jordan,DeAndre,1610612746,LAC,LA Clippers,21500853,2016-02-24T00:00:00,LAC vs. DEN,L,36.9,2.0,1.0,2.0,4.0,16.0,17.0,18.0,38.0,4.0,0.0,2.0,4.0,33.9,1,13074,13074,13074,2180,6026,9709,4675,8599,23774,25429,25228,1422,132,1,11390,2748,4208,1.0,36:51,2015,2016
2015-16,202332,Cole Aldrich,Cole,1610612746,LAC,LA Clippers,21500853,2016-02-24T00:00:00,LAC vs. DEN,L,11.2,2.0,0.0,0.0,2.0,5.0,0.0,1.0,6.0,1.0,0.0,1.0,0.0,14.8,1,13074,13074,13074,21966,6026,10158,9917,12984,8403,1,3646,22724,2692,1,4972,18762,15561,1.0,11:09,2015,2016
2015-16,202325,Wesley Johnson,Wesley,1610612746,LAC,LA Clippers,21500839,2016-02-22T00:00:00,LAC vs. PHX,W,28.3,3.0,3.0,5.0,4.0,10.0,8.0,10.0,20.0,1.0,0.0,2.0,1.0,32.6,1,1,1,1,9028,4307,3104,1277,8599,17370,17345,20169,11929,2692,1,11390,12373,4687,1.0,28:16,2015,2016
2015-16,203143,Pablo Prigioni,Pablo,1610612746,LAC,LA Clippers,21500839,2016-02-22T00:00:00,LAC vs. PHX,W,21.2,0.0,0.0,0.0,2.0,10.0,7.0,8.0,22.0,0.0,0.0,2.0,1.0,17.7,1,1,1,1,14897,12059,10158,9917,12984,17370,15642,17194,10265,8004,1,11390,12373,13380,1.0,21:11,2015,2016
2015-16,201601,Luc Mbah a Moute,Luc,1610612746,LAC,LA Clippers,21500839,2016-02-22T00:00:00,LAC vs. PHX,W,20.3,2.0,0.0,2.0,6.0,0.0,0.0,7.0,4.0,0.0,0.0,1.0,1.0,10.0,1,1,1,1,15630,6026,10158,4675,5299,1,1,15538,23698,8004,1,4972,12373,19178,1.0,20:19,2015,2016
2015-16,201145,Jeff Green,Jeff,1610612746,LAC,LA Clippers,21500839,2016-02-22T00:00:00,LAC vs. PHX,W,23.7,0.0,2.0,0.0,6.0,10.0,7.0,8.0,22.0,1.0,1.0,1.0,4.0,30.0,1,1,1,1,12822,12059,4731,9917,5299,17370,15642,17194,10265,2692,17214,4972,2748,5840,1.0,23:42,2015,2016
2015-16,203912,C.J. Wilcox,C.J.,1610612746,LAC,LA Clippers,21500839,2016-02-22T00:00:00,LAC vs. PHX,W,10.5,0.0,0.0,0.0,2.0,4.0,2.0,4.0,8.0,0.0,0.0,0.0,1.0,11.5,1,1,1,1,22243,12059,10158,9917,12984,6141,3734,8806,21543,8004,1,1,12373,18079,1.0,10:28,2015,2016
2015-16,101108,Chris Paul,Chris,1610612746,LAC,LA Clippers,21500839,2016-02-22T00:00:00,LAC vs. PHX,W,26.8,4.0,0.0,0.0,6.0,2.0,1.0,7.0,4.0,0.0,0.0,3.0,1.0,44.4,1,1,1,1,10168,2460,10158,9917,5299,2619,3393,15538,23698,8004,1,17641,12373,1474,1.0,26:49,2015,2016
2015-16,1627293,Alex Stepheson,Alex,1610612746,LAC,LA Clippers,21500839,2016-02-22T00:00:00,LAC vs. PHX,W,7.1,0.0,2.0,0.0,2.0,2.0,2.0,2.0,6.0,1.0,0.0,3.0,1.0,6.2,1,1,1,1,23542,12059,4731,9917,12984,2619,3734,4025,22724,2692,1,17641,12373,21696,1.0,7:03,2015,2016
2015-16,2037,Jamal Crawford,Jamal,1610612746,LAC,LA Clippers,21500839,2016-02-22T00:00:00,LAC vs. PHX,W,17.2,0.0,0.0,0.0,0.0,8.0,6.0,4.0,14.0,0.0,0.0,1.0,1.0,1.0,1,1,1,1,18118,12059,10158,9917,18861,13914,13237,8806,17019,8004,1,4972,12373,24960,1.0,17:13,2015,2016
2015-16,1718,Paul Pierce,Paul,1610612746,LAC,LA Clippers,21500839,2016-02-22T00:00:00,LAC vs. PHX,W,18.8,0.0,0.0,2.0,0.0,2.0,0.0,5.0,4.0,0.0,0.0,1.0,3.0,18.3,1,1,1,1,16860,12059,10158,4675,18861,2619,1,11593,23698,8004,1,4972,4736,12952,1.0,18:49,2015,2016
2015-16,200755,JJ Redick,JJ,1610612746,LAC,LA Clippers,21500839,2016-02-22T00:00:00,LAC vs. PHX,W,25.2,5.0,2.0,5.0,4.0,2.0,1.0,7.0,6.0,0.0,1.0,0.0,6.0,31.6,1,1,1,1,11515,1603,4731,1277,8599,2619,3393,15538,22724,8004,17214,1,873,5130,1.0,25:13,2015,2016
2015-16,201599,DeAndre Jordan,DeAndre,1610612746,LAC,LA Clippers,21500839,2016-02-22T00:00:00,LAC vs. PHX,W,26.7,6.0,1.0,2.0,12.0,2.0,1.0,7.0,4.0,4.0,0.0,4.0,7.0,41.7,1,1,1,1,10283,878,9709,4675,988,2619,3393,15538,23698,132,1,22104,469,2002,1.0,26:42,2015,2016
2015-16,202332,Cole Aldrich,Cole,1610612746,LAC,LA Clippers,21500839,2016-02-22T00:00:00,LAC vs. PHX,W,14.3,0.0,4.0,0.0,8.0,8.0,5.0,6.0,16.0,3.0,0.0,2.0,0.0,27.1,1,1,1,1,20248,12059,1596,9917,3109,13914,11469,13388,15259,347,1,11390,18762,7339,1.0,14:15,2015,2016
2015-16,1718,Paul Pierce,Paul,1610612746,LAC,LA Clippers,21500822,2016-02-20T00:00:00,LAC vs. GSW,L,16.0,0.0,0.0,0.0,0.0,2.0,9.0,5.0,18.0,0.0,0.0,4.0,0.0,4.0,1,13074,13074,13074,19059,12059,10158,9917,18861,2619,19144,11593,13577,8004,1,22104,18762,23142,1.0,15:58,2015,2016
2015-16,201601,Luc Mbah a Moute,Luc,1610612746,LAC,LA Clippers,21500822,2016-02-20T00:00:00,LAC vs. GSW,L,12.7,0.0,0.0,0.0,0.0,5.0,5.0,7.0,16.0,0.0,0.0,0.0,0.0,-1.0,1,13074,13074,13074,21134,12059,10158,9917,18861,8403,11469,15538,15259,8004,1,1,18762,25932,1.0,12:42,2015,2016
2015-16,202332,Cole Aldrich,Cole,1610612746,LAC,LA Clippers,21500822,2016-02-20T00:00:00,LAC vs. GSW,L,8.1,0.0,2.0,0.0,4.0,2.0,4.0,3.0,8.0,0.0,1.0,2.0,2.0,13.2,1,13074,13074,13074,23143,12059,4731,9917,8599,2619,8458,7328,21543,8004,17214,11390,7786,16768,1.0,8:07,2015,2016
2015-16,202325,Wesley Johnson,Wesley,1610612746,LAC,LA Clippers,21500822,2016-02-20T00:00:00,LAC vs. GSW,L,31.0,6.0,2.0,0.0,0.0,14.0,9.0,25.0,34.0,0.0,0.0,2.0,0.0,20.3,1,13074,13074,13074,6760,878,4731,9917,18861,22292,19144,25980,2701,8004,1,11390,18762,11534,1.0,30:57,2015,2016
2015-16,2037,Jamal Crawford,Jamal,1610612746,LAC,LA Clippers,21500822,2016-02-20T00:00:00,LAC vs. GSW,L,37.6,4.0,2.0,9.0,8.0,14.0,14.0,27.0,48.0,0.0,0.0,1.0,5.0,40.1,1,13074,13074,13074,1722,2460,4731,184,3109,22292,24300,26031,192,8004,1,4972,1539,2345,1.0,37:33,2015,2016
2015-16,201599,DeAndre Jordan,DeAndre,1610612746,LAC,LA Clippers,21500822,2016-02-20T00:00:00,LAC vs. GSW,L,36.5,1.0,4.0,0.0,14.0,14.0,10.0,29.0,48.0,2.0,0.0,2.0,3.0,55.7,1,13074,13074,13074,2374,11535,1596,9917,542,22292,20509,26054,192,932,1,11390,4736,365,1.0,36:33,2015,2016
2015-16,101108,Chris Paul,Chris,1610612746,LAC,LA Clippers,21500822,2016-02-20T00:00:00,LAC vs. GSW,L,34.9,0.0,0.0,2.0,12.0,13.0,5.0,28.0,52.0,0.0,0.0,2.0,4.0,43.4,1,13074,13074,13074,3617,12059,10158,4675,988,21300,11469,26047,59,8004,1,11390,2748,1662,1.0,34:54,2015,2016
2015-16,203912,C.J. Wilcox,C.J.,1610612746,LAC,LA Clippers,21500822,2016-02-20T00:00:00,LAC vs. GSW,L,4.8,0.0,0.0,3.0,0.0,0.0,5.0,0.0,2.0,0.0,0.0,1.0,0.0,10.2,1,13074,13074,13074,24436,12059,10158,3302,18861,1,11469,1,24614,8004,1,4972,18762,19003,1.0,4:47,2015,2016
2015-16,203143,Pablo Prigioni,Pablo,1610612746,LAC,LA Clippers,21500822,2016-02-20T00:00:00,LAC vs. GSW,L,10.0,6.0,3.0,3.0,0.0,3.0,6.0,4.0,4.0,0.0,0.0,2.0,1.0,14.6,1,13074,13074,13074,22457,878,3104,3302,18861,5109,13237,8806,23698,8004,1,11390,12373,15699,1.0,9:58,2015,2016
2015-16,200755,JJ Redick,JJ,1610612746,LAC,LA Clippers,21500822,2016-02-20T00:00:00,LAC vs. GSW,L,27.2,4.0,5.0,2.0,6.0,8.0,9.0,13.0,36.0,0.0,0.0,5.0,1.0,18.2,1,13074,13074,13074,9872,2460,995,4675,5299,13914,19144,23048,1943,8004,1,24686,12373,13004,1.0,27:10,2015,2016
2015-16,201145,Jeff Green,Jeff,1610612746,LAC,LA Clippers,21500822,2016-02-20T00:00:00,LAC vs. GSW,L,19.7,0.0,0.0,0.0,2.0,5.0,4.0,19.0,24.0,0.0,1.0,3.0,3.0,5.9,1,13074,13074,13074,16148,12059,10158,9917,12984,8403,8458,25435,8723,8004,17214,17641,4736,21953,1.0,19:42,2015,2016
2015-16,1627293,Alex Stepheson,Alex,1610612746,LAC,LA Clippers,21500822,2016-02-20T00:00:00,LAC vs. GSW,L,1.7,0.0,0.0,0.0,0.0,0.0,0.0,0.0,0.0,0.0,0.0,0.0,0.0,1.2,1,13074,13074,13074,25637,12059,10158,9917,18861,1,1,1,25429,8004,1,1,18762,24661,1.0,1:39,2015,2016
2015-16,2037,Jamal Crawford,Jamal,1610612746,LAC,LA Clippers,21500804,2016-02-18T00:00:00,LAC vs. SAS,W,30.0,0.0,2.0,0.0,6.0,12.0,5.0,7.0,28.0,0.0,1.0,1.0,1.0,23.4,1,1,1,1,7586,12059,4731,9917,5299,20178,11469,15538,5824,8004,17214,4972,12373,9501,1.0,29:57,2015,2016
2015-16,202325,Wesley Johnson,Wesley,1610612746,LAC,LA Clippers,21500804,2016-02-18T00:00:00,LAC vs. SAS,W,32.3,2.0,0.0,0.0,0.0,12.0,11.0,9.0,34.0,1.0,0.0,0.0,0.0,19.2,1,1,1,1,5630,6026,10158,9917,18861,20178,21814,18829,2701,2692,1,1,18762,12284,1.0,32:20,2015,2016
2015-16,101108,Chris Paul,Chris,1610612746,LAC,LA Clippers,21500804,2016-02-18T00:00:00,LAC vs. SAS,W,37.0,9.0,7.0,7.0,6.0,7.0,9.0,4.0,30.0,1.0,0.0,2.0,5.0,56.0,1,1,1,1,2109,171,292,454,5299,12242,19144,8806,4541,2692,1,11390,1539,352,1.0,36:57,2015,2016
2015-16,201601,Luc Mbah a Moute,Luc,1610612746,LAC,LA Clippers,21500804,2016-02-18T00:00:00,LAC vs. SAS,W,18.2,0.0,2.0,3.0,2.0,6.0,6.0,2.0,14.0,0.0,0.0,4.0,0.0,9.4,1,1,1,1,17385,12059,4731,3302,12984,10028,13237,4025,17019,8004,1,22104,18762,19568,1.0,18:09,2015,2016
2015-16,203912,C.J. Wilcox,C.J.,1610612746,LAC,LA Clippers,21500804,2016-02-18T00:00:00,LAC vs. SAS,W,9.3,0.0,0.0,0.0,0.0,8.0,0.0,6.0,14.0,0.0,0.0,2.0,2.0,3.5,1,1,1,1,22728,12059,10158,9917,18861,13914,1,13388,17019,8004,1,11390,7786,23351,1.0,9:16,2015,2016
2015-16,1626183,Branden Dawson,Branden,1610612746,LAC,LA Clippers,21500804,2016-02-18T00:00:00,LAC vs. SAS,W,1.5,0.0,0.0,0.0,0.0,2.0,0.0,2.0,4.0,0.0,0.0,0.0,0.0,0.0,1,1,1,1,25706,12059,10158,9917,18861,2619,1,4025,23698,8004,1,1,18762,25170,1.0,1:28,2015,2016
2015-16,201599,DeAndre Jordan,DeAndre,1610612746,LAC,LA Clippers,21500804,2016-02-18T00:00:00,LAC vs. SAS,W,37.0,1.0,0.0,0.0,8.0,11.0,12.0,7.0,34.0,2.0,0.0,3.0,4.0,42.9,1,1,1,1,2087,11535,10158,9917,3109,18886,22832,15538,2701,932,1,17641,2748,1754,1.0,36:59,2015,2016
2015-16,200755,JJ Redick,JJ,1610612746,LAC,LA Clippers,21500804,2016-02-18T00:00:00,LAC vs. SAS,W,31.6,1.0,2.0,1.0,6.0,9.0,12.0,5.0,22.0,0.0,1.0,3.0,2.0,20.2,1,1,1,1,6210,11535,4731,9347,5299,15771,22832,11593,10265,8004,17214,17641,7786,11610,1.0,31:37,2015,2016
2015-16,1718,Paul Pierce,Paul,1610612746,LAC,LA Clippers,21500804,2016-02-18T00:00:00,LAC vs. SAS,W,22.9,2.0,0.0,3.0,2.0,5.0,3.0,4.0,20.0,0.0,0.0,2.0,1.0,17.3,1,1,1,1,13467,6026,10158,3302,12984,8403,7138,8806,11929,8004,1,11390,12373,13671,1.0,22:54,2015,2016
2015-16,202332,Cole Aldrich,Cole,1610612746,LAC,LA Clippers,21500804,2016-02-18T00:00:00,LAC vs. SAS,W,20.4,4.0,0.0,0.0,8.0,8.0,7.0,9.0,20.0,3.0,0.0,3.0,1.0,28.6,1,1,1,1,15578,2460,10158,9917,3109,13914,15642,18829,11929,347,1,17641,12373,6560,1.0,20:23,2015,2016
2015-16,1718,Paul Pierce,Paul,1610612746,LAC,LA Clippers,21500792,2016-02-10T00:00:00,LAC @ BOS,L,21.6,0.0,0.0,0.0,0.0,9.0,8.0,6.0,14.0,1.0,0.0,2.0,1.0,12.1,1,13074,13074,13074,14514,12059,10158,9917,18861,15771,17345,13388,17019,2692,1,11390,12373,17639,1.0,21:37,2015,2016
2015-16,2037,Jamal Crawford,Jamal,1610612746,LAC,LA Clippers,21500792,2016-02-10T00:00:00,LAC @ BOS,L,37.8,0.0,0.0,0.0,2.0,11.0,10.0,8.0,28.0,0.0,0.0,3.0,5.0,28.0,1,13074,13074,13074,1628,12059,10158,9917,12984,18886,20509,17194,5824,8004,1,17641,1539,6864,1.0,37:45,2015,2016
2015-16,101108,Chris Paul,Chris,1610612746,LAC,LA Clippers,21500792,2016-02-10T00:00:00,LAC @ BOS,L,47.6,10.0,0.0,2.0,8.0,13.0,17.0,10.0,36.0,1.0,0.0,5.0,7.0,70.5,1,13074,13074,13074,28,99,10158,4675,3109,21300,25429,20169,1943,2692,1,24686,469,44,1.0,47:38,2015,2016
2015-16,200755,JJ Redick,JJ,1610612746,LAC,LA Clippers,21500792,2016-02-10T00:00:00,LAC @ BOS,L,38.4,2.0,0.0,0.0,4.0,12.0,15.0,8.0,32.0,0.0,0.0,1.0,4.0,29.6,1,13074,13074,13074,1326,6026,10158,9917,8599,20178,24781,17194,3535,8004,1,4972,2748,6050,1.0,38:23,2015,2016
2015-16,201599,DeAndre Jordan,DeAndre,1610612746,LAC,LA Clippers,21500792,2016-02-10T00:00:00,LAC @ BOS,L,41.9,0.0,2.0,0.0,12.0,12.0,16.0,10.0,36.0,2.0,1.0,4.0,13.0,50.7,1,13074,13074,13074,323,12059,4731,9917,988,20178,25155,20169,1943,932,17214,22104,14,677,1.0,41:54,2015,2016
2015-16,202325,Wesley Johnson,Wesley,1610612746,LAC,LA Clippers,21500792,2016-02-10T00:00:00,LAC @ BOS,L,21.7,2.0,0.0,2.0,0.0,3.0,5.0,6.0,18.0,4.0,0.0,4.0,1.0,26.1,1,13074,13074,13074,14403,6026,10158,4675,18861,5109,11469,13388,13577,132,1,22104,12373,7836,1.0,21:44,2015,2016
2015-16,202362,Lance Stephenson,Lance,1610612746,LAC,LA Clippers,21500792,2016-02-10T00:00:00,LAC @ BOS,L,24.3,1.0,2.0,3.0,4.0,3.0,8.0,8.0,18.0,0.0,0.0,3.0,2.0,18.8,1,13074,13074,13074,12332,11535,4731,3302,8599,5109,17345,17194,13577,8004,1,17641,7786,12588,1.0,24:17,2015,2016
2015-16,202332,Cole Aldrich,Cole,1610612746,LAC,LA Clippers,21500792,2016-02-10T00:00:00,LAC @ BOS,L,8.3,0.0,0.0,0.0,2.0,3.0,0.0,4.0,4.0,1.0,0.0,4.0,0.0,10.2,1,13074,13074,13074,23076,12059,10158,9917,12984,5109,1,8806,23698,2692,1,22104,18762,19003,1.0,8:20,2015,2016
2015-16,203143,Pablo Prigioni,Pablo,1610612746,LAC,LA Clippers,21500792,2016-02-10T00:00:00,LAC @ BOS,L,5.4,0.0,0.0,0.0,0.0,2.0,0.0,4.0,6.0,0.0,0.0,0.0,0.0,2.4,1,13074,13074,13074,24223,12059,10158,9917,18861,2619,1,8806,22724,8004,1,1,18762,24024,1.0,5:22,2015,2016
2015-16,201601,Luc Mbah a Moute,Luc,1610612746,LAC,LA Clippers,21500792,2016-02-10T00:00:00,LAC @ BOS,L,15.8,0.0,0.0,0.0,0.0,7.0,6.0,6.0,16.0,0.0,1.0,2.0,0.0,4.7,1,13074,13074,13074,19160,12059,10158,9917,18861,12242,13237,13388,15259,8004,17214,11390,18762,22672,1.0,15:50,2015,2016
2015-16,201965,Jeff Ayres,Jeff,1610612746,LAC,LA Clippers,21500792,2016-02-10T00:00:00,LAC @ BOS,L,2.2,0.0,2.0,2.0,4.0,0.0,0.0,0.0,2.0,0.0,0.0,1.0,0.0,5.2,1,13074,13074,13074,25462,12059,4731,4675,8599,1,1,1,24614,8004,1,4972,18762,22370,1.0,2:10,2015,2016
2015-16,202362,Lance Stephenson,Lance,1610612746,LAC,LA Clippers,21500777,2016-02-08T00:00:00,LAC @ PHI,W,16.2,2.0,0.0,0.0,2.0,7.0,3.0,0.0,8.0,0.0,1.0,1.0,0.0,5.1,1,1,1,1,18898,6026,10158,9917,12984,12242,7138,1,21543,8004,17214,4972,18762,22478,1.0,16:11,2015,2016
2015-16,2037,Jamal Crawford,Jamal,1610612746,LAC,LA Clippers,21500777,2016-02-08T00:00:00,LAC @ PHI,W,39.1,9.0,0.0,5.0,8.0,7.0,11.0,12.0,30.0,0.0,1.0,1.0,5.0,36.1,1,1,1,1,1037,171,10158,1277,3109,12242,21814,22259,4541,8004,17214,4972,1539,3432,1.0,39:06,2015,2016
2015-16,101108,Chris Paul,Chris,1610612746,LAC,LA Clippers,21500777,2016-02-08T00:00:00,LAC @ PHI,W,39.7,4.0,4.0,2.0,2.0,9.0,10.0,18.0,36.0,0.0,2.0,3.0,12.0,45.7,1,1,1,1,832,2460,1596,4675,12984,15771,20509,25228,1943,8004,23588,17641,27,1251,1.0,39:39,2015,2016
2015-16,201599,DeAndre Jordan,DeAndre,1610612746,LAC,LA Clippers,21500777,2016-02-08T00:00:00,LAC @ PHI,W,42.7,2.0,3.0,0.0,10.0,6.0,10.0,18.0,40.0,3.0,0.0,4.0,6.0,45.7,1,1,1,1,231,6026,3104,9917,1840,10028,20509,25228,983,347,1,22104,873,1251,1.0,42:42,2015,2016
2015-16,202325,Wesley Johnson,Wesley,1610612746,LAC,LA Clippers,21500777,2016-02-08T00:00:00,LAC @ PHI,W,41.8,0.0,0.0,2.0,2.0,6.0,10.0,16.0,38.0,1.0,0.0,4.0,0.0,28.8,1,1,1,1,344,12059,10158,4675,12984,10028,20509,24641,1422,2692,1,22104,18762,6465,1.0,41:48,2015,2016
2015-16,202332,Cole Aldrich,Cole,1610612746,LAC,LA Clippers,21500777,2016-02-08T00:00:00,LAC @ PHI,W,10.3,2.0,2.0,2.0,8.0,7.0,3.0,0.0,4.0,0.0,0.0,1.0,2.0,16.6,1,1,1,1,22321,6026,4731,4675,3109,12242,7138,1,23698,8004,1,4972,7786,14125,1.0,10:18,2015,2016
2015-16,201601,Luc Mbah a Moute,Luc,1610612746,LAC,LA Clippers,21500777,2016-02-08T00:00:00,LAC @ PHI,W,23.0,0.0,0.0,0.0,2.0,9.0,3.0,8.0,18.0,0.0,1.0,1.0,0.0,16.1,1,1,1,1,13345,12059,10158,9917,12984,15771,7138,17194,13577,8004,17214,4972,18762,14515,1.0,23:03,2015,2016
2015-16,203143,Pablo Prigioni,Pablo,1610612746,LAC,LA Clippers,21500777,2016-02-08T00:00:00,LAC @ PHI,W,13.4,0.0,0.0,0.0,0.0,4.0,3.0,0.0,8.0,0.0,0.0,3.0,1.0,8.4,1,1,1,1,20769,12059,10158,9917,18861,6141,7138,1,21543,8004,1,17641,12373,20273,1.0,13:21,2015,2016
2015-16,200755,JJ Redick,JJ,1610612746,LAC,LA Clippers,21500777,2016-02-08T00:00:00,LAC @ PHI,W,38.9,4.0,0.0,6.0,4.0,10.0,12.0,18.0,38.0,0.0,0.0,4.0,5.0,25.4,1,1,1,1,1113,2460,10158,740,8599,17370,22832,25228,1422,8004,1,22104,1539,8273,1.0,38:53,2015,2016
2015-16,2037,Jamal Crawford,Jamal,1610612746,LAC,LA Clippers,21500772,2016-02-07T00:00:00,LAC @ MIA,W,34.3,5.0,0.0,2.0,4.0,6.0,10.0,9.0,26.0,0.0,0.0,1.0,3.0,23.2,1,1,1,1,4131,1603,10158,4675,8599,10028,20509,18829,7214,8004,1,4972,4736,9630,1.0,34:16,2015,2016
2015-16,101108,Chris Paul,Chris,1610612746,LAC,LA Clippers,21500772,2016-02-07T00:00:00,LAC @ MIA,W,34.0,2.0,0.0,0.0,6.0,8.0,8.0,5.0,16.0,0.0,0.0,2.0,2.0,36.9,1,1,1,1,4349,6026,10158,9917,5299,13914,17345,11593,15259,8004,1,11390,7786,3210,1.0,34:00,2015,2016
2015-16,201599,DeAndre Jordan,DeAndre,1610612746,LAC,LA Clippers,21500772,2016-02-07T00:00:00,LAC @ MIA,W,34.6,0.0,2.0,0.0,6.0,6.0,8.0,4.0,18.0,3.0,0.0,3.0,7.0,35.7,1,1,1,1,3864,12059,4731,9917,5299,10028,17345,8806,13577,347,1,17641,469,3578,1.0,34:36,2015,2016
2015-16,202325,Wesley Johnson,Wesley,1610612746,LAC,LA Clippers,21500772,2016-02-07T00:00:00,LAC @ MIA,W,17.7,0.0,0.0,0.0,0.0,4.0,7.0,5.0,20.0,0.0,0.0,5.0,1.0,24.4,1,1,1,1,17733,12059,10158,9917,18861,6141,15642,11593,11929,8004,1,24686,12373,8867,1.0,17:44,2015,2016
2015-16,202332,Cole Aldrich,Cole,1610612746,LAC,LA Clippers,21500772,2016-02-07T00:00:00,LAC @ MIA,W,13.3,0.0,4.0,0.0,4.0,6.0,4.0,5.0,12.0,2.0,0.0,2.0,3.0,24.7,1,1,1,1,20802,12059,1596,9917,8599,10028,8458,11593,18637,932,1,11390,4736,8673,1.0,13:19,2015,2016
2015-16,201601,Luc Mbah a Moute,Luc,1610612746,LAC,LA Clippers,21500772,2016-02-07T00:00:00,LAC @ MIA,W,20.3,0.0,0.0,0.0,0.0,6.0,2.0,2.0,8.0,0.0,0.0,1.0,1.0,8.6,1,1,1,1,15615,12059,10158,9917,18861,10028,3734,4025,21543,8004,1,4972,12373,20125,1.0,20:20,2015,2016
2015-16,203143,Pablo Prigioni,Pablo,1610612746,LAC,LA Clippers,21500772,2016-02-07T00:00:00,LAC @ MIA,W,14.1,2.0,0.0,0.0,0.0,4.0,4.0,4.0,14.0,0.0,0.0,2.0,0.0,9.2,1,1,1,1,20363,6026,10158,9917,18861,6141,8458,8806,17019,8004,1,11390,18762,19680,1.0,14:05,2015,2016
2015-16,200755,JJ Redick,JJ,1610612746,LAC,LA Clippers,21500772,2016-02-07T00:00:00,LAC @ MIA,W,32.2,0.0,0.0,2.0,4.0,8.0,8.0,4.0,16.0,0.0,0.0,3.0,4.0,20.7,1,1,1,1,5730,12059,10158,4675,8599,13914,17345,8806,15259,8004,1,17641,2748,11252,1.0,32:11,2015,2016
2015-16,1718,Paul Pierce,Paul,1610612746,LAC,LA Clippers,21500772,2016-02-07T00:00:00,LAC @ MIA,W,21.9,0.0,0.0,3.0,0.0,6.0,5.0,2.0,6.0,0.0,0.0,2.0,0.0,11.8,1,1,1,1,14244,12059,10158,3302,18861,10028,11469,4025,22724,8004,1,11390,18762,17832,1.0,21:55,2015,2016
2015-16,202362,Lance Stephenson,Lance,1610612746,LAC,LA Clippers,21500772,2016-02-07T00:00:00,LAC @ MIA,W,17.6,2.0,2.0,0.0,6.0,6.0,4.0,5.0,14.0,0.0,0.0,4.0,0.0,13.7,1,1,1,1,17847,6026,4731,9917,5299,10028,8458,11593,17019,8004,1,22104,18762,16393,1.0,17:34,2015,2016
2015-16,1718,Paul Pierce,Paul,1610612746,LAC,LA Clippers,21500752,2016-02-05T00:00:00,LAC @ ORL,W,19.8,0.0,0.0,0.0,0.0,8.0,2.0,4.0,12.0,0.0,0.0,2.0,2.0,20.1,1,1,1,1,16081,12059,10158,9917,18861,13914,3734,8806,18637,8004,1,11390,7786,11685,1.0,19:48,2015,2016
2015-16,101108,Chris Paul,Chris,1610612746,LAC,LA Clippers,21500752,2016-02-05T00:00:00,LAC @ ORL,W,35.6,4.0,0.0,4.0,6.0,17.0,4.0,4.0,22.0,0.0,0.0,3.0,5.0,40.8,1,1,1,1,3031,2460,10158,1913,5299,24337,8458,8806,10265,8004,1,17641,1539,2181,1.0,35:38,2015,2016
2015-16,2037,Jamal Crawford,Jamal,1610612746,LAC,LA Clippers,21500752,2016-02-05T00:00:00,LAC @ ORL,W,35.0,6.0,0.0,4.0,4.0,23.0,9.0,5.0,22.0,1.0,0.0,4.0,5.0,32.2,1,1,1,1,3509,878,10158,1913,8599,25803,19144,11593,10265,2692,1,22104,1539,4846,1.0,35:02,2015,2016
2015-16,201599,DeAndre Jordan,DeAndre,1610612746,LAC,LA Clippers,21500752,2016-02-05T00:00:00,LAC @ ORL,W,37.3,5.0,2.0,1.0,8.0,17.0,7.0,4.0,26.0,3.0,1.0,1.0,4.0,44.1,1,1,1,1,1890,1603,4731,9347,3109,24337,15642,8806,7214,347,17214,4972,2748,1542,1.0,37:18,2015,2016
2015-16,202325,Wesley Johnson,Wesley,1610612746,LAC,LA Clippers,21500752,2016-02-05T00:00:00,LAC @ ORL,W,27.1,0.0,0.0,0.0,0.0,22.0,9.0,2.0,20.0,4.0,0.0,1.0,1.0,25.0,1,1,1,1,9912,12059,10158,9917,18861,25683,19144,4025,11929,132,1,4972,12373,8485,1.0,27:07,2015,2016
2015-16,200755,JJ Redick,JJ,1610612746,LAC,LA Clippers,21500752,2016-02-05T00:00:00,LAC @ ORL,W,27.2,3.0,0.0,5.0,2.0,14.0,2.0,4.0,20.0,0.0,0.0,2.0,2.0,25.6,1,1,1,1,9822,4307,10158,1277,12984,22292,3734,8806,11929,8004,1,11390,7786,8157,1.0,27:14,2015,2016
2015-16,202362,Lance Stephenson,Lance,1610612746,LAC,LA Clippers,21500752,2016-02-05T00:00:00,LAC @ ORL,W,19.4,2.0,0.0,0.0,8.0,14.0,7.0,2.0,10.0,0.0,0.0,3.0,1.0,20.7,1,1,1,1,16387,6026,10158,9917,3109,22292,15642,4025,20209,8004,1,17641,12373,11252,1.0,19:24,2015,2016
2015-16,201965,Jeff Ayres,Jeff,1610612746,LAC,LA Clippers,21500752,2016-02-05T00:00:00,LAC @ ORL,W,2.2,0.0,0.0,0.0,0.0,4.0,2.0,2.0,4.0,0.0,0.0,1.0,0.0,-1.0,1,1,1,1,25462,12059,10158,9917,18861,6141,3734,4025,23698,8004,1,4972,18762,25932,1.0,2:10,2015,2016
2015-16,202332,Cole Aldrich,Cole,1610612746,LAC,LA Clippers,21500752,2016-02-05T00:00:00,LAC @ ORL,W,8.3,0.0,0.0,0.0,2.0,9.0,2.0,0.0,2.0,0.0,0.0,5.0,0.0,5.4,1,1,1,1,23074,12059,10158,9917,12984,15771,3734,1,24614,8004,1,24686,18762,22242,1.0,8:20,2015,2016
2015-16,203912,C.J. Wilcox,C.J.,1610612746,LAC,LA Clippers,21500752,2016-02-05T00:00:00,LAC @ ORL,W,1.8,0.0,0.0,0.0,0.0,0.0,0.0,0.0,2.0,0.0,0.0,0.0,0.0,0.0,1,1,1,1,25589,12059,10158,9917,18861,1,1,1,24614,8004,1,1,18762,25170,1.0,1:48,2015,2016
2015-16,203143,Pablo Prigioni,Pablo,1610612746,LAC,LA Clippers,21500752,2016-02-05T00:00:00,LAC @ ORL,W,10.6,0.0,0.0,0.0,2.0,13.0,7.0,2.0,8.0,0.0,0.0,1.0,0.0,6.6,1,1,1,1,22201,12059,10158,9917,12984,21300,15642,4025,21543,8004,1,4972,18762,21445,1.0,10:34,2015,2016
2015-16,201601,Luc Mbah a Moute,Luc,1610612746,LAC,LA Clippers,21500752,2016-02-05T00:00:00,LAC @ ORL,W,15.6,0.0,0.0,0.0,0.0,9.0,4.0,1.0,12.0,0.0,0.0,0.0,0.0,3.8,1,1,1,1,19334,12059,10158,9917,18861,15771,8458,3646,18637,8004,1,1,18762,23270,1.0,15:37,2015,2016
2015-16,201601,Luc Mbah a Moute,Luc,1610612746,LAC,LA Clippers,21500745,2016-02-03T00:00:00,LAC vs. MIN,L,19.9,0.0,0.0,0.0,4.0,11.0,11.0,8.0,24.0,0.0,0.0,1.0,2.0,6.2,1,13074,13074,13074,15977,12059,10158,9917,8599,18886,21814,17194,8723,8004,1,4972,7786,21696,1.0,19:56,2015,2016
2015-16,202362,Lance Stephenson,Lance,1610612746,LAC,LA Clippers,21500745,2016-02-03T00:00:00,LAC vs. MIN,L,12.2,0.0,2.0,0.0,2.0,7.0,5.0,2.0,10.0,0.0,0.0,1.0,0.0,5.4,1,13074,13074,13074,21433,12059,4731,9917,12984,12242,11469,4025,20209,8004,1,4972,18762,22242,1.0,12:12,2015,2016
2015-16,200755,JJ Redick,JJ,1610612746,LAC,LA Clippers,21500745,2016-02-03T00:00:00,LAC vs. MIN,L,32.8,2.0,0.0,0.0,0.0,15.0,14.0,8.0,36.0,0.0,2.0,1.0,2.0,6.9,1,13074,13074,13074,5259,6026,10158,9917,18861,23079,24300,17194,1943,8004,23588,4972,7786,21262,1.0,32:50,2015,2016
2015-16,203143,Pablo Prigioni,Pablo,1610612746,LAC,LA Clippers,21500745,2016-02-03T00:00:00,LAC vs. MIN,L,12.3,2.0,0.0,2.0,2.0,7.0,3.0,0.0,12.0,0.0,0.0,2.0,1.0,7.0,1,13074,13074,13074,21403,6026,10158,4675,12984,12242,7138,1,18637,8004,1,11390,12373,21188,1.0,12:16,2015,2016
2015-16,201599,DeAndre Jordan,DeAndre,1610612746,LAC,LA Clippers,21500745,2016-02-03T00:00:00,LAC vs. MIN,L,36.3,0.0,2.0,3.0,14.0,17.0,13.0,10.0,40.0,3.0,0.0,1.0,7.0,50.0,1,13074,13074,13074,2520,12059,4731,3302,542,24337,23668,20169,983,347,1,4972,469,756,1.0,36:20,2015,2016
2015-16,101108,Chris Paul,Chris,1610612746,LAC,LA Clippers,21500745,2016-02-03T00:00:00,LAC vs. MIN,L,35.7,0.0,0.0,0.0,2.0,17.0,13.0,10.0,38.0,0.0,0.0,2.0,4.0,42.8,1,13074,13074,13074,2946,12059,10158,9917,12984,24337,23668,20169,1422,8004,1,11390,2748,1776,1.0,35:44,2015,2016
2015-16,202325,Wesley Johnson,Wesley,1610612746,LAC,LA Clippers,21500745,2016-02-03T00:00:00,LAC vs. MIN,L,26.8,9.0,5.0,1.0,0.0,15.0,7.0,2.0,24.0,2.0,0.0,6.0,1.0,32.1,1,13074,13074,13074,10180,171,995,9347,18861,23079,15642,4025,8723,932,1,25827,12373,4889,1.0,26:48,2015,2016
2015-16,203085,Austin Rivers,Austin,1610612746,LAC,LA Clippers,21500745,2016-02-03T00:00:00,LAC vs. MIN,L,7.4,0.0,0.0,0.0,2.0,2.0,0.0,0.0,10.0,0.0,0.0,1.0,0.0,3.0,1,13074,13074,13074,23426,12059,10158,9917,12984,2619,1,1,20209,8004,1,4972,18762,23648,1.0,7:23,2015,2016
2015-16,202332,Cole Aldrich,Cole,1610612746,LAC,LA Clippers,21500745,2016-02-03T00:00:00,LAC vs. MIN,L,11.7,2.0,2.0,0.0,2.0,7.0,3.0,0.0,10.0,1.0,0.0,4.0,1.0,12.4,1,13074,13074,13074,21737,6026,4731,9917,12984,12242,7138,1,20209,2692,1,22104,12373,17418,1.0,11:40,2015,2016
2015-16,1718,Paul Pierce,Paul,1610612746,LAC,LA Clippers,21500745,2016-02-03T00:00:00,LAC vs. MIN,L,16.8,0.0,0.0,0.0,0.0,9.0,6.0,8.0,20.0,0.0,0.0,2.0,0.0,9.9,1,13074,13074,13074,18434,12059,10158,9917,18861,15771,13237,17194,11929,8004,1,11390,18762,19247,1.0,16:47,2015,2016
2015-16,2037,Jamal Crawford,Jamal,1610612746,LAC,LA Clippers,21500745,2016-02-03T00:00:00,LAC vs. MIN,L,28.1,6.0,2.0,4.0,8.0,13.0,5.0,2.0,26.0,0.0,1.0,1.0,6.0,33.3,1,13074,13074,13074,9180,878,4731,1913,3109,21300,11469,4025,7214,8004,17214,4972,873,4423,1.0,28:04,2015,2016
2015-16,201601,Luc Mbah a Moute,Luc,1610612746,LAC,LA Clippers,21500714,2016-01-31T00:00:00,LAC vs. CHI,W,25.3,0.0,0.0,0.0,2.0,2.0,2.0,5.0,30.0,0.0,2.0,3.0,1.0,15.4,1,1,1,1,11430,12059,10158,9917,12984,2619,3734,11593,4541,8004,23588,17641,12373,15066,1.0,25:19,2015,2016
2015-16,203085,Austin Rivers,Austin,1610612746,LAC,LA Clippers,21500714,2016-01-31T00:00:00,LAC vs. CHI,W,20.5,0.0,3.0,1.0,0.0,6.0,8.0,3.0,20.0,0.0,1.0,1.0,2.0,15.7,1,1,1,1,15465,12059,3104,9347,18861,10028,17345,7328,11929,8004,17214,4972,7786,14841,1.0,20:31,2015,2016
2015-16,200755,JJ Redick,JJ,1610612746,LAC,LA Clippers,21500714,2016-01-31T00:00:00,LAC vs. CHI,W,27.5,3.0,0.0,6.0,2.0,6.0,2.0,8.0,36.0,0.0,1.0,2.0,4.0,30.3,1,1,1,1,9616,4307,10158,740,12984,10028,3734,17194,1943,8004,17214,11390,2748,5702,1.0,27:29,2015,2016
2015-16,2037,Jamal Crawford,Jamal,1610612746,LAC,LA Clippers,21500714,2016-01-31T00:00:00,LAC vs. CHI,W,25.9,2.0,3.0,2.0,10.0,10.0,8.0,9.0,30.0,1.0,0.0,1.0,2.0,36.7,1,1,1,1,10896,6026,3104,4675,1840,17370,17345,18829,4541,2692,1,4972,7786,3269,1.0,25:56,2015,2016
2015-16,101108,Chris Paul,Chris,1610612746,LAC,LA Clippers,21500714,2016-01-31T00:00:00,LAC vs. CHI,W,32.6,2.0,0.0,4.0,8.0,8.0,6.0,8.0,42.0,0.0,0.0,0.0,1.0,35.7,1,1,1,1,5458,6026,10158,1913,3109,13914,13237,17194,670,8004,1,1,12373,3578,1.0,32:33,2015,2016
2015-16,201599,DeAndre Jordan,DeAndre,1610612746,LAC,LA Clippers,21500714,2016-01-31T00:00:00,LAC vs. CHI,W,35.5,2.0,6.0,0.0,12.0,8.0,6.0,11.0,44.0,4.0,0.0,1.0,7.0,61.0,1,1,1,1,3109,6026,481,9917,988,13914,13237,21342,454,132,1,4972,469,182,1.0,35:32,2015,2016
2015-16,202325,Wesley Johnson,Wesley,1610612746,LAC,LA Clippers,21500714,2016-01-31T00:00:00,LAC vs. CHI,W,20.2,0.0,5.0,0.0,2.0,8.0,6.0,5.0,24.0,0.0,0.0,2.0,1.0,14.9,1,1,1,1,15764,12059,995,9917,12984,13914,13237,11593,8723,8004,1,11390,12373,15463,1.0,20:10,2015,2016
2015-16,201965,Jeff Ayres,Jeff,1610612746,LAC,LA Clippers,21500714,2016-01-31T00:00:00,LAC vs. CHI,W,2.6,0.0,0.0,0.0,0.0,0.0,0.0,0.0,0.0,1.0,0.0,0.0,0.0,5.7,1,1,1,1,25281,12059,10158,9917,18861,1,1,1,25429,2692,1,1,18762,22054,1.0,2:37,2015,2016
2015-16,202362,Lance Stephenson,Lance,1610612746,LAC,LA Clippers,21500714,2016-01-31T00:00:00,LAC vs. CHI,W,9.1,0.0,0.0,0.0,0.0,0.0,2.0,0.0,4.0,0.0,0.0,2.0,0.0,12.7,1,1,1,1,22820,12059,10158,9917,18861,1,3734,1,23698,8004,1,11390,18762,17201,1.0,9:03,2015,2016
2015-16,1718,Paul Pierce,Paul,1610612746,LAC,LA Clippers,21500714,2016-01-31T00:00:00,LAC vs. CHI,W,15.9,0.0,0.0,0.0,0.0,4.0,2.0,6.0,26.0,0.0,0.0,1.0,2.0,3.2,1,1,1,1,19118,12059,10158,9917,18861,6141,3734,13388,7214,8004,1,4972,7786,23473,1.0,15:54,2015,2016
2015-16,203143,Pablo Prigioni,Pablo,1610612746,LAC,LA Clippers,21500714,2016-01-31T00:00:00,LAC vs. CHI,W,12.5,0.0,0.0,0.0,0.0,4.0,4.0,0.0,12.0,0.0,0.0,1.0,0.0,6.6,1,1,1,1,21296,12059,10158,9917,18861,6141,8458,1,18637,8004,1,4972,18762,21445,1.0,12:28,2015,2016
2015-16,203912,C.J. Wilcox,C.J.,1610612746,LAC,LA Clippers,21500714,2016-01-31T00:00:00,LAC vs. CHI,W,2.6,0.0,0.0,0.0,0.0,0.0,0.0,0.0,0.0,0.0,0.0,0.0,0.0,0.0,1,1,1,1,25281,12059,10158,9917,18861,1,1,1,25429,8004,1,1,18762,25170,1.0,2:37,2015,2016
2015-16,202332,Cole Aldrich,Cole,1610612746,LAC,LA Clippers,21500714,2016-01-31T00:00:00,LAC vs. CHI,W,9.9,0.0,0.0,0.0,0.0,4.0,4.0,0.0,12.0,0.0,0.0,1.0,0.0,7.3,1,1,1,1,22507,12059,10158,9917,18861,6141,8458,1,18637,8004,1,4972,18762,21024,1.0,9:51,2015,2016
2015-16,203143,Pablo Prigioni,Pablo,1610612746,LAC,LA Clippers,21500706,2016-01-29T00:00:00,LAC vs. LAL,W,17.0,0.0,0.0,0.0,0.0,4.0,5.0,5.0,14.0,0.0,0.0,1.0,1.0,1.9,1,1,1,1,18307,12059,10158,9917,18861,6141,11469,11593,17019,8004,1,4972,12373,24429,1.0,16:57,2015,2016
2015-16,201965,Jeff Ayres,Jeff,1610612746,LAC,LA Clippers,21500706,2016-01-29T00:00:00,LAC vs. LAL,W,2.4,0.0,0.0,0.0,0.0,0.0,5.0,0.0,2.0,2.0,0.0,0.0,0.0,6.0,1,1,1,1,25364,12059,10158,9917,18861,1,11469,1,24614,932,1,1,18762,21878,1.0,2:26,2015,2016
2015-16,203912,C.J. Wilcox,C.J.,1610612746,LAC,LA Clippers,21500706,2016-01-29T00:00:00,LAC vs. LAL,W,1.7,0.0,0.0,0.0,0.0,0.0,3.0,0.0,0.0,0.0,0.0,0.0,0.0,3.2,1,1,1,1,25637,12059,10158,9917,18861,1,7138,1,25429,8004,1,1,18762,23473,1.0,1:39,2015,2016
2015-16,202362,Lance Stephenson,Lance,1610612746,LAC,LA Clippers,21500706,2016-01-29T00:00:00,LAC vs. LAL,W,22.5,2.0,0.0,6.0,6.0,6.0,7.0,7.0,18.0,1.0,0.0,2.0,1.0,30.0,1,1,1,1,13771,6026,10158,740,5299,10028,15642,15538,13577,2692,1,11390,12373,5840,1.0,22:29,2015,2016
2015-16,202332,Cole Aldrich,Cole,1610612746,LAC,LA Clippers,21500706,2016-01-29T00:00:00,LAC vs. LAL,W,13.3,3.0,1.0,1.0,2.0,6.0,4.0,2.0,20.0,1.0,0.0,2.0,3.0,15.3,1,1,1,1,20774,4307,9709,9347,12984,10028,8458,4025,11929,2692,1,11390,4736,15150,1.0,13:21,2015,2016
2015-16,101108,Chris Paul,Chris,1610612746,LAC,LA Clippers,21500706,2016-01-29T00:00:00,LAC vs. LAL,W,31.1,8.0,0.0,3.0,8.0,6.0,6.0,9.0,18.0,0.0,0.0,1.0,3.0,42.7,1,1,1,1,6670,308,10158,3302,3109,10028,13237,18829,13577,8004,1,4972,4736,1800,1.0,31:03,2015,2016
2015-16,203085,Austin Rivers,Austin,1610612746,LAC,LA Clippers,21500706,2016-01-29T00:00:00,LAC vs. LAL,W,26.2,9.0,3.0,4.0,14.0,6.0,9.0,5.0,18.0,2.0,1.0,4.0,2.0,31.9,1,1,1,1,10684,171,3104,1913,542,10028,19144,11593,13577,932,17214,22104,7786,4984,1.0,26:13,2015,2016
2015-16,2037,Jamal Crawford,Jamal,1610612746,LAC,LA Clippers,21500706,2016-01-29T00:00:00,LAC vs. LAL,W,28.5,0.0,0.0,0.0,6.0,8.0,4.0,9.0,20.0,0.0,0.0,0.0,3.0,22.2,1,1,1,1,8824,12059,10158,9917,5299,13914,8458,18829,11929,8004,1,1,4736,10263,1.0,28:30,2015,2016
2015-16,202325,Wesley Johnson,Wesley,1610612746,LAC,LA Clippers,21500706,2016-01-29T00:00:00,LAC vs. LAL,W,25.5,4.0,0.0,5.0,8.0,4.0,4.0,7.0,14.0,1.0,2.0,1.0,1.0,21.9,1,1,1,1,11280,2460,10158,1277,3109,6141,8458,15538,17019,2692,23588,4972,12373,10460,1.0,25:31,2015,2016
2015-16,201599,DeAndre Jordan,DeAndre,1610612746,LAC,LA Clippers,21500706,2016-01-29T00:00:00,LAC vs. LAL,W,32.2,2.0,0.0,2.0,4.0,4.0,2.0,12.0,10.0,1.0,0.0,4.0,4.0,31.9,1,1,1,1,5714,6026,10158,4675,8599,6141,3734,22259,20209,2692,1,22104,2748,4984,1.0,32:13,2015,2016
2015-16,201601,Luc Mbah a Moute,Luc,1610612746,LAC,LA Clippers,21500706,2016-01-29T00:00:00,LAC vs. LAL,W,17.9,0.0,0.0,0.0,0.0,2.0,4.0,5.0,12.0,1.0,1.0,2.0,1.0,8.4,1,1,1,1,17632,12059,10158,9917,18861,2619,8458,11593,18637,2692,17214,11390,12373,20273,1.0,17:51,2015,2016
2015-16,200755,JJ Redick,JJ,1610612746,LAC,LA Clippers,21500706,2016-01-29T00:00:00,LAC vs. LAL,W,21.8,0.0,0.0,0.0,0.0,4.0,2.0,9.0,14.0,0.0,0.0,2.0,2.0,14.2,1,1,1,1,14347,12059,10158,9917,18861,6141,3734,18829,17019,8004,1,11390,7786,16003,1.0,21:48,2015,2016
2015-16,201599,DeAndre Jordan,DeAndre,1610612746,LAC,LA Clippers,21500687,2016-01-27T00:00:00,LAC @ ATL,W,33.7,1.0,2.0,0.0,6.0,8.0,6.0,9.0,26.0,1.0,0.0,1.0,8.0,37.8,1,1,1,1,4583,11535,4731,9917,5299,13914,13237,18829,7214,2692,1,4972,254,2956,1.0,33:43,2015,2016
2015-16,202325,Wesley Johnson,Wesley,1610612746,LAC,LA Clippers,21500687,2016-01-27T00:00:00,LAC @ ATL,W,28.2,2.0,0.0,2.0,4.0,0.0,4.0,3.0,10.0,1.0,1.0,2.0,0.0,33.2,1,1,1,1,9048,6026,10158,4675,8599,1,8458,7328,20209,2692,17214,11390,18762,4462,1.0,28:14,2015,2016
2015-16,101108,Chris Paul,Chris,1610612746,LAC,LA Clippers,21500687,2016-01-27T00:00:00,LAC @ ATL,W,32.8,4.0,0.0,2.0,2.0,8.0,6.0,9.0,26.0,0.0,0.0,1.0,3.0,37.8,1,1,1,1,5264,2460,10158,4675,12984,13914,13237,18829,7214,8004,1,4972,4736,2956,1.0,32:49,2015,2016
2015-16,200755,JJ Redick,JJ,1610612746,LAC,LA Clippers,21500687,2016-01-27T00:00:00,LAC @ ATL,W,26.5,0.0,3.0,0.0,0.0,8.0,6.0,9.0,26.0,0.0,0.0,2.0,1.0,15.0,1,1,1,1,10462,12059,3104,9917,18861,13914,13237,18829,7214,8004,1,11390,12373,15404,1.0,26:29,2015,2016
2015-16,202332,Cole Aldrich,Cole,1610612746,LAC,LA Clippers,21500687,2016-01-27T00:00:00,LAC @ ATL,W,13.8,0.0,0.0,0.0,2.0,0.0,4.0,3.0,6.0,2.0,0.0,2.0,1.0,14.3,1,1,1,1,20523,12059,10158,9917,12984,1,8458,7328,22724,932,1,11390,12373,15948,1.0,13:48,2015,2016
2015-16,1718,Paul Pierce,Paul,1610612746,LAC,LA Clippers,21500687,2016-01-27T00:00:00,LAC @ ATL,W,15.0,0.0,0.0,0.0,0.0,5.0,5.0,9.0,16.0,1.0,1.0,1.0,1.0,10.9,1,1,1,1,19780,12059,10158,9917,18861,8403,11469,18829,15259,2692,17214,4972,12373,18498,1.0,14:58,2015,2016
2015-16,203143,Pablo Prigioni,Pablo,1610612746,LAC,LA Clippers,21500687,2016-01-27T00:00:00,LAC @ ATL,W,15.2,0.0,0.0,0.0,0.0,0.0,4.0,3.0,6.0,0.0,0.0,2.0,0.0,7.2,1,1,1,1,19627,12059,10158,9917,18861,1,8458,7328,22724,8004,1,11390,18762,21035,1.0,15:11,2015,2016
2015-16,201601,Luc Mbah a Moute,Luc,1610612746,LAC,LA Clippers,21500687,2016-01-27T00:00:00,LAC @ ATL,W,26.0,0.0,1.0,0.0,2.0,6.0,6.0,9.0,26.0,0.0,1.0,1.0,2.0,16.5,1,1,1,1,10811,12059,9709,9917,12984,10028,13237,18829,7214,8004,17214,4972,7786,14224,1.0,26:03,2015,2016
2015-16,2037,Jamal Crawford,Jamal,1610612746,LAC,LA Clippers,21500687,2016-01-27T00:00:00,LAC @ ATL,W,29.1,6.0,0.0,2.0,12.0,5.0,5.0,3.0,12.0,0.0,0.0,1.0,1.0,26.2,1,1,1,1,8269,878,10158,4675,988,8403,11469,7328,18637,8004,1,4972,12373,7785,1.0,29:08,2015,2016
2015-16,203085,Austin Rivers,Austin,1610612746,LAC,LA Clippers,21500687,2016-01-27T00:00:00,LAC @ ATL,W,19.6,4.0,0.0,2.0,8.0,0.0,4.0,3.0,6.0,0.0,0.0,1.0,0.0,20.3,1,1,1,1,16222,2460,10158,4675,3109,1,8458,7328,22724,8004,1,4972,18762,11534,1.0,19:37,2015,2016
2015-16,201599,DeAndre Jordan,DeAndre,1610612746,LAC,LA Clippers,21500676,2016-01-26T00:00:00,LAC @ IND,W,41.2,1.0,5.0,0.0,6.0,9.0,6.0,9.0,32.0,3.0,0.0,1.0,6.0,42.8,1,1,1,1,441,11535,995,9917,5299,15771,13237,18829,3535,347,1,4972,873,1776,1.0,41:14,2015,2016
2015-16,101108,Chris Paul,Chris,1610612746,LAC,LA Clippers,21500676,2016-01-26T00:00:00,LAC @ IND,W,36.1,7.0,0.0,0.0,2.0,6.0,6.0,6.0,26.0,0.0,1.0,3.0,1.0,42.7,1,1,1,1,2669,548,10158,9917,12984,10028,13237,13388,7214,8004,17214,17641,12373,1800,1.0,36:06,2015,2016
2015-16,2037,Jamal Crawford,Jamal,1610612746,LAC,LA Clippers,21500676,2016-01-26T00:00:00,LAC @ IND,W,19.7,2.0,0.0,4.0,0.0,0.0,6.0,0.0,12.0,1.0,0.0,0.0,5.0,17.6,1,1,1,1,16134,6026,10158,1913,18861,1,13237,1,18637,2692,1,1,1539,13443,1.0,19:43,2015,2016
2015-16,200755,JJ Redick,JJ,1610612746,LAC,LA Clippers,21500676,2016-01-26T00:00:00,LAC @ IND,W,33.3,3.0,0.0,0.0,0.0,9.0,6.0,9.0,28.0,0.0,0.0,1.0,1.0,25.4,1,1,1,1,4890,4307,10158,9917,18861,15771,13237,18829,5824,8004,1,4972,12373,8273,1.0,33:18,2015,2016
2015-16,203085,Austin Rivers,Austin,1610612746,LAC,LA Clippers,21500676,2016-01-26T00:00:00,LAC @ IND,W,23.0,0.0,0.0,0.0,4.0,3.0,4.0,3.0,20.0,1.0,0.0,2.0,1.0,19.3,1,1,1,1,13408,12059,10158,9917,8599,5109,8458,7328,11929,2692,1,11390,12373,12228,1.0,22:58,2015,2016
2015-16,202332,Cole Aldrich,Cole,1610612746,LAC,LA Clippers,21500676,2016-01-26T00:00:00,LAC @ IND,W,6.8,0.0,0.0,0.0,0.0,0.0,4.0,0.0,6.0,0.0,0.0,1.0,1.0,2.4,1,1,1,1,23644,12059,10158,9917,18861,1,8458,1,22724,8004,1,4972,12373,24024,1.0,6:46,2015,2016
2015-16,203143,Pablo Prigioni,Pablo,1610612746,LAC,LA Clippers,21500676,2016-01-26T00:00:00,LAC @ IND,W,13.4,2.0,0.0,0.0,2.0,0.0,4.0,0.0,10.0,0.0,0.0,3.0,1.0,13.0,1,1,1,1,20755,6026,10158,9917,12984,1,8458,1,20209,8004,1,17641,12373,16969,1.0,13:23,2015,2016
2015-16,1718,Paul Pierce,Paul,1610612746,LAC,LA Clippers,21500676,2016-01-26T00:00:00,LAC @ IND,W,23.1,0.0,2.0,0.0,0.0,0.0,2.0,2.0,16.0,0.0,1.0,5.0,0.0,12.9,1,1,1,1,13305,12059,4731,9917,18861,1,3734,4025,15259,8004,17214,24686,18762,17049,1.0,23:05,2015,2016
2015-16,202325,Wesley Johnson,Wesley,1610612746,LAC,LA Clippers,21500676,2016-01-26T00:00:00,LAC @ IND,W,19.9,0.0,0.0,0.0,0.0,9.0,8.0,7.0,20.0,0.0,0.0,4.0,0.0,18.5,1,1,1,1,15972,12059,10158,9917,18861,15771,17345,15538,11929,8004,1,22104,18762,12794,1.0,19:56,2015,2016
2015-16,201601,Luc Mbah a Moute,Luc,1610612746,LAC,LA Clippers,21500676,2016-01-26T00:00:00,LAC @ IND,W,23.5,0.0,0.0,1.0,0.0,9.0,4.0,9.0,20.0,0.0,0.0,0.0,1.0,0.2,1,1,1,1,12965,12059,10158,9347,18861,15771,8458,18829,11929,8004,1,1,12373,25103,1.0,23:31,2015,2016
2015-16,2037,Jamal Crawford,Jamal,1610612746,LAC,LA Clippers,21500666,2016-01-24T00:00:00,LAC @ TOR,L,18.9,0.0,0.0,0.0,0.0,14.0,11.0,0.0,20.0,0.0,0.0,1.0,1.0,2.0,1,13074,13074,13074,16790,12059,10158,9917,18861,22292,21814,1,11929,8004,1,4972,12373,24216,1.0,18:53,2015,2016
2015-16,201601,Luc Mbah a Moute,Luc,1610612746,LAC,LA Clippers,21500666,2016-01-24T00:00:00,LAC @ TOR,L,29.4,3.0,0.0,2.0,2.0,9.0,11.0,0.0,22.0,1.0,1.0,3.0,3.0,13.2,1,13074,13074,13074,8037,4307,10158,4675,12984,15771,21814,1,10265,2692,17214,17641,4736,16768,1.0,29:26,2015,2016
2015-16,202362,Lance Stephenson,Lance,1610612746,LAC,LA Clippers,21500666,2016-01-24T00:00:00,LAC @ TOR,L,7.5,0.0,0.0,2.0,4.0,1.0,0.0,2.0,4.0,0.0,0.0,1.0,0.0,9.4,1,13074,13074,13074,23384,12059,10158,4675,8599,2356,1,4025,23698,8004,1,4972,18762,19568,1.0,7:31,2015,2016
2015-16,203143,Pablo Prigioni,Pablo,1610612746,LAC,LA Clippers,21500666,2016-01-24T00:00:00,LAC @ TOR,L,8.3,0.0,0.0,0.0,0.0,12.0,8.0,0.0,8.0,0.0,0.0,1.0,0.0,4.5,1,13074,13074,13074,23082,12059,10158,9917,18861,20178,17345,1,21543,8004,1,4972,18762,22773,1.0,8:19,2015,2016
2015-16,201965,Jeff Ayres,Jeff,1610612746,LAC,LA Clippers,21500666,2016-01-24T00:00:00,LAC @ TOR,L,5.0,0.0,0.0,0.0,0.0,1.0,0.0,2.0,0.0,0.0,0.0,0.0,1.0,4.7,1,13074,13074,13074,24378,12059,10158,9917,18861,2356,1,4025,25429,8004,1,1,12373,22672,1.0,4:58,2015,2016
2015-16,202332,Cole Aldrich,Cole,1610612746,LAC,LA Clippers,21500666,2016-01-24T00:00:00,LAC @ TOR,L,10.7,0.0,0.0,0.0,2.0,12.0,8.0,0.0,10.0,1.0,1.0,3.0,0.0,5.2,1,13074,13074,13074,22165,12059,10158,9917,12984,20178,17345,1,20209,2692,17214,17641,18762,22370,1.0,10:40,2015,2016
2015-16,203085,Austin Rivers,Austin,1610612746,LAC,LA Clippers,21500666,2016-01-24T00:00:00,LAC @ TOR,L,18.9,2.0,2.0,2.0,8.0,15.0,11.0,2.0,14.0,0.0,0.0,4.0,2.0,6.5,1,13074,13074,13074,16764,6026,4731,4675,3109,23079,21814,4025,17019,8004,1,22104,7786,21519,1.0,18:55,2015,2016
2015-16,101108,Chris Paul,Chris,1610612746,LAC,LA Clippers,21500666,2016-01-24T00:00:00,LAC @ TOR,L,31.1,3.0,3.0,4.0,6.0,11.0,8.0,0.0,26.0,1.0,1.0,4.0,4.0,49.3,1,13074,13074,13074,6650,4307,3104,1913,5299,18886,17345,1,7214,2692,17214,22104,2748,827,1.0,31:05,2015,2016
2015-16,201599,DeAndre Jordan,DeAndre,1610612746,LAC,LA Clippers,21500666,2016-01-24T00:00:00,LAC @ TOR,L,32.4,4.0,3.0,0.0,12.0,11.0,11.0,0.0,28.0,0.0,0.0,3.0,7.0,30.6,1,13074,13074,13074,5600,2460,3104,9917,988,18886,21814,1,5824,8004,1,17641,469,5574,1.0,32:22,2015,2016
2015-16,202325,Wesley Johnson,Wesley,1610612746,LAC,LA Clippers,21500666,2016-01-24T00:00:00,LAC @ TOR,L,28.4,0.0,0.0,0.0,0.0,19.0,13.0,2.0,22.0,0.0,0.0,3.0,0.0,15.3,1,13074,13074,13074,8915,12059,10158,9917,18861,25074,23668,4025,10265,8004,1,17641,18762,15150,1.0,28:24,2015,2016
2015-16,200755,JJ Redick,JJ,1610612746,LAC,LA Clippers,21500666,2016-01-24T00:00:00,LAC @ TOR,L,28.3,1.0,0.0,1.0,0.0,9.0,8.0,0.0,24.0,0.0,0.0,2.0,6.0,22.4,1,13074,13074,13074,9017,11535,10158,9347,18861,15771,17345,1,8723,8004,1,11390,873,10131,1.0,28:17,2015,2016
2015-16,203912,C.J. Wilcox,C.J.,1610612746,LAC,LA Clippers,21500666,2016-01-24T00:00:00,LAC @ TOR,L,5.0,0.0,0.0,0.0,0.0,1.0,0.0,2.0,0.0,0.0,0.0,0.0,0.0,2.7,1,13074,13074,13074,24378,12059,10158,9917,18861,2356,1,4025,25429,8004,1,1,18762,23884,1.0,4:58,2015,2016
2015-16,1718,Paul Pierce,Paul,1610612746,LAC,LA Clippers,21500666,2016-01-24T00:00:00,LAC @ TOR,L,16.2,0.0,0.0,0.0,0.0,5.0,6.0,0.0,12.0,0.0,0.0,3.0,2.0,14.5,1,13074,13074,13074,18882,12059,10158,9917,18861,8403,13237,1,18637,8004,1,17641,7786,15799,1.0,16:12,2015,2016
2015-16,201599,DeAndre Jordan,DeAndre,1610612746,LAC,LA Clippers,21500648,2016-01-22T00:00:00,LAC @ NYK,W,29.8,4.0,2.0,2.0,14.0,9.0,6.0,3.0,16.0,0.0,0.0,1.0,10.0,31.6,1,1,1,1,7746,2460,4731,4675,542,15771,13237,7328,15259,8004,1,4972,76,5130,1.0,29:47,2015,2016
2015-16,202332,Cole Aldrich,Cole,1610612746,LAC,LA Clippers,21500648,2016-01-22T00:00:00,LAC @ NYK,W,18.0,2.0,0.0,0.0,8.0,6.0,0.0,5.0,22.0,1.0,0.0,2.0,2.0,23.0,1,1,1,1,17539,6026,10158,9917,3109,10028,1,11593,10265,2692,1,11390,7786,9760,1.0,17:58,2015,2016
2015-16,201601,Luc Mbah a Moute,Luc,1610612746,LAC,LA Clippers,21500648,2016-01-22T00:00:00,LAC @ NYK,W,21.8,0.0,0.0,2.0,2.0,5.0,4.0,3.0,10.0,0.0,0.0,3.0,0.0,9.9,1,1,1,1,14365,12059,10158,4675,12984,8403,8458,7328,20209,8004,1,17641,18762,19247,1.0,21:46,2015,2016
2015-16,203143,Pablo Prigioni,Pablo,1610612746,LAC,LA Clippers,21500648,2016-01-22T00:00:00,LAC @ NYK,W,19.1,5.0,2.0,2.0,4.0,6.0,0.0,5.0,22.0,0.0,0.0,0.0,2.0,29.8,1,1,1,1,16626,1603,4731,4675,8599,10028,1,11593,10265,8004,1,1,7786,5948,1.0,19:06,2015,2016
2015-16,101108,Chris Paul,Chris,1610612746,LAC,LA Clippers,21500648,2016-01-22T00:00:00,LAC @ NYK,W,27.7,2.0,0.0,2.0,2.0,9.0,6.0,3.0,16.0,0.0,0.0,3.0,4.0,43.7,1,1,1,1,9481,6026,10158,4675,12984,15771,13237,7328,15259,8004,1,17641,2748,1610,1.0,27:40,2015,2016
2015-16,203912,C.J. Wilcox,C.J.,1610612746,LAC,LA Clippers,21500648,2016-01-22T00:00:00,LAC @ NYK,W,6.2,2.0,0.0,0.0,0.0,2.0,0.0,3.0,8.0,0.0,0.0,0.0,0.0,4.0,1,1,1,1,23888,6026,10158,9917,18861,2619,1,7328,21543,8004,1,1,18762,23142,1.0,6:10,2015,2016
2015-16,1718,Paul Pierce,Paul,1610612746,LAC,LA Clippers,21500648,2016-01-22T00:00:00,LAC @ NYK,W,18.8,2.0,0.0,3.0,2.0,7.0,4.0,3.0,12.0,0.0,0.0,2.0,0.0,21.3,1,1,1,1,16907,6026,10158,3302,12984,12242,8458,7328,18637,8004,1,11390,18762,10880,1.0,18:45,2015,2016
2015-16,2037,Jamal Crawford,Jamal,1610612746,LAC,LA Clippers,21500648,2016-01-22T00:00:00,LAC @ NYK,W,23.2,5.0,0.0,0.0,4.0,8.0,2.0,2.0,22.0,0.0,0.0,0.0,2.0,12.5,1,1,1,1,13217,1603,10158,9917,8599,13914,3734,4025,10265,8004,1,1,7786,17372,1.0,23:11,2015,2016
2015-16,202362,Lance Stephenson,Lance,1610612746,LAC,LA Clippers,21500648,2016-01-22T00:00:00,LAC @ NYK,W,6.2,0.0,0.0,0.0,0.0,2.0,0.0,3.0,8.0,0.0,0.0,1.0,0.0,2.7,1,1,1,1,23888,12059,10158,9917,18861,2619,1,7328,21543,8004,1,4972,18762,23884,1.0,6:10,2015,2016
2015-16,200755,JJ Redick,JJ,1610612746,LAC,LA Clippers,21500648,2016-01-22T00:00:00,LAC @ NYK,W,24.4,0.0,0.0,0.0,0.0,9.0,4.0,3.0,12.0,0.0,1.0,0.0,1.0,8.4,1,1,1,1,12221,12059,10158,9917,18861,15771,8458,7328,18637,8004,17214,1,12373,20273,1.0,24:23,2015,2016
2015-16,203085,Austin Rivers,Austin,1610612746,LAC,LA Clippers,21500648,2016-01-22T00:00:00,LAC @ NYK,W,21.7,0.0,0.0,0.0,2.0,6.0,2.0,5.0,24.0,0.0,1.0,3.0,1.0,11.7,1,1,1,1,14424,12059,10158,9917,12984,10028,3734,11593,8723,8004,17214,17641,12373,17903,1.0,21:43,2015,2016
2015-16,202325,Wesley Johnson,Wesley,1610612746,LAC,LA Clippers,21500648,2016-01-22T00:00:00,LAC @ NYK,W,23.4,3.0,0.0,3.0,0.0,6.0,2.0,2.0,18.0,2.0,0.0,2.0,0.0,31.1,1,1,1,1,13077,4307,10158,3302,18861,10028,3734,4025,13577,932,1,11390,18762,5354,1.0,23:21,2015,2016
2015-16,201599,DeAndre Jordan,DeAndre,1610612746,LAC,LA Clippers,21500640,2016-01-21T00:00:00,LAC @ CLE,L,32.9,0.0,1.0,0.0,4.0,12.0,9.0,5.0,32.0,0.0,1.0,1.0,10.0,26.1,1,13074,13074,13074,5241,12059,9709,9917,8599,20178,19144,11593,3535,8004,17214,4972,76,7836,1.0,32:51,2015,2016
2015-16,202362,Lance Stephenson,Lance,1610612746,LAC,LA Clippers,21500640,2016-01-21T00:00:00,LAC @ CLE,L,8.5,2.0,0.0,2.0,2.0,4.0,2.0,0.0,4.0,0.0,0.0,3.0,0.0,7.4,1,13074,13074,13074,23028,6026,10158,4675,12984,6141,3734,1,23698,8004,1,17641,18762,20912,1.0,8:29,2015,2016
2015-16,101108,Chris Paul,Chris,1610612746,LAC,LA Clippers,21500640,2016-01-21T00:00:00,LAC @ CLE,L,33.5,9.0,4.0,0.0,6.0,12.0,13.0,5.0,30.0,1.0,0.0,4.0,8.0,55.1,1,13074,13074,13074,4724,171,1596,9917,5299,20178,23668,11593,4541,2692,1,22104,254,391,1.0,33:31,2015,2016
2015-16,200755,JJ Redick,JJ,1610612746,LAC,LA Clippers,21500640,2016-01-21T00:00:00,LAC @ CLE,L,28.9,2.0,2.0,2.0,2.0,9.0,15.0,5.0,30.0,0.0,0.0,0.0,3.0,19.4,1,13074,13074,13074,8434,6026,4731,4675,12984,15771,24781,11593,4541,8004,1,1,4736,12154,1.0,28:55,2015,2016
2015-16,202332,Cole Aldrich,Cole,1610612746,LAC,LA Clippers,21500640,2016-01-21T00:00:00,LAC @ CLE,L,14.6,4.0,0.0,0.0,6.0,3.0,15.0,4.0,8.0,1.0,0.0,3.0,2.0,23.3,1,13074,13074,13074,20061,2460,10158,9917,5299,5109,24781,8806,21543,2692,1,17641,7786,9567,1.0,14:34,2015,2016
2015-16,202325,Wesley Johnson,Wesley,1610612746,LAC,LA Clippers,21500640,2016-01-21T00:00:00,LAC @ CLE,L,20.9,0.0,0.0,0.0,0.0,2.0,15.0,4.0,18.0,0.0,0.0,2.0,0.0,10.6,1,13074,13074,13074,15104,12059,10158,9917,18861,2619,24781,8806,13577,8004,1,11390,18762,18723,1.0,20:57,2015,2016
2015-16,203143,Pablo Prigioni,Pablo,1610612746,LAC,LA Clippers,21500640,2016-01-21T00:00:00,LAC @ CLE,L,12.7,0.0,0.0,0.0,0.0,3.0,9.0,4.0,8.0,0.0,0.0,0.0,0.0,11.4,1,13074,13074,13074,21145,12059,10158,9917,18861,5109,19144,8806,21543,8004,1,1,18762,18134,1.0,12:41,2015,2016
2015-16,2037,Jamal Crawford,Jamal,1610612746,LAC,LA Clippers,21500640,2016-01-21T00:00:00,LAC @ CLE,L,26.8,0.0,0.0,2.0,8.0,6.0,20.0,4.0,18.0,0.0,0.0,0.0,4.0,18.0,1,13074,13074,13074,10220,12059,10158,4675,3109,10028,25875,8806,13577,8004,1,1,2748,13164,1.0,26:46,2015,2016
2015-16,203085,Austin Rivers,Austin,1610612746,LAC,LA Clippers,21500640,2016-01-21T00:00:00,LAC @ CLE,L,19.5,2.0,0.0,0.0,4.0,6.0,14.0,4.0,14.0,1.0,0.0,4.0,0.0,15.9,1,13074,13074,13074,16304,6026,10158,9917,8599,10028,24300,8806,17019,2692,1,22104,18762,14675,1.0,19:32,2015,2016
2015-16,201601,Luc Mbah a Moute,Luc,1610612746,LAC,LA Clippers,21500640,2016-01-21T00:00:00,LAC @ CLE,L,22.1,0.0,0.0,0.0,2.0,9.0,4.0,5.0,26.0,0.0,0.0,1.0,3.0,8.8,1,13074,13074,13074,14132,12059,10158,9917,12984,15771,8458,11593,7214,8004,1,4972,4736,19994,1.0,22:03,2015,2016
2015-16,1718,Paul Pierce,Paul,1610612746,LAC,LA Clippers,21500640,2016-01-21T00:00:00,LAC @ CLE,L,16.9,0.0,0.0,0.0,0.0,9.0,4.0,5.0,20.0,0.0,1.0,3.0,1.0,3.5,1,13074,13074,13074,18340,12059,10158,9917,18861,15771,8458,11593,11929,8004,17214,17641,12373,23351,1.0,16:54,2015,2016
2015-16,203912,C.J. Wilcox,C.J.,1610612746,LAC,LA Clippers,21500640,2016-01-21T00:00:00,LAC @ CLE,L,2.8,0.0,0.0,0.0,0.0,0.0,0.0,0.0,2.0,0.0,0.0,0.0,0.0,0.0,1,13074,13074,13074,25200,12059,10158,9917,18861,1,1,1,24614,8004,1,1,18762,25170,1.0,2:47,2015,2016
2015-16,202325,Wesley Johnson,Wesley,1610612746,LAC,LA Clippers,21500624,2016-01-18T00:00:00,LAC vs. HOU,W,21.0,0.0,5.0,3.0,2.0,11.0,5.0,14.0,26.0,1.0,1.0,2.0,0.0,25.2,1,1,1,1,15067,12059,995,3302,12984,18886,11469,23710,7214,2692,17214,11390,18762,8383,1.0,20:59,2015,2016
2015-16,200755,JJ Redick,JJ,1610612746,LAC,LA Clippers,21500624,2016-01-18T00:00:00,LAC vs. HOU,W,38.5,12.0,6.0,8.0,4.0,5.0,10.0,11.0,42.0,0.0,0.0,4.0,6.0,43.2,1,1,1,1,1272,27,481,280,8599,8403,20509,21342,670,8004,1,22104,873,1699,1.0,38:30,2015,2016
2015-16,101108,Chris Paul,Chris,1610612746,LAC,LA Clippers,21500624,2016-01-18T00:00:00,LAC vs. HOU,W,42.5,1.0,0.0,7.0,4.0,8.0,10.0,15.0,48.0,1.0,1.0,4.0,7.0,69.2,1,1,1,1,249,11535,10158,454,8599,13914,20509,24242,192,2692,17214,22104,469,51,1.0,42:31,2015,2016
2015-16,203085,Austin Rivers,Austin,1610612746,LAC,LA Clippers,21500624,2016-01-18T00:00:00,LAC vs. HOU,W,17.4,0.0,0.0,0.0,0.0,11.0,5.0,15.0,22.0,0.0,0.0,2.0,0.0,3.2,1,1,1,1,17969,12059,10158,9917,18861,18886,11469,24242,10265,8004,1,11390,18762,23473,1.0,17:24,2015,2016
2015-16,201601,Luc Mbah a Moute,Luc,1610612746,LAC,LA Clippers,21500624,2016-01-18T00:00:00,LAC vs. HOU,W,20.5,0.0,0.0,2.0,4.0,5.0,7.0,10.0,22.0,0.0,0.0,5.0,2.0,13.4,1,1,1,1,15475,12059,10158,4675,8599,8403,15642,20169,10265,8004,1,24686,7786,16614,1.0,20:30,2015,2016
2015-16,202332,Cole Aldrich,Cole,1610612746,LAC,LA Clippers,21500624,2016-01-18T00:00:00,LAC vs. HOU,W,11.5,4.0,6.0,0.0,6.0,4.0,6.0,4.0,14.0,1.0,0.0,4.0,1.0,20.3,1,1,1,1,21834,2460,481,9917,5299,6141,13237,8806,17019,2692,1,22104,12373,11534,1.0,11:30,2015,2016
2015-16,201599,DeAndre Jordan,DeAndre,1610612746,LAC,LA Clippers,21500624,2016-01-18T00:00:00,LAC vs. HOU,W,41.0,1.0,4.0,0.0,12.0,12.0,9.0,21.0,50.0,2.0,1.0,4.0,8.0,40.0,1,1,1,1,483,11535,1596,9917,988,20178,19144,25725,107,932,17214,22104,254,2364,1.0,41:01,2015,2016
2015-16,203143,Pablo Prigioni,Pablo,1610612746,LAC,LA Clippers,21500624,2016-01-18T00:00:00,LAC vs. HOU,W,10.5,0.0,0.0,0.0,0.0,8.0,5.0,10.0,16.0,0.0,0.0,1.0,1.0,2.7,1,1,1,1,22235,12059,10158,9917,18861,13914,11469,20169,15259,8004,1,4972,12373,23884,1.0,10:29,2015,2016
2015-16,2037,Jamal Crawford,Jamal,1610612746,LAC,LA Clippers,21500624,2016-01-18T00:00:00,LAC vs. HOU,W,36.1,0.0,0.0,2.0,12.0,13.0,15.0,16.0,54.0,0.0,1.0,0.0,2.0,27.5,1,1,1,1,2645,12059,10158,4675,988,21300,24781,24641,35,8004,17214,1,7786,7137,1.0,36:09,2015,2016
2015-16,1718,Paul Pierce,Paul,1610612746,LAC,LA Clippers,21500624,2016-01-18T00:00:00,LAC vs. HOU,W,25.9,0.0,0.0,0.0,0.0,3.0,3.0,9.0,26.0,1.0,1.0,4.0,1.0,22.5,1,1,1,1,10886,12059,10158,9917,18861,5109,7138,18829,7214,2692,17214,22104,12373,10082,1.0,25:57,2015,2016
2015-16,202325,Wesley Johnson,Wesley,1610612746,LAC,LA Clippers,21500609,2016-01-16T00:00:00,LAC vs. SAC,L,23.2,2.0,2.0,2.0,4.0,12.0,2.0,4.0,18.0,0.0,0.0,3.0,1.0,12.4,1,13074,13074,13074,13160,6026,4731,4675,8599,20178,3734,8806,13577,8004,1,17641,12373,17418,1.0,23:14,2015,2016
2015-16,200755,JJ Redick,JJ,1610612746,LAC,LA Clippers,21500609,2016-01-16T00:00:00,LAC vs. SAC,L,31.3,5.0,0.0,0.0,2.0,13.0,3.0,11.0,24.0,0.0,0.0,2.0,2.0,31.6,1,13074,13074,13074,6439,1603,10158,9917,12984,21300,7138,21342,8723,8004,1,11390,7786,5130,1.0,31:20,2015,2016
2015-16,1718,Paul Pierce,Paul,1610612746,LAC,LA Clippers,21500609,2016-01-16T00:00:00,LAC vs. SAC,L,20.3,0.0,0.0,2.0,2.0,4.0,3.0,7.0,12.0,0.0,0.0,1.0,1.0,13.7,1,13074,13074,13074,15628,12059,10158,4675,12984,6141,7138,15538,18637,8004,1,4972,12373,16393,1.0,20:19,2015,2016
2015-16,202332,Cole Aldrich,Cole,1610612746,LAC,LA Clippers,21500609,2016-01-16T00:00:00,LAC vs. SAC,L,28.6,5.0,3.0,0.0,16.0,11.0,5.0,11.0,26.0,3.0,4.0,4.0,6.0,47.0,1,13074,13074,13074,8717,1603,3104,9917,275,18886,11469,21342,7214,347,25926,22104,873,1078,1.0,28:37,2015,2016
2015-16,101108,Chris Paul,Chris,1610612746,LAC,LA Clippers,21500609,2016-01-16T00:00:00,LAC vs. SAC,L,27.2,0.0,0.0,0.0,2.0,8.0,3.0,8.0,22.0,0.0,0.0,5.0,3.0,29.3,1,13074,13074,13074,9859,12059,10158,9917,12984,13914,7138,17194,10265,8004,1,24686,4736,6202,1.0,27:12,2015,2016
2015-16,2037,Jamal Crawford,Jamal,1610612746,LAC,LA Clippers,21500609,2016-01-16T00:00:00,LAC vs. SAC,L,30.6,3.0,2.0,0.0,6.0,12.0,2.0,2.0,18.0,1.0,0.0,3.0,3.0,25.4,1,13074,13074,13074,7018,4307,4731,9917,5299,20178,3734,4025,13577,2692,1,17641,4736,8273,1.0,30:37,2015,2016
2015-16,203143,Pablo Prigioni,Pablo,1610612746,LAC,LA Clippers,21500609,2016-01-16T00:00:00,LAC vs. SAC,L,16.2,0.0,0.0,0.0,2.0,3.0,2.0,0.0,10.0,0.0,0.0,0.0,0.0,14.8,1,13074,13074,13074,18898,12059,10158,9917,12984,5109,3734,1,20209,8004,1,1,18762,15561,1.0,16:11,2015,2016
2015-16,2746,Josh Smith,Josh,1610612746,LAC,LA Clippers,21500609,2016-01-16T00:00:00,LAC vs. SAC,L,19.2,2.0,0.0,0.0,6.0,3.0,0.0,0.0,8.0,0.0,0.0,2.0,1.0,19.4,1,13074,13074,13074,16540,6026,10158,9917,5299,5109,1,1,21543,8004,1,11390,12373,12154,1.0,19:11,2015,2016
2015-16,203085,Austin Rivers,Austin,1610612746,LAC,LA Clippers,21500609,2016-01-16T00:00:00,LAC vs. SAC,L,22.3,0.0,0.0,0.0,0.0,10.0,2.0,3.0,12.0,0.0,1.0,2.0,2.0,6.2,1,13074,13074,13074,13928,12059,10158,9917,18861,17370,3734,7328,18637,8004,17214,11390,7786,21696,1.0,22:17,2015,2016
2015-16,201601,Luc Mbah a Moute,Luc,1610612746,LAC,LA Clippers,21500609,2016-01-16T00:00:00,LAC vs. SAC,L,21.0,2.0,2.0,0.0,2.0,4.0,3.0,9.0,20.0,0.0,3.0,2.0,0.0,13.4,1,13074,13074,13074,15018,6026,4731,9917,12984,6141,7138,18829,11929,8004,25441,11390,18762,16614,1.0,21:02,2015,2016
2015-16,1718,Paul Pierce,Paul,1610612746,LAC,LA Clippers,21500586,2016-01-13T00:00:00,LAC vs. MIA,W,21.5,0.0,0.0,0.0,4.0,3.0,0.0,5.0,14.0,0.0,0.0,4.0,0.0,25.8,1,1,1,1,14586,12059,10158,9917,8599,5109,1,11593,17019,8004,1,22104,18762,8022,1.0,21:31,2015,2016
2015-16,2746,Josh Smith,Josh,1610612746,LAC,LA Clippers,21500586,2016-01-13T00:00:00,LAC vs. MIA,W,19.8,2.0,0.0,2.0,6.0,7.0,3.0,7.0,12.0,1.0,0.0,5.0,0.0,25.1,1,1,1,1,16038,6026,10158,4675,5299,12242,7138,15538,18637,2692,1,24686,18762,8429,1.0,19:51,2015,2016
2015-16,203912,C.J. Wilcox,C.J.,1610612746,LAC,LA Clippers,21500586,2016-01-13T00:00:00,LAC vs. MIA,W,2.7,0.0,0.0,0.0,0.0,2.0,0.0,0.0,4.0,0.0,2.0,0.0,0.0,1.5,1,1,1,1,25266,12059,10158,9917,18861,2619,1,1,23698,8004,23588,1,18762,24473,1.0,2:39,2015,2016
2015-16,101108,Chris Paul,Chris,1610612746,LAC,LA Clippers,21500586,2016-01-13T00:00:00,LAC vs. MIA,W,30.5,7.0,4.0,0.0,4.0,4.0,0.0,5.0,18.0,1.0,1.0,1.0,4.0,54.2,1,1,1,1,7126,548,1596,9917,8599,6141,1,11593,13577,2692,17214,4972,2748,432,1.0,30:28,2015,2016
2015-16,202362,Lance Stephenson,Lance,1610612746,LAC,LA Clippers,21500586,2016-01-13T00:00:00,LAC vs. MIA,W,6.1,0.0,2.0,0.0,2.0,2.0,0.0,0.0,8.0,0.0,0.0,0.0,0.0,3.2,1,1,1,1,23906,12059,4731,9917,12984,2619,1,1,21543,8004,1,1,18762,23473,1.0,6:08,2015,2016
2015-16,203143,Pablo Prigioni,Pablo,1610612746,LAC,LA Clippers,21500586,2016-01-13T00:00:00,LAC vs. MIA,W,14.9,0.0,0.0,0.0,0.0,5.0,3.0,7.0,10.0,0.0,0.0,1.0,2.0,30.4,1,1,1,1,19841,12059,10158,9917,18861,8403,7138,15538,20209,8004,1,4972,7786,5661,1.0,14:53,2015,2016
2015-16,201601,Luc Mbah a Moute,Luc,1610612746,LAC,LA Clippers,21500586,2016-01-13T00:00:00,LAC vs. MIA,W,23.5,0.0,0.0,0.0,2.0,3.0,0.0,5.0,14.0,2.0,1.0,2.0,0.0,15.5,1,1,1,1,12963,12059,10158,9917,12984,5109,1,11593,17019,932,17214,11390,18762,15004,1.0,23:31,2015,2016
2015-16,2037,Jamal Crawford,Jamal,1610612746,LAC,LA Clippers,21500586,2016-01-13T00:00:00,LAC vs. MIA,W,26.3,10.0,2.0,0.0,4.0,6.0,3.0,8.0,18.0,0.0,0.0,2.0,3.0,21.3,1,1,1,1,10624,99,4731,9917,8599,10028,7138,17194,13577,8004,1,11390,4736,10880,1.0,26:16,2015,2016
2015-16,200755,JJ Redick,JJ,1610612746,LAC,LA Clippers,21500586,2016-01-13T00:00:00,LAC vs. MIA,W,25.2,0.0,0.0,0.0,0.0,3.0,0.0,5.0,16.0,0.0,0.0,1.0,1.0,16.2,1,1,1,1,11499,12059,10158,9917,18861,5109,1,11593,15259,8004,1,4972,12373,14436,1.0,25:14,2015,2016
2015-16,203085,Austin Rivers,Austin,1610612746,LAC,LA Clippers,21500586,2016-01-13T00:00:00,LAC vs. MIA,W,23.1,2.0,0.0,2.0,6.0,8.0,3.0,7.0,16.0,0.0,1.0,4.0,2.0,13.7,1,1,1,1,13319,6026,10158,4675,5299,13914,7138,15538,15259,8004,17214,22104,7786,16393,1.0,23:05,2015,2016
2015-16,202325,Wesley Johnson,Wesley,1610612746,LAC,LA Clippers,21500586,2016-01-13T00:00:00,LAC vs. MIA,W,22.2,0.0,0.0,0.0,0.0,8.0,3.0,8.0,14.0,1.0,0.0,4.0,0.0,16.8,1,1,1,1,14003,12059,10158,9917,18861,13914,7138,17194,17019,2692,1,22104,18762,13996,1.0,22:12,2015,2016
2015-16,202332,Cole Aldrich,Cole,1610612746,LAC,LA Clippers,21500586,2016-01-13T00:00:00,LAC vs. MIA,W,24.2,0.0,6.0,1.0,14.0,4.0,0.0,3.0,16.0,0.0,2.0,1.0,4.0,32.9,1,1,1,1,12379,12059,481,9347,542,6141,1,7328,15259,8004,23588,4972,2748,4566,1.0,24:12,2015,2016
2015-16,1718,Paul Pierce,Paul,1610612746,LAC,LA Clippers,21500558,2016-01-10T00:00:00,LAC vs. NOP,W,12.7,0.0,0.0,0.0,0.0,2.0,6.0,0.0,6.0,0.0,1.0,0.0,0.0,9.5,1,1,1,1,21121,12059,10158,9917,18861,2619,13237,1,22724,8004,17214,1,18762,19519,1.0,12:43,2015,2016
2015-16,203143,Pablo Prigioni,Pablo,1610612746,LAC,LA Clippers,21500558,2016-01-10T00:00:00,LAC vs. NOP,W,13.0,0.0,0.0,0.0,0.0,6.0,2.0,7.0,16.0,0.0,0.0,1.0,0.0,9.2,1,1,1,1,20987,12059,10158,9917,18861,10028,3734,15538,15259,8004,1,4972,18762,19680,1.0,12:60,2015,2016
2015-16,200755,JJ Redick,JJ,1610612746,LAC,LA Clippers,21500558,2016-01-10T00:00:00,LAC vs. NOP,W,35.6,2.0,0.0,5.0,2.0,6.0,13.0,3.0,16.0,0.0,1.0,1.0,4.0,20.0,1,1,1,1,3095,6026,10158,1277,12984,10028,23668,7328,15259,8004,17214,4972,2748,11752,1.0,35:33,2015,2016
2015-16,201601,Luc Mbah a Moute,Luc,1610612746,LAC,LA Clippers,21500558,2016-01-10T00:00:00,LAC vs. NOP,W,22.2,0.0,2.0,2.0,10.0,2.0,11.0,3.0,12.0,0.0,0.0,1.0,4.0,20.0,1,1,1,1,14007,12059,4731,4675,1840,2619,21814,7328,18637,8004,1,4972,2748,11752,1.0,22:12,2015,2016
2015-16,101108,Chris Paul,Chris,1610612746,LAC,LA Clippers,21500558,2016-01-10T00:00:00,LAC vs. NOP,W,40.0,0.0,0.0,0.0,0.0,8.0,15.0,5.0,24.0,1.0,0.0,5.0,3.0,57.5,1,1,1,1,729,12059,10158,9917,18861,13914,24781,11593,8723,2692,1,24686,4736,290,1.0,40:01,2015,2016
2015-16,2037,Jamal Crawford,Jamal,1610612746,LAC,LA Clippers,21500558,2016-01-10T00:00:00,LAC vs. NOP,W,31.7,9.0,2.0,4.0,4.0,12.0,10.0,9.0,30.0,0.0,0.0,3.0,2.0,24.6,1,1,1,1,6120,171,4731,1913,8599,20178,20509,18829,4541,8004,1,17641,7786,8724,1.0,31:44,2015,2016
2015-16,202325,Wesley Johnson,Wesley,1610612746,LAC,LA Clippers,21500558,2016-01-10T00:00:00,LAC vs. NOP,W,33.9,1.0,3.0,1.0,4.0,12.0,6.0,9.0,28.0,0.0,0.0,1.0,2.0,34.8,1,1,1,1,4438,11535,3104,9347,8599,20178,13237,18829,5824,8004,1,4972,7786,3891,1.0,33:53,2015,2016
2015-16,201599,DeAndre Jordan,DeAndre,1610612746,LAC,LA Clippers,21500558,2016-01-10T00:00:00,LAC vs. NOP,W,42.5,0.0,4.0,0.0,8.0,10.0,15.0,7.0,28.0,2.0,0.0,3.0,8.0,33.7,1,1,1,1,250,12059,1596,9917,3109,17370,24781,15538,5824,932,1,17641,254,4280,1.0,42:29,2015,2016
2015-16,203085,Austin Rivers,Austin,1610612746,LAC,LA Clippers,21500558,2016-01-10T00:00:00,LAC vs. NOP,W,24.3,2.0,0.0,2.0,8.0,8.0,5.0,12.0,28.0,0.0,0.0,5.0,1.0,12.9,1,1,1,1,12301,6026,10158,4675,3109,13914,11469,22259,5824,8004,1,24686,12373,17049,1.0,24:18,2015,2016
2015-16,202332,Cole Aldrich,Cole,1610612746,LAC,LA Clippers,21500558,2016-01-10T00:00:00,LAC vs. NOP,W,9.1,0.0,0.0,0.0,0.0,4.0,2.0,5.0,12.0,0.0,0.0,4.0,0.0,6.2,1,1,1,1,22787,12059,10158,9917,18861,6141,3734,11593,18637,8004,1,22104,18762,21696,1.0,9:08,2015,2016
2015-16,203143,Pablo Prigioni,Pablo,1610612746,LAC,LA Clippers,21500550,2016-01-09T00:00:00,LAC vs. CHA,W,16.8,0.0,0.0,0.0,0.0,3.0,9.0,4.0,14.0,0.0,0.0,3.0,1.0,9.6,1,1,1,1,18435,12059,10158,9917,18861,5109,19144,8806,17019,8004,1,17641,12373,19434,1.0,16:47,2015,2016
2015-16,201599,DeAndre Jordan,DeAndre,1610612746,LAC,LA Clippers,21500550,2016-01-09T00:00:00,LAC vs. CHA,W,35.4,0.0,4.0,0.0,8.0,4.0,6.0,7.0,24.0,4.0,0.0,2.0,4.0,48.8,1,1,1,1,3208,12059,1596,9917,3109,6141,13237,15538,8723,132,1,11390,2748,881,1.0,35:25,2015,2016
2015-16,101108,Chris Paul,Chris,1610612746,LAC,LA Clippers,21500550,2016-01-09T00:00:00,LAC vs. CHA,W,31.2,5.0,0.0,2.0,8.0,4.0,6.0,7.0,24.0,1.0,0.0,4.0,1.0,47.9,1,1,1,1,6536,1603,10158,4675,3109,6141,13237,15538,8723,2692,1,22104,12373,970,1.0,31:13,2015,2016
2015-16,1718,Paul Pierce,Paul,1610612746,LAC,LA Clippers,21500550,2016-01-09T00:00:00,LAC vs. CHA,W,19.4,0.0,0.0,0.0,0.0,4.0,2.0,4.0,18.0,2.0,0.0,1.0,1.0,15.4,1,1,1,1,16363,12059,10158,9917,18861,6141,3734,8806,13577,932,1,4972,12373,15066,1.0,19:26,2015,2016
2015-16,2037,Jamal Crawford,Jamal,1610612746,LAC,LA Clippers,21500550,2016-01-09T00:00:00,LAC vs. CHA,W,30.7,2.0,0.0,4.0,4.0,5.0,13.0,9.0,26.0,0.0,0.0,1.0,0.0,20.2,1,1,1,1,6938,6026,10158,1913,8599,8403,23668,18829,7214,8004,1,4972,18762,11610,1.0,30:43,2015,2016
2015-16,202325,Wesley Johnson,Wesley,1610612746,LAC,LA Clippers,21500550,2016-01-09T00:00:00,LAC vs. CHA,W,23.0,3.0,0.0,0.0,0.0,3.0,9.0,7.0,18.0,1.0,0.0,4.0,0.0,13.8,1,1,1,1,13411,4307,10158,9917,18861,5109,19144,15538,13577,2692,1,22104,18762,16311,1.0,22:57,2015,2016
2015-16,200755,JJ Redick,JJ,1610612746,LAC,LA Clippers,21500550,2016-01-09T00:00:00,LAC vs. CHA,W,28.5,2.0,0.0,0.0,0.0,4.0,6.0,4.0,22.0,0.0,1.0,1.0,7.0,21.4,1,1,1,1,8779,6026,10158,9917,18861,6141,13237,8806,10265,8004,17214,4972,469,10807,1.0,28:32,2015,2016
2015-16,202332,Cole Aldrich,Cole,1610612746,LAC,LA Clippers,21500550,2016-01-09T00:00:00,LAC vs. CHA,W,12.6,0.0,2.0,0.0,8.0,3.0,9.0,4.0,14.0,0.0,1.0,0.0,0.0,12.8,1,1,1,1,21218,12059,4731,9917,3109,5109,19144,8806,17019,8004,17214,1,18762,17129,1.0,12:35,2015,2016
2015-16,203085,Austin Rivers,Austin,1610612746,LAC,LA Clippers,21500550,2016-01-09T00:00:00,LAC vs. CHA,W,24.4,2.0,0.0,0.0,4.0,3.0,12.0,7.0,20.0,0.0,0.0,2.0,1.0,13.2,1,1,1,1,12241,6026,10158,9917,8599,5109,22832,15538,11929,8004,1,11390,12373,16768,1.0,24:22,2015,2016
2015-16,201601,Luc Mbah a Moute,Luc,1610612746,LAC,LA Clippers,21500550,2016-01-09T00:00:00,LAC vs. CHA,W,18.0,0.0,2.0,0.0,2.0,2.0,3.0,2.0,10.0,1.0,1.0,1.0,1.0,14.8,1,1,1,1,17510,12059,4731,9917,12984,2619,7138,4025,20209,2692,17214,4972,12373,15561,1.0,18:00,2015,2016
2015-16,201599,DeAndre Jordan,DeAndre,1610612746,LAC,LA Clippers,21500535,2016-01-06T00:00:00,LAC @ POR,W,35.9,2.0,2.0,2.0,12.0,6.0,8.0,2.0,24.0,4.0,0.0,1.0,4.0,42.8,1,1,1,1,2816,6026,4731,4675,988,10028,17345,4025,8723,132,1,4972,2748,1776,1.0,35:56,2015,2016
2015-16,202325,Wesley Johnson,Wesley,1610612746,LAC,LA Clippers,21500535,2016-01-06T00:00:00,LAC @ POR,W,23.8,0.0,0.0,0.0,0.0,5.0,14.0,6.0,26.0,1.0,0.0,1.0,2.0,16.9,1,1,1,1,12744,12059,10158,9917,18861,8403,24300,13388,7214,2692,1,4972,7786,13911,1.0,23:48,2015,2016
2015-16,1718,Paul Pierce,Paul,1610612746,LAC,LA Clippers,21500535,2016-01-06T00:00:00,LAC @ POR,W,24.2,3.0,0.0,3.0,0.0,4.0,4.0,0.0,16.0,0.0,1.0,5.0,1.0,28.3,1,1,1,1,12379,4307,10158,3302,18861,6141,8458,1,15259,8004,17214,24686,12373,6720,1.0,24:12,2015,2016
2015-16,200755,JJ Redick,JJ,1610612746,LAC,LA Clippers,21500535,2016-01-06T00:00:00,LAC @ POR,W,30.1,2.0,0.0,2.0,4.0,6.0,6.0,2.0,20.0,0.0,0.0,2.0,3.0,27.7,1,1,1,1,7477,6026,10158,4675,8599,10028,13237,4025,11929,8004,1,11390,4736,7008,1.0,30:05,2015,2016
2015-16,101108,Chris Paul,Chris,1610612746,LAC,LA Clippers,21500535,2016-01-06T00:00:00,LAC @ POR,W,35.6,6.0,0.0,0.0,6.0,6.0,8.0,4.0,24.0,0.0,1.0,4.0,6.0,54.3,1,1,1,1,3071,878,10158,9917,5299,10028,17345,8806,8723,8004,17214,22104,873,428,1.0,35:35,2015,2016
2015-16,203085,Austin Rivers,Austin,1610612746,LAC,LA Clippers,21500535,2016-01-06T00:00:00,LAC @ POR,W,25.1,2.0,2.0,2.0,2.0,5.0,10.0,4.0,24.0,0.0,1.0,2.0,0.0,19.6,1,1,1,1,11573,6026,4731,4675,12984,8403,20509,8806,8723,8004,17214,11390,18762,12024,1.0,25:08,2015,2016
2015-16,201601,Luc Mbah a Moute,Luc,1610612746,LAC,LA Clippers,21500535,2016-01-06T00:00:00,LAC @ POR,W,19.1,0.0,0.0,0.0,2.0,2.0,8.0,0.0,16.0,1.0,0.0,1.0,0.0,6.4,1,1,1,1,16610,12059,10158,9917,12984,2619,17345,1,15259,2692,1,4972,18762,21589,1.0,19:07,2015,2016
2015-16,2037,Jamal Crawford,Jamal,1610612746,LAC,LA Clippers,21500535,2016-01-06T00:00:00,LAC @ POR,W,21.7,4.0,4.0,0.0,4.0,5.0,12.0,6.0,24.0,0.0,0.0,1.0,1.0,17.9,1,1,1,1,14446,2460,1596,9917,8599,8403,22832,13388,8723,8004,1,4972,12373,13229,1.0,21:41,2015,2016
2015-16,203143,Pablo Prigioni,Pablo,1610612746,LAC,LA Clippers,21500535,2016-01-06T00:00:00,LAC @ POR,W,12.4,0.0,0.0,0.0,0.0,3.0,10.0,2.0,18.0,0.0,0.0,3.0,0.0,3.9,1,1,1,1,21322,12059,10158,9917,18861,5109,20509,4025,13577,8004,1,17641,18762,23225,1.0,12:25,2015,2016
2015-16,202332,Cole Aldrich,Cole,1610612746,LAC,LA Clippers,21500535,2016-01-06T00:00:00,LAC @ POR,W,12.1,0.0,0.0,0.0,2.0,3.0,10.0,4.0,18.0,0.0,1.0,2.0,1.0,6.6,1,1,1,1,21489,12059,10158,9917,12984,5109,20509,8806,13577,8004,17214,11390,12373,21445,1.0,12:04,2015,2016
2015-16,202362,Lance Stephenson,Lance,1610612746,LAC,LA Clippers,21500505,2016-01-02T00:00:00,LAC vs. PHI,W,21.2,2.0,2.0,1.0,0.0,13.0,2.0,14.0,24.0,0.0,0.0,0.0,4.0,17.3,1,1,1,1,14849,6026,4731,9347,18861,21300,3734,23710,8723,8004,1,1,2748,13671,1.0,21:14,2015,2016
2015-16,202325,Wesley Johnson,Wesley,1610612746,LAC,LA Clippers,21500505,2016-01-02T00:00:00,LAC vs. PHI,W,24.3,6.0,0.0,3.0,0.0,6.0,8.0,7.0,30.0,2.0,0.0,2.0,0.0,32.9,1,1,1,1,12282,878,10158,3302,18861,10028,17345,15538,4541,932,1,11390,18762,4566,1.0,24:19,2015,2016
2015-16,203143,Pablo Prigioni,Pablo,1610612746,LAC,LA Clippers,21500505,2016-01-02T00:00:00,LAC vs. PHI,W,22.0,0.0,0.0,0.0,0.0,15.0,0.0,14.0,24.0,0.0,0.0,2.0,0.0,10.1,1,1,1,1,14199,12059,10158,9917,18861,23079,1,23710,8723,8004,1,11390,18762,19105,1.0,21:58,2015,2016
2015-16,202332,Cole Aldrich,Cole,1610612746,LAC,LA Clippers,21500505,2016-01-02T00:00:00,LAC vs. PHI,W,11.5,0.0,2.0,0.0,8.0,9.0,0.0,8.0,8.0,2.0,1.0,5.0,1.0,23.3,1,1,1,1,21812,12059,4731,9917,3109,15771,1,17194,21543,932,17214,24686,12373,9567,1.0,11:31,2015,2016
2015-16,201601,Luc Mbah a Moute,Luc,1610612746,LAC,LA Clippers,21500505,2016-01-02T00:00:00,LAC vs. PHI,W,22.6,2.0,0.0,4.0,6.0,7.0,6.0,10.0,26.0,1.0,1.0,1.0,1.0,14.8,1,1,1,1,13687,6026,10158,1913,5299,12242,13237,20169,7214,2692,17214,4972,12373,15561,1.0,22:37,2015,2016
2015-16,200755,JJ Redick,JJ,1610612746,LAC,LA Clippers,21500505,2016-01-02T00:00:00,LAC vs. PHI,W,24.1,6.0,0.0,3.0,0.0,7.0,6.0,10.0,26.0,0.0,1.0,1.0,3.0,19.2,1,1,1,1,12442,878,10158,3302,18861,12242,13237,20169,7214,8004,17214,4972,4736,12284,1.0,24:07,2015,2016
2015-16,203085,Austin Rivers,Austin,1610612746,LAC,LA Clippers,21500505,2016-01-02T00:00:00,LAC vs. PHI,W,24.5,0.0,0.0,3.0,4.0,15.0,4.0,14.0,28.0,0.0,0.0,1.0,1.0,29.9,1,1,1,1,12132,12059,10158,3302,8599,23079,8458,23710,5824,8004,1,4972,12373,5884,1.0,24:30,2015,2016
2015-16,1626183,Branden Dawson,Branden,1610612746,LAC,LA Clippers,21500505,2016-01-02T00:00:00,LAC vs. PHI,W,9.4,0.0,0.0,0.0,2.0,7.0,0.0,9.0,12.0,0.0,1.0,0.0,0.0,5.6,1,1,1,1,22670,12059,10158,9917,12984,12242,1,18829,18637,8004,17214,1,18762,22133,1.0,9:24,2015,2016
2015-16,2746,Josh Smith,Josh,1610612746,LAC,LA Clippers,21500505,2016-01-02T00:00:00,LAC vs. PHI,W,6.5,0.0,0.0,0.0,0.0,4.0,0.0,6.0,10.0,0.0,0.0,1.0,0.0,0.0,1,1,1,1,23739,12059,10158,9917,18861,6141,1,13388,20209,8004,1,4972,18762,25170,1.0,6:31,2015,2016
2015-16,2037,Jamal Crawford,Jamal,1610612746,LAC,LA Clippers,21500505,2016-01-02T00:00:00,LAC vs. PHI,W,17.9,2.0,0.0,2.0,4.0,11.0,4.0,8.0,16.0,0.0,0.0,0.0,3.0,16.2,1,1,1,1,17577,6026,10158,4675,8599,18886,8458,17194,15259,8004,1,1,4736,14436,1.0,17:56,2015,2016
2015-16,201599,DeAndre Jordan,DeAndre,1610612746,LAC,LA Clippers,21500505,2016-01-02T00:00:00,LAC vs. PHI,W,29.9,6.0,2.0,4.0,18.0,9.0,10.0,10.0,36.0,1.0,0.0,2.0,5.0,41.1,1,1,1,1,7650,878,4731,1913,131,15771,20509,20169,1943,2692,1,11390,1539,2123,1.0,29:52,2015,2016
2015-16,101108,Chris Paul,Chris,1610612746,LAC,LA Clippers,21500505,2016-01-02T00:00:00,LAC vs. PHI,W,26.0,0.0,0.0,2.0,6.0,7.0,10.0,10.0,30.0,0.0,0.0,2.0,3.0,43.0,1,1,1,1,10813,12059,10158,4675,5299,12242,20509,20169,4541,8004,1,11390,4736,1733,1.0,26:02,2015,2016
2015-16,202332,Cole Aldrich,Cole,1610612746,LAC,LA Clippers,21500487,2015-12-31T00:00:00,LAC @ NOP,W,10.7,2.0,2.0,0.0,4.0,4.0,0.0,4.0,20.0,0.0,0.0,2.0,1.0,12.3,1,1,1,1,22166,6026,4731,9917,8599,6141,1,8806,11929,8004,1,11390,12373,17524,1.0,10:40,2015,2016
2015-16,2037,Jamal Crawford,Jamal,1610612746,LAC,LA Clippers,21500487,2015-12-31T00:00:00,LAC @ NOP,W,22.0,0.0,2.0,0.0,4.0,8.0,4.0,9.0,26.0,0.0,0.0,1.0,3.0,19.7,1,1,1,1,14197,12059,4731,9917,8599,13914,8458,18829,7214,8004,1,4972,4736,11962,1.0,21:58,2015,2016
2015-16,200755,JJ Redick,JJ,1610612746,LAC,LA Clippers,21500487,2015-12-31T00:00:00,LAC @ NOP,W,28.8,7.0,7.0,5.0,2.0,3.0,3.0,7.0,18.0,0.0,0.0,2.0,4.0,30.4,1,1,1,1,8534,548,292,1277,12984,5109,7138,15538,13577,8004,1,11390,2748,5661,1.0,28:48,2015,2016
2015-16,201599,DeAndre Jordan,DeAndre,1610612746,LAC,LA Clippers,21500487,2015-12-31T00:00:00,LAC @ NOP,W,36.1,5.0,4.0,0.0,10.0,6.0,7.0,12.0,24.0,3.0,0.0,4.0,3.0,49.0,1,1,1,1,2669,1603,1596,9917,1840,10028,15642,22259,8723,347,1,22104,4736,862,1.0,36:06,2015,2016
2015-16,101108,Chris Paul,Chris,1610612746,LAC,LA Clippers,21500487,2015-12-31T00:00:00,LAC @ NOP,W,32.6,3.0,2.0,0.0,2.0,3.0,5.0,7.0,22.0,0.0,1.0,0.0,7.0,36.0,1,1,1,1,5424,4307,4731,9917,12984,5109,11469,15538,10265,8004,17214,1,469,3463,1.0,32:36,2015,2016
2015-16,1718,Paul Pierce,Paul,1610612746,LAC,LA Clippers,21500487,2015-12-31T00:00:00,LAC @ NOP,W,20.5,0.0,0.0,0.0,0.0,3.0,5.0,5.0,14.0,1.0,1.0,1.0,2.0,14.2,1,1,1,1,15446,12059,10158,9917,18861,5109,11469,11593,17019,2692,17214,4972,7786,16003,1.0,20:32,2015,2016
2015-16,203143,Pablo Prigioni,Pablo,1610612746,LAC,LA Clippers,21500487,2015-12-31T00:00:00,LAC @ NOP,W,15.4,2.0,0.0,2.0,2.0,8.0,2.0,9.0,22.0,0.0,0.0,1.0,0.0,10.2,1,1,1,1,19474,6026,10158,4675,12984,13914,3734,18829,10265,8004,1,4972,18762,19003,1.0,15:24,2015,2016
2015-16,201601,Luc Mbah a Moute,Luc,1610612746,LAC,LA Clippers,21500487,2015-12-31T00:00:00,LAC @ NOP,W,25.9,0.0,4.0,0.0,4.0,3.0,3.0,7.0,18.0,2.0,1.0,1.0,1.0,18.3,1,1,1,1,10905,12059,1596,9917,8599,5109,7138,15538,13577,932,17214,4972,12373,12952,1.0,25:56,2015,2016
2015-16,202325,Wesley Johnson,Wesley,1610612746,LAC,LA Clippers,21500487,2015-12-31T00:00:00,LAC @ NOP,W,27.3,5.0,3.0,2.0,4.0,9.0,2.0,11.0,28.0,0.0,0.0,2.0,0.0,16.6,1,1,1,1,9804,1603,3104,4675,8599,15771,3734,21342,5824,8004,1,11390,18762,14125,1.0,27:15,2015,2016
2015-16,203085,Austin Rivers,Austin,1610612746,LAC,LA Clippers,21500487,2015-12-31T00:00:00,LAC @ NOP,W,20.7,0.0,0.0,0.0,0.0,8.0,4.0,9.0,28.0,0.0,0.0,0.0,1.0,10.7,1,1,1,1,15286,12059,10158,9917,18861,13914,8458,18829,5824,8004,1,1,12373,18636,1.0,20:45,2015,2016
2015-16,202362,Lance Stephenson,Lance,1610612746,LAC,LA Clippers,21500474,2015-12-30T00:00:00,LAC @ CHA,W,2.3,0.0,0.0,0.0,0.0,0.0,6.0,0.0,2.0,0.0,0.0,1.0,0.0,0.0,1,1,1,1,25417,12059,10158,9917,18861,1,13237,1,24614,8004,1,4972,18762,25170,1.0,2:18,2015,2016
2015-16,202332,Cole Aldrich,Cole,1610612746,LAC,LA Clippers,21500474,2015-12-30T00:00:00,LAC @ CHA,W,14.4,0.0,0.0,0.0,6.0,4.0,10.0,5.0,12.0,2.0,0.0,4.0,2.0,24.6,1,1,1,1,20145,12059,10158,9917,5299,6141,20509,11593,18637,932,1,22104,7786,8724,1.0,14:27,2015,2016
2015-16,203085,Austin Rivers,Austin,1610612746,LAC,LA Clippers,21500474,2015-12-30T00:00:00,LAC @ CHA,W,19.8,2.0,3.0,2.0,6.0,4.0,14.0,10.0,20.0,0.0,0.0,1.0,3.0,31.6,1,1,1,1,16049,6026,3104,4675,5299,6141,24300,20169,11929,8004,1,4972,4736,5130,1.0,19:50,2015,2016
2015-16,202325,Wesley Johnson,Wesley,1610612746,LAC,LA Clippers,21500474,2015-12-30T00:00:00,LAC @ CHA,W,20.8,0.0,0.0,0.0,0.0,6.0,10.0,10.0,24.0,1.0,0.0,4.0,1.0,15.2,1,1,1,1,15269,12059,10158,9917,18861,10028,20509,20169,8723,2692,1,22104,12373,15219,1.0,20:46,2015,2016
2015-16,101108,Chris Paul,Chris,1610612746,LAC,LA Clippers,21500474,2015-12-30T00:00:00,LAC @ CHA,W,30.3,3.0,2.0,2.0,4.0,6.0,11.0,16.0,32.0,1.0,0.0,2.0,7.0,42.5,1,1,1,1,7284,4307,4731,4675,8599,10028,21814,24641,3535,2692,1,11390,469,1841,1.0,30:16,2015,2016
2015-16,200755,JJ Redick,JJ,1610612746,LAC,LA Clippers,21500474,2015-12-30T00:00:00,LAC @ CHA,W,27.1,5.0,3.0,0.0,0.0,6.0,11.0,12.0,26.0,0.0,1.0,3.0,2.0,26.2,1,1,1,1,9922,1603,3104,9917,18861,10028,21814,22259,7214,8004,17214,17641,7786,7785,1.0,27:07,2015,2016
2015-16,201599,DeAndre Jordan,DeAndre,1610612746,LAC,LA Clippers,21500474,2015-12-30T00:00:00,LAC @ CHA,W,33.1,2.0,4.0,2.0,8.0,6.0,15.0,13.0,36.0,1.0,0.0,3.0,6.0,32.1,1,1,1,1,5043,6026,1596,4675,3109,10028,24781,23048,1943,2692,1,17641,873,4889,1.0,33:06,2015,2016
2015-16,1718,Paul Pierce,Paul,1610612746,LAC,LA Clippers,21500474,2015-12-30T00:00:00,LAC @ CHA,W,21.3,0.0,0.0,0.0,2.0,4.0,9.0,14.0,18.0,1.0,1.0,3.0,1.0,28.0,1,1,1,1,14762,12059,10158,9917,12984,6141,19144,23710,13577,2692,17214,17641,12373,6864,1.0,21:19,2015,2016
2015-16,2037,Jamal Crawford,Jamal,1610612746,LAC,LA Clippers,21500474,2015-12-30T00:00:00,LAC @ CHA,W,24.6,3.0,0.0,5.0,0.0,4.0,14.0,9.0,28.0,1.0,0.0,1.0,4.0,21.1,1,1,1,1,12059,4307,10158,1277,18861,6141,24300,18829,5824,2692,1,4972,2748,11012,1.0,24:34,2015,2016
2015-16,201601,Luc Mbah a Moute,Luc,1610612746,LAC,LA Clippers,21500474,2015-12-30T00:00:00,LAC @ CHA,W,28.6,0.0,0.0,2.0,4.0,6.0,11.0,11.0,26.0,0.0,1.0,1.0,0.0,8.0,1,1,1,1,8762,12059,10158,4675,8599,10028,21814,21342,7214,8004,17214,4972,18762,20564,1.0,28:34,2015,2016
2015-16,203143,Pablo Prigioni,Pablo,1610612746,LAC,LA Clippers,21500474,2015-12-30T00:00:00,LAC @ CHA,W,17.7,0.0,0.0,0.0,2.0,4.0,14.0,5.0,16.0,0.0,0.0,3.0,0.0,10.0,1,1,1,1,17723,12059,10158,9917,12984,6141,24300,11593,15259,8004,1,17641,18762,19178,1.0,17:44,2015,2016
2015-16,202332,Cole Aldrich,Cole,1610612746,LAC,LA Clippers,21500461,2015-12-28T00:00:00,LAC @ WAS,W,19.9,0.0,0.0,0.0,6.0,3.0,8.0,8.0,20.0,1.0,1.0,3.0,5.0,38.7,1,1,1,1,15982,12059,10158,9917,5299,5109,17345,17194,11929,2692,17214,17641,1539,2717,1.0,19:55,2015,2016
2015-16,2037,Jamal Crawford,Jamal,1610612746,LAC,LA Clippers,21500461,2015-12-28T00:00:00,LAC @ WAS,W,27.1,7.0,0.0,2.0,2.0,13.0,15.0,10.0,22.0,0.0,0.0,1.0,1.0,22.0,1,1,1,1,9967,548,10158,4675,12984,21300,24781,20169,10265,8004,1,4972,12373,10388,1.0,27:03,2015,2016
2015-16,101108,Chris Paul,Chris,1610612746,LAC,LA Clippers,21500461,2015-12-28T00:00:00,LAC @ WAS,W,27.5,2.0,0.0,2.0,10.0,14.0,6.0,6.0,14.0,0.0,1.0,1.0,2.0,37.5,1,1,1,1,9648,6026,10158,4675,1840,22292,13237,13388,17019,8004,17214,4972,7786,3050,1.0,27:27,2015,2016
2015-16,201601,Luc Mbah a Moute,Luc,1610612746,LAC,LA Clippers,21500461,2015-12-28T00:00:00,LAC @ WAS,W,18.7,0.0,0.0,0.0,0.0,5.0,4.0,6.0,14.0,1.0,0.0,2.0,0.0,13.4,1,1,1,1,16975,12059,10158,9917,18861,8403,8458,13388,17019,2692,1,11390,18762,16614,1.0,18:40,2015,2016
2015-16,1718,Paul Pierce,Paul,1610612746,LAC,LA Clippers,21500461,2015-12-28T00:00:00,LAC @ WAS,W,17.3,4.0,3.0,0.0,0.0,6.0,2.0,2.0,6.0,0.0,0.0,1.0,0.0,17.3,1,1,1,1,18024,2460,3104,9917,18861,10028,3734,4025,22724,8004,1,4972,18762,13671,1.0,17:20,2015,2016
2015-16,203085,Austin Rivers,Austin,1610612746,LAC,LA Clippers,21500461,2015-12-28T00:00:00,LAC @ WAS,W,18.6,1.0,0.0,1.0,2.0,4.0,11.0,3.0,16.0,0.0,0.0,1.0,2.0,10.0,1,1,1,1,17014,11535,10158,9347,12984,6141,21814,7328,15259,8004,1,4972,7786,19178,1.0,18:36,2015,2016
2015-16,201599,DeAndre Jordan,DeAndre,1610612746,LAC,LA Clippers,21500461,2015-12-28T00:00:00,LAC @ WAS,W,28.1,0.0,2.0,2.0,12.0,13.0,11.0,7.0,16.0,1.0,0.0,1.0,3.0,33.6,1,1,1,1,9167,12059,4731,4675,988,21300,21814,15538,15259,2692,1,4972,4736,4305,1.0,28:05,2015,2016
2015-16,202362,Lance Stephenson,Lance,1610612746,LAC,LA Clippers,21500461,2015-12-28T00:00:00,LAC @ WAS,W,3.9,0.0,0.0,0.0,0.0,1.0,2.0,6.0,6.0,0.0,0.0,0.0,0.0,1.5,1,1,1,1,24730,12059,10158,9917,18861,2356,3734,13388,22724,8004,1,1,18762,24473,1.0,3:56,2015,2016
2015-16,200755,JJ Redick,JJ,1610612746,LAC,LA Clippers,21500461,2015-12-28T00:00:00,LAC @ WAS,W,24.4,0.0,0.0,0.0,2.0,8.0,4.0,2.0,10.0,0.0,0.0,0.0,2.0,13.2,1,1,1,1,12258,12059,10158,9917,12984,13914,8458,4025,20209,8004,1,1,7786,16768,1.0,24:22,2015,2016
2015-16,202325,Wesley Johnson,Wesley,1610612746,LAC,LA Clippers,21500461,2015-12-28T00:00:00,LAC @ WAS,W,30.7,0.0,2.0,3.0,2.0,10.0,17.0,13.0,30.0,0.0,0.0,4.0,2.0,17.8,1,1,1,1,6970,12059,4731,3302,12984,17370,25429,23048,4541,8004,1,22104,7786,13309,1.0,30:40,2015,2016
2015-16,203143,Pablo Prigioni,Pablo,1610612746,LAC,LA Clippers,21500461,2015-12-28T00:00:00,LAC @ WAS,W,20.7,2.0,0.0,0.0,2.0,2.0,13.0,9.0,22.0,0.0,0.0,2.0,1.0,7.9,1,1,1,1,15290,6026,10158,9917,12984,2619,23668,18829,10265,8004,1,11390,12373,20646,1.0,20:44,2015,2016
2015-16,1626183,Branden Dawson,Branden,1610612746,LAC,LA Clippers,21500461,2015-12-28T00:00:00,LAC @ WAS,W,3.2,0.0,0.0,0.0,0.0,1.0,2.0,3.0,4.0,1.0,1.0,2.0,0.0,3.0,1,1,1,1,25050,12059,10158,9917,18861,2356,3734,7328,23698,2692,17214,11390,18762,23648,1.0,3:12,2015,2016
2015-16,203143,Pablo Prigioni,Pablo,1610612746,LAC,LA Clippers,21500452,2015-12-26T00:00:00,LAC @ UTA,W,12.5,0.0,0.0,0.0,0.0,2.0,3.0,0.0,6.0,0.0,0.0,0.0,0.0,7.2,1,1,1,1,21300,12059,10158,9917,18861,2619,7138,1,22724,8004,1,1,18762,21035,1.0,12:27,2015,2016
2015-16,202362,Lance Stephenson,Lance,1610612746,LAC,LA Clippers,21500452,2015-12-26T00:00:00,LAC @ UTA,W,9.0,0.0,0.0,0.0,0.0,4.0,0.0,2.0,8.0,0.0,0.0,2.0,0.0,4.7,1,1,1,1,22830,12059,10158,9917,18861,6141,1,4025,21543,8004,1,11390,18762,22672,1.0,9:01,2015,2016
2015-16,2037,Jamal Crawford,Jamal,1610612746,LAC,LA Clippers,21500452,2015-12-26T00:00:00,LAC @ UTA,W,24.3,5.0,0.0,0.0,0.0,5.0,7.0,3.0,18.0,0.0,1.0,4.0,2.0,8.9,1,1,1,1,12292,1603,10158,9917,18861,8403,15642,7328,13577,8004,17214,22104,7786,19914,1.0,24:19,2015,2016
2015-16,101108,Chris Paul,Chris,1610612746,LAC,LA Clippers,21500452,2015-12-26T00:00:00,LAC @ UTA,W,35.6,4.0,5.0,0.0,6.0,10.0,12.0,6.0,38.0,0.0,0.0,4.0,7.0,42.9,1,1,1,1,3095,2460,995,9917,5299,17370,22832,13388,1422,8004,1,22104,469,1754,1.0,35:33,2015,2016
2015-16,1718,Paul Pierce,Paul,1610612746,LAC,LA Clippers,21500452,2015-12-26T00:00:00,LAC @ UTA,W,27.1,9.0,0.0,0.0,2.0,4.0,10.0,3.0,26.0,0.0,1.0,2.0,2.0,29.0,1,1,1,1,9954,171,10158,9917,12984,6141,20509,7328,7214,8004,17214,11390,7786,6346,1.0,27:04,2015,2016
2015-16,201599,DeAndre Jordan,DeAndre,1610612746,LAC,LA Clippers,21500452,2015-12-26T00:00:00,LAC @ UTA,W,34.7,1.0,2.0,0.0,12.0,10.0,13.0,6.0,36.0,4.0,0.0,2.0,4.0,44.6,1,1,1,1,3772,11535,4731,9917,988,17370,23668,13388,1943,132,1,11390,2748,1438,1.0,34:43,2015,2016
2015-16,202332,Cole Aldrich,Cole,1610612746,LAC,LA Clippers,21500452,2015-12-26T00:00:00,LAC @ UTA,W,13.2,0.0,2.0,0.0,8.0,2.0,2.0,0.0,8.0,1.0,1.0,3.0,2.0,17.6,1,1,1,1,20852,12059,4731,9917,3109,2619,3734,1,21543,2692,17214,17641,7786,13443,1.0,13:14,2015,2016
2015-16,202325,Wesley Johnson,Wesley,1610612746,LAC,LA Clippers,21500452,2015-12-26T00:00:00,LAC @ UTA,W,15.5,0.0,0.0,0.0,2.0,3.0,5.0,1.0,6.0,0.0,0.0,2.0,0.0,13.9,1,1,1,1,19429,12059,10158,9917,12984,5109,11469,3646,22724,8004,1,11390,18762,16232,1.0,15:29,2015,2016
2015-16,200755,JJ Redick,JJ,1610612746,LAC,LA Clippers,21500452,2015-12-26T00:00:00,LAC @ UTA,W,32.6,0.0,2.0,3.0,0.0,9.0,10.0,5.0,38.0,0.0,0.0,1.0,4.0,34.4,1,1,1,1,5434,12059,4731,3302,18861,15771,20509,11593,1422,8004,1,4972,2748,4029,1.0,32:35,2015,2016
2015-16,201601,Luc Mbah a Moute,Luc,1610612746,LAC,LA Clippers,21500452,2015-12-26T00:00:00,LAC @ UTA,W,30.7,2.0,0.0,0.0,0.0,8.0,13.0,4.0,32.0,1.0,0.0,3.0,1.0,14.2,1,1,1,1,6959,6026,10158,9917,18861,13914,23668,8806,3535,2692,1,17641,12373,16003,1.0,30:41,2015,2016
2015-16,2746,Josh Smith,Josh,1610612746,LAC,LA Clippers,21500452,2015-12-26T00:00:00,LAC @ UTA,W,4.9,0.0,0.0,0.0,0.0,3.0,0.0,0.0,4.0,0.0,1.0,0.0,0.0,1.4,1,1,1,1,24394,12059,10158,9917,18861,5109,1,1,23698,8004,17214,1,18762,24615,1.0,4:55,2015,2016
2015-16,202362,Lance Stephenson,Lance,1610612746,LAC,LA Clippers,21500440,2015-12-25T00:00:00,LAC @ LAL,W,14.9,0.0,3.0,0.0,0.0,6.0,5.0,6.0,10.0,0.0,0.0,1.0,0.0,5.7,1,1,1,1,19841,12059,3104,9917,18861,10028,11469,13388,20209,8004,1,4972,18762,22054,1.0,14:53,2015,2016
2015-16,202325,Wesley Johnson,Wesley,1610612746,LAC,LA Clippers,21500440,2015-12-25T00:00:00,LAC @ LAL,W,10.7,0.0,0.0,0.0,0.0,4.0,0.0,0.0,4.0,1.0,0.0,1.0,0.0,11.2,1,1,1,1,22138,12059,10158,9917,18861,6141,1,1,23698,2692,1,4972,18762,18267,1.0,10:44,2015,2016
2015-16,202332,Cole Aldrich,Cole,1610612746,LAC,LA Clippers,21500440,2015-12-25T00:00:00,LAC @ LAL,W,11.3,0.0,0.0,0.0,0.0,6.0,5.0,6.0,10.0,0.0,0.0,3.0,0.0,3.5,1,1,1,1,21903,12059,10158,9917,18861,10028,11469,13388,20209,8004,1,17641,18762,23351,1.0,11:18,2015,2016
2015-16,1718,Paul Pierce,Paul,1610612746,LAC,LA Clippers,21500440,2015-12-25T00:00:00,LAC @ LAL,W,11.6,0.0,2.0,0.0,0.0,6.0,5.0,6.0,10.0,0.0,1.0,1.0,0.0,4.2,1,1,1,1,21766,12059,4731,9917,18861,10028,11469,13388,20209,8004,17214,4972,18762,22976,1.0,11:38,2015,2016
2015-16,201601,Luc Mbah a Moute,Luc,1610612746,LAC,LA Clippers,21500440,2015-12-25T00:00:00,LAC @ LAL,W,22.4,0.0,0.0,0.0,0.0,6.0,0.0,2.0,8.0,0.0,0.0,0.0,0.0,9.2,1,1,1,1,13841,12059,10158,9917,18861,10028,1,4025,21543,8004,1,1,18762,19680,1.0,22:23,2015,2016
2015-16,101108,Chris Paul,Chris,1610612746,LAC,LA Clippers,21500440,2015-12-25T00:00:00,LAC @ LAL,W,34.9,4.0,3.0,2.0,10.0,10.0,0.0,2.0,12.0,0.0,0.0,2.0,2.0,46.0,1,1,1,1,3595,2460,3104,4675,1840,17370,1,4025,18637,8004,1,11390,7786,1198,1.0,34:55,2015,2016
2015-16,201933,Blake Griffin,Blake,1610612746,LAC,LA Clippers,21500440,2015-12-25T00:00:00,LAC @ LAL,W,36.4,3.0,2.0,2.0,8.0,10.0,0.0,2.0,12.0,1.0,0.0,4.0,1.0,37.9,1,1,1,1,2496,4307,4731,4675,3109,17370,1,4025,18637,2692,1,22104,12373,2931,1.0,36:22,2015,2016
2015-16,201599,DeAndre Jordan,DeAndre,1610612746,LAC,LA Clippers,21500440,2015-12-25T00:00:00,LAC @ LAL,W,36.7,0.0,4.0,2.0,8.0,10.0,0.0,2.0,12.0,1.0,0.0,3.0,3.0,32.3,1,1,1,1,2285,12059,1596,4675,3109,17370,1,4025,18637,2692,1,17641,4736,4807,1.0,36:42,2015,2016
2015-16,200755,JJ Redick,JJ,1610612746,LAC,LA Clippers,21500440,2015-12-25T00:00:00,LAC @ LAL,W,28.3,0.0,0.0,0.0,0.0,10.0,0.0,2.0,10.0,0.0,0.0,2.0,3.0,22.6,1,1,1,1,9037,12059,10158,9917,18861,17370,1,4025,20209,8004,1,11390,4736,10000,1.0,28:15,2015,2016
2015-16,2037,Jamal Crawford,Jamal,1610612746,LAC,LA Clippers,21500440,2015-12-25T00:00:00,LAC @ LAL,W,19.7,2.0,3.0,4.0,4.0,6.0,5.0,6.0,12.0,0.0,1.0,1.0,3.0,18.6,1,1,1,1,16120,6026,3104,1913,8599,10028,11469,13388,18637,8004,17214,4972,4736,12715,1.0,19:45,2015,2016
2015-16,203143,Pablo Prigioni,Pablo,1610612746,LAC,LA Clippers,21500440,2015-12-25T00:00:00,LAC @ LAL,W,13.1,3.0,0.0,0.0,0.0,6.0,5.0,6.0,10.0,0.0,0.0,2.0,1.0,12.8,1,1,1,1,20924,4307,10158,9917,18861,10028,11469,13388,20209,8004,1,11390,12373,17129,1.0,13:05,2015,2016
2015-16,202362,Lance Stephenson,Lance,1610612746,LAC,LA Clippers,21500418,2015-12-21T00:00:00,LAC vs. OKC,L,19.6,2.0,0.0,4.0,8.0,2.0,8.0,4.0,18.0,0.0,0.0,3.0,0.0,15.3,1,13074,13074,13074,16226,6026,10158,1913,3109,2619,17345,8806,13577,8004,1,17641,18762,15150,1.0,19:36,2015,2016
2015-16,201599,DeAndre Jordan,DeAndre,1610612746,LAC,LA Clippers,21500418,2015-12-21T00:00:00,LAC vs. OKC,L,33.7,0.0,1.0,0.0,6.0,9.0,5.0,13.0,34.0,1.0,0.0,1.0,4.0,22.0,1,13074,13074,13074,4590,12059,9709,9917,5299,15771,11469,23048,2701,2692,1,4972,2748,10388,1.0,33:42,2015,2016
2015-16,101108,Chris Paul,Chris,1610612746,LAC,LA Clippers,21500418,2015-12-21T00:00:00,LAC vs. OKC,L,36.0,6.0,0.0,4.0,10.0,11.0,3.0,17.0,40.0,0.0,1.0,3.0,4.0,57.0,1,13074,13074,13074,2786,878,10158,1913,1840,18886,7138,24967,983,8004,17214,17641,2748,313,1.0,35:58,2015,2016
2015-16,201933,Blake Griffin,Blake,1610612746,LAC,LA Clippers,21500418,2015-12-21T00:00:00,LAC vs. OKC,L,36.3,2.0,0.0,0.0,8.0,9.0,5.0,15.0,40.0,0.0,1.0,3.0,4.0,29.9,1,13074,13074,13074,2520,6026,10158,9917,3109,15771,11469,24242,983,8004,17214,17641,2748,5884,1.0,36:20,2015,2016
2015-16,202332,Cole Aldrich,Cole,1610612746,LAC,LA Clippers,21500418,2015-12-21T00:00:00,LAC vs. OKC,L,13.8,0.0,0.0,0.0,4.0,2.0,4.0,6.0,14.0,2.0,0.0,0.0,1.0,23.8,1,13074,13074,13074,20533,12059,10158,9917,8599,2619,8458,13388,17019,932,1,1,12373,9261,1.0,13:47,2015,2016
2015-16,200755,JJ Redick,JJ,1610612746,LAC,LA Clippers,21500418,2015-12-21T00:00:00,LAC vs. OKC,L,25.5,3.0,3.0,0.0,0.0,9.0,1.0,13.0,28.0,0.0,0.0,1.0,1.0,20.8,1,13074,13074,13074,11312,4307,3104,9917,18861,15771,3393,23048,5824,8004,1,4972,12373,11195,1.0,25:29,2015,2016
2015-16,2037,Jamal Crawford,Jamal,1610612746,LAC,LA Clippers,21500418,2015-12-21T00:00:00,LAC vs. OKC,L,24.3,0.0,2.0,0.0,4.0,2.0,8.0,6.0,22.0,0.0,1.0,3.0,0.0,9.2,1,13074,13074,13074,12343,12059,4731,9917,8599,2619,17345,13388,10265,8004,17214,17641,18762,19680,1.0,24:16,2015,2016
2015-16,202325,Wesley Johnson,Wesley,1610612746,LAC,LA Clippers,21500418,2015-12-21T00:00:00,LAC vs. OKC,L,12.2,2.0,0.0,0.0,0.0,2.0,4.0,4.0,8.0,0.0,1.0,0.0,0.0,4.7,1,13074,13074,13074,21434,6026,10158,9917,18861,2619,8458,8806,21543,8004,17214,1,18762,22672,1.0,12:12,2015,2016
2015-16,201601,Luc Mbah a Moute,Luc,1610612746,LAC,LA Clippers,21500418,2015-12-21T00:00:00,LAC vs. OKC,L,26.6,0.0,0.0,0.0,2.0,9.0,1.0,15.0,28.0,0.0,0.0,1.0,0.0,9.6,1,13074,13074,13074,10350,12059,10158,9917,12984,15771,3393,24242,5824,8004,1,4972,18762,19434,1.0,26:38,2015,2016
2015-16,203143,Pablo Prigioni,Pablo,1610612746,LAC,LA Clippers,21500418,2015-12-21T00:00:00,LAC vs. OKC,L,12.0,0.0,0.0,0.0,2.0,0.0,6.0,2.0,8.0,0.0,0.0,0.0,2.0,9.2,1,13074,13074,13074,21510,12059,10158,9917,12984,1,13237,4025,21543,8004,1,1,7786,19680,1.0,12:02,2015,2016
2015-16,203143,Pablo Prigioni,Pablo,1610612746,LAC,LA Clippers,21500401,2015-12-19T00:00:00,LAC @ HOU,L,6.1,3.0,3.0,3.0,0.0,0.0,0.0,0.0,2.0,0.0,0.0,3.0,0.0,11.4,1,13074,13074,13074,23923,4307,3104,3302,18861,1,1,1,24614,8004,1,17641,18762,18134,1.0,6:05,2015,2016
2015-16,203085,Austin Rivers,Austin,1610612746,LAC,LA Clippers,21500401,2015-12-19T00:00:00,LAC @ HOU,L,16.2,2.0,0.0,0.0,2.0,5.0,7.0,4.0,16.0,0.0,1.0,4.0,0.0,6.7,1,13074,13074,13074,18932,6026,10158,9917,12984,8403,15642,8806,15259,8004,17214,22104,18762,21376,1.0,16:09,2015,2016
2015-16,202325,Wesley Johnson,Wesley,1610612746,LAC,LA Clippers,21500401,2015-12-19T00:00:00,LAC @ HOU,L,9.1,0.0,0.0,0.0,2.0,2.0,0.0,2.0,10.0,1.0,0.0,0.0,0.0,7.0,1,13074,13074,13074,22820,12059,10158,9917,12984,2619,1,4025,20209,2692,1,1,18762,21188,1.0,9:03,2015,2016
2015-16,2037,Jamal Crawford,Jamal,1610612746,LAC,LA Clippers,21500401,2015-12-19T00:00:00,LAC @ HOU,L,31.4,0.0,0.0,0.0,0.0,6.0,5.0,7.0,24.0,1.0,2.0,4.0,0.0,8.7,1,13074,13074,13074,6365,12059,10158,9917,18861,10028,11469,15538,8723,2692,23588,22104,18762,20045,1.0,31:26,2015,2016
2015-16,1718,Paul Pierce,Paul,1610612746,LAC,LA Clippers,21500401,2015-12-19T00:00:00,LAC @ HOU,L,15.6,0.0,0.0,3.0,0.0,5.0,7.0,4.0,18.0,0.0,0.0,4.0,1.0,4.2,1,13074,13074,13074,19343,12059,10158,3302,18861,8403,15642,8806,13577,8004,1,22104,12373,22976,1.0,15:36,2015,2016
2015-16,202332,Cole Aldrich,Cole,1610612746,LAC,LA Clippers,21500401,2015-12-19T00:00:00,LAC @ HOU,L,6.1,0.0,2.0,0.0,2.0,0.0,0.0,0.0,2.0,0.0,0.0,0.0,0.0,9.7,1,13074,13074,13074,23923,12059,4731,9917,12984,1,1,1,24614,8004,1,1,18762,19379,1.0,6:05,2015,2016
2015-16,201601,Luc Mbah a Moute,Luc,1610612746,LAC,LA Clippers,21500401,2015-12-19T00:00:00,LAC @ HOU,L,5.3,0.0,0.0,0.0,0.0,0.0,3.0,0.0,10.0,0.0,0.0,3.0,0.0,0.0,1,13074,13074,13074,24248,12059,10158,9917,18861,1,7138,1,20209,8004,1,17641,18762,25170,1.0,5:18,2015,2016
2015-16,202362,Lance Stephenson,Lance,1610612746,LAC,LA Clippers,21500401,2015-12-19T00:00:00,LAC @ HOU,L,20.1,0.0,0.0,0.0,0.0,5.0,7.0,4.0,18.0,0.0,0.0,6.0,0.0,0.6,1,13074,13074,13074,15848,12059,10158,9917,18861,8403,15642,8806,13577,8004,1,25827,18762,25053,1.0,20:06,2015,2016
2015-16,200755,JJ Redick,JJ,1610612746,LAC,LA Clippers,21500401,2015-12-19T00:00:00,LAC @ HOU,L,26.9,0.0,0.0,5.0,0.0,3.0,6.0,9.0,30.0,0.0,1.0,2.0,4.0,24.4,1,13074,13074,13074,10141,12059,10158,1277,18861,5109,13237,18829,4541,8004,17214,11390,2748,8867,1.0,26:51,2015,2016
2015-16,101108,Chris Paul,Chris,1610612746,LAC,LA Clippers,21500401,2015-12-19T00:00:00,LAC @ HOU,L,31.4,3.0,0.0,0.0,2.0,3.0,11.0,9.0,34.0,0.0,1.0,2.0,6.0,47.2,1,13074,13074,13074,6407,4307,10158,9917,12984,5109,21814,18829,2701,8004,17214,11390,873,1051,1.0,31:22,2015,2016
2015-16,201599,DeAndre Jordan,DeAndre,1610612746,LAC,LA Clippers,21500401,2015-12-19T00:00:00,LAC @ HOU,L,30.0,4.0,2.0,2.0,12.0,3.0,9.0,11.0,34.0,4.0,0.0,3.0,8.0,40.2,1,13074,13074,13074,7546,2460,4731,4675,988,5109,19144,21342,2701,132,1,17641,254,2323,1.0,30:00,2015,2016
2015-16,201933,Blake Griffin,Blake,1610612746,LAC,LA Clippers,21500401,2015-12-19T00:00:00,LAC @ HOU,L,36.4,2.0,2.0,0.0,12.0,3.0,8.0,13.0,46.0,0.0,0.0,5.0,9.0,41.6,1,13074,13074,13074,2509,6026,4731,9917,988,5109,17345,23048,298,8004,1,24686,138,2021,1.0,36:21,2015,2016
2015-16,2746,Josh Smith,Josh,1610612746,LAC,LA Clippers,21500401,2015-12-19T00:00:00,LAC @ HOU,L,5.6,2.0,4.0,0.0,4.0,5.0,2.0,2.0,6.0,0.0,2.0,0.0,1.0,8.4,1,13074,13074,13074,24130,6026,1596,9917,8599,8403,3734,4025,22724,8004,23588,1,12373,20273,1.0,5:38,2015,2016
2015-16,203085,Austin Rivers,Austin,1610612746,LAC,LA Clippers,21500393,2015-12-18T00:00:00,LAC @ SAS,L,13.7,0.0,0.0,0.0,2.0,10.0,10.0,4.0,12.0,0.0,0.0,0.0,1.0,9.9,1,13074,13074,13074,20587,12059,10158,9917,12984,17370,20509,8806,18637,8004,1,1,12373,19247,1.0,13:42,2015,2016
2015-16,101108,Chris Paul,Chris,1610612746,LAC,LA Clippers,21500393,2015-12-18T00:00:00,LAC @ SAS,L,34.4,2.0,2.0,4.0,0.0,2.0,7.0,4.0,28.0,0.0,2.0,5.0,4.0,51.4,1,13074,13074,13074,4053,6026,4731,1913,18861,2619,15642,8806,5824,8004,23588,24686,2748,620,1.0,34:22,2015,2016
2015-16,2037,Jamal Crawford,Jamal,1610612746,LAC,LA Clippers,21500393,2015-12-18T00:00:00,LAC @ SAS,L,16.5,0.0,0.0,0.0,0.0,10.0,10.0,6.0,12.0,1.0,0.0,2.0,2.0,8.7,1,13074,13074,13074,18630,12059,10158,9917,18861,17370,20509,13388,18637,2692,1,11390,7786,20045,1.0,16:32,2015,2016
2015-16,202362,Lance Stephenson,Lance,1610612746,LAC,LA Clippers,21500393,2015-12-18T00:00:00,LAC @ SAS,L,10.3,0.0,0.0,0.0,0.0,8.0,7.0,2.0,8.0,0.0,0.0,1.0,0.0,-1.0,1,13074,13074,13074,22308,12059,10158,9917,18861,13914,15642,4025,21543,8004,1,4972,18762,25932,1.0,10:19,2015,2016
2015-16,202325,Wesley Johnson,Wesley,1610612746,LAC,LA Clippers,21500393,2015-12-18T00:00:00,LAC @ SAS,L,14.8,0.0,0.0,0.0,2.0,2.0,5.0,2.0,14.0,2.0,0.0,1.0,1.0,15.6,1,13074,13074,13074,19901,12059,10158,9917,12984,2619,11469,4025,17019,932,1,4972,12373,14916,1.0,14:47,2015,2016
2015-16,201933,Blake Griffin,Blake,1610612746,LAC,LA Clippers,21500393,2015-12-18T00:00:00,LAC @ SAS,L,40.0,0.0,3.0,2.0,8.0,2.0,7.0,4.0,28.0,0.0,0.0,3.0,6.0,40.5,1,13074,13074,13074,741,12059,3104,4675,3109,2619,15642,8806,5824,8004,1,17641,873,2257,1.0,39:58,2015,2016
2015-16,201599,DeAndre Jordan,DeAndre,1610612746,LAC,LA Clippers,21500393,2015-12-18T00:00:00,LAC @ SAS,L,35.1,1.0,6.0,4.0,8.0,5.0,12.0,4.0,28.0,2.0,0.0,3.0,12.0,42.4,1,13074,13074,13074,3474,11535,481,1913,3109,8403,22832,8806,5824,932,1,17641,27,1860,1.0,35:05,2015,2016
2015-16,201601,Luc Mbah a Moute,Luc,1610612746,LAC,LA Clippers,21500393,2015-12-18T00:00:00,LAC @ SAS,L,21.9,2.0,0.0,2.0,0.0,2.0,5.0,2.0,18.0,0.0,1.0,2.0,1.0,8.2,1,13074,13074,13074,14270,6026,10158,4675,18861,2619,11469,4025,13577,8004,17214,11390,12373,20416,1.0,21:54,2015,2016
2015-16,1718,Paul Pierce,Paul,1610612746,LAC,LA Clippers,21500393,2015-12-18T00:00:00,LAC @ SAS,L,8.5,0.0,0.0,0.0,0.0,10.0,10.0,4.0,12.0,1.0,0.0,2.0,0.0,8.4,1,13074,13074,13074,23036,12059,10158,9917,18861,17370,20509,8806,18637,2692,1,11390,18762,20273,1.0,8:28,2015,2016
2015-16,200755,JJ Redick,JJ,1610612746,LAC,LA Clippers,21500393,2015-12-18T00:00:00,LAC @ SAS,L,32.6,2.0,0.0,0.0,0.0,2.0,7.0,4.0,28.0,0.0,1.0,1.0,3.0,17.9,1,13074,13074,13074,5444,6026,10158,9917,18861,2619,15642,8806,5824,8004,17214,4972,4736,13229,1.0,32:35,2015,2016
2015-16,2746,Josh Smith,Josh,1610612746,LAC,LA Clippers,21500393,2015-12-18T00:00:00,LAC @ SAS,L,12.3,0.0,0.0,0.0,6.0,7.0,5.0,4.0,12.0,2.0,0.0,2.0,0.0,15.9,1,13074,13074,13074,21383,12059,10158,9917,5299,12242,11469,8806,18637,932,1,11390,18762,14675,1.0,12:19,2015,2016
2015-16,202362,Lance Stephenson,Lance,1610612746,LAC,LA Clippers,21500382,2015-12-16T00:00:00,LAC vs. MIL,W,18.5,4.0,2.0,2.0,4.0,4.0,12.0,5.0,24.0,0.0,0.0,3.0,0.0,15.4,1,1,1,1,17111,2460,4731,4675,8599,6141,22832,11593,8723,8004,1,17641,18762,15066,1.0,18:28,2015,2016
2015-16,101108,Chris Paul,Chris,1610612746,LAC,LA Clippers,21500382,2015-12-16T00:00:00,LAC vs. MIL,W,33.2,4.0,8.0,0.0,4.0,16.0,8.0,9.0,36.0,0.0,2.0,1.0,1.0,42.2,1,1,1,1,4978,2460,137,9917,8599,23774,17345,18829,1943,8004,23588,4972,12373,1892,1.0,33:12,2015,2016
2015-16,1718,Paul Pierce,Paul,1610612746,LAC,LA Clippers,21500382,2015-12-16T00:00:00,LAC vs. MIL,W,19.5,4.0,0.0,0.0,4.0,11.0,12.0,6.0,24.0,0.0,0.0,0.0,0.0,11.6,1,1,1,1,16329,2460,10158,9917,8599,18886,22832,13388,8723,8004,1,1,18762,17970,1.0,19:29,2015,2016
2015-16,2746,Josh Smith,Josh,1610612746,LAC,LA Clippers,21500382,2015-12-16T00:00:00,LAC vs. MIL,W,17.7,0.0,2.0,0.0,4.0,11.0,10.0,6.0,20.0,0.0,1.0,0.0,1.0,22.8,1,1,1,1,17755,12059,4731,9917,8599,18886,20509,13388,11929,8004,17214,1,12373,9883,1.0,17:42,2015,2016
2015-16,201933,Blake Griffin,Blake,1610612746,LAC,LA Clippers,21500382,2015-12-16T00:00:00,LAC vs. MIL,W,33.9,0.0,0.0,0.0,6.0,12.0,12.0,9.0,38.0,1.0,0.0,0.0,8.0,35.1,1,1,1,1,4454,12059,10158,9917,5299,20178,22832,18829,1422,2692,1,1,254,3777,1.0,33:52,2015,2016
2015-16,203085,Austin Rivers,Austin,1610612746,LAC,LA Clippers,21500382,2015-12-16T00:00:00,LAC vs. MIL,W,19.0,0.0,0.0,0.0,2.0,5.0,12.0,4.0,22.0,0.0,2.0,1.0,1.0,9.9,1,1,1,1,16665,12059,10158,9917,12984,8403,22832,8806,10265,8004,23588,4972,12373,19247,1.0,19:03,2015,2016
2015-16,201601,Luc Mbah a Moute,Luc,1610612746,LAC,LA Clippers,21500382,2015-12-16T00:00:00,LAC vs. MIL,W,18.5,0.0,0.0,0.0,4.0,4.0,3.0,2.0,20.0,0.0,1.0,0.0,0.0,14.7,1,1,1,1,17091,12059,10158,9917,8599,6141,7138,4025,11929,8004,17214,1,18762,15631,1.0,18:31,2015,2016
2015-16,200755,JJ Redick,JJ,1610612746,LAC,LA Clippers,21500382,2015-12-16T00:00:00,LAC vs. MIL,W,27.4,3.0,2.0,0.0,2.0,8.0,6.0,5.0,28.0,0.0,0.0,0.0,7.0,25.5,1,1,1,1,9690,4307,4731,9917,12984,13914,13237,11593,5824,8004,1,1,469,8230,1.0,27:25,2015,2016
2015-16,2037,Jamal Crawford,Jamal,1610612746,LAC,LA Clippers,21500382,2015-12-16T00:00:00,LAC vs. MIL,W,20.8,0.0,0.0,0.0,0.0,13.0,14.0,8.0,26.0,0.0,0.0,1.0,2.0,5.5,1,1,1,1,15205,12059,10158,9917,18861,21300,24300,17194,7214,8004,1,4972,7786,22196,1.0,20:50,2015,2016
2015-16,201599,DeAndre Jordan,DeAndre,1610612746,LAC,LA Clippers,21500382,2015-12-16T00:00:00,LAC vs. MIL,W,18.4,0.0,4.0,3.0,8.0,8.0,6.0,5.0,18.0,2.0,0.0,2.0,1.0,21.6,1,1,1,1,17163,12059,1596,3302,3109,13914,13237,11593,13577,932,1,11390,12373,10666,1.0,18:25,2015,2016
2015-16,202325,Wesley Johnson,Wesley,1610612746,LAC,LA Clippers,21500382,2015-12-16T00:00:00,LAC vs. MIL,W,13.1,0.0,0.0,0.0,0.0,13.0,5.0,6.0,14.0,1.0,0.0,2.0,0.0,3.2,1,1,1,1,20931,12059,10158,9917,18861,21300,11469,13388,17019,2692,1,11390,18762,23473,1.0,13:05,2015,2016
2015-16,1718,Paul Pierce,Paul,1610612746,LAC,LA Clippers,21500359,2015-12-14T00:00:00,LAC @ DET,W,11.3,2.0,0.0,0.0,0.0,2.0,6.0,2.0,14.0,0.0,0.0,2.0,1.0,6.2,1,1,1,1,21914,6026,10158,9917,18861,2619,13237,4025,17019,8004,1,11390,12373,21696,1.0,11:16,2015,2016
2015-16,203085,Austin Rivers,Austin,1610612746,LAC,LA Clippers,21500359,2015-12-14T00:00:00,LAC @ DET,W,15.0,0.0,0.0,0.0,2.0,2.0,6.0,4.0,16.0,1.0,0.0,2.0,0.0,5.0,1,1,1,1,19726,12059,10158,9917,12984,2619,13237,8806,15259,2692,1,11390,18762,22500,1.0,15:03,2015,2016
2015-16,2746,Josh Smith,Josh,1610612746,LAC,LA Clippers,21500359,2015-12-14T00:00:00,LAC @ DET,W,9.3,0.0,0.0,0.0,2.0,0.0,4.0,4.0,8.0,0.0,0.0,2.0,0.0,9.2,1,1,1,1,22728,12059,10158,9917,12984,1,8458,8806,21543,8004,1,11390,18762,19680,1.0,9:16,2015,2016
2015-16,2037,Jamal Crawford,Jamal,1610612746,LAC,LA Clippers,21500359,2015-12-14T00:00:00,LAC @ DET,W,26.2,0.0,0.0,0.0,0.0,6.0,10.0,6.0,22.0,0.0,0.0,0.0,3.0,24.4,1,1,1,1,10683,12059,10158,9917,18861,10028,20509,13388,10265,8004,1,1,4736,8867,1.0,26:13,2015,2016
2015-16,200755,JJ Redick,JJ,1610612746,LAC,LA Clippers,21500359,2015-12-14T00:00:00,LAC @ DET,W,31.8,5.0,3.0,0.0,2.0,9.0,11.0,2.0,26.0,0.0,0.0,2.0,1.0,30.1,1,1,1,1,6104,1603,3104,9917,12984,15771,21814,4025,7214,8004,1,11390,12373,5794,1.0,31:45,2015,2016
2015-16,201933,Blake Griffin,Blake,1610612746,LAC,LA Clippers,21500359,2015-12-14T00:00:00,LAC @ DET,W,42.8,0.0,4.0,7.0,16.0,11.0,15.0,4.0,36.0,0.0,0.0,2.0,7.0,48.5,1,1,1,1,222,12059,1596,454,275,18886,24781,8806,1943,8004,1,11390,469,909,1.0,42:47,2015,2016
2015-16,101108,Chris Paul,Chris,1610612746,LAC,LA Clippers,21500359,2015-12-14T00:00:00,LAC @ DET,W,38.0,0.0,0.0,0.0,4.0,11.0,13.0,4.0,28.0,0.0,0.0,5.0,3.0,40.0,1,1,1,1,1527,12059,10158,9917,8599,18886,23668,8806,5824,8004,1,24686,4736,2364,1.0,37:58,2015,2016
2015-16,202325,Wesley Johnson,Wesley,1610612746,LAC,LA Clippers,21500359,2015-12-14T00:00:00,LAC @ DET,W,29.7,2.0,0.0,0.0,2.0,7.0,11.0,8.0,24.0,0.0,0.0,3.0,1.0,17.8,1,1,1,1,7789,6026,10158,9917,12984,12242,21814,17194,8723,8004,1,17641,12373,13309,1.0,29:44,2015,2016
2015-16,201601,Luc Mbah a Moute,Luc,1610612746,LAC,LA Clippers,21500359,2015-12-14T00:00:00,LAC @ DET,W,18.5,2.0,0.0,2.0,2.0,4.0,6.0,0.0,16.0,0.0,0.0,0.0,0.0,9.8,1,1,1,1,17123,6026,10158,4675,12984,6141,13237,1,15259,8004,1,1,18762,19331,1.0,18:27,2015,2016
2015-16,201599,DeAndre Jordan,DeAndre,1610612746,LAC,LA Clippers,21500359,2015-12-14T00:00:00,LAC @ DET,W,42.5,0.0,2.0,0.0,6.0,13.0,13.0,6.0,30.0,3.0,0.0,4.0,5.0,33.3,1,1,1,1,246,12059,4731,9917,5299,21300,23668,13388,4541,347,1,22104,1539,4423,1.0,42:31,2015,2016
2015-16,203085,Austin Rivers,Austin,1610612746,LAC,LA Clippers,21500344,2015-12-12T00:00:00,LAC @ BKN,W,17.2,0.0,0.0,2.0,6.0,6.0,2.0,0.0,10.0,0.0,0.0,3.0,1.0,17.1,1,1,1,1,18108,12059,10158,4675,5299,10028,3734,1,20209,8004,1,17641,12373,13791,1.0,17:14,2015,2016
2015-16,201933,Blake Griffin,Blake,1610612746,LAC,LA Clippers,21500344,2015-12-12T00:00:00,LAC @ BKN,W,34.6,2.0,0.0,2.0,10.0,17.0,6.0,7.0,36.0,0.0,0.0,0.0,3.0,37.8,1,1,1,1,3878,6026,10158,4675,1840,24337,13237,15538,1943,8004,1,1,4736,2956,1.0,34:35,2015,2016
2015-16,2746,Josh Smith,Josh,1610612746,LAC,LA Clippers,21500344,2015-12-12T00:00:00,LAC @ BKN,W,12.2,4.0,2.0,0.0,4.0,4.0,0.0,0.0,6.0,0.0,1.0,2.0,2.0,17.0,1,1,1,1,21436,2460,4731,9917,8599,6141,1,1,22724,8004,17214,11390,7786,13855,1.0,12:11,2015,2016
2015-16,201599,DeAndre Jordan,DeAndre,1610612746,LAC,LA Clippers,21500344,2015-12-12T00:00:00,LAC @ BKN,W,33.6,3.0,4.0,0.0,10.0,17.0,4.0,7.0,30.0,0.0,0.0,2.0,6.0,33.9,1,1,1,1,4667,4307,1596,9917,1840,24337,8458,15538,4541,8004,1,11390,873,4208,1.0,33:36,2015,2016
2015-16,101108,Chris Paul,Chris,1610612746,LAC,LA Clippers,21500344,2015-12-12T00:00:00,LAC @ BKN,W,31.3,2.0,0.0,2.0,6.0,15.0,6.0,7.0,32.0,0.0,1.0,2.0,1.0,44.4,1,1,1,1,6514,6026,10158,4675,5299,23079,13237,15538,3535,8004,17214,11390,12373,1474,1.0,31:15,2015,2016
2015-16,202325,Wesley Johnson,Wesley,1610612746,LAC,LA Clippers,21500344,2015-12-12T00:00:00,LAC @ BKN,W,18.0,2.0,0.0,2.0,2.0,4.0,4.0,5.0,14.0,0.0,0.0,1.0,2.0,6.2,1,1,1,1,17499,6026,10158,4675,12984,6141,8458,11593,17019,8004,1,4972,7786,21696,1.0,18:01,2015,2016
2015-16,202362,Lance Stephenson,Lance,1610612746,LAC,LA Clippers,21500344,2015-12-12T00:00:00,LAC @ BKN,W,11.6,0.0,0.0,0.0,0.0,8.0,0.0,0.0,6.0,0.0,0.0,2.0,0.0,3.2,1,1,1,1,21797,12059,10158,9917,18861,13914,1,1,22724,8004,1,11390,18762,23473,1.0,11:33,2015,2016
2015-16,1718,Paul Pierce,Paul,1610612746,LAC,LA Clippers,21500344,2015-12-12T00:00:00,LAC @ BKN,W,12.7,2.0,0.0,2.0,4.0,4.0,0.0,0.0,4.0,0.0,0.0,2.0,0.0,9.0,1,1,1,1,21121,6026,10158,4675,8599,6141,1,1,23698,8004,1,11390,18762,19835,1.0,12:43,2015,2016
2015-16,2037,Jamal Crawford,Jamal,1610612746,LAC,LA Clippers,21500344,2015-12-12T00:00:00,LAC @ BKN,W,25.4,2.0,4.0,0.0,6.0,8.0,2.0,3.0,16.0,0.0,0.0,3.0,2.0,21.1,1,1,1,1,11384,6026,1596,9917,5299,13914,3734,7328,15259,8004,1,17641,7786,11012,1.0,25:23,2015,2016
2015-16,201601,Luc Mbah a Moute,Luc,1610612746,LAC,LA Clippers,21500344,2015-12-12T00:00:00,LAC @ BKN,W,16.2,0.0,0.0,0.0,0.0,9.0,2.0,2.0,18.0,0.0,0.0,1.0,0.0,2.4,1,1,1,1,18913,12059,10158,9917,18861,15771,3734,4025,13577,8004,1,4972,18762,24024,1.0,16:10,2015,2016
2015-16,200755,JJ Redick,JJ,1610612746,LAC,LA Clippers,21500344,2015-12-12T00:00:00,LAC @ BKN,W,27.3,3.0,0.0,0.0,0.0,13.0,4.0,4.0,28.0,0.0,0.0,3.0,5.0,26.9,1,1,1,1,9752,4307,10158,9917,18861,21300,8458,8806,5824,8004,1,17641,1539,7438,1.0,27:19,2015,2016
2015-16,2037,Jamal Crawford,Jamal,1610612746,LAC,LA Clippers,21500330,2015-12-10T00:00:00,LAC @ CHI,L,22.1,0.0,0.0,0.0,0.0,11.0,2.0,4.0,14.0,0.0,1.0,0.0,0.0,4.0,1,13074,13074,13074,14097,12059,10158,9917,18861,18886,3734,8806,17019,8004,17214,1,18762,23142,1.0,22:05,2015,2016
2015-16,1718,Paul Pierce,Paul,1610612746,LAC,LA Clippers,21500330,2015-12-10T00:00:00,LAC @ CHI,L,5.3,0.0,0.0,0.0,0.0,0.0,0.0,0.0,6.0,0.0,0.0,0.0,0.0,0.0,1,13074,13074,13074,24272,12059,10158,9917,18861,1,1,1,22724,8004,1,1,18762,25170,1.0,5:16,2015,2016
2015-16,203085,Austin Rivers,Austin,1610612746,LAC,LA Clippers,21500330,2015-12-10T00:00:00,LAC @ CHI,L,17.2,0.0,3.0,0.0,0.0,9.0,0.0,2.0,10.0,0.0,1.0,1.0,0.0,9.5,1,13074,13074,13074,18141,12059,3104,9917,18861,15771,1,4025,20209,8004,17214,4972,18762,19519,1.0,17:11,2015,2016
2015-16,201599,DeAndre Jordan,DeAndre,1610612746,LAC,LA Clippers,21500330,2015-12-10T00:00:00,LAC @ CHI,L,36.5,0.0,1.0,2.0,8.0,11.0,0.0,2.0,18.0,1.0,1.0,2.0,2.0,35.8,1,13074,13074,13074,2396,12059,9709,4675,3109,18886,1,4025,13577,2692,17214,11390,7786,3541,1.0,36:31,2015,2016
2015-16,202325,Wesley Johnson,Wesley,1610612746,LAC,LA Clippers,21500330,2015-12-10T00:00:00,LAC @ CHI,L,15.4,0.0,3.0,0.0,0.0,9.0,2.0,2.0,10.0,0.0,0.0,0.0,0.0,13.8,1,13074,13074,13074,19511,12059,3104,9917,18861,15771,3734,4025,20209,8004,1,1,18762,16311,1.0,15:21,2015,2016
2015-16,201933,Blake Griffin,Blake,1610612746,LAC,LA Clippers,21500330,2015-12-10T00:00:00,LAC @ CHI,L,24.8,0.0,2.0,2.0,6.0,9.0,0.0,0.0,12.0,2.0,0.0,3.0,4.0,38.2,1,13074,13074,13074,11878,12059,4731,4675,5299,15771,1,1,18637,932,1,17641,2748,2854,1.0,24:45,2015,2016
2015-16,2746,Josh Smith,Josh,1610612746,LAC,LA Clippers,21500330,2015-12-10T00:00:00,LAC @ CHI,L,18.7,0.0,0.0,2.0,2.0,6.0,2.0,4.0,12.0,1.0,1.0,2.0,0.0,20.9,1,13074,13074,13074,16927,12059,10158,4675,12984,10028,3734,8806,18637,2692,17214,11390,18762,11132,1.0,18:44,2015,2016
2015-16,101108,Chris Paul,Chris,1610612746,LAC,LA Clippers,21500330,2015-12-10T00:00:00,LAC @ CHI,L,30.8,0.0,2.0,3.0,0.0,6.0,2.0,2.0,16.0,0.0,0.0,3.0,0.0,18.5,1,13074,13074,13074,6881,12059,4731,3302,18861,10028,3734,4025,15259,8004,1,17641,18762,12794,1.0,30:49,2015,2016
2015-16,200755,JJ Redick,JJ,1610612746,LAC,LA Clippers,21500330,2015-12-10T00:00:00,LAC @ CHI,L,29.4,3.0,2.0,0.0,0.0,4.0,0.0,0.0,12.0,0.0,0.0,0.0,5.0,16.4,1,13074,13074,13074,8057,4307,4731,9917,18861,6141,1,1,18637,8004,1,1,1539,14289,1.0,29:24,2015,2016
2015-16,201601,Luc Mbah a Moute,Luc,1610612746,LAC,LA Clippers,21500330,2015-12-10T00:00:00,LAC @ CHI,L,21.5,0.0,5.0,0.0,2.0,4.0,0.0,0.0,12.0,0.0,2.0,2.0,1.0,12.7,1,13074,13074,13074,14638,12059,995,9917,12984,6141,1,1,18637,8004,23588,11390,12373,17201,1.0,21:28,2015,2016
2015-16,202362,Lance Stephenson,Lance,1610612746,LAC,LA Clippers,21500330,2015-12-10T00:00:00,LAC @ CHI,L,18.4,2.0,0.0,0.0,0.0,6.0,2.0,4.0,8.0,0.0,0.0,2.0,0.0,16.6,1,13074,13074,13074,17159,6026,10158,9917,18861,10028,3734,8806,21543,8004,1,11390,18762,14125,1.0,18:26,2015,2016
2015-16,201601,Luc Mbah a Moute,Luc,1610612746,LAC,LA Clippers,21500324,2015-12-09T00:00:00,LAC @ MIL,W,15.3,0.0,0.0,0.0,2.0,4.0,2.0,4.0,26.0,0.0,1.0,0.0,1.0,6.4,1,1,1,1,19586,12059,10158,9917,12984,6141,3734,8806,7214,8004,17214,1,12373,21589,1.0,15:16,2015,2016
2015-16,202362,Lance Stephenson,Lance,1610612746,LAC,LA Clippers,21500324,2015-12-09T00:00:00,LAC @ MIL,W,7.2,0.0,0.0,0.0,0.0,4.0,0.0,0.0,8.0,0.0,0.0,1.0,0.0,-1.0,1,1,1,1,23492,12059,10158,9917,18861,6141,1,1,21543,8004,1,4972,18762,25932,1.0,7:12,2015,2016
2015-16,203085,Austin Rivers,Austin,1610612746,LAC,LA Clippers,21500324,2015-12-09T00:00:00,LAC @ MIL,W,10.2,3.0,0.0,0.0,2.0,5.0,0.0,3.0,14.0,0.0,0.0,3.0,1.0,4.7,1,1,1,1,22348,4307,10158,9917,12984,8403,1,7328,17019,8004,1,17641,12373,22672,1.0,10:12,2015,2016
2015-16,101108,Chris Paul,Chris,1610612746,LAC,LA Clippers,21500324,2015-12-09T00:00:00,LAC @ MIL,W,37.8,5.0,4.0,4.0,6.0,6.0,6.0,5.0,46.0,0.0,0.0,4.0,3.0,46.6,1,1,1,1,1607,1603,1596,1913,5299,10028,13237,11593,298,8004,1,22104,4736,1122,1.0,37:48,2015,2016
2015-16,201933,Blake Griffin,Blake,1610612746,LAC,LA Clippers,21500324,2015-12-09T00:00:00,LAC @ MIL,W,39.6,3.0,3.0,7.0,8.0,8.0,6.0,5.0,48.0,1.0,0.0,2.0,5.0,49.8,1,1,1,1,866,4307,3104,454,3109,13914,13237,11593,192,2692,1,11390,1539,775,1.0,39:34,2015,2016
2015-16,200755,JJ Redick,JJ,1610612746,LAC,LA Clippers,21500324,2015-12-09T00:00:00,LAC @ MIL,W,33.4,0.0,3.0,0.0,4.0,6.0,6.0,5.0,40.0,0.0,0.0,1.0,3.0,35.6,1,1,1,1,4787,12059,3104,9917,8599,10028,13237,11593,983,8004,1,4972,4736,3615,1.0,33:26,2015,2016
2015-16,2746,Josh Smith,Josh,1610612746,LAC,LA Clippers,21500324,2015-12-09T00:00:00,LAC @ MIL,W,11.5,2.0,0.0,0.0,0.0,5.0,0.0,3.0,18.0,2.0,0.0,0.0,2.0,19.8,1,1,1,1,21825,6026,10158,9917,18861,8403,1,7328,13577,932,1,1,7786,11883,1.0,11:30,2015,2016
2015-16,201599,DeAndre Jordan,DeAndre,1610612746,LAC,LA Clippers,21500324,2015-12-09T00:00:00,LAC @ MIL,W,38.9,2.0,0.0,4.0,4.0,6.0,6.0,5.0,42.0,3.0,0.0,4.0,9.0,40.8,1,1,1,1,1120,6026,10158,1913,8599,10028,13237,11593,670,347,1,22104,138,2181,1.0,38:52,2015,2016
2015-16,202325,Wesley Johnson,Wesley,1610612746,LAC,LA Clippers,21500324,2015-12-09T00:00:00,LAC @ MIL,W,18.5,2.0,0.0,4.0,6.0,3.0,2.0,3.0,20.0,2.0,0.0,0.0,2.0,28.6,1,1,1,1,17069,6026,10158,1913,5299,5109,3734,7328,11929,932,1,1,7786,6560,1.0,18:32,2015,2016
2015-16,1718,Paul Pierce,Paul,1610612746,LAC,LA Clippers,21500324,2015-12-09T00:00:00,LAC @ MIL,W,5.9,0.0,0.0,0.0,0.0,3.0,0.0,3.0,10.0,0.0,0.0,1.0,1.0,2.2,1,1,1,1,24017,12059,10158,9917,18861,5109,1,7328,20209,8004,1,4972,12373,24138,1.0,5:52,2015,2016
2015-16,2037,Jamal Crawford,Jamal,1610612746,LAC,LA Clippers,21500324,2015-12-09T00:00:00,LAC @ MIL,W,21.8,0.0,0.0,0.0,2.0,5.0,2.0,4.0,28.0,0.0,0.0,0.0,2.0,8.2,1,1,1,1,14384,12059,10158,9917,12984,8403,3734,8806,5824,8004,1,1,7786,20416,1.0,21:46,2015,2016
2015-16,2037,Jamal Crawford,Jamal,1610612746,LAC,LA Clippers,21500311,2015-12-07T00:00:00,LAC @ MIN,W,27.2,3.0,0.0,0.0,0.0,15.0,11.0,7.0,26.0,0.0,0.0,2.0,2.0,33.1,1,1,1,1,9883,4307,10158,9917,18861,23079,21814,15538,7214,8004,1,11390,7786,4505,1.0,27:09,2015,2016
2015-16,200755,JJ Redick,JJ,1610612746,LAC,LA Clippers,21500311,2015-12-07T00:00:00,LAC @ MIN,W,21.7,2.0,0.0,2.0,0.0,9.0,2.0,9.0,14.0,0.0,0.0,0.0,6.0,14.6,1,1,1,1,14444,6026,10158,4675,18861,15771,3734,18829,17019,8004,1,1,873,15699,1.0,21:42,2015,2016
2015-16,202325,Wesley Johnson,Wesley,1610612746,LAC,LA Clippers,21500311,2015-12-07T00:00:00,LAC @ MIN,W,22.1,0.0,0.0,0.0,0.0,10.0,9.0,6.0,24.0,2.0,0.0,2.0,0.0,22.9,1,1,1,1,14129,12059,10158,9917,18861,17370,19144,13388,8723,932,1,11390,18762,9811,1.0,22:03,2015,2016
2015-16,201933,Blake Griffin,Blake,1610612746,LAC,LA Clippers,21500311,2015-12-07T00:00:00,LAC @ MIN,W,36.9,2.0,2.0,2.0,12.0,13.0,11.0,13.0,28.0,0.0,1.0,4.0,5.0,36.7,1,1,1,1,2139,6026,4731,4675,988,21300,21814,23048,5824,8004,17214,22104,1539,3269,1.0,36:54,2015,2016
2015-16,101108,Chris Paul,Chris,1610612746,LAC,LA Clippers,21500311,2015-12-07T00:00:00,LAC @ MIN,W,31.6,7.0,0.0,0.0,4.0,9.0,7.0,13.0,26.0,0.0,0.0,4.0,4.0,29.7,1,1,1,1,6194,548,10158,9917,8599,15771,15642,23048,7214,8004,1,22104,2748,6006,1.0,31:38,2015,2016
2015-16,201599,DeAndre Jordan,DeAndre,1610612746,LAC,LA Clippers,21500311,2015-12-07T00:00:00,LAC @ MIN,W,34.2,4.0,10.0,0.0,16.0,11.0,7.0,13.0,30.0,4.0,1.0,4.0,6.0,51.4,1,1,1,1,4167,2460,34,9917,275,18886,15642,23048,4541,132,17214,22104,873,620,1.0,34:13,2015,2016
2015-16,202362,Lance Stephenson,Lance,1610612746,LAC,LA Clippers,21500311,2015-12-07T00:00:00,LAC @ MIN,W,13.1,0.0,0.0,0.0,0.0,11.0,6.0,3.0,8.0,0.0,0.0,3.0,0.0,6.2,1,1,1,1,20916,12059,10158,9917,18861,18886,13237,7328,21543,8004,1,17641,18762,21696,1.0,13:07,2015,2016
2015-16,1718,Paul Pierce,Paul,1610612746,LAC,LA Clippers,21500311,2015-12-07T00:00:00,LAC @ MIN,W,5.6,0.0,0.0,0.0,0.0,5.0,2.0,3.0,6.0,0.0,0.0,0.0,0.0,-2.0,1,1,1,1,24144,12059,10158,9917,18861,8403,3734,7328,22724,8004,1,1,18762,26061,1.0,5:35,2015,2016
2015-16,201601,Luc Mbah a Moute,Luc,1610612746,LAC,LA Clippers,21500311,2015-12-07T00:00:00,LAC @ MIN,W,16.2,0.0,0.0,1.0,0.0,7.0,2.0,7.0,10.0,0.0,1.0,2.0,1.0,4.6,1,1,1,1,18910,12059,10158,9347,18861,12242,3734,15538,20209,8004,17214,11390,12373,22734,1.0,16:11,2015,2016
2015-16,2746,Josh Smith,Josh,1610612746,LAC,LA Clippers,21500311,2015-12-07T00:00:00,LAC @ MIN,W,14.7,2.0,2.0,2.0,6.0,15.0,8.0,3.0,14.0,3.0,0.0,3.0,3.0,20.6,1,1,1,1,19982,6026,4731,4675,5299,23079,17345,7328,17019,347,1,17641,4736,11314,1.0,14:40,2015,2016
2015-16,203085,Austin Rivers,Austin,1610612746,LAC,LA Clippers,21500311,2015-12-07T00:00:00,LAC @ MIN,W,16.8,0.0,4.0,0.0,6.0,15.0,10.0,3.0,14.0,0.0,0.0,2.0,2.0,15.3,1,1,1,1,18413,12059,1596,9917,5299,23079,20509,7328,17019,8004,1,11390,7786,15150,1.0,16:48,2015,2016
2015-16,201601,Luc Mbah a Moute,Luc,1610612746,LAC,LA Clippers,21500298,2015-12-05T00:00:00,LAC vs. ORL,W,11.0,0.0,0.0,0.0,0.0,6.0,6.0,9.0,14.0,0.0,0.0,1.0,0.0,-1.0,1,1,1,1,22025,12059,10158,9917,18861,10028,13237,18829,17019,8004,1,4972,18762,25932,1.0,11:00,2015,2016
2015-16,2746,Josh Smith,Josh,1610612746,LAC,LA Clippers,21500298,2015-12-05T00:00:00,LAC vs. ORL,W,10.9,0.0,0.0,0.0,2.0,2.0,2.0,2.0,12.0,0.0,0.0,2.0,0.0,5.2,1,1,1,1,22069,12059,10158,9917,12984,2619,3734,4025,18637,8004,1,11390,18762,22370,1.0,10:55,2015,2016
2015-16,202325,Wesley Johnson,Wesley,1610612746,LAC,LA Clippers,21500298,2015-12-05T00:00:00,LAC vs. ORL,W,35.7,2.0,0.0,2.0,0.0,6.0,12.0,10.0,34.0,1.0,0.0,2.0,3.0,40.4,1,1,1,1,3014,6026,10158,4675,18861,10028,22832,20169,2701,2692,1,11390,4736,2274,1.0,35:39,2015,2016
2015-16,203085,Austin Rivers,Austin,1610612746,LAC,LA Clippers,21500298,2015-12-05T00:00:00,LAC vs. ORL,W,28.9,2.0,0.0,0.0,4.0,12.0,14.0,13.0,30.0,0.0,2.0,2.0,4.0,11.8,1,1,1,1,8423,6026,10158,9917,8599,20178,24300,23048,4541,8004,23588,11390,2748,17832,1.0,28:56,2015,2016
2015-16,201933,Blake Griffin,Blake,1610612746,LAC,LA Clippers,21500298,2015-12-05T00:00:00,LAC vs. ORL,W,39.0,5.0,2.0,3.0,10.0,10.0,18.0,17.0,44.0,0.0,1.0,0.0,6.0,50.1,1,1,1,1,1065,1603,4731,3302,1840,17370,25634,24967,454,8004,17214,1,873,743,1.0,39:01,2015,2016
2015-16,2037,Jamal Crawford,Jamal,1610612746,LAC,LA Clippers,21500298,2015-12-05T00:00:00,LAC vs. ORL,W,31.4,5.0,5.0,5.0,2.0,6.0,20.0,15.0,36.0,0.0,2.0,3.0,5.0,39.7,1,1,1,1,6406,1603,995,1277,12984,10028,25875,24242,1943,8004,23588,17641,1539,2451,1.0,31:22,2015,2016
2015-16,201599,DeAndre Jordan,DeAndre,1610612746,LAC,LA Clippers,21500298,2015-12-05T00:00:00,LAC vs. ORL,W,36.7,2.0,8.0,2.0,14.0,10.0,20.0,17.0,40.0,1.0,0.0,0.0,3.0,34.8,1,1,1,1,2275,6026,137,4675,542,17370,25875,24967,983,2692,1,1,4736,3891,1.0,36:44,2015,2016
2015-16,202362,Lance Stephenson,Lance,1610612746,LAC,LA Clippers,21500298,2015-12-05T00:00:00,LAC vs. ORL,W,18.2,0.0,0.0,0.0,0.0,6.0,6.0,4.0,20.0,0.0,0.0,2.0,0.0,9.9,1,1,1,1,17382,12059,10158,9917,18861,10028,13237,8806,11929,8004,1,11390,18762,19247,1.0,18:10,2015,2016
2015-16,203143,Pablo Prigioni,Pablo,1610612746,LAC,LA Clippers,21500298,2015-12-05T00:00:00,LAC vs. ORL,W,19.1,0.0,0.0,0.0,0.0,0.0,8.0,6.0,22.0,0.0,0.0,1.0,0.0,8.4,1,1,1,1,16642,12059,10158,9917,18861,1,17345,13388,10265,8004,1,4972,18762,20273,1.0,19:04,2015,2016
2015-16,1718,Paul Pierce,Paul,1610612746,LAC,LA Clippers,21500298,2015-12-05T00:00:00,LAC vs. ORL,W,9.1,0.0,0.0,0.0,0.0,2.0,4.0,2.0,8.0,0.0,1.0,2.0,0.0,2.2,1,1,1,1,22784,12059,10158,9917,18861,2619,8458,4025,21543,8004,17214,11390,18762,24138,1.0,9:09,2015,2016
2015-16,202362,Lance Stephenson,Lance,1610612746,LAC,LA Clippers,21500276,2015-12-02T00:00:00,LAC vs. IND,L,28.2,0.0,0.0,2.0,8.0,11.0,6.0,18.0,22.0,0.0,1.0,5.0,1.0,28.1,1,13074,13074,13074,9113,12059,10158,4675,3109,18886,13237,25228,10265,8004,17214,24686,12373,6818,,28:09,2015,2016
2015-16,2037,Jamal Crawford,Jamal,1610612746,LAC,LA Clippers,21500276,2015-12-02T00:00:00,LAC vs. IND,L,37.1,0.0,2.0,0.0,2.0,17.0,4.0,14.0,26.0,0.0,0.0,5.0,6.0,23.7,1,13074,13074,13074,2027,12059,4731,9917,12984,24337,8458,23710,7214,8004,1,24686,873,9329,,37:05,2015,2016
2015-16,203143,Pablo Prigioni,Pablo,1610612746,LAC,LA Clippers,21500276,2015-12-02T00:00:00,LAC vs. IND,L,13.2,0.0,2.0,2.0,2.0,0.0,6.0,8.0,10.0,0.0,0.0,1.0,1.0,9.7,1,13074,13074,13074,20862,12059,4731,4675,12984,1,13237,17194,20209,8004,1,4972,12373,19379,,13:13,2015,2016
2015-16,2746,Josh Smith,Josh,1610612746,LAC,LA Clippers,21500276,2015-12-02T00:00:00,LAC vs. IND,L,17.1,0.0,0.0,2.0,4.0,4.0,6.0,8.0,20.0,2.0,0.0,2.0,3.0,29.0,1,13074,13074,13074,18229,12059,10158,4675,8599,6141,13237,17194,11929,932,1,11390,4736,6346,,17:04,2015,2016
2015-16,201933,Blake Griffin,Blake,1610612746,LAC,LA Clippers,21500276,2015-12-02T00:00:00,LAC vs. IND,L,36.4,6.0,0.0,2.0,6.0,19.0,2.0,22.0,24.0,0.0,3.0,4.0,9.0,28.8,1,13074,13074,13074,2494,878,10158,4675,5299,25074,3734,25811,8723,8004,25441,22104,138,6465,,36:23,2015,2016
2015-16,203085,Austin Rivers,Austin,1610612746,LAC,LA Clippers,21500276,2015-12-02T00:00:00,LAC vs. IND,L,34.8,2.0,0.0,2.0,6.0,19.0,2.0,14.0,24.0,0.0,2.0,3.0,0.0,10.9,1,13074,13074,13074,3703,6026,10158,4675,5299,25074,3734,23710,8723,8004,23588,17641,18762,18498,,34:47,2015,2016
2015-16,1718,Paul Pierce,Paul,1610612746,LAC,LA Clippers,21500276,2015-12-02T00:00:00,LAC vs. IND,L,14.1,3.0,0.0,3.0,0.0,0.0,6.0,8.0,12.0,0.0,0.0,1.0,1.0,8.9,1,13074,13074,13074,20337,4307,10158,3302,18861,1,13237,17194,18637,8004,1,4972,12373,19914,,14:07,2015,2016
2015-16,203912,C.J. Wilcox,C.J.,1610612746,LAC,LA Clippers,21500276,2015-12-02T00:00:00,LAC vs. IND,L,0.0,0.0,0.0,0.0,0.0,0.0,0.0,0.0,0.0,0.0,0.0,1.0,0.0,0.0,1,13074,13074,13074,26068,12059,10158,9917,18861,1,1,1,25429,8004,1,4972,18762,25170,,0:01,2015,2016
2015-16,201601,Luc Mbah a Moute,Luc,1610612746,LAC,LA Clippers,21500276,2015-12-02T00:00:00,LAC vs. IND,L,21.4,0.0,0.0,2.0,2.0,10.0,2.0,4.0,12.0,0.0,0.0,4.0,0.0,3.2,1,13074,13074,13074,14733,12059,10158,4675,12984,17370,3734,8806,18637,8004,1,22104,18762,23473,,21:21,2015,2016
2015-16,201599,DeAndre Jordan,DeAndre,1610612746,LAC,LA Clippers,21500276,2015-12-02T00:00:00,LAC vs. IND,L,28.1,0.0,2.0,0.0,0.0,13.0,2.0,12.0,10.0,0.0,0.0,4.0,4.0,18.0,1,13074,13074,13074,9157,12059,4731,9917,18861,21300,3734,22259,20209,8004,1,22104,2748,13164,,28:06,2015,2016
2015-16,202325,Wesley Johnson,Wesley,1610612746,LAC,LA Clippers,21500276,2015-12-02T00:00:00,LAC vs. IND,L,9.4,2.0,0.0,0.0,2.0,2.0,4.0,2.0,10.0,0.0,0.0,1.0,0.0,8.2,1,13074,13074,13074,22660,6026,10158,9917,12984,2619,8458,4025,20209,8004,1,4972,18762,20416,,9:26,2015,2016
2015-16,200755,JJ Redick,JJ,1610612746,LAC,LA Clippers,21500276,2015-12-02T00:00:00,LAC vs. IND,L,0.3,0.0,0.0,0.0,0.0,0.0,0.0,0.0,0.0,0.0,0.0,0.0,1.0,2.0,1,13074,13074,13074,26001,12059,10158,9917,18861,1,1,1,25429,8004,1,1,12373,24216,,0:18,2015,2016
2015-16,1718,Paul Pierce,Paul,1610612746,LAC,LA Clippers,21500261,2015-11-30T00:00:00,LAC vs. POR,W,13.7,0.0,0.0,0.0,0.0,6.0,9.0,4.0,12.0,0.0,1.0,2.0,0.0,4.2,1,1,1,1,20597,12059,10158,9917,18861,10028,19144,8806,18637,8004,17214,11390,18762,22976,1.0,13:41,2015,2016
2015-16,200755,JJ Redick,JJ,1610612746,LAC,LA Clippers,21500261,2015-11-30T00:00:00,LAC vs. POR,W,30.0,3.0,3.0,3.0,0.0,9.0,2.0,5.0,18.0,0.0,0.0,2.0,2.0,20.5,1,1,1,1,7507,4307,3104,3302,18861,15771,3734,11593,13577,8004,1,11390,7786,11401,1.0,30:02,2015,2016
2015-16,2037,Jamal Crawford,Jamal,1610612746,LAC,LA Clippers,21500261,2015-11-30T00:00:00,LAC vs. POR,W,22.8,2.0,4.0,0.0,6.0,8.0,11.0,6.0,20.0,0.0,0.0,2.0,4.0,20.0,1,1,1,1,13570,6026,1596,9917,5299,13914,21814,13388,11929,8004,1,11390,2748,11752,1.0,22:45,2015,2016
2015-16,203085,Austin Rivers,Austin,1610612746,LAC,LA Clippers,21500261,2015-11-30T00:00:00,LAC vs. POR,W,24.5,0.0,2.0,0.0,2.0,11.0,11.0,6.0,20.0,1.0,0.0,3.0,2.0,12.2,1,1,1,1,12102,12059,4731,9917,12984,18886,21814,13388,11929,2692,1,17641,7786,17566,1.0,24:31,2015,2016
2015-16,201601,Luc Mbah a Moute,Luc,1610612746,LAC,LA Clippers,21500261,2015-11-30T00:00:00,LAC vs. POR,W,24.3,0.0,2.0,0.0,4.0,12.0,2.0,5.0,10.0,0.0,0.0,0.0,0.0,11.5,1,1,1,1,12282,12059,4731,9917,8599,20178,3734,11593,20209,8004,1,1,18762,18079,1.0,24:19,2015,2016
2015-16,201599,DeAndre Jordan,DeAndre,1610612746,LAC,LA Clippers,21500261,2015-11-30T00:00:00,LAC vs. POR,W,33.0,3.0,4.0,0.0,6.0,12.0,4.0,5.0,20.0,2.0,0.0,4.0,19.0,57.3,1,1,1,1,5104,4307,1596,9917,5299,20178,8458,11593,11929,932,1,22104,2,301,1.0,33:01,2015,2016
2015-16,101108,Chris Paul,Chris,1610612746,LAC,LA Clippers,21500261,2015-11-30T00:00:00,LAC vs. POR,W,24.1,4.0,0.0,2.0,2.0,12.0,2.0,5.0,14.0,0.0,0.0,1.0,2.0,24.6,1,1,1,1,12470,2460,10158,4675,12984,20178,3734,11593,17019,8004,1,4972,7786,8724,1.0,24:05,2015,2016
2015-16,201933,Blake Griffin,Blake,1610612746,LAC,LA Clippers,21500261,2015-11-30T00:00:00,LAC vs. POR,W,32.0,6.0,9.0,4.0,10.0,12.0,4.0,7.0,22.0,1.0,0.0,4.0,8.0,45.6,1,1,1,1,5883,878,77,1913,1840,20178,8458,15538,10265,2692,1,22104,254,1263,1.0,32:00,2015,2016
2015-16,2746,Josh Smith,Josh,1610612746,LAC,LA Clippers,21500261,2015-11-30T00:00:00,LAC vs. POR,W,13.6,0.0,0.0,2.0,2.0,6.0,9.0,6.0,14.0,1.0,1.0,3.0,1.0,17.6,1,1,1,1,20671,12059,10158,4675,12984,10028,19144,13388,17019,2692,17214,17641,12373,13443,1.0,13:33,2015,2016
2015-16,202362,Lance Stephenson,Lance,1610612746,LAC,LA Clippers,21500261,2015-11-30T00:00:00,LAC vs. POR,W,17.4,0.0,0.0,0.0,0.0,8.0,11.0,6.0,16.0,0.0,0.0,0.0,0.0,16.5,1,1,1,1,17986,12059,10158,9917,18861,13914,21814,13388,15259,8004,1,1,18762,14224,1.0,17:22,2015,2016
2015-16,202325,Wesley Johnson,Wesley,1610612746,LAC,LA Clippers,21500261,2015-11-30T00:00:00,LAC vs. POR,W,4.7,0.0,0.0,0.0,0.0,4.0,0.0,0.0,4.0,0.0,0.0,1.0,0.0,3.0,1,1,1,1,24471,12059,10158,9917,18861,6141,1,1,23698,8004,1,4972,18762,23648,1.0,4:41,2015,2016
2015-16,203085,Austin Rivers,Austin,1610612746,LAC,LA Clippers,21500247,2015-11-29T00:00:00,LAC vs. MIN,W,16.5,2.0,0.0,0.0,4.0,4.0,0.0,2.0,18.0,0.0,0.0,2.0,1.0,6.4,1,1,1,1,18688,6026,10158,9917,8599,6141,1,4025,13577,8004,1,11390,12373,21589,1.0,16:27,2015,2016
2015-16,1718,Paul Pierce,Paul,1610612746,LAC,LA Clippers,21500247,2015-11-29T00:00:00,LAC vs. MIN,W,10.0,0.0,0.0,3.0,0.0,2.0,0.0,2.0,14.0,0.0,0.0,2.0,0.0,11.2,1,1,1,1,22470,12059,10158,3302,18861,2619,1,4025,17019,8004,1,11390,18762,18267,1.0,9:57,2015,2016
2015-16,202325,Wesley Johnson,Wesley,1610612746,LAC,LA Clippers,21500247,2015-11-29T00:00:00,LAC vs. MIN,W,4.2,0.0,0.0,0.0,0.0,0.0,0.0,0.0,0.0,0.0,0.0,0.0,0.0,1.2,1,1,1,1,24643,12059,10158,9917,18861,1,1,1,25429,8004,1,1,18762,24661,1.0,4:12,2015,2016
2015-16,2037,Jamal Crawford,Jamal,1610612746,LAC,LA Clippers,21500247,2015-11-29T00:00:00,LAC vs. MIN,W,15.4,0.0,0.0,0.0,0.0,4.0,0.0,2.0,18.0,0.0,0.0,1.0,0.0,0.0,1,1,1,1,19455,12059,10158,9917,18861,6141,1,4025,13577,8004,1,4972,18762,25170,1.0,15:26,2015,2016
2015-16,201933,Blake Griffin,Blake,1610612746,LAC,LA Clippers,21500247,2015-11-29T00:00:00,LAC vs. MIN,W,37.0,5.0,0.0,4.0,10.0,10.0,9.0,2.0,20.0,2.0,0.0,3.0,8.0,50.6,1,1,1,1,2062,1603,10158,1913,1840,17370,19144,4025,11929,932,1,17641,254,691,1.0,37:02,2015,2016
2015-16,201599,DeAndre Jordan,DeAndre,1610612746,LAC,LA Clippers,21500247,2015-11-29T00:00:00,LAC vs. MIN,W,32.7,0.0,1.0,0.0,6.0,8.0,9.0,2.0,20.0,1.0,0.0,4.0,7.0,27.3,1,1,1,1,5337,12059,9709,9917,5299,13914,19144,4025,11929,2692,1,22104,469,7236,1.0,32:42,2015,2016
2015-16,2746,Josh Smith,Josh,1610612746,LAC,LA Clippers,21500247,2015-11-29T00:00:00,LAC vs. MIN,W,16.3,0.0,0.0,0.0,4.0,4.0,0.0,2.0,18.0,1.0,0.0,2.0,2.0,12.0,1,1,1,1,18804,12059,10158,9917,8599,6141,1,4025,13577,2692,1,11390,7786,17703,1.0,16:19,2015,2016
2015-16,101108,Chris Paul,Chris,1610612746,LAC,LA Clippers,21500247,2015-11-29T00:00:00,LAC vs. MIN,W,31.5,6.0,0.0,2.0,4.0,8.0,9.0,2.0,18.0,0.0,0.0,2.0,4.0,31.9,1,1,1,1,6278,878,10158,4675,8599,13914,19144,4025,13577,8004,1,11390,2748,4984,1.0,31:33,2015,2016
2015-16,200755,JJ Redick,JJ,1610612746,LAC,LA Clippers,21500247,2015-11-29T00:00:00,LAC vs. MIN,W,33.2,0.0,0.0,0.0,0.0,8.0,9.0,2.0,20.0,0.0,0.0,1.0,3.0,18.4,1,1,1,1,4941,12059,10158,9917,18861,13914,19144,4025,11929,8004,1,4972,4736,12854,1.0,33:15,2015,2016
2015-16,201601,Luc Mbah a Moute,Luc,1610612746,LAC,LA Clippers,21500247,2015-11-29T00:00:00,LAC vs. MIN,W,23.4,0.0,1.0,0.0,0.0,4.0,6.0,2.0,12.0,1.0,2.0,2.0,1.0,18.1,1,1,1,1,13038,12059,9709,9917,18861,6141,13237,4025,18637,2692,23588,11390,12373,13090,1.0,23:24,2015,2016
2015-16,202362,Lance Stephenson,Lance,1610612746,LAC,LA Clippers,21500247,2015-11-29T00:00:00,LAC vs. MIN,W,19.7,0.0,7.0,0.0,4.0,8.0,3.0,2.0,22.0,0.0,1.0,2.0,1.0,23.7,1,1,1,1,16137,12059,292,9917,8599,13914,7138,4025,10265,8004,17214,11390,12373,9329,1.0,19:43,2015,2016
2015-16,201599,DeAndre Jordan,DeAndre,1610612746,LAC,LA Clippers,21500238,2015-11-27T00:00:00,LAC vs. NOP,W,24.6,2.0,2.0,2.0,8.0,2.0,5.0,2.0,26.0,1.0,0.0,4.0,0.0,25.7,1,1,1,1,12017,6026,4731,4675,3109,2619,11469,4025,7214,2692,1,22104,18762,8088,1.0,24:36,2015,2016
2015-16,203085,Austin Rivers,Austin,1610612746,LAC,LA Clippers,21500238,2015-11-27T00:00:00,LAC vs. NOP,W,23.6,2.0,0.0,2.0,10.0,14.0,7.0,12.0,18.0,0.0,0.0,1.0,2.0,23.2,1,1,1,1,12870,6026,10158,4675,1840,22292,15642,22259,13577,8004,1,4972,7786,9630,1.0,23:38,2015,2016
2015-16,201933,Blake Griffin,Blake,1610612746,LAC,LA Clippers,21500238,2015-11-27T00:00:00,LAC vs. NOP,W,28.6,1.0,3.0,4.0,14.0,7.0,5.0,4.0,26.0,0.0,0.0,3.0,8.0,37.2,1,1,1,1,8733,11535,3104,1913,542,12242,11469,8806,7214,8004,1,17641,254,3130,1.0,28:36,2015,2016
2015-16,2746,Josh Smith,Josh,1610612746,LAC,LA Clippers,21500238,2015-11-27T00:00:00,LAC vs. NOP,W,21.9,0.0,2.0,0.0,4.0,12.0,7.0,12.0,16.0,1.0,1.0,2.0,1.0,24.4,1,1,1,1,14258,12059,4731,9917,8599,20178,15642,22259,15259,2692,17214,11390,12373,8867,1.0,21:54,2015,2016
2015-16,202332,Cole Aldrich,Cole,1610612746,LAC,LA Clippers,21500238,2015-11-27T00:00:00,LAC vs. NOP,W,1.5,0.0,0.0,0.0,0.0,2.0,0.0,0.0,2.0,0.0,0.0,0.0,1.0,1.2,1,1,1,1,25694,12059,10158,9917,18861,2619,1,1,24614,8004,1,1,12373,24661,1.0,1:30,2015,2016
2015-16,1718,Paul Pierce,Paul,1610612746,LAC,LA Clippers,21500238,2015-11-27T00:00:00,LAC vs. NOP,W,13.0,0.0,0.0,0.0,0.0,4.0,7.0,5.0,12.0,3.0,0.0,1.0,0.0,11.4,1,1,1,1,20974,12059,10158,9917,18861,6141,15642,11593,18637,347,1,4972,18762,18134,1.0,13:00,2015,2016
2015-16,202325,Wesley Johnson,Wesley,1610612746,LAC,LA Clippers,21500238,2015-11-27T00:00:00,LAC vs. NOP,W,14.2,0.0,0.0,2.0,2.0,2.0,3.0,0.0,14.0,0.0,0.0,4.0,0.0,4.4,1,1,1,1,20287,12059,10158,4675,12984,2619,7138,1,17019,8004,1,22104,18762,22837,1.0,14:12,2015,2016
2015-16,201601,Luc Mbah a Moute,Luc,1610612746,LAC,LA Clippers,21500238,2015-11-27T00:00:00,LAC vs. NOP,W,6.4,0.0,0.0,2.0,2.0,5.0,0.0,5.0,6.0,2.0,0.0,0.0,0.0,8.0,1,1,1,1,23780,12059,10158,4675,12984,8403,1,11593,22724,932,1,1,18762,20564,1.0,6:24,2015,2016
2015-16,2037,Jamal Crawford,Jamal,1610612746,LAC,LA Clippers,21500238,2015-11-27T00:00:00,LAC vs. NOP,W,26.8,0.0,0.0,7.0,0.0,14.0,9.0,14.0,22.0,0.0,0.0,0.0,1.0,12.6,1,1,1,1,10168,12059,10158,454,18861,22292,19144,23710,10265,8004,1,1,12373,17277,1.0,26:49,2015,2016
2015-16,101108,Chris Paul,Chris,1610612746,LAC,LA Clippers,21500238,2015-11-27T00:00:00,LAC vs. NOP,W,28.6,3.0,2.0,2.0,2.0,7.0,5.0,4.0,26.0,0.0,0.0,1.0,6.0,41.0,1,1,1,1,8733,4307,4731,4675,12984,12242,11469,8806,7214,8004,1,4972,873,2143,1.0,28:36,2015,2016
2015-16,200755,JJ Redick,JJ,1610612746,LAC,LA Clippers,21500238,2015-11-27T00:00:00,LAC vs. NOP,W,24.6,5.0,0.0,3.0,2.0,2.0,5.0,2.0,26.0,0.0,0.0,3.0,2.0,27.2,1,1,1,1,12017,1603,10158,3302,12984,2619,11469,4025,7214,8004,1,17641,7786,7289,1.0,24:36,2015,2016
2015-16,202362,Lance Stephenson,Lance,1610612746,LAC,LA Clippers,21500238,2015-11-27T00:00:00,LAC vs. NOP,W,26.2,0.0,0.0,4.0,4.0,9.0,7.0,10.0,26.0,0.0,0.0,1.0,2.0,20.0,1,1,1,1,10726,12059,10158,1913,8599,15771,15642,20169,7214,8004,1,4972,7786,11752,1.0,26:09,2015,2016
2015-16,201599,DeAndre Jordan,DeAndre,1610612746,LAC,LA Clippers,21500226,2015-11-25T00:00:00,LAC vs. UTA,L,31.8,0.0,2.0,0.0,6.0,20.0,8.0,6.0,30.0,4.0,2.0,3.0,7.0,39.2,1,13074,13074,13074,6048,12059,4731,9917,5299,25338,17345,13388,4541,132,23588,17641,469,2590,1.0,31:50,2015,2016
2015-16,2746,Josh Smith,Josh,1610612746,LAC,LA Clippers,21500226,2015-11-25T00:00:00,LAC vs. UTA,L,16.7,1.0,0.0,3.0,6.0,9.0,13.0,0.0,14.0,1.0,0.0,2.0,2.0,17.5,1,13074,13074,13074,18521,11535,10158,3302,5299,15771,23668,1,17019,2692,1,11390,7786,13528,1.0,16:40,2015,2016
2015-16,201933,Blake Griffin,Blake,1610612746,LAC,LA Clippers,21500226,2015-11-25T00:00:00,LAC vs. UTA,L,38.7,8.0,3.0,6.0,18.0,19.0,14.0,6.0,36.0,2.0,0.0,2.0,6.0,61.9,1,13074,13074,13074,1195,308,3104,740,131,25074,24300,13388,1943,932,1,11390,873,148,1.0,38:41,2015,2016
2015-16,101108,Chris Paul,Chris,1610612746,LAC,LA Clippers,21500226,2015-11-25T00:00:00,LAC vs. UTA,L,34.9,2.0,5.0,3.0,6.0,19.0,10.0,6.0,34.0,0.0,1.0,3.0,2.0,49.0,1,13074,13074,13074,3592,6026,995,3302,5299,25074,20509,13388,2701,8004,17214,17641,7786,862,1.0,34:56,2015,2016
2015-16,203085,Austin Rivers,Austin,1610612746,LAC,LA Clippers,21500226,2015-11-25T00:00:00,LAC vs. UTA,L,25.7,1.0,0.0,1.0,2.0,17.0,17.0,4.0,20.0,0.0,1.0,0.0,1.0,16.1,1,13074,13074,13074,11157,11535,10158,9347,12984,24337,25429,8806,11929,8004,17214,1,12373,14515,1.0,25:39,2015,2016
2015-16,1718,Paul Pierce,Paul,1610612746,LAC,LA Clippers,21500226,2015-11-25T00:00:00,LAC vs. UTA,L,8.9,0.0,0.0,0.0,0.0,4.0,9.0,0.0,6.0,0.0,0.0,1.0,0.0,-1.0,1,13074,13074,13074,22877,12059,10158,9917,18861,6141,19144,1,22724,8004,1,4972,18762,25932,1.0,8:54,2015,2016
2015-16,202325,Wesley Johnson,Wesley,1610612746,LAC,LA Clippers,21500226,2015-11-25T00:00:00,LAC vs. UTA,L,19.7,0.0,0.0,0.0,0.0,9.0,8.0,2.0,22.0,0.0,0.0,3.0,0.0,-1.8,1,13074,13074,13074,16146,12059,10158,9917,18861,15771,17345,4025,10265,8004,1,17641,18762,26059,1.0,19:42,2015,2016
2015-16,201601,Luc Mbah a Moute,Luc,1610612746,LAC,LA Clippers,21500226,2015-11-25T00:00:00,LAC vs. UTA,L,0.8,0.0,0.0,0.0,0.0,0.0,0.0,0.0,0.0,0.0,0.0,1.0,0.0,0.0,1,13074,13074,13074,25917,12059,10158,9917,18861,1,1,1,25429,8004,1,4972,18762,25170,1.0,0:47,2015,2016
2015-16,2037,Jamal Crawford,Jamal,1610612746,LAC,LA Clippers,21500226,2015-11-25T00:00:00,LAC vs. UTA,L,30.1,0.0,1.0,0.0,0.0,16.0,19.0,2.0,28.0,0.0,0.0,1.0,2.0,5.2,1,13074,13074,13074,7411,12059,9709,9917,18861,23774,25786,4025,5824,8004,1,4972,7786,22370,1.0,30:09,2015,2016
2015-16,202362,Lance Stephenson,Lance,1610612746,LAC,LA Clippers,21500226,2015-11-25T00:00:00,LAC vs. UTA,L,11.5,0.0,0.0,0.0,0.0,7.0,11.0,0.0,8.0,0.0,0.0,1.0,0.0,4.4,1,13074,13074,13074,21811,12059,10158,9917,18861,12242,21814,1,21543,8004,1,4972,18762,22837,1.0,11:31,2015,2016
2015-16,200755,JJ Redick,JJ,1610612746,LAC,LA Clippers,21500226,2015-11-25T00:00:00,LAC vs. UTA,L,21.2,0.0,0.0,0.0,0.0,10.0,6.0,4.0,22.0,0.0,0.0,5.0,0.0,4.5,1,13074,13074,13074,14897,12059,10158,9917,18861,17370,13237,8806,10265,8004,1,24686,18762,22773,1.0,21:11,2015,2016
2015-16,203085,Austin Rivers,Austin,1610612746,LAC,LA Clippers,21500212,2015-11-24T00:00:00,LAC @ DEN,W,19.9,0.0,0.0,0.0,0.0,7.0,0.0,3.0,6.0,0.0,0.0,4.0,0.0,8.6,1,1,1,1,15975,12059,10158,9917,18861,12242,1,7328,22724,8004,1,22104,18762,20125,1.0,19:56,2015,2016
2015-16,1718,Paul Pierce,Paul,1610612746,LAC,LA Clippers,21500212,2015-11-24T00:00:00,LAC @ DEN,W,18.1,0.0,0.0,0.0,2.0,7.0,0.0,3.0,6.0,0.0,0.0,2.0,1.0,7.2,1,1,1,1,17425,12059,10158,9917,12984,12242,1,7328,22724,8004,1,11390,12373,21035,1.0,18:07,2015,2016
2015-16,201601,Luc Mbah a Moute,Luc,1610612746,LAC,LA Clippers,21500212,2015-11-24T00:00:00,LAC @ DEN,W,1.9,0.0,0.0,0.0,0.0,0.0,0.0,0.0,0.0,1.0,0.0,0.0,0.0,4.2,1,1,1,1,25543,12059,10158,9917,18861,1,1,1,25429,2692,1,1,18762,22976,1.0,1:57,2015,2016
2015-16,202332,Cole Aldrich,Cole,1610612746,LAC,LA Clippers,21500212,2015-11-24T00:00:00,LAC @ DEN,W,1.9,0.0,0.0,0.0,0.0,0.0,0.0,0.0,0.0,0.0,0.0,1.0,0.0,0.0,1,1,1,1,25553,12059,10158,9917,18861,1,1,1,25429,8004,1,4972,18762,25170,1.0,1:54,2015,2016
2015-16,101108,Chris Paul,Chris,1610612746,LAC,LA Clippers,21500212,2015-11-24T00:00:00,LAC @ DEN,W,28.1,5.0,1.0,2.0,6.0,0.0,3.0,4.0,26.0,0.0,0.0,1.0,2.0,41.4,1,1,1,1,9140,1603,9709,4675,5299,1,7138,8806,7214,8004,1,4972,7786,2060,1.0,28:07,2015,2016
2015-16,200755,JJ Redick,JJ,1610612746,LAC,LA Clippers,21500212,2015-11-24T00:00:00,LAC @ DEN,W,28.1,0.0,3.0,0.0,2.0,0.0,3.0,4.0,26.0,0.0,0.0,2.0,2.0,20.4,1,1,1,1,9140,12059,3104,9917,12984,1,7138,8806,7214,8004,1,11390,7786,11453,1.0,28:07,2015,2016
2015-16,201933,Blake Griffin,Blake,1610612746,LAC,LA Clippers,21500212,2015-11-24T00:00:00,LAC @ DEN,W,33.1,2.0,0.0,0.0,0.0,2.0,3.0,4.0,28.0,1.0,0.0,2.0,5.0,41.0,1,1,1,1,5016,6026,10158,9917,18861,2619,7138,8806,5824,2692,1,11390,1539,2143,1.0,33:08,2015,2016
2015-16,2037,Jamal Crawford,Jamal,1610612746,LAC,LA Clippers,21500212,2015-11-24T00:00:00,LAC @ DEN,W,24.0,0.0,0.0,0.0,2.0,7.0,1.0,3.0,6.0,0.0,0.0,1.0,4.0,24.6,1,1,1,1,12534,12059,10158,9917,12984,12242,3393,7328,22724,8004,1,4972,2748,8724,1.0,24:01,2015,2016
2015-16,201599,DeAndre Jordan,DeAndre,1610612746,LAC,LA Clippers,21500212,2015-11-24T00:00:00,LAC @ DEN,W,26.9,4.0,3.0,0.0,6.0,0.0,3.0,4.0,24.0,4.0,0.0,4.0,15.0,50.7,1,1,1,1,10139,2460,3104,9917,5299,1,7138,8806,8723,132,1,22104,6,677,1.0,26:51,2015,2016
2015-16,2746,Josh Smith,Josh,1610612746,LAC,LA Clippers,21500212,2015-11-24T00:00:00,LAC @ DEN,W,18.4,0.0,1.0,0.0,6.0,7.0,0.0,3.0,8.0,1.0,0.0,2.0,2.0,21.2,1,1,1,1,17143,12059,9709,9917,5299,12242,1,7328,21543,2692,1,11390,7786,10936,1.0,18:27,2015,2016
2015-16,202325,Wesley Johnson,Wesley,1610612746,LAC,LA Clippers,21500212,2015-11-24T00:00:00,LAC @ DEN,W,24.6,2.0,3.0,2.0,2.0,0.0,2.0,4.0,26.0,1.0,0.0,5.0,0.0,17.9,1,1,1,1,12065,6026,3104,4675,12984,1,3734,8806,7214,2692,1,24686,18762,13229,1.0,24:33,2015,2016
2015-16,202362,Lance Stephenson,Lance,1610612746,LAC,LA Clippers,21500212,2015-11-24T00:00:00,LAC @ DEN,W,14.9,2.0,0.0,2.0,2.0,5.0,0.0,3.0,4.0,0.0,0.0,1.0,1.0,8.4,1,1,1,1,19854,6026,10158,4675,12984,8403,1,7328,23698,8004,1,4972,12373,20273,1.0,14:52,2015,2016
2015-16,201601,Luc Mbah a Moute,Luc,1610612746,LAC,LA Clippers,21500196,2015-11-22T00:00:00,LAC vs. TOR,L,4.2,0.0,0.0,2.0,2.0,2.0,4.0,0.0,4.0,0.0,0.0,2.0,0.0,6.2,1,13074,13074,13074,24648,12059,10158,4675,12984,2619,8458,1,23698,8004,1,11390,18762,21696,1.0,4:10,2015,2016
2015-16,1718,Paul Pierce,Paul,1610612746,LAC,LA Clippers,21500196,2015-11-22T00:00:00,LAC vs. TOR,L,18.8,2.0,0.0,2.0,0.0,11.0,0.0,9.0,16.0,0.0,0.0,2.0,2.0,1.2,1,13074,13074,13074,16840,6026,10158,4675,18861,18886,1,18829,15259,8004,1,11390,7786,24661,1.0,18:50,2015,2016
2015-16,201599,DeAndre Jordan,DeAndre,1610612746,LAC,LA Clippers,21500196,2015-11-22T00:00:00,LAC vs. TOR,L,39.1,3.0,1.0,4.0,12.0,15.0,4.0,11.0,30.0,5.0,0.0,1.0,5.0,49.5,1,13074,13074,13074,1038,4307,9709,1913,988,23079,8458,21342,4541,59,1,4972,1539,811,1.0,39:05,2015,2016
2015-16,203085,Austin Rivers,Austin,1610612746,LAC,LA Clippers,21500196,2015-11-22T00:00:00,LAC vs. TOR,L,18.7,2.0,2.0,0.0,4.0,6.0,10.0,2.0,12.0,0.0,0.0,3.0,0.0,8.9,1,13074,13074,13074,16916,6026,4731,9917,8599,10028,20509,4025,18637,8004,1,17641,18762,19914,1.0,18:45,2015,2016
2015-16,200755,JJ Redick,JJ,1610612746,LAC,LA Clippers,21500196,2015-11-22T00:00:00,LAC vs. TOR,L,29.4,0.0,0.0,6.0,0.0,9.0,0.0,9.0,24.0,0.0,0.0,4.0,3.0,19.8,1,13074,13074,13074,8087,12059,10158,740,18861,15771,1,18829,8723,8004,1,22104,4736,11883,1.0,29:21,2015,2016
2015-16,2037,Jamal Crawford,Jamal,1610612746,LAC,LA Clippers,21500196,2015-11-22T00:00:00,LAC vs. TOR,L,29.2,0.0,0.0,0.0,0.0,8.0,10.0,2.0,18.0,0.0,0.0,1.0,4.0,13.0,1,13074,13074,13074,8236,12059,10158,9917,18861,13914,20509,4025,13577,8004,1,4972,2748,16969,1.0,29:11,2015,2016
2015-16,202362,Lance Stephenson,Lance,1610612746,LAC,LA Clippers,21500196,2015-11-22T00:00:00,LAC vs. TOR,L,5.4,0.0,0.0,0.0,0.0,1.0,0.0,6.0,2.0,0.0,0.0,3.0,1.0,3.0,1,13074,13074,13074,24207,12059,10158,9917,18861,2356,1,13388,24614,8004,1,17641,12373,23648,1.0,5:25,2015,2016
2015-16,202325,Wesley Johnson,Wesley,1610612746,LAC,LA Clippers,21500196,2015-11-22T00:00:00,LAC vs. TOR,L,18.1,2.0,0.0,2.0,2.0,4.0,8.0,2.0,10.0,2.0,0.0,2.0,0.0,13.0,1,13074,13074,13074,17402,6026,10158,4675,12984,6141,17345,4025,20209,932,1,11390,18762,16969,1.0,18:08,2015,2016
2015-16,2746,Josh Smith,Josh,1610612746,LAC,LA Clippers,21500196,2015-11-22T00:00:00,LAC vs. TOR,L,14.8,0.0,0.0,0.0,0.0,4.0,6.0,2.0,8.0,2.0,0.0,3.0,1.0,21.6,1,13074,13074,13074,19916,12059,10158,9917,18861,6141,13237,4025,21543,932,1,17641,12373,10666,1.0,14:46,2015,2016
2015-16,101108,Chris Paul,Chris,1610612746,LAC,LA Clippers,21500196,2015-11-22T00:00:00,LAC vs. TOR,L,33.4,4.0,4.0,3.0,6.0,15.0,2.0,9.0,28.0,0.0,0.0,5.0,2.0,38.5,1,13074,13074,13074,4825,2460,1596,3302,5299,23079,3734,18829,5824,8004,1,24686,7786,2771,1.0,33:23,2015,2016
2015-16,201933,Blake Griffin,Blake,1610612746,LAC,LA Clippers,21500196,2015-11-22T00:00:00,LAC vs. TOR,L,28.9,0.0,0.0,0.0,0.0,10.0,6.0,3.0,28.0,0.0,0.0,4.0,1.0,22.2,1,13074,13074,13074,8423,12059,10158,9917,18861,17370,13237,7328,5824,8004,1,22104,12373,10263,1.0,28:56,2015,2016
2015-16,203085,Austin Rivers,Austin,1610612746,LAC,LA Clippers,21500186,2015-11-20T00:00:00,LAC @ POR,L,22.3,2.0,0.0,2.0,8.0,5.0,12.0,1.0,22.0,0.0,1.0,0.0,0.0,15.7,1,13074,13074,13074,13903,6026,10158,4675,3109,8403,22832,3646,10265,8004,17214,1,18762,14841,1.0,22:19,2015,2016
2015-16,101108,Chris Paul,Chris,1610612746,LAC,LA Clippers,21500186,2015-11-20T00:00:00,LAC @ POR,L,28.5,2.0,0.0,2.0,2.0,12.0,13.0,3.0,28.0,0.0,0.0,3.0,1.0,26.4,1,13074,13074,13074,8818,6026,10158,4675,12984,20178,23668,7328,5824,8004,1,17641,12373,7672,1.0,28:31,2015,2016
2015-16,201933,Blake Griffin,Blake,1610612746,LAC,LA Clippers,21500186,2015-11-20T00:00:00,LAC @ POR,L,33.7,4.0,2.0,2.0,12.0,13.0,15.0,4.0,32.0,0.0,0.0,5.0,2.0,36.9,1,13074,13074,13074,4563,2460,4731,4675,988,21300,24781,8806,3535,8004,1,24686,7786,3210,1.0,33:45,2015,2016
2015-16,201599,DeAndre Jordan,DeAndre,1610612746,LAC,LA Clippers,21500186,2015-11-20T00:00:00,LAC @ POR,L,34.5,0.0,7.0,0.0,10.0,13.0,17.0,4.0,32.0,2.0,0.0,3.0,4.0,36.5,1,13074,13074,13074,3959,12059,292,9917,1840,21300,25429,8806,3535,932,1,17641,2748,3326,1.0,34:29,2015,2016
2015-16,202325,Wesley Johnson,Wesley,1610612746,LAC,LA Clippers,21500186,2015-11-20T00:00:00,LAC @ POR,L,22.0,0.0,0.0,0.0,0.0,6.0,14.0,0.0,28.0,0.0,0.0,1.0,0.0,10.1,1,13074,13074,13074,14142,12059,10158,9917,18861,10028,24300,1,5824,8004,1,4972,18762,19105,1.0,22:02,2015,2016
2015-16,202362,Lance Stephenson,Lance,1610612746,LAC,LA Clippers,21500186,2015-11-20T00:00:00,LAC @ POR,L,18.8,0.0,0.0,0.0,2.0,5.0,11.0,0.0,16.0,1.0,1.0,1.0,3.0,6.5,1,13074,13074,13074,16905,12059,10158,9917,12984,8403,21814,1,15259,2692,17214,4972,4736,21519,1.0,18:45,2015,2016
2015-16,201601,Luc Mbah a Moute,Luc,1610612746,LAC,LA Clippers,21500186,2015-11-20T00:00:00,LAC @ POR,L,10.5,0.0,0.0,0.0,2.0,4.0,8.0,0.0,12.0,0.0,1.0,2.0,0.0,5.8,1,13074,13074,13074,22240,12059,10158,9917,12984,6141,17345,1,18637,8004,17214,11390,18762,22018,1.0,10:29,2015,2016
2015-16,2746,Josh Smith,Josh,1610612746,LAC,LA Clippers,21500186,2015-11-20T00:00:00,LAC @ POR,L,17.1,0.0,0.0,0.0,2.0,4.0,10.0,0.0,20.0,2.0,0.0,4.0,0.0,21.6,1,13074,13074,13074,18230,12059,10158,9917,12984,6141,20509,1,11929,932,1,22104,18762,10666,1.0,17:03,2015,2016
2015-16,200755,JJ Redick,JJ,1610612746,LAC,LA Clippers,21500186,2015-11-20T00:00:00,LAC @ POR,L,25.9,2.0,2.0,0.0,0.0,11.0,11.0,4.0,20.0,0.0,0.0,3.0,2.0,16.2,1,13074,13074,13074,10951,6026,4731,9917,18861,18886,21814,8806,11929,8004,1,17641,7786,14436,1.0,25:53,2015,2016
2015-16,2037,Jamal Crawford,Jamal,1610612746,LAC,LA Clippers,21500186,2015-11-20T00:00:00,LAC @ POR,L,26.7,0.0,3.0,0.0,2.0,12.0,14.0,4.0,30.0,0.0,0.0,2.0,5.0,21.7,1,13074,13074,13074,10253,12059,3104,9917,12984,20178,24300,8806,4541,8004,1,11390,1539,10592,1.0,26:44,2015,2016
2015-16,201601,Luc Mbah a Moute,Luc,1610612746,LAC,LA Clippers,21500177,2015-11-19T00:00:00,LAC vs. GSW,L,0.0,0.0,0.0,0.0,0.0,0.0,0.0,0.0,0.0,0.0,0.0,0.0,0.0,0.0,1,13074,13074,13074,26075,12059,10158,9917,18861,1,1,1,25429,8004,1,1,18762,25170,1.0,0:00,2015,2016
2015-16,201933,Blake Griffin,Blake,1610612746,LAC,LA Clippers,21500177,2015-11-19T00:00:00,LAC vs. GSW,L,37.5,6.0,2.0,2.0,10.0,7.0,4.0,11.0,22.0,1.0,0.0,2.0,5.0,44.7,1,13074,13074,13074,1765,878,4731,4675,1840,12242,8458,21342,10265,2692,1,11390,1539,1419,1.0,37:29,2015,2016
2015-16,101108,Chris Paul,Chris,1610612746,LAC,LA Clippers,21500177,2015-11-19T00:00:00,LAC vs. GSW,L,31.5,11.0,0.0,4.0,10.0,7.0,5.0,10.0,18.0,0.0,0.0,2.0,5.0,57.8,1,13074,13074,13074,6315,55,10158,1913,1840,12242,11469,20169,13577,8004,1,11390,1539,275,1.0,31:30,2015,2016
2015-16,201599,DeAndre Jordan,DeAndre,1610612746,LAC,LA Clippers,21500177,2015-11-19T00:00:00,LAC vs. GSW,L,38.9,2.0,4.0,0.0,4.0,5.0,12.0,10.0,22.0,0.0,2.0,5.0,5.0,24.5,1,13074,13074,13074,1112,6026,1596,9917,8599,8403,22832,20169,10265,8004,23588,24686,1539,8801,1.0,38:53,2015,2016
2015-16,2037,Jamal Crawford,Jamal,1610612746,LAC,LA Clippers,21500177,2015-11-19T00:00:00,LAC vs. GSW,L,39.5,0.0,2.0,0.0,4.0,9.0,11.0,9.0,24.0,0.0,0.0,5.0,2.0,22.0,1,13074,13074,13074,888,12059,4731,9917,8599,15771,21814,18829,8723,8004,1,24686,7786,10388,1.0,39:30,2015,2016
2015-16,202325,Wesley Johnson,Wesley,1610612746,LAC,LA Clippers,21500177,2015-11-19T00:00:00,LAC vs. GSW,L,16.1,2.0,0.0,2.0,4.0,2.0,5.0,5.0,14.0,0.0,0.0,1.0,0.0,13.9,1,13074,13074,13074,18952,6026,10158,4675,8599,2619,11469,11593,17019,8004,1,4972,18762,16232,1.0,16:07,2015,2016
2015-16,1718,Paul Pierce,Paul,1610612746,LAC,LA Clippers,21500177,2015-11-19T00:00:00,LAC vs. GSW,L,31.9,0.0,3.0,0.0,0.0,7.0,7.0,8.0,14.0,0.0,1.0,4.0,1.0,14.1,1,13074,13074,13074,5994,12059,3104,9917,18861,12242,15642,17194,17019,8004,17214,22104,12373,16094,1.0,31:53,2015,2016
2015-16,203085,Austin Rivers,Austin,1610612746,LAC,LA Clippers,21500177,2015-11-19T00:00:00,LAC vs. GSW,L,26.3,5.0,0.0,5.0,4.0,4.0,8.0,7.0,14.0,0.0,0.0,1.0,2.0,21.1,1,13074,13074,13074,10608,1603,10158,1277,8599,6141,17345,15538,17019,8004,1,4972,7786,11012,1.0,26:18,2015,2016
2015-16,2746,Josh Smith,Josh,1610612746,LAC,LA Clippers,21500177,2015-11-19T00:00:00,LAC vs. GSW,L,18.3,2.0,0.0,2.0,2.0,4.0,8.0,5.0,12.0,1.0,1.0,5.0,0.0,21.4,1,13074,13074,13074,17234,6026,10158,4675,12984,6141,17345,11593,18637,2692,17214,24686,18762,10807,1.0,18:20,2015,2016
2015-16,202362,Lance Stephenson,Lance,1610612746,LAC,LA Clippers,21500138,2015-11-14T00:00:00,LAC vs. DET,W,1.7,0.0,0.0,0.0,0.0,5.0,0.0,2.0,2.0,0.0,0.0,0.0,0.0,-1.0,1,1,1,1,25628,12059,10158,9917,18861,8403,1,4025,24614,8004,1,1,18762,25932,1.0,1:42,2015,2016
2015-16,201601,Luc Mbah a Moute,Luc,1610612746,LAC,LA Clippers,21500138,2015-11-14T00:00:00,LAC vs. DET,W,8.7,0.0,0.0,0.0,0.0,0.0,0.0,0.0,0.0,0.0,0.0,3.0,0.0,3.6,1,1,1,1,22957,12059,10158,9917,18861,1,1,1,25429,8004,1,17641,18762,23310,1.0,8:42,2015,2016
2015-16,201599,DeAndre Jordan,DeAndre,1610612746,LAC,LA Clippers,21500138,2015-11-14T00:00:00,LAC vs. DET,W,38.4,2.0,2.0,0.0,10.0,7.0,14.0,3.0,34.0,1.0,1.0,6.0,2.0,37.2,1,1,1,1,1327,6026,4731,9917,1840,12242,24300,7328,2701,2692,17214,25827,7786,3130,1.0,38:23,2015,2016
2015-16,2037,Jamal Crawford,Jamal,1610612746,LAC,LA Clippers,21500138,2015-11-14T00:00:00,LAC vs. DET,W,40.5,0.0,0.0,3.0,8.0,7.0,14.0,3.0,34.0,1.0,0.0,4.0,7.0,56.2,1,1,1,1,603,12059,10158,3302,3109,12242,24300,7328,2701,2692,1,22104,469,342,1.0,40:31,2015,2016
2015-16,201933,Blake Griffin,Blake,1610612746,LAC,LA Clippers,21500138,2015-11-14T00:00:00,LAC vs. DET,W,41.9,4.0,9.0,2.0,20.0,18.0,14.0,5.0,38.0,1.0,1.0,4.0,9.0,64.1,1,1,1,1,319,2460,77,4675,59,24749,24300,11593,1422,2692,17214,22104,138,103,1.0,41:56,2015,2016
2015-16,1718,Paul Pierce,Paul,1610612746,LAC,LA Clippers,21500138,2015-11-14T00:00:00,LAC vs. DET,W,30.3,0.0,0.0,0.0,0.0,7.0,12.0,3.0,32.0,0.0,0.0,1.0,1.0,10.1,1,1,1,1,7284,12059,10158,9917,18861,12242,22832,7328,3535,8004,1,4972,12373,19105,1.0,30:16,2015,2016
2015-16,202325,Wesley Johnson,Wesley,1610612746,LAC,LA Clippers,21500138,2015-11-14T00:00:00,LAC vs. DET,W,13.0,0.0,0.0,0.0,0.0,11.0,4.0,2.0,8.0,0.0,0.0,1.0,0.0,8.4,1,1,1,1,20973,12059,10158,9917,18861,18886,8458,4025,21543,8004,1,4972,18762,20273,1.0,13:01,2015,2016
2015-16,203085,Austin Rivers,Austin,1610612746,LAC,LA Clippers,21500138,2015-11-14T00:00:00,LAC vs. DET,W,41.8,3.0,0.0,0.0,2.0,13.0,14.0,3.0,36.0,0.0,0.0,3.0,2.0,16.1,1,1,1,1,348,4307,10158,9917,12984,21300,24300,7328,1943,8004,1,17641,7786,14515,1.0,41:45,2015,2016
2015-16,2746,Josh Smith,Josh,1610612746,LAC,LA Clippers,21500138,2015-11-14T00:00:00,LAC vs. DET,W,12.9,0.0,0.0,0.0,2.0,11.0,4.0,2.0,8.0,1.0,0.0,1.0,1.0,6.2,1,1,1,1,21038,12059,10158,9917,12984,18886,8458,4025,21543,2692,1,4972,12373,21696,1.0,12:53,2015,2016
2015-16,203143,Pablo Prigioni,Pablo,1610612746,LAC,LA Clippers,21500138,2015-11-14T00:00:00,LAC vs. DET,W,10.8,0.0,0.0,0.0,0.0,11.0,4.0,2.0,8.0,0.0,0.0,0.0,1.0,2.0,1,1,1,1,22097,12059,10158,9917,18861,18886,8458,4025,21543,8004,1,1,12373,24216,1.0,10:51,2015,2016
2015-16,201601,Luc Mbah a Moute,Luc,1610612746,LAC,LA Clippers,21500126,2015-11-12T00:00:00,LAC @ PHX,L,14.8,2.0,2.0,0.0,4.0,2.0,0.0,5.0,12.0,0.0,1.0,0.0,1.0,14.4,1,13074,13074,13074,19884,6026,4731,9917,8599,2619,1,11593,18637,8004,17214,1,12373,15857,1.0,14:49,2015,2016
2015-16,201933,Blake Griffin,Blake,1610612746,LAC,LA Clippers,21500126,2015-11-12T00:00:00,LAC @ PHX,L,16.2,4.0,0.0,0.0,6.0,9.0,5.0,7.0,14.0,0.0,0.0,0.0,2.0,23.6,1,13074,13074,13074,18882,2460,10158,9917,5299,15771,11469,15538,17019,8004,1,1,7786,9377,1.0,16:12,2015,2016
2015-16,202362,Lance Stephenson,Lance,1610612746,LAC,LA Clippers,21500126,2015-11-12T00:00:00,LAC @ PHX,L,30.0,6.0,2.0,4.0,10.0,10.0,4.0,13.0,36.0,1.0,1.0,2.0,1.0,25.0,1,13074,13074,13074,7525,878,4731,1913,1840,17370,8458,23048,1943,2692,17214,11390,12373,8485,1.0,30:01,2015,2016
2015-16,201599,DeAndre Jordan,DeAndre,1610612746,LAC,LA Clippers,21500126,2015-11-12T00:00:00,LAC @ PHX,L,27.0,0.0,4.0,3.0,6.0,12.0,9.0,12.0,32.0,1.0,0.0,1.0,7.0,25.3,1,13074,13074,13074,10015,12059,1596,3302,5299,20178,19144,22259,3535,2692,1,4972,469,8340,1.0,27:00,2015,2016
2015-16,202325,Wesley Johnson,Wesley,1610612746,LAC,LA Clippers,21500126,2015-11-12T00:00:00,LAC @ PHX,L,24.2,3.0,3.0,3.0,0.0,4.0,2.0,7.0,16.0,0.0,0.0,3.0,1.0,19.6,1,13074,13074,13074,12379,4307,3104,3302,18861,6141,3734,15538,15259,8004,1,17641,12373,12024,1.0,24:12,2015,2016
2015-16,202332,Cole Aldrich,Cole,1610612746,LAC,LA Clippers,21500126,2015-11-12T00:00:00,LAC @ PHX,L,6.8,0.0,2.0,0.0,2.0,0.0,0.0,3.0,4.0,0.0,0.0,1.0,1.0,6.8,1,13074,13074,13074,23641,12059,4731,9917,12984,1,1,7328,23698,8004,1,4972,12373,21328,1.0,6:47,2015,2016
2015-16,2037,Jamal Crawford,Jamal,1610612746,LAC,LA Clippers,21500126,2015-11-12T00:00:00,LAC @ PHX,L,24.8,2.0,3.0,0.0,4.0,9.0,4.0,14.0,24.0,0.0,1.0,2.0,3.0,26.2,1,13074,13074,13074,11828,6026,3104,9917,8599,15771,8458,23710,8723,8004,17214,11390,4736,7785,1.0,24:48,2015,2016
2015-16,203085,Austin Rivers,Austin,1610612746,LAC,LA Clippers,21500126,2015-11-12T00:00:00,LAC @ PHX,L,34.2,0.0,0.0,0.0,6.0,12.0,9.0,17.0,36.0,0.0,0.0,4.0,4.0,15.4,1,13074,13074,13074,4190,12059,10158,9917,5299,20178,19144,24967,1943,8004,1,22104,2748,15066,1.0,34:12,2015,2016
2015-16,1718,Paul Pierce,Paul,1610612746,LAC,LA Clippers,21500126,2015-11-12T00:00:00,LAC @ PHX,L,19.5,0.0,2.0,0.0,2.0,3.0,5.0,9.0,18.0,0.0,0.0,1.0,1.0,15.2,1,13074,13074,13074,16316,12059,4731,9917,12984,5109,11469,18829,13577,8004,1,4972,12373,15219,1.0,19:30,2015,2016
2015-16,2746,Josh Smith,Josh,1610612746,LAC,LA Clippers,21500126,2015-11-12T00:00:00,LAC @ PHX,L,19.4,2.0,2.0,2.0,4.0,2.0,2.0,4.0,14.0,1.0,0.0,0.0,0.0,14.1,1,13074,13074,13074,16420,6026,4731,4675,8599,2619,3734,8806,17019,2692,1,1,18762,16094,1.0,19:21,2015,2016
2015-16,203143,Pablo Prigioni,Pablo,1610612746,LAC,LA Clippers,21500126,2015-11-12T00:00:00,LAC @ PHX,L,23.1,0.0,3.0,0.0,0.0,7.0,5.0,4.0,24.0,0.0,0.0,3.0,2.0,22.3,1,13074,13074,13074,13257,12059,3104,9917,18861,12242,11469,8806,8723,8004,1,17641,7786,10208,1.0,23:08,2015,2016
2015-16,203085,Austin Rivers,Austin,1610612746,LAC,LA Clippers,21500118,2015-11-11T00:00:00,LAC @ DAL,L,26.9,4.0,2.0,2.0,8.0,10.0,6.0,6.0,12.0,0.0,0.0,0.0,1.0,32.7,1,13074,13074,13074,10065,2460,4731,4675,3109,17370,13237,13388,18637,8004,1,1,12373,4649,1.0,26:56,2015,2016
2015-16,202325,Wesley Johnson,Wesley,1610612746,LAC,LA Clippers,21500118,2015-11-11T00:00:00,LAC @ DAL,L,13.0,0.0,0.0,0.0,0.0,4.0,4.0,4.0,6.0,0.0,0.0,1.0,1.0,9.7,1,13074,13074,13074,20974,12059,10158,9917,18861,6141,8458,8806,22724,8004,1,4972,12373,19379,1.0,13:00,2015,2016
2015-16,201599,DeAndre Jordan,DeAndre,1610612746,LAC,LA Clippers,21500118,2015-11-11T00:00:00,LAC @ DAL,L,27.1,3.0,2.0,0.0,6.0,10.0,2.0,7.0,14.0,1.0,0.0,5.0,8.0,23.2,1,13074,13074,13074,9963,4307,4731,9917,5299,17370,3734,15538,17019,2692,1,24686,254,9630,1.0,27:04,2015,2016
2015-16,202362,Lance Stephenson,Lance,1610612746,LAC,LA Clippers,21500118,2015-11-11T00:00:00,LAC @ DAL,L,20.5,0.0,2.0,0.0,6.0,7.0,2.0,8.0,14.0,0.0,2.0,1.0,0.0,7.4,1,13074,13074,13074,15475,12059,4731,9917,5299,12242,3734,17194,17019,8004,23588,4972,18762,20912,1.0,20:30,2015,2016
2015-16,201933,Blake Griffin,Blake,1610612746,LAC,LA Clippers,21500118,2015-11-11T00:00:00,LAC @ DAL,L,34.0,0.0,4.0,4.0,10.0,11.0,6.0,6.0,20.0,0.0,1.0,3.0,7.0,37.3,1,13074,13074,13074,4332,12059,1596,1913,1840,18886,13237,13388,11929,8004,17214,17641,469,3105,1.0,34:02,2015,2016
2015-16,2037,Jamal Crawford,Jamal,1610612746,LAC,LA Clippers,21500118,2015-11-11T00:00:00,LAC @ DAL,L,28.7,5.0,0.0,2.0,2.0,8.0,4.0,8.0,12.0,0.0,0.0,4.0,3.0,11.5,1,13074,13074,13074,8675,1603,10158,4675,12984,13914,8458,17194,18637,8004,1,22104,4736,18079,1.0,28:41,2015,2016
2015-16,2746,Josh Smith,Josh,1610612746,LAC,LA Clippers,21500118,2015-11-11T00:00:00,LAC @ DAL,L,12.9,3.0,1.0,0.0,0.0,3.0,2.0,3.0,6.0,0.0,0.0,2.0,2.0,9.6,1,13074,13074,13074,21028,4307,9709,9917,18861,5109,3734,7328,22724,8004,1,11390,7786,19434,1.0,12:54,2015,2016
2015-16,201601,Luc Mbah a Moute,Luc,1610612746,LAC,LA Clippers,21500118,2015-11-11T00:00:00,LAC @ DAL,L,6.5,0.0,0.0,0.0,0.0,2.0,4.0,0.0,4.0,0.0,0.0,2.0,0.0,4.2,1,13074,13074,13074,23748,12059,10158,9917,18861,2619,8458,1,23698,8004,1,11390,18762,22976,1.0,6:30,2015,2016
2015-16,203143,Pablo Prigioni,Pablo,1610612746,LAC,LA Clippers,21500118,2015-11-11T00:00:00,LAC @ DAL,L,0.5,0.0,0.0,0.0,0.0,0.0,0.0,2.0,0.0,0.0,0.0,0.0,0.0,0.0,1,13074,13074,13074,25985,12059,10158,9917,18861,1,1,4025,25429,8004,1,1,18762,25170,1.0,0:27,2015,2016
2015-16,200755,JJ Redick,JJ,1610612746,LAC,LA Clippers,21500118,2015-11-11T00:00:00,LAC @ DAL,L,13.8,2.0,0.0,2.0,2.0,3.0,0.0,4.0,10.0,1.0,0.0,2.0,2.0,13.0,1,13074,13074,13074,20504,6026,10158,4675,12984,5109,1,8806,20209,2692,1,11390,7786,16969,1.0,13:50,2015,2016
2015-16,1718,Paul Pierce,Paul,1610612746,LAC,LA Clippers,21500118,2015-11-11T00:00:00,LAC @ DAL,L,21.6,4.0,3.0,0.0,0.0,6.0,6.0,6.0,12.0,0.0,0.0,2.0,1.0,21.4,1,13074,13074,13074,14552,2460,3104,9917,18861,10028,13237,13388,18637,8004,1,11390,12373,10807,1.0,21:33,2015,2016
2015-16,101108,Chris Paul,Chris,1610612746,LAC,LA Clippers,21500118,2015-11-11T00:00:00,LAC @ DAL,L,34.5,0.0,3.0,0.0,0.0,11.0,4.0,6.0,20.0,0.0,0.0,2.0,4.0,26.7,1,13074,13074,13074,3914,12059,3104,9917,18861,18886,8458,13388,11929,8004,1,11390,2748,7525,1.0,34:33,2015,2016
2015-16,202362,Lance Stephenson,Lance,1610612746,LAC,LA Clippers,21500105,2015-11-09T00:00:00,LAC vs. MEM,W,20.9,0.0,0.0,0.0,0.0,10.0,12.0,8.0,26.0,0.0,0.0,0.0,0.0,4.1,1,1,1,1,15109,12059,10158,9917,18861,17370,22832,17194,7214,8004,1,1,18762,23131,1.0,20:56,2015,2016
2015-16,202325,Wesley Johnson,Wesley,1610612746,LAC,LA Clippers,21500105,2015-11-09T00:00:00,LAC vs. MEM,W,1.2,0.0,0.0,0.0,0.0,0.0,0.0,0.0,0.0,0.0,0.0,0.0,1.0,0.0,1,1,1,1,25821,12059,10158,9917,18861,1,1,1,25429,8004,1,1,12373,25170,1.0,1:10,2015,2016
2015-16,201601,Luc Mbah a Moute,Luc,1610612746,LAC,LA Clippers,21500105,2015-11-09T00:00:00,LAC vs. MEM,W,0.2,0.0,0.0,0.0,0.0,0.0,0.0,0.0,0.0,0.0,0.0,0.0,0.0,0.0,1,1,1,1,26014,12059,10158,9917,18861,1,1,1,25429,8004,1,1,18762,25170,1.0,0:15,2015,2016
2015-16,203085,Austin Rivers,Austin,1610612746,LAC,LA Clippers,21500105,2015-11-09T00:00:00,LAC vs. MEM,W,22.6,4.0,0.0,1.0,2.0,12.0,2.0,4.0,24.0,0.0,0.0,2.0,3.0,15.5,1,1,1,1,13676,2460,10158,9347,12984,20178,3734,8806,8723,8004,1,11390,4736,15004,1.0,22:37,2015,2016
2015-16,201933,Blake Griffin,Blake,1610612746,LAC,LA Clippers,21500105,2015-11-09T00:00:00,LAC vs. MEM,W,37.8,6.0,2.0,3.0,12.0,15.0,15.0,10.0,36.0,1.0,0.0,5.0,6.0,45.4,1,1,1,1,1607,878,4731,3302,988,23079,24781,20169,1943,2692,1,24686,873,1291,1.0,37:48,2015,2016
2015-16,200755,JJ Redick,JJ,1610612746,LAC,LA Clippers,21500105,2015-11-09T00:00:00,LAC vs. MEM,W,30.3,3.0,0.0,3.0,0.0,14.0,15.0,10.0,34.0,0.0,0.0,2.0,5.0,17.5,1,1,1,1,7299,4307,10158,3302,18861,22292,24781,20169,2701,8004,1,11390,1539,13528,1.0,30:16,2015,2016
2015-16,201599,DeAndre Jordan,DeAndre,1610612746,LAC,LA Clippers,21500105,2015-11-09T00:00:00,LAC vs. MEM,W,35.6,0.0,6.0,2.0,12.0,14.0,15.0,10.0,36.0,4.0,0.0,4.0,2.0,39.9,1,1,1,1,3043,12059,481,4675,988,22292,24781,20169,1943,132,1,22104,7786,2396,1.0,35:38,2015,2016
2015-16,2037,Jamal Crawford,Jamal,1610612746,LAC,LA Clippers,21500105,2015-11-09T00:00:00,LAC vs. MEM,W,20.1,0.0,0.0,0.0,2.0,6.0,1.0,0.0,12.0,0.0,1.0,0.0,4.0,13.7,1,1,1,1,15806,12059,10158,9917,12984,10028,3393,1,18637,8004,17214,1,2748,16393,1.0,20:08,2015,2016
2015-16,101108,Chris Paul,Chris,1610612746,LAC,LA Clippers,21500105,2015-11-09T00:00:00,LAC vs. MEM,W,32.7,2.0,4.0,0.0,2.0,8.0,13.0,6.0,26.0,0.0,0.0,5.0,5.0,23.8,1,1,1,1,5380,6026,1596,9917,12984,13914,23668,13388,7214,8004,1,24686,1539,9261,1.0,32:40,2015,2016
2015-16,1718,Paul Pierce,Paul,1610612746,LAC,LA Clippers,21500105,2015-11-09T00:00:00,LAC vs. MEM,W,24.6,0.0,0.0,0.0,0.0,6.0,2.0,2.0,16.0,0.0,1.0,1.0,0.0,2.9,1,1,1,1,12052,12059,10158,9917,18861,10028,3734,4025,15259,8004,17214,4972,18762,23852,1.0,24:34,2015,2016
2015-16,2746,Josh Smith,Josh,1610612746,LAC,LA Clippers,21500105,2015-11-09T00:00:00,LAC vs. MEM,W,14.0,2.0,0.0,2.0,0.0,5.0,0.0,0.0,10.0,3.0,1.0,1.0,2.0,21.2,1,1,1,1,20412,6026,10158,4675,18861,8403,1,1,20209,347,17214,4972,7786,10936,1.0,13:59,2015,2016
2015-16,1718,Paul Pierce,Paul,1610612746,LAC,LA Clippers,21500093,2015-11-07T00:00:00,LAC vs. HOU,L,24.0,3.0,0.0,3.0,0.0,5.0,6.0,10.0,24.0,0.0,0.0,4.0,1.0,25.1,1,13074,13074,13074,12535,4307,10158,3302,18861,8403,13237,20169,8723,8004,1,22104,12373,8429,1.0,24:01,2015,2016
2015-16,200755,JJ Redick,JJ,1610612746,LAC,LA Clippers,21500093,2015-11-07T00:00:00,LAC vs. HOU,L,34.9,0.0,1.0,2.0,10.0,5.0,11.0,15.0,36.0,0.0,1.0,3.0,4.0,25.9,1,13074,13074,13074,3581,12059,9709,4675,1840,8403,21814,24242,1943,8004,17214,17641,2748,7960,1.0,34:56,2015,2016
2015-16,203143,Pablo Prigioni,Pablo,1610612746,LAC,LA Clippers,21500093,2015-11-07T00:00:00,LAC vs. HOU,L,16.5,0.0,0.0,0.0,0.0,4.0,2.0,9.0,20.0,0.0,0.0,2.0,1.0,6.0,1,13074,13074,13074,18675,12059,10158,9917,18861,6141,3734,18829,11929,8004,1,11390,12373,21878,1.0,16:28,2015,2016
2015-16,201599,DeAndre Jordan,DeAndre,1610612746,LAC,LA Clippers,21500093,2015-11-07T00:00:00,LAC vs. HOU,L,33.8,0.0,0.0,0.0,8.0,5.0,13.0,13.0,34.0,3.0,1.0,4.0,7.0,36.8,1,13074,13074,13074,4534,12059,10158,9917,3109,8403,23668,23048,2701,347,17214,22104,469,3241,1.0,33:47,2015,2016
2015-16,201933,Blake Griffin,Blake,1610612746,LAC,LA Clippers,21500093,2015-11-07T00:00:00,LAC vs. HOU,L,38.1,8.0,4.0,4.0,20.0,5.0,15.0,13.0,42.0,0.0,0.0,4.0,8.0,54.7,1,13074,13074,13074,1464,308,1596,1913,59,8403,24781,23048,670,8004,1,22104,254,406,1.0,38:06,2015,2016
2015-16,201601,Luc Mbah a Moute,Luc,1610612746,LAC,LA Clippers,21500093,2015-11-07T00:00:00,LAC vs. HOU,L,0.3,0.0,0.0,0.0,0.0,0.0,0.0,0.0,0.0,0.0,0.0,0.0,0.0,0.0,1,13074,13074,13074,26000,12059,10158,9917,18861,1,1,1,25429,8004,1,1,18762,25170,1.0,0:19,2015,2016
2015-16,202362,Lance Stephenson,Lance,1610612746,LAC,LA Clippers,21500093,2015-11-07T00:00:00,LAC vs. HOU,L,21.9,3.0,2.0,0.0,2.0,4.0,6.0,12.0,30.0,0.0,0.0,2.0,2.0,21.1,1,13074,13074,13074,14245,4307,4731,9917,12984,6141,13237,22259,4541,8004,1,11390,7786,11012,1.0,21:55,2015,2016
2015-16,203085,Austin Rivers,Austin,1610612746,LAC,LA Clippers,21500093,2015-11-07T00:00:00,LAC vs. HOU,L,31.3,1.0,3.0,0.0,6.0,5.0,13.0,13.0,34.0,1.0,1.0,3.0,1.0,16.5,1,13074,13074,13074,6491,11535,3104,9917,5299,8403,23668,23048,2701,2692,17214,17641,12373,14224,1.0,31:17,2015,2016
2015-16,2037,Jamal Crawford,Jamal,1610612746,LAC,LA Clippers,21500093,2015-11-07T00:00:00,LAC vs. HOU,L,18.7,0.0,0.0,0.0,0.0,4.0,7.0,9.0,22.0,0.0,0.0,0.0,1.0,8.0,1,13074,13074,13074,16959,12059,10158,9917,18861,6141,15642,18829,10265,8004,1,1,12373,20564,1.0,18:41,2015,2016
2015-16,2746,Josh Smith,Josh,1610612746,LAC,LA Clippers,21500093,2015-11-07T00:00:00,LAC vs. HOU,L,11.2,4.0,0.0,0.0,8.0,4.0,2.0,9.0,18.0,0.0,0.0,0.0,1.0,16.9,1,13074,13074,13074,21945,2460,10158,9917,3109,6141,3734,18829,13577,8004,1,1,12373,13911,1.0,11:12,2015,2016
2015-16,202325,Wesley Johnson,Wesley,1610612746,LAC,LA Clippers,21500093,2015-11-07T00:00:00,LAC vs. HOU,L,9.3,1.0,2.0,1.0,2.0,4.0,0.0,7.0,10.0,1.0,0.0,1.0,1.0,13.7,1,13074,13074,13074,22715,11535,4731,9347,12984,6141,1,15538,20209,2692,1,4972,12373,16393,1.0,9:18,2015,2016
2015-16,1718,Paul Pierce,Paul,1610612746,LAC,LA Clippers,21500069,2015-11-04T00:00:00,LAC @ GSW,L,17.9,0.0,1.0,0.0,0.0,9.0,2.0,18.0,14.0,0.0,0.0,0.0,3.0,9.4,1,13074,13074,13074,17574,12059,9709,9917,18861,15771,3734,25228,17019,8004,1,1,4736,19568,1.0,17:56,2015,2016
2015-16,202325,Wesley Johnson,Wesley,1610612746,LAC,LA Clippers,21500069,2015-11-04T00:00:00,LAC @ GSW,L,10.4,2.0,3.0,0.0,2.0,5.0,2.0,8.0,8.0,0.0,0.0,3.0,0.0,5.0,1,13074,13074,13074,22274,6026,3104,9917,12984,8403,3734,17194,21543,8004,1,17641,18762,22500,1.0,10:24,2015,2016
2015-16,201599,DeAndre Jordan,DeAndre,1610612746,LAC,LA Clippers,21500069,2015-11-04T00:00:00,LAC @ GSW,L,34.3,0.0,0.0,2.0,10.0,12.0,9.0,9.0,24.0,2.0,0.0,3.0,5.0,31.1,1,13074,13074,13074,4121,12059,10158,4675,1840,20178,19144,18829,8723,932,1,17641,1539,5354,1.0,34:16,2015,2016
2015-16,201933,Blake Griffin,Blake,1610612746,LAC,LA Clippers,21500069,2015-11-04T00:00:00,LAC @ GSW,L,37.8,0.0,2.0,2.0,10.0,13.0,9.0,17.0,26.0,1.0,1.0,4.0,4.0,45.0,1,13074,13074,13074,1592,12059,4731,4675,1840,21300,19144,24967,7214,2692,17214,22104,2748,1357,1.0,37:49,2015,2016
2015-16,101108,Chris Paul,Chris,1610612746,LAC,LA Clippers,21500069,2015-11-04T00:00:00,LAC @ GSW,L,30.9,5.0,2.0,5.0,12.0,9.0,9.0,15.0,24.0,0.0,0.0,4.0,6.0,48.1,1,13074,13074,13074,6830,1603,4731,1277,988,15771,19144,24242,8723,8004,1,22104,873,952,1.0,30:53,2015,2016
2015-16,200755,JJ Redick,JJ,1610612746,LAC,LA Clippers,21500069,2015-11-04T00:00:00,LAC @ GSW,L,28.7,0.0,3.0,0.0,2.0,9.0,9.0,9.0,22.0,0.0,0.0,1.0,1.0,17.7,1,13074,13074,13074,8624,12059,3104,9917,12984,15771,19144,18829,10265,8004,1,4972,12373,13380,1.0,28:43,2015,2016
2015-16,2746,Josh Smith,Josh,1610612746,LAC,LA Clippers,21500069,2015-11-04T00:00:00,LAC @ GSW,L,12.9,0.0,0.0,3.0,2.0,6.0,2.0,14.0,10.0,0.0,0.0,2.0,1.0,9.9,1,13074,13074,13074,21038,12059,10158,3302,12984,10028,3734,23710,20209,8004,1,11390,12373,19247,1.0,12:53,2015,2016
2015-16,202362,Lance Stephenson,Lance,1610612746,LAC,LA Clippers,21500069,2015-11-04T00:00:00,LAC @ GSW,L,22.9,0.0,0.0,1.0,0.0,6.0,8.0,4.0,20.0,0.0,1.0,3.0,1.0,16.5,1,13074,13074,13074,13446,12059,10158,9347,18861,10028,17345,8806,11929,8004,17214,17641,12373,14224,1.0,22:56,2015,2016
2015-16,2037,Jamal Crawford,Jamal,1610612746,LAC,LA Clippers,21500069,2015-11-04T00:00:00,LAC @ GSW,L,20.1,4.0,2.0,4.0,4.0,9.0,2.0,18.0,12.0,0.0,2.0,0.0,1.0,18.5,1,13074,13074,13074,15793,2460,4731,1913,8599,15771,3734,25228,18637,8004,23588,1,12373,12794,1.0,20:08,2015,2016
2015-16,203085,Austin Rivers,Austin,1610612746,LAC,LA Clippers,21500069,2015-11-04T00:00:00,LAC @ GSW,L,24.0,2.0,0.0,2.0,6.0,12.0,3.0,13.0,10.0,1.0,1.0,6.0,0.0,11.0,1,13074,13074,13074,12526,6026,10158,4675,5299,20178,7138,23048,20209,2692,17214,25827,18762,18430,1.0,24:02,2015,2016
2015-16,203085,Austin Rivers,Austin,1610612746,LAC,LA Clippers,21500052,2015-11-02T00:00:00,LAC vs. PHX,W,17.7,3.0,0.0,3.0,6.0,1.0,7.0,3.0,12.0,0.0,0.0,0.0,1.0,10.5,1,1,1,1,17790,4307,10158,3302,5299,2356,15642,7328,18637,8004,1,1,12373,18808,1.0,17:39,2015,2016
2015-16,202362,Lance Stephenson,Lance,1610612746,LAC,LA Clippers,21500052,2015-11-02T00:00:00,LAC vs. PHX,W,18.3,0.0,2.0,0.0,4.0,7.0,2.0,4.0,14.0,0.0,0.0,3.0,1.0,14.2,1,1,1,1,17233,12059,4731,9917,8599,12242,3734,8806,17019,8004,1,17641,12373,16003,1.0,18:20,2015,2016
2015-16,201599,DeAndre Jordan,DeAndre,1610612746,LAC,LA Clippers,21500052,2015-11-02T00:00:00,LAC vs. PHX,W,31.9,2.0,0.0,2.0,4.0,9.0,8.0,8.0,32.0,3.0,0.0,3.0,1.0,28.8,1,1,1,1,6007,6026,10158,4675,8599,15771,17345,17194,3535,347,1,17641,12373,6465,1.0,31:53,2015,2016
2015-16,201601,Luc Mbah a Moute,Luc,1610612746,LAC,LA Clippers,21500052,2015-11-02T00:00:00,LAC vs. PHX,W,0.4,0.0,0.0,0.0,0.0,0.0,0.0,0.0,0.0,0.0,0.0,0.0,0.0,0.0,1,1,1,1,25987,12059,10158,9917,18861,1,1,1,25429,8004,1,1,18762,25170,1.0,0:25,2015,2016
2015-16,200755,JJ Redick,JJ,1610612746,LAC,LA Clippers,21500052,2015-11-02T00:00:00,LAC vs. PHX,W,27.8,0.0,0.0,0.0,0.0,9.0,8.0,8.0,30.0,0.0,0.0,1.0,0.0,15.6,1,1,1,1,9364,12059,10158,9917,18861,15771,17345,17194,4541,8004,1,4972,18762,14916,1.0,27:50,2015,2016
2015-16,101108,Chris Paul,Chris,1610612746,LAC,LA Clippers,21500052,2015-11-02T00:00:00,LAC vs. PHX,W,30.8,4.0,2.0,0.0,4.0,9.0,11.0,10.0,34.0,0.0,1.0,3.0,3.0,26.1,1,1,1,1,6906,2460,4731,9917,8599,15771,21814,20169,2701,8004,17214,17641,4736,7836,1.0,30:47,2015,2016
2015-16,201933,Blake Griffin,Blake,1610612746,LAC,LA Clippers,21500052,2015-11-02T00:00:00,LAC vs. PHX,W,34.0,2.0,0.0,2.0,6.0,9.0,11.0,13.0,36.0,1.0,0.0,2.0,5.0,40.0,1,1,1,1,4385,6026,10158,4675,5299,15771,21814,23048,1943,2692,1,11390,1539,2364,1.0,33:57,2015,2016
2015-16,1718,Paul Pierce,Paul,1610612746,LAC,LA Clippers,21500052,2015-11-02T00:00:00,LAC vs. PHX,W,23.2,0.0,0.0,0.0,0.0,3.0,12.0,7.0,24.0,0.0,0.0,1.0,1.0,16.2,1,1,1,1,13228,12059,10158,9917,18861,5109,22832,15538,8723,8004,1,4972,12373,14436,1.0,23:10,2015,2016
2015-16,2037,Jamal Crawford,Jamal,1610612746,LAC,LA Clippers,21500052,2015-11-02T00:00:00,LAC vs. PHX,W,26.3,0.0,0.0,2.0,2.0,1.0,14.0,7.0,24.0,0.0,0.0,2.0,4.0,20.9,1,1,1,1,10621,12059,10158,4675,12984,2356,24300,15538,8723,8004,1,11390,2748,11132,1.0,26:17,2015,2016
2015-16,202325,Wesley Johnson,Wesley,1610612746,LAC,LA Clippers,21500052,2015-11-02T00:00:00,LAC vs. PHX,W,14.1,0.0,0.0,4.0,8.0,1.0,7.0,0.0,10.0,0.0,0.0,1.0,1.0,12.6,1,1,1,1,20379,12059,10158,1913,3109,2356,15642,1,20209,8004,1,4972,12373,17277,1.0,14:03,2015,2016
2015-16,2746,Josh Smith,Josh,1610612746,LAC,LA Clippers,21500052,2015-11-02T00:00:00,LAC vs. PHX,W,15.7,0.0,0.0,0.0,0.0,1.0,10.0,5.0,14.0,1.0,0.0,2.0,3.0,18.3,1,1,1,1,19308,12059,10158,9917,18861,2356,20509,11593,17019,2692,1,11390,4736,12952,1.0,15:39,2015,2016
2015-16,101108,Chris Paul,Chris,1610612746,LAC,LA Clippers,21500038,2015-10-31T00:00:00,LAC vs. SAC,W,38.5,1.0,3.0,3.0,4.0,19.0,16.0,7.0,44.0,0.0,0.0,2.0,8.0,38.7,1,1,1,1,1289,11535,3104,3302,8599,25074,25155,15538,454,8004,1,11390,254,2717,1.0,38:28,2015,2016
2015-16,202362,Lance Stephenson,Lance,1610612746,LAC,LA Clippers,21500038,2015-10-31T00:00:00,LAC vs. SAC,W,24.3,2.0,1.0,0.0,6.0,7.0,11.0,3.0,30.0,0.0,0.0,3.0,1.0,13.4,1,1,1,1,12330,6026,9709,9917,5299,12242,21814,7328,4541,8004,1,17641,12373,16614,1.0,24:17,2015,2016
2015-16,200755,JJ Redick,JJ,1610612746,LAC,LA Clippers,21500038,2015-10-31T00:00:00,LAC vs. SAC,W,32.7,3.0,2.0,0.0,6.0,19.0,14.0,7.0,38.0,1.0,0.0,4.0,2.0,29.0,1,1,1,1,5348,4307,4731,9917,5299,25074,24300,15538,1422,2692,1,22104,7786,6346,1.0,32:41,2015,2016
2015-16,201599,DeAndre Jordan,DeAndre,1610612746,LAC,LA Clippers,21500038,2015-10-31T00:00:00,LAC vs. SAC,W,35.7,3.0,2.0,0.0,10.0,17.0,13.0,7.0,38.0,7.0,0.0,1.0,8.0,61.1,1,1,1,1,2988,4307,4731,9917,1840,24337,23668,15538,1422,8,1,4972,254,179,1.0,35:41,2015,2016
2015-16,201933,Blake Griffin,Blake,1610612746,LAC,LA Clippers,21500038,2015-10-31T00:00:00,LAC vs. SAC,W,36.2,3.0,6.0,5.0,22.0,19.0,16.0,7.0,38.0,0.0,1.0,4.0,10.0,59.8,1,1,1,1,2593,4307,481,1277,25,25074,25155,15538,1422,8004,17214,22104,76,219,1.0,36:14,2015,2016
2015-16,2037,Jamal Crawford,Jamal,1610612746,LAC,LA Clippers,21500038,2015-10-31T00:00:00,LAC vs. SAC,W,23.0,2.0,0.0,0.0,2.0,16.0,7.0,7.0,18.0,0.0,1.0,1.0,3.0,11.2,1,1,1,1,13396,6026,10158,9917,12984,23774,15642,15538,13577,8004,17214,4972,4736,18267,1.0,22:59,2015,2016
2015-16,202325,Wesley Johnson,Wesley,1610612746,LAC,LA Clippers,21500038,2015-10-31T00:00:00,LAC vs. SAC,W,11.4,0.0,0.0,0.0,0.0,7.0,4.0,3.0,8.0,0.0,0.0,3.0,0.0,1.2,1,1,1,1,21875,12059,10158,9917,18861,12242,8458,7328,21543,8004,1,17641,18762,24661,1.0,11:24,2015,2016
2015-16,1718,Paul Pierce,Paul,1610612746,LAC,LA Clippers,21500038,2015-10-31T00:00:00,LAC vs. SAC,W,13.8,0.0,0.0,0.0,0.0,10.0,2.0,3.0,14.0,0.0,0.0,1.0,0.0,3.4,1,1,1,1,20556,12059,10158,9917,18861,17370,3734,7328,17019,8004,1,4972,18762,23417,1.0,13:46,2015,2016
2015-16,203085,Austin Rivers,Austin,1610612746,LAC,LA Clippers,21500038,2015-10-31T00:00:00,LAC vs. SAC,W,12.0,0.0,0.0,0.0,0.0,7.0,2.0,3.0,10.0,0.0,0.0,3.0,0.0,-2.0,1,1,1,1,21604,12059,10158,9917,18861,12242,3734,7328,20209,8004,1,17641,18762,26061,1.0,11:58,2015,2016
2015-16,201601,Luc Mbah a Moute,Luc,1610612746,LAC,LA Clippers,21500038,2015-10-31T00:00:00,LAC vs. SAC,W,0.3,0.0,0.0,0.0,0.0,0.0,0.0,0.0,0.0,0.0,0.0,0.0,0.0,0.0,1,1,1,1,26004,12059,10158,9917,18861,1,1,1,25429,8004,1,1,18762,25170,1.0,0:17,2015,2016
2015-16,2746,Josh Smith,Josh,1610612746,LAC,LA Clippers,21500038,2015-10-31T00:00:00,LAC vs. SAC,W,12.3,2.0,0.0,0.0,2.0,9.0,5.0,3.0,12.0,1.0,0.0,0.0,2.0,6.9,1,1,1,1,21410,6026,10158,9917,12984,15771,11469,7328,18637,2692,1,1,7786,21262,1.0,12:15,2015,2016
2015-16,202332,Cole Aldrich,Cole,1610612746,LAC,LA Clippers,21500020,2015-10-29T00:00:00,LAC vs. DAL,W,6.9,0.0,0.0,0.0,2.0,4.0,0.0,6.0,10.0,0.0,0.0,1.0,0.0,1.0,1,1,1,1,23596,12059,10158,9917,12984,6141,1,13388,20209,8004,1,4972,18762,24960,1.0,6:54,2015,2016
2015-16,201601,Luc Mbah a Moute,Luc,1610612746,LAC,LA Clippers,21500020,2015-10-29T00:00:00,LAC vs. DAL,W,6.9,0.0,0.0,0.0,0.0,4.0,0.0,6.0,10.0,0.0,0.0,0.0,0.0,1.5,1,1,1,1,23596,12059,10158,9917,18861,6141,1,13388,20209,8004,1,1,18762,24473,1.0,6:54,2015,2016
2015-16,203143,Pablo Prigioni,Pablo,1610612746,LAC,LA Clippers,21500020,2015-10-29T00:00:00,LAC vs. DAL,W,7.1,0.0,0.0,0.0,0.0,4.0,0.0,6.0,10.0,0.0,1.0,0.0,0.0,1.7,1,1,1,1,23526,12059,10158,9917,18861,6141,1,13388,20209,8004,17214,1,18762,24436,1.0,7:05,2015,2016
2015-16,201933,Blake Griffin,Blake,1610612746,LAC,LA Clippers,21500020,2015-10-29T00:00:00,LAC vs. DAL,W,26.8,2.0,6.0,9.0,16.0,2.0,10.0,0.0,16.0,1.0,0.0,1.0,4.0,44.0,1,1,1,1,10204,6026,481,184,275,2619,20509,1,15259,2692,1,4972,2748,1559,1.0,26:47,2015,2016
2015-16,202362,Lance Stephenson,Lance,1610612746,LAC,LA Clippers,21500020,2015-10-29T00:00:00,LAC vs. DAL,W,20.9,0.0,0.0,0.0,0.0,2.0,10.0,0.0,10.0,0.0,0.0,3.0,0.0,7.4,1,1,1,1,15169,12059,10158,9917,18861,2619,20509,1,20209,8004,1,17641,18762,20912,1.0,20:53,2015,2016
2015-16,2037,Jamal Crawford,Jamal,1610612746,LAC,LA Clippers,21500020,2015-10-29T00:00:00,LAC vs. DAL,W,17.4,0.0,0.0,0.0,4.0,0.0,2.0,2.0,16.0,0.0,0.0,0.0,2.0,20.4,1,1,1,1,17972,12059,10158,9917,8599,1,3734,4025,15259,8004,1,1,7786,11453,1.0,17:24,2015,2016
2015-16,1718,Paul Pierce,Paul,1610612746,LAC,LA Clippers,21500020,2015-10-29T00:00:00,LAC vs. DAL,W,19.5,2.0,2.0,2.0,2.0,0.0,2.0,2.0,14.0,0.0,0.0,2.0,2.0,19.8,1,1,1,1,16306,6026,4731,4675,12984,1,3734,4025,17019,8004,1,11390,7786,11883,1.0,19:31,2015,2016
2015-16,201599,DeAndre Jordan,DeAndre,1610612746,LAC,LA Clippers,21500020,2015-10-29T00:00:00,LAC vs. DAL,W,25.9,2.0,1.0,0.0,4.0,2.0,12.0,0.0,14.0,4.0,0.0,1.0,6.0,38.0,1,1,1,1,10953,6026,9709,9917,8599,2619,22832,1,17019,132,1,4972,873,2903,1.0,25:53,2015,2016
2015-16,202325,Wesley Johnson,Wesley,1610612746,LAC,LA Clippers,21500020,2015-10-29T00:00:00,LAC vs. DAL,W,21.8,0.0,0.0,2.0,4.0,4.0,0.0,8.0,22.0,1.0,0.0,2.0,0.0,17.4,1,1,1,1,14351,12059,10158,4675,8599,6141,1,17194,10265,2692,1,11390,18762,13595,1.0,21:47,2015,2016
2015-16,203085,Austin Rivers,Austin,1610612746,LAC,LA Clippers,21500020,2015-10-29T00:00:00,LAC vs. DAL,W,24.5,4.0,0.0,3.0,4.0,4.0,2.0,8.0,26.0,0.0,1.0,1.0,3.0,20.9,1,1,1,1,12149,2460,10158,3302,8599,6141,3734,17194,7214,8004,17214,4972,4736,11132,1.0,24:29,2015,2016
2015-16,101108,Chris Paul,Chris,1610612746,LAC,LA Clippers,21500020,2015-10-29T00:00:00,LAC vs. DAL,W,24.4,4.0,0.0,2.0,2.0,2.0,10.0,0.0,12.0,0.0,0.0,1.0,4.0,23.1,1,1,1,1,12235,2460,10158,4675,12984,2619,20509,1,18637,8004,1,4972,2748,9699,1.0,24:23,2015,2016
2015-16,200755,JJ Redick,JJ,1610612746,LAC,LA Clippers,21500020,2015-10-29T00:00:00,LAC vs. DAL,W,23.9,0.0,0.0,0.0,0.0,2.0,10.0,0.0,10.0,0.0,0.0,1.0,1.0,19.2,1,1,1,1,12682,12059,10158,9917,18861,2619,20509,1,20209,8004,1,4972,12373,12284,1.0,23:52,2015,2016
2015-16,2746,Josh Smith,Josh,1610612746,LAC,LA Clippers,21500020,2015-10-29T00:00:00,LAC vs. DAL,W,14.2,0.0,2.0,0.0,2.0,0.0,2.0,2.0,10.0,2.0,0.0,4.0,4.0,18.7,1,1,1,1,20305,12059,4731,9917,12984,1,3734,4025,20209,932,1,22104,2748,12648,1.0,14:11,2015,2016
2015-16,202362,Lance Stephenson,Lance,1610612746,LAC,LA Clippers,21500016,2015-10-28T00:00:00,LAC @ SAC,W,19.1,2.0,0.0,0.0,2.0,8.0,8.0,2.0,20.0,0.0,0.0,0.0,0.0,14.4,1,1,1,1,16592,6026,10158,9917,12984,13914,17345,4025,11929,8004,1,1,18762,15857,1.0,19:08,2015,2016
2015-16,201599,DeAndre Jordan,DeAndre,1610612746,LAC,LA Clippers,21500016,2015-10-28T00:00:00,LAC @ SAC,W,27.1,4.0,2.0,2.0,8.0,4.0,4.0,4.0,24.0,4.0,2.0,5.0,5.0,34.9,1,1,1,1,9923,2460,4731,4675,3109,6141,8458,8806,8723,132,23588,24686,1539,3845,1.0,27:06,2015,2016
2015-16,1718,Paul Pierce,Paul,1610612746,LAC,LA Clippers,21500016,2015-10-28T00:00:00,LAC @ SAC,W,24.0,0.0,2.0,0.0,4.0,7.0,6.0,6.0,26.0,0.0,0.0,0.0,5.0,19.4,1,1,1,1,12579,12059,4731,9917,8599,12242,13237,13388,7214,8004,1,1,1539,12154,1.0,23:60,2015,2016
2015-16,203085,Austin Rivers,Austin,1610612746,LAC,LA Clippers,21500016,2015-10-28T00:00:00,LAC @ SAC,W,16.1,0.0,0.0,0.0,0.0,6.0,4.0,4.0,14.0,1.0,0.0,1.0,3.0,14.9,1,1,1,1,18951,12059,10158,9917,18861,10028,8458,8806,17019,2692,1,4972,4736,15463,1.0,16:07,2015,2016
2015-16,202325,Wesley Johnson,Wesley,1610612746,LAC,LA Clippers,21500016,2015-10-28T00:00:00,LAC @ SAC,W,10.6,0.0,0.0,0.0,0.0,4.0,2.0,4.0,10.0,0.0,0.0,0.0,0.0,6.0,1,1,1,1,22189,12059,10158,9917,18861,6141,3734,8806,20209,8004,1,1,18762,21878,1.0,10:36,2015,2016
2015-16,201933,Blake Griffin,Blake,1610612746,LAC,LA Clippers,21500016,2015-10-28T00:00:00,LAC @ SAC,W,38.2,9.0,4.0,4.0,16.0,13.0,12.0,4.0,38.0,0.0,1.0,3.0,4.0,46.6,1,1,1,1,1403,171,1596,1913,275,21300,22832,8806,1422,8004,17214,17641,2748,1122,1.0,38:15,2015,2016
2015-16,101108,Chris Paul,Chris,1610612746,LAC,LA Clippers,21500016,2015-10-28T00:00:00,LAC @ SAC,W,36.6,0.0,0.0,0.0,0.0,13.0,12.0,4.0,38.0,0.0,0.0,1.0,3.0,44.5,1,1,1,1,2356,12059,10158,9917,18861,21300,22832,8806,1422,8004,1,4972,4736,1459,1.0,36:34,2015,2016
2015-16,202332,Cole Aldrich,Cole,1610612746,LAC,LA Clippers,21500016,2015-10-28T00:00:00,LAC @ SAC,W,0.1,0.0,0.0,0.0,0.0,0.0,0.0,0.0,0.0,0.0,0.0,0.0,0.0,0.0,1,1,1,1,26054,12059,10158,9917,18861,1,1,1,25429,8004,1,1,18762,25170,1.0,0:03,2015,2016
2015-16,2746,Josh Smith,Josh,1610612746,LAC,LA Clippers,21500016,2015-10-28T00:00:00,LAC @ SAC,W,16.3,0.0,0.0,0.0,0.0,13.0,6.0,4.0,16.0,4.0,0.0,4.0,2.0,15.2,1,1,1,1,18820,12059,10158,9917,18861,21300,13237,8806,15259,132,1,22104,7786,15219,1.0,16:18,2015,2016
2015-16,2037,Jamal Crawford,Jamal,1610612746,LAC,LA Clippers,21500016,2015-10-28T00:00:00,LAC @ SAC,W,21.1,2.0,0.0,2.0,4.0,9.0,6.0,4.0,20.0,0.0,0.0,2.0,2.0,15.5,1,1,1,1,14956,6026,10158,4675,8599,15771,13237,8806,11929,8004,1,11390,7786,15004,1.0,21:08,2015,2016
2015-16,200755,JJ Redick,JJ,1610612746,LAC,LA Clippers,21500016,2015-10-28T00:00:00,LAC @ SAC,W,30.8,5.0,2.0,0.0,2.0,8.0,10.0,4.0,34.0,0.0,0.0,3.0,3.0,16.0,1,1,1,1,6924,1603,4731,9917,12984,13914,20509,8806,2701,8004,1,17641,4736,14590,1.0,30:45,2015,2016
