group_set,player_id,player,nickname,team_id,team,age,gp,w,l,w_pct,min,fgm,fga,fg_pct,fg3m,fg3a,fg3_pct,ftm,fta,ft_pct,oreb,dreb,reb,ast,tov,stl,blk,blka,pf,pfd,pts,plus_minus,nba_fantasy_pts,dd2,td3,wnba_fantasy_pts,gp_rank,w_rank,l_rank,w_pct_rank,min_rank,fgm_rank,fga_rank,fg_pct_rank,fg3m_rank,fg3a_rank,fg3_pct_rank,ftm_rank,fta_rank,ft_pct_rank,oreb_rank,dreb_rank,reb_rank,ast_rank,tov_rank,stl_rank,blk_rank,blka_rank,pf_rank,pfd_rank,pts_rank,plus_minus_rank,nba_fantasy_pts_rank,dd2_rank,td3_rank,wnba_fantasy_pts_rank
Players,1628389,Bam Adebayo,Bam,1610612748,MIA,24.0,7,4,3,0.571,18.18166666666667,3,4,0.75,0,0,0.0,0,0,0.0,0,2,2,1,0,1,1,0,1,3,6,9,15.9,4,0,13.0,12,10,99,46,23,18,39,19,42,69,42,42,45,42,38,21,31,24,40,2,5,1,60,13,34,12,23,4,2,30
Players,1629216,Gabe Vincent,Gabe,1610612748,MIA,26.0,4,3,1,0.75,4.62,0,0,0.0,0,0,0.0,0,0,0.0,0,1,1,0,0,0,0,0,1,0,0,3,1.2,0,0,1.0,41,16,21,21,99,75,93,75,42,69,42,42,45,42,38,43,53,55,40,28,28,1,60,57,83,35,95,37,2,95
Players,202710,Jimmy Butler III,Jimmy,1610612748,MIA,32.0,5,2,3,0.4,13.498333333333331,5,11,0.455,2,6,0.333,3,3,1.0,0,1,1,3,0,0,0,0,0,2,15,8,20.7,1,0,21.0,23,40,99,76,38,5,7,45,5,4,27,14,19,1,38,43,53,7,40,28,28,1,1,22,4,15,14,19,2,11
Players,200768,Kyle Lowry,Kyle,1610612748,MIA,36.0,4,3,1,0.75,8.983333333333333,1,2,0.5,1,1,1.0,2,2,1.0,0,2,2,1,1,0,0,0,2,1,5,10,7.9,1,0,9.0,41,16,21,21,68,48,57,29,13,41,1,22,25,1,38,21,31,24,8,28,28,1,99,32,39,10,52,19,2,44
Players,1629622,Max Strus,Max,1610612748,MIA,26.0,6,3,3,0.5,14.086666666666666,3,7,0.429,3,6,0.5,0,0,0.0,0,1,1,1,0,0,0,0,2,0,9,5,11.7,0,0,14.0,21,16,99,51,33,18,21,47,2,4,16,42,45,42,38,43,53,24,40,28,28,1,99,57,22,29,34,37,2,24
Players,200782,P.J. Tucker,P.J.,1610612748,MIA,37.0,4,3,1,0.75,13.681666666666668,1,2,0.5,1,1,1.0,3,4,0.75,1,3,4,1,0,1,0,0,1,4,6,9,15.3,0,0,14.0,41,16,21,21,37,48,57,29,13,41,1,14,11,25,11,11,11,24,40,2,28,1,60,6,34,12,25,37,2,24
Players,1629639,Tyler Herro,Tyler,1610612748,MIA,22.0,4,2,2,0.5,9.241666666666667,0,6,0.0,0,4,0.0,0,0,0.0,0,1,1,0,1,0,1,0,1,0,0,-2,3.2,1,0,3.0,41,40,62,51,67,75,26,75,42,14,42,42,45,42,38,43,53,55,8,28,5,1,60,57,83,78,82,19,2,80
Players,203506,Victor Oladipo,Victor,1610612748,MIA,30.0,5,3,2,0.6,8.615,0,0,0.0,0,0,0.0,0,0,0.0,0,0,0,1,0,0,0,0,1,3,0,3,1.5,0,0,1.0,23,16,62,35,72,75,93,75,42,69,42,42,45,42,38,84,88,24,40,28,28,1,60,13,83,35,94,37,2,95
