group_set,player_id,player_name,nickname,team_id,team_abbreviation,age,gp,w,l,w_pct,min,fgm,fga,fg_pct,fg3m,fg3a,fg3_pct,ftm,fta,ft_pct,oreb,dreb,reb,ast,tov,stl,blk,blka,pf,pfd,pts,plus_minus,nba_fantasy_pts,dd2,td3,wnba_fantasy_pts,gp_rank,w_rank,l_rank,w_pct_rank,min_rank,fgm_rank,fga_rank,fg_pct_rank,fg3m_rank,fg3a_rank,fg3_pct_rank,ftm_rank,fta_rank,ft_pct_rank,oreb_rank,dreb_rank,reb_rank,ast_rank,tov_rank,stl_rank,blk_rank,blka_rank,pf_rank,pfd_rank,pts_rank,plus_minus_rank,nba_fantasy_pts_rank,dd2_rank,td3_rank,wnba_fantasy_pts_rank,team
Players,1630583,Santi Aldama,Santi,1610612763,MEM,22.0,1,0,1,0.0,3.05,0,0,0.0,0,0,0.0,0,0,0.0,0,0,0,1,0,0,0,0,0,0,0,-2,1.5,0,0,1.0,97,92,14,92,109,75,96,75,39,75,39,59,60,59,46,73,83,33,42,39,26,1,1,67,89,72,94,41,5,95,MEM
Players,1628379,Luke Kennard,Luke,1610612763,MEM,27.0,2,0,2,0.0,0.5316666666666666,0,0,0.0,0,0,0.0,0,0,0.0,0,0,0,0,0,0,0,0,0,0,0,0,0.0,0,0,0.0,75,92,56,92,121,75,96,75,39,75,39,59,60,59,46,73,83,54,42,39,26,1,1,67,89,63,108,41,5,108,MEM
Players,1626145,Tyus Jones,Tyus,1610612763,MEM,27.0,1,0,1,0.0,3.05,0,0,0.0,0,0,0.0,0,0,0.0,0,0,0,1,0,0,0,0,1,0,0,-2,1.5,0,0,1.0,97,92,14,92,109,75,96,75,39,75,39,59,60,59,46,73,83,33,42,39,26,1,50,67,89,72,94,41,5,95,MEM
Players,1630214,Xavier Tillman,Xavier,1610612763,MEM,24.0,1,0,1,0.0,9.685,0,0,0.0,0,0,0.0,0,0,0.0,0,2,2,1,0,1,0,0,2,0,0,-10,6.9,0,0,5.0,97,92,14,92,61,75,96,75,39,75,39,59,60,59,46,30,36,33,42,9,26,1,91,67,89,106,62,41,5,73,MEM
Players,1628991,Jaren Jackson Jr.,Jaren,1610612763,MEM,23.0,2,0,2,0.0,12.783333333333331,2,3,0.667,1,1,1.0,0,0,0.0,0,2,2,0,0,0,2,0,1,0,5,-14,13.4,1,0,12.0,75,92,56,92,43,31,52,18,21,49,1,59,60,59,46,30,36,54,42,39,2,1,50,67,46,122,37,22,5,41,MEM
Players,1628415,Dillon Brooks,Dillon,1610612763,MEM,27.0,2,0,2,0.0,12.783333333333331,2,2,1.0,1,1,1.0,0,0,0.0,1,1,2,0,0,0,0,0,2,0,5,-14,7.4,0,0,8.0,75,92,56,92,43,31,63,1,21,49,1,59,60,59,18,45,36,54,42,39,26,1,91,67,46,122,58,41,5,52,MEM
Players,1630217,Desmond Bane,Desmond,1610612763,MEM,25.0,2,0,2,0.0,12.3,2,7,0.286,0,5,0.0,2,2,1.0,0,1,1,1,2,0,0,0,1,1,6,-16,6.7,0,0,8.0,75,92,56,92,52,31,21,61,39,12,39,23,32,1,46,45,56,33,12,39,26,1,50,36,35,127,64,41,5,52,MEM
Players,1629630,Ja Morant,Ja,1610612763,MEM,23.0,1,0,1,0.0,9.733333333333333,1,6,0.167,0,1,0.0,1,2,0.5,0,1,1,1,2,1,0,1,1,1,3,-12,6.7,0,0,7.0,97,92,14,92,59,50,28,72,39,49,39,49,32,50,46,45,56,33,12,9,26,108,50,36,64,117,64,41,5,59,MEM
