group_set,player_id,player,nickname,team_id,team,age,gp,w,l,w_pct,min,fgm,fga,fg_pct,fg3m,fg3a,fg3_pct,ftm,fta,ft_pct,oreb,dreb,reb,ast,tov,stl,blk,blka,pf,pfd,pts,plus_minus,nba_fantasy_pts,dd2,td3,wnba_fantasy_pts,gp_rank,w_rank,l_rank,w_pct_rank,min_rank,fgm_rank,fga_rank,fg_pct_rank,fg3m_rank,fg3a_rank,fg3_pct_rank,ftm_rank,fta_rank,ft_pct_rank,oreb_rank,dreb_rank,reb_rank,ast_rank,tov_rank,stl_rank,blk_rank,blka_rank,pf_rank,pfd_rank,pts_rank,plus_minus_rank,nba_fantasy_pts_rank,dd2_rank,td3_rank,wnba_fantasy_pts_rank
Players,203085,Austin Rivers,Austin,1610612745,HOU,27.0,2,0,2,0.0,1.5583333333333331,0,0,0.0,0,0,0.0,0,0,0.0,0,0,0,0,0,0,0,0,0,0,0,-8,0.0,0,0,0.0,80,95,59,95,106,69,89,69,44,69,44,48,50,48,40,76,82,42,48,36,25,1,1,62,76,92,93,39,6,93
Players,1627863,Danuel House Jr.,Danuel,1610612745,HOU,27.0,3,0,3,0.0,13.861666666666666,1,3,0.333,0,2,0.0,1,2,0.5,1,1,2,0,1,0,0,0,1,1,3,-4,4.4,1,0,5.0,61,95,76,95,45,43,43,48,44,39,44,32,29,38,16,46,38,42,20,36,25,1,38,39,49,74,65,18,6,62
Players,201569,Eric Gordon,Eric,1610612745,HOU,31.0,5,1,4,0.2,21.186666666666667,1,7,0.143,0,5,0.0,0,0,0.0,0,4,4,1,2,2,1,0,2,2,2,-19,15.3,0,0,13.0,28,51,107,89,24,43,27,65,44,14,44,48,50,48,40,16,21,27,10,2,11,1,82,30,61,120,31,39,6,33
Players,201935,James Harden,James,1610612745,HOU,30.0,5,1,4,0.2,21.32,6,11,0.545,2,5,0.4,2,2,1.0,0,4,4,5,3,0,2,1,4,3,16,-10,31.3,2,0,31.0,28,51,107,89,23,10,16,25,5,14,22,25,29,1,40,16,21,5,4,36,3,97,111,17,17,100,14,10,6,14
Players,201145,Jeff Green,Jeff,1610612745,HOU,33.0,3,0,3,0.0,11.37,3,5,0.6,1,3,0.333,0,0,0.0,0,1,1,1,1,0,1,0,0,2,7,-11,11.7,0,0,12.0,61,95,76,95,56,21,34,19,20,26,23,48,50,48,40,46,57,27,20,36,11,1,1,30,31,103,38,39,6,35
Players,200782,P.J. Tucker,P.J.,1610612745,HOU,35.0,4,1,3,0.25,22.095,2,5,0.4,1,4,0.25,0,0,0.0,0,2,2,0,3,1,0,0,5,1,5,-12,7.4,1,0,10.0,41,51,76,79,21,27,34,42,20,20,33,48,50,48,40,31,38,42,4,9,25,1,120,39,37,105,52,18,6,41
Players,203496,Robert Covington,Robert,1610612745,HOU,29.0,3,1,2,0.333,11.116666666666667,0,2,0.0,0,0,0.0,1,2,0.5,1,2,3,0,0,0,1,1,1,1,1,-4,7.6,1,0,6.0,61,51,59,73,57,69,55,69,44,69,44,32,29,38,16,31,28,42,48,36,11,97,38,39,71,74,51,18,6,58
Players,201566,Russell Westbrook,Russell,1610612745,HOU,31.0,3,1,2,0.333,9.925,1,7,0.143,0,0,0.0,0,0,0.0,0,1,1,1,2,0,0,0,1,0,2,-7,2.7,0,0,4.0,61,51,59,73,61,43,27,65,44,69,44,48,50,48,40,46,57,27,10,36,25,1,38,62,61,87,71,39,6,66
