SEASON_YEAR,PLAYER_ID,PLAYER_NAME,NICKNAME,TEAM_ID,TEAM_ABBREVIATION,TEAM_NAME,GAME_ID,GAME_DATE,MATCHUP,WL,MIN,PTS_OFF_TOV,PTS_2ND_CHANCE,PTS_FB,PTS_PAINT,OPP_PTS_OFF_TOV,OPP_PTS_2ND_CHANCE,OPP_PTS_FB,OPP_PTS_PAINT,BLK,BLKA,PF,PFD,NBA_FANTASY_PTS,GP_RANK,W_RANK,L_RANK,W_PCT_RANK,MIN_RANK,PTS_OFF_TOV_RANK,PTS_2ND_CHANCE_RANK,PTS_FB_RANK,PTS_PAINT_RANK,OPP_PTS_OFF_TOV_RANK,OPP_PTS_2ND_CHANCE_RANK,OPP_PTS_FB_RANK,OPP_PTS_PAINT_RANK,BLK_RANK,BLKA_RANK,PF_RANK,PFD_RANK,NBA_FANTASY_PTS_RANK,AVAILABLE_FLAG,MIN_SEC
2024-25,1627783,Pascal Siakam,Pascal,1610612754,IND,Indiana Pacers,0042400404,2025-06-13T00:00:00,IND vs. OKC,L,35.0,5.0,0.0,5.0,8.0,12.0,17.0,6.0,30.0,1.0,0.0,3.0,6.0,54.1,1,871,871,871,373,107,705,74,265,1324,1635,944,431,170,1,1145,92,69,1,35:01
2024-25,1629614,Andrew Nembhard,Andrew,1610612754,IND,Indiana Pacers,0042400404,2025-06-13T00:00:00,IND vs. OKC,L,35.9,0.0,0.0,0.0,2.0,15.0,17.0,4.0,38.0,1.0,1.0,4.0,1.0,20.4,1,871,871,871,335,751,705,625,802,1494,1635,665,202,170,1165,1412,773,747,1,35:52
2024-25,1628983,Shai Gilgeous-Alexander,Shai,1610612760,OKC,Oklahoma City Thunder,0042400404,2025-06-13T00:00:00,OKC @ IND,W,40.1,4.0,4.0,0.0,14.0,18.0,11.0,4.0,30.0,1.0,1.0,4.0,8.0,48.6,1,1,1,1,145,171,147,625,65,1602,1313,665,431,170,1165,1412,26,114,1,40:09
2024-25,1631096,Chet Holmgren,Chet,1610612760,OKC,Oklahoma City Thunder,0042400404,2025-06-13T00:00:00,OKC @ IND,W,37.2,4.0,6.0,2.0,6.0,17.0,7.0,9.0,24.0,1.0,0.0,4.0,3.0,38.5,1,1,1,1,271,171,50,325,404,1575,898,1249,678,170,1,1412,344,269,1,37:11
2024-25,1630198,Isaiah Joe,Isaiah,1610612760,OKC,Oklahoma City Thunder,0042400404,2025-06-13T00:00:00,OKC @ IND,W,4.6,0.0,0.0,0.0,0.0,0.0,3.0,0.0,2.0,0.0,0.0,2.0,0.0,4.2,1,1,1,1,1530,751,705,625,1167,1,473,1,1551,547,1,763,1168,1432,1,4:33
2024-25,1631097,Bennedict Mathurin,Bennedict,1610612754,IND,Indiana Pacers,0042400404,2025-06-13T00:00:00,IND vs. OKC,L,13.9,3.0,0.0,2.0,0.0,5.0,6.0,4.0,12.0,0.0,0.0,2.0,4.0,9.4,1,871,871,871,1208,271,705,325,1167,633,804,665,1167,547,1,763,227,1206,1,13:53
2024-25,1627936,Alex Caruso,Alex,1610612760,OKC,Oklahoma City Thunder,0042400404,2025-06-13T00:00:00,OKC @ IND,W,30.4,7.0,2.0,4.0,10.0,14.0,6.0,7.0,26.0,1.0,0.0,3.0,5.0,39.6,1,1,1,1,586,39,388,124,175,1443,804,1055,586,170,1,1145,143,243,1,30:24
2024-25,1631114,Jalen Williams,Jalen,1610612760,OKC,Oklahoma City Thunder,0042400404,2025-06-13T00:00:00,OKC @ IND,W,35.8,8.0,7.0,2.0,12.0,21.0,8.0,7.0,30.0,0.0,1.0,3.0,7.0,35.9,1,1,1,1,341,29,31,325,109,1680,1028,1055,431,547,1165,1145,53,331,1,35:48
2024-25,1630174,Aaron Nesmith,Aaron,1610612754,IND,Indiana Pacers,0042400404,2025-06-13T00:00:00,IND vs. OKC,L,30.0,5.0,2.0,0.0,0.0,13.0,17.0,6.0,28.0,0.0,1.0,6.0,3.0,23.8,1,871,871,871,602,107,388,625,1167,1382,1635,944,514,547,1165,1711,344,628,1,30:00
2024-25,1630598,Aaron Wiggins,Aaron,1610612760,OKC,Oklahoma City Thunder,0042400404,2025-06-13T00:00:00,OKC @ IND,W,8.2,1.0,0.0,0.0,0.0,5.0,0.0,5.0,4.0,0.0,0.0,0.0,1.0,5.5,1,1,1,1,1404,722,705,625,1167,633,1,808,1472,547,1,1,773,1358,1,8:12
2024-25,1629026,Kenrich Williams,Kenrich,1610612760,OKC,Oklahoma City Thunder,0042400404,2025-06-13T00:00:00,OKC @ IND,W,11.3,0.0,2.0,2.0,4.0,4.0,3.0,2.0,8.0,0.0,0.0,0.0,0.0,8.1,1,1,1,1,1310,751,388,325,582,515,473,358,1322,547,1,1,1168,1255,1,11:17
2024-25,1641767,Ben Sheppard,Ben,1610612754,IND,Indiana Pacers,0042400404,2025-06-13T00:00:00,IND vs. OKC,L,11.6,0.0,3.0,0.0,0.0,16.0,6.0,4.0,16.0,0.0,0.0,3.0,1.0,2.0,1,871,871,871,1304,751,251,625,1167,1539,804,665,991,547,1,1145,773,1525,1,11:35
2024-25,204456,T.J. McConnell,T.J.,1610612754,IND,Indiana Pacers,0042400404,2025-06-13T00:00:00,IND vs. OKC,L,17.9,0.0,0.0,0.0,4.0,8.0,8.0,6.0,18.0,0.0,0.0,0.0,2.0,11.2,1,871,871,871,1056,751,705,625,582,978,1028,944,918,547,1,1,505,1123,1,17:57
2024-25,1630169,Tyrese Haliburton,Tyrese,1610612754,IND,Indiana Pacers,0042400404,2025-06-13T00:00:00,IND vs. OKC,L,36.4,2.0,0.0,0.0,12.0,21.0,17.0,6.0,38.0,0.0,1.0,1.0,3.0,31.9,1,871,871,871,312,423,705,625,109,1680,1635,944,202,547,1165,400,344,421,1,36:27
2024-25,1626167,Myles Turner,Myles,1610612754,IND,Indiana Pacers,0042400404,2025-06-13T00:00:00,IND vs. OKC,L,30.4,2.0,4.0,0.0,2.0,17.0,17.0,6.0,36.0,0.0,0.0,5.0,4.0,16.4,1,871,871,871,585,423,147,625,802,1575,1635,944,246,547,1,1609,227,901,1,30:27
2024-25,1641717,Cason Wallace,Cason,1610612760,OKC,Oklahoma City Thunder,0042400404,2025-06-13T00:00:00,OKC @ IND,W,18.6,0.0,0.0,0.0,0.0,8.0,5.0,2.0,20.0,0.0,0.0,4.0,0.0,6.4,1,1,1,1,1036,751,705,625,1167,978,701,358,832,547,1,1412,1168,1312,1,18:37
2024-25,1629652,Luguentz Dort,Luguentz,1610612760,OKC,Oklahoma City Thunder,0042400404,2025-06-13T00:00:00,OKC @ IND,W,32.6,1.0,0.0,0.0,2.0,17.0,8.0,7.0,20.0,0.0,0.0,4.0,2.0,11.6,1,1,1,1,502,722,705,625,802,1575,1028,1055,832,547,1,1412,505,1097,1,32:35
2024-25,1628392,Isaiah Hartenstein,Isaiah,1610612760,OKC,Oklahoma City Thunder,0042400404,2025-06-13T00:00:00,OKC @ IND,W,21.2,0.0,2.0,0.0,2.0,11.0,4.0,2.0,16.0,0.0,1.0,2.0,1.0,12.7,1,1,1,1,929,751,388,625,802,1253,578,358,991,547,1165,763,773,1057,1,21:14
2024-25,1630167,Obi Toppin,Obi,1610612754,IND,Indiana Pacers,0042400404,2025-06-13T00:00:00,IND vs. OKC,L,28.8,6.0,2.0,2.0,8.0,18.0,10.0,8.0,34.0,1.0,0.0,3.0,2.0,32.9,1,871,871,871,661,67,388,325,265,1602,1221,1162,299,170,1,1145,505,400,1,28:48
2024-25,1629652,Luguentz Dort,Luguentz,1610612760,OKC,Oklahoma City Thunder,0042400403,2025-06-11T00:00:00,OKC @ IND,L,35.8,0.0,0.0,0.0,0.0,17.0,11.0,12.0,30.0,0.0,1.0,3.0,2.0,16.8,1,871,871,871,342,751,705,625,1167,1575,1313,1472,431,547,1165,1145,505,884,1,35:46
2024-25,1626167,Myles Turner,Myles,1610612754,IND,Indiana Pacers,0042400403,2025-06-11T00:00:00,IND vs. OKC,W,29.7,3.0,0.0,0.0,2.0,9.0,4.0,8.0,32.0,5.0,1.0,2.0,2.0,28.9,1,1,1,1,617,271,705,625,802,1085,578,1162,375,3,1165,763,505,491,1,29:44
2024-25,1628983,Shai Gilgeous-Alexander,Shai,1610612760,OKC,Oklahoma City Thunder,0042400403,2025-06-11T00:00:00,OKC @ IND,L,42.0,0.0,4.0,0.0,12.0,19.0,11.0,15.0,38.0,3.0,1.0,2.0,5.0,42.6,1,871,871,871,91,751,147,625,109,1636,1313,1619,202,17,1165,763,143,188,1,42:02
2024-25,1630174,Aaron Nesmith,Aaron,1610612754,IND,Indiana Pacers,0042400403,2025-06-11T00:00:00,IND vs. OKC,W,22.1,2.0,0.0,0.0,2.0,6.0,4.0,8.0,24.0,1.0,1.0,6.0,0.0,15.4,1,1,1,1,898,423,705,625,802,735,578,1162,678,170,1165,1711,1168,946,1,22:06
2024-25,1629614,Andrew Nembhard,Andrew,1610612754,IND,Indiana Pacers,0042400403,2025-06-11T00:00:00,IND vs. OKC,W,33.4,2.0,7.0,0.0,0.0,14.0,7.0,6.0,28.0,0.0,1.0,5.0,3.0,11.3,1,1,1,1,454,423,31,625,1167,1443,898,944,514,547,1165,1609,344,1119,1,33:25
2024-25,1631119,Jaylin Williams,Jaylin,1610612760,OKC,Oklahoma City Thunder,0042400403,2025-06-11T00:00:00,OKC @ IND,L,0.3,0.0,0.0,0.0,0.0,0.0,0.0,0.0,0.0,0.0,0.0,0.0,0.0,0.0,1,871,871,871,1724,751,705,625,1167,1,1,1,1643,547,1,1,1168,1620,1,0:20
2024-25,204456,T.J. McConnell,T.J.,1610612754,IND,Indiana Pacers,0042400403,2025-06-11T00:00:00,IND vs. OKC,W,15.1,4.0,0.0,2.0,6.0,2.0,0.0,4.0,18.0,0.0,0.0,1.0,2.0,31.7,1,1,1,1,1160,171,705,325,404,256,1,665,918,547,1,400,505,425,1,15:06
2024-25,1627783,Pascal Siakam,Pascal,1610612754,IND,Indiana Pacers,0042400403,2025-06-11T00:00:00,IND vs. OKC,W,32.0,0.0,0.0,2.0,14.0,6.0,5.0,8.0,36.0,1.0,0.0,3.0,4.0,43.2,1,1,1,1,528,751,705,325,65,735,701,1162,246,170,1,1145,227,178,1,31:58
2024-25,1628418,Thomas Bryant,Thomas,1610612754,IND,Indiana Pacers,0042400403,2025-06-11T00:00:00,IND vs. OKC,W,3.1,0.0,0.0,0.0,0.0,3.0,2.0,0.0,0.0,0.0,0.0,2.0,1.0,0.0,1,1,1,1,1600,751,705,625,1167,431,308,1,1643,547,1,763,773,1620,1,3:04
2024-25,1629026,Kenrich Williams,Kenrich,1610612760,OKC,Oklahoma City Thunder,0042400403,2025-06-11T00:00:00,OKC @ IND,L,2.1,0.0,0.0,0.0,0.0,0.0,3.0,3.0,2.0,0.0,0.0,0.0,0.0,0.0,1,871,871,871,1649,751,705,625,1167,1,473,556,1551,547,1,1,1168,1620,1,2:04
2024-25,1627936,Alex Caruso,Alex,1610612760,OKC,Oklahoma City Thunder,0042400403,2025-06-11T00:00:00,OKC @ IND,L,32.2,5.0,0.0,2.0,0.0,15.0,8.0,12.0,38.0,0.0,1.0,3.0,1.0,25.0,1,871,871,871,520,107,705,325,1167,1494,1028,1472,202,547,1165,1145,773,594,1,32:14
2024-25,1630169,Tyrese Haliburton,Tyrese,1610612754,IND,Indiana Pacers,0042400403,2025-06-11T00:00:00,IND vs. OKC,W,36.3,4.0,2.0,5.0,6.0,12.0,7.0,6.0,36.0,1.0,0.0,1.0,0.0,54.3,1,1,1,1,317,171,388,74,404,1324,898,944,246,170,1,400,1168,68,1,36:20
2024-25,1630198,Isaiah Joe,Isaiah,1610612760,OKC,Oklahoma City Thunder,0042400403,2025-06-11T00:00:00,OKC @ IND,L,4.2,3.0,0.0,0.0,0.0,2.0,3.0,3.0,4.0,0.0,0.0,2.0,0.0,6.0,1,871,871,871,1545,271,705,625,1167,256,473,556,1472,547,1,763,1168,1337,1,4:13
2024-25,1641717,Cason Wallace,Cason,1610612760,OKC,Oklahoma City Thunder,0042400403,2025-06-11T00:00:00,OKC @ IND,L,24.3,0.0,1.0,2.0,6.0,8.0,4.0,7.0,30.0,1.0,1.0,2.0,1.0,17.3,1,871,871,871,832,751,671,325,404,978,578,1055,431,170,1165,763,773,860,1,24:20
2024-25,1631096,Chet Holmgren,Chet,1610612760,OKC,Oklahoma City Thunder,0042400403,2025-06-11T00:00:00,OKC @ IND,L,34.7,2.0,0.0,6.0,12.0,18.0,13.0,12.0,32.0,0.0,4.0,0.0,7.0,37.0,1,871,871,871,387,423,705,43,109,1602,1459,1472,375,547,1720,1,53,301,1,34:42
2024-25,1628392,Isaiah Hartenstein,Isaiah,1610612760,OKC,Oklahoma City Thunder,0042400403,2025-06-11T00:00:00,OKC @ IND,L,18.2,0.0,0.0,0.0,4.0,5.0,2.0,6.0,22.0,0.0,0.0,2.0,0.0,8.6,1,871,871,871,1045,751,705,625,582,633,308,944,754,547,1,763,1168,1238,1,18:13
2024-25,1630598,Aaron Wiggins,Aaron,1610612760,OKC,Oklahoma City Thunder,0042400403,2025-06-11T00:00:00,OKC @ IND,L,9.7,0.0,0.0,0.0,0.0,3.0,0.0,2.0,12.0,0.0,2.0,3.0,0.0,4.4,1,871,871,871,1361,751,705,625,1167,431,1,358,1167,547,1564,1145,1168,1420,1,9:39
2024-25,1631097,Bennedict Mathurin,Bennedict,1610612754,IND,Indiana Pacers,0042400403,2025-06-11T00:00:00,IND vs. OKC,W,22.4,2.0,2.0,4.0,10.0,8.0,3.0,4.0,20.0,1.0,0.0,0.0,7.0,35.3,1,1,1,1,889,423,388,124,175,978,473,665,832,170,1,1,53,345,1,22:24
2024-25,1630167,Obi Toppin,Obi,1610612754,IND,Indiana Pacers,0042400403,2025-06-11T00:00:00,IND vs. OKC,W,27.8,4.0,2.0,4.0,8.0,10.0,3.0,4.0,22.0,2.0,0.0,3.0,1.0,21.7,1,1,1,1,695,171,388,124,265,1167,473,665,754,59,1,1145,773,702,1,27:48
2024-25,1641767,Ben Sheppard,Ben,1610612754,IND,Indiana Pacers,0042400403,2025-06-11T00:00:00,IND vs. OKC,W,18.1,0.0,0.0,0.0,2.0,0.0,0.0,2.0,24.0,0.0,1.0,1.0,0.0,12.4,1,1,1,1,1049,751,705,625,802,1,1,358,678,547,1165,400,1168,1064,1,18:05
2024-25,1631114,Jalen Williams,Jalen,1610612760,OKC,Oklahoma City Thunder,0042400403,2025-06-11T00:00:00,OKC @ IND,L,36.5,4.0,2.0,0.0,14.0,18.0,10.0,13.0,42.0,0.0,1.0,3.0,8.0,36.7,1,871,871,871,309,171,388,625,65,1602,1221,1521,114,547,1165,1145,26,306,1,36:27
2024-25,1628392,Isaiah Hartenstein,Isaiah,1610612760,OKC,Oklahoma City Thunder,0042400402,2025-06-08T00:00:00,OKC vs. IND,W,22.0,0.0,0.0,0.0,2.0,8.0,5.0,4.0,12.0,0.0,0.0,0.0,1.0,20.6,1,1,1,1,902,751,705,625,802,978,701,665,1167,547,1,1,773,740,1,22:01
2024-25,1630174,Aaron Nesmith,Aaron,1610612754,IND,Indiana Pacers,0042400402,2025-06-08T00:00:00,IND @ OKC,L,25.7,0.0,3.0,3.0,2.0,12.0,4.0,0.0,26.0,0.0,2.0,3.0,1.0,18.8,1,871,871,871,777,751,251,204,802,1324,578,1,586,547,1564,1145,773,811,1,25:41
2024-25,1641717,Cason Wallace,Cason,1610612760,OKC,Oklahoma City Thunder,0042400402,2025-06-08T00:00:00,OKC vs. IND,W,22.7,0.0,0.0,0.0,4.0,7.0,8.0,2.0,10.0,1.0,1.0,3.0,1.0,18.1,1,1,1,1,877,751,705,625,582,860,1028,358,1249,170,1165,1145,773,831,1,22:43
2024-25,1641767,Ben Sheppard,Ben,1610612754,IND,Indiana Pacers,0042400402,2025-06-08T00:00:00,IND @ OKC,L,13.5,3.0,0.0,0.0,0.0,5.0,3.0,0.0,12.0,1.0,0.0,2.0,0.0,9.2,1,871,871,871,1223,271,705,625,1167,633,473,1,1167,170,1,763,1168,1211,1,13:32
2024-25,1628418,Thomas Bryant,Thomas,1610612754,IND,Indiana Pacers,0042400402,2025-06-08T00:00:00,IND @ OKC,L,11.6,0.0,0.0,0.0,0.0,4.0,2.0,0.0,10.0,1.0,0.0,2.0,1.0,5.2,1,871,871,871,1305,751,705,625,1167,515,308,1,1249,170,1,763,773,1371,1,11:34
2024-25,1629026,Kenrich Williams,Kenrich,1610612760,OKC,Oklahoma City Thunder,0042400402,2025-06-08T00:00:00,OKC vs. IND,W,7.6,0.0,0.0,0.0,0.0,2.0,0.0,2.0,4.0,1.0,1.0,0.0,0.0,9.8,1,1,1,1,1425,751,705,625,1167,256,1,358,1472,170,1165,1,1168,1187,1,7:38
2024-25,1629652,Luguentz Dort,Luguentz,1610612760,OKC,Oklahoma City Thunder,0042400402,2025-06-08T00:00:00,OKC vs. IND,W,26.4,0.0,0.0,0.0,0.0,8.0,9.0,7.0,22.0,0.0,0.0,5.0,1.0,9.9,1,1,1,1,742,751,705,625,1167,978,1128,1055,754,547,1,1609,773,1182,1,26:26
2024-25,1631114,Jalen Williams,Jalen,1610612760,OKC,Oklahoma City Thunder,0042400402,2025-06-08T00:00:00,OKC vs. IND,W,33.9,0.0,0.0,2.0,6.0,12.0,10.0,7.0,26.0,0.0,3.0,3.0,7.0,33.5,1,1,1,1,432,751,705,325,404,1324,1221,1055,586,547,1689,1145,53,381,1,33:51
2024-25,1627783,Pascal Siakam,Pascal,1610612754,IND,Indiana Pacers,0042400402,2025-06-08T00:00:00,IND @ OKC,L,29.6,3.0,2.0,0.0,4.0,5.0,7.0,4.0,28.0,2.0,0.0,4.0,5.0,33.4,1,871,871,871,629,271,388,625,582,633,898,665,514,59,1,1412,143,383,1,29:34
2024-25,1629614,Andrew Nembhard,Andrew,1610612754,IND,Indiana Pacers,0042400402,2025-06-08T00:00:00,IND @ OKC,L,32.4,3.0,1.0,2.0,4.0,5.0,7.0,4.0,28.0,0.0,0.0,1.0,4.0,29.8,1,871,871,871,513,271,671,325,582,633,898,665,514,547,1,400,227,462,1,32:23
2024-25,1630169,Tyrese Haliburton,Tyrese,1610612754,IND,Indiana Pacers,0042400402,2025-06-08T00:00:00,IND @ OKC,L,34.3,0.0,0.0,0.0,4.0,12.0,5.0,0.0,28.0,2.0,0.0,1.0,2.0,36.6,1,871,871,871,413,751,705,625,582,1324,701,1,514,59,1,400,505,312,1,34:16
2024-25,1631172,Ousmane Dieng,Ousmane,1610612760,OKC,Oklahoma City Thunder,0042400402,2025-06-08T00:00:00,OKC vs. IND,W,2.0,0.0,0.0,0.0,0.0,3.0,0.0,0.0,4.0,0.0,0.0,0.0,0.0,0.0,1,1,1,1,1658,751,705,625,1167,431,1,1,1472,547,1,1,1168,1620,1,2:00
2024-25,1630598,Aaron Wiggins,Aaron,1610612760,OKC,Oklahoma City Thunder,0042400402,2025-06-08T00:00:00,OKC vs. IND,W,20.5,0.0,3.0,0.0,2.0,10.0,0.0,4.0,14.0,0.0,1.0,1.0,1.0,26.3,1,1,1,1,964,751,251,625,802,1167,1,665,1080,547,1165,400,773,553,1,20:32
2024-25,1641794,Dillon Jones,Dillon,1610612760,OKC,Oklahoma City Thunder,0042400402,2025-06-08T00:00:00,OKC vs. IND,W,2.0,0.0,0.0,0.0,0.0,3.0,0.0,0.0,4.0,0.0,0.0,0.0,0.0,0.0,1,1,1,1,1658,751,705,625,1167,431,1,1,1472,547,1,1,1168,1620,1,2:00
2024-25,1642277,Johnny Furphy,Johnny,1610612754,IND,Indiana Pacers,0042400402,2025-06-08T00:00:00,IND @ OKC,L,4.0,0.0,0.0,0.0,0.0,0.0,0.0,0.0,2.0,0.0,0.0,1.0,0.0,1.2,1,871,871,871,1550,751,705,625,1167,1,1,1,1551,547,1,400,1168,1559,1,4:00
2024-25,1631096,Chet Holmgren,Chet,1610612760,OKC,Oklahoma City Thunder,0042400402,2025-06-08T00:00:00,OKC vs. IND,W,27.7,2.0,4.0,0.0,8.0,6.0,5.0,5.0,18.0,1.0,0.0,2.0,2.0,24.7,1,1,1,1,697,423,147,625,265,735,701,808,918,170,1,763,505,602,1,27:45
2024-25,1628983,Shai Gilgeous-Alexander,Shai,1610612760,OKC,Oklahoma City Thunder,0042400402,2025-06-08T00:00:00,OKC vs. IND,W,36.4,9.0,2.0,0.0,14.0,8.0,10.0,7.0,22.0,1.0,0.0,3.0,8.0,65.0,1,1,1,1,313,18,388,625,65,978,1221,1055,754,170,1,1145,26,15,1,36:25
2024-25,201949,James Johnson,James,1610612754,IND,Indiana Pacers,0042400402,2025-06-08T00:00:00,IND @ OKC,L,2.7,0.0,0.0,0.0,2.0,0.0,0.0,0.0,0.0,0.0,0.0,2.0,0.0,2.0,1,871,871,871,1614,751,705,625,802,1,1,1,1643,547,1,763,1168,1525,1,2:42
2024-25,1630198,Isaiah Joe,Isaiah,1610612760,OKC,Oklahoma City Thunder,0042400402,2025-06-08T00:00:00,OKC vs. IND,W,6.5,0.0,0.0,0.0,2.0,3.0,0.0,0.0,4.0,0.0,0.0,0.0,0.0,2.2,1,1,1,1,1467,751,705,625,802,431,1,1,1472,547,1,1,1168,1518,1,6:27
2024-25,1626167,Myles Turner,Myles,1610612754,IND,Indiana Pacers,0042400402,2025-06-08T00:00:00,IND @ OKC,L,27.3,4.0,2.0,0.0,6.0,5.0,7.0,2.0,26.0,0.0,0.0,2.0,2.0,23.8,1,871,871,871,717,171,388,625,404,633,898,358,586,547,1,763,505,628,1,27:16
2024-25,1631119,Jaylin Williams,Jaylin,1610612760,OKC,Oklahoma City Thunder,0042400402,2025-06-08T00:00:00,OKC vs. IND,W,2.4,0.0,0.0,0.0,0.0,3.0,0.0,0.0,4.0,0.0,0.0,0.0,0.0,3.2,1,1,1,1,1630,751,705,625,1167,431,1,1,1472,547,1,1,1168,1470,1,2:25
2024-25,1627936,Alex Caruso,Alex,1610612760,OKC,Oklahoma City Thunder,0042400402,2025-06-08T00:00:00,OKC vs. IND,W,27.1,3.0,0.0,2.0,4.0,9.0,3.0,7.0,22.0,0.0,0.0,3.0,3.0,23.1,1,1,1,1,720,271,705,325,582,1085,473,1055,754,547,1,1145,344,653,1,27:05
2024-25,204456,T.J. McConnell,T.J.,1610612754,IND,Indiana Pacers,0042400402,2025-06-08T00:00:00,IND @ OKC,L,18.1,0.0,0.0,0.0,6.0,4.0,4.0,4.0,16.0,0.0,0.0,2.0,0.0,29.6,1,871,871,871,1051,751,705,625,404,515,578,665,991,547,1,763,1168,469,1,18:04
2024-25,1642349,Ajay Mitchell,Ajay,1610612760,OKC,Oklahoma City Thunder,0042400402,2025-06-08T00:00:00,OKC vs. IND,W,2.7,0.0,0.0,0.0,0.0,3.0,0.0,0.0,4.0,0.0,0.0,0.0,1.0,4.7,1,1,1,1,1614,751,705,625,1167,431,1,1,1472,547,1,1,773,1399,1,2:42
2024-25,1631097,Bennedict Mathurin,Bennedict,1610612754,IND,Indiana Pacers,0042400402,2025-06-08T00:00:00,IND @ OKC,L,21.9,4.0,2.0,4.0,6.0,9.0,4.0,4.0,20.0,0.0,0.0,4.0,3.0,15.9,1,871,871,871,906,171,388,124,404,1085,578,665,832,547,1,1412,344,921,1,21:54
2024-25,1630167,Obi Toppin,Obi,1610612754,IND,Indiana Pacers,0042400402,2025-06-08T00:00:00,IND @ OKC,L,19.1,0.0,0.0,0.0,0.0,9.0,2.0,2.0,14.0,0.0,2.0,1.0,2.0,14.0,1,871,871,871,1017,751,705,625,1167,1085,308,358,1080,547,1564,400,505,1012,1,19:04
2024-25,1631097,Bennedict Mathurin,Bennedict,1610612754,IND,Indiana Pacers,0042400401,2025-06-05T00:00:00,IND @ OKC,W,15.9,0.0,0.0,0.0,2.0,4.0,7.0,6.0,20.0,1.0,1.0,2.0,2.0,13.6,1,1,1,1,1129,751,705,625,802,515,898,944,832,170,1165,763,505,1029,1,15:53
2024-25,1629652,Luguentz Dort,Luguentz,1610612760,OKC,Oklahoma City Thunder,0042400401,2025-06-05T00:00:00,OKC vs. IND,L,36.3,3.0,0.0,0.0,0.0,2.0,12.0,10.0,26.0,2.0,0.0,3.0,3.0,39.3,1,871,871,871,316,271,705,625,1167,256,1393,1324,586,59,1,1145,344,251,1,36:21
2024-25,1630598,Aaron Wiggins,Aaron,1610612760,OKC,Oklahoma City Thunder,0042400401,2025-06-05T00:00:00,OKC vs. IND,L,9.4,0.0,0.0,0.0,2.0,2.0,0.0,0.0,8.0,0.0,0.0,0.0,1.0,4.0,1,871,871,871,1372,751,705,625,802,256,1,1,1322,547,1,1,773,1449,1,9:25
2024-25,1630167,Obi Toppin,Obi,1610612754,IND,Indiana Pacers,0042400401,2025-06-05T00:00:00,IND @ OKC,W,25.3,0.0,0.0,0.0,2.0,7.0,4.0,2.0,22.0,0.0,0.0,2.0,0.0,23.0,1,1,1,1,799,751,705,625,802,860,578,358,754,547,1,763,1168,657,1,25:18
2024-25,1627936,Alex Caruso,Alex,1610612760,OKC,Oklahoma City Thunder,0042400401,2025-06-05T00:00:00,OKC vs. IND,L,28.5,0.0,2.0,0.0,4.0,2.0,3.0,5.0,18.0,2.0,0.0,5.0,3.0,35.2,1,871,871,871,675,751,388,625,582,256,473,808,918,59,1,1609,344,346,1,28:28
2024-25,1642349,Ajay Mitchell,Ajay,1610612760,OKC,Oklahoma City Thunder,0042400401,2025-06-05T00:00:00,OKC vs. IND,L,4.2,0.0,0.0,0.0,0.0,0.0,2.0,0.0,0.0,0.0,1.0,0.0,0.0,3.6,1,871,871,871,1546,751,705,625,1167,1,308,1,1643,547,1165,1,1168,1461,1,4:10
2024-25,1628392,Isaiah Hartenstein,Isaiah,1610612760,OKC,Oklahoma City Thunder,0042400401,2025-06-05T00:00:00,OKC vs. IND,L,17.0,0.0,4.0,2.0,6.0,2.0,0.0,3.0,12.0,0.0,0.0,2.0,3.0,22.8,1,871,871,871,1095,751,147,325,404,256,1,556,1167,547,1,763,344,670,1,17:01
2024-25,1630169,Tyrese Haliburton,Tyrese,1610612754,IND,Indiana Pacers,0042400401,2025-06-05T00:00:00,IND @ OKC,W,38.9,0.0,0.0,5.0,4.0,7.0,6.0,7.0,32.0,1.0,0.0,2.0,0.0,35.0,1,1,1,1,207,751,705,74,582,860,804,1055,375,170,1,763,1168,349,1,38:55
2024-25,1628983,Shai Gilgeous-Alexander,Shai,1610612760,OKC,Oklahoma City Thunder,0042400401,2025-06-05T00:00:00,OKC vs. IND,L,39.6,2.0,2.0,2.0,14.0,4.0,10.0,10.0,30.0,0.0,2.0,2.0,8.0,55.5,1,871,871,871,180,423,388,325,65,515,1221,1324,431,547,1564,763,26,59,1,39:34
2024-25,1630174,Aaron Nesmith,Aaron,1610612754,IND,Indiana Pacers,0042400401,2025-06-05T00:00:00,IND @ OKC,W,31.2,0.0,0.0,0.0,0.0,5.0,2.0,5.0,22.0,1.0,3.0,2.0,2.0,23.9,1,1,1,1,558,751,705,625,1167,633,308,808,754,170,1689,763,505,623,1,31:10
2024-25,1627783,Pascal Siakam,Pascal,1610612754,IND,Indiana Pacers,0042400401,2025-06-05T00:00:00,IND @ OKC,W,35.0,2.0,7.0,2.0,12.0,9.0,7.0,11.0,34.0,1.0,1.0,1.0,6.0,37.5,1,1,1,1,374,423,31,325,109,1085,898,1399,299,170,1165,400,92,291,1,34:59
2024-25,1630198,Isaiah Joe,Isaiah,1610612760,OKC,Oklahoma City Thunder,0042400401,2025-06-05T00:00:00,OKC vs. IND,L,11.1,2.0,3.0,0.0,0.0,2.0,0.0,3.0,8.0,0.0,0.0,0.0,1.0,5.0,1,871,871,871,1319,423,251,625,1167,256,1,556,1322,547,1,1,773,1384,1,11:08
2024-25,1628418,Thomas Bryant,Thomas,1610612754,IND,Indiana Pacers,0042400401,2025-06-05T00:00:00,IND @ OKC,W,8.1,0.0,0.0,0.0,2.0,2.0,7.0,4.0,14.0,0.0,0.0,3.0,1.0,5.0,1,1,1,1,1405,751,705,625,802,256,898,665,1080,547,1,1145,773,1384,1,8:07
2024-25,1626167,Myles Turner,Myles,1610612754,IND,Indiana Pacers,0042400401,2025-06-05T00:00:00,IND @ OKC,W,27.6,0.0,5.0,0.0,2.0,4.0,4.0,5.0,22.0,3.0,0.0,3.0,4.0,28.8,1,1,1,1,704,751,90,625,802,515,578,808,754,17,1,1145,227,495,1,27:37
2024-25,1629614,Andrew Nembhard,Andrew,1610612754,IND,Indiana Pacers,0042400401,2025-06-05T00:00:00,IND @ OKC,W,32.4,0.0,0.0,3.0,4.0,5.0,6.0,5.0,30.0,0.0,0.0,3.0,4.0,25.8,1,1,1,1,512,751,705,204,582,633,804,808,431,547,1,1145,227,569,1,32:24
2024-25,204456,T.J. McConnell,T.J.,1610612754,IND,Indiana Pacers,0042400401,2025-06-05T00:00:00,IND @ OKC,W,16.5,2.0,0.0,0.0,6.0,6.0,7.0,6.0,20.0,0.0,1.0,1.0,0.0,16.2,1,1,1,1,1106,423,705,625,404,735,898,944,832,547,1165,400,1168,913,1,16:33
2024-25,1629026,Kenrich Williams,Kenrich,1610612760,OKC,Oklahoma City Thunder,0042400401,2025-06-05T00:00:00,OKC vs. IND,L,0.7,0.0,0.0,0.0,0.0,0.0,0.0,0.0,0.0,0.0,0.0,0.0,0.0,0.0,1,871,871,871,1717,751,705,625,1167,1,1,1,1643,547,1,1,1168,1620,1,0:39
2024-25,1631096,Chet Holmgren,Chet,1610612760,OKC,Oklahoma City Thunder,0042400401,2025-06-05T00:00:00,OKC vs. IND,L,23.5,2.0,0.0,2.0,4.0,2.0,9.0,7.0,18.0,1.0,3.0,1.0,1.0,15.2,1,871,871,871,854,423,705,325,582,256,1128,1055,918,170,1689,400,773,955,1,23:32
2024-25,1641717,Cason Wallace,Cason,1610612760,OKC,Oklahoma City Thunder,0042400401,2025-06-05T00:00:00,OKC vs. IND,L,33.3,0.0,0.0,0.0,6.0,2.0,12.0,5.0,24.0,1.0,0.0,2.0,0.0,15.9,1,871,871,871,462,751,705,625,404,256,1393,808,678,170,1,763,1168,921,1,33:16
2024-25,1641767,Ben Sheppard,Ben,1610612754,IND,Indiana Pacers,0042400401,2025-06-05T00:00:00,IND @ OKC,W,9.1,0.0,0.0,0.0,0.0,6.0,5.0,4.0,14.0,0.0,0.0,3.0,0.0,5.4,1,1,1,1,1378,751,705,625,1167,735,701,665,1080,547,1,1145,1168,1360,1,9:05
2024-25,1631114,Jalen Williams,Jalen,1610612760,OKC,Oklahoma City Thunder,0042400401,2025-06-05T00:00:00,OKC vs. IND,L,36.5,2.0,0.0,5.0,10.0,2.0,12.0,7.0,26.0,0.0,1.0,4.0,2.0,33.8,1,871,871,871,310,423,705,74,175,256,1393,1055,586,547,1165,1412,505,375,1,36:27
2024-25,1629614,Andrew Nembhard,Andrew,1610612754,IND,Indiana Pacers,0042400306,2025-05-31T00:00:00,IND vs. NYK,W,37.4,7.0,3.0,3.0,4.0,6.0,15.0,4.0,40.0,1.0,0.0,2.0,2.0,49.6,1,1,1,1,260,39,251,204,582,735,1571,665,162,170,1,763,505,102,1,37:27
2024-25,1628384,OG Anunoby,OG,1610612752,NYK,New York Knicks,0042400306,2025-05-31T00:00:00,NYK @ IND,L,37.0,4.0,4.0,6.0,12.0,29.0,10.0,21.0,44.0,2.0,4.0,1.0,2.0,45.5,1,871,871,871,282,171,147,43,109,1730,1221,1707,78,59,1720,400,505,151,1,37:00
2024-25,1628418,Thomas Bryant,Thomas,1610612754,IND,Indiana Pacers,0042400306,2025-05-31T00:00:00,IND vs. NYK,W,13.0,3.0,0.0,2.0,0.0,7.0,1.0,4.0,12.0,1.0,0.0,1.0,1.0,17.6,1,1,1,1,1248,271,705,325,1167,860,285,665,1167,170,1,400,773,847,1,13:02
2024-25,1628404,Josh Hart,Josh,1610612752,NYK,New York Knicks,0042400306,2025-05-31T00:00:00,NYK @ IND,L,21.9,0.0,0.0,2.0,2.0,13.0,7.0,4.0,20.0,0.0,1.0,3.0,2.0,20.7,1,871,871,871,904,751,705,325,802,1382,898,665,832,547,1165,1145,505,738,1,21:56
2024-25,1629011,Mitchell Robinson,Mitchell,1610612752,NYK,New York Knicks,0042400306,2025-05-31T00:00:00,NYK @ IND,L,29.6,4.0,2.0,0.0,8.0,24.0,10.0,21.0,32.0,2.0,0.0,1.0,2.0,28.8,1,871,871,871,624,171,388,625,265,1713,1221,1707,375,59,1,400,505,495,1,29:37
2024-25,1628969,Mikal Bridges,Mikal,1610612752,NYK,New York Knicks,0042400306,2025-05-31T00:00:00,NYK @ IND,L,32.5,2.0,0.0,2.0,8.0,26.0,10.0,21.0,42.0,2.0,0.0,4.0,1.0,26.2,1,871,871,871,508,423,705,325,265,1724,1221,1707,114,59,1,1412,773,557,1,32:27
2024-25,1630174,Aaron Nesmith,Aaron,1610612754,IND,Indiana Pacers,0042400306,2025-05-31T00:00:00,IND vs. NYK,W,19.6,2.0,0.0,5.0,4.0,4.0,3.0,2.0,16.0,0.0,2.0,5.0,0.0,15.1,1,1,1,1,991,423,705,74,582,515,473,358,991,547,1564,1609,1168,957,1,19:34
2024-25,1629013,Landry Shamet,Landry,1610612752,NYK,New York Knicks,0042400306,2025-05-31T00:00:00,NYK @ IND,L,15.9,3.0,0.0,0.0,0.0,5.0,2.0,2.0,10.0,0.0,1.0,2.0,1.0,15.0,1,871,871,871,1128,271,705,625,1167,633,308,358,1249,547,1165,763,773,963,1,15:56
2024-25,201949,James Johnson,James,1610612754,IND,Indiana Pacers,0042400306,2025-05-31T00:00:00,IND vs. NYK,W,0.8,0.0,0.0,0.0,0.0,3.0,0.0,0.0,0.0,0.0,0.0,0.0,0.0,0.0,1,1,1,1,1709,751,705,625,1167,431,1,1,1643,547,1,1,1168,1620,1,0:47
2024-25,1642277,Johnny Furphy,Johnny,1610612754,IND,Indiana Pacers,0042400306,2025-05-31T00:00:00,IND vs. NYK,W,0.8,0.0,0.0,0.0,0.0,3.0,0.0,0.0,0.0,0.0,0.0,0.0,0.0,0.0,1,1,1,1,1709,751,705,625,1167,431,1,1,1643,547,1,1,1168,1620,1,0:47
2024-25,1630574,Ariel Hukporti,Ariel,1610612752,NYK,New York Knicks,0042400306,2025-05-31T00:00:00,NYK @ IND,L,1.9,0.0,0.0,0.0,0.0,0.0,0.0,0.0,0.0,0.0,0.0,0.0,1.0,0.0,1,871,871,871,1674,751,705,625,1167,1,1,1,1643,547,1,1,773,1620,1,1:52
2024-25,1630173,Precious Achiuwa,Precious,1610612752,NYK,New York Knicks,0042400306,2025-05-31T00:00:00,NYK @ IND,L,1.9,0.0,0.0,0.0,0.0,0.0,0.0,0.0,0.0,0.0,0.0,0.0,0.0,0.0,1,871,871,871,1674,751,705,625,1167,1,1,1,1643,547,1,1,1168,1620,1,1:52
2024-25,1642359,Pacôme Dadiet,Pacôme,1610612752,NYK,New York Knicks,0042400306,2025-05-31T00:00:00,NYK @ IND,L,1.9,0.0,0.0,0.0,0.0,0.0,0.0,0.0,0.0,0.0,0.0,0.0,0.0,0.0,1,871,871,871,1674,751,705,625,1167,1,1,1,1643,547,1,1,1168,1620,1,1:52
2024-25,1626153,Delon Wright,Delon,1610612752,NYK,New York Knicks,0042400306,2025-05-31T00:00:00,NYK @ IND,L,11.7,0.0,0.0,0.0,0.0,6.0,2.0,4.0,6.0,0.0,0.0,0.0,1.0,3.2,1,871,871,871,1301,751,705,625,1167,735,308,665,1404,547,1,1,773,1470,1,11:44
2024-25,1641716,Jarace Walker,Jarace,1610612754,IND,Indiana Pacers,0042400306,2025-05-31T00:00:00,IND vs. NYK,W,7.1,2.0,0.0,2.0,2.0,2.0,2.0,2.0,10.0,0.0,0.0,0.0,0.0,3.2,1,1,1,1,1442,423,705,325,802,256,308,358,1249,547,1,1,1168,1470,1,7:04
2024-25,1631097,Bennedict Mathurin,Bennedict,1610612754,IND,Indiana Pacers,0042400306,2025-05-31T00:00:00,IND vs. NYK,W,8.6,0.0,2.0,0.0,2.0,7.0,4.0,4.0,14.0,0.0,1.0,2.0,1.0,4.2,1,1,1,1,1391,751,388,625,802,860,578,665,1080,547,1165,763,773,1432,1,8:34
2024-25,1642278,Tyler Kolek,Tyler,1610612752,NYK,New York Knicks,0042400306,2025-05-31T00:00:00,NYK @ IND,L,1.9,0.0,0.0,0.0,0.0,0.0,0.0,0.0,0.0,0.0,0.0,0.0,0.0,4.5,1,871,871,871,1674,751,705,625,1167,1,1,1,1643,547,1,1,1168,1413,1,1:52
2024-25,1628973,Jalen Brunson,Jalen,1610612752,NYK,New York Knicks,0042400306,2025-05-31T00:00:00,NYK @ IND,L,34.4,0.0,0.0,0.0,8.0,28.0,10.0,21.0,44.0,0.0,1.0,1.0,5.0,26.9,1,871,871,871,404,751,705,625,265,1727,1221,1707,78,547,1165,400,143,544,1,34:24
2024-25,1641767,Ben Sheppard,Ben,1610612754,IND,Indiana Pacers,0042400306,2025-05-31T00:00:00,IND vs. NYK,W,20.3,0.0,0.0,0.0,0.0,4.0,6.0,8.0,26.0,0.0,0.0,2.0,1.0,6.9,1,1,1,1,969,751,705,625,1167,515,804,1162,586,547,1,763,773,1293,1,20:18
2024-25,1630169,Tyrese Haliburton,Tyrese,1610612754,IND,Indiana Pacers,0042400306,2025-05-31T00:00:00,IND vs. NYK,W,36.5,5.0,2.0,4.0,12.0,6.0,15.0,2.0,40.0,1.0,1.0,2.0,2.0,55.7,1,1,1,1,306,107,388,124,109,735,1571,358,162,170,1165,763,505,57,1,36:31
2024-25,204456,T.J. McConnell,T.J.,1610612754,IND,Indiana Pacers,0042400306,2025-05-31T00:00:00,IND vs. NYK,W,13.8,3.0,0.0,0.0,0.0,7.0,0.0,8.0,16.0,0.0,0.0,1.0,0.0,8.8,1,1,1,1,1216,271,705,625,1167,860,1,1162,991,547,1,400,1168,1226,1,13:46
2024-25,1630540,Miles McBride,Miles,1610612752,NYK,New York Knicks,0042400306,2025-05-31T00:00:00,NYK @ IND,L,11.2,0.0,0.0,0.0,0.0,8.0,2.0,6.0,8.0,0.0,0.0,0.0,1.0,9.1,1,871,871,871,1314,751,705,625,1167,978,308,944,1322,547,1,1,773,1218,1,11:13
2024-25,1626157,Karl-Anthony Towns,Karl-Anthony,1610612752,NYK,New York Knicks,0042400306,2025-05-31T00:00:00,NYK @ IND,L,38.2,0.0,9.0,0.0,16.0,31.0,7.0,25.0,44.0,0.0,2.0,4.0,7.0,42.8,1,871,871,871,228,751,9,625,34,1731,898,1729,78,547,1564,1412,53,186,1,38:15
2024-25,1627783,Pascal Siakam,Pascal,1610612754,IND,Indiana Pacers,0042400306,2025-05-31T00:00:00,IND vs. NYK,W,36.1,5.0,5.0,5.0,12.0,6.0,8.0,8.0,36.0,3.0,2.0,1.0,7.0,51.5,1,1,1,1,324,107,90,74,109,735,1028,1162,246,17,1564,400,53,89,1,36:08
2024-25,1626167,Myles Turner,Myles,1610612754,IND,Indiana Pacers,0042400306,2025-05-31T00:00:00,IND vs. NYK,W,21.1,2.0,0.0,0.0,4.0,2.0,10.0,0.0,24.0,0.0,0.0,5.0,1.0,12.4,1,1,1,1,938,423,705,625,582,256,1221,1,678,547,1,1609,773,1064,1,21:03
2024-25,1630167,Obi Toppin,Obi,1610612754,IND,Indiana Pacers,0042400306,2025-05-31T00:00:00,IND vs. NYK,W,25.0,5.0,0.0,4.0,10.0,8.0,11.0,8.0,36.0,3.0,0.0,2.0,1.0,33.2,1,1,1,1,807,107,705,124,175,978,1313,1162,246,17,1,763,773,390,1,25:00
2024-25,1630167,Obi Toppin,Obi,1610612754,IND,Indiana Pacers,0042400305,2025-05-29T00:00:00,IND @ NYK,L,17.7,2.0,2.0,0.0,8.0,4.0,7.0,12.0,28.0,0.0,0.0,2.0,2.0,14.8,1,871,871,871,1073,423,388,625,265,515,898,1472,514,547,1,763,505,975,1,17:39
2024-25,1626167,Myles Turner,Myles,1610612754,IND,Indiana Pacers,0042400305,2025-05-29T00:00:00,IND @ NYK,L,24.2,2.0,0.0,0.0,2.0,8.0,9.0,3.0,28.0,3.0,0.0,3.0,1.0,15.4,1,871,871,871,840,423,705,625,802,978,1128,556,514,17,1,1145,773,946,1,24:11
2024-25,1630169,Tyrese Haliburton,Tyrese,1610612754,IND,Indiana Pacers,0042400305,2025-05-29T00:00:00,IND @ NYK,L,31.6,4.0,0.0,2.0,4.0,14.0,11.0,9.0,44.0,1.0,1.0,1.0,2.0,28.4,1,871,871,871,544,171,705,325,582,1443,1313,1249,78,170,1165,400,505,509,1,31:35
2024-25,1628969,Mikal Bridges,Mikal,1610612752,NYK,New York Knicks,0042400305,2025-05-29T00:00:00,NYK vs. IND,W,33.8,2.0,0.0,0.0,10.0,14.0,5.0,14.0,20.0,0.0,1.0,1.0,0.0,25.1,1,1,1,1,436,423,705,625,175,1443,701,1578,832,547,1165,400,1168,588,1,33:46
2024-25,1629614,Andrew Nembhard,Andrew,1610612754,IND,Indiana Pacers,0042400305,2025-05-29T00:00:00,IND @ NYK,L,27.2,0.0,0.0,0.0,4.0,13.0,11.0,6.0,40.0,0.0,0.0,4.0,1.0,15.9,1,871,871,871,718,751,705,625,582,1382,1313,944,162,547,1,1412,773,921,1,27:13
2024-25,1626157,Karl-Anthony Towns,Karl-Anthony,1610612752,NYK,New York Knicks,0042400305,2025-05-29T00:00:00,NYK vs. IND,W,35.8,2.0,2.0,0.0,18.0,18.0,2.0,11.0,24.0,0.0,2.0,5.0,5.0,43.1,1,1,1,1,343,423,388,625,20,1602,308,1399,678,547,1564,1609,143,180,1,35:46
2024-25,1628418,Thomas Bryant,Thomas,1610612754,IND,Indiana Pacers,0042400305,2025-05-29T00:00:00,IND @ NYK,L,5.0,0.0,0.0,0.0,0.0,3.0,0.0,3.0,8.0,0.0,1.0,0.0,1.0,1.2,1,871,871,871,1514,751,705,625,1167,431,1,556,1322,547,1165,1,773,1559,1,4:57
2024-25,1642277,Johnny Furphy,Johnny,1610612754,IND,Indiana Pacers,0042400305,2025-05-29T00:00:00,IND @ NYK,L,1.5,0.0,0.0,0.0,0.0,1.0,0.0,1.0,2.0,0.0,0.0,0.0,0.0,1.2,1,871,871,871,1687,751,705,625,1167,214,1,324,1551,547,1,1,1168,1559,1,1:28
2024-25,1630574,Ariel Hukporti,Ariel,1610612752,NYK,New York Knicks,0042400305,2025-05-29T00:00:00,NYK vs. IND,W,0.7,0.0,0.0,0.0,2.0,0.0,0.0,0.0,2.0,0.0,0.0,0.0,0.0,2.0,1,1,1,1,1715,751,705,625,802,1,1,1,1551,547,1,1,1168,1525,1,0:40
2024-25,1628384,OG Anunoby,OG,1610612752,NYK,New York Knicks,0042400305,2025-05-29T00:00:00,NYK vs. IND,W,33.9,2.0,4.0,2.0,4.0,18.0,0.0,13.0,20.0,0.0,3.0,2.0,2.0,23.8,1,1,1,1,431,423,147,325,582,1602,1,1521,832,547,1689,763,505,628,1,33:53
2024-25,1641767,Ben Sheppard,Ben,1610612754,IND,Indiana Pacers,0042400305,2025-05-29T00:00:00,IND @ NYK,L,21.9,3.0,0.0,0.0,0.0,3.0,2.0,13.0,26.0,0.0,0.0,2.0,1.0,12.1,1,871,871,871,905,271,705,625,1167,431,308,1521,586,547,1,763,773,1075,1,21:54
2024-25,1628404,Josh Hart,Josh,1610612752,NYK,New York Knicks,0042400305,2025-05-29T00:00:00,NYK vs. IND,W,34.1,3.0,0.0,4.0,8.0,15.0,7.0,14.0,26.0,0.0,0.0,3.0,5.0,33.0,1,1,1,1,416,271,705,124,265,1494,898,1578,586,547,1,1145,143,396,1,34:07
2024-25,1627783,Pascal Siakam,Pascal,1610612754,IND,Indiana Pacers,0042400305,2025-05-29T00:00:00,IND @ NYK,L,34.4,0.0,0.0,5.0,8.0,12.0,8.0,11.0,38.0,0.0,0.0,2.0,5.0,36.7,1,871,871,871,406,751,705,74,265,1324,1028,1399,202,547,1,763,143,306,1,34:23
2024-25,1628396,Tony Bradley,Tony,1610612754,IND,Indiana Pacers,0042400305,2025-05-29T00:00:00,IND @ NYK,L,5.4,2.0,0.0,0.0,0.0,0.0,0.0,0.0,2.0,0.0,0.0,0.0,1.0,4.4,1,871,871,871,1497,423,705,625,1167,1,1,1,1551,547,1,1,773,1420,1,5:22
2024-25,1641716,Jarace Walker,Jarace,1610612754,IND,Indiana Pacers,0042400305,2025-05-29T00:00:00,IND @ NYK,L,13.2,0.0,0.0,0.0,0.0,3.0,2.0,1.0,16.0,1.0,0.0,2.0,0.0,11.2,1,871,871,871,1244,751,705,625,1167,431,308,324,991,170,1,763,1168,1123,1,13:10
2024-25,1629011,Mitchell Robinson,Mitchell,1610612752,NYK,New York Knicks,0042400305,2025-05-29T00:00:00,NYK vs. IND,W,19.9,2.0,2.0,0.0,6.0,7.0,2.0,6.0,12.0,2.0,0.0,3.0,2.0,21.2,1,1,1,1,977,423,388,625,404,860,308,944,1167,59,1,1145,505,723,1,19:51
2024-25,1628973,Jalen Brunson,Jalen,1610612752,NYK,New York Knicks,0042400305,2025-05-29T00:00:00,NYK vs. IND,W,33.7,4.0,2.0,7.0,10.0,16.0,2.0,13.0,20.0,1.0,0.0,2.0,6.0,45.5,1,1,1,1,439,171,388,33,175,1539,308,1521,832,170,1,763,92,151,1,33:41
2024-25,1630173,Precious Achiuwa,Precious,1610612752,NYK,New York Knicks,0042400305,2025-05-29T00:00:00,NYK vs. IND,W,5.6,0.0,0.0,2.0,2.0,0.0,3.0,1.0,4.0,0.0,0.0,1.0,1.0,6.2,1,1,1,1,1490,751,705,325,802,1,473,324,1472,547,1,400,773,1325,1,5:36
2024-25,204456,T.J. McConnell,T.J.,1610612754,IND,Indiana Pacers,0042400305,2025-05-29T00:00:00,IND @ NYK,L,17.6,0.0,2.0,0.0,2.0,0.0,2.0,5.0,16.0,1.0,0.0,1.0,0.0,20.5,1,871,871,871,1075,751,388,625,802,1,308,808,991,170,1,400,1168,745,1,17:34
2024-25,1630174,Aaron Nesmith,Aaron,1610612754,IND,Indiana Pacers,0042400305,2025-05-29T00:00:00,IND @ NYK,L,15.9,0.0,0.0,0.0,0.0,8.0,9.0,0.0,24.0,1.0,1.0,2.0,2.0,10.4,1,871,871,871,1130,751,705,625,1167,978,1128,1,678,170,1165,763,505,1156,1,15:52
2024-25,1629013,Landry Shamet,Landry,1610612752,NYK,New York Knicks,0042400305,2025-05-29T00:00:00,NYK vs. IND,W,14.2,0.0,3.0,0.0,0.0,6.0,2.0,2.0,14.0,0.0,0.0,2.0,1.0,8.2,1,1,1,1,1192,751,251,625,1167,735,308,358,1080,547,1,763,773,1249,1,14:14
2024-25,1631097,Bennedict Mathurin,Bennedict,1610612754,IND,Indiana Pacers,0042400305,2025-05-29T00:00:00,IND @ NYK,L,24.7,7.0,3.0,9.0,6.0,6.0,4.0,11.0,28.0,0.0,0.0,3.0,6.0,30.8,1,871,871,871,820,39,251,12,404,735,578,1399,514,547,1,1145,92,441,1,24:42
2024-25,1630540,Miles McBride,Miles,1610612752,NYK,New York Knicks,0042400305,2025-05-29T00:00:00,NYK vs. IND,W,18.2,0.0,0.0,0.0,0.0,4.0,7.0,5.0,18.0,0.0,1.0,3.0,0.0,8.2,1,1,1,1,1044,751,705,625,1167,515,898,808,918,547,1165,1145,1168,1249,1,18:14
2024-25,1626153,Delon Wright,Delon,1610612752,NYK,New York Knicks,0042400305,2025-05-29T00:00:00,NYK vs. IND,W,10.2,0.0,0.0,0.0,0.0,2.0,5.0,1.0,10.0,0.0,0.0,0.0,0.0,8.7,1,1,1,1,1348,751,705,625,1167,256,701,324,1249,547,1,1,1168,1228,1,10:13
2024-25,1630162,Anthony Edwards,Anthony,1610612750,MIN,Minnesota Timberwolves,0042400315,2025-05-28T00:00:00,MIN @ OKC,L,38.5,3.0,0.0,3.0,10.0,12.0,9.0,13.0,44.0,1.0,1.0,2.0,5.0,29.2,1,871,871,871,218,271,705,204,175,1324,1128,1521,78,170,1165,763,143,482,1,38:30
2024-25,1631114,Jalen Williams,Jalen,1610612760,OKC,Oklahoma City Thunder,0042400315,2025-05-28T00:00:00,OKC vs. MIN,W,32.5,2.0,0.0,2.0,10.0,10.0,5.0,5.0,28.0,1.0,0.0,2.0,4.0,38.1,1,1,1,1,507,423,705,325,175,1167,701,808,514,170,1,763,227,276,1,32:28
2024-25,203944,Julius Randle,Julius,1610612750,MIN,Minnesota Timberwolves,0042400315,2025-05-28T00:00:00,MIN @ OKC,L,31.4,7.0,5.0,2.0,8.0,14.0,7.0,19.0,46.0,0.0,4.0,2.0,4.0,33.5,1,871,871,871,549,39,90,325,265,1443,898,1695,52,547,1720,763,227,381,1,31:23
2024-25,1627936,Alex Caruso,Alex,1610612760,OKC,Oklahoma City Thunder,0042400315,2025-05-28T00:00:00,OKC vs. MIN,W,24.2,2.0,0.0,2.0,2.0,3.0,0.0,0.0,16.0,0.0,0.0,5.0,5.0,28.1,1,1,1,1,839,423,705,325,802,431,1,1,991,547,1,1609,143,519,1,24:13
2024-25,1631096,Chet Holmgren,Chet,1610612760,OKC,Oklahoma City Thunder,0042400315,2025-05-28T00:00:00,OKC vs. MIN,W,30.3,0.0,2.0,6.0,8.0,10.0,5.0,5.0,30.0,3.0,1.0,3.0,3.0,39.4,1,1,1,1,590,751,388,43,265,1167,701,808,431,17,1165,1145,344,247,1,30:17
2024-25,1630545,Terrence Shannon Jr.,Terrence,1610612750,MIN,Minnesota Timberwolves,0042400315,2025-05-28T00:00:00,MIN @ OKC,L,15.8,4.0,0.0,4.0,4.0,8.0,0.0,11.0,16.0,0.0,0.0,3.0,2.0,14.2,1,871,871,871,1139,171,705,124,582,978,1,1399,991,547,1,1145,505,1000,1,15:45
2024-25,1629652,Luguentz Dort,Luguentz,1610612760,OKC,Oklahoma City Thunder,0042400315,2025-05-28T00:00:00,OKC vs. MIN,W,38.0,0.0,0.0,3.0,0.0,10.0,5.0,5.0,32.0,0.0,0.0,2.0,1.0,25.3,1,1,1,1,239,751,705,204,1167,1167,701,808,375,547,1,763,773,584,1,38:02
2024-25,1628392,Isaiah Hartenstein,Isaiah,1610612760,OKC,Oklahoma City Thunder,0042400315,2025-05-28T00:00:00,OKC vs. MIN,W,17.0,0.0,2.0,0.0,8.0,3.0,3.0,3.0,8.0,2.0,0.0,1.0,2.0,25.0,1,1,1,1,1093,751,388,625,265,431,473,556,1322,59,1,400,505,594,1,17:01
2024-25,1629675,Naz Reid,Naz,1610612750,MIN,Minnesota Timberwolves,0042400315,2025-05-28T00:00:00,MIN @ OKC,L,24.1,0.0,0.0,0.0,8.0,8.0,7.0,11.0,24.0,3.0,1.0,4.0,0.0,24.0,1,871,871,871,844,751,705,625,265,978,898,1399,678,17,1165,1412,1168,618,1,24:05
2024-25,1641794,Dillon Jones,Dillon,1610612760,OKC,Oklahoma City Thunder,0042400315,2025-05-28T00:00:00,OKC vs. MIN,W,4.4,0.0,0.0,0.0,0.0,7.0,4.0,4.0,8.0,0.0,0.0,0.0,0.0,1.7,1,1,1,1,1536,751,705,625,1167,860,578,665,1322,547,1,1,1168,1544,1,4:22
2024-25,1642349,Ajay Mitchell,Ajay,1610612760,OKC,Oklahoma City Thunder,0042400315,2025-05-28T00:00:00,OKC vs. MIN,W,5.2,2.0,0.0,0.0,2.0,9.0,4.0,6.0,8.0,0.0,0.0,0.0,0.0,2.2,1,1,1,1,1502,423,705,625,802,1085,578,944,1322,547,1,1,1168,1518,1,5:14
2024-25,1631169,Josh Minott,Josh,1610612750,MIN,Minnesota Timberwolves,0042400315,2025-05-28T00:00:00,MIN @ OKC,L,6.6,3.0,0.0,0.0,0.0,2.0,0.0,0.0,4.0,0.0,0.0,0.0,1.0,3.5,1,871,871,871,1461,271,705,625,1167,256,1,1,1472,547,1,1,773,1464,1,6:34
2024-25,1641717,Cason Wallace,Cason,1610612760,OKC,Oklahoma City Thunder,0042400315,2025-05-28T00:00:00,OKC vs. MIN,W,24.1,2.0,0.0,2.0,2.0,4.0,2.0,2.0,20.0,2.0,2.0,1.0,1.0,16.9,1,1,1,1,842,423,705,325,802,515,308,358,832,59,1564,400,773,882,1,24:09
2024-25,1630598,Aaron Wiggins,Aaron,1610612760,OKC,Oklahoma City Thunder,0042400315,2025-05-28T00:00:00,OKC vs. MIN,W,8.4,0.0,0.0,0.0,0.0,4.0,0.0,4.0,6.0,0.0,0.0,1.0,0.0,3.9,1,1,1,1,1400,751,705,625,1167,515,1,665,1404,547,1,400,1168,1455,1,8:22
2024-25,1628978,Donte DiVincenzo,Donte,1610612750,MIN,Minnesota Timberwolves,0042400315,2025-05-28T00:00:00,MIN @ OKC,L,22.4,0.0,0.0,0.0,0.0,12.0,7.0,8.0,22.0,0.0,0.0,2.0,3.0,17.2,1,871,871,871,886,751,705,625,1167,1324,898,1162,754,547,1,763,344,864,1,22:25
2024-25,1630198,Isaiah Joe,Isaiah,1610612760,OKC,Oklahoma City Thunder,0042400315,2025-05-28T00:00:00,OKC vs. MIN,W,5.5,0.0,0.0,0.0,2.0,9.0,4.0,6.0,8.0,0.0,0.0,0.0,0.0,12.2,1,1,1,1,1494,751,705,625,802,1085,578,944,1322,547,1,1,1168,1071,1,5:32
2024-25,1630183,Jaden McDaniels,Jaden,1610612750,MIN,Minnesota Timberwolves,0042400315,2025-05-28T00:00:00,MIN @ OKC,L,20.8,0.0,0.0,0.0,2.0,8.0,2.0,8.0,30.0,0.0,1.0,1.0,0.0,11.5,1,871,871,871,952,751,705,625,802,978,308,1162,431,547,1165,400,1168,1105,1,20:49
2024-25,203497,Rudy Gobert,Rudy,1610612750,MIN,Minnesota Timberwolves,0042400315,2025-05-28T00:00:00,MIN @ OKC,L,19.4,0.0,0.0,0.0,2.0,4.0,4.0,6.0,22.0,1.0,0.0,2.0,2.0,11.5,1,871,871,871,1003,751,705,625,802,515,578,944,754,170,1,763,505,1105,1,19:21
2024-25,1628983,Shai Gilgeous-Alexander,Shai,1610612760,OKC,Oklahoma City Thunder,0042400315,2025-05-28T00:00:00,OKC vs. MIN,W,33.6,10.0,5.0,4.0,20.0,8.0,5.0,3.0,28.0,0.0,3.0,2.0,3.0,58.4,1,1,1,1,444,12,90,124,13,978,701,556,514,547,1689,763,344,34,1,33:36
2024-25,1642265,Rob Dillingham,Rob,1610612750,MIN,Minnesota Timberwolves,0042400315,2025-05-28T00:00:00,MIN @ OKC,L,6.6,0.0,0.0,2.0,2.0,2.0,0.0,0.0,4.0,0.0,0.0,1.0,1.0,11.2,1,871,871,871,1461,751,705,325,802,256,1,1,1472,547,1,400,773,1123,1,6:34
2024-25,1629638,Nickeil Alexander-Walker,Nickeil,1610612750,MIN,Minnesota Timberwolves,0042400315,2025-05-28T00:00:00,MIN @ OKC,L,20.3,0.0,0.0,0.0,0.0,10.0,2.0,4.0,16.0,0.0,0.0,1.0,2.0,4.9,1,871,871,871,966,751,705,625,1167,1167,308,665,991,547,1,400,505,1394,1,20:20
2024-25,201144,Mike Conley,Mike,1610612750,MIN,Minnesota Timberwolves,0042400315,2025-05-28T00:00:00,MIN @ OKC,L,21.1,0.0,0.0,0.0,0.0,6.0,7.0,15.0,34.0,1.0,1.0,2.0,0.0,9.5,1,871,871,871,936,751,705,625,1167,735,898,1619,299,170,1165,763,1168,1199,1,21:06
2024-25,1629026,Kenrich Williams,Kenrich,1610612760,OKC,Oklahoma City Thunder,0042400315,2025-05-28T00:00:00,OKC vs. MIN,W,7.1,0.0,0.0,0.0,0.0,2.0,0.0,2.0,2.0,0.0,0.0,0.0,0.0,7.8,1,1,1,1,1441,751,705,625,1167,256,1,358,1551,547,1,1,1168,1263,1,7:07
2024-25,1630568,Luka Garza,Luka,1610612750,MIN,Minnesota Timberwolves,0042400315,2025-05-28T00:00:00,MIN @ OKC,L,6.6,2.0,4.0,0.0,4.0,2.0,0.0,0.0,4.0,0.0,0.0,0.0,0.0,6.4,1,871,871,871,1461,423,147,625,582,256,1,1,1472,547,1,1,1168,1312,1,6:34
2024-25,1641740,Jaylen Clark,Jaylen,1610612750,MIN,Minnesota Timberwolves,0042400315,2025-05-28T00:00:00,MIN @ OKC,L,6.6,0.0,0.0,0.0,2.0,2.0,0.0,0.0,4.0,0.0,0.0,0.0,0.0,6.2,1,871,871,871,1461,751,705,625,802,256,1,1,1472,547,1,1,1168,1325,1,6:34
2024-25,1631172,Ousmane Dieng,Ousmane,1610612760,OKC,Oklahoma City Thunder,0042400315,2025-05-28T00:00:00,OKC vs. MIN,W,4.4,0.0,0.0,0.0,0.0,7.0,4.0,4.0,8.0,0.0,0.0,0.0,1.0,6.0,1,1,1,1,1536,751,705,625,1167,860,578,665,1322,547,1,1,773,1337,1,4:22
2024-25,1631119,Jaylin Williams,Jaylin,1610612760,OKC,Oklahoma City Thunder,0042400315,2025-05-28T00:00:00,OKC vs. MIN,W,5.2,0.0,0.0,0.0,0.0,9.0,4.0,6.0,8.0,0.0,0.0,3.0,0.0,5.2,1,1,1,1,1502,751,705,625,1167,1085,578,944,1322,547,1,1145,1168,1371,1,5:14
2024-25,1630173,Precious Achiuwa,Precious,1610612752,NYK,New York Knicks,0042400304,2025-05-27T00:00:00,NYK @ IND,L,2.4,0.0,0.0,0.0,0.0,2.0,0.0,5.0,2.0,0.0,0.0,0.0,0.0,1.2,1,871,871,871,1633,751,705,625,1167,256,1,808,1551,547,1,1,1168,1559,1,2:24
2024-25,1628384,OG Anunoby,OG,1610612752,NYK,New York Knicks,0042400304,2025-05-27T00:00:00,NYK @ IND,L,39.7,4.0,3.0,4.0,6.0,11.0,11.0,15.0,40.0,2.0,1.0,5.0,5.0,41.3,1,871,871,871,168,171,251,124,404,1253,1313,1619,162,59,1165,1609,143,214,1,39:43
2024-25,1626157,Karl-Anthony Towns,Karl-Anthony,1610612752,NYK,New York Knicks,0042400304,2025-05-27T00:00:00,NYK @ IND,L,37.1,0.0,4.0,0.0,14.0,16.0,12.0,13.0,36.0,0.0,2.0,4.0,8.0,40.9,1,871,871,871,279,751,147,625,65,1539,1393,1521,246,547,1564,1412,26,223,1,37:04
2024-25,1628396,Tony Bradley,Tony,1610612754,IND,Indiana Pacers,0042400304,2025-05-27T00:00:00,IND vs. NYK,W,10.0,0.0,2.0,0.0,2.0,0.0,2.0,0.0,8.0,0.0,0.0,1.0,1.0,4.2,1,1,1,1,1351,751,388,625,802,1,308,1,1322,547,1,400,773,1432,1,10:00
2024-25,1630540,Miles McBride,Miles,1610612752,NYK,New York Knicks,0042400304,2025-05-27T00:00:00,NYK @ IND,L,14.5,0.0,0.0,0.0,0.0,11.0,7.0,12.0,22.0,0.0,0.0,0.0,0.0,4.4,1,871,871,871,1184,751,705,625,1167,1253,898,1472,754,547,1,1,1168,1420,1,14:31
2024-25,1641767,Ben Sheppard,Ben,1610612754,IND,Indiana Pacers,0042400304,2025-05-27T00:00:00,IND vs. NYK,W,14.2,0.0,0.0,0.0,2.0,7.0,3.0,2.0,12.0,0.0,0.0,1.0,2.0,5.6,1,1,1,1,1197,751,705,625,802,860,473,358,1167,547,1,400,505,1354,1,14:10
2024-25,1631097,Bennedict Mathurin,Bennedict,1610612754,IND,Indiana Pacers,0042400304,2025-05-27T00:00:00,IND vs. NYK,W,12.5,7.0,7.0,0.0,6.0,4.0,3.0,5.0,8.0,0.0,0.0,1.0,8.0,25.4,1,1,1,1,1266,39,31,625,404,515,473,808,1322,547,1,400,26,581,1,12:30
2024-25,1629013,Landry Shamet,Landry,1610612752,NYK,New York Knicks,0042400304,2025-05-27T00:00:00,NYK @ IND,L,11.2,0.0,0.0,0.0,0.0,2.0,5.0,6.0,8.0,0.0,0.0,1.0,0.0,9.9,1,871,871,871,1316,751,705,625,1167,256,701,944,1322,547,1,400,1168,1182,1,11:09
2024-25,204456,T.J. McConnell,T.J.,1610612754,IND,Indiana Pacers,0042400304,2025-05-27T00:00:00,IND vs. NYK,W,18.5,2.0,0.0,0.0,4.0,4.0,3.0,5.0,10.0,0.0,1.0,0.0,0.0,11.5,1,1,1,1,1038,423,705,625,582,515,473,808,1249,547,1165,1,1168,1105,1,18:33
2024-25,1629614,Andrew Nembhard,Andrew,1610612754,IND,Indiana Pacers,0042400304,2025-05-27T00:00:00,IND vs. NYK,W,28.9,0.0,0.0,0.0,0.0,5.0,12.0,9.0,36.0,0.0,2.0,4.0,0.0,11.9,1,1,1,1,660,751,705,625,1167,633,1393,1249,246,547,1564,1412,1168,1080,1,28:52
2024-25,1630167,Obi Toppin,Obi,1610612754,IND,Indiana Pacers,0042400304,2025-05-27T00:00:00,IND vs. NYK,W,17.7,2.0,3.0,2.0,2.0,4.0,0.0,5.0,12.0,0.0,0.0,3.0,1.0,16.4,1,1,1,1,1072,423,251,325,802,515,1,808,1167,547,1,1145,773,901,1,17:40
2024-25,1630169,Tyrese Haliburton,Tyrese,1610612754,IND,Indiana Pacers,0042400304,2025-05-27T00:00:00,IND vs. NYK,W,37.5,2.0,1.0,3.0,8.0,5.0,12.0,4.0,38.0,0.0,0.0,4.0,3.0,80.9,1,1,1,1,256,423,671,204,265,633,1393,665,202,547,1,1412,344,1,1,37:31
2024-25,1629011,Mitchell Robinson,Mitchell,1610612752,NYK,New York Knicks,0042400304,2025-05-27T00:00:00,NYK @ IND,L,18.8,2.0,4.0,0.0,4.0,7.0,5.0,9.0,20.0,0.0,0.0,4.0,1.0,18.9,1,871,871,871,1028,423,147,625,582,860,701,1249,832,547,1,1412,773,803,1,18:49
2024-25,1628969,Mikal Bridges,Mikal,1610612752,NYK,New York Knicks,0042400304,2025-05-27T00:00:00,NYK @ IND,L,34.5,3.0,0.0,3.0,4.0,16.0,14.0,14.0,36.0,0.0,0.0,4.0,1.0,20.6,1,871,871,871,399,271,705,204,582,1539,1513,1578,246,547,1,1412,773,740,1,34:29
2024-25,1628404,Josh Hart,Josh,1610612752,NYK,New York Knicks,0042400304,2025-05-27T00:00:00,NYK @ IND,L,36.0,0.0,4.0,0.0,4.0,15.0,12.0,17.0,42.0,0.0,1.0,6.0,3.0,21.7,1,871,871,871,329,751,147,625,582,1494,1393,1675,114,547,1165,1711,344,702,1,35:59
2024-25,1626167,Myles Turner,Myles,1610612754,IND,Indiana Pacers,0042400304,2025-05-27T00:00:00,IND vs. NYK,W,33.2,0.0,1.0,0.0,8.0,7.0,13.0,4.0,32.0,3.0,0.0,6.0,5.0,23.1,1,1,1,1,468,751,671,625,265,860,1459,665,375,17,1,1711,143,653,1,33:10
2024-25,1630174,Aaron Nesmith,Aaron,1610612754,IND,Indiana Pacers,0042400304,2025-05-27T00:00:00,IND vs. NYK,W,32.4,3.0,0.0,5.0,6.0,2.0,12.0,2.0,28.0,0.0,0.0,3.0,4.0,24.1,1,1,1,1,511,271,705,74,404,256,1393,358,514,547,1,1145,227,613,1,32:25
2024-25,1626153,Delon Wright,Delon,1610612752,NYK,New York Knicks,0042400304,2025-05-27T00:00:00,NYK @ IND,L,9.1,0.0,0.0,0.0,0.0,2.0,0.0,3.0,4.0,1.0,0.0,0.0,1.0,9.5,1,871,871,871,1380,751,705,625,1167,256,1,556,1472,170,1,1,773,1199,1,9:04
2024-25,1628973,Jalen Brunson,Jalen,1610612752,NYK,New York Knicks,0042400304,2025-05-27T00:00:00,NYK @ IND,L,36.8,0.0,0.0,2.0,12.0,18.0,14.0,16.0,40.0,1.0,0.0,3.0,8.0,46.9,1,871,871,871,294,751,705,325,109,1602,1513,1654,162,170,1,1145,26,135,1,36:48
2024-25,1627783,Pascal Siakam,Pascal,1610612754,IND,Indiana Pacers,0042400304,2025-05-27T00:00:00,IND vs. NYK,W,35.2,4.0,2.0,12.0,12.0,7.0,15.0,9.0,36.0,1.0,1.0,4.0,3.0,44.0,1,1,1,1,363,171,388,1,109,860,1571,1249,246,170,1165,1412,344,173,1,35:11
2024-25,1628392,Isaiah Hartenstein,Isaiah,1610612760,OKC,Oklahoma City Thunder,0042400314,2025-05-26T00:00:00,OKC @ MIN,W,15.6,0.0,0.0,0.0,2.0,13.0,7.0,7.0,16.0,0.0,0.0,2.0,1.0,14.2,1,1,1,1,1146,751,705,625,802,1382,898,1055,991,547,1,763,773,1000,1,15:34
2024-25,203944,Julius Randle,Julius,1610612750,MIN,Minnesota Timberwolves,0042400314,2025-05-26T00:00:00,MIN vs. OKC,L,28.2,0.0,2.0,0.0,0.0,13.0,13.0,5.0,26.0,0.0,1.0,2.0,2.0,15.9,1,871,871,871,685,751,388,625,1167,1382,1459,808,586,547,1165,763,505,921,1,28:10
2024-25,1630183,Jaden McDaniels,Jaden,1610612750,MIN,Minnesota Timberwolves,0042400314,2025-05-26T00:00:00,MIN vs. OKC,L,31.2,11.0,6.0,7.0,10.0,13.0,12.0,3.0,22.0,1.0,1.0,3.0,2.0,42.8,1,871,871,871,557,6,50,33,175,1382,1393,556,754,170,1165,1145,505,186,1,31:11
2024-25,1629652,Luguentz Dort,Luguentz,1610612760,OKC,Oklahoma City Thunder,0042400314,2025-05-26T00:00:00,OKC @ MIN,W,30.2,0.0,1.0,0.0,0.0,14.0,21.0,7.0,26.0,1.0,0.0,6.0,3.0,15.8,1,1,1,1,593,751,671,625,1167,1443,1704,1055,586,170,1,1711,344,932,1,30:13
2024-25,1629675,Naz Reid,Naz,1610612750,MIN,Minnesota Timberwolves,0042400314,2025-05-26T00:00:00,MIN vs. OKC,L,23.0,0.0,2.0,0.0,4.0,15.0,13.0,2.0,28.0,0.0,0.0,2.0,4.0,20.2,1,871,871,871,866,751,388,625,582,1494,1459,358,514,547,1,763,227,753,1,23:03
2024-25,1630162,Anthony Edwards,Anthony,1610612750,MIN,Minnesota Timberwolves,0042400314,2025-05-26T00:00:00,MIN vs. OKC,L,40.9,2.0,0.0,0.0,8.0,20.0,19.0,3.0,30.0,0.0,0.0,3.0,5.0,24.8,1,871,871,871,118,423,705,625,265,1658,1674,556,431,547,1,1145,143,598,1,40:56
2024-25,1631114,Jalen Williams,Jalen,1610612760,OKC,Oklahoma City Thunder,0042400314,2025-05-26T00:00:00,OKC @ MIN,W,39.0,5.0,5.0,5.0,8.0,20.0,30.0,11.0,36.0,0.0,1.0,3.0,1.0,52.1,1,1,1,1,201,107,90,74,265,1658,1732,1399,246,547,1165,1145,773,83,1,39:01
2024-25,1641717,Cason Wallace,Cason,1610612760,OKC,Oklahoma City Thunder,0042400314,2025-05-26T00:00:00,OKC @ MIN,W,27.9,2.0,4.0,0.0,2.0,16.0,13.0,8.0,30.0,1.0,1.0,2.0,2.0,24.1,1,1,1,1,690,423,147,625,802,1539,1459,1162,431,170,1165,763,505,613,1,27:53
2024-25,1630198,Isaiah Joe,Isaiah,1610612760,OKC,Oklahoma City Thunder,0042400314,2025-05-26T00:00:00,OKC @ MIN,W,8.4,0.0,3.0,0.0,2.0,5.0,2.0,4.0,12.0,0.0,0.0,0.0,1.0,4.0,1,1,1,1,1399,751,251,625,802,633,308,665,1167,547,1,1,773,1449,1,8:24
2024-25,1628978,Donte DiVincenzo,Donte,1610612750,MIN,Minnesota Timberwolves,0042400314,2025-05-26T00:00:00,MIN vs. OKC,L,28.3,5.0,4.0,2.0,4.0,15.0,15.0,0.0,24.0,0.0,0.0,2.0,1.0,33.1,1,871,871,871,680,107,147,325,582,1494,1571,1,678,547,1,763,773,393,1,28:20
2024-25,1629026,Kenrich Williams,Kenrich,1610612760,OKC,Oklahoma City Thunder,0042400314,2025-05-26T00:00:00,OKC @ MIN,W,12.4,0.0,3.0,0.0,2.0,9.0,8.0,6.0,10.0,0.0,0.0,0.0,0.0,12.4,1,1,1,1,1270,751,251,625,802,1085,1028,944,1249,547,1,1,1168,1064,1,12:21
2024-25,1627936,Alex Caruso,Alex,1610612760,OKC,Oklahoma City Thunder,0042400314,2025-05-26T00:00:00,OKC @ MIN,W,33.5,3.0,0.0,0.0,4.0,9.0,23.0,4.0,34.0,0.0,0.0,3.0,1.0,18.9,1,1,1,1,449,271,705,625,582,1085,1718,665,299,547,1,1145,773,803,1,33:27
2024-25,1631096,Chet Holmgren,Chet,1610612760,OKC,Oklahoma City Thunder,0042400314,2025-05-26T00:00:00,OKC @ MIN,W,33.0,6.0,7.0,0.0,12.0,18.0,25.0,11.0,34.0,3.0,1.0,2.0,1.0,41.9,1,1,1,1,481,67,31,625,109,1602,1726,1399,299,17,1165,763,773,203,1,33:02
2024-25,1628983,Shai Gilgeous-Alexander,Shai,1610612760,OKC,Oklahoma City Thunder,0042400314,2025-05-26T00:00:00,OKC @ MIN,W,40.0,6.0,1.0,0.0,10.0,21.0,21.0,7.0,32.0,0.0,0.0,4.0,10.0,63.8,1,1,1,1,152,67,671,625,175,1680,1704,1055,375,547,1,1412,10,19,1,40:02
2024-25,201144,Mike Conley,Mike,1610612750,MIN,Minnesota Timberwolves,0042400314,2025-05-26T00:00:00,MIN vs. OKC,L,19.1,0.0,0.0,0.0,0.0,5.0,10.0,5.0,18.0,1.0,0.0,0.0,1.0,14.9,1,871,871,871,1015,751,705,625,1167,633,1221,808,918,170,1,1,773,969,1,19:07
2024-25,1631119,Jaylin Williams,Jaylin,1610612760,OKC,Oklahoma City Thunder,0042400314,2025-05-26T00:00:00,OKC @ MIN,W,0.1,0.0,0.0,0.0,0.0,0.0,0.0,0.0,0.0,0.0,0.0,0.0,0.0,0.0,1,1,1,1,1730,751,705,625,1167,1,1,1,1643,547,1,1,1168,1620,1,0:03
2024-25,1629638,Nickeil Alexander-Walker,Nickeil,1610612750,MIN,Minnesota Timberwolves,0042400314,2025-05-26T00:00:00,MIN vs. OKC,L,29.3,5.0,5.0,2.0,8.0,15.0,17.0,2.0,30.0,0.0,2.0,4.0,2.0,41.8,1,871,871,871,642,107,90,325,265,1494,1635,358,431,547,1564,1412,505,206,1,29:19
2024-25,203497,Rudy Gobert,Rudy,1610612750,MIN,Minnesota Timberwolves,0042400314,2025-05-26T00:00:00,MIN vs. OKC,L,32.3,2.0,9.0,0.0,10.0,12.0,16.0,3.0,20.0,1.0,1.0,2.0,3.0,29.3,1,871,871,871,519,423,9,625,175,1324,1611,556,832,170,1165,763,344,478,1,32:16
2024-25,1630545,Terrence Shannon Jr.,Terrence,1610612750,MIN,Minnesota Timberwolves,0042400314,2025-05-26T00:00:00,MIN vs. OKC,L,7.7,0.0,2.0,2.0,2.0,2.0,5.0,2.0,12.0,0.0,0.0,2.0,2.0,9.4,1,871,871,871,1422,751,388,325,802,256,701,358,1167,547,1,763,505,1206,1,7:39
2024-25,1630174,Aaron Nesmith,Aaron,1610612754,IND,Indiana Pacers,0042400303,2025-05-25T00:00:00,IND vs. NYK,L,26.4,5.0,0.0,0.0,2.0,0.0,7.0,0.0,16.0,1.0,1.0,4.0,2.0,25.4,1,871,871,871,746,107,705,625,802,1,898,1,991,170,1165,1412,505,581,1,26:21
2024-25,1631097,Bennedict Mathurin,Bennedict,1610612754,IND,Indiana Pacers,0042400303,2025-05-25T00:00:00,IND vs. NYK,L,8.4,0.0,0.0,0.0,0.0,2.0,5.0,0.0,12.0,0.0,0.0,1.0,1.0,6.4,1,871,871,871,1398,751,705,625,1167,256,701,1,1167,547,1,400,773,1312,1,8:26
2024-25,1627783,Pascal Siakam,Pascal,1610612754,IND,Indiana Pacers,0042400303,2025-05-25T00:00:00,IND vs. NYK,L,35.0,5.0,1.0,2.0,6.0,4.0,12.0,2.0,30.0,0.0,1.0,2.0,3.0,24.8,1,871,871,871,374,107,671,325,404,515,1393,358,431,547,1165,763,344,598,1,34:59
2024-25,1626153,Delon Wright,Delon,1610612752,NYK,New York Knicks,0042400303,2025-05-25T00:00:00,NYK @ IND,W,13.3,0.0,0.0,0.0,2.0,4.0,2.0,4.0,14.0,0.0,0.0,0.0,0.0,6.5,1,1,1,1,1234,751,705,625,802,515,308,665,1080,547,1,1,1168,1310,1,13:20
2024-25,1628396,Tony Bradley,Tony,1610612754,IND,Indiana Pacers,0042400303,2025-05-25T00:00:00,IND vs. NYK,L,14.9,0.0,0.0,0.0,2.0,4.0,3.0,0.0,10.0,1.0,0.0,3.0,0.0,9.1,1,871,871,871,1165,751,705,625,802,515,473,1,1249,170,1,1145,1168,1218,1,14:57
2024-25,1628404,Josh Hart,Josh,1610612752,NYK,New York Knicks,0042400303,2025-05-25T00:00:00,NYK @ IND,W,34.0,0.0,0.0,0.0,2.0,14.0,7.0,14.0,22.0,0.0,0.0,4.0,5.0,28.0,1,1,1,1,423,751,705,625,802,1443,898,1578,754,547,1,1412,143,520,1,34:02
2024-25,1628973,Jalen Brunson,Jalen,1610612752,NYK,New York Knicks,0042400303,2025-05-25T00:00:00,NYK @ IND,W,30.5,0.0,0.0,2.0,10.0,14.0,10.0,12.0,24.0,0.0,1.0,5.0,7.0,23.9,1,1,1,1,581,751,705,325,175,1443,1221,1472,678,547,1165,1609,53,623,1,30:31
2024-25,1628969,Mikal Bridges,Mikal,1610612752,NYK,New York Knicks,0042400303,2025-05-25T00:00:00,NYK @ IND,W,36.8,2.0,2.0,0.0,6.0,18.0,10.0,12.0,22.0,0.0,2.0,2.0,2.0,23.9,1,1,1,1,296,423,388,625,404,1602,1221,1472,754,547,1564,763,505,623,1,36:48
2024-25,1630169,Tyrese Haliburton,Tyrese,1610612754,IND,Indiana Pacers,0042400303,2025-05-25T00:00:00,IND vs. NYK,L,37.2,4.0,0.0,5.0,2.0,2.0,9.0,2.0,28.0,0.0,0.0,2.0,3.0,41.3,1,871,871,871,272,171,705,74,802,256,1128,358,514,547,1,763,344,214,1,37:10
2024-25,204456,T.J. McConnell,T.J.,1610612754,IND,Indiana Pacers,0042400303,2025-05-25T00:00:00,IND vs. NYK,L,15.5,2.0,4.0,2.0,6.0,6.0,5.0,0.0,18.0,0.0,1.0,1.0,2.0,18.1,1,871,871,871,1148,423,147,325,404,735,701,1,918,547,1165,400,505,831,1,15:27
2024-25,1626157,Karl-Anthony Towns,Karl-Anthony,1610612752,NYK,New York Knicks,0042400303,2025-05-25T00:00:00,NYK @ IND,W,33.0,2.0,5.0,0.0,10.0,16.0,3.0,6.0,20.0,0.0,0.0,5.0,6.0,37.5,1,1,1,1,485,423,90,625,175,1539,473,944,832,547,1,1609,92,291,1,32:59
2024-25,1629013,Landry Shamet,Landry,1610612752,NYK,New York Knicks,0042400303,2025-05-25T00:00:00,NYK @ IND,W,11.4,0.0,0.0,0.0,0.0,4.0,0.0,4.0,8.0,0.0,0.0,0.0,1.0,5.0,1,1,1,1,1308,751,705,625,1167,515,1,665,1322,547,1,1,773,1384,1,11:23
2024-25,1628384,OG Anunoby,OG,1610612752,NYK,New York Knicks,0042400303,2025-05-25T00:00:00,NYK @ IND,W,36.9,0.0,3.0,0.0,4.0,20.0,3.0,13.0,26.0,3.0,0.0,3.0,2.0,33.4,1,1,1,1,287,751,251,625,582,1658,473,1521,586,17,1,1145,505,383,1,36:56
2024-25,1629011,Mitchell Robinson,Mitchell,1610612752,NYK,New York Knicks,0042400303,2025-05-25T00:00:00,NYK @ IND,W,29.0,0.0,4.0,0.0,6.0,14.0,10.0,12.0,22.0,1.0,1.0,3.0,0.0,19.7,1,1,1,1,654,751,147,625,404,1443,1221,1472,754,170,1165,1145,1168,772,1,28:59
2024-25,1629614,Andrew Nembhard,Andrew,1610612754,IND,Indiana Pacers,0042400303,2025-05-25T00:00:00,IND vs. NYK,L,38.3,0.0,0.0,0.0,0.0,6.0,14.0,2.0,26.0,0.0,1.0,2.0,5.0,21.3,1,871,871,871,224,751,705,625,1167,735,1513,358,586,547,1165,763,143,717,1,38:19
2024-25,1630540,Miles McBride,Miles,1610612752,NYK,New York Knicks,0042400303,2025-05-25T00:00:00,NYK @ IND,W,15.0,4.0,0.0,0.0,0.0,6.0,5.0,3.0,2.0,0.0,0.0,3.0,4.0,11.0,1,1,1,1,1162,171,705,625,1167,735,701,556,1551,547,1,1145,227,1130,1,15:02
2024-25,1630167,Obi Toppin,Obi,1610612754,IND,Indiana Pacers,0042400303,2025-05-25T00:00:00,IND vs. NYK,L,14.2,4.0,0.0,4.0,6.0,4.0,2.0,0.0,10.0,0.0,0.0,2.0,1.0,10.8,1,871,871,871,1196,171,705,124,404,515,308,1,1249,547,1,763,773,1140,1,14:11
2024-25,1626167,Myles Turner,Myles,1610612754,IND,Indiana Pacers,0042400303,2025-05-25T00:00:00,IND vs. NYK,L,33.0,2.0,5.0,0.0,8.0,4.0,11.0,2.0,30.0,2.0,0.0,5.0,7.0,36.3,1,871,871,871,482,423,90,625,265,515,1313,358,431,59,1,1609,53,316,1,33:02
2024-25,1641767,Ben Sheppard,Ben,1610612754,IND,Indiana Pacers,0042400303,2025-05-25T00:00:00,IND vs. NYK,L,17.1,0.0,0.0,3.0,0.0,8.0,2.0,2.0,20.0,0.0,0.0,5.0,1.0,10.6,1,871,871,871,1089,751,705,204,1167,978,308,358,832,547,1,1609,773,1147,1,17:09
2024-25,1641717,Cason Wallace,Cason,1610612760,OKC,Oklahoma City Thunder,0042400313,2025-05-24T00:00:00,OKC @ MIN,L,15.6,0.0,0.0,0.0,0.0,6.0,8.0,4.0,14.0,0.0,0.0,1.0,1.0,4.7,1,871,871,871,1143,751,705,625,1167,735,1028,665,1080,547,1,400,773,1399,1,15:39
2024-25,201144,Mike Conley,Mike,1610612750,MIN,Minnesota Timberwolves,0042400313,2025-05-24T00:00:00,MIN vs. OKC,W,21.7,0.0,0.0,0.0,0.0,7.0,2.0,12.0,18.0,0.0,0.0,0.0,3.0,14.6,1,1,1,1,915,751,705,625,1167,860,308,1472,918,547,1,1,344,983,1,21:42
2024-25,1631159,Leonard Miller,Leonard,1610612750,MIN,Minnesota Timberwolves,0042400313,2025-05-24T00:00:00,MIN vs. OKC,W,7.7,0.0,2.0,0.0,8.0,2.0,4.0,0.0,14.0,0.0,0.0,0.0,0.0,13.6,1,1,1,1,1417,751,388,625,265,256,578,1,1080,547,1,1,1168,1029,1,7:41
2024-25,1631119,Jaylin Williams,Jaylin,1610612760,OKC,Oklahoma City Thunder,0042400313,2025-05-24T00:00:00,OKC @ MIN,L,17.3,0.0,2.0,0.0,0.0,2.0,9.0,2.0,24.0,0.0,0.0,3.0,1.0,13.5,1,871,871,871,1081,751,388,625,1167,256,1128,358,678,547,1,1145,773,1036,1,17:20
2024-25,1629652,Luguentz Dort,Luguentz,1610612760,OKC,Oklahoma City Thunder,0042400313,2025-05-24T00:00:00,OKC @ MIN,L,21.8,0.0,0.0,3.0,0.0,13.0,9.0,2.0,26.0,0.0,0.0,3.0,0.0,5.2,1,871,871,871,910,751,705,204,1167,1382,1128,358,586,547,1,1145,1168,1371,1,21:46
2024-25,1630162,Anthony Edwards,Anthony,1610612750,MIN,Minnesota Timberwolves,0042400313,2025-05-24T00:00:00,MIN vs. OKC,W,29.7,11.0,3.0,2.0,8.0,9.0,1.0,6.0,18.0,0.0,1.0,2.0,2.0,51.8,1,1,1,1,621,6,251,325,265,1085,285,944,918,547,1165,763,505,85,1,29:42
2024-25,203944,Julius Randle,Julius,1610612750,MIN,Minnesota Timberwolves,0042400313,2025-05-24T00:00:00,MIN vs. OKC,W,30.0,2.0,0.0,0.0,10.0,6.0,3.0,8.0,18.0,0.0,0.0,4.0,2.0,33.3,1,1,1,1,605,423,705,625,175,735,473,1162,918,547,1,1412,505,387,1,29:57
2024-25,203497,Rudy Gobert,Rudy,1610612750,MIN,Minnesota Timberwolves,0042400313,2025-05-24T00:00:00,MIN vs. OKC,W,28.2,1.0,4.0,0.0,6.0,13.0,1.0,10.0,22.0,1.0,1.0,2.0,3.0,27.4,1,1,1,1,684,722,147,625,404,1382,285,1324,754,170,1165,763,344,532,1,28:10
2024-25,1641740,Jaylen Clark,Jaylen,1610612750,MIN,Minnesota Timberwolves,0042400313,2025-05-24T00:00:00,MIN vs. OKC,W,9.0,0.0,0.0,0.0,4.0,2.0,4.0,0.0,16.0,0.0,0.0,0.0,1.0,9.1,1,1,1,1,1381,751,705,625,582,256,578,1,991,547,1,1,773,1218,1,9:02
2024-25,1629638,Nickeil Alexander-Walker,Nickeil,1610612750,MIN,Minnesota Timberwolves,0042400313,2025-05-24T00:00:00,MIN vs. OKC,W,18.4,0.0,2.0,0.0,6.0,10.0,1.0,6.0,14.0,0.0,0.0,0.0,1.0,15.6,1,1,1,1,1039,751,388,625,404,1167,285,944,1080,547,1,1,773,939,1,18:24
2024-25,1628978,Donte DiVincenzo,Donte,1610612750,MIN,Minnesota Timberwolves,0042400313,2025-05-24T00:00:00,MIN vs. OKC,W,16.3,0.0,3.0,0.0,0.0,7.0,2.0,4.0,14.0,0.0,0.0,2.0,0.0,11.7,1,1,1,1,1112,751,251,625,1167,860,308,665,1080,547,1,763,1168,1088,1,16:19
2024-25,1630198,Isaiah Joe,Isaiah,1610612760,OKC,Oklahoma City Thunder,0042400313,2025-05-24T00:00:00,OKC @ MIN,L,17.4,0.0,0.0,0.0,2.0,4.0,6.0,0.0,14.0,1.0,1.0,0.0,1.0,11.6,1,871,871,871,1078,751,705,625,802,515,804,1,1080,170,1165,1,773,1097,1,17:25
2024-25,1628392,Isaiah Hartenstein,Isaiah,1610612760,OKC,Oklahoma City Thunder,0042400313,2025-05-24T00:00:00,OKC @ MIN,L,19.1,0.0,0.0,0.0,6.0,12.0,7.0,4.0,20.0,1.0,0.0,0.0,2.0,16.2,1,871,871,871,1016,751,705,625,404,1324,898,665,832,170,1,1,505,913,1,19:06
2024-25,1629675,Naz Reid,Naz,1610612750,MIN,Minnesota Timberwolves,0042400313,2025-05-24T00:00:00,MIN vs. OKC,W,19.0,0.0,2.0,0.0,4.0,3.0,2.0,2.0,8.0,1.0,1.0,4.0,1.0,25.6,1,1,1,1,1021,751,388,625,582,431,308,358,1322,170,1165,1412,773,575,1,18:58
2024-25,1631172,Ousmane Dieng,Ousmane,1610612760,OKC,Oklahoma City Thunder,0042400313,2025-05-24T00:00:00,OKC @ MIN,L,6.9,0.0,0.0,0.0,0.0,0.0,4.0,0.0,14.0,0.0,0.0,0.0,0.0,7.2,1,871,871,871,1443,751,705,625,1167,1,578,1,1080,547,1,1,1168,1280,1,6:55
2024-25,1631114,Jalen Williams,Jalen,1610612760,OKC,Oklahoma City Thunder,0042400313,2025-05-24T00:00:00,OKC @ MIN,L,24.7,3.0,1.0,2.0,2.0,14.0,7.0,6.0,28.0,0.0,1.0,2.0,4.0,16.8,1,871,871,871,819,271,671,325,802,1443,898,944,514,547,1165,763,227,884,1,24:43
2024-25,1628983,Shai Gilgeous-Alexander,Shai,1610612760,OKC,Oklahoma City Thunder,0042400313,2025-05-24T00:00:00,OKC @ MIN,L,27.6,3.0,0.0,3.0,4.0,14.0,11.0,2.0,32.0,1.0,0.0,2.0,2.0,24.4,1,871,871,871,701,271,705,204,582,1443,1313,358,375,170,1,763,505,610,1,27:38
2024-25,1629026,Kenrich Williams,Kenrich,1610612760,OKC,Oklahoma City Thunder,0042400313,2025-05-24T00:00:00,OKC @ MIN,L,14.1,6.0,0.0,4.0,8.0,0.0,9.0,0.0,20.0,0.0,1.0,1.0,0.0,8.5,1,871,871,871,1199,67,705,124,265,1,1128,1,832,547,1165,400,1168,1242,1,14:08
2024-25,1630545,Terrence Shannon Jr.,Terrence,1610612750,MIN,Minnesota Timberwolves,0042400313,2025-05-24T00:00:00,MIN vs. OKC,W,13.2,2.0,0.0,4.0,6.0,4.0,4.0,6.0,14.0,0.0,0.0,2.0,4.0,21.9,1,1,1,1,1243,423,705,124,404,515,578,944,1080,547,1,763,227,696,1,13:12
2024-25,1630598,Aaron Wiggins,Aaron,1610612760,OKC,Oklahoma City Thunder,0042400313,2025-05-24T00:00:00,OKC @ MIN,L,16.2,0.0,0.0,0.0,2.0,2.0,7.0,4.0,14.0,0.0,0.0,2.0,1.0,7.0,1,871,871,871,1117,751,705,625,802,256,898,665,1080,547,1,763,773,1290,1,16:11
2024-25,1630568,Luka Garza,Luka,1610612750,MIN,Minnesota Timberwolves,0042400313,2025-05-24T00:00:00,MIN vs. OKC,W,5.1,0.0,2.0,0.0,2.0,2.0,2.0,0.0,10.0,0.0,0.0,0.0,0.0,7.0,1,1,1,1,1508,751,388,625,802,256,308,1,1249,547,1,1,1168,1290,1,5:06
2024-25,1631096,Chet Holmgren,Chet,1610612760,OKC,Oklahoma City Thunder,0042400313,2025-05-24T00:00:00,OKC @ MIN,L,20.8,0.0,0.0,0.0,4.0,9.0,6.0,2.0,24.0,0.0,0.0,1.0,4.0,22.0,1,871,871,871,954,751,705,625,582,1085,804,358,678,547,1,400,227,693,1,20:48
2024-25,1641794,Dillon Jones,Dillon,1610612760,OKC,Oklahoma City Thunder,0042400313,2025-05-24T00:00:00,OKC @ MIN,L,9.7,0.0,4.0,0.0,4.0,0.0,4.0,0.0,18.0,0.0,0.0,1.0,0.0,18.1,1,871,871,871,1362,751,147,625,582,1,578,1,918,547,1,400,1168,831,1,9:39
2024-25,1642265,Rob Dillingham,Rob,1610612750,MIN,Minnesota Timberwolves,0042400313,2025-05-24T00:00:00,MIN vs. OKC,W,7.8,0.0,0.0,0.0,0.0,2.0,4.0,0.0,14.0,0.0,0.0,0.0,1.0,8.2,1,1,1,1,1410,751,705,625,1167,256,578,1,1080,547,1,1,773,1249,1,7:50
2024-25,1630183,Jaden McDaniels,Jaden,1610612750,MIN,Minnesota Timberwolves,0042400313,2025-05-24T00:00:00,MIN vs. OKC,W,26.3,0.0,2.0,0.0,2.0,6.0,1.0,6.0,16.0,0.0,0.0,2.0,1.0,23.2,1,1,1,1,753,751,388,625,802,735,285,944,991,547,1,763,773,650,1,26:16
2024-25,1642349,Ajay Mitchell,Ajay,1610612760,OKC,Oklahoma City Thunder,0042400313,2025-05-24T00:00:00,OKC @ MIN,L,19.0,0.0,0.0,0.0,10.0,0.0,11.0,0.0,26.0,0.0,0.0,2.0,2.0,18.5,1,871,871,871,1020,751,705,625,175,1,1313,1,586,547,1,763,505,822,1,18:58
2024-25,1627936,Alex Caruso,Alex,1610612760,OKC,Oklahoma City Thunder,0042400313,2025-05-24T00:00:00,OKC @ MIN,L,9.7,3.0,0.0,0.0,0.0,4.0,2.0,4.0,6.0,0.0,0.0,2.0,0.0,3.0,1,871,871,871,1360,271,705,625,1167,515,308,665,1404,547,1,763,1168,1484,1,9:44
2024-25,1631169,Josh Minott,Josh,1610612750,MIN,Minnesota Timberwolves,0042400313,2025-05-24T00:00:00,MIN vs. OKC,W,7.7,0.0,0.0,0.0,0.0,2.0,4.0,0.0,14.0,1.0,0.0,0.0,1.0,2.0,1,1,1,1,1417,751,705,625,1167,256,578,1,1080,170,1,1,773,1525,1,7:41
2024-25,1630540,Miles McBride,Miles,1610612752,NYK,New York Knicks,0042400302,2025-05-23T00:00:00,NYK vs. IND,L,25.5,0.0,0.0,3.0,2.0,10.0,7.0,6.0,26.0,0.0,0.0,3.0,1.0,7.2,1,871,871,871,789,751,705,204,802,1167,898,944,586,547,1,1145,773,1280,1,25:29
2024-25,1628396,Tony Bradley,Tony,1610612754,IND,Indiana Pacers,0042400302,2025-05-23T00:00:00,IND @ NYK,W,8.1,0.0,0.0,0.0,0.0,4.0,3.0,2.0,10.0,0.0,0.0,1.0,1.0,2.4,1,1,1,1,1406,751,705,625,1167,515,473,358,1249,547,1,400,773,1511,1,8:06
2024-25,1628969,Mikal Bridges,Mikal,1610612752,NYK,New York Knicks,0042400302,2025-05-23T00:00:00,NYK vs. IND,L,45.1,4.0,8.0,2.0,10.0,17.0,15.0,14.0,42.0,0.0,0.0,3.0,1.0,35.4,1,871,871,871,17,171,19,325,175,1575,1571,1578,114,547,1,1145,773,340,1,45:08
2024-25,1629614,Andrew Nembhard,Andrew,1610612754,IND,Indiana Pacers,0042400302,2025-05-23T00:00:00,IND @ NYK,W,36.8,5.0,2.0,2.0,6.0,6.0,13.0,5.0,28.0,0.0,1.0,2.0,2.0,21.6,1,1,1,1,295,107,388,325,404,735,1459,808,514,547,1165,763,505,708,1,36:48
2024-25,1630169,Tyrese Haliburton,Tyrese,1610612754,IND,Indiana Pacers,0042400302,2025-05-23T00:00:00,IND @ NYK,W,35.1,0.0,0.0,0.0,4.0,8.0,11.0,5.0,24.0,0.0,1.0,2.0,2.0,45.1,1,1,1,1,365,751,705,625,582,978,1313,808,678,547,1165,763,505,158,1,35:08
2024-25,1641767,Ben Sheppard,Ben,1610612754,IND,Indiana Pacers,0042400302,2025-05-23T00:00:00,IND @ NYK,W,12.7,3.0,0.0,0.0,0.0,2.0,7.0,0.0,8.0,0.0,0.0,2.0,0.0,7.5,1,1,1,1,1257,271,705,625,1167,256,898,1,1322,547,1,763,1168,1270,1,12:43
2024-25,1628973,Jalen Brunson,Jalen,1610612752,NYK,New York Knicks,0042400302,2025-05-23T00:00:00,NYK vs. IND,L,39.0,0.0,3.0,0.0,8.0,9.0,13.0,12.0,38.0,0.0,2.0,3.0,6.0,56.1,1,871,871,871,202,751,251,625,265,1085,1459,1472,202,547,1564,1145,92,53,1,38:58
2024-25,1627783,Pascal Siakam,Pascal,1610612754,IND,Indiana Pacers,0042400302,2025-05-23T00:00:00,IND @ NYK,W,32.9,5.0,4.0,10.0,18.0,6.0,10.0,2.0,32.0,0.0,0.0,4.0,6.0,51.5,1,1,1,1,492,107,147,7,20,735,1221,358,375,547,1,1412,92,89,1,32:51
2024-25,1629011,Mitchell Robinson,Mitchell,1610612752,NYK,New York Knicks,0042400302,2025-05-23T00:00:00,NYK vs. IND,L,29.3,0.0,2.0,0.0,4.0,10.0,11.0,8.0,26.0,3.0,0.0,2.0,5.0,25.8,1,871,871,871,639,751,388,625,582,1167,1313,1162,586,17,1,763,143,569,1,29:20
2024-25,1628418,Thomas Bryant,Thomas,1610612754,IND,Indiana Pacers,0042400302,2025-05-23T00:00:00,IND @ NYK,W,4.4,0.0,0.0,0.0,0.0,2.0,0.0,3.0,6.0,0.0,0.0,2.0,0.0,-1.0,1,1,1,1,1533,751,705,625,1167,256,1,556,1404,547,1,763,1168,1717,1,4:27
2024-25,1626167,Myles Turner,Myles,1610612754,IND,Indiana Pacers,0042400302,2025-05-23T00:00:00,IND @ NYK,W,32.8,2.0,2.0,0.0,6.0,6.0,14.0,2.0,22.0,2.0,0.0,2.0,6.0,29.1,1,1,1,1,495,423,388,625,404,735,1513,358,754,59,1,763,92,486,1,32:46
2024-25,1628384,OG Anunoby,OG,1610612752,NYK,New York Knicks,0042400302,2025-05-23T00:00:00,NYK vs. IND,L,35.9,2.0,2.0,0.0,8.0,7.0,13.0,10.0,36.0,0.0,0.0,2.0,1.0,28.5,1,871,871,871,333,423,388,625,265,860,1459,1324,246,547,1,763,773,504,1,35:54
2024-25,204456,T.J. McConnell,T.J.,1610612754,IND,Indiana Pacers,0042400302,2025-05-23T00:00:00,IND @ NYK,W,14.5,0.0,4.0,0.0,6.0,6.0,10.0,4.0,22.0,0.0,0.0,2.0,0.0,17.4,1,1,1,1,1187,751,147,625,404,735,1221,665,754,547,1,763,1168,856,1,14:27
2024-25,1631097,Bennedict Mathurin,Bennedict,1610612754,IND,Indiana Pacers,0042400302,2025-05-23T00:00:00,IND @ NYK,W,10.7,0.0,0.0,0.0,0.0,6.0,8.0,3.0,16.0,0.0,1.0,0.0,1.0,0.5,1,1,1,1,1332,751,705,625,1167,735,1028,556,991,547,1165,1,773,1605,1,10:43
2024-25,1626166,Cameron Payne,Cameron,1610612752,NYK,New York Knicks,0042400302,2025-05-23T00:00:00,NYK vs. IND,L,9.0,0.0,0.0,0.0,0.0,8.0,2.0,2.0,10.0,0.0,0.0,0.0,2.0,0.5,1,871,871,871,1383,751,705,625,1167,978,308,358,1249,547,1,1,505,1605,1,9:01
2024-25,1630167,Obi Toppin,Obi,1610612754,IND,Indiana Pacers,0042400302,2025-05-23T00:00:00,IND @ NYK,W,19.4,2.0,0.0,2.0,4.0,6.0,18.0,5.0,18.0,0.0,1.0,2.0,0.0,8.4,1,1,1,1,1001,423,705,325,582,735,1656,808,918,547,1165,763,1168,1243,1,19:22
2024-25,1626157,Karl-Anthony Towns,Karl-Anthony,1610612752,NYK,New York Knicks,0042400302,2025-05-23T00:00:00,NYK vs. IND,L,27.7,4.0,6.0,0.0,8.0,15.0,6.0,8.0,32.0,0.0,1.0,3.0,5.0,27.4,1,871,871,871,700,171,50,625,265,1494,804,1162,375,547,1165,1145,143,532,1,27:41
2024-25,1630174,Aaron Nesmith,Aaron,1610612754,IND,Indiana Pacers,0042400302,2025-05-23T00:00:00,IND @ NYK,W,32.6,0.0,3.0,0.0,4.0,8.0,11.0,4.0,34.0,1.0,0.0,4.0,1.0,25.9,1,1,1,1,499,751,251,625,582,978,1313,665,299,170,1,1412,773,565,1,32:38
2024-25,1628404,Josh Hart,Josh,1610612752,NYK,New York Knicks,0042400302,2025-05-23T00:00:00,NYK vs. IND,L,28.5,2.0,0.0,2.0,4.0,9.0,8.0,10.0,30.0,1.0,0.0,3.0,2.0,18.7,1,871,871,871,672,423,705,325,582,1085,1028,1324,431,170,1,1145,505,817,1,28:30
2024-25,1628983,Shai Gilgeous-Alexander,Shai,1610612760,OKC,Oklahoma City Thunder,0042400312,2025-05-22T00:00:00,OKC vs. MIN,W,41.8,10.0,4.0,3.0,14.0,6.0,8.0,9.0,34.0,0.0,2.0,5.0,9.0,61.6,1,1,1,1,96,12,147,204,65,735,1028,1249,299,547,1564,1609,16,25,1,41:47
2024-25,1631114,Jalen Williams,Jalen,1610612760,OKC,Oklahoma City Thunder,0042400312,2025-05-22T00:00:00,OKC vs. MIN,W,38.8,2.0,2.0,2.0,16.0,10.0,12.0,4.0,34.0,0.0,2.0,1.0,2.0,48.5,1,1,1,1,212,423,388,325,34,1167,1393,665,299,547,1564,400,505,117,1,38:45
2024-25,1629652,Luguentz Dort,Luguentz,1610612760,OKC,Oklahoma City Thunder,0042400312,2025-05-22T00:00:00,OKC vs. MIN,W,34.7,0.0,2.0,0.0,2.0,6.0,8.0,4.0,26.0,0.0,0.0,2.0,2.0,30.6,1,1,1,1,389,751,388,625,802,735,1028,665,586,547,1,763,505,446,1,34:39
2024-25,203944,Julius Randle,Julius,1610612750,MIN,Minnesota Timberwolves,0042400312,2025-05-22T00:00:00,MIN @ OKC,L,32.0,0.0,0.0,0.0,4.0,15.0,8.0,10.0,36.0,0.0,1.0,2.0,2.0,18.5,1,871,871,871,529,751,705,625,582,1494,1028,1324,246,547,1165,763,505,822,1,31:57
2024-25,1630183,Jaden McDaniels,Jaden,1610612750,MIN,Minnesota Timberwolves,0042400312,2025-05-22T00:00:00,MIN @ OKC,L,34.6,2.0,2.0,4.0,8.0,7.0,10.0,3.0,44.0,3.0,1.0,5.0,2.0,32.4,1,871,871,871,390,423,388,124,265,860,1221,556,78,17,1165,1609,505,409,1,34:35
2024-25,1641717,Cason Wallace,Cason,1610612760,OKC,Oklahoma City Thunder,0042400312,2025-05-22T00:00:00,OKC vs. MIN,W,27.8,3.0,2.0,0.0,2.0,6.0,7.0,5.0,24.0,1.0,0.0,1.0,0.0,23.6,1,1,1,1,694,271,388,625,802,735,898,808,678,170,1,400,1168,637,1,27:48
2024-25,1629026,Kenrich Williams,Kenrich,1610612760,OKC,Oklahoma City Thunder,0042400312,2025-05-22T00:00:00,OKC vs. MIN,W,1.5,0.0,0.0,0.0,0.0,0.0,0.0,0.0,2.0,0.0,0.0,0.0,0.0,1.2,1,1,1,1,1685,751,705,625,1167,1,1,1,1551,547,1,1,1168,1559,1,1:30
2024-25,1628978,Donte DiVincenzo,Donte,1610612750,MIN,Minnesota Timberwolves,0042400312,2025-05-22T00:00:00,MIN @ OKC,L,22.1,0.0,0.0,0.0,2.0,17.0,6.0,13.0,24.0,0.0,0.0,2.0,0.0,12.1,1,871,871,871,901,751,705,625,802,1575,804,1521,678,547,1,763,1168,1075,1,22:04
2024-25,1630598,Aaron Wiggins,Aaron,1610612760,OKC,Oklahoma City Thunder,0042400312,2025-05-22T00:00:00,OKC vs. MIN,W,9.9,0.0,0.0,0.0,0.0,4.0,4.0,5.0,14.0,0.0,1.0,1.0,0.0,5.4,1,1,1,1,1354,751,705,625,1167,515,578,808,1080,547,1165,400,1168,1360,1,9:56
2024-25,1627936,Alex Caruso,Alex,1610612760,OKC,Oklahoma City Thunder,0042400312,2025-05-22T00:00:00,OKC vs. MIN,W,24.2,3.0,0.0,5.0,4.0,8.0,5.0,9.0,30.0,0.0,0.0,6.0,1.0,19.4,1,1,1,1,841,271,705,74,582,978,701,1249,431,547,1,1711,773,786,1,24:10
2024-25,203497,Rudy Gobert,Rudy,1610612750,MIN,Minnesota Timberwolves,0042400312,2025-05-22T00:00:00,MIN @ OKC,L,29.7,0.0,3.0,0.0,4.0,7.0,6.0,5.0,36.0,1.0,0.0,2.0,3.0,20.3,1,871,871,871,615,751,251,625,582,860,804,808,246,170,1,763,344,751,1,29:45
2024-25,1631096,Chet Holmgren,Chet,1610612760,OKC,Oklahoma City Thunder,0042400312,2025-05-22T00:00:00,OKC vs. MIN,W,31.7,2.0,2.0,6.0,14.0,6.0,7.0,2.0,28.0,0.0,2.0,2.0,4.0,26.8,1,1,1,1,538,423,388,43,65,735,898,358,514,547,1564,763,227,546,1,31:45
2024-25,1630198,Isaiah Joe,Isaiah,1610612760,OKC,Oklahoma City Thunder,0042400312,2025-05-22T00:00:00,OKC vs. MIN,W,3.0,0.0,0.0,0.0,0.0,0.0,0.0,0.0,4.0,1.0,0.0,0.0,0.0,5.7,1,1,1,1,1607,751,705,625,1167,1,1,1,1472,170,1,1,1168,1348,1,3:02
2024-25,1629638,Nickeil Alexander-Walker,Nickeil,1610612750,MIN,Minnesota Timberwolves,0042400312,2025-05-22T00:00:00,MIN @ OKC,L,25.4,2.0,4.0,2.0,4.0,20.0,10.0,15.0,32.0,0.0,0.0,3.0,3.0,20.4,1,871,871,871,792,423,147,325,582,1658,1221,1619,375,547,1,1145,344,747,1,25:24
2024-25,1629675,Naz Reid,Naz,1610612750,MIN,Minnesota Timberwolves,0042400312,2025-05-22T00:00:00,MIN @ OKC,L,28.1,2.0,1.0,0.0,6.0,18.0,10.0,15.0,34.0,2.0,0.0,3.0,6.0,26.6,1,871,871,871,688,423,671,625,404,1602,1221,1619,299,59,1,1145,92,550,1,28:05
2024-25,1628392,Isaiah Hartenstein,Isaiah,1610612760,OKC,Oklahoma City Thunder,0042400312,2025-05-22T00:00:00,OKC vs. MIN,W,26.6,2.0,2.0,0.0,6.0,4.0,9.0,7.0,24.0,1.0,0.0,4.0,2.0,20.6,1,1,1,1,735,423,388,625,404,515,1128,1055,678,170,1,1412,505,740,1,26:38
2024-25,201144,Mike Conley,Mike,1610612750,MIN,Minnesota Timberwolves,0042400312,2025-05-22T00:00:00,MIN @ OKC,L,28.1,0.0,0.0,0.0,0.0,7.0,10.0,9.0,34.0,0.0,0.0,2.0,0.0,10.1,1,871,871,871,687,751,705,625,1167,860,1221,1249,299,547,1,763,1168,1172,1,28:06
2024-25,1630162,Anthony Edwards,Anthony,1610612750,MIN,Minnesota Timberwolves,0042400312,2025-05-22T00:00:00,MIN @ OKC,L,40.1,4.0,2.0,3.0,16.0,19.0,10.0,10.0,50.0,1.0,1.0,1.0,6.0,54.8,1,871,871,871,150,171,388,204,34,1636,1221,1324,26,170,1165,400,92,65,1,40:04
2024-25,1628404,Josh Hart,Josh,1610612752,NYK,New York Knicks,0042400301,2025-05-21T00:00:00,NYK vs. IND,L,44.1,1.0,0.0,0.0,4.0,23.0,16.0,11.0,42.0,0.0,0.0,4.0,1.0,36.1,1,871,871,871,34,722,705,625,582,1703,1611,1399,114,547,1,1412,773,325,1,44:03
2024-25,1626153,Delon Wright,Delon,1610612752,NYK,New York Knicks,0042400301,2025-05-21T00:00:00,NYK vs. IND,L,0.4,0.0,0.0,0.0,0.0,0.0,0.0,0.0,2.0,0.0,0.0,0.0,0.0,0.0,1,871,871,871,1723,751,705,625,1167,1,1,1,1551,547,1,1,1168,1620,1,0:26
2024-25,204456,T.J. McConnell,T.J.,1610612754,IND,Indiana Pacers,0042400301,2025-05-21T00:00:00,IND @ NYK,W,14.1,0.0,0.0,2.0,8.0,1.0,9.0,0.0,18.0,0.0,1.0,2.0,2.0,16.8,1,1,1,1,1203,751,705,325,265,214,1128,1,918,547,1165,763,505,884,1,14:04
2024-25,1626157,Karl-Anthony Towns,Karl-Anthony,1610612752,NYK,New York Knicks,0042400301,2025-05-21T00:00:00,NYK vs. IND,L,39.1,3.0,10.0,3.0,12.0,16.0,14.0,9.0,28.0,1.0,0.0,4.0,6.0,57.4,1,871,871,871,191,271,5,204,109,1539,1513,1249,514,170,1,1412,92,42,1,39:08
2024-25,1630169,Tyrese Haliburton,Tyrese,1610612754,IND,Indiana Pacers,0042400301,2025-05-21T00:00:00,IND @ NYK,W,42.5,5.0,7.0,0.0,10.0,3.0,15.0,5.0,48.0,0.0,1.0,3.0,2.0,53.3,1,1,1,1,67,107,31,625,175,431,1571,808,43,547,1165,1145,505,75,1,42:27
2024-25,1628418,Thomas Bryant,Thomas,1610612754,IND,Indiana Pacers,0042400301,2025-05-21T00:00:00,IND @ NYK,W,12.9,2.0,2.0,0.0,2.0,1.0,9.0,0.0,14.0,0.0,1.0,1.0,1.0,6.4,1,1,1,1,1252,423,388,625,802,214,1128,1,1080,547,1165,400,773,1312,1,12:54
2024-25,1626167,Myles Turner,Myles,1610612754,IND,Indiana Pacers,0042400301,2025-05-21T00:00:00,IND @ NYK,W,31.3,2.0,0.0,0.0,2.0,3.0,12.0,5.0,40.0,1.0,0.0,2.0,2.0,28.0,1,1,1,1,553,423,705,625,802,431,1393,808,162,170,1,763,505,520,1,31:19
2024-25,1626166,Cameron Payne,Cameron,1610612752,NYK,New York Knicks,0042400301,2025-05-21T00:00:00,NYK vs. IND,L,9.5,0.0,0.0,0.0,0.0,4.0,7.0,4.0,6.0,0.0,0.0,3.0,0.0,8.7,1,871,871,871,1368,751,705,625,1167,515,898,665,1404,547,1,1145,1168,1228,1,9:33
2024-25,1628969,Mikal Bridges,Mikal,1610612752,NYK,New York Knicks,0042400301,2025-05-21T00:00:00,NYK vs. IND,L,46.3,0.0,4.0,0.0,16.0,25.0,23.0,11.0,42.0,2.0,1.0,0.0,2.0,36.7,1,871,871,871,8,751,147,625,34,1717,1718,1399,114,59,1165,1,505,306,1,46:18
2024-25,1630174,Aaron Nesmith,Aaron,1610612754,IND,Indiana Pacers,0042400301,2025-05-21T00:00:00,IND @ NYK,W,38.5,6.0,3.0,2.0,0.0,4.0,16.0,5.0,50.0,2.0,0.0,5.0,7.0,41.4,1,1,1,1,219,67,251,325,1167,515,1611,808,26,59,1,1609,53,210,1,38:30
2024-25,1641767,Ben Sheppard,Ben,1610612754,IND,Indiana Pacers,0042400301,2025-05-21T00:00:00,IND @ NYK,W,7.3,0.0,0.0,0.0,0.0,0.0,4.0,0.0,8.0,0.0,0.0,1.0,0.0,1.5,1,1,1,1,1439,751,705,625,1167,1,578,1,1322,547,1,400,1168,1549,1,7:15
2024-25,1630540,Miles McBride,Miles,1610612752,NYK,New York Knicks,0042400301,2025-05-21T00:00:00,NYK vs. IND,L,25.5,0.0,3.0,0.0,0.0,16.0,9.0,6.0,22.0,1.0,0.0,1.0,2.0,15.9,1,871,871,871,788,751,251,625,1167,1539,1128,944,754,170,1,400,505,921,1,25:30
2024-25,1628973,Jalen Brunson,Jalen,1610612752,NYK,New York Knicks,0042400301,2025-05-21T00:00:00,NYK vs. IND,L,37.5,0.0,4.0,0.0,20.0,16.0,16.0,9.0,36.0,0.0,1.0,5.0,9.0,44.7,1,871,871,871,254,751,147,625,13,1539,1611,1249,246,547,1165,1609,16,163,1,37:33
2024-25,1631097,Bennedict Mathurin,Bennedict,1610612754,IND,Indiana Pacers,0042400301,2025-05-21T00:00:00,IND @ NYK,W,21.1,2.0,5.0,0.0,2.0,1.0,11.0,0.0,22.0,0.0,0.0,1.0,3.0,12.6,1,1,1,1,935,423,90,625,802,214,1313,1,754,547,1,400,344,1058,1,21:08
2024-25,1630167,Obi Toppin,Obi,1610612754,IND,Indiana Pacers,0042400301,2025-05-21T00:00:00,IND @ NYK,W,19.6,2.0,4.0,0.0,8.0,0.0,5.0,0.0,16.0,0.0,1.0,2.0,1.0,23.0,1,1,1,1,988,423,147,625,265,1,701,1,991,547,1165,763,773,657,1,19:36
2024-25,1627783,Pascal Siakam,Pascal,1610612754,IND,Indiana Pacers,0042400301,2025-05-21T00:00:00,IND @ NYK,W,42.7,6.0,2.0,6.0,12.0,4.0,16.0,5.0,56.0,0.0,3.0,2.0,3.0,38.0,1,1,1,1,62,67,388,43,109,515,1611,808,7,547,1689,763,344,278,1,42:44
2024-25,1629614,Andrew Nembhard,Andrew,1610612754,IND,Indiana Pacers,0042400301,2025-05-21T00:00:00,IND @ NYK,W,35.0,2.0,0.0,3.0,6.0,3.0,8.0,5.0,38.0,0.0,1.0,5.0,2.0,22.8,1,1,1,1,370,423,705,204,404,431,1028,808,202,547,1165,1609,505,670,1,35:03
2024-25,1629011,Mitchell Robinson,Mitchell,1610612752,NYK,New York Knicks,0042400301,2025-05-21T00:00:00,NYK vs. IND,L,20.9,0.0,0.0,0.0,2.0,13.0,11.0,4.0,26.0,1.0,0.0,1.0,2.0,19.1,1,871,871,871,951,751,705,625,802,1382,1313,665,586,170,1,400,505,799,1,20:53
2024-25,1628384,OG Anunoby,OG,1610612752,NYK,New York Knicks,0042400301,2025-05-21T00:00:00,NYK vs. IND,L,41.6,0.0,0.0,2.0,8.0,22.0,19.0,11.0,46.0,3.0,1.0,5.0,2.0,37.6,1,871,871,871,100,751,705,325,265,1695,1674,1399,52,17,1165,1609,505,288,1,41:36
2024-25,1630162,Anthony Edwards,Anthony,1610612750,MIN,Minnesota Timberwolves,0042400311,2025-05-20T00:00:00,MIN @ OKC,L,36.6,0.0,0.0,0.0,2.0,28.0,6.0,9.0,46.0,1.0,0.0,4.0,3.0,32.3,1,871,871,871,300,751,705,625,802,1727,804,1249,52,170,1,1412,344,412,1,36:34
2024-25,201144,Mike Conley,Mike,1610612750,MIN,Minnesota Timberwolves,0042400311,2025-05-20T00:00:00,MIN @ OKC,L,22.9,0.0,0.0,0.0,2.0,11.0,5.0,4.0,26.0,0.0,0.0,1.0,3.0,15.1,1,871,871,871,871,751,705,625,802,1253,701,665,586,547,1,400,344,957,1,22:53
2024-25,1630183,Jaden McDaniels,Jaden,1610612750,MIN,Minnesota Timberwolves,0042400311,2025-05-20T00:00:00,MIN @ OKC,L,23.7,2.0,0.0,0.0,2.0,17.0,4.0,9.0,28.0,1.0,0.0,6.0,0.0,21.7,1,871,871,871,851,423,705,625,802,1575,578,1249,514,170,1,1711,1168,702,1,23:45
2024-25,1629675,Naz Reid,Naz,1610612750,MIN,Minnesota Timberwolves,0042400311,2025-05-20T00:00:00,MIN @ OKC,L,27.8,0.0,0.0,0.0,2.0,23.0,4.0,6.0,28.0,1.0,1.0,2.0,1.0,19.6,1,871,871,871,696,751,705,625,802,1703,578,944,514,170,1165,763,773,776,1,27:45
2024-25,1627936,Alex Caruso,Alex,1610612760,OKC,Oklahoma City Thunder,0042400311,2025-05-20T00:00:00,OKC vs. MIN,W,21.5,6.0,3.0,0.0,0.0,6.0,10.0,0.0,8.0,0.0,1.0,3.0,1.0,11.6,1,1,1,1,920,67,251,625,1167,735,1221,1,1322,547,1165,1145,773,1097,1,21:30
2024-25,1630198,Isaiah Joe,Isaiah,1610612760,OKC,Oklahoma City Thunder,0042400311,2025-05-20T00:00:00,OKC vs. MIN,W,13.5,5.0,2.0,2.0,0.0,1.0,2.0,0.0,4.0,0.0,0.0,1.0,2.0,18.1,1,1,1,1,1229,107,388,325,1167,214,308,1,1472,547,1,400,505,831,1,13:29
2024-25,1630598,Aaron Wiggins,Aaron,1610612760,OKC,Oklahoma City Thunder,0042400311,2025-05-20T00:00:00,OKC vs. MIN,W,13.0,0.0,0.0,0.0,2.0,0.0,8.0,0.0,4.0,0.0,0.0,1.0,0.0,5.6,1,1,1,1,1251,751,705,625,802,1,1028,1,1472,547,1,400,1168,1354,1,12:57
2024-25,1631169,Josh Minott,Josh,1610612750,MIN,Minnesota Timberwolves,0042400311,2025-05-20T00:00:00,MIN @ OKC,L,2.0,0.0,0.0,0.0,0.0,0.0,0.0,3.0,0.0,0.0,0.0,1.0,0.0,0.0,1,871,871,871,1653,751,705,625,1167,1,1,556,1643,547,1,400,1168,1620,1,2:01
2024-25,1631172,Ousmane Dieng,Ousmane,1610612760,OKC,Oklahoma City Thunder,0042400311,2025-05-20T00:00:00,OKC vs. MIN,W,2.0,0.0,0.0,0.0,0.0,0.0,0.0,0.0,0.0,0.0,0.0,0.0,0.0,0.0,1,1,1,1,1667,751,705,625,1167,1,1,1,1643,547,1,1,1168,1620,1,1:58
2024-25,1631114,Jalen Williams,Jalen,1610612760,OKC,Oklahoma City Thunder,0042400311,2025-05-20T00:00:00,OKC vs. MIN,W,33.1,6.0,0.0,2.0,12.0,6.0,8.0,0.0,16.0,0.0,3.0,2.0,3.0,51.1,1,1,1,1,470,67,705,325,109,735,1028,1,991,547,1689,763,344,91,1,33:08
2024-25,1629638,Nickeil Alexander-Walker,Nickeil,1610612750,MIN,Minnesota Timberwolves,0042400311,2025-05-20T00:00:00,MIN @ OKC,L,27.6,2.0,0.0,0.0,2.0,17.0,7.0,3.0,34.0,2.0,0.0,0.0,2.0,16.4,1,871,871,871,705,423,705,625,802,1575,898,556,299,59,1,1,505,901,1,27:36
2024-25,1641740,Jaylen Clark,Jaylen,1610612750,MIN,Minnesota Timberwolves,0042400311,2025-05-20T00:00:00,MIN @ OKC,L,6.3,1.0,2.0,0.0,2.0,3.0,0.0,3.0,0.0,0.0,0.0,0.0,2.0,5.4,1,871,871,871,1471,722,388,625,802,431,1,556,1643,547,1,1,505,1360,1,6:19
2024-25,1631096,Chet Holmgren,Chet,1610612760,OKC,Oklahoma City Thunder,0042400311,2025-05-20T00:00:00,OKC vs. MIN,W,25.8,2.0,2.0,0.0,10.0,8.0,7.0,0.0,14.0,2.0,0.0,0.0,4.0,35.9,1,1,1,1,771,423,388,625,175,978,898,1,1080,59,1,1,227,331,1,25:50
2024-25,1630545,Terrence Shannon Jr.,Terrence,1610612750,MIN,Minnesota Timberwolves,0042400311,2025-05-20T00:00:00,MIN @ OKC,L,2.0,0.0,0.0,0.0,0.0,0.0,0.0,3.0,0.0,0.0,0.0,0.0,0.0,2.0,1,871,871,871,1653,751,705,625,1167,1,1,556,1643,547,1,1,1168,1525,1,2:01
2024-25,203497,Rudy Gobert,Rudy,1610612750,MIN,Minnesota Timberwolves,0042400311,2025-05-20T00:00:00,MIN @ OKC,L,21.3,0.0,0.0,0.0,2.0,5.0,3.0,0.0,26.0,1.0,1.0,2.0,2.0,12.1,1,871,871,871,927,751,705,625,802,633,473,1,586,170,1165,763,505,1075,1,21:20
2024-25,1628978,Donte DiVincenzo,Donte,1610612750,MIN,Minnesota Timberwolves,0042400311,2025-05-20T00:00:00,MIN @ OKC,L,30.1,3.0,3.0,0.0,0.0,23.0,7.0,5.0,34.0,1.0,1.0,3.0,1.0,21.2,1,871,871,871,598,271,251,625,1167,1703,898,808,299,170,1165,1145,773,723,1,30:04
2024-25,1642265,Rob Dillingham,Rob,1610612750,MIN,Minnesota Timberwolves,0042400311,2025-05-20T00:00:00,MIN @ OKC,L,2.0,0.0,0.0,0.0,0.0,0.0,0.0,3.0,0.0,0.0,0.0,0.0,1.0,1.5,1,871,871,871,1653,751,705,625,1167,1,1,556,1643,547,1,1,773,1549,1,2:01
2024-25,1628392,Isaiah Hartenstein,Isaiah,1610612760,OKC,Oklahoma City Thunder,0042400311,2025-05-20T00:00:00,OKC vs. MIN,W,19.8,4.0,0.0,2.0,12.0,4.0,3.0,0.0,6.0,0.0,1.0,4.0,0.0,18.0,1,1,1,1,980,171,705,325,109,515,473,1,1404,547,1165,1412,1168,837,1,19:45
2024-25,1641794,Dillon Jones,Dillon,1610612760,OKC,Oklahoma City Thunder,0042400311,2025-05-20T00:00:00,OKC vs. MIN,W,1.4,0.0,0.0,3.0,0.0,0.0,0.0,0.0,0.0,0.0,0.0,0.0,0.0,4.5,1,1,1,1,1688,751,705,204,1167,1,1,1,1643,547,1,1,1168,1413,1,1:26
2024-25,1642349,Ajay Mitchell,Ajay,1610612760,OKC,Oklahoma City Thunder,0042400311,2025-05-20T00:00:00,OKC vs. MIN,W,2.0,0.0,0.0,0.0,0.0,0.0,0.0,0.0,0.0,0.0,0.0,0.0,0.0,1.5,1,1,1,1,1653,751,705,625,1167,1,1,1,1643,547,1,1,1168,1549,1,2:01
2024-25,1629026,Kenrich Williams,Kenrich,1610612760,OKC,Oklahoma City Thunder,0042400311,2025-05-20T00:00:00,OKC vs. MIN,W,9.6,0.0,0.0,0.0,0.0,3.0,2.0,0.0,4.0,0.0,0.0,3.0,0.0,10.6,1,1,1,1,1367,751,705,625,1167,431,308,1,1472,547,1,1145,1168,1147,1,9:35
2024-25,1630568,Luka Garza,Luka,1610612750,MIN,Minnesota Timberwolves,0042400311,2025-05-20T00:00:00,MIN @ OKC,L,2.0,0.0,0.0,0.0,0.0,0.0,0.0,3.0,0.0,0.0,0.0,0.0,0.0,0.0,1,871,871,871,1653,751,705,625,1167,1,1,556,1643,547,1,1,1168,1620,1,2:01
2024-25,1628983,Shai Gilgeous-Alexander,Shai,1610612760,OKC,Oklahoma City Thunder,0042400311,2025-05-20T00:00:00,OKC vs. MIN,W,37.7,5.0,2.0,3.0,16.0,10.0,6.0,0.0,16.0,0.0,2.0,1.0,12.0,57.5,1,1,1,1,249,107,388,204,34,1167,804,1,991,547,1564,400,4,41,1,37:42
2024-25,203944,Julius Randle,Julius,1610612750,MIN,Minnesota Timberwolves,0042400311,2025-05-20T00:00:00,MIN @ OKC,L,35.7,2.0,7.0,0.0,6.0,28.0,9.0,9.0,48.0,0.0,0.0,3.0,7.0,37.1,1,871,871,871,349,423,31,625,404,1727,1128,1249,43,547,1,1145,53,297,1,35:40
2024-25,1629652,Luguentz Dort,Luguentz,1610612760,OKC,Oklahoma City Thunder,0042400311,2025-05-20T00:00:00,OKC vs. MIN,W,27.6,3.0,0.0,0.0,2.0,6.0,4.0,0.0,12.0,1.0,0.0,5.0,0.0,14.2,1,1,1,1,707,271,705,625,802,735,578,1,1167,170,1,1609,1168,1000,1,27:35
2024-25,1641717,Cason Wallace,Cason,1610612760,OKC,Oklahoma City Thunder,0042400311,2025-05-20T00:00:00,OKC vs. MIN,W,33.1,0.0,0.0,0.0,0.0,6.0,10.0,0.0,16.0,0.0,0.0,2.0,0.0,17.1,1,1,1,1,476,751,705,625,1167,735,1221,1,991,547,1,763,1168,871,1,33:04
2024-25,1631119,Jaylin Williams,Jaylin,1610612760,OKC,Oklahoma City Thunder,0042400227,2025-05-18T00:00:00,OKC vs. DEN,W,7.7,0.0,0.0,0.0,0.0,3.0,5.0,5.0,6.0,0.0,1.0,0.0,0.0,6.9,1,1,1,1,1419,751,705,625,1167,431,701,808,1404,547,1165,1,1168,1293,1,7:40
2024-25,1629652,Luguentz Dort,Luguentz,1610612760,OKC,Oklahoma City Thunder,0042400227,2025-05-18T00:00:00,OKC vs. DEN,W,17.3,0.0,2.0,0.0,2.0,2.0,5.0,5.0,18.0,0.0,0.0,3.0,2.0,19.0,1,1,1,1,1084,751,388,625,802,256,701,808,918,547,1,1145,505,801,1,17:15
2024-25,1630198,Isaiah Joe,Isaiah,1610612760,OKC,Oklahoma City Thunder,0042400227,2025-05-18T00:00:00,OKC vs. DEN,W,3.6,2.0,0.0,2.0,0.0,0.0,2.0,2.0,4.0,0.0,0.0,2.0,1.0,9.5,1,1,1,1,1576,423,705,325,1167,1,308,358,1472,547,1,763,773,1199,1,3:33
2024-25,1631172,Ousmane Dieng,Ousmane,1610612760,OKC,Oklahoma City Thunder,0042400227,2025-05-18T00:00:00,OKC vs. DEN,W,4.1,0.0,0.0,0.0,0.0,3.0,3.0,3.0,2.0,0.0,0.0,0.0,0.0,1.2,1,1,1,1,1547,751,705,625,1167,431,473,556,1551,547,1,1,1168,1559,1,4:07
2024-25,1631128,Christian Braun,Christian,1610612743,DEN,Denver Nuggets,0042400227,2025-05-18T00:00:00,DEN @ OKC,L,32.8,0.0,0.0,4.0,10.0,25.0,12.0,22.0,58.0,0.0,0.0,5.0,3.0,29.3,1,871,871,871,494,751,705,124,175,1717,1393,1716,4,547,1,1609,344,478,1,32:48
2024-25,1630598,Aaron Wiggins,Aaron,1610612760,OKC,Oklahoma City Thunder,0042400227,2025-05-18T00:00:00,OKC vs. DEN,W,19.4,2.0,2.0,0.0,2.0,2.0,4.0,9.0,12.0,1.0,0.0,2.0,0.0,26.3,1,1,1,1,1002,423,388,625,802,256,578,1249,1167,170,1,763,1168,553,1,19:22
2024-25,203932,Aaron Gordon,Aaron,1610612743,DEN,Denver Nuggets,0042400227,2025-05-18T00:00:00,DEN @ OKC,L,24.5,0.0,2.0,3.0,2.0,18.0,7.0,12.0,40.0,0.0,0.0,1.0,3.0,17.2,1,871,871,871,827,751,388,204,802,1602,898,1472,162,547,1,400,344,864,1,24:30
2024-25,1629618,Jalen Pickett,Jalen,1610612743,DEN,Denver Nuggets,0042400227,2025-05-18T00:00:00,DEN @ OKC,L,9.6,3.0,0.0,3.0,0.0,10.0,3.0,3.0,2.0,0.0,0.0,0.0,1.0,11.4,1,871,871,871,1363,271,705,204,1167,1167,473,556,1551,547,1,1,773,1109,1,9:36
2024-25,1642349,Ajay Mitchell,Ajay,1610612760,OKC,Oklahoma City Thunder,0042400227,2025-05-18T00:00:00,OKC vs. DEN,W,7.7,3.0,3.0,0.0,2.0,3.0,5.0,5.0,6.0,0.0,0.0,1.0,1.0,5.2,1,1,1,1,1419,271,251,625,802,431,701,808,1404,547,1,400,773,1371,1,7:40
2024-25,1631124,Julian Strawther,Julian,1610612743,DEN,Denver Nuggets,0042400227,2025-05-18T00:00:00,DEN @ OKC,L,17.6,2.0,0.0,2.0,6.0,18.0,11.0,9.0,14.0,0.0,0.0,0.0,0.0,9.6,1,871,871,871,1076,423,705,325,404,1602,1313,1249,1080,547,1,1,1168,1192,1,17:33
2024-25,1631212,Peyton Watson,Peyton,1610612743,DEN,Denver Nuggets,0042400227,2025-05-18T00:00:00,DEN @ OKC,L,19.8,0.0,2.0,0.0,2.0,18.0,14.0,11.0,26.0,1.0,1.0,1.0,3.0,12.8,1,871,871,871,979,751,388,625,802,1602,1513,1399,586,170,1165,400,344,1052,1,19:46
2024-25,1631096,Chet Holmgren,Chet,1610612760,OKC,Oklahoma City Thunder,0042400227,2025-05-18T00:00:00,OKC vs. DEN,W,28.5,2.0,5.0,0.0,8.0,2.0,5.0,2.0,26.0,1.0,0.0,3.0,3.0,31.7,1,1,1,1,676,423,90,625,265,256,701,358,586,170,1,1145,344,425,1,28:27
2024-25,1627936,Alex Caruso,Alex,1610612760,OKC,Oklahoma City Thunder,0042400227,2025-05-18T00:00:00,OKC vs. DEN,W,25.7,4.0,0.0,6.0,8.0,2.0,2.0,3.0,20.0,0.0,0.0,3.0,1.0,24.5,1,1,1,1,773,171,705,43,265,256,308,556,832,547,1,1145,773,604,1,25:45
2024-25,1631114,Jalen Williams,Jalen,1610612760,OKC,Oklahoma City Thunder,0042400227,2025-05-18T00:00:00,OKC vs. DEN,W,32.7,6.0,2.0,6.0,16.0,2.0,9.0,9.0,30.0,0.0,0.0,0.0,2.0,42.5,1,1,1,1,497,67,388,43,34,256,1128,1249,431,547,1,1,505,190,1,32:42
2024-25,1641717,Cason Wallace,Cason,1610612760,OKC,Oklahoma City Thunder,0042400227,2025-05-18T00:00:00,OKC vs. DEN,W,28.6,0.0,0.0,4.0,4.0,4.0,6.0,4.0,22.0,0.0,1.0,1.0,0.0,23.1,1,1,1,1,669,751,705,124,582,515,804,665,754,547,1165,400,1168,653,1,28:35
2024-25,1630192,Zeke Nnaji,Zeke,1610612743,DEN,Denver Nuggets,0042400227,2025-05-18T00:00:00,DEN @ OKC,L,9.6,0.0,0.0,0.0,0.0,10.0,3.0,3.0,2.0,0.0,0.0,1.0,0.0,2.4,1,871,871,871,1363,751,705,625,1167,1167,473,556,1551,547,1,400,1168,1511,1,9:36
2024-25,1627750,Jamal Murray,Jamal,1610612743,DEN,Denver Nuggets,0042400227,2025-05-18T00:00:00,DEN @ OKC,L,34.8,0.0,4.0,0.0,6.0,25.0,10.0,22.0,52.0,1.0,1.0,1.0,0.0,27.2,1,871,871,871,382,751,147,625,404,1717,1221,1716,14,170,1165,400,1168,536,1,34:45
2024-25,1641794,Dillon Jones,Dillon,1610612760,OKC,Oklahoma City Thunder,0042400227,2025-05-18T00:00:00,OKC vs. DEN,W,4.1,0.0,0.0,0.0,0.0,3.0,3.0,3.0,2.0,0.0,0.0,0.0,0.0,-0.8,1,1,1,1,1547,751,705,625,1167,431,473,556,1551,547,1,1,1168,1715,1,4:07
2024-25,1629026,Kenrich Williams,Kenrich,1610612760,OKC,Oklahoma City Thunder,0042400227,2025-05-18T00:00:00,OKC vs. DEN,W,7.7,0.0,0.0,1.0,0.0,3.0,5.0,5.0,6.0,0.0,0.0,0.0,1.0,2.2,1,1,1,1,1419,751,705,600,1167,431,701,808,1404,547,1,1,773,1518,1,7:40
2024-25,1629008,Michael Porter Jr.,Michael,1610612743,DEN,Denver Nuggets,0042400227,2025-05-18T00:00:00,DEN @ OKC,L,23.2,2.0,2.0,0.0,6.0,21.0,8.0,14.0,34.0,0.0,0.0,2.0,0.0,14.1,1,871,871,871,861,423,388,625,404,1680,1028,1578,299,547,1,763,1168,1007,1,23:12
2024-25,1628983,Shai Gilgeous-Alexander,Shai,1610612760,OKC,Oklahoma City Thunder,0042400227,2025-05-18T00:00:00,OKC vs. DEN,W,36.0,18.0,1.0,8.0,12.0,4.0,9.0,6.0,36.0,1.0,0.0,2.0,6.0,56.6,1,1,1,1,327,1,671,18,109,515,1128,944,246,170,1,763,92,49,1,36:03
2024-25,1628392,Isaiah Hartenstein,Isaiah,1610612760,OKC,Oklahoma City Thunder,0042400227,2025-05-18T00:00:00,OKC vs. DEN,W,17.1,2.0,4.0,0.0,10.0,2.0,7.0,9.0,20.0,0.0,0.0,2.0,2.0,19.9,1,1,1,1,1091,423,147,625,175,256,898,1249,832,547,1,763,505,762,1,17:05
2024-25,1641816,Hunter Tyson,Hunter,1610612743,DEN,Denver Nuggets,0042400227,2025-05-18T00:00:00,DEN @ OKC,L,9.6,0.0,3.0,0.0,2.0,10.0,3.0,3.0,2.0,0.0,0.0,2.0,1.0,10.1,1,871,871,871,1363,751,251,625,802,1167,473,556,1551,547,1,763,773,1172,1,9:36
2024-25,201566,Russell Westbrook,Russell,1610612743,DEN,Denver Nuggets,0042400227,2025-05-18T00:00:00,DEN @ OKC,L,21.8,0.0,0.0,0.0,0.0,15.0,13.0,14.0,36.0,0.0,1.0,3.0,0.0,11.0,1,871,871,871,908,751,705,625,1167,1494,1459,1578,246,547,1165,1145,1168,1130,1,21:49
2024-25,203999,Nikola Jokić,Nikola,1610612743,DEN,Denver Nuggets,0042400227,2025-05-18T00:00:00,DEN @ OKC,L,36.8,0.0,1.0,2.0,8.0,25.0,11.0,22.0,54.0,0.0,0.0,3.0,8.0,36.3,1,871,871,871,292,751,671,325,265,1717,1313,1716,11,547,1,1145,26,316,1,36:49
2024-25,1628401,Derrick White,Derrick,1610612738,BOS,Boston Celtics,0042400216,2025-05-16T00:00:00,BOS @ NYK,L,30.2,0.0,0.0,3.0,2.0,20.0,16.0,13.0,38.0,0.0,1.0,2.0,6.0,14.2,1,871,871,871,591,751,705,204,802,1658,1611,1521,202,547,1165,763,92,1000,1,30:13
2024-25,1641775,Jordan Walsh,Jordan,1610612738,BOS,Boston Celtics,0042400216,2025-05-16T00:00:00,BOS @ NYK,L,5.6,0.0,0.0,0.0,0.0,2.0,2.0,5.0,4.0,0.0,0.0,0.0,1.0,1.2,1,871,871,871,1487,751,705,625,1167,256,308,808,1472,547,1,1,773,1559,1,5:37
2024-25,1629013,Landry Shamet,Landry,1610612752,NYK,New York Knicks,0042400216,2025-05-16T00:00:00,NYK vs. BOS,W,5.0,0.0,0.0,0.0,0.0,2.0,2.0,0.0,4.0,0.0,0.0,0.0,0.0,1.2,1,1,1,1,1512,751,705,625,1167,256,308,1,1472,547,1,1,1168,1559,1,5:02
2024-25,1631248,Baylor Scheierman,Baylor,1610612738,BOS,Boston Celtics,0042400216,2025-05-16T00:00:00,BOS @ NYK,L,13.8,0.0,0.0,0.0,2.0,2.0,5.0,10.0,6.0,0.0,0.0,0.0,0.0,6.4,1,871,871,871,1214,751,705,625,802,256,701,1324,1404,547,1,1,1168,1312,1,13:49
2024-25,1630573,Sam Hauser,Sam,1610612738,BOS,Boston Celtics,0042400216,2025-05-16T00:00:00,BOS @ NYK,L,14.8,0.0,0.0,0.0,2.0,3.0,14.0,5.0,10.0,0.0,0.0,2.0,3.0,9.6,1,871,871,871,1168,751,705,625,802,431,1513,808,1249,547,1,763,344,1192,1,14:51
2024-25,201950,Jrue Holiday,Jrue,1610612738,BOS,Boston Celtics,0042400216,2025-05-16T00:00:00,BOS @ NYK,L,29.7,0.0,0.0,0.0,2.0,14.0,15.0,13.0,38.0,0.0,0.0,2.0,3.0,14.3,1,871,871,871,617,751,705,625,802,1443,1571,1521,202,547,1,763,344,993,1,29:44
2024-25,1628384,OG Anunoby,OG,1610612752,NYK,New York Knicks,0042400216,2025-05-16T00:00:00,NYK vs. BOS,W,37.3,0.0,5.0,3.0,6.0,8.0,6.0,8.0,30.0,2.0,1.0,2.0,5.0,45.8,1,1,1,1,266,751,90,204,404,978,804,1162,431,59,1165,763,143,146,1,37:18
2024-25,1642278,Tyler Kolek,Tyler,1610612752,NYK,New York Knicks,0042400216,2025-05-16T00:00:00,NYK vs. BOS,W,2.0,0.0,0.0,3.0,0.0,0.0,0.0,0.0,0.0,0.0,0.0,0.0,0.0,4.2,1,1,1,1,1651,751,705,204,1167,1,1,1,1643,547,1,1,1168,1432,1,2:02
2024-25,200782,P.J. Tucker,P.J.,1610612752,NYK,New York Knicks,0042400216,2025-05-16T00:00:00,NYK vs. BOS,W,4.4,0.0,0.0,0.0,0.0,0.0,2.0,0.0,2.0,0.0,0.0,1.0,0.0,0.0,1,1,1,1,1536,751,705,625,1167,1,308,1,1551,547,1,400,1168,1620,1,4:22
2024-25,1630173,Precious Achiuwa,Precious,1610612752,NYK,New York Knicks,0042400216,2025-05-16T00:00:00,NYK vs. BOS,W,9.5,2.0,2.0,2.0,4.0,2.0,4.0,0.0,8.0,0.0,0.0,0.0,1.0,8.6,1,1,1,1,1370,423,388,325,582,256,578,1,1322,547,1,1,773,1238,1,9:27
2024-25,1628969,Mikal Bridges,Mikal,1610612752,NYK,New York Knicks,0042400216,2025-05-16T00:00:00,NYK vs. BOS,W,29.8,5.0,4.0,8.0,8.0,6.0,9.0,8.0,22.0,2.0,0.0,5.0,1.0,38.3,1,1,1,1,607,107,147,18,265,735,1128,1162,754,59,1,1609,773,274,1,29:50
2024-25,1631120,JD Davison,JD,1610612738,BOS,Boston Celtics,0042400216,2025-05-16T00:00:00,BOS @ NYK,L,5.6,0.0,0.0,0.0,0.0,2.0,2.0,5.0,4.0,0.0,0.0,0.0,1.0,0.0,1,871,871,871,1487,751,705,625,1167,256,308,808,1472,547,1,1,773,1620,1,5:37
2024-25,1628436,Luke Kornet,Luke,1610612738,BOS,Boston Celtics,0042400216,2025-05-16T00:00:00,BOS @ NYK,L,20.6,0.0,2.0,0.0,4.0,5.0,8.0,10.0,20.0,1.0,1.0,2.0,2.0,13.5,1,871,871,871,961,751,388,625,582,633,1028,1324,832,170,1165,763,505,1036,1,20:34
2024-25,204001,Kristaps Porziņģis,Kristaps,1610612738,BOS,Boston Celtics,0042400216,2025-05-16T00:00:00,BOS @ NYK,L,11.5,0.0,0.0,0.0,0.0,10.0,11.0,5.0,16.0,1.0,0.0,2.0,2.0,13.0,1,871,871,871,1306,751,705,625,1167,1167,1313,808,991,170,1,763,505,1047,1,11:28
2024-25,1629674,Neemias Queta,Neemias,1610612738,BOS,Boston Celtics,0042400216,2025-05-16T00:00:00,BOS @ NYK,L,4.4,0.0,2.0,0.0,2.0,2.0,0.0,5.0,2.0,0.0,1.0,1.0,0.0,6.2,1,871,871,871,1536,751,388,625,802,256,1,808,1551,547,1165,400,1168,1325,1,4:22
2024-25,1628404,Josh Hart,Josh,1610612752,NYK,New York Knicks,0042400216,2025-05-16T00:00:00,NYK vs. BOS,W,33.0,0.0,0.0,5.0,4.0,4.0,5.0,8.0,18.0,0.0,1.0,4.0,5.0,37.7,1,1,1,1,486,751,705,74,582,515,701,1162,918,547,1165,1412,143,284,1,32:58
2024-25,1628973,Jalen Brunson,Jalen,1610612752,NYK,New York Knicks,0042400216,2025-05-16T00:00:00,NYK vs. BOS,W,34.5,5.0,5.0,0.0,8.0,6.0,7.0,8.0,22.0,0.0,0.0,2.0,5.0,37.2,1,1,1,1,397,107,90,625,265,735,898,1162,754,547,1,763,143,295,1,34:30
2024-25,1628470,Torrey Craig,Torrey,1610612738,BOS,Boston Celtics,0042400216,2025-05-16T00:00:00,BOS @ NYK,L,9.5,0.0,3.0,0.0,0.0,0.0,5.0,5.0,4.0,0.0,0.0,1.0,1.0,8.7,1,871,871,871,1370,751,251,625,1167,1,701,808,1472,547,1,400,773,1228,1,9:27
2024-25,1629011,Mitchell Robinson,Mitchell,1610612752,NYK,New York Knicks,0042400216,2025-05-16T00:00:00,NYK vs. BOS,W,13.5,0.0,0.0,0.0,0.0,0.0,3.0,0.0,10.0,0.0,0.0,3.0,1.0,8.8,1,1,1,1,1227,751,705,625,1167,1,473,1,1249,547,1,1145,773,1226,1,13:31
2024-25,1626157,Karl-Anthony Towns,Karl-Anthony,1610612752,NYK,New York Knicks,0042400216,2025-05-16T00:00:00,NYK vs. BOS,W,34.7,8.0,7.0,0.0,14.0,6.0,6.0,8.0,24.0,0.0,1.0,4.0,4.0,36.9,1,1,1,1,385,29,31,625,65,735,804,1162,678,547,1165,1412,227,303,1,34:43
2024-25,1626166,Cameron Payne,Cameron,1610612752,NYK,New York Knicks,0042400216,2025-05-16T00:00:00,NYK vs. BOS,W,4.4,0.0,0.0,0.0,0.0,0.0,2.0,0.0,2.0,1.0,0.0,1.0,0.0,8.9,1,1,1,1,1536,751,705,625,1167,1,308,1,1551,170,1,400,1168,1222,1,4:22
2024-25,1630540,Miles McBride,Miles,1610612752,NYK,New York Knicks,0042400216,2025-05-16T00:00:00,NYK vs. BOS,W,31.9,2.0,2.0,2.0,4.0,6.0,9.0,0.0,28.0,1.0,0.0,1.0,0.0,19.9,1,1,1,1,531,423,388,325,582,735,1128,1,514,170,1,400,1168,762,1,31:55
2024-25,1630214,Xavier Tillman,Xavier,1610612738,BOS,Boston Celtics,0042400216,2025-05-16T00:00:00,BOS @ NYK,L,8.4,2.0,0.0,0.0,2.0,2.0,2.0,8.0,4.0,0.0,0.0,0.0,0.0,5.6,1,871,871,871,1400,423,705,625,802,256,308,1162,1472,547,1,1,1168,1354,1,8:22
2024-25,1627759,Jaylen Brown,Jaylen,1610612738,BOS,Boston Celtics,0042400216,2025-05-16T00:00:00,BOS @ NYK,L,31.8,6.0,0.0,2.0,10.0,20.0,15.0,10.0,40.0,1.0,3.0,6.0,3.0,35.2,1,871,871,871,535,67,705,325,175,1658,1571,1324,162,170,1689,1711,344,346,1,31:47
2024-25,1630202,Payton Pritchard,Payton,1610612738,BOS,Boston Celtics,0042400216,2025-05-16T00:00:00,BOS @ NYK,L,27.6,0.0,2.0,0.0,6.0,13.0,19.0,11.0,26.0,0.0,0.0,2.0,1.0,19.4,1,871,871,871,703,751,388,625,404,1382,1674,1399,586,547,1,763,773,786,1,27:37
2024-25,201143,Al Horford,Al,1610612738,BOS,Boston Celtics,0042400216,2025-05-16T00:00:00,BOS @ NYK,L,26.5,0.0,2.0,3.0,2.0,15.0,11.0,10.0,28.0,0.0,0.0,2.0,0.0,11.4,1,871,871,871,737,751,388,204,802,1494,1313,1324,514,547,1,763,1168,1109,1,26:32
2024-25,1631119,Jaylin Williams,Jaylin,1610612760,OKC,Oklahoma City Thunder,0042400226,2025-05-15T00:00:00,OKC @ DEN,L,14.4,3.0,1.0,5.0,4.0,6.0,2.0,6.0,12.0,0.0,0.0,4.0,1.0,19.0,1,871,871,871,1188,271,671,74,582,735,308,944,1167,547,1,1412,773,801,1,14:25
2024-25,203932,Aaron Gordon,Aaron,1610612743,DEN,Denver Nuggets,0042400226,2025-05-15T00:00:00,DEN vs. OKC,W,38.3,3.0,0.0,2.0,2.0,13.0,9.0,16.0,42.0,0.0,0.0,0.0,3.0,25.9,1,1,1,1,227,271,705,325,802,1382,1128,1654,114,547,1,1,344,565,1,38:16
2024-25,1631172,Ousmane Dieng,Ousmane,1610612760,OKC,Oklahoma City Thunder,0042400226,2025-05-15T00:00:00,OKC @ DEN,L,0.7,0.0,0.0,0.0,0.0,0.0,0.0,0.0,0.0,0.0,0.0,0.0,0.0,0.0,1,871,871,871,1712,751,705,625,1167,1,1,1,1643,547,1,1,1168,1620,1,0:40
2024-25,1641794,Dillon Jones,Dillon,1610612760,OKC,Oklahoma City Thunder,0042400226,2025-05-15T00:00:00,OKC @ DEN,L,0.7,0.0,0.0,0.0,0.0,0.0,0.0,0.0,0.0,0.0,0.0,0.0,0.0,0.0,1,871,871,871,1712,751,705,625,1167,1,1,1,1643,547,1,1,1168,1620,1,0:40
2024-25,1627750,Jamal Murray,Jamal,1610612743,DEN,Denver Nuggets,0042400226,2025-05-15T00:00:00,DEN vs. OKC,W,42.3,3.0,3.0,3.0,10.0,13.0,9.0,16.0,42.0,1.0,1.0,3.0,7.0,43.1,1,1,1,1,76,271,251,204,175,1382,1128,1654,114,170,1165,1145,53,180,1,42:20
2024-25,1628983,Shai Gilgeous-Alexander,Shai,1610612760,OKC,Oklahoma City Thunder,0042400226,2025-05-15T00:00:00,OKC @ DEN,L,35.0,2.0,0.0,3.0,12.0,13.0,16.0,9.0,34.0,0.0,1.0,4.0,10.0,42.6,1,871,871,871,376,423,705,204,109,1382,1611,1249,299,547,1165,1412,10,188,1,34:57
2024-25,1628392,Isaiah Hartenstein,Isaiah,1610612760,OKC,Oklahoma City Thunder,0042400226,2025-05-15T00:00:00,OKC @ DEN,L,25.1,2.0,2.0,0.0,6.0,11.0,14.0,5.0,30.0,0.0,0.0,4.0,0.0,14.2,1,871,871,871,804,423,388,625,404,1253,1513,808,431,547,1,1412,1168,1000,1,25:07
2024-25,203999,Nikola Jokić,Nikola,1610612743,DEN,Denver Nuggets,0042400226,2025-05-15T00:00:00,DEN vs. OKC,W,40.8,2.0,2.0,0.0,16.0,12.0,6.0,15.0,44.0,1.0,1.0,4.0,8.0,65.8,1,1,1,1,120,423,388,625,34,1324,804,1619,78,170,1165,1412,26,12,1,40:49
2024-25,201566,Russell Westbrook,Russell,1610612743,DEN,Denver Nuggets,0042400226,2025-05-15T00:00:00,DEN vs. OKC,W,16.9,0.0,4.0,2.0,6.0,7.0,3.0,7.0,20.0,1.0,0.0,0.0,3.0,10.6,1,1,1,1,1096,751,147,325,404,860,473,1055,832,170,1,1,344,1147,1,16:56
2024-25,1631124,Julian Strawther,Julian,1610612743,DEN,Denver Nuggets,0042400226,2025-05-15T00:00:00,DEN vs. OKC,W,19.5,3.0,2.0,0.0,2.0,13.0,3.0,13.0,24.0,0.0,0.0,3.0,2.0,17.4,1,1,1,1,992,271,388,625,802,1382,473,1521,678,547,1,1145,505,856,1,19:31
2024-25,1627936,Alex Caruso,Alex,1610612760,OKC,Oklahoma City Thunder,0042400226,2025-05-15T00:00:00,OKC @ DEN,L,27.4,2.0,2.0,2.0,4.0,11.0,18.0,10.0,30.0,1.0,0.0,5.0,2.0,24.0,1,871,871,871,715,423,388,325,582,1253,1656,1324,431,170,1,1609,505,618,1,27:21
2024-25,1629652,Luguentz Dort,Luguentz,1610612760,OKC,Oklahoma City Thunder,0042400226,2025-05-15T00:00:00,OKC @ DEN,L,21.0,0.0,0.0,0.0,4.0,11.0,12.0,7.0,24.0,0.0,0.0,2.0,1.0,15.9,1,871,871,871,940,751,705,625,582,1253,1393,1055,678,547,1,763,773,921,1,21:02
2024-25,1631212,Peyton Watson,Peyton,1610612743,DEN,Denver Nuggets,0042400226,2025-05-15T00:00:00,DEN vs. OKC,W,13.9,2.0,0.0,2.0,2.0,9.0,3.0,9.0,16.0,1.0,1.0,1.0,2.0,13.6,1,1,1,1,1211,423,705,325,802,1085,473,1249,991,170,1165,400,505,1029,1,13:53
2024-25,1629008,Michael Porter Jr.,Michael,1610612743,DEN,Denver Nuggets,0042400226,2025-05-15T00:00:00,DEN vs. OKC,W,29.0,2.0,3.0,0.0,0.0,8.0,6.0,11.0,30.0,1.0,0.0,1.0,0.0,19.8,1,1,1,1,656,423,251,625,1167,978,804,1399,431,170,1,400,1168,767,1,28:57
2024-25,1642349,Ajay Mitchell,Ajay,1610612760,OKC,Oklahoma City Thunder,0042400226,2025-05-15T00:00:00,OKC @ DEN,L,0.7,0.0,0.0,0.0,0.0,0.0,0.0,0.0,0.0,0.0,1.0,0.0,0.0,0.0,1,871,871,871,1712,751,705,625,1167,1,1,1,1643,547,1165,1,1168,1620,1,0:40
2024-25,1630598,Aaron Wiggins,Aaron,1610612760,OKC,Oklahoma City Thunder,0042400226,2025-05-15T00:00:00,OKC @ DEN,L,12.5,0.0,2.0,0.0,0.0,0.0,7.0,2.0,8.0,1.0,0.0,1.0,0.0,6.7,1,871,871,871,1267,751,388,625,1167,1,898,358,1322,170,1,400,1168,1303,1,12:28
2024-25,1630198,Isaiah Joe,Isaiah,1610612760,OKC,Oklahoma City Thunder,0042400226,2025-05-15T00:00:00,OKC @ DEN,L,8.0,2.0,0.0,2.0,2.0,2.0,2.0,2.0,8.0,0.0,0.0,0.0,0.0,3.2,1,871,871,871,1408,423,705,325,802,256,308,358,1322,547,1,1,1168,1470,1,7:59
2024-25,1631096,Chet Holmgren,Chet,1610612760,OKC,Oklahoma City Thunder,0042400226,2025-05-15T00:00:00,OKC @ DEN,L,30.0,4.0,0.0,4.0,12.0,10.0,10.0,7.0,30.0,1.0,2.0,2.0,2.0,39.7,1,871,871,871,599,171,705,124,109,1167,1221,1055,431,170,1564,763,505,237,1,30:03
2024-25,1631114,Jalen Williams,Jalen,1610612760,OKC,Oklahoma City Thunder,0042400226,2025-05-15T00:00:00,OKC @ DEN,L,37.8,0.0,0.0,2.0,4.0,12.0,18.0,9.0,40.0,1.0,2.0,3.0,0.0,38.4,1,871,871,871,244,751,705,325,582,1324,1656,1249,162,170,1564,1145,1168,271,1,37:47
2024-25,1641717,Cason Wallace,Cason,1610612760,OKC,Oklahoma City Thunder,0042400226,2025-05-15T00:00:00,OKC @ DEN,L,26.8,2.0,2.0,2.0,4.0,9.0,16.0,8.0,24.0,0.0,0.0,3.0,0.0,22.8,1,871,871,871,725,423,388,325,582,1085,1611,1162,678,547,1,1145,1168,670,1,26:50
2024-25,1631128,Christian Braun,Christian,1610612743,DEN,Denver Nuggets,0042400226,2025-05-15T00:00:00,DEN vs. OKC,W,39.3,2.0,9.0,4.0,10.0,10.0,6.0,13.0,42.0,1.0,1.0,4.0,3.0,53.7,1,1,1,1,187,423,9,124,175,1167,804,1521,114,170,1165,1412,344,72,1,39:19
2024-25,1630541,Moses Moody,Moses,1610612744,GSW,Golden State Warriors,0042400235,2025-05-14T00:00:00,GSW @ MIN,L,12.0,4.0,2.0,1.0,2.0,6.0,0.0,8.0,20.0,0.0,0.0,2.0,3.0,21.2,1,871,871,871,1281,171,388,600,802,735,1,1162,832,547,1,763,344,723,1,12:00
2024-25,203110,Draymond Green,Draymond,1610612744,GSW,Golden State Warriors,0042400235,2025-05-14T00:00:00,GSW @ MIN,L,35.8,0.0,2.0,0.0,6.0,14.0,2.0,12.0,56.0,0.0,0.0,4.0,1.0,26.2,1,871,871,871,343,751,388,625,404,1443,308,1472,7,547,1,1412,773,557,1,35:46
2024-25,1628436,Luke Kornet,Luke,1610612738,BOS,Boston Celtics,0042400215,2025-05-14T00:00:00,BOS vs. NYK,W,25.6,2.0,4.0,0.0,10.0,3.0,11.0,2.0,10.0,7.0,0.0,4.0,0.0,46.3,1,1,1,1,780,423,147,625,175,431,1313,358,1249,1,1,1412,1168,141,1,25:38
2024-25,1630183,Jaden McDaniels,Jaden,1610612750,MIN,Minnesota Timberwolves,0042400235,2025-05-14T00:00:00,MIN vs. GSW,W,41.1,2.0,0.0,2.0,12.0,23.0,27.0,7.0,46.0,0.0,1.0,3.0,3.0,30.8,1,1,1,1,113,423,705,325,109,1703,1730,1055,52,547,1165,1145,344,441,1,41:05
2024-25,1628401,Derrick White,Derrick,1610612738,BOS,Boston Celtics,0042400215,2025-05-14T00:00:00,BOS vs. NYK,W,39.9,2.0,0.0,5.0,4.0,8.0,7.0,4.0,20.0,3.0,1.0,3.0,6.0,47.6,1,1,1,1,164,423,705,74,582,978,898,665,832,17,1165,1145,92,128,1,39:53
2024-25,202710,Jimmy Butler III,Jimmy,1610612744,GSW,Golden State Warriors,0042400235,2025-05-14T00:00:00,GSW @ MIN,L,41.9,2.0,4.0,0.0,6.0,19.0,0.0,16.0,60.0,0.0,0.0,2.0,6.0,41.2,1,871,871,871,95,423,147,625,404,1636,1,1654,1,547,1,763,92,218,1,41:54
2024-25,1629674,Neemias Queta,Neemias,1610612738,BOS,Boston Celtics,0042400215,2025-05-14T00:00:00,BOS vs. NYK,W,2.6,0.0,2.0,0.0,4.0,0.0,0.0,0.0,2.0,0.0,0.0,1.0,0.0,6.7,1,1,1,1,1620,751,388,625,582,1,1,1,1551,547,1,400,1168,1303,1,2:34
2024-25,1630202,Payton Pritchard,Payton,1610612738,BOS,Boston Celtics,0042400215,2025-05-14T00:00:00,BOS vs. NYK,W,39.1,3.0,0.0,0.0,2.0,9.0,11.0,4.0,20.0,0.0,1.0,0.0,0.0,30.5,1,1,1,1,196,271,705,625,802,1085,1313,665,832,547,1165,1,1168,448,1,39:05
2024-25,1629638,Nickeil Alexander-Walker,Nickeil,1610612750,MIN,Minnesota Timberwolves,0042400235,2025-05-14T00:00:00,MIN vs. GSW,W,13.8,0.0,0.0,0.0,2.0,0.0,2.0,0.0,14.0,0.0,0.0,2.0,0.0,4.0,1,1,1,1,1215,751,705,625,802,1,308,1,1080,547,1,763,1168,1449,1,13:46
2024-25,1628969,Mikal Bridges,Mikal,1610612752,NYK,New York Knicks,0042400215,2025-05-14T00:00:00,NYK @ BOS,L,39.6,0.0,3.0,0.0,4.0,12.0,11.0,7.0,30.0,1.0,0.0,0.0,0.0,19.9,1,871,871,871,179,751,251,625,582,1324,1313,1055,431,170,1,1,1168,762,1,39:36
2024-25,1627741,Buddy Hield,Buddy,1610612744,GSW,Golden State Warriors,0042400235,2025-05-14T00:00:00,GSW @ MIN,L,29.6,2.0,0.0,2.0,4.0,11.0,2.0,8.0,38.0,0.0,0.0,5.0,2.0,16.3,1,871,871,871,625,423,705,325,582,1253,308,1162,202,547,1,1609,505,908,1,29:37
2024-25,1641775,Jordan Walsh,Jordan,1610612738,BOS,Boston Celtics,0042400215,2025-05-14T00:00:00,BOS vs. NYK,W,2.6,0.0,0.0,0.0,0.0,0.0,0.0,0.0,2.0,0.0,0.0,0.0,0.0,0.0,1,1,1,1,1620,751,705,625,1167,1,1,1,1551,547,1,1,1168,1620,1,2:34
2024-25,1628973,Jalen Brunson,Jalen,1610612752,NYK,New York Knicks,0042400215,2025-05-14T00:00:00,NYK @ BOS,L,32.8,2.0,2.0,2.0,10.0,9.0,11.0,7.0,22.0,0.0,1.0,6.0,6.0,30.2,1,871,871,871,493,423,388,325,175,1085,1313,1055,754,547,1165,1711,92,453,1,32:50
2024-25,203944,Julius Randle,Julius,1610612750,MIN,Minnesota Timberwolves,0042400235,2025-05-14T00:00:00,MIN vs. GSW,W,42.5,3.0,2.0,9.0,22.0,22.0,27.0,7.0,46.0,0.0,0.0,1.0,3.0,41.1,1,1,1,1,66,271,388,12,10,1695,1730,1055,52,547,1,400,344,220,1,42:30
2024-25,201143,Al Horford,Al,1610612738,BOS,Boston Celtics,0042400215,2025-05-14T00:00:00,BOS vs. NYK,W,24.4,2.0,2.0,2.0,6.0,8.0,3.0,2.0,16.0,1.0,0.0,5.0,0.0,23.0,1,1,1,1,830,423,388,325,404,978,473,358,991,170,1,1609,1168,657,1,24:23
2024-25,1628404,Josh Hart,Josh,1610612752,NYK,New York Knicks,0042400215,2025-05-14T00:00:00,NYK @ BOS,L,35.7,3.0,0.0,2.0,2.0,10.0,6.0,7.0,24.0,0.0,3.0,2.0,5.0,34.4,1,871,871,871,347,271,705,325,802,1167,804,1055,678,547,1689,763,143,362,1,35:42
2024-25,1630173,Precious Achiuwa,Precious,1610612752,NYK,New York Knicks,0042400215,2025-05-14T00:00:00,NYK @ BOS,L,2.6,0.0,0.0,0.0,0.0,0.0,5.0,0.0,4.0,0.0,0.0,0.0,0.0,1.2,1,871,871,871,1620,751,705,625,1167,1,701,1,1472,547,1,1,1168,1559,1,2:34
2024-25,203497,Rudy Gobert,Rudy,1610612750,MIN,Minnesota Timberwolves,0042400235,2025-05-14T00:00:00,MIN vs. GSW,W,27.5,8.0,0.0,3.0,16.0,18.0,11.0,3.0,24.0,1.0,0.0,2.0,7.0,29.6,1,1,1,1,708,29,705,204,34,1602,1313,556,678,170,1,763,53,469,1,27:31
2024-25,1626166,Cameron Payne,Cameron,1610612752,NYK,New York Knicks,0042400215,2025-05-14T00:00:00,NYK @ BOS,L,5.1,0.0,0.0,0.0,0.0,1.0,0.0,2.0,4.0,0.0,0.0,3.0,0.0,0.0,1,871,871,871,1508,751,705,625,1167,214,1,358,1472,547,1,1145,1168,1620,1,5:06
2024-25,1631248,Baylor Scheierman,Baylor,1610612738,BOS,Boston Celtics,0042400215,2025-05-14T00:00:00,BOS vs. NYK,W,2.6,0.0,0.0,0.0,0.0,0.0,0.0,0.0,2.0,0.0,0.0,1.0,0.0,0.0,1,1,1,1,1620,751,705,625,1167,1,1,1,1551,547,1,400,1168,1620,1,2:34
2024-25,1630162,Anthony Edwards,Anthony,1610612750,MIN,Minnesota Timberwolves,0042400235,2025-05-14T00:00:00,MIN vs. GSW,W,41.2,2.0,0.0,0.0,6.0,23.0,25.0,7.0,40.0,3.0,0.0,3.0,3.0,53.4,1,1,1,1,109,423,705,625,404,1703,1726,1055,162,17,1,1145,344,73,1,41:09
2024-25,1642366,Quinten Post,Quinten,1610612744,GSW,Golden State Warriors,0042400235,2025-05-14T00:00:00,GSW @ MIN,L,9.9,0.0,0.0,0.0,0.0,6.0,0.0,6.0,16.0,0.0,0.0,1.0,0.0,4.6,1,871,871,871,1353,751,705,625,1167,735,1,944,991,547,1,400,1168,1409,1,9:56
2024-25,1628470,Torrey Craig,Torrey,1610612738,BOS,Boston Celtics,0042400215,2025-05-14T00:00:00,BOS vs. NYK,W,3.8,0.0,0.0,0.0,0.0,0.0,0.0,0.0,2.0,0.0,0.0,1.0,0.0,4.8,1,1,1,1,1553,751,705,625,1167,1,1,1,1551,547,1,400,1168,1397,1,3:50
2024-25,1630573,Sam Hauser,Sam,1610612738,BOS,Boston Celtics,0042400215,2025-05-14T00:00:00,BOS vs. NYK,W,14.8,0.0,3.0,0.0,0.0,3.0,11.0,2.0,6.0,0.0,0.0,2.0,0.0,10.2,1,1,1,1,1172,751,251,625,1167,431,1313,358,1404,547,1,763,1168,1167,1,14:46
2024-25,1642278,Tyler Kolek,Tyler,1610612752,NYK,New York Knicks,0042400215,2025-05-14T00:00:00,NYK @ BOS,L,2.6,0.0,0.0,0.0,0.0,0.0,5.0,0.0,4.0,0.0,0.0,0.0,0.0,0.0,1,871,871,871,1620,751,705,625,1167,1,701,1,1472,547,1,1,1168,1620,1,2:34
2024-25,1630228,Jonathan Kuminga,Jonathan,1610612744,GSW,Golden State Warriors,0042400235,2025-05-14T00:00:00,GSW @ MIN,L,32.2,3.0,5.0,2.0,14.0,12.0,2.0,10.0,50.0,0.0,2.0,2.0,1.0,33.6,1,871,871,871,521,271,90,325,65,1324,308,1324,26,547,1564,763,773,378,1,32:14
2024-25,1627780,Gary Payton II,Gary,1610612744,GSW,Golden State Warriors,0042400235,2025-05-14T00:00:00,GSW @ MIN,L,5.7,0.0,0.0,0.0,0.0,5.0,0.0,2.0,12.0,0.0,0.0,0.0,1.0,3.0,1,871,871,871,1485,751,705,625,1167,633,1,358,1167,547,1,1,773,1484,1,5:42
2024-25,201144,Mike Conley,Mike,1610612750,MIN,Minnesota Timberwolves,0042400235,2025-05-14T00:00:00,MIN vs. GSW,W,26.5,0.0,0.0,0.0,2.0,13.0,14.0,6.0,34.0,0.0,0.0,3.0,1.0,36.2,1,1,1,1,738,751,705,625,802,1382,1513,944,299,547,1,1145,773,322,1,26:30
2024-25,1629013,Landry Shamet,Landry,1610612752,NYK,New York Knicks,0042400215,2025-05-14T00:00:00,NYK @ BOS,L,2.6,0.0,0.0,0.0,0.0,0.0,5.0,0.0,4.0,0.0,0.0,0.0,2.0,2.5,1,871,871,871,1620,751,705,625,1167,1,701,1,1472,547,1,1,505,1507,1,2:34
2024-25,1631120,JD Davison,JD,1610612738,BOS,Boston Celtics,0042400215,2025-05-14T00:00:00,BOS vs. NYK,W,2.6,0.0,3.0,0.0,0.0,0.0,0.0,0.0,2.0,0.0,0.0,0.0,0.0,4.5,1,1,1,1,1620,751,251,625,1167,1,1,1,1551,547,1,1,1168,1413,1,2:34
2024-25,1642359,Pacôme Dadiet,Pacôme,1610612752,NYK,New York Knicks,0042400215,2025-05-14T00:00:00,NYK @ BOS,L,2.6,0.0,0.0,0.0,2.0,0.0,5.0,0.0,4.0,0.0,0.0,0.0,0.0,2.0,1,871,871,871,1620,751,705,625,802,1,701,1,1472,547,1,1,1168,1525,1,2:34
2024-25,1626172,Kevon Looney,Kevon,1610612744,GSW,Golden State Warriors,0042400235,2025-05-14T00:00:00,GSW @ MIN,L,6.0,0.0,0.0,0.0,0.0,3.0,0.0,0.0,8.0,0.0,0.0,0.0,0.0,5.1,1,871,871,871,1477,751,705,625,1167,431,1,1,1322,547,1,1,1168,1382,1,5:59
2024-25,1630540,Miles McBride,Miles,1610612752,NYK,New York Knicks,0042400215,2025-05-14T00:00:00,NYK @ BOS,L,28.6,3.0,0.0,0.0,0.0,5.0,10.0,6.0,22.0,0.0,2.0,1.0,1.0,18.5,1,871,871,871,671,271,705,625,1167,633,1221,944,754,547,1564,400,773,822,1,28:33
2024-25,1641764,Brandin Podziemski,Brandin,1610612744,GSW,Golden State Warriors,0042400235,2025-05-14T00:00:00,GSW @ MIN,L,38.7,10.0,10.0,2.0,12.0,15.0,0.0,12.0,56.0,0.0,2.0,3.0,4.0,45.2,1,871,871,871,213,12,5,325,109,1494,1,1472,7,547,1564,1145,227,157,1,38:44
2024-25,201950,Jrue Holiday,Jrue,1610612738,BOS,Boston Celtics,0042400215,2025-05-14T00:00:00,BOS vs. NYK,W,32.7,1.0,0.0,0.0,6.0,8.0,7.0,2.0,16.0,0.0,1.0,5.0,3.0,25.9,1,1,1,1,496,722,705,625,404,978,898,358,991,547,1165,1609,344,565,1,32:43
2024-25,1628978,Donte DiVincenzo,Donte,1610612750,MIN,Minnesota Timberwolves,0042400235,2025-05-14T00:00:00,MIN vs. GSW,W,26.5,6.0,0.0,2.0,6.0,12.0,18.0,3.0,24.0,0.0,0.0,3.0,2.0,35.4,1,1,1,1,741,67,705,325,404,1324,1656,556,678,547,1,1145,505,340,1,26:27
2024-25,1627759,Jaylen Brown,Jaylen,1610612738,BOS,Boston Celtics,0042400215,2025-05-14T00:00:00,BOS vs. NYK,W,37.4,2.0,2.0,2.0,4.0,8.0,10.0,2.0,22.0,0.0,1.0,2.0,9.0,54.6,1,1,1,1,262,423,388,325,582,978,1221,358,754,547,1165,763,16,66,1,37:23
2024-25,1629675,Naz Reid,Naz,1610612750,MIN,Minnesota Timberwolves,0042400235,2025-05-14T00:00:00,MIN vs. GSW,W,21.0,0.0,0.0,0.0,6.0,4.0,11.0,2.0,22.0,0.0,0.0,2.0,2.0,16.3,1,1,1,1,941,751,705,625,404,515,1313,358,754,547,1,763,505,908,1,21:02
2024-25,1628384,OG Anunoby,OG,1610612752,NYK,New York Knicks,0042400215,2025-05-14T00:00:00,NYK @ BOS,L,35.9,3.0,3.0,0.0,0.0,9.0,9.0,5.0,22.0,1.0,3.0,3.0,2.0,19.6,1,871,871,871,331,271,251,625,1167,1085,1128,808,754,170,1689,1145,505,776,1,35:56
2024-25,1626157,Karl-Anthony Towns,Karl-Anthony,1610612752,NYK,New York Knicks,0042400215,2025-05-14T00:00:00,NYK @ BOS,L,29.0,0.0,2.0,0.0,6.0,11.0,6.0,5.0,24.0,1.0,3.0,4.0,6.0,32.6,1,871,871,871,652,751,388,625,404,1253,804,808,678,170,1689,1412,92,405,1,28:59
2024-25,1630311,Pat Spencer,Pat,1610612744,GSW,Golden State Warriors,0042400235,2025-05-14T00:00:00,GSW @ MIN,L,5.7,0.0,0.0,0.0,2.0,2.0,2.0,2.0,12.0,0.0,0.0,1.0,0.0,2.7,1,871,871,871,1483,751,705,625,802,256,308,358,1167,547,1,400,1168,1499,1,5:44
2024-25,204001,Kristaps Porziņģis,Kristaps,1610612738,BOS,Boston Celtics,0042400215,2025-05-14T00:00:00,BOS vs. NYK,W,12.1,0.0,0.0,0.0,0.0,8.0,10.0,2.0,10.0,1.0,0.0,1.0,2.0,3.2,1,1,1,1,1280,751,705,625,1167,978,1221,358,1249,170,1,400,505,1470,1,12:03
2024-25,1630611,Gui Santos,Gui,1610612744,GSW,Golden State Warriors,0042400235,2025-05-14T00:00:00,GSW @ MIN,L,15.7,0.0,2.0,0.0,2.0,9.0,2.0,4.0,26.0,1.0,0.0,1.0,1.0,11.0,1,871,871,871,1142,751,388,625,802,1085,308,665,586,170,1,400,773,1130,1,15:43
2024-25,1629011,Mitchell Robinson,Mitchell,1610612752,NYK,New York Knicks,0042400215,2025-05-14T00:00:00,NYK @ BOS,L,23.0,0.0,4.0,0.0,2.0,3.0,7.0,6.0,16.0,1.0,0.0,1.0,3.0,31.6,1,871,871,871,867,751,147,625,802,431,898,944,991,170,1,400,344,427,1,23:02
2024-25,1631218,Trayce Jackson-Davis,Trayce,1610612744,GSW,Golden State Warriors,0042400235,2025-05-14T00:00:00,GSW @ MIN,L,6.7,2.0,2.0,0.0,2.0,3.0,0.0,0.0,6.0,0.0,0.0,0.0,0.0,7.4,1,871,871,871,1455,423,388,625,802,431,1,1,1404,547,1,1,1168,1273,1,6:41
2024-25,1629636,Darius Garland,Darius,1610612739,CLE,Cleveland Cavaliers,0042400205,2025-05-13T00:00:00,CLE vs. IND,L,33.3,2.0,2.0,0.0,6.0,8.0,6.0,13.0,38.0,0.0,0.0,4.0,5.0,15.3,1,871,871,871,458,423,388,625,404,978,804,1521,202,547,1,1412,143,953,1,33:18
2024-25,1627783,Pascal Siakam,Pascal,1610612754,IND,Indiana Pacers,0042400205,2025-05-13T00:00:00,IND @ CLE,W,39.6,4.0,0.0,0.0,8.0,9.0,13.0,13.0,40.0,1.0,0.0,4.0,5.0,44.1,1,1,1,1,173,171,705,625,265,1085,1459,1521,162,170,1,1412,143,172,1,39:39
2024-25,1629631,De'Andre Hunter,De'Andre,1610612739,CLE,Cleveland Cavaliers,0042400205,2025-05-13T00:00:00,CLE vs. IND,L,29.9,0.0,3.0,2.0,6.0,4.0,2.0,8.0,28.0,0.0,1.0,4.0,1.0,22.5,1,871,871,871,606,751,251,325,404,515,308,1162,514,547,1165,1412,773,680,1,29:56
2024-25,201566,Russell Westbrook,Russell,1610612743,DEN,Denver Nuggets,0042400225,2025-05-13T00:00:00,DEN @ OKC,L,19.7,0.0,0.0,0.0,2.0,11.0,6.0,7.0,18.0,0.0,0.0,3.0,3.0,14.3,1,871,871,871,982,751,705,625,802,1253,804,1055,918,547,1,1145,344,993,1,19:41
2024-25,1630169,Tyrese Haliburton,Tyrese,1610612754,IND,Indiana Pacers,0042400205,2025-05-13T00:00:00,IND @ CLE,W,36.4,0.0,0.0,3.0,8.0,11.0,13.0,11.0,34.0,1.0,1.0,3.0,4.0,52.2,1,1,1,1,315,751,705,204,265,1253,1459,1399,299,170,1165,1145,227,80,1,36:23
2024-25,1630171,Isaac Okoro,Isaac,1610612739,CLE,Cleveland Cavaliers,0042400205,2025-05-13T00:00:00,CLE vs. IND,L,16.1,0.0,0.0,0.0,2.0,4.0,0.0,5.0,10.0,0.0,0.0,1.0,0.0,4.0,1,871,871,871,1119,751,705,625,802,515,1,808,1249,547,1,400,1168,1449,1,16:08
2024-25,1626167,Myles Turner,Myles,1610612754,IND,Indiana Pacers,0042400205,2025-05-13T00:00:00,IND @ CLE,W,33.2,0.0,1.0,0.0,4.0,9.0,13.0,11.0,36.0,4.0,1.0,2.0,4.0,29.4,1,1,1,1,465,751,671,625,582,1085,1459,1399,246,7,1165,763,227,475,1,33:13
2024-25,1631128,Christian Braun,Christian,1610612743,DEN,Denver Nuggets,0042400225,2025-05-13T00:00:00,DEN @ OKC,L,43.0,3.0,0.0,3.0,2.0,12.0,10.0,16.0,46.0,2.0,1.0,1.0,0.0,28.9,1,871,871,871,51,271,705,204,802,1324,1221,1654,52,59,1165,400,1168,491,1,43:02
2024-25,204456,T.J. McConnell,T.J.,1610612754,IND,Indiana Pacers,0042400205,2025-05-13T00:00:00,IND @ CLE,W,10.1,0.0,0.0,0.0,0.0,2.0,0.0,5.0,14.0,0.0,0.0,0.0,0.0,4.6,1,1,1,1,1350,751,705,625,1167,256,1,808,1080,547,1,1,1168,1409,1,10:05
2024-25,1629731,Dean Wade,Dean,1610612739,CLE,Cleveland Cavaliers,0042400205,2025-05-13T00:00:00,CLE vs. IND,L,18.7,0.0,4.0,0.0,4.0,6.0,2.0,8.0,20.0,0.0,0.0,4.0,1.0,10.2,1,871,871,871,1030,751,147,625,582,735,308,1162,832,547,1,1412,773,1167,1,18:44
2024-25,1628418,Thomas Bryant,Thomas,1610612754,IND,Indiana Pacers,0042400205,2025-05-13T00:00:00,IND @ CLE,W,10.7,2.0,0.0,2.0,6.0,2.0,0.0,3.0,8.0,0.0,1.0,3.0,0.0,15.6,1,1,1,1,1331,423,705,325,404,256,1,556,1322,547,1165,1145,1168,939,1,10:45
2024-25,1629614,Andrew Nembhard,Andrew,1610612754,IND,Indiana Pacers,0042400205,2025-05-13T00:00:00,IND @ CLE,W,37.1,2.0,3.0,0.0,6.0,9.0,11.0,11.0,38.0,1.0,0.0,3.0,3.0,34.6,1,1,1,1,275,423,251,625,404,1085,1313,1399,202,170,1,1145,344,359,1,37:08
2024-25,1630174,Aaron Nesmith,Aaron,1610612754,IND,Indiana Pacers,0042400205,2025-05-13T00:00:00,IND @ CLE,W,37.1,2.0,2.0,5.0,6.0,9.0,11.0,11.0,32.0,0.0,0.0,5.0,2.0,37.6,1,1,1,1,276,423,388,74,404,1085,1313,1399,375,547,1,1609,505,288,1,37:08
2024-25,1629622,Max Strus,Max,1610612739,CLE,Cleveland Cavaliers,0042400205,2025-05-13T00:00:00,CLE vs. IND,L,26.1,0.0,0.0,0.0,0.0,2.0,3.0,5.0,28.0,0.0,2.0,4.0,2.0,11.4,1,871,871,871,762,751,705,625,1167,256,473,808,514,547,1564,1412,505,1109,1,26:07
2024-25,1641717,Cason Wallace,Cason,1610612760,OKC,Oklahoma City Thunder,0042400225,2025-05-13T00:00:00,OKC vs. DEN,W,17.7,2.0,0.0,4.0,2.0,5.0,5.0,2.0,18.0,0.0,0.0,1.0,3.0,14.4,1,1,1,1,1069,423,705,124,802,633,701,358,918,547,1,400,344,987,1,17:44
2024-25,1631124,Julian Strawther,Julian,1610612743,DEN,Denver Nuggets,0042400225,2025-05-13T00:00:00,DEN @ OKC,L,9.9,0.0,0.0,0.0,0.0,7.0,0.0,5.0,6.0,0.0,0.0,1.0,0.0,9.9,1,871,871,871,1356,751,705,625,1167,860,1,808,1404,547,1,400,1168,1182,1,9:53
2024-25,1630596,Evan Mobley,Evan,1610612739,CLE,Cleveland Cavaliers,0042400205,2025-05-13T00:00:00,CLE vs. IND,L,37.4,2.0,4.0,0.0,14.0,8.0,4.0,7.0,32.0,2.0,0.0,0.0,6.0,44.7,1,871,871,871,261,423,147,625,65,978,578,1055,375,59,1,1,92,163,1,37:25
2024-25,1631097,Bennedict Mathurin,Bennedict,1610612754,IND,Indiana Pacers,0042400205,2025-05-13T00:00:00,IND @ CLE,W,11.1,0.0,0.0,0.0,4.0,4.0,0.0,3.0,16.0,1.0,0.0,2.0,3.0,6.0,1,1,1,1,1318,751,705,625,582,515,1,556,991,170,1,763,344,1337,1,11:08
2024-25,1631212,Peyton Watson,Peyton,1610612743,DEN,Denver Nuggets,0042400225,2025-05-13T00:00:00,DEN @ OKC,L,15.3,0.0,0.0,0.0,0.0,6.0,2.0,7.0,10.0,0.0,1.0,4.0,1.0,16.6,1,871,871,871,1154,751,705,625,1167,735,308,1055,1249,547,1165,1412,773,895,1,15:18
2024-25,1627936,Alex Caruso,Alex,1610612760,OKC,Oklahoma City Thunder,0042400225,2025-05-13T00:00:00,OKC vs. DEN,W,23.8,2.0,0.0,2.0,2.0,10.0,4.0,7.0,26.0,0.0,1.0,0.0,2.0,18.8,1,1,1,1,850,423,705,325,802,1167,578,1055,586,547,1165,1,505,811,1,23:50
2024-25,1630167,Obi Toppin,Obi,1610612754,IND,Indiana Pacers,0042400205,2025-05-13T00:00:00,IND @ CLE,W,12.2,0.0,0.0,3.0,2.0,6.0,0.0,5.0,16.0,0.0,0.0,3.0,2.0,14.1,1,1,1,1,1273,751,705,204,802,735,1,808,991,547,1,1145,505,1007,1,12:13
2024-25,1631119,Jaylin Williams,Jaylin,1610612760,OKC,Oklahoma City Thunder,0042400225,2025-05-13T00:00:00,OKC vs. DEN,W,10.4,0.0,2.0,0.0,2.0,6.0,4.0,0.0,8.0,0.0,0.0,3.0,1.0,6.4,1,1,1,1,1342,751,388,625,802,735,578,1,1322,547,1,1145,773,1312,1,10:27
2024-25,1630198,Isaiah Joe,Isaiah,1610612760,OKC,Oklahoma City Thunder,0042400225,2025-05-13T00:00:00,OKC vs. DEN,W,5.2,0.0,0.0,0.0,0.0,5.0,2.0,0.0,4.0,0.0,0.0,0.0,1.0,1.2,1,1,1,1,1502,751,705,625,1167,633,308,1,1472,547,1,1,773,1559,1,5:14
2024-25,1628386,Jarrett Allen,Jarrett,1610612739,CLE,Cleveland Cavaliers,0042400205,2025-05-13T00:00:00,CLE vs. IND,L,29.7,4.0,0.0,0.0,8.0,8.0,6.0,8.0,22.0,0.0,2.0,1.0,1.0,14.8,1,871,871,871,619,171,705,625,265,978,804,1162,754,547,1564,400,773,975,1,29:43
2024-25,1641716,Jarace Walker,Jarace,1610612754,IND,Indiana Pacers,0042400205,2025-05-13T00:00:00,IND @ CLE,W,0.2,0.0,0.0,0.0,0.0,0.0,0.0,0.0,0.0,0.0,0.0,0.0,0.0,0.0,1,1,1,1,1725,751,705,625,1167,1,1,1,1643,547,1,1,1168,1620,1,0:11
2024-25,1629660,Ty Jerome,Ty,1610612739,CLE,Cleveland Cavaliers,0042400205,2025-05-13T00:00:00,CLE vs. IND,L,11.0,0.0,0.0,3.0,2.0,2.0,3.0,6.0,16.0,0.0,1.0,3.0,0.0,14.0,1,871,871,871,1324,751,705,204,802,256,473,944,991,547,1165,1145,1168,1012,1,11:00
2024-25,1628983,Shai Gilgeous-Alexander,Shai,1610612760,OKC,Oklahoma City Thunder,0042400225,2025-05-13T00:00:00,OKC vs. DEN,W,38.9,5.0,0.0,4.0,16.0,14.0,13.0,9.0,36.0,2.0,2.0,1.0,5.0,55.7,1,1,1,1,209,107,705,124,34,1443,1459,1249,246,59,1564,400,143,57,1,38:51
2024-25,203999,Nikola Jokić,Nikola,1610612743,DEN,Denver Nuggets,0042400225,2025-05-13T00:00:00,DEN @ OKC,L,44.1,6.0,15.0,0.0,24.0,10.0,10.0,16.0,44.0,0.0,0.0,4.0,8.0,73.5,1,871,871,871,30,67,1,625,4,1167,1221,1654,78,547,1,1412,26,6,1,44:08
2024-25,1629652,Luguentz Dort,Luguentz,1610612760,OKC,Oklahoma City Thunder,0042400225,2025-05-13T00:00:00,OKC vs. DEN,W,28.2,0.0,0.0,3.0,0.0,7.0,8.0,7.0,28.0,0.0,0.0,3.0,2.0,15.1,1,1,1,1,683,751,705,204,1167,860,1028,1055,514,547,1,1145,505,957,1,28:14
2024-25,1627750,Jamal Murray,Jamal,1610612743,DEN,Denver Nuggets,0042400225,2025-05-13T00:00:00,DEN @ OKC,L,42.0,3.0,0.0,2.0,12.0,11.0,10.0,15.0,50.0,1.0,3.0,4.0,3.0,36.3,1,871,871,871,93,271,705,325,109,1253,1221,1619,26,170,1689,1412,344,316,1,41:59
2024-25,1628378,Donovan Mitchell,Donovan,1610612739,CLE,Cleveland Cavaliers,0042400205,2025-05-13T00:00:00,CLE vs. IND,L,37.7,5.0,0.0,11.0,8.0,8.0,4.0,5.0,26.0,1.0,2.0,2.0,11.0,60.3,1,871,871,871,250,107,705,3,265,978,578,808,586,170,1564,763,7,29,1,37:39
2024-25,1629008,Michael Porter Jr.,Michael,1610612743,DEN,Denver Nuggets,0042400225,2025-05-13T00:00:00,DEN @ OKC,L,29.1,2.0,0.0,2.0,2.0,6.0,4.0,11.0,32.0,0.0,0.0,4.0,0.0,14.8,1,871,871,871,649,423,705,325,802,735,578,1399,375,547,1,1412,1168,975,1,29:08
2024-25,203932,Aaron Gordon,Aaron,1610612743,DEN,Denver Nuggets,0042400225,2025-05-13T00:00:00,DEN @ OKC,L,36.9,0.0,0.0,2.0,8.0,7.0,8.0,13.0,44.0,0.0,1.0,1.0,1.0,23.5,1,871,871,871,289,751,705,325,265,860,1028,1521,78,547,1165,400,773,641,1,36:51
2024-25,1631114,Jalen Williams,Jalen,1610612760,OKC,Oklahoma City Thunder,0042400225,2025-05-13T00:00:00,OKC vs. DEN,W,37.5,2.0,2.0,0.0,4.0,5.0,11.0,9.0,40.0,0.0,0.0,1.0,4.0,37.8,1,1,1,1,255,423,388,625,582,633,1313,1249,162,547,1,400,227,283,1,37:32
2024-25,1631096,Chet Holmgren,Chet,1610612760,OKC,Oklahoma City Thunder,0042400225,2025-05-13T00:00:00,OKC vs. DEN,W,33.7,0.0,4.0,2.0,10.0,11.0,13.0,2.0,34.0,2.0,0.0,3.0,2.0,33.1,1,1,1,1,440,751,147,325,175,1253,1459,358,299,59,1,1145,505,393,1,33:40
2024-25,1630598,Aaron Wiggins,Aaron,1610612760,OKC,Oklahoma City Thunder,0042400225,2025-05-13T00:00:00,OKC vs. DEN,W,11.3,3.0,0.0,3.0,0.0,2.0,4.0,0.0,18.0,1.0,0.0,0.0,0.0,9.2,1,1,1,1,1309,271,705,204,1167,256,578,1,918,170,1,1,1168,1211,1,11:20
2024-25,1641767,Ben Sheppard,Ben,1610612754,IND,Indiana Pacers,0042400205,2025-05-13T00:00:00,IND @ CLE,W,12.1,0.0,0.0,0.0,0.0,4.0,4.0,7.0,16.0,0.0,0.0,2.0,0.0,6.2,1,1,1,1,1278,751,705,625,1167,515,578,1055,991,547,1,763,1168,1325,1,12:08
2024-25,1628392,Isaiah Hartenstein,Isaiah,1610612760,OKC,Oklahoma City Thunder,0042400225,2025-05-13T00:00:00,OKC vs. DEN,W,33.1,0.0,2.0,0.0,14.0,5.0,11.0,9.0,38.0,1.0,0.0,4.0,2.0,31.4,1,1,1,1,472,751,388,625,65,633,1313,1249,202,170,1,1412,505,430,1,33:08
2024-25,203944,Julius Randle,Julius,1610612750,MIN,Minnesota Timberwolves,0042400234,2025-05-12T00:00:00,MIN @ GSW,W,40.8,0.0,0.0,1.0,12.0,20.0,12.0,11.0,44.0,1.0,0.0,2.0,4.0,43.5,1,1,1,1,121,751,705,600,109,1658,1393,1399,78,170,1,763,227,175,1,40:49
2024-25,1630541,Moses Moody,Moses,1610612744,GSW,Golden State Warriors,0042400234,2025-05-12T00:00:00,GSW vs. MIN,L,6.9,3.0,0.0,0.0,0.0,0.0,0.0,1.0,2.0,0.0,0.0,2.0,1.0,8.7,1,871,871,871,1446,271,705,625,1167,1,1,324,1551,547,1,763,773,1228,1,6:53
2024-25,1630228,Jonathan Kuminga,Jonathan,1610612744,GSW,Golden State Warriors,0042400234,2025-05-12T00:00:00,GSW vs. MIN,L,29.5,6.0,0.0,4.0,12.0,10.0,4.0,15.0,30.0,0.0,2.0,1.0,6.0,25.5,1,871,871,871,631,67,705,124,109,1167,578,1619,431,547,1564,400,92,578,1,29:31
2024-25,1641764,Brandin Podziemski,Brandin,1610612744,GSW,Golden State Warriors,0042400234,2025-05-12T00:00:00,GSW vs. MIN,L,33.0,4.0,2.0,3.0,4.0,10.0,7.0,12.0,30.0,0.0,1.0,2.0,6.0,26.1,1,871,871,871,483,171,388,204,582,1167,898,1472,431,547,1165,763,92,559,1,33:01
2024-25,1628401,Derrick White,Derrick,1610612738,BOS,Boston Celtics,0042400214,2025-05-12T00:00:00,BOS @ NYK,L,43.5,4.0,1.0,0.0,0.0,16.0,10.0,8.0,60.0,0.0,0.0,0.0,4.0,27.6,1,871,871,871,43,171,671,625,1167,1539,1221,1162,1,547,1,1,227,528,1,43:31
2024-25,1630611,Gui Santos,Gui,1610612744,GSW,Golden State Warriors,0042400234,2025-05-12T00:00:00,GSW vs. MIN,L,4.6,7.0,0.0,0.0,4.0,0.0,0.0,0.0,0.0,0.0,0.0,1.0,0.0,17.2,1,871,871,871,1524,39,705,625,582,1,1,1,1643,547,1,400,1168,864,1,4:38
2024-25,202710,Jimmy Butler III,Jimmy,1610612744,GSW,Golden State Warriors,0042400234,2025-05-12T00:00:00,GSW vs. MIN,L,34.4,0.0,2.0,1.0,8.0,15.0,9.0,20.0,38.0,1.0,0.0,2.0,4.0,26.7,1,871,871,871,409,751,388,600,265,1494,1128,1700,202,170,1,763,227,548,1,34:21
2024-25,1629638,Nickeil Alexander-Walker,Nickeil,1610612750,MIN,Minnesota Timberwolves,0042400234,2025-05-12T00:00:00,MIN @ GSW,W,17.2,3.0,0.0,3.0,8.0,16.0,6.0,5.0,26.0,1.0,0.0,1.0,3.0,20.4,1,1,1,1,1085,271,705,204,265,1539,804,808,586,170,1,400,344,747,1,17:14
2024-25,1630540,Miles McBride,Miles,1610612752,NYK,New York Knicks,0042400214,2025-05-12T00:00:00,NYK vs. BOS,W,19.9,3.0,3.0,0.0,0.0,11.0,5.0,4.0,14.0,0.0,0.0,0.0,0.0,6.0,1,1,1,1,976,271,251,625,1167,1253,701,665,1080,547,1,1,1168,1337,1,19:53
2024-25,1628995,Kevin Knox II,Kevin,1610612744,GSW,Golden State Warriors,0042400234,2025-05-12T00:00:00,GSW vs. MIN,L,4.6,2.0,0.0,2.0,2.0,0.0,0.0,0.0,0.0,0.0,0.0,1.0,0.0,2.5,1,871,871,871,1524,423,705,325,802,1,1,1,1643,547,1,400,1168,1507,1,4:38
2024-25,1626157,Karl-Anthony Towns,Karl-Anthony,1610612752,NYK,New York Knicks,0042400214,2025-05-12T00:00:00,NYK vs. BOS,W,35.9,4.0,6.0,0.0,20.0,16.0,7.0,6.0,22.0,1.0,0.0,5.0,2.0,36.7,1,1,1,1,337,171,50,625,13,1539,898,944,754,170,1,1609,505,306,1,35:52
2024-25,1627780,Gary Payton II,Gary,1610612744,GSW,Golden State Warriors,0042400234,2025-05-12T00:00:00,GSW vs. MIN,L,15.9,0.0,0.0,0.0,0.0,8.0,2.0,8.0,16.0,0.0,0.0,3.0,1.0,10.6,1,871,871,871,1133,751,705,625,1167,978,308,1162,991,547,1,1145,773,1147,1,15:52
2024-25,1627741,Buddy Hield,Buddy,1610612744,GSW,Golden State Warriors,0042400234,2025-05-12T00:00:00,GSW vs. MIN,L,34.7,2.0,0.0,2.0,4.0,12.0,9.0,13.0,34.0,0.0,0.0,3.0,2.0,21.3,1,871,871,871,384,423,705,325,582,1324,1128,1521,299,547,1,1145,505,717,1,34:44
2024-25,1642366,Quinten Post,Quinten,1610612744,GSW,Golden State Warriors,0042400234,2025-05-12T00:00:00,GSW vs. MIN,L,4.6,0.0,0.0,0.0,2.0,0.0,0.0,0.0,0.0,0.0,0.0,1.0,0.0,8.9,1,871,871,871,1524,751,705,625,802,1,1,1,1643,547,1,400,1168,1222,1,4:38
2024-25,203497,Rudy Gobert,Rudy,1610612750,MIN,Minnesota Timberwolves,0042400234,2025-05-12T00:00:00,MIN @ GSW,W,29.8,0.0,2.0,0.0,4.0,10.0,10.0,15.0,30.0,1.0,0.0,1.0,4.0,19.7,1,1,1,1,611,751,388,625,582,1167,1221,1619,431,170,1,400,227,772,1,29:46
2024-25,1628973,Jalen Brunson,Jalen,1610612752,NYK,New York Knicks,0042400214,2025-05-12T00:00:00,NYK vs. BOS,W,40.4,5.0,4.0,2.0,18.0,13.0,5.0,6.0,24.0,0.0,0.0,2.0,7.0,62.0,1,1,1,1,131,107,147,325,20,1382,701,944,678,547,1,763,53,22,1,40:24
2024-25,1628384,OG Anunoby,OG,1610612752,NYK,New York Knicks,0042400214,2025-05-12T00:00:00,NYK vs. BOS,W,39.7,5.0,0.0,5.0,6.0,13.0,7.0,6.0,26.0,0.0,1.0,3.0,1.0,26.6,1,1,1,1,172,107,705,74,404,1382,898,944,586,547,1165,1145,773,550,1,39:39
2024-25,1629011,Mitchell Robinson,Mitchell,1610612752,NYK,New York Knicks,0042400214,2025-05-12T00:00:00,NYK vs. BOS,W,25.1,0.0,0.0,0.0,4.0,10.0,4.0,4.0,16.0,0.0,0.0,3.0,2.0,15.6,1,1,1,1,803,751,705,625,582,1167,578,665,991,547,1,1145,505,939,1,25:08
2024-25,201144,Mike Conley,Mike,1610612750,MIN,Minnesota Timberwolves,0042400234,2025-05-12T00:00:00,MIN @ GSW,W,29.4,0.0,0.0,6.0,0.0,12.0,12.0,14.0,28.0,0.0,0.0,2.0,3.0,22.1,1,1,1,1,637,751,705,43,1167,1324,1393,1578,514,547,1,763,344,690,1,29:23
2024-25,1631218,Trayce Jackson-Davis,Trayce,1610612744,GSW,Golden State Warriors,0042400234,2025-05-12T00:00:00,GSW vs. MIN,L,19.2,0.0,3.0,0.0,4.0,5.0,5.0,11.0,16.0,0.0,0.0,3.0,1.0,10.1,1,871,871,871,1007,751,251,625,582,633,701,1399,991,547,1,1145,773,1172,1,19:14
2024-25,1630183,Jaden McDaniels,Jaden,1610612750,MIN,Minnesota Timberwolves,0042400234,2025-05-12T00:00:00,MIN @ GSW,W,40.3,4.0,0.0,4.0,8.0,20.0,12.0,8.0,42.0,1.0,0.0,5.0,2.0,33.6,1,1,1,1,137,171,705,124,265,1658,1393,1162,114,170,1,1609,505,378,1,40:18
2024-25,1628369,Jayson Tatum,Jayson,1610612738,BOS,Boston Celtics,0042400214,2025-05-12T00:00:00,BOS @ NYK,L,39.6,4.0,0.0,4.0,10.0,17.0,11.0,8.0,52.0,2.0,0.0,3.0,2.0,71.6,1,871,871,871,175,171,705,124,175,1575,1313,1162,14,59,1,1145,505,7,1,39:37
2024-25,1630173,Precious Achiuwa,Precious,1610612752,NYK,New York Knicks,0042400214,2025-05-12T00:00:00,NYK vs. BOS,W,0.8,0.0,0.0,0.0,0.0,0.0,2.0,0.0,2.0,0.0,0.0,0.0,0.0,0.0,1,1,1,1,1708,751,705,625,1167,1,308,1,1551,547,1,1,1168,1620,1,0:49
2024-25,1629675,Naz Reid,Naz,1610612750,MIN,Minnesota Timberwolves,0042400234,2025-05-12T00:00:00,MIN @ GSW,W,23.6,0.0,2.0,0.0,0.0,18.0,4.0,5.0,34.0,1.0,0.0,3.0,1.0,15.9,1,1,1,1,853,751,388,625,1167,1602,578,808,299,170,1,1145,773,921,1,23:33
2024-25,1630311,Pat Spencer,Pat,1610612744,GSW,Golden State Warriors,0042400234,2025-05-12T00:00:00,GSW vs. MIN,L,4.6,0.0,0.0,0.0,0.0,0.0,0.0,0.0,0.0,0.0,0.0,0.0,1.0,2.0,1,871,871,871,1524,751,705,625,1167,1,1,1,1643,547,1,1,773,1525,1,4:38
2024-25,1628436,Luke Kornet,Luke,1610612738,BOS,Boston Celtics,0042400214,2025-05-12T00:00:00,BOS @ NYK,L,7.7,0.0,0.0,0.0,0.0,3.0,5.0,0.0,8.0,0.0,0.0,0.0,2.0,0.0,1,871,871,871,1414,751,705,625,1167,431,701,1,1322,547,1,1,505,1620,1,7:45
2024-25,201143,Al Horford,Al,1610612738,BOS,Boston Celtics,0042400214,2025-05-12T00:00:00,BOS @ NYK,L,37.5,3.0,0.0,0.0,0.0,14.0,13.0,4.0,60.0,0.0,0.0,4.0,2.0,23.0,1,871,871,871,257,271,705,625,1167,1443,1459,665,1,547,1,1412,505,657,1,37:30
2024-25,1628969,Mikal Bridges,Mikal,1610612752,NYK,New York Knicks,0042400214,2025-05-12T00:00:00,NYK vs. BOS,W,44.2,2.0,2.0,0.0,14.0,15.0,9.0,8.0,32.0,1.0,0.0,1.0,1.0,47.9,1,1,1,1,29,423,388,625,65,1494,1128,1162,375,170,1,400,773,124,1,44:11
2024-25,1630162,Anthony Edwards,Anthony,1610612750,MIN,Minnesota Timberwolves,0042400234,2025-05-12T00:00:00,MIN @ GSW,W,33.3,2.0,5.0,3.0,10.0,8.0,10.0,14.0,32.0,0.0,0.0,5.0,4.0,45.3,1,1,1,1,460,423,90,204,175,978,1221,1578,375,547,1,1609,227,155,1,33:17
2024-25,203110,Draymond Green,Draymond,1610612744,GSW,Golden State Warriors,0042400234,2025-05-12T00:00:00,GSW vs. MIN,L,33.9,0.0,3.0,2.0,8.0,10.0,7.0,15.0,30.0,0.0,1.0,4.0,0.0,23.4,1,871,871,871,430,751,251,325,265,1167,898,1619,431,547,1165,1412,1168,646,1,33:53
2024-25,201950,Jrue Holiday,Jrue,1610612738,BOS,Boston Celtics,0042400214,2025-05-12T00:00:00,BOS @ NYK,L,34.5,0.0,0.0,0.0,4.0,13.0,9.0,7.0,48.0,0.0,0.0,3.0,1.0,13.3,1,871,871,871,401,751,705,625,582,1382,1128,1055,43,547,1,1145,773,1042,1,34:27
2024-25,1628978,Donte DiVincenzo,Donte,1610612750,MIN,Minnesota Timberwolves,0042400234,2025-05-12T00:00:00,MIN @ GSW,W,25.7,6.0,0.0,3.0,0.0,16.0,4.0,8.0,34.0,0.0,1.0,4.0,4.0,18.1,1,1,1,1,779,67,705,204,1167,1539,578,1162,299,547,1165,1412,227,831,1,25:40
2024-25,1626172,Kevon Looney,Kevon,1610612744,GSW,Golden State Warriors,0042400234,2025-05-12T00:00:00,GSW vs. MIN,L,13.9,0.0,4.0,2.0,6.0,5.0,2.0,5.0,14.0,0.0,1.0,2.0,1.0,17.6,1,871,871,871,1212,751,147,325,404,633,308,808,1080,547,1165,763,773,847,1,13:51
2024-25,1627759,Jaylen Brown,Jaylen,1610612738,BOS,Boston Celtics,0042400214,2025-05-12T00:00:00,BOS @ NYK,L,32.6,2.0,2.0,2.0,10.0,9.0,8.0,8.0,36.0,0.0,2.0,5.0,4.0,27.4,1,871,871,871,503,423,388,325,175,1085,1028,1162,246,547,1564,1609,227,532,1,32:33
2024-25,204001,Kristaps Porziņģis,Kristaps,1610612738,BOS,Boston Celtics,0042400214,2025-05-12T00:00:00,BOS @ NYK,L,24.3,2.0,6.0,0.0,4.0,11.0,8.0,4.0,30.0,0.0,0.0,1.0,4.0,13.8,1,871,871,871,836,423,50,625,582,1253,1028,665,431,547,1,400,227,1020,1,24:16
2024-25,1630202,Payton Pritchard,Payton,1610612738,BOS,Boston Celtics,0042400214,2025-05-12T00:00:00,BOS @ NYK,L,20.4,3.0,0.0,2.0,4.0,12.0,11.0,1.0,26.0,0.0,0.0,0.0,1.0,14.0,1,871,871,871,965,271,705,325,582,1324,1313,324,586,547,1,1,773,1012,1,20:21
2024-25,1628404,Josh Hart,Josh,1610612752,NYK,New York Knicks,0042400214,2025-05-12T00:00:00,NYK vs. BOS,W,29.6,0.0,0.0,1.0,2.0,7.0,4.0,4.0,20.0,0.0,1.0,5.0,3.0,24.3,1,1,1,1,626,751,705,600,802,860,578,665,832,547,1165,1609,344,611,1,29:35
2024-25,1630296,Braxton Key,Braxton,1610612744,GSW,Golden State Warriors,0042400234,2025-05-12T00:00:00,GSW vs. MIN,L,0.1,0.0,0.0,0.0,0.0,0.0,0.0,0.0,0.0,0.0,0.0,0.0,0.0,0.0,1,871,871,871,1729,751,705,625,1167,1,1,1,1643,547,1,1,1168,1620,1,0:08
2024-25,1626166,Cameron Payne,Cameron,1610612752,NYK,New York Knicks,0042400214,2025-05-12T00:00:00,NYK vs. BOS,W,4.5,0.0,0.0,0.0,0.0,5.0,2.0,2.0,4.0,0.0,0.0,1.0,0.0,0.0,1,1,1,1,1532,751,705,625,1167,633,308,358,1472,547,1,400,1168,1620,1,4:29
2024-25,1629660,Ty Jerome,Ty,1610612739,CLE,Cleveland Cavaliers,0042400204,2025-05-11T00:00:00,CLE @ IND,L,17.9,2.0,3.0,0.0,2.0,13.0,4.0,4.0,18.0,0.0,0.0,2.0,1.0,6.4,1,871,871,871,1062,423,251,625,802,1382,578,665,918,547,1,763,773,1312,1,17:51
2024-25,1630171,Isaac Okoro,Isaac,1610612739,CLE,Cleveland Cavaliers,0042400204,2025-05-11T00:00:00,CLE @ IND,L,18.9,2.0,2.0,5.0,6.0,12.0,5.0,2.0,20.0,0.0,0.0,2.0,1.0,16.4,1,871,871,871,1027,423,388,74,404,1324,701,358,832,547,1,763,773,901,1,18:51
2024-25,1627936,Alex Caruso,Alex,1610612760,OKC,Oklahoma City Thunder,0042400224,2025-05-11T00:00:00,OKC @ DEN,W,28.3,2.0,1.0,2.0,2.0,4.0,6.0,4.0,10.0,0.0,0.0,5.0,3.0,16.8,1,1,1,1,679,423,671,325,802,515,804,665,1249,547,1,1609,344,884,1,28:20
2024-25,1630596,Evan Mobley,Evan,1610612739,CLE,Cleveland Cavaliers,0042400204,2025-05-11T00:00:00,CLE @ IND,L,26.7,0.0,2.0,3.0,2.0,18.0,8.0,9.0,32.0,0.0,0.0,2.0,3.0,17.0,1,871,871,871,732,751,388,204,802,1602,1028,1249,375,547,1,763,344,876,1,26:42
2024-25,1630598,Aaron Wiggins,Aaron,1610612760,OKC,Oklahoma City Thunder,0042400224,2025-05-11T00:00:00,OKC @ DEN,W,15.8,0.0,2.0,3.0,2.0,1.0,5.0,1.0,4.0,0.0,0.0,0.0,1.0,17.2,1,1,1,1,1138,751,388,204,802,214,701,324,1472,547,1,1,773,864,1,15:46
2024-25,1628378,Donovan Mitchell,Donovan,1610612739,CLE,Cleveland Cavaliers,0042400204,2025-05-11T00:00:00,CLE @ IND,L,20.3,2.0,0.0,0.0,4.0,18.0,8.0,7.0,26.0,1.0,0.0,0.0,3.0,17.2,1,871,871,871,971,423,705,625,582,1602,1028,1055,586,170,1,1,344,864,1,20:15
2024-25,1631119,Jaylin Williams,Jaylin,1610612760,OKC,Oklahoma City Thunder,0042400224,2025-05-11T00:00:00,OKC @ DEN,W,12.7,0.0,0.0,0.0,0.0,1.0,6.0,3.0,4.0,0.0,0.0,5.0,0.0,6.7,1,1,1,1,1258,751,705,625,1167,214,804,556,1472,547,1,1609,1168,1303,1,12:43
2024-25,1630198,Isaiah Joe,Isaiah,1610612760,OKC,Oklahoma City Thunder,0042400224,2025-05-11T00:00:00,OKC @ DEN,W,7.4,0.0,0.0,0.0,0.0,2.0,0.0,4.0,4.0,0.0,1.0,1.0,1.0,3.7,1,1,1,1,1435,751,705,625,1167,256,1,665,1472,547,1165,400,773,1459,1,7:23
2024-25,1629622,Max Strus,Max,1610612739,CLE,Cleveland Cavaliers,0042400204,2025-05-11T00:00:00,CLE @ IND,L,22.5,3.0,0.0,0.0,2.0,16.0,6.0,9.0,28.0,0.0,0.0,2.0,2.0,23.7,1,871,871,871,884,271,705,625,802,1539,804,1249,514,547,1,763,505,633,1,22:28
2024-25,1630174,Aaron Nesmith,Aaron,1610612754,IND,Indiana Pacers,0042400204,2025-05-11T00:00:00,IND vs. CLE,W,22.8,2.0,0.0,0.0,0.0,7.0,3.0,2.0,14.0,0.0,1.0,3.0,4.0,18.2,1,1,1,1,874,423,705,625,1167,860,473,358,1080,547,1165,1145,227,828,1,22:46
2024-25,1641717,Cason Wallace,Cason,1610612760,OKC,Oklahoma City Thunder,0042400224,2025-05-11T00:00:00,OKC @ DEN,W,22.6,3.0,5.0,0.0,2.0,3.0,8.0,7.0,8.0,0.0,0.0,4.0,0.0,23.0,1,1,1,1,882,271,90,625,802,431,1028,1055,1322,547,1,1412,1168,657,1,22:36
2024-25,1628386,Jarrett Allen,Jarrett,1610612739,CLE,Cleveland Cavaliers,0042400204,2025-05-11T00:00:00,CLE @ IND,L,20.3,0.0,0.0,0.0,0.0,14.0,4.0,9.0,24.0,1.0,0.0,2.0,1.0,6.9,1,871,871,871,968,751,705,625,1167,1443,578,1249,678,170,1,763,773,1293,1,20:19
2024-25,1642281,Jaylon Tyson,Jaylon,1610612739,CLE,Cleveland Cavaliers,0042400204,2025-05-11T00:00:00,CLE @ IND,L,12.0,0.0,0.0,1.0,0.0,8.0,3.0,2.0,10.0,0.0,1.0,2.0,3.0,18.9,1,871,871,871,1281,751,705,600,1167,978,473,358,1249,547,1165,763,344,803,1,12:00
2024-25,1630169,Tyrese Haliburton,Tyrese,1610612754,IND,Indiana Pacers,0042400204,2025-05-11T00:00:00,IND vs. CLE,W,26.4,5.0,2.0,2.0,4.0,8.0,5.0,5.0,14.0,0.0,0.0,1.0,4.0,22.5,1,1,1,1,746,107,388,325,582,978,701,808,1080,547,1,400,227,680,1,26:21
2024-25,203932,Aaron Gordon,Aaron,1610612743,DEN,Denver Nuggets,0042400224,2025-05-11T00:00:00,DEN vs. OKC,L,38.1,3.0,1.0,0.0,2.0,16.0,6.0,10.0,26.0,1.0,0.0,3.0,5.0,42.2,1,871,871,871,235,271,671,625,802,1539,804,1324,586,170,1,1145,143,198,1,38:07
2024-25,1630241,Sam Merrill,Sam,1610612739,CLE,Cleveland Cavaliers,0042400204,2025-05-11T00:00:00,CLE @ IND,L,13.5,0.0,0.0,2.0,0.0,11.0,6.0,0.0,20.0,0.0,0.0,4.0,1.0,7.1,1,871,871,871,1224,751,705,325,1167,1253,804,1,832,547,1,1412,773,1288,1,13:32
2024-25,1642277,Johnny Furphy,Johnny,1610612754,IND,Indiana Pacers,0042400204,2025-05-11T00:00:00,IND vs. CLE,W,10.4,0.0,0.0,0.0,0.0,2.0,4.0,8.0,10.0,0.0,1.0,4.0,0.0,2.7,1,1,1,1,1343,751,705,625,1167,256,578,1162,1249,547,1165,1412,1168,1499,1,10:21
2024-25,1631096,Chet Holmgren,Chet,1610612760,OKC,Oklahoma City Thunder,0042400224,2025-05-11T00:00:00,OKC @ DEN,W,29.3,4.0,0.0,0.0,6.0,4.0,4.0,3.0,14.0,0.0,1.0,3.0,1.0,21.6,1,1,1,1,641,171,705,625,404,515,578,556,1080,547,1165,1145,773,708,1,29:20
2024-25,1631212,Peyton Watson,Peyton,1610612743,DEN,Denver Nuggets,0042400224,2025-05-11T00:00:00,DEN vs. OKC,L,8.7,0.0,2.0,0.0,2.0,0.0,6.0,3.0,6.0,0.0,0.0,3.0,1.0,2.0,1,871,871,871,1387,751,388,625,802,1,804,556,1404,547,1,1145,773,1525,1,8:43
2024-25,1629652,Luguentz Dort,Luguentz,1610612760,OKC,Oklahoma City Thunder,0042400224,2025-05-11T00:00:00,OKC @ DEN,W,19.2,3.0,0.0,0.0,0.0,5.0,0.0,0.0,8.0,0.0,0.0,1.0,2.0,7.4,1,1,1,1,1009,271,705,625,1167,633,1,1,1322,547,1,400,505,1273,1,19:12
2024-25,1628396,Tony Bradley,Tony,1610612754,IND,Indiana Pacers,0042400204,2025-05-11T00:00:00,IND vs. CLE,W,7.6,0.0,0.0,0.0,0.0,2.0,4.0,2.0,8.0,0.0,0.0,0.0,1.0,2.4,1,1,1,1,1426,751,705,625,1167,256,578,358,1322,547,1,1,773,1511,1,7:37
2024-25,1641716,Jarace Walker,Jarace,1610612754,IND,Indiana Pacers,0042400204,2025-05-11T00:00:00,IND vs. CLE,W,13.6,0.0,0.0,0.0,4.0,5.0,4.0,8.0,12.0,0.0,0.0,0.0,2.0,7.2,1,1,1,1,1221,751,705,625,582,633,578,1162,1167,547,1,1,505,1280,1,13:35
2024-25,1629008,Michael Porter Jr.,Michael,1610612743,DEN,Denver Nuggets,0042400224,2025-05-11T00:00:00,DEN vs. OKC,L,34.1,0.0,0.0,0.0,2.0,14.0,4.0,10.0,24.0,1.0,1.0,0.0,1.0,15.8,1,871,871,871,421,751,705,625,802,1443,578,1324,678,170,1165,1,773,932,1,34:04
2024-25,1631114,Jalen Williams,Jalen,1610612760,OKC,Oklahoma City Thunder,0042400224,2025-05-11T00:00:00,OKC @ DEN,W,33.2,0.0,0.0,2.0,4.0,5.0,6.0,2.0,18.0,1.0,0.0,2.0,5.0,32.1,1,1,1,1,468,751,705,325,582,633,804,358,918,170,1,763,143,416,1,33:10
2024-25,1631124,Julian Strawther,Julian,1610612743,DEN,Denver Nuggets,0042400224,2025-05-11T00:00:00,DEN vs. OKC,L,4.7,0.0,0.0,0.0,0.0,2.0,2.0,0.0,0.0,0.0,0.0,2.0,0.0,0.0,1,871,871,871,1520,751,705,625,1167,256,308,1,1643,547,1,763,1168,1620,1,4:44
2024-25,1628983,Shai Gilgeous-Alexander,Shai,1610612760,OKC,Oklahoma City Thunder,0042400224,2025-05-11T00:00:00,OKC @ DEN,W,38.4,4.0,2.0,1.0,8.0,8.0,7.0,7.0,14.0,0.0,0.0,2.0,8.0,44.2,1,1,1,1,223,171,388,600,265,978,898,1055,1080,547,1,763,26,169,1,38:22
2024-25,1630167,Obi Toppin,Obi,1610612754,IND,Indiana Pacers,0042400204,2025-05-11T00:00:00,IND vs. CLE,W,20.7,2.0,4.0,0.0,16.0,7.0,2.0,0.0,12.0,0.0,0.0,3.0,3.0,29.0,1,1,1,1,956,423,147,625,34,860,308,1,1167,547,1,1145,344,489,1,20:44
2024-25,1629614,Andrew Nembhard,Andrew,1610612754,IND,Indiana Pacers,0042400204,2025-05-11T00:00:00,IND vs. CLE,W,30.5,0.0,0.0,0.0,2.0,11.0,7.0,3.0,16.0,0.0,1.0,1.0,2.0,30.1,1,1,1,1,584,751,705,625,802,1253,898,556,991,547,1165,400,505,457,1,30:27
2024-25,201949,James Johnson,James,1610612754,IND,Indiana Pacers,0042400204,2025-05-11T00:00:00,IND vs. CLE,W,7.6,0.0,0.0,0.0,0.0,2.0,4.0,2.0,8.0,2.0,0.0,0.0,0.0,14.0,1,1,1,1,1426,751,705,625,1167,256,578,358,1322,59,1,1,1168,1012,1,7:37
2024-25,1628418,Thomas Bryant,Thomas,1610612754,IND,Indiana Pacers,0042400204,2025-05-11T00:00:00,IND vs. CLE,W,8.9,2.0,0.0,0.0,0.0,0.0,0.0,6.0,6.0,0.0,0.0,2.0,3.0,5.0,1,1,1,1,1385,423,705,625,1167,1,1,944,1404,547,1,763,344,1384,1,8:55
2024-25,1629731,Dean Wade,Dean,1610612739,CLE,Cleveland Cavaliers,0042400204,2025-05-11T00:00:00,CLE @ IND,L,11.2,3.0,0.0,0.0,0.0,13.0,6.0,0.0,20.0,0.0,0.0,0.0,0.0,9.6,1,871,871,871,1316,271,705,625,1167,1382,804,1,832,547,1,1,1168,1192,1,11:09
2024-25,1629636,Darius Garland,Darius,1610612739,CLE,Cleveland Cavaliers,0042400204,2025-05-11T00:00:00,CLE @ IND,L,27.2,0.0,2.0,0.0,10.0,22.0,8.0,9.0,40.0,0.0,0.0,5.0,5.0,31.2,1,871,871,871,719,751,388,625,175,1695,1028,1249,162,547,1,1609,143,434,1,27:10
2024-25,1626167,Myles Turner,Myles,1610612754,IND,Indiana Pacers,0042400204,2025-05-11T00:00:00,IND vs. CLE,W,21.7,3.0,2.0,3.0,6.0,8.0,5.0,5.0,8.0,0.0,0.0,2.0,3.0,31.9,1,1,1,1,914,271,388,204,404,978,701,808,1322,547,1,763,344,421,1,21:43
2024-25,201566,Russell Westbrook,Russell,1610612743,DEN,Denver Nuggets,0042400224,2025-05-11T00:00:00,DEN vs. OKC,L,26.6,0.0,3.0,0.0,0.0,7.0,12.0,7.0,20.0,0.0,0.0,6.0,1.0,13.1,1,871,871,871,736,751,251,625,1167,860,1393,1055,832,547,1,1711,773,1043,1,26:34
2024-25,204456,T.J. McConnell,T.J.,1610612754,IND,Indiana Pacers,0042400204,2025-05-11T00:00:00,IND vs. CLE,W,18.1,9.0,2.0,2.0,8.0,3.0,2.0,6.0,14.0,0.0,1.0,3.0,3.0,29.4,1,1,1,1,1048,18,388,325,265,431,308,944,1080,547,1165,1145,344,475,1,18:08
2024-25,1631128,Christian Braun,Christian,1610612743,DEN,Denver Nuggets,0042400224,2025-05-11T00:00:00,DEN vs. OKC,L,44.1,3.0,0.0,7.0,4.0,18.0,12.0,5.0,26.0,1.0,0.0,4.0,4.0,35.8,1,871,871,871,33,271,705,33,582,1602,1393,808,586,170,1,1412,227,336,1,44:05
2024-25,1627750,Jamal Murray,Jamal,1610612743,DEN,Denver Nuggets,0042400224,2025-05-11T00:00:00,DEN vs. OKC,L,41.0,0.0,0.0,0.0,4.0,18.0,8.0,10.0,26.0,0.0,0.0,1.0,5.0,28.3,1,871,871,871,115,751,705,625,582,1602,1028,1324,586,547,1,400,143,513,1,41:00
2024-25,1631097,Bennedict Mathurin,Bennedict,1610612754,IND,Indiana Pacers,0042400204,2025-05-11T00:00:00,IND vs. CLE,W,1.3,0.0,0.0,0.0,0.0,1.0,0.0,0.0,0.0,0.0,0.0,1.0,0.0,0.2,1,1,1,1,1698,751,705,625,1167,214,1,1,1643,547,1,400,1168,1610,1,1:20
2024-25,1629643,Chuma Okeke,Chuma,1610612739,CLE,Cleveland Cavaliers,0042400204,2025-05-11T00:00:00,CLE @ IND,L,4.7,0.0,0.0,0.0,0.0,0.0,0.0,0.0,4.0,0.0,0.0,0.0,0.0,4.5,1,871,871,871,1523,751,705,625,1167,1,1,1,1472,547,1,1,1168,1413,1,4:40
2024-25,1629631,De'Andre Hunter,De'Andre,1610612739,CLE,Cleveland Cavaliers,0042400204,2025-05-11T00:00:00,CLE @ IND,L,15.8,1.0,0.0,0.0,0.0,11.0,8.0,0.0,24.0,1.0,0.0,5.0,4.0,11.3,1,871,871,871,1137,722,705,625,1167,1253,1028,1,678,170,1,1609,227,1119,1,15:46
2024-25,202684,Tristan Thompson,Tristan,1610612739,CLE,Cleveland Cavaliers,0042400204,2025-05-11T00:00:00,CLE @ IND,L,12.0,0.0,0.0,0.0,2.0,8.0,3.0,2.0,10.0,1.0,0.0,1.0,2.0,12.2,1,871,871,871,1281,751,705,625,802,978,473,358,1249,170,1,400,505,1071,1,12:00
2024-25,1628392,Isaiah Hartenstein,Isaiah,1610612760,OKC,Oklahoma City Thunder,0042400224,2025-05-11T00:00:00,OKC @ DEN,W,33.1,2.0,2.0,2.0,6.0,7.0,3.0,4.0,16.0,1.0,1.0,3.0,2.0,34.3,1,1,1,1,471,423,388,325,404,860,473,665,991,170,1165,1145,505,364,1,33:08
2024-25,203999,Nikola Jokić,Nikola,1610612743,DEN,Denver Nuggets,0042400224,2025-05-11T00:00:00,DEN vs. OKC,L,42.7,2.0,3.0,0.0,6.0,15.0,10.0,5.0,22.0,0.0,1.0,4.0,9.0,57.1,1,871,871,871,63,423,251,625,404,1494,1221,808,754,547,1165,1412,16,45,1,42:43
2024-25,1629750,Javonte Green,Javonte,1610612739,CLE,Cleveland Cavaliers,0042400204,2025-05-11T00:00:00,CLE @ IND,L,7.3,0.0,0.0,2.0,0.0,8.0,3.0,2.0,6.0,0.0,1.0,1.0,1.0,4.4,1,871,871,871,1437,751,705,325,1167,978,473,358,1404,547,1165,400,773,1420,1,7:20
2024-25,1627783,Pascal Siakam,Pascal,1610612754,IND,Indiana Pacers,0042400204,2025-05-11T00:00:00,IND vs. CLE,W,21.0,7.0,2.0,4.0,14.0,4.0,7.0,5.0,14.0,0.0,0.0,2.0,2.0,34.7,1,1,1,1,942,39,388,124,65,515,898,808,1080,547,1,763,505,355,1,21:01
2024-25,1641854,Craig Porter Jr.,Craig,1610612739,CLE,Cleveland Cavaliers,0042400204,2025-05-11T00:00:00,CLE @ IND,L,10.0,0.0,2.0,0.0,4.0,3.0,3.0,0.0,8.0,0.0,0.0,0.0,0.0,15.4,1,871,871,871,1352,751,388,625,582,431,473,1,1322,547,1,1,1168,946,1,9:57
2024-25,1641767,Ben Sheppard,Ben,1610612754,IND,Indiana Pacers,0042400204,2025-05-11T00:00:00,IND vs. CLE,W,29.4,5.0,3.0,0.0,4.0,5.0,8.0,13.0,24.0,0.0,0.0,5.0,1.0,15.6,1,1,1,1,635,107,251,625,582,633,1028,1521,678,547,1,1609,773,939,1,29:25
2024-25,1628384,OG Anunoby,OG,1610612752,NYK,New York Knicks,0042400213,2025-05-10T00:00:00,NYK vs. BOS,L,31.4,0.0,0.0,0.0,2.0,9.0,8.0,13.0,22.0,0.0,2.0,0.0,1.0,4.9,1,871,871,871,552,751,705,625,802,1085,1028,1521,754,547,1564,1,773,1394,1,31:21
2024-25,1630228,Jonathan Kuminga,Jonathan,1610612744,GSW,Golden State Warriors,0042400233,2025-05-10T00:00:00,GSW vs. MIN,L,35.9,2.0,6.0,2.0,14.0,11.0,19.0,5.0,32.0,2.0,1.0,2.0,5.0,45.7,1,871,871,871,335,423,50,325,65,1253,1674,808,375,59,1165,763,143,149,1,35:52
2024-25,1629638,Nickeil Alexander-Walker,Nickeil,1610612750,MIN,Minnesota Timberwolves,0042400233,2025-05-10T00:00:00,MIN @ GSW,W,18.2,0.0,0.0,0.0,0.0,8.0,5.0,2.0,16.0,0.0,0.0,0.0,0.0,7.4,1,1,1,1,1046,751,705,625,1167,978,701,358,991,547,1,1,1168,1273,1,18:12
2024-25,201144,Mike Conley,Mike,1610612750,MIN,Minnesota Timberwolves,0042400233,2025-05-10T00:00:00,MIN @ GSW,W,28.3,5.0,0.0,0.0,4.0,5.0,9.0,7.0,28.0,0.0,1.0,5.0,3.0,17.3,1,1,1,1,681,107,705,625,582,633,1128,1055,514,547,1165,1609,344,860,1,28:18
2024-25,1627759,Jaylen Brown,Jaylen,1610612738,BOS,Boston Celtics,0042400213,2025-05-10T00:00:00,BOS @ NYK,W,35.8,4.0,4.0,0.0,8.0,11.0,11.0,8.0,32.0,1.0,1.0,3.0,5.0,37.7,1,1,1,1,338,171,147,625,265,1253,1313,1162,375,170,1165,1145,143,284,1,35:50
2024-25,1642366,Quinten Post,Quinten,1610612744,GSW,Golden State Warriors,0042400233,2025-05-10T00:00:00,GSW vs. MIN,L,2.5,0.0,0.0,0.0,0.0,4.0,0.0,0.0,6.0,0.0,0.0,1.0,0.0,0.0,1,871,871,871,1628,751,705,625,1167,515,1,1,1404,547,1,400,1168,1620,1,2:31
2024-25,1626172,Kevon Looney,Kevon,1610612744,GSW,Golden State Warriors,0042400233,2025-05-10T00:00:00,GSW vs. MIN,L,18.0,0.0,2.0,0.0,2.0,4.0,12.0,3.0,20.0,2.0,0.0,6.0,1.0,21.2,1,871,871,871,1052,751,388,625,802,515,1393,556,832,59,1,1711,773,723,1,18:03
2024-25,1630183,Jaden McDaniels,Jaden,1610612750,MIN,Minnesota Timberwolves,0042400233,2025-05-10T00:00:00,MIN @ GSW,W,42.2,5.0,3.0,0.0,2.0,9.0,11.0,7.0,46.0,2.0,1.0,2.0,3.0,30.7,1,1,1,1,84,107,251,625,802,1085,1313,1055,52,59,1165,763,344,444,1,42:11
2024-25,1629675,Naz Reid,Naz,1610612750,MIN,Minnesota Timberwolves,0042400233,2025-05-10T00:00:00,MIN @ GSW,W,24.5,3.0,6.0,0.0,0.0,10.0,8.0,4.0,18.0,0.0,1.0,4.0,1.0,13.6,1,1,1,1,826,271,50,625,1167,1167,1028,665,918,547,1165,1412,773,1029,1,24:30
2024-25,1628978,Donte DiVincenzo,Donte,1610612750,MIN,Minnesota Timberwolves,0042400233,2025-05-10T00:00:00,MIN @ GSW,W,15.8,0.0,0.0,0.0,2.0,8.0,5.0,0.0,20.0,0.0,0.0,4.0,0.0,1.4,1,1,1,1,1136,751,705,625,802,978,701,1,832,547,1,1412,1168,1555,1,15:49
2024-25,1627780,Gary Payton II,Gary,1610612744,GSW,Golden State Warriors,0042400233,2025-05-10T00:00:00,GSW vs. MIN,L,25.6,2.0,0.0,2.0,2.0,8.0,8.0,2.0,20.0,0.0,0.0,2.0,0.0,6.2,1,871,871,871,784,423,705,325,802,978,1028,358,832,547,1,763,1168,1325,1,25:33
2024-25,1629674,Neemias Queta,Neemias,1610612738,BOS,Boston Celtics,0042400213,2025-05-10T00:00:00,BOS @ NYK,W,2.1,0.0,0.0,0.0,0.0,0.0,2.0,0.0,4.0,0.0,0.0,0.0,0.0,0.0,1,1,1,1,1643,751,705,625,1167,1,308,1,1472,547,1,1,1168,1620,1,2:06
2024-25,1630202,Payton Pritchard,Payton,1610612738,BOS,Boston Celtics,0042400213,2025-05-10T00:00:00,BOS @ NYK,W,34.5,3.0,2.0,3.0,2.0,12.0,14.0,3.0,34.0,0.0,1.0,3.0,1.0,33.8,1,1,1,1,395,271,388,204,802,1324,1513,556,299,547,1165,1145,773,375,1,34:31
2024-25,1628436,Luke Kornet,Luke,1610612738,BOS,Boston Celtics,0042400213,2025-05-10T00:00:00,BOS @ NYK,W,9.8,0.0,4.0,0.0,4.0,4.0,6.0,0.0,4.0,1.0,0.0,4.0,1.0,11.4,1,1,1,1,1358,751,147,625,582,515,804,1,1472,170,1,1412,773,1109,1,9:49
2024-25,1628973,Jalen Brunson,Jalen,1610612752,NYK,New York Knicks,0042400213,2025-05-10T00:00:00,NYK vs. BOS,L,39.7,7.0,0.0,3.0,10.0,12.0,10.0,16.0,26.0,0.0,1.0,4.0,8.0,41.3,1,871,871,871,171,39,705,204,175,1324,1221,1654,586,547,1165,1412,26,214,1,39:40
2024-25,1641775,Jordan Walsh,Jordan,1610612738,BOS,Boston Celtics,0042400213,2025-05-10T00:00:00,BOS @ NYK,W,2.1,0.0,0.0,0.0,0.0,0.0,2.0,0.0,4.0,0.0,0.0,0.0,0.0,0.0,1,1,1,1,1643,751,705,625,1167,1,308,1,1472,547,1,1,1168,1620,1,2:06
2024-25,1630541,Moses Moody,Moses,1610612744,GSW,Golden State Warriors,0042400233,2025-05-10T00:00:00,GSW vs. MIN,L,3.3,0.0,0.0,0.0,0.0,3.0,3.0,0.0,2.0,0.0,0.0,0.0,0.0,0.0,1,871,871,871,1587,751,705,625,1167,431,473,1,1551,547,1,1,1168,1620,1,3:20
2024-25,1626157,Karl-Anthony Towns,Karl-Anthony,1610612752,NYK,New York Knicks,0042400213,2025-05-10T00:00:00,NYK vs. BOS,L,36.5,0.0,8.0,3.0,6.0,12.0,10.0,16.0,26.0,0.0,2.0,4.0,6.0,38.0,1,871,871,871,310,751,19,204,404,1324,1221,1654,586,547,1564,1412,92,278,1,36:27
2024-25,203110,Draymond Green,Draymond,1610612744,GSW,Golden State Warriors,0042400233,2025-05-10T00:00:00,GSW vs. MIN,L,29.1,0.0,0.0,0.0,2.0,12.0,14.0,2.0,24.0,0.0,1.0,6.0,4.0,11.4,1,871,871,871,648,751,705,625,802,1324,1513,358,678,547,1165,1711,227,1109,1,29:08
2024-25,1628401,Derrick White,Derrick,1610612738,BOS,Boston Celtics,0042400213,2025-05-10T00:00:00,BOS @ NYK,W,33.6,2.0,4.0,6.0,6.0,8.0,12.0,8.0,34.0,1.0,0.0,4.0,3.0,32.0,1,1,1,1,445,423,147,43,404,978,1393,1162,299,170,1,1412,344,418,1,33:33
2024-25,201143,Al Horford,Al,1610612738,BOS,Boston Celtics,0042400213,2025-05-10T00:00:00,BOS @ NYK,W,34.5,0.0,2.0,4.0,6.0,10.0,14.0,8.0,36.0,2.0,0.0,0.0,0.0,33.3,1,1,1,1,395,751,388,124,404,1167,1513,1162,246,59,1,1,1168,387,1,34:31
2024-25,1626166,Cameron Payne,Cameron,1610612752,NYK,New York Knicks,0042400213,2025-05-10T00:00:00,NYK vs. BOS,L,7.6,0.0,0.0,0.0,2.0,2.0,8.0,2.0,8.0,0.0,0.0,1.0,0.0,6.2,1,871,871,871,1428,751,705,625,802,256,1028,358,1322,547,1,400,1168,1325,1,7:35
2024-25,1627741,Buddy Hield,Buddy,1610612744,GSW,Golden State Warriors,0042400233,2025-05-10T00:00:00,GSW vs. MIN,L,32.3,0.0,2.0,0.0,2.0,11.0,21.0,5.0,36.0,2.0,1.0,0.0,1.0,32.3,1,871,871,871,516,751,388,625,802,1253,1704,808,246,59,1165,1,773,412,1,32:21
2024-25,1628969,Mikal Bridges,Mikal,1610612752,NYK,New York Knicks,0042400213,2025-05-10T00:00:00,NYK vs. BOS,L,38.1,2.0,0.0,2.0,12.0,14.0,14.0,16.0,26.0,0.0,0.0,2.0,0.0,22.6,1,871,871,871,238,423,705,325,109,1443,1513,1654,586,547,1,763,1168,678,1,38:05
2024-25,1630540,Miles McBride,Miles,1610612752,NYK,New York Knicks,0042400213,2025-05-10T00:00:00,NYK vs. BOS,L,19.6,0.0,3.0,0.0,0.0,5.0,10.0,7.0,14.0,0.0,0.0,0.0,0.0,5.2,1,871,871,871,987,751,251,625,1167,633,1221,1055,1080,547,1,1,1168,1371,1,19:36
2024-25,202710,Jimmy Butler III,Jimmy,1610612744,GSW,Golden State Warriors,0042400233,2025-05-10T00:00:00,GSW vs. MIN,L,43.0,6.0,4.0,0.0,20.0,11.0,23.0,5.0,42.0,0.0,2.0,4.0,7.0,47.9,1,871,871,871,53,67,147,625,13,1253,1718,808,114,547,1564,1412,53,124,1,42:59
2024-25,203497,Rudy Gobert,Rudy,1610612750,MIN,Minnesota Timberwolves,0042400233,2025-05-10T00:00:00,MIN @ GSW,W,26.8,1.0,2.0,3.0,4.0,4.0,9.0,3.0,28.0,4.0,2.0,5.0,7.0,35.6,1,1,1,1,727,722,388,204,582,515,1128,556,514,7,1564,1609,53,338,1,26:45
2024-25,1629013,Landry Shamet,Landry,1610612752,NYK,New York Knicks,0042400213,2025-05-10T00:00:00,NYK vs. BOS,L,3.1,0.0,0.0,0.0,0.0,0.0,2.0,0.0,2.0,0.0,0.0,0.0,0.0,0.0,1,871,871,871,1597,751,705,625,1167,1,308,1,1551,547,1,1,1168,1620,1,3:06
2024-25,1641764,Brandin Podziemski,Brandin,1610612744,GSW,Golden State Warriors,0042400233,2025-05-10T00:00:00,GSW vs. MIN,L,39.1,2.0,0.0,3.0,0.0,13.0,23.0,3.0,36.0,0.0,1.0,1.0,4.0,19.6,1,871,871,871,192,423,705,204,1167,1382,1718,556,246,547,1165,400,227,776,1,39:08
2024-25,1631218,Trayce Jackson-Davis,Trayce,1610612744,GSW,Golden State Warriors,0042400233,2025-05-10T00:00:00,GSW vs. MIN,L,11.1,1.0,0.0,0.0,6.0,3.0,7.0,0.0,12.0,1.0,1.0,2.0,1.0,12.4,1,871,871,871,1322,722,705,625,404,431,898,1,1167,170,1165,763,773,1064,1,11:05
2024-25,1628404,Josh Hart,Josh,1610612752,NYK,New York Knicks,0042400213,2025-05-10T00:00:00,NYK vs. BOS,L,34.1,4.0,2.0,0.0,6.0,11.0,14.0,15.0,30.0,2.0,2.0,1.0,3.0,26.7,1,871,871,871,418,171,388,625,404,1253,1513,1619,431,59,1564,400,344,548,1,34:05
2024-25,204001,Kristaps Porziņģis,Kristaps,1610612738,BOS,Boston Celtics,0042400213,2025-05-10T00:00:00,BOS @ NYK,W,18.9,0.0,0.0,0.0,0.0,6.0,4.0,0.0,22.0,3.0,0.0,5.0,3.0,21.8,1,1,1,1,1024,751,705,625,1167,735,578,1,754,17,1,1609,344,699,1,18:53
2024-25,1630162,Anthony Edwards,Anthony,1610612750,MIN,Minnesota Timberwolves,0042400233,2025-05-10T00:00:00,MIN @ GSW,W,43.8,2.0,11.0,2.0,16.0,11.0,12.0,5.0,42.0,1.0,0.0,0.0,5.0,46.8,1,1,1,1,38,423,3,325,34,1253,1393,808,114,170,1,1,143,138,1,43:49
2024-25,1630574,Ariel Hukporti,Ariel,1610612752,NYK,New York Knicks,0042400213,2025-05-10T00:00:00,NYK vs. BOS,L,2.1,0.0,0.0,0.0,2.0,0.0,0.0,0.0,0.0,0.0,0.0,0.0,0.0,4.4,1,871,871,871,1643,751,705,625,802,1,1,1,1643,547,1,1,1168,1420,1,2:06
2024-25,1628369,Jayson Tatum,Jayson,1610612738,BOS,Boston Celtics,0042400213,2025-05-10T00:00:00,BOS @ NYK,W,39.7,5.0,2.0,5.0,6.0,11.0,15.0,8.0,38.0,0.0,0.0,4.0,2.0,46.3,1,1,1,1,168,107,388,74,404,1253,1571,1162,202,547,1,1412,505,141,1,39:43
2024-25,203944,Julius Randle,Julius,1610612750,MIN,Minnesota Timberwolves,0042400233,2025-05-10T00:00:00,MIN @ GSW,W,40.4,0.0,4.0,0.0,18.0,10.0,11.0,7.0,42.0,0.0,2.0,3.0,5.0,59.0,1,1,1,1,130,751,147,625,20,1167,1313,1055,114,547,1564,1145,143,32,1,40:26
2024-25,1631248,Baylor Scheierman,Baylor,1610612738,BOS,Boston Celtics,0042400213,2025-05-10T00:00:00,BOS @ NYK,W,2.1,0.0,0.0,0.0,0.0,0.0,2.0,0.0,4.0,0.0,0.0,0.0,0.0,1.2,1,1,1,1,1643,751,705,625,1167,1,308,1,1472,547,1,1,1168,1559,1,2:06
2024-25,201950,Jrue Holiday,Jrue,1610612738,BOS,Boston Celtics,0042400213,2025-05-10T00:00:00,BOS @ NYK,W,24.8,0.0,0.0,0.0,2.0,8.0,6.0,5.0,24.0,0.0,0.0,3.0,1.0,16.4,1,1,1,1,815,751,705,625,802,978,804,808,678,547,1,1145,773,901,1,24:46
2024-25,1628470,Torrey Craig,Torrey,1610612738,BOS,Boston Celtics,0042400213,2025-05-10T00:00:00,BOS @ NYK,W,2.1,0.0,0.0,0.0,0.0,0.0,2.0,0.0,4.0,0.0,0.0,0.0,0.0,0.0,1,1,1,1,1643,751,705,625,1167,1,308,1,1472,547,1,1,1168,1620,1,2:06
2024-25,1630173,Precious Achiuwa,Precious,1610612752,NYK,New York Knicks,0042400213,2025-05-10T00:00:00,NYK vs. BOS,L,6.0,0.0,4.0,0.0,6.0,0.0,2.0,0.0,2.0,0.0,0.0,1.0,1.0,7.2,1,871,871,871,1476,751,147,625,404,1,308,1,1551,547,1,400,773,1280,1,6:01
2024-25,1629011,Mitchell Robinson,Mitchell,1610612752,NYK,New York Knicks,0042400213,2025-05-10T00:00:00,NYK vs. BOS,L,18.9,1.0,1.0,0.0,2.0,5.0,10.0,5.0,12.0,0.0,1.0,3.0,7.0,16.1,1,871,871,871,1026,722,671,625,802,633,1221,808,1167,547,1165,1145,53,917,1,18:52
2024-25,1626153,Delon Wright,Delon,1610612752,NYK,New York Knicks,0042400213,2025-05-10T00:00:00,NYK vs. BOS,L,3.1,0.0,0.0,0.0,0.0,0.0,2.0,0.0,2.0,0.0,0.0,0.0,0.0,0.0,1,871,871,871,1597,751,705,625,1167,1,308,1,1551,547,1,1,1168,1620,1,3:06
2024-25,1631119,Jaylin Williams,Jaylin,1610612760,OKC,Oklahoma City Thunder,0042400223,2025-05-09T00:00:00,OKC @ DEN,L,13.7,0.0,0.0,2.0,2.0,2.0,4.0,0.0,12.0,0.0,0.0,1.0,0.0,5.0,1,871,871,871,1218,751,705,325,802,256,578,1,1167,547,1,400,1168,1384,1,13:43
2024-25,1631096,Chet Holmgren,Chet,1610612760,OKC,Oklahoma City Thunder,0042400223,2025-05-09T00:00:00,OKC @ DEN,L,40.2,6.0,1.0,4.0,12.0,14.0,5.0,7.0,22.0,3.0,2.0,2.0,6.0,46.2,1,871,871,871,143,67,671,124,109,1443,701,1055,754,17,1564,763,92,144,1,40:11
2024-25,1628392,Isaiah Hartenstein,Isaiah,1610612760,OKC,Oklahoma City Thunder,0042400223,2025-05-09T00:00:00,OKC @ DEN,L,30.6,2.0,2.0,0.0,10.0,4.0,2.0,5.0,14.0,1.0,2.0,4.0,1.0,32.0,1,871,871,871,577,423,388,625,175,515,308,808,1080,170,1564,1412,773,418,1,30:35
2024-25,1630167,Obi Toppin,Obi,1610612754,IND,Indiana Pacers,0042400203,2025-05-09T00:00:00,IND vs. CLE,L,19.3,0.0,0.0,0.0,2.0,2.0,11.0,5.0,18.0,0.0,0.0,3.0,2.0,14.9,1,871,871,871,1004,751,705,625,802,256,1313,808,918,547,1,1145,505,969,1,19:20
2024-25,1627750,Jamal Murray,Jamal,1610612743,DEN,Denver Nuggets,0042400223,2025-05-09T00:00:00,DEN vs. OKC,W,47.9,4.0,0.0,2.0,10.0,14.0,8.0,12.0,52.0,1.0,2.0,2.0,8.0,56.8,1,1,1,1,4,171,705,325,175,1443,1028,1472,14,170,1564,763,26,47,1,47:55
2024-25,1630198,Isaiah Joe,Isaiah,1610612760,OKC,Oklahoma City Thunder,0042400223,2025-05-09T00:00:00,OKC @ DEN,L,3.2,0.0,0.0,0.0,0.0,0.0,0.0,0.0,0.0,0.0,0.0,2.0,0.0,6.2,1,871,871,871,1591,751,705,625,1167,1,1,1,1643,547,1,763,1168,1325,1,3:11
2024-25,1629660,Ty Jerome,Ty,1610612739,CLE,Cleveland Cavaliers,0042400203,2025-05-09T00:00:00,CLE @ IND,W,13.5,0.0,0.0,0.0,2.0,13.0,2.0,10.0,12.0,0.0,0.0,2.0,0.0,0.2,1,1,1,1,1230,751,705,625,802,1382,308,1324,1167,547,1,763,1168,1610,1,13:29
2024-25,1627936,Alex Caruso,Alex,1610612760,OKC,Oklahoma City Thunder,0042400223,2025-05-09T00:00:00,OKC @ DEN,L,23.0,0.0,0.0,0.0,0.0,12.0,7.0,2.0,16.0,0.0,0.0,2.0,1.0,15.4,1,871,871,871,869,751,705,625,1167,1324,898,358,991,547,1,763,773,946,1,22:60
2024-25,1628396,Tony Bradley,Tony,1610612754,IND,Indiana Pacers,0042400203,2025-05-09T00:00:00,IND vs. CLE,L,2.9,0.0,0.0,0.0,0.0,0.0,0.0,0.0,2.0,0.0,0.0,0.0,0.0,1.2,1,871,871,871,1610,751,705,625,1167,1,1,1,1551,547,1,1,1168,1559,1,2:52
2024-25,1631128,Christian Braun,Christian,1610612743,DEN,Denver Nuggets,0042400223,2025-05-09T00:00:00,DEN vs. OKC,W,43.0,0.0,0.0,0.0,2.0,20.0,11.0,10.0,44.0,2.0,1.0,5.0,0.0,22.9,1,1,1,1,52,751,705,625,802,1658,1313,1324,78,59,1165,1609,1168,666,1,43:00
2024-25,1630174,Aaron Nesmith,Aaron,1610612754,IND,Indiana Pacers,0042400203,2025-05-09T00:00:00,IND vs. CLE,L,27.5,0.0,2.0,0.0,4.0,11.0,25.0,5.0,34.0,2.0,0.0,4.0,1.0,22.9,1,871,871,871,709,751,388,625,582,1253,1726,808,299,59,1,1412,773,666,1,27:29
2024-25,1628386,Jarrett Allen,Jarrett,1610612739,CLE,Cleveland Cavaliers,0042400203,2025-05-09T00:00:00,CLE @ IND,W,31.0,0.0,14.0,2.0,12.0,15.0,2.0,8.0,30.0,2.0,1.0,2.0,5.0,39.4,1,1,1,1,563,751,2,325,109,1494,308,1162,431,59,1165,763,143,247,1,30:59
2024-25,1630598,Aaron Wiggins,Aaron,1610612760,OKC,Oklahoma City Thunder,0042400223,2025-05-09T00:00:00,OKC @ DEN,L,12.5,5.0,3.0,2.0,4.0,10.0,3.0,2.0,8.0,1.0,0.0,1.0,0.0,15.4,1,871,871,871,1264,107,251,325,582,1167,473,358,1322,170,1,400,1168,946,1,12:30
2024-25,1642277,Johnny Furphy,Johnny,1610612754,IND,Indiana Pacers,0042400203,2025-05-09T00:00:00,IND vs. CLE,L,3.7,0.0,0.0,0.0,0.0,1.0,0.0,1.0,2.0,1.0,0.0,1.0,0.0,5.4,1,871,871,871,1560,751,705,625,1167,214,1,324,1551,170,1,400,1168,1360,1,3:44
2024-25,1629622,Max Strus,Max,1610612739,CLE,Cleveland Cavaliers,0042400203,2025-05-09T00:00:00,CLE @ IND,W,33.3,0.0,2.0,0.0,8.0,15.0,7.0,11.0,32.0,1.0,0.0,5.0,3.0,41.9,1,1,1,1,461,751,388,625,265,1494,898,1399,375,170,1,1609,344,203,1,33:16
2024-25,1641854,Craig Porter Jr.,Craig,1610612739,CLE,Cleveland Cavaliers,0042400203,2025-05-09T00:00:00,CLE @ IND,W,3.2,0.0,0.0,0.0,2.0,0.0,0.0,1.0,2.0,0.0,0.0,0.0,0.0,3.2,1,1,1,1,1593,751,705,625,802,1,1,324,1551,547,1,1,1168,1470,1,3:09
2024-25,1641717,Cason Wallace,Cason,1610612760,OKC,Oklahoma City Thunder,0042400223,2025-05-09T00:00:00,OKC @ DEN,L,19.7,0.0,0.0,0.0,2.0,12.0,5.0,2.0,12.0,0.0,0.0,1.0,0.0,9.1,1,871,871,871,983,751,705,625,802,1324,701,358,1167,547,1,400,1168,1218,1,19:40
2024-25,1641767,Ben Sheppard,Ben,1610612754,IND,Indiana Pacers,0042400203,2025-05-09T00:00:00,IND vs. CLE,L,5.9,0.0,0.0,3.0,0.0,1.0,3.0,1.0,2.0,0.0,0.0,1.0,0.0,4.4,1,871,871,871,1480,751,705,204,1167,214,473,324,1551,547,1,400,1168,1420,1,5:53
2024-25,1630169,Tyrese Haliburton,Tyrese,1610612754,IND,Indiana Pacers,0042400203,2025-05-09T00:00:00,IND vs. CLE,L,30.0,0.0,0.0,0.0,4.0,13.0,19.0,5.0,38.0,0.0,4.0,2.0,0.0,11.5,1,871,871,871,602,751,705,625,582,1382,1674,808,202,547,1720,763,1168,1105,1,30:00
2024-25,201949,James Johnson,James,1610612754,IND,Indiana Pacers,0042400203,2025-05-09T00:00:00,IND vs. CLE,L,5.1,0.0,0.0,0.0,2.0,3.0,2.0,1.0,2.0,0.0,0.0,1.0,1.0,6.2,1,871,871,871,1511,751,705,625,802,431,308,324,1551,547,1,400,773,1325,1,5:03
2024-25,1627783,Pascal Siakam,Pascal,1610612754,IND,Indiana Pacers,0042400203,2025-05-09T00:00:00,IND vs. CLE,L,27.6,3.0,2.0,2.0,14.0,6.0,22.0,5.0,34.0,0.0,2.0,2.0,3.0,26.3,1,871,871,871,705,271,388,325,65,735,1712,808,299,547,1564,763,344,553,1,27:36
2024-25,1629636,Darius Garland,Darius,1610612739,CLE,Cleveland Cavaliers,0042400203,2025-05-09T00:00:00,CLE @ IND,W,24.9,2.0,0.0,0.0,2.0,12.0,4.0,9.0,32.0,0.0,0.0,4.0,2.0,11.7,1,1,1,1,809,423,705,625,802,1324,578,1249,375,547,1,1412,505,1088,1,24:53
2024-25,1628378,Donovan Mitchell,Donovan,1610612739,CLE,Cleveland Cavaliers,0042400203,2025-05-09T00:00:00,CLE @ IND,W,37.3,9.0,5.0,5.0,16.0,14.0,5.0,11.0,30.0,0.0,4.0,4.0,7.0,62.3,1,1,1,1,267,18,90,74,34,1443,701,1399,431,547,1720,1412,53,21,1,37:17
2024-25,203999,Nikola Jokić,Nikola,1610612743,DEN,Denver Nuggets,0042400223,2025-05-09T00:00:00,DEN vs. OKC,W,43.7,2.0,4.0,0.0,12.0,19.0,11.0,10.0,44.0,2.0,0.0,2.0,2.0,52.2,1,1,1,1,39,423,147,625,109,1636,1313,1324,78,59,1,763,505,80,1,43:41
2024-25,1628418,Thomas Bryant,Thomas,1610612754,IND,Indiana Pacers,0042400203,2025-05-09T00:00:00,IND vs. CLE,L,14.5,0.0,0.0,0.0,2.0,5.0,9.0,6.0,14.0,1.0,0.0,2.0,0.0,11.6,1,871,871,871,1183,751,705,625,802,633,1128,944,1080,170,1,763,1168,1097,1,14:32
2024-25,1631114,Jalen Williams,Jalen,1610612760,OKC,Oklahoma City Thunder,0042400223,2025-05-09T00:00:00,OKC @ DEN,L,43.5,7.0,5.0,4.0,16.0,16.0,9.0,7.0,28.0,0.0,2.0,1.0,5.0,40.1,1,871,871,871,44,39,90,124,34,1539,1128,1055,514,547,1564,400,143,233,1,43:29
2024-25,1631212,Peyton Watson,Peyton,1610612743,DEN,Denver Nuggets,0042400223,2025-05-09T00:00:00,DEN vs. OKC,W,16.7,0.0,0.0,0.0,0.0,3.0,2.0,6.0,18.0,2.0,0.0,2.0,3.0,18.0,1,1,1,1,1102,751,705,625,1167,431,308,944,918,59,1,763,344,837,1,16:39
2024-25,1629652,Luguentz Dort,Luguentz,1610612760,OKC,Oklahoma City Thunder,0042400223,2025-05-09T00:00:00,OKC @ DEN,L,33.9,0.0,0.0,0.0,2.0,4.0,4.0,5.0,22.0,1.0,0.0,6.0,3.0,14.3,1,871,871,871,427,751,705,625,802,515,578,808,754,170,1,1711,344,993,1,33:55
2024-25,1630171,Isaac Okoro,Isaac,1610612739,CLE,Cleveland Cavaliers,0042400203,2025-05-09T00:00:00,CLE @ IND,W,3.7,1.0,0.0,1.0,0.0,0.0,0.0,1.0,4.0,0.0,0.0,1.0,1.0,4.0,1,1,1,1,1560,722,705,600,1167,1,1,324,1472,547,1,400,773,1449,1,3:44
2024-25,1626167,Myles Turner,Myles,1610612754,IND,Indiana Pacers,0042400203,2025-05-09T00:00:00,IND vs. CLE,L,25.6,2.0,0.0,5.0,6.0,11.0,18.0,5.0,36.0,3.0,1.0,5.0,4.0,29.6,1,871,871,871,785,423,705,74,404,1253,1656,808,246,17,1165,1609,227,469,1,25:33
2024-25,1641716,Jarace Walker,Jarace,1610612754,IND,Indiana Pacers,0042400203,2025-05-09T00:00:00,IND vs. CLE,L,4.4,0.0,0.0,1.0,0.0,1.0,0.0,1.0,2.0,0.0,0.0,0.0,2.0,4.7,1,871,871,871,1534,751,705,600,1167,214,1,324,1551,547,1,1,505,1399,1,4:26
2024-25,1630192,Zeke Nnaji,Zeke,1610612743,DEN,Denver Nuggets,0042400223,2025-05-09T00:00:00,DEN vs. OKC,W,3.0,0.0,0.0,0.0,0.0,6.0,3.0,2.0,4.0,0.0,0.0,0.0,0.0,0.0,1,1,1,1,1608,751,705,625,1167,735,473,358,1472,547,1,1,1168,1620,1,2:60
2024-25,1629731,Dean Wade,Dean,1610612739,CLE,Cleveland Cavaliers,0042400203,2025-05-09T00:00:00,CLE @ IND,W,14.3,0.0,0.0,0.0,0.0,6.0,4.0,3.0,22.0,1.0,0.0,1.0,0.0,8.3,1,1,1,1,1189,751,705,625,1167,735,578,556,754,170,1,400,1168,1248,1,14:16
2024-25,1629008,Michael Porter Jr.,Michael,1610612743,DEN,Denver Nuggets,0042400223,2025-05-09T00:00:00,DEN vs. OKC,W,42.1,0.0,0.0,0.0,2.0,15.0,9.0,12.0,50.0,0.0,0.0,4.0,2.0,31.1,1,1,1,1,88,751,705,625,802,1494,1128,1472,26,547,1,1412,505,436,1,42:07
2024-25,1628983,Shai Gilgeous-Alexander,Shai,1610612760,OKC,Oklahoma City Thunder,0042400223,2025-05-09T00:00:00,OKC @ DEN,L,44.8,0.0,0.0,2.0,8.0,6.0,6.0,5.0,26.0,0.0,1.0,1.0,5.0,49.1,1,871,871,871,20,751,705,325,265,735,804,808,586,547,1165,400,143,108,1,44:47
2024-25,203932,Aaron Gordon,Aaron,1610612743,DEN,Denver Nuggets,0042400223,2025-05-09T00:00:00,DEN vs. OKC,W,46.4,5.0,2.0,3.0,4.0,15.0,8.0,10.0,50.0,0.0,2.0,2.0,3.0,41.1,1,1,1,1,7,107,388,204,582,1494,1028,1324,26,547,1564,763,344,220,1,46:22
2024-25,1631097,Bennedict Mathurin,Bennedict,1610612754,IND,Indiana Pacers,0042400203,2025-05-09T00:00:00,IND vs. CLE,L,26.9,6.0,5.0,1.0,6.0,9.0,19.0,7.0,28.0,0.0,0.0,4.0,7.0,25.2,1,871,871,871,722,67,90,600,404,1085,1674,1055,514,547,1,1412,53,587,1,26:53
2024-25,1629631,De'Andre Hunter,De'Andre,1610612739,CLE,Cleveland Cavaliers,0042400203,2025-05-09T00:00:00,CLE @ IND,W,20.6,0.0,0.0,3.0,2.0,13.0,7.0,12.0,22.0,0.0,0.0,2.0,5.0,14.0,1,1,1,1,962,751,705,204,802,1382,898,1472,754,547,1,763,143,1012,1,20:33
2024-25,1629750,Javonte Green,Javonte,1610612739,CLE,Cleveland Cavaliers,0042400203,2025-05-09T00:00:00,CLE @ IND,W,3.2,0.0,0.0,0.0,0.0,0.0,0.0,1.0,2.0,0.0,1.0,0.0,0.0,1.4,1,1,1,1,1593,751,705,625,1167,1,1,324,1551,547,1165,1,1168,1555,1,3:09
2024-25,1630596,Evan Mobley,Evan,1610612739,CLE,Cleveland Cavaliers,0042400203,2025-05-09T00:00:00,CLE @ IND,W,35.1,4.0,7.0,0.0,10.0,11.0,7.0,10.0,32.0,3.0,2.0,2.0,4.0,57.6,1,1,1,1,366,171,31,625,175,1253,898,1324,375,17,1564,763,227,39,1,35:08
2024-25,1629614,Andrew Nembhard,Andrew,1610612754,IND,Indiana Pacers,0042400203,2025-05-09T00:00:00,IND vs. CLE,L,25.5,10.0,0.0,2.0,2.0,15.0,19.0,8.0,38.0,1.0,0.0,4.0,1.0,23.8,1,871,871,871,787,12,705,325,802,1494,1674,1162,202,170,1,1412,773,628,1,25:30
2024-25,201566,Russell Westbrook,Russell,1610612743,DEN,Denver Nuggets,0042400223,2025-05-09T00:00:00,DEN vs. OKC,W,22.3,5.0,3.0,2.0,2.0,8.0,3.0,8.0,18.0,0.0,1.0,4.0,3.0,21.2,1,1,1,1,893,107,251,325,802,978,473,1162,918,547,1165,1412,344,723,1,22:17
2024-25,1630241,Sam Merrill,Sam,1610612739,CLE,Cleveland Cavaliers,0042400203,2025-05-09T00:00:00,CLE @ IND,W,20.1,0.0,3.0,0.0,0.0,6.0,7.0,3.0,20.0,0.0,0.0,3.0,2.0,7.2,1,1,1,1,974,751,251,625,1167,735,898,556,832,547,1,1145,505,1280,1,20:07
2024-25,204456,T.J. McConnell,T.J.,1610612754,IND,Indiana Pacers,0042400203,2025-05-09T00:00:00,IND vs. CLE,L,21.1,0.0,0.0,2.0,6.0,2.0,8.0,5.0,20.0,0.0,0.0,0.0,5.0,28.7,1,871,871,871,933,751,705,325,404,256,1028,808,832,547,1,1,143,497,1,21:09
2024-25,1630311,Pat Spencer,Pat,1610612744,GSW,Golden State Warriors,0042400232,2025-05-08T00:00:00,GSW @ MIN,L,13.9,0.0,0.0,0.0,0.0,12.0,9.0,7.0,16.0,0.0,2.0,2.0,1.0,2.9,1,871,871,871,1212,751,705,625,1167,1324,1128,1055,991,547,1564,763,773,1497,1,13:51
2024-25,1628995,Kevin Knox II,Kevin,1610612744,GSW,Golden State Warriors,0042400232,2025-05-08T00:00:00,GSW @ MIN,L,9.0,0.0,0.0,0.0,0.0,4.0,0.0,3.0,8.0,0.0,1.0,1.0,1.0,5.4,1,871,871,871,1381,751,705,625,1167,515,1,556,1322,547,1165,400,773,1360,1,9:02
2024-25,1630296,Braxton Key,Braxton,1610612744,GSW,Golden State Warriors,0042400232,2025-05-08T00:00:00,GSW @ MIN,L,4.4,0.0,0.0,0.0,2.0,4.0,0.0,2.0,8.0,0.0,0.0,0.0,0.0,4.9,1,871,871,871,1535,751,705,625,802,515,1,358,1322,547,1,1,1168,1394,1,4:25
2024-25,1642366,Quinten Post,Quinten,1610612744,GSW,Golden State Warriors,0042400232,2025-05-08T00:00:00,GSW @ MIN,L,3.3,0.0,0.0,0.0,0.0,2.0,0.0,2.0,6.0,0.0,0.0,0.0,0.0,0.0,1,871,871,871,1589,751,705,625,1167,256,1,358,1404,547,1,1,1168,1620,1,3:18
2024-25,1630611,Gui Santos,Gui,1610612744,GSW,Golden State Warriors,0042400232,2025-05-08T00:00:00,GSW @ MIN,L,8.5,0.0,0.0,0.0,0.0,7.0,2.0,5.0,12.0,0.0,0.0,1.0,0.0,5.4,1,871,871,871,1396,751,705,625,1167,860,308,808,1167,547,1,400,1168,1360,1,8:29
2024-25,1629638,Nickeil Alexander-Walker,Nickeil,1610612750,MIN,Minnesota Timberwolves,0042400232,2025-05-08T00:00:00,MIN vs. GSW,W,25.6,8.0,2.0,5.0,6.0,6.0,8.0,9.0,30.0,1.0,0.0,4.0,2.0,28.9,1,1,1,1,781,29,388,74,404,735,1028,1249,431,170,1,1412,505,491,1,25:37
2024-25,1627780,Gary Payton II,Gary,1610612744,GSW,Golden State Warriors,0042400232,2025-05-08T00:00:00,GSW @ MIN,L,11.3,0.0,0.0,0.0,0.0,11.0,9.0,7.0,12.0,0.0,0.0,0.0,0.0,4.2,1,871,871,871,1311,751,705,625,1167,1253,1128,1055,1167,547,1,1,1168,1432,1,11:16
2024-25,1627741,Buddy Hield,Buddy,1610612744,GSW,Golden State Warriors,0042400232,2025-05-08T00:00:00,GSW @ MIN,L,28.7,6.0,0.0,5.0,2.0,7.0,7.0,7.0,32.0,0.0,0.0,2.0,0.0,21.1,1,871,871,871,666,67,705,74,802,860,898,1055,375,547,1,763,1168,729,1,28:39
2024-25,1630183,Jaden McDaniels,Jaden,1610612750,MIN,Minnesota Timberwolves,0042400232,2025-05-08T00:00:00,MIN vs. GSW,W,33.1,4.0,0.0,9.0,12.0,10.0,5.0,8.0,24.0,3.0,0.0,1.0,1.0,35.4,1,1,1,1,479,171,705,12,109,1167,701,1162,678,17,1,400,773,340,1,33:03
2024-25,1630568,Luka Garza,Luka,1610612750,MIN,Minnesota Timberwolves,0042400232,2025-05-08T00:00:00,MIN vs. GSW,W,2.0,0.0,0.0,0.0,0.0,0.0,0.0,0.0,0.0,0.0,0.0,1.0,0.0,0.0,1,1,1,1,1651,751,705,625,1167,1,1,1,1643,547,1,400,1168,1620,1,2:02
2024-25,1630545,Terrence Shannon Jr.,Terrence,1610612750,MIN,Minnesota Timberwolves,0042400232,2025-05-08T00:00:00,MIN vs. GSW,W,3.4,2.0,0.0,2.0,2.0,0.0,0.0,0.0,2.0,0.0,0.0,1.0,0.0,9.5,1,1,1,1,1582,423,705,325,802,1,1,1,1551,547,1,400,1168,1199,1,3:21
2024-25,1631159,Leonard Miller,Leonard,1610612750,MIN,Minnesota Timberwolves,0042400232,2025-05-08T00:00:00,MIN vs. GSW,W,3.2,2.0,0.0,0.0,2.0,0.0,0.0,0.0,2.0,0.0,0.0,0.0,0.0,3.2,1,1,1,1,1592,423,705,625,802,1,1,1,1551,547,1,1,1168,1470,1,3:10
2024-25,1629675,Naz Reid,Naz,1610612750,MIN,Minnesota Timberwolves,0042400232,2025-05-08T00:00:00,MIN vs. GSW,W,29.6,6.0,3.0,0.0,2.0,7.0,8.0,7.0,28.0,0.0,0.0,3.0,1.0,25.1,1,1,1,1,626,67,251,625,802,860,1028,1055,514,547,1,1145,773,588,1,29:35
2024-25,203497,Rudy Gobert,Rudy,1610612750,MIN,Minnesota Timberwolves,0042400232,2025-05-08T00:00:00,MIN vs. GSW,W,26.8,0.0,3.0,0.0,4.0,12.0,7.0,12.0,26.0,0.0,0.0,4.0,3.0,12.8,1,1,1,1,726,751,251,625,582,1324,898,1472,586,547,1,1412,344,1052,1,26:49
2024-25,202710,Jimmy Butler III,Jimmy,1610612744,GSW,Golden State Warriors,0042400232,2025-05-08T00:00:00,GSW @ MIN,L,33.9,0.0,3.0,0.0,6.0,7.0,6.0,11.0,32.0,0.0,2.0,2.0,4.0,32.4,1,871,871,871,432,751,251,625,404,860,804,1399,375,547,1564,763,227,409,1,33:51
2024-25,1630162,Anthony Edwards,Anthony,1610612750,MIN,Minnesota Timberwolves,0042400232,2025-05-08T00:00:00,MIN vs. GSW,W,33.9,0.0,6.0,0.0,8.0,10.0,11.0,7.0,28.0,1.0,1.0,1.0,6.0,49.3,1,1,1,1,428,751,50,625,265,1167,1313,1055,514,170,1165,400,92,105,1,33:54
2024-25,201144,Mike Conley,Mike,1610612750,MIN,Minnesota Timberwolves,0042400232,2025-05-08T00:00:00,MIN vs. GSW,W,17.3,0.0,0.0,0.0,0.0,6.0,3.0,3.0,12.0,0.0,0.0,0.0,0.0,10.4,1,1,1,1,1082,751,705,625,1167,735,473,556,1167,547,1,1,1168,1156,1,17:19
2024-25,203110,Draymond Green,Draymond,1610612744,GSW,Golden State Warriors,0042400232,2025-05-08T00:00:00,GSW @ MIN,L,29.2,0.0,0.0,2.0,4.0,13.0,5.0,7.0,30.0,1.0,0.0,1.0,4.0,25.3,1,871,871,871,646,751,705,325,582,1382,701,1055,431,170,1,400,227,584,1,29:09
2024-25,1630541,Moses Moody,Moses,1610612744,GSW,Golden State Warriors,0042400232,2025-05-08T00:00:00,GSW @ MIN,L,16.5,0.0,0.0,0.0,0.0,12.0,9.0,8.0,16.0,0.0,0.0,2.0,2.0,5.9,1,871,871,871,1109,751,705,625,1167,1324,1128,1162,991,547,1,763,505,1344,1,16:29
2024-25,1631169,Josh Minott,Josh,1610612750,MIN,Minnesota Timberwolves,0042400232,2025-05-08T00:00:00,MIN vs. GSW,W,3.4,0.0,0.0,0.0,2.0,0.0,0.0,0.0,2.0,0.0,0.0,0.0,0.0,3.5,1,1,1,1,1582,751,705,625,802,1,1,1,1551,547,1,1,1168,1464,1,3:21
2024-25,1641764,Brandin Podziemski,Brandin,1610612744,GSW,Golden State Warriors,0042400232,2025-05-08T00:00:00,GSW @ MIN,L,33.0,2.0,2.0,2.0,6.0,7.0,7.0,8.0,34.0,0.0,0.0,0.0,2.0,31.2,1,871,871,871,480,423,388,325,404,860,898,1162,299,547,1,1,505,434,1,33:02
2024-25,1641740,Jaylen Clark,Jaylen,1610612750,MIN,Minnesota Timberwolves,0042400232,2025-05-08T00:00:00,MIN vs. GSW,W,3.4,0.0,0.0,0.0,0.0,0.0,0.0,0.0,2.0,0.0,0.0,1.0,0.0,0.2,1,1,1,1,1582,751,705,625,1167,1,1,1,1551,547,1,400,1168,1610,1,3:21
2024-25,203944,Julius Randle,Julius,1610612750,MIN,Minnesota Timberwolves,0042400232,2025-05-08T00:00:00,MIN vs. GSW,W,32.9,0.0,2.0,2.0,16.0,5.0,7.0,5.0,26.0,0.0,1.0,3.0,3.0,46.9,1,1,1,1,491,751,388,325,34,633,898,808,586,547,1165,1145,344,135,1,32:54
2024-25,1631218,Trayce Jackson-Davis,Trayce,1610612744,GSW,Golden State Warriors,0042400232,2025-05-08T00:00:00,GSW @ MIN,L,19.3,2.0,6.0,3.0,12.0,6.0,5.0,10.0,26.0,1.0,0.0,4.0,3.0,28.7,1,871,871,871,1005,423,50,204,109,735,701,1324,586,170,1,1412,344,497,1,19:18
2024-25,1630228,Jonathan Kuminga,Jonathan,1610612744,GSW,Golden State Warriors,0042400232,2025-05-08T00:00:00,GSW @ MIN,L,26.4,2.0,0.0,0.0,10.0,13.0,13.0,11.0,34.0,0.0,0.0,1.0,5.0,23.5,1,871,871,871,744,423,705,625,175,1382,1459,1399,299,547,1,400,143,641,1,26:23
2024-25,1626172,Kevon Looney,Kevon,1610612744,GSW,Golden State Warriors,0042400232,2025-05-08T00:00:00,GSW @ MIN,L,2.8,0.0,0.0,0.0,0.0,5.0,8.0,2.0,4.0,0.0,0.0,0.0,0.0,0.0,1,871,871,871,1612,751,705,625,1167,633,1028,358,1472,547,1,1,1168,1620,1,2:48
2024-25,1628978,Donte DiVincenzo,Donte,1610612750,MIN,Minnesota Timberwolves,0042400232,2025-05-08T00:00:00,MIN vs. GSW,W,25.6,0.0,0.0,0.0,0.0,4.0,6.0,9.0,28.0,0.0,0.0,3.0,0.0,21.1,1,1,1,1,783,751,705,625,1167,515,804,1249,514,547,1,1145,1168,729,1,25:34
2024-25,1630198,Isaiah Joe,Isaiah,1610612760,OKC,Oklahoma City Thunder,0042400222,2025-05-07T00:00:00,OKC vs. DEN,W,17.0,3.0,0.0,0.0,0.0,6.0,1.0,2.0,16.0,0.0,0.0,1.0,0.0,20.2,1,1,1,1,1092,271,705,625,1167,735,285,358,991,547,1,400,1168,753,1,17:02
2024-25,203999,Nikola Jokić,Nikola,1610612743,DEN,Denver Nuggets,0042400222,2025-05-07T00:00:00,DEN @ OKC,L,32.3,0.0,1.0,0.0,6.0,21.0,20.0,15.0,44.0,1.0,1.0,6.0,7.0,35.6,1,871,871,871,518,751,671,625,404,1680,1691,1619,78,170,1165,1711,53,338,1,32:18
2024-25,1628392,Isaiah Hartenstein,Isaiah,1610612760,OKC,Oklahoma City Thunder,0042400222,2025-05-07T00:00:00,OKC vs. DEN,W,22.2,4.0,4.0,0.0,12.0,7.0,9.0,3.0,6.0,1.0,0.0,4.0,2.0,37.1,1,1,1,1,896,171,147,625,109,860,1128,556,1404,170,1,1412,505,297,1,22:11
2024-25,201950,Jrue Holiday,Jrue,1610612738,BOS,Boston Celtics,0042400212,2025-05-07T00:00:00,BOS vs. NYK,L,34.1,4.0,3.0,2.0,8.0,5.0,14.0,13.0,30.0,0.0,0.0,3.0,2.0,20.1,1,871,871,871,422,171,251,325,265,633,1513,1521,431,547,1,1145,505,759,1,34:04
2024-25,1628969,Mikal Bridges,Mikal,1610612752,NYK,New York Knicks,0042400212,2025-05-07T00:00:00,NYK @ BOS,W,42.8,0.0,0.0,6.0,2.0,22.0,20.0,13.0,42.0,0.0,0.0,2.0,0.0,36.9,1,1,1,1,60,751,705,43,802,1695,1691,1521,114,547,1,763,1168,303,1,42:49
2024-25,1631114,Jalen Williams,Jalen,1610612760,OKC,Oklahoma City Thunder,0042400222,2025-05-07T00:00:00,OKC vs. DEN,W,26.5,4.0,0.0,2.0,10.0,8.0,11.0,3.0,12.0,2.0,1.0,0.0,4.0,37.3,1,1,1,1,739,171,705,325,175,978,1313,556,1167,59,1165,1,227,294,1,26:28
2024-25,1631172,Ousmane Dieng,Ousmane,1610612760,OKC,Oklahoma City Thunder,0042400222,2025-05-07T00:00:00,OKC vs. DEN,W,8.5,0.0,0.0,0.0,0.0,0.0,0.0,0.0,6.0,0.0,0.0,0.0,1.0,5.9,1,1,1,1,1394,751,705,625,1167,1,1,1,1404,547,1,1,773,1344,1,8:29
2024-25,201599,DeAndre Jordan,DeAndre,1610612743,DEN,Denver Nuggets,0042400222,2025-05-07T00:00:00,DEN @ OKC,L,2.2,0.0,0.0,0.0,2.0,3.0,0.0,0.0,2.0,0.0,0.0,2.0,0.0,2.0,1,871,871,871,1640,751,705,625,802,431,1,1,1551,547,1,763,1168,1525,1,2:11
2024-25,1631119,Jaylin Williams,Jaylin,1610612760,OKC,Oklahoma City Thunder,0042400222,2025-05-07T00:00:00,OKC vs. DEN,W,12.4,0.0,0.0,0.0,0.0,5.0,3.0,2.0,10.0,0.0,0.0,4.0,2.0,10.4,1,1,1,1,1268,751,705,625,1167,633,473,358,1249,547,1,1412,505,1156,1,12:23
2024-25,1627750,Jamal Murray,Jamal,1610612743,DEN,Denver Nuggets,0042400222,2025-05-07T00:00:00,DEN @ OKC,L,31.4,1.0,4.0,0.0,0.0,19.0,14.0,13.0,40.0,1.0,0.0,1.0,2.0,21.3,1,871,871,871,551,722,147,625,1167,1636,1513,1521,162,170,1,400,505,717,1,31:22
2024-25,1628401,Derrick White,Derrick,1610612738,BOS,Boston Celtics,0042400212,2025-05-07T00:00:00,BOS vs. NYK,L,40.0,7.0,0.0,8.0,4.0,12.0,10.0,15.0,36.0,2.0,1.0,2.0,4.0,44.3,1,871,871,871,155,39,705,18,582,1324,1221,1619,246,59,1165,763,227,167,1,40:00
2024-25,203932,Aaron Gordon,Aaron,1610612743,DEN,Denver Nuggets,0042400222,2025-05-07T00:00:00,DEN @ OKC,L,26.7,0.0,0.0,0.0,2.0,13.0,12.0,11.0,36.0,1.0,5.0,3.0,2.0,19.5,1,871,871,871,731,751,705,625,802,1382,1393,1399,246,170,1728,1145,505,782,1,26:42
2024-25,1641717,Cason Wallace,Cason,1610612760,OKC,Oklahoma City Thunder,0042400222,2025-05-07T00:00:00,OKC vs. DEN,W,11.9,3.0,0.0,2.0,2.0,3.0,3.0,0.0,10.0,0.0,0.0,2.0,1.0,19.4,1,1,1,1,1295,271,705,325,802,431,473,1,1249,547,1,763,773,786,1,11:52
2024-25,201143,Al Horford,Al,1610612738,BOS,Boston Celtics,0042400212,2025-05-07T00:00:00,BOS vs. NYK,L,29.1,0.0,4.0,0.0,4.0,6.0,12.0,11.0,24.0,1.0,1.0,4.0,0.0,19.8,1,871,871,871,650,751,147,625,582,735,1393,1399,678,170,1165,1412,1168,767,1,29:04
2024-25,1629652,Luguentz Dort,Luguentz,1610612760,OKC,Oklahoma City Thunder,0042400222,2025-05-07T00:00:00,OKC vs. DEN,W,26.6,2.0,0.0,2.0,4.0,6.0,11.0,3.0,8.0,1.0,0.0,3.0,4.0,19.2,1,1,1,1,734,423,705,325,582,735,1313,556,1322,170,1,1145,227,792,1,26:38
2024-25,1628369,Jayson Tatum,Jayson,1610612738,BOS,Boston Celtics,0042400212,2025-05-07T00:00:00,BOS vs. NYK,L,42.0,3.0,0.0,0.0,8.0,12.0,12.0,15.0,36.0,1.0,2.0,2.0,2.0,46.3,1,871,871,871,92,271,705,625,265,1324,1393,1619,246,170,1564,763,505,141,1,41:59
2024-25,1627759,Jaylen Brown,Jaylen,1610612738,BOS,Boston Celtics,0042400212,2025-05-07T00:00:00,BOS vs. NYK,L,41.4,3.0,5.0,0.0,8.0,11.0,12.0,15.0,34.0,0.0,1.0,2.0,5.0,28.7,1,871,871,871,103,271,90,625,265,1253,1393,1619,299,547,1165,763,143,497,1,41:23
2024-25,1630598,Aaron Wiggins,Aaron,1610612760,OKC,Oklahoma City Thunder,0042400222,2025-05-07T00:00:00,OKC vs. DEN,W,14.9,2.0,5.0,2.0,4.0,7.0,1.0,2.0,12.0,0.0,0.0,3.0,0.0,17.0,1,1,1,1,1167,423,90,325,582,860,285,358,1167,547,1,1145,1168,876,1,14:54
2024-25,1631128,Christian Braun,Christian,1610612743,DEN,Denver Nuggets,0042400222,2025-05-07T00:00:00,DEN @ OKC,L,26.3,3.0,0.0,3.0,0.0,17.0,18.0,13.0,38.0,1.0,1.0,3.0,1.0,6.4,1,871,871,871,750,271,705,204,1167,1575,1656,1521,202,170,1165,1145,773,1312,1,26:20
2024-25,1629008,Michael Porter Jr.,Michael,1610612743,DEN,Denver Nuggets,0042400222,2025-05-07T00:00:00,DEN @ OKC,L,25.2,3.0,3.0,0.0,0.0,17.0,15.0,4.0,34.0,0.0,0.0,3.0,1.0,17.0,1,871,871,871,802,271,251,625,1167,1575,1571,665,299,547,1,1145,773,876,1,25:11
2024-25,1631212,Peyton Watson,Peyton,1610612743,DEN,Denver Nuggets,0042400222,2025-05-07T00:00:00,DEN @ OKC,L,14.8,2.0,0.0,2.0,6.0,15.0,8.0,7.0,12.0,0.0,0.0,2.0,0.0,14.4,1,871,871,871,1169,423,705,325,404,1494,1028,1055,1167,547,1,763,1168,987,1,14:48
2024-25,1628384,OG Anunoby,OG,1610612752,NYK,New York Knicks,0042400212,2025-05-07T00:00:00,NYK @ BOS,W,38.2,0.0,0.0,2.0,2.0,25.0,19.0,11.0,34.0,1.0,0.0,3.0,0.0,24.5,1,1,1,1,229,751,705,325,802,1717,1674,1399,299,170,1,1145,1168,604,1,38:14
2024-25,1631124,Julian Strawther,Julian,1610612743,DEN,Denver Nuggets,0042400222,2025-05-07T00:00:00,DEN @ OKC,L,14.3,3.0,0.0,0.0,2.0,13.0,0.0,11.0,6.0,0.0,0.0,0.0,3.0,9.5,1,871,871,871,1190,271,705,625,802,1382,1,1399,1404,547,1,1,344,1199,1,14:15
2024-25,1630540,Miles McBride,Miles,1610612752,NYK,New York Knicks,0042400212,2025-05-07T00:00:00,NYK @ BOS,W,16.6,3.0,0.0,5.0,2.0,6.0,15.0,3.0,14.0,0.0,0.0,1.0,0.0,9.5,1,1,1,1,1103,271,705,74,802,735,1571,556,1080,547,1,400,1168,1199,1,16:38
2024-25,1641816,Hunter Tyson,Hunter,1610612743,DEN,Denver Nuggets,0042400222,2025-05-07T00:00:00,DEN @ OKC,L,12.0,0.0,0.0,0.0,4.0,6.0,0.0,11.0,6.0,0.0,0.0,1.0,2.0,17.3,1,871,871,871,1281,751,705,625,582,735,1,1399,1404,547,1,400,505,860,1,12:00
2024-25,1629026,Kenrich Williams,Kenrich,1610612760,OKC,Oklahoma City Thunder,0042400222,2025-05-07T00:00:00,OKC vs. DEN,W,12.0,0.0,0.0,0.0,2.0,5.0,0.0,2.0,12.0,0.0,0.0,1.0,1.0,14.1,1,1,1,1,1281,751,705,625,802,633,1,358,1167,547,1,400,773,1007,1,12:00
2024-25,1627936,Alex Caruso,Alex,1610612760,OKC,Oklahoma City Thunder,0042400222,2025-05-07T00:00:00,OKC vs. DEN,W,9.8,0.0,0.0,2.0,2.0,3.0,1.0,0.0,8.0,1.0,0.0,0.0,2.0,5.0,1,1,1,1,1359,751,705,325,802,431,285,1,1322,170,1,1,505,1384,1,9:45
2024-25,1628427,Vlatko Čančar,Vlatko,1610612743,DEN,Denver Nuggets,0042400222,2025-05-07T00:00:00,DEN @ OKC,L,6.7,0.0,0.0,0.0,0.0,6.0,0.0,8.0,4.0,0.0,0.0,0.0,0.0,1.4,1,871,871,871,1453,751,705,625,1167,735,1,1162,1472,547,1,1,1168,1555,1,6:44
2024-25,201566,Russell Westbrook,Russell,1610612743,DEN,Denver Nuggets,0042400222,2025-05-07T00:00:00,DEN @ OKC,L,21.8,2.0,4.0,0.0,6.0,22.0,13.0,15.0,26.0,0.0,0.0,5.0,5.0,23.7,1,871,871,871,907,423,147,625,404,1695,1459,1619,586,547,1,1609,143,633,1,21:49
2024-25,1628983,Shai Gilgeous-Alexander,Shai,1610612760,OKC,Oklahoma City Thunder,0042400222,2025-05-07T00:00:00,OKC vs. DEN,W,30.2,10.0,4.0,2.0,10.0,7.0,10.0,3.0,10.0,0.0,0.0,3.0,5.0,48.8,1,1,1,1,595,12,147,325,175,860,1221,556,1249,547,1,1145,143,111,1,30:11
2024-25,1628404,Josh Hart,Josh,1610612752,NYK,New York Knicks,0042400212,2025-05-07T00:00:00,NYK @ BOS,W,42.8,5.0,0.0,2.0,12.0,25.0,23.0,13.0,40.0,2.0,1.0,4.0,1.0,38.7,1,1,1,1,58,107,705,325,109,1717,1718,1521,162,59,1165,1412,773,265,1,42:50
2024-25,1626166,Cameron Payne,Cameron,1610612752,NYK,New York Knicks,0042400212,2025-05-07T00:00:00,NYK @ BOS,W,4.9,0.0,0.0,0.0,0.0,0.0,2.0,0.0,6.0,0.0,0.0,0.0,0.0,1.5,1,1,1,1,1517,751,705,625,1167,1,308,1,1404,547,1,1,1168,1549,1,4:52
2024-25,1630202,Payton Pritchard,Payton,1610612738,BOS,Boston Celtics,0042400212,2025-05-07T00:00:00,BOS vs. NYK,L,22.0,6.0,6.0,3.0,0.0,11.0,4.0,8.0,18.0,0.0,0.0,0.0,1.0,13.1,1,871,871,871,903,67,50,204,1167,1253,578,1162,918,547,1,1,773,1043,1,21:59
2024-25,1631096,Chet Holmgren,Chet,1610612760,OKC,Oklahoma City Thunder,0042400222,2025-05-07T00:00:00,OKC vs. DEN,W,26.4,0.0,7.0,3.0,2.0,8.0,10.0,3.0,12.0,2.0,3.0,0.0,6.0,43.2,1,1,1,1,746,751,31,204,802,978,1221,556,1167,59,1689,1,92,178,1,26:21
2024-25,1628973,Jalen Brunson,Jalen,1610612752,NYK,New York Knicks,0042400212,2025-05-07T00:00:00,NYK @ BOS,W,37.5,1.0,3.0,3.0,6.0,22.0,13.0,10.0,30.0,1.0,2.0,2.0,5.0,32.1,1,1,1,1,258,722,251,204,404,1695,1459,1324,431,170,1564,763,143,416,1,37:30
2024-25,1630192,Zeke Nnaji,Zeke,1610612743,DEN,Denver Nuggets,0042400222,2025-05-07T00:00:00,DEN @ OKC,L,13.3,0.0,0.0,0.0,0.0,10.0,0.0,11.0,6.0,1.0,1.0,3.0,1.0,12.6,1,871,871,871,1238,751,705,625,1167,1167,1,1399,1404,170,1165,1145,773,1058,1,13:17
2024-25,1629618,Jalen Pickett,Jalen,1610612743,DEN,Denver Nuggets,0042400222,2025-05-07T00:00:00,DEN @ OKC,L,13.1,0.0,0.0,0.0,0.0,8.0,0.0,11.0,6.0,1.0,0.0,0.0,0.0,7.9,1,871,871,871,1247,751,705,625,1167,978,1,1399,1404,170,1,1,1168,1262,1,13:03
2024-25,1628436,Luke Kornet,Luke,1610612738,BOS,Boston Celtics,0042400212,2025-05-07T00:00:00,BOS vs. NYK,L,17.6,2.0,2.0,0.0,6.0,2.0,2.0,5.0,18.0,1.0,0.0,1.0,1.0,18.6,1,871,871,871,1074,423,388,625,404,256,308,808,918,170,1,400,773,818,1,17:38
2024-25,1641794,Dillon Jones,Dillon,1610612760,OKC,Oklahoma City Thunder,0042400222,2025-05-07T00:00:00,OKC vs. DEN,W,8.5,2.0,0.0,4.0,2.0,0.0,0.0,0.0,6.0,1.0,0.0,1.0,1.0,9.7,1,1,1,1,1394,423,705,124,802,1,1,1,1404,170,1,400,773,1190,1,8:29
2024-25,1629011,Mitchell Robinson,Mitchell,1610612752,NYK,New York Knicks,0042400212,2025-05-07T00:00:00,NYK @ BOS,W,22.3,2.0,4.0,0.0,6.0,6.0,11.0,5.0,10.0,0.0,0.0,0.0,6.0,22.6,1,1,1,1,891,423,147,625,404,735,1313,808,1249,547,1,1,92,678,1,22:19
2024-25,1626157,Karl-Anthony Towns,Karl-Anthony,1610612752,NYK,New York Knicks,0042400212,2025-05-07T00:00:00,NYK @ BOS,W,34.8,3.0,7.0,0.0,12.0,19.0,12.0,10.0,34.0,1.0,2.0,4.0,5.0,41.9,1,1,1,1,380,271,31,625,109,1636,1393,1324,299,170,1564,1412,143,203,1,34:49
2024-25,1642349,Ajay Mitchell,Ajay,1610612760,OKC,Oklahoma City Thunder,0042400222,2025-05-07T00:00:00,OKC vs. DEN,W,13.3,4.0,0.0,7.0,2.0,5.0,0.0,2.0,12.0,0.0,2.0,2.0,0.0,12.0,1,1,1,1,1238,171,705,33,802,633,1,358,1167,547,1564,763,1168,1079,1,13:17
2024-25,204001,Kristaps Porziņģis,Kristaps,1610612738,BOS,Boston Celtics,0042400212,2025-05-07T00:00:00,BOS vs. NYK,L,13.9,0.0,3.0,0.0,4.0,11.0,4.0,8.0,14.0,0.0,0.0,3.0,1.0,11.8,1,871,871,871,1208,751,251,625,582,1253,578,1162,1080,547,1,1145,773,1084,1,13:53
2024-25,1626172,Kevon Looney,Kevon,1610612744,GSW,Golden State Warriors,0042400231,2025-05-06T00:00:00,GSW @ MIN,W,14.1,0.0,0.0,0.0,2.0,4.0,2.0,3.0,16.0,1.0,0.0,3.0,1.0,18.2,1,1,1,1,1201,751,705,625,802,515,308,556,991,170,1,1145,773,828,1,14:07
2024-25,1641854,Craig Porter Jr.,Craig,1610612739,CLE,Cleveland Cavaliers,0042400202,2025-05-06T00:00:00,CLE vs. IND,L,3.7,2.0,0.0,0.0,2.0,0.0,3.0,0.0,0.0,1.0,0.0,0.0,0.0,8.0,1,871,871,871,1568,423,705,625,802,1,473,1,1643,170,1,1,1168,1260,1,3:42
2024-25,1630228,Jonathan Kuminga,Jonathan,1610612744,GSW,Golden State Warriors,0042400231,2025-05-06T00:00:00,GSW @ MIN,W,13.2,0.0,0.0,0.0,2.0,9.0,6.0,3.0,18.0,1.0,2.0,2.0,2.0,10.7,1,1,1,1,1246,751,705,625,802,1085,804,556,918,170,1564,763,505,1144,1,13:10
2024-25,204456,T.J. McConnell,T.J.,1610612754,IND,Indiana Pacers,0042400202,2025-05-06T00:00:00,IND @ CLE,W,13.9,0.0,0.0,2.0,0.0,9.0,8.0,0.0,14.0,0.0,1.0,1.0,0.0,10.6,1,1,1,1,1210,751,705,325,1167,1085,1028,1,1080,547,1165,400,1168,1147,1,13:53
2024-25,1630311,Pat Spencer,Pat,1610612744,GSW,Golden State Warriors,0042400231,2025-05-06T00:00:00,GSW @ MIN,W,10.5,0.0,0.0,0.0,2.0,2.0,8.0,0.0,20.0,0.0,1.0,2.0,1.0,11.4,1,1,1,1,1338,751,705,625,802,256,1028,1,832,547,1165,763,773,1109,1,10:33
2024-25,1630162,Anthony Edwards,Anthony,1610612750,MIN,Minnesota Timberwolves,0042400231,2025-05-06T00:00:00,MIN vs. GSW,L,41.7,0.0,4.0,5.0,16.0,9.0,13.0,6.0,26.0,1.0,0.0,1.0,4.0,51.8,1,871,871,871,97,751,147,74,34,1085,1459,944,586,170,1,400,227,85,1,41:44
2024-25,1629660,Ty Jerome,Ty,1610612739,CLE,Cleveland Cavaliers,0042400202,2025-05-06T00:00:00,CLE vs. IND,L,27.9,0.0,0.0,0.0,2.0,9.0,10.0,6.0,30.0,0.0,2.0,4.0,0.0,6.9,1,871,871,871,691,751,705,625,802,1085,1221,944,431,547,1564,1412,1168,1293,1,27:52
2024-25,201939,Stephen Curry,Stephen,1610612744,GSW,Golden State Warriors,0042400231,2025-05-06T00:00:00,GSW @ MIN,W,12.9,0.0,3.0,0.0,4.0,2.0,6.0,2.0,14.0,0.0,0.0,0.0,3.0,14.7,1,1,1,1,1253,751,251,625,582,256,804,358,1080,547,1,1,344,981,1,12:54
2024-25,1630171,Isaac Okoro,Isaac,1610612739,CLE,Cleveland Cavaliers,0042400202,2025-05-06T00:00:00,CLE vs. IND,L,29.5,2.0,0.0,0.0,2.0,10.0,14.0,4.0,36.0,0.0,0.0,2.0,2.0,14.9,1,871,871,871,634,423,705,625,802,1167,1513,665,246,547,1,763,505,969,1,29:27
2024-25,1629750,Javonte Green,Javonte,1610612739,CLE,Cleveland Cavaliers,0042400202,2025-05-06T00:00:00,CLE vs. IND,L,10.2,0.0,0.0,0.0,0.0,0.0,0.0,6.0,6.0,0.0,0.0,0.0,0.0,4.5,1,871,871,871,1346,751,705,625,1167,1,1,944,1404,547,1,1,1168,1413,1,10:13
2024-25,201144,Mike Conley,Mike,1610612750,MIN,Minnesota Timberwolves,0042400231,2025-05-06T00:00:00,MIN vs. GSW,L,21.7,0.0,0.0,0.0,0.0,3.0,2.0,6.0,8.0,0.0,0.0,2.0,1.0,11.7,1,871,871,871,912,751,705,625,1167,431,308,944,1322,547,1,763,773,1088,1,21:44
2024-25,202710,Jimmy Butler III,Jimmy,1610612744,GSW,Golden State Warriors,0042400231,2025-05-06T00:00:00,GSW @ MIN,W,41.3,3.0,8.0,0.0,10.0,15.0,12.0,8.0,46.0,0.0,0.0,0.0,5.0,50.2,1,1,1,1,104,271,19,625,175,1494,1393,1162,52,547,1,1,143,98,1,41:16
2024-25,1630167,Obi Toppin,Obi,1610612754,IND,Indiana Pacers,0042400202,2025-05-06T00:00:00,IND @ CLE,W,15.8,3.0,0.0,2.0,4.0,11.0,8.0,0.0,22.0,0.0,0.0,1.0,0.0,15.9,1,1,1,1,1139,271,705,325,582,1253,1028,1,754,547,1,400,1168,921,1,15:45
2024-25,1628978,Donte DiVincenzo,Donte,1610612750,MIN,Minnesota Timberwolves,0042400231,2025-05-06T00:00:00,MIN vs. GSW,L,32.5,0.0,0.0,0.0,2.0,8.0,11.0,0.0,22.0,0.0,0.0,3.0,1.0,15.6,1,871,871,871,504,751,705,625,802,978,1313,1,754,547,1,1145,773,939,1,32:32
2024-25,1626167,Myles Turner,Myles,1610612754,IND,Indiana Pacers,0042400202,2025-05-06T00:00:00,IND @ CLE,W,35.0,1.0,6.0,0.0,10.0,7.0,15.0,2.0,42.0,5.0,0.0,3.0,4.0,51.1,1,1,1,1,371,722,50,625,175,860,1571,358,114,3,1,1145,227,91,1,35:02
2024-25,203497,Rudy Gobert,Rudy,1610612750,MIN,Minnesota Timberwolves,0042400231,2025-05-06T00:00:00,MIN vs. GSW,L,26.2,0.0,4.0,0.0,8.0,2.0,7.0,6.0,12.0,3.0,1.0,3.0,4.0,30.2,1,871,871,871,755,751,147,625,265,256,898,944,1167,17,1165,1145,227,453,1,26:12
2024-25,1630241,Sam Merrill,Sam,1610612739,CLE,Cleveland Cavaliers,0042400202,2025-05-06T00:00:00,CLE vs. IND,L,26.1,3.0,2.0,0.0,2.0,14.0,10.0,6.0,20.0,0.0,1.0,3.0,0.0,24.8,1,871,871,871,759,271,388,625,802,1443,1221,944,832,547,1165,1145,1168,598,1,26:08
2024-25,1627783,Pascal Siakam,Pascal,1610612754,IND,Indiana Pacers,0042400202,2025-05-06T00:00:00,IND @ CLE,W,29.8,2.0,2.0,4.0,6.0,7.0,13.0,2.0,34.0,0.0,0.0,4.0,3.0,23.2,1,1,1,1,614,423,388,124,404,860,1459,358,299,547,1,1412,344,650,1,29:45
2024-25,1642366,Quinten Post,Quinten,1610612744,GSW,Golden State Warriors,0042400231,2025-05-06T00:00:00,GSW @ MIN,W,6.3,0.0,0.0,0.0,0.0,0.0,0.0,0.0,2.0,0.0,0.0,0.0,0.0,1.2,1,1,1,1,1469,751,705,625,1167,1,1,1,1551,547,1,1,1168,1559,1,6:20
2024-25,1631097,Bennedict Mathurin,Bennedict,1610612754,IND,Indiana Pacers,0042400202,2025-05-06T00:00:00,IND @ CLE,W,20.0,2.0,2.0,2.0,10.0,7.0,6.0,0.0,16.0,0.0,1.0,4.0,2.0,22.9,1,1,1,1,975,423,388,325,175,860,804,1,991,547,1165,1412,505,666,1,19:60
2024-25,1641716,Jarace Walker,Jarace,1610612754,IND,Indiana Pacers,0042400202,2025-05-06T00:00:00,IND @ CLE,W,3.4,0.0,0.0,0.0,0.0,0.0,4.0,0.0,2.0,0.0,0.0,0.0,0.0,1.7,1,1,1,1,1580,751,705,625,1167,1,578,1,1551,547,1,1,1168,1544,1,3:24
2024-25,1641767,Ben Sheppard,Ben,1610612754,IND,Indiana Pacers,0042400202,2025-05-06T00:00:00,IND @ CLE,W,5.9,0.0,0.0,0.0,0.0,4.0,0.0,0.0,10.0,0.0,0.0,1.0,0.0,1.2,1,1,1,1,1481,751,705,625,1167,515,1,1,1249,547,1,400,1168,1559,1,5:52
2024-25,203944,Julius Randle,Julius,1610612750,MIN,Minnesota Timberwolves,0042400231,2025-05-06T00:00:00,MIN vs. GSW,L,30.6,10.0,2.0,0.0,8.0,7.0,8.0,6.0,18.0,0.0,0.0,4.0,6.0,27.6,1,871,871,871,575,12,388,625,265,860,1028,944,918,547,1,1412,92,528,1,30:36
2024-25,1629675,Naz Reid,Naz,1610612750,MIN,Minnesota Timberwolves,0042400231,2025-05-06T00:00:00,MIN vs. GSW,L,33.7,3.0,0.0,3.0,10.0,8.0,9.0,0.0,18.0,1.0,0.0,4.0,1.0,28.5,1,871,871,871,441,271,705,204,175,978,1128,1,918,170,1,1412,773,504,1,33:40
2024-25,1628418,Thomas Bryant,Thomas,1610612754,IND,Indiana Pacers,0042400202,2025-05-06T00:00:00,IND @ CLE,W,10.6,0.0,0.0,0.0,0.0,7.0,4.0,0.0,14.0,0.0,0.0,2.0,1.0,0.2,1,1,1,1,1337,751,705,625,1167,860,578,1,1080,547,1,763,773,1610,1,10:37
2024-25,1628386,Jarrett Allen,Jarrett,1610612739,CLE,Cleveland Cavaliers,0042400202,2025-05-06T00:00:00,CLE vs. IND,L,37.8,0.0,4.0,0.0,14.0,14.0,17.0,6.0,44.0,3.0,0.0,4.0,5.0,45.9,1,871,871,871,243,751,147,625,65,1443,1635,944,78,17,1,1412,143,145,1,37:47
2024-25,1630611,Gui Santos,Gui,1610612744,GSW,Golden State Warriors,0042400231,2025-05-06T00:00:00,GSW @ MIN,W,3.7,0.0,0.0,0.0,0.0,0.0,0.0,2.0,4.0,0.0,0.0,1.0,0.0,0.0,1,1,1,1,1562,751,705,625,1167,1,1,358,1472,547,1,400,1168,1620,1,3:43
2024-25,1629731,Dean Wade,Dean,1610612739,CLE,Cleveland Cavaliers,0042400202,2025-05-06T00:00:00,CLE vs. IND,L,29.7,0.0,0.0,0.0,0.0,5.0,5.0,12.0,28.0,0.0,0.0,1.0,0.0,22.5,1,871,871,871,616,751,705,625,1167,633,701,1472,514,547,1,400,1168,680,1,29:44
2024-25,1627780,Gary Payton II,Gary,1610612744,GSW,Golden State Warriors,0042400231,2025-05-06T00:00:00,GSW @ MIN,W,25.9,2.0,0.0,0.0,2.0,8.0,4.0,7.0,22.0,0.0,0.0,4.0,1.0,22.0,1,1,1,1,768,423,705,625,802,978,578,1055,754,547,1,1412,773,693,1,25:55
2024-25,1630545,Terrence Shannon Jr.,Terrence,1610612750,MIN,Minnesota Timberwolves,0042400231,2025-05-06T00:00:00,MIN vs. GSW,L,1.8,0.0,0.0,0.0,0.0,0.0,0.0,0.0,2.0,0.0,1.0,0.0,1.0,0.0,1,871,871,871,1678,751,705,625,1167,1,1,1,1551,547,1165,1,773,1620,1,1:46
2024-25,1630541,Moses Moody,Moses,1610612744,GSW,Golden State Warriors,0042400231,2025-05-06T00:00:00,GSW @ MIN,W,8.5,0.0,0.0,0.0,0.0,0.0,2.0,2.0,14.0,0.0,0.0,0.0,0.0,0.0,1,1,1,1,1392,751,705,625,1167,1,308,358,1080,547,1,1,1168,1620,1,8:30
2024-25,1629638,Nickeil Alexander-Walker,Nickeil,1610612750,MIN,Minnesota Timberwolves,0042400231,2025-05-06T00:00:00,MIN vs. GSW,L,14.1,0.0,0.0,0.0,0.0,6.0,2.0,0.0,12.0,0.0,0.0,2.0,0.0,2.0,1,871,871,871,1199,751,705,625,1167,735,308,1,1167,547,1,763,1168,1525,1,14:08
2024-25,1629622,Max Strus,Max,1610612739,CLE,Cleveland Cavaliers,0042400202,2025-05-06T00:00:00,CLE vs. IND,L,39.3,3.0,4.0,0.0,6.0,11.0,14.0,10.0,48.0,0.0,1.0,3.0,3.0,36.6,1,871,871,871,188,271,147,625,404,1253,1513,1324,43,547,1165,1145,344,312,1,39:18
2024-25,1628378,Donovan Mitchell,Donovan,1610612739,CLE,Cleveland Cavaliers,0042400202,2025-05-06T00:00:00,CLE vs. IND,L,35.8,6.0,11.0,2.0,28.0,7.0,12.0,10.0,38.0,1.0,5.0,4.0,16.0,77.5,1,871,871,871,340,67,3,325,1,860,1393,1324,202,170,1728,1412,1,5,1,35:48
2024-25,203110,Draymond Green,Draymond,1610612744,GSW,Golden State Warriors,0042400231,2025-05-06T00:00:00,GSW @ MIN,W,34.6,2.0,2.0,0.0,4.0,13.0,12.0,7.0,36.0,0.0,1.0,5.0,2.0,38.6,1,1,1,1,392,423,388,625,582,1382,1393,1055,246,547,1165,1609,505,267,1,34:33
2024-25,1630183,Jaden McDaniels,Jaden,1610612750,MIN,Minnesota Timberwolves,0042400231,2025-05-06T00:00:00,MIN vs. GSW,L,37.6,4.0,4.0,2.0,8.0,7.0,13.0,6.0,22.0,1.0,0.0,2.0,0.0,21.3,1,871,871,871,251,171,147,325,265,860,1459,944,754,170,1,763,1168,717,1,37:38
2024-25,1630169,Tyrese Haliburton,Tyrese,1610612754,IND,Indiana Pacers,0042400202,2025-05-06T00:00:00,IND @ CLE,W,36.0,4.0,3.0,0.0,10.0,9.0,15.0,2.0,44.0,1.0,1.0,1.0,4.0,38.8,1,1,1,1,328,171,251,625,175,1085,1571,358,78,170,1165,400,227,263,1,36:02
2024-25,1629614,Andrew Nembhard,Andrew,1610612754,IND,Indiana Pacers,0042400202,2025-05-06T00:00:00,IND @ CLE,W,36.3,2.0,0.0,0.0,4.0,9.0,15.0,2.0,42.0,0.0,1.0,5.0,3.0,38.9,1,1,1,1,318,423,705,625,582,1085,1571,358,114,547,1165,1609,344,260,1,36:19
2024-25,1630174,Aaron Nesmith,Aaron,1610612754,IND,Indiana Pacers,0042400202,2025-05-06T00:00:00,IND @ CLE,W,33.3,0.0,4.0,2.0,6.0,10.0,17.0,2.0,40.0,3.0,1.0,4.0,4.0,41.3,1,1,1,1,456,751,147,325,404,1167,1635,358,162,17,1165,1412,227,214,1,33:20
2024-25,1627741,Buddy Hield,Buddy,1610612744,GSW,Golden State Warriors,0042400231,2025-05-06T00:00:00,GSW @ MIN,W,40.0,3.0,0.0,3.0,2.0,17.0,12.0,8.0,38.0,0.0,2.0,0.0,3.0,41.1,1,1,1,1,156,271,705,204,802,1575,1393,1162,202,547,1564,1,344,220,1,39:59
2024-25,1641764,Brandin Podziemski,Brandin,1610612744,GSW,Golden State Warriors,0042400231,2025-05-06T00:00:00,GSW @ MIN,W,29.0,0.0,0.0,3.0,0.0,15.0,6.0,8.0,30.0,0.0,0.0,1.0,3.0,15.1,1,1,1,1,651,751,705,204,1167,1494,804,1162,431,547,1,400,344,957,1,29:00
2024-25,1630202,Payton Pritchard,Payton,1610612738,BOS,Boston Celtics,0042400211,2025-05-05T00:00:00,BOS vs. NYK,L,24.4,0.0,2.0,0.0,2.0,5.0,7.0,7.0,20.0,0.0,0.0,2.0,3.0,17.1,1,871,871,871,831,751,388,625,802,633,898,1055,832,547,1,763,344,871,1,24:21
2024-25,1630198,Isaiah Joe,Isaiah,1610612760,OKC,Oklahoma City Thunder,0042400221,2025-05-05T00:00:00,OKC vs. DEN,L,12.5,0.0,0.0,0.0,0.0,2.0,10.0,9.0,18.0,0.0,0.0,1.0,0.0,4.2,1,871,871,871,1265,751,705,625,1167,256,1221,1249,918,547,1,400,1168,1432,1,12:30
2024-25,1627936,Alex Caruso,Alex,1610612760,OKC,Oklahoma City Thunder,0042400221,2025-05-05T00:00:00,OKC vs. DEN,L,26.2,7.0,1.0,8.0,4.0,0.0,8.0,5.0,18.0,2.0,0.0,4.0,1.0,49.2,1,871,871,871,755,39,671,18,582,1,1028,808,918,59,1,1412,773,106,1,26:12
2024-25,1628392,Isaiah Hartenstein,Isaiah,1610612760,OKC,Oklahoma City Thunder,0042400221,2025-05-05T00:00:00,OKC vs. DEN,L,29.0,0.0,4.0,0.0,12.0,3.0,11.0,14.0,30.0,1.0,1.0,5.0,0.0,25.3,1,871,871,871,657,751,147,625,109,431,1313,1578,431,170,1165,1609,1168,584,1,28:57
2024-25,1628983,Shai Gilgeous-Alexander,Shai,1610612760,OKC,Oklahoma City Thunder,0042400221,2025-05-05T00:00:00,OKC vs. DEN,L,39.8,6.0,9.0,10.0,16.0,5.0,25.0,24.0,50.0,1.0,2.0,4.0,7.0,65.0,1,871,871,871,167,67,9,7,34,633,1726,1728,26,170,1564,1412,53,15,1,39:45
2024-25,201143,Al Horford,Al,1610612738,BOS,Boston Celtics,0042400211,2025-05-05T00:00:00,BOS vs. NYK,L,34.4,0.0,2.0,2.0,2.0,13.0,13.0,10.0,18.0,1.0,0.0,4.0,1.0,18.4,1,871,871,871,410,751,388,325,802,1382,1459,1324,918,170,1,1412,773,826,1,34:21
2024-25,1631212,Peyton Watson,Peyton,1610612743,DEN,Denver Nuggets,0042400221,2025-05-05T00:00:00,DEN @ OKC,W,14.5,0.0,0.0,0.0,0.0,8.0,5.0,14.0,16.0,2.0,0.0,0.0,0.0,16.2,1,1,1,1,1182,751,705,625,1167,978,701,1578,991,59,1,1,1168,913,1,14:32
2024-25,1629652,Luguentz Dort,Luguentz,1610612760,OKC,Oklahoma City Thunder,0042400221,2025-05-05T00:00:00,OKC vs. DEN,L,29.7,5.0,6.0,0.0,0.0,5.0,23.0,22.0,40.0,1.0,0.0,4.0,2.0,22.9,1,871,871,871,622,107,50,625,1167,633,1718,1716,162,170,1,1412,505,666,1,29:40
2024-25,1626166,Cameron Payne,Cameron,1610612752,NYK,New York Knicks,0042400211,2025-05-05T00:00:00,NYK @ BOS,W,3.3,0.0,0.0,0.0,0.0,2.0,2.0,0.0,2.0,0.0,0.0,1.0,1.0,-1.0,1,1,1,1,1588,751,705,625,1167,256,308,1,1551,547,1,400,773,1717,1,3:19
2024-25,201566,Russell Westbrook,Russell,1610612743,DEN,Denver Nuggets,0042400221,2025-05-05T00:00:00,DEN @ OKC,W,30.0,0.0,2.0,5.0,10.0,14.0,10.0,15.0,24.0,0.0,2.0,5.0,4.0,20.4,1,1,1,1,600,751,388,74,175,1443,1221,1619,678,547,1564,1609,227,747,1,30:01
2024-25,1631114,Jalen Williams,Jalen,1610612760,OKC,Oklahoma City Thunder,0042400221,2025-05-05T00:00:00,OKC vs. DEN,L,37.6,0.0,0.0,2.0,6.0,5.0,21.0,22.0,42.0,2.0,2.0,1.0,4.0,41.4,1,871,871,871,251,751,705,325,404,633,1704,1716,114,59,1564,400,227,210,1,37:38
2024-25,1628436,Luke Kornet,Luke,1610612738,BOS,Boston Celtics,0042400211,2025-05-05T00:00:00,BOS vs. NYK,L,17.2,2.0,2.0,0.0,4.0,5.0,4.0,7.0,12.0,1.0,0.0,5.0,0.0,15.0,1,871,871,871,1085,423,388,625,582,633,578,1055,1167,170,1,1609,1168,963,1,17:14
2024-25,1628973,Jalen Brunson,Jalen,1610612752,NYK,New York Knicks,0042400211,2025-05-05T00:00:00,NYK @ BOS,W,43.5,7.0,10.0,3.0,6.0,13.0,22.0,8.0,30.0,0.0,0.0,4.0,5.0,43.3,1,1,1,1,42,39,5,204,404,1382,1712,1162,431,547,1,1412,143,177,1,43:31
2024-25,1628369,Jayson Tatum,Jayson,1610612738,BOS,Boston Celtics,0042400211,2025-05-05T00:00:00,BOS vs. NYK,L,44.2,3.0,2.0,4.0,4.0,15.0,18.0,10.0,26.0,1.0,0.0,2.0,4.0,55.2,1,871,871,871,27,271,388,124,582,1494,1656,1324,586,170,1,763,227,63,1,44:14
2024-25,201950,Jrue Holiday,Jrue,1610612738,BOS,Boston Celtics,0042400211,2025-05-05T00:00:00,BOS vs. NYK,L,38.9,0.0,2.0,0.0,10.0,11.0,20.0,3.0,28.0,0.0,1.0,3.0,2.0,29.7,1,871,871,871,204,751,388,625,175,1253,1691,556,514,547,1165,1145,505,466,1,38:56
2024-25,1626157,Karl-Anthony Towns,Karl-Anthony,1610612752,NYK,New York Knicks,0042400211,2025-05-05T00:00:00,NYK @ BOS,W,31.5,2.0,6.0,0.0,10.0,9.0,14.0,4.0,10.0,0.0,2.0,5.0,2.0,30.6,1,1,1,1,548,423,50,625,175,1085,1513,665,1249,547,1564,1609,505,446,1,31:29
2024-25,1628969,Mikal Bridges,Mikal,1610612752,NYK,New York Knicks,0042400211,2025-05-05T00:00:00,NYK @ BOS,W,51.0,0.0,0.0,0.0,2.0,15.0,24.0,8.0,34.0,2.0,1.0,2.0,2.0,39.7,1,1,1,1,1,751,705,625,802,1494,1724,1162,299,59,1165,763,505,237,1,51:02
2024-25,1630540,Miles McBride,Miles,1610612752,NYK,New York Knicks,0042400211,2025-05-05T00:00:00,NYK @ BOS,W,18.6,3.0,0.0,0.0,2.0,7.0,6.0,2.0,16.0,0.0,0.0,1.0,1.0,17.9,1,1,1,1,1035,271,705,625,802,860,804,358,991,547,1,400,773,839,1,18:37
2024-25,1641717,Cason Wallace,Cason,1610612760,OKC,Oklahoma City Thunder,0042400221,2025-05-05T00:00:00,OKC vs. DEN,L,21.2,3.0,0.0,3.0,2.0,2.0,8.0,4.0,20.0,0.0,0.0,2.0,1.0,12.9,1,871,871,871,931,271,705,204,802,256,1028,665,832,547,1,763,773,1050,1,21:09
2024-25,1631119,Jaylin Williams,Jaylin,1610612760,OKC,Oklahoma City Thunder,0042400221,2025-05-05T00:00:00,OKC vs. DEN,L,2.7,0.0,1.0,0.0,0.0,2.0,0.0,2.0,4.0,0.0,0.0,1.0,1.0,5.2,1,871,871,871,1613,751,671,625,1167,256,1,358,1472,547,1,400,773,1371,1,2:43
2024-25,204001,Kristaps Porziņģis,Kristaps,1610612738,BOS,Boston Celtics,0042400211,2025-05-05T00:00:00,BOS vs. NYK,L,13.0,0.0,0.0,0.0,0.0,5.0,4.0,0.0,16.0,0.0,1.0,0.0,0.0,5.3,1,871,871,871,1249,751,705,625,1167,633,578,1,991,547,1165,1,1168,1370,1,12:58
2024-25,1631128,Christian Braun,Christian,1610612743,DEN,Denver Nuggets,0042400221,2025-05-05T00:00:00,DEN @ OKC,W,40.0,0.0,4.0,2.0,6.0,19.0,20.0,21.0,44.0,0.0,0.0,4.0,1.0,33.1,1,1,1,1,151,751,147,325,404,1636,1691,1707,78,547,1,1412,773,393,1,40:03
2024-25,1630173,Precious Achiuwa,Precious,1610612752,NYK,New York Knicks,0042400211,2025-05-05T00:00:00,NYK @ BOS,W,5.1,0.0,0.0,0.0,0.0,2.0,4.0,0.0,8.0,0.0,0.0,0.0,0.0,2.4,1,1,1,1,1508,751,705,625,1167,256,578,1,1322,547,1,1,1168,1511,1,5:06
2024-25,1629008,Michael Porter Jr.,Michael,1610612743,DEN,Denver Nuggets,0042400221,2025-05-05T00:00:00,DEN @ OKC,W,24.1,0.0,2.0,0.0,2.0,14.0,13.0,15.0,26.0,1.0,3.0,1.0,0.0,11.8,1,1,1,1,843,751,388,625,802,1443,1459,1619,586,170,1689,400,1168,1084,1,24:06
2024-25,1629011,Mitchell Robinson,Mitchell,1610612752,NYK,New York Knicks,0042400211,2025-05-05T00:00:00,NYK @ BOS,W,20.9,0.0,1.0,0.0,0.0,2.0,4.0,4.0,14.0,0.0,0.0,1.0,5.0,11.4,1,1,1,1,950,751,671,625,1167,256,578,665,1080,547,1,400,143,1109,1,20:53
2024-25,1631096,Chet Holmgren,Chet,1610612760,OKC,Oklahoma City Thunder,0042400221,2025-05-05T00:00:00,OKC vs. DEN,L,27.9,4.0,0.0,4.0,8.0,1.0,21.0,18.0,38.0,4.0,0.0,5.0,4.0,35.2,1,871,871,871,692,171,705,124,265,214,1704,1682,202,7,1,1609,227,346,1,27:52
2024-25,203999,Nikola Jokić,Nikola,1610612743,DEN,Denver Nuggets,0042400221,2025-05-05T00:00:00,DEN @ OKC,W,42.4,3.0,10.0,2.0,24.0,22.0,20.0,21.0,42.0,2.0,3.0,5.0,12.0,79.4,1,1,1,1,72,271,5,325,4,1695,1691,1707,114,59,1689,1609,4,3,1,42:25
2024-25,1627750,Jamal Murray,Jamal,1610612743,DEN,Denver Nuggets,0042400221,2025-05-05T00:00:00,DEN @ OKC,W,44.3,0.0,3.0,4.0,2.0,22.0,20.0,27.0,46.0,0.0,2.0,3.0,6.0,36.2,1,1,1,1,26,751,251,124,802,1695,1691,1732,52,547,1564,1145,92,322,1,44:15
2024-25,1628401,Derrick White,Derrick,1610612738,BOS,Boston Celtics,0042400211,2025-05-05T00:00:00,BOS vs. NYK,L,44.1,6.0,8.0,2.0,2.0,14.0,15.0,3.0,26.0,2.0,0.0,2.0,3.0,39.2,1,871,871,871,32,67,19,325,802,1443,1571,556,586,59,1,763,344,255,1,44:05
2024-25,1628404,Josh Hart,Josh,1610612752,NYK,New York Knicks,0042400211,2025-05-05T00:00:00,NYK @ BOS,W,45.2,0.0,3.0,3.0,8.0,10.0,20.0,6.0,30.0,0.0,0.0,4.0,4.0,36.7,1,1,1,1,16,751,251,204,265,1167,1691,944,431,547,1,1412,227,306,1,45:14
2024-25,1627759,Jaylen Brown,Jaylen,1610612738,BOS,Boston Celtics,0042400211,2025-05-05T00:00:00,BOS vs. NYK,L,44.9,4.0,6.0,0.0,10.0,14.0,19.0,3.0,26.0,0.0,0.0,3.0,6.0,36.9,1,871,871,871,19,171,50,625,175,1443,1674,556,586,547,1,1145,92,303,1,44:54
2024-25,1630598,Aaron Wiggins,Aaron,1610612760,OKC,Oklahoma City Thunder,0042400221,2025-05-05T00:00:00,OKC vs. DEN,L,13.6,0.0,0.0,0.0,0.0,0.0,8.0,0.0,10.0,0.0,0.0,0.0,1.0,9.8,1,871,871,871,1222,751,705,625,1167,1,1028,1,1249,547,1,1,773,1187,1,13:34
2024-25,203932,Aaron Gordon,Aaron,1610612743,DEN,Denver Nuggets,0042400221,2025-05-05T00:00:00,DEN @ OKC,W,39.1,2.0,6.0,11.0,8.0,20.0,17.0,19.0,38.0,0.0,1.0,2.0,4.0,39.3,1,1,1,1,198,423,50,3,265,1658,1635,1695,202,547,1165,763,227,251,1,39:03
2024-25,1631124,Julian Strawther,Julian,1610612743,DEN,Denver Nuggets,0042400221,2025-05-05T00:00:00,DEN @ OKC,W,5.6,0.0,0.0,0.0,2.0,6.0,0.0,3.0,4.0,0.0,0.0,1.0,0.0,2.2,1,1,1,1,1492,751,705,625,802,735,1,556,1472,547,1,400,1168,1518,1,5:35
2024-25,1630573,Sam Hauser,Sam,1610612738,BOS,Boston Celtics,0042400211,2025-05-05T00:00:00,BOS vs. NYK,L,4.0,0.0,0.0,0.0,0.0,3.0,0.0,7.0,8.0,0.0,0.0,1.0,0.0,0.0,1,871,871,871,1551,751,705,625,1167,431,1,1055,1322,547,1,400,1168,1620,1,3:58
2024-25,1628384,OG Anunoby,OG,1610612752,NYK,New York Knicks,0042400211,2025-05-05T00:00:00,NYK @ BOS,W,45.8,5.0,0.0,4.0,8.0,15.0,24.0,8.0,26.0,0.0,2.0,1.0,2.0,38.3,1,1,1,1,12,107,705,124,265,1494,1724,1162,586,547,1564,400,505,274,1,45:49
2024-25,1627783,Pascal Siakam,Pascal,1610612754,IND,Indiana Pacers,0042400201,2025-05-04T00:00:00,IND @ CLE,W,33.7,2.0,0.0,4.0,8.0,16.0,17.0,9.0,44.0,0.0,0.0,1.0,4.0,33.6,1,1,1,1,441,423,705,124,265,1539,1635,1249,78,547,1,400,227,378,1,33:40
2024-25,1630541,Moses Moody,Moses,1610612744,GSW,Golden State Warriors,0042400157,2025-05-04T00:00:00,GSW @ HOU,W,10.8,0.0,0.0,0.0,0.0,2.0,2.0,2.0,6.0,0.0,0.0,1.0,0.0,3.6,1,1,1,1,1327,751,705,625,1167,256,308,358,1404,547,1,400,1168,1461,1,10:51
2024-25,1629731,Dean Wade,Dean,1610612739,CLE,Cleveland Cavaliers,0042400201,2025-05-04T00:00:00,CLE vs. IND,L,16.1,0.0,0.0,0.0,0.0,5.0,0.0,4.0,20.0,0.0,0.0,2.0,0.0,3.6,1,871,871,871,1122,751,705,625,1167,633,1,665,832,547,1,763,1168,1461,1,16:04
2024-25,1630224,Jalen Green,Jalen,1610612745,HOU,Houston Rockets,0042400157,2025-05-04T00:00:00,HOU vs. GSW,L,29.8,0.0,0.0,2.0,6.0,11.0,0.0,2.0,22.0,1.0,2.0,0.0,2.0,17.3,1,871,871,871,611,751,705,325,404,1253,1,358,754,170,1564,1,505,860,1,29:46
2024-25,1628386,Jarrett Allen,Jarrett,1610612739,CLE,Cleveland Cavaliers,0042400201,2025-05-04T00:00:00,CLE vs. IND,L,30.1,2.0,2.0,2.0,12.0,7.0,2.0,9.0,18.0,0.0,0.0,1.0,0.0,24.5,1,871,871,871,597,423,388,325,109,860,308,1249,918,547,1,400,1168,604,1,30:06
2024-25,1630171,Isaac Okoro,Isaac,1610612739,CLE,Cleveland Cavaliers,0042400201,2025-05-04T00:00:00,CLE vs. IND,L,15.0,2.0,2.0,0.0,2.0,0.0,0.0,4.0,14.0,0.0,1.0,0.0,0.0,7.4,1,871,871,871,1163,423,388,625,802,1,1,665,1080,547,1165,1,1168,1273,1,15:01
2024-25,201939,Stephen Curry,Stephen,1610612744,GSW,Golden State Warriors,0042400157,2025-05-04T00:00:00,GSW @ HOU,W,45.5,3.0,0.0,0.0,8.0,10.0,13.0,8.0,42.0,2.0,0.0,3.0,4.0,54.5,1,1,1,1,15,271,705,625,265,1167,1459,1162,114,59,1,1145,227,67,1,45:30
2024-25,203110,Draymond Green,Draymond,1610612744,GSW,Golden State Warriors,0042400157,2025-05-04T00:00:00,GSW @ HOU,W,39.9,2.0,0.0,0.0,8.0,10.0,10.0,6.0,38.0,2.0,0.0,4.0,4.0,38.7,1,1,1,1,162,423,705,625,265,1167,1221,944,202,59,1,1412,227,265,1,39:56
2024-25,1629660,Ty Jerome,Ty,1610612739,CLE,Cleveland Cavaliers,0042400201,2025-05-04T00:00:00,CLE vs. IND,L,29.5,2.0,7.0,0.0,14.0,5.0,4.0,6.0,22.0,0.0,4.0,1.0,3.0,38.6,1,871,871,871,633,423,31,625,65,633,578,944,754,547,1720,400,344,267,1,29:27
2024-25,202710,Jimmy Butler III,Jimmy,1610612744,GSW,Golden State Warriors,0042400157,2025-05-04T00:00:00,GSW @ HOU,W,44.7,7.0,0.0,0.0,8.0,12.0,15.0,10.0,46.0,0.0,2.0,1.0,4.0,42.1,1,1,1,1,21,39,705,625,265,1324,1571,1324,52,547,1564,400,227,200,1,44:40
2024-25,1630241,Sam Merrill,Sam,1610612739,CLE,Cleveland Cavaliers,0042400201,2025-05-04T00:00:00,CLE vs. IND,L,17.8,0.0,0.0,0.0,0.0,4.0,0.0,7.0,10.0,0.0,0.0,2.0,1.0,16.8,1,871,871,871,1067,751,705,625,1167,515,1,1055,1249,547,1,763,773,884,1,17:50
2024-25,1641764,Brandin Podziemski,Brandin,1610612744,GSW,Golden State Warriors,0042400157,2025-05-04T00:00:00,GSW @ HOU,W,39.7,2.0,0.0,2.0,4.0,12.0,15.0,10.0,42.0,1.0,1.0,2.0,1.0,16.6,1,1,1,1,170,423,705,325,582,1324,1571,1324,114,170,1165,763,773,895,1,39:42
2024-25,1631106,Tari Eason,Tari,1610612745,HOU,Houston Rockets,0042400157,2025-05-04T00:00:00,HOU vs. GSW,L,15.9,0.0,0.0,0.0,2.0,1.0,0.0,0.0,14.0,2.0,1.0,0.0,1.0,16.5,1,871,871,871,1130,751,705,625,802,214,1,1,1080,59,1165,1,773,899,1,15:52
2024-25,1629631,De'Andre Hunter,De'Andre,1610612739,CLE,Cleveland Cavaliers,0042400201,2025-05-04T00:00:00,CLE vs. IND,L,30.2,0.0,0.0,3.0,4.0,5.0,4.0,6.0,16.0,0.0,1.0,1.0,5.0,16.3,1,871,871,871,594,751,705,204,582,633,578,944,991,547,1165,400,143,908,1,30:12
2024-25,1631095,Jabari Smith Jr.,Jabari,1610612745,HOU,Houston Rockets,0042400157,2025-05-04T00:00:00,HOU vs. GSW,L,12.1,0.0,3.0,0.0,0.0,0.0,0.0,0.0,10.0,0.0,1.0,0.0,1.0,7.8,1,871,871,871,1276,751,251,625,1167,1,1,1,1249,547,1165,1,773,1263,1,12:08
2024-25,1627741,Buddy Hield,Buddy,1610612744,GSW,Golden State Warriors,0042400157,2025-05-04T00:00:00,GSW @ HOU,W,37.0,3.0,0.0,0.0,4.0,10.0,10.0,6.0,40.0,2.0,0.0,1.0,0.0,50.1,1,1,1,1,284,271,705,625,582,1167,1221,944,162,59,1,400,1168,99,1,36:58
2024-25,1642366,Quinten Post,Quinten,1610612744,GSW,Golden State Warriors,0042400157,2025-05-04T00:00:00,GSW @ HOU,W,3.5,0.0,0.0,0.0,0.0,0.0,0.0,0.0,2.0,0.0,0.0,0.0,0.0,0.0,1,1,1,1,1579,751,705,625,1167,1,1,1,1551,547,1,1,1168,1620,1,3:29
2024-25,1630174,Aaron Nesmith,Aaron,1610612754,IND,Indiana Pacers,0042400201,2025-05-04T00:00:00,IND @ CLE,W,24.6,0.0,0.0,3.0,2.0,13.0,11.0,10.0,34.0,1.0,0.0,5.0,2.0,26.6,1,1,1,1,823,751,705,204,802,1382,1313,1324,299,170,1,1609,505,550,1,24:37
2024-25,1630596,Evan Mobley,Evan,1610612739,CLE,Cleveland Cavaliers,0042400201,2025-05-04T00:00:00,CLE vs. IND,L,35.8,5.0,4.0,0.0,14.0,6.0,4.0,15.0,34.0,0.0,1.0,3.0,0.0,37.0,1,871,871,871,345,107,147,625,65,735,578,1619,299,547,1165,1145,1168,301,1,35:45
2024-25,203500,Steven Adams,Steven,1610612745,HOU,Houston Rockets,0042400157,2025-05-04T00:00:00,HOU vs. GSW,L,25.7,0.0,2.0,0.0,2.0,7.0,0.0,0.0,16.0,0.0,1.0,0.0,1.0,10.4,1,871,871,871,775,751,388,625,802,860,1,1,991,547,1165,1,773,1156,1,25:44
2024-25,1628418,Thomas Bryant,Thomas,1610612754,IND,Indiana Pacers,0042400201,2025-05-04T00:00:00,IND @ CLE,W,5.7,0.0,0.0,0.0,2.0,3.0,0.0,0.0,6.0,1.0,0.0,0.0,0.0,6.4,1,1,1,1,1484,751,705,625,802,431,1,1,1404,170,1,1,1168,1312,1,5:43
2024-25,1629622,Max Strus,Max,1610612739,CLE,Cleveland Cavaliers,0042400201,2025-05-04T00:00:00,CLE vs. IND,L,31.9,0.0,0.0,4.0,0.0,7.0,2.0,11.0,28.0,1.0,1.0,4.0,3.0,28.9,1,871,871,871,530,751,705,124,1167,860,308,1399,514,170,1165,1412,344,491,1,31:55
2024-25,1626167,Myles Turner,Myles,1610612754,IND,Indiana Pacers,0042400201,2025-05-04T00:00:00,IND @ CLE,W,33.1,2.0,2.0,2.0,6.0,11.0,15.0,11.0,48.0,2.0,0.0,3.0,3.0,39.7,1,1,1,1,474,423,388,325,404,1253,1571,1399,43,59,1,1145,344,237,1,33:06
2024-25,1641767,Ben Sheppard,Ben,1610612754,IND,Indiana Pacers,0042400201,2025-05-04T00:00:00,IND @ CLE,W,7.5,0.0,0.0,0.0,0.0,5.0,2.0,0.0,10.0,0.0,0.0,1.0,0.0,0.0,1,1,1,1,1432,751,705,625,1167,633,308,1,1249,547,1,400,1168,1620,1,7:29
2024-25,1631097,Bennedict Mathurin,Bennedict,1610612754,IND,Indiana Pacers,0042400201,2025-05-04T00:00:00,IND @ CLE,W,23.4,0.0,0.0,2.0,2.0,9.0,10.0,4.0,36.0,1.0,0.0,3.0,0.0,20.5,1,1,1,1,857,751,705,325,802,1085,1221,665,246,170,1,1145,1168,745,1,23:23
2024-25,1626172,Kevon Looney,Kevon,1610612744,GSW,Golden State Warriors,0042400157,2025-05-04T00:00:00,GSW @ HOU,W,11.1,1.0,0.0,0.0,2.0,2.0,5.0,4.0,8.0,1.0,1.0,2.0,1.0,10.8,1,1,1,1,1320,722,705,625,802,256,701,665,1322,170,1165,763,773,1140,1,11:07
2024-25,1630169,Tyrese Haliburton,Tyrese,1610612754,IND,Indiana Pacers,0042400201,2025-05-04T00:00:00,IND @ CLE,W,36.2,0.0,0.0,2.0,8.0,11.0,15.0,12.0,52.0,3.0,0.0,1.0,2.0,56.1,1,1,1,1,322,751,705,325,265,1253,1571,1472,14,17,1,400,505,53,1,36:11
2024-25,1628415,Dillon Brooks,Dillon,1610612745,HOU,Houston Rockets,0042400157,2025-05-04T00:00:00,HOU vs. GSW,L,35.5,0.0,0.0,0.0,0.0,18.0,0.0,2.0,24.0,0.0,0.0,3.0,1.0,12.9,1,871,871,871,352,751,705,625,1167,1602,1,358,678,547,1,1145,773,1050,1,35:32
2024-25,1630311,Pat Spencer,Pat,1610612744,GSW,Golden State Warriors,0042400157,2025-05-04T00:00:00,GSW @ HOU,W,0.1,0.0,0.0,0.0,0.0,0.0,0.0,0.0,0.0,0.0,0.0,0.0,0.0,0.0,1,1,1,1,1726,751,705,625,1167,1,1,1,1643,547,1,1,1168,1620,1,0:09
2024-25,204456,T.J. McConnell,T.J.,1610612754,IND,Indiana Pacers,0042400201,2025-05-04T00:00:00,IND @ CLE,W,15.3,3.0,0.0,0.0,4.0,13.0,8.0,2.0,28.0,0.0,0.0,1.0,0.0,9.2,1,1,1,1,1155,271,705,625,582,1382,1028,358,514,547,1,400,1168,1211,1,15:16
2024-25,1631218,Trayce Jackson-Davis,Trayce,1610612744,GSW,Golden State Warriors,0042400157,2025-05-04T00:00:00,GSW @ HOU,W,0.1,0.0,0.0,0.0,0.0,0.0,0.0,0.0,0.0,0.0,0.0,0.0,0.0,0.0,1,1,1,1,1726,751,705,625,1167,1,1,1,1643,547,1,1,1168,1620,1,0:09
2024-25,1627832,Fred VanVleet,Fred,1610612745,HOU,Houston Rockets,0042400157,2025-05-04T00:00:00,HOU vs. GSW,L,43.9,0.0,0.0,0.0,2.0,18.0,0.0,2.0,32.0,0.0,1.0,4.0,1.0,32.9,1,871,871,871,37,751,705,625,802,1602,1,358,375,547,1165,1412,773,400,1,43:52
2024-25,1641708,Amen Thompson,Amen,1610612745,HOU,Houston Rockets,0042400157,2025-05-04T00:00:00,HOU vs. GSW,L,37.2,8.0,6.0,8.0,18.0,18.0,0.0,2.0,26.0,1.0,1.0,2.0,4.0,45.3,1,871,871,871,272,29,50,18,20,1602,1,358,586,170,1165,763,227,155,1,37:10
2024-25,1630611,Gui Santos,Gui,1610612744,GSW,Golden State Warriors,0042400157,2025-05-04T00:00:00,GSW @ HOU,W,0.1,0.0,0.0,0.0,0.0,0.0,0.0,0.0,0.0,0.0,0.0,0.0,0.0,0.0,1,1,1,1,1726,751,705,625,1167,1,1,1,1643,547,1,1,1168,1620,1,0:09
2024-25,1629614,Andrew Nembhard,Andrew,1610612754,IND,Indiana Pacers,0042400201,2025-05-04T00:00:00,IND @ CLE,W,37.1,0.0,2.0,0.0,0.0,15.0,17.0,14.0,50.0,0.0,0.0,1.0,3.0,32.0,1,1,1,1,278,751,388,625,1167,1494,1635,1578,26,547,1,400,344,418,1,37:04
2024-25,1628378,Donovan Mitchell,Donovan,1610612739,CLE,Cleveland Cavaliers,0042400201,2025-05-04T00:00:00,CLE vs. IND,L,33.7,11.0,6.0,5.0,24.0,6.0,4.0,13.0,28.0,0.0,1.0,2.0,8.0,48.0,1,871,871,871,443,6,50,74,4,735,578,1521,514,547,1165,763,26,123,1,33:40
2024-25,1630228,Jonathan Kuminga,Jonathan,1610612744,GSW,Golden State Warriors,0042400157,2025-05-04T00:00:00,GSW @ HOU,W,7.4,0.0,0.0,0.0,0.0,2.0,5.0,4.0,6.0,0.0,1.0,0.0,0.0,3.2,1,1,1,1,1436,751,705,625,1167,256,701,665,1404,547,1165,1,1168,1470,1,7:22
2024-25,1630578,Alperen Sengun,Alperen,1610612745,HOU,Houston Rockets,0042400157,2025-05-04T00:00:00,HOU vs. GSW,L,39.9,4.0,4.0,0.0,16.0,17.0,0.0,2.0,26.0,1.0,1.0,5.0,3.0,48.3,1,871,871,871,160,171,147,625,34,1575,1,358,586,170,1165,1609,344,120,1,39:56
2024-25,1641716,Jarace Walker,Jarace,1610612754,IND,Indiana Pacers,0042400201,2025-05-04T00:00:00,IND @ CLE,W,8.8,0.0,0.0,0.0,2.0,4.0,4.0,4.0,18.0,0.0,0.0,2.0,1.0,2.5,1,1,1,1,1386,751,705,625,802,515,578,665,918,547,1,763,773,1507,1,8:48
2024-25,1630167,Obi Toppin,Obi,1610612754,IND,Indiana Pacers,0042400201,2025-05-04T00:00:00,IND @ CLE,W,14.7,2.0,0.0,2.0,4.0,10.0,6.0,4.0,24.0,1.0,1.0,2.0,1.0,20.0,1,1,1,1,1173,423,705,325,582,1167,804,665,678,170,1165,763,773,761,1,14:43
2024-25,203992,Bogdan Bogdanović,Bogdan,1610612746,LAC,LA Clippers,0042400177,2025-05-03T00:00:00,LAC @ DEN,L,17.7,3.0,0.0,3.0,6.0,6.0,11.0,6.0,24.0,0.0,0.0,4.0,2.0,17.1,1,871,871,871,1071,271,705,204,404,735,1313,944,678,547,1,1412,505,871,1,17:42
2024-25,1641757,Jordan Miller,Jordan,1610612746,LAC,LA Clippers,0042400177,2025-05-03T00:00:00,LAC @ DEN,L,6.9,2.0,2.0,2.0,4.0,0.0,3.0,0.0,8.0,0.0,0.0,0.0,0.0,17.2,1,871,871,871,1446,423,388,325,582,1,473,1,1322,547,1,1,1168,864,1,6:53
2024-25,1627884,Derrick Jones Jr.,Derrick,1610612746,LAC,LA Clippers,0042400177,2025-05-03T00:00:00,LAC @ DEN,L,16.6,2.0,3.0,2.0,8.0,2.0,6.0,9.0,20.0,3.0,0.0,0.0,2.0,25.4,1,871,871,871,1105,423,251,325,265,256,804,1249,832,17,1,1,505,581,1,16:35
2024-25,1631212,Peyton Watson,Peyton,1610612743,DEN,Denver Nuggets,0042400177,2025-05-03T00:00:00,DEN vs. LAC,W,17.4,3.0,0.0,2.0,6.0,12.0,1.0,10.0,26.0,1.0,0.0,2.0,1.0,19.8,1,1,1,1,1079,271,705,325,404,1324,285,1324,586,170,1,763,773,767,1,17:25
2024-25,1631124,Julian Strawther,Julian,1610612743,DEN,Denver Nuggets,0042400177,2025-05-03T00:00:00,DEN vs. LAC,W,3.4,0.0,3.0,0.0,0.0,4.0,1.0,6.0,6.0,0.0,0.0,1.0,0.0,3.0,1,1,1,1,1582,751,251,625,1167,515,285,944,1404,547,1,400,1168,1484,1,3:21
2024-25,203932,Aaron Gordon,Aaron,1610612743,DEN,Denver Nuggets,0042400177,2025-05-03T00:00:00,DEN vs. LAC,W,35.7,6.0,4.0,0.0,18.0,7.0,9.0,13.0,38.0,1.0,2.0,5.0,3.0,39.3,1,1,1,1,348,67,147,625,20,860,1128,1521,202,170,1564,1609,344,251,1,35:42
2024-25,201935,James Harden,James,1610612746,LAC,LA Clippers,0042400177,2025-05-03T00:00:00,LAC @ DEN,L,35.5,0.0,0.0,0.0,2.0,11.0,19.0,18.0,46.0,1.0,1.0,0.0,2.0,39.5,1,871,871,871,354,751,705,625,802,1253,1674,1682,52,170,1165,1,505,244,1,35:27
2024-25,1627739,Kris Dunn,Kris,1610612746,LAC,LA Clippers,0042400177,2025-05-03T00:00:00,LAC @ DEN,L,16.1,0.0,0.0,0.0,0.0,4.0,7.0,6.0,24.0,0.0,0.0,1.0,1.0,10.7,1,871,871,871,1120,751,705,625,1167,515,898,944,678,547,1,400,773,1144,1,16:07
2024-25,1630192,Zeke Nnaji,Zeke,1610612743,DEN,Denver Nuggets,0042400177,2025-05-03T00:00:00,DEN vs. LAC,W,2.0,0.0,0.0,0.0,0.0,0.0,0.0,0.0,0.0,0.0,0.0,0.0,0.0,1.2,1,1,1,1,1658,751,705,625,1167,1,1,1,1643,547,1,1,1168,1559,1,2:00
2024-25,201587,Nicolas Batum,Nicolas,1610612746,LAC,LA Clippers,0042400177,2025-05-03T00:00:00,LAC @ DEN,L,28.2,0.0,0.0,0.0,0.0,11.0,17.0,15.0,46.0,2.0,0.0,2.0,1.0,17.4,1,871,871,871,686,751,705,625,1167,1253,1635,1619,52,59,1,763,773,856,1,28:09
2024-25,1627750,Jamal Murray,Jamal,1610612743,DEN,Denver Nuggets,0042400177,2025-05-03T00:00:00,DEN vs. LAC,W,41.5,0.0,2.0,2.0,10.0,10.0,9.0,13.0,46.0,1.0,2.0,2.0,2.0,24.0,1,1,1,1,102,751,388,325,175,1167,1128,1521,52,170,1564,763,505,618,1,41:31
2024-25,1629008,Michael Porter Jr.,Michael,1610612743,DEN,Denver Nuggets,0042400177,2025-05-03T00:00:00,DEN vs. LAC,W,29.8,0.0,0.0,9.0,6.0,5.0,9.0,9.0,30.0,0.0,0.0,2.0,1.0,22.2,1,1,1,1,608,751,705,12,404,633,1128,1249,431,547,1,763,773,688,1,29:49
2024-25,1629618,Jalen Pickett,Jalen,1610612743,DEN,Denver Nuggets,0042400177,2025-05-03T00:00:00,DEN vs. LAC,W,3.4,0.0,0.0,0.0,0.0,4.0,1.0,6.0,6.0,0.0,0.0,0.0,0.0,1.2,1,1,1,1,1582,751,705,625,1167,515,285,944,1404,547,1,1,1168,1559,1,3:21
2024-25,1627826,Ivica Zubac,Ivica,1610612746,LAC,LA Clippers,0042400177,2025-05-03T00:00:00,LAC @ DEN,L,31.8,0.0,0.0,0.0,10.0,13.0,10.0,22.0,42.0,0.0,1.0,3.0,3.0,29.8,1,871,871,871,533,751,705,625,175,1382,1221,1716,114,547,1165,1145,344,462,1,31:50
2024-25,1641738,Kobe Brown,Kobe,1610612746,LAC,LA Clippers,0042400177,2025-05-03T00:00:00,LAC @ DEN,L,8.2,5.0,0.0,6.0,12.0,2.0,3.0,2.0,12.0,0.0,1.0,0.0,1.0,17.5,1,871,871,871,1402,107,705,43,109,256,473,358,1167,547,1165,1,773,852,1,8:13
2024-25,201599,DeAndre Jordan,DeAndre,1610612743,DEN,Denver Nuggets,0042400177,2025-05-03T00:00:00,DEN vs. LAC,W,6.9,0.0,2.0,0.0,2.0,3.0,0.0,5.0,10.0,0.0,0.0,1.0,0.0,6.8,1,1,1,1,1444,751,388,625,802,431,1,808,1249,547,1,400,1168,1299,1,6:54
2024-25,203999,Nikola Jokić,Nikola,1610612743,DEN,Denver Nuggets,0042400177,2025-05-03T00:00:00,DEN vs. LAC,W,32.5,0.0,0.0,4.0,8.0,7.0,7.0,6.0,38.0,1.0,0.0,5.0,5.0,47.0,1,1,1,1,508,751,705,124,265,860,898,944,202,170,1,1609,143,134,1,32:27
2024-25,1631128,Christian Braun,Christian,1610612743,DEN,Denver Nuggets,0042400177,2025-05-03T00:00:00,DEN vs. LAC,W,38.2,2.0,4.0,2.0,10.0,11.0,10.0,12.0,52.0,0.0,3.0,1.0,2.0,36.0,1,1,1,1,233,423,147,325,175,1253,1221,1472,14,547,1689,400,505,328,1,38:10
2024-25,1626181,Norman Powell,Norman,1610612746,LAC,LA Clippers,0042400177,2025-05-03T00:00:00,LAC @ DEN,L,32.3,0.0,2.0,0.0,6.0,15.0,13.0,22.0,48.0,1.0,1.0,3.0,3.0,14.4,1,871,871,871,517,751,388,625,404,1494,1459,1716,43,170,1165,1145,344,987,1,32:20
2024-25,201566,Russell Westbrook,Russell,1610612743,DEN,Denver Nuggets,0042400177,2025-05-03T00:00:00,DEN vs. LAC,W,27.4,4.0,7.0,5.0,6.0,7.0,3.0,15.0,38.0,0.0,2.0,4.0,3.0,42.5,1,1,1,1,716,171,31,74,404,860,473,1619,202,547,1564,1412,344,190,1,27:21
2024-25,1629234,Drew Eubanks,Drew,1610612746,LAC,LA Clippers,0042400177,2025-05-03T00:00:00,LAC @ DEN,L,6.9,0.0,1.0,0.0,0.0,0.0,3.0,0.0,8.0,0.0,0.0,1.0,2.0,1.0,1,871,871,871,1446,751,671,625,1167,1,473,1,1322,547,1,400,505,1602,1,6:53
2024-25,1641816,Hunter Tyson,Hunter,1610612743,DEN,Denver Nuggets,0042400177,2025-05-03T00:00:00,DEN vs. LAC,W,2.0,0.0,0.0,0.0,0.0,0.0,0.0,0.0,0.0,0.0,0.0,0.0,0.0,1.2,1,1,1,1,1658,751,705,625,1167,1,1,1,1643,547,1,1,1168,1559,1,2:00
2024-25,202695,Kawhi Leonard,Kawhi,1610612746,LAC,LA Clippers,0042400177,2025-05-03T00:00:00,LAC @ DEN,L,33.2,0.0,2.0,4.0,8.0,11.0,15.0,20.0,44.0,2.0,0.0,3.0,6.0,36.0,1,871,871,871,464,751,388,124,265,1253,1571,1700,78,59,1,1145,92,328,1,33:14
2024-25,1642353,Cam Christie,Cam,1610612746,LAC,LA Clippers,0042400177,2025-05-03T00:00:00,LAC @ DEN,L,6.7,2.0,0.0,2.0,2.0,0.0,3.0,0.0,8.0,0.0,0.0,0.0,0.0,6.2,1,871,871,871,1457,423,705,325,802,1,473,1,1322,547,1,1,1168,1325,1,6:39
2024-25,202710,Jimmy Butler III,Jimmy,1610612744,GSW,Golden State Warriors,0042400156,2025-05-02T00:00:00,GSW vs. HOU,L,42.1,6.0,4.0,5.0,6.0,21.0,17.0,9.0,38.0,1.0,2.0,2.0,8.0,51.8,1,871,871,871,89,67,147,74,404,1680,1635,1249,202,170,1564,763,26,85,1,42:07
2024-25,203500,Steven Adams,Steven,1610612745,HOU,Houston Rockets,0042400156,2025-05-02T00:00:00,HOU @ GSW,W,31.0,4.0,2.0,0.0,8.0,10.0,7.0,12.0,14.0,3.0,0.0,1.0,9.0,35.0,1,1,1,1,561,171,388,625,265,1167,898,1472,1080,17,1,400,16,349,1,31:03
2024-25,1627780,Gary Payton II,Gary,1610612744,GSW,Golden State Warriors,0042400156,2025-05-02T00:00:00,GSW vs. HOU,L,19.8,0.0,3.0,2.0,2.0,7.0,7.0,6.0,22.0,0.0,0.0,3.0,0.0,12.1,1,871,871,871,978,751,251,325,802,860,898,944,754,547,1,1145,1168,1075,1,19:46
2024-25,1628988,Aaron Holiday,Aaron,1610612745,HOU,Houston Rockets,0042400156,2025-05-02T00:00:00,HOU @ GSW,W,5.6,0.0,3.0,0.0,0.0,4.0,0.0,10.0,12.0,0.0,0.0,1.0,0.0,4.2,1,1,1,1,1493,751,251,625,1167,515,1,1324,1167,547,1,400,1168,1432,1,5:34
2024-25,1642366,Quinten Post,Quinten,1610612744,GSW,Golden State Warriors,0042400156,2025-05-02T00:00:00,GSW vs. HOU,L,17.8,2.0,0.0,2.0,2.0,9.0,10.0,4.0,20.0,0.0,0.0,5.0,0.0,12.2,1,871,871,871,1068,423,705,325,802,1085,1221,665,832,547,1,1609,1168,1071,1,17:48
2024-25,1641708,Amen Thompson,Amen,1610612745,HOU,Houston Rockets,0042400156,2025-05-02T00:00:00,HOU @ GSW,W,35.5,2.0,0.0,3.0,6.0,7.0,12.0,17.0,20.0,0.0,3.0,2.0,4.0,32.4,1,1,1,1,352,423,705,204,404,860,1393,1675,832,547,1689,763,227,409,1,35:32
2024-25,1630296,Braxton Key,Braxton,1610612744,GSW,Golden State Warriors,0042400156,2025-05-02T00:00:00,GSW vs. HOU,L,2.4,0.0,0.0,0.0,0.0,1.0,0.0,0.0,0.0,0.0,0.0,1.0,0.0,3.0,1,871,871,871,1629,751,705,625,1167,214,1,1,1643,547,1,400,1168,1484,1,2:26
2024-25,203110,Draymond Green,Draymond,1610612744,GSW,Golden State Warriors,0042400156,2025-05-02T00:00:00,GSW vs. HOU,L,37.0,0.0,1.0,0.0,2.0,17.0,16.0,8.0,34.0,3.0,1.0,3.0,1.0,29.5,1,871,871,871,286,751,671,625,802,1575,1611,1162,299,17,1165,1145,773,474,1,36:57
2024-25,1630541,Moses Moody,Moses,1610612744,GSW,Golden State Warriors,0042400156,2025-05-02T00:00:00,GSW vs. HOU,L,22.1,2.0,0.0,5.0,4.0,15.0,12.0,3.0,20.0,1.0,1.0,2.0,0.0,18.9,1,871,871,871,897,423,705,74,582,1494,1393,556,832,170,1165,763,1168,803,1,22:07
2024-25,1631218,Trayce Jackson-Davis,Trayce,1610612744,GSW,Golden State Warriors,0042400156,2025-05-02T00:00:00,GSW vs. HOU,L,2.4,0.0,0.0,2.0,2.0,1.0,0.0,0.0,0.0,0.0,0.0,0.0,0.0,4.4,1,871,871,871,1633,751,705,325,802,214,1,1,1643,547,1,1,1168,1420,1,2:24
2024-25,1631106,Tari Eason,Tari,1610612745,HOU,Houston Rockets,0042400156,2025-05-02T00:00:00,HOU @ GSW,W,16.1,0.0,0.0,0.0,2.0,2.0,2.0,8.0,6.0,1.0,1.0,2.0,0.0,26.9,1,1,1,1,1121,751,705,625,802,256,308,1162,1404,170,1165,763,1168,544,1,16:06
2024-25,201939,Stephen Curry,Stephen,1610612744,GSW,Golden State Warriors,0042400156,2025-05-02T00:00:00,GSW vs. HOU,L,41.9,0.0,2.0,6.0,2.0,23.0,16.0,11.0,38.0,1.0,0.0,4.0,6.0,44.4,1,871,871,871,94,751,388,43,802,1703,1611,1399,202,170,1,1412,92,165,1,41:57
2024-25,1642263,Reed Sheppard,Reed,1610612745,HOU,Houston Rockets,0042400156,2025-05-02T00:00:00,HOU @ GSW,W,1.2,0.0,0.0,0.0,0.0,2.0,0.0,6.0,6.0,0.0,0.0,0.0,0.0,0.0,1,1,1,1,1699,751,705,625,1167,256,1,944,1404,547,1,1,1168,1620,1,1:14
2024-25,1631095,Jabari Smith Jr.,Jabari,1610612745,HOU,Houston Rockets,0042400156,2025-05-02T00:00:00,HOU @ GSW,W,18.6,3.0,3.0,0.0,2.0,5.0,2.0,7.0,14.0,0.0,0.0,1.0,0.0,11.1,1,1,1,1,1032,271,251,625,802,633,308,1055,1080,547,1,400,1168,1128,1,18:38
2024-25,1630611,Gui Santos,Gui,1610612744,GSW,Golden State Warriors,0042400156,2025-05-02T00:00:00,GSW vs. HOU,L,2.4,0.0,0.0,0.0,2.0,1.0,0.0,0.0,0.0,0.0,0.0,0.0,0.0,3.5,1,871,871,871,1633,751,705,625,802,214,1,1,1643,547,1,1,1168,1464,1,2:24
2024-25,1627741,Buddy Hield,Buddy,1610612744,GSW,Golden State Warriors,0042400156,2025-05-02T00:00:00,GSW vs. HOU,L,16.5,0.0,0.0,0.0,0.0,8.0,5.0,6.0,12.0,0.0,0.0,4.0,0.0,2.6,1,871,871,871,1107,751,705,625,1167,978,701,944,1167,547,1,1412,1168,1505,1,16:32
2024-25,1631466,Nate Williams,Nate,1610612745,HOU,Houston Rockets,0042400156,2025-05-02T00:00:00,HOU @ GSW,W,1.2,0.0,0.0,0.0,0.0,2.0,0.0,6.0,6.0,0.0,0.0,0.0,0.0,-1.0,1,1,1,1,1699,751,705,625,1167,256,1,944,1404,547,1,1,1168,1717,1,1:14
2024-25,1627832,Fred VanVleet,Fred,1610612745,HOU,Houston Rockets,0042400156,2025-05-02T00:00:00,HOU @ GSW,W,39.9,3.0,3.0,3.0,2.0,10.0,12.0,19.0,22.0,0.0,0.0,3.0,7.0,48.6,1,1,1,1,163,271,251,204,802,1167,1393,1695,754,547,1,1145,53,114,1,39:53
2024-25,1630578,Alperen Sengun,Alperen,1610612745,HOU,Houston Rockets,0042400156,2025-05-02T00:00:00,HOU @ GSW,W,37.1,3.0,6.0,0.0,16.0,8.0,10.0,17.0,22.0,0.0,0.0,3.0,5.0,53.8,1,1,1,1,277,271,50,625,34,978,1221,1675,754,547,1,1145,143,71,1,37:06
2024-25,1630224,Jalen Green,Jalen,1610612745,HOU,Houston Rockets,0042400156,2025-05-02T00:00:00,HOU @ GSW,W,32.1,7.0,2.0,5.0,4.0,6.0,10.0,13.0,14.0,1.0,2.0,1.0,4.0,24.5,1,1,1,1,526,39,388,74,582,735,1221,1521,1080,170,1564,400,227,604,1,32:03
2024-25,1628415,Dillon Brooks,Dillon,1610612745,HOU,Houston Rockets,0042400156,2025-05-02T00:00:00,HOU @ GSW,W,18.6,2.0,0.0,0.0,2.0,0.0,5.0,13.0,8.0,0.0,0.0,4.0,1.0,9.2,1,1,1,1,1037,423,705,625,802,1,701,1521,1322,547,1,1412,773,1211,1,18:33
2024-25,1628995,Kevin Knox II,Kevin,1610612744,GSW,Golden State Warriors,0042400156,2025-05-02T00:00:00,GSW vs. HOU,L,2.4,0.0,0.0,0.0,0.0,1.0,0.0,0.0,0.0,0.0,0.0,0.0,0.0,-1.0,1,871,871,871,1633,751,705,625,1167,214,1,1,1643,547,1,1,1168,1717,1,2:24
2024-25,1626172,Kevon Looney,Kevon,1610612744,GSW,Golden State Warriors,0042400156,2025-05-02T00:00:00,GSW vs. HOU,L,2.0,0.0,0.0,0.0,0.0,1.0,0.0,1.0,2.0,0.0,0.0,2.0,0.0,2.4,1,871,871,871,1658,751,705,625,1167,214,1,324,1551,547,1,763,1168,1511,1,2:00
2024-25,1630311,Pat Spencer,Pat,1610612744,GSW,Golden State Warriors,0042400156,2025-05-02T00:00:00,GSW vs. HOU,L,2.4,2.0,0.0,4.0,6.0,1.0,0.0,0.0,0.0,0.0,0.0,1.0,0.0,8.7,1,871,871,871,1633,423,705,124,404,214,1,1,1643,547,1,400,1168,1228,1,2:24
2024-25,201145,Jeff Green,Jeff,1610612745,HOU,Houston Rockets,0042400156,2025-05-02T00:00:00,HOU @ GSW,W,1.5,0.0,0.0,0.0,0.0,2.0,0.0,6.0,8.0,0.0,0.0,0.0,0.0,0.0,1,1,1,1,1682,751,705,625,1167,256,1,944,1322,547,1,1,1168,1620,1,1:32
2024-25,1641764,Brandin Podziemski,Brandin,1610612744,GSW,Golden State Warriors,0042400156,2025-05-02T00:00:00,GSW vs. HOU,L,28.8,0.0,2.0,2.0,4.0,14.0,12.0,7.0,24.0,0.0,1.0,3.0,3.0,23.9,1,871,871,871,664,751,388,325,582,1443,1393,1055,678,547,1165,1145,344,623,1,28:45
2024-25,1641715,Cam Whitmore,Cam,1610612745,HOU,Houston Rockets,0042400156,2025-05-02T00:00:00,HOU @ GSW,W,1.5,0.0,0.0,0.0,0.0,2.0,0.0,6.0,8.0,0.0,0.0,0.0,0.0,0.0,1,1,1,1,1682,751,705,625,1167,256,1,944,1322,547,1,1,1168,1620,1,1:32
2024-25,1628384,OG Anunoby,OG,1610612752,NYK,New York Knicks,0042400126,2025-05-01T00:00:00,NYK @ DET,W,44.3,0.0,5.0,1.0,4.0,21.0,13.0,21.0,48.0,2.0,0.0,4.0,6.0,42.5,1,1,1,1,25,751,90,600,582,1680,1459,1707,43,59,1,1412,92,190,1,44:17
2024-25,201599,DeAndre Jordan,DeAndre,1610612743,DEN,Denver Nuggets,0042400176,2025-05-01T00:00:00,DEN @ LAC,L,3.0,0.0,0.0,0.0,0.0,6.0,2.0,2.0,6.0,0.0,0.0,2.0,1.0,0.2,1,871,871,871,1609,751,705,625,1167,735,308,358,1404,547,1,763,773,1610,1,2:58
2024-25,1627826,Ivica Zubac,Ivica,1610612746,LAC,LA Clippers,0042400176,2025-05-01T00:00:00,LAC vs. DEN,W,33.1,0.0,2.0,0.0,8.0,8.0,11.0,12.0,34.0,3.0,1.0,2.0,2.0,28.2,1,1,1,1,475,751,388,625,265,978,1313,1472,299,17,1165,763,505,516,1,33:06
2024-25,1629011,Mitchell Robinson,Mitchell,1610612752,NYK,New York Knicks,0042400126,2025-05-01T00:00:00,NYK @ DET,W,13.2,1.0,0.0,1.0,0.0,7.0,5.0,14.0,12.0,0.0,1.0,1.0,2.0,4.6,1,1,1,1,1245,722,705,600,1167,860,701,1578,1167,547,1165,400,505,1409,1,13:10
2024-25,1630194,Paul Reed,Paul,1610612765,DET,Detroit Pistons,0042400126,2025-05-01T00:00:00,DET vs. NYK,L,7.5,2.0,0.0,0.0,0.0,1.0,2.0,3.0,4.0,0.0,0.0,5.0,1.0,4.7,1,871,871,871,1431,423,705,625,1167,214,308,556,1472,547,1,1609,773,1399,1,7:30
2024-25,1627750,Jamal Murray,Jamal,1610612743,DEN,Denver Nuggets,0042400176,2025-05-01T00:00:00,DEN @ LAC,L,44.5,3.0,0.0,5.0,6.0,17.0,14.0,10.0,46.0,3.0,2.0,1.0,5.0,48.6,1,871,871,871,23,271,705,74,404,1575,1513,1324,52,17,1564,400,143,114,1,44:28
2024-25,1630540,Miles McBride,Miles,1610612752,NYK,New York Knicks,0042400126,2025-05-01T00:00:00,NYK @ DET,W,17.2,0.0,0.0,0.0,0.0,12.0,9.0,13.0,14.0,0.0,0.0,1.0,2.0,4.7,1,1,1,1,1087,751,705,625,1167,1324,1128,1521,1080,547,1,400,505,1399,1,17:12
2024-25,203471,Dennis Schröder,Dennis,1610612765,DET,Detroit Pistons,0042400126,2025-05-01T00:00:00,DET vs. NYK,L,30.1,0.0,3.0,2.0,2.0,1.0,11.0,8.0,28.0,0.0,0.0,2.0,1.0,29.3,1,871,871,871,596,751,251,325,802,214,1313,1162,514,547,1,763,773,478,1,30:07
2024-25,1641709,Ausar Thompson,Ausar,1610612765,DET,Detroit Pistons,0042400126,2025-05-01T00:00:00,DET vs. NYK,L,22.8,4.0,4.0,5.0,10.0,10.0,13.0,10.0,26.0,2.0,2.0,3.0,6.0,40.7,1,871,871,871,875,171,147,74,175,1167,1459,1324,586,59,1564,1145,92,226,1,22:46
2024-25,203932,Aaron Gordon,Aaron,1610612743,DEN,Denver Nuggets,0042400176,2025-05-01T00:00:00,DEN @ LAC,L,40.8,2.0,4.0,2.0,16.0,23.0,15.0,11.0,46.0,1.0,1.0,1.0,1.0,30.5,1,871,871,871,119,423,147,325,34,1703,1571,1399,52,170,1165,400,773,448,1,40:50
2024-25,1631105,Jalen Duren,Jalen,1610612765,DET,Detroit Pistons,0042400126,2025-05-01T00:00:00,DET vs. NYK,L,39.1,5.0,2.0,4.0,12.0,10.0,16.0,15.0,42.0,0.0,1.0,5.0,6.0,30.7,1,871,871,871,193,107,388,124,109,1167,1611,1619,114,547,1165,1609,92,444,1,39:08
2024-25,1627739,Kris Dunn,Kris,1610612746,LAC,LA Clippers,0042400176,2025-05-01T00:00:00,LAC vs. DEN,W,10.2,0.0,0.0,0.0,2.0,3.0,0.0,5.0,14.0,0.0,0.0,1.0,0.0,5.0,1,1,1,1,1345,751,705,625,802,431,1,808,1080,547,1,400,1168,1384,1,10:14
2024-25,1628404,Josh Hart,Josh,1610612752,NYK,New York Knicks,0042400126,2025-05-01T00:00:00,NYK @ DET,W,34.9,0.0,2.0,0.0,4.0,14.0,6.0,11.0,34.0,1.0,1.0,5.0,3.0,31.0,1,1,1,1,379,751,388,625,582,1443,804,1399,299,170,1165,1609,344,438,1,34:51
2024-25,203501,Tim Hardaway Jr.,Tim,1610612765,DET,Detroit Pistons,0042400126,2025-05-01T00:00:00,DET vs. NYK,L,33.1,0.0,0.0,2.0,2.0,10.0,14.0,13.0,34.0,0.0,0.0,1.0,1.0,13.5,1,871,871,871,477,751,705,325,802,1167,1513,1521,299,547,1,400,773,1036,1,33:04
2024-25,1628973,Jalen Brunson,Jalen,1610612752,NYK,New York Knicks,0042400126,2025-05-01T00:00:00,NYK @ DET,W,42.3,5.0,2.0,3.0,16.0,24.0,8.0,18.0,44.0,0.0,1.0,2.0,6.0,53.3,1,1,1,1,78,107,388,204,34,1713,1028,1682,78,547,1165,763,92,75,1,42:16
2024-25,1626166,Cameron Payne,Cameron,1610612752,NYK,New York Knicks,0042400126,2025-05-01T00:00:00,NYK @ DET,W,6.3,0.0,0.0,0.0,2.0,3.0,5.0,9.0,4.0,0.0,0.0,2.0,1.0,5.2,1,1,1,1,1472,751,705,625,802,431,701,1249,1472,547,1,763,773,1371,1,6:18
2024-25,203992,Bogdan Bogdanović,Bogdan,1610612746,LAC,LA Clippers,0042400176,2025-05-01T00:00:00,LAC vs. DEN,W,19.5,3.0,2.0,1.0,2.0,8.0,8.0,8.0,28.0,0.0,0.0,4.0,1.0,12.6,1,1,1,1,996,271,388,600,802,978,1028,1162,514,547,1,1412,773,1058,1,19:28
2024-25,1631128,Christian Braun,Christian,1610612743,DEN,Denver Nuggets,0042400176,2025-05-01T00:00:00,DEN @ LAC,L,40.3,0.0,5.0,0.0,4.0,14.0,13.0,9.0,42.0,0.0,0.0,4.0,1.0,19.1,1,871,871,871,135,751,90,625,582,1443,1459,1249,114,547,1,1412,773,799,1,40:19
2024-25,1627884,Derrick Jones Jr.,Derrick,1610612746,LAC,LA Clippers,0042400176,2025-05-01T00:00:00,LAC vs. DEN,W,17.9,3.0,0.0,0.0,2.0,7.0,11.0,5.0,24.0,2.0,0.0,2.0,1.0,20.9,1,1,1,1,1059,271,705,625,802,860,1313,808,678,59,1,763,773,734,1,17:53
2024-25,1631212,Peyton Watson,Peyton,1610612743,DEN,Denver Nuggets,0042400176,2025-05-01T00:00:00,DEN @ LAC,L,10.7,2.0,4.0,0.0,4.0,3.0,4.0,0.0,6.0,1.0,0.0,0.0,0.0,12.4,1,871,871,871,1334,423,147,625,582,431,578,1,1404,170,1,1,1168,1064,1,10:42
2024-25,201566,Russell Westbrook,Russell,1610612743,DEN,Denver Nuggets,0042400176,2025-05-01T00:00:00,DEN @ LAC,L,34.7,3.0,2.0,3.0,6.0,19.0,15.0,3.0,32.0,0.0,1.0,3.0,3.0,33.0,1,871,871,871,386,271,388,204,404,1636,1571,556,375,547,1165,1145,344,396,1,34:43
2024-25,1628969,Mikal Bridges,Mikal,1610612752,NYK,New York Knicks,0042400126,2025-05-01T00:00:00,NYK @ DET,W,44.5,2.0,5.0,12.0,16.0,19.0,8.0,17.0,48.0,1.0,0.0,1.0,1.0,33.3,1,1,1,1,22,423,90,1,34,1636,1028,1675,43,170,1,400,773,387,1,44:29
2024-25,1627736,Malik Beasley,Malik,1610612765,DET,Detroit Pistons,0042400126,2025-05-01T00:00:00,DET vs. NYK,L,24.0,6.0,0.0,6.0,0.0,1.0,7.0,5.0,18.0,0.0,0.0,2.0,2.0,21.4,1,871,871,871,845,67,705,43,1167,214,898,808,918,547,1,763,505,714,1,24:01
2024-25,202699,Tobias Harris,Tobias,1610612765,DET,Detroit Pistons,0042400126,2025-05-01T00:00:00,DET vs. NYK,L,39.4,3.0,4.0,0.0,6.0,11.0,14.0,18.0,42.0,0.0,1.0,1.0,2.0,22.0,1,871,871,871,185,271,147,625,404,1253,1513,1682,114,547,1165,400,505,693,1,39:22
2024-25,203999,Nikola Jokić,Nikola,1610612743,DEN,Denver Nuggets,0042400176,2025-05-01T00:00:00,DEN @ LAC,L,41.6,0.0,2.0,2.0,18.0,14.0,13.0,9.0,42.0,1.0,5.0,3.0,3.0,53.4,1,871,871,871,99,751,388,325,20,1443,1459,1249,114,170,1728,1145,344,73,1,41:36
2024-25,1626157,Karl-Anthony Towns,Karl-Anthony,1610612752,NYK,New York Knicks,0042400126,2025-05-01T00:00:00,NYK @ DET,W,37.5,3.0,4.0,1.0,6.0,20.0,11.0,17.0,36.0,0.0,0.0,6.0,2.0,34.0,1,1,1,1,259,271,147,600,404,1658,1313,1675,246,547,1,1711,505,374,1,37:27
2024-25,1626181,Norman Powell,Norman,1610612746,LAC,LA Clippers,0042400176,2025-05-01T00:00:00,LAC vs. DEN,W,38.9,2.0,4.0,4.0,14.0,7.0,11.0,9.0,44.0,0.0,2.0,0.0,4.0,34.1,1,1,1,1,204,423,147,124,65,860,1313,1249,78,547,1564,1,227,370,1,38:56
2024-25,201935,James Harden,James,1610612746,LAC,LA Clippers,0042400176,2025-05-01T00:00:00,LAC vs. DEN,W,46.6,11.0,5.0,4.0,14.0,10.0,17.0,12.0,56.0,1.0,2.0,3.0,2.0,52.2,1,1,1,1,5,6,90,124,65,1167,1635,1472,7,170,1564,1145,505,80,1,46:35
2024-25,1630595,Cade Cunningham,Cade,1610612765,DET,Detroit Pistons,0042400126,2025-05-01T00:00:00,DET vs. NYK,L,44.1,4.0,0.0,5.0,16.0,11.0,13.0,18.0,46.0,1.0,0.0,4.0,3.0,52.4,1,871,871,871,35,171,705,74,34,1253,1459,1682,52,170,1,1412,344,79,1,44:03
2024-25,201587,Nicolas Batum,Nicolas,1610612746,LAC,LA Clippers,0042400176,2025-05-01T00:00:00,LAC vs. DEN,W,34.4,0.0,0.0,0.0,0.0,5.0,15.0,7.0,36.0,3.0,0.0,3.0,0.0,36.0,1,1,1,1,408,751,705,625,1167,633,1571,1055,246,17,1,1145,1168,328,1,34:22
2024-25,202695,Kawhi Leonard,Kawhi,1610612746,LAC,LA Clippers,0042400176,2025-05-01T00:00:00,LAC vs. DEN,W,39.5,4.0,4.0,2.0,8.0,2.0,12.0,2.0,44.0,0.0,2.0,0.0,4.0,45.5,1,1,1,1,182,171,147,325,265,256,1393,358,78,547,1564,1,227,151,1,39:27
2024-25,1629008,Michael Porter Jr.,Michael,1610612743,DEN,Denver Nuggets,0042400176,2025-05-01T00:00:00,DEN @ LAC,L,24.4,0.0,0.0,0.0,2.0,19.0,9.0,11.0,30.0,1.0,0.0,0.0,1.0,17.6,1,871,871,871,829,751,705,625,802,1636,1128,1399,431,170,1,1,773,847,1,24:24
2024-25,1629111,Jock Landale,Jock,1610612745,HOU,Houston Rockets,0042400155,2025-04-30T00:00:00,HOU vs. GSW,W,4.9,0.0,0.0,0.0,2.0,6.0,5.0,0.0,8.0,0.0,1.0,0.0,0.0,2.0,1,1,1,1,1518,751,705,625,802,735,701,1,1322,547,1165,1,1168,1525,1,4:51
2024-25,1630559,Austin Reaves,Austin,1610612747,LAL,Los Angeles Lakers,0042400165,2025-04-30T00:00:00,LAL vs. MIN,L,40.7,5.0,0.0,2.0,6.0,14.0,20.0,10.0,42.0,0.0,0.0,4.0,2.0,15.0,1,871,871,871,123,107,705,325,404,1443,1691,1324,114,547,1,1412,505,963,1,40:40
2024-25,1629029,Luka Dončić,Luka,1610612747,LAL,Los Angeles Lakers,0042400165,2025-04-30T00:00:00,LAL vs. MIN,L,39.6,2.0,5.0,0.0,8.0,16.0,14.0,11.0,42.0,0.0,2.0,4.0,8.0,50.9,1,871,871,871,181,423,90,625,265,1539,1513,1399,114,547,1564,1412,26,94,1,39:33
2024-25,1630162,Anthony Edwards,Anthony,1610612750,MIN,Minnesota Timberwolves,0042400165,2025-04-30T00:00:00,MIN @ LAL,W,43.0,4.0,2.0,4.0,10.0,9.0,10.0,6.0,32.0,0.0,0.0,1.0,4.0,49.2,1,1,1,1,54,171,388,124,175,1085,1221,944,375,547,1,400,227,106,1,42:57
2024-25,1631218,Trayce Jackson-Davis,Trayce,1610612744,GSW,Golden State Warriors,0042400155,2025-04-30T00:00:00,GSW @ HOU,L,12.0,2.0,4.0,0.0,4.0,3.0,3.0,0.0,8.0,0.0,0.0,3.0,2.0,11.8,1,871,871,871,1281,423,147,625,582,431,473,1,1322,547,1,1145,505,1084,1,12:00
2024-25,1629216,Gabe Vincent,Gabe,1610612747,LAL,Los Angeles Lakers,0042400165,2025-04-30T00:00:00,LAL vs. MIN,L,26.1,0.0,0.0,0.0,0.0,4.0,9.0,5.0,38.0,0.0,0.0,3.0,1.0,6.6,1,871,871,871,760,751,705,625,1167,515,1128,808,202,547,1,1145,773,1309,1,26:08
2024-25,1631095,Jabari Smith Jr.,Jabari,1610612745,HOU,Houston Rockets,0042400155,2025-04-30T00:00:00,HOU vs. GSW,W,15.2,3.0,2.0,0.0,2.0,10.0,7.0,4.0,18.0,0.0,0.0,1.0,1.0,8.4,1,1,1,1,1158,271,388,625,802,1167,898,665,918,547,1,400,773,1243,1,15:09
2024-25,1641715,Cam Whitmore,Cam,1610612745,HOU,Houston Rockets,0042400155,2025-04-30T00:00:00,HOU vs. GSW,W,1.7,0.0,0.0,0.0,0.0,0.0,2.0,3.0,2.0,0.0,0.0,0.0,0.0,0.0,1,1,1,1,1679,751,705,625,1167,1,308,556,1551,547,1,1,1168,1620,1,1:43
2024-25,201145,Jeff Green,Jeff,1610612745,HOU,Houston Rockets,0042400155,2025-04-30T00:00:00,HOU vs. GSW,W,1.7,0.0,0.0,0.0,0.0,0.0,2.0,3.0,2.0,0.0,0.0,0.0,0.0,3.0,1,1,1,1,1679,751,705,625,1167,1,308,556,1551,547,1,1,1168,1484,1,1:43
2024-25,1630183,Jaden McDaniels,Jaden,1610612750,MIN,Minnesota Timberwolves,0042400165,2025-04-30T00:00:00,MIN @ LAL,W,17.9,0.0,2.0,2.0,4.0,5.0,5.0,5.0,18.0,0.0,0.0,6.0,3.0,14.6,1,1,1,1,1058,751,388,325,582,633,701,808,918,547,1,1711,344,983,1,17:54
2024-25,1628995,Kevin Knox II,Kevin,1610612744,GSW,Golden State Warriors,0042400155,2025-04-30T00:00:00,GSW @ HOU,L,17.8,2.0,7.0,2.0,8.0,5.0,5.0,0.0,14.0,1.0,2.0,0.0,2.0,24.8,1,871,871,871,1065,423,31,325,265,633,701,1,1080,170,1564,1,505,598,1,17:50
2024-25,1627780,Gary Payton II,Gary,1610612744,GSW,Golden State Warriors,0042400155,2025-04-30T00:00:00,GSW @ HOU,L,10.5,2.0,0.0,0.0,2.0,5.0,3.0,7.0,14.0,0.0,0.0,2.0,1.0,12.2,1,871,871,871,1339,423,705,625,802,633,473,1055,1080,547,1,763,773,1071,1,10:30
2024-25,1630611,Gui Santos,Gui,1610612744,GSW,Golden State Warriors,0042400155,2025-04-30T00:00:00,GSW @ HOU,L,17.9,0.0,0.0,0.0,0.0,8.0,2.0,0.0,8.0,0.0,0.0,1.0,1.0,12.4,1,871,871,871,1061,751,705,625,1167,978,308,1,1322,547,1,400,773,1064,1,17:52
2024-25,1641764,Brandin Podziemski,Brandin,1610612744,GSW,Golden State Warriors,0042400155,2025-04-30T00:00:00,GSW @ HOU,L,20.9,0.0,0.0,0.0,2.0,10.0,9.0,9.0,30.0,0.0,0.0,1.0,0.0,14.4,1,871,871,871,949,751,705,625,802,1167,1128,1249,431,547,1,400,1168,987,1,20:54
2024-25,1630541,Moses Moody,Moses,1610612744,GSW,Golden State Warriors,0042400155,2025-04-30T00:00:00,GSW @ HOU,L,25.9,4.0,4.0,5.0,12.0,8.0,5.0,0.0,24.0,1.0,1.0,2.0,3.0,47.8,1,871,871,871,767,171,147,74,109,978,701,1,678,170,1165,763,344,126,1,25:56
2024-25,1630311,Pat Spencer,Pat,1610612744,GSW,Golden State Warriors,0042400155,2025-04-30T00:00:00,GSW @ HOU,L,13.6,4.0,0.0,2.0,10.0,2.0,5.0,0.0,10.0,0.0,0.0,1.0,1.0,19.8,1,871,871,871,1220,171,705,325,175,256,701,1,1249,547,1,400,773,767,1,13:36
2024-25,1631466,Nate Williams,Nate,1610612745,HOU,Houston Rockets,0042400155,2025-04-30T00:00:00,HOU vs. GSW,W,1.7,0.0,0.0,0.0,0.0,0.0,2.0,3.0,2.0,0.0,0.0,1.0,0.0,0.0,1,1,1,1,1679,751,705,625,1167,1,308,556,1551,547,1,400,1168,1620,1,1:43
2024-25,1629675,Naz Reid,Naz,1610612750,MIN,Minnesota Timberwolves,0042400165,2025-04-30T00:00:00,MIN @ LAL,W,21.4,0.0,0.0,1.0,2.0,4.0,3.0,11.0,20.0,3.0,0.0,2.0,1.0,16.4,1,1,1,1,921,751,705,600,802,515,473,1399,832,17,1,763,773,901,1,21:26
2024-25,203500,Steven Adams,Steven,1610612745,HOU,Houston Rockets,0042400155,2025-04-30T00:00:00,HOU vs. GSW,W,17.2,0.0,0.0,0.0,0.0,6.0,4.0,4.0,18.0,0.0,0.0,2.0,0.0,8.7,1,1,1,1,1088,751,705,625,1167,735,578,665,918,547,1,763,1168,1228,1,17:09
2024-25,203497,Rudy Gobert,Rudy,1610612750,MIN,Minnesota Timberwolves,0042400165,2025-04-30T00:00:00,MIN @ LAL,W,38.6,5.0,9.0,2.0,24.0,11.0,7.0,7.0,30.0,2.0,1.0,4.0,7.0,61.8,1,1,1,1,216,107,9,325,4,1253,898,1055,431,59,1165,1412,53,23,1,38:35
2024-25,1627832,Fred VanVleet,Fred,1610612745,HOU,Houston Rockets,0042400155,2025-04-30T00:00:00,HOU vs. GSW,W,33.1,0.0,2.0,0.0,6.0,7.0,14.0,6.0,34.0,1.0,1.0,1.0,4.0,32.2,1,1,1,1,473,751,388,625,404,860,1513,944,299,170,1165,400,227,415,1,33:07
2024-25,201939,Stephen Curry,Stephen,1610612744,GSW,Golden State Warriors,0042400155,2025-04-30T00:00:00,GSW @ HOU,L,23.4,0.0,3.0,0.0,0.0,9.0,9.0,13.0,34.0,0.0,1.0,2.0,4.0,24.1,1,871,871,871,855,751,251,625,1167,1085,1128,1521,299,547,1165,763,227,613,1,23:26
2024-25,1629060,Rui Hachimura,Rui,1610612747,LAL,Los Angeles Lakers,0042400165,2025-04-30T00:00:00,LAL vs. MIN,L,39.4,2.0,5.0,2.0,8.0,12.0,20.0,10.0,44.0,1.0,1.0,2.0,0.0,29.8,1,871,871,871,183,423,90,325,265,1324,1691,1324,78,170,1165,763,1168,462,1,39:26
2024-25,1630296,Braxton Key,Braxton,1610612744,GSW,Golden State Warriors,0042400155,2025-04-30T00:00:00,GSW @ HOU,L,12.0,0.0,0.0,0.0,0.0,3.0,3.0,0.0,8.0,0.0,1.0,3.0,1.0,9.4,1,871,871,871,1281,751,705,625,1167,431,473,1,1322,547,1165,1145,773,1206,1,12:00
2024-25,1631106,Tari Eason,Tari,1610612745,HOU,Houston Rockets,0042400155,2025-04-30T00:00:00,HOU vs. GSW,W,19.3,0.0,0.0,0.0,6.0,12.0,8.0,4.0,24.0,0.0,0.0,4.0,0.0,13.5,1,1,1,1,1006,751,705,625,404,1324,1028,665,678,547,1,1412,1168,1036,1,19:16
2024-25,1630224,Jalen Green,Jalen,1610612745,HOU,Houston Rockets,0042400155,2025-04-30T00:00:00,HOU vs. GSW,W,27.8,0.0,0.0,0.0,2.0,7.0,16.0,8.0,32.0,0.0,1.0,0.0,4.0,23.6,1,1,1,1,693,751,705,625,802,860,1611,1162,375,547,1165,1,227,637,1,27:50
2024-25,202710,Jimmy Butler III,Jimmy,1610612744,GSW,Golden State Warriors,0042400155,2025-04-30T00:00:00,GSW @ HOU,L,25.4,3.0,5.0,0.0,4.0,6.0,6.0,10.0,36.0,0.0,1.0,2.0,6.0,23.0,1,871,871,871,794,271,90,625,582,735,804,1324,246,547,1165,763,92,657,1,25:21
2024-25,1627741,Buddy Hield,Buddy,1610612744,GSW,Golden State Warriors,0042400155,2025-04-30T00:00:00,GSW @ HOU,L,17.8,0.0,0.0,4.0,4.0,6.0,6.0,10.0,30.0,1.0,1.0,1.0,0.0,13.9,1,871,871,871,1066,751,705,124,582,735,804,1324,431,170,1165,400,1168,1018,1,17:50
2024-25,1628978,Donte DiVincenzo,Donte,1610612750,MIN,Minnesota Timberwolves,0042400165,2025-04-30T00:00:00,MIN @ LAL,W,32.2,3.0,2.0,0.0,2.0,8.0,5.0,11.0,28.0,0.0,0.0,3.0,2.0,24.3,1,1,1,1,523,271,388,625,802,978,701,1399,514,547,1,1145,505,611,1,32:12
2024-25,201144,Mike Conley,Mike,1610612750,MIN,Minnesota Timberwolves,0042400165,2025-04-30T00:00:00,MIN @ LAL,W,30.5,0.0,3.0,0.0,0.0,9.0,7.0,5.0,28.0,0.0,0.0,0.0,2.0,16.3,1,1,1,1,583,751,251,625,1167,1085,898,808,514,547,1,1,505,908,1,30:30
2024-25,1642366,Quinten Post,Quinten,1610612744,GSW,Golden State Warriors,0042400155,2025-04-30T00:00:00,GSW @ HOU,L,13.9,0.0,0.0,0.0,2.0,8.0,5.0,3.0,10.0,2.0,0.0,5.0,0.0,10.4,1,871,871,871,1207,751,705,625,802,978,701,556,1249,59,1,1609,1168,1156,1,13:55
2024-25,203110,Draymond Green,Draymond,1610612744,GSW,Golden State Warriors,0042400155,2025-04-30T00:00:00,GSW @ HOU,L,17.9,0.0,0.0,0.0,4.0,10.0,9.0,9.0,26.0,0.0,0.0,1.0,1.0,13.7,1,871,871,871,1057,751,705,625,582,1167,1128,1249,586,547,1,400,773,1024,1,17:54
2024-25,1628415,Dillon Brooks,Dillon,1610612745,HOU,Houston Rockets,0042400155,2025-04-30T00:00:00,HOU vs. GSW,W,29.0,4.0,2.0,2.0,8.0,5.0,14.0,6.0,32.0,0.0,0.0,3.0,4.0,27.2,1,1,1,1,653,171,388,325,265,633,1513,944,375,547,1,1145,227,536,1,28:59
2024-25,203944,Julius Randle,Julius,1610612750,MIN,Minnesota Timberwolves,0042400165,2025-04-30T00:00:00,MIN @ LAL,W,31.6,2.0,2.0,3.0,12.0,5.0,10.0,4.0,26.0,0.0,0.0,4.0,4.0,35.0,1,1,1,1,541,423,388,204,109,633,1221,665,586,547,1,1412,227,349,1,31:38
2024-25,1627827,Dorian Finney-Smith,Dorian,1610612747,LAL,Los Angeles Lakers,0042400165,2025-04-30T00:00:00,LAL vs. MIN,L,29.3,0.0,0.0,2.0,4.0,12.0,11.0,8.0,30.0,0.0,0.0,6.0,0.0,16.8,1,871,871,871,640,751,705,325,582,1324,1313,1162,431,547,1,1711,1168,884,1,29:20
2024-25,2544,LeBron James,LeBron,1610612747,LAL,Los Angeles Lakers,0042400165,2025-04-30T00:00:00,LAL vs. MIN,L,40.5,2.0,0.0,3.0,14.0,14.0,19.0,10.0,50.0,0.0,1.0,2.0,8.0,42.4,1,871,871,871,129,423,705,204,65,1443,1674,1324,26,547,1165,763,26,194,1,40:27
2024-25,1629020,Jarred Vanderbilt,Jarred,1610612747,LAL,Los Angeles Lakers,0042400165,2025-04-30T00:00:00,LAL vs. MIN,L,19.5,0.0,0.0,0.0,0.0,6.0,5.0,4.0,26.0,0.0,1.0,3.0,2.0,16.9,1,871,871,871,995,751,705,625,1167,735,701,665,586,547,1165,1145,505,882,1,19:29
2024-25,1628467,Maxi Kleber,Maxi,1610612747,LAL,Los Angeles Lakers,0042400165,2025-04-30T00:00:00,LAL vs. MIN,L,5.0,0.0,0.0,2.0,0.0,2.0,2.0,2.0,8.0,0.0,0.0,1.0,2.0,1.0,1,871,871,871,1514,751,705,325,1167,256,308,358,1322,547,1,400,505,1602,1,4:57
2024-25,1629638,Nickeil Alexander-Walker,Nickeil,1610612750,MIN,Minnesota Timberwolves,0042400165,2025-04-30T00:00:00,MIN @ LAL,W,24.8,2.0,0.0,0.0,2.0,4.0,3.0,6.0,18.0,0.0,0.0,3.0,2.0,15.7,1,1,1,1,811,423,705,625,802,515,473,944,918,547,1,1145,505,934,1,24:48
2024-25,1626172,Kevon Looney,Kevon,1610612744,GSW,Golden State Warriors,0042400155,2025-04-30T00:00:00,GSW @ HOU,L,10.9,0.0,0.0,0.0,2.0,2.0,0.0,4.0,18.0,0.0,0.0,3.0,0.0,5.6,1,871,871,871,1325,751,705,625,802,256,1,665,918,547,1,1145,1168,1354,1,10:56
2024-25,1630578,Alperen Sengun,Alperen,1610612745,HOU,Houston Rockets,0042400155,2025-04-30T00:00:00,HOU vs. GSW,W,30.8,0.0,3.0,0.0,10.0,7.0,12.0,6.0,28.0,2.0,1.0,6.0,4.0,50.3,1,1,1,1,569,751,251,625,175,860,1393,944,514,59,1165,1711,227,97,1,30:50
2024-25,1628988,Aaron Holiday,Aaron,1610612745,HOU,Houston Rockets,0042400155,2025-04-30T00:00:00,HOU vs. GSW,W,16.4,3.0,0.0,0.0,4.0,10.0,7.0,5.0,18.0,0.0,0.0,1.0,3.0,11.0,1,1,1,1,1110,271,705,625,582,1167,898,808,918,547,1,400,344,1130,1,16:24
2024-25,1642263,Reed Sheppard,Reed,1610612745,HOU,Houston Rockets,0042400155,2025-04-30T00:00:00,HOU vs. GSW,W,6.6,0.0,0.0,0.0,0.0,6.0,7.0,3.0,10.0,1.0,0.0,1.0,1.0,10.7,1,1,1,1,1460,751,705,625,1167,735,898,556,1249,170,1,400,773,1144,1,6:34
2024-25,1641708,Amen Thompson,Amen,1610612745,HOU,Houston Rockets,0042400155,2025-04-30T00:00:00,HOU vs. GSW,W,34.7,7.0,5.0,11.0,14.0,9.0,15.0,10.0,42.0,3.0,1.0,2.0,6.0,57.7,1,1,1,1,388,39,90,3,65,1085,1571,1324,114,17,1165,763,92,38,1,34:41
2024-25,1630532,Franz Wagner,Franz,1610612753,ORL,Orlando Magic,0042400115,2025-04-29T00:00:00,ORL @ BOS,L,40.3,4.0,5.0,4.0,14.0,15.0,3.0,11.0,40.0,0.0,1.0,5.0,3.0,38.8,1,871,871,871,138,171,90,124,65,1494,473,1399,162,547,1165,1609,344,263,1,40:16
2024-25,1641816,Hunter Tyson,Hunter,1610612743,DEN,Denver Nuggets,0042400175,2025-04-29T00:00:00,DEN vs. LAC,W,1.9,0.0,0.0,0.0,2.0,3.0,0.0,3.0,2.0,0.0,0.0,0.0,0.0,2.0,1,1,1,1,1668,751,705,625,802,431,1,556,1551,547,1,1,1168,1525,1,1:56
2024-25,1627759,Jaylen Brown,Jaylen,1610612738,BOS,Boston Celtics,0042400115,2025-04-29T00:00:00,BOS vs. ORL,W,31.6,3.0,0.0,9.0,12.0,6.0,13.0,7.0,26.0,0.0,1.0,3.0,4.0,32.7,1,1,1,1,543,271,705,12,109,735,1459,1055,586,547,1165,1145,227,403,1,31:36
2024-25,1627750,Jamal Murray,Jamal,1610612743,DEN,Denver Nuggets,0042400175,2025-04-29T00:00:00,DEN vs. LAC,W,40.0,6.0,0.0,10.0,12.0,4.0,13.0,10.0,58.0,1.0,0.0,2.0,3.0,70.5,1,1,1,1,153,67,705,7,109,515,1459,1324,4,170,1,763,344,8,1,40:02
2024-25,1641709,Ausar Thompson,Ausar,1610612765,DET,Detroit Pistons,0042400125,2025-04-29T00:00:00,DET @ NYK,W,28.9,4.0,4.0,4.0,16.0,6.0,9.0,2.0,26.0,2.0,0.0,5.0,8.0,36.4,1,1,1,1,659,171,147,124,34,735,1128,358,586,59,1,1609,26,314,1,28:55
2024-25,203501,Tim Hardaway Jr.,Tim,1610612765,DET,Detroit Pistons,0042400125,2025-04-29T00:00:00,DET @ NYK,W,33.9,0.0,3.0,3.0,2.0,17.0,13.0,9.0,34.0,0.0,1.0,2.0,3.0,17.0,1,1,1,1,426,751,251,204,802,1575,1459,1249,299,547,1165,763,344,876,1,33:57
2024-25,1629011,Mitchell Robinson,Mitchell,1610612752,NYK,New York Knicks,0042400125,2025-04-29T00:00:00,NYK vs. DET,L,22.8,3.0,9.0,2.0,10.0,8.0,5.0,4.0,14.0,2.0,0.0,5.0,4.0,36.2,1,871,871,871,873,271,9,325,175,978,701,665,1080,59,1,1609,227,322,1,22:50
2024-25,1630169,Tyrese Haliburton,Tyrese,1610612754,IND,Indiana Pacers,0042400135,2025-04-29T00:00:00,IND vs. MIL,W,42.0,7.0,3.0,0.0,14.0,12.0,9.0,11.0,30.0,3.0,1.0,3.0,5.0,62.5,1,1,1,1,90,39,251,625,65,1324,1128,1399,431,17,1165,1145,143,20,1,42:03
2024-25,1630202,Payton Pritchard,Payton,1610612738,BOS,Boston Celtics,0042400115,2025-04-29T00:00:00,BOS vs. ORL,W,25.0,2.0,3.0,2.0,4.0,5.0,7.0,5.0,18.0,0.0,1.0,2.0,0.0,13.1,1,1,1,1,806,423,251,325,582,633,898,808,918,547,1165,763,1168,1043,1,25:01
2024-25,1628976,Wendell Carter Jr.,Wendell,1610612753,ORL,Orlando Magic,0042400115,2025-04-29T00:00:00,ORL @ BOS,L,34.5,2.0,3.0,2.0,10.0,14.0,3.0,11.0,34.0,0.0,1.0,1.0,4.0,31.5,1,871,871,871,400,423,251,325,175,1443,473,1399,299,547,1165,400,227,428,1,34:28
2024-25,1641842,Ronald Holland II,Ronald,1610612765,DET,Detroit Pistons,0042400125,2025-04-29T00:00:00,DET @ NYK,W,4.3,2.0,0.0,0.0,0.0,5.0,3.0,4.0,6.0,0.0,1.0,2.0,2.0,2.2,1,1,1,1,1543,423,705,625,1167,633,473,665,1404,547,1165,763,505,1518,1,4:19
2024-25,203914,Gary Harris,Gary,1610612753,ORL,Orlando Magic,0042400115,2025-04-29T00:00:00,ORL @ BOS,L,15.1,0.0,0.0,0.0,0.0,9.0,3.0,0.0,16.0,0.0,0.0,0.0,0.0,5.7,1,871,871,871,1159,751,705,625,1167,1085,473,1,991,547,1,1,1168,1348,1,15:08
2024-25,1629008,Michael Porter Jr.,Michael,1610612743,DEN,Denver Nuggets,0042400175,2025-04-29T00:00:00,DEN vs. LAC,W,37.2,0.0,0.0,3.0,4.0,3.0,7.0,14.0,46.0,1.0,1.0,4.0,2.0,20.9,1,1,1,1,268,751,705,204,582,431,898,1578,52,170,1165,1412,505,734,1,37:14
2024-25,1628371,Jonathan Isaac,Jonathan,1610612753,ORL,Orlando Magic,0042400115,2025-04-29T00:00:00,ORL @ BOS,L,14.0,0.0,0.0,0.0,4.0,6.0,0.0,2.0,14.0,0.0,0.0,1.0,2.0,5.7,1,871,871,871,1204,751,705,625,582,735,1,358,1080,547,1,400,505,1348,1,14:02
2024-25,1631248,Baylor Scheierman,Baylor,1610612738,BOS,Boston Celtics,0042400115,2025-04-29T00:00:00,BOS vs. ORL,W,3.8,0.0,0.0,0.0,0.0,1.0,0.0,1.0,2.0,0.0,0.0,1.0,0.0,4.2,1,1,1,1,1554,751,705,625,1167,214,1,324,1551,547,1,400,1168,1432,1,3:49
2024-25,1626171,Bobby Portis,Bobby,1610612749,MIL,Milwaukee Bucks,0042400135,2025-04-29T00:00:00,MIL @ IND,L,44.0,5.0,2.0,0.0,8.0,14.0,14.0,14.0,40.0,0.0,1.0,3.0,1.0,31.0,1,871,871,871,36,107,388,625,265,1443,1513,1578,162,547,1165,1145,773,438,1,44:00
2024-25,1630540,Miles McBride,Miles,1610612752,NYK,New York Knicks,0042400125,2025-04-29T00:00:00,NYK vs. DET,L,22.1,0.0,0.0,2.0,4.0,8.0,7.0,2.0,16.0,0.0,0.0,1.0,1.0,10.9,1,871,871,871,899,751,705,325,582,978,898,358,991,547,1,400,773,1137,1,22:06
2024-25,1641767,Ben Sheppard,Ben,1610612754,IND,Indiana Pacers,0042400135,2025-04-29T00:00:00,IND vs. MIL,W,6.3,0.0,0.0,0.0,0.0,2.0,0.0,3.0,4.0,0.0,0.0,0.0,0.0,1.2,1,1,1,1,1468,751,705,625,1167,256,1,556,1472,547,1,1,1168,1559,1,6:21
2024-25,1631124,Julian Strawther,Julian,1610612743,DEN,Denver Nuggets,0042400175,2025-04-29T00:00:00,DEN vs. LAC,W,1.9,0.0,0.0,0.0,0.0,3.0,0.0,3.0,2.0,0.0,0.0,0.0,0.0,0.0,1,1,1,1,1668,751,705,625,1167,431,1,556,1551,547,1,1,1168,1620,1,1:56
2024-25,1628470,Torrey Craig,Torrey,1610612738,BOS,Boston Celtics,0042400115,2025-04-29T00:00:00,BOS vs. ORL,W,4.4,0.0,0.0,0.0,0.0,1.0,0.0,1.0,2.0,0.0,0.0,0.0,0.0,2.0,1,1,1,1,1536,751,705,625,1167,214,1,324,1551,547,1,1,1168,1525,1,4:22
2024-25,1626167,Myles Turner,Myles,1610612754,IND,Indiana Pacers,0042400135,2025-04-29T00:00:00,IND vs. MIL,W,42.9,0.0,3.0,2.0,4.0,14.0,7.0,13.0,32.0,0.0,1.0,2.0,7.0,30.8,1,1,1,1,56,751,251,325,582,1443,898,1521,375,547,1165,763,53,441,1,42:55
2024-25,1642353,Cam Christie,Cam,1610612746,LAC,LA Clippers,0042400175,2025-04-29T00:00:00,LAC @ DEN,L,2.6,0.0,0.0,0.0,0.0,0.0,0.0,3.0,2.0,0.0,0.0,0.0,0.0,3.0,1,871,871,871,1616,751,705,625,1167,1,1,556,1551,547,1,1,1168,1484,1,2:35
2024-25,1631128,Christian Braun,Christian,1610612743,DEN,Denver Nuggets,0042400175,2025-04-29T00:00:00,DEN vs. LAC,W,36.6,0.0,0.0,3.0,6.0,7.0,9.0,18.0,40.0,0.0,2.0,4.0,1.0,35.9,1,1,1,1,300,751,705,204,404,860,1128,1682,162,547,1564,1412,773,331,1,36:34
2024-25,1641738,Kobe Brown,Kobe,1610612746,LAC,LA Clippers,0042400175,2025-04-29T00:00:00,LAC @ DEN,L,2.6,0.0,0.0,0.0,0.0,0.0,0.0,3.0,2.0,0.0,0.0,0.0,0.0,3.0,1,871,871,871,1616,751,705,625,1167,1,1,556,1551,547,1,1,1168,1484,1,2:35
2024-25,1641724,Jett Howard,Jett,1610612753,ORL,Orlando Magic,0042400115,2025-04-29T00:00:00,ORL @ BOS,L,3.8,0.0,0.0,0.0,0.0,0.0,0.0,0.0,4.0,0.0,0.0,1.0,0.0,6.0,1,871,871,871,1554,751,705,625,1167,1,1,1,1472,547,1,400,1168,1337,1,3:49
2024-25,1628418,Thomas Bryant,Thomas,1610612754,IND,Indiana Pacers,0042400135,2025-04-29T00:00:00,IND vs. MIL,W,0.0,0.0,0.0,0.0,0.0,0.0,0.0,0.0,0.0,0.0,0.0,0.0,0.0,0.0,1,1,1,1,1732,751,705,625,1167,1,1,1,1643,547,1,1,1168,1620,1,0:01
2024-25,1628427,Vlatko Čančar,Vlatko,1610612743,DEN,Denver Nuggets,0042400175,2025-04-29T00:00:00,DEN vs. LAC,W,1.9,0.0,0.0,0.0,0.0,3.0,0.0,3.0,2.0,0.0,0.0,0.0,0.0,0.0,1,1,1,1,1668,751,705,625,1167,431,1,556,1551,547,1,1,1168,1620,1,1:56
2024-25,1631094,Paolo Banchero,Paolo,1610612753,ORL,Orlando Magic,0042400115,2025-04-29T00:00:00,ORL @ BOS,L,29.8,0.0,4.0,3.0,6.0,9.0,3.0,9.0,34.0,0.0,1.0,5.0,5.0,35.8,1,871,871,871,610,751,147,204,404,1085,473,1249,299,547,1165,1609,143,336,1,29:47
2024-25,203471,Dennis Schröder,Dennis,1610612765,DET,Detroit Pistons,0042400125,2025-04-29T00:00:00,DET @ NYK,W,22.4,0.0,2.0,0.0,6.0,10.0,15.0,11.0,30.0,0.0,1.0,3.0,1.0,19.5,1,1,1,1,890,751,388,625,404,1167,1571,1399,431,547,1165,1145,773,782,1,22:23
2024-25,203507,Giannis Antetokounmpo,Giannis,1610612749,MIL,Milwaukee Bucks,0042400135,2025-04-29T00:00:00,MIL @ IND,L,44.2,5.0,1.0,6.0,14.0,14.0,14.0,12.0,40.0,2.0,0.0,5.0,13.0,78.5,1,871,871,871,27,107,671,43,65,1443,1513,1472,162,59,1,1609,2,4,1,44:14
2024-25,1631212,Peyton Watson,Peyton,1610612743,DEN,Denver Nuggets,0042400175,2025-04-29T00:00:00,DEN vs. LAC,W,8.5,0.0,0.0,0.0,2.0,0.0,2.0,2.0,10.0,1.0,0.0,1.0,0.0,11.9,1,1,1,1,1396,751,705,625,802,1,308,358,1249,170,1,400,1168,1080,1,8:29
2024-25,201566,Russell Westbrook,Russell,1610612743,DEN,Denver Nuggets,0042400175,2025-04-29T00:00:00,DEN vs. LAC,W,25.3,3.0,3.0,3.0,4.0,7.0,10.0,12.0,36.0,0.0,0.0,3.0,2.0,19.7,1,1,1,1,796,271,251,204,582,860,1221,1472,246,547,1,1145,505,772,1,25:19
2024-25,1631120,JD Davison,JD,1610612738,BOS,Boston Celtics,0042400115,2025-04-29T00:00:00,BOS vs. ORL,W,3.8,0.0,0.0,0.0,0.0,1.0,0.0,1.0,2.0,0.0,0.0,0.0,1.0,5.4,1,1,1,1,1554,751,705,625,1167,214,1,324,1551,547,1,1,773,1360,1,3:49
2024-25,1641783,Tristan da Silva,Tristan,1610612753,ORL,Orlando Magic,0042400115,2025-04-29T00:00:00,ORL @ BOS,L,3.8,0.0,0.0,0.0,0.0,0.0,0.0,0.0,4.0,0.0,0.0,0.0,0.0,4.1,1,871,871,871,1554,751,705,625,1167,1,1,1,1472,547,1,1,1168,1448,1,3:49
2024-25,1629645,Kevin Porter Jr.,Kevin,1610612749,MIL,Milwaukee Bucks,0042400135,2025-04-29T00:00:00,MIL @ IND,L,46.6,0.0,3.0,0.0,6.0,17.0,14.0,18.0,44.0,0.0,0.0,4.0,1.0,25.1,1,871,871,871,6,751,251,625,404,1575,1513,1682,78,547,1,1412,773,588,1,46:34
2024-25,1630573,Sam Hauser,Sam,1610612738,BOS,Boston Celtics,0042400115,2025-04-29T00:00:00,BOS vs. ORL,W,20.3,4.0,0.0,0.0,2.0,5.0,3.0,5.0,16.0,0.0,0.0,0.0,0.0,11.4,1,1,1,1,970,171,705,625,802,633,473,808,991,547,1,1,1168,1109,1,20:16
2024-25,204456,T.J. McConnell,T.J.,1610612754,IND,Indiana Pacers,0042400135,2025-04-29T00:00:00,IND vs. MIL,W,17.0,4.0,0.0,4.0,10.0,8.0,5.0,9.0,12.0,0.0,0.0,0.0,2.0,25.1,1,1,1,1,1094,171,705,124,175,978,701,1249,1167,547,1,1,505,588,1,17:01
2024-25,1628401,Derrick White,Derrick,1610612738,BOS,Boston Celtics,0042400115,2025-04-29T00:00:00,BOS vs. ORL,W,31.0,0.0,0.0,0.0,4.0,6.0,13.0,7.0,28.0,0.0,0.0,3.0,2.0,19.3,1,1,1,1,565,751,705,625,582,735,1459,1055,514,547,1,1145,505,791,1,30:57
2024-25,1628398,Kyle Kuzma,Kyle,1610612749,MIL,Milwaukee Bucks,0042400135,2025-04-29T00:00:00,MIL @ IND,L,12.8,2.0,0.0,3.0,0.0,7.0,0.0,6.0,14.0,0.0,0.0,2.0,0.0,10.0,1,871,871,871,1256,423,705,204,1167,860,1,944,1080,547,1,763,1168,1181,1,12:45
2024-25,1630175,Cole Anthony,Cole,1610612753,ORL,Orlando Magic,0042400115,2025-04-29T00:00:00,ORL @ BOS,L,18.8,1.0,0.0,1.0,0.0,11.0,0.0,2.0,20.0,1.0,0.0,3.0,3.0,10.1,1,871,871,871,1029,722,705,600,1167,1253,1,358,832,170,1,1145,344,1172,1,18:47
2024-25,1641757,Jordan Miller,Jordan,1610612746,LAC,LA Clippers,0042400175,2025-04-29T00:00:00,LAC @ DEN,L,2.6,0.0,0.0,0.0,2.0,0.0,0.0,3.0,2.0,0.0,2.0,0.0,0.0,2.0,1,871,871,871,1616,751,705,625,802,1,1,556,1551,547,1564,1,1168,1525,1,2:35
2024-25,1630174,Aaron Nesmith,Aaron,1610612754,IND,Indiana Pacers,0042400135,2025-04-29T00:00:00,IND vs. MIL,W,40.6,4.0,4.0,4.0,8.0,10.0,4.0,9.0,30.0,0.0,0.0,5.0,0.0,37.9,1,1,1,1,125,171,147,124,265,1167,578,1249,431,547,1,1609,1168,281,1,40:36
2024-25,1626157,Karl-Anthony Towns,Karl-Anthony,1610612752,NYK,New York Knicks,0042400125,2025-04-29T00:00:00,NYK vs. DET,L,34.6,3.0,5.0,0.0,6.0,6.0,15.0,10.0,42.0,2.0,2.0,5.0,4.0,37.7,1,871,871,871,391,271,90,625,404,735,1571,1324,114,59,1564,1609,227,284,1,34:33
2024-25,1629674,Neemias Queta,Neemias,1610612738,BOS,Boston Celtics,0042400115,2025-04-29T00:00:00,BOS vs. ORL,W,3.8,0.0,0.0,0.0,4.0,1.0,0.0,1.0,2.0,0.0,0.0,0.0,0.0,5.5,1,1,1,1,1554,751,705,625,582,214,1,324,1551,547,1,1,1168,1358,1,3:49
2024-25,1627736,Malik Beasley,Malik,1610612765,DET,Detroit Pistons,0042400125,2025-04-29T00:00:00,DET @ NYK,W,25.7,2.0,3.0,2.0,4.0,16.0,17.0,11.0,36.0,0.0,0.0,0.0,0.0,10.2,1,1,1,1,776,423,251,325,582,1539,1635,1399,246,547,1,1,1168,1167,1,25:43
2024-25,1627732,Ben Simmons,Ben,1610612746,LAC,LA Clippers,0042400175,2025-04-29T00:00:00,LAC @ DEN,L,4.7,0.0,0.0,0.0,0.0,2.0,0.0,0.0,6.0,1.0,0.0,0.0,0.0,4.2,1,871,871,871,1521,751,705,625,1167,256,1,1,1404,170,1,1,1168,1432,1,4:42
2024-25,1628436,Luke Kornet,Luke,1610612738,BOS,Boston Celtics,0042400115,2025-04-29T00:00:00,BOS vs. ORL,W,23.0,0.0,0.0,0.0,6.0,7.0,3.0,10.0,12.0,1.0,0.0,2.0,3.0,21.8,1,1,1,1,868,751,705,625,404,860,473,1324,1167,170,1,763,344,699,1,23:00
2024-25,1628384,OG Anunoby,OG,1610612752,NYK,New York Knicks,0042400125,2025-04-29T00:00:00,NYK vs. DET,L,38.9,0.0,0.0,0.0,8.0,10.0,16.0,14.0,42.0,3.0,2.0,4.0,0.0,37.1,1,871,871,871,206,751,705,625,265,1167,1611,1578,114,17,1564,1412,1168,297,1,38:56
2024-25,1641775,Jordan Walsh,Jordan,1610612738,BOS,Boston Celtics,0042400115,2025-04-29T00:00:00,BOS vs. ORL,W,3.8,0.0,0.0,0.0,0.0,1.0,0.0,1.0,2.0,0.0,0.0,0.0,0.0,1.5,1,1,1,1,1554,751,705,625,1167,214,1,324,1551,547,1,1,1168,1549,1,3:49
2024-25,1630194,Paul Reed,Paul,1610612765,DET,Detroit Pistons,0042400125,2025-04-29T00:00:00,DET @ NYK,W,11.2,0.0,0.0,0.0,0.0,8.0,3.0,6.0,16.0,0.0,0.0,1.0,0.0,11.2,1,1,1,1,1312,751,705,625,1167,978,473,944,991,547,1,400,1168,1123,1,11:14
2024-25,201572,Brook Lopez,Brook,1610612749,MIL,Milwaukee Bucks,0042400135,2025-04-29T00:00:00,MIL @ IND,L,7.8,0.0,0.0,0.0,0.0,6.0,0.0,4.0,8.0,0.0,0.0,0.0,1.0,2.0,1,871,871,871,1411,751,705,625,1167,735,1,665,1322,547,1,1,773,1525,1,7:48
2024-25,1628973,Jalen Brunson,Jalen,1610612752,NYK,New York Knicks,0042400125,2025-04-29T00:00:00,NYK vs. DET,L,36.2,3.0,5.0,0.0,4.0,10.0,14.0,14.0,34.0,0.0,2.0,4.0,11.0,26.1,1,871,871,871,323,271,90,625,582,1167,1513,1578,299,547,1564,1412,7,559,1,36:09
2024-25,201599,DeAndre Jordan,DeAndre,1610612743,DEN,Denver Nuggets,0042400175,2025-04-29T00:00:00,DEN vs. LAC,W,9.5,0.0,0.0,0.0,0.0,0.0,4.0,0.0,20.0,1.0,0.0,2.0,0.0,8.4,1,1,1,1,1369,751,705,625,1167,1,578,1,832,170,1,763,1168,1243,1,9:30
2024-25,1626181,Norman Powell,Norman,1610612746,LAC,LA Clippers,0042400175,2025-04-29T00:00:00,LAC @ DEN,L,31.8,2.0,0.0,2.0,8.0,8.0,9.0,8.0,34.0,0.0,0.0,2.0,2.0,20.3,1,871,871,871,535,423,705,325,265,978,1128,1162,299,547,1,763,505,751,1,31:47
2024-25,1627884,Derrick Jones Jr.,Derrick,1610612746,LAC,LA Clippers,0042400175,2025-04-29T00:00:00,LAC @ DEN,L,14.1,0.0,2.0,0.0,4.0,5.0,3.0,6.0,10.0,0.0,0.0,0.0,1.0,8.2,1,871,871,871,1202,751,388,625,582,633,473,944,1249,547,1,1,773,1249,1,14:06
2024-25,1627752,Taurean Prince,Taurean,1610612749,MIL,Milwaukee Bucks,0042400135,2025-04-29T00:00:00,MIL @ IND,L,4.2,0.0,0.0,0.0,0.0,2.0,0.0,0.0,6.0,1.0,0.0,0.0,0.0,3.2,1,871,871,871,1544,751,705,625,1167,256,1,1,1404,170,1,1,1168,1470,1,4:14
2024-25,1631097,Bennedict Mathurin,Bennedict,1610612754,IND,Indiana Pacers,0042400135,2025-04-29T00:00:00,IND vs. MIL,W,16.0,1.0,2.0,0.0,4.0,8.0,5.0,9.0,10.0,0.0,0.0,2.0,3.0,14.9,1,1,1,1,1127,722,388,625,582,978,701,1249,1249,547,1,763,344,969,1,15:57
2024-25,1628404,Josh Hart,Josh,1610612752,NYK,New York Knicks,0042400125,2025-04-29T00:00:00,NYK vs. DET,L,35.7,5.0,0.0,6.0,12.0,10.0,14.0,14.0,34.0,2.0,2.0,4.0,2.0,41.4,1,871,871,871,346,107,705,43,109,1167,1513,1578,299,59,1564,1412,505,210,1,35:44
2024-25,1627783,Pascal Siakam,Pascal,1610612754,IND,Indiana Pacers,0042400135,2025-04-29T00:00:00,IND vs. MIL,W,41.2,0.0,2.0,0.0,8.0,12.0,6.0,7.0,26.0,0.0,1.0,5.0,2.0,14.3,1,1,1,1,107,751,388,625,265,1324,804,1055,586,547,1165,1609,505,993,1,41:12
2024-25,1629234,Drew Eubanks,Drew,1610612746,LAC,LA Clippers,0042400175,2025-04-29T00:00:00,LAC @ DEN,L,2.6,0.0,0.0,0.0,0.0,0.0,0.0,3.0,2.0,0.0,0.0,1.0,0.0,1.2,1,871,871,871,1616,751,705,625,1167,1,1,556,1551,547,1,400,1168,1559,1,2:35
2024-25,1630167,Obi Toppin,Obi,1610612754,IND,Indiana Pacers,0042400135,2025-04-29T00:00:00,IND vs. MIL,W,11.1,2.0,0.0,2.0,0.0,4.0,2.0,5.0,6.0,0.0,0.0,1.0,2.0,8.7,1,1,1,1,1323,423,705,325,1167,515,308,808,1404,547,1,400,505,1228,1,11:03
2024-25,1626166,Cameron Payne,Cameron,1610612752,NYK,New York Knicks,0042400125,2025-04-29T00:00:00,NYK vs. DET,L,11.8,2.0,0.0,0.0,0.0,2.0,4.0,0.0,14.0,0.0,0.0,1.0,1.0,4.7,1,871,871,871,1296,423,705,625,1167,256,578,1,1080,547,1,400,773,1399,1,11:51
2024-25,1630579,Jericho Sims,Jericho,1610612749,MIL,Milwaukee Bucks,0042400135,2025-04-29T00:00:00,MIL @ IND,L,11.2,0.0,2.0,0.0,4.0,6.0,0.0,6.0,12.0,0.0,0.0,1.0,0.0,8.0,1,871,871,871,1313,751,388,625,582,735,1,944,1167,547,1,400,1168,1260,1,11:14
2024-25,1631105,Jalen Duren,Jalen,1610612765,DET,Detroit Pistons,0042400125,2025-04-29T00:00:00,DET @ NYK,W,32.7,0.0,4.0,0.0,8.0,11.0,11.0,7.0,30.0,2.0,2.0,4.0,2.0,39.8,1,1,1,1,498,751,147,625,265,1253,1313,1055,431,59,1564,1412,505,235,1,32:40
2024-25,1629618,Jalen Pickett,Jalen,1610612743,DEN,Denver Nuggets,0042400175,2025-04-29T00:00:00,DEN vs. LAC,W,1.9,0.0,0.0,0.0,0.0,3.0,0.0,3.0,2.0,0.0,0.0,0.0,0.0,-1.0,1,1,1,1,1668,751,705,625,1167,431,1,556,1551,547,1,1,1168,1717,1,1:56
2024-25,1631260,AJ Green,AJ,1610612749,MIL,Milwaukee Bucks,0042400135,2025-04-29T00:00:00,MIL @ IND,L,46.2,0.0,0.0,0.0,0.0,16.0,14.0,14.0,40.0,1.0,0.0,4.0,1.0,28.3,1,871,871,871,10,751,705,625,1167,1539,1513,1578,162,170,1,1412,773,513,1,46:11
2024-25,1630595,Cade Cunningham,Cade,1610612765,DET,Detroit Pistons,0042400125,2025-04-29T00:00:00,DET @ NYK,W,37.3,2.0,0.0,2.0,8.0,9.0,10.0,6.0,38.0,1.0,5.0,4.0,9.0,49.6,1,1,1,1,265,423,705,325,265,1085,1221,944,202,170,1728,1412,16,102,1,37:20
2024-25,1641716,Jarace Walker,Jarace,1610612754,IND,Indiana Pacers,0042400135,2025-04-29T00:00:00,IND vs. MIL,W,10.8,0.0,0.0,0.0,0.0,2.0,3.0,7.0,12.0,0.0,0.0,1.0,0.0,1.4,1,1,1,1,1329,751,705,625,1167,256,473,1055,1167,547,1,400,1168,1555,1,10:50
2024-25,1628969,Mikal Bridges,Mikal,1610612752,NYK,New York Knicks,0042400125,2025-04-29T00:00:00,NYK vs. DET,L,37.8,3.0,0.0,3.0,8.0,6.0,15.0,12.0,44.0,1.0,1.0,3.0,1.0,28.2,1,871,871,871,242,271,705,204,265,735,1571,1472,78,170,1165,1145,773,516,1,37:51
2024-25,202695,Kawhi Leonard,Kawhi,1610612746,LAC,LA Clippers,0042400175,2025-04-29T00:00:00,LAC @ DEN,L,37.3,0.0,6.0,4.0,12.0,6.0,12.0,13.0,38.0,2.0,1.0,2.0,7.0,55.3,1,871,871,871,263,751,50,124,109,735,1393,1521,202,59,1165,763,53,62,1,37:21
2024-25,203484,Kentavious Caldwell-Pope,Kentavious,1610612753,ORL,Orlando Magic,0042400115,2025-04-29T00:00:00,ORL @ BOS,L,29.8,5.0,2.0,3.0,0.0,13.0,0.0,11.0,32.0,0.0,0.0,0.0,0.0,15.1,1,871,871,871,611,107,388,204,1167,1382,1,1399,375,547,1,1,1168,957,1,29:46
2024-25,201587,Nicolas Batum,Nicolas,1610612746,LAC,LA Clippers,0042400175,2025-04-29T00:00:00,LAC @ DEN,L,21.4,0.0,0.0,0.0,0.0,5.0,9.0,8.0,20.0,2.0,0.0,2.0,0.0,15.2,1,871,871,871,925,751,705,625,1167,633,1128,1162,832,59,1,763,1168,955,1,21:22
2024-25,204001,Kristaps Porziņģis,Kristaps,1610612738,BOS,Boston Celtics,0042400115,2025-04-29T00:00:00,BOS vs. ORL,W,21.0,2.0,0.0,0.0,6.0,4.0,8.0,2.0,18.0,1.0,0.0,3.0,4.0,18.9,1,1,1,1,939,423,705,625,404,515,1028,358,918,170,1,1145,227,803,1,21:02
2024-25,202699,Tobias Harris,Tobias,1610612765,DET,Detroit Pistons,0042400125,2025-04-29T00:00:00,DET @ NYK,W,43.5,2.0,2.0,3.0,4.0,13.0,14.0,9.0,44.0,4.0,0.0,3.0,2.0,46.6,1,1,1,1,45,423,388,204,582,1382,1513,1249,78,7,1,1145,505,139,1,43:29
2024-25,203999,Nikola Jokić,Nikola,1610612743,DEN,Denver Nuggets,0042400175,2025-04-29T00:00:00,DEN vs. LAC,W,36.6,2.0,3.0,0.0,6.0,7.0,9.0,18.0,40.0,2.0,3.0,1.0,5.0,50.0,1,1,1,1,300,423,251,625,404,860,1128,1682,162,59,1689,400,143,100,1,36:34
2024-25,1629018,Gary Trent Jr.,Gary,1610612749,MIL,Milwaukee Bucks,0042400135,2025-04-29T00:00:00,MIL @ IND,L,48.0,4.0,1.0,7.0,6.0,18.0,14.0,16.0,46.0,0.0,3.0,4.0,2.0,55.0,1,871,871,871,2,171,671,33,404,1602,1513,1654,52,547,1689,1412,505,64,1,48:00
2024-25,1628369,Jayson Tatum,Jayson,1610612738,BOS,Boston Celtics,0042400115,2025-04-29T00:00:00,BOS vs. ORL,W,34.4,9.0,0.0,0.0,10.0,11.0,14.0,12.0,24.0,0.0,0.0,2.0,6.0,60.6,1,1,1,1,404,18,705,625,175,1253,1513,1472,678,547,1,763,92,28,1,34:24
2024-25,1627739,Kris Dunn,Kris,1610612746,LAC,LA Clippers,0042400175,2025-04-29T00:00:00,LAC @ DEN,L,25.1,3.0,0.0,8.0,6.0,6.0,9.0,8.0,24.0,1.0,0.0,3.0,0.0,27.0,1,871,871,871,805,271,705,18,404,735,1128,1162,678,170,1,1145,1168,542,1,25:04
2024-25,203992,Bogdan Bogdanović,Bogdan,1610612746,LAC,LA Clippers,0042400175,2025-04-29T00:00:00,LAC @ DEN,L,23.4,3.0,0.0,3.0,2.0,3.0,6.0,11.0,18.0,0.0,1.0,5.0,2.0,27.1,1,871,871,871,857,271,705,204,802,431,804,1399,918,547,1165,1609,505,540,1,23:23
2024-25,1629048,Goga Bitadze,Goga,1610612753,ORL,Orlando Magic,0042400115,2025-04-29T00:00:00,ORL @ BOS,L,2.4,0.0,0.0,0.0,0.0,4.0,0.0,0.0,2.0,0.0,0.0,2.0,0.0,0.0,1,871,871,871,1638,751,705,625,1167,515,1,1,1551,547,1,763,1168,1620,1,2:23
2024-25,1630192,Zeke Nnaji,Zeke,1610612743,DEN,Denver Nuggets,0042400175,2025-04-29T00:00:00,DEN vs. LAC,W,1.9,0.0,0.0,0.0,0.0,3.0,0.0,3.0,2.0,1.0,0.0,0.0,1.0,5.0,1,1,1,1,1668,751,705,625,1167,431,1,556,1551,170,1,1,773,1384,1,1:56
2024-25,201143,Al Horford,Al,1610612738,BOS,Boston Celtics,0042400115,2025-04-29T00:00:00,BOS vs. ORL,W,34.1,0.0,0.0,0.0,0.0,11.0,14.0,12.0,28.0,1.0,0.0,2.0,0.0,27.2,1,1,1,1,417,751,705,625,1167,1253,1513,1472,514,170,1,763,1168,536,1,34:06
2024-25,1627826,Ivica Zubac,Ivica,1610612746,LAC,LA Clippers,0042400175,2025-04-29T00:00:00,LAC @ DEN,L,36.8,2.0,5.0,2.0,22.0,9.0,15.0,16.0,36.0,2.0,1.0,2.0,4.0,39.5,1,871,871,871,291,423,90,325,10,1085,1571,1654,246,59,1165,763,227,244,1,36:50
2024-25,202709,Cory Joseph,Cory,1610612753,ORL,Orlando Magic,0042400115,2025-04-29T00:00:00,ORL @ BOS,L,20.3,0.0,0.0,0.0,0.0,7.0,0.0,6.0,20.0,1.0,0.0,1.0,0.0,15.9,1,871,871,871,967,751,705,625,1167,860,1,944,832,170,1,400,1168,921,1,20:20
2024-25,201935,James Harden,James,1610612746,LAC,LA Clippers,0042400175,2025-04-29T00:00:00,LAC @ DEN,L,35.1,0.0,0.0,2.0,6.0,11.0,12.0,13.0,36.0,0.0,2.0,4.0,5.0,30.1,1,871,871,871,368,751,705,325,404,1253,1393,1521,246,547,1564,1412,143,457,1,35:07
2024-25,1631216,Caleb Houstan,Caleb,1610612753,ORL,Orlando Magic,0042400115,2025-04-29T00:00:00,ORL @ BOS,L,6.9,0.0,0.0,0.0,0.0,5.0,0.0,0.0,4.0,0.0,0.0,0.0,0.0,-1.0,1,871,871,871,1446,751,705,625,1167,633,1,1,1472,547,1,1,1168,1717,1,6:53
2024-25,203932,Aaron Gordon,Aaron,1610612743,DEN,Denver Nuggets,0042400175,2025-04-29T00:00:00,DEN vs. LAC,W,36.6,0.0,9.0,0.0,10.0,7.0,11.0,16.0,50.0,0.0,2.0,4.0,7.0,29.8,1,1,1,1,299,751,9,625,175,860,1313,1654,26,547,1564,1412,53,462,1,36:38
2024-25,1629614,Andrew Nembhard,Andrew,1610612754,IND,Indiana Pacers,0042400135,2025-04-29T00:00:00,IND vs. MIL,W,37.0,2.0,0.0,6.0,2.0,8.0,4.0,7.0,28.0,1.0,1.0,0.0,2.0,42.2,1,1,1,1,280,423,705,43,802,978,578,1055,514,170,1165,1,505,198,1,37:02
2024-25,1641710,Anthony Black,Anthony,1610612753,ORL,Orlando Magic,0042400115,2025-04-29T00:00:00,ORL @ BOS,L,20.6,0.0,1.0,0.0,2.0,7.0,3.0,3.0,16.0,0.0,0.0,1.0,1.0,20.6,1,871,871,871,962,751,671,625,802,860,473,556,991,547,1,400,773,740,1,20:33
2024-25,1642276,Kel'el Ware,Kel'el,1610612748,MIA,Miami Heat,0042400104,2025-04-28T00:00:00,MIA vs. CLE,L,15.3,0.0,0.0,0.0,2.0,12.0,10.0,6.0,16.0,0.0,1.0,0.0,0.0,10.4,1,871,871,871,1153,751,705,625,802,1324,1221,944,991,547,1165,1,1168,1156,1,15:19
2024-25,1631170,Jaime Jaquez Jr.,Jaime,1610612748,MIA,Miami Heat,0042400104,2025-04-28T00:00:00,MIA vs. CLE,L,12.6,0.0,2.0,0.0,2.0,7.0,5.0,4.0,12.0,0.0,1.0,1.0,2.0,10.3,1,871,871,871,1263,751,388,625,802,860,701,665,1167,547,1165,400,505,1166,1,12:36
2024-25,1630596,Evan Mobley,Evan,1610612739,CLE,Cleveland Cavaliers,0042400104,2025-04-28T00:00:00,CLE @ MIA,W,23.0,3.0,0.0,3.0,8.0,2.0,7.0,10.0,16.0,2.0,0.0,0.0,3.0,35.9,1,1,1,1,870,271,705,204,265,256,898,1324,991,59,1,1,344,331,1,22:58
2024-25,1629639,Tyler Herro,Tyler,1610612748,MIA,Miami Heat,0042400104,2025-04-28T00:00:00,MIA vs. CLE,L,30.5,0.0,0.0,3.0,0.0,18.0,12.0,13.0,30.0,0.0,1.0,3.0,1.0,5.7,1,871,871,871,581,751,705,204,1167,1602,1393,1521,431,547,1165,1145,773,1348,1,30:31
2024-25,1629750,Javonte Green,Javonte,1610612739,CLE,Cleveland Cavaliers,0042400104,2025-04-28T00:00:00,CLE @ MIA,W,12.1,4.0,0.0,4.0,4.0,0.0,9.0,2.0,10.0,0.0,0.0,1.0,2.0,19.6,1,1,1,1,1276,171,705,124,582,1,1128,358,1249,547,1,400,505,776,1,12:08
2024-25,1629631,De'Andre Hunter,De'Andre,1610612739,CLE,Cleveland Cavaliers,0042400104,2025-04-28T00:00:00,CLE @ MIA,W,21.0,3.0,2.0,0.0,4.0,2.0,7.0,0.0,24.0,0.0,0.0,2.0,4.0,23.7,1,1,1,1,945,271,388,625,582,256,898,1,678,547,1,763,227,633,1,20:57
2024-25,203110,Draymond Green,Draymond,1610612744,GSW,Golden State Warriors,0042400154,2025-04-28T00:00:00,GSW vs. HOU,W,30.7,3.0,0.0,0.0,0.0,11.0,8.0,7.0,26.0,0.0,1.0,5.0,1.0,17.6,1,1,1,1,573,271,705,625,1167,1253,1028,1055,586,547,1165,1609,773,847,1,30:41
2024-25,1630224,Jalen Green,Jalen,1610612745,HOU,Houston Rockets,0042400154,2025-04-28T00:00:00,HOU @ GSW,L,24.9,0.0,0.0,2.0,2.0,10.0,14.0,7.0,16.0,0.0,0.0,3.0,1.0,8.1,1,871,871,871,810,751,705,325,802,1167,1513,1055,991,547,1,1145,773,1255,1,24:53
2024-25,1631095,Jabari Smith Jr.,Jabari,1610612745,HOU,Houston Rockets,0042400154,2025-04-28T00:00:00,HOU @ GSW,L,22.4,0.0,1.0,0.0,2.0,1.0,12.0,3.0,14.0,1.0,0.0,1.0,1.0,14.9,1,871,871,871,885,751,671,625,802,214,1393,556,1080,170,1,400,773,969,1,22:26
2024-25,203500,Steven Adams,Steven,1610612745,HOU,Houston Rockets,0042400154,2025-04-28T00:00:00,HOU @ GSW,L,26.4,0.0,3.0,0.0,4.0,4.0,21.0,0.0,14.0,4.0,0.0,4.0,4.0,23.4,1,871,871,871,743,751,251,625,582,515,1704,1,1080,7,1,1412,227,646,1,26:24
2024-25,1630578,Alperen Sengun,Alperen,1610612745,HOU,Houston Rockets,0042400154,2025-04-28T00:00:00,HOU @ GSW,L,42.2,6.0,4.0,4.0,24.0,11.0,12.0,7.0,22.0,0.0,1.0,2.0,6.0,56.5,1,871,871,871,79,67,147,124,4,1253,1393,1055,754,547,1165,763,92,50,1,42:15
2024-25,1629312,Haywood Highsmith,Haywood,1610612748,MIA,Miami Heat,0042400104,2025-04-28T00:00:00,MIA vs. CLE,L,10.8,0.0,0.0,0.0,2.0,9.0,5.0,9.0,10.0,1.0,0.0,1.0,1.0,10.8,1,871,871,871,1328,751,705,625,802,1085,701,1249,1249,170,1,400,773,1140,1,10:50
2024-25,1631218,Trayce Jackson-Davis,Trayce,1610612744,GSW,Golden State Warriors,0042400154,2025-04-28T00:00:00,GSW vs. HOU,W,5.7,0.0,0.0,0.0,0.0,3.0,2.0,0.0,6.0,0.0,0.0,2.0,0.0,0.0,1,1,1,1,1486,751,705,625,1167,431,308,1,1404,547,1,763,1168,1620,1,5:39
2024-25,203937,Kyle Anderson,Kyle,1610612748,MIA,Miami Heat,0042400104,2025-04-28T00:00:00,MIA vs. CLE,L,7.7,0.0,0.0,0.0,0.0,7.0,7.0,5.0,6.0,0.0,0.0,1.0,1.0,-1.0,1,871,871,871,1423,751,705,625,1167,860,898,808,1404,547,1,400,773,1717,1,7:39
2024-25,1629130,Duncan Robinson,Duncan,1610612748,MIA,Miami Heat,0042400104,2025-04-28T00:00:00,MIA vs. CLE,L,14.6,0.0,0.0,0.0,0.0,9.0,5.0,4.0,12.0,0.0,0.0,0.0,0.0,-1.8,1,871,871,871,1181,751,705,625,1167,1085,701,665,1167,547,1,1,1168,1731,1,14:33
2024-25,1630171,Isaac Okoro,Isaac,1610612739,CLE,Cleveland Cavaliers,0042400104,2025-04-28T00:00:00,CLE @ MIA,W,13.0,0.0,0.0,0.0,0.0,1.0,4.0,0.0,16.0,0.0,0.0,0.0,0.0,6.2,1,1,1,1,1249,751,705,625,1167,214,578,1,991,547,1,1,1168,1325,1,12:58
2024-25,1627832,Fred VanVleet,Fred,1610612745,HOU,Houston Rockets,0042400154,2025-04-28T00:00:00,HOU @ GSW,L,40.2,9.0,0.0,3.0,0.0,8.0,12.0,10.0,24.0,0.0,1.0,2.0,2.0,34.4,1,871,871,871,140,18,705,204,1167,978,1393,1324,678,547,1165,763,505,362,1,40:12
2024-25,1641764,Brandin Podziemski,Brandin,1610612744,GSW,Golden State Warriors,0042400154,2025-04-28T00:00:00,GSW vs. HOU,W,40.0,5.0,2.0,5.0,4.0,17.0,11.0,14.0,46.0,1.0,1.0,1.0,6.0,46.5,1,1,1,1,154,107,388,74,582,1575,1313,1578,52,170,1165,400,92,140,1,40:01
2024-25,1628386,Jarrett Allen,Jarrett,1610612739,CLE,Cleveland Cavaliers,0042400104,2025-04-28T00:00:00,CLE @ MIA,W,25.3,6.0,6.0,4.0,10.0,2.0,7.0,6.0,16.0,0.0,0.0,1.0,2.0,49.4,1,1,1,1,798,67,50,124,175,256,898,944,991,547,1,400,505,104,1,25:18
2024-25,202684,Tristan Thompson,Tristan,1610612739,CLE,Cleveland Cavaliers,0042400104,2025-04-28T00:00:00,CLE @ MIA,W,12.0,2.0,2.0,0.0,4.0,1.0,7.0,2.0,10.0,1.0,0.0,1.0,1.0,18.9,1,1,1,1,1281,423,388,625,582,214,898,358,1249,170,1,400,773,803,1,12:00
2024-25,1629731,Dean Wade,Dean,1610612739,CLE,Cleveland Cavaliers,0042400104,2025-04-28T00:00:00,CLE @ MIA,W,17.9,0.0,0.0,2.0,2.0,4.0,2.0,4.0,20.0,0.0,0.0,1.0,0.0,13.4,1,1,1,1,1062,751,705,325,802,515,308,665,832,547,1,400,1168,1041,1,17:51
2024-25,1630611,Gui Santos,Gui,1610612744,GSW,Golden State Warriors,0042400154,2025-04-28T00:00:00,GSW vs. HOU,W,1.5,0.0,0.0,0.0,0.0,0.0,0.0,0.0,0.0,0.0,0.0,0.0,0.0,0.0,1,1,1,1,1686,751,705,625,1167,1,1,1,1643,547,1,1,1168,1620,1,1:29
2024-25,1630541,Moses Moody,Moses,1610612744,GSW,Golden State Warriors,0042400154,2025-04-28T00:00:00,GSW vs. HOU,W,11.7,0.0,0.0,0.0,0.0,7.0,2.0,4.0,16.0,0.0,1.0,0.0,1.0,8.7,1,1,1,1,1302,751,705,625,1167,860,308,665,991,547,1165,1,773,1228,1,11:42
2024-25,1629660,Ty Jerome,Ty,1610612739,CLE,Cleveland Cavaliers,0042400104,2025-04-28T00:00:00,CLE @ MIA,W,20.7,0.0,3.0,0.0,4.0,2.0,7.0,0.0,24.0,1.0,0.0,1.0,2.0,31.1,1,1,1,1,957,751,251,625,582,256,898,1,678,170,1,400,505,436,1,20:41
2024-25,1627741,Buddy Hield,Buddy,1610612744,GSW,Golden State Warriors,0042400154,2025-04-28T00:00:00,GSW vs. HOU,W,30.3,2.0,3.0,5.0,6.0,11.0,9.0,10.0,24.0,0.0,0.0,3.0,1.0,30.3,1,1,1,1,589,423,251,74,404,1253,1128,1324,678,547,1,1145,773,452,1,30:17
2024-25,1628415,Dillon Brooks,Dillon,1610612745,HOU,Houston Rockets,0042400154,2025-04-28T00:00:00,HOU @ GSW,L,36.0,0.0,4.0,0.0,6.0,8.0,10.0,10.0,18.0,0.0,0.0,4.0,2.0,21.2,1,871,871,871,330,751,147,625,404,978,1221,1324,918,547,1,1412,505,723,1,35:58
2024-25,1631106,Tari Eason,Tari,1610612745,HOU,Houston Rockets,0042400154,2025-04-28T00:00:00,HOU @ GSW,L,16.7,3.0,2.0,0.0,0.0,3.0,12.0,3.0,10.0,1.0,0.0,2.0,3.0,13.9,1,871,871,871,1100,271,388,625,1167,431,1393,556,1249,170,1,763,344,1018,1,16:43
2024-25,1631107,Nikola Jović,Nikola,1610612748,MIA,Miami Heat,0042400104,2025-04-28T00:00:00,MIA vs. CLE,L,29.3,2.0,7.0,4.0,8.0,14.0,7.0,7.0,24.0,1.0,1.0,1.0,2.0,40.0,1,871,871,871,644,423,31,124,265,1443,898,1055,678,170,1165,400,505,234,1,29:15
2024-25,1641708,Amen Thompson,Amen,1610612745,HOU,Houston Rockets,0042400154,2025-04-28T00:00:00,HOU @ GSW,L,31.2,2.0,0.0,5.0,10.0,10.0,12.0,10.0,22.0,0.0,0.0,3.0,3.0,32.8,1,871,871,871,559,423,705,74,175,1167,1393,1324,754,547,1,1145,344,402,1,31:10
2024-25,1642366,Quinten Post,Quinten,1610612744,GSW,Golden State Warriors,0042400154,2025-04-28T00:00:00,GSW vs. HOU,W,19.7,1.0,7.0,0.0,2.0,11.0,4.0,7.0,22.0,0.0,2.0,1.0,2.0,21.3,1,1,1,1,981,722,31,625,802,1253,578,1055,754,547,1564,400,505,717,1,19:42
2024-25,1630558,Davion Mitchell,Davion,1610612748,MIA,Miami Heat,0042400104,2025-04-28T00:00:00,MIA vs. CLE,L,35.2,0.0,0.0,0.0,4.0,17.0,14.0,9.0,32.0,0.0,0.0,1.0,1.0,12.5,1,871,871,871,364,751,705,625,582,1575,1513,1249,375,547,1,400,773,1063,1,35:09
2024-25,1626172,Kevon Looney,Kevon,1610612744,GSW,Golden State Warriors,0042400154,2025-04-28T00:00:00,GSW vs. HOU,W,5.1,0.0,0.0,0.0,0.0,4.0,2.0,2.0,4.0,0.0,0.0,3.0,0.0,1.2,1,1,1,1,1507,751,705,625,1167,515,308,358,1472,547,1,1145,1168,1559,1,5:07
2024-25,1628378,Donovan Mitchell,Donovan,1610612739,CLE,Cleveland Cavaliers,0042400104,2025-04-28T00:00:00,CLE @ MIA,W,24.6,7.0,3.0,5.0,6.0,2.0,7.0,10.0,16.0,0.0,0.0,1.0,2.0,30.5,1,1,1,1,824,39,251,74,404,256,898,1324,991,547,1,400,505,448,1,24:36
2024-25,203952,Andrew Wiggins,Andrew,1610612748,MIA,Miami Heat,0042400104,2025-04-28T00:00:00,MIA vs. CLE,L,22.3,0.0,2.0,3.0,4.0,12.0,7.0,7.0,26.0,0.0,1.0,1.0,0.0,16.5,1,871,871,871,892,751,388,204,582,1324,898,1055,586,547,1165,400,1168,899,1,22:18
2024-25,1641854,Craig Porter Jr.,Craig,1610612739,CLE,Cleveland Cavaliers,0042400104,2025-04-28T00:00:00,CLE @ MIA,W,12.0,0.0,0.0,0.0,4.0,1.0,7.0,2.0,10.0,1.0,0.0,2.0,0.0,14.4,1,1,1,1,1281,751,705,625,582,214,898,358,1249,170,1,763,1168,987,1,12:00
2024-25,1630241,Sam Merrill,Sam,1610612739,CLE,Cleveland Cavaliers,0042400104,2025-04-28T00:00:00,CLE @ MIA,W,19.0,0.0,0.0,0.0,0.0,2.0,2.0,10.0,10.0,0.0,0.0,1.0,0.0,13.7,1,1,1,1,1019,751,705,625,1167,256,308,1324,1249,547,1,400,1168,1024,1,18:59
2024-25,1629643,Chuma Okeke,Chuma,1610612739,CLE,Cleveland Cavaliers,0042400104,2025-04-28T00:00:00,CLE @ MIA,W,6.8,0.0,0.0,0.0,0.0,1.0,5.0,2.0,8.0,0.0,0.0,0.0,0.0,3.0,1,1,1,1,1451,751,705,625,1167,214,701,358,1322,547,1,1,1168,1484,1,6:45
2024-25,1642281,Jaylon Tyson,Jaylon,1610612739,CLE,Cleveland Cavaliers,0042400104,2025-04-28T00:00:00,CLE @ MIA,W,12.0,3.0,3.0,0.0,0.0,1.0,7.0,2.0,10.0,1.0,0.0,1.0,1.0,14.4,1,1,1,1,1281,271,251,625,1167,214,898,358,1249,170,1,400,773,987,1,12:00
2024-25,1642352,Keshad Johnson,Keshad,1610612748,MIA,Miami Heat,0042400104,2025-04-28T00:00:00,MIA vs. CLE,L,6.8,0.0,0.0,2.0,2.0,3.0,3.0,0.0,6.0,0.0,0.0,1.0,0.0,2.2,1,871,871,871,1451,751,705,325,802,431,473,1,1404,547,1,400,1168,1518,1,6:45
2024-25,1629622,Max Strus,Max,1610612739,CLE,Cleveland Cavaliers,0042400104,2025-04-28T00:00:00,CLE @ MIA,W,20.8,0.0,0.0,0.0,0.0,4.0,2.0,10.0,10.0,0.0,2.0,0.0,1.0,16.0,1,1,1,1,953,751,705,625,1167,515,308,1324,1249,547,1564,1,773,918,1,20:49
2024-25,1628389,Bam Adebayo,Bam,1610612748,MIA,Miami Heat,0042400104,2025-04-28T00:00:00,MIA vs. CLE,L,31.8,0.0,2.0,0.0,8.0,18.0,11.0,14.0,34.0,0.0,0.0,3.0,1.0,33.4,1,871,871,871,534,751,388,625,265,1602,1313,1578,299,547,1,1145,773,383,1,31:47
2024-25,202710,Jimmy Butler III,Jimmy,1610612744,GSW,Golden State Warriors,0042400154,2025-04-28T00:00:00,GSW vs. HOU,W,40.0,0.0,2.0,0.0,10.0,14.0,14.0,14.0,44.0,1.0,1.0,3.0,7.0,45.0,1,1,1,1,156,751,388,625,175,1443,1513,1578,78,170,1165,1145,53,159,1,39:59
2024-25,1641796,Pelle Larsson,Pelle,1610612748,MIA,Miami Heat,0042400104,2025-04-28T00:00:00,MIA vs. CLE,L,23.3,3.0,3.0,0.0,8.0,14.0,9.0,12.0,22.0,0.0,1.0,5.0,3.0,22.5,1,871,871,871,860,271,251,625,265,1443,1128,1472,754,547,1165,1609,344,680,1,23:18
2024-25,201939,Stephen Curry,Stephen,1610612744,GSW,Golden State Warriors,0042400154,2025-04-28T00:00:00,GSW vs. HOU,W,39.1,0.0,5.0,0.0,4.0,15.0,12.0,10.0,32.0,0.0,0.0,2.0,2.0,24.1,1,1,1,1,194,751,90,625,582,1494,1393,1324,375,547,1,763,505,613,1,39:06
2024-25,1627780,Gary Payton II,Gary,1610612744,GSW,Golden State Warriors,0042400154,2025-04-28T00:00:00,GSW vs. HOU,W,16.3,0.0,2.0,0.0,2.0,7.0,6.0,2.0,20.0,0.0,0.0,2.0,1.0,14.6,1,1,1,1,1113,751,388,625,802,860,804,358,832,547,1,763,773,983,1,16:17
2024-25,203501,Tim Hardaway Jr.,Tim,1610612765,DET,Detroit Pistons,0042400124,2025-04-27T00:00:00,DET vs. NYK,L,36.6,0.0,0.0,3.0,0.0,15.0,8.0,11.0,26.0,0.0,0.0,1.0,1.0,17.9,1,871,871,871,303,751,705,204,1167,1494,1028,1399,586,547,1,400,773,839,1,36:34
2024-25,1630573,Sam Hauser,Sam,1610612738,BOS,Boston Celtics,0042400114,2025-04-27T00:00:00,BOS @ ORL,W,18.0,3.0,3.0,0.0,0.0,4.0,6.0,2.0,14.0,0.0,0.0,2.0,0.0,9.2,1,1,1,1,1055,271,251,625,1167,515,804,358,1080,547,1,763,1168,1211,1,17:59
2024-25,1630559,Austin Reaves,Austin,1610612747,LAL,Los Angeles Lakers,0042400164,2025-04-27T00:00:00,LAL @ MIN,L,35.1,0.0,0.0,3.0,2.0,13.0,14.0,9.0,34.0,2.0,0.0,5.0,0.0,39.4,1,871,871,871,367,751,705,204,802,1382,1513,1249,299,59,1,1609,1168,247,1,35:08
2024-25,1627783,Pascal Siakam,Pascal,1610612754,IND,Indiana Pacers,0042400134,2025-04-27T00:00:00,IND @ MIL,W,29.4,0.0,0.0,2.0,8.0,10.0,7.0,2.0,22.0,1.0,1.0,4.0,2.0,23.6,1,1,1,1,636,751,705,325,265,1167,898,358,754,170,1165,1412,505,637,1,29:24
2024-25,1628371,Jonathan Isaac,Jonathan,1610612753,ORL,Orlando Magic,0042400114,2025-04-27T00:00:00,ORL vs. BOS,L,12.7,2.0,2.0,0.0,2.0,5.0,3.0,0.0,6.0,0.0,0.0,1.0,1.0,10.6,1,871,871,871,1259,423,388,625,802,633,473,1,1404,547,1,400,773,1147,1,12:41
2024-25,1629637,Jaxson Hayes,Jaxson,1610612747,LAL,Los Angeles Lakers,0042400164,2025-04-27T00:00:00,LAL @ MIN,L,4.4,0.0,0.0,0.0,2.0,0.0,0.0,0.0,2.0,0.0,0.0,2.0,0.0,7.1,1,871,871,871,1542,751,705,625,802,1,1,1,1551,547,1,763,1168,1288,1,4:21
2024-25,1628404,Josh Hart,Josh,1610612752,NYK,New York Knicks,0042400124,2025-04-27T00:00:00,NYK @ DET,W,42.4,0.0,0.0,3.0,2.0,13.0,18.0,14.0,44.0,0.0,1.0,1.0,5.0,43.5,1,1,1,1,75,751,705,204,802,1382,1656,1578,78,547,1165,400,143,175,1,42:23
2024-25,201144,Mike Conley,Mike,1610612750,MIN,Minnesota Timberwolves,0042400164,2025-04-27T00:00:00,MIN vs. LAL,W,25.0,0.0,0.0,0.0,2.0,3.0,16.0,5.0,10.0,1.0,0.0,0.0,0.0,9.2,1,1,1,1,808,751,705,625,802,431,1611,808,1249,170,1,1,1168,1211,1,24:59
2024-25,1629020,Jarred Vanderbilt,Jarred,1610612747,LAL,Los Angeles Lakers,0042400164,2025-04-27T00:00:00,LAL @ MIN,L,6.7,0.0,0.0,0.0,0.0,5.0,1.0,12.0,6.0,0.0,0.0,0.0,0.0,2.4,1,871,871,871,1454,751,705,625,1167,633,285,1472,1404,547,1,1,1168,1511,1,6:43
2024-25,1626166,Cameron Payne,Cameron,1610612752,NYK,New York Knicks,0042400124,2025-04-27T00:00:00,NYK @ DET,W,7.4,0.0,0.0,0.0,0.0,2.0,3.0,1.0,4.0,0.0,0.0,1.0,0.0,5.9,1,1,1,1,1434,751,705,625,1167,256,473,324,1472,547,1,400,1168,1344,1,7:24
2024-25,1626157,Karl-Anthony Towns,Karl-Anthony,1610612752,NYK,New York Knicks,0042400124,2025-04-27T00:00:00,NYK @ DET,W,40.3,0.0,5.0,0.0,8.0,11.0,13.0,15.0,40.0,1.0,3.0,5.0,3.0,39.3,1,1,1,1,136,751,90,625,265,1253,1459,1619,162,170,1689,1609,344,251,1,40:18
2024-25,1631094,Paolo Banchero,Paolo,1610612753,ORL,Orlando Magic,0042400114,2025-04-27T00:00:00,ORL vs. BOS,L,40.3,2.0,2.0,5.0,14.0,13.0,13.0,4.0,34.0,1.0,4.0,5.0,7.0,42.9,1,871,871,871,139,423,388,74,65,1382,1459,665,299,170,1720,1609,53,185,1,40:15
2024-25,1630175,Cole Anthony,Cole,1610612753,ORL,Orlando Magic,0042400114,2025-04-27T00:00:00,ORL vs. BOS,L,2.2,0.0,0.0,0.0,0.0,2.0,0.0,0.0,2.0,0.0,0.0,2.0,0.0,-1.0,1,871,871,871,1640,751,705,625,1167,256,1,1,1551,547,1,763,1168,1717,1,2:11
2024-25,1626192,Pat Connaughton,Pat,1610612749,MIL,Milwaukee Bucks,0042400134,2025-04-27T00:00:00,MIL vs. IND,L,9.9,0.0,0.0,0.0,2.0,2.0,0.0,0.0,8.0,0.0,0.0,0.0,1.0,6.9,1,871,871,871,1355,751,705,625,802,256,1,1,1322,547,1,1,773,1293,1,9:55
2024-25,1630532,Franz Wagner,Franz,1610612753,ORL,Orlando Magic,0042400114,2025-04-27T00:00:00,ORL vs. BOS,L,39.8,4.0,6.0,5.0,14.0,12.0,7.0,4.0,32.0,0.0,1.0,2.0,5.0,39.7,1,871,871,871,165,171,50,74,65,1324,898,665,375,547,1165,763,143,237,1,39:50
2024-25,1629645,Kevin Porter Jr.,Kevin,1610612749,MIL,Milwaukee Bucks,0042400134,2025-04-27T00:00:00,MIL vs. IND,L,33.5,5.0,3.0,2.0,6.0,2.0,9.0,9.0,32.0,0.0,1.0,2.0,1.0,42.0,1,871,871,871,448,107,251,325,404,256,1128,1249,375,547,1165,763,773,201,1,33:27
2024-25,1629011,Mitchell Robinson,Mitchell,1610612752,NYK,New York Knicks,0042400124,2025-04-27T00:00:00,NYK @ DET,W,9.1,0.0,0.0,0.0,0.0,4.0,2.0,2.0,6.0,0.0,0.0,1.0,2.0,2.6,1,1,1,1,1379,751,705,625,1167,515,308,358,1404,547,1,400,505,1505,1,9:04
2024-25,1627736,Malik Beasley,Malik,1610612765,DET,Detroit Pistons,0042400124,2025-04-27T00:00:00,DET vs. NYK,L,25.7,0.0,3.0,0.0,4.0,12.0,13.0,6.0,14.0,0.0,0.0,1.0,0.0,23.5,1,871,871,871,774,751,251,625,582,1324,1459,944,1080,547,1,400,1168,641,1,25:44
2024-25,1630169,Tyrese Haliburton,Tyrese,1610612754,IND,Indiana Pacers,0042400134,2025-04-27T00:00:00,IND @ MIL,W,33.6,1.0,0.0,3.0,8.0,8.0,12.0,2.0,28.0,0.0,0.0,0.0,2.0,47.1,1,1,1,1,445,722,705,204,265,978,1393,358,514,547,1,1,505,132,1,33:33
2024-25,203944,Julius Randle,Julius,1610612750,MIN,Minnesota Timberwolves,0042400164,2025-04-27T00:00:00,MIN vs. LAL,W,42.7,2.0,2.0,4.0,12.0,5.0,14.0,7.0,24.0,0.0,2.0,4.0,5.0,40.9,1,1,1,1,64,423,388,124,109,633,1513,1055,678,547,1564,1412,143,223,1,42:40
2024-25,1629029,Luka Dončić,Luka,1610612747,LAL,Los Angeles Lakers,0042400164,2025-04-27T00:00:00,LAL @ MIN,L,45.8,0.0,5.0,0.0,12.0,16.0,20.0,13.0,48.0,1.0,0.0,3.0,7.0,44.2,1,871,871,871,12,751,90,625,109,1539,1691,1521,43,170,1,1145,53,169,1,45:49
2024-25,203471,Dennis Schröder,Dennis,1610612765,DET,Detroit Pistons,0042400124,2025-04-27T00:00:00,DET vs. NYK,L,26.7,2.0,0.0,0.0,2.0,10.0,15.0,1.0,14.0,0.0,0.0,1.0,2.0,21.6,1,871,871,871,729,423,705,625,802,1167,1571,324,1080,547,1,400,505,708,1,26:45
2024-25,203507,Giannis Antetokounmpo,Giannis,1610612749,MIL,Milwaukee Bucks,0042400134,2025-04-27T00:00:00,MIL vs. IND,L,33.8,0.0,6.0,0.0,18.0,3.0,6.0,12.0,42.0,0.0,3.0,1.0,8.0,56.0,1,871,871,871,437,751,50,625,20,431,804,1472,114,547,1689,400,26,55,1,33:45
2024-25,1630545,Terrence Shannon Jr.,Terrence,1610612750,MIN,Minnesota Timberwolves,0042400164,2025-04-27T00:00:00,MIN vs. LAL,W,3.4,0.0,0.0,0.0,0.0,0.0,0.0,0.0,2.0,0.0,1.0,0.0,0.0,6.3,1,1,1,1,1581,751,705,625,1167,1,1,1,1551,547,1165,1,1168,1324,1,3:24
2024-25,203914,Gary Harris,Gary,1610612753,ORL,Orlando Magic,0042400114,2025-04-27T00:00:00,ORL vs. BOS,L,18.4,0.0,0.0,0.0,0.0,7.0,5.0,0.0,8.0,0.0,0.0,4.0,0.0,1.2,1,871,871,871,1041,751,705,625,1167,860,701,1,1322,547,1,1412,1168,1559,1,18:21
2024-25,1641767,Ben Sheppard,Ben,1610612754,IND,Indiana Pacers,0042400134,2025-04-27T00:00:00,IND @ MIL,W,21.6,0.0,0.0,0.0,0.0,8.0,8.0,0.0,20.0,0.0,0.0,1.0,0.0,8.1,1,1,1,1,919,751,705,625,1167,978,1028,1,832,547,1,400,1168,1255,1,21:33
2024-25,1641716,Jarace Walker,Jarace,1610612754,IND,Indiana Pacers,0042400134,2025-04-27T00:00:00,IND @ MIL,W,21.3,0.0,6.0,0.0,0.0,5.0,8.0,0.0,12.0,0.0,0.0,1.0,1.0,21.5,1,1,1,1,928,751,50,625,1167,633,1028,1,1167,547,1,400,773,713,1,21:19
2024-25,1628418,Thomas Bryant,Thomas,1610612754,IND,Indiana Pacers,0042400134,2025-04-27T00:00:00,IND @ MIL,W,7.7,0.0,0.0,0.0,0.0,2.0,0.0,0.0,2.0,1.0,0.0,1.0,0.0,10.1,1,1,1,1,1415,751,705,625,1167,256,1,1,1551,170,1,400,1168,1172,1,7:44
2024-25,1627759,Jaylen Brown,Jaylen,1610612738,BOS,Boston Celtics,0042400114,2025-04-27T00:00:00,BOS @ ORL,W,41.2,2.0,0.0,4.0,8.0,8.0,9.0,13.0,38.0,0.0,2.0,3.0,5.0,37.7,1,1,1,1,106,423,705,124,265,978,1128,1521,202,547,1564,1145,143,284,1,41:13
2024-25,1630540,Miles McBride,Miles,1610612752,NYK,New York Knicks,0042400124,2025-04-27T00:00:00,NYK @ DET,W,19.0,3.0,3.0,0.0,0.0,10.0,7.0,3.0,12.0,0.0,0.0,2.0,1.0,6.2,1,1,1,1,1022,271,251,625,1167,1167,898,556,1167,547,1,763,773,1325,1,18:57
2024-25,1628973,Jalen Brunson,Jalen,1610612752,NYK,New York Knicks,0042400124,2025-04-27T00:00:00,NYK @ DET,W,38.6,15.0,4.0,5.0,14.0,11.0,13.0,14.0,42.0,1.0,1.0,3.0,3.0,55.5,1,1,1,1,217,2,147,74,65,1253,1459,1578,114,170,1165,1145,344,59,1,38:34
2024-25,1630194,Paul Reed,Paul,1610612765,DET,Detroit Pistons,0042400124,2025-04-27T00:00:00,DET vs. NYK,L,7.7,0.0,2.0,0.0,2.0,0.0,3.0,0.0,2.0,1.0,0.0,1.0,0.0,9.8,1,871,871,871,1423,751,388,625,802,1,473,1,1551,170,1,400,1168,1187,1,7:39
2024-25,1630692,Jordan Goodwin,Jordan,1610612747,LAL,Los Angeles Lakers,0042400164,2025-04-27T00:00:00,LAL @ MIN,L,7.2,0.0,0.0,0.0,0.0,3.0,5.0,1.0,8.0,0.0,0.0,3.0,0.0,3.9,1,871,871,871,1440,751,705,625,1167,431,701,324,1322,547,1,1145,1168,1455,1,7:11
2024-25,1631157,Ryan Rollins,Ryan,1610612749,MIL,Milwaukee Bucks,0042400134,2025-04-27T00:00:00,MIL vs. IND,L,8.5,0.0,0.0,0.0,2.0,1.0,0.0,3.0,8.0,0.0,1.0,2.0,1.0,6.5,1,871,871,871,1393,751,705,625,802,214,1,556,1322,547,1165,763,773,1310,1,8:30
2024-25,1628401,Derrick White,Derrick,1610612738,BOS,Boston Celtics,0042400114,2025-04-27T00:00:00,BOS @ ORL,W,39.3,2.0,2.0,0.0,10.0,8.0,10.0,13.0,42.0,1.0,1.0,1.0,4.0,38.9,1,1,1,1,189,423,388,625,175,978,1221,1521,114,170,1165,400,227,260,1,39:16
2024-25,204001,Kristaps Porziņģis,Kristaps,1610612738,BOS,Boston Celtics,0042400114,2025-04-27T00:00:00,BOS @ ORL,W,22.1,2.0,3.0,0.0,10.0,4.0,8.0,10.0,22.0,0.0,0.0,5.0,4.0,28.5,1,1,1,1,899,423,251,625,175,515,1028,1324,754,547,1,1609,227,504,1,22:06
2024-25,1629060,Rui Hachimura,Rui,1610612747,LAL,Los Angeles Lakers,0042400164,2025-04-27T00:00:00,LAL @ MIN,L,41.2,3.0,6.0,0.0,8.0,14.0,19.0,4.0,42.0,0.0,0.0,3.0,0.0,30.5,1,871,871,871,109,271,50,625,265,1443,1674,665,114,547,1,1145,1168,448,1,41:09
2024-25,1629013,Landry Shamet,Landry,1610612752,NYK,New York Knicks,0042400124,2025-04-27T00:00:00,NYK @ DET,W,0.7,0.0,0.0,0.0,0.0,0.0,0.0,0.0,2.0,0.0,0.0,0.0,0.0,0.0,1,1,1,1,1711,751,705,625,1167,1,1,1,1551,547,1,1,1168,1620,1,0:44
2024-25,201572,Brook Lopez,Brook,1610612749,MIL,Milwaukee Bucks,0042400134,2025-04-27T00:00:00,MIL vs. IND,L,14.9,3.0,0.0,0.0,0.0,4.0,0.0,4.0,16.0,1.0,0.0,4.0,2.0,13.7,1,871,871,871,1166,271,705,625,1167,515,1,665,991,170,1,1412,505,1024,1,14:56
2024-25,1626167,Myles Turner,Myles,1610612754,IND,Indiana Pacers,0042400134,2025-04-27T00:00:00,IND @ MIL,W,29.7,2.0,3.0,6.0,14.0,11.0,12.0,2.0,26.0,4.0,0.0,2.0,8.0,45.5,1,1,1,1,619,423,251,43,65,1253,1393,358,586,7,1,763,26,151,1,29:43
2024-25,1629018,Gary Trent Jr.,Gary,1610612749,MIL,Milwaukee Bucks,0042400134,2025-04-27T00:00:00,MIL vs. IND,L,32.4,0.0,0.0,0.0,0.0,3.0,3.0,12.0,40.0,0.0,0.0,1.0,0.0,13.5,1,871,871,871,515,751,705,625,1167,431,473,1472,162,547,1,400,1168,1036,1,32:21
2024-25,2544,LeBron James,LeBron,1610612747,LAL,Los Angeles Lakers,0042400164,2025-04-27T00:00:00,LAL @ MIN,L,46.2,2.0,8.0,4.0,6.0,19.0,20.0,14.0,44.0,3.0,1.0,2.0,10.0,68.4,1,871,871,871,9,423,19,124,404,1636,1691,1578,78,17,1165,763,10,9,1,46:14
2024-25,1641753,Chris Livingston,Chris,1610612749,MIL,Milwaukee Bucks,0042400134,2025-04-27T00:00:00,MIL vs. IND,L,3.7,0.0,0.0,0.0,0.0,0.0,0.0,0.0,2.0,0.0,0.0,0.0,0.0,0.0,1,871,871,871,1568,751,705,625,1167,1,1,1,1551,547,1,1,1168,1620,1,3:42
2024-25,1629638,Nickeil Alexander-Walker,Nickeil,1610612750,MIN,Minnesota Timberwolves,0042400164,2025-04-27T00:00:00,MIN vs. LAL,W,11.8,3.0,0.0,3.0,2.0,0.0,3.0,0.0,10.0,0.0,0.0,0.0,0.0,4.2,1,1,1,1,1300,271,705,204,802,1,473,1,1249,547,1,1,1168,1432,1,11:45
2024-25,1627827,Dorian Finney-Smith,Dorian,1610612747,LAL,Los Angeles Lakers,0042400164,2025-04-27T00:00:00,LAL @ MIN,L,40.6,0.0,0.0,0.0,0.0,19.0,20.0,16.0,40.0,1.0,1.0,3.0,1.0,25.6,1,871,871,871,124,751,705,625,1167,1636,1691,1654,162,170,1165,1145,773,575,1,40:37
2024-25,1642277,Johnny Furphy,Johnny,1610612754,IND,Indiana Pacers,0042400134,2025-04-27T00:00:00,IND @ MIL,W,2.2,0.0,0.0,0.0,0.0,0.0,0.0,0.0,0.0,0.0,0.0,0.0,0.0,1.2,1,1,1,1,1639,751,705,625,1167,1,1,1,1643,547,1,1,1168,1559,1,2:13
2024-25,202699,Tobias Harris,Tobias,1610612765,DET,Detroit Pistons,0042400124,2025-04-27T00:00:00,DET vs. NYK,L,35.5,7.0,3.0,9.0,10.0,18.0,11.0,12.0,26.0,1.0,1.0,5.0,4.0,32.6,1,871,871,871,354,39,251,12,175,1602,1313,1472,586,170,1165,1609,227,405,1,35:27
2024-25,204456,T.J. McConnell,T.J.,1610612754,IND,Indiana Pacers,0042400134,2025-04-27T00:00:00,IND @ MIL,W,22.4,0.0,0.0,2.0,10.0,8.0,6.0,0.0,16.0,0.0,0.0,1.0,0.0,25.6,1,1,1,1,886,751,705,325,175,978,804,1,991,547,1,400,1168,575,1,22:25
2024-25,1630202,Payton Pritchard,Payton,1610612738,BOS,Boston Celtics,0042400114,2025-04-27T00:00:00,BOS @ ORL,W,26.0,0.0,0.0,0.0,0.0,4.0,11.0,2.0,28.0,0.0,0.0,3.0,0.0,4.2,1,1,1,1,764,751,705,625,1167,515,1313,358,514,547,1,1145,1168,1432,1,25:60
2024-25,1631260,AJ Green,AJ,1610612749,MIL,Milwaukee Bucks,0042400134,2025-04-27T00:00:00,MIL vs. IND,L,23.6,0.0,3.0,0.0,0.0,1.0,9.0,7.0,20.0,0.0,0.0,2.0,1.0,14.7,1,871,871,871,852,751,251,625,1167,214,1128,1055,832,547,1,763,773,981,1,23:37
2024-25,1629614,Andrew Nembhard,Andrew,1610612754,IND,Indiana Pacers,0042400134,2025-04-27T00:00:00,IND @ MIL,W,31.2,0.0,0.0,0.0,0.0,8.0,9.0,2.0,30.0,0.0,0.0,2.0,0.0,28.6,1,1,1,1,556,751,705,625,1167,978,1128,358,431,547,1,763,1168,501,1,31:12
2024-25,1629216,Gabe Vincent,Gabe,1610612747,LAL,Los Angeles Lakers,0042400164,2025-04-27T00:00:00,LAL @ MIN,L,12.8,0.0,0.0,0.0,0.0,6.0,1.0,11.0,16.0,0.0,0.0,2.0,1.0,4.2,1,871,871,871,1254,751,705,625,1167,735,285,1399,991,547,1,763,773,1432,1,12:49
2024-25,1627752,Taurean Prince,Taurean,1610612749,MIL,Milwaukee Bucks,0042400134,2025-04-27T00:00:00,MIL vs. IND,L,14.8,0.0,0.0,0.0,0.0,2.0,6.0,4.0,14.0,0.0,0.0,1.0,0.0,1.7,1,871,871,871,1170,751,705,625,1167,256,804,665,1080,547,1,400,1168,1544,1,14:47
2024-25,1641842,Ronald Holland II,Ronald,1610612765,DET,Detroit Pistons,0042400124,2025-04-27T00:00:00,DET vs. NYK,L,6.0,0.0,0.0,0.0,0.0,0.0,5.0,0.0,0.0,0.0,0.0,1.0,2.0,0.2,1,871,871,871,1478,751,705,625,1167,1,701,1,1643,547,1,400,505,1610,1,5:58
2024-25,1641709,Ausar Thompson,Ausar,1610612765,DET,Detroit Pistons,0042400124,2025-04-27T00:00:00,DET vs. NYK,L,21.7,0.0,2.0,0.0,6.0,7.0,4.0,8.0,24.0,1.0,2.0,2.0,2.0,14.8,1,871,871,871,913,751,388,625,404,860,578,1162,678,170,1564,763,505,975,1,21:43
2024-25,201143,Al Horford,Al,1610612738,BOS,Boston Celtics,0042400114,2025-04-27T00:00:00,BOS @ ORL,W,34.9,0.0,0.0,0.0,4.0,4.0,10.0,11.0,34.0,5.0,0.0,0.0,1.0,30.2,1,1,1,1,378,751,705,625,582,515,1221,1399,299,3,1,1,773,453,1,34:54
2024-25,1641710,Anthony Black,Anthony,1610612753,ORL,Orlando Magic,0042400114,2025-04-27T00:00:00,ORL vs. BOS,L,18.3,0.0,2.0,0.0,6.0,5.0,3.0,0.0,8.0,0.0,1.0,1.0,1.0,16.8,1,871,871,871,1042,751,388,625,404,633,473,1,1322,547,1165,400,773,884,1,18:17
2024-25,203484,Kentavious Caldwell-Pope,Kentavious,1610612753,ORL,Orlando Magic,0042400114,2025-04-27T00:00:00,ORL vs. BOS,L,32.0,0.0,0.0,3.0,0.0,10.0,10.0,4.0,30.0,2.0,0.0,3.0,0.0,28.4,1,871,871,871,527,751,705,204,1167,1167,1221,665,431,59,1,1145,1168,509,1,31:58
2024-25,1628978,Donte DiVincenzo,Donte,1610612750,MIN,Minnesota Timberwolves,0042400164,2025-04-27T00:00:00,MIN vs. LAL,W,28.6,0.0,3.0,0.0,4.0,2.0,8.0,2.0,24.0,0.0,1.0,4.0,1.0,28.4,1,1,1,1,670,751,251,625,582,256,1028,358,678,547,1165,1412,773,509,1,28:34
2024-25,203081,Damian Lillard,Damian,1610612749,MIL,Milwaukee Bucks,0042400134,2025-04-27T00:00:00,MIL vs. IND,L,6.1,0.0,0.0,0.0,0.0,2.0,0.0,4.0,10.0,0.0,0.0,0.0,0.0,5.4,1,871,871,871,1475,751,705,625,1167,256,1,665,1249,547,1,1,1168,1360,1,6:03
2024-25,1630174,Aaron Nesmith,Aaron,1610612754,IND,Indiana Pacers,0042400134,2025-04-27T00:00:00,IND @ MIL,W,24.8,2.0,0.0,3.0,6.0,5.0,7.0,2.0,20.0,1.0,0.0,3.0,4.0,23.0,1,1,1,1,814,423,705,204,404,633,898,358,832,170,1,1145,227,657,1,24:47
2024-25,1628398,Kyle Kuzma,Kyle,1610612749,MIL,Milwaukee Bucks,0042400134,2025-04-27T00:00:00,MIL vs. IND,L,16.1,0.0,0.0,0.0,2.0,2.0,0.0,9.0,22.0,0.0,1.0,3.0,1.0,4.5,1,871,871,871,1124,751,705,625,802,256,1,1249,754,547,1165,1145,773,1413,1,16:03
2024-25,1631216,Caleb Houstan,Caleb,1610612753,ORL,Orlando Magic,0042400114,2025-04-27T00:00:00,ORL vs. BOS,L,13.2,0.0,0.0,0.0,0.0,3.0,6.0,0.0,6.0,0.0,0.0,0.0,0.0,1.2,1,871,871,871,1242,751,705,625,1167,431,804,1,1404,547,1,1,1168,1559,1,13:13
2024-25,1628436,Luke Kornet,Luke,1610612738,BOS,Boston Celtics,0042400114,2025-04-27T00:00:00,BOS @ ORL,W,16.4,0.0,0.0,0.0,0.0,4.0,4.0,3.0,10.0,1.0,0.0,0.0,0.0,5.7,1,1,1,1,1111,751,705,625,1167,515,578,556,1249,170,1,1,1168,1348,1,16:22
2024-25,1628976,Wendell Carter Jr.,Wendell,1610612753,ORL,Orlando Magic,0042400114,2025-04-27T00:00:00,ORL vs. BOS,L,35.8,0.0,2.0,0.0,8.0,10.0,10.0,4.0,34.0,1.0,0.0,3.0,2.0,27.7,1,871,871,871,339,751,388,625,265,1167,1221,665,299,170,1,1145,505,525,1,35:50
2024-25,1628969,Mikal Bridges,Mikal,1610612752,NYK,New York Knicks,0042400124,2025-04-27T00:00:00,NYK @ DET,W,43.5,2.0,3.0,0.0,2.0,11.0,16.0,13.0,46.0,1.0,2.0,2.0,1.0,27.7,1,1,1,1,41,423,251,625,802,1253,1611,1521,52,170,1564,763,773,525,1,43:32
2024-25,1630183,Jaden McDaniels,Jaden,1610612750,MIN,Minnesota Timberwolves,0042400164,2025-04-27T00:00:00,MIN vs. LAL,W,38.5,1.0,8.0,1.0,8.0,5.0,19.0,5.0,20.0,0.0,0.0,4.0,2.0,34.7,1,1,1,1,220,722,19,600,265,633,1674,808,832,547,1,1412,505,355,1,38:28
2024-25,203497,Rudy Gobert,Rudy,1610612750,MIN,Minnesota Timberwolves,0042400164,2025-04-27T00:00:00,MIN vs. LAL,W,26.2,2.0,2.0,0.0,2.0,5.0,16.0,5.0,16.0,0.0,2.0,3.0,5.0,17.0,1,1,1,1,758,423,388,625,802,633,1611,808,991,547,1564,1145,143,876,1,26:10
2024-25,202709,Cory Joseph,Cory,1610612753,ORL,Orlando Magic,0042400114,2025-04-27T00:00:00,ORL vs. BOS,L,27.4,0.0,0.0,0.0,2.0,8.0,8.0,4.0,30.0,0.0,1.0,3.0,1.0,27.6,1,871,871,871,712,751,705,625,802,978,1028,665,431,547,1165,1145,773,528,1,27:24
2024-25,1630595,Cade Cunningham,Cade,1610612765,DET,Detroit Pistons,0042400124,2025-04-27T00:00:00,DET vs. NYK,L,42.4,6.0,2.0,1.0,18.0,18.0,12.0,12.0,28.0,4.0,0.0,2.0,6.0,57.0,1,871,871,871,70,67,388,600,20,1602,1393,1472,514,7,1,763,92,46,1,42:26
2024-25,1628384,OG Anunoby,OG,1610612752,NYK,New York Knicks,0042400124,2025-04-27T00:00:00,NYK @ DET,W,39.1,0.0,2.0,4.0,6.0,13.0,18.0,13.0,44.0,0.0,2.0,2.0,2.0,19.4,1,1,1,1,199,751,388,124,404,1382,1656,1521,78,547,1564,763,505,786,1,39:03
2024-25,1630162,Anthony Edwards,Anthony,1610612750,MIN,Minnesota Timberwolves,0042400164,2025-04-27T00:00:00,MIN vs. LAL,W,44.4,9.0,5.0,6.0,14.0,5.0,16.0,7.0,30.0,1.0,0.0,2.0,8.0,64.8,1,1,1,1,24,18,90,43,65,633,1611,1055,431,170,1,763,26,18,1,44:22
2024-25,1630579,Jericho Sims,Jericho,1610612749,MIL,Milwaukee Bucks,0042400134,2025-04-27T00:00:00,MIL vs. IND,L,14.3,2.0,0.0,0.0,4.0,2.0,3.0,4.0,8.0,0.0,0.0,1.0,1.0,11.1,1,871,871,871,1190,423,705,625,582,256,473,665,1322,547,1,400,773,1128,1,14:15
2024-25,1629675,Naz Reid,Naz,1610612750,MIN,Minnesota Timberwolves,0042400164,2025-04-27T00:00:00,MIN vs. LAL,W,19.6,2.0,0.0,2.0,4.0,0.0,3.0,4.0,14.0,0.0,1.0,2.0,2.0,18.8,1,1,1,1,985,423,705,325,582,1,473,665,1080,547,1165,763,505,811,1,19:38
2024-25,1626171,Bobby Portis,Bobby,1610612749,MIL,Milwaukee Bucks,0042400134,2025-04-27T00:00:00,MIL vs. IND,L,24.8,3.0,3.0,0.0,4.0,1.0,9.0,12.0,26.0,0.0,1.0,1.0,0.0,18.1,1,871,871,871,813,271,251,625,582,214,1128,1472,586,547,1165,400,1168,831,1,24:48
2024-25,1641748,Andre Jackson Jr.,Andre,1610612749,MIL,Milwaukee Bucks,0042400134,2025-04-27T00:00:00,MIL vs. IND,L,3.9,0.0,0.0,0.0,0.0,0.0,0.0,0.0,2.0,0.0,0.0,0.0,0.0,0.0,1,871,871,871,1552,751,705,625,1167,1,1,1,1551,547,1,1,1168,1620,1,3:51
2024-25,1628396,Tony Bradley,Tony,1610612754,IND,Indiana Pacers,0042400134,2025-04-27T00:00:00,IND @ MIL,W,1.9,0.0,0.0,0.0,0.0,0.0,0.0,0.0,0.0,0.0,0.0,0.0,0.0,1.2,1,1,1,1,1673,751,705,625,1167,1,1,1,1643,547,1,1,1168,1559,1,1:54
2024-25,1631105,Jalen Duren,Jalen,1610612765,DET,Detroit Pistons,0042400124,2025-04-27T00:00:00,DET vs. NYK,L,37.7,0.0,6.0,2.0,6.0,20.0,14.0,10.0,26.0,2.0,0.0,3.0,0.0,35.4,1,871,871,871,247,751,50,325,404,1658,1513,1324,586,59,1,1145,1168,340,1,37:44
2024-25,1630167,Obi Toppin,Obi,1610612754,IND,Indiana Pacers,0042400134,2025-04-27T00:00:00,IND @ MIL,W,14.2,0.0,0.0,0.0,4.0,0.0,6.0,0.0,14.0,0.0,0.0,1.0,1.0,15.7,1,1,1,1,1193,751,705,625,582,1,804,1,1080,547,1,400,773,934,1,14:13
2024-25,1628369,Jayson Tatum,Jayson,1610612738,BOS,Boston Celtics,0042400114,2025-04-27T00:00:00,BOS @ ORL,W,42.2,6.0,5.0,0.0,6.0,4.0,12.0,11.0,42.0,0.0,1.0,3.0,10.0,65.3,1,1,1,1,84,67,90,625,404,515,1393,1399,114,547,1165,1145,10,13,1,42:11
2024-25,1628378,Donovan Mitchell,Donovan,1610612739,CLE,Cleveland Cavaliers,0042400103,2025-04-26T00:00:00,CLE @ MIA,W,30.0,2.0,3.0,0.0,2.0,7.0,8.0,7.0,18.0,0.0,2.0,1.0,2.0,15.9,1,1,1,1,604,423,251,625,802,860,1028,1055,918,547,1564,400,505,921,1,29:58
2024-25,1631095,Jabari Smith Jr.,Jabari,1610612745,HOU,Houston Rockets,0042400153,2025-04-26T00:00:00,HOU @ GSW,L,25.6,0.0,0.0,0.0,2.0,12.0,13.0,6.0,20.0,2.0,0.0,0.0,1.0,23.0,1,871,871,871,781,751,705,625,802,1324,1459,944,832,59,1,1,773,657,1,25:37
2024-25,1631212,Peyton Watson,Peyton,1610612743,DEN,Denver Nuggets,0042400174,2025-04-26T00:00:00,DEN @ LAC,W,12.8,0.0,0.0,0.0,2.0,3.0,2.0,3.0,12.0,0.0,0.0,0.0,0.0,6.4,1,1,1,1,1255,751,705,625,802,431,308,556,1167,547,1,1,1168,1312,1,12:45
2024-25,1627832,Fred VanVleet,Fred,1610612745,HOU,Houston Rockets,0042400153,2025-04-26T00:00:00,HOU @ GSW,L,40.6,0.0,0.0,0.0,2.0,10.0,15.0,10.0,40.0,0.0,1.0,2.0,6.0,26.3,1,871,871,871,126,751,705,625,802,1167,1571,1324,162,547,1165,763,92,553,1,40:35
2024-25,1629652,Luguentz Dort,Luguentz,1610612760,OKC,Oklahoma City Thunder,0042400144,2025-04-26T00:00:00,OKC @ MEM,W,28.5,2.0,0.0,0.0,0.0,2.0,8.0,5.0,28.0,0.0,0.0,3.0,5.0,6.4,1,1,1,1,674,423,705,625,1167,256,1028,808,514,547,1,1145,143,1312,1,28:28
2024-25,202684,Tristan Thompson,Tristan,1610612739,CLE,Cleveland Cavaliers,0042400103,2025-04-26T00:00:00,CLE @ MIA,W,5.3,0.0,0.0,0.0,0.0,2.0,0.0,5.0,0.0,0.0,0.0,0.0,0.0,2.4,1,1,1,1,1498,751,705,625,1167,256,1,808,1643,547,1,1,1168,1511,1,5:16
2024-25,1631106,Tari Eason,Tari,1610612745,HOU,Houston Rockets,0042400153,2025-04-26T00:00:00,HOU @ GSW,L,18.9,3.0,0.0,3.0,2.0,6.0,11.0,2.0,18.0,2.0,0.0,3.0,1.0,20.2,1,871,871,871,1023,271,705,204,802,735,1313,358,918,59,1,1145,773,753,1,18:56
2024-25,201587,Nicolas Batum,Nicolas,1610612746,LAC,LA Clippers,0042400174,2025-04-26T00:00:00,LAC vs. DEN,L,19.2,0.0,0.0,3.0,0.0,3.0,2.0,2.0,20.0,1.0,0.0,2.0,0.0,14.1,1,871,871,871,1012,751,705,204,1167,431,308,358,832,170,1,763,1168,1007,1,19:09
2024-25,1630205,Lamar Stevens,Lamar,1610612763,MEM,Memphis Grizzlies,0042400144,2025-04-26T00:00:00,MEM vs. OKC,L,0.0,0.0,0.0,0.0,0.0,0.0,0.0,0.0,0.0,0.0,0.0,1.0,0.0,0.0,1,871,871,871,1731,751,705,625,1167,1,1,1,1643,547,1,400,1168,1620,1,0:01
2024-25,1627936,Alex Caruso,Alex,1610612760,OKC,Oklahoma City Thunder,0042400144,2025-04-26T00:00:00,OKC @ MEM,W,25.7,1.0,5.0,0.0,0.0,5.0,9.0,4.0,20.0,1.0,0.0,0.0,3.0,26.1,1,1,1,1,778,722,90,625,1167,633,1128,665,832,170,1,1,344,559,1,25:41
2024-25,203999,Nikola Jokić,Nikola,1610612743,DEN,Denver Nuggets,0042400174,2025-04-26T00:00:00,DEN @ LAC,W,43.5,3.0,9.0,4.0,20.0,16.0,14.0,4.0,52.0,1.0,1.0,4.0,8.0,80.2,1,1,1,1,46,271,9,124,13,1539,1513,665,14,170,1165,1412,26,2,1,43:28
2024-25,1627741,Buddy Hield,Buddy,1610612744,GSW,Golden State Warriors,0042400153,2025-04-26T00:00:00,GSW vs. HOU,W,29.2,3.0,6.0,2.0,2.0,9.0,9.0,7.0,26.0,0.0,1.0,2.0,1.0,29.4,1,1,1,1,645,271,50,325,802,1085,1128,1055,586,547,1165,763,773,475,1,29:11
2024-25,1626181,Norman Powell,Norman,1610612746,LAC,LA Clippers,0042400174,2025-04-26T00:00:00,LAC vs. DEN,L,35.6,3.0,2.0,0.0,6.0,4.0,22.0,8.0,42.0,0.0,1.0,2.0,4.0,29.3,1,871,871,871,351,271,388,625,404,515,1712,1162,114,547,1165,763,227,478,1,35:33
2024-25,1642276,Kel'el Ware,Kel'el,1610612748,MIA,Miami Heat,0042400103,2025-04-26T00:00:00,MIA vs. CLE,L,18.6,2.0,0.0,0.0,2.0,7.0,8.0,4.0,24.0,0.0,0.0,1.0,1.0,16.0,1,871,871,871,1034,423,705,625,802,860,1028,665,678,547,1,400,773,918,1,18:37
2024-25,1627732,Ben Simmons,Ben,1610612746,LAC,LA Clippers,0042400174,2025-04-26T00:00:00,LAC vs. DEN,L,6.9,2.0,0.0,2.0,2.0,0.0,0.0,0.0,8.0,1.0,0.0,4.0,0.0,4.0,1,871,871,871,1450,423,705,325,802,1,1,1,1322,170,1,1412,1168,1449,1,6:52
2024-25,1631170,Jaime Jaquez Jr.,Jaime,1610612748,MIA,Miami Heat,0042400103,2025-04-26T00:00:00,MIA vs. CLE,L,5.4,0.0,0.0,0.0,0.0,7.0,4.0,2.0,10.0,0.0,0.0,0.0,1.0,-1.0,1,871,871,871,1496,751,705,625,1167,860,578,358,1249,547,1,1,773,1717,1,5:25
2024-25,1641708,Amen Thompson,Amen,1610612745,HOU,Houston Rockets,0042400153,2025-04-26T00:00:00,HOU @ GSW,L,36.7,0.0,4.0,1.0,10.0,10.0,13.0,8.0,30.0,1.0,1.0,2.0,2.0,27.4,1,871,871,871,298,751,147,600,175,1167,1459,1162,431,170,1165,763,505,532,1,36:44
2024-25,203992,Bogdan Bogdanović,Bogdan,1610612746,LAC,LA Clippers,0042400174,2025-04-26T00:00:00,LAC vs. DEN,L,19.2,2.0,2.0,0.0,4.0,3.0,5.0,0.0,12.0,0.0,0.0,3.0,0.0,14.8,1,871,871,871,1011,423,388,625,582,431,701,1,1167,547,1,1145,1168,975,1,19:10
2024-25,1642281,Jaylon Tyson,Jaylon,1610612739,CLE,Cleveland Cavaliers,0042400103,2025-04-26T00:00:00,CLE @ MIA,W,5.3,7.0,0.0,2.0,4.0,2.0,0.0,5.0,0.0,0.0,0.0,0.0,0.0,15.4,1,1,1,1,1498,39,705,325,582,256,1,808,1643,547,1,1,1168,946,1,5:16
2024-25,1641764,Brandin Podziemski,Brandin,1610612744,GSW,Golden State Warriors,0042400153,2025-04-26T00:00:00,GSW vs. HOU,W,33.1,1.0,0.0,0.0,4.0,5.0,4.0,5.0,22.0,0.0,1.0,2.0,3.0,20.8,1,1,1,1,478,722,705,625,582,633,578,808,754,547,1165,763,344,737,1,33:03
2024-25,1631128,Christian Braun,Christian,1610612743,DEN,Denver Nuggets,0042400174,2025-04-26T00:00:00,DEN @ LAC,W,43.5,2.0,6.0,4.0,14.0,16.0,14.0,4.0,52.0,2.0,0.0,2.0,1.0,40.9,1,1,1,1,46,423,50,124,65,1539,1513,665,14,59,1,763,773,223,1,43:28
2024-25,203500,Steven Adams,Steven,1610612745,HOU,Houston Rockets,0042400153,2025-04-26T00:00:00,HOU @ GSW,L,18.1,2.0,4.0,2.0,4.0,8.0,8.0,2.0,16.0,0.0,0.0,0.0,4.0,20.2,1,871,871,871,1047,423,147,325,582,978,1028,358,991,547,1,1,227,753,1,18:09
2024-25,1628427,Vlatko Čančar,Vlatko,1610612743,DEN,Denver Nuggets,0042400174,2025-04-26T00:00:00,DEN @ LAC,W,2.0,0.0,0.0,0.0,0.0,2.0,0.0,2.0,2.0,0.0,0.0,0.0,0.0,-1.0,1,1,1,1,1650,751,705,625,1167,256,1,358,1551,547,1,1,1168,1717,1,2:02
2024-25,1627884,Derrick Jones Jr.,Derrick,1610612746,LAC,LA Clippers,0042400174,2025-04-26T00:00:00,LAC vs. DEN,L,14.6,0.0,0.0,0.0,2.0,3.0,0.0,2.0,14.0,0.0,0.0,0.0,1.0,6.7,1,871,871,871,1179,751,705,625,802,431,1,358,1080,547,1,1,773,1303,1,14:34
2024-25,1627826,Ivica Zubac,Ivica,1610612746,LAC,LA Clippers,0042400174,2025-04-26T00:00:00,LAC vs. DEN,L,41.1,4.0,4.0,0.0,18.0,7.0,22.0,10.0,44.0,1.0,0.0,1.0,3.0,48.4,1,871,871,871,112,171,147,625,20,860,1712,1324,78,170,1,400,344,119,1,41:08
2024-25,1629026,Kenrich Williams,Kenrich,1610612760,OKC,Oklahoma City Thunder,0042400144,2025-04-26T00:00:00,OKC @ MEM,W,1.5,0.0,0.0,0.0,0.0,3.0,0.0,0.0,0.0,0.0,0.0,1.0,0.0,0.2,1,1,1,1,1682,751,705,625,1167,431,1,1,1643,547,1,400,1168,1610,1,1:32
2024-25,1642366,Quinten Post,Quinten,1610612744,GSW,Golden State Warriors,0042400153,2025-04-26T00:00:00,GSW vs. HOU,W,27.4,0.0,0.0,0.0,2.0,7.0,9.0,5.0,18.0,1.0,1.0,4.0,0.0,28.4,1,1,1,1,713,751,705,625,802,860,1128,808,918,170,1165,1412,1168,509,1,27:23
2024-25,1629731,Dean Wade,Dean,1610612739,CLE,Cleveland Cavaliers,0042400103,2025-04-26T00:00:00,CLE @ MIA,W,21.8,0.0,0.0,0.0,0.0,5.0,8.0,5.0,16.0,0.0,0.0,1.0,0.0,6.8,1,1,1,1,909,751,705,625,1167,633,1028,808,991,547,1,400,1168,1299,1,21:48
2024-25,202695,Kawhi Leonard,Kawhi,1610612746,LAC,LA Clippers,0042400174,2025-04-26T00:00:00,LAC vs. DEN,L,39.9,2.0,2.0,2.0,16.0,4.0,22.0,10.0,46.0,0.0,1.0,3.0,4.0,41.8,1,871,871,871,160,423,388,325,34,515,1712,1324,52,547,1165,1145,227,206,1,39:56
2024-25,1628389,Bam Adebayo,Bam,1610612748,MIA,Miami Heat,0042400103,2025-04-26T00:00:00,MIA vs. CLE,L,40.2,0.0,9.0,0.0,8.0,10.0,18.0,7.0,46.0,0.0,0.0,2.0,2.0,28.3,1,871,871,871,140,751,9,625,265,1167,1656,1055,52,547,1,763,505,513,1,40:12
2024-25,1629750,Javonte Green,Javonte,1610612739,CLE,Cleveland Cavaliers,0042400103,2025-04-26T00:00:00,CLE @ MIA,W,5.3,0.0,2.0,0.0,2.0,2.0,0.0,5.0,0.0,0.0,0.0,0.0,0.0,7.7,1,1,1,1,1498,751,388,625,802,256,1,808,1643,547,1,1,1168,1267,1,5:16
2024-25,1628991,Jaren Jackson Jr.,Jaren,1610612763,MEM,Memphis Grizzlies,0042400144,2025-04-26T00:00:00,MEM vs. OKC,L,34.7,2.0,0.0,0.0,4.0,24.0,13.0,13.0,40.0,1.0,2.0,5.0,4.0,23.8,1,871,871,871,383,423,705,625,582,1713,1459,1521,162,170,1564,1609,227,628,1,34:45
2024-25,1630643,Jay Huff,Jay,1610612763,MEM,Memphis Grizzlies,0042400144,2025-04-26T00:00:00,MEM vs. OKC,L,6.0,0.0,0.0,0.0,0.0,6.0,0.0,5.0,6.0,1.0,0.0,1.0,0.0,5.7,1,871,871,871,1479,751,705,625,1167,735,1,808,1404,170,1,400,1168,1348,1,5:57
2024-25,1629130,Duncan Robinson,Duncan,1610612748,MIA,Miami Heat,0042400103,2025-04-26T00:00:00,MIA vs. CLE,L,17.8,2.0,1.0,2.0,0.0,9.0,9.0,2.0,26.0,0.0,0.0,2.0,2.0,5.0,1,871,871,871,1064,423,671,325,1167,1085,1128,358,586,547,1,763,505,1384,1,17:50
2024-25,1626172,Kevon Looney,Kevon,1610612744,GSW,Golden State Warriors,0042400153,2025-04-26T00:00:00,GSW vs. HOU,W,13.9,0.0,2.0,0.0,2.0,4.0,2.0,2.0,18.0,0.0,1.0,4.0,1.0,11.0,1,1,1,1,1206,751,388,625,802,515,308,358,918,547,1165,1412,773,1130,1,13:55
2024-25,1630583,Santi Aldama,Santi,1610612763,MEM,Memphis Grizzlies,0042400144,2025-04-26T00:00:00,MEM vs. OKC,L,40.1,0.0,0.0,3.0,6.0,24.0,13.0,11.0,42.0,0.0,0.0,3.0,1.0,36.3,1,871,871,871,149,751,705,204,404,1713,1459,1399,114,547,1,1145,773,316,1,40:04
2024-25,1629622,Max Strus,Max,1610612739,CLE,Cleveland Cavaliers,0042400103,2025-04-26T00:00:00,CLE @ MIA,W,31.4,3.0,2.0,0.0,6.0,4.0,8.0,0.0,24.0,0.0,0.0,4.0,1.0,36.3,1,1,1,1,550,271,388,625,404,515,1028,1,678,547,1,1412,773,316,1,31:23
2024-25,201935,James Harden,James,1610612746,LAC,LA Clippers,0042400174,2025-04-26T00:00:00,LAC vs. DEN,L,42.9,3.0,4.0,0.0,8.0,7.0,22.0,10.0,50.0,2.0,1.0,3.0,5.0,44.3,1,871,871,871,57,271,147,625,265,860,1712,1324,26,59,1165,1145,143,167,1,42:52
2024-25,1631246,Vince Williams Jr.,Vince,1610612763,MEM,Memphis Grizzlies,0042400144,2025-04-26T00:00:00,MEM vs. OKC,L,18.1,3.0,0.0,0.0,0.0,13.0,2.0,6.0,22.0,0.0,0.0,2.0,1.0,23.3,1,871,871,871,1050,271,705,625,1167,1382,308,944,754,547,1,763,773,649,1,18:05
2024-25,201599,DeAndre Jordan,DeAndre,1610612743,DEN,Denver Nuggets,0042400174,2025-04-26T00:00:00,DEN @ LAC,W,4.5,0.0,0.0,0.0,2.0,0.0,0.0,3.0,4.0,0.0,0.0,0.0,2.0,2.0,1,1,1,1,1531,751,705,625,802,1,1,556,1472,547,1,1,505,1525,1,4:32
2024-25,1631119,Jaylin Williams,Jaylin,1610612760,OKC,Oklahoma City Thunder,0042400144,2025-04-26T00:00:00,OKC @ MEM,W,3.6,0.0,0.0,0.0,0.0,2.0,2.0,0.0,4.0,0.0,0.0,1.0,0.0,0.0,1,1,1,1,1575,751,705,625,1167,256,308,1,1472,547,1,400,1168,1620,1,3:35
2024-25,1629008,Michael Porter Jr.,Michael,1610612743,DEN,Denver Nuggets,0042400174,2025-04-26T00:00:00,DEN @ LAC,W,42.1,2.0,0.0,2.0,2.0,14.0,12.0,5.0,50.0,0.0,1.0,3.0,2.0,21.8,1,1,1,1,87,423,705,325,802,1443,1393,808,26,547,1165,1145,505,699,1,42:09
2024-25,1627750,Jamal Murray,Jamal,1610612743,DEN,Denver Nuggets,0042400174,2025-04-26T00:00:00,DEN @ LAC,W,42.5,0.0,3.0,0.0,4.0,11.0,14.0,5.0,50.0,0.0,1.0,4.0,3.0,34.9,1,1,1,1,68,751,251,625,582,1253,1513,808,26,547,1165,1412,344,353,1,42:27
2024-25,1630596,Evan Mobley,Evan,1610612739,CLE,Cleveland Cavaliers,0042400103,2025-04-26T00:00:00,CLE @ MIA,W,31.6,2.0,3.0,0.0,12.0,9.0,7.0,7.0,26.0,1.0,0.0,1.0,1.0,34.7,1,1,1,1,547,423,251,625,109,1085,898,1055,586,170,1,400,773,355,1,31:33
2024-25,1628386,Jarrett Allen,Jarrett,1610612739,CLE,Cleveland Cavaliers,0042400103,2025-04-26T00:00:00,CLE @ MIA,W,25.9,2.0,6.0,4.0,16.0,4.0,5.0,2.0,16.0,0.0,0.0,1.0,4.0,34.5,1,1,1,1,766,423,50,124,34,515,701,358,991,547,1,400,227,360,1,25:56
2024-25,1630228,Jonathan Kuminga,Jonathan,1610612744,GSW,Golden State Warriors,0042400153,2025-04-26T00:00:00,GSW vs. HOU,W,16.7,0.0,0.0,2.0,6.0,2.0,0.0,2.0,12.0,0.0,1.0,3.0,1.0,10.2,1,1,1,1,1099,751,705,325,404,256,1,358,1167,547,1165,1145,773,1167,1,16:45
2024-25,1631107,Nikola Jović,Nikola,1610612748,MIA,Miami Heat,0042400103,2025-04-26T00:00:00,MIA vs. CLE,L,19.4,0.0,0.0,0.0,0.0,16.0,9.0,4.0,30.0,0.0,1.0,1.0,1.0,11.6,1,871,871,871,999,751,705,625,1167,1539,1128,665,431,547,1165,400,773,1097,1,19:23
2024-25,1630590,Scotty Pippen Jr.,Scotty,1610612763,MEM,Memphis Grizzlies,0042400144,2025-04-26T00:00:00,MEM vs. OKC,L,36.9,2.0,3.0,0.0,12.0,26.0,13.0,18.0,46.0,0.0,3.0,6.0,7.0,44.2,1,871,871,871,288,423,251,625,109,1724,1459,1682,52,547,1689,1711,53,169,1,36:53
2024-25,1631114,Jalen Williams,Jalen,1610612760,OKC,Oklahoma City Thunder,0042400144,2025-04-26T00:00:00,OKC @ MEM,W,37.8,11.0,0.0,10.0,12.0,6.0,9.0,7.0,30.0,0.0,2.0,4.0,3.0,34.3,1,1,1,1,245,6,705,7,109,735,1128,1055,431,547,1564,1412,344,364,1,37:45
2024-25,1628379,Luke Kennard,Luke,1610612763,MEM,Memphis Grizzlies,0042400144,2025-04-26T00:00:00,MEM vs. OKC,L,17.7,0.0,0.0,0.0,2.0,7.0,5.0,6.0,18.0,0.0,0.0,1.0,0.0,10.1,1,871,871,871,1070,751,705,625,802,860,701,944,918,547,1,400,1168,1172,1,17:43
2024-25,1630558,Davion Mitchell,Davion,1610612748,MIA,Miami Heat,0042400103,2025-04-26T00:00:00,MIA vs. CLE,L,36.5,7.0,0.0,5.0,10.0,5.0,16.0,2.0,38.0,1.0,0.0,3.0,2.0,34.3,1,871,871,871,305,39,705,74,175,633,1611,358,202,170,1,1145,505,364,1,36:32
2024-25,1629312,Haywood Highsmith,Haywood,1610612748,MIA,Miami Heat,0042400103,2025-04-26T00:00:00,MIA vs. CLE,L,15.3,0.0,0.0,0.0,0.0,14.0,7.0,3.0,16.0,0.0,0.0,4.0,0.0,11.7,1,871,871,871,1151,751,705,625,1167,1443,898,556,991,547,1,1412,1168,1088,1,15:20
2024-25,1627739,Kris Dunn,Kris,1610612746,LAC,LA Clippers,0042400174,2025-04-26T00:00:00,LAC vs. DEN,L,20.8,0.0,0.0,0.0,0.0,4.0,15.0,8.0,24.0,0.0,1.0,2.0,0.0,11.7,1,871,871,871,955,751,705,625,1167,515,1571,1162,678,547,1165,763,1168,1088,1,20:46
2024-25,1630171,Isaac Okoro,Isaac,1610612739,CLE,Cleveland Cavaliers,0042400103,2025-04-26T00:00:00,CLE @ MIA,W,9.0,0.0,4.0,0.0,6.0,2.0,1.0,5.0,0.0,0.0,0.0,3.0,0.0,11.7,1,1,1,1,1384,751,147,625,404,256,285,808,1643,547,1,1145,1168,1088,1,8:59
2024-25,1629723,John Konchar,John,1610612763,MEM,Memphis Grizzlies,0042400144,2025-04-26T00:00:00,MEM vs. OKC,L,16.3,0.0,0.0,0.0,2.0,16.0,4.0,14.0,20.0,1.0,0.0,2.0,1.0,19.2,1,871,871,871,1114,751,705,625,802,1539,578,1578,832,170,1,763,773,792,1,16:17
2024-25,1641796,Pelle Larsson,Pelle,1610612748,MIA,Miami Heat,0042400103,2025-04-26T00:00:00,MIA vs. CLE,L,16.7,0.0,0.0,3.0,0.0,19.0,10.0,7.0,26.0,0.0,0.0,0.0,0.0,11.9,1,871,871,871,1101,751,705,204,1167,1636,1221,1055,586,547,1,1,1168,1080,1,16:42
2024-25,1630241,Sam Merrill,Sam,1610612739,CLE,Cleveland Cavaliers,0042400103,2025-04-26T00:00:00,CLE @ MIA,W,19.2,0.0,0.0,0.0,0.0,4.0,2.0,2.0,14.0,0.0,0.0,1.0,0.0,2.9,1,1,1,1,1010,751,705,625,1167,515,308,358,1080,547,1,400,1168,1497,1,19:10
2024-25,203932,Aaron Gordon,Aaron,1610612743,DEN,Denver Nuggets,0042400174,2025-04-26T00:00:00,DEN @ LAC,W,42.9,0.0,4.0,0.0,8.0,16.0,14.0,4.0,52.0,1.0,1.0,3.0,4.0,33.7,1,1,1,1,55,751,147,625,265,1539,1513,665,14,170,1165,1145,227,377,1,42:55
2024-25,1630198,Isaiah Joe,Isaiah,1610612760,OKC,Oklahoma City Thunder,0042400144,2025-04-26T00:00:00,OKC @ MEM,W,14.2,0.0,0.0,0.0,2.0,2.0,7.0,2.0,10.0,0.0,0.0,0.0,3.0,16.7,1,1,1,1,1195,751,705,625,802,256,898,358,1249,547,1,1,344,891,1,14:13
2024-25,203952,Andrew Wiggins,Andrew,1610612748,MIA,Miami Heat,0042400103,2025-04-26T00:00:00,MIA vs. CLE,L,33.4,0.0,0.0,0.0,2.0,9.0,13.0,7.0,40.0,2.0,0.0,2.0,3.0,19.7,1,871,871,871,451,751,705,625,802,1085,1459,1055,162,59,1,763,344,772,1,33:26
2024-25,1630541,Moses Moody,Moses,1610612744,GSW,Golden State Warriors,0042400153,2025-04-26T00:00:00,GSW vs. HOU,W,23.3,5.0,0.0,2.0,4.0,6.0,7.0,6.0,18.0,0.0,0.0,0.0,1.0,13.6,1,1,1,1,859,107,705,325,582,735,898,944,918,547,1,1,773,1029,1,23:20
2024-25,1629631,De'Andre Hunter,De'Andre,1610612739,CLE,Cleveland Cavaliers,0042400103,2025-04-26T00:00:00,CLE @ MIA,W,28.4,5.0,2.0,3.0,4.0,7.0,7.0,7.0,20.0,0.0,0.0,3.0,6.0,31.3,1,1,1,1,678,107,388,204,582,860,898,1055,832,547,1,1145,92,433,1,28:24
2024-25,201939,Stephen Curry,Stephen,1610612744,GSW,Golden State Warriors,0042400153,2025-04-26T00:00:00,GSW vs. HOU,W,41.0,2.0,8.0,2.0,8.0,9.0,11.0,6.0,36.0,2.0,0.0,0.0,7.0,64.9,1,1,1,1,116,423,19,325,265,1085,1313,944,246,59,1,1,53,17,1,40:59
2024-25,1627780,Gary Payton II,Gary,1610612744,GSW,Golden State Warriors,0042400153,2025-04-26T00:00:00,GSW vs. HOU,W,21.4,2.0,2.0,2.0,10.0,6.0,4.0,5.0,20.0,0.0,0.0,2.0,1.0,21.1,1,1,1,1,924,423,388,325,175,735,578,808,832,547,1,763,773,729,1,21:23
2024-25,1630217,Desmond Bane,Desmond,1610612763,MEM,Memphis Grizzlies,0042400144,2025-04-26T00:00:00,MEM vs. OKC,L,37.7,2.0,4.0,4.0,8.0,31.0,12.0,16.0,42.0,0.0,2.0,5.0,5.0,31.5,1,871,871,871,248,423,147,124,265,1731,1393,1654,114,547,1564,1609,143,428,1,37:43
2024-25,1628415,Dillon Brooks,Dillon,1610612745,HOU,Houston Rockets,0042400153,2025-04-26T00:00:00,HOU @ GSW,L,27.7,0.0,3.0,0.0,0.0,4.0,2.0,4.0,24.0,1.0,2.0,6.0,1.0,25.7,1,871,871,871,698,751,251,625,1167,515,308,665,678,170,1564,1711,773,572,1,27:44
2024-25,1631096,Chet Holmgren,Chet,1610612760,OKC,Oklahoma City Thunder,0042400144,2025-04-26T00:00:00,OKC @ MEM,W,29.1,4.0,0.0,2.0,4.0,2.0,6.0,7.0,30.0,4.0,2.0,1.0,5.0,31.9,1,1,1,1,647,171,705,325,582,256,804,1055,431,7,1564,400,143,421,1,29:09
2024-25,1630224,Jalen Green,Jalen,1610612745,HOU,Houston Rockets,0042400153,2025-04-26T00:00:00,HOU @ GSW,L,38.8,2.0,0.0,2.0,6.0,10.0,18.0,10.0,42.0,0.0,1.0,0.0,1.0,25.7,1,871,871,871,211,423,705,325,404,1167,1656,1324,114,547,1165,1,773,572,1,38:46
2024-25,1629639,Tyler Herro,Tyler,1610612748,MIA,Miami Heat,0042400103,2025-04-26T00:00:00,MIA vs. CLE,L,36.6,0.0,0.0,2.0,8.0,9.0,16.0,7.0,44.0,0.0,0.0,2.0,3.0,22.3,1,871,871,871,304,751,705,325,265,1085,1611,1055,78,547,1,763,344,687,1,36:33
2024-25,1641744,Zach Edey,Zach,1610612763,MEM,Memphis Grizzlies,0042400144,2025-04-26T00:00:00,MEM vs. OKC,L,32.5,0.0,4.0,0.0,6.0,18.0,13.0,11.0,34.0,7.0,0.0,6.0,1.0,39.1,1,871,871,871,505,751,147,625,404,1602,1459,1399,299,1,1,1711,773,256,1,32:32
2024-25,1629660,Ty Jerome,Ty,1610612739,CLE,Cleveland Cavaliers,0042400103,2025-04-26T00:00:00,CLE @ MIA,W,21.8,0.0,0.0,0.0,8.0,5.0,4.0,5.0,16.0,0.0,1.0,0.0,3.0,39.1,1,1,1,1,911,751,705,625,265,633,578,808,991,547,1165,1,344,256,1,21:45
2024-25,1628392,Isaiah Hartenstein,Isaiah,1610612760,OKC,Oklahoma City Thunder,0042400144,2025-04-26T00:00:00,OKC @ MEM,W,25.3,2.0,4.0,0.0,10.0,4.0,3.0,3.0,18.0,0.0,1.0,4.0,1.0,38.9,1,1,1,1,801,423,147,625,175,515,473,556,918,547,1165,1412,773,260,1,25:15
2024-25,1641854,Craig Porter Jr.,Craig,1610612739,CLE,Cleveland Cavaliers,0042400103,2025-04-26T00:00:00,CLE @ MIA,W,5.3,0.0,0.0,0.0,0.0,2.0,0.0,5.0,0.0,0.0,0.0,0.0,0.0,3.5,1,1,1,1,1498,751,705,625,1167,256,1,808,1643,547,1,1,1168,1464,1,5:16
2024-25,203110,Draymond Green,Draymond,1610612744,GSW,Golden State Warriors,0042400153,2025-04-26T00:00:00,GSW vs. HOU,W,34.0,0.0,0.0,0.0,6.0,7.0,9.0,7.0,20.0,3.0,1.0,4.0,2.0,32.6,1,1,1,1,424,751,705,625,404,860,1128,1055,832,17,1165,1412,505,405,1,34:01
2024-25,1630598,Aaron Wiggins,Aaron,1610612760,OKC,Oklahoma City Thunder,0042400144,2025-04-26T00:00:00,OKC @ MEM,W,14.6,0.0,0.0,4.0,6.0,5.0,2.0,0.0,12.0,0.0,0.0,1.0,2.0,16.4,1,1,1,1,1177,751,705,124,404,633,308,1,1167,547,1,400,505,901,1,14:38
2024-25,1628983,Shai Gilgeous-Alexander,Shai,1610612760,OKC,Oklahoma City Thunder,0042400144,2025-04-26T00:00:00,OKC @ MEM,W,38.4,9.0,4.0,2.0,16.0,7.0,6.0,5.0,34.0,1.0,3.0,3.0,9.0,61.0,1,1,1,1,222,18,147,325,34,860,804,808,299,170,1689,1145,16,26,1,38:24
2024-25,1629618,Jalen Pickett,Jalen,1610612743,DEN,Denver Nuggets,0042400174,2025-04-26T00:00:00,DEN @ LAC,W,6.2,0.0,0.0,0.0,0.0,2.0,0.0,5.0,6.0,0.0,1.0,1.0,0.0,1.5,1,1,1,1,1473,751,705,625,1167,256,1,808,1404,547,1165,400,1168,1549,1,6:14
2024-25,1630578,Alperen Sengun,Alperen,1610612745,HOU,Houston Rockets,0042400153,2025-04-26T00:00:00,HOU @ GSW,L,33.5,4.0,0.0,1.0,12.0,5.0,10.0,8.0,30.0,0.0,1.0,4.0,5.0,33.2,1,871,871,871,447,171,705,600,109,633,1221,1162,431,547,1165,1412,143,390,1,33:29
2024-25,1641717,Cason Wallace,Cason,1610612760,OKC,Oklahoma City Thunder,0042400144,2025-04-26T00:00:00,OKC @ MEM,W,21.3,4.0,2.0,2.0,4.0,7.0,3.0,2.0,14.0,1.0,2.0,2.0,1.0,9.7,1,1,1,1,926,171,388,325,582,860,473,358,1080,170,1564,763,773,1190,1,21:20
2024-25,1642355,Bronny James,Bronny,1610612747,LAL,Los Angeles Lakers,0042400163,2025-04-25T00:00:00,LAL @ MIN,L,0.6,0.0,0.0,0.0,0.0,0.0,0.0,0.0,0.0,0.0,0.0,0.0,0.0,0.0,1,871,871,871,1718,751,705,625,1167,1,1,1,1643,547,1,1,1168,1620,1,0:39
2024-25,2544,LeBron James,LeBron,1610612747,LAL,Los Angeles Lakers,0042400163,2025-04-25T00:00:00,LAL @ MIN,L,41.2,8.0,8.0,11.0,12.0,23.0,11.0,15.0,46.0,2.0,1.0,0.0,5.0,67.0,1,871,871,871,108,29,19,3,109,1703,1313,1619,52,59,1165,1,143,11,1,41:09
2024-25,1642261,Dalton Knecht,Dalton,1610612747,LAL,Los Angeles Lakers,0042400163,2025-04-25T00:00:00,LAL @ MIN,L,0.6,0.0,0.0,0.0,0.0,0.0,0.0,0.0,0.0,0.0,0.0,0.0,0.0,0.0,1,871,871,871,1718,751,705,625,1167,1,1,1,1643,547,1,1,1168,1620,1,0:39
2024-25,1641716,Jarace Walker,Jarace,1610612754,IND,Indiana Pacers,0042400133,2025-04-25T00:00:00,IND @ MIL,L,5.8,0.0,2.0,0.0,2.0,7.0,3.0,2.0,6.0,0.0,0.0,1.0,0.0,2.0,1,871,871,871,1482,751,388,625,802,860,473,358,1404,547,1,400,1168,1525,1,5:50
2024-25,1630532,Franz Wagner,Franz,1610612753,ORL,Orlando Magic,0042400113,2025-04-25T00:00:00,ORL vs. BOS,W,37.9,12.0,5.0,7.0,14.0,8.0,4.0,11.0,34.0,0.0,3.0,4.0,7.0,57.4,1,1,1,1,241,3,90,33,65,978,578,1399,299,547,1689,1412,53,42,1,37:55
2024-25,1630175,Cole Anthony,Cole,1610612753,ORL,Orlando Magic,0042400113,2025-04-25T00:00:00,ORL vs. BOS,W,14.5,2.0,0.0,2.0,2.0,2.0,2.0,0.0,10.0,0.0,0.0,4.0,1.0,6.8,1,1,1,1,1185,423,705,325,802,256,308,1,1249,547,1,1412,773,1299,1,14:29
2024-25,203458,Alex Len,Alex,1610612747,LAL,Los Angeles Lakers,0042400163,2025-04-25T00:00:00,LAL @ MIN,L,0.6,0.0,0.0,0.0,0.0,0.0,0.0,0.0,0.0,0.0,0.0,0.0,0.0,0.0,1,871,871,871,1718,751,705,625,1167,1,1,1,1643,547,1,1,1168,1620,1,0:39
2024-25,1642277,Johnny Furphy,Johnny,1610612754,IND,Indiana Pacers,0042400133,2025-04-25T00:00:00,IND @ MIL,L,3.6,0.0,0.0,0.0,0.0,4.0,0.0,2.0,4.0,0.0,0.0,0.0,0.0,0.0,1,871,871,871,1576,751,705,625,1167,515,1,358,1472,547,1,1,1168,1620,1,3:33
2024-25,1629003,Shake Milton,Shake,1610612747,LAL,Los Angeles Lakers,0042400163,2025-04-25T00:00:00,LAL @ MIN,L,0.6,0.0,0.0,0.0,0.0,0.0,0.0,0.0,0.0,0.0,0.0,0.0,0.0,0.0,1,871,871,871,1718,751,705,625,1167,1,1,1,1643,547,1,1,1168,1620,1,0:39
2024-25,1627752,Taurean Prince,Taurean,1610612749,MIL,Milwaukee Bucks,0042400133,2025-04-25T00:00:00,MIL vs. IND,W,3.1,0.0,0.0,0.0,0.0,0.0,0.0,0.0,2.0,0.0,0.0,1.0,0.0,1.2,1,1,1,1,1596,751,705,625,1167,1,1,1,1551,547,1,400,1168,1559,1,3:07
2024-25,1626192,Pat Connaughton,Pat,1610612749,MIL,Milwaukee Bucks,0042400133,2025-04-25T00:00:00,MIL vs. IND,W,2.4,0.0,0.0,0.0,0.0,0.0,2.0,2.0,4.0,0.0,0.0,0.0,0.0,0.0,1,1,1,1,1630,751,705,625,1167,1,308,358,1472,547,1,1,1168,1620,1,2:25
2024-25,203507,Giannis Antetokounmpo,Giannis,1610612749,MIL,Milwaukee Bucks,0042400133,2025-04-25T00:00:00,MIL vs. IND,W,32.2,5.0,4.0,6.0,22.0,9.0,2.0,8.0,20.0,0.0,1.0,2.0,9.0,58.4,1,1,1,1,523,107,147,43,10,1085,308,1162,832,547,1165,763,16,34,1,32:12
2024-25,1631216,Caleb Houstan,Caleb,1610612753,ORL,Orlando Magic,0042400113,2025-04-25T00:00:00,ORL vs. BOS,W,3.3,0.0,3.0,0.0,0.0,0.0,4.0,0.0,6.0,0.0,0.0,0.0,0.0,4.2,1,1,1,1,1590,751,251,625,1167,1,578,1,1404,547,1,1,1168,1432,1,3:17
2024-25,201572,Brook Lopez,Brook,1610612749,MIL,Milwaukee Bucks,0042400133,2025-04-25T00:00:00,MIL vs. IND,W,14.6,0.0,0.0,0.0,0.0,6.0,2.0,6.0,10.0,0.0,0.0,3.0,0.0,4.4,1,1,1,1,1178,751,705,625,1167,735,308,944,1249,547,1,1145,1168,1420,1,14:36
2024-25,1631157,Ryan Rollins,Ryan,1610612749,MIL,Milwaukee Bucks,0042400133,2025-04-25T00:00:00,MIL vs. IND,W,2.4,0.0,0.0,0.0,0.0,0.0,2.0,2.0,4.0,0.0,0.0,0.0,0.0,0.0,1,1,1,1,1630,751,705,625,1167,1,308,358,1472,547,1,1,1168,1620,1,2:25
2024-25,1629637,Jaxson Hayes,Jaxson,1610612747,LAL,Los Angeles Lakers,0042400163,2025-04-25T00:00:00,LAL @ MIN,L,8.7,0.0,0.0,0.0,2.0,6.0,2.0,3.0,12.0,0.0,0.0,1.0,0.0,3.2,1,871,871,871,1388,751,705,625,802,735,308,556,1167,547,1,400,1168,1470,1,8:42
2024-25,1630162,Anthony Edwards,Anthony,1610612750,MIN,Minnesota Timberwolves,0042400163,2025-04-25T00:00:00,MIN vs. LAL,W,42.3,8.0,0.0,7.0,12.0,13.0,9.0,11.0,20.0,1.0,4.0,2.0,3.0,57.6,1,1,1,1,77,29,705,33,109,1382,1128,1399,832,170,1720,763,344,39,1,42:18
2024-25,1630573,Sam Hauser,Sam,1610612738,BOS,Boston Celtics,0042400113,2025-04-25T00:00:00,BOS @ ORL,L,13.5,0.0,0.0,0.0,0.0,10.0,2.0,2.0,10.0,0.0,0.0,2.0,0.0,1.7,1,871,871,871,1231,751,705,625,1167,1167,308,358,1249,547,1,763,1168,1544,1,13:27
2024-25,1628396,Tony Bradley,Tony,1610612754,IND,Indiana Pacers,0042400133,2025-04-25T00:00:00,IND @ MIL,L,3.6,0.0,0.0,0.0,0.0,4.0,0.0,2.0,4.0,0.0,0.0,0.0,0.0,5.4,1,871,871,871,1576,751,705,625,1167,515,1,358,1472,547,1,1,1168,1360,1,3:33
2024-25,1628418,Thomas Bryant,Thomas,1610612754,IND,Indiana Pacers,0042400133,2025-04-25T00:00:00,IND @ MIL,L,21.4,0.0,0.0,0.0,0.0,8.0,3.0,2.0,12.0,0.0,0.0,3.0,1.0,11.8,1,871,871,871,922,751,705,625,1167,978,473,358,1167,547,1,1145,773,1084,1,21:24
2024-25,1631097,Bennedict Mathurin,Bennedict,1610612754,IND,Indiana Pacers,0042400133,2025-04-25T00:00:00,IND @ MIL,L,13.7,0.0,0.0,5.0,8.0,4.0,3.0,0.0,10.0,0.0,0.0,2.0,1.0,13.6,1,871,871,871,1219,751,705,74,265,515,473,1,1249,547,1,763,773,1029,1,13:42
2024-25,203081,Damian Lillard,Damian,1610612749,MIL,Milwaukee Bucks,0042400133,2025-04-25T00:00:00,MIL vs. IND,W,31.6,0.0,0.0,0.0,2.0,11.0,6.0,11.0,20.0,2.0,0.0,4.0,4.0,29.1,1,1,1,1,541,751,705,625,802,1253,804,1399,832,59,1,1412,227,486,1,31:38
2024-25,1627827,Dorian Finney-Smith,Dorian,1610612747,LAL,Los Angeles Lakers,0042400163,2025-04-25T00:00:00,LAL @ MIN,L,28.6,0.0,2.0,0.0,2.0,20.0,6.0,13.0,32.0,0.0,1.0,3.0,0.0,10.2,1,871,871,871,667,751,388,625,802,1658,804,1521,375,547,1165,1145,1168,1167,1,28:36
2024-25,202709,Cory Joseph,Cory,1610612753,ORL,Orlando Magic,0042400113,2025-04-25T00:00:00,ORL vs. BOS,W,27.7,3.0,0.0,0.0,0.0,6.0,7.0,9.0,28.0,0.0,0.0,1.0,1.0,10.1,1,1,1,1,699,271,705,625,1167,735,898,1249,514,547,1,400,773,1172,1,27:42
2024-25,1629645,Kevin Porter Jr.,Kevin,1610612749,MIL,Milwaukee Bucks,0042400133,2025-04-25T00:00:00,MIL vs. IND,W,26.4,0.0,0.0,0.0,0.0,6.0,6.0,9.0,20.0,0.0,1.0,2.0,2.0,13.8,1,1,1,1,744,751,705,625,1167,735,804,1249,832,547,1165,763,505,1020,1,26:23
2024-25,203484,Kentavious Caldwell-Pope,Kentavious,1610612753,ORL,Orlando Magic,0042400113,2025-04-25T00:00:00,ORL vs. BOS,W,31.6,0.0,0.0,0.0,0.0,6.0,8.0,11.0,30.0,1.0,0.0,2.0,2.0,10.4,1,1,1,1,540,751,705,625,1167,735,1028,1399,431,170,1,763,505,1156,1,31:39
2024-25,203497,Rudy Gobert,Rudy,1610612750,MIN,Minnesota Timberwolves,0042400163,2025-04-25T00:00:00,MIN vs. LAL,W,25.4,0.0,0.0,0.0,0.0,7.0,7.0,4.0,18.0,1.0,0.0,2.0,4.0,14.1,1,1,1,1,793,751,705,625,1167,860,898,665,918,170,1,763,227,1007,1,25:24
2024-25,1630579,Jericho Sims,Jericho,1610612749,MIL,Milwaukee Bucks,0042400133,2025-04-25T00:00:00,MIL vs. IND,W,14.6,2.0,0.0,0.0,4.0,4.0,6.0,7.0,14.0,0.0,0.0,0.0,1.0,13.6,1,1,1,1,1179,423,705,625,582,515,804,1055,1080,547,1,1,773,1029,1,14:34
2024-25,1628371,Jonathan Isaac,Jonathan,1610612753,ORL,Orlando Magic,0042400113,2025-04-25T00:00:00,ORL vs. BOS,W,17.3,2.0,0.0,0.0,2.0,2.0,2.0,0.0,16.0,1.0,0.0,1.0,1.0,13.1,1,1,1,1,1083,423,705,625,802,256,308,1,991,170,1,400,773,1043,1,17:18
2024-25,1628976,Wendell Carter Jr.,Wendell,1610612753,ORL,Orlando Magic,0042400113,2025-04-25T00:00:00,ORL vs. BOS,W,30.6,2.0,6.0,0.0,8.0,6.0,8.0,11.0,28.0,1.0,1.0,2.0,1.0,27.9,1,1,1,1,575,423,50,625,265,735,1028,1399,514,170,1165,763,773,522,1,30:36
2024-25,1628436,Luke Kornet,Luke,1610612738,BOS,Boston Celtics,0042400113,2025-04-25T00:00:00,BOS @ ORL,L,19.4,0.0,2.0,0.0,6.0,7.0,4.0,8.0,20.0,0.0,1.0,1.0,1.0,19.2,1,871,871,871,997,751,388,625,404,860,578,1162,832,547,1165,400,773,792,1,19:25
2024-25,1627759,Jaylen Brown,Jaylen,1610612738,BOS,Boston Celtics,0042400113,2025-04-25T00:00:00,BOS @ ORL,L,33.7,4.0,0.0,3.0,12.0,21.0,14.0,16.0,30.0,1.0,2.0,5.0,6.0,27.7,1,871,871,871,438,171,705,204,109,1680,1513,1654,431,170,1564,1609,92,525,1,33:44
2024-25,201144,Mike Conley,Mike,1610612750,MIN,Minnesota Timberwolves,0042400163,2025-04-25T00:00:00,MIN vs. LAL,W,21.0,0.0,2.0,0.0,4.0,5.0,6.0,6.0,14.0,0.0,0.0,2.0,1.0,21.6,1,1,1,1,942,751,388,625,582,633,804,944,1080,547,1,763,773,708,1,21:01
2024-25,1626171,Bobby Portis,Bobby,1610612749,MIL,Milwaukee Bucks,0042400133,2025-04-25T00:00:00,MIL vs. IND,W,32.2,4.0,0.0,0.0,4.0,7.0,4.0,7.0,20.0,1.0,0.0,1.0,1.0,27.1,1,1,1,1,522,171,705,625,582,860,578,1055,832,170,1,400,773,540,1,32:13
2024-25,1629060,Rui Hachimura,Rui,1610612747,LAL,Los Angeles Lakers,0042400163,2025-04-25T00:00:00,LAL @ MIN,L,37.6,0.0,0.0,0.0,2.0,20.0,8.0,18.0,50.0,1.0,1.0,5.0,2.0,18.8,1,871,871,871,253,751,705,625,802,1658,1028,1682,26,170,1165,1609,505,811,1,37:37
2024-25,1629020,Jarred Vanderbilt,Jarred,1610612747,LAL,Los Angeles Lakers,0042400163,2025-04-25T00:00:00,LAL @ MIN,L,12.7,0.0,0.0,0.0,2.0,8.0,5.0,6.0,12.0,1.0,0.0,5.0,1.0,11.0,1,871,871,871,1260,751,705,625,802,978,701,944,1167,170,1,1609,773,1130,1,12:39
2024-25,1627783,Pascal Siakam,Pascal,1610612754,IND,Indiana Pacers,0042400133,2025-04-25T00:00:00,IND @ MIL,L,31.0,6.0,4.0,0.0,10.0,8.0,9.0,10.0,26.0,0.0,1.0,3.0,2.0,43.0,1,871,871,871,563,67,147,625,175,978,1128,1324,586,547,1165,1145,505,182,1,30:59
2024-25,1628369,Jayson Tatum,Jayson,1610612738,BOS,Boston Celtics,0042400113,2025-04-25T00:00:00,BOS @ ORL,L,39.4,2.0,1.0,6.0,8.0,19.0,16.0,16.0,38.0,1.0,0.0,1.0,6.0,51.8,1,871,871,871,186,423,671,43,265,1636,1611,1654,202,170,1,400,92,85,1,39:21
2024-25,1628978,Donte DiVincenzo,Donte,1610612750,MIN,Minnesota Timberwolves,0042400163,2025-04-25T00:00:00,MIN vs. LAL,W,30.7,0.0,2.0,0.0,2.0,8.0,9.0,9.0,14.0,3.0,0.0,4.0,0.0,33.0,1,1,1,1,572,751,388,625,802,978,1128,1249,1080,17,1,1412,1168,396,1,30:43
2024-25,1630559,Austin Reaves,Austin,1610612747,LAL,Los Angeles Lakers,0042400163,2025-04-25T00:00:00,LAL @ MIN,L,41.1,0.0,0.0,0.0,2.0,23.0,11.0,21.0,50.0,1.0,1.0,3.0,3.0,33.4,1,871,871,871,114,751,705,625,802,1703,1313,1707,26,170,1165,1145,344,383,1,41:04
2024-25,1629675,Naz Reid,Naz,1610612750,MIN,Minnesota Timberwolves,0042400163,2025-04-25T00:00:00,MIN vs. LAL,W,27.5,3.0,2.0,3.0,4.0,6.0,7.0,7.0,10.0,0.0,0.0,4.0,4.0,18.2,1,1,1,1,710,271,388,204,582,735,898,1055,1249,547,1,1412,227,828,1,27:27
2024-25,1629018,Gary Trent Jr.,Gary,1610612749,MIL,Milwaukee Bucks,0042400133,2025-04-25T00:00:00,MIL vs. IND,W,34.1,11.0,0.0,8.0,2.0,11.0,4.0,8.0,24.0,0.0,0.0,1.0,3.0,52.6,1,1,1,1,418,6,705,18,802,1253,578,1162,678,547,1,400,344,78,1,34:05
2024-25,1631260,AJ Green,AJ,1610612749,MIL,Milwaukee Bucks,0042400133,2025-04-25T00:00:00,MIL vs. IND,W,25.8,0.0,6.0,0.0,0.0,5.0,2.0,5.0,16.0,0.0,0.0,1.0,0.0,22.8,1,1,1,1,772,751,50,625,1167,633,308,808,991,547,1,400,1168,670,1,25:46
2024-25,203944,Julius Randle,Julius,1610612750,MIN,Minnesota Timberwolves,0042400163,2025-04-25T00:00:00,MIN vs. LAL,W,41.0,5.0,2.0,3.0,10.0,13.0,8.0,11.0,20.0,0.0,1.0,2.0,7.0,35.0,1,1,1,1,117,107,388,204,175,1382,1028,1399,832,547,1165,763,53,349,1,40:57
2024-25,203914,Gary Harris,Gary,1610612753,ORL,Orlando Magic,0042400113,2025-04-25T00:00:00,ORL vs. BOS,W,22.2,0.0,0.0,0.0,0.0,2.0,3.0,2.0,20.0,1.0,1.0,2.0,0.0,8.4,1,1,1,1,895,751,705,625,1167,256,473,358,832,170,1165,763,1168,1243,1,22:11
2024-25,1630167,Obi Toppin,Obi,1610612754,IND,Indiana Pacers,0042400133,2025-04-25T00:00:00,IND @ MIL,L,16.0,0.0,0.0,2.0,6.0,11.0,0.0,4.0,14.0,1.0,0.0,1.0,2.0,17.9,1,871,871,871,1125,751,705,325,404,1253,1,665,1080,170,1,400,505,839,1,16:02
2024-25,1628401,Derrick White,Derrick,1610612738,BOS,Boston Celtics,0042400113,2025-04-25T00:00:00,BOS @ ORL,L,39.6,2.0,5.0,2.0,10.0,18.0,14.0,11.0,34.0,1.0,0.0,0.0,1.0,36.1,1,871,871,871,178,423,90,325,175,1602,1513,1399,299,170,1,1,773,325,1,39:36
2024-25,204456,T.J. McConnell,T.J.,1610612754,IND,Indiana Pacers,0042400133,2025-04-25T00:00:00,IND @ MIL,L,16.6,0.0,0.0,0.0,0.0,0.0,3.0,0.0,8.0,0.0,1.0,0.0,1.0,11.3,1,871,871,871,1104,751,705,625,1167,1,473,1,1322,547,1165,1,773,1119,1,16:36
2024-25,1630174,Aaron Nesmith,Aaron,1610612754,IND,Indiana Pacers,0042400133,2025-04-25T00:00:00,IND @ MIL,L,26.9,0.0,2.0,0.0,2.0,16.0,9.0,12.0,26.0,1.0,0.0,4.0,2.0,37.9,1,871,871,871,722,751,388,625,802,1539,1128,1472,586,170,1,1412,505,281,1,26:53
2024-25,1629614,Andrew Nembhard,Andrew,1610612754,IND,Indiana Pacers,0042400133,2025-04-25T00:00:00,IND @ MIL,L,30.2,0.0,0.0,6.0,2.0,12.0,5.0,10.0,28.0,0.0,1.0,2.0,5.0,17.7,1,871,871,871,591,751,705,43,802,1324,701,1324,514,547,1165,763,143,845,1,30:13
2024-25,1629029,Luka Dončić,Luka,1610612747,LAL,Los Angeles Lakers,0042400163,2025-04-25T00:00:00,LAL @ MIN,L,40.0,5.0,0.0,0.0,2.0,25.0,13.0,18.0,50.0,1.0,1.0,3.0,5.0,38.4,1,871,871,871,158,107,705,625,802,1717,1459,1682,26,170,1165,1145,143,271,1,39:58
2024-25,1630692,Jordan Goodwin,Jordan,1610612747,LAL,Los Angeles Lakers,0042400163,2025-04-25T00:00:00,LAL @ MIN,L,11.8,0.0,0.0,0.0,0.0,2.0,2.0,5.0,14.0,1.0,0.0,2.0,3.0,11.4,1,871,871,871,1298,751,705,625,1167,256,308,808,1080,170,1,763,344,1109,1,11:49
2024-25,1630169,Tyrese Haliburton,Tyrese,1610612754,IND,Indiana Pacers,0042400133,2025-04-25T00:00:00,IND @ MIL,L,31.6,3.0,0.0,0.0,2.0,18.0,12.0,12.0,28.0,1.0,0.0,2.0,0.0,39.4,1,871,871,871,545,271,705,625,802,1602,1393,1472,514,170,1,763,1168,247,1,31:34
2024-25,201143,Al Horford,Al,1610612738,BOS,Boston Celtics,0042400113,2025-04-25T00:00:00,BOS @ ORL,L,34.5,0.0,0.0,0.0,0.0,16.0,14.0,10.0,30.0,2.0,0.0,4.0,1.0,24.9,1,871,871,871,398,751,705,625,1167,1539,1513,1324,431,59,1,1412,773,596,1,34:30
2024-25,1631094,Paolo Banchero,Paolo,1610612753,ORL,Orlando Magic,0042400113,2025-04-25T00:00:00,ORL vs. BOS,W,41.6,2.0,2.0,5.0,12.0,8.0,10.0,11.0,40.0,0.0,0.0,4.0,5.0,39.7,1,1,1,1,101,423,388,74,109,978,1221,1399,162,547,1,1412,143,237,1,41:34
2024-25,1641710,Anthony Black,Anthony,1610612753,ORL,Orlando Magic,0042400113,2025-04-25T00:00:00,ORL vs. BOS,W,13.3,3.0,0.0,4.0,6.0,0.0,2.0,0.0,8.0,0.0,0.0,3.0,2.0,17.4,1,1,1,1,1234,271,705,124,404,1,308,1,1322,547,1,1145,505,856,1,13:20
2024-25,1629638,Nickeil Alexander-Walker,Nickeil,1610612750,MIN,Minnesota Timberwolves,0042400163,2025-04-25T00:00:00,MIN vs. LAL,W,13.9,0.0,3.0,0.0,0.0,3.0,8.0,0.0,12.0,0.0,0.0,1.0,1.0,12.6,1,1,1,1,1205,751,251,625,1167,431,1028,1,1167,547,1,400,773,1058,1,13:56
2024-25,1629216,Gabe Vincent,Gabe,1610612747,LAL,Los Angeles Lakers,0042400163,2025-04-25T00:00:00,LAL @ MIN,L,15.8,0.0,3.0,0.0,2.0,13.0,7.0,6.0,14.0,0.0,0.0,1.0,0.0,7.7,1,871,871,871,1134,751,251,625,802,1382,898,944,1080,547,1,400,1168,1267,1,15:50
2024-25,204001,Kristaps Porziņģis,Kristaps,1610612738,BOS,Boston Celtics,0042400113,2025-04-25T00:00:00,BOS @ ORL,L,34.4,0.0,0.0,0.0,6.0,26.0,10.0,18.0,36.0,0.0,0.0,4.0,7.0,16.7,1,871,871,871,403,751,705,625,404,1724,1221,1682,246,547,1,1412,53,891,1,34:24
2024-25,1626167,Myles Turner,Myles,1610612754,IND,Indiana Pacers,0042400133,2025-04-25T00:00:00,IND @ MIL,L,24.3,2.0,0.0,2.0,2.0,14.0,9.0,12.0,26.0,1.0,1.0,1.0,4.0,11.6,1,871,871,871,837,423,705,325,802,1443,1128,1472,586,170,1165,400,227,1097,1,24:15
2024-25,1641767,Ben Sheppard,Ben,1610612754,IND,Indiana Pacers,0042400133,2025-04-25T00:00:00,IND @ MIL,L,15.4,2.0,0.0,0.0,0.0,4.0,4.0,2.0,8.0,0.0,0.0,1.0,0.0,7.4,1,871,871,871,1150,423,705,625,1167,515,578,358,1322,547,1,400,1168,1273,1,15:26
2024-25,1628398,Kyle Kuzma,Kyle,1610612749,MIL,Milwaukee Bucks,0042400133,2025-04-25T00:00:00,MIL vs. IND,W,20.6,0.0,2.0,0.0,6.0,6.0,4.0,10.0,16.0,1.0,2.0,3.0,0.0,16.6,1,1,1,1,960,751,388,625,404,735,578,1324,991,170,1564,1145,1168,895,1,20:36
2024-25,1630202,Payton Pritchard,Payton,1610612738,BOS,Boston Celtics,0042400113,2025-04-25T00:00:00,BOS @ ORL,L,25.5,0.0,2.0,0.0,2.0,13.0,6.0,9.0,22.0,0.0,1.0,3.0,1.0,7.2,1,871,871,871,786,751,388,625,802,1382,804,1249,754,547,1165,1145,773,1280,1,25:32
2024-25,1630183,Jaden McDaniels,Jaden,1610612750,MIN,Minnesota Timberwolves,0042400163,2025-04-25T00:00:00,MIN vs. LAL,W,38.2,12.0,2.0,8.0,24.0,10.0,11.0,7.0,22.0,0.0,2.0,2.0,3.0,42.5,1,1,1,1,230,3,388,18,4,1167,1313,1055,754,547,1564,763,344,190,1,38:14
2024-25,1631128,Christian Braun,Christian,1610612743,DEN,Denver Nuggets,0042400173,2025-04-24T00:00:00,DEN @ LAC,L,37.8,3.0,0.0,0.0,8.0,9.0,17.0,13.0,34.0,1.0,2.0,2.0,2.0,22.7,1,871,871,871,246,271,705,625,265,1085,1635,1521,299,170,1564,763,505,675,1,37:45
2024-25,1629011,Mitchell Robinson,Mitchell,1610612752,NYK,New York Knicks,0042400123,2025-04-24T00:00:00,NYK @ DET,W,15.6,0.0,2.0,0.0,2.0,9.0,6.0,6.0,6.0,0.0,0.0,4.0,2.0,12.8,1,1,1,1,1145,751,388,625,802,1085,804,944,1404,547,1,1412,505,1052,1,15:37
2024-25,201988,Patty Mills,Patty,1610612746,LAC,LA Clippers,0042400173,2025-04-24T00:00:00,LAC vs. DEN,W,3.7,3.0,0.0,0.0,0.0,0.0,1.0,0.0,0.0,0.0,0.0,1.0,0.0,2.0,1,1,1,1,1562,271,705,625,1167,1,285,1,1643,547,1,400,1168,1525,1,3:43
2024-25,1641757,Jordan Miller,Jordan,1610612746,LAC,LA Clippers,0042400173,2025-04-24T00:00:00,LAC vs. DEN,W,3.7,1.0,0.0,0.0,0.0,0.0,1.0,0.0,0.0,0.0,0.0,0.0,1.0,5.2,1,1,1,1,1562,722,705,625,1167,1,285,1,1643,547,1,1,773,1371,1,3:43
2024-25,1629630,Ja Morant,Ja,1610612763,MEM,Memphis Grizzlies,0042400143,2025-04-24T00:00:00,MEM vs. OKC,L,15.5,4.0,2.0,2.0,8.0,0.0,7.0,0.0,8.0,0.0,0.0,0.0,5.0,23.7,1,871,871,871,1147,171,388,325,265,1,898,1,1322,547,1,1,143,633,1,15:32
2024-25,1631114,Jalen Williams,Jalen,1610612760,OKC,Oklahoma City Thunder,0042400143,2025-04-24T00:00:00,OKC @ MEM,W,37.2,2.0,4.0,2.0,10.0,10.0,14.0,9.0,26.0,1.0,2.0,2.0,6.0,47.7,1,1,1,1,270,423,147,325,175,1167,1513,1249,586,170,1564,763,92,127,1,37:12
2024-25,1629723,John Konchar,John,1610612763,MEM,Memphis Grizzlies,0042400143,2025-04-24T00:00:00,MEM vs. OKC,L,16.8,0.0,2.0,0.0,0.0,2.0,2.0,2.0,22.0,1.0,0.0,4.0,1.0,11.9,1,871,871,871,1098,751,388,625,1167,256,308,358,754,170,1,1412,773,1080,1,16:46
2024-25,203932,Aaron Gordon,Aaron,1610612743,DEN,Denver Nuggets,0042400173,2025-04-24T00:00:00,DEN @ LAC,L,31.8,2.0,2.0,3.0,6.0,6.0,14.0,13.0,30.0,0.0,3.0,3.0,3.0,21.4,1,871,871,871,537,423,388,204,404,735,1513,1521,431,547,1689,1145,344,714,1,31:46
2024-25,1642349,Ajay Mitchell,Ajay,1610612760,OKC,Oklahoma City Thunder,0042400143,2025-04-24T00:00:00,OKC @ MEM,W,2.2,0.0,0.0,0.0,0.0,0.0,2.0,0.0,4.0,0.0,0.0,0.0,1.0,2.2,1,1,1,1,1642,751,705,625,1167,1,308,1,1472,547,1,1,773,1518,1,2:09
2024-25,1641744,Zach Edey,Zach,1610612763,MEM,Memphis Grizzlies,0042400143,2025-04-24T00:00:00,MEM vs. OKC,L,29.6,0.0,2.0,0.0,4.0,21.0,12.0,7.0,24.0,1.0,0.0,5.0,6.0,21.4,1,871,871,871,628,751,388,625,582,1680,1393,1055,678,170,1,1609,92,714,1,29:35
2024-25,1630590,Scotty Pippen Jr.,Scotty,1610612763,MEM,Memphis Grizzlies,0042400143,2025-04-24T00:00:00,MEM vs. OKC,L,38.3,3.0,0.0,4.0,4.0,23.0,7.0,9.0,32.0,1.0,1.0,5.0,5.0,48.5,1,871,871,871,226,271,705,124,582,1703,898,1249,375,170,1165,1609,143,117,1,38:17
2024-25,1629652,Luguentz Dort,Luguentz,1610612760,OKC,Oklahoma City Thunder,0042400143,2025-04-24T00:00:00,OKC @ MEM,W,35.2,0.0,0.0,0.0,2.0,13.0,14.0,13.0,22.0,1.0,0.0,4.0,1.0,14.2,1,1,1,1,362,751,705,625,802,1382,1513,1521,754,170,1,1412,773,1000,1,35:13
2024-25,202699,Tobias Harris,Tobias,1610612765,DET,Detroit Pistons,0042400123,2025-04-24T00:00:00,DET vs. NYK,L,31.6,0.0,0.0,0.0,0.0,0.0,8.0,5.0,28.0,0.0,1.0,5.0,1.0,14.2,1,871,871,871,546,751,705,625,1167,1,1028,808,514,547,1165,1609,773,1000,1,31:34
2024-25,1641738,Kobe Brown,Kobe,1610612746,LAC,LA Clippers,0042400173,2025-04-24T00:00:00,LAC vs. DEN,W,3.7,0.0,0.0,0.0,0.0,0.0,1.0,0.0,0.0,0.0,0.0,0.0,0.0,2.7,1,1,1,1,1562,751,705,625,1167,1,285,1,1643,547,1,1,1168,1499,1,3:43
2024-25,201566,Russell Westbrook,Russell,1610612743,DEN,Denver Nuggets,0042400173,2025-04-24T00:00:00,DEN @ LAC,L,8.7,0.0,0.0,0.0,0.0,3.0,0.0,2.0,6.0,0.0,0.0,1.0,0.0,4.7,1,871,871,871,1388,751,705,625,1167,431,1,358,1404,547,1,400,1168,1399,1,8:42
2024-25,1629618,Jalen Pickett,Jalen,1610612743,DEN,Denver Nuggets,0042400173,2025-04-24T00:00:00,DEN @ LAC,L,10.8,0.0,0.0,0.0,0.0,7.0,3.0,0.0,8.0,0.0,0.0,0.0,0.0,-2.0,1,871,871,871,1330,751,705,625,1167,860,473,1,1322,547,1,1,1168,1732,1,10:45
2024-25,1629234,Drew Eubanks,Drew,1610612746,LAC,LA Clippers,0042400173,2025-04-24T00:00:00,LAC vs. DEN,W,3.7,1.0,1.0,0.0,0.0,0.0,1.0,0.0,0.0,0.0,1.0,0.0,2.0,3.0,1,1,1,1,1562,722,671,625,1167,1,285,1,1643,547,1165,1,505,1484,1,3:43
2024-25,1631246,Vince Williams Jr.,Vince,1610612763,MEM,Memphis Grizzlies,0042400143,2025-04-24T00:00:00,MEM vs. OKC,L,0.5,0.0,0.0,0.0,0.0,0.0,0.0,0.0,0.0,1.0,0.0,0.0,0.0,3.0,1,871,871,871,1722,751,705,625,1167,1,1,1,1643,170,1,1,1168,1484,1,0:27
2024-25,1628392,Isaiah Hartenstein,Isaiah,1610612760,OKC,Oklahoma City Thunder,0042400143,2025-04-24T00:00:00,OKC @ MEM,W,20.9,4.0,1.0,0.0,2.0,6.0,10.0,2.0,12.0,0.0,0.0,4.0,3.0,15.0,1,1,1,1,947,171,671,625,802,735,1221,358,1167,547,1,1412,344,963,1,20:56
2024-25,1628983,Shai Gilgeous-Alexander,Shai,1610612760,OKC,Oklahoma City Thunder,0042400143,2025-04-24T00:00:00,OKC @ MEM,W,40.4,5.0,0.0,3.0,8.0,13.0,18.0,13.0,28.0,1.0,3.0,5.0,6.0,50.8,1,1,1,1,132,107,705,204,265,1382,1656,1521,514,170,1689,1609,92,95,1,40:24
2024-25,1627739,Kris Dunn,Kris,1610612746,LAC,LA Clippers,0042400173,2025-04-24T00:00:00,LAC vs. DEN,W,21.6,0.0,0.0,0.0,0.0,2.0,4.0,3.0,20.0,1.0,1.0,4.0,0.0,18.6,1,1,1,1,917,751,705,625,1167,256,578,556,832,170,1165,1412,1168,818,1,21:37
2024-25,1641717,Cason Wallace,Cason,1610612760,OKC,Oklahoma City Thunder,0042400143,2025-04-24T00:00:00,OKC @ MEM,W,24.0,2.0,0.0,0.0,2.0,8.0,8.0,8.0,28.0,0.0,0.0,3.0,0.0,18.5,1,1,1,1,847,423,705,625,802,978,1028,1162,514,547,1,1145,1168,822,1,23:59
2024-25,1631212,Peyton Watson,Peyton,1610612743,DEN,Denver Nuggets,0042400173,2025-04-24T00:00:00,DEN @ LAC,L,18.3,0.0,0.0,0.0,2.0,10.0,8.0,0.0,16.0,0.0,0.0,3.0,1.0,3.4,1,871,871,871,1043,751,705,625,802,1167,1028,1,991,547,1,1145,773,1468,1,18:16
2024-25,1630595,Cade Cunningham,Cade,1610612765,DET,Detroit Pistons,0042400123,2025-04-24T00:00:00,DET vs. NYK,L,42.5,4.0,0.0,2.0,10.0,9.0,14.0,14.0,40.0,2.0,3.0,4.0,5.0,60.9,1,871,871,871,69,171,705,325,175,1085,1513,1578,162,59,1689,1412,143,27,1,42:27
2024-25,1630194,Paul Reed,Paul,1610612765,DET,Detroit Pistons,0042400123,2025-04-24T00:00:00,DET vs. NYK,L,15.6,0.0,3.0,0.0,2.0,5.0,12.0,2.0,16.0,1.0,0.0,0.0,2.0,15.6,1,871,871,871,1144,751,251,625,802,633,1393,358,991,170,1,1,505,939,1,15:39
2024-25,1629008,Michael Porter Jr.,Michael,1610612743,DEN,Denver Nuggets,0042400173,2025-04-24T00:00:00,DEN @ LAC,L,35.1,0.0,0.0,0.0,2.0,6.0,16.0,13.0,36.0,1.0,1.0,1.0,1.0,17.7,1,871,871,871,369,751,705,625,802,735,1611,1521,246,170,1165,400,773,845,1,35:04
2024-25,1641709,Ausar Thompson,Ausar,1610612765,DET,Detroit Pistons,0042400123,2025-04-24T00:00:00,DET vs. NYK,L,18.0,5.0,0.0,1.0,4.0,7.0,7.0,8.0,18.0,0.0,0.0,4.0,3.0,17.6,1,871,871,871,1054,107,705,600,582,860,898,1162,918,547,1,1412,344,847,1,17:60
2024-25,1626157,Karl-Anthony Towns,Karl-Anthony,1610612752,NYK,New York Knicks,0042400123,2025-04-24T00:00:00,NYK @ DET,W,41.2,0.0,4.0,6.0,8.0,13.0,8.0,9.0,34.0,2.0,0.0,4.0,8.0,49.1,1,1,1,1,105,751,147,43,265,1382,1028,1249,299,59,1,1412,26,108,1,41:13
2024-25,1630198,Isaiah Joe,Isaiah,1610612760,OKC,Oklahoma City Thunder,0042400143,2025-04-24T00:00:00,OKC @ MEM,W,14.6,5.0,0.0,2.0,4.0,2.0,2.0,7.0,10.0,0.0,0.0,0.0,0.0,15.7,1,1,1,1,1175,107,705,325,582,256,308,1055,1249,547,1,1,1168,934,1,14:39
2024-25,1627736,Malik Beasley,Malik,1610612765,DET,Detroit Pistons,0042400123,2025-04-24T00:00:00,DET vs. NYK,L,22.6,2.0,0.0,2.0,2.0,9.0,10.0,6.0,22.0,0.0,0.0,3.0,1.0,15.9,1,871,871,871,880,423,705,325,802,1085,1221,944,754,547,1,1145,773,921,1,22:38
2024-25,1630540,Miles McBride,Miles,1610612752,NYK,New York Knicks,0042400123,2025-04-24T00:00:00,NYK @ DET,W,9.3,0.0,3.0,0.0,0.0,2.0,4.0,4.0,2.0,0.0,0.0,2.0,0.0,4.2,1,1,1,1,1375,751,251,625,1167,256,578,665,1551,547,1,763,1168,1432,1,9:16
2024-25,203999,Nikola Jokić,Nikola,1610612743,DEN,Denver Nuggets,0042400173,2025-04-24T00:00:00,DEN @ LAC,L,36.5,0.0,2.0,0.0,10.0,9.0,14.0,13.0,34.0,0.0,0.0,1.0,4.0,59.1,1,871,871,871,307,751,388,625,175,1085,1513,1521,299,547,1,400,227,31,1,36:31
2024-25,1631124,Julian Strawther,Julian,1610612743,DEN,Denver Nuggets,0042400173,2025-04-24T00:00:00,DEN @ LAC,L,10.9,0.0,0.0,0.0,0.0,7.0,4.0,0.0,6.0,1.0,1.0,3.0,1.0,4.2,1,871,871,871,1326,751,705,625,1167,860,578,1,1404,170,1165,1145,773,1432,1,10:52
2024-25,1627884,Derrick Jones Jr.,Derrick,1610612746,LAC,LA Clippers,0042400173,2025-04-24T00:00:00,LAC vs. DEN,W,22.7,0.0,0.0,0.0,4.0,7.0,2.0,0.0,18.0,2.0,0.0,1.0,2.0,19.2,1,1,1,1,879,751,705,625,582,860,308,1,918,59,1,400,505,792,1,22:40
2024-25,1631119,Jaylin Williams,Jaylin,1610612760,OKC,Oklahoma City Thunder,0042400143,2025-04-24T00:00:00,OKC @ MEM,W,3.7,0.0,0.0,0.0,0.0,3.0,0.0,4.0,8.0,0.0,0.0,0.0,1.0,1.2,1,1,1,1,1570,751,705,625,1167,431,1,665,1322,547,1,1,773,1559,1,3:41
2024-25,1630598,Aaron Wiggins,Aaron,1610612760,OKC,Oklahoma City Thunder,0042400143,2025-04-24T00:00:00,OKC @ MEM,W,6.6,0.0,0.0,0.0,0.0,5.0,0.0,4.0,12.0,0.0,1.0,0.0,0.0,0.0,1,1,1,1,1465,751,705,625,1167,633,1,665,1167,547,1165,1,1168,1620,1,6:33
2024-25,201587,Nicolas Batum,Nicolas,1610612746,LAC,LA Clippers,0042400173,2025-04-24T00:00:00,LAC vs. DEN,W,26.7,0.0,3.0,0.0,0.0,7.0,2.0,0.0,22.0,3.0,0.0,1.0,0.0,30.0,1,1,1,1,732,751,251,625,1167,860,308,1,754,17,1,400,1168,460,1,26:42
2024-25,1628384,OG Anunoby,OG,1610612752,NYK,New York Knicks,0042400123,2025-04-24T00:00:00,NYK @ DET,W,42.8,5.0,5.0,2.0,6.0,18.0,10.0,13.0,34.0,1.0,2.0,3.0,3.0,31.4,1,1,1,1,59,107,90,325,404,1602,1221,1521,299,170,1564,1145,344,430,1,42:49
2024-25,1630217,Desmond Bane,Desmond,1610612763,MEM,Memphis Grizzlies,0042400143,2025-04-24T00:00:00,MEM vs. OKC,L,36.8,2.0,5.0,2.0,2.0,19.0,9.0,9.0,22.0,1.0,1.0,2.0,1.0,29.6,1,871,871,871,293,423,90,325,802,1636,1128,1249,754,170,1165,763,773,469,1,36:49
2024-25,1627826,Ivica Zubac,Ivica,1610612746,LAC,LA Clippers,0042400173,2025-04-24T00:00:00,LAC vs. DEN,W,33.4,4.0,5.0,0.0,16.0,4.0,4.0,3.0,22.0,1.0,0.0,4.0,5.0,32.3,1,1,1,1,451,171,90,625,34,515,578,556,754,170,1,1412,143,412,1,33:26
2024-25,1631096,Chet Holmgren,Chet,1610612760,OKC,Oklahoma City Thunder,0042400143,2025-04-24T00:00:00,OKC @ MEM,W,32.2,3.0,2.0,0.0,6.0,8.0,18.0,11.0,20.0,0.0,0.0,3.0,2.0,32.6,1,1,1,1,525,271,388,625,404,978,1656,1399,832,547,1,1145,505,405,1,32:10
2024-25,1628969,Mikal Bridges,Mikal,1610612752,NYK,New York Knicks,0042400123,2025-04-24T00:00:00,NYK @ DET,W,38.8,4.0,0.0,2.0,8.0,16.0,8.0,9.0,34.0,2.0,1.0,2.0,3.0,44.9,1,1,1,1,210,171,705,325,265,1539,1028,1249,299,59,1165,763,344,161,1,38:49
2024-25,1629013,Landry Shamet,Landry,1610612752,NYK,New York Knicks,0042400123,2025-04-24T00:00:00,NYK @ DET,W,3.6,0.0,0.0,0.0,0.0,0.0,0.0,0.0,0.0,0.0,0.0,0.0,0.0,0.0,1,1,1,1,1574,751,705,625,1167,1,1,1,1643,547,1,1,1168,1620,1,3:35
2024-25,1627936,Alex Caruso,Alex,1610612760,OKC,Oklahoma City Thunder,0042400143,2025-04-24T00:00:00,OKC @ MEM,W,23.1,2.0,5.0,4.0,6.0,7.0,4.0,4.0,20.0,1.0,1.0,2.0,3.0,34.7,1,1,1,1,864,423,90,124,404,860,578,665,832,170,1165,763,344,355,1,23:05
2024-25,1628991,Jaren Jackson Jr.,Jaren,1610612763,MEM,Memphis Grizzlies,0042400143,2025-04-24T00:00:00,MEM vs. OKC,L,38.5,4.0,5.0,2.0,10.0,15.0,8.0,6.0,32.0,1.0,2.0,5.0,5.0,36.4,1,871,871,871,221,171,90,325,175,1494,1028,944,375,170,1564,1609,143,314,1,38:27
2024-25,1627732,Ben Simmons,Ben,1610612746,LAC,LA Clippers,0042400173,2025-04-24T00:00:00,LAC vs. DEN,W,9.2,0.0,0.0,0.0,0.0,3.0,0.0,0.0,12.0,1.0,1.0,2.0,1.0,10.1,1,1,1,1,1377,751,705,625,1167,431,1,1,1167,170,1165,763,773,1172,1,9:12
2024-25,203992,Bogdan Bogdanović,Bogdan,1610612746,LAC,LA Clippers,0042400173,2025-04-24T00:00:00,LAC vs. DEN,W,10.5,2.0,0.0,0.0,2.0,2.0,0.0,0.0,4.0,0.0,0.0,2.0,0.0,6.7,1,1,1,1,1341,423,705,625,802,256,1,1,1472,547,1,763,1168,1303,1,10:28
2024-25,1631105,Jalen Duren,Jalen,1610612765,DET,Detroit Pistons,0042400123,2025-04-24T00:00:00,DET vs. NYK,L,32.4,2.0,4.0,0.0,14.0,4.0,4.0,12.0,30.0,0.0,2.0,5.0,2.0,29.1,1,871,871,871,514,423,147,625,65,515,578,1472,431,547,1564,1609,505,486,1,32:21
2024-25,1627750,Jamal Murray,Jamal,1610612743,DEN,Denver Nuggets,0042400173,2025-04-24T00:00:00,DEN @ LAC,L,36.3,4.0,2.0,0.0,10.0,9.0,19.0,11.0,34.0,0.0,1.0,3.0,3.0,29.0,1,871,871,871,320,171,388,625,175,1085,1674,1399,299,547,1165,1145,344,489,1,36:18
2024-25,1641842,Ronald Holland II,Ronald,1610612765,DET,Detroit Pistons,0042400123,2025-04-24T00:00:00,DET vs. NYK,L,11.6,0.0,2.0,2.0,0.0,0.0,5.0,2.0,10.0,1.0,1.0,1.0,3.0,10.4,1,871,871,871,1303,751,388,325,1167,1,701,358,1249,170,1165,400,344,1156,1,11:38
2024-25,1626181,Norman Powell,Norman,1610612746,LAC,LA Clippers,0042400173,2025-04-24T00:00:00,LAC vs. DEN,W,29.0,2.0,6.0,5.0,8.0,7.0,6.0,3.0,30.0,0.0,0.0,3.0,2.0,28.7,1,1,1,1,655,423,50,74,265,860,804,556,431,547,1,1145,505,497,1,28:58
2024-25,201599,DeAndre Jordan,DeAndre,1610612743,DEN,Denver Nuggets,0042400173,2025-04-24T00:00:00,DEN @ LAC,L,4.9,0.0,0.0,0.0,0.0,0.0,3.0,0.0,2.0,0.0,0.0,2.0,2.0,0.2,1,871,871,871,1516,751,705,625,1167,1,473,1,1551,547,1,763,505,1610,1,4:53
2024-25,1642353,Cam Christie,Cam,1610612746,LAC,LA Clippers,0042400173,2025-04-24T00:00:00,LAC vs. DEN,W,3.7,0.0,0.0,0.0,0.0,0.0,1.0,0.0,0.0,0.0,0.0,0.0,0.0,0.2,1,1,1,1,1562,751,705,625,1167,1,285,1,1643,547,1,1,1168,1610,1,3:43
2024-25,203471,Dennis Schröder,Dennis,1610612765,DET,Detroit Pistons,0042400123,2025-04-24T00:00:00,DET vs. NYK,L,29.8,2.0,3.0,3.0,4.0,2.0,11.0,9.0,30.0,0.0,0.0,2.0,3.0,27.0,1,871,871,871,608,423,251,204,582,256,1313,1249,431,547,1,763,344,542,1,29:49
2024-25,201935,James Harden,James,1610612746,LAC,LA Clippers,0042400173,2025-04-24T00:00:00,LAC vs. DEN,W,33.8,3.0,5.0,2.0,6.0,7.0,6.0,3.0,34.0,0.0,0.0,0.0,4.0,39.7,1,1,1,1,435,271,90,325,404,860,804,556,299,547,1,1,227,237,1,33:49
2024-25,203501,Tim Hardaway Jr.,Tim,1610612765,DET,Detroit Pistons,0042400123,2025-04-24T00:00:00,DET vs. NYK,L,35.9,3.0,0.0,3.0,0.0,9.0,9.0,12.0,36.0,0.0,0.0,4.0,2.0,25.9,1,871,871,871,332,271,705,204,1167,1085,1128,1472,246,547,1,1412,505,565,1,35:55
2024-25,1628404,Josh Hart,Josh,1610612752,NYK,New York Knicks,0042400123,2025-04-24T00:00:00,NYK @ DET,W,40.8,0.0,2.0,0.0,6.0,14.0,12.0,11.0,34.0,1.0,1.0,2.0,1.0,40.7,1,1,1,1,122,751,388,625,404,1443,1393,1399,299,170,1165,763,773,226,1,40:46
2024-25,202695,Kawhi Leonard,Kawhi,1610612746,LAC,LA Clippers,0042400173,2025-04-24T00:00:00,LAC vs. DEN,W,34.6,0.0,0.0,6.0,6.0,6.0,6.0,3.0,28.0,0.0,0.0,0.0,4.0,41.2,1,1,1,1,392,751,705,43,404,735,804,556,514,547,1,1,227,218,1,34:33
2024-25,1641816,Hunter Tyson,Hunter,1610612743,DEN,Denver Nuggets,0042400173,2025-04-24T00:00:00,DEN @ LAC,L,4.6,0.0,0.0,0.0,0.0,7.0,1.0,0.0,2.0,0.0,0.0,0.0,0.0,-1.0,1,871,871,871,1528,751,705,625,1167,860,285,1,1551,547,1,1,1168,1717,1,4:34
2024-25,1626166,Cameron Payne,Cameron,1610612752,NYK,New York Knicks,0042400123,2025-04-24T00:00:00,NYK @ DET,W,9.2,0.0,0.0,0.0,2.0,4.0,5.0,2.0,4.0,0.0,0.0,2.0,1.0,7.0,1,1,1,1,1376,751,705,625,802,515,701,358,1472,547,1,763,773,1290,1,9:13
2024-25,1630583,Santi Aldama,Santi,1610612763,MEM,Memphis Grizzlies,0042400143,2025-04-24T00:00:00,MEM vs. OKC,L,31.2,2.0,2.0,0.0,8.0,15.0,5.0,11.0,26.0,1.0,0.0,2.0,0.0,24.7,1,871,871,871,554,423,388,625,265,1494,701,1399,586,170,1,763,1168,602,1,31:13
2024-25,1628379,Luke Kennard,Luke,1610612763,MEM,Memphis Grizzlies,0042400143,2025-04-24T00:00:00,MEM vs. OKC,L,32.9,0.0,0.0,5.0,2.0,20.0,10.0,11.0,34.0,0.0,0.0,0.0,0.0,24.5,1,871,871,871,489,751,705,74,802,1658,1221,1399,299,547,1,1,1168,604,1,32:55
2024-25,1630192,Zeke Nnaji,Zeke,1610612743,DEN,Denver Nuggets,0042400173,2025-04-24T00:00:00,DEN @ LAC,L,4.6,0.0,1.0,0.0,0.0,7.0,1.0,0.0,2.0,0.0,0.0,2.0,1.0,4.2,1,871,871,871,1528,751,671,625,1167,860,285,1,1551,547,1,763,773,1432,1,4:34
2024-25,1628973,Jalen Brunson,Jalen,1610612752,NYK,New York Knicks,0042400123,2025-04-24T00:00:00,NYK @ DET,W,38.7,0.0,0.0,4.0,14.0,14.0,7.0,11.0,32.0,1.0,0.0,3.0,10.0,53.9,1,1,1,1,214,751,705,124,65,1443,898,1399,375,170,1,1145,10,70,1,38:42
2024-25,204001,Kristaps Porziņģis,Kristaps,1610612738,BOS,Boston Celtics,0042400112,2025-04-23T00:00:00,BOS vs. ORL,W,33.8,2.0,6.0,2.0,6.0,4.0,6.0,4.0,34.0,2.0,0.0,1.0,7.0,44.0,1,1,1,1,434,423,50,325,404,515,804,665,299,59,1,400,53,173,1,33:49
2024-25,201939,Stephen Curry,Stephen,1610612744,GSW,Golden State Warriors,0042400152,2025-04-23T00:00:00,GSW @ HOU,L,37.3,0.0,0.0,2.0,2.0,12.0,2.0,10.0,32.0,1.0,0.0,0.0,4.0,39.5,1,871,871,871,264,751,705,325,802,1324,308,1324,375,170,1,1,227,244,1,37:20
2024-25,1630532,Franz Wagner,Franz,1610612753,ORL,Orlando Magic,0042400112,2025-04-23T00:00:00,ORL @ BOS,L,40.2,2.0,2.0,0.0,12.0,8.0,15.0,5.0,32.0,0.0,1.0,2.0,2.0,39.8,1,871,871,871,140,423,388,625,109,978,1571,808,375,547,1165,763,505,235,1,40:12
2024-25,1631094,Paolo Banchero,Paolo,1610612753,ORL,Orlando Magic,0042400112,2025-04-23T00:00:00,ORL @ BOS,L,43.4,7.0,3.0,1.0,12.0,10.0,19.0,4.0,36.0,2.0,1.0,4.0,7.0,59.3,1,871,871,871,48,39,251,600,109,1167,1674,665,246,59,1165,1412,53,30,1,43:22
2024-25,1630611,Gui Santos,Gui,1610612744,GSW,Golden State Warriors,0042400152,2025-04-23T00:00:00,GSW @ HOU,L,10.7,0.0,0.0,0.0,2.0,7.0,0.0,6.0,12.0,0.0,1.0,4.0,1.0,3.7,1,871,871,871,1333,751,705,625,802,860,1,944,1167,547,1165,1412,773,1459,1,10:42
2024-25,1629636,Darius Garland,Darius,1610612739,CLE,Cleveland Cavaliers,0042400102,2025-04-23T00:00:00,CLE vs. MIA,W,31.7,2.0,2.0,2.0,4.0,11.0,8.0,6.0,30.0,0.0,0.0,2.0,5.0,35.9,1,1,1,1,539,423,388,325,582,1253,1028,944,431,547,1,763,143,331,1,31:44
2024-25,1631216,Caleb Houstan,Caleb,1610612753,ORL,Orlando Magic,0042400112,2025-04-23T00:00:00,ORL @ BOS,L,10.7,0.0,0.0,0.0,0.0,2.0,7.0,2.0,8.0,0.0,0.0,2.0,0.0,0.0,1,871,871,871,1335,751,705,625,1167,256,898,358,1322,547,1,763,1168,1620,1,10:39
2024-25,1630175,Cole Anthony,Cole,1610612753,ORL,Orlando Magic,0042400112,2025-04-23T00:00:00,ORL @ BOS,L,5.1,0.0,0.0,0.0,0.0,0.0,1.0,3.0,2.0,0.0,0.0,2.0,0.0,-1.0,1,871,871,871,1506,751,705,625,1167,1,285,556,1551,547,1,763,1168,1717,1,5:08
2024-25,1631466,Nate Williams,Nate,1610612745,HOU,Houston Rockets,0042400152,2025-04-23T00:00:00,HOU vs. GSW,W,2.0,0.0,0.0,0.0,0.0,0.0,2.0,1.0,4.0,0.0,0.0,0.0,0.0,0.0,1,1,1,1,1658,751,705,625,1167,1,308,324,1472,547,1,1,1168,1620,1,2:00
2024-25,1641796,Pelle Larsson,Pelle,1610612748,MIA,Miami Heat,0042400102,2025-04-23T00:00:00,MIA @ CLE,L,10.5,0.0,0.0,0.0,2.0,12.0,0.0,5.0,8.0,0.0,0.0,1.0,0.0,3.4,1,871,871,871,1340,751,705,625,802,1324,1,808,1322,547,1,400,1168,1468,1,10:30
2024-25,1628401,Derrick White,Derrick,1610612738,BOS,Boston Celtics,0042400112,2025-04-23T00:00:00,BOS vs. ORL,W,38.1,2.0,7.0,2.0,6.0,11.0,10.0,3.0,42.0,0.0,0.0,5.0,1.0,32.7,1,1,1,1,234,423,31,325,404,1253,1221,556,114,547,1,1609,773,403,1,38:09
2024-25,1630224,Jalen Green,Jalen,1610612745,HOU,Houston Rockets,0042400152,2025-04-23T00:00:00,HOU vs. GSW,W,35.3,4.0,0.0,4.0,10.0,5.0,7.0,5.0,16.0,0.0,1.0,1.0,2.0,58.8,1,1,1,1,359,171,705,124,175,633,898,808,991,547,1165,400,505,33,1,35:20
2024-25,1641708,Amen Thompson,Amen,1610612745,HOU,Houston Rockets,0042400152,2025-04-23T00:00:00,HOU vs. GSW,W,22.7,0.0,0.0,2.0,8.0,4.0,0.0,3.0,8.0,0.0,0.0,3.0,2.0,16.7,1,1,1,1,878,751,705,325,265,515,1,556,1322,547,1,1145,505,891,1,22:42
2024-25,1629631,De'Andre Hunter,De'Andre,1610612739,CLE,Cleveland Cavaliers,0042400102,2025-04-23T00:00:00,CLE vs. MIA,W,23.4,4.0,2.0,0.0,4.0,6.0,4.0,2.0,20.0,0.0,0.0,0.0,1.0,18.6,1,1,1,1,856,171,388,625,582,735,578,358,832,547,1,1,773,818,1,23:25
2024-25,1628389,Bam Adebayo,Bam,1610612748,MIA,Miami Heat,0042400102,2025-04-23T00:00:00,MIA @ CLE,L,42.4,0.0,2.0,0.0,4.0,17.0,9.0,15.0,22.0,0.0,0.0,3.0,3.0,42.3,1,871,871,871,73,751,388,625,582,1575,1128,1619,754,547,1,1145,344,195,1,42:24
2024-25,1629639,Tyler Herro,Tyler,1610612748,MIA,Miami Heat,0042400102,2025-04-23T00:00:00,MIA @ CLE,L,40.0,7.0,2.0,4.0,18.0,14.0,6.0,14.0,24.0,0.0,0.0,3.0,2.0,45.7,1,871,871,871,159,39,388,124,20,1443,804,1578,678,547,1,1145,505,149,1,39:58
2024-25,1642366,Quinten Post,Quinten,1610612744,GSW,Golden State Warriors,0042400152,2025-04-23T00:00:00,GSW @ HOU,L,24.6,9.0,0.0,0.0,0.0,5.0,6.0,0.0,26.0,0.0,1.0,0.0,0.0,18.9,1,871,871,871,821,18,705,625,1167,633,804,1,586,547,1165,1,1168,803,1,24:39
2024-25,1629731,Dean Wade,Dean,1610612739,CLE,Cleveland Cavaliers,0042400102,2025-04-23T00:00:00,CLE vs. MIA,W,5.6,0.0,0.0,0.0,0.0,0.0,2.0,2.0,6.0,0.0,0.0,0.0,0.0,3.0,1,1,1,1,1487,751,705,625,1167,1,308,358,1404,547,1,1,1168,1484,1,5:37
2024-25,1630596,Evan Mobley,Evan,1610612739,CLE,Cleveland Cavaliers,0042400102,2025-04-23T00:00:00,CLE vs. MIA,W,34.3,2.0,2.0,4.0,8.0,9.0,5.0,2.0,32.0,0.0,0.0,1.0,2.0,29.7,1,1,1,1,411,423,388,124,265,1085,701,358,375,547,1,400,505,466,1,34:20
2024-25,1642263,Reed Sheppard,Reed,1610612745,HOU,Houston Rockets,0042400152,2025-04-23T00:00:00,HOU vs. GSW,W,2.0,0.0,0.0,0.0,0.0,0.0,2.0,1.0,4.0,0.0,0.0,0.0,0.0,0.0,1,1,1,1,1658,751,705,625,1167,1,308,324,1472,547,1,1,1168,1620,1,2:00
2024-25,1630558,Davion Mitchell,Davion,1610612748,MIA,Miami Heat,0042400102,2025-04-23T00:00:00,MIA @ CLE,L,36.3,0.0,5.0,0.0,8.0,10.0,9.0,12.0,22.0,0.0,0.0,3.0,4.0,29.2,1,871,871,871,319,751,90,625,265,1167,1128,1472,754,547,1,1145,227,482,1,36:18
2024-25,1628988,Aaron Holiday,Aaron,1610612745,HOU,Houston Rockets,0042400152,2025-04-23T00:00:00,HOU vs. GSW,W,5.2,0.0,0.0,0.0,0.0,0.0,6.0,1.0,6.0,0.0,0.0,1.0,0.0,2.7,1,1,1,1,1505,751,705,625,1167,1,804,324,1404,547,1,400,1168,1499,1,5:12
2024-25,1630228,Jonathan Kuminga,Jonathan,1610612744,GSW,Golden State Warriors,0042400152,2025-04-23T00:00:00,GSW @ HOU,L,26.1,0.0,0.0,3.0,4.0,10.0,4.0,4.0,22.0,1.0,0.0,2.0,2.0,19.6,1,871,871,871,763,751,705,204,582,1167,578,665,754,170,1,763,505,776,1,26:04
2024-25,1630202,Payton Pritchard,Payton,1610612738,BOS,Boston Celtics,0042400112,2025-04-23T00:00:00,BOS vs. ORL,W,32.6,0.0,3.0,1.0,4.0,15.0,6.0,3.0,38.0,0.0,1.0,3.0,2.0,19.6,1,1,1,1,500,751,251,600,582,1494,804,556,202,547,1165,1145,505,776,1,32:37
2024-25,1630171,Isaac Okoro,Isaac,1610612739,CLE,Cleveland Cavaliers,0042400102,2025-04-23T00:00:00,CLE vs. MIA,W,9.9,0.0,0.0,0.0,0.0,2.0,8.0,2.0,10.0,0.0,1.0,3.0,0.0,7.2,1,1,1,1,1357,751,705,625,1167,256,1028,358,1249,547,1165,1145,1168,1280,1,9:51
2024-25,1627832,Fred VanVleet,Fred,1610612745,HOU,Houston Rockets,0042400152,2025-04-23T00:00:00,HOU vs. GSW,W,42.2,0.0,0.0,0.0,2.0,13.0,9.0,7.0,22.0,1.0,0.0,2.0,2.0,29.2,1,1,1,1,81,751,705,625,802,1382,1128,1055,754,170,1,763,505,482,1,42:14
2024-25,1629622,Max Strus,Max,1610612739,CLE,Cleveland Cavaliers,0042400102,2025-04-23T00:00:00,CLE vs. MIA,W,26.4,0.0,0.0,3.0,0.0,9.0,5.0,6.0,26.0,0.0,0.0,1.0,1.0,29.2,1,1,1,1,746,751,705,204,1167,1085,701,944,586,547,1,400,773,482,1,26:21
2024-25,1629312,Haywood Highsmith,Haywood,1610612748,MIA,Miami Heat,0042400102,2025-04-23T00:00:00,MIA @ CLE,L,26.7,0.0,3.0,0.0,2.0,15.0,0.0,5.0,12.0,0.0,0.0,3.0,0.0,19.9,1,871,871,871,730,751,251,625,802,1494,1,808,1167,547,1,1145,1168,762,1,26:42
2024-25,1641764,Brandin Podziemski,Brandin,1610612744,GSW,Golden State Warriors,0042400152,2025-04-23T00:00:00,GSW @ HOU,L,14.1,0.0,0.0,0.0,0.0,4.0,0.0,4.0,18.0,0.0,0.0,0.0,1.0,0.0,1,871,871,871,1198,751,705,625,1167,515,1,665,918,547,1,1,773,1620,1,14:08
2024-25,202709,Cory Joseph,Cory,1610612753,ORL,Orlando Magic,0042400112,2025-04-23T00:00:00,ORL @ BOS,L,22.8,0.0,0.0,2.0,4.0,8.0,10.0,4.0,18.0,1.0,1.0,0.0,1.0,20.7,1,871,871,871,876,751,705,325,582,978,1221,665,918,170,1165,1,773,738,1,22:45
2024-25,1628415,Dillon Brooks,Dillon,1610612745,HOU,Houston Rockets,0042400152,2025-04-23T00:00:00,HOU vs. GSW,W,24.8,4.0,2.0,2.0,6.0,8.0,0.0,3.0,10.0,1.0,1.0,4.0,2.0,21.1,1,1,1,1,812,171,388,325,404,978,1,556,1249,170,1165,1412,505,729,1,24:48
2024-25,1641715,Cam Whitmore,Cam,1610612745,HOU,Houston Rockets,0042400152,2025-04-23T00:00:00,HOU vs. GSW,W,2.0,0.0,0.0,0.0,0.0,0.0,2.0,1.0,4.0,0.0,1.0,0.0,0.0,1.2,1,1,1,1,1658,751,705,625,1167,1,308,324,1472,547,1165,1,1168,1559,1,2:00
2024-25,1631107,Nikola Jović,Nikola,1610612748,MIA,Miami Heat,0042400102,2025-04-23T00:00:00,MIA @ CLE,L,24.6,2.0,0.0,2.0,6.0,9.0,5.0,5.0,12.0,0.0,0.0,0.0,1.0,21.6,1,871,871,871,822,423,705,325,404,1085,701,808,1167,547,1,1,773,708,1,24:38
2024-25,1628378,Donovan Mitchell,Donovan,1610612739,CLE,Cleveland Cavaliers,0042400102,2025-04-23T00:00:00,CLE vs. MIA,W,35.6,3.0,0.0,5.0,4.0,9.0,10.0,2.0,36.0,0.0,0.0,2.0,4.0,48.2,1,1,1,1,350,271,705,74,582,1085,1221,358,246,547,1,763,227,121,1,35:35
2024-25,1631106,Tari Eason,Tari,1610612745,HOU,Houston Rockets,0042400152,2025-04-23T00:00:00,HOU vs. GSW,W,24.3,5.0,2.0,2.0,8.0,12.0,9.0,4.0,16.0,0.0,1.0,2.0,0.0,21.7,1,1,1,1,833,107,388,325,265,1324,1128,665,991,547,1165,763,1168,702,1,24:19
2024-25,1630541,Moses Moody,Moses,1610612744,GSW,Golden State Warriors,0042400152,2025-04-23T00:00:00,GSW @ HOU,L,24.3,1.0,0.0,1.0,2.0,6.0,2.0,6.0,26.0,1.0,0.0,1.0,1.0,21.9,1,871,871,871,835,722,705,600,802,735,308,944,586,170,1,400,773,696,1,24:18
2024-25,1630573,Sam Hauser,Sam,1610612738,BOS,Boston Celtics,0042400112,2025-04-23T00:00:00,BOS vs. ORL,W,13.4,0.0,0.0,0.0,0.0,11.0,2.0,2.0,20.0,0.0,0.0,2.0,0.0,1.2,1,1,1,1,1233,751,705,625,1167,1253,308,358,832,547,1,763,1168,1559,1,13:26
2024-25,203110,Draymond Green,Draymond,1610612744,GSW,Golden State Warriors,0042400152,2025-04-23T00:00:00,GSW @ HOU,L,30.6,1.0,0.0,0.0,0.0,9.0,6.0,6.0,34.0,1.0,0.0,3.0,4.0,22.5,1,871,871,871,577,722,705,625,1167,1085,804,944,299,170,1,1145,227,680,1,30:35
2024-25,201950,Jrue Holiday,Jrue,1610612738,BOS,Boston Celtics,0042400112,2025-04-23T00:00:00,BOS vs. ORL,W,36.1,2.0,0.0,0.0,6.0,6.0,8.0,3.0,32.0,1.0,2.0,4.0,2.0,25.8,1,1,1,1,325,423,705,625,404,735,1028,556,375,170,1564,1412,505,569,1,36:06
2024-25,201145,Jeff Green,Jeff,1610612745,HOU,Houston Rockets,0042400152,2025-04-23T00:00:00,HOU vs. GSW,W,2.0,0.0,0.0,0.0,0.0,0.0,2.0,1.0,4.0,0.0,1.0,0.0,0.0,1.2,1,1,1,1,1658,751,705,625,1167,1,308,324,1472,547,1165,1,1168,1559,1,2:00
2024-25,203952,Andrew Wiggins,Andrew,1610612748,MIA,Miami Heat,0042400102,2025-04-23T00:00:00,MIA @ CLE,L,28.5,4.0,0.0,0.0,2.0,4.0,7.0,12.0,20.0,3.0,1.0,3.0,2.0,22.7,1,871,871,871,676,171,705,625,802,515,898,1472,832,17,1165,1145,505,675,1,28:27
2024-25,1628976,Wendell Carter Jr.,Wendell,1610612753,ORL,Orlando Magic,0042400112,2025-04-23T00:00:00,ORL @ BOS,L,32.9,2.0,0.0,0.0,6.0,10.0,16.0,4.0,30.0,0.0,1.0,4.0,2.0,25.1,1,871,871,871,488,423,705,625,404,1167,1611,665,431,547,1165,1412,505,588,1,32:55
2024-25,201143,Al Horford,Al,1610612738,BOS,Boston Celtics,0042400112,2025-04-23T00:00:00,BOS vs. ORL,W,32.4,0.0,2.0,0.0,4.0,9.0,6.0,2.0,24.0,1.0,1.0,3.0,4.0,24.5,1,1,1,1,510,751,388,625,582,1085,804,358,678,170,1165,1145,227,604,1,32:26
2024-25,1628371,Jonathan Isaac,Jonathan,1610612753,ORL,Orlando Magic,0042400112,2025-04-23T00:00:00,ORL @ BOS,L,6.6,0.0,0.0,0.0,0.0,0.0,1.0,3.0,4.0,0.0,0.0,0.0,0.0,1.2,1,871,871,871,1458,751,705,625,1167,1,285,556,1472,547,1,1,1168,1559,1,6:38
2024-25,1628386,Jarrett Allen,Jarrett,1610612739,CLE,Cleveland Cavaliers,0042400102,2025-04-23T00:00:00,CLE vs. MIA,W,30.6,2.0,0.0,0.0,6.0,11.0,7.0,6.0,30.0,1.0,1.0,1.0,4.0,24.1,1,1,1,1,579,423,705,625,404,1253,898,944,431,170,1165,400,227,613,1,30:33
2024-25,1629660,Ty Jerome,Ty,1610612739,CLE,Cleveland Cavaliers,0042400102,2025-04-23T00:00:00,CLE vs. MIA,W,23.1,3.0,0.0,0.0,2.0,6.0,4.0,2.0,16.0,0.0,1.0,2.0,2.0,11.6,1,1,1,1,865,271,705,625,802,735,578,358,991,547,1165,763,505,1097,1,23:04
2024-25,1630241,Sam Merrill,Sam,1610612739,CLE,Cleveland Cavaliers,0042400102,2025-04-23T00:00:00,CLE vs. MIA,W,19.5,3.0,3.0,3.0,0.0,2.0,7.0,0.0,14.0,0.0,0.0,1.0,0.0,15.3,1,1,1,1,993,271,251,204,1167,256,898,1,1080,547,1,400,1168,953,1,19:30
2024-25,1629130,Duncan Robinson,Duncan,1610612748,MIA,Miami Heat,0042400102,2025-04-23T00:00:00,MIA @ CLE,L,11.9,0.0,0.0,0.0,0.0,12.0,5.0,8.0,6.0,0.0,0.0,2.0,0.0,4.5,1,871,871,871,1294,751,705,625,1167,1324,701,1162,1404,547,1,763,1168,1413,1,11:55
2024-25,202710,Jimmy Butler III,Jimmy,1610612744,GSW,Golden State Warriors,0042400152,2025-04-23T00:00:00,GSW @ HOU,L,7.9,0.0,0.0,0.0,2.0,2.0,0.0,4.0,10.0,0.0,0.0,0.0,2.0,5.4,1,871,871,871,1409,751,705,625,802,256,1,665,1249,547,1,1,505,1360,1,7:52
2024-25,1627741,Buddy Hield,Buddy,1610612744,GSW,Golden State Warriors,0042400152,2025-04-23T00:00:00,GSW @ HOU,L,15.7,0.0,2.0,0.0,0.0,5.0,4.0,4.0,18.0,0.0,0.0,2.0,0.0,11.3,1,871,871,871,1141,751,388,625,1167,633,578,665,918,547,1,763,1168,1119,1,15:45
2024-25,1631095,Jabari Smith Jr.,Jabari,1610612745,HOU,Houston Rockets,0042400152,2025-04-23T00:00:00,HOU vs. GSW,W,23.9,0.0,0.0,0.0,2.0,8.0,6.0,4.0,16.0,1.0,0.0,0.0,2.0,13.0,1,1,1,1,849,751,705,625,802,978,804,665,991,170,1,1,505,1047,1,23:51
2024-25,1631218,Trayce Jackson-Davis,Trayce,1610612744,GSW,Golden State Warriors,0042400152,2025-04-23T00:00:00,GSW @ HOU,L,3.7,0.0,2.0,0.0,2.0,0.0,0.0,0.0,0.0,0.0,0.0,1.0,0.0,4.4,1,871,871,871,1571,751,388,625,802,1,1,1,1643,547,1,400,1168,1420,1,3:40
2024-25,203914,Gary Harris,Gary,1610612753,ORL,Orlando Magic,0042400112,2025-04-23T00:00:00,ORL @ BOS,L,13.5,2.0,0.0,0.0,4.0,0.0,6.0,3.0,8.0,0.0,0.0,1.0,0.0,13.0,1,871,871,871,1231,423,705,625,582,1,804,556,1322,547,1,400,1168,1047,1,13:27
2024-25,203500,Steven Adams,Steven,1610612745,HOU,Houston Rockets,0042400152,2025-04-23T00:00:00,HOU vs. GSW,W,16.8,0.0,0.0,0.0,0.0,5.0,7.0,2.0,14.0,1.0,0.0,0.0,1.0,10.6,1,1,1,1,1097,751,705,625,1167,633,898,358,1080,170,1,1,773,1147,1,16:48
2024-25,203484,Kentavious Caldwell-Pope,Kentavious,1610612753,ORL,Orlando Magic,0042400112,2025-04-23T00:00:00,ORL @ BOS,L,34.6,0.0,0.0,0.0,0.0,10.0,14.0,4.0,30.0,0.0,0.0,2.0,2.0,7.8,1,871,871,871,392,751,705,625,1167,1167,1513,665,431,547,1,763,505,1263,1,34:33
2024-25,1630311,Pat Spencer,Pat,1610612744,GSW,Golden State Warriors,0042400152,2025-04-23T00:00:00,GSW @ HOU,L,12.3,2.0,5.0,2.0,8.0,3.0,4.0,0.0,8.0,0.0,1.0,2.0,0.0,13.7,1,871,871,871,1271,423,90,325,265,431,578,1,1322,547,1165,763,1168,1024,1,12:18
2024-25,1641710,Anthony Black,Anthony,1610612753,ORL,Orlando Magic,0042400112,2025-04-23T00:00:00,ORL @ BOS,L,22.6,2.0,5.0,2.0,8.0,2.0,8.0,3.0,18.0,0.0,0.0,2.0,4.0,14.8,1,871,871,871,881,423,90,325,265,256,1028,556,918,547,1,763,227,975,1,22:36
2024-25,1630296,Braxton Key,Braxton,1610612744,GSW,Golden State Warriors,0042400152,2025-04-23T00:00:00,GSW @ HOU,L,3.7,0.0,0.0,0.0,0.0,0.0,0.0,0.0,0.0,2.0,0.0,0.0,0.0,6.0,1,871,871,871,1571,751,705,625,1167,1,1,1,1643,59,1,1,1168,1337,1,3:40
2024-25,1629048,Goga Bitadze,Goga,1610612753,ORL,Orlando Magic,0042400112,2025-04-23T00:00:00,ORL @ BOS,L,7.8,0.0,0.0,0.0,2.0,0.0,3.0,0.0,4.0,1.0,0.0,4.0,1.0,10.1,1,871,871,871,1413,751,705,625,802,1,473,1,1472,170,1,1412,773,1172,1,7:45
2024-25,1642276,Kel'el Ware,Kel'el,1610612748,MIA,Miami Heat,0042400102,2025-04-23T00:00:00,MIA @ CLE,L,19.1,0.0,0.0,0.0,2.0,2.0,4.0,9.0,14.0,0.0,0.0,1.0,1.0,13.8,1,871,871,871,1013,751,705,625,802,256,578,1249,1080,547,1,400,773,1020,1,19:08
2024-25,1627759,Jaylen Brown,Jaylen,1610612738,BOS,Boston Celtics,0042400112,2025-04-23T00:00:00,BOS vs. ORL,W,41.7,4.0,2.0,2.0,12.0,13.0,8.0,5.0,36.0,0.0,0.0,1.0,4.0,55.5,1,1,1,1,98,171,388,325,109,1382,1028,808,246,547,1,400,227,59,1,41:40
2024-25,1628995,Kevin Knox II,Kevin,1610612744,GSW,Golden State Warriors,0042400152,2025-04-23T00:00:00,GSW @ HOU,L,3.7,0.0,0.0,0.0,2.0,0.0,0.0,0.0,0.0,0.0,0.0,0.0,0.0,4.7,1,871,871,871,1571,751,705,625,802,1,1,1,1643,547,1,1,1168,1399,1,3:40
2024-25,1630578,Alperen Sengun,Alperen,1610612745,HOU,Houston Rockets,0042400152,2025-04-23T00:00:00,HOU vs. GSW,W,36.8,1.0,2.0,0.0,10.0,10.0,3.0,7.0,16.0,0.0,1.0,4.0,7.0,49.7,1,1,1,1,297,722,388,625,175,1167,473,1055,991,547,1165,1412,53,101,1,36:47
2024-25,1628436,Luke Kornet,Luke,1610612738,BOS,Boston Celtics,0042400112,2025-04-23T00:00:00,BOS vs. ORL,W,11.8,0.0,0.0,0.0,0.0,6.0,4.0,3.0,14.0,0.0,0.0,0.0,3.0,6.4,1,1,1,1,1299,751,705,625,1167,735,578,556,1080,547,1,1,344,1312,1,11:47
2024-25,1626172,Kevon Looney,Kevon,1610612744,GSW,Golden State Warriors,0042400152,2025-04-23T00:00:00,GSW @ HOU,L,13.2,0.0,2.0,0.0,4.0,5.0,0.0,4.0,12.0,0.0,0.0,1.0,2.0,14.3,1,871,871,871,1241,751,388,625,582,633,1,665,1167,547,1,400,505,993,1,13:13
2024-25,1627780,Gary Payton II,Gary,1610612744,GSW,Golden State Warriors,0042400152,2025-04-23T00:00:00,GSW @ HOU,L,12.1,0.0,0.0,0.0,0.0,2.0,2.0,2.0,12.0,0.0,1.0,2.0,0.0,4.7,1,871,871,871,1279,751,705,625,1167,256,308,358,1167,547,1165,763,1168,1399,1,12:06
2024-25,1630198,Isaiah Joe,Isaiah,1610612760,OKC,Oklahoma City Thunder,0042400142,2025-04-22T00:00:00,OKC vs. MEM,W,16.5,0.0,3.0,2.0,2.0,0.0,4.0,1.0,12.0,0.0,0.0,0.0,2.0,13.8,1,1,1,1,1108,751,251,325,802,1,578,324,1167,547,1,1,505,1020,1,16:29
2024-25,1630583,Santi Aldama,Santi,1610612763,MEM,Memphis Grizzlies,0042400142,2025-04-22T00:00:00,MEM @ OKC,L,30.9,0.0,3.0,0.0,2.0,21.0,11.0,15.0,30.0,0.0,1.0,0.0,0.0,14.0,1,871,871,871,566,751,251,625,802,1680,1313,1619,431,547,1165,1,1168,1012,1,30:56
2024-25,201572,Brook Lopez,Brook,1610612749,MIL,Milwaukee Bucks,0042400132,2025-04-22T00:00:00,MIL @ IND,L,16.2,3.0,0.0,0.0,2.0,8.0,2.0,2.0,18.0,4.0,0.0,2.0,1.0,21.7,1,871,871,871,1118,271,705,625,802,978,308,358,918,7,1,763,773,702,1,16:09
2024-25,1629637,Jaxson Hayes,Jaxson,1610612747,LAL,Los Angeles Lakers,0042400162,2025-04-22T00:00:00,LAL vs. MIN,W,9.3,0.0,0.0,0.0,2.0,5.0,7.0,0.0,6.0,1.0,0.0,5.0,0.0,5.2,1,1,1,1,1373,751,705,625,802,633,898,1,1404,170,1,1609,1168,1371,1,9:18
2024-25,1628983,Shai Gilgeous-Alexander,Shai,1610612760,OKC,Oklahoma City Thunder,0042400142,2025-04-22T00:00:00,OKC vs. MEM,W,38.2,7.0,2.0,7.0,12.0,4.0,10.0,3.0,34.0,0.0,0.0,2.0,3.0,48.1,1,1,1,1,231,39,388,33,109,515,1221,556,299,547,1,763,344,122,1,38:11
2024-25,1641744,Zach Edey,Zach,1610612763,MEM,Memphis Grizzlies,0042400142,2025-04-22T00:00:00,MEM @ OKC,L,26.1,0.0,2.0,0.0,4.0,16.0,2.0,15.0,40.0,2.0,0.0,0.0,0.0,21.9,1,871,871,871,760,751,388,625,582,1539,308,1619,162,59,1,1,1168,696,1,26:08
2024-25,1641716,Jarace Walker,Jarace,1610612754,IND,Indiana Pacers,0042400132,2025-04-22T00:00:00,IND vs. MIL,W,10.6,0.0,0.0,0.0,0.0,0.0,0.0,0.0,4.0,0.0,0.0,1.0,0.0,7.8,1,1,1,1,1336,751,705,625,1167,1,1,1,1472,547,1,400,1168,1263,1,10:38
2024-25,1630174,Aaron Nesmith,Aaron,1610612754,IND,Indiana Pacers,0042400132,2025-04-22T00:00:00,IND vs. MIL,W,30.9,3.0,2.0,0.0,2.0,5.0,11.0,4.0,32.0,0.0,2.0,4.0,1.0,23.4,1,1,1,1,567,271,388,625,802,633,1313,665,375,547,1564,1412,773,646,1,30:53
2024-25,1628392,Isaiah Hartenstein,Isaiah,1610612760,OKC,Oklahoma City Thunder,0042400142,2025-04-22T00:00:00,OKC vs. MEM,W,26.8,0.0,2.0,0.0,6.0,4.0,7.0,0.0,28.0,1.0,0.0,0.0,0.0,23.5,1,1,1,1,728,751,388,625,404,515,898,1,514,170,1,1,1168,641,1,26:45
2024-25,201144,Mike Conley,Mike,1610612750,MIN,Minnesota Timberwolves,0042400162,2025-04-22T00:00:00,MIN @ LAL,L,21.1,0.0,0.0,0.0,0.0,4.0,0.0,4.0,18.0,0.0,1.0,0.0,1.0,7.7,1,871,871,871,937,751,705,625,1167,515,1,665,918,547,1165,1,773,1267,1,21:05
2024-25,1628978,Donte DiVincenzo,Donte,1610612750,MIN,Minnesota Timberwolves,0042400162,2025-04-22T00:00:00,MIN @ LAL,L,16.1,0.0,0.0,2.0,2.0,9.0,4.0,7.0,20.0,0.0,0.0,4.0,1.0,8.6,1,871,871,871,1122,751,705,325,802,1085,578,1055,832,547,1,1412,773,1238,1,16:04
2024-25,1631096,Chet Holmgren,Chet,1610612760,OKC,Oklahoma City Thunder,0042400142,2025-04-22T00:00:00,OKC vs. MEM,W,33.3,8.0,4.0,2.0,6.0,4.0,10.0,2.0,32.0,5.0,2.0,1.0,3.0,47.2,1,1,1,1,463,29,147,325,404,515,1221,358,375,3,1564,400,344,131,1,33:16
2024-25,1629060,Rui Hachimura,Rui,1610612747,LAL,Los Angeles Lakers,0042400162,2025-04-22T00:00:00,LAL vs. MIN,W,34.2,0.0,3.0,2.0,8.0,6.0,11.0,6.0,34.0,1.0,1.0,2.0,2.0,24.0,1,1,1,1,414,751,251,325,265,735,1313,944,299,170,1165,763,505,618,1,34:12
2024-25,204456,T.J. McConnell,T.J.,1610612754,IND,Indiana Pacers,0042400132,2025-04-22T00:00:00,IND vs. MIL,W,16.3,0.0,0.0,0.0,6.0,0.0,2.0,5.0,12.0,0.0,0.0,0.0,2.0,24.0,1,1,1,1,1115,751,705,625,404,1,308,808,1167,547,1,1,505,618,1,16:16
2024-25,1629645,Kevin Porter Jr.,Kevin,1610612749,MIL,Milwaukee Bucks,0042400132,2025-04-22T00:00:00,MIL @ IND,L,15.1,0.0,0.0,0.0,2.0,2.0,6.0,2.0,16.0,0.0,1.0,2.0,1.0,11.7,1,871,871,871,1161,751,705,625,802,256,804,358,991,547,1165,763,773,1088,1,15:03
2024-25,1629630,Ja Morant,Ja,1610612763,MEM,Memphis Grizzlies,0042400142,2025-04-22T00:00:00,MEM @ OKC,L,40.1,4.0,0.0,1.0,10.0,17.0,11.0,13.0,36.0,1.0,3.0,1.0,2.0,38.4,1,871,871,871,146,171,705,600,175,1575,1313,1521,246,170,1689,400,505,271,1,40:08
2024-25,1628379,Luke Kennard,Luke,1610612763,MEM,Memphis Grizzlies,0042400142,2025-04-22T00:00:00,MEM @ OKC,L,17.5,0.0,0.0,0.0,4.0,20.0,0.0,13.0,26.0,1.0,0.0,1.0,0.0,11.6,1,871,871,871,1077,751,705,625,582,1658,1,1521,586,170,1,400,1168,1097,1,17:32
2024-25,1626171,Bobby Portis,Bobby,1610612749,MIL,Milwaukee Bucks,0042400132,2025-04-22T00:00:00,MIL @ IND,L,31.9,0.0,3.0,0.0,4.0,7.0,11.0,2.0,28.0,1.0,1.0,2.0,2.0,46.9,1,871,871,871,532,751,251,625,582,860,1313,358,514,170,1165,763,505,135,1,31:51
2024-25,1630598,Aaron Wiggins,Aaron,1610612760,OKC,Oklahoma City Thunder,0042400142,2025-04-22T00:00:00,OKC vs. MEM,W,7.4,4.0,0.0,2.0,8.0,2.0,0.0,0.0,14.0,0.0,0.0,0.0,1.0,11.0,1,1,1,1,1433,171,705,325,265,256,1,1,1080,547,1,1,773,1130,1,7:26
2024-25,1631119,Jaylin Williams,Jaylin,1610612760,OKC,Oklahoma City Thunder,0042400142,2025-04-22T00:00:00,OKC vs. MEM,W,3.1,0.0,0.0,0.0,0.0,0.0,0.0,1.0,2.0,0.0,0.0,1.0,0.0,1.2,1,1,1,1,1599,751,705,625,1167,1,1,324,1551,547,1,400,1168,1559,1,3:05
2024-25,203507,Giannis Antetokounmpo,Giannis,1610612749,MIL,Milwaukee Bucks,0042400132,2025-04-22T00:00:00,MIL @ IND,L,39.6,2.0,6.0,2.0,28.0,15.0,11.0,4.0,40.0,1.0,1.0,2.0,8.0,65.1,1,871,871,871,175,423,50,325,1,1494,1313,665,162,170,1165,763,26,14,1,39:37
2024-25,203081,Damian Lillard,Damian,1610612749,MIL,Milwaukee Bucks,0042400132,2025-04-22T00:00:00,MIL @ IND,L,37.0,0.0,6.0,3.0,2.0,13.0,7.0,2.0,30.0,0.0,0.0,4.0,5.0,26.1,1,871,871,871,285,751,50,204,802,1382,898,358,431,547,1,1412,143,559,1,36:58
2024-25,1630692,Jordan Goodwin,Jordan,1610612747,LAL,Los Angeles Lakers,0042400162,2025-04-22T00:00:00,LAL vs. MIN,W,6.7,0.0,0.0,0.0,0.0,0.0,2.0,0.0,8.0,0.0,0.0,2.0,0.0,1.2,1,1,1,1,1455,751,705,625,1167,1,308,1,1322,547,1,763,1168,1559,1,6:41
2024-25,1626167,Myles Turner,Myles,1610612754,IND,Indiana Pacers,0042400132,2025-04-22T00:00:00,IND vs. MIL,W,33.0,2.0,2.0,0.0,6.0,5.0,13.0,4.0,36.0,2.0,1.0,3.0,2.0,27.9,1,1,1,1,487,423,388,625,404,633,1459,665,246,59,1165,1145,505,522,1,32:57
2024-25,1630579,Jericho Sims,Jericho,1610612749,MIL,Milwaukee Bucks,0042400132,2025-04-22T00:00:00,MIL @ IND,L,8.1,0.0,0.0,0.0,0.0,0.0,2.0,0.0,6.0,0.0,0.0,1.0,1.0,0.4,1,871,871,871,1407,751,705,625,1167,1,308,1,1404,547,1,400,773,1608,1,8:03
2024-25,1630559,Austin Reaves,Austin,1610612747,LAL,Los Angeles Lakers,0042400162,2025-04-22T00:00:00,LAL vs. MIN,W,42.6,2.0,0.0,0.0,12.0,13.0,16.0,6.0,40.0,0.0,1.0,3.0,5.0,28.5,1,1,1,1,65,423,705,625,109,1382,1611,944,162,547,1165,1145,143,504,1,42:33
2024-25,1629614,Andrew Nembhard,Andrew,1610612754,IND,Indiana Pacers,0042400132,2025-04-22T00:00:00,IND vs. MIL,W,34.1,0.0,3.0,0.0,2.0,5.0,13.0,4.0,38.0,0.0,0.0,3.0,4.0,28.6,1,1,1,1,420,751,251,625,802,633,1459,665,202,547,1,1145,227,501,1,34:05
2024-25,203944,Julius Randle,Julius,1610612750,MIN,Minnesota Timberwolves,0042400162,2025-04-22T00:00:00,MIN @ LAL,L,38.9,0.0,3.0,0.0,12.0,9.0,4.0,10.0,36.0,1.0,1.0,5.0,8.0,45.8,1,871,871,871,208,751,251,625,109,1085,578,1324,246,170,1165,1609,26,146,1,38:53
2024-25,1629638,Nickeil Alexander-Walker,Nickeil,1610612750,MIN,Minnesota Timberwolves,0042400162,2025-04-22T00:00:00,MIN @ LAL,L,29.0,0.0,2.0,0.0,2.0,10.0,3.0,6.0,30.0,0.0,1.0,1.0,2.0,9.9,1,871,871,871,658,751,388,625,802,1167,473,944,431,547,1165,400,505,1182,1,28:57
2024-25,1629216,Gabe Vincent,Gabe,1610612747,LAL,Los Angeles Lakers,0042400162,2025-04-22T00:00:00,LAL vs. MIN,W,19.1,6.0,0.0,3.0,0.0,7.0,12.0,2.0,22.0,1.0,0.0,1.0,2.0,9.5,1,1,1,1,1013,67,705,204,1167,860,1393,358,754,170,1,400,505,1199,1,19:08
2024-25,1630217,Desmond Bane,Desmond,1610612763,MEM,Memphis Grizzlies,0042400142,2025-04-22T00:00:00,MEM @ OKC,L,37.2,2.0,5.0,2.0,10.0,20.0,4.0,17.0,44.0,1.0,2.0,2.0,2.0,44.4,1,871,871,871,274,423,90,325,175,1658,578,1675,78,170,1564,763,505,165,1,37:09
2024-25,1630162,Anthony Edwards,Anthony,1610612750,MIN,Minnesota Timberwolves,0042400162,2025-04-22T00:00:00,MIN @ LAL,L,40.1,2.0,2.0,0.0,16.0,13.0,7.0,13.0,40.0,0.0,1.0,1.0,3.0,30.2,1,871,871,871,147,423,388,625,34,1382,898,1521,162,547,1165,400,344,453,1,40:05
2024-25,1628991,Jaren Jackson Jr.,Jaren,1610612763,MEM,Memphis Grizzlies,0042400142,2025-04-22T00:00:00,MEM @ OKC,L,35.2,0.0,2.0,0.0,12.0,9.0,11.0,12.0,40.0,0.0,1.0,3.0,7.0,33.2,1,871,871,871,361,751,388,625,109,1085,1313,1472,162,547,1165,1145,53,390,1,35:13
2024-25,1629018,Gary Trent Jr.,Gary,1610612749,MIL,Milwaukee Bucks,0042400132,2025-04-22T00:00:00,MIL @ IND,L,29.5,0.0,0.0,0.0,0.0,7.0,11.0,2.0,26.0,0.0,0.0,2.0,0.0,8.7,1,871,871,871,631,751,705,625,1167,860,1313,358,586,547,1,763,1168,1228,1,29:31
2024-25,1627936,Alex Caruso,Alex,1610612760,OKC,Oklahoma City Thunder,0042400142,2025-04-22T00:00:00,OKC vs. MEM,W,22.4,2.0,0.0,2.0,4.0,2.0,4.0,1.0,24.0,1.0,0.0,2.0,1.0,34.3,1,1,1,1,886,423,705,325,582,256,578,324,678,170,1,763,773,364,1,22:25
2024-25,1628963,Marvin Bagley III,Marvin,1610612763,MEM,Memphis Grizzlies,0042400142,2025-04-22T00:00:00,MEM @ OKC,L,11.4,0.0,0.0,0.0,0.0,9.0,5.0,4.0,8.0,0.0,0.0,2.0,1.0,-0.8,1,871,871,871,1307,751,705,625,1167,1085,701,665,1322,547,1,763,773,1715,1,11:24
2024-25,1629675,Naz Reid,Naz,1610612750,MIN,Minnesota Timberwolves,0042400162,2025-04-22T00:00:00,MIN @ LAL,L,21.0,7.0,3.0,2.0,4.0,13.0,2.0,9.0,22.0,0.0,1.0,4.0,2.0,18.9,1,871,871,871,945,39,251,325,582,1382,308,1249,754,547,1165,1412,505,803,1,20:57
2024-25,1629020,Jarred Vanderbilt,Jarred,1610612747,LAL,Los Angeles Lakers,0042400162,2025-04-22T00:00:00,LAL vs. MIN,W,7.7,0.0,0.0,0.0,0.0,7.0,7.0,0.0,10.0,0.0,0.0,1.0,1.0,3.2,1,1,1,1,1416,751,705,625,1167,860,898,1,1249,547,1,400,773,1470,1,7:43
2024-25,1630167,Obi Toppin,Obi,1610612754,IND,Indiana Pacers,0042400132,2025-04-22T00:00:00,IND vs. MIL,W,21.2,0.0,0.0,0.0,4.0,2.0,6.0,7.0,28.0,0.0,0.0,1.0,1.0,15.1,1,1,1,1,931,751,705,625,582,256,804,1055,514,547,1,400,773,957,1,21:09
2024-25,1627783,Pascal Siakam,Pascal,1610612754,IND,Indiana Pacers,0042400132,2025-04-22T00:00:00,IND vs. MIL,W,34.4,4.0,4.0,2.0,10.0,3.0,11.0,7.0,30.0,0.0,2.0,4.0,4.0,48.7,1,1,1,1,407,171,147,325,175,431,1313,1055,431,547,1564,1412,227,112,1,34:23
2024-25,1627827,Dorian Finney-Smith,Dorian,1610612747,LAL,Los Angeles Lakers,0042400162,2025-04-22T00:00:00,LAL vs. MIN,W,38.7,0.0,0.0,2.0,4.0,8.0,9.0,6.0,38.0,1.0,0.0,3.0,0.0,17.5,1,1,1,1,215,751,705,325,582,978,1128,944,202,170,1,1145,1168,852,1,38:39
2024-25,1629652,Luguentz Dort,Luguentz,1610612760,OKC,Oklahoma City Thunder,0042400142,2025-04-22T00:00:00,OKC vs. MEM,W,32.6,0.0,0.0,0.0,2.0,4.0,8.0,2.0,28.0,0.0,0.0,5.0,0.0,18.8,1,1,1,1,500,751,705,625,802,515,1028,358,514,547,1,1609,1168,811,1,32:37
2024-25,1630590,Scotty Pippen Jr.,Scotty,1610612763,MEM,Memphis Grizzlies,0042400142,2025-04-22T00:00:00,MEM @ OKC,L,31.2,0.0,0.0,0.0,4.0,6.0,9.0,14.0,42.0,0.0,1.0,3.0,3.0,18.3,1,871,871,871,554,751,705,625,582,735,1128,1578,114,547,1165,1145,344,827,1,31:13
2024-25,1630545,Terrence Shannon Jr.,Terrence,1610612750,MIN,Minnesota Timberwolves,0042400162,2025-04-22T00:00:00,MIN @ LAL,L,6.9,0.0,0.0,0.0,2.0,0.0,3.0,0.0,6.0,0.0,0.0,1.0,0.0,3.2,1,871,871,871,1444,751,705,625,802,1,473,1,1404,547,1,400,1168,1470,1,6:54
2024-25,1631114,Jalen Williams,Jalen,1610612760,OKC,Oklahoma City Thunder,0042400142,2025-04-22T00:00:00,OKC vs. MEM,W,35.4,4.0,0.0,6.0,12.0,6.0,10.0,2.0,34.0,0.0,2.0,2.0,2.0,40.7,1,1,1,1,358,171,705,43,109,735,1221,358,299,547,1564,763,505,226,1,35:21
2024-25,1629723,John Konchar,John,1610612763,MEM,Memphis Grizzlies,0042400142,2025-04-22T00:00:00,MEM @ OKC,L,10.3,0.0,0.0,0.0,0.0,7.0,2.0,2.0,4.0,0.0,0.0,1.0,1.0,3.9,1,871,871,871,1344,751,705,625,1167,860,308,358,1472,547,1,400,773,1455,1,10:17
2024-25,1628398,Kyle Kuzma,Kyle,1610612749,MIL,Milwaukee Bucks,0042400132,2025-04-22T00:00:00,MIL @ IND,L,31.0,0.0,0.0,4.0,10.0,10.0,7.0,2.0,30.0,0.0,0.0,2.0,1.0,17.1,1,871,871,871,562,751,705,124,175,1167,898,358,431,547,1,763,773,871,1,31:00
2024-25,1627752,Taurean Prince,Taurean,1610612749,MIL,Milwaukee Bucks,0042400132,2025-04-22T00:00:00,MIL @ IND,L,19.4,0.0,0.0,0.0,0.0,11.0,2.0,2.0,20.0,0.0,0.0,1.0,0.0,16.0,1,871,871,871,998,751,705,625,1167,1253,308,358,832,547,1,400,1168,918,1,19:25
2024-25,1631097,Bennedict Mathurin,Bennedict,1610612754,IND,Indiana Pacers,0042400132,2025-04-22T00:00:00,IND vs. MIL,W,17.1,2.0,2.0,2.0,6.0,0.0,4.0,5.0,16.0,0.0,0.0,1.0,2.0,16.7,1,1,1,1,1090,423,388,325,404,1,578,808,991,547,1,400,505,891,1,17:07
2024-25,1641717,Cason Wallace,Cason,1610612760,OKC,Oklahoma City Thunder,0042400142,2025-04-22T00:00:00,OKC vs. MEM,W,24.4,0.0,0.0,0.0,2.0,4.0,7.0,3.0,22.0,1.0,1.0,3.0,1.0,17.9,1,1,1,1,828,751,705,625,802,515,898,556,754,170,1165,1145,773,839,1,24:25
2024-25,2544,LeBron James,LeBron,1610612747,LAL,Los Angeles Lakers,0042400162,2025-04-22T00:00:00,LAL vs. MIN,W,39.6,4.0,2.0,4.0,8.0,13.0,15.0,4.0,34.0,1.0,0.0,4.0,5.0,48.7,1,1,1,1,175,171,388,124,265,1382,1571,665,299,170,1,1412,143,112,1,39:37
2024-25,1631260,AJ Green,AJ,1610612749,MIL,Milwaukee Bucks,0042400132,2025-04-22T00:00:00,MIL @ IND,L,12.4,0.0,0.0,0.0,0.0,2.0,6.0,2.0,16.0,0.0,0.0,1.0,0.0,3.9,1,871,871,871,1269,751,705,625,1167,256,804,358,991,547,1,400,1168,1455,1,12:23
2024-25,1629029,Luka Dončić,Luka,1610612747,LAL,Los Angeles Lakers,0042400162,2025-04-22T00:00:00,LAL vs. MIN,W,42.2,3.0,2.0,2.0,12.0,6.0,11.0,6.0,38.0,1.0,0.0,3.0,7.0,57.9,1,1,1,1,86,271,388,325,109,735,1313,944,202,170,1,1145,53,37,1,42:09
2024-25,1630169,Tyrese Haliburton,Tyrese,1610612754,IND,Indiana Pacers,0042400132,2025-04-22T00:00:00,IND vs. MIL,W,35.0,4.0,0.0,0.0,10.0,5.0,15.0,9.0,42.0,0.0,1.0,1.0,1.0,42.0,1,1,1,1,372,171,705,625,175,633,1571,1249,114,547,1165,400,773,201,1,35:01
2024-25,203497,Rudy Gobert,Rudy,1610612750,MIN,Minnesota Timberwolves,0042400162,2025-04-22T00:00:00,MIN @ LAL,L,28.8,2.0,0.0,2.0,4.0,5.0,5.0,7.0,28.0,0.0,0.0,1.0,5.0,19.2,1,871,871,871,662,423,705,325,582,633,701,1055,514,547,1,400,143,792,1,28:47
2024-25,1628418,Thomas Bryant,Thomas,1610612754,IND,Indiana Pacers,0042400132,2025-04-22T00:00:00,IND vs. MIL,W,7.5,0.0,0.0,0.0,0.0,0.0,0.0,0.0,2.0,1.0,0.0,1.0,2.0,4.4,1,1,1,1,1430,751,705,625,1167,1,1,1,1551,170,1,400,505,1420,1,7:31
2024-25,1630183,Jaden McDaniels,Jaden,1610612750,MIN,Minnesota Timberwolves,0042400162,2025-04-22T00:00:00,MIN @ LAL,L,38.3,2.0,8.0,0.0,4.0,12.0,7.0,9.0,30.0,1.0,1.0,5.0,2.0,16.3,1,871,871,871,225,423,19,625,582,1324,898,1249,431,170,1165,1609,505,908,1,38:19
2024-25,201599,DeAndre Jordan,DeAndre,1610612743,DEN,Denver Nuggets,0042400172,2025-04-21T00:00:00,DEN vs. LAC,L,4.7,0.0,0.0,0.0,0.0,4.0,2.0,2.0,6.0,0.0,0.0,0.0,0.0,1.2,1,871,871,871,1522,751,705,625,1167,515,308,358,1404,547,1,1,1168,1559,1,4:41
2024-25,1630595,Cade Cunningham,Cade,1610612765,DET,Detroit Pistons,0042400122,2025-04-21T00:00:00,DET @ NYK,W,42.4,8.0,2.0,8.0,16.0,19.0,5.0,14.0,36.0,0.0,1.0,3.0,8.0,52.9,1,1,1,1,74,29,388,18,34,1636,701,1578,246,547,1165,1145,26,77,1,42:24
2024-25,1626181,Norman Powell,Norman,1610612746,LAC,LA Clippers,0042400172,2025-04-21T00:00:00,LAC @ DEN,W,33.0,3.0,0.0,3.0,6.0,8.0,11.0,9.0,28.0,0.0,1.0,3.0,3.0,25.5,1,1,1,1,484,271,705,204,404,978,1313,1249,514,547,1165,1145,344,578,1,33:00
2024-25,1628404,Josh Hart,Josh,1610612752,NYK,New York Knicks,0042400122,2025-04-21T00:00:00,NYK vs. DET,L,40.1,3.0,0.0,0.0,2.0,10.0,13.0,15.0,38.0,0.0,1.0,4.0,4.0,27.9,1,871,871,871,148,271,705,625,802,1167,1459,1619,202,547,1165,1412,227,522,1,40:05
2024-25,1627826,Ivica Zubac,Ivica,1610612746,LAC,LA Clippers,0042400172,2025-04-21T00:00:00,LAC @ DEN,W,40.5,2.0,2.0,0.0,12.0,10.0,14.0,9.0,26.0,0.0,0.0,5.0,5.0,37.4,1,1,1,1,127,423,388,625,109,1167,1513,1249,586,547,1,1609,143,293,1,40:28
2024-25,203471,Dennis Schröder,Dennis,1610612765,DET,Detroit Pistons,0042400122,2025-04-21T00:00:00,DET @ NYK,W,29.3,2.0,0.0,0.0,4.0,13.0,6.0,9.0,24.0,0.0,0.0,2.0,3.0,24.9,1,1,1,1,643,423,705,625,582,1382,804,1249,678,547,1,763,344,596,1,29:15
2024-25,201935,James Harden,James,1610612746,LAC,LA Clippers,0042400172,2025-04-21T00:00:00,LAC @ DEN,W,39.0,3.0,0.0,3.0,6.0,12.0,18.0,14.0,34.0,2.0,0.0,1.0,1.0,37.1,1,1,1,1,203,271,705,204,404,1324,1656,1578,299,59,1,400,773,297,1,38:57
2024-25,1627750,Jamal Murray,Jamal,1610612743,DEN,Denver Nuggets,0042400172,2025-04-21T00:00:00,DEN vs. LAC,L,42.2,3.0,0.0,3.0,6.0,18.0,5.0,13.0,40.0,1.0,2.0,3.0,3.0,37.6,1,871,871,871,83,271,705,204,404,1602,701,1521,162,170,1564,1145,344,288,1,42:12
2024-25,1627739,Kris Dunn,Kris,1610612746,LAC,LA Clippers,0042400172,2025-04-21T00:00:00,LAC @ DEN,W,28.8,2.0,0.0,2.0,2.0,8.0,9.0,9.0,26.0,1.0,0.0,3.0,0.0,27.2,1,1,1,1,663,423,705,325,802,978,1128,1249,586,170,1,1145,1168,536,1,28:46
2024-25,1627884,Derrick Jones Jr.,Derrick,1610612746,LAC,LA Clippers,0042400172,2025-04-21T00:00:00,LAC @ DEN,W,19.2,6.0,0.0,2.0,6.0,4.0,9.0,5.0,12.0,0.0,0.0,0.0,0.0,7.4,1,1,1,1,1007,67,705,325,404,515,1128,808,1167,547,1,1,1168,1273,1,19:14
2024-25,1629013,Landry Shamet,Landry,1610612752,NYK,New York Knicks,0042400122,2025-04-21T00:00:00,NYK vs. DET,L,4.8,0.0,0.0,0.0,0.0,2.0,0.0,0.0,4.0,0.0,0.0,0.0,0.0,-1.0,1,871,871,871,1519,751,705,625,1167,256,1,1,1472,547,1,1,1168,1717,1,4:50
2024-25,1641842,Ronald Holland II,Ronald,1610612765,DET,Detroit Pistons,0042400122,2025-04-21T00:00:00,DET @ NYK,W,5.5,0.0,0.0,0.0,0.0,0.0,6.0,0.0,4.0,0.0,0.0,1.0,1.0,0.0,1,1,1,1,1495,751,705,625,1167,1,804,1,1472,547,1,400,773,1620,1,5:28
2024-25,1627736,Malik Beasley,Malik,1610612765,DET,Detroit Pistons,0042400122,2025-04-21T00:00:00,DET @ NYK,W,30.0,2.0,0.0,4.0,2.0,16.0,9.0,9.0,20.0,0.0,0.0,2.0,3.0,11.7,1,1,1,1,601,423,705,124,802,1539,1128,1249,832,547,1,763,344,1088,1,30:00
2024-25,202695,Kawhi Leonard,Kawhi,1610612746,LAC,LA Clippers,0042400172,2025-04-21T00:00:00,LAC @ DEN,W,39.0,5.0,3.0,8.0,12.0,8.0,14.0,9.0,30.0,1.0,0.0,1.0,3.0,58.1,1,1,1,1,200,107,251,18,109,978,1513,1249,431,170,1,400,344,36,1,39:01
2024-25,1626166,Cameron Payne,Cameron,1610612752,NYK,New York Knicks,0042400122,2025-04-21T00:00:00,NYK vs. DET,L,4.0,0.0,0.0,0.0,0.0,2.0,0.0,0.0,2.0,0.0,0.0,3.0,0.0,-1.0,1,871,871,871,1549,751,705,625,1167,256,1,1,1551,547,1,1145,1168,1717,1,4:02
2024-25,1631212,Peyton Watson,Peyton,1610612743,DEN,Denver Nuggets,0042400172,2025-04-21T00:00:00,DEN vs. LAC,L,13.5,0.0,0.0,3.0,2.0,6.0,2.0,5.0,14.0,0.0,0.0,0.0,1.0,12.3,1,871,871,871,1224,751,705,204,802,735,308,808,1080,547,1,1,773,1070,1,13:32
2024-25,203501,Tim Hardaway Jr.,Tim,1610612765,DET,Detroit Pistons,0042400122,2025-04-21T00:00:00,DET @ NYK,W,21.2,0.0,0.0,0.0,0.0,6.0,5.0,5.0,22.0,0.0,0.0,2.0,0.0,1.7,1,1,1,1,930,751,705,625,1167,735,701,808,754,547,1,763,1168,1544,1,21:12
2024-25,1628384,OG Anunoby,OG,1610612752,NYK,New York Knicks,0042400122,2025-04-21T00:00:00,NYK vs. DET,L,42.4,0.0,0.0,2.0,6.0,12.0,13.0,15.0,42.0,0.0,0.0,3.0,2.0,23.0,1,871,871,871,71,751,705,325,404,1324,1459,1619,114,547,1,1145,505,657,1,42:26
2024-25,1630540,Miles McBride,Miles,1610612752,NYK,New York Knicks,0042400122,2025-04-21T00:00:00,NYK vs. DET,L,13.3,0.0,0.0,0.0,2.0,4.0,2.0,4.0,12.0,0.0,1.0,0.0,1.0,8.2,1,871,871,871,1236,751,705,625,802,515,308,665,1167,547,1165,1,773,1249,1,13:19
2024-25,203999,Nikola Jokić,Nikola,1610612743,DEN,Denver Nuggets,0042400172,2025-04-21T00:00:00,DEN vs. LAC,L,43.3,0.0,2.0,2.0,8.0,17.0,3.0,16.0,40.0,0.0,0.0,2.0,10.0,56.2,1,871,871,871,49,751,388,325,265,1575,473,1654,162,547,1,763,10,52,1,43:19
2024-25,1630194,Paul Reed,Paul,1610612765,DET,Detroit Pistons,0042400122,2025-04-21T00:00:00,DET @ NYK,W,11.1,0.0,2.0,0.0,6.0,7.0,3.0,4.0,6.0,1.0,0.0,1.0,0.0,11.2,1,1,1,1,1321,751,388,625,404,860,473,665,1404,170,1,400,1168,1123,1,11:06
2024-25,1629008,Michael Porter Jr.,Michael,1610612743,DEN,Denver Nuggets,0042400172,2025-04-21T00:00:00,DEN vs. LAC,L,33.4,5.0,5.0,4.0,8.0,19.0,5.0,12.0,36.0,0.0,1.0,0.0,1.0,34.5,1,871,871,871,451,107,90,124,265,1636,701,1472,246,547,1165,1,773,360,1,33:26
2024-25,1627732,Ben Simmons,Ben,1610612746,LAC,LA Clippers,0042400172,2025-04-21T00:00:00,LAC @ DEN,W,7.5,0.0,0.0,0.0,2.0,2.0,4.0,5.0,12.0,0.0,0.0,2.0,2.0,4.7,1,1,1,1,1429,751,705,625,802,256,578,808,1167,547,1,763,505,1399,1,7:32
2024-25,1631105,Jalen Duren,Jalen,1610612765,DET,Detroit Pistons,0042400122,2025-04-21T00:00:00,DET @ NYK,W,36.8,0.0,2.0,0.0,6.0,12.0,8.0,10.0,34.0,3.0,0.0,5.0,4.0,40.6,1,1,1,1,290,751,388,625,404,1324,1028,1324,299,17,1,1609,227,229,1,36:51
2024-25,202699,Tobias Harris,Tobias,1610612765,DET,Detroit Pistons,0042400122,2025-04-21T00:00:00,DET @ NYK,W,43.1,0.0,4.0,3.0,8.0,16.0,8.0,14.0,38.0,0.0,0.0,2.0,1.0,34.1,1,1,1,1,50,751,147,204,265,1539,1028,1578,202,547,1,763,773,370,1,43:05
2024-25,1629618,Jalen Pickett,Jalen,1610612743,DEN,Denver Nuggets,0042400172,2025-04-21T00:00:00,DEN vs. LAC,L,7.3,2.0,0.0,2.0,0.0,4.0,2.0,2.0,10.0,0.0,0.0,1.0,0.0,2.5,1,871,871,871,1437,423,705,325,1167,515,308,358,1249,547,1,400,1168,1507,1,7:20
2024-25,201587,Nicolas Batum,Nicolas,1610612746,LAC,LA Clippers,0042400172,2025-04-21T00:00:00,LAC @ DEN,W,18.0,0.0,0.0,0.0,0.0,4.0,4.0,5.0,12.0,1.0,0.0,1.0,0.0,19.8,1,1,1,1,1053,751,705,625,1167,515,578,808,1167,170,1,400,1168,767,1,18:02
2024-25,1631128,Christian Braun,Christian,1610612743,DEN,Denver Nuggets,0042400172,2025-04-21T00:00:00,DEN vs. LAC,L,34.2,0.0,0.0,0.0,2.0,15.0,3.0,13.0,32.0,0.0,1.0,4.0,1.0,16.2,1,871,871,871,415,751,705,625,802,1494,473,1521,375,547,1165,1412,773,913,1,34:11
2024-25,1626157,Karl-Anthony Towns,Karl-Anthony,1610612752,NYK,New York Knicks,0042400122,2025-04-21T00:00:00,NYK vs. DET,L,33.4,2.0,0.0,2.0,8.0,6.0,13.0,11.0,32.0,1.0,1.0,4.0,1.0,20.2,1,871,871,871,450,423,705,325,265,735,1459,1399,375,170,1165,1412,773,753,1,33:27
2024-25,1629011,Mitchell Robinson,Mitchell,1610612752,NYK,New York Knicks,0042400122,2025-04-21T00:00:00,NYK vs. DET,L,20.1,0.0,0.0,0.0,0.0,6.0,0.0,4.0,18.0,0.0,0.0,1.0,1.0,8.9,1,871,871,871,973,751,705,625,1167,735,1,665,918,547,1,400,773,1222,1,20:07
2024-25,203992,Bogdan Bogdanović,Bogdan,1610612746,LAC,LA Clippers,0042400172,2025-04-21T00:00:00,LAC @ DEN,W,15.0,0.0,0.0,0.0,0.0,4.0,7.0,5.0,10.0,0.0,0.0,3.0,0.0,5.2,1,1,1,1,1164,751,705,625,1167,515,898,808,1249,547,1,1145,1168,1371,1,15:00
2024-25,1628973,Jalen Brunson,Jalen,1610612752,NYK,New York Knicks,0042400122,2025-04-21T00:00:00,NYK vs. DET,L,43.6,9.0,9.0,0.0,14.0,10.0,13.0,15.0,44.0,0.0,1.0,5.0,12.0,51.1,1,871,871,871,40,18,9,625,65,1167,1459,1619,78,547,1165,1609,4,91,1,43:39
2024-25,203932,Aaron Gordon,Aaron,1610612743,DEN,Denver Nuggets,0042400172,2025-04-21T00:00:00,DEN vs. LAC,L,38.2,0.0,3.0,0.0,8.0,13.0,3.0,14.0,32.0,0.0,1.0,3.0,2.0,21.7,1,871,871,871,231,751,251,625,265,1382,473,1578,375,547,1165,1145,505,702,1,38:11
2024-25,1628969,Mikal Bridges,Mikal,1610612752,NYK,New York Knicks,0042400122,2025-04-21T00:00:00,NYK vs. DET,L,38.1,5.0,2.0,10.0,8.0,8.0,11.0,11.0,38.0,0.0,0.0,2.0,3.0,33.0,1,871,871,871,237,107,388,7,265,978,1313,1399,202,547,1,763,344,396,1,38:05
2024-25,201566,Russell Westbrook,Russell,1610612743,DEN,Denver Nuggets,0042400172,2025-04-21T00:00:00,DEN vs. LAC,L,23.1,2.0,8.0,0.0,4.0,9.0,0.0,13.0,20.0,0.0,0.0,1.0,1.0,21.3,1,871,871,871,862,423,19,625,582,1085,1,1521,832,547,1,400,773,717,1,23:08
2024-25,1641709,Ausar Thompson,Ausar,1610612765,DET,Detroit Pistons,0042400122,2025-04-21T00:00:00,DET @ NYK,W,20.7,0.0,3.0,0.0,4.0,6.0,5.0,5.0,16.0,0.0,0.0,6.0,2.0,15.0,1,1,1,1,958,751,251,625,582,735,701,808,991,547,1,1711,505,963,1,20:39
2024-25,1628983,Shai Gilgeous-Alexander,Shai,1610612760,OKC,Oklahoma City Thunder,0042400141,2025-04-20T00:00:00,OKC vs. MEM,W,23.1,2.0,0.0,4.0,6.0,5.0,8.0,0.0,26.0,2.0,0.0,2.0,3.0,30.1,1,1,1,1,863,423,705,124,404,633,1028,1,586,59,1,763,344,457,1,23:06
2024-25,1641794,Dillon Jones,Dillon,1610612760,OKC,Oklahoma City Thunder,0042400141,2025-04-20T00:00:00,OKC vs. MEM,W,7.8,0.0,0.0,0.0,0.0,2.0,0.0,2.0,6.0,0.0,0.0,0.0,0.0,1.2,1,1,1,1,1412,751,705,625,1167,256,1,358,1404,547,1,1,1168,1559,1,7:47
2024-25,1642281,Jaylon Tyson,Jaylon,1610612739,CLE,Cleveland Cavaliers,0042400101,2025-04-20T00:00:00,CLE vs. MIA,W,1.4,0.0,0.0,0.0,0.0,0.0,0.0,0.0,0.0,0.0,0.0,1.0,0.0,1.2,1,1,1,1,1689,751,705,625,1167,1,1,1,1643,547,1,400,1168,1559,1,1:23
2024-25,1629048,Goga Bitadze,Goga,1610612753,ORL,Orlando Magic,0042400111,2025-04-20T00:00:00,ORL @ BOS,L,1.2,0.0,0.0,0.0,0.0,0.0,0.0,0.0,0.0,0.0,0.0,0.0,0.0,0.0,1,871,871,871,1699,751,705,625,1167,1,1,1,1643,547,1,1,1168,1620,1,1:14
2024-25,1642352,Keshad Johnson,Keshad,1610612748,MIA,Miami Heat,0042400101,2025-04-20T00:00:00,MIA @ CLE,L,1.4,0.0,0.0,0.0,0.0,0.0,0.0,0.0,0.0,0.0,0.0,0.0,0.0,0.0,1,871,871,871,1689,751,705,625,1167,1,1,1,1643,547,1,1,1168,1620,1,1:23
2024-25,1629639,Tyler Herro,Tyler,1610612748,MIA,Miami Heat,0042400101,2025-04-20T00:00:00,MIA @ CLE,L,37.0,3.0,2.0,2.0,8.0,9.0,17.0,6.0,40.0,0.0,2.0,4.0,4.0,27.6,1,871,871,871,281,271,388,325,265,1085,1635,944,162,547,1564,1412,227,528,1,37:01
2024-25,1628392,Isaiah Hartenstein,Isaiah,1610612760,OKC,Oklahoma City Thunder,0042400141,2025-04-20T00:00:00,OKC vs. MEM,W,21.0,4.0,4.0,2.0,14.0,0.0,8.0,0.0,22.0,0.0,0.0,1.0,0.0,34.1,1,1,1,1,942,171,147,325,65,1,1028,1,754,547,1,400,1168,370,1,21:01
2024-25,1629723,John Konchar,John,1610612763,MEM,Memphis Grizzlies,0042400141,2025-04-20T00:00:00,MEM @ OKC,L,25.3,0.0,0.0,0.0,2.0,16.0,8.0,15.0,30.0,0.0,0.0,1.0,1.0,10.6,1,871,871,871,796,751,705,625,802,1539,1028,1619,431,547,1,400,773,1147,1,25:19
2024-25,1628401,Derrick White,Derrick,1610612738,BOS,Boston Celtics,0042400111,2025-04-20T00:00:00,BOS vs. ORL,W,36.1,9.0,3.0,8.0,6.0,6.0,7.0,4.0,24.0,2.0,0.0,0.0,3.0,44.8,1,1,1,1,325,18,251,18,404,735,898,665,678,59,1,1,344,162,1,36:06
2024-25,1630578,Alperen Sengun,Alperen,1610612745,HOU,Houston Rockets,0042400151,2025-04-20T00:00:00,HOU vs. GSW,L,35.9,5.0,3.0,0.0,20.0,12.0,12.0,14.0,28.0,0.0,0.0,2.0,5.0,42.3,1,871,871,871,334,107,251,625,13,1324,1393,1578,514,547,1,763,143,195,1,35:53
2024-25,1631114,Jalen Williams,Jalen,1610612760,OKC,Oklahoma City Thunder,0042400141,2025-04-20T00:00:00,OKC vs. MEM,W,25.9,4.0,0.0,8.0,16.0,5.0,8.0,0.0,28.0,1.0,0.0,1.0,1.0,45.0,1,1,1,1,770,171,705,18,34,633,1028,1,514,170,1,400,773,159,1,25:53
2024-25,1641783,Tristan da Silva,Tristan,1610612753,ORL,Orlando Magic,0042400111,2025-04-20T00:00:00,ORL @ BOS,L,1.2,0.0,0.0,0.0,0.0,0.0,0.0,0.0,0.0,0.0,0.0,0.0,0.0,0.2,1,871,871,871,1699,751,705,625,1167,1,1,1,1643,547,1,1,1168,1610,1,1:14
2024-25,201143,Al Horford,Al,1610612738,BOS,Boston Celtics,0042400111,2025-04-20T00:00:00,BOS vs. ORL,W,25.4,0.0,0.0,0.0,2.0,8.0,9.0,2.0,20.0,0.0,1.0,2.0,2.0,17.5,1,1,1,1,794,751,705,625,802,978,1128,358,832,547,1165,763,505,852,1,25:21
2024-25,204001,Kristaps Porziņģis,Kristaps,1610612738,BOS,Boston Celtics,0042400111,2025-04-20T00:00:00,BOS vs. ORL,W,25.9,2.0,0.0,2.0,0.0,4.0,4.0,2.0,16.0,1.0,0.0,1.0,3.0,28.2,1,1,1,1,769,423,705,325,1167,515,578,358,991,170,1,400,344,516,1,25:55
2024-25,1628386,Jarrett Allen,Jarrett,1610612739,CLE,Cleveland Cavaliers,0042400101,2025-04-20T00:00:00,CLE vs. MIA,W,30.3,2.0,2.0,0.0,10.0,8.0,12.0,11.0,26.0,1.0,2.0,2.0,1.0,36.7,1,1,1,1,587,423,388,625,175,978,1393,1399,586,170,1564,763,773,306,1,30:20
2024-25,1631216,Caleb Houstan,Caleb,1610612753,ORL,Orlando Magic,0042400111,2025-04-20T00:00:00,ORL @ BOS,L,13.2,0.0,0.0,0.0,0.0,7.0,9.0,9.0,12.0,1.0,1.0,1.0,0.0,8.9,1,871,871,871,1240,751,705,625,1167,860,1128,1249,1167,170,1165,400,1168,1222,1,13:13
2024-25,1629630,Ja Morant,Ja,1610612763,MEM,Memphis Grizzlies,0042400141,2025-04-20T00:00:00,MEM @ OKC,L,26.2,3.0,0.0,0.0,8.0,10.0,17.0,9.0,38.0,1.0,1.0,2.0,4.0,28.6,1,871,871,871,754,271,705,625,265,1167,1635,1249,202,170,1165,763,227,501,1,26:13
2024-25,1642349,Ajay Mitchell,Ajay,1610612760,OKC,Oklahoma City Thunder,0042400141,2025-04-20T00:00:00,OKC vs. MEM,W,14.5,3.0,0.0,0.0,2.0,2.0,0.0,5.0,10.0,0.0,0.0,2.0,0.0,9.2,1,1,1,1,1186,271,705,625,802,256,1,808,1249,547,1,763,1168,1211,1,14:28
2024-25,1630205,Lamar Stevens,Lamar,1610612763,MEM,Memphis Grizzlies,0042400141,2025-04-20T00:00:00,MEM @ OKC,L,12.0,0.0,0.0,0.0,4.0,7.0,0.0,2.0,8.0,0.0,2.0,0.0,0.0,9.3,1,871,871,871,1281,751,705,625,582,860,1,358,1322,547,1564,1,1168,1210,1,12:00
2024-25,1631107,Nikola Jović,Nikola,1610612748,MIA,Miami Heat,0042400101,2025-04-20T00:00:00,MIA @ CLE,L,1.4,0.0,0.0,0.0,0.0,0.0,0.0,0.0,0.0,0.0,0.0,0.0,0.0,0.0,1,871,871,871,1689,751,705,625,1167,1,1,1,1643,547,1,1,1168,1620,1,1:23
2024-25,1628991,Jaren Jackson Jr.,Jaren,1610612763,MEM,Memphis Grizzlies,0042400141,2025-04-20T00:00:00,MEM @ OKC,L,28.5,0.0,0.0,0.0,4.0,15.0,8.0,20.0,34.0,0.0,1.0,1.0,0.0,10.6,1,871,871,871,672,751,705,625,582,1494,1028,1700,299,547,1165,400,1168,1147,1,28:30
2024-25,1630590,Scotty Pippen Jr.,Scotty,1610612763,MEM,Memphis Grizzlies,0042400141,2025-04-20T00:00:00,MEM @ OKC,L,22.2,0.0,0.0,0.0,2.0,15.0,6.0,20.0,28.0,0.0,0.0,5.0,2.0,10.4,1,871,871,871,894,751,705,625,802,1494,804,1700,514,547,1,1609,505,1156,1,22:14
2024-25,1631170,Jaime Jaquez Jr.,Jaime,1610612748,MIA,Miami Heat,0042400101,2025-04-20T00:00:00,MIA @ CLE,L,1.4,0.0,0.0,0.0,0.0,0.0,0.0,0.0,0.0,0.0,0.0,0.0,0.0,0.0,1,871,871,871,1689,751,705,625,1167,1,1,1,1643,547,1,1,1168,1620,1,1:23
2024-25,1641708,Amen Thompson,Amen,1610612745,HOU,Houston Rockets,0042400151,2025-04-20T00:00:00,HOU vs. GSW,L,33.4,0.0,2.0,0.0,8.0,20.0,12.0,13.0,30.0,1.0,0.0,4.0,2.0,31.8,1,871,871,871,455,751,388,625,265,1658,1393,1521,431,170,1,1412,505,424,1,33:24
2024-25,1630198,Isaiah Joe,Isaiah,1610612760,OKC,Oklahoma City Thunder,0042400141,2025-04-20T00:00:00,OKC vs. MEM,W,19.6,0.0,0.0,3.0,0.0,6.0,4.0,3.0,20.0,0.0,0.0,0.0,1.0,6.7,1,1,1,1,990,751,705,204,1167,735,578,556,832,547,1,1,773,1303,1,19:34
2024-25,1630558,Davion Mitchell,Davion,1610612748,MIA,Miami Heat,0042400101,2025-04-20T00:00:00,MIA @ CLE,L,33.9,0.0,6.0,4.0,10.0,8.0,10.0,5.0,30.0,0.0,1.0,4.0,1.0,36.3,1,871,871,871,429,751,50,124,175,978,1221,808,431,547,1165,1412,773,316,1,33:53
2024-25,202710,Jimmy Butler III,Jimmy,1610612744,GSW,Golden State Warriors,0042400151,2025-04-20T00:00:00,GSW @ HOU,W,42.2,4.0,4.0,6.0,14.0,17.0,18.0,2.0,42.0,0.0,2.0,1.0,6.0,56.4,1,1,1,1,82,171,147,43,65,1575,1656,358,114,547,1564,400,92,51,1,42:12
2024-25,1628371,Jonathan Isaac,Jonathan,1610612753,ORL,Orlando Magic,0042400111,2025-04-20T00:00:00,ORL @ BOS,L,18.4,2.0,2.0,0.0,4.0,7.0,7.0,6.0,12.0,0.0,0.0,0.0,1.0,9.4,1,871,871,871,1040,423,388,625,582,860,898,944,1167,547,1,1,773,1206,1,18:23
2024-25,1630541,Moses Moody,Moses,1610612744,GSW,Golden State Warriors,0042400151,2025-04-20T00:00:00,GSW @ HOU,W,27.9,2.0,0.0,0.0,0.0,13.0,15.0,2.0,36.0,0.0,0.0,3.0,1.0,9.9,1,1,1,1,689,423,705,625,1167,1382,1571,358,246,547,1,1145,773,1182,1,27:54
2024-25,1627741,Buddy Hield,Buddy,1610612744,GSW,Golden State Warriors,0042400151,2025-04-20T00:00:00,GSW @ HOU,W,15.3,0.0,0.0,0.0,0.0,8.0,5.0,0.0,10.0,0.0,0.0,1.0,0.0,6.2,1,1,1,1,1152,751,705,625,1167,978,701,1,1249,547,1,400,1168,1325,1,15:19
2024-25,1627936,Alex Caruso,Alex,1610612760,OKC,Oklahoma City Thunder,0042400141,2025-04-20T00:00:00,OKC vs. MEM,W,11.8,0.0,0.0,0.0,0.0,5.0,4.0,0.0,12.0,0.0,0.0,0.0,1.0,9.6,1,1,1,1,1296,751,705,625,1167,633,578,1,1167,547,1,1,773,1192,1,11:51
2024-25,1628369,Jayson Tatum,Jayson,1610612738,BOS,Boston Celtics,0042400111,2025-04-20T00:00:00,BOS vs. ORL,W,40.2,0.0,4.0,2.0,8.0,6.0,7.0,4.0,20.0,1.0,2.0,4.0,4.0,45.8,1,1,1,1,144,751,147,325,265,735,898,665,832,170,1564,1412,227,146,1,40:10
2024-25,1641764,Brandin Podziemski,Brandin,1610612744,GSW,Golden State Warriors,0042400151,2025-04-20T00:00:00,GSW @ HOU,W,35.2,3.0,3.0,3.0,4.0,8.0,14.0,2.0,36.0,0.0,0.0,2.0,2.0,36.1,1,1,1,1,360,271,251,204,582,978,1513,358,246,547,1,763,505,325,1,35:14
2024-25,1641796,Pelle Larsson,Pelle,1610612748,MIA,Miami Heat,0042400101,2025-04-20T00:00:00,MIA @ CLE,L,1.4,0.0,0.0,0.0,0.0,0.0,0.0,0.0,0.0,0.0,0.0,0.0,0.0,0.0,1,871,871,871,1689,751,705,625,1167,1,1,1,1643,547,1,1,1168,1620,1,1:23
2024-25,1628963,Marvin Bagley III,Marvin,1610612763,MEM,Memphis Grizzlies,0042400141,2025-04-20T00:00:00,MEM @ OKC,L,16.2,2.0,6.0,0.0,14.0,4.0,5.0,10.0,18.0,1.0,0.0,1.0,2.0,31.0,1,871,871,871,1116,423,50,625,65,515,701,1324,918,170,1,400,505,438,1,16:14
2024-25,1631096,Chet Holmgren,Chet,1610612760,OKC,Oklahoma City Thunder,0042400141,2025-04-20T00:00:00,OKC vs. MEM,W,21.1,4.0,5.0,0.0,4.0,2.0,8.0,0.0,26.0,2.0,2.0,1.0,5.0,43.0,1,1,1,1,934,171,90,625,582,256,1028,1,586,59,1564,400,143,182,1,21:08
2024-25,1629643,Chuma Okeke,Chuma,1610612739,CLE,Cleveland Cavaliers,0042400101,2025-04-20T00:00:00,CLE vs. MIA,W,1.4,0.0,0.0,0.0,0.0,0.0,0.0,0.0,0.0,0.0,0.0,0.0,0.0,0.0,1,1,1,1,1689,751,705,625,1167,1,1,1,1643,547,1,1,1168,1620,1,1:23
2024-25,1629652,Luguentz Dort,Luguentz,1610612760,OKC,Oklahoma City Thunder,0042400141,2025-04-20T00:00:00,OKC vs. MEM,W,21.7,0.0,6.0,3.0,0.0,2.0,8.0,0.0,26.0,1.0,0.0,0.0,1.0,29.6,1,1,1,1,916,751,50,204,1167,256,1028,1,586,170,1,1,773,469,1,21:42
2024-25,1628379,Luke Kennard,Luke,1610612763,MEM,Memphis Grizzlies,0042400141,2025-04-20T00:00:00,MEM @ OKC,L,12.0,0.0,0.0,0.0,0.0,7.0,0.0,2.0,8.0,0.0,0.0,1.0,1.0,9.6,1,871,871,871,1281,751,705,625,1167,860,1,358,1322,547,1,400,773,1192,1,12:00
2024-25,1629130,Duncan Robinson,Duncan,1610612748,MIA,Miami Heat,0042400101,2025-04-20T00:00:00,MIA @ CLE,L,14.6,0.0,0.0,3.0,2.0,2.0,0.0,2.0,12.0,0.0,0.0,2.0,1.0,9.6,1,871,871,871,1175,751,705,204,802,256,1,358,1167,547,1,763,773,1192,1,14:39
2024-25,1627780,Gary Payton II,Gary,1610612744,GSW,Golden State Warriors,0042400151,2025-04-20T00:00:00,GSW @ HOU,W,15.8,0.0,0.0,2.0,4.0,17.0,10.0,4.0,24.0,0.0,1.0,1.0,0.0,17.1,1,1,1,1,1135,751,705,325,582,1575,1221,665,678,547,1165,400,1168,871,1,15:50
2024-25,1627759,Jaylen Brown,Jaylen,1610612738,BOS,Boston Celtics,0042400111,2025-04-20T00:00:00,BOS vs. ORL,W,30.3,4.0,2.0,2.0,10.0,2.0,9.0,2.0,18.0,0.0,1.0,2.0,4.0,30.0,1,1,1,1,588,171,388,325,175,256,1128,358,918,547,1165,763,227,460,1,30:19
2024-25,1641710,Anthony Black,Anthony,1610612753,ORL,Orlando Magic,0042400111,2025-04-20T00:00:00,ORL @ BOS,L,13.8,0.0,0.0,0.0,0.0,14.0,13.0,10.0,10.0,1.0,0.0,1.0,2.0,10.8,1,871,871,871,1217,751,705,625,1167,1443,1459,1324,1249,170,1,400,505,1140,1,13:45
2024-25,1629026,Kenrich Williams,Kenrich,1610612760,OKC,Oklahoma City Thunder,0042400141,2025-04-20T00:00:00,OKC vs. MEM,W,15.9,4.0,0.0,2.0,6.0,2.0,2.0,5.0,14.0,0.0,1.0,0.0,1.0,23.1,1,1,1,1,1130,171,705,325,404,256,308,808,1080,547,1165,1,773,653,1,15:52
2024-25,1630241,Sam Merrill,Sam,1610612739,CLE,Cleveland Cavaliers,0042400101,2025-04-20T00:00:00,CLE vs. MIA,W,24.0,0.0,3.0,0.0,0.0,3.0,4.0,7.0,22.0,2.0,0.0,3.0,2.0,19.2,1,1,1,1,846,751,251,625,1167,431,578,1055,754,59,1,1145,505,792,1,24:01
2024-25,203937,Kyle Anderson,Kyle,1610612748,MIA,Miami Heat,0042400101,2025-04-20T00:00:00,MIA @ CLE,L,6.3,0.0,0.0,0.0,0.0,0.0,6.0,3.0,4.0,0.0,0.0,0.0,0.0,2.7,1,871,871,871,1470,751,705,625,1167,1,804,556,1472,547,1,1,1168,1499,1,6:20
2024-25,1641744,Zach Edey,Zach,1610612763,MEM,Memphis Grizzlies,0042400141,2025-04-20T00:00:00,MEM @ OKC,L,19.6,0.0,2.0,0.0,4.0,13.0,12.0,15.0,34.0,0.0,3.0,1.0,2.0,14.3,1,871,871,871,984,751,388,625,582,1382,1393,1619,299,547,1689,400,505,993,1,19:39
2024-25,1642366,Quinten Post,Quinten,1610612744,GSW,Golden State Warriors,0042400151,2025-04-20T00:00:00,GSW @ HOU,W,12.3,0.0,0.0,0.0,0.0,2.0,5.0,2.0,12.0,0.0,0.0,2.0,0.0,2.7,1,1,1,1,1272,751,705,625,1167,256,701,358,1167,547,1,763,1168,1499,1,12:15
2024-25,1629312,Haywood Highsmith,Haywood,1610612748,MIA,Miami Heat,0042400101,2025-04-20T00:00:00,MIA @ CLE,L,30.6,3.0,2.0,3.0,2.0,8.0,10.0,2.0,24.0,1.0,0.0,3.0,0.0,19.2,1,871,871,871,574,271,388,204,802,978,1221,358,678,170,1,1145,1168,792,1,30:38
2024-25,202709,Cory Joseph,Cory,1610612753,ORL,Orlando Magic,0042400111,2025-04-20T00:00:00,ORL @ BOS,L,26.2,0.0,0.0,0.0,0.0,10.0,2.0,16.0,16.0,0.0,0.0,5.0,0.0,3.0,1,871,871,871,757,751,705,625,1167,1167,308,1654,991,547,1,1609,1168,1484,1,26:11
2024-25,1631095,Jabari Smith Jr.,Jabari,1610612745,HOU,Houston Rockets,0042400151,2025-04-20T00:00:00,HOU vs. GSW,L,25.4,0.0,2.0,0.0,4.0,15.0,5.0,7.0,14.0,1.0,0.0,3.0,3.0,20.2,1,871,871,871,790,751,388,625,582,1494,701,1055,1080,170,1,1145,344,753,1,25:26
2024-25,1628415,Dillon Brooks,Dillon,1610612745,HOU,Houston Rockets,0042400151,2025-04-20T00:00:00,HOU vs. GSW,L,34.0,7.0,7.0,0.0,2.0,19.0,7.0,14.0,24.0,0.0,0.0,3.0,2.0,20.6,1,871,871,871,425,39,31,625,802,1636,898,1578,678,547,1,1145,505,740,1,33:59
2024-25,203500,Steven Adams,Steven,1610612745,HOU,Houston Rockets,0042400151,2025-04-20T00:00:00,HOU vs. GSW,L,19.5,2.0,2.0,2.0,6.0,9.0,3.0,7.0,12.0,0.0,0.0,0.0,1.0,20.9,1,871,871,871,994,423,388,325,404,1085,473,1055,1167,547,1,1,773,734,1,19:30
2024-25,1630171,Isaac Okoro,Isaac,1610612739,CLE,Cleveland Cavaliers,0042400101,2025-04-20T00:00:00,CLE vs. MIA,W,12.6,0.0,0.0,0.0,0.0,0.0,6.0,2.0,12.0,1.0,0.0,1.0,0.0,6.9,1,1,1,1,1262,751,705,625,1167,1,804,358,1167,170,1,400,1168,1293,1,12:37
2024-25,1642276,Kel'el Ware,Kel'el,1610612748,MIA,Miami Heat,0042400101,2025-04-20T00:00:00,MIA @ CLE,L,19.6,2.0,2.0,0.0,2.0,3.0,9.0,6.0,24.0,2.0,0.0,1.0,1.0,14.6,1,871,871,871,989,423,388,625,802,431,1128,944,678,59,1,400,773,983,1,19:35
2024-25,1628470,Torrey Craig,Torrey,1610612738,BOS,Boston Celtics,0042400111,2025-04-20T00:00:00,BOS vs. ORL,W,1.2,0.0,0.0,0.0,0.0,0.0,0.0,0.0,0.0,0.0,0.0,0.0,0.0,3.0,1,1,1,1,1699,751,705,625,1167,1,1,1,1643,547,1,1,1168,1484,1,1:14
2024-25,1629631,De'Andre Hunter,De'Andre,1610612739,CLE,Cleveland Cavaliers,0042400101,2025-04-20T00:00:00,CLE vs. MIA,W,16.0,0.0,0.0,0.0,0.0,4.0,7.0,8.0,14.0,0.0,0.0,0.0,1.0,5.1,1,1,1,1,1126,751,705,625,1167,515,898,1162,1080,547,1,1,773,1382,1,16:01
2024-25,1630175,Cole Anthony,Cole,1610612753,ORL,Orlando Magic,0042400111,2025-04-20T00:00:00,ORL @ BOS,L,10.2,0.0,0.0,0.0,0.0,3.0,5.0,3.0,4.0,0.0,0.0,1.0,1.0,7.5,1,871,871,871,1349,751,705,625,1167,431,701,556,1472,547,1,400,773,1270,1,10:09
2024-25,1631106,Tari Eason,Tari,1610612745,HOU,Houston Rockets,0042400151,2025-04-20T00:00:00,HOU vs. GSW,L,20.9,4.0,0.0,2.0,6.0,17.0,2.0,2.0,14.0,1.0,0.0,0.0,0.0,18.8,1,871,871,871,948,171,705,325,404,1575,308,358,1080,170,1,1,1168,811,1,20:54
2024-25,1630573,Sam Hauser,Sam,1610612738,BOS,Boston Celtics,0042400111,2025-04-20T00:00:00,BOS vs. ORL,W,9.3,0.0,0.0,0.0,0.0,2.0,2.0,0.0,4.0,1.0,0.0,0.0,0.0,8.1,1,1,1,1,1373,751,705,625,1167,256,308,1,1472,170,1,1,1168,1255,1,9:18
2024-25,1629636,Darius Garland,Darius,1610612739,CLE,Cleveland Cavaliers,0042400101,2025-04-20T00:00:00,CLE vs. MIA,W,30.8,0.0,5.0,3.0,10.0,8.0,12.0,11.0,28.0,0.0,1.0,2.0,2.0,39.1,1,1,1,1,570,751,90,204,175,978,1393,1399,514,547,1165,763,505,256,1,30:49
2024-25,1627832,Fred VanVleet,Fred,1610612745,HOU,Houston Rockets,0042400151,2025-04-20T00:00:00,HOU vs. GSW,L,40.4,5.0,4.0,0.0,2.0,19.0,9.0,12.0,24.0,0.0,0.0,2.0,2.0,22.7,1,871,871,871,134,107,147,625,802,1636,1128,1472,678,547,1,763,505,675,1,40:22
2024-25,1630611,Gui Santos,Gui,1610612744,GSW,Golden State Warriors,0042400151,2025-04-20T00:00:00,GSW @ HOU,W,6.6,2.0,0.0,2.0,0.0,7.0,2.0,0.0,8.0,0.0,0.0,1.0,1.0,5.2,1,1,1,1,1459,423,705,325,1167,860,308,1,1322,547,1,400,773,1371,1,6:35
2024-25,1631094,Paolo Banchero,Paolo,1610612753,ORL,Orlando Magic,0042400111,2025-04-20T00:00:00,ORL @ BOS,L,42.2,4.0,5.0,2.0,8.0,19.0,14.0,18.0,30.0,1.0,3.0,0.0,6.0,57.2,1,871,871,871,80,171,90,325,265,1636,1513,1682,431,170,1689,1,92,44,1,42:14
2024-25,203484,Kentavious Caldwell-Pope,Kentavious,1610612753,ORL,Orlando Magic,0042400111,2025-04-20T00:00:00,ORL @ BOS,L,35.4,0.0,0.0,0.0,0.0,21.0,10.0,21.0,24.0,0.0,0.0,4.0,0.0,22.8,1,871,871,871,357,751,705,625,1167,1680,1221,1707,678,547,1,1412,1168,670,1,35:24
2024-25,1628976,Wendell Carter Jr.,Wendell,1610612753,ORL,Orlando Magic,0042400111,2025-04-20T00:00:00,ORL @ BOS,L,28.3,0.0,2.0,0.0,4.0,17.0,10.0,20.0,20.0,0.0,0.0,2.0,1.0,16.6,1,871,871,871,681,751,388,625,582,1575,1221,1700,832,547,1,763,773,895,1,28:18
2024-25,203952,Andrew Wiggins,Andrew,1610612748,MIA,Miami Heat,0042400101,2025-04-20T00:00:00,MIA @ CLE,L,38.1,0.0,0.0,0.0,4.0,11.0,11.0,8.0,42.0,0.0,0.0,0.0,1.0,23.2,1,871,871,871,236,751,705,625,582,1253,1313,1162,114,547,1,1,773,650,1,38:05
2024-25,1630202,Payton Pritchard,Payton,1610612738,BOS,Boston Celtics,0042400111,2025-04-20T00:00:00,BOS vs. ORL,W,24.7,3.0,3.0,6.0,4.0,4.0,4.0,2.0,14.0,0.0,0.0,1.0,1.0,23.5,1,1,1,1,818,271,251,43,582,515,578,358,1080,547,1,400,773,641,1,24:44
2024-25,1630224,Jalen Green,Jalen,1610612745,HOU,Houston Rockets,0042400151,2025-04-20T00:00:00,HOU vs. GSW,L,30.6,0.0,2.0,0.0,6.0,14.0,10.0,11.0,24.0,0.0,1.0,1.0,3.0,18.6,1,871,871,871,580,751,388,625,404,1443,1221,1399,678,547,1165,400,344,818,1,30:33
2024-25,1629660,Ty Jerome,Ty,1610612739,CLE,Cleveland Cavaliers,0042400101,2025-04-20T00:00:00,CLE vs. MIA,W,26.3,2.0,3.0,0.0,4.0,3.0,4.0,7.0,26.0,0.0,1.0,1.0,3.0,38.5,1,1,1,1,751,423,251,625,582,431,578,1055,586,547,1165,400,344,269,1,26:17
2024-25,1630217,Desmond Bane,Desmond,1610612763,MEM,Memphis Grizzlies,0042400141,2025-04-20T00:00:00,MEM @ OKC,L,27.5,3.0,2.0,0.0,4.0,17.0,15.0,22.0,42.0,0.0,0.0,0.0,1.0,7.4,1,871,871,871,711,271,388,625,582,1575,1571,1716,114,547,1,1,773,1273,1,27:27
2024-25,1628436,Luke Kornet,Luke,1610612738,BOS,Boston Celtics,0042400111,2025-04-20T00:00:00,BOS vs. ORL,W,11.2,0.0,2.0,0.0,2.0,2.0,7.0,0.0,6.0,0.0,0.0,1.0,0.0,3.2,1,1,1,1,1315,751,388,625,802,256,898,1,1404,547,1,400,1168,1470,1,11:12
2024-25,1628389,Bam Adebayo,Bam,1610612748,MIA,Miami Heat,0042400101,2025-04-20T00:00:00,MIA @ CLE,L,39.1,3.0,5.0,2.0,16.0,11.0,15.0,5.0,42.0,1.0,1.0,1.0,5.0,47.3,1,871,871,871,197,271,90,325,34,1253,1571,808,114,170,1165,400,143,130,1,39:04
2024-25,1641717,Cason Wallace,Cason,1610612760,OKC,Oklahoma City Thunder,0042400141,2025-04-20T00:00:00,OKC vs. MEM,W,12.7,0.0,0.0,2.0,2.0,6.0,4.0,0.0,12.0,0.0,0.0,4.0,0.0,10.9,1,1,1,1,1261,751,705,325,802,735,578,1,1167,547,1,1412,1168,1137,1,12:39
2024-25,1630598,Aaron Wiggins,Aaron,1610612760,OKC,Oklahoma City Thunder,0042400141,2025-04-20T00:00:00,OKC vs. MEM,W,26.3,3.0,2.0,3.0,8.0,5.0,4.0,5.0,22.0,0.0,1.0,2.0,1.0,26.8,1,1,1,1,751,271,388,204,265,633,578,808,754,547,1165,763,773,546,1,26:17
2024-25,201939,Stephen Curry,Stephen,1610612744,GSW,Golden State Warriors,0042400151,2025-04-20T00:00:00,GSW @ HOU,W,39.6,12.0,3.0,3.0,8.0,20.0,19.0,4.0,52.0,0.0,0.0,2.0,2.0,41.7,1,1,1,1,174,3,251,204,265,1658,1674,665,14,547,1,763,505,209,1,39:37
2024-25,1629731,Dean Wade,Dean,1610612739,CLE,Cleveland Cavaliers,0042400101,2025-04-20T00:00:00,CLE vs. MIA,W,6.5,0.0,0.0,0.0,0.0,0.0,6.0,2.0,6.0,0.0,0.0,0.0,0.0,1.2,1,1,1,1,1466,751,705,625,1167,1,804,358,1404,547,1,1,1168,1559,1,6:30
2024-25,1628378,Donovan Mitchell,Donovan,1610612739,CLE,Cleveland Cavaliers,0042400101,2025-04-20T00:00:00,CLE vs. MIA,W,33.3,7.0,2.0,5.0,18.0,11.0,12.0,8.0,32.0,0.0,0.0,2.0,6.0,52.0,1,1,1,1,457,39,388,74,20,1253,1393,1162,375,547,1,763,92,84,1,33:19
2024-25,1641854,Craig Porter Jr.,Craig,1610612739,CLE,Cleveland Cavaliers,0042400101,2025-04-20T00:00:00,CLE vs. MIA,W,1.4,0.0,0.0,0.0,0.0,0.0,0.0,0.0,0.0,0.0,0.0,0.0,0.0,1.2,1,1,1,1,1689,751,705,625,1167,1,1,1,1643,547,1,1,1168,1559,1,1:23
2024-25,1626172,Kevon Looney,Kevon,1610612744,GSW,Golden State Warriors,0042400151,2025-04-20T00:00:00,GSW @ HOU,W,8.6,0.0,0.0,0.0,0.0,2.0,5.0,0.0,6.0,0.0,0.0,1.0,0.0,1.2,1,1,1,1,1390,751,705,625,1167,256,701,1,1404,547,1,400,1168,1559,1,8:35
2024-25,1629622,Max Strus,Max,1610612739,CLE,Cleveland Cavaliers,0042400101,2025-04-20T00:00:00,CLE vs. MIA,W,21.4,0.0,0.0,0.0,0.0,7.0,10.0,6.0,22.0,0.0,0.0,0.0,0.0,11.7,1,1,1,1,922,751,705,625,1167,860,1221,944,754,547,1,1,1168,1088,1,21:24
2024-25,1630643,Jay Huff,Jay,1610612763,MEM,Memphis Grizzlies,0042400141,2025-04-20T00:00:00,MEM @ OKC,L,12.0,2.0,0.0,2.0,4.0,7.0,0.0,2.0,8.0,2.0,0.0,0.0,3.0,15.4,1,871,871,871,1281,423,705,325,582,860,1,358,1322,59,1,1,344,946,1,12:00
2024-25,1630596,Evan Mobley,Evan,1610612739,CLE,Cleveland Cavaliers,0042400101,2025-04-20T00:00:00,CLE vs. MIA,W,33.2,0.0,2.0,0.0,6.0,11.0,12.0,8.0,32.0,0.0,0.0,1.0,0.0,17.9,1,1,1,1,467,751,388,625,404,1253,1393,1162,375,547,1,400,1168,839,1,33:12
2024-25,201950,Jrue Holiday,Jrue,1610612738,BOS,Boston Celtics,0042400111,2025-04-20T00:00:00,BOS vs. ORL,W,33.2,6.0,3.0,6.0,0.0,6.0,6.0,4.0,18.0,0.0,1.0,2.0,0.0,26.1,1,1,1,1,466,67,251,43,1167,735,804,665,918,547,1165,763,1168,559,1,33:13
2024-25,1641775,Jordan Walsh,Jordan,1610612738,BOS,Boston Celtics,0042400111,2025-04-20T00:00:00,BOS vs. ORL,W,1.2,0.0,0.0,0.0,0.0,0.0,0.0,0.0,0.0,0.0,0.0,0.0,0.0,0.0,1,1,1,1,1699,751,705,625,1167,1,1,1,1643,547,1,1,1168,1620,1,1:14
2024-25,202692,Alec Burks,Alec,1610612748,MIA,Miami Heat,0042400101,2025-04-20T00:00:00,MIA @ CLE,L,15.2,0.0,0.0,0.0,0.0,3.0,7.0,3.0,22.0,0.0,0.0,0.0,0.0,11.4,1,871,871,871,1156,751,705,625,1167,431,898,556,754,547,1,1,1168,1109,1,15:14
2024-25,1630532,Franz Wagner,Franz,1610612753,ORL,Orlando Magic,0042400111,2025-04-20T00:00:00,ORL @ BOS,L,36.4,2.0,2.0,2.0,12.0,19.0,8.0,22.0,22.0,2.0,1.0,3.0,2.0,38.1,1,871,871,871,314,423,388,325,109,1636,1028,1716,754,59,1165,1145,505,276,1,36:24
2024-25,1630583,Santi Aldama,Santi,1610612763,MEM,Memphis Grizzlies,0042400141,2025-04-20T00:00:00,MEM @ OKC,L,19.4,0.0,2.0,3.0,2.0,4.0,11.0,10.0,28.0,0.0,1.0,2.0,0.0,14.3,1,871,871,871,1000,751,388,204,802,515,1313,1324,514,547,1165,763,1168,993,1,19:23
2024-25,1631246,Vince Williams Jr.,Vince,1610612763,MEM,Memphis Grizzlies,0042400141,2025-04-20T00:00:00,MEM @ OKC,L,19.0,0.0,0.0,0.0,0.0,5.0,3.0,8.0,24.0,0.0,0.0,1.0,0.0,8.1,1,871,871,871,1018,751,705,625,1167,633,473,1162,678,547,1,400,1168,1255,1,19:01
2024-25,203110,Draymond Green,Draymond,1610612744,GSW,Golden State Warriors,0042400151,2025-04-20T00:00:00,GSW @ HOU,W,36.5,2.0,2.0,0.0,4.0,21.0,17.0,4.0,44.0,1.0,0.0,4.0,3.0,25.7,1,1,1,1,308,423,388,625,582,1680,1635,665,78,170,1,1412,344,572,1,36:29
2024-25,203914,Gary Harris,Gary,1610612753,ORL,Orlando Magic,0042400111,2025-04-20T00:00:00,ORL @ BOS,L,13.5,0.0,0.0,0.0,0.0,3.0,7.0,5.0,10.0,0.0,0.0,0.0,0.0,1.2,1,871,871,871,1226,751,705,625,1167,431,898,808,1249,547,1,1,1168,1559,1,13:31
2024-25,1629750,Javonte Green,Javonte,1610612739,CLE,Cleveland Cavaliers,0042400101,2025-04-20T00:00:00,CLE vs. MIA,W,1.4,0.0,0.0,0.0,0.0,0.0,0.0,0.0,0.0,0.0,0.0,0.0,0.0,1.2,1,1,1,1,1697,751,705,625,1167,1,1,1,1643,547,1,1,1168,1559,1,1:21
2024-25,1631120,JD Davison,JD,1610612738,BOS,Boston Celtics,0042400111,2025-04-20T00:00:00,BOS vs. ORL,W,1.2,0.0,0.0,0.0,0.0,0.0,0.0,0.0,0.0,0.0,0.0,0.0,0.0,1.2,1,1,1,1,1699,751,705,625,1167,1,1,1,1643,547,1,1,1168,1559,1,1:14
2024-25,1631119,Jaylin Williams,Jaylin,1610612760,OKC,Oklahoma City Thunder,0042400141,2025-04-20T00:00:00,OKC vs. MEM,W,18.7,0.0,0.0,0.0,2.0,8.0,2.0,5.0,16.0,2.0,0.0,3.0,1.0,25.5,1,1,1,1,1031,751,705,625,802,978,308,808,991,59,1,1145,773,578,1,18:42
2024-25,1627750,Jamal Murray,Jamal,1610612743,DEN,Denver Nuggets,0042400171,2025-04-19T00:00:00,DEN vs. LAC,W,47.9,6.0,2.0,2.0,8.0,9.0,8.0,16.0,54.0,0.0,2.0,1.0,4.0,42.3,1,1,1,1,3,67,388,325,265,1085,1028,1654,11,547,1564,400,227,195,1,47:55
2024-25,1627736,Malik Beasley,Malik,1610612765,DET,Detroit Pistons,0042400121,2025-04-19T00:00:00,DET @ NYK,L,34.9,6.0,3.0,8.0,2.0,21.0,17.0,15.0,46.0,1.0,1.0,2.0,3.0,34.8,1,871,871,871,377,67,251,18,802,1680,1635,1619,52,170,1165,763,344,354,1,34:56
2024-25,1629675,Naz Reid,Naz,1610612750,MIN,Minnesota Timberwolves,0042400161,2025-04-19T00:00:00,MIN @ LAL,W,30.9,6.0,3.0,3.0,4.0,7.0,8.0,6.0,26.0,2.0,0.0,0.0,1.0,38.0,1,1,1,1,568,67,251,204,582,860,1028,944,586,59,1,1,773,278,1,30:51
2024-25,1642261,Dalton Knecht,Dalton,1610612747,LAL,Los Angeles Lakers,0042400161,2025-04-19T00:00:00,LAL vs. MIN,L,3.0,0.0,2.0,0.0,2.0,2.0,2.0,0.0,2.0,0.0,0.0,0.0,0.0,8.6,1,871,871,871,1601,751,388,625,802,256,308,1,1551,547,1,1,1168,1238,1,3:02
2024-25,1627826,Ivica Zubac,Ivica,1610612746,LAC,LA Clippers,0042400171,2025-04-19T00:00:00,LAC @ DEN,L,39.4,0.0,6.0,0.0,20.0,21.0,9.0,8.0,46.0,0.0,0.0,2.0,3.0,40.6,1,871,871,871,184,751,50,625,13,1680,1128,1162,52,547,1,763,344,229,1,39:25
2024-25,2544,LeBron James,LeBron,1610612747,LAL,Los Angeles Lakers,0042400161,2025-04-19T00:00:00,LAL vs. MIN,L,36.3,5.0,5.0,2.0,10.0,13.0,21.0,23.0,36.0,3.0,2.0,0.0,5.0,40.5,1,871,871,871,321,107,90,325,175,1382,1704,1727,246,17,1564,1,143,231,1,36:15
2024-25,1630595,Cade Cunningham,Cade,1610612765,DET,Detroit Pistons,0042400121,2025-04-19T00:00:00,DET @ NYK,L,39.1,5.0,0.0,4.0,14.0,20.0,15.0,16.0,52.0,0.0,5.0,3.0,6.0,40.2,1,871,871,871,195,107,705,124,65,1658,1571,1654,14,547,1728,1145,92,232,1,39:06
2024-25,202699,Tobias Harris,Tobias,1610612765,DET,Detroit Pistons,0042400121,2025-04-19T00:00:00,DET @ NYK,L,39.8,0.0,3.0,6.0,6.0,20.0,18.0,19.0,54.0,2.0,1.0,0.0,4.0,37.2,1,871,871,871,166,751,251,43,404,1658,1656,1695,11,59,1165,1,227,295,1,39:47
2024-25,1630545,Terrence Shannon Jr.,Terrence,1610612750,MIN,Minnesota Timberwolves,0042400161,2025-04-19T00:00:00,MIN @ LAL,W,3.0,0.0,0.0,0.0,0.0,0.0,2.0,0.0,2.0,0.0,0.0,0.0,0.0,0.0,1,1,1,1,1601,751,705,625,1167,1,308,1,1551,547,1,1,1168,1620,1,3:02
2024-25,1629216,Gabe Vincent,Gabe,1610612747,LAL,Los Angeles Lakers,0042400161,2025-04-19T00:00:00,LAL vs. MIN,L,24.8,0.0,0.0,0.0,0.0,10.0,4.0,7.0,24.0,1.0,0.0,1.0,1.0,7.5,1,871,871,871,815,751,705,625,1167,1167,578,1055,678,170,1,400,773,1270,1,24:46
2024-25,1627732,Ben Simmons,Ben,1610612746,LAC,LA Clippers,0042400171,2025-04-19T00:00:00,LAC @ DEN,L,13.3,0.0,0.0,0.0,0.0,6.0,0.0,8.0,10.0,1.0,0.0,3.0,2.0,8.4,1,871,871,871,1237,751,705,625,1167,735,1,1162,1249,170,1,1145,505,1243,1,13:19
2024-25,1629008,Michael Porter Jr.,Michael,1610612743,DEN,Denver Nuggets,0042400171,2025-04-19T00:00:00,DEN vs. LAC,W,26.5,0.0,0.0,0.0,0.0,2.0,6.0,12.0,36.0,0.0,0.0,1.0,0.0,6.8,1,1,1,1,740,751,705,625,1167,256,804,1472,246,547,1,400,1168,1299,1,26:28
2024-25,1628398,Kyle Kuzma,Kyle,1610612749,MIL,Milwaukee Bucks,0042400131,2025-04-19T00:00:00,MIL @ IND,L,21.6,0.0,0.0,0.0,0.0,12.0,3.0,14.0,18.0,0.0,0.0,2.0,1.0,0.0,1,871,871,871,918,751,705,625,1167,1324,473,1578,918,547,1,763,773,1620,1,21:34
2024-25,1630183,Jaden McDaniels,Jaden,1610612750,MIN,Minnesota Timberwolves,0042400161,2025-04-19T00:00:00,MIN @ LAL,W,33.3,2.0,8.0,4.0,14.0,2.0,12.0,2.0,18.0,0.0,0.0,3.0,1.0,41.8,1,1,1,1,458,423,19,124,65,256,1393,358,918,547,1,1145,773,206,1,33:18
2024-25,1641748,Andre Jackson Jr.,Andre,1610612749,MIL,Milwaukee Bucks,0042400131,2025-04-19T00:00:00,MIL @ IND,L,1.0,0.0,0.0,0.0,0.0,0.0,0.0,0.0,0.0,0.0,0.0,0.0,0.0,0.0,1,871,871,871,1706,751,705,625,1167,1,1,1,1643,547,1,1,1168,1620,1,0:60
2024-25,203932,Aaron Gordon,Aaron,1610612743,DEN,Denver Nuggets,0042400171,2025-04-19T00:00:00,DEN vs. LAC,W,45.8,4.0,4.0,4.0,12.0,9.0,8.0,19.0,58.0,0.0,0.0,2.0,9.0,39.1,1,1,1,1,14,171,147,124,109,1085,1028,1695,4,547,1,763,16,256,1,45:47
2024-25,203507,Giannis Antetokounmpo,Giannis,1610612749,MIL,Milwaukee Bucks,0042400131,2025-04-19T00:00:00,MIL @ IND,L,38.0,1.0,4.0,3.0,26.0,10.0,3.0,20.0,28.0,2.0,2.0,2.0,13.0,55.9,1,871,871,871,240,722,147,204,3,1167,473,1700,514,59,1564,763,2,56,1,38:02
2024-25,1630169,Tyrese Haliburton,Tyrese,1610612754,IND,Indiana Pacers,0042400131,2025-04-19T00:00:00,IND vs. MIL,W,34.3,2.0,0.0,0.0,2.0,1.0,9.0,3.0,26.0,0.0,0.0,2.0,3.0,35.4,1,1,1,1,412,423,705,625,802,214,1128,556,586,547,1,763,344,340,1,34:20
2024-25,1626167,Myles Turner,Myles,1610612754,IND,Indiana Pacers,0042400131,2025-04-19T00:00:00,IND vs. MIL,W,31.1,0.0,3.0,0.0,2.0,1.0,9.0,1.0,26.0,4.0,0.0,2.0,1.0,43.0,1,1,1,1,560,751,251,625,802,214,1128,324,586,7,1,763,773,182,1,31:04
2024-25,1627783,Pascal Siakam,Pascal,1610612754,IND,Indiana Pacers,0042400131,2025-04-19T00:00:00,IND vs. MIL,W,32.9,7.0,0.0,5.0,8.0,2.0,4.0,4.0,28.0,1.0,0.0,4.0,3.0,41.4,1,1,1,1,490,39,705,74,265,256,578,665,514,170,1,1412,344,210,1,32:54
2024-25,1631169,Josh Minott,Josh,1610612750,MIN,Minnesota Timberwolves,0042400161,2025-04-19T00:00:00,MIN @ LAL,W,3.0,0.0,0.0,0.0,0.0,0.0,2.0,0.0,2.0,0.0,0.0,0.0,0.0,0.0,1,1,1,1,1601,751,705,625,1167,1,308,1,1551,547,1,1,1168,1620,1,3:02
2024-25,1628418,Thomas Bryant,Thomas,1610612754,IND,Indiana Pacers,0042400131,2025-04-19T00:00:00,IND vs. MIL,W,12.2,0.0,0.0,0.0,0.0,2.0,2.0,2.0,12.0,0.0,0.0,0.0,2.0,7.2,1,1,1,1,1275,751,705,625,1167,256,308,358,1167,547,1,1,505,1280,1,12:10
2024-25,1630540,Miles McBride,Miles,1610612752,NYK,New York Knicks,0042400121,2025-04-19T00:00:00,NYK vs. DET,W,15.2,0.0,0.0,0.0,0.0,7.0,6.0,7.0,16.0,0.0,1.0,2.0,1.0,8.2,1,1,1,1,1157,751,705,625,1167,860,804,1055,991,547,1165,763,773,1249,1,15:12
2024-25,1642355,Bronny James,Bronny,1610612747,LAL,Los Angeles Lakers,0042400161,2025-04-19T00:00:00,LAL vs. MIN,L,3.0,0.0,0.0,0.0,0.0,2.0,2.0,0.0,2.0,0.0,0.0,0.0,0.0,0.0,1,871,871,871,1601,751,705,625,1167,256,308,1,1551,547,1,1,1168,1620,1,3:02
2024-25,1630167,Obi Toppin,Obi,1610612754,IND,Indiana Pacers,0042400131,2025-04-19T00:00:00,IND vs. MIL,W,14.8,0.0,0.0,2.0,2.0,1.0,10.0,3.0,12.0,0.0,0.0,3.0,2.0,8.7,1,1,1,1,1171,751,705,325,802,214,1221,556,1167,547,1,1145,505,1228,1,14:47
2024-25,1629060,Rui Hachimura,Rui,1610612747,LAL,Los Angeles Lakers,0042400161,2025-04-19T00:00:00,LAL vs. MIN,L,29.7,0.0,3.0,0.0,0.0,13.0,15.0,22.0,26.0,0.0,1.0,0.0,0.0,17.0,1,871,871,871,623,751,251,625,1167,1382,1571,1716,586,547,1165,1,1168,876,1,29:39
2024-25,1630174,Aaron Nesmith,Aaron,1610612754,IND,Indiana Pacers,0042400131,2025-04-19T00:00:00,IND vs. MIL,W,27.4,0.0,0.0,0.0,4.0,1.0,11.0,1.0,24.0,0.0,0.0,3.0,1.0,17.2,1,1,1,1,714,751,705,625,582,214,1313,324,678,547,1,1145,773,864,1,27:22
2024-25,1629029,Luka Dončić,Luka,1610612747,LAL,Los Angeles Lakers,0042400161,2025-04-19T00:00:00,LAL vs. MIN,L,40.4,4.0,5.0,0.0,14.0,16.0,15.0,25.0,34.0,0.0,0.0,3.0,8.0,49.1,1,871,871,871,133,171,90,625,65,1539,1571,1729,299,547,1,1145,26,108,1,40:23
2024-25,1641709,Ausar Thompson,Ausar,1610612765,DET,Detroit Pistons,0042400121,2025-04-19T00:00:00,DET @ NYK,L,22.8,2.0,3.0,2.0,8.0,9.0,10.0,6.0,32.0,0.0,2.0,5.0,2.0,15.7,1,871,871,871,872,423,251,325,265,1085,1221,944,375,547,1564,1609,505,934,1,22:51
2024-25,1629638,Nickeil Alexander-Walker,Nickeil,1610612750,MIN,Minnesota Timberwolves,0042400161,2025-04-19T00:00:00,MIN @ LAL,W,20.2,0.0,2.0,0.0,2.0,7.0,10.0,4.0,18.0,1.0,1.0,2.0,4.0,15.7,1,1,1,1,972,751,388,625,802,860,1221,665,918,170,1165,763,227,934,1,20:13
2024-25,1626166,Cameron Payne,Cameron,1610612752,NYK,New York Knicks,0042400121,2025-04-19T00:00:00,NYK vs. DET,W,14.7,0.0,3.0,0.0,4.0,2.0,5.0,5.0,10.0,0.0,0.0,3.0,1.0,17.5,1,1,1,1,1174,751,251,625,582,256,701,808,1249,547,1,1145,773,852,1,14:40
2024-25,1629618,Jalen Pickett,Jalen,1610612743,DEN,Denver Nuggets,0042400171,2025-04-19T00:00:00,DEN vs. LAC,W,5.0,0.0,0.0,0.0,2.0,0.0,0.0,3.0,4.0,0.0,0.0,1.0,0.0,4.4,1,1,1,1,1513,751,705,625,802,1,1,556,1472,547,1,400,1168,1420,1,4:59
2024-25,1630579,Jericho Sims,Jericho,1610612749,MIL,Milwaukee Bucks,0042400131,2025-04-19T00:00:00,MIL @ IND,L,9.6,0.0,0.0,0.0,0.0,0.0,0.0,2.0,4.0,1.0,0.0,2.0,0.0,4.4,1,871,871,871,1366,751,705,625,1167,1,1,358,1472,170,1,763,1168,1420,1,9:36
2024-25,1627884,Derrick Jones Jr.,Derrick,1610612746,LAC,LA Clippers,0042400171,2025-04-19T00:00:00,LAC @ DEN,L,24.2,2.0,0.0,2.0,2.0,21.0,2.0,10.0,24.0,2.0,0.0,0.0,2.0,17.8,1,871,871,871,838,423,705,325,802,1680,308,1324,678,59,1,1,505,844,1,24:13
2024-25,1630191,Isaiah Stewart,Isaiah,1610612765,DET,Detroit Pistons,0042400121,2025-04-19T00:00:00,DET @ NYK,L,18.9,0.0,2.0,0.0,2.0,9.0,10.0,7.0,20.0,2.0,0.0,5.0,0.0,15.5,1,871,871,871,1025,751,388,625,802,1085,1221,1055,832,59,1,1609,1168,945,1,18:52
2024-25,1628384,OG Anunoby,OG,1610612752,NYK,New York Knicks,0042400121,2025-04-19T00:00:00,NYK vs. DET,W,44.1,6.0,0.0,5.0,6.0,15.0,20.0,22.0,44.0,2.0,2.0,3.0,3.0,50.4,1,1,1,1,31,67,705,74,404,1494,1691,1716,78,59,1564,1145,344,96,1,44:07
2024-25,1641716,Jarace Walker,Jarace,1610612754,IND,Indiana Pacers,0042400131,2025-04-19T00:00:00,IND vs. MIL,W,17.4,0.0,0.0,0.0,0.0,2.0,3.0,4.0,12.0,1.0,0.0,2.0,0.0,15.0,1,1,1,1,1080,751,705,625,1167,256,473,665,1167,170,1,763,1168,963,1,17:25
2024-25,1626157,Karl-Anthony Towns,Karl-Anthony,1610612752,NYK,New York Knicks,0042400121,2025-04-19T00:00:00,NYK vs. DET,W,39.2,9.0,0.0,2.0,12.0,10.0,19.0,13.0,32.0,2.0,0.0,3.0,2.0,61.7,1,1,1,1,190,18,705,325,109,1167,1674,1521,375,59,1,1145,505,24,1,39:12
2024-25,1629637,Jaxson Hayes,Jaxson,1610612747,LAL,Los Angeles Lakers,0042400161,2025-04-19T00:00:00,LAL vs. MIN,L,8.2,0.0,0.0,0.0,0.0,0.0,7.0,7.0,8.0,0.0,0.0,0.0,1.0,4.6,1,871,871,871,1402,751,705,625,1167,1,898,1055,1322,547,1,1,773,1409,1,8:13
2024-25,1630568,Luka Garza,Luka,1610612750,MIN,Minnesota Timberwolves,0042400161,2025-04-19T00:00:00,MIN @ LAL,W,2.8,2.0,2.0,0.0,2.0,0.0,2.0,0.0,2.0,0.0,0.0,0.0,0.0,3.2,1,1,1,1,1611,423,388,625,802,1,308,1,1551,547,1,1,1168,1470,1,2:49
2024-25,1631157,Ryan Rollins,Ryan,1610612749,MIL,Milwaukee Bucks,0042400131,2025-04-19T00:00:00,MIL @ IND,L,18.6,0.0,0.0,0.0,2.0,8.0,0.0,14.0,16.0,0.0,2.0,2.0,0.0,14.9,1,871,871,871,1033,751,705,625,802,978,1,1578,991,547,1564,763,1168,969,1,18:38
2024-25,1628969,Mikal Bridges,Mikal,1610612752,NYK,New York Knicks,0042400121,2025-04-19T00:00:00,NYK vs. DET,W,28.7,2.0,2.0,2.0,4.0,15.0,16.0,17.0,30.0,2.0,1.0,3.0,1.0,19.4,1,1,1,1,665,423,388,325,582,1494,1611,1675,431,59,1165,1145,773,786,1,28:44
2024-25,1631097,Bennedict Mathurin,Bennedict,1610612754,IND,Indiana Pacers,0042400131,2025-04-19T00:00:00,IND vs. MIL,W,25.3,0.0,0.0,7.0,2.0,2.0,7.0,4.0,22.0,0.0,0.0,2.0,7.0,19.5,1,1,1,1,800,751,705,33,802,256,898,665,754,547,1,763,53,782,1,25:17
2024-25,203471,Dennis Schröder,Dennis,1610612765,DET,Detroit Pistons,0042400121,2025-04-19T00:00:00,DET @ NYK,L,26.0,2.0,1.0,0.0,2.0,16.0,9.0,5.0,32.0,1.0,0.0,2.0,1.0,19.5,1,871,871,871,765,423,671,625,802,1539,1128,808,375,170,1,763,773,782,1,25:58
2024-25,203458,Alex Len,Alex,1610612747,LAL,Los Angeles Lakers,0042400161,2025-04-19T00:00:00,LAL vs. MIN,L,3.0,0.0,0.0,0.0,0.0,2.0,2.0,0.0,2.0,0.0,0.0,0.0,1.0,4.8,1,871,871,871,1601,751,705,625,1167,256,308,1,1551,547,1,1,773,1397,1,3:02
2024-25,1631260,AJ Green,AJ,1610612749,MIL,Milwaukee Bucks,0042400131,2025-04-19T00:00:00,MIL @ IND,L,26.9,0.0,3.0,0.0,0.0,6.0,0.0,8.0,14.0,0.0,0.0,5.0,0.0,20.1,1,871,871,871,724,751,251,625,1167,735,1,1162,1080,547,1,1609,1168,759,1,26:52
2024-25,1641740,Jaylen Clark,Jaylen,1610612750,MIN,Minnesota Timberwolves,0042400161,2025-04-19T00:00:00,MIN @ LAL,W,3.1,0.0,0.0,0.0,0.0,0.0,2.0,0.0,2.0,0.0,0.0,1.0,1.0,5.0,1,1,1,1,1595,751,705,625,1167,1,308,1,1551,547,1,400,773,1384,1,3:08
2024-25,1627739,Kris Dunn,Kris,1610612746,LAC,LA Clippers,0042400171,2025-04-19T00:00:00,LAC @ DEN,L,30.7,0.0,0.0,0.0,4.0,18.0,7.0,6.0,32.0,1.0,0.0,4.0,0.0,21.1,1,871,871,871,571,751,705,625,582,1602,898,944,375,170,1,1412,1168,729,1,30:45
2024-25,203497,Rudy Gobert,Rudy,1610612750,MIN,Minnesota Timberwolves,0042400161,2025-04-19T00:00:00,MIN @ LAL,W,24.3,0.0,0.0,0.0,2.0,2.0,10.0,2.0,10.0,1.0,1.0,3.0,0.0,13.7,1,1,1,1,833,751,705,625,802,256,1221,358,1249,170,1165,1145,1168,1024,1,24:19
2024-25,1626192,Pat Connaughton,Pat,1610612749,MIL,Milwaukee Bucks,0042400131,2025-04-19T00:00:00,MIL @ IND,L,1.4,0.0,3.0,0.0,0.0,4.0,0.0,0.0,0.0,0.0,0.0,1.0,0.0,2.0,1,871,871,871,1696,751,251,625,1167,515,1,1,1643,547,1,400,1168,1525,1,1:22
2024-25,1630559,Austin Reaves,Austin,1610612747,LAL,Los Angeles Lakers,0042400161,2025-04-19T00:00:00,LAL vs. MIN,L,37.0,0.0,0.0,2.0,4.0,16.0,21.0,25.0,36.0,0.0,0.0,3.0,4.0,22.1,1,871,871,871,283,751,705,325,582,1539,1704,1729,246,547,1,1145,227,690,1,36:59
2024-25,1631128,Christian Braun,Christian,1610612743,DEN,Denver Nuggets,0042400171,2025-04-19T00:00:00,DEN vs. LAC,W,45.1,4.0,0.0,4.0,8.0,9.0,8.0,14.0,52.0,0.0,1.0,4.0,0.0,22.1,1,1,1,1,18,171,705,124,265,1085,1028,1578,14,547,1165,1412,1168,690,1,45:07
2024-25,1629011,Mitchell Robinson,Mitchell,1610612752,NYK,New York Knicks,0042400121,2025-04-19T00:00:00,NYK vs. DET,W,17.9,0.0,6.0,0.0,6.0,9.0,6.0,15.0,18.0,2.0,0.0,1.0,1.0,22.2,1,1,1,1,1060,751,50,625,404,1085,804,1619,918,59,1,400,773,688,1,17:53
2024-25,1629020,Jarred Vanderbilt,Jarred,1610612747,LAL,Los Angeles Lakers,0042400161,2025-04-19T00:00:00,LAL vs. MIN,L,13.5,0.0,2.0,2.0,2.0,0.0,6.0,0.0,14.0,0.0,0.0,0.0,0.0,12.8,1,871,871,871,1228,751,388,325,802,1,804,1,1080,547,1,1,1168,1052,1,13:31
2024-25,1629018,Gary Trent Jr.,Gary,1610612749,MIL,Milwaukee Bucks,0042400131,2025-04-19T00:00:00,MIL @ IND,L,26.9,2.0,0.0,2.0,2.0,6.0,0.0,8.0,14.0,0.0,0.0,1.0,0.0,22.4,1,871,871,871,721,423,705,325,802,735,1,1162,1080,547,1,400,1168,686,1,26:55
2024-25,1629614,Andrew Nembhard,Andrew,1610612754,IND,Indiana Pacers,0042400131,2025-04-19T00:00:00,IND vs. MIL,W,28.6,5.0,0.0,6.0,8.0,1.0,7.0,1.0,24.0,0.0,2.0,2.0,0.0,34.3,1,1,1,1,667,107,705,43,265,214,898,324,678,547,1564,763,1168,364,1,28:36
2024-25,202695,Kawhi Leonard,Kawhi,1610612746,LAC,LA Clippers,0042400171,2025-04-19T00:00:00,LAC @ DEN,L,41.2,0.0,0.0,7.0,14.0,20.0,9.0,10.0,42.0,0.0,0.0,3.0,4.0,34.2,1,871,871,871,109,751,705,33,65,1658,1128,1324,114,547,1,1145,227,369,1,41:09
2024-25,201566,Russell Westbrook,Russell,1610612743,DEN,Denver Nuggets,0042400171,2025-04-19T00:00:00,DEN vs. LAC,W,34.4,7.0,3.0,2.0,6.0,7.0,2.0,12.0,32.0,0.0,3.0,3.0,2.0,34.1,1,1,1,1,402,39,251,325,404,860,308,1472,375,547,1689,1145,505,370,1,34:25
2024-25,1628404,Josh Hart,Josh,1610612752,NYK,New York Knicks,0042400121,2025-04-19T00:00:00,NYK vs. DET,W,29.6,0.0,2.0,4.0,10.0,7.0,13.0,7.0,28.0,1.0,2.0,3.0,1.0,31.4,1,1,1,1,630,751,388,124,175,860,1459,1055,514,170,1564,1145,773,430,1,29:33
2024-25,203999,Nikola Jokić,Nikola,1610612743,DEN,Denver Nuggets,0042400171,2025-04-19T00:00:00,DEN vs. LAC,W,46.1,6.0,0.0,2.0,18.0,9.0,8.0,14.0,52.0,1.0,0.0,4.0,9.0,67.8,1,1,1,1,11,67,705,325,20,1085,1028,1578,14,170,1,1412,16,10,1,46:06
2024-25,1627827,Dorian Finney-Smith,Dorian,1610612747,LAL,Los Angeles Lakers,0042400161,2025-04-19T00:00:00,LAL vs. MIN,L,32.5,0.0,3.0,0.0,0.0,12.0,12.0,16.0,26.0,0.0,1.0,2.0,1.0,9.6,1,871,871,871,506,751,251,625,1167,1324,1393,1654,586,547,1165,763,773,1192,1,32:30
2024-25,1631105,Jalen Duren,Jalen,1610612765,DET,Detroit Pistons,0042400121,2025-04-19T00:00:00,DET @ NYK,L,24.7,0.0,4.0,0.0,6.0,14.0,10.0,12.0,32.0,3.0,0.0,4.0,1.0,29.7,1,871,871,871,817,751,147,625,404,1443,1221,1472,375,17,1,1412,773,466,1,24:44
2024-25,1642277,Johnny Furphy,Johnny,1610612754,IND,Indiana Pacers,0042400131,2025-04-19T00:00:00,IND vs. MIL,W,0.7,0.0,0.0,0.0,0.0,0.0,3.0,0.0,0.0,0.0,0.0,0.0,0.0,0.0,1,1,1,1,1716,751,705,625,1167,1,473,1,1643,547,1,1,1168,1620,1,0:39
2024-25,1629003,Shake Milton,Shake,1610612747,LAL,Los Angeles Lakers,0042400161,2025-04-19T00:00:00,LAL vs. MIN,L,3.0,0.0,0.0,0.0,0.0,2.0,2.0,0.0,2.0,0.0,0.0,1.0,0.0,0.0,1,871,871,871,1601,751,705,625,1167,256,308,1,1551,547,1,400,1168,1620,1,3:02
2024-25,1631212,Peyton Watson,Peyton,1610612743,DEN,Denver Nuggets,0042400171,2025-04-19T00:00:00,DEN vs. LAC,W,14.2,2.0,0.0,2.0,2.0,0.0,0.0,5.0,12.0,0.0,0.0,2.0,1.0,10.4,1,1,1,1,1193,423,705,325,802,1,1,808,1167,547,1,763,773,1156,1,14:13
2024-25,203992,Bogdan Bogdanović,Bogdan,1610612746,LAC,LA Clippers,0042400171,2025-04-19T00:00:00,LAC @ DEN,L,12.2,0.0,0.0,0.0,0.0,7.0,0.0,8.0,6.0,0.0,0.0,4.0,0.0,6.0,1,871,871,871,1274,751,705,625,1167,860,1,1162,1404,547,1,1412,1168,1337,1,12:12
2024-25,1629645,Kevin Porter Jr.,Kevin,1610612749,MIL,Milwaukee Bucks,0042400131,2025-04-19T00:00:00,MIL @ IND,L,29.4,0.0,0.0,0.0,2.0,6.0,3.0,8.0,16.0,0.0,0.0,2.0,4.0,28.5,1,871,871,871,638,751,705,625,802,735,473,1162,991,547,1,763,227,504,1,29:22
2024-25,201935,James Harden,James,1610612746,LAC,LA Clippers,0042400171,2025-04-19T00:00:00,LAC @ DEN,L,42.8,5.0,2.0,8.0,14.0,18.0,9.0,10.0,50.0,1.0,0.0,5.0,5.0,56.7,1,871,871,871,61,107,388,18,65,1602,1128,1324,26,170,1,1609,143,48,1,42:48
2024-25,1641842,Ronald Holland II,Ronald,1610612765,DET,Detroit Pistons,0042400121,2025-04-19T00:00:00,DET @ NYK,L,6.1,0.0,0.0,0.0,0.0,2.0,0.0,0.0,8.0,0.0,0.0,0.0,0.0,0.4,1,871,871,871,1474,751,705,625,1167,256,1,1,1322,547,1,1,1168,1608,1,6:08
2024-25,1630692,Jordan Goodwin,Jordan,1610612747,LAL,Los Angeles Lakers,0042400161,2025-04-19T00:00:00,LAL vs. MIN,L,5.6,0.0,0.0,0.0,0.0,2.0,6.0,0.0,8.0,0.0,0.0,0.0,0.0,0.5,1,871,871,871,1491,751,705,625,1167,256,804,1,1322,547,1,1,1168,1605,1,5:36
2024-25,1629013,Landry Shamet,Landry,1610612752,NYK,New York Knicks,0042400121,2025-04-19T00:00:00,NYK vs. DET,W,10.2,0.0,0.0,0.0,2.0,5.0,8.0,4.0,14.0,0.0,1.0,0.0,0.0,1.0,1,1,1,1,1346,751,705,625,802,633,1028,665,1080,547,1165,1,1168,1602,1,10:13
2024-25,1627752,Taurean Prince,Taurean,1610612749,MIL,Milwaukee Bucks,0042400131,2025-04-19T00:00:00,MIL @ IND,L,19.6,0.0,0.0,0.0,0.0,8.0,3.0,14.0,18.0,0.0,0.0,0.0,0.0,5.9,1,871,871,871,986,751,705,625,1167,978,473,1578,918,547,1,1,1168,1344,1,19:37
2024-25,1631159,Leonard Miller,Leonard,1610612750,MIN,Minnesota Timberwolves,0042400161,2025-04-19T00:00:00,MIN @ LAL,W,2.1,0.0,0.0,0.0,0.0,0.0,0.0,0.0,0.0,0.0,0.0,0.0,0.0,1.2,1,1,1,1,1648,751,705,625,1167,1,1,1,1643,547,1,1,1168,1559,1,2:05
2024-25,1628978,Donte DiVincenzo,Donte,1610612750,MIN,Minnesota Timberwolves,0042400161,2025-04-19T00:00:00,MIN @ LAL,W,24.6,2.0,0.0,4.0,6.0,7.0,6.0,4.0,20.0,0.0,0.0,2.0,0.0,26.0,1,1,1,1,825,423,705,124,404,860,804,665,832,547,1,763,1168,564,1,24:33
2024-25,1641753,Chris Livingston,Chris,1610612749,MIL,Milwaukee Bucks,0042400131,2025-04-19T00:00:00,MIL @ IND,L,1.0,0.0,0.0,0.0,0.0,0.0,0.0,0.0,0.0,0.0,0.0,0.0,0.0,1.2,1,871,871,871,1706,751,705,625,1167,1,1,1,1643,547,1,1,1168,1559,1,0:60
2024-25,201587,Nicolas Batum,Nicolas,1610612746,LAC,LA Clippers,0042400171,2025-04-19T00:00:00,LAC @ DEN,L,23.9,0.0,0.0,0.0,0.0,15.0,2.0,10.0,26.0,0.0,0.0,2.0,1.0,10.9,1,871,871,871,848,751,705,625,1167,1494,308,1324,586,547,1,763,773,1137,1,23:57
2024-25,201144,Mike Conley,Mike,1610612750,MIN,Minnesota Timberwolves,0042400161,2025-04-19T00:00:00,MIN @ LAL,W,22.5,3.0,0.0,6.0,2.0,6.0,10.0,4.0,18.0,0.0,0.0,2.0,0.0,25.1,1,1,1,1,883,271,705,43,802,735,1221,665,918,547,1,763,1168,588,1,22:29
2024-25,1630162,Anthony Edwards,Anthony,1610612750,MIN,Minnesota Timberwolves,0042400161,2025-04-19T00:00:00,MIN @ LAL,W,35.4,3.0,0.0,8.0,8.0,5.0,18.0,4.0,18.0,0.0,1.0,4.0,2.0,47.1,1,1,1,1,356,271,705,18,265,633,1656,665,918,547,1165,1412,505,132,1,35:25
2024-25,203501,Tim Hardaway Jr.,Tim,1610612765,DET,Detroit Pistons,0042400121,2025-04-19T00:00:00,DET @ NYK,L,27.6,2.0,6.0,2.0,6.0,14.0,11.0,15.0,34.0,0.0,0.0,0.0,4.0,23.9,1,871,871,871,702,423,50,325,404,1443,1313,1619,299,547,1,1,227,623,1,27:38
2024-25,1628973,Jalen Brunson,Jalen,1610612752,NYK,New York Knicks,0042400121,2025-04-19T00:00:00,NYK vs. DET,W,40.5,8.0,7.0,6.0,18.0,15.0,17.0,20.0,38.0,0.0,2.0,3.0,11.0,47.4,1,1,1,1,127,29,31,43,20,1494,1635,1700,202,547,1564,1145,7,129,1,40:28
2024-25,1626181,Norman Powell,Norman,1610612746,LAC,LA Clippers,0042400171,2025-04-19T00:00:00,LAC @ DEN,L,37.2,2.0,0.0,2.0,6.0,19.0,7.0,10.0,44.0,1.0,1.0,2.0,1.0,23.6,1,871,871,871,269,423,705,325,404,1636,898,1324,78,170,1165,763,773,637,1,37:13
2024-25,1626171,Bobby Portis,Bobby,1610612749,MIL,Milwaukee Bucks,0042400131,2025-04-19T00:00:00,MIL @ IND,L,25.4,0.0,2.0,0.0,4.0,2.0,0.0,8.0,16.0,0.0,1.0,1.0,1.0,12.6,1,871,871,871,791,751,388,625,582,256,1,1162,991,547,1165,400,773,1058,1,25:25
2024-25,201572,Brook Lopez,Brook,1610612749,MIL,Milwaukee Bucks,0042400131,2025-04-19T00:00:00,MIL @ IND,L,20.6,0.0,2.0,0.0,4.0,8.0,3.0,14.0,16.0,0.0,1.0,2.0,3.0,12.8,1,871,871,871,959,751,388,625,582,978,473,1578,991,547,1165,763,344,1052,1,20:37
2024-25,203944,Julius Randle,Julius,1610612750,MIN,Minnesota Timberwolves,0042400161,2025-04-19T00:00:00,MIN @ LAL,W,34.8,0.0,8.0,0.0,4.0,9.0,18.0,4.0,24.0,0.0,1.0,4.0,1.0,22.5,1,1,1,1,381,751,19,625,582,1085,1656,665,678,547,1165,1412,773,680,1,34:46
2024-25,204456,T.J. McConnell,T.J.,1610612754,IND,Indiana Pacers,0042400131,2025-04-19T00:00:00,IND vs. MIL,W,15.4,0.0,0.0,2.0,4.0,2.0,5.0,2.0,14.0,0.0,1.0,2.0,1.0,19.9,1,1,1,1,1149,751,705,325,582,256,701,358,1080,547,1165,763,773,762,1,15:26
