group_set,player_id,player,nickname,team_id,team,age,gp,w,l,w_pct,min,fgm,fga,fg_pct,fg3m,fg3a,fg3_pct,ftm,fta,ft_pct,oreb,dreb,reb,ast,tov,stl,blk,blka,pf,pfd,pts,plus_minus,nba_fantasy_pts,dd2,td3,wnba_fantasy_pts,gp_rank,w_rank,l_rank,w_pct_rank,min_rank,fgm_rank,fga_rank,fg_pct_rank,fg3m_rank,fg3a_rank,fg3_pct_rank,ftm_rank,fta_rank,ft_pct_rank,oreb_rank,dreb_rank,reb_rank,ast_rank,tov_rank,stl_rank,blk_rank,blka_rank,pf_rank,pfd_rank,pts_rank,plus_minus_rank,nba_fantasy_pts_rank,dd2_rank,td3_rank,wnba_fantasy_pts_rank
Players,1630162,Anthony Edwards,Anthony,1610612750,MIN,22.0,7,4,3,0.571,24.755,8,14,0.571,2,4,0.5,7,7,1.0,1,3,4,4,2,1,1,0,1,5,25,12,39.8,2,0,39.0,7,15,91,33,17,5,11,24,9,15,19,3,7,1,22,19,17,7,11,9,8,1,50,5,4,12,4,9,5,4
Players,1630183,Jaden McDaniels,Jaden,1610612750,MIN,23.0,7,4,3,0.571,22.311666666666667,1,1,1.0,1,1,1.0,0,0,0.0,0,0,0,0,2,1,0,0,2,0,3,12,4.0,0,0,6.0,7,15,91,33,25,41,63,1,17,36,1,45,48,45,48,66,77,51,11,9,27,1,80,53,46,12,70,32,5,56
Players,1626157,Karl-Anthony Towns,Karl-Anthony,1610612750,MIN,28.0,6,4,2,0.667,14.24,3,7,0.429,2,6,0.333,0,0,0.0,1,0,1,1,1,1,0,0,2,0,8,1,12.7,3,0,14.0,19,15,60,20,35,25,22,45,9,8,29,45,48,45,22,66,50,23,18,9,27,1,80,53,32,42,38,6,5,33
Players,203937,Kyle Anderson,Kyle,1610612750,MIN,30.0,5,2,3,0.4,7.728333333333333,0,1,0.0,0,0,0.0,0,0,0.0,0,1,1,2,0,1,0,0,0,0,0,-2,7.2,0,0,5.0,30,35,91,60,67,65,63,65,40,65,40,45,48,45,48,38,50,15,40,9,27,1,1,53,72,61,55,32,5,62
Players,201144,Mike Conley,Mike,1610612750,MIN,36.0,7,4,3,0.571,20.938333333333333,2,6,0.333,0,2,0.0,5,7,0.714,0,3,3,2,1,0,0,0,0,5,9,14,14.6,1,0,14.0,7,15,91,33,27,34,27,52,40,27,40,11,7,32,48,19,29,15,18,33,27,1,1,5,30,10,34,17,5,33
Players,1629675,Naz Reid,Naz,1610612750,MIN,24.0,6,3,3,0.5,10.96,5,8,0.625,1,4,0.25,3,5,0.6,3,0,3,0,0,0,2,0,1,3,14,6,23.6,0,0,22.0,19,22,91,41,44,11,19,22,17,15,35,19,17,38,3,66,29,51,40,33,2,1,50,21,15,26,18,32,5,20
Players,1629638,Nickeil Alexander-Walker,Nickeil,1610612750,MIN,25.0,3,3,0,1.0,2.3666666666666667,0,0,0.0,0,0,0.0,0,0,0.0,0,0,0,0,0,1,0,0,0,1,0,3,3.0,0,0,2.0,47,22,1,1,92,65,83,65,40,65,40,45,48,45,48,66,77,51,40,9,27,1,1,36,72,32,75,32,5,76
Players,203497,Rudy Gobert,Rudy,1610612750,MIN,32.0,7,4,3,0.571,20.475,1,2,0.5,0,0,0.0,0,2,0.0,2,4,6,0,1,2,1,0,2,2,2,14,17.2,2,0,14.0,7,15,91,33,32,41,46,31,40,65,40,45,30,45,7,11,10,51,18,5,8,1,80,27,58,10,28,9,5,33
