group_set,player_id,player,nickname,team_id,team,age,gp,w,l,w_pct,min,fgm,fga,fg_pct,fg3m,fg3a,fg3_pct,ftm,fta,ft_pct,oreb,dreb,reb,ast,tov,stl,blk,blka,pf,pfd,pts,plus_minus,nba_fantasy_pts,dd2,td3,wnba_fantasy_pts,gp_rank,w_rank,l_rank,w_pct_rank,min_rank,fgm_rank,fga_rank,fg_pct_rank,fg3m_rank,fg3a_rank,fg3_pct_rank,ftm_rank,fta_rank,ft_pct_rank,oreb_rank,dreb_rank,reb_rank,ast_rank,tov_rank,stl_rank,blk_rank,blka_rank,pf_rank,pfd_rank,pts_rank,plus_minus_rank,nba_fantasy_pts_rank,dd2_rank,td3_rank,wnba_fantasy_pts_rank
Players,1628449,Chris Boucher,Chris,1610612761,TOR,27.0,1,1,0,1.0,0.0116666666666666,0,0,0.0,0,0,0.0,0,0,0.0,0,0,0,0,0,0,0,0,0,0,0,0,0.0,0,0,0.0,97,51,1,1,121,69,89,69,44,69,44,48,50,48,40,76,82,42,48,36,25,1,1,62,76,51,93,39,6,93
Players,1627832,Fred VanVleet,Fred,1610612761,TOR,26.0,6,4,2,0.667,28.043333333333333,1,14,0.071,0,10,0.0,1,1,1.0,1,4,5,2,2,1,1,0,1,0,3,7,16.0,1,0,14.0,21,20,59,27,17,43,10,68,44,3,44,32,43,1,16,16,17,13,10,9,11,1,38,62,49,20,29,18,6,30
Players,200768,Kyle Lowry,Kyle,1610612761,TOR,34.0,6,4,2,0.667,28.44833333333333,6,11,0.545,1,5,0.2,8,8,1.0,0,4,4,4,0,1,1,0,4,6,21,8,37.8,1,0,34.0,21,20,59,27,16,10,16,25,20,14,38,5,6,1,40,16,21,7,48,9,11,1,111,5,9,17,10,18,6,12
Players,201188,Marc Gasol,Marc,1610612761,TOR,35.0,4,3,1,0.75,5.531666666666666,0,0,0.0,0,0,0.0,0,0,0.0,0,0,0,0,0,0,0,0,2,0,0,0,0.0,0,0,0.0,41,28,11,17,77,69,89,69,44,69,44,48,50,48,40,76,82,42,48,36,25,1,82,62,76,51,93,39,6,93
Players,1626181,Norman Powell,Norman,1610612761,TOR,27.0,4,3,1,0.75,20.531666666666663,5,7,0.714,2,3,0.667,7,7,1.0,0,1,1,0,1,2,1,1,3,5,19,2,28.2,0,0,28.0,41,28,11,17,25,15,27,13,5,26,6,6,10,1,40,46,57,42,20,2,11,97,96,9,13,44,18,39,6,17
Players,1628384,OG Anunoby,OG,1610612761,TOR,22.0,6,4,2,0.667,29.03833333333333,3,6,0.5,2,3,0.667,1,1,1.0,4,5,9,2,1,0,0,0,3,4,9,5,21.8,2,0,22.0,21,20,59,27,14,21,31,28,5,26,6,32,43,1,2,9,5,13,20,36,25,1,96,14,22,32,21,10,6,21
Players,1627783,Pascal Siakam,Pascal,1610612761,TOR,26.0,6,4,2,0.667,28.855,1,10,0.1,0,3,0.0,1,2,0.5,0,2,2,0,3,0,0,2,1,1,3,5,2.4,2,0,5.0,21,20,59,27,15,43,19,67,44,26,44,32,29,38,40,31,38,42,4,36,25,117,38,39,49,32,73,10,6,62
Players,201586,Serge Ibaka,Serge,1610612761,TOR,30.0,4,2,2,0.5,4.7316666666666665,0,1,0.0,0,0,0.0,0,0,0.0,0,1,1,0,0,0,0,0,1,0,0,-2,1.2,0,0,1.0,41,38,59,45,81,69,73,69,44,69,44,48,50,48,40,46,57,42,48,36,25,1,38,62,76,66,84,39,6,84
