group_set,player_id,player,nickname,team_id,team,age,gp,w,l,w_pct,min,fgm,fga,fg_pct,fg3m,fg3a,fg3_pct,ftm,fta,ft_pct,oreb,dreb,reb,ast,tov,stl,blk,blka,pf,pfd,pts,plus_minus,nba_fantasy_pts,dd2,td3,wnba_fantasy_pts,gp_rank,w_rank,l_rank,w_pct_rank,min_rank,fgm_rank,fga_rank,fg_pct_rank,fg3m_rank,fg3a_rank,fg3_pct_rank,ftm_rank,fta_rank,ft_pct_rank,oreb_rank,dreb_rank,reb_rank,ast_rank,tov_rank,stl_rank,blk_rank,blka_rank,pf_rank,pfd_rank,pts_rank,plus_minus_rank,nba_fantasy_pts_rank,dd2_rank,td3_rank,wnba_fantasy_pts_rank
Players,1626166,Cameron Payne,Cameron,1610612752,NYK,30.0,1,0,1,0.0,1.39,0,0,0.0,0,0,0.0,0,0,0.0,0,0,0,0,0,0,0,0,0,0,0,-6,0.0,0,0,0.0,100,84,10,84,112,70,92,70,47,70,47,48,50,48,42,69,77,49,44,26,28,1,1,59,79,93,106,40,5,106
Players,1628973,Jalen Brunson,Jalen,1610612752,NYK,28.0,11,7,4,0.636,42.725,17,43,0.395,4,15,0.267,18,21,0.857,1,0,1,6,5,0,0,3,5,12,56,37,61.2,3,0,67.0,1,5,118,33,5,1,1,48,2,1,38,1,1,28,15,69,48,2,1,26,28,129,124,1,1,1,1,4,5,1
Players,1628404,Josh Hart,Josh,1610612752,NYK,30.0,10,6,4,0.6,45.89666666666667,3,9,0.333,0,3,0.0,5,5,1.0,2,9,11,5,1,1,0,1,2,3,11,21,33.7,3,0,29.0,5,10,118,40,3,20,15,50,47,20,47,10,12,1,6,2,2,4,14,10,28,102,100,11,17,7,11,4,5,10
Players,1626157,Karl-Anthony Towns,Karl-Anthony,1610612752,NYK,29.0,10,6,4,0.6,42.87833333333333,8,11,0.727,3,4,0.75,5,7,0.714,5,10,15,0,4,2,1,1,8,4,24,26,47.0,6,0,48.0,5,10,118,40,4,4,10,18,5,14,14,10,5,34,2,1,1,49,2,5,8,102,130,5,6,4,4,2,5,3
Players,1628969,Mikal Bridges,Mikal,1610612752,NYK,28.0,11,7,4,0.636,49.28,5,12,0.417,1,4,0.25,2,2,1.0,2,8,10,0,1,4,1,1,2,1,13,18,39.0,0,0,34.0,1,5,118,33,1,11,7,46,17,14,39,21,27,1,6,3,4,49,14,1,8,102,100,39,14,12,6,40,5,9
Players,1630540,Miles McBride,Miles,1610612752,NYK,24.0,9,6,3,0.667,9.148333333333332,0,1,0.0,0,1,0.0,2,4,0.5,0,2,2,0,0,0,0,0,0,2,2,-11,4.4,0,0,4.0,7,10,89,27,54,70,77,70,47,50,47,21,14,38,42,28,39,49,44,26,28,1,1,20,65,114,65,40,5,65
Players,1629011,Mitchell Robinson,Mitchell,1610612752,NYK,27.0,11,7,4,0.636,6.931666666666667,0,0,0.0,0,0,0.0,0,0,0.0,1,1,2,0,0,0,0,0,0,3,0,-9,2.4,1,0,2.0,1,5,118,33,61,70,92,70,47,70,47,48,50,48,15,40,39,49,44,26,28,1,1,11,79,109,84,20,5,80
Players,1628384,OG Anunoby,OG,1610612752,NYK,27.0,11,7,4,0.636,48.79166666666666,4,7,0.571,2,3,0.667,3,4,0.75,1,3,4,2,1,3,1,1,5,2,13,19,31.8,0,0,29.0,1,5,118,33,2,13,20,27,11,20,18,16,14,32,15,21,19,14,14,2,8,102,124,20,14,10,13,40,5,10
