group_set,player_id,player,nickname,team_id,team,age,gp,w,l,w_pct,min,pts_off_tov,pts_2nd_chance,pts_fb,pts_paint,opp_pts_off_tov,opp_pts_2nd_chance,opp_pts_fb,opp_pts_paint,blk,blka,pf,pfd,nba_fantasy_pts,gp_rank,w_rank,l_rank,w_pct_rank,min_rank,pts_off_tov_rank,pts_2nd_chance_rank,pts_fb_rank,pts_paint_rank,opp_pts_off_tov_rank,opp_pts_2nd_chance_rank,opp_pts_fb_rank,opp_pts_paint_rank,blk_rank,blka_rank,pf_rank,pfd_rank,nba_fantasy_pts_rank
Players,1629001,De'Anthony Melton,De'Anthony,1610612755,PHI,25.0,5,3,2,0.6,8.903333333333334,2,0,2,2,2,7,2,8,0,0,1,1,6.2,30,22,56,36,66,18,37,7,28,41,89,62,60,26,1,50,36,68
Players,1627777,Georges Niang,Georges,1610612755,PHI,30.0,2,1,1,0.5,1.778333333333333,0,0,0,0,0,0,0,0,0,0,0,0,0.0,75,66,14,47,114,38,37,23,57,1,1,1,1,26,1,1,67,108
Players,201935,James Harden,James,1610612755,PHI,33.0,4,2,2,0.5,18.7,0,2,0,4,6,7,3,14,1,1,3,3,27.3,38,37,56,47,30,38,15,23,17,88,89,81,89,6,108,113,15,12
Players,203954,Joel Embiid,Joel,1610612755,PHI,29.0,4,2,2,0.5,18.73333333333333,0,4,0,0,5,7,5,12,1,2,2,3,12.1,38,37,56,47,29,38,6,23,57,79,89,111,80,6,125,91,15,41
Players,200782,P.J. Tucker,P.J.,1610612755,PHI,38.0,5,3,2,0.6,20.616666666666667,0,3,0,2,8,7,5,16,0,0,3,3,11.2,30,22,56,36,26,38,8,23,28,103,89,111,93,26,1,113,15,46
Players,1630194,Paul Reed,Paul,1610612755,PHI,24.0,1,1,0,1.0,4.7716666666666665,2,0,0,0,3,2,0,6,0,0,1,2,9.4,97,66,1,1,92,18,37,23,57,53,52,1,47,26,1,50,22,51
Players,202699,Tobias Harris,Tobias,1610612755,PHI,30.0,4,3,1,0.75,23.366666666666667,0,0,0,2,8,6,5,18,0,0,1,0,11.0,38,22,14,14,22,38,37,23,28,103,86,111,107,26,1,50,67,48
Players,1630178,Tyrese Maxey,Tyrese,1610612755,PHI,22.0,5,3,2,0.6,22.13,4,3,5,10,8,9,5,16,0,2,1,2,26.7,30,22,56,36,23,8,8,1,5,103,118,111,93,26,125,50,22,13
