group_set,player_id,player,nickname,team_id,team,age,gp,w,l,w_pct,min,pts_off_tov,pts_2nd_chance,pts_fb,pts_paint,opp_pts_off_tov,opp_pts_2nd_chance,opp_pts_fb,opp_pts_paint,blk,blka,pf,pfd,nba_fantasy_pts,gp_rank,w_rank,l_rank,w_pct_rank,min_rank,pts_off_tov_rank,pts_2nd_chance_rank,pts_fb_rank,pts_paint_rank,opp_pts_off_tov_rank,opp_pts_2nd_chance_rank,opp_pts_fb_rank,opp_pts_paint_rank,blk_rank,blka_rank,pf_rank,pfd_rank,nba_fantasy_pts_rank
Players,203952,Andrew Wiggins,Andrew,1610612744,GSW,28.0,6,2,4,0.333,24.881666666666668,0,0,0,4,9,13,7,20,2,0,2,0,22.5,22,37,114,76,20,38,37,23,17,108,122,129,113,2,1,91,67,21
Players,1628978,Donte DiVincenzo,Donte,1610612744,GSW,26.0,1,0,1,0.0,0.0783333333333333,0,0,0,0,0,0,0,0,0,0,1,0,0.0,97,92,14,92,125,38,37,23,57,1,1,1,1,26,1,50,67,108
Players,203110,Draymond Green,Draymond,1610612744,GSW,33.0,5,2,3,0.4,19.56,0,0,0,0,5,6,5,10,2,0,2,0,24.5,30,37,98,71,28,38,37,23,57,79,86,111,67,2,1,91,67,17
Players,1627780,Gary Payton II,Gary,1610612744,GSW,30.0,3,0,3,0.0,4.801666666666667,0,0,0,0,2,8,0,6,0,0,0,0,0.0,61,92,98,92,90,38,37,23,57,41,111,1,47,26,1,1,67,108
Players,1629673,Jordan Poole,Jordan,1610612744,GSW,24.0,3,1,2,0.333,5.631666666666667,0,0,0,0,2,0,3,6,0,0,2,0,2.0,61,66,56,76,79,38,37,23,57,41,1,81,47,26,1,91,67,89
Players,1626172,Kevon Looney,Kevon,1610612744,GSW,27.0,6,2,4,0.333,15.743333333333334,0,0,0,0,9,10,6,16,0,0,5,1,10.8,22,37,114,76,35,38,37,23,57,108,119,118,93,26,1,124,36,49
Players,202691,Klay Thompson,Klay,1610612744,GSW,33.0,6,2,4,0.333,25.343333333333334,7,0,2,0,9,13,7,20,0,0,0,1,19.9,22,37,114,76,19,2,37,7,57,108,122,129,113,26,1,1,36,25
Players,1630541,Moses Moody,Moses,1610612744,GSW,21.0,2,0,2,0.0,5.466666666666667,0,0,0,0,0,2,0,2,0,0,1,0,0.0,75,92,56,92,80,38,37,23,57,1,52,1,18,26,1,50,67,108
Players,201939,Stephen Curry,Stephen,1610612744,GSW,35.0,6,2,4,0.333,25.376666666666665,5,0,0,10,9,13,7,20,0,1,4,1,28.9,22,37,114,76,18,4,37,23,5,108,122,129,113,26,108,119,36,11
