season,player_id,player,nickname,team_id,team,team_name,game_id,game_date,matchup,wl,min,pts_off_tov,pts_2nd_chance,pts_fb,pts_paint,opp_pts_off_tov,opp_pts_2nd_chance,opp_pts_fb,opp_pts_paint,blk,blka,pf,pfd,nba_fantasy_pts,gp_rank,w_rank,l_rank,w_pct_rank,min_rank,pts_off_tov_rank,pts_2nd_chance_rank,pts_fb_rank,pts_paint_rank,opp_pts_off_tov_rank,opp_pts_2nd_chance_rank,opp_pts_fb_rank,opp_pts_paint_rank,blk_rank,blka_rank,pf_rank,pfd_rank,nba_fantasy_pts_rank,available_flag,min_sec,season_start,season_end
2017-18,1628021,David Nwaba,David,1610612741,CHI,Chicago Bulls,21701224,2018-04-11T00:00:00,CHI vs. DET,L,48.1,4.8,3.2,3.2,12.9,17.7,6.5,14.5,32.3,0.0,1.6,4.8,3.2,37.4,1,13054,13054,13054,14040,6934,7935,7245,6458,15653,6982,17414,21129,8133,19624,16758,12377,14826,1.0,29:49,2017,2018
2017-18,201600,Omer Asik,Omer,1610612741,CHI,Chicago Bulls,21701224,2018-04-11T00:00:00,CHI vs. DET,L,44.6,0.0,0.0,0.0,0.0,26.8,0.0,19.5,43.9,2.4,2.4,4.9,0.0,13.7,1,13054,13054,13054,22997,12040,9889,9215,19152,22539,1,21341,13396,3926,22138,16837,18674,24102,1.0,18:16,2017,2018
2017-18,1628374,Lauri Markkanen,Lauri,1610612741,CHI,Chicago Bulls,21701224,2018-04-11T00:00:00,CHI vs. DET,L,52.5,19.5,4.9,7.3,14.6,12.2,17.1,7.3,34.1,0.0,0.0,2.4,14.6,90.5,1,13054,13054,13054,2882,172,5198,2404,5106,9218,19315,9325,20105,8133,1,8945,293,304,1.0,21:31,2017,2018
2017-18,203930,Sean Kilpatrick,Sean,1610612741,CHI,Chicago Bulls,21701224,2018-04-11T00:00:00,CHI vs. DET,L,51.0,0.0,0.0,7.0,7.0,14.0,12.3,17.5,52.6,0.0,1.8,3.5,1.8,34.0,1,13054,13054,13054,5487,12040,9889,2614,12900,11389,14268,20021,7271,8133,20213,12694,16955,16659,1.0,29:04,2017,2018
2017-18,1626245,Cristiano Felicio,Cristiano,1610612741,CHI,Chicago Bulls,21701224,2018-04-11T00:00:00,CHI vs. DET,L,52.2,0.0,0.0,0.0,10.5,21.1,12.3,21.1,42.1,0.0,0.0,1.8,8.8,36.3,1,13054,13054,13054,3354,12040,9889,9215,8733,18862,14268,22211,14775,8133,1,7040,2365,15416,1.0,29:44,2017,2018
2017-18,1626166,Cameron Payne,Cameron,1610612741,CHI,Chicago Bulls,21701224,2018-04-11T00:00:00,CHI vs. DET,L,50.8,0.0,0.0,0.0,0.0,18.5,10.8,21.5,46.2,0.0,0.0,4.6,1.5,37.1,1,13054,13054,13054,5808,12040,9889,9215,19152,16446,12404,22454,11649,8133,1,16137,17716,14999,1.0,33:03,2017,2018
2017-18,1626170,Jerian Grant,Jerian,1610612741,CHI,Chicago Bulls,21701224,2018-04-11T00:00:00,CHI vs. DET,L,48.0,0.0,0.0,3.0,6.0,34.3,4.5,25.4,41.8,0.0,0.0,4.5,3.0,21.2,1,13054,13054,13054,14256,12040,9889,7729,14331,24698,5041,23902,15073,8133,1,15764,13164,22310,1.0,32:11,2017,2018
2017-18,1627853,Ryan Arcidiacono,Ryan,1610612741,CHI,Chicago Bulls,21701224,2018-04-11T00:00:00,CHI vs. DET,L,47.8,0.0,0.0,0.0,0.0,30.0,0.0,20.0,40.0,0.0,0.0,0.0,4.0,21.2,1,13054,13054,13054,15084,12040,9889,9215,19152,23699,1,21501,16092,8133,1,1,10187,22307,1.0,23:54,2017,2018
2017-18,1626171,Bobby Portis,Bobby,1610612741,CHI,Chicago Bulls,21701224,2018-04-11T00:00:00,CHI vs. DET,L,45.9,8.2,4.1,0.0,16.3,36.7,0.0,34.7,53.1,0.0,2.0,0.0,4.1,42.0,1,13054,13054,13054,20630,2864,6369,9215,4033,25018,1,25442,7071,8133,21190,1,10009,12128,1.0,22:28,2017,2018
2017-18,1626170,Jerian Grant,Jerian,1610612741,CHI,Chicago Bulls,21701205,2018-04-09T00:00:00,CHI @ BKN,L,51.8,0.0,0.0,0.0,4.3,34.8,15.2,8.7,47.8,2.2,2.2,4.3,4.3,33.5,1,13054,13054,13054,3813,12040,9889,9215,16532,24764,17479,10978,10604,4458,21508,15253,9225,16964,1.0,23:51,2017,2018
2017-18,201600,Omer Asik,Omer,1610612741,CHI,Chicago Bulls,21701205,2018-04-09T00:00:00,CHI @ BKN,L,52.2,0.0,0.0,0.0,0.0,44.4,25.9,14.8,44.4,3.7,0.0,0.0,3.7,16.3,1,13054,13054,13054,3243,12040,9889,9215,19152,25620,24197,17643,12818,1987,1,1,11049,23592,1.0,14:06,2017,2018
2017-18,203200,Justin Holiday,Justin,1610612741,CHI,Chicago Bulls,21701205,2018-04-09T00:00:00,CHI @ BKN,L,43.8,12.0,0.0,10.0,8.0,4.0,0.0,4.0,32.0,0.0,0.0,4.0,2.0,47.6,1,13054,13054,13054,23924,969,9889,1032,11634,2851,1,5648,21249,8133,1,14174,16074,9142,1.0,21:54,2017,2018
2017-18,1626245,Cristiano Felicio,Cristiano,1610612741,CHI,Chicago Bulls,21701205,2018-04-09T00:00:00,CHI @ BKN,L,46.0,3.3,0.0,10.0,16.7,6.7,0.0,3.3,40.0,0.0,1.7,5.0,0.0,31.7,1,13054,13054,13054,20255,9652,9889,1032,3745,4204,1,5087,16092,8133,19856,17097,18674,17875,1.0,27:36,2017,2018
2017-18,203930,Sean Kilpatrick,Sean,1610612741,CHI,Chicago Bulls,21701205,2018-04-09T00:00:00,CHI @ BKN,L,52.2,4.0,0.0,8.0,16.0,38.0,18.0,8.0,52.0,2.0,4.0,0.0,12.0,58.2,1,13054,13054,13054,3293,8325,9889,1968,4200,25147,20119,10135,7738,4837,24678,1,699,4663,1.0,26:06,2017,2018
2017-18,1626171,Bobby Portis,Bobby,1610612741,CHI,Chicago Bulls,21701205,2018-04-09T00:00:00,CHI @ BKN,L,50.0,0.0,0.0,0.0,18.2,38.6,20.5,9.1,40.9,4.5,0.0,2.3,4.5,64.5,1,13054,13054,13054,7920,12040,9889,9215,2966,25211,21877,11383,15728,1295,1,8495,8772,2874,1.0,22:01,2017,2018
2017-18,1627853,Ryan Arcidiacono,Ryan,1610612741,CHI,Chicago Bulls,21701205,2018-04-09T00:00:00,CHI @ BKN,L,52.1,10.9,0.0,0.0,4.3,30.4,19.6,4.3,52.2,0.0,0.0,4.3,0.0,37.8,1,13054,13054,13054,3439,1329,9889,9215,16532,23823,21319,5968,7589,8133,1,15253,18674,14565,1.0,23:58,2017,2018
2017-18,1628021,David Nwaba,David,1610612741,CHI,Chicago Bulls,21701205,2018-04-09T00:00:00,CHI @ BKN,L,45.5,3.0,3.0,9.0,11.9,10.4,3.0,3.0,41.8,0.0,6.0,6.0,0.0,30.6,1,13054,13054,13054,21399,10424,8379,1467,7364,7385,3949,4787,15073,8133,25627,19494,18674,18398,1.0,30:29,2017,2018
2017-18,1626166,Cameron Payne,Cameron,1610612741,CHI,Chicago Bulls,21701205,2018-04-09T00:00:00,CHI @ BKN,L,44.5,3.7,0.0,5.6,3.7,13.0,0.0,7.4,33.3,0.0,0.0,5.6,1.9,56.7,1,13054,13054,13054,23057,8897,9889,3867,17338,10104,1,9414,20357,8133,1,18481,16575,5167,1.0,24:02,2017,2018
2017-18,1628374,Lauri Markkanen,Lauri,1610612741,CHI,Chicago Bulls,21701205,2018-04-09T00:00:00,CHI @ BKN,L,45.5,5.3,8.8,0.0,3.5,12.3,3.5,3.5,38.6,1.8,3.5,0.0,3.5,49.5,1,13054,13054,13054,21346,6198,1737,9215,17650,9325,4261,5223,17424,5615,24187,1,11629,8198,1.0,25:57,2017,2018
2017-18,1627853,Ryan Arcidiacono,Ryan,1610612741,CHI,Chicago Bulls,21701193,2018-04-07T00:00:00,CHI vs. BKN,L,46.3,0.0,0.0,0.0,0.0,14.6,4.2,22.9,37.5,0.0,0.0,6.3,0.0,8.3,1,13054,13054,13054,19648,12040,9889,9215,19152,12038,4762,23029,18061,8133,1,19965,18674,24825,1.0,22:12,2017,2018
2017-18,1626166,Cameron Payne,Cameron,1610612741,CHI,Chicago Bulls,21701193,2018-04-07T00:00:00,CHI vs. BKN,L,45.3,0.0,0.0,5.3,7.0,14.0,5.3,8.8,31.6,0.0,3.5,1.8,1.8,40.5,1,13054,13054,13054,21868,12040,9889,4270,12900,11389,5702,11138,21421,8133,24187,7040,16955,12981,1.0,25:48,2017,2018
2017-18,1626245,Cristiano Felicio,Cristiano,1610612741,CHI,Chicago Bulls,21701193,2018-04-07T00:00:00,CHI vs. BKN,L,45.5,7.8,0.0,0.0,13.0,16.9,6.5,18.2,33.8,0.0,1.3,3.9,2.6,34.7,1,13054,13054,13054,21398,3195,9889,9215,6428,14694,7089,20427,20339,8133,17942,13941,14427,16335,1.0,35:02,2017,2018
2017-18,1626170,Jerian Grant,Jerian,1610612741,CHI,Chicago Bulls,21701193,2018-04-07T00:00:00,CHI vs. BKN,L,45.8,0.0,0.0,0.0,3.2,14.5,3.2,17.7,38.7,0.0,0.0,1.6,6.5,27.7,1,13054,13054,13054,20799,12040,9889,9215,18111,11943,4090,20151,17326,8133,1,6520,5022,19831,1.0,28:23,2017,2018
2017-18,1626171,Bobby Portis,Bobby,1610612741,CHI,Chicago Bulls,21701193,2018-04-07T00:00:00,CHI vs. BKN,L,46.6,9.1,4.5,0.0,15.2,16.7,4.5,12.1,30.3,1.5,4.5,3.0,4.5,47.1,1,13054,13054,13054,18708,2159,5648,9215,4754,14231,5057,14882,22019,6584,25075,11103,8772,9392,1.0,30:46,2017,2018
2017-18,1628021,David Nwaba,David,1610612741,CHI,Chicago Bulls,21701193,2018-04-07T00:00:00,CHI vs. BKN,L,45.4,0.0,0.0,3.0,6.0,10.4,7.5,14.9,38.8,0.0,4.5,3.0,1.5,25.5,1,13054,13054,13054,21681,12040,9889,7729,14331,7385,8186,17781,17277,8133,25061,10995,17878,20780,1.0,30:23,2017,2018
2017-18,201600,Omer Asik,Omer,1610612741,CHI,Chicago Bulls,21701193,2018-04-07T00:00:00,CHI vs. BKN,L,48.0,0.0,0.0,0.0,7.4,7.4,0.0,7.4,37.0,0.0,0.0,3.7,3.7,33.7,1,13054,13054,13054,14292,12040,9889,9215,12395,4736,1,9414,18418,8133,1,13210,11049,16833,1.0,12:58,2017,2018
2017-18,203930,Sean Kilpatrick,Sean,1610612741,CHI,Chicago Bulls,21701193,2018-04-07T00:00:00,CHI vs. BKN,L,47.9,6.5,0.0,6.5,4.3,15.2,4.3,15.2,34.8,0.0,2.2,0.0,4.3,59.3,1,13054,13054,13054,14605,4490,9889,2996,16532,12712,4894,18012,19708,8133,21508,1,9225,4318,1.0,22:03,2017,2018
2017-18,203200,Justin Holiday,Justin,1610612741,CHI,Chicago Bulls,21701193,2018-04-07T00:00:00,CHI vs. BKN,L,45.0,5.6,4.2,1.4,2.8,15.3,4.2,16.7,30.6,0.0,0.0,1.4,5.6,35.0,1,13054,13054,13054,22290,5733,6209,9168,18764,12790,4762,19132,21954,8133,1,5719,6552,16127,1.0,32:25,2017,2018
2017-18,203200,Justin Holiday,Justin,1610612741,CHI,Chicago Bulls,21701185,2018-04-06T00:00:00,CHI @ BOS,L,45.7,0.0,0.0,0.0,3.0,25.8,7.6,6.1,42.4,0.0,0.0,3.0,0.0,30.9,1,13054,13054,13054,20979,12040,9889,9215,18405,22047,8306,7784,14553,8133,1,11103,18674,18239,1.0,30:10,2017,2018
2017-18,1626170,Jerian Grant,Jerian,1610612741,CHI,Chicago Bulls,21701185,2018-04-06T00:00:00,CHI @ BOS,L,48.1,3.4,0.0,3.4,16.9,25.4,0.0,3.4,47.5,0.0,1.7,5.1,3.4,73.2,1,13054,13054,13054,14194,9536,9889,6952,3673,21903,1,5126,10863,8133,19971,17417,11973,1399,1.0,28:21,2017,2018
2017-18,203930,Sean Kilpatrick,Sean,1610612741,CHI,Chicago Bulls,21701185,2018-04-06T00:00:00,CHI @ BOS,L,47.2,7.5,1.9,0.0,7.5,24.5,0.0,3.8,49.1,0.0,1.9,1.9,3.8,55.8,1,13054,13054,13054,16931,3392,9698,9215,12274,21424,1,5446,9769,8133,20743,7470,10912,5460,1.0,25:01,2017,2018
2017-18,201600,Omer Asik,Omer,1610612741,CHI,Chicago Bulls,21701185,2018-04-06T00:00:00,CHI @ BOS,L,51.6,0.0,0.0,0.0,6.5,32.3,0.0,0.0,58.1,0.0,0.0,9.7,3.2,11.0,1,13054,13054,13054,4309,12040,9889,9215,13587,24251,1,1,4530,8133,1,23992,12377,24525,1.0,15:59,2017,2018
2017-18,1626245,Cristiano Felicio,Cristiano,1610612741,CHI,Chicago Bulls,21701185,2018-04-06T00:00:00,CHI @ BOS,L,43.8,0.0,4.5,0.0,3.0,22.7,7.6,6.1,36.4,0.0,1.5,3.0,6.1,45.2,1,13054,13054,13054,23884,12040,5648,9215,18405,20240,8306,7784,18750,8133,19135,11103,5686,10396,1.0,28:56,2017,2018
2017-18,1626166,Cameron Payne,Cameron,1610612741,CHI,Chicago Bulls,21701185,2018-04-06T00:00:00,CHI @ BOS,L,47.6,0.0,4.3,0.0,4.3,25.5,10.6,4.3,42.6,0.0,2.1,2.1,0.0,44.3,1,13054,13054,13054,15659,12040,6078,9215,16652,21953,12263,5901,14476,8133,21397,8117,18674,10875,1.0,22:23,2017,2018
2017-18,1627853,Ryan Arcidiacono,Ryan,1610612741,CHI,Chicago Bulls,21701185,2018-04-06T00:00:00,CHI @ BOS,L,46.6,0.0,0.0,0.0,3.6,23.6,0.0,3.6,47.3,0.0,0.0,5.5,3.6,29.5,1,13054,13054,13054,18792,12040,9889,9215,17449,20887,1,5323,10994,8133,1,18319,11283,19009,1.0,25:37,2017,2018
2017-18,1628374,Lauri Markkanen,Lauri,1610612741,CHI,Chicago Bulls,21701185,2018-04-06T00:00:00,CHI @ BOS,L,45.1,19.2,1.9,7.7,15.4,19.2,9.6,3.8,42.3,0.0,0.0,3.8,3.8,50.0,1,13054,13054,13054,22241,177,9693,2136,4528,17178,10919,5499,14664,8133,1,13677,10635,7864,1.0,23:26,2017,2018
2017-18,1626171,Bobby Portis,Bobby,1610612741,CHI,Chicago Bulls,21701185,2018-04-06T00:00:00,CHI @ BOS,L,51.5,7.4,0.0,0.0,7.4,14.8,0.0,0.0,51.9,0.0,0.0,7.4,3.7,49.6,1,13054,13054,13054,4358,3489,9889,9215,12395,12253,1,1,7805,8133,1,21890,11049,8118,1.0,13:55,2017,2018
2017-18,1628021,David Nwaba,David,1610612741,CHI,Chicago Bulls,21701185,2018-04-06T00:00:00,CHI @ BOS,L,46.8,0.0,0.0,0.0,17.9,28.6,8.9,3.6,42.9,0.0,3.6,5.4,1.8,32.7,1,13054,13054,13054,18190,12040,9889,9215,3206,23204,10006,5271,14144,8133,24233,18090,16852,17374,1.0,26:12,2017,2018
2017-18,1627853,Ryan Arcidiacono,Ryan,1610612741,CHI,Chicago Bulls,21701160,2018-04-03T00:00:00,CHI vs. CHA,W,46.0,0.0,0.0,0.0,0.0,11.5,26.9,9.6,42.3,0.0,0.0,0.0,3.8,27.5,1,1,1,1,20281,12040,9889,9215,19152,8463,24450,12090,14664,8133,1,1,10635,19935,1.0,23:55,2017,2018
2017-18,203943,Noah Vonleh,Noah,1610612741,CHI,Chicago Bulls,21701160,2018-04-03T00:00:00,CHI vs. CHA,W,46.0,0.0,0.0,0.0,0.0,18.8,50.0,0.0,37.5,0.0,0.0,0.0,6.3,22.5,1,1,1,1,20166,12040,9889,9215,19152,16691,25889,1,18061,8133,1,1,5295,21899,1.0,7:22,2017,2018
2017-18,1626166,Cameron Payne,Cameron,1610612741,CHI,Chicago Bulls,21701160,2018-04-03T00:00:00,CHI vs. CHA,W,48.2,0.0,8.0,0.0,16.0,0.0,16.0,10.0,56.0,0.0,2.0,0.0,0.0,46.6,1,1,1,1,13797,12040,2095,9215,4200,1,18219,12407,5486,8133,21064,1,18674,9637,1.0,24:05,2017,2018
2017-18,1628374,Lauri Markkanen,Lauri,1610612741,CHI,Chicago Bulls,21701160,2018-04-03T00:00:00,CHI vs. CHA,W,47.7,9.8,0.0,0.0,7.8,0.0,15.7,13.7,58.8,2.0,2.0,3.9,5.9,72.4,1,1,1,1,15268,1814,9889,9215,11895,1,17947,16590,4187,4955,20956,13999,5961,1519,1.0,24:21,2017,2018
2017-18,1626171,Bobby Portis,Bobby,1610612741,CHI,Chicago Bulls,21701160,2018-04-03T00:00:00,CHI vs. CHA,W,47.5,14.6,4.2,4.2,16.7,12.5,31.3,14.6,54.2,2.1,0.0,4.2,0.0,55.6,1,1,1,1,16004,485,6209,5642,3745,9414,25189,17466,6451,4644,1,14704,18674,5566,1.0,22:48,2017,2018
2017-18,1628021,David Nwaba,David,1610612741,CHI,Chicago Bulls,21701160,2018-04-03T00:00:00,CHI vs. CHA,W,49.3,3.1,0.0,3.1,15.6,0.0,21.9,7.8,56.3,0.0,0.0,4.7,0.0,47.3,1,1,1,1,10061,10103,9889,7444,4469,1,22637,9973,5383,8133,1,16359,18674,9288,1.0,31:34,2017,2018
2017-18,203200,Justin Holiday,Justin,1610612741,CHI,Chicago Bulls,21701160,2018-04-03T00:00:00,CHI vs. CHA,W,45.5,8.2,4.9,8.2,6.6,4.9,13.1,16.4,42.6,0.0,0.0,6.6,1.6,53.6,1,1,1,1,21344,2839,5163,1863,13483,3255,15248,19042,14429,8133,1,20669,17369,6351,1.0,27:46,2017,2018
2017-18,1626245,Cristiano Felicio,Cristiano,1610612741,CHI,Chicago Bulls,21701160,2018-04-03T00:00:00,CHI vs. CHA,W,46.7,0.0,0.0,0.0,11.1,0.0,13.0,5.6,44.4,0.0,1.9,7.4,1.9,41.9,1,1,1,1,18505,12040,9889,9215,8104,1,15091,7189,12818,8133,20592,21890,16575,12224,1.0,25:12,2017,2018
2017-18,1626170,Jerian Grant,Jerian,1610612741,CHI,Chicago Bulls,21701160,2018-04-03T00:00:00,CHI vs. CHA,W,46.4,3.8,5.8,0.0,3.8,11.5,26.9,5.8,38.5,0.0,0.0,3.8,5.8,42.1,1,1,1,1,19314,8638,4045,9215,17159,8463,24450,7531,17476,8133,1,13677,6255,12082,1.0,24:07,2017,2018
2017-18,203930,Sean Kilpatrick,Sean,1610612741,CHI,Chicago Bulls,21701160,2018-04-03T00:00:00,CHI vs. CHA,W,45.8,11.1,0.0,6.3,9.5,9.5,22.2,7.9,50.8,3.2,1.6,4.8,7.9,50.0,1,1,1,1,20825,1220,9889,3166,9799,6448,22752,10095,8480,2611,19493,16444,3102,7864,1.0,28:50,2017,2018
2017-18,1627853,Ryan Arcidiacono,Ryan,1610612741,CHI,Chicago Bulls,21701144,2018-04-01T00:00:00,CHI vs. WAS,W,53.0,0.0,0.0,0.0,0.0,0.0,7.1,0.0,35.7,0.0,0.0,0.0,3.6,17.9,1,1,1,1,2250,12040,9889,9215,19152,1,7711,1,19220,8133,1,1,11401,23224,1.0,14:50,2017,2018
2017-18,201577,Robin Lopez,Robin,1610612741,CHI,Chicago Bulls,21701144,2018-04-01T00:00:00,CHI vs. WAS,W,48.7,5.9,0.0,0.0,17.6,17.6,5.9,11.8,29.4,0.0,0.0,0.0,0.0,39.1,1,1,1,1,11939,5276,9889,9215,3289,15498,6336,14446,22383,8133,1,1,18674,13827,1.0,16:34,2017,2018
2017-18,1628374,Lauri Markkanen,Lauri,1610612741,CHI,Chicago Bulls,21701144,2018-04-01T00:00:00,CHI vs. WAS,W,47.0,3.8,1.9,3.8,7.5,28.3,11.3,15.1,30.2,0.0,0.0,0.0,5.7,55.1,1,1,1,1,17512,8777,9698,6297,12274,23170,13158,17915,22083,8133,1,1,6438,5774,1.0,24:55,2017,2018
2017-18,1626171,Bobby Portis,Bobby,1610612741,CHI,Chicago Bulls,21701144,2018-04-01T00:00:00,CHI vs. WAS,W,45.8,29.4,0.0,11.8,11.8,5.9,5.9,11.8,52.9,0.0,2.9,8.8,2.9,81.8,1,1,1,1,20664,46,9889,619,7424,3736,6336,14446,7122,8133,23300,23420,13244,658,1.0,15:35,2017,2018
2017-18,203200,Justin Holiday,Justin,1610612741,CHI,Chicago Bulls,21701144,2018-04-01T00:00:00,CHI vs. WAS,W,47.5,5.6,0.0,0.0,16.7,16.7,11.1,11.1,33.3,0.0,5.6,2.8,0.0,45.8,1,1,1,1,15999,5733,9889,9215,3745,14231,12734,13691,20357,8133,25510,10147,18674,10037,1.0,17:06,2017,2018
2017-18,1626166,Cameron Payne,Cameron,1610612741,CHI,Chicago Bulls,21701144,2018-04-01T00:00:00,CHI vs. WAS,W,47.0,0.0,0.0,0.0,0.0,28.3,11.3,15.1,30.2,1.9,0.0,3.8,0.0,21.5,1,1,1,1,17512,12040,9889,9215,19152,23170,13158,17915,22083,5173,1,13515,18674,22210,1.0,24:55,2017,2018
2017-18,1628021,David Nwaba,David,1610612741,CHI,Chicago Bulls,21701144,2018-04-01T00:00:00,CHI vs. WAS,W,47.3,0.0,4.8,0.0,19.0,19.0,14.3,14.3,38.1,0.0,2.4,2.4,4.8,70.7,1,1,1,1,16763,12040,5339,9215,2614,17001,16398,17034,17705,8133,22008,8773,8292,1715,1.0,19:51,2017,2018
2017-18,203943,Noah Vonleh,Noah,1610612741,CHI,Chicago Bulls,21701144,2018-04-01T00:00:00,CHI vs. WAS,W,50.1,0.0,0.0,0.0,5.7,20.0,5.7,17.1,57.1,0.0,0.0,2.9,0.0,25.4,1,1,1,1,7776,12040,9889,9215,14647,17743,6170,19695,4836,8133,1,10444,18674,20811,1.0,17:32,2017,2018
2017-18,1626245,Cristiano Felicio,Cristiano,1610612741,CHI,Chicago Bulls,21701144,2018-04-01T00:00:00,CHI vs. WAS,W,51.0,0.0,0.0,4.8,9.5,9.5,9.5,4.8,28.6,0.0,0.0,2.4,0.0,30.0,1,1,1,1,5585,12040,9889,4845,9799,6448,10721,6321,22575,8133,1,8773,18674,18636,1.0,21:24,2017,2018
2017-18,203930,Sean Kilpatrick,Sean,1610612741,CHI,Chicago Bulls,21701144,2018-04-01T00:00:00,CHI vs. WAS,W,50.7,0.0,0.0,8.7,17.4,19.6,4.3,13.0,47.8,0.0,0.0,2.2,2.2,50.4,1,1,1,1,6115,12040,9889,1579,3405,17520,4894,15853,10604,8133,1,8245,15567,7712,1.0,23:20,2017,2018
2017-18,1627756,Denzel Valentine,Denzel,1610612741,CHI,Chicago Bulls,21701144,2018-04-01T00:00:00,CHI vs. WAS,W,47.1,0.0,0.0,0.0,5.1,23.1,5.1,20.5,41.0,0.0,0.0,7.7,0.0,19.7,1,1,1,1,17122,12040,9889,9215,15534,20482,5572,21959,15641,8133,1,22219,18674,22770,1.0,18:23,2017,2018
2017-18,1626170,Jerian Grant,Jerian,1610612741,CHI,Chicago Bulls,21701144,2018-04-01T00:00:00,CHI vs. WAS,W,50.2,5.9,0.0,5.9,3.9,7.8,3.9,7.8,43.1,0.0,0.0,7.8,7.8,54.3,1,1,1,1,7581,5276,9889,3544,17059,5073,4572,10001,14015,8133,1,22528,3190,6066,1.0,25:35,2017,2018
2017-18,1626170,Jerian Grant,Jerian,1610612741,CHI,Chicago Bulls,21701129,2018-03-30T00:00:00,CHI @ ORL,W,51.4,0.0,0.0,0.0,0.0,19.6,15.7,7.8,47.1,2.0,0.0,0.0,3.9,40.2,1,1,1,1,4698,12040,9889,9215,19152,17561,17947,10001,11061,4955,1,1,10484,13184,1.0,26:12,2017,2018
2017-18,1628374,Lauri Markkanen,Lauri,1610612741,CHI,Chicago Bulls,21701129,2018-03-30T00:00:00,CHI @ ORL,W,45.1,1.9,0.0,7.4,7.4,16.7,11.1,7.4,29.6,1.9,1.9,1.9,5.6,57.6,1,1,1,1,22132,11807,9889,2318,12395,14231,12734,9414,22290,5278,20592,7353,6552,4848,1.0,24:22,2017,2018
2017-18,203943,Noah Vonleh,Noah,1610612741,CHI,Chicago Bulls,21701129,2018-03-30T00:00:00,CHI @ ORL,W,53.2,0.0,0.0,0.0,8.9,17.8,13.3,8.9,48.9,2.2,0.0,2.2,4.4,63.8,1,1,1,1,2029,12040,9889,9215,10576,15681,15425,11242,9882,4352,1,8375,9062,3046,1.0,23:56,2017,2018
2017-18,203200,Justin Holiday,Justin,1610612741,CHI,Chicago Bulls,21701129,2018-03-30T00:00:00,CHI @ ORL,W,46.2,9.1,0.0,9.1,0.0,18.2,12.1,6.1,30.3,3.0,0.0,9.1,6.1,55.2,1,1,1,1,19765,2159,9889,1373,19152,16034,14066,7784,22019,2805,1,23549,5686,5741,1.0,15:15,2017,2018
2017-18,1628021,David Nwaba,David,1610612741,CHI,Chicago Bulls,21701129,2018-03-30T00:00:00,CHI @ ORL,W,45.9,6.7,0.0,0.0,4.4,15.6,8.9,4.4,35.6,0.0,0.0,6.7,2.2,14.9,1,1,1,1,20540,4249,9889,9215,16421,13170,9941,6055,19341,8133,1,20740,15424,23908,1.0,20:39,2017,2018
2017-18,1627853,Ryan Arcidiacono,Ryan,1610612741,CHI,Chicago Bulls,21701129,2018-03-30T00:00:00,CHI @ ORL,W,52.4,0.0,0.0,6.9,6.9,10.3,6.9,6.9,41.4,0.0,0.0,0.0,0.0,50.0,1,1,1,1,2962,12040,9889,2689,13002,7276,7454,8802,15340,8133,1,1,18674,7864,1.0,15:12,2017,2018
2017-18,1626171,Bobby Portis,Bobby,1610612741,CHI,Chicago Bulls,21701129,2018-03-30T00:00:00,CHI @ ORL,W,47.4,4.7,4.7,0.0,9.3,16.3,14.0,9.3,46.5,4.7,7.0,4.7,4.7,51.2,1,1,1,1,16309,7200,5511,9215,10094,13972,16174,11690,11499,1252,25790,16224,8614,7413,1.0,20:23,2017,2018
2017-18,1627756,Denzel Valentine,Denzel,1610612741,CHI,Chicago Bulls,21701129,2018-03-30T00:00:00,CHI @ ORL,W,48.3,7.7,0.0,7.7,0.0,30.8,20.5,10.3,51.3,0.0,0.0,5.1,0.0,20.5,1,1,1,1,13358,3210,9889,2136,19152,23888,21900,12794,8190,8133,1,17508,18674,22510,1.0,18:50,2017,2018
2017-18,203930,Sean Kilpatrick,Sean,1610612741,CHI,Chicago Bulls,21701129,2018-03-30T00:00:00,CHI @ ORL,W,51.1,7.8,3.9,3.9,0.0,19.6,11.8,11.8,43.1,0.0,0.0,0.0,9.8,34.9,1,1,1,1,5253,3136,6650,6049,19152,17561,13608,14446,14015,8133,1,1,1626,16211,1.0,26:04,2017,2018
2017-18,1626245,Cristiano Felicio,Cristiano,1610612741,CHI,Chicago Bulls,21701129,2018-03-30T00:00:00,CHI @ ORL,W,49.7,0.0,3.6,0.0,14.5,25.5,10.9,7.3,40.0,0.0,1.8,5.5,1.8,46.7,1,1,1,1,9048,12040,7181,9215,5180,21917,12595,9283,16092,8133,20460,18319,16728,9576,1.0,27:19,2017,2018
2017-18,1626166,Cameron Payne,Cameron,1610612741,CHI,Chicago Bulls,21701129,2018-03-30T00:00:00,CHI @ ORL,W,45.4,0.0,0.0,0.0,0.0,18.8,8.3,8.3,33.3,2.1,0.0,4.2,0.0,46.7,1,1,1,1,21555,12040,9889,9215,19152,16691,9099,10477,20357,4644,1,14704,18674,9587,1.0,21:48,2017,2018
2017-18,1628021,David Nwaba,David,1610612741,CHI,Chicago Bulls,21701125,2018-03-29T00:00:00,CHI @ MIA,L,47.6,2.7,0.0,6.8,8.1,10.8,6.8,8.1,48.6,1.4,4.1,2.7,5.4,41.1,1,13054,13054,13054,15620,11092,9889,2820,11572,7737,7347,10287,10006,7393,24748,9870,6952,12649,1.0,35:15,2017,2018
2017-18,1626170,Jerian Grant,Jerian,1610612741,CHI,Chicago Bulls,21701125,2018-03-29T00:00:00,CHI @ MIA,L,51.8,0.0,0.0,8.7,8.7,26.1,17.4,0.0,60.9,0.0,0.0,13.0,8.7,16.1,1,13054,13054,13054,3879,12040,9889,1579,10730,22188,19583,1,3450,8133,1,25220,2403,23638,1.0,11:55,2017,2018
2017-18,1627756,Denzel Valentine,Denzel,1610612741,CHI,Chicago Bulls,21701125,2018-03-29T00:00:00,CHI @ MIA,L,50.2,0.0,0.0,0.0,8.3,20.8,14.6,0.0,45.8,0.0,2.1,6.3,2.1,41.3,1,13054,13054,13054,7551,12040,9889,9215,11191,18701,16878,1,11997,8133,21298,19965,15830,12537,1.0,24:05,2017,2018
2017-18,1627853,Ryan Arcidiacono,Ryan,1610612741,CHI,Chicago Bulls,21701125,2018-03-29T00:00:00,CHI @ MIA,L,43.4,0.0,0.0,13.3,13.3,13.3,0.0,0.0,26.7,0.0,0.0,0.0,6.7,41.3,1,13054,13054,13054,24234,12040,9889,408,6013,10468,1,1,23342,8133,1,1,4642,12489,1.0,6:31,2017,2018
2017-18,203930,Sean Kilpatrick,Sean,1610612741,CHI,Chicago Bulls,21701125,2018-03-29T00:00:00,CHI @ MIA,L,46.5,9.4,9.4,0.0,6.3,18.8,6.3,0.0,56.3,0.0,0.0,3.1,6.3,38.1,1,13054,13054,13054,19109,2038,1496,9215,13884,16691,6731,1,5383,8133,1,11424,5295,14396,1.0,14:52,2017,2018
2017-18,203200,Justin Holiday,Justin,1610612741,CHI,Chicago Bulls,21701125,2018-03-29T00:00:00,CHI @ MIA,L,44.5,12.2,0.0,0.0,0.0,8.2,0.0,12.2,40.8,0.0,0.0,4.1,4.1,36.1,1,13054,13054,13054,23081,910,9889,9215,19152,5320,1,15033,15786,8133,1,14528,10009,15532,1.0,21:48,2017,2018
2017-18,201577,Robin Lopez,Robin,1610612741,CHI,Chicago Bulls,21701125,2018-03-29T00:00:00,CHI @ MIA,L,48.2,0.0,6.3,0.0,15.6,12.5,7.8,6.3,50.0,4.7,0.0,6.3,1.6,43.3,1,13054,13054,13054,13568,12040,3469,9215,4469,9414,8584,7999,8649,1238,1,19965,17647,11396,1.0,30:52,2017,2018
2017-18,203943,Noah Vonleh,Noah,1610612741,CHI,Chicago Bulls,21701125,2018-03-29T00:00:00,CHI @ MIA,L,46.0,2.8,7.0,0.0,11.3,14.1,7.0,8.5,39.4,0.0,1.4,1.4,5.6,50.8,1,13054,13054,13054,20239,10840,2798,9215,8046,11461,7683,10706,16828,8133,18496,5779,6495,7540,1.0,32:40,2017,2018
2017-18,1626166,Cameron Payne,Cameron,1610612741,CHI,Chicago Bulls,21701125,2018-03-29T00:00:00,CHI @ MIA,L,47.7,0.0,4.8,0.0,9.7,9.7,4.8,9.7,48.4,0.0,1.6,3.2,6.5,29.8,1,13054,13054,13054,15451,12040,5294,9215,9714,6611,5327,12138,10235,8133,19624,11750,5022,18815,1.0,29:34,2017,2018
2017-18,1626171,Bobby Portis,Bobby,1610612741,CHI,Chicago Bulls,21701125,2018-03-29T00:00:00,CHI @ MIA,L,47.1,0.0,7.2,0.0,14.5,14.5,5.8,2.9,52.2,1.4,1.4,1.4,2.9,51.0,1,13054,13054,13054,17383,12040,2642,9215,5232,11910,6298,4724,7589,6888,18753,5930,13462,7471,1.0,32:28,2017,2018
2017-18,1626170,Jerian Grant,Jerian,1610612741,CHI,Chicago Bulls,21701111,2018-03-27T00:00:00,CHI @ HOU,L,48.4,0.0,8.1,0.0,0.0,5.4,10.8,8.1,21.6,0.0,2.7,5.4,5.4,37.6,1,13054,13054,13054,12923,12040,2060,9215,19152,3490,12449,10287,24517,8133,22749,18178,6952,14702,1.0,17:55,2017,2018
2017-18,1626245,Cristiano Felicio,Cristiano,1610612741,CHI,Chicago Bulls,21701111,2018-03-27T00:00:00,CHI @ HOU,L,50.8,0.0,0.0,0.0,0.0,36.4,27.3,22.7,18.2,0.0,0.0,4.5,0.0,7.3,1,13054,13054,13054,6030,12040,9889,9215,19152,24955,24507,22967,24920,8133,1,15874,18674,24911,1.0,11:10,2017,2018
2017-18,203943,Noah Vonleh,Noah,1610612741,CHI,Chicago Bulls,21701111,2018-03-27T00:00:00,CHI @ HOU,L,48.2,3.7,11.1,3.7,18.5,3.7,11.1,5.6,29.6,0.0,1.9,7.4,1.9,57.2,1,13054,13054,13054,13644,8897,948,6401,2876,2734,12734,7189,22290,8133,20592,21890,16575,4982,1.0,26:02,2017,2018
2017-18,1627756,Denzel Valentine,Denzel,1610612741,CHI,Chicago Bulls,21701111,2018-03-27T00:00:00,CHI @ HOU,L,46.3,0.0,0.0,0.0,9.5,3.2,6.3,4.8,22.2,0.0,0.0,4.8,1.6,38.6,1,13054,13054,13054,19599,12040,9889,9215,9799,2569,6900,6321,24338,8133,1,16444,17555,14135,1.0,29:09,2017,2018
2017-18,1627853,Ryan Arcidiacono,Ryan,1610612741,CHI,Chicago Bulls,21701111,2018-03-27T00:00:00,CHI @ HOU,L,44.5,12.5,0.0,0.0,0.0,0.0,0.0,0.0,37.5,0.0,0.0,0.0,6.3,21.9,1,13054,13054,13054,23098,815,9889,9215,19152,1,1,1,18061,8133,1,1,5295,22108,1.0,7:07,2017,2018
2017-18,203200,Justin Holiday,Justin,1610612741,CHI,Chicago Bulls,21701111,2018-03-27T00:00:00,CHI @ HOU,L,49.5,0.0,0.0,0.0,4.2,33.3,22.9,16.7,41.7,0.0,0.0,2.1,2.1,16.5,1,13054,13054,13054,9583,12040,9889,9215,16756,24377,23135,19132,15119,8133,1,8011,15830,23558,1.0,23:45,2017,2018
2017-18,1626166,Cameron Payne,Cameron,1610612741,CHI,Chicago Bulls,21701111,2018-03-27T00:00:00,CHI @ HOU,L,48.9,0.0,4.3,0.0,4.3,34.0,23.4,17.0,38.3,0.0,2.1,2.1,0.0,36.4,1,13054,13054,13054,11471,12040,6078,9215,16652,24653,23346,19610,17614,8133,21397,8117,18674,15377,1.0,22:58,2017,2018
2017-18,1628021,David Nwaba,David,1610612741,CHI,Chicago Bulls,21701111,2018-03-27T00:00:00,CHI @ HOU,L,47.5,0.0,3.2,0.0,3.2,28.6,17.5,12.7,44.4,0.0,3.2,3.2,1.6,21.0,1,13054,13054,13054,16066,12040,8024,9215,18184,23204,19682,15508,12818,8133,23734,11622,17555,22386,1.0,29:55,2017,2018
2017-18,1628374,Lauri Markkanen,Lauri,1610612741,CHI,Chicago Bulls,21701111,2018-03-27T00:00:00,CHI @ HOU,L,49.9,7.1,0.0,0.0,14.3,28.6,17.9,19.6,39.3,1.8,1.8,3.6,3.6,49.6,1,13054,13054,13054,8301,3729,9889,9215,5279,23204,19976,21421,16951,5519,20340,12812,11401,8115,1.0,27:57,2017,2018
2017-18,203930,Sean Kilpatrick,Sean,1610612741,CHI,Chicago Bulls,21701111,2018-03-27T00:00:00,CHI @ HOU,L,47.9,5.3,5.3,5.3,21.1,0.0,10.5,7.9,21.1,0.0,0.0,0.0,5.3,35.3,1,13054,13054,13054,14911,6198,4667,4270,1924,1,12027,10052,24587,8133,1,1,7179,16006,1.0,18:11,2017,2018
2017-18,1626171,Bobby Portis,Bobby,1610612741,CHI,Chicago Bulls,21701111,2018-03-27T00:00:00,CHI @ HOU,L,44.6,0.0,0.0,0.0,6.9,17.2,13.8,5.2,27.6,0.0,0.0,1.7,1.7,48.4,1,13054,13054,13054,22989,12040,9889,9215,13002,15073,15965,6789,23086,8133,1,6930,17051,8721,1.0,25:51,2017,2018
2017-18,1627853,Ryan Arcidiacono,Ryan,1610612741,CHI,Chicago Bulls,21701089,2018-03-24T00:00:00,CHI @ DET,L,52.3,0.0,0.0,0.0,0.0,28.6,14.3,9.5,57.1,0.0,0.0,0.0,0.0,28.6,1,13054,13054,13054,3123,12040,9889,9215,19152,23204,16398,11917,4836,8133,1,1,18674,19420,1.0,10:59,2017,2018
2017-18,1627756,Denzel Valentine,Denzel,1610612741,CHI,Chicago Bulls,21701089,2018-03-24T00:00:00,CHI @ DET,L,47.9,5.3,3.5,8.8,10.5,15.8,15.8,5.3,31.6,0.0,0.0,1.8,0.0,47.5,1,13054,13054,13054,14746,6198,7388,1559,8733,13383,17998,6829,21421,8133,1,7040,18674,9175,1.0,27:18,2017,2018
2017-18,1628021,David Nwaba,David,1610612741,CHI,Chicago Bulls,21701089,2018-03-24T00:00:00,CHI @ DET,L,48.9,3.8,13.2,0.0,15.1,13.2,7.5,3.8,41.5,0.0,5.7,9.4,5.7,47.0,1,13054,13054,13054,11281,8777,606,9215,4797,10372,8258,5446,15287,8133,25554,23877,6438,9456,1.0,25:56,2017,2018
2017-18,1626245,Cristiano Felicio,Cristiano,1610612741,CHI,Chicago Bulls,21701089,2018-03-24T00:00:00,CHI @ DET,L,50.4,0.0,10.3,5.1,20.5,0.0,5.1,5.1,46.2,0.0,0.0,0.0,2.6,61.0,1,13054,13054,13054,6907,12040,1208,4420,2104,1,5572,6714,11649,8133,1,1,14470,3798,1.0,19:40,2017,2018
2017-18,1626170,Jerian Grant,Jerian,1610612741,CHI,Chicago Bulls,21701089,2018-03-24T00:00:00,CHI @ DET,L,47.7,0.0,0.0,0.0,8.3,18.8,6.3,4.2,45.8,0.0,0.0,2.1,0.0,65.8,1,13054,13054,13054,15275,12040,9889,9215,11191,16691,6731,5801,11997,8133,1,8011,18674,2582,1.0,22:55,2017,2018
2017-18,203943,Noah Vonleh,Noah,1610612741,CHI,Chicago Bulls,21701089,2018-03-24T00:00:00,CHI @ DET,L,50.1,6.0,4.0,0.0,12.0,14.0,16.0,10.0,36.0,0.0,2.0,4.0,4.0,53.4,1,13054,13054,13054,7661,5166,6500,9215,7295,11340,18219,12407,19072,8133,21064,14174,10187,6426,1.0,25:04,2017,2018
2017-18,201577,Robin Lopez,Robin,1610612741,CHI,Chicago Bulls,21701089,2018-03-24T00:00:00,CHI @ DET,L,47.6,0.0,5.6,0.0,11.1,27.8,11.1,8.3,22.2,2.8,2.8,0.0,2.8,30.8,1,13054,13054,13054,15606,12040,4256,9215,8104,22956,12734,10477,24338,3257,22940,1,13805,18281,1.0,17:09,2017,2018
2017-18,203200,Justin Holiday,Justin,1610612741,CHI,Chicago Bulls,21701089,2018-03-24T00:00:00,CHI @ DET,L,50.0,0.0,0.0,4.7,4.7,16.3,14.0,7.0,32.6,0.0,2.3,2.3,0.0,29.8,1,13054,13054,13054,7980,12040,9889,5004,16195,13972,16174,8949,21008,8133,21869,8633,18674,18853,1.0,21:30,2017,2018
2017-18,1626171,Bobby Portis,Bobby,1610612741,CHI,Chicago Bulls,21701089,2018-03-24T00:00:00,CHI @ DET,L,47.1,3.7,0.0,0.0,7.4,16.7,9.3,0.0,40.7,0.0,0.0,9.3,1.9,38.5,1,13054,13054,13054,17147,8897,9889,9215,12395,14231,10420,1,15844,8133,1,23769,16575,14173,1.0,25:27,2017,2018
2017-18,1626166,Cameron Payne,Cameron,1610612741,CHI,Chicago Bulls,21701089,2018-03-24T00:00:00,CHI @ DET,L,49.0,0.0,0.0,3.5,3.5,12.3,14.0,5.3,28.1,0.0,1.8,7.0,5.3,39.1,1,13054,13054,13054,11040,12040,9889,6753,17650,9325,16264,6829,22940,8133,20213,21380,7179,13826,1.0,27:56,2017,2018
2017-18,1627835,Paul Zipser,Paul,1610612741,CHI,Chicago Bulls,21701089,2018-03-24T00:00:00,CHI @ DET,L,48.8,0.0,0.0,0.0,0.0,27.3,9.1,0.0,60.6,0.0,0.0,3.0,0.0,6.7,1,13054,13054,13054,11722,12040,9889,9215,19152,22722,10105,1,3562,8133,1,11103,18674,24950,1.0,16:06,2017,2018
2017-18,1626166,Cameron Payne,Cameron,1610612741,CHI,Chicago Bulls,21701083,2018-03-23T00:00:00,CHI vs. MIL,L,52.7,0.0,0.0,8.6,13.8,20.7,22.4,13.8,41.4,0.0,3.4,5.2,3.4,56.6,1,13054,13054,13054,2576,12040,9889,1637,5724,18582,22934,16640,15340,8133,24076,17644,11743,5211,1.0,30:34,2017,2018
2017-18,1626245,Cristiano Felicio,Cristiano,1610612741,CHI,Chicago Bulls,21701083,2018-03-23T00:00:00,CHI vs. MIL,L,51.4,4.8,3.2,0.0,12.9,27.4,21.0,16.1,45.2,0.0,3.2,0.0,8.1,44.7,1,13054,13054,13054,4591,6934,7935,9215,6458,22835,22178,18804,12426,8133,23774,1,2992,10650,1.0,31:53,2017,2018
2017-18,203943,Noah Vonleh,Noah,1610612741,CHI,Chicago Bulls,21701083,2018-03-23T00:00:00,CHI vs. MIL,L,52.3,0.0,0.0,0.0,5.3,44.7,15.8,10.5,52.6,0.0,0.0,7.9,2.6,27.9,1,13054,13054,13054,3092,12040,9889,9215,15347,25643,17998,13063,7271,8133,1,22575,14250,19760,1.0,19:53,2017,2018
2017-18,1628021,David Nwaba,David,1610612741,CHI,Chicago Bulls,21701083,2018-03-23T00:00:00,CHI vs. MIL,L,52.3,0.0,7.8,3.9,7.8,37.3,7.8,13.7,62.7,0.0,2.0,3.9,5.9,28.0,1,13054,13054,13054,3136,12040,2235,6049,11895,25067,8616,16590,2879,8133,20956,13999,5961,19692,1.0,26:40,2017,2018
2017-18,1626171,Bobby Portis,Bobby,1610612741,CHI,Chicago Bulls,21701083,2018-03-23T00:00:00,CHI vs. MIL,L,49.9,0.0,6.8,0.0,9.1,38.6,0.0,9.1,54.5,2.3,2.3,6.8,4.5,60.7,1,13054,13054,13054,8350,12040,3002,9215,10275,25211,1,11383,6132,4250,21750,21069,8772,3895,1.0,21:57,2017,2018
2017-18,1627756,Denzel Valentine,Denzel,1610612741,CHI,Chicago Bulls,21701083,2018-03-23T00:00:00,CHI vs. MIL,L,51.4,0.0,14.3,3.2,6.3,23.8,17.5,12.7,54.0,1.6,0.0,4.8,3.2,54.8,1,13054,13054,13054,4581,12040,435,7341,13785,20986,19682,15508,6563,6276,1,16444,12584,5895,1.0,32:24,2017,2018
2017-18,203200,Justin Holiday,Justin,1610612741,CHI,Chicago Bulls,21701083,2018-03-23T00:00:00,CHI vs. MIL,L,50.0,4.5,4.5,0.0,13.6,20.5,15.9,6.8,27.3,0.0,0.0,2.3,2.3,42.7,1,13054,13054,13054,7980,7356,5648,9215,5868,18383,18155,8747,23188,8133,1,8495,15302,11723,1.0,22:00,2017,2018
2017-18,1627853,Ryan Arcidiacono,Ryan,1610612741,CHI,Chicago Bulls,21701083,2018-03-23T00:00:00,CHI vs. MIL,L,49.2,0.0,0.0,0.0,0.0,47.6,0.0,19.0,57.1,0.0,0.0,0.0,0.0,18.6,1,13054,13054,13054,10393,12040,9889,9215,19152,25727,1,21039,4836,8133,1,1,18674,23048,1.0,10:20,2017,2018
2017-18,1628374,Lauri Markkanen,Lauri,1610612741,CHI,Chicago Bulls,21701083,2018-03-23T00:00:00,CHI vs. MIL,L,51.8,0.0,0.0,0.0,9.3,16.3,16.3,14.0,46.5,0.0,2.3,7.0,4.7,37.7,1,13054,13054,13054,3855,12040,9889,9215,10094,13972,18532,16831,11499,8133,21869,21318,8614,14632,1.0,22:17,2017,2018
2017-18,1626170,Jerian Grant,Jerian,1610612741,CHI,Chicago Bulls,21701083,2018-03-23T00:00:00,CHI vs. MIL,L,51.2,0.0,0.0,0.0,9.3,51.2,9.3,14.0,55.8,0.0,0.0,7.0,4.7,30.7,1,13054,13054,13054,4976,12040,9889,9215,10094,25842,10474,16831,5601,8133,1,21318,8614,18348,1.0,22:02,2017,2018
2017-18,1627756,Denzel Valentine,Denzel,1610612741,CHI,Chicago Bulls,21701069,2018-03-21T00:00:00,CHI vs. DEN,L,48.0,4.0,0.0,8.0,8.0,24.0,22.0,18.0,60.0,0.0,2.0,2.0,4.0,59.8,1,13054,13054,13054,14261,8325,9889,1968,11634,21102,22701,20352,3702,8133,21064,7778,10187,4180,1.0,24:01,2017,2018
2017-18,1627835,Paul Zipser,Paul,1610612741,CHI,Chicago Bulls,21701069,2018-03-21T00:00:00,CHI vs. DEN,L,46.8,0.0,0.0,0.0,0.0,31.6,23.7,23.7,63.2,0.0,2.6,7.9,0.0,24.2,1,13054,13054,13054,18272,12040,9889,9215,19152,24116,23452,23337,2744,8133,22580,22575,18674,21324,1.0,17:46,2017,2018
2017-18,1628021,David Nwaba,David,1610612741,CHI,Chicago Bulls,21701069,2018-03-21T00:00:00,CHI vs. DEN,L,48.6,7.5,3.8,3.8,18.9,11.3,7.5,0.0,52.8,1.9,1.9,9.4,1.9,55.3,1,13054,13054,13054,12389,3392,6926,6297,2726,8263,8258,1,7197,5173,20743,23877,16447,5699,1.0,25:45,2017,2018
2017-18,203943,Noah Vonleh,Noah,1610612741,CHI,Chicago Bulls,21701069,2018-03-21T00:00:00,CHI vs. DEN,L,47.7,0.0,0.0,0.0,4.0,12.0,4.0,0.0,40.0,4.0,0.0,2.0,4.0,66.2,1,13054,13054,13054,15530,12040,9889,9215,16942,8973,4630,1,16092,1723,1,7778,10187,2524,1.0,23:50,2017,2018
2017-18,203200,Justin Holiday,Justin,1610612741,CHI,Chicago Bulls,21701069,2018-03-21T00:00:00,CHI vs. DEN,L,46.5,0.0,0.0,0.0,0.0,24.5,18.4,18.4,61.2,0.0,0.0,2.0,0.0,10.0,1,13054,13054,13054,19102,12040,9889,9215,19152,21411,20455,20633,3352,8133,1,7897,18674,24624,1.0,22:46,2017,2018
2017-18,1628469,Antonio Blakeney,Antonio,1610612741,CHI,Chicago Bulls,21701069,2018-03-21T00:00:00,CHI vs. DEN,L,47.9,0.0,0.0,8.2,8.2,12.2,4.1,0.0,40.8,0.0,0.0,4.1,0.0,26.7,1,13054,13054,13054,14762,12040,9889,1883,11476,9281,4702,1,15786,8133,1,14528,18674,20302,1.0,23:28,2017,2018
2017-18,1626170,Jerian Grant,Jerian,1610612741,CHI,Chicago Bulls,21701069,2018-03-21T00:00:00,CHI vs. DEN,L,45.1,3.6,0.0,0.0,3.6,20.0,7.3,9.1,43.6,0.0,0.0,3.6,5.5,39.1,1,13054,13054,13054,22235,9038,9889,9215,17449,17743,7924,11383,13615,8133,1,13046,6874,13842,1.0,24:47,2017,2018
2017-18,1626245,Cristiano Felicio,Cristiano,1610612741,CHI,Chicago Bulls,21701069,2018-03-21T00:00:00,CHI vs. DEN,L,46.8,6.7,0.0,6.7,23.3,20.0,18.3,15.0,60.0,0.0,3.3,1.7,1.7,40.8,1,13054,13054,13054,18045,4249,9889,2836,1343,17743,20429,17813,3702,8133,23925,6722,17268,12802,1.0,28:06,2017,2018
2017-18,1626171,Bobby Portis,Bobby,1610612741,CHI,Chicago Bulls,21701069,2018-03-21T00:00:00,CHI vs. DEN,L,48.7,0.0,0.0,0.0,7.4,11.1,7.4,0.0,51.9,0.0,0.0,5.6,5.6,47.4,1,13054,13054,13054,12006,12040,9889,9215,12395,7928,8042,1,7805,8133,1,18481,6552,9254,1.0,26:18,2017,2018
2017-18,1626166,Cameron Payne,Cameron,1610612741,CHI,Chicago Bulls,21701069,2018-03-21T00:00:00,CHI vs. DEN,L,50.5,0.0,0.0,6.5,4.3,15.2,19.6,8.7,65.2,2.2,2.2,6.5,2.2,61.3,1,13054,13054,13054,6798,12040,9889,2996,16532,12712,21319,10978,2287,4458,21508,20580,15567,3712,1.0,23:13,2017,2018
2017-18,1626245,Cristiano Felicio,Cristiano,1610612741,CHI,Chicago Bulls,21701055,2018-03-19T00:00:00,CHI @ NYK,L,46.1,0.0,3.1,0.0,21.9,20.3,15.6,10.9,50.0,1.6,0.0,3.1,3.1,39.4,1,13054,13054,13054,20044,12040,8119,9215,1718,18257,17896,13637,8649,6375,1,11424,12687,13688,1.0,29:30,2017,2018
2017-18,1626171,Bobby Portis,Bobby,1610612741,CHI,Chicago Bulls,21701055,2018-03-19T00:00:00,CHI @ NYK,L,45.5,0.0,0.0,0.0,10.9,7.3,18.2,9.1,29.1,0.0,0.0,1.8,7.3,60.7,1,13054,13054,13054,21366,12040,9889,9215,8413,4658,20211,11383,22518,8133,1,7242,3887,3880,1.0,25:02,2017,2018
2017-18,1626166,Cameron Payne,Cameron,1610612741,CHI,Chicago Bulls,21701055,2018-03-19T00:00:00,CHI @ NYK,L,47.1,0.0,3.3,3.3,6.6,18.0,13.1,11.5,52.5,3.3,3.3,4.9,0.0,39.7,1,13054,13054,13054,17232,12040,7831,7151,13483,15954,15248,14218,7441,2474,23874,16974,18674,13552,1.0,28:44,2017,2018
2017-18,1628469,Antonio Blakeney,Antonio,1610612741,CHI,Chicago Bulls,21701055,2018-03-19T00:00:00,CHI @ NYK,L,46.3,7.1,0.0,10.7,10.7,3.6,17.9,12.5,39.3,1.8,1.8,1.8,10.7,41.6,1,13054,13054,13054,19574,3729,9889,852,8627,2688,19976,15165,16951,5519,20340,7142,1132,12360,1.0,25:55,2017,2018
2017-18,1628021,David Nwaba,David,1610612741,CHI,Chicago Bulls,21701055,2018-03-19T00:00:00,CHI @ NYK,L,46.7,0.0,4.5,0.0,9.1,15.9,27.3,4.5,27.3,2.3,0.0,0.0,6.8,49.1,1,13054,13054,13054,18416,12040,5648,9215,10275,13565,24507,6128,23188,4250,1,1,4501,8394,1.0,20:33,2017,2018
2017-18,203943,Noah Vonleh,Noah,1610612741,CHI,Chicago Bulls,21701055,2018-03-19T00:00:00,CHI @ NYK,L,45.9,5.3,12.3,0.0,10.5,3.5,17.5,12.3,38.6,0.0,0.0,7.0,1.8,43.7,1,13054,13054,13054,20404,6198,758,9215,8733,2667,19742,15068,17424,8133,1,21380,16955,11185,1.0,26:11,2017,2018
2017-18,1627756,Denzel Valentine,Denzel,1610612741,CHI,Chicago Bulls,21701055,2018-03-19T00:00:00,CHI @ NYK,L,45.1,8.3,4.2,8.3,16.7,18.8,12.5,16.7,45.8,2.1,2.1,0.0,2.1,36.7,1,13054,13054,13054,22170,2673,6209,1738,3745,16691,14368,19132,11997,4644,21298,1,15830,15197,1.0,21:39,2017,2018
2017-18,1626170,Jerian Grant,Jerian,1610612741,CHI,Chicago Bulls,21701055,2018-03-19T00:00:00,CHI @ NYK,L,45.9,0.0,0.0,0.0,9.5,4.8,23.8,11.9,28.6,0.0,2.4,2.4,7.1,36.9,1,13054,13054,13054,20576,12040,9889,9215,9799,3154,23483,14669,22575,8133,22008,8773,3982,15088,1.0,19:16,2017,2018
2017-18,203200,Justin Holiday,Justin,1610612741,CHI,Chicago Bulls,21701055,2018-03-19T00:00:00,CHI @ NYK,L,45.8,0.0,0.0,0.0,0.0,15.4,15.4,12.8,46.2,0.0,2.6,0.0,0.0,30.0,1,13054,13054,13054,20734,12040,9889,9215,19152,12828,17571,15626,11649,8133,22432,1,18674,18636,1.0,17:52,2017,2018
2017-18,1627835,Paul Zipser,Paul,1610612741,CHI,Chicago Bulls,21701055,2018-03-19T00:00:00,CHI @ NYK,L,46.9,3.7,3.7,0.0,3.7,16.7,14.8,13.0,59.3,1.9,1.9,5.6,7.4,38.3,1,13054,13054,13054,17977,8897,7037,9215,17338,14231,17049,15794,4044,5278,20592,18481,3658,14268,1.0,25:18,2017,2018
2017-18,1627756,Denzel Valentine,Denzel,1610612741,CHI,Chicago Bulls,21701039,2018-03-17T00:00:00,CHI vs. CLE,L,50.1,3.9,0.0,3.9,10.4,7.8,10.4,10.4,54.5,1.3,0.0,3.9,1.3,70.6,1,13054,13054,13054,7799,8609,9889,6133,8957,5053,11926,12959,6132,7635,1,13941,18463,1726,1.0,38:34,2017,2018
2017-18,1626245,Cristiano Felicio,Cristiano,1610612741,CHI,Chicago Bulls,21701039,2018-03-17T00:00:00,CHI vs. CLE,L,49.5,3.3,0.0,3.3,9.8,19.7,14.8,8.2,55.7,0.0,1.6,3.3,3.3,41.0,1,13054,13054,13054,9445,9767,9889,7151,9525,17616,17019,10400,5646,8133,19729,11976,12277,12704,1.0,30:13,2017,2018
2017-18,1628469,Antonio Blakeney,Antonio,1610612741,CHI,Chicago Bulls,21701039,2018-03-17T00:00:00,CHI vs. CLE,L,49.8,3.6,3.6,12.7,10.9,25.5,12.7,12.7,43.6,0.0,0.0,1.8,1.8,34.0,1,13054,13054,13054,8773,9038,7181,485,8413,21917,14798,15542,13615,8133,1,7242,16728,16666,1.0,27:22,2017,2018
2017-18,1628021,David Nwaba,David,1610612741,CHI,Chicago Bulls,21701039,2018-03-17T00:00:00,CHI vs. CLE,L,53.7,0.0,5.4,2.7,10.8,32.4,13.5,13.5,48.6,0.0,0.0,2.7,5.4,25.1,1,13054,13054,13054,1560,12040,4475,8357,8494,24289,15707,16369,10006,8133,1,9870,6952,20912,1.0,19:52,2017,2018
2017-18,1627835,Paul Zipser,Paul,1610612741,CHI,Chicago Bulls,21701039,2018-03-17T00:00:00,CHI vs. CLE,L,47.8,0.0,0.0,0.0,4.0,8.0,8.0,12.0,52.0,4.0,0.0,10.0,2.0,49.6,1,13054,13054,13054,14978,12040,9889,9215,16942,5158,8748,14757,7738,1723,1,24099,16074,8136,1.0,23:55,2017,2018
2017-18,1626171,Bobby Portis,Bobby,1610612741,CHI,Chicago Bulls,21701039,2018-03-17T00:00:00,CHI vs. CLE,L,51.3,2.9,5.9,2.9,11.8,23.5,13.2,16.2,47.1,0.0,2.9,5.9,2.9,50.0,1,13054,13054,13054,4852,10529,3879,7824,7424,20781,15389,18857,11061,8133,23300,19207,13244,7864,1.0,34:53,2017,2018
2017-18,203200,Justin Holiday,Justin,1610612741,CHI,Chicago Bulls,21701039,2018-03-17T00:00:00,CHI vs. CLE,L,47.8,0.0,5.6,0.0,11.1,0.0,5.6,5.6,66.7,0.0,0.0,5.6,5.6,44.2,1,13054,13054,13054,15142,12040,4256,9215,8104,1,5985,7189,1745,8133,1,18481,6552,10913,1.0,17:12,2017,2018
2017-18,1626170,Jerian Grant,Jerian,1610612741,CHI,Chicago Bulls,21701039,2018-03-17T00:00:00,CHI vs. CLE,L,52.2,0.0,0.0,3.2,0.0,32.3,16.1,0.0,51.6,0.0,0.0,3.2,9.7,24.2,1,13054,13054,13054,3290,12040,9889,7245,19152,24251,18365,1,7953,8133,1,11750,1680,21331,1.0,16:11,2017,2018
2017-18,1626166,Cameron Payne,Cameron,1610612741,CHI,Chicago Bulls,21701039,2018-03-17T00:00:00,CHI vs. CLE,L,48.2,3.0,0.0,7.6,6.1,9.1,9.1,16.7,51.5,0.0,3.0,3.0,0.0,41.5,1,13054,13054,13054,13706,10311,9889,2236,14149,6059,10105,19132,8046,8133,23465,11103,18674,12404,1.0,31:48,2017,2018
2017-18,201577,Robin Lopez,Robin,1610612741,CHI,Chicago Bulls,21701024,2018-03-15T00:00:00,CHI @ MEM,W,48.0,0.0,12.0,0.0,8.0,44.0,16.0,28.0,40.0,0.0,0.0,0.0,4.0,32.8,1,1,1,1,14365,12040,790,9215,11634,25607,18219,24533,16092,8133,1,1,10187,17300,1.0,12:00,2017,2018
2017-18,1627739,Kris Dunn,Kris,1610612741,CHI,Chicago Bulls,21701024,2018-03-15T00:00:00,CHI @ MEM,W,48.5,0.0,0.0,0.0,7.7,34.6,13.5,17.3,46.2,0.0,1.9,3.8,1.9,35.4,1,1,1,1,12574,12040,9889,9215,12038,24740,15656,19845,11649,8133,20854,13677,16338,15945,1.0,25:14,2017,2018
2017-18,203943,Noah Vonleh,Noah,1610612741,CHI,Chicago Bulls,21701024,2018-03-15T00:00:00,CHI @ MEM,W,49.5,3.0,0.0,0.0,6.1,27.3,21.2,13.6,57.6,0.0,1.5,3.0,0.0,35.6,1,1,1,1,9389,10311,9889,9215,14149,22722,22292,16475,4772,8133,19135,11103,18674,15839,1.0,32:42,2017,2018
2017-18,1628021,David Nwaba,David,1610612741,CHI,Chicago Bulls,21701024,2018-03-15T00:00:00,CHI @ MEM,W,49.7,0.0,10.7,14.3,21.4,57.1,14.3,32.1,71.4,0.0,0.0,0.0,10.7,60.0,1,1,1,1,8957,12040,1083,321,1822,25901,16398,25201,1230,8133,1,1,1132,4034,1.0,13:55,2017,2018
2017-18,203897,Zach LaVine,Zach,1610612741,CHI,Chicago Bulls,21701024,2018-03-15T00:00:00,CHI @ MEM,W,47.6,16.4,5.5,3.6,7.3,36.4,7.3,16.4,50.9,1.8,0.0,7.3,9.1,59.6,1,1,1,1,15845,321,4428,6541,12622,24955,7924,19013,8381,5396,1,21729,2018,4235,1.0,26:10,2017,2018
2017-18,1627756,Denzel Valentine,Denzel,1610612741,CHI,Chicago Bulls,21701024,2018-03-15T00:00:00,CHI @ MEM,W,48.2,0.0,0.0,0.0,0.0,4.8,11.9,0.0,19.0,0.0,0.0,11.9,0.0,64.3,1,1,1,1,13847,12040,9889,9215,19152,3154,13860,1,24849,8133,1,24931,18674,2925,1.0,20:13,2017,2018
2017-18,1626171,Bobby Portis,Bobby,1610612741,CHI,Chicago Bulls,21701024,2018-03-15T00:00:00,CHI @ MEM,W,47.0,8.3,4.2,8.3,12.5,12.5,10.4,0.0,25.0,0.0,0.0,4.2,4.2,73.3,1,1,1,1,17507,2673,6209,1738,6746,9414,11949,1,23734,8133,1,14704,9722,1383,1.0,22:34,2017,2018
2017-18,1626166,Cameron Payne,Cameron,1610612741,CHI,Chicago Bulls,21701024,2018-03-15T00:00:00,CHI @ MEM,W,49.3,3.9,0.0,9.8,3.9,7.8,23.5,0.0,39.2,0.0,0.0,2.0,2.0,37.5,1,1,1,1,9959,8511,9889,1133,17059,5073,23376,1,16999,8133,1,7674,16214,14806,1.0,25:10,2017,2018
2017-18,1628469,Antonio Blakeney,Antonio,1610612741,CHI,Chicago Bulls,21701024,2018-03-15T00:00:00,CHI @ MEM,W,47.5,0.0,0.0,1.9,0.0,7.7,17.3,0.0,46.2,0.0,3.8,5.8,5.8,30.2,1,1,1,1,16004,12040,9889,9058,19152,4926,19548,1,11649,8133,24535,19058,6255,18593,1.0,24:42,2017,2018
2017-18,1627835,Paul Zipser,Paul,1610612741,CHI,Chicago Bulls,21701024,2018-03-15T00:00:00,CHI @ MEM,W,47.9,0.0,0.0,0.0,7.1,10.7,32.1,0.0,35.7,0.0,0.0,0.0,3.6,27.1,1,1,1,1,14878,12040,9889,9215,12721,7641,25296,1,19220,8133,1,1,11401,20116,1.0,13:24,2017,2018
2017-18,1626245,Cristiano Felicio,Cristiano,1610612741,CHI,Chicago Bulls,21701024,2018-03-15T00:00:00,CHI @ MEM,W,48.8,4.1,4.1,4.1,12.2,16.3,14.3,4.1,53.1,2.0,0.0,8.2,10.2,29.8,1,1,1,1,11549,8188,6369,5782,7061,14026,16398,5737,7071,4746,1,22861,1372,18838,1.0,23:56,2017,2018
2017-18,1628469,Antonio Blakeney,Antonio,1610612741,CHI,Chicago Bulls,21701010,2018-03-13T00:00:00,CHI vs. LAC,L,46.3,0.0,0.0,0.0,4.3,4.3,4.3,8.7,47.8,0.0,0.0,4.3,2.2,39.1,1,13054,13054,13054,19604,12040,9889,9215,16532,2977,4894,10978,10604,8133,1,15253,15567,13820,1.0,21:17,2017,2018
2017-18,1626166,Cameron Payne,Cameron,1610612741,CHI,Chicago Bulls,21701010,2018-03-13T00:00:00,CHI vs. LAC,L,46.0,4.3,0.0,10.6,12.8,12.8,0.0,17.0,46.8,0.0,2.1,4.3,4.3,56.4,1,13054,13054,13054,20283,7856,9889,881,6605,9848,1,19610,11291,8133,21397,15065,9564,5268,1.0,21:37,2017,2018
2017-18,201577,Robin Lopez,Robin,1610612741,CHI,Chicago Bulls,21701010,2018-03-13T00:00:00,CHI vs. LAC,L,52.2,0.0,17.4,0.0,52.2,0.0,21.7,0.0,78.3,0.0,0.0,0.0,0.0,67.8,1,13054,13054,13054,3332,12040,253,9215,26,1,22552,1,697,8133,1,1,18674,2206,1.0,12:00,2017,2018
2017-18,1626171,Bobby Portis,Bobby,1610612741,CHI,Chicago Bulls,21701010,2018-03-13T00:00:00,CHI vs. LAC,L,47.6,5.3,0.0,0.0,10.5,10.5,3.5,14.0,52.6,0.0,1.8,8.8,1.8,65.4,1,13054,13054,13054,15808,6198,9889,9215,8733,7418,4261,16924,7271,8133,20213,23399,16955,2684,1.0,27:07,2017,2018
2017-18,203897,Zach LaVine,Zach,1610612741,CHI,Chicago Bulls,21701010,2018-03-13T00:00:00,CHI vs. LAC,L,48.9,3.7,9.3,0.0,7.4,11.1,13.0,9.3,55.6,0.0,3.7,5.6,3.7,33.7,1,13054,13054,13054,11401,8897,1546,9215,12395,7928,15091,11645,5695,8133,24375,18481,11049,16833,1.0,26:24,2017,2018
2017-18,1626245,Cristiano Felicio,Cristiano,1610612741,CHI,Chicago Bulls,21701010,2018-03-13T00:00:00,CHI vs. LAC,L,45.9,0.0,0.0,0.0,3.1,9.2,6.2,13.8,46.2,0.0,0.0,6.2,0.0,26.3,1,13054,13054,13054,20581,12040,9889,9215,18340,6245,6682,16724,11649,8133,1,19894,18674,20474,1.0,29:49,2017,2018
2017-18,1627739,Kris Dunn,Kris,1610612741,CHI,Chicago Bulls,21701010,2018-03-13T00:00:00,CHI vs. LAC,L,48.0,10.9,3.6,10.9,10.9,7.3,16.4,5.5,58.2,0.0,0.0,9.1,5.5,58.5,1,13054,13054,13054,14502,1318,7181,814,8413,4658,18610,7116,4489,8133,1,23549,6874,4547,1.0,26:23,2017,2018
2017-18,1628021,David Nwaba,David,1610612741,CHI,Chicago Bulls,21701010,2018-03-13T00:00:00,CHI vs. LAC,L,47.1,6.8,5.1,3.4,20.3,13.6,15.3,11.9,57.6,3.4,0.0,1.7,1.7,49.7,1,13054,13054,13054,17099,4173,4952,6952,2155,10847,17516,14637,4748,2357,1,6820,17172,8111,1.0,27:49,2017,2018
2017-18,203943,Noah Vonleh,Noah,1610612741,CHI,Chicago Bulls,21701010,2018-03-13T00:00:00,CHI vs. LAC,L,47.5,0.0,7.0,0.0,10.5,14.0,12.3,8.8,52.6,0.0,1.8,7.0,5.3,37.5,1,13054,13054,13054,16072,12040,2818,9215,8733,11389,14268,11138,7271,8133,20213,21380,7179,14727,1.0,27:04,2017,2018
2017-18,1627756,Denzel Valentine,Denzel,1610612741,CHI,Chicago Bulls,21701010,2018-03-13T00:00:00,CHI vs. LAC,L,46.6,0.0,0.0,0.0,9.1,9.1,0.0,13.6,50.0,0.0,0.0,4.5,2.3,30.5,1,13054,13054,13054,18748,12040,9889,9215,10275,6059,1,16475,8649,8133,1,15874,15302,18472,1.0,20:30,2017,2018
2017-18,1627739,Kris Dunn,Kris,1610612741,CHI,Chicago Bulls,21700993,2018-03-11T00:00:00,CHI @ ATL,W,48.6,0.0,4.8,0.0,6.3,9.5,0.0,11.1,44.4,0.0,0.0,6.3,3.2,49.0,1,1,1,1,12416,12040,5339,9215,13785,6448,1,13691,12818,8133,1,20275,12584,8419,1.0,30:36,2017,2018
2017-18,1628469,Antonio Blakeney,Antonio,1610612741,CHI,Chicago Bulls,21700993,2018-03-11T00:00:00,CHI @ ATL,W,45.2,14.6,0.0,17.1,9.8,14.6,0.0,9.8,24.4,0.0,2.4,4.9,0.0,53.9,1,1,1,1,21904,480,9889,169,9601,12087,1,12228,23984,8133,22138,16837,18674,6242,1.0,18:33,2017,2018
2017-18,1626166,Cameron Payne,Cameron,1610612741,CHI,Chicago Bulls,21700993,2018-03-11T00:00:00,CHI @ ATL,W,45.8,5.3,5.3,13.2,5.3,10.5,0.0,5.3,15.8,0.0,0.0,0.0,2.6,56.3,1,1,1,1,20772,6198,4667,430,15347,7418,1,6829,25140,8133,1,1,14250,5297,1.0,17:24,2017,2018
2017-18,1628374,Lauri Markkanen,Lauri,1610612741,CHI,Chicago Bulls,21700993,2018-03-11T00:00:00,CHI @ ATL,W,47.6,14.8,3.3,6.6,13.1,6.6,0.0,11.5,42.6,1.6,0.0,3.3,4.9,55.1,1,1,1,1,15745,469,7831,2965,6299,4170,1,14218,14429,6070,1,11976,8016,5778,1.0,29:02,2017,2018
2017-18,201577,Robin Lopez,Robin,1610612741,CHI,Chicago Bulls,21700993,2018-03-11T00:00:00,CHI @ ATL,W,50.0,0.0,0.0,0.0,16.7,8.3,0.0,0.0,33.3,4.2,4.2,4.2,0.0,45.4,1,1,1,1,7980,12040,9889,9215,3745,5406,1,1,20357,1587,24801,14704,18674,10268,1.0,12:00,2017,2018
2017-18,1627756,Denzel Valentine,Denzel,1610612741,CHI,Chicago Bulls,21700993,2018-03-11T00:00:00,CHI @ ATL,W,48.7,3.7,3.7,0.0,11.1,14.8,0.0,9.3,29.6,0.0,0.0,5.6,1.9,56.9,1,1,1,1,11889,8897,7037,9215,8104,12253,1,11645,22290,8133,1,18481,16575,5107,1.0,26:19,2017,2018
2017-18,1626171,Bobby Portis,Bobby,1610612741,CHI,Chicago Bulls,21700993,2018-03-11T00:00:00,CHI @ ATL,W,44.4,3.3,14.8,3.3,19.7,13.1,0.0,8.2,29.5,0.0,1.6,4.9,1.6,71.3,1,1,1,1,23213,9767,418,7151,2417,10290,1,10400,22362,8133,19729,16974,17369,1636,1.0,27:05,2017,2018
2017-18,1626245,Cristiano Felicio,Cristiano,1610612741,CHI,Chicago Bulls,21700993,2018-03-11T00:00:00,CHI @ ATL,W,49.7,0.0,0.0,0.0,0.0,0.0,0.0,11.1,33.3,0.0,0.0,5.6,0.0,21.7,1,1,1,1,8896,12040,9889,9215,19152,1,1,13691,20357,8133,1,18481,18674,22159,1.0,8:57,2017,2018
2017-18,203897,Zach LaVine,Zach,1610612741,CHI,Chicago Bulls,21700993,2018-03-11T00:00:00,CHI @ ATL,W,45.8,4.8,0.0,0.0,6.5,6.5,0.0,11.3,38.7,1.6,0.0,4.8,3.2,46.3,1,1,1,1,20864,6934,9889,9215,13587,4073,1,14025,17326,6177,1,16758,12377,9795,1.0,28:22,2017,2018
2017-18,1628021,David Nwaba,David,1610612741,CHI,Chicago Bulls,21700993,2018-03-11T00:00:00,CHI @ ATL,W,47.4,0.0,6.3,0.0,4.2,4.2,0.0,4.2,37.5,0.0,0.0,10.4,4.2,40.8,1,1,1,1,16235,12040,3469,9215,16756,2910,1,5801,18061,8133,1,24382,9722,12802,1.0,22:46,2017,2018
2017-18,203943,Noah Vonleh,Noah,1610612741,CHI,Chicago Bulls,21700993,2018-03-11T00:00:00,CHI @ ATL,W,48.5,0.0,0.0,7.7,5.1,15.4,0.0,10.3,25.6,2.6,5.1,0.0,5.1,60.5,1,1,1,1,12502,12040,9889,2136,15534,12828,1,12794,23646,3686,25385,1,7546,3943,1.0,18:56,2017,2018
2017-18,1628374,Lauri Markkanen,Lauri,1610612741,CHI,Chicago Bulls,21700977,2018-03-09T00:00:00,CHI @ DET,L,49.1,3.6,7.3,0.0,10.9,18.2,7.3,7.3,50.9,0.0,1.8,0.0,1.8,33.8,1,13054,13054,13054,10835,9038,2616,9215,8413,16034,7924,9283,8381,8133,20460,1,16728,16768,1.0,26:59,2017,2018
2017-18,201577,Robin Lopez,Robin,1610612741,CHI,Chicago Bulls,21700977,2018-03-09T00:00:00,CHI @ DET,L,50.0,8.3,0.0,0.0,25.0,0.0,0.0,0.0,33.3,0.0,0.0,4.2,0.0,47.5,1,13054,13054,13054,7980,2673,9889,9215,949,1,1,1,20357,8133,1,14704,18674,9182,1.0,12:00,2017,2018
2017-18,1627739,Kris Dunn,Kris,1610612741,CHI,Chicago Bulls,21700977,2018-03-09T00:00:00,CHI @ DET,L,52.7,4.2,0.0,4.2,20.8,12.5,8.3,8.3,54.2,0.0,0.0,6.3,0.0,60.8,1,13054,13054,13054,2569,8004,9889,5642,2011,9414,9099,10477,6451,8133,1,19965,18674,3850,1.0,25:18,2017,2018
2017-18,1628469,Antonio Blakeney,Antonio,1610612741,CHI,Chicago Bulls,21700977,2018-03-09T00:00:00,CHI @ DET,L,56.3,0.0,0.0,0.0,0.0,0.0,0.0,0.0,40.0,0.0,0.0,0.0,0.0,104.0,1,13054,13054,13054,427,12040,9889,9215,19152,1,1,1,16092,8133,1,1,18674,110,1.0,2:49,2017,2018
2017-18,1626245,Cristiano Felicio,Cristiano,1610612741,CHI,Chicago Bulls,21700977,2018-03-09T00:00:00,CHI @ DET,L,52.0,10.5,21.1,0.0,10.5,10.5,31.6,0.0,63.2,0.0,0.0,5.3,10.5,55.8,1,13054,13054,13054,3550,1438,158,9215,8733,7418,25231,1,2744,8133,1,17762,1196,5490,1.0,9:53,2017,2018
2017-18,203200,Justin Holiday,Justin,1610612741,CHI,Chicago Bulls,21700977,2018-03-09T00:00:00,CHI @ DET,L,50.0,0.0,0.0,0.0,0.0,0.0,0.0,0.0,33.3,0.0,0.0,0.0,0.0,30.8,1,13054,13054,13054,7980,12040,9889,9215,19152,1,1,1,20357,8133,1,1,18674,18281,1.0,12:00,2017,2018
2017-18,1627756,Denzel Valentine,Denzel,1610612741,CHI,Chicago Bulls,21700977,2018-03-09T00:00:00,CHI @ DET,L,50.2,0.0,0.0,0.0,3.2,16.1,12.9,4.8,45.2,0.0,0.0,6.5,0.0,43.7,1,13054,13054,13054,7369,12040,9889,9215,18111,13795,14985,6443,12426,8133,1,20420,18674,11175,1.0,31:09,2017,2018
2017-18,1626171,Bobby Portis,Bobby,1610612741,CHI,Chicago Bulls,21700977,2018-03-09T00:00:00,CHI @ DET,L,49.7,0.0,3.6,0.0,3.6,17.9,8.9,8.9,35.7,0.0,3.6,5.4,1.8,31.3,1,13054,13054,13054,8957,12040,7296,9215,17562,15743,10006,11305,19220,8133,24233,18090,16852,18084,1.0,27:50,2017,2018
2017-18,1626166,Cameron Payne,Cameron,1610612741,CHI,Chicago Bulls,21700977,2018-03-09T00:00:00,CHI @ DET,L,50.4,13.3,13.3,0.0,8.9,13.3,15.6,6.7,40.0,0.0,2.2,4.4,6.7,49.3,1,13054,13054,13054,6956,662,569,9215,10576,10468,17843,8505,16092,8133,21625,15649,4642,8269,1.0,22:41,2017,2018
2017-18,203943,Noah Vonleh,Noah,1610612741,CHI,Chicago Bulls,21700977,2018-03-09T00:00:00,CHI @ DET,L,52.2,0.0,0.0,0.0,10.8,5.4,18.9,13.5,54.1,0.0,2.7,0.0,2.7,42.4,1,13054,13054,13054,3282,12040,9889,9215,8494,3490,20832,16369,6495,8133,22749,1,14025,11901,1.0,19:19,2017,2018
2017-18,203897,Zach LaVine,Zach,1610612741,CHI,Chicago Bulls,21700977,2018-03-09T00:00:00,CHI @ DET,L,50.6,7.5,0.0,11.3,11.3,18.9,13.2,7.5,45.3,0.0,3.8,5.7,1.9,29.4,1,13054,13054,13054,6453,3392,9889,724,7965,16868,15349,9627,12380,8133,24494,18852,16447,19025,1.0,26:49,2017,2018
2017-18,1628021,David Nwaba,David,1610612741,CHI,Chicago Bulls,21700977,2018-03-09T00:00:00,CHI @ DET,L,51.6,0.0,0.0,0.0,0.0,8.9,15.6,15.6,57.8,0.0,4.4,4.4,8.9,3.1,1,13054,13054,13054,4268,12040,9889,9215,19152,5959,17843,18346,4686,8133,25031,15649,2261,25150,1.0,23:13,2017,2018
2017-18,203897,Zach LaVine,Zach,1610612741,CHI,Chicago Bulls,21700967,2018-03-07T00:00:00,CHI vs. MEM,W,46.8,0.0,2.8,2.8,19.7,23.9,9.9,12.7,39.4,0.0,0.0,1.4,4.2,44.9,1,1,1,1,18098,12040,8753,8110,2390,21088,11255,15482,16828,8133,1,5779,9646,10520,1.0,33:15,2017,2018
2017-18,203200,Justin Holiday,Justin,1610612741,CHI,Chicago Bulls,21700967,2018-03-07T00:00:00,CHI vs. MEM,W,49.6,0.0,0.0,8.6,5.7,14.3,14.3,0.0,28.6,0.0,0.0,5.7,0.0,58.0,1,1,1,1,9324,12040,9889,1655,14647,11519,16398,1,22575,8133,1,18918,18674,4724,1.0,17:21,2017,2018
2017-18,1627739,Kris Dunn,Kris,1610612741,CHI,Chicago Bulls,21700967,2018-03-07T00:00:00,CHI vs. MEM,W,47.8,6.0,4.5,3.0,11.9,26.9,11.9,10.4,32.8,1.5,0.0,7.5,11.9,65.8,1,1,1,1,15216,5214,5765,7729,7364,22564,13892,13014,20873,6680,1,22035,720,2588,1.0,32:00,2017,2018
2017-18,1628021,David Nwaba,David,1610612741,CHI,Chicago Bulls,21700967,2018-03-07T00:00:00,CHI vs. MEM,W,47.3,5.9,3.9,3.9,11.8,41.2,9.8,21.6,51.0,0.0,2.0,3.9,7.8,26.1,1,1,1,1,16768,5276,6650,6049,7424,25426,11153,22472,8344,8133,20956,13999,3190,20574,1.0,24:06,2017,2018
2017-18,1627756,Denzel Valentine,Denzel,1610612741,CHI,Chicago Bulls,21700967,2018-03-07T00:00:00,CHI vs. MEM,W,49.6,0.0,0.0,0.0,0.0,30.2,16.3,14.0,55.8,0.0,2.3,0.0,2.3,16.7,1,1,1,1,9368,12040,9889,9215,19152,23778,18532,16831,5601,8133,21869,1,15144,23487,1.0,21:19,2017,2018
2017-18,1626171,Bobby Portis,Bobby,1610612741,CHI,Chicago Bulls,21700967,2018-03-07T00:00:00,CHI vs. MEM,W,46.5,3.1,9.4,0.0,12.5,29.7,4.7,17.2,43.8,0.0,0.0,7.8,3.1,51.6,1,1,1,1,18904,10103,1496,9215,6746,23638,5218,19748,13507,8133,1,22495,12687,7250,1.0,29:47,2017,2018
2017-18,1626245,Cristiano Felicio,Cristiano,1610612741,CHI,Chicago Bulls,21700967,2018-03-07T00:00:00,CHI vs. MEM,W,50.6,0.0,0.0,0.0,0.0,25.0,25.0,5.6,44.4,0.0,0.0,11.1,5.6,29.4,1,1,1,1,6439,12040,9889,9215,19152,21516,23834,7189,12818,8133,1,24610,6552,19012,1.0,18:13,2017,2018
2017-18,1626166,Cameron Payne,Cameron,1610612741,CHI,Chicago Bulls,21700967,2018-03-07T00:00:00,CHI vs. MEM,W,48.5,9.1,0.0,0.0,12.1,30.3,12.1,18.2,66.7,0.0,3.0,3.0,6.1,42.1,1,1,1,1,12707,2159,9889,9215,7139,23788,14066,20427,1745,8133,23465,11103,5686,12077,1.0,16:00,2017,2018
2017-18,203943,Noah Vonleh,Noah,1610612741,CHI,Chicago Bulls,21700967,2018-03-07T00:00:00,CHI vs. MEM,W,48.8,22.2,14.8,0.0,7.4,48.1,18.5,22.2,59.3,0.0,0.0,3.7,3.7,48.9,1,1,1,1,11793,108,407,9215,12395,25741,20557,22698,4044,8133,1,13210,11049,8496,1.0,13:10,2017,2018
2017-18,1628374,Lauri Markkanen,Lauri,1610612741,CHI,Chicago Bulls,21700967,2018-03-07T00:00:00,CHI vs. MEM,W,47.1,5.4,0.0,9.5,16.2,20.3,9.5,9.5,37.8,0.0,0.0,1.4,4.1,42.2,1,1,1,1,17336,5993,9889,1256,4079,18205,10695,11887,17892,8133,1,5598,10122,12060,1.0,34:50,2017,2018
2017-18,203943,Noah Vonleh,Noah,1610612741,CHI,Chicago Bulls,21700953,2018-03-05T00:00:00,CHI vs. BOS,L,47.6,0.0,0.0,0.0,0.0,8.6,8.6,0.0,28.6,0.0,2.9,0.0,2.9,48.0,1,13054,13054,13054,15880,12040,9889,9215,19152,5648,9496,1,22575,8133,23120,1,13536,8931,1.0,16:39,2017,2018
2017-18,1626171,Bobby Portis,Bobby,1610612741,CHI,Chicago Bulls,21700953,2018-03-05T00:00:00,CHI vs. BOS,L,50.6,0.0,0.0,0.0,3.7,29.6,11.1,27.8,63.0,0.0,1.9,1.9,5.6,25.4,1,13054,13054,13054,6448,12040,9889,9215,17338,23607,12734,24490,2816,8133,20592,7353,6552,20834,1.0,27:19,2017,2018
2017-18,1627756,Denzel Valentine,Denzel,1610612741,CHI,Chicago Bulls,21700953,2018-03-05T00:00:00,CHI vs. BOS,L,46.9,3.3,0.0,8.2,0.0,23.0,13.1,6.6,36.1,0.0,0.0,4.9,1.6,54.1,1,13054,13054,13054,17884,9767,9889,1863,19152,20444,15248,8428,19031,8133,1,16974,17369,6169,1.0,28:36,2017,2018
2017-18,1627739,Kris Dunn,Kris,1610612741,CHI,Chicago Bulls,21700953,2018-03-05T00:00:00,CHI vs. BOS,L,51.8,0.0,0.0,3.6,3.6,30.9,12.7,23.6,61.8,0.0,1.8,5.5,1.8,32.4,1,13054,13054,13054,3913,12040,9889,6541,17449,23960,14798,23318,3128,8133,20460,18319,16728,17521,1.0,28:29,2017,2018
2017-18,1626170,Jerian Grant,Jerian,1610612741,CHI,Chicago Bulls,21700953,2018-03-05T00:00:00,CHI vs. BOS,L,47.8,18.8,18.8,31.3,0.0,6.3,6.3,0.0,12.5,0.0,0.0,0.0,6.3,78.1,1,13054,13054,13054,15043,188,208,14,19152,3944,6731,1,25333,8133,1,1,5295,915,1.0,7:39,2017,2018
2017-18,1628021,David Nwaba,David,1610612741,CHI,Chicago Bulls,21700953,2018-03-05T00:00:00,CHI vs. BOS,L,52.1,7.0,3.5,5.3,7.0,26.3,19.3,19.3,63.2,0.0,0.0,5.3,5.3,37.0,1,13054,13054,13054,3474,3915,7388,4270,12900,22297,21124,21222,2744,8133,1,17762,7179,15030,1.0,29:41,2017,2018
2017-18,1626166,Cameron Payne,Cameron,1610612741,CHI,Chicago Bulls,21700953,2018-03-05T00:00:00,CHI vs. BOS,L,46.5,9.5,4.8,11.9,9.5,11.9,11.9,4.8,28.6,0.0,0.0,2.4,0.0,50.0,1,13054,13054,13054,19078,1939,5339,603,9799,8896,13860,6321,22575,8133,1,8773,18674,7864,1.0,19:31,2017,2018
2017-18,204067,Jarell Eddie,Jarell,1610612741,CHI,Chicago Bulls,21700953,2018-03-05T00:00:00,CHI vs. BOS,L,42.6,0.0,0.0,0.0,0.0,0.0,0.0,0.0,0.0,0.0,0.0,0.0,0.0,0.0,1,13054,13054,13054,24777,12040,9889,9215,19152,1,1,1,25493,8133,1,1,18674,25240,1.0,2:59,2017,2018
2017-18,1626245,Cristiano Felicio,Cristiano,1610612741,CHI,Chicago Bulls,21700953,2018-03-05T00:00:00,CHI vs. BOS,L,48.3,4.4,4.4,4.4,17.8,17.8,17.8,0.0,31.1,0.0,0.0,4.4,0.0,41.1,1,13054,13054,13054,13337,7547,5813,5280,3235,15681,19923,1,21675,8133,1,15649,18674,12623,1.0,21:44,2017,2018
2017-18,203897,Zach LaVine,Zach,1610612741,CHI,Chicago Bulls,21700953,2018-03-05T00:00:00,CHI vs. BOS,L,50.2,0.0,3.7,1.9,3.7,25.9,7.4,27.8,59.3,0.0,0.0,3.7,3.7,23.1,1,13054,13054,13054,7602,12040,7037,9069,17338,22097,8042,24490,4044,8133,1,13210,11049,21694,1.0,27:05,2017,2018
2017-18,1628374,Lauri Markkanen,Lauri,1610612741,CHI,Chicago Bulls,21700953,2018-03-05T00:00:00,CHI vs. BOS,L,50.5,0.0,0.0,3.3,6.7,28.3,11.7,25.0,56.7,1.7,1.7,1.7,1.7,40.5,1,13054,13054,13054,6723,12040,9889,7052,13305,23180,13554,23680,5230,5944,19856,6722,17268,12997,1.0,30:18,2017,2018
2017-18,1626245,Cristiano Felicio,Cristiano,1610612741,CHI,Chicago Bulls,21700930,2018-03-02T00:00:00,CHI vs. DAL,W,51.6,4.2,4.2,0.0,8.3,16.7,10.4,4.2,37.5,0.0,2.1,4.2,4.2,17.9,1,1,1,1,4319,8004,6209,9215,11191,14231,11949,5801,18061,8133,21298,14704,9722,23213,1.0,24:45,2017,2018
2017-18,1628021,David Nwaba,David,1610612741,CHI,Chicago Bulls,21700930,2018-03-02T00:00:00,CHI vs. DAL,W,51.0,3.1,3.1,3.1,12.3,18.5,9.2,7.7,43.1,1.5,0.0,4.6,3.1,62.6,1,1,1,1,5468,10214,8207,7541,7005,16446,10374,9740,14073,6487,1,16137,12873,3344,1.0,33:09,2017,2018
2017-18,1626171,Bobby Portis,Bobby,1610612741,CHI,Chicago Bulls,21700930,2018-03-02T00:00:00,CHI vs. DAL,W,48.0,11.3,5.6,4.2,16.9,12.7,9.9,4.2,25.4,0.0,0.0,4.2,5.6,40.8,1,1,1,1,14548,1205,4223,5609,3708,9747,11255,5885,23722,8133,1,14973,6495,12798,1.0,34:03,2017,2018
2017-18,1627756,Denzel Valentine,Denzel,1610612741,CHI,Chicago Bulls,21700930,2018-03-02T00:00:00,CHI vs. DAL,W,47.8,0.0,0.0,4.3,0.0,13.0,15.2,4.3,21.7,0.0,2.2,2.2,0.0,33.9,1,1,1,1,15236,12040,9889,5400,19152,10170,17479,5968,24502,8133,21508,8245,18674,16706,1.0,21:58,2017,2018
2017-18,1626170,Jerian Grant,Jerian,1610612741,CHI,Chicago Bulls,21700930,2018-03-02T00:00:00,CHI vs. DAL,W,42.8,26.7,13.3,0.0,0.0,33.3,13.3,0.0,13.3,0.0,0.0,0.0,6.7,70.0,1,1,1,1,24676,61,569,9215,19152,24377,15425,1,25284,8133,1,1,4642,1808,1.0,6:25,2017,2018
2017-18,203943,Noah Vonleh,Noah,1610612741,CHI,Chicago Bulls,21700930,2018-03-02T00:00:00,CHI vs. DAL,W,37.3,25.0,25.0,0.0,25.0,37.5,0.0,0.0,0.0,0.0,0.0,0.0,0.0,40.0,1,1,1,1,25815,65,91,9215,949,25074,1,1,25493,8133,1,1,18674,13228,1.0,2:59,2017,2018
2017-18,203897,Zach LaVine,Zach,1610612741,CHI,Chicago Bulls,21700930,2018-03-02T00:00:00,CHI vs. DAL,W,51.4,4.5,0.0,3.0,9.0,10.4,7.5,4.5,35.8,0.0,1.5,1.5,3.0,42.4,1,1,1,1,4552,7502,9889,7729,10501,7385,8186,6111,19186,8133,19004,6095,13164,11924,1.0,34:28,2017,2018
2017-18,1627739,Kris Dunn,Kris,1610612741,CHI,Chicago Bulls,21700930,2018-03-02T00:00:00,CHI vs. DAL,W,49.7,0.0,0.0,0.0,8.7,14.5,11.6,7.2,40.6,1.4,0.0,7.2,2.9,59.3,1,1,1,1,9010,12040,9889,9215,10730,11910,13462,9255,15990,6888,1,21711,13462,4328,1.0,34:17,2017,2018
2017-18,1626166,Cameron Payne,Cameron,1610612741,CHI,Chicago Bulls,21700930,2018-03-02T00:00:00,CHI vs. DAL,W,50.8,14.8,0.0,0.0,7.4,18.5,7.4,0.0,14.8,0.0,0.0,3.7,0.0,41.5,1,1,1,1,5925,460,9889,9215,12395,16479,8042,1,25196,8133,1,13210,18674,12420,1.0,13:43,2017,2018
2017-18,1628374,Lauri Markkanen,Lauri,1610612741,CHI,Chicago Bulls,21700930,2018-03-02T00:00:00,CHI vs. DAL,W,51.1,3.0,7.5,3.0,9.0,14.9,11.9,7.5,41.8,0.0,1.5,3.0,3.0,49.1,1,1,1,1,5331,10424,2483,7729,10501,12421,13892,9539,15073,8133,19004,10995,13164,8390,1.0,34:13,2017,2018
2017-18,203897,Zach LaVine,Zach,1610612741,CHI,Chicago Bulls,21700907,2018-02-27T00:00:00,CHI @ CHA,L,49.0,2.8,7.0,2.8,11.3,25.4,8.5,8.5,53.5,0.0,2.8,2.8,4.2,40.6,1,13054,13054,13054,10911,10840,2798,8110,8046,21857,9339,10706,6827,8133,23075,10341,9646,12962,1.0,34:49,2017,2018
2017-18,203943,Noah Vonleh,Noah,1610612741,CHI,Chicago Bulls,21700907,2018-02-27T00:00:00,CHI @ CHA,L,46.5,0.0,0.0,0.0,19.4,22.6,22.6,6.5,45.2,0.0,0.0,6.5,0.0,28.7,1,13054,13054,13054,19138,12040,9889,9215,2521,20158,22995,8259,12426,8133,1,20420,18674,19372,1.0,14:24,2017,2018
2017-18,1627739,Kris Dunn,Kris,1610612741,CHI,Chicago Bulls,21700907,2018-02-27T00:00:00,CHI @ CHA,L,47.8,4.8,0.0,0.0,3.2,25.4,6.3,9.5,41.3,3.2,1.6,6.3,6.3,25.2,1,13054,13054,13054,15071,6996,9889,9215,18184,21883,6900,11917,15468,2611,19493,20275,5221,20880,1.0,30:07,2017,2018
2017-18,1627756,Denzel Valentine,Denzel,1610612741,CHI,Chicago Bulls,21700907,2018-02-27T00:00:00,CHI @ CHA,L,47.5,3.2,4.8,0.0,3.2,27.4,14.5,6.5,45.2,0.0,0.0,3.2,0.0,47.1,1,13054,13054,13054,15954,9897,5294,9215,18111,22835,16804,8259,12426,8133,1,11750,18674,9403,1.0,29:28,2017,2018
2017-18,1626245,Cristiano Felicio,Cristiano,1610612741,CHI,Chicago Bulls,21700907,2018-02-27T00:00:00,CHI @ CHA,L,48.7,11.1,3.7,3.7,14.8,20.4,3.7,11.1,33.3,0.0,3.7,5.6,0.0,48.5,1,13054,13054,13054,11932,1220,7037,6401,4968,18322,4395,13691,20357,8133,24375,18481,18674,8686,1.0,26:19,2017,2018
2017-18,1626171,Bobby Portis,Bobby,1610612741,CHI,Chicago Bulls,21700907,2018-02-27T00:00:00,CHI @ CHA,L,49.1,4.3,8.5,0.0,4.3,21.3,14.9,4.3,46.8,0.0,2.1,4.3,6.4,54.3,1,13054,13054,13054,10623,7856,1854,9215,16652,19078,17158,5901,11291,8133,21397,15065,5154,6105,1.0,23:05,2017,2018
2017-18,1626166,Cameron Payne,Cameron,1610612741,CHI,Chicago Bulls,21700907,2018-02-27T00:00:00,CHI @ CHA,L,49.7,0.0,0.0,0.0,11.1,16.7,19.4,5.6,50.0,5.6,0.0,5.6,0.0,58.9,1,13054,13054,13054,9034,12040,9889,9215,8104,14231,21227,7189,8649,809,1,18481,18674,4445,1.0,17:53,2017,2018
2017-18,1628374,Lauri Markkanen,Lauri,1610612741,CHI,Chicago Bulls,21700907,2018-02-27T00:00:00,CHI @ CHA,L,48.8,6.1,0.0,3.0,12.1,24.2,9.1,9.1,51.5,0.0,1.5,1.5,3.0,37.7,1,13054,13054,13054,11722,5050,9889,7632,7139,21268,10105,11383,8046,8133,19135,6183,12963,14602,1.0,32:12,2017,2018
2017-18,1628021,David Nwaba,David,1610612741,CHI,Chicago Bulls,21700907,2018-02-27T00:00:00,CHI @ CHA,L,47.3,4.5,6.0,3.0,9.0,13.4,10.4,9.0,32.8,1.5,1.5,7.5,3.0,49.6,1,13054,13054,13054,16507,7502,3840,7729,10501,10682,11985,11333,20873,6680,19004,22035,13164,8163,1.0,31:43,2017,2018
2017-18,1626245,Cristiano Felicio,Cristiano,1610612741,CHI,Chicago Bulls,21700899,2018-02-26T00:00:00,CHI @ BKN,L,48.8,3.3,0.0,0.0,6.6,26.2,9.8,9.8,42.6,0.0,0.0,4.9,1.6,13.3,1,13054,13054,13054,11700,9767,9889,9215,13483,22283,11196,12335,14429,8133,1,16974,17369,24194,1.0,29:46,2017,2018
2017-18,203200,Justin Holiday,Justin,1610612741,CHI,Chicago Bulls,21700899,2018-02-26T00:00:00,CHI @ BKN,L,46.4,0.0,0.0,0.0,0.0,15.8,3.9,7.9,44.7,1.3,1.3,2.6,2.6,22.5,1,13054,13054,13054,19209,12040,9889,9215,19152,13383,4622,10052,12773,7551,18029,9600,14250,21899,1.0,35:17,2017,2018
2017-18,1627739,Kris Dunn,Kris,1610612741,CHI,Chicago Bulls,21700899,2018-02-26T00:00:00,CHI @ BKN,L,48.3,3.2,4.8,3.2,15.9,25.4,9.5,9.5,54.0,3.2,3.2,3.2,4.8,64.4,1,13054,13054,13054,13169,9987,5339,7341,4316,21883,10721,11917,6563,2611,23734,11622,8292,2894,1.0,30:27,2017,2018
2017-18,1626171,Bobby Portis,Bobby,1610612741,CHI,Chicago Bulls,21700899,2018-02-26T00:00:00,CHI @ BKN,L,46.5,0.0,6.7,0.0,13.3,0.0,0.0,8.9,40.0,4.4,0.0,0.0,8.9,65.1,1,13054,13054,13054,18940,12040,3072,9215,6013,1,1,11242,16092,1384,1,1,2261,2747,1.0,20:56,2017,2018
2017-18,203943,Noah Vonleh,Noah,1610612741,CHI,Chicago Bulls,21700899,2018-02-26T00:00:00,CHI @ BKN,L,43.7,0.0,5.9,0.0,11.8,0.0,0.0,11.8,29.4,5.9,0.0,0.0,8.8,65.0,1,13054,13054,13054,24030,12040,3879,9215,7424,1,1,14446,22383,709,1,1,2301,2765,1.0,14:51,2017,2018
2017-18,1626166,Cameron Payne,Cameron,1610612741,CHI,Chicago Bulls,21700899,2018-02-26T00:00:00,CHI @ BKN,L,43.9,0.0,0.0,0.0,0.0,0.0,0.0,10.0,25.0,0.0,5.0,2.5,7.5,40.0,1,13054,13054,13054,23841,12040,9889,9215,19152,1,1,12407,23734,8133,25312,9141,3549,13228,1.0,17:33,2017,2018
2017-18,1628374,Lauri Markkanen,Lauri,1610612741,CHI,Chicago Bulls,21700899,2018-02-26T00:00:00,CHI @ BKN,L,48.3,3.2,6.3,4.8,12.7,25.4,9.5,9.5,54.0,0.0,1.6,1.6,4.8,40.0,1,13054,13054,13054,13169,9987,3430,4845,6666,21883,10721,11917,6563,8133,19493,6440,8292,13228,1.0,30:27,2017,2018
2017-18,1627756,Denzel Valentine,Denzel,1610612741,CHI,Chicago Bulls,21700899,2018-02-26T00:00:00,CHI @ BKN,L,47.8,9.7,0.0,8.1,0.0,14.5,4.8,6.5,32.3,0.0,4.8,0.0,0.0,53.4,1,13054,13054,13054,15096,1875,9889,1946,19152,11943,5327,8259,21129,8133,25260,1,18674,6434,1.0,29:38,2017,2018
2017-18,1628021,David Nwaba,David,1610612741,CHI,Chicago Bulls,21700899,2018-02-26T00:00:00,CHI @ BKN,L,47.1,0.0,6.1,3.0,3.0,16.7,9.1,15.2,51.5,0.0,0.0,3.0,1.5,30.6,1,13054,13054,13054,17262,12040,3681,7632,18405,14231,10105,17942,8046,8133,1,11103,17800,18393,1.0,31:05,2017,2018
2017-18,1626166,Cameron Payne,Cameron,1610612741,CHI,Chicago Bulls,21700888,2018-02-24T00:00:00,CHI @ MIN,L,42.4,0.0,4.4,0.0,17.8,11.1,11.1,4.4,48.9,2.2,2.2,4.4,2.2,43.8,1,13054,13054,13054,24893,12040,5813,9215,3235,7928,12734,6055,9882,4352,21625,15649,15424,11139,1.0,19:05,2017,2018
2017-18,1628021,David Nwaba,David,1610612741,CHI,Chicago Bulls,21700888,2018-02-24T00:00:00,CHI @ MIN,L,44.8,2.7,2.7,10.7,16.0,14.7,10.7,5.3,53.3,0.0,0.0,2.7,2.7,30.4,1,13054,13054,13054,22612,11179,9068,873,4200,12143,12294,6956,6855,8133,1,9793,14203,18493,1.0,33:37,2017,2018
2017-18,203897,Zach LaVine,Zach,1610612741,CHI,Chicago Bulls,21700888,2018-02-24T00:00:00,CHI @ MIN,L,42.9,2.7,0.0,5.4,18.9,16.2,9.5,5.4,56.8,1.4,1.4,1.4,6.8,57.7,1,13054,13054,13054,24620,11092,9889,4092,2698,13898,10695,6999,5181,7393,18194,5598,4602,4822,1.0,31:44,2017,2018
2017-18,1626171,Bobby Portis,Bobby,1610612741,CHI,Chicago Bulls,21700888,2018-02-24T00:00:00,CHI @ MIN,L,43.3,13.3,4.4,4.4,13.3,13.3,6.7,4.4,40.0,0.0,0.0,6.7,2.2,45.1,1,13054,13054,13054,24310,662,5813,5280,6013,10468,7202,6055,16092,8133,1,20740,15424,10421,1.0,19:30,2017,2018
2017-18,1627756,Denzel Valentine,Denzel,1610612741,CHI,Chicago Bulls,21700888,2018-02-24T00:00:00,CHI @ MIN,L,44.4,3.2,3.2,0.0,3.2,17.5,11.1,6.3,47.6,0.0,1.6,6.3,0.0,27.3,1,13054,13054,13054,23138,9987,8024,9215,18184,15344,12734,8175,10708,8133,19493,20275,18674,20030,1.0,28:00,2017,2018
2017-18,1626170,Jerian Grant,Jerian,1610612741,CHI,Chicago Bulls,21700888,2018-02-24T00:00:00,CHI @ MIN,L,44.2,0.0,0.0,0.0,0.0,0.0,33.3,0.0,66.7,0.0,0.0,0.0,0.0,0.0,1,13054,13054,13054,23502,12040,9889,9215,19152,1,25352,1,1745,8133,1,1,18674,25240,1.0,2:39,2017,2018
2017-18,1627739,Kris Dunn,Kris,1610612741,CHI,Chicago Bulls,21700888,2018-02-24T00:00:00,CHI @ MIN,L,44.5,0.0,0.0,3.1,0.0,18.5,10.8,6.2,55.4,4.6,1.5,7.7,1.5,46.2,1,13054,13054,13054,23084,12040,9889,7541,19152,16446,12404,7943,5823,1276,19263,22219,17716,9865,1.0,28:55,2017,2018
2017-18,203943,Noah Vonleh,Noah,1610612741,CHI,Chicago Bulls,21700888,2018-02-24T00:00:00,CHI @ MIN,L,43.3,0.0,0.0,0.0,6.3,6.3,15.6,6.3,37.5,0.0,0.0,0.0,3.1,61.6,1,13054,13054,13054,24374,12040,9889,9215,13884,3944,17896,7999,18061,8133,1,1,12687,3627,1.0,13:51,2017,2018
2017-18,1628374,Lauri Markkanen,Lauri,1610612741,CHI,Chicago Bulls,21700888,2018-02-24T00:00:00,CHI @ MIN,L,43.8,0.0,0.0,2.7,2.7,19.2,9.6,5.5,60.3,2.7,0.0,1.4,4.1,25.2,1,13054,13054,13054,23953,12040,9889,8271,18806,17160,10886,7156,3688,3371,1,5658,9955,20890,1.0,31:57,2017,2018
2017-18,1626245,Cristiano Felicio,Cristiano,1610612741,CHI,Chicago Bulls,21700888,2018-02-24T00:00:00,CHI @ MIN,L,43.9,5.7,2.9,0.0,14.3,17.1,12.9,5.7,60.0,2.9,0.0,2.9,1.4,33.0,1,13054,13054,13054,23862,5519,8663,9215,5279,14953,14951,7409,3702,3091,1,10444,18105,17194,1.0,30:42,2017,2018
2017-18,1626171,Bobby Portis,Bobby,1610612741,CHI,Chicago Bulls,21700870,2018-02-22T00:00:00,CHI vs. PHI,L,46.0,9.6,15.1,2.7,21.9,15.1,9.6,0.0,38.4,0.0,2.7,5.5,4.1,67.9,1,13054,13054,13054,20248,1928,388,8271,1704,12559,10886,1,17587,8133,22890,18417,9955,2186,1.0,33:35,2017,2018
2017-18,203943,Noah Vonleh,Noah,1610612741,CHI,Chicago Bulls,21700870,2018-02-22T00:00:00,CHI vs. PHI,L,47.1,0.0,0.0,0.0,0.0,19.4,2.8,0.0,27.8,0.0,0.0,0.0,5.6,33.1,1,13054,13054,13054,17147,12040,9889,9215,19152,17382,3837,1,23030,8133,1,1,6552,17177,1.0,16:58,2017,2018
2017-18,1628021,David Nwaba,David,1610612741,CHI,Chicago Bulls,21700870,2018-02-22T00:00:00,CHI vs. PHI,L,48.1,13.0,0.0,2.9,17.4,20.3,10.1,7.2,46.4,1.4,0.0,8.7,1.4,57.7,1,13054,13054,13054,14132,721,9889,7926,3405,18231,11615,9255,11592,6888,1,23312,18021,4829,1.0,33:10,2017,2018
2017-18,1627756,Denzel Valentine,Denzel,1610612741,CHI,Chicago Bulls,21700870,2018-02-22T00:00:00,CHI vs. PHI,L,46.5,0.0,5.5,0.0,3.6,16.4,5.5,0.0,36.4,0.0,0.0,7.3,0.0,36.0,1,13054,13054,13054,19126,12040,4428,9215,17449,14065,5944,1,18750,8133,1,21729,18674,15586,1.0,25:33,2017,2018
2017-18,1627835,Paul Zipser,Paul,1610612741,CHI,Chicago Bulls,21700870,2018-02-22T00:00:00,CHI vs. PHI,L,44.3,12.5,0.0,0.0,0.0,12.5,0.0,0.0,25.0,0.0,0.0,6.3,0.0,31.3,1,13054,13054,13054,23367,815,9889,9215,19152,9414,1,1,23734,8133,1,19965,18674,18084,1.0,7:05,2017,2018
2017-18,1627739,Kris Dunn,Kris,1610612741,CHI,Chicago Bulls,21700870,2018-02-22T00:00:00,CHI vs. PHI,L,45.8,0.0,0.0,0.0,3.3,18.0,13.1,8.2,59.0,0.0,1.6,4.9,3.3,36.6,1,13054,13054,13054,20719,12040,9889,9215,18009,15954,15248,10400,4154,8133,19729,16974,12277,15271,1.0,27:57,2017,2018
2017-18,1628374,Lauri Markkanen,Lauri,1610612741,CHI,Chicago Bulls,21700870,2018-02-22T00:00:00,CHI vs. PHI,L,45.3,0.0,0.0,0.0,2.8,15.3,11.1,6.9,50.0,1.4,0.0,1.4,5.6,20.3,1,13054,13054,13054,21798,12040,9889,9215,18764,12790,12734,8932,8649,7217,1,5719,6552,22578,1.0,32:37,2017,2018
2017-18,1626166,Cameron Payne,Cameron,1610612741,CHI,Chicago Bulls,21700870,2018-02-22T00:00:00,CHI vs. PHI,L,47.7,0.0,0.0,0.0,9.5,16.7,2.4,0.0,23.8,2.4,2.4,2.4,0.0,56.9,1,13054,13054,13054,15287,12040,9889,9215,9799,14231,3688,1,24109,4035,22008,8773,18674,5087,1.0,20:03,2017,2018
2017-18,1626245,Cristiano Felicio,Cristiano,1610612741,CHI,Chicago Bulls,21700870,2018-02-22T00:00:00,CHI vs. PHI,L,47.7,0.0,0.0,0.0,16.0,28.0,8.0,20.0,72.0,4.0,0.0,12.0,4.0,38.4,1,13054,13054,13054,15530,12040,9889,9215,4200,23054,8748,21501,1180,1723,1,24948,10187,14241,1.0,11:55,2017,2018
2017-18,203897,Zach LaVine,Zach,1610612741,CHI,Chicago Bulls,21700870,2018-02-22T00:00:00,CHI vs. PHI,L,45.8,4.4,5.9,0.0,2.9,16.2,11.8,7.4,52.9,0.0,1.5,4.4,5.9,45.0,1,13054,13054,13054,20848,7626,3879,9215,18528,13868,13608,9387,7122,8133,18871,15565,5961,10460,1.0,31:07,2017,2018
2017-18,1626170,Jerian Grant,Jerian,1610612741,CHI,Chicago Bulls,21700859,2018-02-14T00:00:00,CHI vs. TOR,L,46.5,0.0,0.0,0.0,8.0,0.0,4.0,8.0,56.0,0.0,2.0,0.0,4.0,43.8,1,13054,13054,13054,18909,12040,9889,9215,11634,1,4630,10135,5486,8133,21064,1,10187,11131,1.0,23:16,2017,2018
2017-18,1627835,Paul Zipser,Paul,1610612741,CHI,Chicago Bulls,21700859,2018-02-14T00:00:00,CHI vs. TOR,L,47.3,0.0,0.0,0.0,0.0,9.7,6.5,12.9,64.5,3.2,0.0,6.5,0.0,37.4,1,13054,13054,13054,16749,12040,9889,9215,19152,6611,6982,15707,2426,2511,1,20420,18674,14826,1.0,14:39,2017,2018
2017-18,203200,Justin Holiday,Justin,1610612741,CHI,Chicago Bulls,21700859,2018-02-14T00:00:00,CHI vs. TOR,L,48.5,0.0,0.0,5.4,3.6,5.4,14.3,8.9,64.3,0.0,0.0,1.8,1.8,16.8,1,13054,13054,13054,12624,12040,9889,4198,17562,3472,16398,11305,2486,8133,1,7142,16852,23472,1.0,27:10,2017,2018
2017-18,1628021,David Nwaba,David,1610612741,CHI,Chicago Bulls,21700859,2018-02-14T00:00:00,CHI vs. TOR,L,44.4,0.0,4.3,8.5,8.5,10.6,4.3,12.8,38.3,2.1,0.0,6.4,6.4,38.7,1,13054,13054,13054,23172,12040,6078,1685,11043,7587,4831,15579,17614,4557,1,20334,5154,14058,1.0,20:53,2017,2018
2017-18,1627739,Kris Dunn,Kris,1610612741,CHI,Chicago Bulls,21700859,2018-02-14T00:00:00,CHI vs. TOR,L,47.1,0.0,0.0,0.0,4.8,19.0,19.0,11.9,66.7,0.0,0.0,4.8,4.8,45.5,1,13054,13054,13054,17105,12040,9889,9215,16045,17001,20923,14669,1745,8133,1,16444,8292,10244,1.0,19:48,2017,2018
2017-18,1627756,Denzel Valentine,Denzel,1610612741,CHI,Chicago Bulls,21700859,2018-02-14T00:00:00,CHI vs. TOR,L,48.8,0.0,0.0,0.0,9.3,0.0,4.7,4.7,55.8,0.0,4.7,7.0,2.3,38.4,1,13054,13054,13054,11819,12040,9889,9215,10094,1,5155,6222,5601,8133,25155,21318,15144,14261,1.0,20:58,2017,2018
2017-18,1627853,Ryan Arcidiacono,Ryan,1610612741,CHI,Chicago Bulls,21700859,2018-02-14T00:00:00,CHI vs. TOR,L,44.8,0.0,0.0,0.0,0.0,0.0,0.0,0.0,36.4,0.0,0.0,0.0,9.1,10.9,1,13054,13054,13054,22569,12040,9889,9215,19152,1,1,1,18750,8133,1,1,2018,24531,1.0,4:56,2017,2018
2017-18,1628374,Lauri Markkanen,Lauri,1610612741,CHI,Chicago Bulls,21700859,2018-02-14T00:00:00,CHI vs. TOR,L,48.1,0.0,0.0,0.0,15.4,9.6,15.4,9.6,65.4,3.8,0.0,1.9,7.7,55.2,1,13054,13054,13054,13867,12040,9889,9215,4528,6581,17571,12090,2257,1866,1,7570,3273,5725,1.0,25:02,2017,2018
2017-18,1626171,Bobby Portis,Bobby,1610612741,CHI,Chicago Bulls,21700859,2018-02-14T00:00:00,CHI vs. TOR,L,48.8,13.3,0.0,15.6,22.2,11.1,4.4,13.3,57.8,2.2,2.2,2.2,6.7,64.7,1,13054,13054,13054,11759,662,9889,236,1531,7928,4981,16103,4686,4352,21625,8375,4642,2841,1.0,21:57,2017,2018
2017-18,1626245,Cristiano Felicio,Cristiano,1610612741,CHI,Chicago Bulls,21700859,2018-02-14T00:00:00,CHI vs. TOR,L,45.4,0.0,0.0,0.0,0.0,0.0,0.0,0.0,30.8,0.0,0.0,0.0,7.7,23.1,1,13054,13054,13054,21629,12040,9889,9215,19152,1,1,1,21767,8133,1,1,3273,21716,1.0,5:54,2017,2018
2017-18,203897,Zach LaVine,Zach,1610612741,CHI,Chicago Bulls,21700859,2018-02-14T00:00:00,CHI vs. TOR,L,49.1,0.0,3.6,0.0,10.9,14.5,14.5,9.1,76.4,0.0,5.5,3.6,3.6,28.9,1,13054,13054,13054,10835,12040,7181,9215,8413,11981,16837,11383,799,8133,25496,13046,11283,19287,1.0,26:59,2017,2018
2017-18,203943,Noah Vonleh,Noah,1610612741,CHI,Chicago Bulls,21700859,2018-02-14T00:00:00,CHI vs. TOR,L,45.4,0.0,0.0,0.0,15.4,0.0,0.0,0.0,30.8,0.0,0.0,0.0,7.7,52.3,1,13054,13054,13054,21629,12040,9889,9215,4528,1,1,1,21767,8133,1,1,3273,6907,1.0,5:54,2017,2018
2017-18,201577,Robin Lopez,Robin,1610612741,CHI,Chicago Bulls,21700859,2018-02-14T00:00:00,CHI vs. TOR,L,49.1,0.0,8.7,0.0,21.7,6.5,17.4,6.5,69.6,2.2,2.2,2.2,2.2,42.4,1,13054,13054,13054,10857,12040,1749,9215,1759,4148,19583,8392,1429,4458,21508,8245,15567,11923,1.0,22:34,2017,2018
2017-18,201577,Robin Lopez,Robin,1610612741,CHI,Chicago Bulls,21700844,2018-02-12T00:00:00,CHI vs. ORL,W,51.3,0.0,3.9,0.0,7.8,13.7,5.9,3.9,39.2,2.0,2.0,2.0,3.9,48.0,1,1,1,1,4898,12040,6650,9215,11895,11019,6336,5569,16999,4955,20956,7674,10484,8921,1.0,26:09,2017,2018
2017-18,203897,Zach LaVine,Zach,1610612741,CHI,Chicago Bulls,21700844,2018-02-12T00:00:00,CHI vs. ORL,W,49.6,3.0,0.0,6.0,11.9,17.9,4.5,6.0,29.9,0.0,4.5,3.0,3.0,52.1,1,1,1,1,9376,10424,9889,3504,7364,15816,5041,7717,22228,8133,25061,10995,13164,7001,1.0,33:12,2017,2018
2017-18,1627756,Denzel Valentine,Denzel,1610612741,CHI,Chicago Bulls,21700844,2018-02-12T00:00:00,CHI vs. ORL,W,48.2,5.3,0.0,0.0,15.8,13.2,13.2,23.7,31.6,0.0,0.0,2.6,2.6,47.6,1,1,1,1,13814,6198,9889,9215,4352,10314,15302,23337,21421,8133,1,9600,14250,9117,1.0,18:18,2017,2018
2017-18,1626171,Bobby Portis,Bobby,1610612741,CHI,Chicago Bulls,21700844,2018-02-12T00:00:00,CHI vs. ORL,W,48.4,7.4,3.7,0.0,11.1,18.5,13.0,20.4,29.6,0.0,3.7,1.9,1.9,59.1,1,1,1,1,12910,3489,7037,9215,8104,16479,15091,21895,22290,8133,24375,7353,16575,4389,1.0,26:09,2017,2018
2017-18,203200,Justin Holiday,Justin,1610612741,CHI,Chicago Bulls,21700844,2018-02-12T00:00:00,CHI vs. ORL,W,50.1,0.0,0.0,0.0,5.8,17.4,4.3,5.8,29.0,0.0,0.0,0.0,1.4,30.1,1,1,1,1,7832,12040,9889,9215,14573,15221,4894,7549,22552,8133,1,1,18021,18623,1.0,34:33,2017,2018
2017-18,1627853,Ryan Arcidiacono,Ryan,1610612741,CHI,Chicago Bulls,21700844,2018-02-12T00:00:00,CHI vs. ORL,W,53.2,0.0,0.0,0.0,0.0,0.0,38.5,15.4,61.5,0.0,0.0,0.0,0.0,11.5,1,1,1,1,2010,12040,9889,9215,19152,1,25684,18095,3169,8133,1,1,18674,24437,1.0,6:55,2017,2018
2017-18,1628374,Lauri Markkanen,Lauri,1610612741,CHI,Chicago Bulls,21700844,2018-02-12T00:00:00,CHI vs. ORL,W,49.0,0.0,3.2,3.2,22.2,22.2,1.6,12.7,28.6,1.6,0.0,1.6,6.3,50.2,1,1,1,1,11079,12040,8024,7341,1531,19778,3603,15508,22575,6276,1,6440,5221,7839,1.0,30:52,2017,2018
2017-18,1626170,Jerian Grant,Jerian,1610612741,CHI,Chicago Bulls,21700844,2018-02-12T00:00:00,CHI vs. ORL,W,50.4,2.7,0.0,0.0,10.8,23.0,4.1,14.9,32.4,1.4,0.0,4.1,4.1,49.3,1,1,1,1,6862,11092,9889,9215,8494,20467,4699,17725,21057,7393,1,14434,10122,8280,1.0,37:20,2017,2018
2017-18,1627835,Paul Zipser,Paul,1610612741,CHI,Chicago Bulls,21700844,2018-02-12T00:00:00,CHI vs. ORL,W,49.4,0.0,11.5,0.0,0.0,11.5,19.2,19.2,38.5,0.0,3.8,7.7,0.0,21.9,1,1,1,1,9929,12040,878,9215,19152,8463,21062,21165,17476,8133,24535,22219,18674,22092,1.0,12:50,2017,2018
2017-18,1628021,David Nwaba,David,1610612741,CHI,Chicago Bulls,21700844,2018-02-12T00:00:00,CHI vs. ORL,W,47.3,3.4,0.0,0.0,0.0,17.2,17.2,31.0,41.4,0.0,0.0,6.9,13.8,28.3,1,1,1,1,16775,9405,9889,9215,19152,15073,19474,25083,15340,8133,1,21157,401,19587,1.0,13:42,2017,2018
2017-18,1628021,David Nwaba,David,1610612741,CHI,Chicago Bulls,21700829,2018-02-10T00:00:00,CHI vs. WAS,L,48.6,3.6,3.6,9.1,14.5,3.6,7.3,3.6,36.4,0.0,1.8,3.6,7.3,38.7,1,13054,13054,13054,12332,9038,7181,1373,5180,2711,7924,5323,18750,8133,20460,13046,3887,14054,1.0,26:44,2017,2018
2017-18,1627756,Denzel Valentine,Denzel,1610612741,CHI,Chicago Bulls,21700829,2018-02-10T00:00:00,CHI vs. WAS,L,52.1,3.0,0.0,10.6,6.1,18.2,3.0,12.1,48.5,0.0,1.5,3.0,0.0,46.2,1,13054,13054,13054,3482,10311,9889,889,14149,16034,3978,14882,10137,8133,19135,11103,18674,9837,1.0,34:22,2017,2018
2017-18,1627835,Paul Zipser,Paul,1610612741,CHI,Chicago Bulls,21700829,2018-02-10T00:00:00,CHI vs. WAS,L,53.8,11.5,0.0,11.5,0.0,0.0,3.8,0.0,46.2,3.8,0.0,0.0,0.0,67.7,1,13054,13054,13054,1430,1118,9889,682,19152,1,4513,1,11649,1866,1,1,18674,2229,1.0,14:00,2017,2018
2017-18,201577,Robin Lopez,Robin,1610612741,CHI,Chicago Bulls,21700829,2018-02-10T00:00:00,CHI vs. WAS,L,48.4,3.5,3.5,0.0,14.0,21.1,5.3,14.0,42.1,1.8,0.0,1.8,0.0,33.0,1,13054,13054,13054,13121,9298,7388,9215,5577,18862,5702,16924,14775,5615,1,7040,18674,17205,1.0,27:34,2017,2018
2017-18,1627853,Ryan Arcidiacono,Ryan,1610612741,CHI,Chicago Bulls,21700829,2018-02-10T00:00:00,CHI vs. WAS,L,52.3,0.0,0.0,0.0,0.0,0.0,5.6,0.0,55.6,0.0,0.0,5.6,5.6,26.1,1,13054,13054,13054,3107,12040,9889,9215,19152,1,5985,1,5695,8133,1,18481,6552,20553,1.0,9:25,2017,2018
2017-18,1626170,Jerian Grant,Jerian,1610612741,CHI,Chicago Bulls,21700829,2018-02-10T00:00:00,CHI vs. WAS,L,50.1,2.7,0.0,0.0,0.0,19.2,5.5,13.7,38.4,0.0,0.0,2.7,4.1,42.7,1,13054,13054,13054,7722,11020,9889,9215,19152,17160,5966,16557,17587,8133,1,10064,9955,11719,1.0,36:35,2017,2018
2017-18,1626171,Bobby Portis,Bobby,1610612741,CHI,Chicago Bulls,21700829,2018-02-10T00:00:00,CHI vs. WAS,L,49.1,0.0,0.0,0.0,4.3,8.7,4.3,8.7,39.1,0.0,0.0,8.7,8.7,44.1,1,13054,13054,13054,10843,12040,9889,9215,16532,5730,4894,10978,17048,8133,1,23312,2403,10941,1.0,22:34,2017,2018
2017-18,1628374,Lauri Markkanen,Lauri,1610612741,CHI,Chicago Bulls,21700829,2018-02-10T00:00:00,CHI vs. WAS,L,51.6,0.0,7.8,4.7,9.4,18.8,6.3,12.5,43.8,0.0,1.6,3.1,3.1,43.8,1,13054,13054,13054,4276,12040,2257,4968,10036,16691,6731,15165,13507,8133,19389,11424,12687,11150,1.0,33:01,2017,2018
2017-18,203200,Justin Holiday,Justin,1610612741,CHI,Chicago Bulls,21700829,2018-02-10T00:00:00,CHI vs. WAS,L,50.4,4.2,0.0,2.8,2.8,19.7,5.6,14.1,39.4,0.0,0.0,2.8,4.2,43.8,1,13054,13054,13054,7088,7957,9889,8110,18704,17682,6116,16978,16828,8133,1,10341,9646,11130,1.0,35:45,2017,2018
2017-18,1627853,Ryan Arcidiacono,Ryan,1610612741,CHI,Chicago Bulls,21700822,2018-02-09T00:00:00,CHI vs. MIN,W,42.9,15.0,0.0,0.0,0.0,25.0,35.0,0.0,30.0,0.0,0.0,5.0,5.0,31.0,1,1,1,1,24592,440,9889,9215,19152,21516,25529,1,22129,8133,1,17097,7757,18204,1.0,8:35,2017,2018
2017-18,1627835,Paul Zipser,Paul,1610612741,CHI,Chicago Bulls,21700822,2018-02-09T00:00:00,CHI vs. MIN,W,43.9,13.6,0.0,0.0,0.0,22.7,31.8,0.0,36.4,4.5,0.0,13.6,0.0,27.3,1,1,1,1,23856,613,9889,9215,19152,20240,25263,1,18750,1295,1,25324,18674,20043,1.0,9:39,2017,2018
2017-18,203897,Zach LaVine,Zach,1610612741,CHI,Chicago Bulls,21700822,2018-02-09T00:00:00,CHI vs. MIN,W,48.0,7.2,2.9,2.9,23.2,10.1,8.7,5.8,63.8,0.0,5.8,2.9,10.1,68.8,1,1,1,1,14497,3696,8553,7926,1375,7088,9616,7549,2618,8133,25586,10683,1391,2014,1.0,33:06,2017,2018
2017-18,1628021,David Nwaba,David,1610612741,CHI,Chicago Bulls,21700822,2018-02-09T00:00:00,CHI vs. MIN,W,50.6,0.0,0.0,0.0,0.0,20.8,29.2,0.0,41.7,4.2,0.0,4.2,0.0,46.3,1,1,1,1,6373,12040,9889,9215,19152,18701,24910,1,15119,1587,1,14704,18674,9809,1.0,12:09,2017,2018
2017-18,1628374,Lauri Markkanen,Lauri,1610612741,CHI,Chicago Bulls,21700822,2018-02-09T00:00:00,CHI vs. MIN,W,49.8,0.0,2.8,4.2,8.3,9.7,11.1,5.6,61.1,0.0,0.0,1.4,4.2,25.7,1,1,1,1,8615,12040,8847,5642,11191,6670,12734,7189,3384,8133,1,5719,9722,20726,1.0,35:52,2017,2018
2017-18,201577,Robin Lopez,Robin,1610612741,CHI,Chicago Bulls,21700822,2018-02-09T00:00:00,CHI vs. MIN,W,46.8,1.7,0.0,0.0,16.9,11.9,10.2,3.4,57.6,1.7,0.0,3.4,8.5,36.6,1,1,1,1,18133,11872,9889,9215,3673,8859,11645,5126,4748,5831,1,12343,2594,15250,1.0,27:37,2017,2018
2017-18,1626170,Jerian Grant,Jerian,1610612741,CHI,Chicago Bulls,21700822,2018-02-09T00:00:00,CHI vs. MIN,W,48.2,2.6,2.6,3.8,5.1,9.0,10.3,5.1,53.8,0.0,0.0,2.6,3.8,51.4,1,1,1,1,13842,11370,9245,6163,15534,6044,11742,6714,6597,8133,1,9357,10635,7320,1.0,37:34,2017,2018
2017-18,203200,Justin Holiday,Justin,1610612741,CHI,Chicago Bulls,21700822,2018-02-09T00:00:00,CHI vs. MIN,W,47.4,2.7,0.0,0.0,0.0,9.3,8.0,5.3,56.0,0.0,0.0,2.7,2.7,36.3,1,1,1,1,16186,11179,9889,9215,19152,6339,8748,6956,5486,8133,1,9793,14203,15451,1.0,35:35,2017,2018
2017-18,1626171,Bobby Portis,Bobby,1610612741,CHI,Chicago Bulls,21700822,2018-02-09T00:00:00,CHI vs. MIN,W,47.5,8.3,4.2,4.2,8.3,10.4,18.8,4.2,37.5,2.1,0.0,6.3,2.1,43.3,1,1,1,1,16124,2673,6209,5642,11191,7350,20687,5801,18061,4644,1,19965,15830,11352,1.0,22:47,2017,2018
2017-18,1627756,Denzel Valentine,Denzel,1610612741,CHI,Chicago Bulls,21700822,2018-02-09T00:00:00,CHI vs. MIN,W,46.3,5.4,5.4,0.0,5.4,13.5,29.7,0.0,32.4,0.0,0.0,5.4,0.0,29.2,1,1,1,1,19622,5993,4475,9215,15129,10777,24990,1,21057,8133,1,18178,18674,19148,1.0,17:07,2017,2018
2017-18,1628021,David Nwaba,David,1610612741,CHI,Chicago Bulls,21700795,2018-02-05T00:00:00,CHI @ SAC,L,54.6,0.0,0.0,0.0,0.0,8.7,0.0,0.0,34.8,0.0,8.7,0.0,0.0,5.2,1,13054,13054,13054,972,12040,9889,9215,19152,5730,1,1,19708,8133,25944,1,18674,25037,1.0,12:33,2017,2018
2017-18,203897,Zach LaVine,Zach,1610612741,CHI,Chicago Bulls,21700795,2018-02-05T00:00:00,CHI @ SAC,L,51.3,8.2,8.2,6.6,16.4,18.0,19.7,11.5,52.5,0.0,1.6,3.3,4.9,56.7,1,13054,13054,13054,4831,2839,2028,2965,3996,15954,21393,14218,7441,8133,19729,11976,8016,5159,1.0,31:18,2017,2018
2017-18,1627853,Ryan Arcidiacono,Ryan,1610612741,CHI,Chicago Bulls,21700795,2018-02-05T00:00:00,CHI @ SAC,L,54.9,0.0,0.0,0.0,0.0,0.0,0.0,0.0,33.3,0.0,0.0,0.0,0.0,10.0,1,13054,13054,13054,845,12040,9889,9215,19152,1,1,1,20357,8133,1,1,18674,24624,1.0,6:35,2017,2018
2017-18,1626171,Bobby Portis,Bobby,1610612741,CHI,Chicago Bulls,21700795,2018-02-05T00:00:00,CHI @ SAC,L,48.4,0.0,3.0,0.0,9.0,13.4,14.9,14.9,47.8,0.0,1.5,3.0,6.0,68.4,1,13054,13054,13054,13110,12040,8379,9215,10501,10682,17195,17781,10663,8133,19004,10995,5898,2111,1.0,32:24,2017,2018
2017-18,203200,Justin Holiday,Justin,1610612741,CHI,Chicago Bulls,21700795,2018-02-05T00:00:00,CHI @ SAC,L,48.9,0.0,0.0,0.0,0.0,15.1,16.4,13.7,46.6,0.0,0.0,4.1,4.1,42.2,1,13054,13054,13054,11362,12040,9889,9215,19152,12559,18704,16557,11465,8133,1,14636,9955,12038,1.0,35:42,2017,2018
2017-18,1627756,Denzel Valentine,Denzel,1610612741,CHI,Chicago Bulls,21700795,2018-02-05T00:00:00,CHI @ SAC,L,48.2,0.0,0.0,4.3,13.0,4.3,0.0,6.5,26.1,0.0,0.0,4.3,2.2,48.7,1,13054,13054,13054,13540,12040,9889,5400,6350,2977,1,8392,23515,8133,1,15253,15567,8592,1.0,22:11,2017,2018
2017-18,1626245,Cristiano Felicio,Cristiano,1610612741,CHI,Chicago Bulls,21700795,2018-02-05T00:00:00,CHI @ SAC,L,55.6,3.1,3.1,0.0,0.0,18.8,21.9,12.5,56.3,0.0,3.1,9.4,3.1,35.6,1,13054,13054,13054,581,10103,8119,9215,19152,16691,22637,15165,5383,8133,23621,23822,12687,15824,1.0,17:48,2017,2018
2017-18,1626170,Jerian Grant,Jerian,1610612741,CHI,Chicago Bulls,21700795,2018-02-05T00:00:00,CHI @ SAC,L,48.9,2.7,0.0,0.0,0.0,17.6,16.2,13.5,48.6,0.0,0.0,4.1,5.4,24.7,1,13054,13054,13054,11446,11092,9889,9215,19152,15472,18451,16369,10006,8133,1,14434,6952,21107,1.0,36:10,2017,2018
2017-18,1627835,Paul Zipser,Paul,1610612741,CHI,Chicago Bulls,21700795,2018-02-05T00:00:00,CHI @ SAC,L,53.6,0.0,5.0,0.0,0.0,18.3,11.7,5.0,46.7,1.7,0.0,5.0,1.7,36.3,1,13054,13054,13054,1657,12040,5014,9215,19152,16306,13554,6579,11371,5944,1,17097,17268,15406,1.0,32:09,2017,2018
2017-18,201577,Robin Lopez,Robin,1610612741,CHI,Chicago Bulls,21700795,2018-02-05T00:00:00,CHI @ SAC,L,48.7,0.0,7.4,0.0,7.4,0.0,0.0,11.1,22.2,0.0,0.0,11.1,0.0,17.4,1,13054,13054,13054,12006,12040,2496,9215,12395,1,1,13691,24338,8133,1,24610,18674,23321,1.0,13:09,2017,2018
2017-18,1627853,Ryan Arcidiacono,Ryan,1610612741,CHI,Chicago Bulls,21700775,2018-02-03T00:00:00,CHI @ LAC,L,46.0,0.0,0.0,0.0,14.3,0.0,0.0,42.9,42.9,0.0,0.0,0.0,0.0,35.7,1,13054,13054,13054,20210,12040,9889,9215,5279,1,1,25802,14144,8133,1,1,18674,15754,1.0,6:27,2017,2018
2017-18,1626171,Bobby Portis,Bobby,1610612741,CHI,Chicago Bulls,21700775,2018-02-03T00:00:00,CHI @ LAC,L,45.2,7.3,7.3,3.6,10.9,12.7,7.3,56.4,61.8,0.0,3.6,3.6,9.1,54.7,1,13054,13054,13054,21953,3662,2616,6541,8413,9816,7924,26004,3128,8133,24340,13046,2018,5904,1.0,24:52,2017,2018
2017-18,1628021,David Nwaba,David,1610612741,CHI,Chicago Bulls,21700775,2018-02-03T00:00:00,CHI @ LAC,L,44.7,0.0,0.0,0.0,0.0,0.0,7.1,75.0,78.6,0.0,0.0,3.6,3.6,12.5,1,13054,13054,13054,22859,12040,9889,9215,19152,1,7711,26074,688,8133,1,12812,11401,24296,1.0,12:30,2017,2018
2017-18,203200,Justin Holiday,Justin,1610612741,CHI,Chicago Bulls,21700775,2018-02-03T00:00:00,CHI @ LAC,L,45.3,3.5,0.0,3.5,2.4,12.9,7.1,18.8,40.0,1.2,0.0,2.4,0.0,28.0,1,13054,13054,13054,21848,9285,9889,6746,19108,10092,7704,20936,16092,7998,1,8752,18674,19701,1.0,38:29,2017,2018
2017-18,1627756,Denzel Valentine,Denzel,1610612741,CHI,Chicago Bulls,21700775,2018-02-03T00:00:00,CHI @ LAC,L,43.8,0.0,0.0,4.7,9.3,11.6,4.7,58.1,69.8,2.3,0.0,9.3,2.3,41.2,1,13054,13054,13054,23887,12040,9889,5004,10094,8580,5155,26014,1407,4146,1,23785,15144,12597,1.0,18:51,2017,2018
2017-18,1627835,Paul Zipser,Paul,1610612741,CHI,Chicago Bulls,21700775,2018-02-03T00:00:00,CHI @ LAC,L,45.2,0.0,3.4,0.0,3.4,6.9,3.4,10.3,44.8,1.7,0.0,5.2,1.7,43.1,1,13054,13054,13054,21921,12040,7498,9215,17740,4360,4221,12882,12690,5728,1,17644,17051,11499,1.0,26:14,2017,2018
2017-18,201577,Robin Lopez,Robin,1610612741,CHI,Chicago Bulls,21700775,2018-02-03T00:00:00,CHI @ LAC,L,45.9,5.1,2.5,0.0,7.6,13.9,7.6,20.3,43.0,1.3,0.0,0.0,2.5,43.2,1,13054,13054,13054,20386,6586,9322,9215,12240,11277,8338,21833,14118,7776,1,1,14650,11468,1.0,36:18,2017,2018
2017-18,1626245,Cristiano Felicio,Cristiano,1610612741,CHI,Chicago Bulls,21700775,2018-02-03T00:00:00,CHI @ LAC,L,45.3,0.0,10.5,0.0,21.1,0.0,0.0,68.4,52.6,0.0,0.0,5.3,5.3,33.7,1,13054,13054,13054,21801,12040,1117,9215,1924,1,1,26065,7271,8133,1,17762,7179,16839,1.0,8:36,2017,2018
2017-18,203897,Zach LaVine,Zach,1610612741,CHI,Chicago Bulls,21700775,2018-02-03T00:00:00,CHI @ LAC,L,45.8,2.9,0.0,11.8,8.8,8.8,2.9,22.1,44.1,0.0,2.9,7.4,4.4,60.0,1,13054,13054,13054,20820,10529,9889,619,10658,5897,3912,22682,13243,8133,23300,21861,9160,4034,1.0,31:07,2017,2018
2017-18,1626170,Jerian Grant,Jerian,1610612741,CHI,Chicago Bulls,21700775,2018-02-03T00:00:00,CHI @ LAC,L,45.7,0.0,3.8,5.0,5.0,13.8,7.5,20.0,42.5,0.0,1.3,2.5,5.0,32.8,1,13054,13054,13054,20878,12040,7012,4548,15725,11059,8217,21501,14539,8133,17715,9141,7757,17338,1.0,36:36,2017,2018
2017-18,1627835,Paul Zipser,Paul,1610612741,CHI,Chicago Bulls,21700759,2018-01-31T00:00:00,CHI @ POR,L,47.6,0.0,7.1,0.0,0.0,9.5,16.7,19.0,19.0,0.0,0.0,2.4,2.4,28.3,1,13054,13054,13054,15675,12040,2662,9215,19152,6448,18748,21039,24849,8133,1,8773,14990,19559,1.0,20:00,2017,2018
2017-18,201577,Robin Lopez,Robin,1610612741,CHI,Chicago Bulls,21700759,2018-01-31T00:00:00,CHI @ POR,L,47.4,0.0,0.0,0.0,10.0,11.7,21.7,23.3,40.0,1.7,0.0,3.3,1.7,21.5,1,13054,13054,13054,16410,12040,9889,9215,9269,8622,22541,23181,16092,5944,1,12117,17268,22212,1.0,28:25,2017,2018
2017-18,1628469,Antonio Blakeney,Antonio,1610612741,CHI,Chicago Bulls,21700759,2018-01-31T00:00:00,CHI @ POR,L,42.9,0.0,0.0,33.3,13.3,0.0,0.0,13.3,0.0,0.0,0.0,0.0,6.7,46.7,1,13054,13054,13054,24617,12040,9889,9,6013,1,1,16103,25493,8133,1,1,4642,9587,1.0,6:26,2017,2018
2017-18,203897,Zach LaVine,Zach,1610612741,CHI,Chicago Bulls,21700759,2018-01-31T00:00:00,CHI @ POR,L,48.8,10.9,0.0,10.9,4.3,15.2,19.6,10.9,52.2,2.2,4.3,4.3,8.7,73.9,1,13054,13054,13054,11662,1329,9889,831,16532,12712,21319,13549,7589,4458,24929,15253,2403,1324,1.0,22:27,2017,2018
2017-18,202347,Quincy Pondexter,Quincy,1610612741,CHI,Chicago Bulls,21700759,2018-01-31T00:00:00,CHI @ POR,L,42.9,0.0,0.0,0.0,0.0,0.0,0.0,13.3,0.0,0.0,0.0,0.0,0.0,48.0,1,13054,13054,13054,24617,12040,9889,9215,19152,1,1,16103,25493,8133,1,1,18674,8931,1.0,6:26,2017,2018
2017-18,1626171,Bobby Portis,Bobby,1610612741,CHI,Chicago Bulls,21700759,2018-01-31T00:00:00,CHI @ POR,L,47.5,3.4,6.8,3.4,10.2,6.8,10.2,13.6,47.5,1.7,1.7,1.7,0.0,47.5,1,13054,13054,13054,16149,9536,3030,6952,9176,4300,11645,16433,10863,5831,19971,6820,18674,9225,1.0,28:00,2017,2018
2017-18,1626245,Cristiano Felicio,Cristiano,1610612741,CHI,Chicago Bulls,21700759,2018-01-31T00:00:00,CHI @ POR,L,47.8,9.8,12.2,4.9,19.5,2.4,0.0,4.9,29.3,2.4,0.0,4.9,4.9,62.2,1,13054,13054,13054,15241,1832,774,4723,2458,2461,1,6459,22456,3926,1,16837,8091,3452,1.0,19:35,2017,2018
2017-18,1628021,David Nwaba,David,1610612741,CHI,Chicago Bulls,21700759,2018-01-31T00:00:00,CHI @ POR,L,48.7,6.9,10.3,3.4,13.8,3.4,0.0,13.8,34.5,0.0,6.9,6.9,13.8,47.6,1,13054,13054,13054,12160,4007,1186,6851,5724,2645,1,16640,19909,8133,25783,21157,401,9151,1.0,14:07,2017,2018
2017-18,1627756,Denzel Valentine,Denzel,1610612741,CHI,Chicago Bulls,21700759,2018-01-31T00:00:00,CHI @ POR,L,46.5,3.9,0.0,7.8,7.8,2.0,13.7,17.6,35.3,0.0,0.0,2.0,2.0,53.3,1,13054,13054,13054,18974,8511,9889,2089,11895,2421,15915,20065,19434,8133,1,7674,16214,6439,1.0,23:43,2017,2018
2017-18,1626170,Jerian Grant,Jerian,1610612741,CHI,Chicago Bulls,21700759,2018-01-31T00:00:00,CHI @ POR,L,47.4,0.0,0.0,0.0,8.0,14.0,20.0,20.0,40.0,0.0,0.0,2.0,8.0,48.2,1,13054,13054,13054,16316,12040,9889,9215,11634,11340,21469,21501,16092,8133,1,7778,3025,8841,1.0,23:42,2017,2018
2017-18,203200,Justin Holiday,Justin,1610612741,CHI,Chicago Bulls,21700759,2018-01-31T00:00:00,CHI @ POR,L,47.3,0.0,0.0,0.0,3.1,10.9,20.3,21.9,40.6,0.0,1.6,3.1,1.6,20.9,1,13054,13054,13054,16645,12040,9889,9215,18261,7873,21809,22598,15947,8133,19389,11424,17647,22392,1.0,30:16,2017,2018
2017-18,1627853,Ryan Arcidiacono,Ryan,1610612741,CHI,Chicago Bulls,21700759,2018-01-31T00:00:00,CHI @ POR,L,48.2,5.7,0.0,0.0,5.7,2.9,0.0,5.7,28.6,0.0,0.0,5.7,0.0,30.6,1,13054,13054,13054,13530,5519,9889,9215,14647,2515,1,7409,22575,8133,1,18918,18674,18413,1.0,16:53,2017,2018
2017-18,202703,Nikola Mirotic,Nikola,1610612741,CHI,Chicago Bulls,21700731,2018-01-28T00:00:00,CHI vs. MIL,L,46.7,5.1,3.4,5.1,6.8,16.9,6.8,11.9,23.7,1.7,0.0,1.7,0.0,33.1,1,13054,13054,13054,18435,6551,7622,4498,13218,14784,7369,14637,24132,5831,1,6820,18674,17181,1.0,27:33,2017,2018
2017-18,1628021,David Nwaba,David,1610612741,CHI,Chicago Bulls,21700731,2018-01-28T00:00:00,CHI vs. MIL,L,48.4,0.0,0.0,0.0,0.0,23.5,11.8,14.7,23.5,2.9,0.0,5.9,2.9,15.3,1,13054,13054,13054,12891,12040,9889,9215,19152,20781,13608,17556,24143,2961,1,19207,13244,23791,1.0,16:28,2017,2018
2017-18,202347,Quincy Pondexter,Quincy,1610612741,CHI,Chicago Bulls,21700731,2018-01-28T00:00:00,CHI vs. MIL,L,50.0,0.0,0.0,0.0,0.0,0.0,0.0,0.0,0.0,0.0,0.0,0.0,0.0,40.0,1,13054,13054,13054,7980,12040,9889,9215,19152,1,1,1,25493,8133,1,1,18674,13228,1.0,1:30,2017,2018
2017-18,1627756,Denzel Valentine,Denzel,1610612741,CHI,Chicago Bulls,21700731,2018-01-28T00:00:00,CHI vs. MIL,L,48.1,3.2,0.0,0.0,12.7,19.0,6.3,15.9,25.4,0.0,0.0,4.8,0.0,47.6,1,13054,13054,13054,14127,9987,9889,9215,6666,17001,6900,18622,23707,8133,1,16444,18674,9126,1.0,30:17,2017,2018
2017-18,203897,Zach LaVine,Zach,1610612741,CHI,Chicago Bulls,21700731,2018-01-28T00:00:00,CHI vs. MIL,L,49.0,3.7,3.7,0.0,7.4,9.3,9.3,13.0,37.0,0.0,1.9,7.4,1.9,49.1,1,13054,13054,13054,11115,8897,7037,9215,12395,6272,10420,15794,18418,8133,20592,21890,16575,8413,1.0,26:27,2017,2018
2017-18,203200,Justin Holiday,Justin,1610612741,CHI,Chicago Bulls,21700731,2018-01-28T00:00:00,CHI vs. MIL,L,48.5,0.0,4.6,0.0,0.0,12.3,7.7,15.4,36.9,0.0,0.0,6.2,0.0,41.7,1,13054,13054,13054,12619,12040,5597,9215,19152,9357,8354,18095,18512,8133,1,19894,18674,12308,1.0,31:32,2017,2018
2017-18,1626171,Bobby Portis,Bobby,1610612741,CHI,Chicago Bulls,21700731,2018-01-28T00:00:00,CHI vs. MIL,L,44.0,13.3,6.7,0.0,6.7,26.7,13.3,23.3,33.3,0.0,0.0,0.0,13.3,41.7,1,13054,13054,13054,23697,662,3072,9215,13305,22444,15425,23181,20357,8133,1,1,446,12315,1.0,13:12,2017,2018
2017-18,1626245,Cristiano Felicio,Cristiano,1610612741,CHI,Chicago Bulls,21700731,2018-01-28T00:00:00,CHI vs. MIL,L,56.7,0.0,0.0,0.0,66.7,0.0,0.0,0.0,0.0,0.0,0.0,0.0,0.0,66.7,1,13054,13054,13054,367,12040,9889,9215,6,1,1,1,25493,8133,1,1,18674,2403,1.0,1:42,2017,2018
2017-18,1626170,Jerian Grant,Jerian,1610612741,CHI,Chicago Bulls,21700731,2018-01-28T00:00:00,CHI vs. MIL,L,49.8,0.0,0.0,3.1,6.3,15.6,7.8,15.6,37.5,0.0,0.0,1.6,6.3,38.0,1,13054,13054,13054,8645,12040,9889,7444,13884,13236,8584,18403,18061,8133,1,6353,5295,14481,1.0,31:52,2017,2018
2017-18,201577,Robin Lopez,Robin,1610612741,CHI,Chicago Bulls,21700731,2018-01-28T00:00:00,CHI vs. MIL,L,48.8,0.0,0.0,0.0,20.0,15.0,12.5,20.0,45.0,0.0,2.5,0.0,5.0,44.8,1,13054,13054,13054,11576,12040,9889,9215,2204,12453,14368,21501,12567,8133,22293,1,7757,10616,1.0,19:32,2017,2018
2017-18,1627853,Ryan Arcidiacono,Ryan,1610612741,CHI,Chicago Bulls,21700731,2018-01-28T00:00:00,CHI vs. MIL,L,47.5,0.0,0.0,0.0,0.0,41.7,33.3,25.0,33.3,0.0,0.0,8.3,0.0,12.5,1,13054,13054,13054,16004,12040,9889,9215,19152,25467,25352,23680,20357,8133,1,22938,18674,24296,1.0,5:42,2017,2018
2017-18,1628374,Lauri Markkanen,Lauri,1610612741,CHI,Chicago Bulls,21700731,2018-01-28T00:00:00,CHI vs. MIL,L,49.3,3.0,4.5,4.5,12.1,12.1,7.6,12.1,33.3,0.0,1.5,3.0,6.1,43.9,1,13054,13054,13054,10199,10311,5648,5119,7139,9114,8306,14882,20357,8133,19135,11103,5686,11057,1.0,32:31,2017,2018
2017-18,1627835,Paul Zipser,Paul,1610612741,CHI,Chicago Bulls,21700731,2018-01-28T00:00:00,CHI vs. MIL,L,56.7,0.0,0.0,0.0,0.0,0.0,0.0,0.0,0.0,0.0,33.3,0.0,0.0,0.0,1,13054,13054,13054,367,12040,9889,9215,19152,1,1,1,25493,8133,26101,1,18674,25240,1.0,1:42,2017,2018
2017-18,1627853,Ryan Arcidiacono,Ryan,1610612741,CHI,Chicago Bulls,21700717,2018-01-26T00:00:00,CHI vs. LAL,L,45.6,0.0,0.0,0.0,0.0,0.0,0.0,0.0,25.0,0.0,0.0,0.0,0.0,15.0,1,13054,13054,13054,21137,12040,9889,9215,19152,1,1,1,23734,8133,1,1,18674,23832,1.0,3:39,2017,2018
2017-18,203200,Justin Holiday,Justin,1610612741,CHI,Chicago Bulls,21700717,2018-01-26T00:00:00,CHI vs. LAL,L,47.6,2.7,2.7,2.7,2.7,16.4,11.0,34.2,46.6,0.0,0.0,5.5,4.1,21.6,1,13054,13054,13054,15792,11020,8928,8271,18806,14183,12688,25411,11465,8133,1,18417,9955,22165,1.0,34:44,2017,2018
2017-18,1626170,Jerian Grant,Jerian,1610612741,CHI,Chicago Bulls,21700717,2018-01-26T00:00:00,CHI vs. LAL,L,49.8,0.0,0.0,0.0,3.3,18.0,21.3,36.1,55.7,0.0,0.0,4.9,4.9,46.2,1,13054,13054,13054,8597,12040,9889,9215,18009,15954,22363,25521,5646,8133,1,16974,8016,9831,1.0,30:23,2017,2018
2017-18,1627756,Denzel Valentine,Denzel,1610612741,CHI,Chicago Bulls,21700717,2018-01-26T00:00:00,CHI vs. LAL,L,46.3,0.0,0.0,0.0,3.1,30.8,7.7,40.0,52.3,1.5,1.5,7.7,0.0,55.7,1,13054,13054,13054,19638,12040,9889,9215,18340,23888,8354,25693,7540,6487,19263,22219,18674,5539,1.0,30:04,2017,2018
2017-18,1626171,Bobby Portis,Bobby,1610612741,CHI,Chicago Bulls,21700717,2018-01-26T00:00:00,CHI vs. LAL,L,49.8,0.0,20.5,0.0,18.2,18.2,0.0,22.7,40.9,0.0,0.0,2.3,4.5,62.0,1,13054,13054,13054,8459,12040,174,9215,2966,16034,1,22967,15728,8133,1,8495,8772,3492,1.0,21:56,2017,2018
2017-18,202703,Nikola Mirotic,Nikola,1610612741,CHI,Chicago Bulls,21700717,2018-01-26T00:00:00,CHI vs. LAL,L,45.0,0.0,0.0,0.0,3.8,15.1,13.2,20.8,45.3,3.8,0.0,1.9,5.7,60.9,1,13054,13054,13054,22399,12040,9889,9215,17256,12586,15349,22102,12380,1955,1,7470,6438,3822,1.0,23:50,2017,2018
2017-18,203897,Zach LaVine,Zach,1610612741,CHI,Chicago Bulls,21700717,2018-01-26T00:00:00,CHI vs. LAL,L,46.8,0.0,0.0,5.5,0.0,16.4,10.9,30.9,58.2,0.0,1.8,7.3,5.5,25.6,1,13054,13054,13054,18100,12040,9889,4055,19152,14065,12595,25072,4489,8133,20460,21729,6874,20750,1.0,25:45,2017,2018
2017-18,1628374,Lauri Markkanen,Lauri,1610612741,CHI,Chicago Bulls,21700717,2018-01-26T00:00:00,CHI vs. LAL,L,46.7,4.5,0.0,3.0,0.0,22.7,12.1,37.9,51.5,4.5,0.0,3.0,6.1,47.3,1,13054,13054,13054,18311,7356,9889,7632,19152,20240,14066,25619,8046,1295,1,11103,5686,9320,1.0,30:51,2017,2018
2017-18,201577,Robin Lopez,Robin,1610612741,CHI,Chicago Bulls,21700717,2018-01-26T00:00:00,CHI vs. LAL,L,48.5,0.0,5.0,0.0,15.0,22.5,27.5,50.0,70.0,2.5,0.0,2.5,7.5,35.8,1,13054,13054,13054,12806,12040,5014,9215,4839,20100,24589,25909,1368,3806,1,9141,3549,15742,1.0,19:23,2017,2018
2017-18,1628021,David Nwaba,David,1610612741,CHI,Chicago Bulls,21700717,2018-01-26T00:00:00,CHI vs. LAL,L,47.4,9.8,0.0,9.8,19.5,19.5,17.1,22.0,48.8,0.0,2.4,9.8,4.9,35.4,1,13054,13054,13054,16443,1832,9889,1140,2458,17459,19315,22631,9927,8133,22138,24041,8091,15963,1.0,19:25,2017,2018
2017-18,1626170,Jerian Grant,Jerian,1610612741,CHI,Chicago Bulls,21700704,2018-01-24T00:00:00,CHI @ PHI,L,45.3,5.4,0.0,0.0,3.6,7.1,5.4,12.5,28.6,0.0,0.0,5.4,1.8,24.5,1,13054,13054,13054,21799,6128,9889,9215,17562,4514,5837,15165,22575,8133,1,18090,16852,21227,1.0,25:22,2017,2018
2017-18,1628021,David Nwaba,David,1610612741,CHI,Chicago Bulls,21700704,2018-01-24T00:00:00,CHI @ PHI,L,50.2,0.0,4.7,4.7,9.3,9.3,0.0,18.6,37.2,0.0,2.3,4.7,7.0,55.8,1,13054,13054,13054,7401,12040,5511,5004,10094,6299,1,20780,18335,8133,21869,16224,4310,5481,1.0,21:36,2017,2018
2017-18,1626171,Bobby Portis,Bobby,1610612741,CHI,Chicago Bulls,21700704,2018-01-24T00:00:00,CHI @ PHI,L,48.7,3.8,15.4,5.8,23.1,5.8,3.8,5.8,23.1,0.0,1.9,1.9,11.5,90.8,1,13054,13054,13054,11946,8638,343,3682,1386,3715,4513,7531,24246,8133,20854,7570,824,295,1.0,25:20,2017,2018
2017-18,203200,Justin Holiday,Justin,1610612741,CHI,Chicago Bulls,21700704,2018-01-24T00:00:00,CHI @ PHI,L,44.9,5.3,0.0,0.0,3.5,14.0,8.8,24.6,38.6,0.0,1.8,3.5,0.0,11.8,1,13054,13054,13054,22444,6198,9889,9215,17650,11389,9820,23641,17424,8133,20213,12694,18674,24409,1.0,25:37,2017,2018
2017-18,1627853,Ryan Arcidiacono,Ryan,1610612741,CHI,Chicago Bulls,21700704,2018-01-24T00:00:00,CHI @ PHI,L,48.3,0.0,0.0,0.0,0.0,13.5,5.4,13.5,37.8,0.0,0.0,0.0,0.0,8.6,1,13054,13054,13054,13272,12040,9889,9215,19152,10777,5860,16369,17892,8133,1,1,18674,24788,1.0,17:53,2017,2018
2017-18,203897,Zach LaVine,Zach,1610612741,CHI,Chicago Bulls,21700704,2018-01-24T00:00:00,CHI @ PHI,L,48.1,0.0,4.0,4.0,16.0,8.0,0.0,8.0,28.0,0.0,0.0,2.0,4.0,67.8,1,13054,13054,13054,13997,12040,6500,5896,4200,5158,1,10135,22967,8133,1,7778,10187,2214,1.0,24:03,2017,2018
2017-18,202347,Quincy Pondexter,Quincy,1610612741,CHI,Chicago Bulls,21700704,2018-01-24T00:00:00,CHI @ PHI,L,56.3,0.0,0.0,0.0,0.0,25.0,0.0,0.0,0.0,0.0,0.0,0.0,0.0,0.0,1,13054,13054,13054,443,12040,9889,9215,19152,21516,1,1,25493,8133,1,1,18674,25240,1.0,2:15,2017,2018
2017-18,201577,Robin Lopez,Robin,1610612741,CHI,Chicago Bulls,21700704,2018-01-24T00:00:00,CHI @ PHI,L,45.8,0.0,0.0,0.0,4.9,14.6,0.0,22.0,34.1,2.4,2.4,2.4,0.0,34.6,1,13054,13054,13054,20816,12040,9889,9215,15888,12087,1,22631,20105,3926,22138,8945,18674,16361,1.0,18:46,2017,2018
2017-18,1626245,Cristiano Felicio,Cristiano,1610612741,CHI,Chicago Bulls,21700704,2018-01-24T00:00:00,CHI @ PHI,L,49.8,0.0,0.0,0.0,0.0,14.3,0.0,28.6,28.6,0.0,0.0,0.0,0.0,20.0,1,13054,13054,13054,8752,12040,9889,9215,19152,11519,1,24627,22575,8133,1,1,18674,22620,1.0,3:29,2017,2018
2017-18,1627835,Paul Zipser,Paul,1610612741,CHI,Chicago Bulls,21700704,2018-01-24T00:00:00,CHI @ PHI,L,49.8,0.0,0.0,0.0,0.0,14.3,0.0,28.6,28.6,14.3,0.0,0.0,0.0,42.9,1,13054,13054,13054,8752,12040,9889,9215,19152,11519,1,24627,22575,40,1,1,18674,11624,1.0,3:29,2017,2018
2017-18,1628374,Lauri Markkanen,Lauri,1610612741,CHI,Chicago Bulls,21700704,2018-01-24T00:00:00,CHI @ PHI,L,44.4,0.0,3.9,0.0,11.8,15.7,5.9,25.5,39.2,0.0,2.0,2.0,3.9,36.5,1,13054,13054,13054,23133,12040,6650,9215,7424,13312,6336,23937,16999,8133,20956,7674,10484,15314,1.0,22:40,2017,2018
2017-18,202703,Nikola Mirotic,Nikola,1610612741,CHI,Chicago Bulls,21700704,2018-01-24T00:00:00,CHI @ PHI,L,46.0,0.0,0.0,0.0,7.1,7.1,8.9,8.9,28.6,0.0,3.6,0.0,8.9,33.2,1,13054,13054,13054,20294,12040,9889,9215,12721,4514,10006,11305,22575,8133,24233,1,2234,17103,1.0,25:45,2017,2018
2017-18,1627756,Denzel Valentine,Denzel,1610612741,CHI,Chicago Bulls,21700704,2018-01-24T00:00:00,CHI @ PHI,L,46.6,3.9,0.0,3.9,0.0,11.8,9.8,15.7,23.5,0.0,0.0,7.8,2.0,33.5,1,13054,13054,13054,18815,8511,9889,6049,19152,8686,11153,18469,24143,8133,1,22528,16214,16939,1.0,23:45,2017,2018
2017-18,1626171,Bobby Portis,Bobby,1610612741,CHI,Chicago Bulls,21700692,2018-01-22T00:00:00,CHI @ NOP,L,46.1,0.0,6.3,0.0,18.8,18.8,12.5,6.3,50.0,0.0,0.0,9.4,6.3,46.6,1,13054,13054,13054,20144,12040,3469,9215,2758,16691,14368,7999,8649,8133,1,23822,5295,9657,1.0,14:44,2017,2018
2017-18,202703,Nikola Mirotic,Nikola,1610612741,CHI,Chicago Bulls,21700692,2018-01-22T00:00:00,CHI @ NOP,L,44.4,0.0,0.0,5.4,3.6,14.3,10.7,7.1,50.0,0.0,0.0,7.1,7.1,47.9,1,13054,13054,13054,23232,12040,9889,4198,17562,11519,12322,9057,8649,8133,1,21458,3982,9003,1.0,24:52,2017,2018
2017-18,1628374,Lauri Markkanen,Lauri,1610612741,CHI,Chicago Bulls,21700692,2018-01-22T00:00:00,CHI @ NOP,L,48.8,4.9,0.0,2.5,9.9,19.8,19.8,12.3,46.9,2.5,1.2,4.9,7.4,54.8,1,13054,13054,13054,11737,6766,9889,8781,9500,17726,21455,15150,11242,3912,17661,17077,3658,5867,1.0,39:31,2017,2018
2017-18,203897,Zach LaVine,Zach,1610612741,CHI,Chicago Bulls,21700692,2018-01-22T00:00:00,CHI @ NOP,L,44.9,11.1,0.0,7.4,22.2,24.1,16.7,7.4,55.6,0.0,0.0,1.9,7.4,48.1,1,13054,13054,13054,22463,1220,9889,2318,1531,21170,18748,9414,5695,8133,1,7353,3658,8865,1.0,24:16,2017,2018
2017-18,201577,Robin Lopez,Robin,1610612741,CHI,Chicago Bulls,21700692,2018-01-22T00:00:00,CHI @ NOP,L,50.3,2.6,2.6,0.0,25.6,17.9,20.5,12.8,41.0,1.3,1.3,6.4,2.6,37.6,1,13054,13054,13054,7162,11370,9245,9215,894,15855,21900,15626,15641,7698,17847,20405,14470,14706,1.0,39:15,2017,2018
2017-18,203200,Justin Holiday,Justin,1610612741,CHI,Chicago Bulls,21700692,2018-01-22T00:00:00,CHI @ NOP,L,48.3,0.0,0.0,0.0,7.0,18.6,20.9,9.3,46.5,0.0,0.0,2.3,2.3,30.1,1,13054,13054,13054,13157,12040,9889,9215,12991,16591,22153,11690,11499,8133,1,8633,15144,18633,1.0,41:35,2017,2018
2017-18,1627756,Denzel Valentine,Denzel,1610612741,CHI,Chicago Bulls,21700692,2018-01-22T00:00:00,CHI @ NOP,L,47.1,3.7,0.0,7.4,2.5,14.8,18.5,12.3,39.5,1.2,0.0,6.2,0.0,29.5,1,13054,13054,13054,17102,8897,9889,2318,19052,12253,20557,15150,16790,7871,1,19952,18674,18984,1.0,38:11,2017,2018
2017-18,1626170,Jerian Grant,Jerian,1610612741,CHI,Chicago Bulls,21700692,2018-01-22T00:00:00,CHI @ NOP,L,46.8,0.0,0.0,2.0,5.9,18.8,19.8,9.9,43.6,1.0,0.0,4.0,5.9,50.0,1,13054,13054,13054,18183,12040,9889,9053,14408,16829,21468,12406,13703,8131,1,14172,5960,7864,1.0,47:15,2017,2018
2017-18,1628021,David Nwaba,David,1610612741,CHI,Chicago Bulls,21700692,2018-01-22T00:00:00,CHI @ NOP,L,44.4,5.7,8.6,5.7,11.4,17.1,17.1,5.7,40.0,2.9,2.9,8.6,5.7,44.6,1,13054,13054,13054,23164,5519,1825,3721,7823,14953,19383,7409,16092,3091,23120,23230,6313,10710,1.0,15:33,2017,2018
2017-18,1627853,Ryan Arcidiacono,Ryan,1610612741,CHI,Chicago Bulls,21700692,2018-01-22T00:00:00,CHI @ NOP,L,48.0,0.0,0.0,0.0,0.0,0.0,0.0,0.0,60.0,0.0,0.0,10.0,0.0,0.0,1,13054,13054,13054,14512,12040,9889,9215,19152,1,1,1,3702,8133,1,24099,18674,25240,1.0,4:48,2017,2018
2017-18,1627756,Denzel Valentine,Denzel,1610612741,CHI,Chicago Bulls,21700675,2018-01-20T00:00:00,CHI @ ATL,W,47.3,6.4,6.4,6.4,0.0,23.4,6.4,14.9,34.0,0.0,0.0,12.8,0.0,44.9,1,1,1,1,16767,4701,3406,3136,19152,20731,6945,17747,20158,8133,1,25176,18674,10543,1.0,22:13,2017,2018
2017-18,1628021,David Nwaba,David,1610612741,CHI,Chicago Bulls,21700675,2018-01-20T00:00:00,CHI @ ATL,W,49.2,0.0,0.0,0.0,8.7,30.4,17.4,15.2,43.5,0.0,0.0,4.3,0.0,22.2,1,1,1,1,10488,12040,9889,9215,10730,23823,19583,18012,13704,8133,1,15253,18674,22020,1.0,22:37,2017,2018
2017-18,203200,Justin Holiday,Justin,1610612741,CHI,Chicago Bulls,21700675,2018-01-20T00:00:00,CHI @ ATL,W,46.9,0.0,0.0,0.0,0.0,11.4,4.3,14.3,22.9,0.0,1.4,2.9,7.1,41.1,1,1,1,1,17869,12040,9889,9215,19152,8358,4891,17034,24283,8133,18633,10444,3982,12608,1.0,32:49,2017,2018
2017-18,1626171,Bobby Portis,Bobby,1610612741,CHI,Chicago Bulls,21700675,2018-01-20T00:00:00,CHI @ ATL,W,46.8,0.0,5.1,0.0,15.4,28.2,17.9,5.1,46.2,0.0,0.0,7.7,5.1,68.2,1,1,1,1,18036,12040,4869,9215,4528,23141,20078,6714,11649,8133,1,22219,7546,2134,1.0,18:16,2017,2018
2017-18,1628374,Lauri Markkanen,Lauri,1610612741,CHI,Chicago Bulls,21700675,2018-01-20T00:00:00,CHI @ ATL,W,47.1,3.1,0.0,4.7,25.0,12.5,3.1,18.8,28.1,0.0,1.6,0.0,7.8,39.5,1,1,1,1,17132,10103,9889,4968,949,9414,4029,20848,22924,8133,19389,1,3224,13622,1.0,30:10,2017,2018
2017-18,201577,Robin Lopez,Robin,1610612741,CHI,Chicago Bulls,21700675,2018-01-20T00:00:00,CHI @ ATL,W,47.4,0.0,3.8,3.8,30.2,9.4,0.0,17.0,30.2,0.0,1.9,5.7,1.9,52.8,1,1,1,1,16263,12040,6926,6297,401,6404,1,19583,22083,8133,20743,18852,16447,6670,1.0,25:08,2017,2018
2017-18,203897,Zach LaVine,Zach,1610612741,CHI,Chicago Bulls,21700675,2018-01-20T00:00:00,CHI @ ATL,W,47.1,0.0,0.0,2.6,0.0,12.8,10.3,10.3,41.0,0.0,2.6,5.1,5.1,46.9,1,1,1,1,17385,12040,9889,8631,19152,9907,11742,12794,15641,8133,22432,17508,7546,9485,1.0,18:21,2017,2018
2017-18,202347,Quincy Pondexter,Quincy,1610612741,CHI,Chicago Bulls,21700675,2018-01-20T00:00:00,CHI @ ATL,W,53.8,0.0,0.0,0.0,0.0,0.0,0.0,0.0,50.0,0.0,0.0,0.0,0.0,30.0,1,1,1,1,1498,12040,9889,9215,19152,1,1,1,8649,8133,1,1,18674,18636,1.0,2:09,2017,2018
2017-18,1627853,Ryan Arcidiacono,Ryan,1610612741,CHI,Chicago Bulls,21700675,2018-01-20T00:00:00,CHI @ ATL,W,47.7,6.4,0.0,0.0,0.0,29.8,19.1,10.6,34.0,0.0,0.0,6.4,8.5,36.2,1,1,1,1,15315,4701,9889,9215,19152,23667,21017,13259,20158,8133,1,20334,2573,15506,1.0,22:26,2017,2018
2017-18,1626170,Jerian Grant,Jerian,1610612741,CHI,Chicago Bulls,21700675,2018-01-20T00:00:00,CHI @ ATL,W,47.3,0.0,0.0,0.0,3.7,9.3,0.0,16.7,33.3,0.0,0.0,1.9,0.0,48.5,1,1,1,1,16488,12040,9889,9215,17338,6272,1,19132,20357,8133,1,7353,18674,8686,1.0,25:34,2017,2018
2017-18,202703,Nikola Mirotic,Nikola,1610612741,CHI,Chicago Bulls,21700675,2018-01-20T00:00:00,CHI @ ATL,W,47.2,9.3,0.0,4.7,4.7,32.6,20.9,11.6,32.6,2.3,0.0,2.3,4.7,59.1,1,1,1,1,17024,2081,9889,5004,16195,24319,22153,14365,21008,4146,1,8633,8614,4390,1.0,20:17,2017,2018
2017-18,1626170,Jerian Grant,Jerian,1610612741,CHI,Chicago Bulls,21700657,2018-01-17T00:00:00,CHI vs. GSW,L,42.1,0.0,0.0,0.0,9.5,23.8,9.5,14.3,38.1,0.0,0.0,9.5,0.0,16.7,1,13054,13054,13054,25043,12040,9889,9215,9799,20986,10721,17034,17705,8133,1,23899,18674,23493,1.0,8:50,2017,2018
2017-18,202703,Nikola Mirotic,Nikola,1610612741,CHI,Chicago Bulls,21700657,2018-01-17T00:00:00,CHI vs. GSW,L,46.5,3.4,3.4,15.3,13.6,16.9,13.6,0.0,30.5,1.7,0.0,1.7,6.8,75.8,1,13054,13054,13054,18998,9536,7622,269,5930,14784,15770,1,21961,5831,1,6820,4562,1109,1.0,27:26,2017,2018
2017-18,1626171,Bobby Portis,Bobby,1610612741,CHI,Chicago Bulls,21700657,2018-01-17T00:00:00,CHI vs. GSW,L,44.7,10.3,5.1,5.1,25.6,20.5,5.1,0.0,25.6,0.0,0.0,7.7,0.0,63.6,1,13054,13054,13054,22777,1575,4869,4420,894,18421,5572,1,23646,8133,1,22219,18674,3095,1.0,17:26,2017,2018
2017-18,203897,Zach LaVine,Zach,1610612741,CHI,Chicago Bulls,21700657,2018-01-17T00:00:00,CHI vs. GSW,L,46.5,11.6,0.0,11.6,9.3,16.3,0.0,4.7,14.0,0.0,2.3,2.3,2.3,31.6,1,13054,13054,13054,19066,1093,9889,663,10094,13972,1,6222,25267,8133,21869,8633,15144,17912,1.0,19:59,2017,2018
2017-18,1628374,Lauri Markkanen,Lauri,1610612741,CHI,Chicago Bulls,21700657,2018-01-17T00:00:00,CHI vs. GSW,L,46.1,0.0,0.0,0.0,6.3,15.9,6.3,11.1,25.4,1.6,1.6,4.8,3.2,42.2,1,13054,13054,13054,20069,12040,9889,9215,13785,13521,6900,13691,23707,6276,19493,16444,12584,12019,1.0,29:02,2017,2018
2017-18,1627739,Kris Dunn,Kris,1610612741,CHI,Chicago Bulls,21700657,2018-01-17T00:00:00,CHI vs. GSW,L,44.7,6.0,0.0,10.4,11.9,13.4,6.0,6.0,14.9,0.0,0.0,4.5,4.5,53.7,1,13054,13054,13054,22785,5214,9889,950,7364,10682,6470,7717,25194,8133,1,15764,8997,6309,1.0,29:57,2017,2018
2017-18,1627756,Denzel Valentine,Denzel,1610612741,CHI,Chicago Bulls,21700657,2018-01-17T00:00:00,CHI vs. GSW,L,44.4,5.2,3.4,5.2,3.4,22.4,6.9,8.6,41.4,0.0,1.7,3.4,3.4,48.1,1,13054,13054,13054,23181,6400,7498,4392,17740,20043,7454,10923,15340,8133,20085,12468,11743,8897,1.0,25:46,2017,2018
2017-18,201577,Robin Lopez,Robin,1610612741,CHI,Chicago Bulls,21700657,2018-01-17T00:00:00,CHI vs. GSW,L,44.2,4.0,4.0,0.0,28.0,16.0,4.0,14.0,24.0,0.0,0.0,0.0,2.0,37.6,1,13054,13054,13054,23466,8325,6500,9215,609,13641,4630,16879,24056,8133,1,1,16074,14673,1.0,22:06,2017,2018
2017-18,1628021,David Nwaba,David,1610612741,CHI,Chicago Bulls,21700657,2018-01-17T00:00:00,CHI vs. GSW,L,46.1,6.9,0.0,0.0,6.9,17.2,13.8,0.0,31.0,0.0,0.0,5.2,3.4,37.4,1,13054,13054,13054,19936,4007,9889,9215,13002,15073,15965,1,21710,8133,1,17644,11743,14829,1.0,26:46,2017,2018
2017-18,203200,Justin Holiday,Justin,1610612741,CHI,Chicago Bulls,21700657,2018-01-17T00:00:00,CHI vs. GSW,L,44.8,4.1,0.0,0.0,0.0,13.7,8.2,9.6,24.7,0.0,0.0,1.4,1.4,19.5,1,13054,13054,13054,22654,8148,9889,9215,19152,10988,9061,12072,23937,8133,1,5658,18278,22844,1.0,32:42,2017,2018
2017-18,1627756,Denzel Valentine,Denzel,1610612741,CHI,Chicago Bulls,21700644,2018-01-15T00:00:00,CHI vs. MIA,W,47.2,3.4,0.0,3.4,10.2,11.9,3.4,6.8,61.0,0.0,0.0,5.1,3.4,38.0,1,1,1,1,17007,9536,9889,6952,9176,8859,4189,8690,3429,8133,1,17417,11973,14483,1.0,27:50,2017,2018
2017-18,1628021,David Nwaba,David,1610612741,CHI,Chicago Bulls,21700644,2018-01-15T00:00:00,CHI vs. MIA,W,51.9,0.0,4.0,0.0,0.0,12.0,16.0,28.0,64.0,0.0,0.0,0.0,4.0,18.4,1,1,1,1,3790,12040,6500,9215,19152,8973,18219,24533,2554,8133,1,1,10187,23098,1.0,12:58,2017,2018
2017-18,203897,Zach LaVine,Zach,1610612741,CHI,Chicago Bulls,21700644,2018-01-15T00:00:00,CHI vs. MIA,W,48.6,0.0,4.9,4.9,19.5,17.1,4.9,19.5,39.0,0.0,2.4,7.3,4.9,89.0,1,1,1,1,12407,12040,5198,4723,2458,14880,5338,21341,17101,8133,22138,21785,8091,348,1.0,19:55,2017,2018
2017-18,202703,Nikola Mirotic,Nikola,1610612741,CHI,Chicago Bulls,21700644,2018-01-15T00:00:00,CHI vs. MIA,W,49.4,0.0,0.0,0.0,0.0,20.4,8.2,14.3,69.4,2.0,0.0,6.1,6.1,56.1,1,1,1,1,9758,12040,9889,9215,19152,18356,8977,17034,1471,4746,1,19810,5604,5369,1.0,24:13,2017,2018
2017-18,1627739,Kris Dunn,Kris,1610612741,CHI,Chicago Bulls,21700644,2018-01-15T00:00:00,CHI vs. MIA,W,46.6,0.0,0.0,0.0,5.7,5.7,0.0,12.9,40.0,0.0,0.0,5.7,5.7,34.9,1,1,1,1,18810,12040,9889,9215,14647,3653,1,15672,16092,8133,1,18918,6313,16236,1.0,32:36,2017,2018
2017-18,201577,Robin Lopez,Robin,1610612741,CHI,Chicago Bulls,21700644,2018-01-15T00:00:00,CHI vs. MIA,W,46.4,0.0,0.0,0.0,15.7,3.9,0.0,13.7,31.4,0.0,0.0,2.0,0.0,32.7,1,1,1,1,19328,12040,9889,9215,4427,2823,1,16590,21548,8133,1,7674,18674,17341,1.0,23:39,2017,2018
2017-18,1626171,Bobby Portis,Bobby,1610612741,CHI,Chicago Bulls,21700644,2018-01-15T00:00:00,CHI vs. MIA,W,52.2,8.8,5.9,0.0,5.9,23.5,11.8,14.7,76.5,0.0,0.0,5.9,2.9,36.5,1,1,1,1,3367,2360,3879,9215,14409,20781,13608,17556,793,8133,1,19207,13244,15314,1.0,17:44,2017,2018
2017-18,1626170,Jerian Grant,Jerian,1610612741,CHI,Chicago Bulls,21700644,2018-01-15T00:00:00,CHI vs. MIA,W,51.3,0.0,0.0,6.7,6.7,26.7,13.3,16.7,73.3,0.0,0.0,10.0,3.3,36.3,1,1,1,1,4779,12040,9889,2836,13305,22444,15425,19132,1041,8133,1,24099,12080,15406,1.0,15:24,2017,2018
2017-18,203200,Justin Holiday,Justin,1610612741,CHI,Chicago Bulls,21700644,2018-01-15T00:00:00,CHI vs. MIA,W,45.8,11.7,0.0,3.9,0.0,9.1,0.0,11.7,41.6,1.3,2.6,2.6,3.9,49.1,1,1,1,1,20716,1078,9889,6133,19152,6059,1,14432,15264,7635,22557,9523,10583,8394,1.0,35:17,2017,2018
2017-18,1628374,Lauri Markkanen,Lauri,1610612741,CHI,Chicago Bulls,21700644,2018-01-15T00:00:00,CHI vs. MIA,W,46.1,4.5,0.0,6.1,6.1,6.1,0.0,13.6,36.4,0.0,1.5,3.0,3.0,53.5,1,1,1,1,20123,7356,9889,3371,14149,3841,1,16475,18750,8133,19135,11103,12963,6393,1.0,30:24,2017,2018
2017-18,201577,Robin Lopez,Robin,1610612741,CHI,Chicago Bulls,21700632,2018-01-13T00:00:00,CHI vs. DET,W,49.9,3.4,3.4,0.0,16.9,13.6,11.9,8.5,47.5,1.7,0.0,0.0,0.0,33.2,1,1,1,1,8211,9536,7622,9215,3673,10847,13824,10743,10863,5831,1,1,18674,17099,1.0,29:28,2017,2018
2017-18,1626170,Jerian Grant,Jerian,1610612741,CHI,Chicago Bulls,21700632,2018-01-13T00:00:00,CHI vs. DET,W,53.5,0.0,0.0,0.0,0.0,22.2,37.0,0.0,44.4,0.0,0.0,0.0,3.7,47.8,1,1,1,1,1713,12040,9889,9215,19152,19778,25625,1,12818,8133,1,1,11049,9043,1.0,14:27,2017,2018
2017-18,203897,Zach LaVine,Zach,1610612741,CHI,Chicago Bulls,21700632,2018-01-13T00:00:00,CHI vs. DET,W,50.4,0.0,0.0,2.6,10.5,13.2,31.6,5.3,73.7,0.0,2.6,2.6,2.6,42.1,1,1,1,1,6881,12040,9889,8485,8733,10314,25231,6829,1002,8133,22580,9600,14250,12087,1.0,19:10,2017,2018
2017-18,1626171,Bobby Portis,Bobby,1610612741,CHI,Chicago Bulls,21700632,2018-01-13T00:00:00,CHI vs. DET,W,50.2,8.3,5.6,0.0,22.2,13.9,63.9,5.6,61.1,0.0,5.6,8.3,5.6,54.4,1,1,1,1,7542,2673,4256,9215,1531,11201,26014,7189,3384,8133,25510,22938,6552,6013,1.0,18:04,2017,2018
2017-18,1628374,Lauri Markkanen,Lauri,1610612741,CHI,Chicago Bulls,21700632,2018-01-13T00:00:00,CHI vs. DET,W,47.0,5.3,3.5,0.0,7.0,12.3,15.8,12.3,45.6,1.8,3.5,0.0,1.8,63.7,1,1,1,1,17576,6198,7388,9215,12900,9325,17998,15068,12164,5615,24187,1,16955,3067,1.0,26:47,2017,2018
2017-18,1627739,Kris Dunn,Kris,1610612741,CHI,Chicago Bulls,21700632,2018-01-13T00:00:00,CHI vs. DET,W,48.2,10.8,0.0,3.1,12.3,10.8,23.1,10.8,55.4,4.6,0.0,3.1,6.2,85.5,1,1,1,1,13563,1368,9889,7541,7005,7708,23172,13409,5823,1276,1,11311,5557,456,1.0,31:21,2017,2018
2017-18,202703,Nikola Mirotic,Nikola,1610612741,CHI,Chicago Bulls,21700632,2018-01-13T00:00:00,CHI vs. DET,W,49.3,0.0,0.0,0.0,9.1,13.6,47.7,0.0,54.5,2.3,0.0,2.3,2.3,65.2,1,1,1,1,10145,12040,9889,9215,10275,10894,25882,1,6132,4250,1,8495,15302,2721,1.0,21:41,2017,2018
2017-18,1628021,David Nwaba,David,1610612741,CHI,Chicago Bulls,21700632,2018-01-13T00:00:00,CHI vs. DET,W,51.6,0.0,0.0,3.9,3.9,5.9,47.1,0.0,51.0,3.9,3.9,0.0,2.0,31.0,1,1,1,1,4187,12040,9889,6049,17059,3736,25877,1,8344,1823,24636,1,16214,18214,1.0,26:20,2017,2018
2017-18,1627756,Denzel Valentine,Denzel,1610612741,CHI,Chicago Bulls,21700632,2018-01-13T00:00:00,CHI vs. DET,W,47.8,4.5,0.0,4.5,4.5,18.2,31.8,11.4,36.4,0.0,0.0,6.8,0.0,28.4,1,1,1,1,15228,7356,9889,5119,16312,16034,25263,14085,18750,8133,1,21069,18674,19524,1.0,21:01,2017,2018
2017-18,203200,Justin Holiday,Justin,1610612741,CHI,Chicago Bulls,21700632,2018-01-13T00:00:00,CHI vs. DET,W,48.0,9.1,0.0,9.1,0.0,15.2,22.7,10.6,48.5,0.0,0.0,1.5,0.0,28.0,1,1,1,1,14358,2159,9889,1373,19152,12624,23049,13230,10137,8133,1,6183,18674,19697,1.0,31:41,2017,2018
2017-18,1627835,Paul Zipser,Paul,1610612741,CHI,Chicago Bulls,21700607,2018-01-10T00:00:00,CHI @ NYK,W,52.7,0.0,0.0,0.0,0.0,22.2,0.0,0.0,44.4,0.0,0.0,11.1,0.0,0.0,1,1,1,1,2526,12040,9889,9215,19152,19778,1,1,12818,8133,1,24610,18674,25240,1.0,4:45,2017,2018
2017-18,1626245,Cristiano Felicio,Cristiano,1610612741,CHI,Chicago Bulls,21700607,2018-01-10T00:00:00,CHI @ NYK,W,54.5,0.0,5.6,0.0,11.1,11.1,11.1,0.0,33.3,0.0,0.0,0.0,5.6,45.0,1,1,1,1,1032,12040,4256,9215,8104,7928,12734,1,20357,8133,1,1,6552,10460,1.0,9:48,2017,2018
2017-18,203200,Justin Holiday,Justin,1610612741,CHI,Chicago Bulls,21700607,2018-01-10T00:00:00,CHI @ NYK,W,49.3,2.2,4.3,2.2,6.5,10.9,12.0,5.4,41.3,0.0,0.0,3.3,4.3,34.6,1,1,1,1,10016,11727,5935,9002,13584,7813,13928,7113,15466,8133,1,11975,9225,16392,1.0,45:23,2017,2018
2017-18,1628021,David Nwaba,David,1610612741,CHI,Chicago Bulls,21700607,2018-01-10T00:00:00,CHI @ NYK,W,54.1,5.0,6.7,0.0,13.3,13.3,15.0,5.0,40.0,1.7,3.3,5.0,5.0,40.8,1,1,1,1,1265,6608,3072,9215,6013,10468,17235,6579,16092,5944,23925,17097,7757,12802,1.0,32:26,2017,2018
2017-18,1627756,Denzel Valentine,Denzel,1610612741,CHI,Chicago Bulls,21700607,2018-01-10T00:00:00,CHI @ NYK,W,47.2,5.6,0.0,22.5,8.5,11.3,14.1,2.8,42.3,0.0,0.0,1.4,1.4,46.2,1,1,1,1,16792,5680,9889,60,11125,8200,16343,4648,14720,8133,1,5779,18179,9845,1.0,33:33,2017,2018
2017-18,201577,Robin Lopez,Robin,1610612741,CHI,Chicago Bulls,21700607,2018-01-10T00:00:00,CHI @ NYK,W,48.2,0.0,2.4,0.0,19.0,9.5,7.1,2.4,35.7,2.4,1.2,3.6,1.2,41.0,1,1,1,1,13735,12040,9499,9215,2614,6448,7711,4453,19220,4035,17554,12812,18632,12719,1.0,40:28,2017,2018
2017-18,1626170,Jerian Grant,Jerian,1610612741,CHI,Chicago Bulls,21700607,2018-01-10T00:00:00,CHI @ NYK,W,54.0,0.0,0.0,0.0,0.0,9.1,9.1,0.0,27.3,0.0,0.0,0.0,9.1,32.7,1,1,1,1,1338,12040,9889,9215,19152,6059,10105,1,23188,8133,1,1,2018,17345,1.0,11:52,2017,2018
2017-18,1626171,Bobby Portis,Bobby,1610612741,CHI,Chicago Bulls,21700607,2018-01-10T00:00:00,CHI @ NYK,W,52.7,5.4,0.0,5.4,5.4,16.2,24.3,8.1,54.1,0.0,0.0,10.8,0.0,20.0,1,1,1,1,2622,5993,9889,4092,15129,13898,23693,10287,6495,8133,1,24548,18674,22620,1.0,19:29,2017,2018
2017-18,1627739,Kris Dunn,Kris,1610612741,CHI,Chicago Bulls,21700607,2018-01-10T00:00:00,CHI @ NYK,W,49.6,4.3,0.0,2.2,6.5,12.9,14.0,5.4,45.2,1.1,2.2,3.2,3.2,42.4,1,1,1,1,9256,7815,9889,9016,13587,9991,16222,6996,12426,8114,21505,11750,12377,11940,1.0,46:07,2017,2018
2017-18,1628374,Lauri Markkanen,Lauri,1610612741,CHI,Chicago Bulls,21700607,2018-01-10T00:00:00,CHI @ NYK,W,49.6,3.2,0.0,0.0,2.2,12.9,14.0,5.4,43.0,1.1,4.3,1.1,5.4,58.6,1,1,1,1,9236,9897,9889,9215,19142,9991,16222,6996,14142,8114,24928,5162,7075,4523,1.0,46:08,2017,2018
2017-18,1627756,Denzel Valentine,Denzel,1610612741,CHI,Chicago Bulls,21700593,2018-01-08T00:00:00,CHI vs. HOU,L,47.6,3.9,0.0,3.9,5.3,13.2,9.2,21.1,31.6,0.0,0.0,3.9,0.0,47.5,1,13054,13054,13054,15830,8478,9889,6025,15347,10314,10352,22211,21421,8133,1,14112,18674,9182,1.0,36:09,2017,2018
2017-18,203200,Justin Holiday,Justin,1610612741,CHI,Chicago Bulls,21700593,2018-01-08T00:00:00,CHI vs. HOU,L,47.0,0.0,0.0,3.5,2.4,14.1,17.6,21.2,30.6,1.2,1.2,0.0,1.2,31.5,1,13054,13054,13054,17439,12040,9889,6746,19108,11514,19792,22304,21947,7998,17521,1,18642,17966,1.0,39:59,2017,2018
2017-18,1628374,Lauri Markkanen,Lauri,1610612741,CHI,Chicago Bulls,21700593,2018-01-08T00:00:00,CHI vs. HOU,L,48.5,2.8,0.0,2.8,5.6,14.1,14.1,22.5,33.8,1.4,0.0,4.2,0.0,41.7,1,13054,13054,13054,12515,10840,9889,8110,14840,11461,16343,22901,20311,7117,1,14973,18674,12311,1.0,34:28,2017,2018
2017-18,1626245,Cristiano Felicio,Cristiano,1610612741,CHI,Chicago Bulls,21700593,2018-01-08T00:00:00,CHI vs. HOU,L,50.5,0.0,0.0,0.0,14.3,0.0,35.7,0.0,14.3,0.0,0.0,21.4,7.1,65.0,1,13054,13054,13054,6780,12040,9889,9215,5279,1,25567,1,25228,8133,1,25909,3982,2765,1.0,7:04,2017,2018
2017-18,1626170,Jerian Grant,Jerian,1610612741,CHI,Chicago Bulls,21700593,2018-01-08T00:00:00,CHI vs. HOU,L,50.8,0.0,0.0,0.0,5.7,0.0,14.3,0.0,17.1,0.0,0.0,2.9,2.9,18.3,1,13054,13054,13054,6020,12040,9889,9215,14647,1,16398,1,25046,8133,1,10444,13536,23126,1.0,17:46,2017,2018
2017-18,1628021,David Nwaba,David,1610612741,CHI,Chicago Bulls,21700593,2018-01-08T00:00:00,CHI vs. HOU,L,48.7,17.1,5.7,11.4,17.1,5.7,22.9,5.7,22.9,2.9,2.9,0.0,8.6,45.4,1,13054,13054,13054,11964,271,4090,702,3543,3653,23103,7409,24283,3091,23120,1,2517,10261,1.0,17:03,2017,2018
2017-18,201577,Robin Lopez,Robin,1610612741,CHI,Chicago Bulls,21700593,2018-01-08T00:00:00,CHI vs. HOU,L,45.8,0.0,0.0,0.0,0.0,25.0,9.4,43.8,43.8,3.1,3.1,6.3,6.3,20.9,1,13054,13054,13054,20790,12040,9889,9215,19152,21516,10575,25828,13507,2653,23621,19965,5295,22392,1.0,14:39,2017,2018
2017-18,1626171,Bobby Portis,Bobby,1610612741,CHI,Chicago Bulls,21700593,2018-01-08T00:00:00,CHI vs. HOU,L,49.0,2.9,4.4,2.9,8.8,5.9,17.6,5.9,23.5,0.0,2.9,1.5,7.4,42.4,1,13054,13054,13054,10893,10529,5886,7824,10658,3736,19792,7589,24143,8133,23300,6012,3760,11945,1.0,33:21,2017,2018
2017-18,1627835,Paul Zipser,Paul,1610612741,CHI,Chicago Bulls,21700593,2018-01-08T00:00:00,CHI vs. HOU,L,51.6,0.0,0.0,0.0,0.0,11.1,0.0,11.1,33.3,0.0,0.0,0.0,5.6,34.4,1,13054,13054,13054,4267,12040,9889,9215,19152,7928,1,13691,20357,8133,1,1,6552,16447,1.0,9:17,2017,2018
2017-18,1627739,Kris Dunn,Kris,1610612741,CHI,Chicago Bulls,21700593,2018-01-08T00:00:00,CHI vs. HOU,L,45.1,3.0,4.5,0.0,20.9,17.9,14.9,26.9,35.8,1.5,1.5,6.0,0.0,69.9,1,13054,13054,13054,22130,10424,5765,9215,1998,15816,17195,24279,19186,6680,19004,19494,18674,1856,1.0,30:14,2017,2018
2017-18,1627835,Paul Zipser,Paul,1610612741,CHI,Chicago Bulls,21700581,2018-01-06T00:00:00,CHI @ IND,L,52.6,0.0,0.0,0.0,10.0,5.0,22.5,10.0,55.0,0.0,0.0,5.0,5.0,14.0,1,13054,13054,13054,2771,12040,9889,9215,9269,3271,22965,12407,6010,8133,1,17097,7757,24047,1.0,21:01,2017,2018
2017-18,1626171,Bobby Portis,Bobby,1610612741,CHI,Chicago Bulls,21700581,2018-01-06T00:00:00,CHI @ IND,L,52.8,7.1,0.0,4.8,14.3,9.5,16.7,4.8,47.6,7.1,0.0,2.4,11.9,73.3,1,13054,13054,13054,2462,3729,9889,4845,5279,6448,18748,6321,10708,417,1,8773,729,1383,1.0,22:10,2017,2018
2017-18,201577,Robin Lopez,Robin,1610612741,CHI,Chicago Bulls,21700581,2018-01-06T00:00:00,CHI @ IND,L,49.6,0.0,0.0,0.0,19.5,41.5,24.4,36.6,43.9,2.4,0.0,2.4,7.3,32.7,1,13054,13054,13054,9143,12040,9889,9215,2458,25461,23731,25551,13396,3926,1,8945,3806,17369,1.0,20:21,2017,2018
2017-18,1628021,David Nwaba,David,1610612741,CHI,Chicago Bulls,21700581,2018-01-06T00:00:00,CHI @ IND,L,48.9,2.9,5.7,0.0,11.4,17.1,17.1,11.4,57.1,0.0,0.0,2.9,2.9,26.3,1,13054,13054,13054,11358,10744,4090,9215,7823,14953,19383,14137,4836,8133,1,10444,13536,20482,1.0,17:07,2017,2018
2017-18,1628374,Lauri Markkanen,Lauri,1610612741,CHI,Chicago Bulls,21700581,2018-01-06T00:00:00,CHI @ IND,L,49.2,0.0,4.0,0.0,4.0,34.0,20.0,26.0,44.0,0.0,0.0,4.0,2.0,40.0,1,13054,13054,13054,10522,12040,6500,9215,16942,24645,21469,24081,13320,8133,1,14174,16074,13228,1.0,24:35,2017,2018
2017-18,1627756,Denzel Valentine,Denzel,1610612741,CHI,Chicago Bulls,21700581,2018-01-06T00:00:00,CHI @ IND,L,48.1,5.3,0.0,5.3,7.0,29.8,17.5,22.8,35.1,1.8,1.8,3.5,0.0,48.2,1,13054,13054,13054,13908,6198,9889,4270,12900,23685,19742,23004,19590,5615,20213,12694,18674,8826,1.0,27:26,2017,2018
2017-18,1627739,Kris Dunn,Kris,1610612741,CHI,Chicago Bulls,21700581,2018-01-06T00:00:00,CHI @ IND,L,48.7,0.0,0.0,3.4,6.9,32.8,20.7,25.9,48.3,0.0,0.0,3.4,3.4,35.9,1,13054,13054,13054,11988,12040,9889,6851,13002,24356,22001,24050,10272,8133,1,12468,11743,15669,1.0,28:15,2017,2018
2017-18,1626170,Jerian Grant,Jerian,1610612741,CHI,Chicago Bulls,21700581,2018-01-06T00:00:00,CHI @ IND,L,53.4,0.0,0.0,0.0,0.0,10.8,18.9,5.4,48.6,0.0,5.4,2.7,5.4,24.1,1,13054,13054,13054,1843,12040,9889,9215,19152,7737,20832,6999,10006,8133,25475,9870,6952,21389,1.0,19:45,2017,2018
2017-18,203200,Justin Holiday,Justin,1610612741,CHI,Chicago Bulls,21700581,2018-01-06T00:00:00,CHI @ IND,L,49.0,0.0,0.0,3.6,3.6,38.2,18.2,23.6,43.6,1.8,1.8,0.0,1.8,24.2,1,13054,13054,13054,10870,12040,9889,6541,17449,25165,20211,23318,13615,5396,20460,1,16728,21341,1.0,26:59,2017,2018
2017-18,202703,Nikola Mirotic,Nikola,1610612741,CHI,Chicago Bulls,21700581,2018-01-06T00:00:00,CHI @ IND,L,50.9,0.0,0.0,0.0,0.0,13.3,20.0,8.9,62.2,0.0,0.0,2.2,2.2,20.9,1,13054,13054,13054,5632,12040,9889,9215,19152,10468,21469,11242,3020,8133,1,8375,15424,22404,1.0,22:55,2017,2018
2017-18,202347,Quincy Pondexter,Quincy,1610612741,CHI,Chicago Bulls,21700581,2018-01-06T00:00:00,CHI @ IND,L,52.4,0.0,0.0,0.0,11.1,11.1,27.8,0.0,55.6,0.0,0.0,11.1,5.6,17.8,1,13054,13054,13054,2975,12040,9889,9215,8104,7928,24629,1,5695,8133,1,24610,6552,23237,1.0,9:26,2017,2018
2017-18,1627835,Paul Zipser,Paul,1610612741,CHI,Chicago Bulls,21700572,2018-01-05T00:00:00,CHI @ DAL,W,48.1,0.0,0.0,0.0,6.7,6.7,0.0,0.0,53.3,0.0,0.0,16.7,3.3,18.7,1,1,1,1,14168,12040,9889,9215,13305,4204,1,1,6855,8133,1,25662,12080,23033,1.0,14:25,2017,2018
2017-18,1628021,David Nwaba,David,1610612741,CHI,Chicago Bulls,21700572,2018-01-05T00:00:00,CHI @ DAL,W,48.6,4.4,0.0,13.3,22.2,26.7,15.6,0.0,62.2,0.0,2.2,8.9,4.4,27.6,1,1,1,1,12205,7547,9889,408,1531,22444,17843,1,3020,8133,21625,23481,9062,19917,1.0,21:53,2017,2018
2017-18,1626171,Bobby Portis,Bobby,1610612741,CHI,Chicago Bulls,21700572,2018-01-05T00:00:00,CHI @ DAL,W,50.4,5.1,5.1,0.0,10.3,5.1,5.1,0.0,61.5,0.0,0.0,2.6,2.6,64.1,1,1,1,1,6930,6443,4869,9215,9071,3347,5572,1,3169,8133,1,9357,14470,2972,1.0,19:40,2017,2018
2017-18,1627739,Kris Dunn,Kris,1610612741,CHI,Chicago Bulls,21700572,2018-01-05T00:00:00,CHI @ DAL,W,46.1,8.6,0.0,2.9,14.3,17.1,12.9,0.0,54.3,0.0,0.0,4.3,5.7,79.9,1,1,1,1,19927,2536,9889,8033,5279,14953,14951,1,6386,8133,1,15173,6313,799,1.0,32:18,2017,2018
2017-18,202703,Nikola Mirotic,Nikola,1610612741,CHI,Chicago Bulls,21700572,2018-01-05T00:00:00,CHI @ DAL,W,43.1,9.4,3.8,0.0,7.5,22.6,9.4,0.0,64.2,1.9,0.0,1.9,3.8,55.7,1,1,1,1,24453,2010,6926,9215,12274,20211,10658,1,2534,5173,1,7470,10912,5552,1.0,22:52,2017,2018
2017-18,201577,Robin Lopez,Robin,1610612741,CHI,Chicago Bulls,21700572,2018-01-05T00:00:00,CHI @ DAL,W,50.6,4.7,0.0,0.0,27.9,11.6,4.7,0.0,41.9,2.3,0.0,0.0,4.7,43.3,1,1,1,1,6369,7200,9889,9215,625,8580,5155,1,15008,4146,1,1,8614,11412,1.0,21:46,2017,2018
2017-18,1628374,Lauri Markkanen,Lauri,1610612741,CHI,Chicago Bulls,21700572,2018-01-05T00:00:00,CHI @ DAL,W,45.9,0.0,2.9,0.0,8.7,13.0,13.0,0.0,52.2,1.4,0.0,0.0,4.3,48.3,1,1,1,1,20380,12040,8553,9215,10730,10170,15146,1,7589,6888,1,1,9225,8814,1.0,31:42,2017,2018
2017-18,1626170,Jerian Grant,Jerian,1610612741,CHI,Chicago Bulls,21700572,2018-01-05T00:00:00,CHI @ DAL,W,46.2,0.0,0.0,8.8,0.0,5.9,0.0,0.0,52.9,0.0,0.0,0.0,8.8,32.4,1,1,1,1,19846,12040,9889,1531,19152,3736,1,1,7122,8133,1,1,2301,17523,1.0,15:42,2017,2018
2017-18,1627756,Denzel Valentine,Denzel,1610612741,CHI,Chicago Bulls,21700572,2018-01-05T00:00:00,CHI @ DAL,W,45.3,0.0,0.0,0.0,0.0,4.0,4.0,0.0,52.0,0.0,0.0,2.0,4.0,32.0,1,1,1,1,21822,12040,9889,9215,19152,2851,4630,1,7738,8133,1,7778,10187,17714,1.0,22:39,2017,2018
2017-18,203200,Justin Holiday,Justin,1610612741,CHI,Chicago Bulls,21700572,2018-01-05T00:00:00,CHI @ DAL,W,46.3,3.8,3.8,0.0,0.0,15.0,11.3,0.0,52.5,0.0,1.3,5.0,5.0,32.0,1,1,1,1,19494,8872,7012,9215,19152,12453,13079,1,7422,8133,17715,17097,7757,17714,1.0,37:03,2017,2018
2017-18,1628374,Lauri Markkanen,Lauri,1610612741,CHI,Chicago Bulls,21700560,2018-01-03T00:00:00,CHI vs. TOR,L,42.7,2.7,9.5,0.0,13.5,14.9,5.4,13.5,35.1,0.0,1.4,4.1,5.4,52.6,1,13054,13054,13054,24720,11092,1479,9215,5977,12354,5860,16369,19570,8133,18194,14434,6952,6774,1.0,31:37,2017,2018
2017-18,1626170,Jerian Grant,Jerian,1610612741,CHI,Chicago Bulls,21700560,2018-01-03T00:00:00,CHI vs. TOR,L,49.1,0.0,0.0,5.1,15.4,10.3,17.9,35.9,61.5,0.0,5.1,0.0,7.7,54.4,1,13054,13054,13054,10713,12040,9889,4420,4528,7186,20078,25507,3169,8133,25385,1,3273,6054,1.0,19:09,2017,2018
2017-18,1626171,Bobby Portis,Bobby,1610612741,CHI,Chicago Bulls,21700560,2018-01-03T00:00:00,CHI vs. TOR,L,48.4,0.0,0.0,0.0,6.9,6.9,24.1,24.1,69.0,0.0,0.0,6.9,0.0,24.1,1,13054,13054,13054,12883,12040,9889,9215,13002,4360,23616,23500,1518,8133,1,21157,18674,21355,1.0,14:03,2017,2018
2017-18,1627756,Denzel Valentine,Denzel,1610612741,CHI,Chicago Bulls,21700560,2018-01-03T00:00:00,CHI vs. TOR,L,44.2,2.8,0.0,11.3,8.5,18.3,5.6,7.0,36.6,0.0,1.4,4.2,0.0,35.8,1,13054,13054,13054,23525,10840,9889,740,11125,16274,6116,9039,18706,8133,18496,14973,18674,15722,1.0,31:21,2017,2018
2017-18,202703,Nikola Mirotic,Nikola,1610612741,CHI,Chicago Bulls,21700560,2018-01-03T00:00:00,CHI vs. TOR,L,47.9,0.0,9.3,0.0,14.8,14.8,16.7,25.9,59.3,1.9,1.9,3.7,7.4,59.3,1,13054,13054,13054,14623,12040,1546,9215,4968,12253,18748,24057,4044,5278,20592,13210,3658,4333,1.0,25:53,2017,2018
2017-18,1628021,David Nwaba,David,1610612741,CHI,Chicago Bulls,21700560,2018-01-03T00:00:00,CHI vs. TOR,L,50.5,0.0,0.0,0.0,6.1,6.1,21.2,36.4,72.7,0.0,0.0,3.0,6.1,17.0,1,13054,13054,13054,6840,12040,9889,9215,14149,3841,22292,25531,1079,8133,1,11103,5686,23423,1.0,16:39,2017,2018
2017-18,201577,Robin Lopez,Robin,1610612741,CHI,Chicago Bulls,21700560,2018-01-03T00:00:00,CHI vs. TOR,L,43.8,3.7,0.0,0.0,14.8,16.7,3.7,5.6,40.7,0.0,0.0,3.7,1.9,37.4,1,13054,13054,13054,23955,8897,9889,9215,4968,14231,4395,7189,15844,8133,1,13210,16575,14831,1.0,23:38,2017,2018
2017-18,203200,Justin Holiday,Justin,1610612741,CHI,Chicago Bulls,21700560,2018-01-03T00:00:00,CHI vs. TOR,L,45.0,0.0,0.0,0.0,0.0,15.1,10.5,14.0,44.2,0.0,0.0,2.3,4.7,44.0,1,13054,13054,13054,22267,12040,9889,9215,19152,12617,12019,16831,13208,8133,1,8633,8614,11054,1.0,38:44,2017,2018
2017-18,1627835,Paul Zipser,Paul,1610612741,CHI,Chicago Bulls,21700560,2018-01-03T00:00:00,CHI vs. TOR,L,50.5,0.0,0.0,0.0,20.0,10.0,10.0,25.0,60.0,0.0,0.0,5.0,0.0,20.0,1,13054,13054,13054,6806,12040,9889,9215,2204,6849,11296,23680,3702,8133,1,17097,18674,22620,1.0,10:06,2017,2018
2017-18,1627739,Kris Dunn,Kris,1610612741,CHI,Chicago Bulls,21700560,2018-01-03T00:00:00,CHI vs. TOR,L,45.1,0.0,0.0,3.1,0.0,17.2,6.3,4.7,40.6,1.6,0.0,6.3,3.1,40.6,1,13054,13054,13054,22211,12040,9889,7444,19152,15033,6731,6298,15947,6375,1,19965,12687,12918,1.0,28:51,2017,2018
2017-18,1627835,Paul Zipser,Paul,1610612741,CHI,Chicago Bulls,21700547,2018-01-01T00:00:00,CHI vs. POR,L,47.9,7.7,0.0,7.7,7.7,0.0,15.4,0.0,38.5,0.0,0.0,7.7,0.0,12.3,1,13054,13054,13054,14634,3210,9889,2136,12038,1,17571,1,17476,8133,1,22219,18674,24333,1.0,12:28,2017,2018
2017-18,1627756,Denzel Valentine,Denzel,1610612741,CHI,Chicago Bulls,21700547,2018-01-01T00:00:00,CHI vs. POR,L,45.9,0.0,0.0,4.0,2.7,12.0,8.0,5.3,32.0,0.0,0.0,5.3,0.0,44.5,1,13054,13054,13054,20540,12040,9889,5896,18880,8973,8748,6956,21249,8133,1,18051,18674,10735,1.0,34:25,2017,2018
2017-18,1628374,Lauri Markkanen,Lauri,1610612741,CHI,Chicago Bulls,21700547,2018-01-01T00:00:00,CHI vs. POR,L,46.9,0.0,8.2,6.8,2.7,17.8,9.6,5.5,46.6,1.4,0.0,2.7,1.4,45.3,1,13054,13054,13054,17721,12040,2018,2770,18806,15720,10886,7156,11465,7302,1,10064,18278,10302,1.0,34:16,2017,2018
2017-18,1627739,Kris Dunn,Kris,1610612741,CHI,Chicago Bulls,21700547,2018-01-01T00:00:00,CHI vs. POR,L,46.6,2.7,6.7,0.0,18.7,14.7,8.0,5.3,42.7,1.3,1.3,5.3,4.0,45.9,1,13054,13054,13054,18783,11179,3072,9215,2830,12143,8748,6956,14403,7488,18111,18051,10187,10016,1.0,34:56,2017,2018
2017-18,1626171,Bobby Portis,Bobby,1610612741,CHI,Chicago Bulls,21700547,2018-01-01T00:00:00,CHI vs. POR,L,49.5,5.7,14.3,0.0,22.9,0.0,22.9,0.0,40.0,2.9,0.0,2.9,2.9,86.9,1,13054,13054,13054,9457,5519,435,9215,1439,1,23103,1,16092,3091,1,10444,13536,406,1.0,17:20,2017,2018
2017-18,202703,Nikola Mirotic,Nikola,1610612741,CHI,Chicago Bulls,21700547,2018-01-01T00:00:00,CHI vs. POR,L,48.0,0.0,7.7,5.1,15.4,0.0,20.5,0.0,35.9,0.0,5.1,0.0,10.3,89.7,1,13054,13054,13054,14259,12040,2287,4420,4528,1,21900,1,19124,8133,25385,1,1347,328,1.0,18:44,2017,2018
2017-18,1626170,Jerian Grant,Jerian,1610612741,CHI,Chicago Bulls,21700547,2018-01-01T00:00:00,CHI vs. POR,L,48.8,0.0,0.0,0.0,5.4,5.4,24.3,0.0,43.2,0.0,0.0,5.4,5.4,24.9,1,13054,13054,13054,11591,12040,9889,9215,15129,3490,23693,1,13906,8133,1,18178,6952,21036,1.0,18:04,2017,2018
2017-18,201577,Robin Lopez,Robin,1610612741,CHI,Chicago Bulls,21700547,2018-01-01T00:00:00,CHI vs. POR,L,46.3,0.0,2.6,2.6,7.8,16.9,9.1,5.2,44.2,3.9,1.3,1.3,2.6,49.0,1,13054,13054,13054,19467,12040,9189,8571,11994,14694,10105,6809,13216,1858,17942,5433,14427,8457,1.0,35:40,2017,2018
2017-18,1628021,David Nwaba,David,1610612741,CHI,Chicago Bulls,21700547,2018-01-01T00:00:00,CHI vs. POR,L,47.6,5.1,0.0,0.0,5.1,10.3,23.1,0.0,61.5,0.0,2.6,5.1,2.6,20.0,1,13054,13054,13054,15574,6443,9889,9215,15534,7186,23172,1,3169,8133,22432,17508,14470,22620,1.0,18:35,2017,2018
2017-18,203200,Justin Holiday,Justin,1610612741,CHI,Chicago Bulls,21700547,2018-01-01T00:00:00,CHI vs. POR,L,47.1,5.8,0.0,2.3,0.0,15.1,12.8,4.7,44.2,1.2,0.0,3.5,2.3,36.5,1,13054,13054,13054,17126,5424,9889,8925,19152,12617,14891,6222,13208,8019,1,12679,15144,15302,1.0,40:32,2017,2018
2017-18,203200,Justin Holiday,Justin,1610612741,CHI,Chicago Bulls,21700537,2017-12-31T00:00:00,CHI @ WAS,L,47.9,2.8,0.0,2.8,5.6,9.9,23.9,8.5,45.1,0.0,0.0,5.6,2.8,26.5,1,13054,13054,13054,14705,10840,9889,8110,14840,6814,23552,10706,12523,8133,1,18802,13733,20412,1.0,34:01,2017,2018
2017-18,202703,Nikola Mirotic,Nikola,1610612741,CHI,Chicago Bulls,21700537,2017-12-31T00:00:00,CHI @ WAS,L,49.3,3.6,12.5,3.6,10.7,14.3,26.8,10.7,46.4,0.0,3.6,3.6,5.4,56.8,1,13054,13054,13054,10057,9166,695,6648,8627,11519,24423,13325,11551,8133,24233,12812,7079,5130,1.0,27:37,2017,2018
2017-18,1628021,David Nwaba,David,1610612741,CHI,Chicago Bulls,21700537,2017-12-31T00:00:00,CHI @ WAS,L,50.9,8.0,0.0,2.0,12.0,16.0,26.0,8.0,44.0,2.0,2.0,6.0,14.0,66.4,1,13054,13054,13054,5726,2970,9889,9046,7295,13641,24226,10135,13320,4837,21064,19550,388,2480,1.0,25:27,2017,2018
2017-18,1627739,Kris Dunn,Kris,1610612741,CHI,Chicago Bulls,21700537,2017-12-31T00:00:00,CHI @ WAS,L,49.6,3.1,3.1,3.1,12.5,14.1,14.1,12.5,46.9,0.0,1.6,7.8,4.7,63.9,1,13054,13054,13054,9221,10103,8119,7444,6746,11437,16301,15165,11257,8133,19389,22495,8541,3023,1.0,31:45,2017,2018
2017-18,201577,Robin Lopez,Robin,1610612741,CHI,Chicago Bulls,21700537,2017-12-31T00:00:00,CHI @ WAS,L,48.5,0.0,0.0,0.0,27.9,16.3,9.3,9.3,46.5,0.0,0.0,2.3,4.7,46.3,1,13054,13054,13054,12695,12040,9889,9215,625,13972,10474,11690,11499,8133,1,8633,8614,9801,1.0,20:51,2017,2018
2017-18,1628374,Lauri Markkanen,Lauri,1610612741,CHI,Chicago Bulls,21700537,2017-12-31T00:00:00,CHI @ WAS,L,48.6,0.0,5.0,0.0,6.7,11.7,15.0,10.0,53.3,0.0,1.7,3.3,5.0,33.0,1,13054,13054,13054,12472,12040,5014,9215,13305,8622,17235,12407,6855,8133,19856,12117,7757,17194,1.0,29:08,2017,2018
2017-18,1626170,Jerian Grant,Jerian,1610612741,CHI,Chicago Bulls,21700537,2017-12-31T00:00:00,CHI @ WAS,L,46.4,0.0,0.0,0.0,0.0,17.1,28.6,5.7,45.7,0.0,0.0,2.9,5.7,24.9,1,13054,13054,13054,19174,12040,9889,9215,19152,14953,24737,7409,12065,8133,1,10444,6313,21042,1.0,16:15,2017,2018
2017-18,1627756,Denzel Valentine,Denzel,1610612741,CHI,Chicago Bulls,21700537,2017-12-31T00:00:00,CHI @ WAS,L,47.0,0.0,0.0,10.4,8.3,14.6,12.5,12.5,50.0,0.0,0.0,4.2,0.0,31.5,1,13054,13054,13054,17567,12040,9889,956,11191,12038,14368,15165,8649,8133,1,14704,18674,17991,1.0,22:33,2017,2018
2017-18,1626171,Bobby Portis,Bobby,1610612741,CHI,Chicago Bulls,21700537,2017-12-31T00:00:00,CHI @ WAS,L,49.7,0.0,5.4,5.4,16.2,21.6,27.0,10.8,37.8,0.0,8.1,0.0,2.7,41.6,1,13054,13054,13054,8857,12040,4475,4092,4079,19348,24481,13447,17892,8133,25908,1,14025,12344,1.0,18:24,2017,2018
2017-18,1627835,Paul Zipser,Paul,1610612741,CHI,Chicago Bulls,21700537,2017-12-31T00:00:00,CHI @ WAS,L,51.8,0.0,0.0,0.0,0.0,29.6,7.4,14.8,51.9,0.0,0.0,7.4,3.7,24.4,1,13054,13054,13054,3909,12040,9889,9215,19152,23607,8042,17643,7805,8133,1,21890,11049,21230,1.0,13:59,2017,2018
2017-18,203200,Justin Holiday,Justin,1610612741,CHI,Chicago Bulls,21700524,2017-12-29T00:00:00,CHI vs. IND,W,47.6,2.6,0.0,0.0,0.0,14.5,5.3,10.5,55.3,3.9,1.3,1.3,3.9,40.0,1,1,1,1,15830,11239,9889,9215,19152,11880,5702,13063,5882,1810,18029,5477,10440,13228,1.0,36:09,2017,2018
2017-18,1626171,Bobby Portis,Bobby,1610612741,CHI,Chicago Bulls,21700524,2017-12-29T00:00:00,CHI vs. IND,W,50.8,12.9,6.5,6.5,12.9,12.9,22.6,6.5,51.6,0.0,6.5,0.0,6.5,80.3,1,1,1,1,5946,751,3303,3045,6458,9991,22995,8259,7953,8133,25708,1,5022,747,1.0,15:45,2017,2018
2017-18,1626170,Jerian Grant,Jerian,1610612741,CHI,Chicago Bulls,21700524,2017-12-29T00:00:00,CHI vs. IND,W,47.8,4.3,0.0,0.0,2.9,15.9,5.8,8.7,52.2,0.0,0.0,5.8,1.4,55.7,1,1,1,1,15028,7671,9889,9215,18588,13616,6298,10978,7589,8133,1,19128,18021,5556,1.0,32:60,2017,2018
2017-18,201577,Robin Lopez,Robin,1610612741,CHI,Chicago Bulls,21700524,2017-12-29T00:00:00,CHI vs. IND,W,47.6,4.0,0.0,0.0,24.0,10.0,4.0,16.0,36.0,0.0,0.0,6.0,2.0,38.6,1,1,1,1,15728,8325,9889,9215,1191,6849,4630,18697,19072,8133,1,19550,16074,14129,1.0,23:48,2017,2018
2017-18,1627756,Denzel Valentine,Denzel,1610612741,CHI,Chicago Bulls,21700524,2017-12-29T00:00:00,CHI vs. IND,W,49.0,0.0,0.0,3.8,7.5,13.2,17.0,11.3,45.3,0.0,0.0,5.7,1.9,27.0,1,1,1,1,11049,12040,9889,6297,12274,10372,19254,14054,12380,8133,1,18852,16447,20198,1.0,25:58,2017,2018
2017-18,1628021,David Nwaba,David,1610612741,CHI,Chicago Bulls,21700524,2017-12-29T00:00:00,CHI vs. IND,W,47.8,0.0,0.0,0.0,3.0,14.9,13.4,9.0,65.7,0.0,3.0,7.5,1.5,21.3,1,1,1,1,14974,12040,9889,9215,18467,12421,15628,11333,2214,8133,23429,22035,17878,22275,1.0,32:03,2017,2018
2017-18,202703,Nikola Mirotic,Nikola,1610612741,CHI,Chicago Bulls,21700524,2017-12-29T00:00:00,CHI vs. IND,W,48.4,0.0,5.3,0.0,7.0,17.5,15.8,7.0,73.7,0.0,0.0,5.3,3.5,68.1,1,1,1,1,13080,12040,4667,9215,12900,15434,17998,8978,1002,8133,1,17762,11629,2161,1.0,27:34,2017,2018
2017-18,1628374,Lauri Markkanen,Lauri,1610612741,CHI,Chicago Bulls,21700524,2017-12-29T00:00:00,CHI vs. IND,W,48.1,0.0,3.4,0.0,16.9,18.6,6.8,10.2,54.2,0.0,1.7,1.7,6.8,69.3,1,1,1,1,14069,12040,7622,9215,3673,16632,7369,12712,6425,8133,19971,6820,4562,1929,1.0,28:22,2017,2018
2017-18,1627835,Paul Zipser,Paul,1610612741,CHI,Chicago Bulls,21700524,2017-12-29T00:00:00,CHI vs. IND,W,52.6,6.1,0.0,6.1,6.1,18.2,21.2,12.1,48.5,3.0,0.0,0.0,0.0,21.8,1,1,1,1,2773,5050,9889,3371,14149,16034,22292,14882,10137,2805,1,1,18674,22123,1.0,17:21,2017,2018
2017-18,201577,Robin Lopez,Robin,1610612741,CHI,Chicago Bulls,21700509,2017-12-27T00:00:00,CHI vs. NYK,W,46.8,0.0,0.0,0.0,12.7,20.6,4.8,19.0,38.1,1.6,1.6,0.0,4.8,44.8,1,1,1,1,18030,12040,9889,9215,6666,18548,5233,21039,17705,6276,19493,1,8292,10603,1.0,29:31,2017,2018
2017-18,1628021,David Nwaba,David,1610612741,CHI,Chicago Bulls,21700509,2017-12-27T00:00:00,CHI vs. NYK,W,47.7,5.0,0.0,10.0,10.0,22.5,17.5,7.5,70.0,0.0,0.0,0.0,5.0,27.8,1,1,1,1,15417,6608,9889,1032,9269,20100,19705,9576,1368,8133,1,1,7757,19827,1.0,19:05,2017,2018
2017-18,202703,Nikola Mirotic,Nikola,1610612741,CHI,Chicago Bulls,21700509,2017-12-27T00:00:00,CHI vs. NYK,W,45.9,0.0,0.0,0.0,0.0,16.4,12.7,10.9,50.9,0.0,1.8,9.1,3.6,28.4,1,1,1,1,20478,12040,9889,9215,19152,14065,14798,13594,8381,8133,20460,23549,11283,19554,1.0,25:15,2017,2018
2017-18,1627739,Kris Dunn,Kris,1610612741,CHI,Chicago Bulls,21700509,2017-12-27T00:00:00,CHI vs. NYK,W,47.1,2.9,4.4,2.9,8.8,13.2,5.9,13.2,32.4,1.5,1.5,4.4,7.4,55.1,1,1,1,1,17368,10529,5886,7824,10658,10418,6336,16063,21108,6786,18871,15565,3760,5743,1.0,32:00,2017,2018
2017-18,1626170,Jerian Grant,Jerian,1610612741,CHI,Chicago Bulls,21700509,2017-12-27T00:00:00,CHI vs. NYK,W,45.7,0.0,8.6,0.0,0.0,11.4,20.0,8.6,68.6,0.0,0.0,8.6,0.0,56.0,1,1,1,1,20954,12040,1825,9215,19152,8358,21469,10852,1589,8133,1,23230,18674,5397,1.0,16:00,2017,2018
2017-18,203200,Justin Holiday,Justin,1610612741,CHI,Chicago Bulls,21700509,2017-12-27T00:00:00,CHI vs. NYK,W,46.5,0.0,3.8,0.0,0.0,11.3,6.3,15.0,35.0,0.0,0.0,1.3,1.3,32.9,1,1,1,1,18936,12040,7012,9215,19152,8182,6731,17813,19621,8133,1,5312,18547,17266,1.0,37:13,2017,2018
2017-18,1627756,Denzel Valentine,Denzel,1610612741,CHI,Chicago Bulls,21700509,2017-12-27T00:00:00,CHI vs. NYK,W,46.6,3.2,3.2,4.8,6.5,6.5,6.5,14.5,29.0,0.0,0.0,3.2,0.0,33.5,1,1,1,1,18659,9897,7935,4801,13587,4073,6982,17414,22540,8133,1,11750,18674,16928,1.0,28:55,2017,2018
2017-18,1626171,Bobby Portis,Bobby,1610612741,CHI,Chicago Bulls,21700509,2017-12-27T00:00:00,CHI vs. NYK,W,44.0,6.7,6.7,6.7,13.3,0.0,26.7,0.0,73.3,0.0,3.3,0.0,6.7,54.3,1,1,1,1,23686,4249,3072,2836,6013,1,24370,1,1041,8133,23925,1,4642,6062,1.0,13:12,2017,2018
2017-18,1628374,Lauri Markkanen,Lauri,1610612741,CHI,Chicago Bulls,21700509,2017-12-27T00:00:00,CHI vs. NYK,W,47.5,0.0,5.1,3.4,10.2,6.8,6.8,10.2,30.5,1.7,1.7,1.7,3.4,35.4,1,1,1,1,15911,12040,4952,6952,9176,4300,7369,12712,21961,5831,19971,6820,11973,15928,1.0,28:03,2017,2018
2017-18,1627835,Paul Zipser,Paul,1610612741,CHI,Chicago Bulls,21700509,2017-12-27T00:00:00,CHI vs. NYK,W,49.0,13.6,0.0,0.0,0.0,18.2,27.3,0.0,81.8,0.0,0.0,0.0,0.0,50.9,1,1,1,1,11002,613,9889,9215,19152,16034,24507,1,513,8133,1,1,18674,7516,1.0,10:47,2017,2018
2017-18,203200,Justin Holiday,Justin,1610612741,CHI,Chicago Bulls,21700501,2017-12-26T00:00:00,CHI @ MIL,W,44.6,9.6,0.0,9.6,8.2,12.3,6.8,20.5,38.4,0.0,1.4,2.7,4.1,30.3,1,1,1,1,22956,1928,9889,1200,11414,9384,7442,21985,17587,8133,18298,10064,9955,18544,1.0,32:33,2017,2018
2017-18,201577,Robin Lopez,Robin,1610612741,CHI,Chicago Bulls,21700501,2017-12-26T00:00:00,CHI @ MIL,W,44.6,3.8,3.8,0.0,11.3,18.9,7.5,24.5,49.1,1.9,0.0,3.8,5.7,37.4,1,1,1,1,22909,8777,6926,9215,7965,16868,8258,23628,9769,5173,1,13515,6438,14853,1.0,23:39,2017,2018
2017-18,1628021,David Nwaba,David,1610612741,CHI,Chicago Bulls,21700501,2017-12-26T00:00:00,CHI @ MIL,W,43.9,3.6,7.1,3.6,10.7,8.9,8.9,14.3,39.3,0.0,0.0,5.4,1.8,45.2,1,1,1,1,23773,9166,2662,6648,8627,5998,10006,17034,16951,8133,1,18090,16852,10379,1.0,24:36,2017,2018
2017-18,1627835,Paul Zipser,Paul,1610612741,CHI,Chicago Bulls,21700501,2017-12-26T00:00:00,CHI @ MIL,W,46.7,0.0,0.0,0.0,0.0,12.5,0.0,0.0,33.3,0.0,4.2,0.0,8.3,44.6,1,1,1,1,18324,12040,9889,9215,19152,9414,1,1,20357,8133,24801,1,2659,10698,1.0,11:13,2017,2018
2017-18,1627739,Kris Dunn,Kris,1610612741,CHI,Chicago Bulls,21700501,2017-12-26T00:00:00,CHI @ MIL,W,44.9,5.3,2.7,0.0,21.3,12.0,9.3,25.3,37.3,2.7,1.3,6.7,4.0,72.5,1,1,1,1,22518,6164,9068,9215,1871,8973,10552,23892,18273,3523,18111,20740,10187,1493,1.0,33:40,2017,2018
2017-18,1626170,Jerian Grant,Jerian,1610612741,CHI,Chicago Bulls,21700501,2017-12-26T00:00:00,CHI @ MIL,W,47.8,3.3,0.0,0.0,6.7,10.0,0.0,0.0,46.7,0.0,0.0,0.0,6.7,64.0,1,1,1,1,15177,9652,9889,9215,13305,6849,1,1,11371,8133,1,1,4642,2989,1.0,14:20,2017,2018
2017-18,1628374,Lauri Markkanen,Lauri,1610612741,CHI,Chicago Bulls,21700501,2017-12-26T00:00:00,CHI @ MIL,W,43.2,0.0,0.0,0.0,0.0,10.9,8.7,23.9,47.8,0.0,4.3,0.0,4.3,28.0,1,1,1,1,24407,12040,9889,9215,19152,7813,9616,23425,10604,8133,24929,1,9225,19690,1.0,19:53,2017,2018
2017-18,1627756,Denzel Valentine,Denzel,1610612741,CHI,Chicago Bulls,21700501,2017-12-26T00:00:00,CHI @ MIL,W,46.1,6.7,0.0,3.3,10.0,11.7,6.7,25.0,43.3,0.0,1.7,5.0,1.7,39.7,1,1,1,1,20134,4249,9889,7052,9269,8622,7202,23680,13857,8133,19856,17097,17268,13554,1.0,27:38,2017,2018
2017-18,1626171,Bobby Portis,Bobby,1610612741,CHI,Chicago Bulls,21700501,2017-12-26T00:00:00,CHI @ MIL,W,46.8,0.0,3.8,0.0,11.5,3.8,5.8,11.5,30.8,0.0,1.9,5.8,1.9,44.4,1,1,1,1,18085,12040,6777,9215,7743,2799,6278,14263,21767,8133,20854,19058,16338,10789,1.0,24:21,2017,2018
2017-18,202703,Nikola Mirotic,Nikola,1610612741,CHI,Chicago Bulls,21700501,2017-12-26T00:00:00,CHI @ MIL,W,47.7,6.8,6.8,3.4,10.2,11.9,5.1,13.6,33.9,0.0,1.7,1.7,5.1,59.5,1,1,1,1,15553,4173,3030,6952,9176,8859,5548,16433,20246,8133,19971,6820,7674,4279,1.0,28:07,2017,2018
2017-18,1627756,Denzel Valentine,Denzel,1610612741,CHI,Chicago Bulls,21700485,2017-12-23T00:00:00,CHI @ BOS,L,48.2,5.6,0.0,5.6,0.0,29.6,11.1,11.1,59.3,0.0,0.0,3.7,3.7,25.0,1,13054,13054,13054,13748,5733,9889,3867,19152,23607,12734,13691,4044,8133,1,13210,11049,20932,1.0,26:01,2017,2018
2017-18,1628374,Lauri Markkanen,Lauri,1610612741,CHI,Chicago Bulls,21700485,2017-12-23T00:00:00,CHI @ BOS,L,47.3,3.6,3.6,5.5,0.0,32.7,10.9,20.0,61.8,0.0,1.8,1.8,1.8,33.6,1,13054,13054,13054,16512,9038,7181,4055,19152,24351,12595,21501,3128,8133,20460,7242,16728,16868,1.0,26:02,2017,2018
2017-18,202703,Nikola Mirotic,Nikola,1610612741,CHI,Chicago Bulls,21700485,2017-12-23T00:00:00,CHI @ BOS,L,48.0,4.3,4.3,6.4,4.3,17.0,12.8,10.6,38.3,0.0,2.1,4.3,4.3,48.5,1,13054,13054,13054,14198,7856,6078,3136,16652,14845,14847,13259,17614,8133,21397,15065,9564,8690,1.0,22:35,2017,2018
2017-18,1627739,Kris Dunn,Kris,1610612741,CHI,Chicago Bulls,21700485,2017-12-23T00:00:00,CHI @ BOS,L,47.4,0.0,0.0,0.0,0.0,30.8,5.8,17.3,65.4,0.0,0.0,1.9,0.0,24.8,1,13054,13054,13054,16306,12040,9889,9215,19152,23888,6278,19845,2257,8133,1,7570,18674,21071,1.0,24:39,2017,2018
2017-18,1626171,Bobby Portis,Bobby,1610612741,CHI,Chicago Bulls,21700485,2017-12-23T00:00:00,CHI @ BOS,L,48.6,0.0,14.0,4.7,32.6,14.0,20.9,4.7,37.2,0.0,2.3,4.7,4.7,72.3,1,13054,13054,13054,12445,12040,506,5004,288,11296,22153,6222,18335,8133,21869,16224,8614,1523,1.0,20:53,2017,2018
2017-18,1627835,Paul Zipser,Paul,1610612741,CHI,Chicago Bulls,21700485,2017-12-23T00:00:00,CHI @ BOS,L,48.8,0.0,0.0,5.6,11.1,16.7,11.1,0.0,44.4,2.8,2.8,2.8,2.8,30.8,1,13054,13054,13054,11550,12040,9889,3867,8104,14231,12734,1,12818,3257,22940,10147,13805,18281,1.0,17:35,2017,2018
2017-18,1628021,David Nwaba,David,1610612741,CHI,Chicago Bulls,21700485,2017-12-23T00:00:00,CHI @ BOS,L,47.4,0.0,0.0,0.0,14.8,18.5,16.7,13.0,40.7,0.0,0.0,1.9,11.1,26.5,1,13054,13054,13054,16389,12040,9889,9215,4968,16479,18748,15794,15844,8133,1,7353,937,20410,1.0,25:35,2017,2018
2017-18,202347,Quincy Pondexter,Quincy,1610612741,CHI,Chicago Bulls,21700485,2017-12-23T00:00:00,CHI @ BOS,L,42.7,0.0,0.0,0.0,0.0,15.4,0.0,0.0,46.2,0.0,7.7,0.0,0.0,27.7,1,13054,13054,13054,24732,12040,9889,9215,19152,12828,1,1,11649,8133,25858,1,18674,19855,1.0,5:33,2017,2018
2017-18,203200,Justin Holiday,Justin,1610612741,CHI,Chicago Bulls,21700485,2017-12-23T00:00:00,CHI @ BOS,L,46.9,0.0,0.0,0.0,3.7,29.6,9.3,16.7,63.0,1.9,0.0,3.7,0.0,46.3,1,13054,13054,13054,17709,12040,9889,9215,17338,23607,10420,19132,2816,5278,1,13210,18674,9790,1.0,25:21,2017,2018
2017-18,201577,Robin Lopez,Robin,1610612741,CHI,Chicago Bulls,21700485,2017-12-23T00:00:00,CHI @ BOS,L,48.2,0.0,5.7,0.0,11.4,34.3,8.6,11.4,68.6,0.0,0.0,0.0,2.9,46.6,1,13054,13054,13054,13709,12040,4090,9215,7823,24688,9496,14137,1589,8133,1,1,13536,9652,1.0,16:52,2017,2018
2017-18,1626170,Jerian Grant,Jerian,1610612741,CHI,Chicago Bulls,21700485,2017-12-23T00:00:00,CHI @ BOS,L,48.6,0.0,0.0,0.0,8.3,16.7,18.8,4.2,37.5,0.0,0.0,8.3,4.2,40.4,1,13054,13054,13054,12199,12040,9889,9215,11191,14231,20687,5801,18061,8133,1,22938,9722,13052,1.0,23:21,2017,2018
2017-18,1626245,Cristiano Felicio,Cristiano,1610612741,CHI,Chicago Bulls,21700485,2017-12-23T00:00:00,CHI @ BOS,L,42.7,0.0,0.0,0.0,0.0,15.4,0.0,0.0,46.2,0.0,0.0,0.0,7.7,28.5,1,13054,13054,13054,24732,12040,9889,9215,19152,12828,1,1,11649,8133,1,1,3273,19501,1.0,5:33,2017,2018
2017-18,201577,Robin Lopez,Robin,1610612741,CHI,Chicago Bulls,21700466,2017-12-21T00:00:00,CHI @ CLE,L,50.4,0.0,0.0,0.0,25.9,18.5,9.3,13.0,44.4,0.0,0.0,5.6,3.7,46.5,1,13054,13054,13054,6967,12040,9889,9215,855,16479,10420,15794,12818,8133,1,18481,11049,9698,1.0,27:13,2017,2018
2017-18,1626171,Bobby Portis,Bobby,1610612741,CHI,Chicago Bulls,21700466,2017-12-21T00:00:00,CHI @ CLE,L,47.1,0.0,0.0,0.0,20.7,24.1,0.0,17.2,55.2,0.0,3.4,0.0,0.0,34.8,1,13054,13054,13054,17318,12040,9889,9215,2040,21203,1,19776,5909,8133,24076,1,18674,16257,1.0,13:39,2017,2018
2017-18,1628374,Lauri Markkanen,Lauri,1610612741,CHI,Chicago Bulls,21700466,2017-12-21T00:00:00,CHI @ CLE,L,51.1,6.9,0.0,3.4,20.7,24.1,12.1,12.1,58.6,0.0,1.7,3.4,8.6,55.9,1,13054,13054,13054,5182,4007,9889,6851,2040,21203,14022,14840,4328,8133,20085,12468,2489,5456,1.0,29:40,2017,2018
2017-18,202703,Nikola Mirotic,Nikola,1610612741,CHI,Chicago Bulls,21700466,2017-12-21T00:00:00,CHI @ CLE,L,47.2,5.6,0.0,3.7,7.4,13.0,3.7,9.3,48.1,0.0,0.0,5.6,7.4,41.7,1,13054,13054,13054,17053,5733,9889,6401,12395,10104,4395,11645,10381,8133,1,18481,3658,12315,1.0,25:28,2017,2018
2017-18,1627756,Denzel Valentine,Denzel,1610612741,CHI,Chicago Bulls,21700466,2017-12-21T00:00:00,CHI @ CLE,L,49.9,0.0,0.0,0.0,8.3,16.7,9.7,9.7,50.0,1.4,0.0,5.6,0.0,48.6,1,13054,13054,13054,8197,12040,9889,9215,11191,14231,11036,12205,8649,7217,1,18481,18674,8631,1.0,35:58,2017,2018
2017-18,1626170,Jerian Grant,Jerian,1610612741,CHI,Chicago Bulls,21700466,2017-12-21T00:00:00,CHI @ CLE,L,48.3,7.4,0.0,0.0,0.0,25.9,0.0,18.5,51.9,0.0,0.0,7.4,7.4,50.7,1,13054,13054,13054,13420,3489,9889,9215,19152,22097,1,20714,7805,8133,1,21890,3658,7582,1.0,13:02,2017,2018
2017-18,1627739,Kris Dunn,Kris,1610612741,CHI,Chicago Bulls,21700466,2017-12-21T00:00:00,CHI @ CLE,L,50.0,2.9,0.0,2.9,2.9,17.1,10.0,10.0,51.4,0.0,1.4,2.9,0.0,51.4,1,13054,13054,13054,8186,10744,9889,8033,18648,14953,11296,12407,8091,8133,18633,10444,18674,7308,1.0,34:58,2017,2018
2017-18,1628021,David Nwaba,David,1610612741,CHI,Chicago Bulls,21700466,2017-12-21T00:00:00,CHI @ CLE,L,47.7,0.0,0.0,0.0,6.1,30.3,0.0,15.2,60.6,0.0,0.0,3.0,0.0,29.1,1,13054,13054,13054,15296,12040,9889,9215,14149,23788,1,17942,3562,8133,1,11103,18674,19195,1.0,15:45,2017,2018
2017-18,1627835,Paul Zipser,Paul,1610612741,CHI,Chicago Bulls,21700466,2017-12-21T00:00:00,CHI @ CLE,L,49.1,10.5,0.0,0.0,0.0,36.8,0.0,26.3,52.6,0.0,0.0,5.3,5.3,51.1,1,13054,13054,13054,10785,1438,9889,9215,19152,25023,1,24140,7271,8133,1,17762,7179,7459,1.0,9:20,2017,2018
2017-18,203200,Justin Holiday,Justin,1610612741,CHI,Chicago Bulls,21700466,2017-12-21T00:00:00,CHI @ CLE,L,50.7,2.9,0.0,2.9,2.9,13.0,10.1,10.1,49.3,0.0,0.0,1.4,0.0,37.5,1,13054,13054,13054,6277,10638,9889,7926,18588,10170,11615,12679,9591,8133,1,5930,18674,14734,1.0,34:58,2017,2018
2017-18,203200,Justin Holiday,Justin,1610612741,CHI,Chicago Bulls,21700458,2017-12-20T00:00:00,CHI vs. ORL,W,48.8,0.0,0.0,0.0,0.0,6.9,8.6,13.8,58.6,1.7,0.0,1.7,0.0,38.6,1,1,1,1,11735,12040,9889,9215,19152,4360,9576,16640,4328,5728,1,6930,18674,14117,1.0,28:18,2017,2018
2017-18,1627756,Denzel Valentine,Denzel,1610612741,CHI,Chicago Bulls,21700458,2017-12-20T00:00:00,CHI vs. ORL,W,48.4,3.4,0.0,3.4,10.2,11.9,11.9,6.8,57.6,0.0,0.0,3.4,1.7,63.6,1,1,1,1,13125,9536,9889,6952,9176,8859,13824,8690,4748,8133,1,12343,17172,3105,1.0,28:32,2017,2018
2017-18,1627739,Kris Dunn,Kris,1610612741,CHI,Chicago Bulls,21700458,2017-12-20T00:00:00,CHI vs. ORL,W,50.1,0.0,4.2,0.0,16.7,4.2,4.2,8.3,66.7,2.1,0.0,6.3,4.2,89.0,1,1,1,1,7749,12040,6209,9215,3745,2910,4762,10477,1745,4644,1,19965,9722,350,1.0,24:03,2017,2018
2017-18,202703,Nikola Mirotic,Nikola,1610612741,CHI,Chicago Bulls,21700458,2017-12-20T00:00:00,CHI vs. ORL,W,49.4,4.5,0.0,4.5,18.2,20.5,11.4,13.6,45.5,2.3,0.0,2.3,0.0,69.3,1,1,1,1,9839,7356,9889,5119,2966,18383,13214,16475,12224,4250,1,8495,18674,1930,1.0,21:44,2017,2018
2017-18,202347,Quincy Pondexter,Quincy,1610612741,CHI,Chicago Bulls,21700458,2017-12-20T00:00:00,CHI vs. ORL,W,53.3,0.0,0.0,0.0,0.0,66.7,75.0,0.0,50.0,0.0,0.0,8.3,0.0,0.0,1,1,1,1,1872,12040,9889,9215,19152,25968,26053,1,8649,8133,1,22938,18674,25240,1.0,6:24,2017,2018
2017-18,1626171,Bobby Portis,Bobby,1610612741,CHI,Chicago Bulls,21700458,2017-12-20T00:00:00,CHI vs. ORL,W,47.2,12.9,0.0,0.0,12.9,22.6,6.5,6.5,45.2,0.0,3.2,3.2,6.5,71.0,1,1,1,1,17019,751,9889,9215,6458,20158,6982,8259,12426,8133,23774,11750,5022,1682,1.0,14:37,2017,2018
2017-18,1626245,Cristiano Felicio,Cristiano,1610612741,CHI,Chicago Bulls,21700458,2017-12-20T00:00:00,CHI vs. ORL,W,53.3,0.0,0.0,0.0,16.7,66.7,75.0,0.0,50.0,8.3,0.0,8.3,0.0,33.3,1,1,1,1,1872,12040,9889,9215,3745,25968,26053,1,8649,260,1,22938,18674,17017,1.0,6:24,2017,2018
2017-18,201577,Robin Lopez,Robin,1610612741,CHI,Chicago Bulls,21700458,2017-12-20T00:00:00,CHI vs. ORL,W,50.0,0.0,0.0,0.0,14.8,7.4,9.3,14.8,63.0,3.7,0.0,1.9,0.0,48.0,1,1,1,1,8168,12040,9889,9215,4968,4736,10420,17643,2816,1987,1,7353,18674,8955,1.0,26:59,2017,2018
2017-18,1627835,Paul Zipser,Paul,1610612741,CHI,Chicago Bulls,21700458,2017-12-20T00:00:00,CHI vs. ORL,W,50.5,0.0,0.0,0.0,0.0,38.5,28.2,5.1,51.3,0.0,0.0,10.3,0.0,16.4,1,1,1,1,6652,12040,9889,9215,19152,25181,24705,6714,8190,8133,1,24305,18674,23567,1.0,19:42,2017,2018
2017-18,1626170,Jerian Grant,Jerian,1610612741,CHI,Chicago Bulls,21700458,2017-12-20T00:00:00,CHI vs. ORL,W,48.9,6.1,4.1,0.0,12.2,34.7,28.6,12.2,44.9,2.0,0.0,4.1,4.1,51.8,1,1,1,1,11435,5002,6369,9215,7061,24760,24737,15033,12644,4746,1,14528,10009,7126,1.0,23:57,2017,2018
2017-18,1628374,Lauri Markkanen,Lauri,1610612741,CHI,Chicago Bulls,21700458,2017-12-20T00:00:00,CHI vs. ORL,W,48.5,9.8,0.0,4.9,4.9,4.9,4.9,9.8,68.3,2.4,0.0,4.9,14.6,43.9,1,1,1,1,12816,1832,9889,4723,15888,3212,5338,12228,1626,3926,1,16837,293,11079,1.0,19:52,2017,2018
2017-18,1628021,David Nwaba,David,1610612741,CHI,Chicago Bulls,21700458,2017-12-20T00:00:00,CHI vs. ORL,W,51.2,0.0,5.3,0.0,10.5,31.6,23.7,15.8,52.6,0.0,0.0,10.5,5.3,41.8,1,1,1,1,5011,12040,4667,9215,8733,24116,23452,18517,7271,8133,1,24405,7179,12230,1.0,19:28,2017,2018
2017-18,1626171,Bobby Portis,Bobby,1610612741,CHI,Chicago Bulls,21700444,2017-12-18T00:00:00,CHI vs. PHI,W,43.9,3.9,0.0,3.9,3.9,17.6,35.3,27.5,58.8,2.0,2.0,3.9,11.8,60.8,1,1,1,1,23810,8511,9889,6049,17059,15498,25548,24431,4187,4955,20956,13999,757,3864,1.0,22:23,2017,2018
2017-18,1627739,Kris Dunn,Kris,1610612741,CHI,Chicago Bulls,21700444,2017-12-18T00:00:00,CHI vs. PHI,W,44.2,9.1,0.0,3.9,10.4,18.2,23.4,23.4,49.4,0.0,1.3,2.6,3.9,47.8,1,1,1,1,23430,2159,9889,6133,8957,16034,23343,23214,9549,8133,17942,9523,10583,9042,1.0,34:03,2017,2018
2017-18,201577,Robin Lopez,Robin,1610612741,CHI,Chicago Bulls,21700444,2017-12-18T00:00:00,CHI vs. PHI,W,44.5,4.1,0.0,0.0,0.0,24.5,8.2,22.4,40.8,4.1,0.0,2.0,4.1,32.0,1,1,1,1,23081,8188,9889,9215,19152,21411,8977,22863,15786,1677,1,7897,10009,17704,1.0,21:48,2017,2018
2017-18,1626170,Jerian Grant,Jerian,1610612741,CHI,Chicago Bulls,21700444,2017-12-18T00:00:00,CHI vs. PHI,W,46.5,0.0,3.3,0.0,0.0,23.3,13.3,23.3,53.3,3.3,3.3,0.0,3.3,63.3,1,1,1,1,18988,12040,7723,9215,19152,20682,15425,23181,6855,2383,23925,1,12080,3141,1.0,13:57,2017,2018
2017-18,202703,Nikola Mirotic,Nikola,1610612741,CHI,Chicago Bulls,21700444,2017-12-18T00:00:00,CHI vs. PHI,W,43.8,8.3,6.7,0.0,10.0,18.3,15.0,18.3,50.0,1.7,3.3,3.3,8.3,74.3,1,1,1,1,23916,2673,3072,9215,9269,16306,17235,20618,8649,5944,23925,12117,2659,1282,1.0,26:17,2017,2018
2017-18,1627756,Denzel Valentine,Denzel,1610612741,CHI,Chicago Bulls,21700444,2017-12-18T00:00:00,CHI vs. PHI,W,45.1,0.0,0.0,8.3,8.3,25.0,18.8,22.9,50.0,0.0,0.0,6.3,0.0,30.2,1,1,1,1,22138,12040,9889,1738,11191,21516,20687,23029,8649,8133,1,19965,18674,18588,1.0,21:40,2017,2018
2017-18,1628374,Lauri Markkanen,Lauri,1610612741,CHI,Chicago Bulls,21700444,2017-12-18T00:00:00,CHI vs. PHI,W,44.0,8.6,0.0,0.0,3.4,17.2,22.4,24.1,48.3,0.0,0.0,0.0,1.7,43.4,1,1,1,1,23669,2513,9889,9215,17740,15073,22934,23500,10272,8133,1,1,17051,11313,1.0,25:32,2017,2018
2017-18,1627835,Paul Zipser,Paul,1610612741,CHI,Chicago Bulls,21700444,2017-12-18T00:00:00,CHI vs. PHI,W,49.1,0.0,0.0,0.0,0.0,33.3,19.0,33.3,66.7,0.0,0.0,9.5,0.0,6.7,1,1,1,1,10754,12040,9889,9215,19152,24377,20923,25269,1745,8133,1,23899,18674,24950,1.0,10:19,2017,2018
2017-18,203200,Justin Holiday,Justin,1610612741,CHI,Chicago Bulls,21700444,2017-12-18T00:00:00,CHI vs. PHI,W,44.0,5.8,0.0,5.8,4.7,16.3,20.9,20.9,46.5,2.3,2.3,0.0,3.5,40.6,1,1,1,1,23710,5424,9889,3650,16195,13972,22153,22171,11499,4146,21869,1,11731,12949,1.0,37:50,2017,2018
2017-18,1628021,David Nwaba,David,1610612741,CHI,Chicago Bulls,21700444,2017-12-18T00:00:00,CHI vs. PHI,W,42.3,3.2,3.2,3.2,9.7,14.5,21.0,22.6,48.4,0.0,1.6,6.5,3.2,22.9,1,1,1,1,24966,9897,7935,7245,9714,11943,22178,22909,10235,8133,19624,20420,12377,21781,1.0,26:12,2017,2018
2017-18,1627835,Paul Zipser,Paul,1610612741,CHI,Chicago Bulls,21700426,2017-12-15T00:00:00,CHI @ MIL,W,55.5,0.0,0.0,0.0,0.0,13.0,8.7,8.7,60.9,0.0,0.0,8.7,0.0,6.5,1,1,1,1,608,12040,9889,9215,19152,10170,9616,10978,3450,8133,1,23312,18674,24960,2.0,12:46,2017,2018
2017-18,1626171,Bobby Portis,Bobby,1610612741,CHI,Chicago Bulls,21700426,2017-12-15T00:00:00,CHI @ MIL,W,48.2,0.0,11.5,4.9,19.7,9.8,9.8,6.6,52.5,0.0,1.6,1.6,6.6,71.1,1,1,1,1,13622,12040,894,4685,2417,6766,11196,8428,7441,8133,19729,6628,4896,1655,2.0,29:25,2017,2018
2017-18,1627756,Denzel Valentine,Denzel,1610612741,CHI,Chicago Bulls,21700426,2017-12-15T00:00:00,CHI @ MIL,W,48.9,0.0,0.0,0.0,5.4,27.0,10.8,13.5,59.5,0.0,2.7,8.1,0.0,22.4,1,1,1,1,11242,12040,9889,9215,15129,22634,12449,16369,3968,8133,22749,22798,18674,21935,2.0,18:07,2017,2018
2017-18,202703,Nikola Mirotic,Nikola,1610612741,CHI,Chicago Bulls,21700426,2017-12-15T00:00:00,CHI @ MIL,W,49.3,5.1,3.4,5.1,13.6,13.6,20.3,25.4,67.8,0.0,1.7,5.1,8.5,62.0,1,1,1,1,10099,6551,7622,4498,5930,10847,21820,23912,1708,8133,19971,17417,2594,3494,2.0,29:05,2017,2018
2017-18,1627739,Kris Dunn,Kris,1610612741,CHI,Chicago Bulls,21700426,2017-12-15T00:00:00,CHI @ MIL,W,49.1,3.9,7.8,0.0,15.7,7.8,15.7,21.6,62.7,0.0,0.0,11.8,5.9,61.8,1,1,1,1,10861,8511,2235,9215,4427,5073,17947,22472,2879,8133,1,24873,5961,3573,2.0,25:01,2017,2018
2017-18,201577,Robin Lopez,Robin,1610612741,CHI,Chicago Bulls,21700426,2017-12-15T00:00:00,CHI @ MIL,W,46.9,0.0,12.9,0.0,25.8,17.7,16.1,21.0,58.1,0.0,1.6,1.6,4.8,46.9,1,1,1,1,17973,12040,646,9215,870,15653,18365,22198,4530,8133,19624,6520,8195,9480,2.0,29:03,2017,2018
2017-18,1628021,David Nwaba,David,1610612741,CHI,Chicago Bulls,21700426,2017-12-15T00:00:00,CHI @ MIL,W,48.9,2.8,0.0,2.8,11.1,9.7,16.7,16.7,61.1,0.0,0.0,6.9,6.9,43.2,1,1,1,1,11370,10935,9889,8204,8104,6670,18748,19132,3384,8133,1,21304,4358,11445,2.0,35:13,2017,2018
2017-18,1626170,Jerian Grant,Jerian,1610612741,CHI,Chicago Bulls,21700426,2017-12-15T00:00:00,CHI @ MIL,W,50.0,6.5,6.5,0.0,0.0,21.7,13.0,13.0,56.5,0.0,0.0,6.5,6.5,35.7,1,1,1,1,8147,4490,3263,9215,19152,19451,15146,15853,5280,8133,1,20580,4949,15804,2.0,22:59,2017,2018
2017-18,203200,Justin Holiday,Justin,1610612741,CHI,Chicago Bulls,21700426,2017-12-15T00:00:00,CHI @ MIL,W,49.2,0.0,0.0,0.0,2.6,14.1,12.8,21.8,56.4,0.0,1.3,2.6,1.3,32.2,1,1,1,1,10443,12040,9889,9215,18984,11488,14897,22580,5319,8133,17847,9357,18496,17624,2.0,38:22,2017,2018
2017-18,1627739,Kris Dunn,Kris,1610612741,CHI,Chicago Bulls,21700409,2017-12-13T00:00:00,CHI vs. UTA,W,46.2,5.5,2.7,5.5,8.2,11.0,12.3,5.5,54.8,0.0,0.0,5.5,2.7,60.8,1,1,1,1,19858,5905,8928,4024,11414,7898,14341,7156,6114,8133,1,18417,13971,3854,1.0,33:42,2017,2018
2017-18,1628021,David Nwaba,David,1610612741,CHI,Chicago Bulls,21700409,2017-12-13T00:00:00,CHI vs. UTA,W,49.9,0.0,0.0,3.5,3.5,3.5,7.0,8.8,52.6,0.0,0.0,3.5,3.5,24.7,1,1,1,1,8351,12040,9889,6753,17650,2667,7632,11138,7271,8133,1,12694,11629,21101,1.0,28:26,2017,2018
2017-18,1627756,Denzel Valentine,Denzel,1610612741,CHI,Chicago Bulls,21700409,2017-12-13T00:00:00,CHI vs. UTA,W,47.7,5.3,0.0,2.7,8.0,10.7,14.7,9.3,61.3,0.0,0.0,1.3,1.3,24.8,1,1,1,1,15303,6164,9889,8426,11634,7626,16952,11741,3329,8133,1,5538,18381,21076,1.0,35:48,2017,2018
2017-18,202703,Nikola Mirotic,Nikola,1610612741,CHI,Chicago Bulls,21700409,2017-12-13T00:00:00,CHI vs. UTA,W,46.4,6.6,9.2,3.9,13.2,7.9,11.8,5.3,55.3,0.0,3.9,2.6,3.9,57.6,1,1,1,1,19257,4417,1568,6025,6274,5108,13801,6829,5882,8133,24664,9600,10440,4840,1.0,35:16,2017,2018
2017-18,1627835,Paul Zipser,Paul,1610612741,CHI,Chicago Bulls,21700409,2017-12-13T00:00:00,CHI vs. UTA,W,49.6,0.0,0.0,0.0,0.0,0.0,9.5,14.3,38.1,0.0,0.0,9.5,9.5,12.4,1,1,1,1,9223,12040,9889,9215,19152,1,10721,17034,17705,8133,1,23899,1753,24324,1.0,10:25,2017,2018
2017-18,1626170,Jerian Grant,Jerian,1610612741,CHI,Chicago Bulls,21700409,2017-12-13T00:00:00,CHI vs. UTA,W,49.3,0.0,0.0,0.0,0.0,0.0,13.8,10.3,55.2,0.0,0.0,3.4,3.4,44.8,1,1,1,1,10127,12040,9889,9215,19152,1,15965,12882,5909,8133,1,12468,11743,10569,1.0,14:18,2017,2018
2017-18,201577,Robin Lopez,Robin,1610612741,CHI,Chicago Bulls,21700409,2017-12-13T00:00:00,CHI vs. UTA,W,46.6,2.6,2.6,0.0,20.5,10.3,14.1,2.6,56.4,3.8,5.1,0.0,1.3,45.3,1,1,1,1,18611,11370,9245,9215,2104,7186,16373,4500,5319,1866,25385,1,18496,10342,1.0,36:23,2017,2018
2017-18,1626171,Bobby Portis,Bobby,1610612741,CHI,Chicago Bulls,21700409,2017-12-13T00:00:00,CHI vs. UTA,W,48.9,0.0,8.9,0.0,13.3,4.4,13.3,11.1,53.3,0.0,0.0,0.0,2.2,51.3,1,1,1,1,11338,12040,1688,9215,6013,3029,15425,13691,6855,8133,1,1,15424,7353,1.0,22:01,2017,2018
2017-18,203200,Justin Holiday,Justin,1610612741,CHI,Chicago Bulls,21700409,2017-12-13T00:00:00,CHI vs. UTA,W,43.9,7.4,0.0,1.9,3.7,11.1,16.7,3.7,55.6,0.0,1.9,3.7,11.1,40.4,1,1,1,1,23846,3489,9889,9069,17338,7928,18748,5377,5695,8133,20592,13210,937,13085,1.0,23:42,2017,2018
2017-18,202703,Nikola Mirotic,Nikola,1610612741,CHI,Chicago Bulls,21700391,2017-12-11T00:00:00,CHI vs. BOS,W,49.3,1.6,0.0,4.7,9.4,0.0,7.8,10.9,37.5,1.6,0.0,1.6,4.7,57.2,1,1,1,1,9954,11922,9889,4968,10036,1,8584,13637,18061,6375,1,6353,8541,4998,1.0,31:35,2017,2018
2017-18,1627739,Kris Dunn,Kris,1610612741,CHI,Chicago Bulls,21700391,2017-12-11T00:00:00,CHI vs. BOS,W,47.9,3.8,7.7,0.0,19.2,0.0,3.8,13.5,42.3,1.9,0.0,5.8,1.9,44.8,1,1,1,1,14568,8638,2287,9215,2572,1,4513,16331,14664,5058,1,19058,16338,10583,1.0,24:56,2017,2018
2017-18,202347,Quincy Pondexter,Quincy,1610612741,CHI,Chicago Bulls,21700391,2017-12-11T00:00:00,CHI vs. BOS,W,49.2,0.0,0.0,0.0,0.0,25.0,37.5,25.0,75.0,0.0,0.0,0.0,0.0,-6.3,1,1,1,1,10488,12040,9889,9215,19152,21516,25638,23680,862,8133,1,1,18674,26012,1.0,3:56,2017,2018
2017-18,1626171,Bobby Portis,Bobby,1610612741,CHI,Chicago Bulls,21700391,2017-12-11T00:00:00,CHI vs. BOS,W,56.1,4.9,4.9,0.0,19.5,0.0,19.5,4.9,43.9,0.0,0.0,7.3,2.4,86.1,1,1,1,1,469,6828,5198,9215,2458,1,21277,6459,13396,8133,1,21785,14847,434,1.0,23:00,2017,2018
2017-18,1626170,Jerian Grant,Jerian,1610612741,CHI,Chicago Bulls,21700391,2017-12-11T00:00:00,CHI vs. BOS,W,56.3,4.9,0.0,7.3,0.0,4.9,26.8,4.9,39.0,0.0,0.0,9.8,7.3,66.1,1,1,1,1,441,6828,9889,2404,19152,3212,24428,6459,17101,8133,1,24041,3806,2534,1.0,23:04,2017,2018
2017-18,1626245,Cristiano Felicio,Cristiano,1610612741,CHI,Chicago Bulls,21700391,2017-12-11T00:00:00,CHI vs. BOS,W,49.2,0.0,0.0,0.0,0.0,25.0,37.5,25.0,75.0,0.0,0.0,0.0,25.0,67.5,1,1,1,1,10488,12040,9889,9215,19152,21516,25638,23680,862,8133,1,1,25,2256,1.0,3:56,2017,2018
2017-18,203200,Justin Holiday,Justin,1610612741,CHI,Chicago Bulls,21700391,2017-12-11T00:00:00,CHI vs. BOS,W,48.2,5.9,0.0,0.0,3.9,0.0,3.9,9.8,31.4,0.0,0.0,2.0,2.0,47.8,1,1,1,1,13775,5276,9889,9215,17059,1,4572,12298,21548,8133,1,7674,16214,9011,1.0,24:34,2017,2018
2017-18,201577,Robin Lopez,Robin,1610612741,CHI,Chicago Bulls,21700391,2017-12-11T00:00:00,CHI vs. BOS,W,47.4,0.0,3.9,0.0,7.8,0.0,3.9,9.8,31.4,0.0,0.0,3.9,2.0,25.1,1,1,1,1,16281,12040,6650,9215,11895,1,4572,12298,21548,8133,1,13999,16214,20920,1.0,24:11,2017,2018
2017-18,1627835,Paul Zipser,Paul,1610612741,CHI,Chicago Bulls,21700391,2017-12-11T00:00:00,CHI vs. BOS,W,54.6,5.3,0.0,0.0,0.0,5.3,21.1,10.5,57.9,2.6,2.6,0.0,5.3,44.5,1,1,1,1,963,6198,9889,9215,19152,3409,22196,13063,4631,3548,22580,1,7179,10767,1.0,20:45,2017,2018
2017-18,1628021,David Nwaba,David,1610612741,CHI,Chicago Bulls,21700391,2017-12-11T00:00:00,CHI vs. BOS,W,53.6,4.0,0.0,4.0,12.0,0.0,16.0,14.0,40.0,0.0,0.0,0.0,10.0,49.4,1,1,1,1,1671,8325,9889,5896,7295,1,18219,16879,16092,8133,1,1,1416,8238,1.0,26:47,2017,2018
2017-18,1627770,Kay Felder,Kay,1610612741,CHI,Chicago Bulls,21700391,2017-12-11T00:00:00,CHI vs. BOS,W,43.5,0.0,0.0,0.0,0.0,25.0,37.5,25.0,50.0,0.0,0.0,0.0,0.0,37.5,1,1,1,1,24160,12040,9889,9215,19152,21516,25638,23680,8649,8133,1,1,18674,14739,1.0,3:29,2017,2018
2017-18,1627756,Denzel Valentine,Denzel,1610612741,CHI,Chicago Bulls,21700391,2017-12-11T00:00:00,CHI vs. BOS,W,55.2,0.0,0.0,0.0,0.0,0.0,18.5,0.0,37.0,0.0,1.9,7.4,0.0,30.9,1,1,1,1,725,12040,9889,9215,19152,1,20557,1,18418,8133,20592,21890,18674,18234,1.0,29:47,2017,2018
2017-18,203200,Justin Holiday,Justin,1610612741,CHI,Chicago Bulls,21700380,2017-12-09T00:00:00,CHI vs. NYK,W,48.1,3.3,0.0,3.3,3.3,27.9,6.6,6.6,59.0,1.6,0.0,4.9,0.0,24.8,1,1,1,1,14155,9767,9889,7151,18009,23015,7133,8428,4154,6070,1,16974,18674,21096,1.0,29:19,2017,2018
2017-18,202703,Nikola Mirotic,Nikola,1610612741,CHI,Chicago Bulls,21700380,2017-12-09T00:00:00,CHI vs. NYK,W,50.3,5.0,10.0,0.0,0.0,22.5,0.0,0.0,45.0,0.0,0.0,7.5,5.0,54.0,1,1,1,1,7225,6608,1243,9215,19152,20100,1,1,12567,8133,1,22068,7757,6201,1.0,20:07,2017,2018
2017-18,201577,Robin Lopez,Robin,1610612741,CHI,Chicago Bulls,21700380,2017-12-09T00:00:00,CHI vs. NYK,W,47.7,0.0,0.0,0.0,12.5,25.0,9.4,9.4,65.6,3.1,0.0,6.3,1.6,30.6,1,1,1,1,15513,12040,9889,9215,6746,21516,10575,11760,2222,2653,1,19965,17647,18376,1.0,30:31,2017,2018
2017-18,1627739,Kris Dunn,Kris,1610612741,CHI,Chicago Bulls,21700380,2017-12-09T00:00:00,CHI vs. NYK,W,47.9,9.7,4.8,3.2,9.7,32.3,9.7,9.7,67.7,0.0,0.0,4.8,6.5,72.4,1,1,1,1,14633,1875,5294,7245,9714,24251,10962,12138,1714,8133,1,16758,5022,1510,1.0,29:43,2017,2018
2017-18,1626170,Jerian Grant,Jerian,1610612741,CHI,Chicago Bulls,21700380,2017-12-09T00:00:00,CHI vs. NYK,W,50.8,0.0,0.0,2.8,0.0,8.3,0.0,0.0,38.9,0.0,0.0,5.6,8.3,77.5,1,1,1,1,5966,12040,9889,8204,19152,5406,1,1,17195,8133,1,18481,2659,955,1.0,18:17,2017,2018
2017-18,1627756,Denzel Valentine,Denzel,1610612741,CHI,Chicago Bulls,21700380,2017-12-09T00:00:00,CHI vs. NYK,W,48.7,0.0,0.0,0.0,0.0,18.4,5.3,10.5,57.9,0.0,0.0,0.0,0.0,28.9,1,1,1,1,12089,12040,9889,9215,19152,16380,5702,13063,4631,8133,1,1,18674,19263,1.0,18:30,2017,2018
2017-18,1628021,David Nwaba,David,1610612741,CHI,Chicago Bulls,21700380,2017-12-09T00:00:00,CHI vs. NYK,W,49.4,9.7,0.0,12.9,19.4,30.6,6.5,3.2,58.1,3.2,0.0,3.2,9.7,50.8,1,1,1,1,9757,1875,9889,464,2521,23885,6982,4999,4530,2511,1,11750,1680,7554,1.0,30:39,2017,2018
2017-18,1626171,Bobby Portis,Bobby,1610612741,CHI,Chicago Bulls,21700380,2017-12-09T00:00:00,CHI vs. NYK,W,50.2,12.9,0.0,12.9,25.8,0.0,0.0,0.0,32.3,0.0,0.0,0.0,0.0,60.0,1,1,1,1,7449,751,9889,464,870,1,1,1,21129,8133,1,1,18674,4034,1.0,15:34,2017,2018
2017-18,1628374,Lauri Markkanen,Lauri,1610612741,CHI,Chicago Bulls,21700380,2017-12-09T00:00:00,CHI vs. NYK,W,48.1,6.5,4.8,0.0,9.7,33.9,9.7,9.7,67.7,3.2,1.6,1.6,1.6,47.7,1,1,1,1,13943,4553,5294,9215,9714,24628,10962,12138,1714,2511,19624,6520,17463,9060,1.0,29:50,2017,2018
2017-18,1627835,Paul Zipser,Paul,1610612741,CHI,Chicago Bulls,21700380,2017-12-09T00:00:00,CHI vs. NYK,W,51.5,0.0,5.9,0.0,0.0,8.8,5.9,5.9,52.9,0.0,5.9,2.9,0.0,32.9,1,1,1,1,4419,12040,3879,9215,19152,5897,6336,7589,7122,8133,25591,10786,18674,17224,1.0,17:31,2017,2018
2017-18,1627739,Kris Dunn,Kris,1610612741,CHI,Chicago Bulls,21700367,2017-12-08T00:00:00,CHI @ CHA,W,46.9,3.4,0.0,0.0,9.1,12.5,11.4,4.5,45.5,0.0,3.4,5.7,5.7,60.5,1,1,1,1,17920,9531,9889,9215,10275,9414,13214,6128,12224,8133,24075,18917,6430,3958,1.0,41:15,2017,2018
2017-18,202703,Nikola Mirotic,Nikola,1610612741,CHI,Chicago Bulls,21700367,2017-12-08T00:00:00,CHI @ CHA,W,46.6,0.0,0.0,0.0,6.3,12.5,0.0,15.6,25.0,3.1,3.1,3.1,9.4,39.4,1,1,1,1,18855,12040,9889,9215,13884,9414,1,18403,23734,2653,23621,11424,1863,13688,1.0,14:54,2017,2018
2017-18,203200,Justin Holiday,Justin,1610612741,CHI,Chicago Bulls,21700367,2017-12-08T00:00:00,CHI @ CHA,W,45.7,2.4,0.0,4.7,2.4,10.6,11.8,4.7,44.7,2.4,1.2,3.5,2.4,47.8,1,1,1,1,21013,11639,9889,4960,19108,7556,13608,6316,12800,4138,17521,12789,15133,9052,1.0,38:50,2017,2018
2017-18,1628374,Lauri Markkanen,Lauri,1610612741,CHI,Chicago Bulls,21700367,2017-12-08T00:00:00,CHI @ CHA,W,46.7,6.9,9.7,0.0,13.9,12.5,13.9,5.6,50.0,0.0,2.8,1.4,5.6,51.9,1,1,1,1,18395,3985,1369,9215,5692,9414,16099,7189,8649,8133,22940,5719,6552,7075,1.0,33:38,2017,2018
2017-18,201577,Robin Lopez,Robin,1610612741,CHI,Chicago Bulls,21700367,2017-12-08T00:00:00,CHI @ CHA,W,48.1,0.0,4.5,0.0,18.0,12.4,11.2,4.5,49.4,1.1,3.4,6.7,2.2,35.4,1,1,1,1,14057,12040,5762,9215,3152,9411,13077,6125,9533,8084,24031,21007,15416,15944,1.0,42:48,2017,2018
2017-18,1627756,Denzel Valentine,Denzel,1610612741,CHI,Chicago Bulls,21700367,2017-12-08T00:00:00,CHI @ CHA,W,47.0,0.0,3.8,3.8,3.8,11.3,7.5,3.8,52.8,0.0,0.0,3.8,3.8,19.1,1,1,1,1,17512,12040,6926,6297,17256,8263,8258,5446,7197,8133,1,13515,10912,22933,1.0,24:55,2017,2018
2017-18,1627835,Paul Zipser,Paul,1610612741,CHI,Chicago Bulls,21700367,2017-12-08T00:00:00,CHI @ CHA,W,48.0,0.0,0.0,0.0,0.0,19.0,0.0,23.8,38.1,0.0,0.0,9.5,4.8,7.6,1,1,1,1,14319,12040,9889,9215,19152,17001,1,23376,17705,8133,1,23899,8292,24882,1.0,10:05,2017,2018
2017-18,1626170,Jerian Grant,Jerian,1610612741,CHI,Chicago Bulls,21700367,2017-12-08T00:00:00,CHI @ CHA,W,49.0,0.0,0.0,0.0,8.3,16.7,0.0,20.8,41.7,0.0,0.0,8.3,0.0,44.6,1,1,1,1,11166,12040,9889,9215,11191,14231,1,22123,15119,8133,1,22938,18674,10698,1.0,11:45,2017,2018
2017-18,1628021,David Nwaba,David,1610612741,CHI,Chicago Bulls,21700367,2017-12-08T00:00:00,CHI @ CHA,W,47.8,0.0,0.0,9.0,14.9,16.4,9.0,10.4,38.8,4.5,1.5,6.0,1.5,49.6,1,1,1,1,15052,12040,9889,1467,4919,14145,10044,13014,17277,1371,19004,19494,17878,8163,1.0,32:02,2017,2018
2017-18,1626171,Bobby Portis,Bobby,1610612741,CHI,Chicago Bulls,21700367,2017-12-08T00:00:00,CHI @ CHA,W,46.3,12.5,0.0,6.3,12.5,18.8,0.0,15.6,37.5,0.0,0.0,6.3,0.0,36.9,1,1,1,1,19643,815,9889,3197,6746,16691,1,18403,18061,8133,1,19965,18674,15103,1.0,14:48,2017,2018
2017-18,203200,Justin Holiday,Justin,1610612741,CHI,Chicago Bulls,21700354,2017-12-06T00:00:00,CHI @ IND,L,50.5,0.0,0.0,0.0,0.0,26.4,13.9,11.1,25.0,1.4,0.0,4.2,2.8,23.3,1,13054,13054,13054,6691,12040,9889,9215,19152,22365,16099,13691,23734,7217,1,14704,13805,21629,1.0,36:22,2017,2018
2017-18,1628021,David Nwaba,David,1610612741,CHI,Chicago Bulls,21700354,2017-12-06T00:00:00,CHI @ IND,L,48.4,10.9,4.3,4.3,21.7,8.7,8.7,8.7,21.7,2.2,0.0,2.2,6.5,40.4,1,13054,13054,13054,12897,1329,5935,5400,1759,5730,9616,10978,24502,4458,1,8245,4949,13038,1.0,22:17,2017,2018
2017-18,1627739,Kris Dunn,Kris,1610612741,CHI,Chicago Bulls,21700354,2017-12-06T00:00:00,CHI @ IND,L,50.2,2.9,0.0,0.0,8.8,22.1,14.7,11.8,29.4,1.5,2.9,5.9,4.4,53.2,1,13054,13054,13054,7508,10529,9889,9215,10658,19748,16961,14446,22383,6786,23300,19207,9160,6504,1.0,34:08,2017,2018
2017-18,1627756,Denzel Valentine,Denzel,1610612741,CHI,Chicago Bulls,21700354,2017-12-06T00:00:00,CHI @ IND,L,50.8,0.0,0.0,4.7,3.1,20.3,9.4,18.8,34.4,1.6,3.1,3.1,0.0,47.0,1,13054,13054,13054,5844,12040,9889,4968,18261,18257,10575,20848,19990,6375,23621,11424,18674,9432,1.0,32:32,2017,2018
2017-18,1627835,Paul Zipser,Paul,1610612741,CHI,Chicago Bulls,21700354,2017-12-06T00:00:00,CHI @ IND,L,47.7,0.0,0.0,17.1,0.0,11.4,0.0,11.4,22.9,0.0,0.0,8.6,2.9,35.7,1,13054,13054,13054,15533,12040,9889,164,19152,8358,1,14137,24283,8133,1,23230,13536,15754,1.0,16:41,2017,2018
2017-18,1626170,Jerian Grant,Jerian,1610612741,CHI,Chicago Bulls,21700354,2017-12-06T00:00:00,CHI @ IND,L,49.5,0.0,0.0,0.0,0.0,14.3,0.0,14.3,21.4,0.0,0.0,0.0,0.0,31.8,1,13054,13054,13054,9402,12040,9889,9215,19152,11519,1,17034,24550,8133,1,1,18674,17825,1.0,13:52,2017,2018
2017-18,1626171,Bobby Portis,Bobby,1610612741,CHI,Chicago Bulls,21700354,2017-12-06T00:00:00,CHI @ IND,L,47.3,4.9,0.0,0.0,14.6,12.2,0.0,17.1,24.4,0.0,0.0,0.0,4.9,49.8,1,13054,13054,13054,16726,6828,9889,9215,5106,9218,1,19645,23984,8133,1,1,8091,8071,1.0,19:23,2017,2018
2017-18,201577,Robin Lopez,Robin,1610612741,CHI,Chicago Bulls,21700354,2017-12-06T00:00:00,CHI @ IND,L,50.5,6.0,6.0,3.0,17.9,20.9,14.9,7.5,26.9,1.5,0.0,0.0,1.5,36.6,1,13054,13054,13054,6824,5214,3840,7729,3176,18763,17195,9539,23329,6680,1,1,17878,15267,1.0,33:49,2017,2018
2017-18,1628374,Lauri Markkanen,Lauri,1610612741,CHI,Chicago Bulls,21700354,2017-12-06T00:00:00,CHI @ IND,L,51.6,0.0,6.7,3.3,13.3,28.3,16.7,13.3,30.0,0.0,1.7,3.3,3.3,30.3,1,13054,13054,13054,4286,12040,3072,7052,6013,23180,18748,16103,22129,8133,19856,12117,12080,18522,1.0,30:57,2017,2018
2017-18,1627739,Kris Dunn,Kris,1610612741,CHI,Chicago Bulls,21700344,2017-12-04T00:00:00,CHI vs. CLE,L,55.9,0.0,0.0,5.5,10.9,10.9,9.1,0.0,43.6,1.8,0.0,5.5,7.3,54.0,1,13054,13054,13054,512,12040,9889,4055,8413,7849,10105,1,13615,5396,1,18319,3887,6201,1.0,30:45,2017,2018
2017-18,202347,Quincy Pondexter,Quincy,1610612741,CHI,Chicago Bulls,21700344,2017-12-04T00:00:00,CHI vs. CLE,L,60.5,0.0,0.0,0.0,0.0,0.0,28.6,0.0,0.0,0.0,0.0,0.0,0.0,17.1,1,13054,13054,13054,106,12040,9889,9215,19152,1,24737,1,25493,8133,1,1,18674,23366,1.0,4:14,2017,2018
2017-18,1627770,Kay Felder,Kay,1610612741,CHI,Chicago Bulls,21700344,2017-12-04T00:00:00,CHI vs. CLE,L,60.5,0.0,0.0,0.0,0.0,0.0,28.6,0.0,0.0,0.0,0.0,0.0,14.3,108.6,1,13054,13054,13054,106,12040,9889,9215,19152,1,24737,1,25493,8133,1,1,308,83,1.0,4:14,2017,2018
2017-18,203200,Justin Holiday,Justin,1610612741,CHI,Chicago Bulls,21700344,2017-12-04T00:00:00,CHI vs. CLE,L,53.8,5.3,0.0,0.0,0.0,12.3,3.5,5.3,31.6,1.8,0.0,5.3,1.8,55.6,1,13054,13054,13054,1485,6198,9889,9215,19152,9325,4261,6829,21421,5615,1,17762,16955,5570,1.0,30:39,2017,2018
2017-18,1627835,Paul Zipser,Paul,1610612741,CHI,Chicago Bulls,21700344,2017-12-04T00:00:00,CHI vs. CLE,L,50.5,0.0,0.0,0.0,0.0,31.0,10.3,13.8,55.2,0.0,0.0,3.4,0.0,13.4,1,13054,13054,13054,6827,12040,9889,9215,19152,23989,11850,16640,5909,8133,1,12468,18674,24144,1.0,14:38,2017,2018
2017-18,1627756,Denzel Valentine,Denzel,1610612741,CHI,Chicago Bulls,21700344,2017-12-04T00:00:00,CHI vs. CLE,L,54.8,5.5,5.5,3.6,3.6,9.1,7.3,5.5,29.1,0.0,0.0,3.6,0.0,22.9,1,13054,13054,13054,900,5954,4428,6541,17449,6059,7924,7116,22518,8133,1,13046,18674,21779,1.0,30:07,2017,2018
2017-18,1628374,Lauri Markkanen,Lauri,1610612741,CHI,Chicago Bulls,21700344,2017-12-04T00:00:00,CHI vs. CLE,L,55.0,0.0,0.0,8.6,13.8,19.0,8.6,0.0,41.4,1.7,3.4,3.4,1.7,51.6,1,13054,13054,13054,775,12040,9889,1637,5724,16962,9576,1,15340,5728,24076,12468,17051,7260,1.0,31:55,2017,2018
2017-18,201577,Robin Lopez,Robin,1610612741,CHI,Chicago Bulls,21700344,2017-12-04T00:00:00,CHI vs. CLE,L,54.3,0.0,14.9,0.0,17.0,10.6,4.3,6.4,34.0,4.3,0.0,2.1,6.4,61.7,1,13054,13054,13054,1130,12040,402,9215,3621,7587,4831,8231,20158,1536,1,8117,5154,3592,1.0,25:31,2017,2018
2017-18,1626245,Cristiano Felicio,Cristiano,1610612741,CHI,Chicago Bulls,21700344,2017-12-04T00:00:00,CHI vs. CLE,L,51.7,0.0,8.7,0.0,17.4,8.7,8.7,17.4,34.8,0.0,0.0,0.0,4.3,26.1,1,13054,13054,13054,3993,12040,1749,9215,3405,5730,9616,19887,19708,8133,1,1,9225,20566,1.0,11:54,2017,2018
2017-18,1628021,David Nwaba,David,1610612741,CHI,Chicago Bulls,21700344,2017-12-04T00:00:00,CHI vs. CLE,L,49.6,0.0,0.0,0.0,0.0,33.3,9.1,12.1,54.5,0.0,0.0,9.1,3.0,26.4,1,13054,13054,13054,9248,12040,9889,9215,19152,24377,10105,14882,6132,8133,1,23549,12963,20453,1.0,16:22,2017,2018
2017-18,1626170,Jerian Grant,Jerian,1610612741,CHI,Chicago Bulls,21700344,2017-12-04T00:00:00,CHI vs. CLE,L,44.9,0.0,0.0,0.0,6.9,34.5,0.0,24.1,34.5,0.0,0.0,0.0,3.4,15.5,1,13054,13054,13054,22529,12040,9889,9215,13002,24729,1,23500,19909,8133,1,1,11743,23752,1.0,13:01,2017,2018
2017-18,1626171,Bobby Portis,Bobby,1610612741,CHI,Chicago Bulls,21700344,2017-12-04T00:00:00,CHI vs. CLE,L,50.3,0.0,0.0,0.0,7.5,26.4,9.4,13.2,37.7,0.0,0.0,1.9,0.0,47.7,1,13054,13054,13054,7182,12040,9889,9215,12274,22375,10658,16027,17969,8133,1,7470,18674,9065,1.0,26:40,2017,2018
2017-18,1628469,Antonio Blakeney,Antonio,1610612741,CHI,Chicago Bulls,21700322,2017-12-01T00:00:00,CHI vs. SAC,L,51.1,33.3,0.0,33.3,0.0,22.2,44.4,0.0,88.9,0.0,0.0,0.0,0.0,11.1,1,13054,13054,13054,5253,28,9889,9,19152,19778,25839,1,350,8133,1,1,18674,24487,1.0,4:36,2017,2018
2017-18,1628021,David Nwaba,David,1610612741,CHI,Chicago Bulls,21700322,2017-12-01T00:00:00,CHI vs. SAC,L,53.5,0.0,14.3,0.0,19.0,14.3,14.3,0.0,47.6,0.0,2.4,2.4,2.4,62.6,1,13054,13054,13054,1772,12040,435,9215,2614,11519,16398,1,10708,8133,22008,8773,14990,3343,1.0,22:27,2017,2018
2017-18,1627835,Paul Zipser,Paul,1610612741,CHI,Chicago Bulls,21700322,2017-12-01T00:00:00,CHI vs. SAC,L,51.7,0.0,0.0,6.7,13.3,13.3,13.3,0.0,53.3,2.2,2.2,4.4,2.2,52.2,1,13054,13054,13054,4076,12040,9889,2836,6013,10468,15425,1,6855,4352,21625,15649,15424,6939,1.0,23:16,2017,2018
2017-18,203200,Justin Holiday,Justin,1610612741,CHI,Chicago Bulls,21700322,2017-12-01T00:00:00,CHI vs. SAC,L,52.0,0.0,4.3,0.0,0.0,17.1,11.4,7.1,77.1,1.4,2.9,1.4,1.4,39.7,1,13054,13054,13054,3620,12040,6050,9215,19152,14953,13251,9057,752,7016,23120,5852,18105,13522,1.0,36:23,2017,2018
2017-18,1626170,Jerian Grant,Jerian,1610612741,CHI,Chicago Bulls,21700322,2017-12-01T00:00:00,CHI vs. SAC,L,50.6,0.0,5.7,0.0,3.8,11.3,11.3,0.0,49.1,0.0,1.9,5.7,3.8,58.5,1,13054,13054,13054,6530,12040,4192,9215,17256,8263,13158,1,9769,8133,20743,18852,10912,4565,1.0,26:48,2017,2018
2017-18,1627756,Denzel Valentine,Denzel,1610612741,CHI,Chicago Bulls,21700322,2017-12-01T00:00:00,CHI vs. SAC,L,50.2,5.9,0.0,5.9,0.0,15.7,11.8,9.8,70.6,0.0,0.0,5.9,2.0,31.8,1,13054,13054,13054,7581,5276,9889,3544,19152,13312,13608,12298,1298,8133,1,19207,16214,17832,1.0,25:35,2017,2018
2017-18,1628374,Lauri Markkanen,Lauri,1610612741,CHI,Chicago Bulls,21700322,2017-12-01T00:00:00,CHI vs. SAC,L,52.5,9.4,0.0,3.8,11.3,15.1,11.3,9.4,83.0,0.0,1.9,7.5,5.7,41.5,1,13054,13054,13054,2821,2010,9889,6297,7965,12586,13158,11848,482,8133,20743,22140,6438,12408,1.0,27:50,2017,2018
2017-18,1626245,Cristiano Felicio,Cristiano,1610612741,CHI,Chicago Bulls,21700322,2017-12-01T00:00:00,CHI vs. SAC,L,47.8,11.8,0.0,5.9,29.4,11.8,11.8,8.8,47.1,0.0,0.0,2.9,5.9,42.4,1,13054,13054,13054,15018,1033,9889,3544,448,8686,13608,11170,11061,8133,1,10786,5961,11945,1.0,16:16,2017,2018
2017-18,201577,Robin Lopez,Robin,1610612741,CHI,Chicago Bulls,21700322,2017-12-01T00:00:00,CHI vs. SAC,L,52.3,0.0,0.0,3.6,21.4,17.9,14.3,3.6,82.1,0.0,1.8,0.0,3.6,51.8,1,13054,13054,13054,3145,12040,9889,6648,1822,15743,16398,5271,507,8133,20340,1,11401,7150,1.0,29:17,2017,2018
2017-18,1627739,Kris Dunn,Kris,1610612741,CHI,Chicago Bulls,21700322,2017-12-01T00:00:00,CHI vs. SAC,L,51.0,5.6,0.0,0.0,3.7,14.8,11.1,9.3,85.2,0.0,5.6,1.9,3.7,50.7,1,13054,13054,13054,5434,5733,9889,9215,17338,12253,12734,11645,427,8133,25510,7353,11049,7582,1.0,27:33,2017,2018
2017-18,1627756,Denzel Valentine,Denzel,1610612741,CHI,Chicago Bulls,21700315,2017-11-30T00:00:00,CHI @ DEN,L,50.1,3.8,0.0,0.0,2.5,20.3,20.3,16.5,50.6,0.0,0.0,2.5,1.3,30.3,1,13054,13054,13054,7621,8764,9889,9215,19015,18201,21783,19114,8617,8133,1,9314,18524,18555,1.0,39:37,2017,2018
2017-18,1626170,Jerian Grant,Jerian,1610612741,CHI,Chicago Bulls,21700315,2017-11-30T00:00:00,CHI @ DEN,L,50.2,0.0,0.0,0.0,8.9,13.3,17.8,17.8,35.6,0.0,0.0,6.7,8.9,57.1,1,13054,13054,13054,7430,12040,9889,9215,10576,10468,19923,20177,19341,8133,1,20740,2261,5026,1.0,22:36,2017,2018
2017-18,201577,Robin Lopez,Robin,1610612741,CHI,Chicago Bulls,21700315,2017-11-30T00:00:00,CHI @ DEN,L,48.2,2.8,7.0,2.8,22.5,19.7,14.1,23.9,42.3,0.0,1.4,4.2,4.2,39.0,1,13054,13054,13054,13526,10840,2798,8110,1509,17682,16343,23438,14720,8133,18496,14973,9646,13882,1.0,34:15,2017,2018
2017-18,1627739,Kris Dunn,Kris,1610612741,CHI,Chicago Bulls,21700315,2017-11-30T00:00:00,CHI @ DEN,L,48.2,7.3,3.6,0.0,29.1,23.6,14.5,20.0,50.9,0.0,0.0,7.3,3.6,62.7,1,13054,13054,13054,13508,3662,7181,9215,470,20887,16837,21501,8381,8133,1,21729,11283,3307,1.0,26:32,2017,2018
2017-18,1628469,Antonio Blakeney,Antonio,1610612741,CHI,Chicago Bulls,21700315,2017-11-30T00:00:00,CHI @ DEN,L,49.9,0.0,0.0,0.0,0.0,14.8,14.8,18.5,37.0,0.0,0.0,7.4,3.7,21.9,1,13054,13054,13054,8220,12040,9889,9215,19152,12253,17049,20714,18418,8133,1,21890,11049,22114,1.0,13:29,2017,2018
2017-18,1628374,Lauri Markkanen,Lauri,1610612741,CHI,Chicago Bulls,21700315,2017-11-30T00:00:00,CHI @ DEN,L,50.2,0.0,3.2,4.8,12.7,20.6,19.0,22.2,47.6,1.6,3.2,4.8,6.3,52.1,1,13054,13054,13054,7556,12040,8024,4845,6666,18548,20923,22698,10708,6276,23734,16444,5221,7015,1.0,31:37,2017,2018
2017-18,1626171,Bobby Portis,Bobby,1610612741,CHI,Chicago Bulls,21700315,2017-11-30T00:00:00,CHI @ DEN,L,47.1,0.0,5.4,0.0,16.2,10.8,16.2,13.5,37.8,2.7,0.0,2.7,2.7,41.6,1,13054,13054,13054,17186,12040,4475,9215,4079,7737,18451,16369,17892,3404,1,9870,14025,12344,1.0,17:26,2017,2018
2017-18,203200,Justin Holiday,Justin,1610612741,CHI,Chicago Bulls,21700315,2017-11-30T00:00:00,CHI @ DEN,L,48.2,0.0,0.0,0.0,2.6,15.6,15.6,22.1,41.6,2.6,0.0,6.5,2.6,35.3,1,13054,13054,13054,13586,12040,9889,9215,18952,13221,17875,22693,15264,3661,1,20564,14427,15977,1.0,37:08,2017,2018
2017-18,1627835,Paul Zipser,Paul,1610612741,CHI,Chicago Bulls,21700315,2017-11-30T00:00:00,CHI @ DEN,L,46.9,0.0,0.0,0.0,5.4,8.1,10.8,13.5,27.0,0.0,2.7,10.8,2.7,41.6,1,13054,13054,13054,17929,12040,9889,9215,15129,5273,12449,16369,23278,8133,22749,24548,14025,12344,1.0,17:21,2017,2018
2017-18,1626171,Bobby Portis,Bobby,1610612741,CHI,Chicago Bulls,21700299,2017-11-28T00:00:00,CHI vs. PHX,L,50.8,14.3,5.7,5.7,5.7,11.4,14.3,11.4,45.7,0.0,0.0,2.9,2.9,47.1,1,13054,13054,13054,6020,500,4090,3721,14647,8358,16398,14137,12065,8133,1,10444,13536,9369,1.0,17:46,2017,2018
2017-18,201577,Robin Lopez,Robin,1610612741,CHI,Chicago Bulls,21700299,2017-11-28T00:00:00,CHI vs. PHX,L,47.2,5.6,2.8,0.0,11.1,15.3,18.1,2.8,41.7,1.4,0.0,1.4,4.2,31.5,1,13054,13054,13054,16864,5733,8847,9215,8104,12790,20187,4608,15119,7217,1,5719,9722,17967,1.0,34:00,2017,2018
2017-18,1628374,Lauri Markkanen,Lauri,1610612741,CHI,Chicago Bulls,21700299,2017-11-28T00:00:00,CHI vs. PHX,L,47.7,1.4,0.0,0.0,0.0,18.1,15.3,2.8,44.4,0.0,2.8,2.8,1.4,35.0,1,13054,13054,13054,15373,11992,9889,9215,19152,15997,17543,4608,12818,8133,22940,10147,18231,16127,1.0,34:21,2017,2018
2017-18,1627756,Denzel Valentine,Denzel,1610612741,CHI,Chicago Bulls,21700299,2017-11-28T00:00:00,CHI vs. PHX,L,47.5,0.0,0.0,2.4,2.4,18.3,17.1,7.3,43.9,0.0,0.0,3.7,1.2,32.0,1,13054,13054,13054,16140,12040,9889,8817,19069,16263,19315,9325,13396,8133,1,13171,18602,17753,1.0,38:55,2017,2018
2017-18,203200,Justin Holiday,Justin,1610612741,CHI,Chicago Bulls,21700299,2017-11-28T00:00:00,CHI vs. PHX,L,48.9,7.1,0.0,2.9,8.6,18.6,15.7,2.9,45.7,4.3,0.0,8.6,1.4,73.0,1,13054,13054,13054,11239,3729,9889,8033,10981,16565,17979,4679,12065,1525,1,23230,18105,1426,1.0,34:16,2017,2018
2017-18,1627835,Paul Zipser,Paul,1610612741,CHI,Chicago Bulls,21700299,2017-11-28T00:00:00,CHI vs. PHX,L,48.5,0.0,0.0,0.0,0.0,0.0,0.0,0.0,61.5,15.4,0.0,0.0,7.7,64.6,1,13054,13054,13054,12785,12040,9889,9215,19152,1,1,1,3169,36,1,1,3273,2858,1.0,6:18,2017,2018
2017-18,1626170,Jerian Grant,Jerian,1610612741,CHI,Chicago Bulls,21700299,2017-11-28T00:00:00,CHI vs. PHX,L,49.4,0.0,0.0,4.8,0.0,4.8,23.8,9.5,38.1,0.0,0.0,2.4,2.4,37.1,1,13054,13054,13054,9763,12040,9889,4845,19152,3154,23483,11917,17705,8133,1,8773,14990,14952,1.0,20:45,2017,2018
2017-18,1628469,Antonio Blakeney,Antonio,1610612741,CHI,Chicago Bulls,21700299,2017-11-28T00:00:00,CHI vs. PHX,L,51.0,0.0,0.0,13.6,0.0,9.1,9.1,9.1,45.5,0.0,0.0,0.0,9.1,44.5,1,13054,13054,13054,5506,12040,9889,382,19152,6059,10105,11383,12224,8133,1,1,2018,10725,1.0,11:13,2017,2018
2017-18,1626245,Cristiano Felicio,Cristiano,1610612741,CHI,Chicago Bulls,21700299,2017-11-28T00:00:00,CHI vs. PHX,L,49.4,0.0,0.0,0.0,10.0,10.0,15.0,20.0,50.0,5.0,0.0,10.0,0.0,46.0,1,13054,13054,13054,9772,12040,9889,9215,9269,6849,17235,21501,8649,1033,1,24099,18674,9941,1.0,9:53,2017,2018
2017-18,1627739,Kris Dunn,Kris,1610612741,CHI,Chicago Bulls,21700299,2017-11-28T00:00:00,CHI vs. PHX,L,47.2,2.9,4.3,10.1,17.4,18.8,15.9,5.8,43.5,0.0,2.9,5.8,1.4,71.0,1,13054,13054,13054,17012,10638,5935,1016,3405,16836,18189,7549,13704,8133,23256,19128,18021,1679,1.0,32:33,2017,2018
2017-18,1628469,Antonio Blakeney,Antonio,1610612741,CHI,Chicago Bulls,21700287,2017-11-26T00:00:00,CHI vs. MIA,L,48.7,0.0,6.9,0.0,6.9,6.9,0.0,6.9,41.4,0.0,3.4,0.0,3.4,34.1,1,13054,13054,13054,12132,12040,2893,9215,13002,4360,1,8802,15340,8133,24076,1,11743,16606,1.0,14:07,2017,2018
2017-18,1627835,Paul Zipser,Paul,1610612741,CHI,Chicago Bulls,21700287,2017-11-26T00:00:00,CHI vs. MIA,L,47.0,0.0,0.0,0.0,0.0,7.1,0.0,14.3,64.3,0.0,3.6,7.1,3.6,40.7,1,13054,13054,13054,17617,12040,9889,9215,19152,4514,1,17034,2486,8133,24233,21458,11401,12877,1.0,13:09,2017,2018
2017-18,1626170,Jerian Grant,Jerian,1610612741,CHI,Chicago Bulls,21700287,2017-11-26T00:00:00,CHI vs. MIA,L,49.3,6.6,0.0,0.0,9.8,8.2,0.0,6.6,39.3,0.0,0.0,6.6,6.6,52.0,1,13054,13054,13054,10214,4448,9889,9215,9525,5366,1,8428,16905,8133,1,20669,4896,7065,1.0,30:03,2017,2018
2017-18,203200,Justin Holiday,Justin,1610612741,CHI,Chicago Bulls,21700287,2017-11-26T00:00:00,CHI vs. MIA,L,48.1,3.9,3.9,0.0,2.6,11.8,2.6,6.6,26.3,1.3,0.0,5.3,1.3,33.0,1,13054,13054,13054,13889,8478,6628,9215,18912,8839,3770,8492,23468,7551,1,17762,18418,17188,1.0,36:35,2017,2018
2017-18,1627739,Kris Dunn,Kris,1610612741,CHI,Chicago Bulls,21700287,2017-11-26T00:00:00,CHI vs. MIA,L,48.1,0.0,0.0,0.0,0.0,8.2,4.1,10.2,36.7,0.0,0.0,4.1,4.1,35.3,1,13054,13054,13054,14151,12040,9889,9215,19152,5320,4702,12746,18625,8133,1,14528,10009,15985,1.0,23:33,2017,2018
2017-18,1628374,Lauri Markkanen,Lauri,1610612741,CHI,Chicago Bulls,21700287,2017-11-26T00:00:00,CHI vs. MIA,L,48.5,7.7,0.0,0.0,3.1,10.8,3.1,4.6,27.7,1.5,1.5,1.5,0.0,42.3,1,13054,13054,13054,12619,3210,9889,9215,18340,7708,4006,6209,23075,6487,19263,6272,18674,11979,1.0,31:32,2017,2018
2017-18,1626171,Bobby Portis,Bobby,1610612741,CHI,Chicago Bulls,21700287,2017-11-26T00:00:00,CHI vs. MIA,L,47.7,0.0,0.0,0.0,12.0,10.0,0.0,8.0,44.0,0.0,2.0,4.0,6.0,42.0,1,13054,13054,13054,15415,12040,9889,9215,7295,6849,1,10135,13320,8133,21064,14174,5827,12140,1.0,23:51,2017,2018
2017-18,1627756,Denzel Valentine,Denzel,1610612741,CHI,Chicago Bulls,21700287,2017-11-26T00:00:00,CHI vs. MIA,L,48.4,0.0,0.0,0.0,2.4,8.5,2.4,6.1,41.5,0.0,1.2,3.7,1.2,51.3,1,13054,13054,13054,12938,12040,9889,9215,19069,5641,3707,7903,15328,8133,17622,13171,18602,7352,1.0,39:42,2017,2018
2017-18,201577,Robin Lopez,Robin,1610612741,CHI,Chicago Bulls,21700287,2017-11-26T00:00:00,CHI vs. MIA,L,49.9,0.0,3.6,0.0,18.2,7.3,3.6,5.5,25.5,0.0,0.0,0.0,1.8,43.5,1,13054,13054,13054,8237,12040,7181,9215,2966,4658,4347,7116,23689,8133,1,1,16728,11310,1.0,27:28,2017,2018
2017-18,1627756,Denzel Valentine,Denzel,1610612741,CHI,Chicago Bulls,21700276,2017-11-24T00:00:00,CHI @ GSW,L,44.7,4.3,0.0,4.3,8.7,21.7,4.3,26.1,52.2,0.0,4.3,6.5,0.0,48.3,1,13054,13054,13054,22723,7671,9889,5400,10730,19451,4894,24089,7589,8133,24929,20580,18674,8814,1.0,20:35,2017,2018
2017-18,1627770,Kay Felder,Kay,1610612741,CHI,Chicago Bulls,21700276,2017-11-24T00:00:00,CHI @ GSW,L,45.1,0.0,0.0,0.0,0.0,23.1,0.0,38.5,46.2,7.7,0.0,0.0,7.7,66.9,1,13054,13054,13054,22120,12040,9889,9215,19152,20482,1,25640,11649,343,1,1,3273,2360,1.0,5:52,2017,2018
2017-18,1626245,Cristiano Felicio,Cristiano,1610612741,CHI,Chicago Bulls,21700276,2017-11-24T00:00:00,CHI @ GSW,L,47.7,0.0,0.0,0.0,11.8,20.6,5.9,11.8,58.8,0.0,0.0,5.9,0.0,13.2,1,13054,13054,13054,15267,12040,9889,9215,7424,18494,6336,14446,4187,8133,1,19207,18674,24198,1.0,16:14,2017,2018
2017-18,1627835,Paul Zipser,Paul,1610612741,CHI,Chicago Bulls,21700276,2017-11-24T00:00:00,CHI @ GSW,L,47.9,0.0,0.0,0.0,0.0,20.6,5.9,20.6,58.8,0.0,0.0,2.9,0.0,27.4,1,13054,13054,13054,14759,12040,9889,9215,19152,18494,6336,21993,4187,8133,1,10786,18674,20010,1.0,16:17,2017,2018
2017-18,202347,Quincy Pondexter,Quincy,1610612741,CHI,Chicago Bulls,21700276,2017-11-24T00:00:00,CHI @ GSW,L,36.3,0.0,0.0,0.0,0.0,33.3,0.0,55.6,44.4,0.0,11.1,0.0,0.0,-11.1,1,13054,13054,13054,25852,12040,9889,9215,19152,24377,1,25994,12818,8133,26013,1,18674,26051,1.0,3:16,2017,2018
2017-18,1626171,Bobby Portis,Bobby,1610612741,CHI,Chicago Bulls,21700276,2017-11-24T00:00:00,CHI @ GSW,L,48.2,0.0,4.1,0.0,8.2,12.2,4.1,28.6,44.9,0.0,6.1,0.0,2.0,46.1,1,13054,13054,13054,13804,12040,6369,9215,11476,9281,4702,24627,12644,8133,25651,1,15955,9886,1.0,23:36,2017,2018
2017-18,1626170,Jerian Grant,Jerian,1610612741,CHI,Chicago Bulls,21700276,2017-11-24T00:00:00,CHI @ GSW,L,46.7,4.9,0.0,16.4,9.8,21.3,3.3,29.5,45.9,0.0,0.0,4.9,4.9,44.4,1,13054,13054,13054,18505,6779,9889,201,9525,19103,4125,24862,11948,8133,1,16974,8016,10784,1.0,28:28,2017,2018
2017-18,201577,Robin Lopez,Robin,1610612741,CHI,Chicago Bulls,21700276,2017-11-24T00:00:00,CHI @ GSW,L,45.9,0.0,7.1,0.0,10.7,25.0,3.6,25.0,50.0,0.0,1.8,5.4,3.6,29.3,1,13054,13054,13054,20447,12040,2662,9215,8627,21516,4300,23680,8649,8133,20340,18090,11401,19098,1.0,25:43,2017,2018
2017-18,1628374,Lauri Markkanen,Lauri,1610612741,CHI,Chicago Bulls,21700276,2017-11-24T00:00:00,CHI @ GSW,L,46.1,3.4,0.0,0.0,3.4,20.3,3.4,25.4,44.1,1.7,0.0,1.7,6.8,44.4,1,13054,13054,13054,20089,9536,9889,9215,17835,18293,4189,23912,13277,5831,1,6820,4562,10800,1.0,27:11,2017,2018
2017-18,203200,Justin Holiday,Justin,1610612741,CHI,Chicago Bulls,21700276,2017-11-24T00:00:00,CHI @ GSW,L,45.3,0.0,3.2,0.0,0.0,19.4,3.2,21.0,38.7,0.0,0.0,1.6,4.8,26.1,1,13054,13054,13054,21858,12040,7935,9215,19152,17299,4090,22198,17326,8133,1,6520,8195,20548,1.0,28:04,2017,2018
2017-18,1628469,Antonio Blakeney,Antonio,1610612741,CHI,Chicago Bulls,21700276,2017-11-24T00:00:00,CHI @ GSW,L,48.1,0.0,12.2,0.0,9.8,19.5,4.9,24.4,48.8,0.0,7.3,2.4,0.0,47.8,1,13054,13054,13054,14048,12040,774,9215,9601,17459,5338,23582,9927,8133,25825,8945,18674,9034,1.0,19:43,2017,2018
2017-18,1627739,Kris Dunn,Kris,1610612741,CHI,Chicago Bulls,21700276,2017-11-24T00:00:00,CHI @ GSW,L,45.5,0.0,0.0,0.0,3.6,18.2,3.6,23.6,50.9,0.0,1.8,3.6,1.8,16.7,1,13054,13054,13054,21423,12040,9889,9215,17449,16034,4347,23318,8381,8133,20460,13046,16728,23490,1.0,25:01,2017,2018
2017-18,1627756,Denzel Valentine,Denzel,1610612741,CHI,Chicago Bulls,21700265,2017-11-22T00:00:00,CHI @ UTA,L,49.8,0.0,0.0,0.0,4.4,22.2,20.0,0.0,44.4,0.0,2.2,6.7,0.0,25.8,1,13054,13054,13054,8697,12040,9889,9215,16421,19778,21469,1,12818,8133,21625,20740,18674,20687,2.0,22:24,2017,2018
2017-18,1627739,Kris Dunn,Kris,1610612741,CHI,Chicago Bulls,21700265,2017-11-22T00:00:00,CHI @ UTA,L,50.3,0.0,1.8,0.0,10.9,27.3,12.7,5.5,54.5,0.0,1.8,3.6,3.6,47.8,1,13054,13054,13054,7280,12040,9712,9215,8413,22722,14798,7116,6132,8133,20460,13046,11283,9025,2.0,27:39,2017,2018
2017-18,1626170,Jerian Grant,Jerian,1610612741,CHI,Chicago Bulls,21700265,2017-11-22T00:00:00,CHI @ UTA,L,51.3,6.5,6.5,4.3,13.0,21.7,8.7,10.9,34.8,0.0,2.2,6.5,4.3,39.6,1,13054,13054,13054,4910,4490,3263,5400,6350,19451,9616,13549,19708,8133,21508,20580,9225,13603,2.0,23:35,2017,2018
2017-18,1627835,Paul Zipser,Paul,1610612741,CHI,Chicago Bulls,21700265,2017-11-22T00:00:00,CHI @ UTA,L,51.0,0.0,0.0,10.0,20.0,25.0,20.0,0.0,80.0,0.0,0.0,0.0,0.0,26.0,1,13054,13054,13054,5475,12040,9889,1032,2204,21516,21469,1,551,8133,1,1,18674,20599,2.0,10:12,2017,2018
2017-18,1626171,Bobby Portis,Bobby,1610612741,CHI,Chicago Bulls,21700265,2017-11-22T00:00:00,CHI @ UTA,L,51.2,0.0,4.2,4.2,8.3,20.8,8.3,10.4,33.3,2.1,2.1,10.4,6.3,55.4,1,13054,13054,13054,5040,12040,6209,5642,11191,18701,9099,12984,20357,4644,21298,24382,5295,5647,2.0,24:35,2017,2018
2017-18,1628469,Antonio Blakeney,Antonio,1610612741,CHI,Chicago Bulls,21700265,2017-11-22T00:00:00,CHI @ UTA,L,53.9,0.0,0.0,4.4,4.4,20.0,8.9,4.4,40.0,0.0,0.0,0.0,0.0,18.7,1,13054,13054,13054,1363,12040,9889,5280,16421,17743,9941,6055,16092,8133,1,1,18674,23033,2.0,24:16,2017,2018
2017-18,1626245,Cristiano Felicio,Cristiano,1610612741,CHI,Chicago Bulls,21700265,2017-11-22T00:00:00,CHI @ UTA,L,51.9,0.0,0.0,0.0,0.0,16.7,8.3,8.3,33.3,0.0,0.0,16.7,4.2,17.1,1,13054,13054,13054,3782,12040,9889,9215,19152,14231,9099,10477,20357,8133,1,25662,9722,23402,2.0,12:27,2017,2018
2017-18,1627770,Kay Felder,Kay,1610612741,CHI,Chicago Bulls,21700265,2017-11-22T00:00:00,CHI @ UTA,L,55.3,0.0,0.0,0.0,0.0,45.5,18.2,0.0,54.5,0.0,0.0,0.0,9.1,20.0,1,13054,13054,13054,677,12040,9889,9215,19152,25663,20211,1,6132,8133,1,1,2018,22620,2.0,6:05,2017,2018
2017-18,201577,Robin Lopez,Robin,1610612741,CHI,Chicago Bulls,21700265,2017-11-22T00:00:00,CHI @ UTA,L,52.9,4.3,4.3,0.0,17.0,21.3,23.4,0.0,42.6,0.0,0.0,0.0,6.4,41.1,1,13054,13054,13054,2325,7856,6078,9215,3621,19078,23346,1,14476,8133,1,1,5154,12660,2.0,24:52,2017,2018
2017-18,202347,Quincy Pondexter,Quincy,1610612741,CHI,Chicago Bulls,21700265,2017-11-22T00:00:00,CHI @ UTA,L,57.4,0.0,0.0,0.0,0.0,23.5,11.8,11.8,47.1,0.0,0.0,5.9,0.0,22.9,1,13054,13054,13054,290,12040,9889,9215,19152,20781,13608,14446,11061,8133,1,19207,18674,21761,2.0,9:45,2017,2018
2017-18,203200,Justin Holiday,Justin,1610612741,CHI,Chicago Bulls,21700265,2017-11-22T00:00:00,CHI @ UTA,L,50.4,0.0,0.0,5.0,6.7,21.7,18.3,5.0,36.7,0.0,0.0,1.7,1.7,23.2,1,13054,13054,13054,6865,12040,9889,4548,13305,19417,20429,6579,18669,8133,1,6722,17268,21687,2.0,30:16,2017,2018
2017-18,1628374,Lauri Markkanen,Lauri,1610612741,CHI,Chicago Bulls,21700265,2017-11-22T00:00:00,CHI @ UTA,L,50.9,0.0,0.0,0.0,0.0,31.9,10.6,6.4,42.6,0.0,2.1,4.3,4.3,22.1,1,13054,13054,13054,5799,12040,9889,9215,19152,24188,12263,8231,14476,8133,21397,15065,9564,22035,2.0,23:54,2017,2018
2017-18,1627756,Denzel Valentine,Denzel,1610612741,CHI,Chicago Bulls,21700252,2017-11-21T00:00:00,CHI @ LAL,L,46.5,7.4,0.0,9.9,2.5,14.8,12.3,8.6,39.5,0.0,0.0,2.5,0.0,47.9,1,13054,13054,13054,18879,3489,9889,1106,19052,12253,14354,10966,16790,8133,1,9098,18674,8989,1.0,37:42,2017,2018
2017-18,201577,Robin Lopez,Robin,1610612741,CHI,Chicago Bulls,21700252,2017-11-21T00:00:00,CHI @ LAL,L,45.9,2.8,5.6,0.0,16.9,16.9,12.7,9.9,42.3,1.4,0.0,7.0,1.4,31.8,1,13054,13054,13054,20412,10840,4223,9215,3708,14715,14727,12366,14720,7117,1,21431,18179,17803,1.0,32:37,2017,2018
2017-18,1627739,Kris Dunn,Kris,1610612741,CHI,Chicago Bulls,21700252,2017-11-21T00:00:00,CHI @ LAL,L,46.5,2.9,0.0,2.9,2.9,15.9,13.0,10.1,34.8,1.4,4.3,7.2,1.4,42.0,1,13054,13054,13054,19062,10638,9889,7926,18588,13616,15146,12679,19708,6888,24929,21711,18021,12135,1.0,32:04,2017,2018
2017-18,1626170,Jerian Grant,Jerian,1610612741,CHI,Chicago Bulls,21700252,2017-11-21T00:00:00,CHI @ LAL,L,45.5,0.0,0.0,0.0,0.0,17.1,17.1,28.6,57.1,0.0,0.0,0.0,2.9,24.3,1,13054,13054,13054,21352,12040,9889,9215,19152,14953,19383,24627,4836,8133,1,1,13536,21290,1.0,15:56,2017,2018
2017-18,1626171,Bobby Portis,Bobby,1610612741,CHI,Chicago Bulls,21700252,2017-11-21T00:00:00,CHI @ LAL,L,45.5,0.0,4.4,0.0,13.3,11.1,17.8,22.2,48.9,2.2,4.4,0.0,4.4,59.6,1,13054,13054,13054,21406,12040,5813,9215,6013,7928,19923,22698,9882,4352,25031,1,9062,4260,1.0,20:28,2017,2018
2017-18,1628469,Antonio Blakeney,Antonio,1610612741,CHI,Chicago Bulls,21700252,2017-11-21T00:00:00,CHI @ LAL,L,45.5,15.4,0.0,5.1,15.4,12.8,20.5,25.6,56.4,0.0,0.0,5.1,5.1,48.5,1,13054,13054,13054,21450,385,9889,4420,4528,9907,21900,23981,5319,8133,1,17508,7546,8711,1.0,17:44,2017,2018
2017-18,203200,Justin Holiday,Justin,1610612741,CHI,Chicago Bulls,21700252,2017-11-21T00:00:00,CHI @ LAL,L,45.6,0.0,11.2,0.0,0.0,19.1,13.5,19.1,38.2,0.0,0.0,3.4,3.4,27.5,1,13054,13054,13054,21226,12040,947,9215,19152,17098,15701,21103,17702,8133,1,12337,12075,19934,1.0,40:34,2017,2018
2017-18,1626245,Cristiano Felicio,Cristiano,1610612741,CHI,Chicago Bulls,21700252,2017-11-21T00:00:00,CHI @ LAL,L,45.8,0.0,0.0,0.0,0.0,19.2,23.1,38.5,53.8,0.0,0.0,3.8,0.0,9.2,1,13054,13054,13054,20822,12040,9889,9215,19152,17178,23172,25640,6597,8133,1,13677,18674,24723,1.0,11:54,2017,2018
2017-18,1628374,Lauri Markkanen,Lauri,1610612741,CHI,Chicago Bulls,21700252,2017-11-21T00:00:00,CHI @ LAL,L,45.6,0.0,0.0,0.0,2.9,17.6,10.3,10.3,32.4,1.5,1.5,1.5,8.8,44.6,1,13054,13054,13054,21164,12040,9889,9215,18528,15498,11818,12859,21108,6786,18871,6012,2301,10722,1.0,31:01,2017,2018
2017-18,1626170,Jerian Grant,Jerian,1610612741,CHI,Chicago Bulls,21700239,2017-11-19T00:00:00,CHI @ PHX,L,46.1,0.0,0.0,0.0,0.0,17.8,4.4,31.1,80.0,0.0,0.0,4.4,4.4,18.7,1,13054,13054,13054,19990,12040,9889,9215,19152,15681,4981,25102,551,8133,1,15649,9062,23033,1.0,20:45,2017,2018
2017-18,203200,Justin Holiday,Justin,1610612741,CHI,Chicago Bulls,21700239,2017-11-19T00:00:00,CHI @ PHX,L,45.6,6.3,3.8,0.0,2.5,18.8,5.0,23.8,60.0,0.0,1.3,2.5,2.5,31.1,1,13054,13054,13054,21137,4805,7012,9215,19032,16691,5444,23374,3702,8133,17715,9141,14677,18153,1.0,36:30,2017,2018
2017-18,202347,Quincy Pondexter,Quincy,1610612741,CHI,Chicago Bulls,21700239,2017-11-19T00:00:00,CHI @ PHX,L,53.8,0.0,0.0,0.0,0.0,28.6,57.1,0.0,57.1,0.0,0.0,14.3,0.0,17.1,1,13054,13054,13054,1455,12040,9889,9215,19152,23204,25981,1,4836,8133,1,25387,18674,23366,1.0,3:46,2017,2018
2017-18,1628374,Lauri Markkanen,Lauri,1610612741,CHI,Chicago Bulls,21700239,2017-11-19T00:00:00,CHI @ PHX,L,46.1,0.0,0.0,4.1,5.5,20.5,5.5,21.9,63.0,0.0,0.0,4.1,6.8,57.0,1,13054,13054,13054,20041,12040,9889,5756,15084,18474,5966,22625,2808,8133,1,14636,4462,5061,1.0,33:39,2017,2018
2017-18,1628469,Antonio Blakeney,Antonio,1610612741,CHI,Chicago Bulls,21700239,2017-11-19T00:00:00,CHI @ PHX,L,46.2,4.9,4.9,4.9,4.9,4.9,14.6,7.3,63.4,0.0,2.4,0.0,2.4,26.6,1,13054,13054,13054,19744,6828,5198,4723,15888,3212,16907,9325,2698,8133,22138,1,14847,20366,1.0,18:57,2017,2018
2017-18,1627756,Denzel Valentine,Denzel,1610612741,CHI,Chicago Bulls,21700239,2017-11-19T00:00:00,CHI @ PHX,L,46.0,0.0,0.0,3.8,0.0,18.8,7.5,20.0,62.5,0.0,1.3,2.5,0.0,27.4,1,13054,13054,13054,20305,12040,9889,6387,19152,16691,8217,21501,2908,8133,17715,9141,18674,19994,1.0,36:47,2017,2018
2017-18,201577,Robin Lopez,Robin,1610612741,CHI,Chicago Bulls,21700239,2017-11-19T00:00:00,CHI @ PHX,L,45.4,10.3,11.8,0.0,17.6,14.7,2.9,23.5,64.7,0.0,0.0,5.9,5.9,39.7,1,13054,13054,13054,21491,1566,820,9215,3289,12159,3912,23245,2391,8133,1,19207,5961,13532,1.0,30:54,2017,2018
2017-18,1626245,Cristiano Felicio,Cristiano,1610612741,CHI,Chicago Bulls,21700239,2017-11-19T00:00:00,CHI @ PHX,L,46.9,0.0,8.0,0.0,8.0,8.0,24.0,12.0,48.0,0.0,0.0,12.0,4.0,28.8,1,13054,13054,13054,17739,12040,2095,9215,11634,5158,23561,14757,10447,8133,1,24948,10187,19329,1.0,11:44,2017,2018
2017-18,1626171,Bobby Portis,Bobby,1610612741,CHI,Chicago Bulls,21700239,2017-11-19T00:00:00,CHI @ PHX,L,45.8,0.0,4.7,4.7,18.6,16.3,18.6,7.0,60.5,2.3,2.3,2.3,2.3,46.7,1,13054,13054,13054,20647,12040,5511,5004,2846,13972,20625,8949,3613,4146,21869,8633,15144,9566,1.0,19:43,2017,2018
2017-18,1627739,Kris Dunn,Kris,1610612741,CHI,Chicago Bulls,21700239,2017-11-19T00:00:00,CHI @ PHX,L,45.4,3.3,0.0,3.3,16.7,15.0,13.3,8.3,46.7,0.0,0.0,5.0,0.0,58.7,1,13054,13054,13054,21555,9652,9889,7052,3745,12453,15425,10477,11371,8133,1,17097,18674,4502,1.0,27:15,2017,2018
2017-18,1627835,Paul Zipser,Paul,1610612741,CHI,Chicago Bulls,21700222,2017-11-17T00:00:00,CHI vs. CHA,W,13.0,0.0,0.0,0.0,0.0,0.0,0.0,0.0,0.0,0.0,0.0,0.0,0.0,0.0,1,1,1,1,26050,12040,9889,9215,19152,1,1,1,25493,8133,1,1,18674,25240,2.0,0:08,2017,2018
2017-18,1626170,Jerian Grant,Jerian,1610612741,CHI,Chicago Bulls,21700222,2017-11-17T00:00:00,CHI vs. CHA,W,47.2,0.0,0.0,0.0,0.0,37.0,4.3,4.3,60.9,0.0,0.0,4.3,0.0,46.3,1,1,1,1,16890,12040,9889,9215,19152,25038,4894,5968,3450,8133,1,15253,18674,9787,2.0,21:43,2017,2018
2017-18,1627756,Denzel Valentine,Denzel,1610612741,CHI,Chicago Bulls,21700222,2017-11-17T00:00:00,CHI vs. CHA,W,46.4,0.0,0.0,0.0,5.7,20.0,2.9,2.9,48.6,1.4,0.0,2.9,1.4,48.6,1,1,1,1,19350,12040,9889,9215,14647,17743,3879,4679,10101,7016,1,10444,18105,8651,2.0,32:27,2017,2018
2017-18,203200,Justin Holiday,Justin,1610612741,CHI,Chicago Bulls,21700222,2017-11-17T00:00:00,CHI vs. CHA,W,47.3,11.8,0.0,2.6,13.2,18.4,2.6,3.9,44.7,1.3,0.0,5.3,3.9,53.4,1,1,1,1,16689,1027,9889,8485,6274,16380,3770,5640,12773,7551,1,17762,10440,6417,2.0,35:56,2017,2018
2017-18,201577,Robin Lopez,Robin,1610612741,CHI,Chicago Bulls,21700222,2017-11-17T00:00:00,CHI vs. CHA,W,45.8,0.0,0.0,0.0,6.5,14.5,3.2,0.0,41.9,0.0,0.0,6.5,1.6,17.9,1,1,1,1,20642,12040,9889,9215,13587,11943,4090,1,14957,8133,1,20420,17463,23219,2.0,28:26,2017,2018
2017-18,1628469,Antonio Blakeney,Antonio,1610612741,CHI,Chicago Bulls,21700222,2017-11-17T00:00:00,CHI vs. CHA,W,47.7,0.0,0.0,0.0,0.0,12.0,8.0,20.0,32.0,0.0,0.0,0.0,8.0,30.8,1,1,1,1,15482,12040,9889,9215,19152,8973,8748,21501,21249,8133,1,1,3025,18295,2.0,11:55,2017,2018
2017-18,202347,Quincy Pondexter,Quincy,1610612741,CHI,Chicago Bulls,21700222,2017-11-17T00:00:00,CHI vs. CHA,W,47.1,0.0,0.0,0.0,0.0,9.1,6.1,18.2,24.2,0.0,3.0,9.1,0.0,3.6,1,1,1,1,17100,12040,9889,9215,19152,6059,6530,20427,24011,8133,23465,23549,18674,25126,2.0,15:34,2017,2018
2017-18,1626171,Bobby Portis,Bobby,1610612741,CHI,Chicago Bulls,21700222,2017-11-17T00:00:00,CHI vs. CHA,W,49.2,5.7,11.4,0.0,11.4,8.6,5.7,22.9,28.6,0.0,0.0,0.0,2.9,36.0,1,1,1,1,10352,5519,899,9215,7823,5648,6170,23010,22575,8133,1,1,13536,15586,2.0,17:14,2017,2018
2017-18,1626245,Cristiano Felicio,Cristiano,1610612741,CHI,Chicago Bulls,21700222,2017-11-17T00:00:00,CHI vs. CHA,W,48.8,0.0,0.0,0.0,15.0,20.0,5.0,20.0,40.0,0.0,0.0,5.0,7.5,42.8,1,1,1,1,11590,12040,9889,9215,4839,17743,5444,21501,16092,8133,1,17097,3549,11712,2.0,19:32,2017,2018
2017-18,1628374,Lauri Markkanen,Lauri,1610612741,CHI,Chicago Bulls,21700222,2017-11-17T00:00:00,CHI vs. CHA,W,46.0,0.0,0.0,4.5,3.0,20.9,3.0,0.0,47.8,0.0,0.0,1.5,4.5,50.6,1,1,1,1,20278,12040,9889,5237,18467,18763,3949,1,10663,8133,1,6095,8997,7647,2.0,30:49,2017,2018
2017-18,1627739,Kris Dunn,Kris,1610612741,CHI,Chicago Bulls,21700222,2017-11-17T00:00:00,CHI vs. CHA,W,47.5,12.7,3.6,10.9,18.2,0.0,3.6,10.9,25.5,0.0,1.8,9.1,1.8,84.5,1,1,1,1,15900,796,7181,814,2966,1,4347,13594,23689,8133,20460,23549,16728,497,2.0,26:09,2017,2018
2017-18,1627770,Kay Felder,Kay,1610612741,CHI,Chicago Bulls,21700222,2017-11-17T00:00:00,CHI vs. CHA,W,13.0,0.0,0.0,0.0,0.0,0.0,0.0,0.0,0.0,0.0,0.0,0.0,0.0,0.0,1,1,1,1,26050,12040,9889,9215,19152,1,1,1,25493,8133,1,1,18674,25240,2.0,0:08,2017,2018
2017-18,1626171,Bobby Portis,Bobby,1610612741,CHI,Chicago Bulls,21700212,2017-11-15T00:00:00,CHI @ OKC,L,48.6,7.1,0.0,0.0,4.8,31.0,16.7,2.4,28.6,2.4,4.8,4.8,0.0,44.8,1,13054,13054,13054,12244,3729,9889,9215,16045,23973,18748,4453,22575,4035,25193,16444,18674,10603,1.0,20:26,2017,2018
2017-18,1628469,Antonio Blakeney,Antonio,1610612741,CHI,Chicago Bulls,21700212,2017-11-15T00:00:00,CHI @ OKC,L,52.3,0.0,0.0,2.0,4.0,22.0,18.0,2.0,24.0,0.0,0.0,6.0,8.0,32.8,1,13054,13054,13054,3173,12040,9889,9046,16942,19686,20119,4408,24056,8133,1,19550,3025,17300,1.0,26:08,2017,2018
2017-18,1627835,Paul Zipser,Paul,1610612741,CHI,Chicago Bulls,21700212,2017-11-15T00:00:00,CHI @ OKC,L,53.0,0.0,0.0,0.0,6.1,21.2,12.1,3.0,30.3,0.0,0.0,6.1,0.0,25.2,1,13054,13054,13054,2265,12040,9889,9215,14149,19020,14066,4821,22019,8133,1,19652,18674,20906,1.0,17:29,2017,2018
2017-18,201577,Robin Lopez,Robin,1610612741,CHI,Chicago Bulls,21700212,2017-11-15T00:00:00,CHI @ OKC,L,50.5,0.0,4.5,0.0,9.1,15.9,15.9,11.4,36.4,0.0,0.0,6.8,2.3,22.5,1,13054,13054,13054,6627,12040,5648,9215,10275,13565,18155,14085,18750,8133,1,21069,15302,21899,1.0,22:14,2017,2018
2017-18,1628374,Lauri Markkanen,Lauri,1610612741,CHI,Chicago Bulls,21700212,2017-11-15T00:00:00,CHI @ OKC,L,53.4,3.3,0.0,3.3,10.0,18.3,10.0,8.3,40.0,1.7,0.0,6.7,6.7,58.7,1,13054,13054,13054,1849,9652,9889,7052,9269,16306,11296,10477,16092,5944,1,20740,4642,4502,1.0,32:02,2017,2018
2017-18,1626245,Cristiano Felicio,Cristiano,1610612741,CHI,Chicago Bulls,21700212,2017-11-15T00:00:00,CHI @ OKC,L,55.5,6.3,6.3,0.0,18.8,21.9,6.3,3.1,18.8,0.0,0.0,3.1,3.1,48.1,1,13054,13054,13054,604,4805,3469,9215,2758,19582,6731,4912,24884,8133,1,11424,12687,8876,1.0,17:46,2017,2018
2017-18,1626170,Jerian Grant,Jerian,1610612741,CHI,Chicago Bulls,21700212,2017-11-15T00:00:00,CHI @ OKC,L,49.3,3.7,0.0,0.0,0.0,27.8,16.7,5.6,37.0,0.0,0.0,3.7,11.1,24.3,1,13054,13054,13054,10131,8897,9889,9215,19152,22956,18748,7189,18418,8133,1,13210,937,21305,1.0,26:37,2017,2018
2017-18,1627756,Denzel Valentine,Denzel,1610612741,CHI,Chicago Bulls,21700212,2017-11-15T00:00:00,CHI @ OKC,L,51.1,11.3,0.0,5.7,7.5,32.1,24.5,5.7,37.7,0.0,0.0,5.7,0.0,42.6,1,13054,13054,13054,5186,1186,9889,3802,12274,24223,23773,7385,17969,8133,1,18852,18674,11787,1.0,27:06,2017,2018
2017-18,1627739,Kris Dunn,Kris,1610612741,CHI,Chicago Bulls,21700212,2017-11-15T00:00:00,CHI @ OKC,L,54.2,0.0,5.6,0.0,0.0,24.1,11.1,9.3,40.7,0.0,0.0,5.6,0.0,29.1,1,13054,13054,13054,1168,12040,4256,9215,19152,21170,12734,11645,15844,8133,1,18481,18674,19220,1.0,29:17,2017,2018
2017-18,202347,Quincy Pondexter,Quincy,1610612741,CHI,Chicago Bulls,21700212,2017-11-15T00:00:00,CHI @ OKC,L,51.1,2.4,4.9,2.4,0.0,22.0,4.9,12.2,43.9,0.0,0.0,9.8,7.3,17.6,1,13054,13054,13054,5363,11551,5198,8817,19152,19649,5338,14986,13396,8133,1,24041,3806,23289,1.0,20:56,2017,2018
2017-18,1626245,Cristiano Felicio,Cristiano,1610612741,CHI,Chicago Bulls,21700183,2017-11-11T00:00:00,CHI @ SAS,L,47.0,10.0,0.0,5.0,20.0,22.5,10.0,7.5,45.0,2.5,2.5,5.0,5.0,41.0,1,13054,13054,13054,17665,1658,9889,4548,2204,20100,11296,9576,12567,3806,22293,17097,7757,12692,1.0,18:47,2017,2018
2017-18,203200,Justin Holiday,Justin,1610612741,CHI,Chicago Bulls,21700183,2017-11-11T00:00:00,CHI @ SAS,L,49.1,0.0,0.0,6.0,0.0,12.0,14.0,16.0,40.0,2.0,2.0,2.0,2.0,39.6,1,13054,13054,13054,10603,12040,9889,3464,19152,8973,16226,18697,16092,4837,21064,7778,16074,13587,1.0,24:34,2017,2018
2017-18,1628374,Lauri Markkanen,Lauri,1610612741,CHI,Chicago Bulls,21700183,2017-11-11T00:00:00,CHI @ SAS,L,49.1,0.0,0.0,0.0,12.9,19.4,6.5,16.1,38.7,3.2,0.0,3.2,3.2,40.0,1,13054,13054,13054,10639,12040,9889,9215,6458,17299,6982,18804,17326,2511,1,11750,12377,13228,1.0,15:14,2017,2018
2017-18,1627756,Denzel Valentine,Denzel,1610612741,CHI,Chicago Bulls,21700183,2017-11-11T00:00:00,CHI @ SAS,L,46.8,3.1,0.0,0.0,6.3,28.1,6.3,12.5,46.9,0.0,0.0,4.7,1.6,32.2,1,13054,13054,13054,17996,10103,9889,9215,13884,23107,6731,15165,11257,8133,1,16359,17647,17616,1.0,29:59,2017,2018
2017-18,202347,Quincy Pondexter,Quincy,1610612741,CHI,Chicago Bulls,21700183,2017-11-11T00:00:00,CHI @ SAS,L,46.5,6.9,6.9,0.0,0.0,24.1,6.9,0.0,41.4,0.0,0.0,0.0,3.4,31.7,1,13054,13054,13054,19006,4007,2893,9215,19152,21203,7454,1,15340,8133,1,1,11743,17854,1.0,13:29,2017,2018
2017-18,1626170,Jerian Grant,Jerian,1610612741,CHI,Chicago Bulls,21700183,2017-11-11T00:00:00,CHI @ SAS,L,48.8,0.0,0.0,0.0,9.1,21.2,13.6,7.6,42.4,0.0,0.0,0.0,6.1,32.1,1,13054,13054,13054,11558,12040,9889,9215,10275,19020,15818,9689,14553,8133,1,1,5686,17654,1.0,32:14,2017,2018
2017-18,1627739,Kris Dunn,Kris,1610612741,CHI,Chicago Bulls,21700183,2017-11-11T00:00:00,CHI @ SAS,L,48.7,3.7,5.6,0.0,11.1,11.1,16.7,5.6,40.7,0.0,3.7,3.7,1.9,49.3,1,13054,13054,13054,12006,8897,4256,9215,8104,7928,18748,7189,15844,8133,24375,13210,16575,8320,1.0,26:18,2017,2018
2017-18,1627770,Kay Felder,Kay,1610612741,CHI,Chicago Bulls,21700183,2017-11-11T00:00:00,CHI @ SAS,L,48.3,6.7,0.0,0.0,20.0,10.0,20.0,0.0,73.3,0.0,3.3,3.3,0.0,17.3,1,13054,13054,13054,13169,4249,9889,9215,2204,6849,21469,1,1041,8133,23925,12117,18674,23333,1.0,14:30,2017,2018
2017-18,1627835,Paul Zipser,Paul,1610612741,CHI,Chicago Bulls,21700183,2017-11-11T00:00:00,CHI @ SAS,L,49.2,12.5,0.0,0.0,12.5,18.8,12.5,0.0,62.5,0.0,0.0,18.8,0.0,38.8,1,13054,13054,13054,10488,815,9889,9215,6746,16691,14368,1,2908,8133,1,25819,18674,14030,1.0,7:52,2017,2018
2017-18,201577,Robin Lopez,Robin,1610612741,CHI,Chicago Bulls,21700183,2017-11-11T00:00:00,CHI @ SAS,L,50.0,7.3,7.3,0.0,29.1,14.5,16.4,9.1,50.9,1.8,0.0,3.6,1.8,45.1,1,13054,13054,13054,7945,3662,2616,9215,470,11981,18610,11383,8381,5396,1,13046,16728,10434,1.0,27:31,2017,2018
2017-18,1626171,Bobby Portis,Bobby,1610612741,CHI,Chicago Bulls,21700183,2017-11-11T00:00:00,CHI @ SAS,L,47.6,0.0,4.8,0.0,9.7,16.1,17.7,4.8,45.2,0.0,1.6,0.0,6.5,39.0,1,13054,13054,13054,15599,12040,5294,9215,9714,13795,19897,6443,12426,8133,19624,1,5022,13873,1.0,29:32,2017,2018
2017-18,1626245,Cristiano Felicio,Cristiano,1610612741,CHI,Chicago Bulls,21700171,2017-11-10T00:00:00,CHI vs. IND,L,43.8,0.0,0.0,0.0,11.8,23.5,14.7,11.8,29.4,0.0,0.0,8.8,2.9,12.4,1,13054,13054,13054,23885,12040,9889,9215,7424,20781,16961,14446,22383,8133,1,23420,13244,24326,1.0,14:54,2017,2018
2017-18,1627835,Paul Zipser,Paul,1610612741,CHI,Chicago Bulls,21700171,2017-11-10T00:00:00,CHI vs. IND,L,48.8,0.0,0.0,0.0,0.0,7.4,0.0,33.3,59.3,0.0,0.0,0.0,3.7,10.0,1,13054,13054,13054,11596,12040,9889,9215,19152,4736,1,25269,4044,8133,1,1,11049,24624,1.0,13:11,2017,2018
2017-18,1626171,Bobby Portis,Bobby,1610612741,CHI,Chicago Bulls,21700171,2017-11-10T00:00:00,CHI vs. IND,L,45.1,1.8,7.1,0.0,14.3,17.9,21.4,12.5,35.7,0.0,1.8,0.0,7.1,65.5,1,13054,13054,13054,22181,11833,2662,9215,5279,15743,22386,15165,19220,8133,20340,1,3982,2655,1.0,25:15,2017,2018
2017-18,202347,Quincy Pondexter,Quincy,1610612741,CHI,Chicago Bulls,21700171,2017-11-10T00:00:00,CHI vs. IND,L,45.1,20.0,0.0,20.0,20.0,10.0,20.0,25.0,40.0,0.0,0.0,5.0,0.0,63.5,1,13054,13054,13054,22200,149,9889,81,2204,6849,21469,23680,16092,8133,1,17097,18674,3117,1.0,9:01,2017,2018
2017-18,1627739,Kris Dunn,Kris,1610612741,CHI,Chicago Bulls,21700171,2017-11-10T00:00:00,CHI vs. IND,L,47.9,2.9,2.9,2.9,14.3,17.1,21.4,15.7,34.3,0.0,0.0,2.9,0.0,47.6,1,13054,13054,13054,14635,10744,8663,8033,5279,14953,22386,18490,20015,8133,1,10444,18674,9163,1.0,33:33,2017,2018
2017-18,201577,Robin Lopez,Robin,1610612741,CHI,Chicago Bulls,21700171,2017-11-10T00:00:00,CHI vs. IND,L,52.9,0.0,0.0,0.0,3.8,11.5,15.4,25.0,46.2,3.8,0.0,3.8,3.8,33.7,1,13054,13054,13054,2339,12040,9889,9215,17159,8463,17571,23680,11649,1866,1,13677,10635,16861,1.0,27:30,2017,2018
2017-18,1628374,Lauri Markkanen,Lauri,1610612741,CHI,Chicago Bulls,21700171,2017-11-10T00:00:00,CHI vs. IND,L,52.5,0.0,0.0,0.0,7.4,7.4,9.3,29.6,55.6,1.9,0.0,0.0,0.0,69.4,1,13054,13054,13054,2891,12040,9889,9215,12395,4736,10420,24885,5695,5278,1,1,18674,1904,1.0,28:20,2017,2018
2017-18,1627770,Kay Felder,Kay,1610612741,CHI,Chicago Bulls,21700171,2017-11-10T00:00:00,CHI vs. IND,L,46.6,0.0,0.0,0.0,10.0,20.0,17.5,17.5,35.0,0.0,0.0,5.0,7.5,24.0,1,13054,13054,13054,18768,12040,9889,9215,9269,17743,19705,19988,19621,8133,1,17097,3549,21396,1.0,18:38,2017,2018
2017-18,1627756,Denzel Valentine,Denzel,1610612741,CHI,Chicago Bulls,21700171,2017-11-10T00:00:00,CHI vs. IND,L,48.5,0.0,0.0,0.0,0.0,22.2,24.4,8.9,31.1,0.0,2.2,2.2,4.4,32.4,1,13054,13054,13054,12602,12040,9889,9215,19152,19778,23746,11242,21675,8133,21625,8375,9062,17487,1.0,21:50,2017,2018
2017-18,1626170,Jerian Grant,Jerian,1610612741,CHI,Chicago Bulls,21700171,2017-11-10T00:00:00,CHI vs. IND,L,51.0,0.0,0.0,0.0,0.0,5.9,0.0,26.5,58.8,0.0,2.9,2.9,11.8,21.2,1,13054,13054,13054,5514,12040,9889,9215,19152,3736,1,24178,4187,8133,23300,10786,757,22315,1.0,17:20,2017,2018
2017-18,203200,Justin Holiday,Justin,1610612741,CHI,Chicago Bulls,21700171,2017-11-10T00:00:00,CHI vs. IND,L,51.6,5.1,3.4,0.0,3.4,10.2,13.6,25.4,50.8,0.0,0.0,1.7,0.0,43.4,1,13054,13054,13054,4246,6551,7622,9215,17835,7112,15770,23912,8436,8133,1,6820,18674,11340,1.0,30:27,2017,2018
2017-18,1627739,Kris Dunn,Kris,1610612741,CHI,Chicago Bulls,21700153,2017-11-07T00:00:00,CHI @ TOR,L,45.7,5.3,5.3,7.0,3.5,24.6,14.0,14.0,42.1,0.0,0.0,5.3,5.3,58.2,1,13054,13054,13054,20917,6198,4667,2614,17650,21441,16264,16924,14775,8133,1,17762,7179,4652,1.0,26:04,2017,2018
2017-18,1627756,Denzel Valentine,Denzel,1610612741,CHI,Chicago Bulls,21700153,2017-11-07T00:00:00,CHI @ TOR,L,47.4,5.2,0.0,0.0,10.3,15.5,13.8,15.5,51.7,1.7,0.0,5.2,1.7,48.3,1,13054,13054,13054,16361,6400,9889,9215,9001,13125,15965,18322,7914,5728,1,17644,17051,8806,1.0,27:29,2017,2018
2017-18,1626245,Cristiano Felicio,Cristiano,1610612741,CHI,Chicago Bulls,21700153,2017-11-07T00:00:00,CHI @ TOR,L,47.4,0.0,0.0,0.0,5.7,34.3,14.3,17.1,40.0,0.0,0.0,5.7,0.0,16.0,1,13054,13054,13054,16418,12040,9889,9215,14647,24688,16398,19695,16092,8133,1,18918,18674,23647,1.0,16:35,2017,2018
2017-18,1627835,Paul Zipser,Paul,1610612741,CHI,Chicago Bulls,21700153,2017-11-07T00:00:00,CHI @ TOR,L,48.8,0.0,0.0,0.0,4.8,19.0,14.3,9.5,47.6,0.0,0.0,4.8,2.4,17.4,1,13054,13054,13054,11527,12040,9889,9215,16045,17001,16398,11917,10708,8133,1,16444,14990,23328,1.0,20:31,2017,2018
2017-18,1627770,Kay Felder,Kay,1610612741,CHI,Chicago Bulls,21700153,2017-11-07T00:00:00,CHI @ TOR,L,45.4,8.3,0.0,0.0,0.0,38.9,13.9,22.2,38.9,0.0,0.0,2.8,5.6,31.1,1,13054,13054,13054,21594,2673,9889,9215,19152,25227,16099,22698,17195,8133,1,10147,6552,18155,1.0,16:21,2017,2018
2017-18,203200,Justin Holiday,Justin,1610612741,CHI,Chicago Bulls,21700153,2017-11-07T00:00:00,CHI @ TOR,L,49.5,7.8,0.0,3.1,3.1,4.7,14.1,7.8,56.3,0.0,0.0,1.6,4.7,36.9,1,13054,13054,13054,9631,3166,9889,7444,18261,3140,16301,9973,5383,8133,1,6353,8541,15103,1.0,31:39,2017,2018
2017-18,1628374,Lauri Markkanen,Lauri,1610612741,CHI,Chicago Bulls,21700153,2017-11-07T00:00:00,CHI @ TOR,L,48.9,3.3,0.0,3.3,3.3,16.7,16.7,16.7,56.7,1.7,0.0,3.3,5.0,29.8,1,13054,13054,13054,11229,9652,9889,7052,17932,14231,18748,19132,5230,5944,1,12117,7757,18816,1.0,29:22,2017,2018
2017-18,201577,Robin Lopez,Robin,1610612741,CHI,Chicago Bulls,21700153,2017-11-07T00:00:00,CHI @ TOR,L,50.3,7.8,3.9,0.0,27.5,9.8,11.8,13.7,54.9,0.0,0.0,7.8,0.0,55.1,1,13054,13054,13054,7125,3136,6650,9215,679,6740,13608,16590,6052,8133,1,22528,18674,5772,1.0,25:40,2017,2018
2017-18,1626170,Jerian Grant,Jerian,1610612741,CHI,Chicago Bulls,21700153,2017-11-07T00:00:00,CHI @ TOR,L,51.0,0.0,4.7,0.0,4.7,7.0,14.0,11.6,60.5,0.0,0.0,7.0,14.0,57.9,1,13054,13054,13054,5458,12040,5511,9215,16195,4455,16174,14365,3613,8133,1,21318,391,4760,1.0,21:56,2017,2018
2017-18,1626171,Bobby Portis,Bobby,1610612741,CHI,Chicago Bulls,21700153,2017-11-07T00:00:00,CHI @ TOR,L,45.2,5.6,13.0,0.0,14.8,13.0,13.0,5.6,44.4,0.0,0.0,3.7,5.6,75.2,1,13054,13054,13054,22069,5733,635,9215,4968,10104,15091,7189,12818,8133,1,13210,6552,1169,1.0,24:23,2017,2018
2017-18,1628374,Lauri Markkanen,Lauri,1610612741,CHI,Chicago Bulls,21700133,2017-11-04T00:00:00,CHI vs. NOP,L,48.9,0.0,2.5,0.0,7.4,9.9,4.9,12.3,39.5,1.2,1.2,2.5,1.2,37.5,1,13054,13054,13054,11462,12040,9408,9215,12395,6844,5428,15150,16790,7871,17661,9098,18582,14738,1.0,39:35,2017,2018
2017-18,202347,Quincy Pondexter,Quincy,1610612741,CHI,Chicago Bulls,21700133,2017-11-04T00:00:00,CHI vs. NOP,L,58.9,0.0,0.0,0.0,0.0,33.3,0.0,0.0,66.7,0.0,0.0,16.7,0.0,3.3,1,13054,13054,13054,182,12040,9889,9215,19152,24377,1,1,1745,8133,1,25662,18674,25131,1.0,3:32,2017,2018
2017-18,1627835,Paul Zipser,Paul,1610612741,CHI,Chicago Bulls,21700133,2017-11-04T00:00:00,CHI vs. NOP,L,49.9,0.0,5.6,0.0,11.1,22.2,11.1,11.1,38.9,0.0,2.8,0.0,0.0,33.3,1,13054,13054,13054,8346,12040,4256,9215,8104,19778,12734,13691,17195,8133,22940,1,18674,17017,1.0,17:58,2017,2018
2017-18,203200,Justin Holiday,Justin,1610612741,CHI,Chicago Bulls,21700133,2017-11-04T00:00:00,CHI vs. NOP,L,49.2,2.3,2.3,4.5,6.8,6.8,9.1,6.8,38.6,1.1,1.1,0.0,1.1,46.9,1,13054,13054,13054,10402,11693,9575,5119,13210,4334,10105,8747,17421,8072,17462,1,18658,9484,1.0,43:18,2017,2018
2017-18,1627756,Denzel Valentine,Denzel,1610612741,CHI,Chicago Bulls,21700133,2017-11-04T00:00:00,CHI vs. NOP,L,50.5,4.3,2.9,0.0,0.0,14.5,5.8,8.7,37.7,0.0,0.0,2.9,1.4,40.1,1,13054,13054,13054,6804,7671,8553,9215,19152,11910,6298,10978,18015,8133,1,10683,18021,13214,1.0,34:49,2017,2018
2017-18,1627739,Kris Dunn,Kris,1610612741,CHI,Chicago Bulls,21700133,2017-11-04T00:00:00,CHI vs. NOP,L,48.3,5.7,0.0,5.7,11.4,17.1,5.7,11.4,34.3,0.0,0.0,5.7,0.0,52.3,1,13054,13054,13054,13169,5519,9889,3721,7823,14953,6170,14137,20015,8133,1,18918,18674,6914,1.0,16:55,2017,2018
2017-18,1628021,David Nwaba,David,1610612741,CHI,Chicago Bulls,21700133,2017-11-04T00:00:00,CHI vs. NOP,L,47.1,0.0,9.5,0.0,9.5,4.8,9.5,9.5,38.1,2.4,0.0,4.8,0.0,47.1,1,13054,13054,13054,17105,12040,1425,9215,9799,3154,10721,11917,17705,4035,1,16444,18674,9369,1.0,19:48,2017,2018
2017-18,201577,Robin Lopez,Robin,1610612741,CHI,Chicago Bulls,21700133,2017-11-04T00:00:00,CHI vs. NOP,L,49.5,4.7,0.0,2.3,4.7,7.0,9.3,7.0,39.5,1.2,1.2,5.8,2.3,28.3,1,13054,13054,13054,9645,7200,9889,8925,16195,4455,10474,8949,16786,8019,17499,19195,15144,19603,1.0,42:32,2017,2018
2017-18,1626245,Cristiano Felicio,Cristiano,1610612741,CHI,Chicago Bulls,21700133,2017-11-04T00:00:00,CHI vs. NOP,L,49.8,0.0,0.0,0.0,0.0,28.6,0.0,19.0,38.1,0.0,0.0,19.0,0.0,28.6,1,13054,13054,13054,8479,12040,9889,9215,19152,23204,1,21039,17705,8133,1,25829,18674,19420,1.0,10:28,2017,2018
2017-18,1626170,Jerian Grant,Jerian,1610612741,CHI,Chicago Bulls,21700133,2017-11-04T00:00:00,CHI vs. NOP,L,50.1,2.8,0.0,0.0,2.8,8.3,8.3,8.3,41.7,1.4,0.0,1.4,5.6,58.5,1,13054,13054,13054,7715,10935,9889,9215,18764,5406,9099,10477,15119,7217,1,5719,6552,4571,1.0,36:05,2017,2018
2017-18,1627739,Kris Dunn,Kris,1610612741,CHI,Chicago Bulls,21700120,2017-11-03T00:00:00,CHI @ ORL,W,51.3,6.4,0.0,0.0,4.3,4.3,2.1,19.1,42.6,0.0,2.1,6.4,0.0,26.4,1,1,1,1,4896,4701,9889,9215,16652,2951,3649,21122,14476,8133,21397,20334,18674,20447,1.0,24:06,2017,2018
2017-18,201577,Robin Lopez,Robin,1610612741,CHI,Chicago Bulls,21700120,2017-11-03T00:00:00,CHI @ ORL,W,48.0,3.3,3.3,3.3,13.3,6.7,3.3,10.0,40.0,1.7,0.0,3.3,1.7,45.0,1,1,1,1,14283,9652,7723,7052,6013,4204,4151,12407,16092,5944,1,12117,17268,10460,1.0,28:49,2017,2018
2017-18,1627835,Paul Zipser,Paul,1610612741,CHI,Chicago Bulls,21700120,2017-11-03T00:00:00,CHI @ ORL,W,53.0,4.9,0.0,0.0,4.9,0.0,2.4,9.8,39.0,0.0,0.0,0.0,2.4,38.5,1,1,1,1,2261,6828,9889,9215,15888,1,3707,12228,17101,8133,1,1,14847,14167,1.0,21:43,2017,2018
2017-18,1627770,Kay Felder,Kay,1610612741,CHI,Chicago Bulls,21700120,2017-11-03T00:00:00,CHI @ ORL,W,48.3,0.0,0.0,0.0,0.0,0.0,0.0,0.0,0.0,0.0,0.0,0.0,0.0,0.0,1,1,1,1,13169,12040,9889,9215,19152,1,1,1,25493,8133,1,1,18674,25240,1.0,1:56,2017,2018
2017-18,1628374,Lauri Markkanen,Lauri,1610612741,CHI,Chicago Bulls,21700120,2017-11-03T00:00:00,CHI @ ORL,W,48.5,0.0,3.4,3.4,3.4,10.2,3.4,11.9,37.3,0.0,0.0,1.7,3.4,44.6,1,1,1,1,12560,12040,7622,6952,17835,7112,4189,14637,18293,8133,1,6820,11973,10707,1.0,28:38,2017,2018
2017-18,1627756,Denzel Valentine,Denzel,1610612741,CHI,Chicago Bulls,21700120,2017-11-03T00:00:00,CHI @ ORL,W,52.1,13.3,0.0,0.0,0.0,4.4,2.2,20.0,44.4,0.0,0.0,2.2,0.0,55.1,1,1,1,1,3476,662,9889,9215,19152,3029,3659,21501,12818,8133,1,8375,18674,5765,1.0,23:26,2017,2018
2017-18,202347,Quincy Pondexter,Quincy,1610612741,CHI,Chicago Bulls,21700120,2017-11-03T00:00:00,CHI @ ORL,W,59.5,0.0,0.0,0.0,0.0,0.0,10.0,0.0,80.0,0.0,0.0,10.0,0.0,75.0,1,1,1,1,158,12040,9889,9215,19152,1,11296,1,551,8133,1,24099,18674,1178,1.0,5:57,2017,2018
2017-18,1628021,David Nwaba,David,1610612741,CHI,Chicago Bulls,21700120,2017-11-03T00:00:00,CHI @ ORL,W,49.9,7.0,5.6,8.5,19.7,8.5,2.8,9.9,33.8,1.4,0.0,4.2,2.8,45.8,1,1,1,1,8250,3887,4223,1720,2390,5565,3858,12366,20311,7117,1,14973,13733,10085,1.0,35:27,2017,2018
2017-18,1626170,Jerian Grant,Jerian,1610612741,CHI,Chicago Bulls,21700120,2017-11-03T00:00:00,CHI @ ORL,W,48.8,0.0,0.0,0.0,4.4,8.9,4.4,4.4,40.0,0.0,0.0,0.0,4.4,46.7,1,1,1,1,11621,12040,9889,9215,16421,5959,4981,6055,16092,8133,1,1,9062,9587,1.0,21:58,2017,2018
2017-18,203200,Justin Holiday,Justin,1610612741,CHI,Chicago Bulls,21700120,2017-11-03T00:00:00,CHI @ ORL,W,48.0,0.0,0.0,0.0,13.3,6.7,3.3,10.0,40.0,0.0,0.0,1.7,3.3,46.5,1,1,1,1,14283,12040,9889,9215,6013,4204,4151,12407,16092,8133,1,6722,12080,9685,1.0,28:49,2017,2018
2017-18,1626245,Cristiano Felicio,Cristiano,1610612741,CHI,Chicago Bulls,21700120,2017-11-03T00:00:00,CHI @ ORL,W,54.8,0.0,0.0,0.0,11.4,5.7,2.9,14.3,40.0,0.0,2.9,2.9,2.9,34.0,1,1,1,1,873,12040,9889,9215,7823,3653,3879,17034,16092,8133,23120,10444,13536,16666,1.0,19:11,2017,2018
2017-18,1628374,Lauri Markkanen,Lauri,1610612741,CHI,Chicago Bulls,21700110,2017-11-01T00:00:00,CHI @ MIA,L,45.7,2.7,5.3,0.0,16.0,6.7,8.0,4.0,37.3,0.0,0.0,0.0,5.3,56.1,1,13054,13054,13054,20969,11179,4637,9215,4200,4204,8748,5648,18273,8133,1,1,7150,5362,2.0,34:17,2017,2018
2017-18,202347,Quincy Pondexter,Quincy,1610612741,CHI,Chicago Bulls,21700110,2017-11-01T00:00:00,CHI @ MIA,L,46.5,0.0,0.0,0.0,0.0,15.4,0.0,0.0,30.8,0.0,0.0,0.0,0.0,0.0,1,13054,13054,13054,18895,12040,9889,9215,19152,12828,1,1,21767,8133,1,1,18674,25240,2.0,6:03,2017,2018
2017-18,201577,Robin Lopez,Robin,1610612741,CHI,Chicago Bulls,21700110,2017-11-01T00:00:00,CHI @ MIA,L,45.9,8.1,2.7,0.0,18.9,6.8,8.1,4.1,35.1,1.4,0.0,1.4,4.1,47.0,1,13054,13054,13054,20504,2891,9004,9215,2698,4290,8914,5729,19570,7393,1,5598,10122,9434,2.0,33:58,2017,2018
2017-18,1627756,Denzel Valentine,Denzel,1610612741,CHI,Chicago Bulls,21700110,2017-11-01T00:00:00,CHI @ MIA,L,48.5,0.0,0.0,0.0,0.0,29.4,0.0,2.9,41.2,0.0,0.0,0.0,2.9,40.0,1,13054,13054,13054,12719,12040,9889,9215,19152,23521,1,4758,15512,8133,1,1,13244,13228,2.0,16:29,2017,2018
2017-18,1628021,David Nwaba,David,1610612741,CHI,Chicago Bulls,21700110,2017-11-01T00:00:00,CHI @ MIA,L,49.3,0.0,0.0,3.4,6.8,8.5,10.2,1.7,44.1,3.4,0.0,5.1,0.0,46.9,1,13054,13054,13054,10205,12040,9889,6952,13218,5583,11645,4382,13277,2357,1,17417,18674,9472,2.0,29:04,2017,2018
2017-18,1626170,Jerian Grant,Jerian,1610612741,CHI,Chicago Bulls,21700110,2017-11-01T00:00:00,CHI @ MIA,L,46.3,0.0,5.5,0.0,0.0,9.1,7.3,5.5,32.7,0.0,0.0,9.1,5.5,41.5,1,13054,13054,13054,19423,12040,4428,9215,19152,6059,7924,7116,20931,8133,1,23549,6874,12432,2.0,25:29,2017,2018
2017-18,1626245,Cristiano Felicio,Cristiano,1610612741,CHI,Chicago Bulls,21700110,2017-11-01T00:00:00,CHI @ MIA,L,49.9,0.0,0.0,0.0,15.4,38.5,0.0,3.8,38.5,3.8,0.0,7.7,11.5,50.0,1,13054,13054,13054,8388,12040,9889,9215,4528,25181,1,5499,17476,1866,1,22219,824,7864,2.0,12:58,2017,2018
2017-18,1627739,Kris Dunn,Kris,1610612741,CHI,Chicago Bulls,21700110,2017-11-01T00:00:00,CHI @ MIA,L,45.2,3.1,0.0,0.0,9.2,23.1,3.1,6.2,33.8,3.1,0.0,7.7,4.6,42.9,1,13054,13054,13054,22013,10214,9889,9215,10178,20482,4006,7943,20280,2762,1,22219,8698,11604,2.0,29:22,2017,2018
2017-18,203200,Justin Holiday,Justin,1610612741,CHI,Chicago Bulls,21700110,2017-11-01T00:00:00,CHI @ MIA,L,45.8,0.0,0.0,3.7,0.0,9.8,7.3,3.7,36.6,0.0,0.0,1.2,1.2,27.1,1,13054,13054,13054,20766,12040,9889,6523,19152,6681,7984,5374,18735,8133,1,5267,18602,20160,2.0,37:33,2017,2018
2017-18,1627835,Paul Zipser,Paul,1610612741,CHI,Chicago Bulls,21700110,2017-11-01T00:00:00,CHI @ MIA,L,46.2,0.0,0.0,0.0,0.0,31.3,0.0,3.1,37.5,0.0,0.0,6.3,3.1,27.2,1,13054,13054,13054,19801,12040,9889,9215,19152,24032,1,4912,18061,8133,1,19965,12687,20100,2.0,14:47,2017,2018
2017-18,1628374,Lauri Markkanen,Lauri,1610612741,CHI,Chicago Bulls,21700079,2017-10-28T00:00:00,CHI vs. OKC,L,50.7,14.5,3.6,0.0,0.0,20.0,14.5,23.6,40.0,1.8,1.8,1.8,9.1,52.9,1,13054,13054,13054,6127,488,7181,9215,19152,17743,16837,23318,16092,5396,20460,7242,2018,6634,1.0,27:54,2017,2018
2017-18,1626170,Jerian Grant,Jerian,1610612741,CHI,Chicago Bulls,21700079,2017-10-28T00:00:00,CHI vs. OKC,L,52.5,0.0,0.0,0.0,0.0,22.5,15.0,27.5,40.0,0.0,2.5,2.5,5.0,33.5,1,13054,13054,13054,2831,12040,9889,9215,19152,20100,17235,24442,16092,8133,22293,9141,7757,16951,1.0,21:00,2017,2018
2017-18,203200,Justin Holiday,Justin,1610612741,CHI,Chicago Bulls,21700079,2017-10-28T00:00:00,CHI vs. OKC,L,50.2,0.0,4.8,0.0,0.0,17.5,7.9,20.6,38.1,0.0,1.6,1.6,4.8,30.2,1,13054,13054,13054,7377,12040,5339,9215,19152,15344,8718,22042,17705,8133,19493,6440,8292,18619,1.0,31:39,2017,2018
2017-18,1626245,Cristiano Felicio,Cristiano,1610612741,CHI,Chicago Bulls,21700079,2017-10-28T00:00:00,CHI vs. OKC,L,50.3,0.0,0.0,0.0,4.4,20.0,11.1,11.1,31.1,2.2,2.2,0.0,0.0,30.2,1,13054,13054,13054,7223,12040,9889,9215,16421,17743,12734,13691,21675,4352,21625,1,18674,18576,1.0,22:38,2017,2018
2017-18,202347,Quincy Pondexter,Quincy,1610612741,CHI,Chicago Bulls,21700079,2017-10-28T00:00:00,CHI vs. OKC,L,51.5,7.7,0.0,7.7,0.0,17.9,5.1,7.7,35.9,0.0,0.0,7.7,5.1,16.9,1,13054,13054,13054,4355,3210,9889,2136,19152,15855,5572,9740,19124,8133,1,22219,7546,23434,1.0,20:06,2017,2018
2017-18,1627770,Kay Felder,Kay,1610612741,CHI,Chicago Bulls,21700079,2017-10-28T00:00:00,CHI vs. OKC,L,48.0,0.0,0.0,0.0,0.0,0.0,20.0,0.0,40.0,0.0,10.0,0.0,0.0,15.0,1,13054,13054,13054,14365,12040,9889,9215,19152,1,21469,1,16092,8133,25985,1,18674,23832,1.0,4:48,2017,2018
2017-18,1628021,David Nwaba,David,1610612741,CHI,Chicago Bulls,21700079,2017-10-28T00:00:00,CHI vs. OKC,L,51.1,0.0,3.1,6.3,6.3,21.9,15.6,9.4,37.5,0.0,3.1,3.1,9.4,38.8,1,13054,13054,13054,5291,12040,8119,3197,13884,19582,17896,11760,18061,8133,23621,11424,1863,14030,1.0,16:21,2017,2018
2017-18,201577,Robin Lopez,Robin,1610612741,CHI,Chicago Bulls,21700079,2017-10-28T00:00:00,CHI vs. OKC,L,51.8,4.1,0.0,0.0,12.2,18.4,10.2,22.4,44.9,4.1,0.0,2.0,2.0,44.1,1,13054,13054,13054,3949,8188,9889,9215,7061,16337,11691,22863,12644,1677,1,7897,15955,10975,1.0,25:22,2017,2018
2017-18,1627756,Denzel Valentine,Denzel,1610612741,CHI,Chicago Bulls,21700079,2017-10-28T00:00:00,CHI vs. OKC,L,49.1,3.2,0.0,3.2,3.2,14.3,6.3,11.1,38.1,0.0,1.6,3.2,0.0,37.0,1,13054,13054,13054,10795,9987,9889,7341,18184,11519,6900,13691,17705,8133,19493,11622,18674,15048,1.0,30:55,2017,2018
2017-18,1627835,Paul Zipser,Paul,1610612741,CHI,Chicago Bulls,21700079,2017-10-28T00:00:00,CHI vs. OKC,L,55.1,0.0,0.0,0.0,0.0,29.0,19.4,29.0,38.7,0.0,0.0,3.2,0.0,21.3,1,13054,13054,13054,740,12040,9889,9215,19152,23428,21149,24784,17326,8133,1,11750,18674,22291,1.0,17:05,2017,2018
2017-18,1627739,Kris Dunn,Kris,1610612741,CHI,Chicago Bulls,21700079,2017-10-28T00:00:00,CHI vs. OKC,L,50.5,4.5,0.0,4.5,9.1,20.5,4.5,11.4,36.4,2.3,2.3,11.4,2.3,57.5,1,13054,13054,13054,6836,7356,9889,5119,10275,18383,5057,14085,18750,4250,21750,24781,15302,4879,1.0,22:12,2017,2018
2017-18,1628021,David Nwaba,David,1610612741,CHI,Chicago Bulls,21700065,2017-10-26T00:00:00,CHI vs. ATL,W,49.6,0.0,6.4,4.3,17.0,12.8,0.0,8.5,25.5,0.0,2.1,4.3,8.5,57.9,1,1,1,1,9116,12040,3406,5547,3621,9848,1,10780,23670,8133,21397,15065,2573,4773,1.0,23:20,2017,2018
2017-18,203200,Justin Holiday,Justin,1610612741,CHI,Chicago Bulls,21700065,2017-10-26T00:00:00,CHI vs. ATL,W,52.9,0.0,0.0,0.0,5.7,12.9,5.7,7.1,17.1,0.0,0.0,2.9,7.1,32.9,1,1,1,1,2385,12040,9889,9215,14647,9961,6170,9057,25046,8133,1,10444,3982,17268,1.0,37:00,2017,2018
2017-18,202347,Quincy Pondexter,Quincy,1610612741,CHI,Chicago Bulls,21700065,2017-10-26T00:00:00,CHI vs. ATL,W,48.1,0.0,0.0,0.0,11.1,16.7,0.0,11.1,22.2,5.6,2.8,2.8,2.8,48.1,1,1,1,1,13879,12040,9889,9215,8104,14231,1,13691,24338,809,22940,10147,13805,8915,1.0,17:20,2017,2018
2017-18,1626170,Jerian Grant,Jerian,1610612741,CHI,Chicago Bulls,21700065,2017-10-26T00:00:00,CHI vs. ATL,W,54.5,3.0,1.5,3.0,6.1,10.6,6.1,7.6,21.2,0.0,1.5,0.0,10.6,45.9,1,1,1,1,996,10311,9798,7632,14149,7558,6530,9689,24581,8133,19135,1,1180,9993,1.0,36:00,2017,2018
2017-18,1626245,Cristiano Felicio,Cristiano,1610612741,CHI,Chicago Bulls,21700065,2017-10-26T00:00:00,CHI vs. ATL,W,49.2,0.0,0.0,0.0,8.3,16.7,0.0,16.7,33.3,0.0,4.2,4.2,8.3,28.3,1,1,1,1,10295,12040,9889,9215,11191,14231,1,19132,20357,8133,24801,14704,2659,19559,1.0,11:49,2017,2018
2017-18,1628374,Lauri Markkanen,Lauri,1610612741,CHI,Chicago Bulls,21700065,2017-10-26T00:00:00,CHI vs. ATL,W,53.8,3.5,5.3,0.0,10.5,12.3,7.0,8.8,21.1,0.0,1.8,3.5,3.5,48.9,1,1,1,1,1460,9298,4667,9215,8733,9325,7632,11138,24587,8133,20213,12694,11629,8464,1.0,30:40,2017,2018
2017-18,1627756,Denzel Valentine,Denzel,1610612741,CHI,Chicago Bulls,21700065,2017-10-26T00:00:00,CHI vs. ATL,W,52.5,2.9,0.0,4.4,2.9,16.2,5.9,13.2,23.5,0.0,0.0,0.0,1.5,49.0,1,1,1,1,2907,10529,9889,5365,18528,13868,6336,16063,24143,8133,1,1,17962,8453,1.0,35:40,2017,2018
2017-18,201577,Robin Lopez,Robin,1610612741,CHI,Chicago Bulls,21700065,2017-10-26T00:00:00,CHI vs. ATL,W,52.4,2.9,2.9,0.0,23.2,13.0,5.8,7.2,17.4,2.9,0.0,4.3,1.4,51.6,1,1,1,1,2923,10638,8553,9215,1375,10170,6298,9255,25017,3059,1,15253,18021,7240,1.0,36:11,2017,2018
2017-18,1627770,Kay Felder,Kay,1610612741,CHI,Chicago Bulls,21700065,2017-10-26T00:00:00,CHI vs. ATL,W,46.2,0.0,0.0,0.0,0.0,23.1,0.0,15.4,23.1,0.0,0.0,15.4,0.0,30.8,1,1,1,1,19893,12040,9889,9215,19152,20482,1,18095,24246,8133,1,25582,18674,18305,1.0,12:00,2017,2018
2017-18,201577,Robin Lopez,Robin,1610612741,CHI,Chicago Bulls,21700049,2017-10-24T00:00:00,CHI @ CLE,L,53.7,0.0,3.6,0.0,10.7,30.4,19.6,7.1,35.7,0.0,0.0,1.8,5.4,32.3,1,13054,13054,13054,1506,12040,7296,9215,8627,23809,21373,9057,19220,8133,1,7142,7079,17543,2.0,30:06,2017,2018
2017-18,1627835,Paul Zipser,Paul,1610612741,CHI,Chicago Bulls,21700049,2017-10-24T00:00:00,CHI @ CLE,L,52.6,3.1,3.1,0.0,12.5,23.4,20.3,12.5,40.6,0.0,0.0,3.1,1.6,39.7,1,13054,13054,13054,2672,10103,8119,9215,6746,20756,21809,15165,15947,8133,1,11424,17647,13549,2.0,33:41,2017,2018
2017-18,202347,Quincy Pondexter,Quincy,1610612741,CHI,Chicago Bulls,21700049,2017-10-24T00:00:00,CHI @ CLE,L,45.3,6.9,6.9,0.0,13.8,17.2,6.9,6.9,48.3,0.0,0.0,6.9,3.4,39.3,1,13054,13054,13054,21710,4007,2893,9215,5724,15073,7454,8802,10272,8133,1,21157,11743,13720,2.0,13:09,2017,2018
2017-18,203200,Justin Holiday,Justin,1610612741,CHI,Chicago Bulls,21700049,2017-10-24T00:00:00,CHI @ CLE,L,51.4,5.6,2.8,0.0,5.6,26.8,15.5,8.5,33.8,1.4,1.4,2.8,4.2,52.5,1,13054,13054,13054,4577,5680,8753,9215,14840,22513,17778,10706,20311,7117,18496,10341,9646,6794,2.0,36:31,2017,2018
2017-18,1626170,Jerian Grant,Jerian,1610612741,CHI,Chicago Bulls,21700049,2017-10-24T00:00:00,CHI @ CLE,L,52.4,4.8,0.0,0.0,9.7,33.9,14.5,9.7,41.9,0.0,0.0,8.1,3.2,56.8,1,13054,13054,13054,3042,6934,9889,9215,9714,24628,16804,12138,14957,8133,1,22782,12377,5141,2.0,32:28,2017,2018
2017-18,1627770,Kay Felder,Kay,1610612741,CHI,Chicago Bulls,21700049,2017-10-24T00:00:00,CHI @ CLE,L,45.7,0.0,0.0,0.0,5.9,8.8,11.8,5.9,35.3,0.0,2.9,2.9,5.9,62.4,1,13054,13054,13054,21016,12040,9889,9215,14409,5897,13608,7589,19434,8133,23300,10786,5961,3407,2.0,15:32,2017,2018
2017-18,1628374,Lauri Markkanen,Lauri,1610612741,CHI,Chicago Bulls,21700049,2017-10-24T00:00:00,CHI @ CLE,L,54.2,3.4,3.4,0.0,6.8,32.2,18.6,10.2,40.7,1.7,0.0,1.7,3.4,50.2,1,13054,13054,13054,1223,9536,7622,9215,13218,24243,20655,12712,15906,5831,1,6820,11973,7834,2.0,31:57,2017,2018
2017-18,1628021,David Nwaba,David,1610612741,CHI,Chicago Bulls,21700049,2017-10-24T00:00:00,CHI @ CLE,L,44.8,0.0,0.0,0.0,0.0,23.3,0.0,0.0,46.7,3.3,0.0,6.7,0.0,19.7,1,13054,13054,13054,22632,12040,9889,9215,19152,20682,1,1,11371,2383,1,20740,18674,22786,2.0,13:27,2017,2018
2017-18,1627756,Denzel Valentine,Denzel,1610612741,CHI,Chicago Bulls,21700049,2017-10-24T00:00:00,CHI @ CLE,L,47.1,8.3,0.0,0.0,0.0,19.4,5.6,5.6,38.9,0.0,0.0,2.8,0.0,49.4,1,13054,13054,13054,17147,2673,9889,9215,19152,17382,5985,7189,17195,8133,1,10147,18674,8211,2.0,16:58,2017,2018
2017-18,1626245,Cristiano Felicio,Cristiano,1610612741,CHI,Chicago Bulls,21700049,2017-10-24T00:00:00,CHI @ CLE,L,46.3,0.0,0.0,0.0,5.7,20.0,5.7,11.4,45.7,0.0,2.9,8.6,0.0,22.6,1,13054,13054,13054,19597,12040,9889,9215,14647,17743,6170,14137,12065,8133,23120,23230,18674,21878,2.0,16:12,2017,2018
2017-18,201577,Robin Lopez,Robin,1610612741,CHI,Chicago Bulls,21700031,2017-10-21T00:00:00,CHI vs. SAS,L,49.3,0.0,6.7,0.0,10.0,25.0,18.3,6.7,50.0,5.0,0.0,1.7,1.7,56.5,1,13054,13054,13054,10251,12040,3072,9215,9269,21516,20429,8505,8649,1033,1,6722,17268,5226,1.0,29:33,2017,2018
2017-18,1627835,Paul Zipser,Paul,1610612741,CHI,Chicago Bulls,21700031,2017-10-21T00:00:00,CHI vs. SAS,L,49.1,0.0,0.0,0.0,0.0,28.8,25.0,11.5,65.4,0.0,0.0,3.8,0.0,21.7,1,13054,13054,13054,10598,12040,9889,9215,19152,23378,23834,14263,2257,8133,1,13677,18674,22147,1.0,25:33,2017,2018
2017-18,1626245,Cristiano Felicio,Cristiano,1610612741,CHI,Chicago Bulls,21700031,2017-10-21T00:00:00,CHI vs. SAS,L,52.7,0.0,5.7,0.0,5.7,22.9,17.1,5.7,62.9,0.0,0.0,11.4,0.0,34.9,1,13054,13054,13054,2559,12040,4090,9215,14647,20351,19383,7409,2839,8133,1,24802,18674,16236,1.0,18:27,2017,2018
2017-18,203200,Justin Holiday,Justin,1610612741,CHI,Chicago Bulls,21700031,2017-10-21T00:00:00,CHI vs. SAS,L,50.6,2.8,0.0,0.0,5.6,20.8,20.8,5.6,52.8,0.0,2.8,1.4,1.4,35.1,1,13054,13054,13054,6439,10935,9889,9215,14910,18701,22076,7189,7238,8133,22940,5719,18231,16080,1.0,36:26,2017,2018
2017-18,1627770,Kay Felder,Kay,1610612741,CHI,Chicago Bulls,21700031,2017-10-21T00:00:00,CHI vs. SAS,L,51.0,0.0,0.0,0.0,6.9,20.7,13.8,6.9,69.0,0.0,0.0,3.4,10.3,24.8,1,13054,13054,13054,5526,12040,9889,9215,13002,18582,15965,8802,1518,8133,1,12468,1298,21055,1.0,14:47,2017,2018
2017-18,1626170,Jerian Grant,Jerian,1610612741,CHI,Chicago Bulls,21700031,2017-10-21T00:00:00,CHI vs. SAS,L,50.3,0.0,0.0,3.0,12.1,25.8,19.7,6.1,48.5,1.5,1.5,3.0,6.1,36.8,1,13054,13054,13054,7148,12040,9889,7632,7139,22047,21415,7784,10137,6584,19135,11103,5686,15134,1.0,33:13,2017,2018
2017-18,1628374,Lauri Markkanen,Lauri,1610612741,CHI,Chicago Bulls,21700031,2017-10-21T00:00:00,CHI vs. SAS,L,50.0,2.7,0.0,4.1,5.4,23.0,17.6,5.4,54.1,0.0,0.0,4.1,1.4,37.0,1,13054,13054,13054,7909,11092,9889,5863,15129,20467,19778,6999,6495,8133,1,14434,18321,15023,1.0,37:02,2017,2018
2017-18,1628021,David Nwaba,David,1610612741,CHI,Chicago Bulls,21700031,2017-10-21T00:00:00,CHI vs. SAS,L,50.1,0.0,0.0,0.0,5.6,33.3,11.1,5.6,55.6,2.8,0.0,2.8,11.1,44.4,1,13054,13054,13054,7636,12040,9889,9215,14910,24377,12734,7189,5695,3257,1,10147,937,10773,1.0,18:03,2017,2018
2017-18,1627756,Denzel Valentine,Denzel,1610612741,CHI,Chicago Bulls,21700031,2017-10-21T00:00:00,CHI vs. SAS,L,51.8,0.0,3.8,0.0,7.7,19.2,11.5,3.8,46.2,0.0,0.0,0.0,0.0,17.3,1,13054,13054,13054,3903,12040,6777,9215,12038,17178,13379,5499,11649,8133,1,1,18674,23338,1.0,26:56,2017,2018
2017-18,1627756,Denzel Valentine,Denzel,1610612741,CHI,Chicago Bulls,21700014,2017-10-19T00:00:00,CHI @ TOR,L,47.3,0.0,5.6,5.6,0.0,38.9,13.0,14.8,55.6,0.0,0.0,7.4,0.0,24.8,1,13054,13054,13054,16774,12040,4256,3867,19152,25227,15091,17643,5695,8133,1,21890,18674,21067,1.0,25:31,2017,2018
2017-18,1628021,David Nwaba,David,1610612741,CHI,Chicago Bulls,21700014,2017-10-19T00:00:00,CHI @ TOR,L,44.4,0.0,0.0,0.0,6.9,41.4,17.2,13.8,75.9,0.0,0.0,0.0,10.3,35.5,1,13054,13054,13054,23181,12040,9889,9215,13002,25451,19474,16640,832,8133,1,1,1298,15883,1.0,12:53,2017,2018
2017-18,203200,Justin Holiday,Justin,1610612741,CHI,Chicago Bulls,21700014,2017-10-19T00:00:00,CHI @ TOR,L,47.8,2.7,4.1,0.0,0.0,16.4,9.6,8.2,38.4,1.4,1.4,0.0,4.1,38.1,1,13054,13054,13054,15125,11020,6340,9215,19152,14183,10886,10441,17587,7302,18298,1,9955,14419,1.0,34:53,2017,2018
2017-18,1628374,Lauri Markkanen,Lauri,1610612741,CHI,Chicago Bulls,21700014,2017-10-19T00:00:00,CHI @ TOR,L,47.8,7.1,2.9,4.3,5.7,21.4,10.0,8.6,40.0,1.4,0.0,2.9,7.1,38.0,1,13054,13054,13054,15123,3729,8663,5517,14647,19152,11296,10852,16092,7016,1,10444,3982,14446,1.0,33:27,2017,2018
2017-18,1627835,Paul Zipser,Paul,1610612741,CHI,Chicago Bulls,21700014,2017-10-19T00:00:00,CHI @ TOR,L,51.3,0.0,0.0,0.0,12.8,31.9,17.0,8.5,55.3,0.0,2.1,8.5,4.3,37.2,1,13054,13054,13054,4829,12040,9889,9215,6605,24188,19280,10780,5849,8133,21397,23188,9564,14909,1.0,24:07,2017,2018
2017-18,1627770,Kay Felder,Kay,1610612741,CHI,Chicago Bulls,21700014,2017-10-19T00:00:00,CHI @ TOR,L,43.1,0.0,0.0,0.0,11.1,25.0,5.6,11.1,50.0,0.0,2.8,2.8,8.3,37.2,1,13054,13054,13054,24483,12040,9889,9215,8104,21516,5985,13691,8649,8133,22940,10147,2659,14912,1.0,15:31,2017,2018
2017-18,202347,Quincy Pondexter,Quincy,1610612741,CHI,Chicago Bulls,21700014,2017-10-19T00:00:00,CHI @ TOR,L,41.1,13.8,0.0,6.9,20.7,20.7,6.9,6.9,48.3,0.0,0.0,10.3,0.0,53.1,1,13054,13054,13054,25384,590,9889,2689,2040,18582,7454,8802,10272,8133,1,24338,18674,6550,1.0,11:55,2017,2018
2017-18,1627853,Ryan Arcidiacono,Ryan,1610612741,CHI,Chicago Bulls,21700014,2017-10-19T00:00:00,CHI @ TOR,L,44.3,0.0,0.0,0.0,0.0,16.7,0.0,16.7,50.0,0.0,0.0,8.3,0.0,12.5,1,13054,13054,13054,23325,12040,9889,9215,19152,14231,1,19132,8649,8133,1,22938,18674,24296,1.0,5:19,2017,2018
2017-18,1626245,Cristiano Felicio,Cristiano,1610612741,CHI,Chicago Bulls,21700014,2017-10-19T00:00:00,CHI @ TOR,L,46.5,5.7,0.0,0.0,11.4,40.0,14.3,17.1,62.9,0.0,0.0,11.4,0.0,9.7,1,13054,13054,13054,19057,5519,9889,9215,7823,25296,16398,19695,2839,8133,1,24802,18674,24679,1.0,16:16,2017,2018
2017-18,1628469,Antonio Blakeney,Antonio,1610612741,CHI,Chicago Bulls,21700014,2017-10-19T00:00:00,CHI @ TOR,L,41.1,0.0,0.0,0.0,0.0,0.0,0.0,0.0,66.7,0.0,0.0,0.0,0.0,66.7,1,13054,13054,13054,25372,12040,9889,9215,19152,1,1,1,1745,8133,1,1,18674,2403,1.0,1:14,2017,2018
2017-18,1626170,Jerian Grant,Jerian,1610612741,CHI,Chicago Bulls,21700014,2017-10-19T00:00:00,CHI @ TOR,L,50.3,5.6,0.0,3.7,7.4,29.6,18.5,7.4,48.1,0.0,0.0,1.9,1.9,44.3,1,13054,13054,13054,7199,5733,9889,6401,12395,23607,20557,9414,10381,8133,1,7353,16575,10871,1.0,27:10,2017,2018
2017-18,201577,Robin Lopez,Robin,1610612741,CHI,Chicago Bulls,21700014,2017-10-19T00:00:00,CHI @ TOR,L,48.1,3.0,3.0,0.0,12.1,19.7,10.6,6.1,42.4,0.0,1.5,4.5,3.0,49.4,1,13054,13054,13054,14089,10311,8287,9215,7139,17661,12234,7784,14553,8133,19135,15874,12963,8241,1.0,31:44,2017,2018
