season,player_id,player,nickname,team_id,team,team_name,game_id,game_date,matchup,wl,min,pts_off_tov,pts_2nd_chance,pts_fb,pts_paint,opp_pts_off_tov,opp_pts_2nd_chance,opp_pts_fb,opp_pts_paint,blk,blka,pf,pfd,nba_fantasy_pts,gp_rank,w_rank,l_rank,w_pct_rank,min_rank,pts_off_tov_rank,pts_2nd_chance_rank,pts_fb_rank,pts_paint_rank,opp_pts_off_tov_rank,opp_pts_2nd_chance_rank,opp_pts_fb_rank,opp_pts_paint_rank,blk_rank,blka_rank,pf_rank,pfd_rank,nba_fantasy_pts_rank,available_flag,min_sec,season_start,season_end
2021-22,1627863,Danuel House Jr.,Danuel,1610612762,UTA,Utah Jazz,22101230,2022-04-10T00:00:00,UTA @ POR,W,45.7,5.1,0.0,11.9,6.8,22.0,6.8,6.8,27.1,0.0,1.7,1.7,6.8,26.6,1,1,1,1,20084,6276,10350,675,13521,19601,6712,8133,23487,8184,20305,7356,4421,20645,1,26:58,2021,2022
2021-22,1629638,Nickeil Alexander-Walker,Nickeil,1610612762,UTA,Utah Jazz,22101230,2022-04-10T00:00:00,UTA @ POR,W,51.5,0.0,27.3,0.0,0.0,0.0,0.0,0.0,72.7,0.0,0.0,18.2,0.0,54.5,1,1,1,1,3164,11791,85,9479,19255,1,1,1,1337,8184,1,25719,18239,6425,1,5:40,2021,2022
2021-22,203903,Jordan Clarkson,Jordan,1610612762,UTA,Utah Jazz,22101230,2022-04-10T00:00:00,UTA @ POR,W,48.5,0.0,3.4,0.0,10.2,6.8,0.0,20.3,33.9,0.0,1.7,3.4,1.7,59.7,1,1,1,1,11073,11791,7976,9479,9475,4593,1,21580,20889,8184,20305,12656,16549,4576,1,28:36,2021,2022
2021-22,1630270,Xavier Sneed,Xavier,1610612762,UTA,Utah Jazz,22101230,2022-04-10T00:00:00,UTA @ POR,W,45.6,0.0,0.0,0.0,0.0,0.0,0.0,0.0,75.0,0.0,0.0,0.0,0.0,48.8,1,1,1,1,20266,11791,10350,9479,19255,1,1,1,1073,8184,1,1,18239,9161,1,3:39,2021,2022
2021-22,201144,Mike Conley,Mike,1610612762,UTA,Utah Jazz,22101230,2022-04-10T00:00:00,UTA @ POR,W,46.5,12.7,0.0,7.3,18.2,20.0,7.3,3.6,25.5,0.0,1.8,3.6,1.8,58.0,1,1,1,1,17719,852,10350,2438,3126,17672,7259,5222,23857,8184,20748,13431,16126,5096,1,25:36,2021,2022
2021-22,1627823,Juancho Hernangomez,Juancho,1610612762,UTA,Utah Jazz,22101230,2022-04-10T00:00:00,UTA @ POR,W,49.3,3.1,9.4,4.7,12.5,20.3,6.3,18.8,43.8,0.0,3.1,3.1,4.7,57.2,1,1,1,1,8177,9643,1689,5125,7008,18201,6141,20530,14899,8184,23718,11770,8244,5382,1,31:35,2021,2022
2021-22,1629672,Eric Paschall,Eric,1610612762,UTA,Utah Jazz,22101230,2022-04-10T00:00:00,UTA @ POR,W,51.5,0.0,0.0,18.2,54.5,0.0,0.0,0.0,72.7,0.0,18.2,0.0,9.1,74.5,1,1,1,1,3164,11791,10350,134,37,1,1,1,1337,8184,26017,1,2001,1470,1,5:40,2021,2022
2021-22,202355,Hassan Whiteside,Hassan,1610612762,UTA,Utah Jazz,22101230,2022-04-10T00:00:00,UTA @ POR,W,50.7,6.9,6.9,0.0,13.8,6.9,0.0,34.5,41.4,6.9,0.0,3.4,6.9,85.9,1,1,1,1,4571,3905,3223,9479,5937,4654,1,25323,16501,439,1,12792,4254,600,1,14:43,2021,2022
2021-22,203497,Rudy Gobert,Rudy,1610612762,UTA,Utah Jazz,22101230,2022-04-10T00:00:00,UTA @ POR,W,46.3,1.6,6.3,3.1,12.5,20.3,6.3,6.3,28.1,3.1,0.0,3.1,17.2,61.1,1,1,1,1,18411,11636,3838,7651,7008,18201,6141,7521,23242,2467,1,11770,182,4109,1,29:38,2021,2022
2021-22,1630215,Jared Butler,Jared,1610612762,UTA,Utah Jazz,22101230,2022-04-10T00:00:00,UTA @ POR,W,49.8,0.0,0.0,0.0,8.9,8.9,0.0,26.7,48.9,2.2,0.0,4.4,4.4,38.0,1,1,1,1,6870,11791,10350,9479,10873,6307,1,24062,11112,4206,1,15989,8814,15012,1,22:24,2021,2022
2021-22,1626220,Royce O'Neale,Royce,1610612762,UTA,Utah Jazz,22101230,2022-04-10T00:00:00,UTA @ POR,W,48.4,0.0,8.9,0.0,0.0,23.2,7.1,21.4,35.7,0.0,0.0,1.8,1.8,12.7,1,1,1,1,11438,11791,1922,9479,19255,20506,7032,22074,20003,8184,1,7630,16235,24239,1,27:05,2021,2022
2021-22,200752,Rudy Gay,Rudy,1610612762,UTA,Utah Jazz,22101230,2022-04-10T00:00:00,UTA @ POR,W,45.0,4.9,9.8,0.0,4.9,4.9,0.0,4.9,19.5,2.4,2.4,2.4,2.4,41.0,1,1,1,1,21770,6579,1526,9479,16165,3437,1,6235,24829,3756,22256,9309,14376,13296,1,18:26,2021,2022
2021-22,203497,Rudy Gobert,Rudy,1610612762,UTA,Utah Jazz,22101210,2022-04-08T00:00:00,UTA vs. PHX,L,48.6,0.0,5.9,0.0,14.7,5.9,10.3,16.2,58.8,1.5,0.0,5.9,7.4,47.6,1,13121,13121,13121,10655,11791,4248,9479,5221,3986,10690,18493,4980,6662,1,19406,3658,9721,1,33:03,2021,2022
2021-22,1628378,Donovan Mitchell,Donovan,1610612762,UTA,Utah Jazz,22101210,2022-04-08T00:00:00,UTA vs. PHX,L,46.6,5.3,0.0,8.0,10.7,12.0,2.7,17.3,61.3,0.0,2.7,1.3,5.3,47.9,1,13121,13121,13121,17485,5906,10350,1962,8921,9446,3503,19481,4038,8184,22857,6003,6937,9598,1,34:58,2021,2022
2021-22,202711,Bojan Bogdanović,Bojan,1610612762,UTA,Utah Jazz,22101210,2022-04-08T00:00:00,UTA vs. PHX,L,47.1,2.9,2.9,8.8,8.8,8.8,2.9,19.1,67.6,0.0,1.5,4.4,2.9,52.8,1,13121,13121,13121,15809,10081,8812,1567,10968,6256,3640,20818,2159,8184,19135,15905,12717,7199,1,32:03,2021,2022
2021-22,1627863,Danuel House Jr.,Danuel,1610612762,UTA,Utah Jazz,22101210,2022-04-08T00:00:00,UTA vs. PHX,L,51.1,10.4,4.2,0.0,8.3,6.3,14.6,0.0,50.0,2.1,0.0,0.0,10.4,47.1,1,13121,13121,13121,3836,1544,6623,9479,11513,4200,15887,1,9853,4515,1,1,1347,10039,1,24:32,2021,2022
2021-22,1627823,Juancho Hernangomez,Juancho,1610612762,UTA,Utah Jazz,22101210,2022-04-08T00:00:00,UTA vs. PHX,L,56.7,8.7,0.0,8.7,17.4,0.0,30.4,0.0,43.5,0.0,0.0,0.0,0.0,40.9,1,13121,13121,13121,314,2373,10350,1622,3566,1,24748,1,15063,8184,1,1,18239,13358,1,13:02,2021,2022
2021-22,1630215,Jared Butler,Jared,1610612762,UTA,Utah Jazz,22101210,2022-04-08T00:00:00,UTA vs. PHX,L,63.7,0.0,0.0,0.0,0.0,0.0,40.0,0.0,80.0,0.0,0.0,20.0,20.0,120.0,1,13121,13121,13121,79,11791,10350,9479,19255,1,25530,1,669,8184,1,25766,80,64,1,3:11,2021,2022
2021-22,202355,Hassan Whiteside,Hassan,1610612762,UTA,Utah Jazz,22101210,2022-04-08T00:00:00,UTA vs. PHX,L,49.8,6.7,23.3,0.0,26.7,16.7,6.7,6.7,53.3,3.3,0.0,6.7,10.0,71.3,1,13121,13121,13121,6712,4114,137,9479,871,14443,6551,7941,7905,2218,1,20849,1461,1885,1,14:57,2021,2022
2021-22,1626220,Royce O'Neale,Royce,1610612762,UTA,Utah Jazz,22101210,2022-04-08T00:00:00,UTA vs. PHX,L,45.8,0.0,0.0,0.0,0.0,14.5,3.2,21.0,54.8,0.0,0.0,4.8,0.0,11.6,1,13121,13121,13121,19962,11791,10350,9479,19255,12273,3814,21886,7080,8184,1,17064,18239,24361,1,28:22,2021,2022
2021-22,201144,Mike Conley,Mike,1610612762,UTA,Utah Jazz,22101210,2022-04-08T00:00:00,UTA vs. PHX,L,48.5,0.0,0.0,0.0,2.9,5.7,10.0,15.7,57.1,1.4,0.0,5.7,4.3,44.9,1,13121,13121,13121,10840,11791,10350,9479,18785,3883,10223,18083,5647,6879,1,19144,9205,11190,1,33:59,2021,2022
2021-22,203903,Jordan Clarkson,Jordan,1610612762,UTA,Utah Jazz,22101210,2022-04-08T00:00:00,UTA vs. PHX,L,53.4,0.0,7.3,0.0,0.0,12.2,17.1,4.9,48.8,0.0,0.0,0.0,4.9,25.9,1,13121,13121,13121,1234,11791,2926,9479,19255,9654,18414,6235,11170,8184,1,1,7840,20931,1,21:53,2021,2022
2021-22,202711,Bojan Bogdanović,Bojan,1610612762,UTA,Utah Jazz,22101194,2022-04-06T00:00:00,UTA vs. OKC,W,50.5,7.8,13.7,9.8,19.6,21.6,9.8,9.8,39.2,0.0,0.0,2.0,11.8,58.8,1,1,1,1,5103,3043,623,1197,2658,19212,10112,11602,18048,8184,1,8082,806,4846,1,25:45,2021,2022
2021-22,200752,Rudy Gay,Rudy,1610612762,UTA,Utah Jazz,22101194,2022-04-06T00:00:00,UTA vs. OKC,W,48.2,0.0,5.6,0.0,0.0,18.5,20.4,5.6,29.6,3.7,0.0,1.9,1.9,59.4,1,1,1,1,11885,11791,4631,9479,19255,16481,21102,6830,22695,1856,1,7787,16009,4632,1,26:03,2021,2022
2021-22,1627863,Danuel House Jr.,Danuel,1610612762,UTA,Utah Jazz,22101194,2022-04-06T00:00:00,UTA vs. OKC,W,49.9,9.6,0.0,0.0,0.0,21.2,11.5,3.8,46.2,0.0,0.0,5.8,1.9,37.3,1,1,1,1,6533,1861,10350,9479,19255,18878,12195,5366,12980,8184,1,19284,15794,15410,1,25:57,2021,2022
2021-22,1629672,Eric Paschall,Eric,1610612762,UTA,Utah Jazz,22101194,2022-04-06T00:00:00,UTA vs. OKC,W,47.4,0.0,0.0,0.0,14.3,0.0,0.0,0.0,28.6,0.0,0.0,0.0,7.1,30.0,1,1,1,1,14958,11791,10350,9479,5449,1,1,1,22937,8184,1,1,3862,19049,1,6:38,2021,2022
2021-22,1627823,Juancho Hernangomez,Juancho,1610612762,UTA,Utah Jazz,22101194,2022-04-06T00:00:00,UTA vs. OKC,W,50.6,0.0,0.0,0.0,6.1,18.2,0.0,6.1,48.5,0.0,3.0,0.0,3.0,26.7,1,1,1,1,4852,11791,10350,9479,14462,16081,1,7349,11399,8184,23573,1,12439,20592,1,16:42,2021,2022
2021-22,1630235,Trent Forrest,Trent,1610612762,UTA,Utah Jazz,22101194,2022-04-06T00:00:00,UTA vs. OKC,W,50.8,0.0,0.0,0.0,8.3,25.0,12.5,12.5,33.3,4.2,0.0,0.0,4.2,38.3,1,1,1,1,4384,11791,10350,9479,11513,21414,13252,14634,20988,1466,1,1,9437,14825,1,12:12,2021,2022
2021-22,1630215,Jared Butler,Jared,1610612762,UTA,Utah Jazz,22101194,2022-04-06T00:00:00,UTA vs. OKC,W,48.4,3.2,0.0,3.2,6.5,16.1,9.7,3.2,41.9,0.0,0.0,1.6,1.6,61.6,1,1,1,1,11272,9438,10350,7447,13903,14030,9927,4930,16184,8184,1,7104,16840,3960,1,30:01,2021,2022
2021-22,203903,Jordan Clarkson,Jordan,1610612762,UTA,Utah Jazz,22101194,2022-04-06T00:00:00,UTA vs. OKC,W,50.5,0.0,5.2,5.2,10.3,12.1,15.5,5.2,31.0,0.0,0.0,1.7,0.0,53.8,1,1,1,1,4981,11791,5117,4450,9270,9524,16923,6516,22176,8184,1,7447,18239,6746,1,29:19,2021,2022
2021-22,203497,Rudy Gobert,Rudy,1610612762,UTA,Utah Jazz,22101194,2022-04-06T00:00:00,UTA vs. OKC,W,49.3,0.0,3.8,3.8,34.0,15.1,7.5,3.8,37.7,3.8,0.0,3.8,9.4,80.2,1,1,1,1,8209,11791,7321,6571,290,12925,7567,5321,18913,1821,1,13853,1857,929,1,26:09,2021,2022
2021-22,202355,Hassan Whiteside,Hassan,1610612762,UTA,Utah Jazz,22101194,2022-04-06T00:00:00,UTA vs. OKC,W,48.0,0.0,22.2,0.0,27.8,22.2,19.4,8.3,33.3,13.9,0.0,8.3,11.1,124.2,1,1,1,1,12895,11791,155,9479,764,19667,20397,9747,20988,66,1,22936,987,58,1,17:16,2021,2022
2021-22,1629638,Nickeil Alexander-Walker,Nickeil,1610612762,UTA,Utah Jazz,22101194,2022-04-06T00:00:00,UTA vs. OKC,W,50.5,0.0,10.7,0.0,7.1,10.7,14.3,0.0,28.6,0.0,0.0,0.0,3.6,66.4,1,1,1,1,5141,11791,1204,9479,13021,8077,15378,1,22937,8184,1,1,10965,2775,1,14:08,2021,2022
2021-22,202328,Greg Monroe,Greg,1610612762,UTA,Utah Jazz,22101194,2022-04-06T00:00:00,UTA vs. OKC,W,57.3,25.0,25.0,0.0,50.0,0.0,0.0,0.0,50.0,0.0,0.0,12.5,0.0,95.0,1,1,1,1,265,82,96,9479,41,1,1,1,9853,8184,1,24996,18239,325,1,4:35,2021,2022
2021-22,1630270,Xavier Sneed,Xavier,1610612762,UTA,Utah Jazz,22101194,2022-04-06T00:00:00,UTA vs. OKC,W,52.5,0.0,0.0,0.0,0.0,0.0,0.0,0.0,40.0,0.0,0.0,0.0,0.0,0.0,1,1,1,1,1922,11791,10350,9479,19255,1,1,1,17110,8184,1,1,18239,25086,1,5:15,2021,2022
2021-22,1627863,Danuel House Jr.,Danuel,1610612762,UTA,Utah Jazz,22101187,2022-04-05T00:00:00,UTA vs. MEM,W,45.8,0.0,0.0,9.5,3.2,12.7,9.5,12.7,31.7,3.2,0.0,4.8,1.6,30.3,1,1,1,1,19706,11791,10350,1281,18308,10240,9740,15003,21933,2432,1,16783,16915,18969,1,28:53,2021,2022
2021-22,203903,Jordan Clarkson,Jordan,1610612762,UTA,Utah Jazz,22101187,2022-04-05T00:00:00,UTA vs. MEM,W,45.6,2.9,0.0,7.4,11.8,11.8,5.9,13.2,29.4,0.0,0.0,0.0,4.4,55.1,1,1,1,1,20420,10081,10350,2388,7753,9164,5789,15579,22776,8184,1,1,8894,6198,1,30:59,2021,2022
2021-22,202355,Hassan Whiteside,Hassan,1610612762,UTA,Utah Jazz,22101187,2022-04-05T00:00:00,UTA vs. MEM,W,46.8,5.0,15.0,5.0,35.0,5.0,10.0,12.5,25.0,10.0,0.0,7.5,7.5,95.0,1,1,1,1,16914,6336,479,4639,245,3484,10223,14634,23882,134,1,22141,3488,325,1,18:43,2021,2022
2021-22,203497,Rudy Gobert,Rudy,1610612762,UTA,Utah Jazz,22101187,2022-04-05T00:00:00,UTA vs. MEM,W,44.5,5.2,9.1,2.6,13.0,15.6,10.4,13.0,39.0,1.3,2.6,6.5,14.3,65.2,1,1,1,1,22566,6091,1777,8800,6658,13484,10799,15324,18204,7575,22684,20667,341,3035,1,34:17,2021,2022
2021-22,201144,Mike Conley,Mike,1610612762,UTA,Utah Jazz,22101187,2022-04-05T00:00:00,UTA vs. MEM,W,44.2,0.0,0.0,3.9,7.9,15.8,10.5,13.2,36.8,0.0,1.3,2.6,3.9,39.7,1,1,1,1,23083,11791,10350,6306,12157,13665,10893,15476,19418,8184,18158,9953,10078,14084,1,33:34,2021,2022
2021-22,1626220,Royce O'Neale,Royce,1610612762,UTA,Utah Jazz,22101187,2022-04-05T00:00:00,UTA vs. MEM,W,44.8,5.6,0.0,0.0,3.7,11.1,14.8,13.0,40.7,0.0,0.0,1.9,1.9,21.1,1,1,1,1,22000,5518,10350,9479,17559,8424,16133,15283,16887,8184,1,7787,16009,22486,1,24:13,2021,2022
2021-22,200752,Rudy Gay,Rudy,1610612762,UTA,Utah Jazz,22101187,2022-04-05T00:00:00,UTA vs. MEM,W,43.6,0.0,0.0,0.0,6.9,20.7,0.0,13.8,34.5,3.4,0.0,0.0,0.0,21.4,1,1,1,1,23771,11791,10350,9479,13334,18516,1,16143,20593,2104,1,1,18239,22407,1,12:39,2021,2022
2021-22,202711,Bojan Bogdanović,Bojan,1610612762,UTA,Utah Jazz,22101187,2022-04-05T00:00:00,UTA vs. MEM,W,46.3,3.4,3.4,0.0,2.3,9.2,11.5,12.6,32.2,0.0,2.3,4.6,2.3,32.0,1,1,1,1,18491,9015,7856,9479,19240,6616,12191,14952,21770,8184,22002,16454,14802,18225,1,40:15,2021,2022
2021-22,1628378,Donovan Mitchell,Donovan,1610612762,UTA,Utah Jazz,22101187,2022-04-05T00:00:00,UTA vs. MEM,W,46.6,0.0,0.0,2.2,11.2,9.0,13.5,12.4,36.0,0.0,2.2,3.4,5.6,45.3,1,1,1,1,17638,11791,10350,9243,8358,6424,14636,14625,19910,8184,21894,12645,6428,10971,1,41:27,2021,2022
2021-22,202355,Hassan Whiteside,Hassan,1610612762,UTA,Utah Jazz,22101165,2022-04-02T00:00:00,UTA @ GSW,L,49.8,0.0,0.0,0.0,9.5,9.5,19.0,9.5,66.7,4.8,4.8,0.0,9.5,35.2,1,13121,13121,13121,6697,11791,10350,9479,10112,6887,20071,11207,2209,1089,25161,1,1787,16477,1,10:28,2021,2022
2021-22,1627863,Danuel House Jr.,Danuel,1610612762,UTA,Utah Jazz,22101165,2022-04-02T00:00:00,UTA @ GSW,L,54.4,0.0,0.0,0.0,0.0,9.1,18.2,6.1,30.3,3.0,6.1,3.0,0.0,22.4,1,13121,13121,13121,727,11791,10350,9479,19255,6428,19306,7349,22456,2630,25578,11444,18239,22087,1,17:58,2021,2022
2021-22,203497,Rudy Gobert,Rudy,1610612762,UTA,Utah Jazz,22101165,2022-04-02T00:00:00,UTA @ GSW,L,50.7,2.7,6.8,0.0,13.5,23.0,12.2,13.5,18.9,0.0,1.4,4.1,12.2,58.8,1,13121,13121,13121,4620,10684,3386,9479,6203,20342,12997,15879,24872,8184,18376,14789,717,4858,1,37:32,2021,2022
2021-22,1628378,Donovan Mitchell,Donovan,1610612762,UTA,Utah Jazz,22101165,2022-04-02T00:00:00,UTA @ GSW,L,49.6,10.6,3.0,3.0,12.1,24.2,10.6,15.2,27.3,0.0,0.0,3.0,6.1,59.2,1,13121,13121,13121,7398,1466,8629,7826,7455,21131,11053,17512,23426,8184,1,11444,5554,4697,1,32:44,2021,2022
2021-22,1627823,Juancho Hernangomez,Juancho,1610612762,UTA,Utah Jazz,22101165,2022-04-02T00:00:00,UTA @ GSW,L,55.3,0.0,6.7,0.0,6.7,10.0,20.0,6.7,33.3,0.0,0.0,0.0,0.0,43.7,1,13121,13121,13121,512,11791,3404,9479,13615,7287,20659,7941,20988,8184,1,1,18239,11850,1,16:35,2021,2022
2021-22,1626220,Royce O'Neale,Royce,1610612762,UTA,Utah Jazz,22101165,2022-04-02T00:00:00,UTA @ GSW,L,49.2,0.0,0.0,0.0,0.0,26.2,11.5,16.4,29.5,0.0,0.0,3.3,1.6,10.2,1,13121,13121,13121,8532,11791,10350,9479,19255,22241,12158,18671,22761,8184,1,12338,16742,24541,1,30:02,2021,2022
2021-22,202711,Bojan Bogdanović,Bojan,1610612762,UTA,Utah Jazz,22101165,2022-04-02T00:00:00,UTA @ GSW,L,49.1,6.3,3.1,3.1,12.5,25.0,10.9,15.6,28.1,0.0,0.0,4.7,4.7,43.1,1,13121,13121,13121,9019,4600,8438,7651,7008,21414,11456,17982,23242,8184,1,16657,8244,12156,1,31:25,2021,2022
2021-22,201144,Mike Conley,Mike,1610612762,UTA,Utah Jazz,22101165,2022-04-02T00:00:00,UTA @ GSW,L,51.0,4.3,4.3,0.0,11.4,15.7,12.9,10.0,22.9,0.0,1.4,4.3,2.9,67.1,1,13121,13121,13121,4049,7523,6460,9479,8127,13631,13831,11717,24377,8184,18872,15528,13011,2619,1,35:42,2021,2022
2021-22,203903,Jordan Clarkson,Jordan,1610612762,UTA,Utah Jazz,22101165,2022-04-02T00:00:00,UTA @ GSW,L,50.1,3.6,0.0,5.5,10.9,20.0,18.2,12.7,40.0,0.0,1.8,5.5,1.8,33.8,1,13121,13121,13121,5952,8688,10350,4135,8675,17672,19306,15040,17110,8184,20748,18568,16126,17212,1,27:34,2021,2022
2021-22,203903,Jordan Clarkson,Jordan,1610612762,UTA,Utah Jazz,22101150,2022-03-31T00:00:00,UTA vs. LAL,W,47.9,8.2,4.9,4.9,13.1,13.1,21.3,3.3,59.0,0.0,1.6,0.0,0.0,43.8,1,1,1,1,13138,2785,5473,4795,6535,10684,21661,4968,4943,8184,20069,1,18239,11792,1,29:13,2021,2022
2021-22,1629638,Nickeil Alexander-Walker,Nickeil,1610612762,UTA,Utah Jazz,22101150,2022-03-31T00:00:00,UTA vs. LAL,W,53.3,0.0,0.0,0.0,0.0,75.0,0.0,0.0,50.0,0.0,0.0,0.0,0.0,50.0,1,1,1,1,1247,11791,10350,9479,19255,25930,1,1,9853,8184,1,1,18239,8447,1,2:08,2021,2022
2021-22,1627863,Danuel House Jr.,Danuel,1610612762,UTA,Utah Jazz,22101150,2022-03-31T00:00:00,UTA vs. LAL,W,47.3,4.5,0.0,4.5,4.5,25.0,13.6,4.5,50.0,0.0,0.0,6.8,0.0,33.9,1,1,1,1,15071,7040,10350,5305,16555,21414,14765,5950,9853,8184,1,21216,18239,17189,1,20:50,2021,2022
2021-22,203497,Rudy Gobert,Rudy,1610612762,UTA,Utah Jazz,22101150,2022-03-31T00:00:00,UTA vs. LAL,W,50.1,0.0,5.6,0.0,25.0,18.1,13.9,2.8,50.0,2.8,2.8,4.2,11.1,72.8,1,1,1,1,5967,11791,4631,9479,1083,16045,15070,4601,9853,3083,23073,15063,987,1685,1,36:05,2021,2022
2021-22,202328,Greg Monroe,Greg,1610612762,UTA,Utah Jazz,22101150,2022-03-31T00:00:00,UTA vs. LAL,W,49.7,0.0,16.7,0.0,8.3,12.5,37.5,0.0,75.0,0.0,0.0,8.3,12.5,49.2,1,1,1,1,7235,11791,344,9479,11513,9860,25417,1,1073,8184,1,22936,579,8946,1,11:55,2021,2022
2021-22,1628378,Donovan Mitchell,Donovan,1610612762,UTA,Utah Jazz,22101150,2022-03-31T00:00:00,UTA vs. LAL,W,49.8,7.7,0.0,9.2,15.4,10.8,23.1,0.0,52.3,0.0,0.0,0.0,4.6,65.7,1,1,1,1,6896,3125,10350,1412,4672,8147,22577,1,8647,8184,1,1,8416,2920,1,32:21,2021,2022
2021-22,1627823,Juancho Hernangomez,Juancho,1610612762,UTA,Utah Jazz,22101150,2022-03-31T00:00:00,UTA vs. LAL,W,47.3,0.0,7.3,0.0,4.9,14.6,24.4,4.9,58.5,0.0,0.0,7.3,2.4,41.7,1,1,1,1,15308,11791,2926,9479,16165,12382,23168,6235,5131,8184,1,21934,14376,12880,1,19:23,2021,2022
2021-22,1629672,Eric Paschall,Eric,1610612762,UTA,Utah Jazz,22101150,2022-03-31T00:00:00,UTA vs. LAL,W,53.3,0.0,0.0,0.0,0.0,75.0,0.0,0.0,50.0,0.0,0.0,0.0,0.0,30.0,1,1,1,1,1247,11791,10350,9479,19255,25930,1,1,9853,8184,1,1,18239,19049,1,2:08,2021,2022
2021-22,202711,Bojan Bogdanović,Bojan,1610612762,UTA,Utah Jazz,22101150,2022-03-31T00:00:00,UTA vs. LAL,W,52.2,4.7,4.7,0.0,14.0,9.3,16.3,0.0,60.5,0.0,0.0,7.0,4.7,51.4,1,1,1,1,2236,6899,5831,9479,5843,6706,17695,1,4315,8184,1,21456,8325,7839,1,22:27,2021,2022
2021-22,1626220,Royce O'Neale,Royce,1610612762,UTA,Utah Jazz,22101150,2022-03-31T00:00:00,UTA vs. LAL,W,50.1,0.0,0.0,0.0,3.4,8.6,25.9,0.0,55.2,0.0,0.0,5.2,0.0,23.1,1,1,1,1,5968,11791,10350,9479,17911,6081,23745,1,6893,8184,1,17892,18239,21869,1,29:04,2021,2022
2021-22,1630270,Xavier Sneed,Xavier,1610612762,UTA,Utah Jazz,22101150,2022-03-31T00:00:00,UTA vs. LAL,W,53.3,0.0,0.0,0.0,0.0,75.0,0.0,0.0,50.0,0.0,0.0,0.0,0.0,0.0,1,1,1,1,1247,11791,10350,9479,19255,25930,1,1,9853,8184,1,1,18239,25086,1,2:08,2021,2022
2021-22,1630215,Jared Butler,Jared,1610612762,UTA,Utah Jazz,22101150,2022-03-31T00:00:00,UTA vs. LAL,W,53.3,0.0,0.0,0.0,0.0,75.0,0.0,0.0,50.0,0.0,0.0,0.0,0.0,0.0,1,1,1,1,1247,11791,10350,9479,19255,25930,1,1,9853,8184,1,1,18239,25086,1,2:08,2021,2022
2021-22,201144,Mike Conley,Mike,1610612762,UTA,Utah Jazz,22101150,2022-03-31T00:00:00,UTA vs. LAL,W,50.3,0.0,6.7,5.0,10.0,18.3,16.7,3.3,56.7,0.0,0.0,5.0,6.7,39.0,1,1,1,1,5608,11791,3404,4639,9583,16336,17885,4995,6101,8184,1,17392,4499,14434,1,30:10,2021,2022
2021-22,1630235,Trent Forrest,Trent,1610612762,UTA,Utah Jazz,22101135,2022-03-29T00:00:00,UTA @ LAC,L,51.9,0.0,0.0,0.0,14.3,0.0,21.4,0.0,14.3,0.0,0.0,7.1,7.1,63.6,1,13121,13121,13121,2639,11791,10350,9479,5449,1,21689,1,25158,8184,1,21603,3862,3457,1,7:16,2021,2022
2021-22,203497,Rudy Gobert,Rudy,1610612762,UTA,Utah Jazz,22101135,2022-03-29T00:00:00,UTA @ LAC,L,49.9,0.0,2.6,0.0,10.4,16.9,15.6,7.8,39.0,3.9,3.9,6.5,3.9,54.2,1,13121,13121,13121,6506,11791,9586,9479,9232,14847,16995,9204,18204,1708,24633,20667,10201,6586,1,38:26,2021,2022
2021-22,1628378,Donovan Mitchell,Donovan,1610612762,UTA,Utah Jazz,22101135,2022-03-29T00:00:00,UTA @ LAC,L,49.4,5.6,4.2,2.8,27.8,23.6,13.9,8.3,47.2,0.0,0.0,2.8,13.9,57.5,1,13121,13121,13121,8072,5518,6623,8356,764,20760,15070,9747,12330,8184,1,10500,424,5269,1,35:33,2021,2022
2021-22,202328,Greg Monroe,Greg,1610612762,UTA,Utah Jazz,22101135,2022-03-29T00:00:00,UTA @ LAC,L,47.8,0.0,0.0,0.0,10.0,20.0,15.0,10.0,70.0,5.0,0.0,15.0,5.0,54.5,1,13121,13121,13121,13355,11791,10350,9479,9583,17672,16315,11717,1756,981,1,25498,7533,6449,1,9:34,2021,2022
2021-22,1626220,Royce O'Neale,Royce,1610612762,UTA,Utah Jazz,22101135,2022-03-29T00:00:00,UTA @ LAC,L,49.0,0.0,0.0,0.0,2.9,18.8,10.1,8.7,46.4,0.0,0.0,5.8,0.0,19.4,1,13121,13121,13121,9371,11791,10350,9479,18735,16814,10502,10215,12921,8184,1,19347,18239,22964,1,33:48,2021,2022
2021-22,201144,Mike Conley,Mike,1610612762,UTA,Utah Jazz,22101135,2022-03-29T00:00:00,UTA @ LAC,L,50.4,12.3,0.0,0.0,9.2,13.8,7.7,6.2,40.0,0.0,0.0,4.6,1.5,39.8,1,13121,13121,13121,5409,944,10350,9479,10508,11529,7648,7477,17110,8184,1,16466,17140,14018,1,32:44,2021,2022
2021-22,203903,Jordan Clarkson,Jordan,1610612762,UTA,Utah Jazz,22101135,2022-03-29T00:00:00,UTA @ LAC,L,49.4,0.0,0.0,0.0,11.9,19.4,22.4,9.0,56.7,0.0,0.0,1.5,7.5,40.1,1,13121,13121,13121,7934,11791,10350,9479,7662,17328,22288,10561,6079,8184,1,6626,3540,13787,1,33:07,2021,2022
2021-22,1627823,Juancho Hernangomez,Juancho,1610612762,UTA,Utah Jazz,22101135,2022-03-29T00:00:00,UTA @ LAC,L,51.9,0.0,9.3,3.7,7.4,18.5,18.5,11.1,44.4,1.9,0.0,5.6,1.9,43.0,1,13121,13121,13121,2567,11791,1746,6662,12670,16481,19666,13031,14227,5143,1,18716,16009,12236,1,28:03,2021,2022
2021-22,1629672,Eric Paschall,Eric,1610612762,UTA,Utah Jazz,22101135,2022-03-29T00:00:00,UTA @ LAC,L,55.3,0.0,0.0,0.0,20.0,20.0,80.0,0.0,40.0,0.0,10.0,0.0,0.0,32.0,1,13121,13121,13121,494,11791,10350,9479,2422,17672,25977,1,17110,8184,25899,1,18239,18183,1,5:32,2021,2022
2021-22,200752,Rudy Gay,Rudy,1610612762,UTA,Utah Jazz,22101135,2022-03-29T00:00:00,UTA @ LAC,L,45.6,0.0,0.0,0.0,5.7,11.4,5.7,11.4,45.7,0.0,0.0,5.7,2.9,44.6,1,13121,13121,13121,20404,11791,10350,9479,14977,8861,5654,13493,13391,8184,1,19144,13011,11343,1,15:57,2021,2022
2021-22,1630215,Jared Butler,Jared,1610612762,UTA,Utah Jazz,22101121,2022-03-27T00:00:00,UTA @ DAL,L,55.7,17.6,0.0,0.0,23.5,17.6,11.8,0.0,47.1,0.0,0.0,5.9,5.9,50.6,1,13121,13121,13121,435,267,10350,9479,1459,15588,12437,1,12370,8184,1,19406,5826,8238,1,9:28,2021,2022
2021-22,203903,Jordan Clarkson,Jordan,1610612762,UTA,Utah Jazz,22101121,2022-03-27T00:00:00,UTA @ DAL,L,55.3,5.7,5.7,5.7,7.5,7.5,28.3,18.9,45.3,0.0,1.9,3.8,1.9,48.3,1,13121,13121,13121,493,5427,4561,3891,12567,5191,24348,20659,13770,8184,20963,13853,15901,9396,1,29:20,2021,2022
2021-22,201144,Mike Conley,Mike,1610612762,UTA,Utah Jazz,22101121,2022-03-27T00:00:00,UTA @ DAL,L,51.9,0.0,3.9,0.0,23.5,9.8,23.5,19.6,54.9,0.0,0.0,5.9,7.8,48.0,1,13121,13121,13121,2628,11791,7072,9479,1459,7179,22788,21122,7037,8184,1,19406,3109,9522,1,26:28,2021,2022
2021-22,1626220,Royce O'Neale,Royce,1610612762,UTA,Utah Jazz,22101121,2022-03-27T00:00:00,UTA @ DAL,L,55.9,0.0,0.0,0.0,0.0,1.9,13.5,11.5,34.6,0.0,1.9,5.8,0.0,30.0,1,13121,13121,13121,393,11791,10350,9479,19255,2584,14602,13632,20552,8184,21065,19284,18239,19049,1,29:05,2021,2022
2021-22,1628378,Donovan Mitchell,Donovan,1610612762,UTA,Utah Jazz,22101121,2022-03-27T00:00:00,UTA @ DAL,L,53.9,5.1,0.0,3.4,10.2,8.5,15.3,13.6,37.3,0.0,0.0,1.7,8.5,42.4,1,13121,13121,13121,942,6276,10350,7169,9475,5963,16588,15935,19205,8184,1,7356,2521,12531,1,31:49,2021,2022
2021-22,200752,Rudy Gay,Rudy,1610612762,UTA,Utah Jazz,22101121,2022-03-27T00:00:00,UTA @ DAL,L,57.8,5.0,10.0,5.0,25.0,7.5,12.5,7.5,35.0,0.0,0.0,10.0,0.0,76.5,1,13121,13121,13121,226,6336,1409,4639,1083,5160,13252,8884,20353,8184,1,24116,18239,1245,1,23:08,2021,2022
2021-22,1627823,Juancho Hernangomez,Juancho,1610612762,UTA,Utah Jazz,22101121,2022-03-27T00:00:00,UTA @ DAL,L,52.1,0.0,3.6,3.6,7.1,10.7,17.9,17.9,50.0,0.0,0.0,3.6,1.8,40.7,1,13121,13121,13121,2320,11791,7661,6873,13021,8077,19102,19845,9853,8184,1,13156,16235,13453,1,29:12,2021,2022
2021-22,1629672,Eric Paschall,Eric,1610612762,UTA,Utah Jazz,22101121,2022-03-27T00:00:00,UTA @ DAL,L,52.0,4.0,0.0,0.0,8.0,10.0,24.0,20.0,48.0,0.0,0.0,6.0,0.0,31.4,1,13121,13121,13121,2494,8010,10350,9479,11960,7287,23000,21222,11734,8184,1,19750,18239,18490,1,26:00,2021,2022
2021-22,1630235,Trent Forrest,Trent,1610612762,UTA,Utah Jazz,22101121,2022-03-27T00:00:00,UTA @ DAL,L,54.0,15.8,5.3,0.0,26.3,5.3,26.3,15.8,31.6,0.0,0.0,2.6,2.6,42.9,1,13121,13121,13121,894,392,4981,9479,937,3621,23860,18117,21959,8184,1,9953,13758,12265,1,20:32,2021,2022
2021-22,1629638,Nickeil Alexander-Walker,Nickeil,1610612762,UTA,Utah Jazz,22101121,2022-03-27T00:00:00,UTA @ DAL,L,56.4,0.0,0.0,0.0,0.0,18.8,18.8,12.5,50.0,6.3,0.0,0.0,0.0,18.8,1,13121,13121,13121,352,11791,10350,9479,19255,16677,19822,14634,9853,568,1,1,18239,23078,1,9:01,2021,2022
2021-22,1630270,Xavier Sneed,Xavier,1610612762,UTA,Utah Jazz,22101121,2022-03-27T00:00:00,UTA @ DAL,L,54.1,0.0,0.0,18.2,18.2,27.3,0.0,0.0,36.4,0.0,0.0,0.0,0.0,18.2,1,13121,13121,13121,873,11791,10350,134,3126,22694,1,1,19568,8184,1,1,18239,23203,1,5:57,2021,2022
2021-22,200752,Rudy Gay,Rudy,1610612762,UTA,Utah Jazz,22101100,2022-03-25T00:00:00,UTA @ CHA,L,50.1,0.0,0.0,0.0,0.0,11.5,19.2,23.1,61.5,0.0,0.0,7.7,0.0,26.5,1,13121,13121,13121,6023,11791,10350,9479,19255,8981,20216,22837,3890,8184,1,22285,18239,20668,1,13:02,2021,2022
2021-22,1628378,Donovan Mitchell,Donovan,1610612762,UTA,Utah Jazz,22101100,2022-03-25T00:00:00,UTA @ CHA,L,52.3,2.9,4.4,2.9,14.7,7.4,20.6,16.2,52.9,0.0,0.0,2.9,5.9,54.6,1,13121,13121,13121,2113,10081,6247,7999,5221,5033,21238,18493,8210,8184,1,11118,5826,6422,1,35:35,2021,2022
2021-22,1630235,Trent Forrest,Trent,1610612762,UTA,Utah Jazz,22101100,2022-03-25T00:00:00,UTA @ CHA,L,51.7,0.0,0.0,0.0,0.0,8.3,16.7,25.0,66.7,0.0,0.0,0.0,0.0,31.3,1,13121,13121,13121,2845,11791,10350,9479,19255,5765,17885,23456,2209,8184,1,1,18239,18551,1,12:25,2021,2022
2021-22,1629672,Eric Paschall,Eric,1610612762,UTA,Utah Jazz,22101100,2022-03-25T00:00:00,UTA @ CHA,L,49.7,19.0,0.0,9.5,28.6,0.0,14.3,19.0,66.7,0.0,0.0,0.0,9.5,73.3,1,13121,13121,13121,7155,203,10350,1281,623,1,15378,20750,2209,8184,1,1,1787,1595,1,10:26,2021,2022
2021-22,1627823,Juancho Hernangomez,Juancho,1610612762,UTA,Utah Jazz,22101100,2022-03-25T00:00:00,UTA @ CHA,L,54.9,3.9,0.0,0.0,3.9,3.9,25.5,17.6,54.9,0.0,2.0,2.0,2.0,40.2,1,13121,13121,13121,585,8189,10350,9479,17270,3041,23620,19678,7037,8184,21178,8082,15689,13754,1,28:00,2021,2022
2021-22,203497,Rudy Gobert,Rudy,1610612762,UTA,Utah Jazz,22101100,2022-03-25T00:00:00,UTA @ CHA,L,52.7,0.0,2.8,0.0,14.1,9.9,21.1,18.3,53.5,1.4,1.4,5.6,7.0,52.5,1,13121,13121,13121,1715,11791,9109,9479,5727,7251,21559,20249,7871,7000,18748,19008,4068,7306,1,37:26,2021,2022
2021-22,1626220,Royce O'Neale,Royce,1610612762,UTA,Utah Jazz,22101100,2022-03-25T00:00:00,UTA @ CHA,L,52.9,4.5,0.0,0.0,0.0,7.5,20.9,16.4,53.7,0.0,0.0,6.0,3.0,21.5,1,13121,13121,13121,1569,7195,10350,9479,19255,5143,21429,18705,7746,8184,1,19685,12623,22373,1,35:26,2021,2022
2021-22,201144,Mike Conley,Mike,1610612762,UTA,Utah Jazz,22101100,2022-03-25T00:00:00,UTA @ CHA,L,51.4,0.0,0.0,0.0,3.2,6.3,19.0,20.6,50.8,0.0,0.0,1.6,0.0,48.3,1,13121,13121,13121,3375,11791,10350,9479,18308,4298,20071,21733,9657,8184,1,7005,18239,9417,1,32:22,2021,2022
2021-22,203903,Jordan Clarkson,Jordan,1610612762,UTA,Utah Jazz,22101100,2022-03-25T00:00:00,UTA @ CHA,L,51.9,8.8,2.9,8.8,14.7,10.3,14.7,17.6,64.7,1.5,1.5,2.9,4.4,45.0,1,13121,13121,13121,2582,2295,8812,1567,5221,7669,15999,19678,3005,6662,19135,11118,8894,11071,1,35:19,2021,2022
2021-22,203903,Jordan Clarkson,Jordan,1610612762,UTA,Utah Jazz,22101087,2022-03-23T00:00:00,UTA @ BOS,L,50.1,0.0,3.8,0.0,11.3,34.0,9.4,9.4,67.9,0.0,1.9,3.8,5.7,29.8,1,13121,13121,13121,6030,11791,7321,9479,8249,24580,9694,11142,2100,8184,20963,13853,6319,19247,1,26:33,2021,2022
2021-22,1630270,Xavier Sneed,Xavier,1610612762,UTA,Utah Jazz,22101087,2022-03-23T00:00:00,UTA @ BOS,L,45.0,0.0,0.0,0.0,0.0,0.0,66.7,0.0,133.3,0.0,0.0,0.0,0.0,20.0,1,13121,13121,13121,21661,11791,10350,9479,19255,1,25922,1,42,8184,1,1,18239,22749,1,2:42,2021,2022
2021-22,203497,Rudy Gobert,Rudy,1610612762,UTA,Utah Jazz,22101087,2022-03-23T00:00:00,UTA @ BOS,L,51.6,0.0,11.9,0.0,13.6,16.9,3.4,18.6,33.9,0.0,0.0,1.7,10.2,52.0,1,13121,13121,13121,3106,11791,911,9479,6148,14924,3893,20498,20889,8184,1,7356,1432,7524,1,30:25,2021,2022
2021-22,1629672,Eric Paschall,Eric,1610612762,UTA,Utah Jazz,22101087,2022-03-23T00:00:00,UTA @ BOS,L,51.5,6.3,0.0,6.3,16.7,18.8,22.9,10.4,62.5,0.0,4.2,0.0,4.2,29.2,1,13121,13121,13121,3196,4600,10350,3234,3897,16677,22541,12306,3616,8184,24820,1,9437,19558,1,24:43,2021,2022
2021-22,201144,Mike Conley,Mike,1610612762,UTA,Utah Jazz,22101087,2022-03-23T00:00:00,UTA @ BOS,L,52.1,0.0,3.7,0.0,11.1,18.5,3.7,20.4,33.3,0.0,3.7,1.9,0.0,35.7,1,13121,13121,13121,2379,11791,7430,9479,8363,16481,4080,21597,20988,8184,24414,7787,18239,16202,1,28:08,2021,2022
2021-22,1629638,Nickeil Alexander-Walker,Nickeil,1610612762,UTA,Utah Jazz,22101087,2022-03-23T00:00:00,UTA @ BOS,L,47.8,0.0,0.0,0.0,0.0,30.0,70.0,0.0,100.0,0.0,0.0,10.0,0.0,35.0,1,13121,13121,13121,13355,11791,10350,9479,19255,23667,25952,1,155,8184,1,24116,18239,16569,1,4:47,2021,2022
2021-22,1630215,Jared Butler,Jared,1610612762,UTA,Utah Jazz,22101087,2022-03-23T00:00:00,UTA @ BOS,L,47.8,0.0,0.0,0.0,20.0,30.0,70.0,0.0,100.0,0.0,0.0,10.0,0.0,47.0,1,13121,13121,13121,13355,11791,10350,9479,2422,23667,25952,1,155,8184,1,24116,18239,10076,1,4:47,2021,2022
2021-22,1626220,Royce O'Neale,Royce,1610612762,UTA,Utah Jazz,22101087,2022-03-23T00:00:00,UTA @ BOS,L,49.9,4.8,0.0,4.8,0.0,17.7,11.3,11.3,61.3,0.0,0.0,3.2,0.0,28.7,1,13121,13121,13121,6498,6673,10350,4945,19255,15722,11925,13373,4053,8184,1,12152,18239,19750,1,30:57,2021,2022
2021-22,1628378,Donovan Mitchell,Donovan,1610612762,UTA,Utah Jazz,22101087,2022-03-23T00:00:00,UTA @ BOS,L,51.0,5.9,4.4,0.0,20.6,20.6,10.3,14.7,58.8,0.0,1.5,2.9,10.3,73.1,1,13121,13121,13121,3993,5069,6247,9479,2281,18427,10690,17068,4980,8184,19135,11118,1396,1641,1,34:42,2021,2022
2021-22,200752,Rudy Gay,Rudy,1610612762,UTA,Utah Jazz,22101087,2022-03-23T00:00:00,UTA @ BOS,L,52.2,0.0,0.0,0.0,0.0,32.3,9.7,19.4,38.7,0.0,3.2,0.0,0.0,8.4,1,13121,13121,13121,2242,11791,10350,9479,19255,24240,9927,20955,18353,8184,23880,1,18239,24724,1,16:11,2021,2022
2021-22,202355,Hassan Whiteside,Hassan,1610612762,UTA,Utah Jazz,22101087,2022-03-23T00:00:00,UTA @ BOS,L,48.0,0.0,9.7,0.0,12.9,45.2,25.8,6.5,90.3,3.2,3.2,6.5,6.5,45.2,1,13121,13121,13121,12718,11791,1560,9479,6697,25537,23722,7750,370,2348,23880,20551,4908,11026,1,14:53,2021,2022
2021-22,1627823,Juancho Hernangomez,Juancho,1610612762,UTA,Utah Jazz,22101087,2022-03-23T00:00:00,UTA @ BOS,L,47.8,0.0,0.0,0.0,0.0,30.0,70.0,0.0,100.0,0.0,0.0,0.0,0.0,0.0,1,13121,13121,13121,13355,11791,10350,9479,19255,23667,25952,1,155,8184,1,1,18239,25086,1,4:47,2021,2022
2021-22,1630235,Trent Forrest,Trent,1610612762,UTA,Utah Jazz,22101087,2022-03-23T00:00:00,UTA @ BOS,L,51.3,0.0,0.0,0.0,0.0,46.9,0.0,25.0,62.5,0.0,6.3,6.3,0.0,13.1,1,13121,13121,13121,3497,11791,10350,9479,19255,25601,1,23456,3616,8184,25611,20153,18239,24180,1,16:25,2021,2022
2021-22,201144,Mike Conley,Mike,1610612762,UTA,Utah Jazz,22101075,2022-03-21T00:00:00,UTA @ BKN,L,50.7,3.1,0.0,3.1,12.3,16.9,16.9,7.7,61.5,0.0,1.5,0.0,3.1,55.2,1,13121,13121,13121,4678,9768,10350,7758,7303,14894,18286,9028,3890,8184,19543,1,12357,6165,1,32:57,2021,2022
2021-22,1630235,Trent Forrest,Trent,1610612762,UTA,Utah Jazz,22101075,2022-03-21T00:00:00,UTA @ BKN,L,46.4,3.3,0.0,0.0,6.7,23.3,16.7,10.0,33.3,6.7,0.0,0.0,6.7,71.3,1,13121,13121,13121,18012,9255,10350,9479,13615,20559,17885,11717,20988,476,1,1,4499,1885,1,13:56,2021,2022
2021-22,1630215,Jared Butler,Jared,1610612762,UTA,Utah Jazz,22101075,2022-03-21T00:00:00,UTA @ BKN,L,49.7,0.0,15.4,0.0,0.0,0.0,23.1,0.0,46.2,0.0,0.0,7.7,0.0,72.3,1,13121,13121,13121,6970,11791,439,9479,19255,1,22577,1,12980,8184,1,22285,18239,1735,1,6:28,2021,2022
2021-22,1626220,Royce O'Neale,Royce,1610612762,UTA,Utah Jazz,22101075,2022-03-21T00:00:00,UTA @ BKN,L,50.6,3.1,0.0,3.1,0.0,20.3,14.1,12.5,62.5,4.7,0.0,4.7,4.7,36.1,1,13121,13121,13121,4923,9643,10350,7651,19255,18201,15295,14634,3616,1138,1,16657,8244,16029,1,32:22,2021,2022
2021-22,200752,Rudy Gay,Rudy,1610612762,UTA,Utah Jazz,22101075,2022-03-21T00:00:00,UTA @ BKN,L,48.8,5.6,5.6,0.0,5.6,5.6,19.4,0.0,50.0,0.0,0.0,2.8,0.0,36.4,1,13121,13121,13121,9846,5518,4631,9479,15212,3781,20397,1,9853,8184,1,10500,18239,15865,1,17:35,2021,2022
2021-22,203903,Jordan Clarkson,Jordan,1610612762,UTA,Utah Jazz,22101075,2022-03-21T00:00:00,UTA @ BKN,L,49.4,4.0,4.0,4.0,8.0,8.0,16.0,4.0,45.3,0.0,1.3,2.7,4.0,46.9,1,13121,13121,13121,8043,8010,6917,6170,11960,5537,17385,5478,13728,8184,18257,10135,9859,10115,1,37:03,2021,2022
2021-22,1627823,Juancho Hernangomez,Juancho,1610612762,UTA,Utah Jazz,22101075,2022-03-21T00:00:00,UTA @ BKN,L,57.2,7.1,0.0,7.1,7.1,21.4,28.6,17.9,92.9,3.6,0.0,7.1,0.0,31.8,1,13121,13121,13121,278,3638,10350,2495,13021,19040,24366,19845,329,1970,1,21603,18239,18303,1,16:01,2021,2022
2021-22,1628378,Donovan Mitchell,Donovan,1610612762,UTA,Utah Jazz,22101075,2022-03-21T00:00:00,UTA @ BKN,L,50.2,2.8,5.6,0.0,11.3,21.1,12.7,11.3,59.2,0.0,1.4,5.6,4.2,45.2,1,13121,13121,13121,5739,10392,4601,9479,8313,18857,13602,13332,4890,8184,18748,19008,9362,11004,1,35:39,2021,2022
2021-22,202355,Hassan Whiteside,Hassan,1610612762,UTA,Utah Jazz,22101075,2022-03-21T00:00:00,UTA @ BKN,L,47.1,0.0,5.4,0.0,10.8,16.2,13.5,8.1,43.2,2.7,0.0,5.4,5.4,37.8,1,13121,13121,13121,15856,11791,4834,9479,8733,14137,14640,9566,15281,3230,1,18415,6771,15110,1,17:26,2021,2022
2021-22,203497,Rudy Gobert,Rudy,1610612762,UTA,Utah Jazz,22101075,2022-03-21T00:00:00,UTA @ BKN,L,50.1,4.9,0.0,3.3,13.1,14.8,18.0,8.2,62.3,0.0,1.6,1.6,6.6,26.7,1,13121,13121,13121,5986,6532,10350,7361,6535,12539,19254,9681,3706,8184,20069,7192,4780,20588,1,30:34,2021,2022
2021-22,202355,Hassan Whiteside,Hassan,1610612762,UTA,Utah Jazz,22101067,2022-03-20T00:00:00,UTA @ NYK,W,57.4,3.8,0.0,0.0,0.0,19.2,42.3,0.0,38.5,11.5,0.0,0.0,3.8,73.1,1,1,1,1,258,8293,10350,9479,19255,17151,25653,1,18484,97,1,1,10246,1642,1,14:55,2021,2022
2021-22,1628378,Donovan Mitchell,Donovan,1610612762,UTA,Utah Jazz,22101067,2022-03-20T00:00:00,UTA @ NYK,W,55.2,7.5,10.4,4.5,11.9,14.9,23.9,9.0,26.9,0.0,1.5,3.0,6.0,81.5,1,1,1,1,530,3381,1313,5451,7662,12729,22964,10561,23549,8184,19269,11332,5764,829,1,36:59,2021,2022
2021-22,203497,Rudy Gobert,Rudy,1610612762,UTA,Utah Jazz,22101067,2022-03-20T00:00:00,UTA @ NYK,W,52.5,0.0,9.5,0.0,6.3,11.1,11.1,9.5,25.4,6.3,0.0,3.2,11.1,56.8,1,1,1,1,1916,11791,1611,9479,14089,8424,11549,11207,23868,564,1,12015,987,5532,1,33:05,2021,2022
2021-22,1626220,Royce O'Neale,Royce,1610612762,UTA,Utah Jazz,22101067,2022-03-20T00:00:00,UTA @ NYK,W,55.5,0.0,0.0,0.0,3.1,15.4,24.6,9.2,27.7,0.0,0.0,3.1,0.0,40.0,1,1,1,1,465,11791,10350,9479,18475,13168,23250,10906,23354,8184,1,11647,18239,13802,1,36:05,2021,2022
2021-22,200752,Rudy Gay,Rudy,1610612762,UTA,Utah Jazz,22101067,2022-03-20T00:00:00,UTA @ NYK,W,51.8,14.0,0.0,10.0,4.0,14.0,20.0,4.0,32.0,4.0,0.0,6.0,2.0,61.8,1,1,1,1,2751,630,10350,1112,17158,11686,20659,5478,21805,1588,1,19750,15564,3907,1,25:54,2021,2022
2021-22,203903,Jordan Clarkson,Jordan,1610612762,UTA,Utah Jazz,22101067,2022-03-20T00:00:00,UTA @ NYK,W,54.1,0.0,2.8,0.0,22.2,13.9,18.1,2.8,33.3,0.0,0.0,2.8,5.6,53.1,1,1,1,1,889,11791,9193,9479,1725,11565,19275,4601,20988,8184,1,10500,6435,7083,1,38:55,2021,2022
2021-22,1627823,Juancho Hernangomez,Juancho,1610612762,UTA,Utah Jazz,22101067,2022-03-20T00:00:00,UTA @ NYK,W,54.6,2.2,0.0,0.0,0.0,10.9,17.4,8.7,30.4,0.0,2.2,2.2,2.2,43.0,1,1,1,1,642,11447,10350,9479,19255,8262,18701,10215,22422,8184,21702,8605,15043,12193,1,25:08,2021,2022
2021-22,1630215,Jared Butler,Jared,1610612762,UTA,Utah Jazz,22101067,2022-03-20T00:00:00,UTA @ NYK,W,45.9,0.0,0.0,0.0,0.0,8.3,8.3,0.0,33.3,0.0,0.0,12.5,0.0,21.7,1,1,1,1,19564,11791,10350,9479,19255,5765,8339,1,20988,8184,1,24996,18239,22305,1,11:01,2021,2022
2021-22,1629638,Nickeil Alexander-Walker,Nickeil,1610612762,UTA,Utah Jazz,22101067,2022-03-20T00:00:00,UTA @ NYK,W,49.9,0.0,0.0,0.0,0.0,11.1,19.4,11.1,16.7,5.6,0.0,5.6,2.8,28.6,1,1,1,1,6523,11791,10350,9479,19255,8424,20397,13031,25021,764,1,18716,13275,19790,1,17:58,2021,2022
2021-22,1630270,Xavier Sneed,Xavier,1610612762,UTA,Utah Jazz,22101055,2022-03-18T00:00:00,UTA vs. LAC,W,45.1,0.0,0.0,0.0,0.0,15.0,10.0,0.0,60.0,0.0,0.0,0.0,0.0,21.0,1,1,1,1,21509,11791,10350,9479,19255,12771,10223,1,4429,8184,1,1,18239,22512,1,9:01,2021,2022
2021-22,1627823,Juancho Hernangomez,Juancho,1610612762,UTA,Utah Jazz,22101055,2022-03-18T00:00:00,UTA vs. LAC,W,47.3,0.0,5.2,5.2,0.0,31.0,10.3,13.8,31.0,5.2,0.0,3.4,0.0,52.4,1,1,1,1,15238,11791,5117,4450,19255,23964,10730,16143,22176,930,1,12792,18239,7365,1,27:26,2021,2022
2021-22,1629638,Nickeil Alexander-Walker,Nickeil,1610612762,UTA,Utah Jazz,22101055,2022-03-18T00:00:00,UTA vs. LAC,W,49.4,0.0,0.0,0.0,3.0,22.7,12.1,3.0,39.4,0.0,3.0,6.1,1.5,41.4,1,1,1,1,7964,11791,10350,9479,18550,20116,12921,4786,17907,8184,23573,19841,17236,13079,1,32:37,2021,2022
2021-22,203903,Jordan Clarkson,Jordan,1610612762,UTA,Utah Jazz,22101055,2022-03-18T00:00:00,UTA vs. LAC,W,47.5,4.9,3.3,3.3,19.7,23.0,6.6,9.8,26.2,0.0,1.6,3.3,1.6,64.1,1,1,1,1,14372,6532,8149,7361,2635,20317,6497,11631,23709,8184,20069,12338,16742,3299,1,29:00,2021,2022
2021-22,203497,Rudy Gobert,Rudy,1610612762,UTA,Utah Jazz,22101055,2022-03-18T00:00:00,UTA vs. LAC,W,46.5,12.3,15.8,3.5,28.1,29.8,7.0,14.0,21.1,1.8,3.5,0.0,7.0,74.0,1,1,1,1,17700,950,420,6983,747,23649,6962,16382,24638,5475,24242,1,4111,1514,1,26:32,2021,2022
2021-22,1626220,Royce O'Neale,Royce,1610612762,UTA,Utah Jazz,22101055,2022-03-18T00:00:00,UTA vs. LAC,W,48.8,3.7,0.0,3.7,3.7,14.8,14.8,3.7,33.3,0.0,0.0,1.9,1.9,23.3,1,1,1,1,10105,8557,10350,6662,17559,12579,16133,5270,20988,8184,1,7787,16009,21787,1,26:20,2021,2022
2021-22,201144,Mike Conley,Mike,1610612762,UTA,Utah Jazz,22101055,2022-03-18T00:00:00,UTA vs. LAC,W,47.9,4.1,6.1,0.0,4.1,30.6,8.2,16.3,16.3,0.0,0.0,6.1,6.1,44.5,1,1,1,1,13030,7871,4020,9479,17070,23868,8227,18616,25074,8184,1,20006,5478,11390,1,23:29,2021,2022
2021-22,1629672,Eric Paschall,Eric,1610612762,UTA,Utah Jazz,22101055,2022-03-18T00:00:00,UTA vs. LAC,W,45.1,4.9,4.9,0.0,24.4,7.3,14.6,0.0,43.9,2.4,4.9,2.4,7.3,67.8,1,1,1,1,21516,6579,5506,9479,1292,5003,15930,1,14780,3756,25238,9309,3698,2493,1,18:29,2021,2022
2021-22,1630215,Jared Butler,Jared,1610612762,UTA,Utah Jazz,22101055,2022-03-18T00:00:00,UTA vs. LAC,W,46.3,11.3,5.7,5.7,11.3,15.1,11.3,0.0,45.3,0.0,0.0,7.5,0.0,70.0,1,1,1,1,18521,1234,4561,3891,8249,12925,11959,1,13770,8184,1,22215,18239,2108,1,24:31,2021,2022
2021-22,200752,Rudy Gay,Rudy,1610612762,UTA,Utah Jazz,22101055,2022-03-18T00:00:00,UTA vs. LAC,W,47.0,0.0,4.2,4.2,12.5,29.2,4.2,12.5,16.7,0.0,2.1,2.1,0.0,50.6,1,1,1,1,16098,11791,6623,5890,7008,23440,4410,14634,25021,8184,21479,8384,18239,8218,1,22:35,2021,2022
2021-22,1628378,Donovan Mitchell,Donovan,1610612762,UTA,Utah Jazz,22101041,2022-03-16T00:00:00,UTA vs. CHI,W,45.9,0.0,0.0,3.2,9.5,20.6,4.8,19.0,50.8,0.0,3.2,6.3,3.2,70.0,1,1,1,1,19570,11791,10350,7549,10112,18487,4814,20750,9657,8184,23840,20423,12054,2108,1,28:55,2021,2022
2021-22,1629638,Nickeil Alexander-Walker,Nickeil,1610612762,UTA,Utah Jazz,22101041,2022-03-16T00:00:00,UTA vs. CHI,W,47.5,10.6,0.0,4.3,4.3,21.3,6.4,21.3,51.1,0.0,0.0,6.4,8.5,54.9,1,1,1,1,14592,1452,10350,5768,16869,18957,6333,22023,9486,8184,1,20469,2494,6297,1,22:19,2021,2022
2021-22,200752,Rudy Gay,Rudy,1610612762,UTA,Utah Jazz,22101041,2022-03-16T00:00:00,UTA vs. CHI,W,47.7,0.0,0.0,0.0,0.0,27.0,2.7,21.6,32.4,0.0,0.0,5.4,0.0,7.8,1,1,1,1,13828,11791,10350,9479,19255,22625,3512,22206,21651,8184,1,18415,18239,24770,1,17:39,2021,2022
2021-22,203903,Jordan Clarkson,Jordan,1610612762,UTA,Utah Jazz,22101041,2022-03-16T00:00:00,UTA vs. CHI,W,47.5,2.7,2.7,0.0,27.4,20.5,12.3,17.8,46.6,0.0,0.0,2.7,4.1,50.0,1,1,1,1,14478,10586,9273,9479,799,18408,13205,19829,12803,8184,1,10413,9643,8447,1,34:41,2021,2022
2021-22,203497,Rudy Gobert,Rudy,1610612762,UTA,Utah Jazz,22101041,2022-03-16T00:00:00,UTA vs. CHI,W,47.1,2.8,8.5,0.0,14.1,16.9,8.5,23.9,47.9,5.6,0.0,4.2,7.0,77.5,1,1,1,1,15797,10392,2179,9479,5727,14865,8552,23206,11860,762,1,15337,4068,1159,1,33:28,2021,2022
2021-22,1630215,Jared Butler,Jared,1610612762,UTA,Utah Jazz,22101041,2022-03-16T00:00:00,UTA vs. CHI,W,43.6,0.0,0.0,0.0,33.3,0.0,0.0,33.3,66.7,0.0,0.0,0.0,0.0,83.3,1,1,1,1,23778,11791,10350,9479,296,1,1,25147,2209,8184,1,1,18239,706,1,2:37,2021,2022
2021-22,1630270,Xavier Sneed,Xavier,1610612762,UTA,Utah Jazz,22101041,2022-03-16T00:00:00,UTA vs. CHI,W,46.7,0.0,0.0,0.0,0.0,0.0,0.0,40.0,80.0,0.0,0.0,0.0,0.0,0.0,1,1,1,1,17264,11791,10350,9479,19255,1,1,25606,669,8184,1,1,18239,25086,1,2:20,2021,2022
2021-22,1629672,Eric Paschall,Eric,1610612762,UTA,Utah Jazz,22101041,2022-03-16T00:00:00,UTA vs. CHI,W,46.7,0.0,0.0,0.0,0.0,0.0,0.0,40.0,80.0,0.0,0.0,0.0,0.0,0.0,1,1,1,1,17264,11791,10350,9479,19255,1,1,25606,669,8184,1,1,18239,25086,1,2:20,2021,2022
2021-22,201144,Mike Conley,Mike,1610612762,UTA,Utah Jazz,22101041,2022-03-16T00:00:00,UTA vs. CHI,W,48.2,5.3,10.5,0.0,3.5,17.5,10.5,26.3,45.6,1.8,0.0,1.8,3.5,52.5,1,1,1,1,12175,5948,1262,9479,17819,15526,10893,23983,13496,5475,1,7540,11197,7352,1,27:27,2021,2022
2021-22,1627823,Juancho Hernangomez,Juancho,1610612762,UTA,Utah Jazz,22101041,2022-03-16T00:00:00,UTA vs. CHI,W,46.7,0.0,4.1,0.0,0.0,14.3,12.2,24.5,53.1,2.0,0.0,2.0,4.1,22.4,1,1,1,1,17311,11791,6797,9479,19255,11840,13074,23385,8149,4605,1,8288,9711,22083,1,22:52,2021,2022
2021-22,1626220,Royce O'Neale,Royce,1610612762,UTA,Utah Jazz,22101041,2022-03-16T00:00:00,UTA vs. CHI,W,46.8,0.0,0.0,0.0,0.0,15.9,11.6,20.3,55.1,0.0,0.0,1.4,1.4,21.9,1,1,1,1,16851,11791,10350,9479,19255,13856,12289,21537,6965,8184,1,6464,17526,22251,1,32:18,2021,2022
2021-22,202355,Hassan Whiteside,Hassan,1610612762,UTA,Utah Jazz,22101041,2022-03-16T00:00:00,UTA vs. CHI,W,46.7,0.0,0.0,10.7,14.3,25.0,10.7,10.7,42.9,0.0,0.0,3.6,10.7,43.2,1,1,1,1,17264,11791,10350,945,5449,21414,11166,12684,15492,8184,1,13156,1218,12105,1,13:04,2021,2022
2021-22,1630215,Jared Butler,Jared,1610612762,UTA,Utah Jazz,22101027,2022-03-14T00:00:00,UTA vs. MIL,L,28.4,0.0,0.0,0.0,0.0,0.0,0.0,0.0,100.0,0.0,0.0,0.0,0.0,0.0,1,13121,13121,13121,25948,11791,10350,9479,19255,1,1,1,155,8184,1,1,18239,25086,1,0:34,2021,2022
2021-22,202355,Hassan Whiteside,Hassan,1610612762,UTA,Utah Jazz,22101027,2022-03-14T00:00:00,UTA vs. MIL,L,45.2,0.0,0.0,0.0,5.6,11.1,11.1,5.6,44.4,11.1,0.0,5.6,8.3,62.5,1,13121,13121,13121,21196,11791,10350,9479,15212,8424,11549,6830,14227,102,1,18716,2576,3704,1,16:17,2021,2022
2021-22,1627863,Danuel House Jr.,Danuel,1610612762,UTA,Utah Jazz,22101027,2022-03-14T00:00:00,UTA vs. MIL,L,46.8,0.0,0.0,0.0,0.0,13.3,13.3,13.3,66.7,0.0,0.0,0.0,0.0,28.0,1,13121,13121,13121,16964,11791,10350,9479,19255,10895,14333,15624,2209,8184,1,1,18239,20032,1,7:01,2021,2022
2021-22,1629672,Eric Paschall,Eric,1610612762,UTA,Utah Jazz,22101027,2022-03-14T00:00:00,UTA vs. MIL,L,48.6,0.0,6.3,0.0,6.3,31.3,12.5,15.6,43.8,0.0,0.0,0.0,3.1,28.4,1,13121,13121,13121,10515,11791,3838,9479,14188,24009,13252,17982,14899,8184,1,1,12148,19860,1,15:34,2021,2022
2021-22,1626220,Royce O'Neale,Royce,1610612762,UTA,Utah Jazz,22101027,2022-03-14T00:00:00,UTA vs. MIL,L,46.5,0.0,6.1,2.4,4.9,8.5,2.4,6.1,34.1,0.0,1.2,4.9,4.9,33.4,1,13121,13121,13121,17825,11791,4057,9071,16165,6023,3436,7448,20774,8184,17695,17168,7840,17436,1,38:08,2021,2022
2021-22,203497,Rudy Gobert,Rudy,1610612762,UTA,Utah Jazz,22101027,2022-03-14T00:00:00,UTA vs. MIL,L,47.3,3.0,6.0,0.0,17.9,19.4,3.0,11.9,35.8,0.0,0.0,3.0,7.5,53.4,1,13121,13121,13121,15103,9971,4211,9479,3382,17328,3678,14134,19971,8184,1,11332,3540,6904,1,31:43,2021,2022
2021-22,1628378,Donovan Mitchell,Donovan,1610612762,UTA,Utah Jazz,22101027,2022-03-14T00:00:00,UTA vs. MIL,L,46.9,12.8,4.7,3.5,9.3,12.8,7.0,8.1,39.5,0.0,0.0,3.5,2.3,54.9,1,13121,13121,13121,16528,848,5831,7065,10422,10348,6932,9629,17830,8184,1,12999,14670,6299,1,40:21,2021,2022
2021-22,201144,Mike Conley,Mike,1610612762,UTA,Utah Jazz,22101027,2022-03-14T00:00:00,UTA vs. MIL,L,47.4,13.2,0.0,2.9,11.8,16.2,2.9,11.8,29.4,0.0,0.0,5.9,2.9,69.0,1,13121,13121,13121,14722,770,10350,7999,7753,14098,3640,13848,22776,8184,1,19406,12717,2277,1,32:16,2021,2022
2021-22,203903,Jordan Clarkson,Jordan,1610612762,UTA,Utah Jazz,22101027,2022-03-14T00:00:00,UTA vs. MIL,L,47.0,0.0,0.0,4.4,2.9,20.6,5.9,7.4,41.2,0.0,1.5,4.4,0.0,19.0,1,13121,13121,13121,16389,11791,10350,5567,18686,18427,5789,8730,16633,8184,19135,15905,18239,23040,1,31:56,2021,2022
2021-22,200752,Rudy Gay,Rudy,1610612762,UTA,Utah Jazz,22101027,2022-03-14T00:00:00,UTA vs. MIL,L,45.5,0.0,0.0,0.0,0.0,22.4,0.0,12.2,36.7,0.0,2.0,10.2,4.1,21.4,1,13121,13121,13121,20475,11791,10350,9479,19255,19944,1,14464,19468,8184,21383,24335,9711,22385,1,22:19,2021,2022
2021-22,1629638,Nickeil Alexander-Walker,Nickeil,1610612762,UTA,Utah Jazz,22101027,2022-03-14T00:00:00,UTA vs. MIL,L,48.1,0.0,0.0,0.0,0.0,25.0,50.0,25.0,75.0,0.0,0.0,0.0,0.0,0.0,1,13121,13121,13121,12310,11791,10350,9479,19255,21414,25774,23456,1073,8184,1,1,18239,25086,1,3:51,2021,2022
2021-22,1627863,Danuel House Jr.,Danuel,1610612762,UTA,Utah Jazz,22101010,2022-03-12T00:00:00,UTA vs. SAC,W,46.5,1.9,5.6,1.9,0.0,9.3,3.7,9.3,40.7,1.9,0.0,1.9,1.9,25.2,1,1,1,1,17994,11544,4631,9328,19255,6680,4080,10951,16887,5143,1,7787,16009,21134,1,25:05,2021,2022
2021-22,202355,Hassan Whiteside,Hassan,1610612762,UTA,Utah Jazz,22101010,2022-03-12T00:00:00,UTA vs. SAC,W,48.7,2.8,6.9,0.0,13.9,6.9,8.3,6.9,36.1,4.2,1.4,5.6,5.6,69.0,1,1,1,1,10300,10483,3205,9479,5903,4722,8339,8324,19824,1466,18613,18716,6435,2271,1,35:04,2021,2022
2021-22,200752,Rudy Gay,Rudy,1610612762,UTA,Utah Jazz,22101010,2022-03-12T00:00:00,UTA vs. SAC,W,46.0,6.9,6.9,0.0,6.9,10.3,6.9,10.3,34.5,0.0,0.0,0.0,0.0,29.7,1,1,1,1,19181,3905,3223,9479,13334,7702,6805,12219,20593,8184,1,1,18239,19316,1,13:21,2021,2022
2021-22,1630215,Jared Butler,Jared,1610612762,UTA,Utah Jazz,22101010,2022-03-12T00:00:00,UTA vs. SAC,W,48.1,0.0,0.0,0.0,0.0,12.0,8.0,12.0,40.0,0.0,0.0,12.0,0.0,49.6,1,1,1,1,12518,11791,10350,9479,19255,9446,8010,14175,17110,8184,1,24926,18239,8740,1,12:01,2021,2022
2021-22,1626220,Royce O'Neale,Royce,1610612762,UTA,Utah Jazz,22101010,2022-03-12T00:00:00,UTA vs. SAC,W,49.2,0.0,0.0,2.8,5.6,15.3,13.9,9.7,55.6,0.0,0.0,4.2,0.0,28.5,1,1,1,1,8526,11791,10350,8356,15212,13124,15070,11511,6637,8184,1,15063,18239,19848,1,35:27,2021,2022
2021-22,202711,Bojan Bogdanović,Bojan,1610612762,UTA,Utah Jazz,22101010,2022-03-12T00:00:00,UTA vs. SAC,W,49.5,0.0,0.0,7.1,8.6,15.7,14.3,10.0,57.1,0.0,2.9,1.4,8.6,46.9,1,1,1,1,7709,11791,10350,2495,11290,13631,15378,11717,5647,8184,23236,6375,2420,10153,1,34:39,2021,2022
2021-22,1629672,Eric Paschall,Eric,1610612762,UTA,Utah Jazz,22101010,2022-03-12T00:00:00,UTA vs. SAC,W,47.9,0.0,0.0,0.0,0.0,33.3,22.2,18.5,88.9,0.0,0.0,7.4,3.7,13.7,1,1,1,1,13118,11791,10350,9479,19255,24352,22109,20400,381,8184,1,22030,10614,24073,1,12:56,2021,2022
2021-22,203903,Jordan Clarkson,Jordan,1610612762,UTA,Utah Jazz,22101010,2022-03-12T00:00:00,UTA vs. SAC,W,47.9,6.8,4.1,8.1,18.9,16.2,16.2,10.8,51.4,1.4,0.0,4.1,5.4,70.3,1,1,1,1,13018,4081,6881,1922,2906,14137,17623,12787,9300,7298,1,14789,6771,2073,1,35:28,2021,2022
2021-22,1628378,Donovan Mitchell,Donovan,1610612762,UTA,Utah Jazz,22101010,2022-03-12T00:00:00,UTA vs. SAC,W,49.3,1.4,2.7,1.4,24.7,15.1,13.7,9.6,54.8,0.0,0.0,4.1,5.5,58.9,1,1,1,1,8351,11733,9273,9430,1248,12891,14875,11344,7114,8184,1,14980,6674,4814,1,35:59,2021,2022
2021-22,1627863,Danuel House Jr.,Danuel,1610612762,UTA,Utah Jazz,22101002,2022-03-11T00:00:00,UTA @ SAS,L,47.2,1.6,0.0,4.9,0.0,14.8,8.2,9.8,42.6,1.6,0.0,4.9,1.6,37.2,1,13121,13121,13121,15714,11611,10350,4795,19255,12539,8278,11631,15718,5885,1,17282,16742,15454,1,28:46,2021,2022
2021-22,1629638,Nickeil Alexander-Walker,Nickeil,1610612762,UTA,Utah Jazz,22101002,2022-03-11T00:00:00,UTA @ SAS,L,50.3,0.0,0.0,0.0,0.0,15.4,23.1,0.0,30.8,0.0,0.0,0.0,0.0,9.2,1,13121,13121,13121,5648,11791,10350,9479,19255,13168,22577,1,22213,8184,1,1,18239,24645,1,6:32,2021,2022
2021-22,1630235,Trent Forrest,Trent,1610612762,UTA,Utah Jazz,22101002,2022-03-11T00:00:00,UTA @ SAS,L,50.1,0.0,0.0,0.0,10.3,20.5,15.4,2.6,46.2,0.0,0.0,0.0,0.0,26.2,1,13121,13121,13121,5937,11791,10350,9479,9351,18354,16658,4500,12980,8184,1,1,18239,20818,1,19:33,2021,2022
2021-22,200752,Rudy Gay,Rudy,1610612762,UTA,Utah Jazz,22101002,2022-03-11T00:00:00,UTA @ SAS,L,44.0,10.0,0.0,10.0,0.0,20.0,6.7,6.7,46.7,0.0,0.0,6.7,3.3,34.0,1,13121,13121,13121,23269,1662,10350,1112,19255,17672,6551,7941,12701,8184,1,20849,11604,17121,1,13:13,2021,2022
2021-22,201144,Mike Conley,Mike,1610612762,UTA,Utah Jazz,22101002,2022-03-11T00:00:00,UTA @ SAS,L,47.5,9.1,0.0,0.0,3.0,13.6,10.6,7.6,39.4,0.0,4.5,6.1,1.5,50.8,1,13121,13121,13121,14488,2092,10350,9479,18550,11287,11053,8979,17907,8184,25056,19841,17236,8152,1,31:21,2021,2022
2021-22,203497,Rudy Gobert,Rudy,1610612762,UTA,Utah Jazz,22101002,2022-03-11T00:00:00,UTA @ SAS,L,48.3,0.0,3.0,1.5,6.1,13.6,10.6,4.5,42.4,7.6,0.0,6.1,9.1,69.2,1,13121,13121,13121,11493,11791,8629,9401,14462,11287,11053,5950,15838,333,1,19841,2001,2242,1,31:54,2021,2022
2021-22,203903,Jordan Clarkson,Jordan,1610612762,UTA,Utah Jazz,22101002,2022-03-11T00:00:00,UTA @ SAS,L,45.3,0.0,3.8,0.0,15.1,22.6,13.2,7.5,45.3,1.9,3.8,5.7,5.7,57.7,1,13121,13121,13121,20936,11791,7321,9479,4972,20077,14237,8939,13770,5042,24513,19062,6319,5190,1,24:02,2021,2022
2021-22,202355,Hassan Whiteside,Hassan,1610612762,UTA,Utah Jazz,22101002,2022-03-11T00:00:00,UTA @ SAS,L,46.0,5.7,17.1,0.0,34.3,22.9,17.1,11.4,40.0,0.0,0.0,11.4,8.6,74.3,1,13121,13121,13121,19329,5300,329,9479,270,20220,18474,13493,17110,8184,1,24783,2420,1486,1,16:06,2021,2022
2021-22,1626220,Royce O'Neale,Royce,1610612762,UTA,Utah Jazz,22101002,2022-03-11T00:00:00,UTA @ SAS,L,48.1,0.0,0.0,0.0,2.9,15.7,15.7,7.1,40.0,1.4,0.0,5.7,1.4,28.4,1,13121,13121,13121,12333,11791,10350,9479,18785,13631,17125,8443,17110,6879,1,19144,17597,19865,1,33:41,2021,2022
2021-22,1628378,Donovan Mitchell,Donovan,1610612762,UTA,Utah Jazz,22101002,2022-03-11T00:00:00,UTA @ SAS,L,47.8,4.1,2.7,2.7,13.7,15.1,15.1,6.8,38.4,0.0,1.4,2.7,5.5,51.2,1,13121,13121,13121,13620,7827,9273,8454,6042,12891,16414,8200,18580,8184,18481,10413,6674,7906,1,34:52,2021,2022
2021-22,200752,Rudy Gay,Rudy,1610612762,UTA,Utah Jazz,22100990,2022-03-09T00:00:00,UTA vs. POR,W,51.9,6.1,0.0,0.0,0.0,6.1,18.2,24.2,24.2,3.0,0.0,6.1,3.0,41.2,1,1,1,1,2601,4878,10350,9479,19255,4101,19306,23295,24152,2630,1,19841,12439,13177,1,17:08,2021,2022
2021-22,1630235,Trent Forrest,Trent,1610612762,UTA,Utah Jazz,22100990,2022-03-09T00:00:00,UTA vs. POR,W,50.1,0.0,7.4,0.0,14.8,0.0,3.7,22.2,29.6,0.0,0.0,0.0,7.4,51.9,1,1,1,1,6105,11791,2821,9479,5114,1,4080,22452,22695,8184,1,1,3570,7614,1,13:31,2021,2022
2021-22,202355,Hassan Whiteside,Hassan,1610612762,UTA,Utah Jazz,22100990,2022-03-09T00:00:00,UTA vs. POR,W,52.2,0.0,6.5,6.5,19.4,12.9,0.0,19.4,32.3,3.2,0.0,12.9,12.9,41.3,1,1,1,1,2242,11791,3664,3062,2733,10448,1,20955,21724,2348,1,25180,524,13121,1,16:11,2021,2022
2021-22,1628378,Donovan Mitchell,Donovan,1610612762,UTA,Utah Jazz,22100990,2022-03-09T00:00:00,UTA vs. POR,W,51.0,4.2,0.0,0.0,8.3,8.3,10.4,0.0,33.3,0.0,0.0,4.2,2.1,64.2,1,1,1,1,4100,7704,10350,9479,11513,5765,10814,1,20988,8184,1,15063,15312,3279,1,24:28,2021,2022
2021-22,1627863,Danuel House Jr.,Danuel,1610612762,UTA,Utah Jazz,22100990,2022-03-09T00:00:00,UTA vs. POR,W,51.7,3.3,0.0,0.0,0.0,6.7,20.0,20.0,20.0,0.0,0.0,0.0,10.0,27.0,1,1,1,1,2947,9255,10350,9479,19255,4468,20659,21222,24732,8184,1,1,1461,20451,1,15:30,2021,2022
2021-22,201144,Mike Conley,Mike,1610612762,UTA,Utah Jazz,22100990,2022-03-09T00:00:00,UTA vs. POR,W,51.1,5.0,7.5,0.0,0.0,5.0,25.0,0.0,25.0,2.5,2.5,5.0,2.5,49.3,1,1,1,1,3822,6336,2766,9479,19255,3484,23275,1,23882,3617,22417,17392,14178,8906,1,20:27,2021,2022
2021-22,202711,Bojan Bogdanović,Bojan,1610612762,UTA,Utah Jazz,22100990,2022-03-09T00:00:00,UTA vs. POR,W,51.1,0.0,4.3,0.0,12.8,8.5,10.6,0.0,34.0,0.0,0.0,0.0,4.3,71.9,1,1,1,1,3924,11791,6500,9479,6838,5985,11089,1,20813,8184,1,1,9270,1802,1,24:00,2021,2022
2021-22,203903,Jordan Clarkson,Jordan,1610612762,UTA,Utah Jazz,22100990,2022-03-09T00:00:00,UTA vs. POR,W,52.5,6.7,0.0,0.0,13.3,6.7,20.0,10.0,20.0,0.0,3.3,3.3,10.0,49.7,1,1,1,1,1922,4114,10350,9479,6252,4468,20659,11717,24732,8184,24024,12446,1461,8709,1,15:45,2021,2022
2021-22,1626220,Royce O'Neale,Royce,1610612762,UTA,Utah Jazz,22100990,2022-03-09T00:00:00,UTA vs. POR,W,51.0,6.3,4.2,0.0,8.3,8.3,10.4,0.0,33.3,0.0,0.0,2.1,6.3,57.3,1,1,1,1,4100,4600,6623,9479,11513,5765,10814,1,20988,8184,1,8384,5168,5350,1,24:28,2021,2022
2021-22,1630215,Jared Butler,Jared,1610612762,UTA,Utah Jazz,22100990,2022-03-09T00:00:00,UTA vs. POR,W,42.7,0.0,0.0,0.0,0.0,30.4,13.0,30.4,34.8,0.0,0.0,4.3,0.0,33.5,1,1,1,1,24553,11791,10350,9479,19255,23815,14011,24876,20459,8184,1,15626,18239,17390,1,9:49,2021,2022
2021-22,203497,Rudy Gobert,Rudy,1610612762,UTA,Utah Jazz,22100990,2022-03-09T00:00:00,UTA vs. POR,W,51.7,0.0,4.7,4.7,18.6,4.7,25.6,0.0,23.3,0.0,0.0,9.3,4.7,50.0,1,1,1,1,2890,11791,5831,5175,3023,3349,23656,1,24322,8184,1,23809,8325,8447,1,22:14,2021,2022
2021-22,1629672,Eric Paschall,Eric,1610612762,UTA,Utah Jazz,22100990,2022-03-09T00:00:00,UTA vs. POR,W,42.3,0.0,0.0,0.0,0.0,26.3,15.8,36.8,31.6,0.0,0.0,10.5,5.3,34.2,1,1,1,1,24806,11791,10350,9479,19255,22250,17160,25468,21959,8184,1,24423,6992,17034,1,8:02,2021,2022
2021-22,1627823,Juancho Hernangomez,Juancho,1610612762,UTA,Utah Jazz,22100990,2022-03-09T00:00:00,UTA vs. POR,W,42.9,0.0,0.0,0.0,12.5,31.3,18.8,31.3,25.0,6.3,0.0,0.0,0.0,68.1,1,1,1,1,24367,11791,10350,9479,7008,24009,19822,24977,23882,568,1,1,18239,2444,1,6:52,2021,2022
2021-22,1629638,Nickeil Alexander-Walker,Nickeil,1610612762,UTA,Utah Jazz,22100990,2022-03-09T00:00:00,UTA vs. POR,W,44.4,0.0,0.0,0.0,0.0,25.9,11.1,37.0,29.6,3.7,0.0,7.4,0.0,48.5,1,1,1,1,22676,11791,10350,9479,19255,22100,11549,25481,22695,1856,1,22030,18239,9280,1,12:00,2021,2022
2021-22,1628962,Udoka Azubuike,Udoka,1610612762,UTA,Utah Jazz,22100990,2022-03-09T00:00:00,UTA vs. POR,W,41.7,0.0,0.0,0.0,26.1,21.7,13.0,30.4,34.8,0.0,0.0,8.7,0.0,41.7,1,1,1,1,25043,11791,10350,9479,959,19330,14011,24876,20459,8184,1,23328,18239,12853,1,9:35,2021,2022
2021-22,1627863,Danuel House Jr.,Danuel,1610612762,UTA,Utah Jazz,22100972,2022-03-07T00:00:00,UTA @ DAL,L,51.8,5.6,0.0,5.6,5.6,11.1,0.0,25.0,38.9,2.8,0.0,0.0,2.8,33.6,1,13121,13121,13121,2741,5518,10350,3971,15212,8424,1,23456,18228,3083,1,1,13275,17320,1,18:39,2021,2022
2021-22,1630235,Trent Forrest,Trent,1610612762,UTA,Utah Jazz,22100972,2022-03-07T00:00:00,UTA @ DAL,L,52.8,0.0,0.0,0.0,0.0,33.3,26.7,0.0,40.0,0.0,0.0,0.0,0.0,26.0,1,13121,13121,13121,1658,11791,10350,9479,19255,24352,23939,1,17110,8184,1,1,18239,20867,1,7:55,2021,2022
2021-22,1628378,Donovan Mitchell,Donovan,1610612762,UTA,Utah Jazz,22100972,2022-03-07T00:00:00,UTA @ DAL,L,51.5,0.0,0.0,0.0,8.8,25.0,22.1,2.9,32.4,0.0,0.0,5.9,7.4,51.9,1,13121,13121,13121,3226,11791,10350,9479,10968,21414,22080,4724,21706,8184,1,19406,3658,7585,1,35:00,2021,2022
2021-22,200752,Rudy Gay,Rudy,1610612762,UTA,Utah Jazz,22100972,2022-03-07T00:00:00,UTA @ DAL,L,49.7,0.0,7.4,0.0,7.4,7.4,0.0,33.3,37.0,0.0,3.7,0.0,3.7,64.8,1,13121,13121,13121,7124,11791,2821,9479,12670,5049,1,25147,19313,8184,24414,1,10614,3125,1,13:25,2021,2022
2021-22,203497,Rudy Gobert,Rudy,1610612762,UTA,Utah Jazz,22100972,2022-03-07T00:00:00,UTA @ DAL,L,49.5,0.0,11.6,0.0,8.7,17.4,13.0,15.9,31.9,4.3,0.0,7.2,8.7,48.7,1,13121,13121,13121,7587,11791,977,9479,11058,15333,14011,18283,21884,1331,1,21854,2321,9184,1,34:11,2021,2022
2021-22,202355,Hassan Whiteside,Hassan,1610612762,UTA,Utah Jazz,22100972,2022-03-07T00:00:00,UTA @ DAL,L,51.2,0.0,7.4,0.0,29.6,25.9,22.2,0.0,37.0,7.4,0.0,7.4,3.7,81.5,1,13121,13121,13121,3716,11791,2821,9479,555,22100,22109,1,19313,343,1,22030,10614,831,1,13:49,2021,2022
2021-22,201144,Mike Conley,Mike,1610612762,UTA,Utah Jazz,22100972,2022-03-07T00:00:00,UTA @ DAL,L,51.5,0.0,0.0,0.0,4.0,14.0,14.0,18.0,32.0,0.0,2.0,2.0,0.0,23.2,1,13121,13121,13121,3134,11791,10350,9479,17158,11686,15210,19970,21805,8184,21285,8170,18239,21827,1,25:46,2021,2022
2021-22,203903,Jordan Clarkson,Jordan,1610612762,UTA,Utah Jazz,22100972,2022-03-07T00:00:00,UTA @ DAL,L,49.7,0.0,0.0,0.0,16.7,18.3,6.7,18.3,36.7,0.0,3.3,6.7,5.0,41.0,1,13121,13121,13121,7200,11791,10350,9479,3897,16336,6551,20273,19493,8184,24024,20849,7533,13286,1,29:48,2021,2022
2021-22,1626220,Royce O'Neale,Royce,1610612762,UTA,Utah Jazz,22100972,2022-03-07T00:00:00,UTA @ DAL,L,51.5,0.0,0.0,3.3,6.7,25.0,25.0,3.3,30.0,0.0,1.7,5.0,3.3,35.0,1,13121,13121,13121,3141,11791,10350,7263,13615,21414,23275,4995,22550,8184,20185,17392,11604,16569,1,30:55,2021,2022
2021-22,202711,Bojan Bogdanović,Bojan,1610612762,UTA,Utah Jazz,22100972,2022-03-07T00:00:00,UTA @ DAL,L,50.9,5.0,5.0,5.0,10.0,25.0,25.0,3.3,33.3,0.0,0.0,1.7,3.3,47.3,1,13121,13121,13121,4275,6336,5313,4639,9583,21414,23275,4995,20988,8184,1,7272,11604,9902,1,30:32,2021,2022
2021-22,200752,Rudy Gay,Rudy,1610612762,UTA,Utah Jazz,22100965,2022-03-06T00:00:00,UTA @ OKC,W,50.2,0.0,6.9,0.0,6.9,6.9,13.8,17.2,27.6,0.0,3.4,10.3,6.9,33.8,1,1,1,1,5696,11791,3223,9479,13334,4654,14964,19394,23371,8184,24147,24372,4254,17223,1,14:34,2021,2022
2021-22,1626220,Royce O'Neale,Royce,1610612762,UTA,Utah Jazz,22100965,2022-03-06T00:00:00,UTA @ OKC,W,49.5,0.0,0.0,4.3,0.0,13.0,14.5,26.1,66.7,1.4,0.0,2.9,0.0,41.6,1,1,1,1,7803,11791,10350,5609,19255,10581,15768,23924,2209,6766,1,11004,18239,12953,1,34:08,2021,2022
2021-22,1627863,Danuel House Jr.,Danuel,1610612762,UTA,Utah Jazz,22100965,2022-03-06T00:00:00,UTA @ OKC,W,50.9,0.0,0.0,0.0,0.0,7.4,14.8,18.5,29.6,0.0,0.0,3.7,0.0,30.0,1,1,1,1,4193,11791,10350,9479,19255,5049,16133,20400,22695,8184,1,13579,18239,19049,1,13:45,2021,2022
2021-22,202355,Hassan Whiteside,Hassan,1610612762,UTA,Utah Jazz,22100965,2022-03-06T00:00:00,UTA @ OKC,W,49.2,0.0,0.0,0.0,0.0,14.3,28.6,35.7,64.3,7.1,0.0,7.1,3.6,41.4,1,1,1,1,8725,11791,10350,9479,19255,11840,24366,25390,3113,367,1,21603,10965,13023,1,13:46,2021,2022
2021-22,1628378,Donovan Mitchell,Donovan,1610612762,UTA,Utah Jazz,22100965,2022-03-06T00:00:00,UTA @ OKC,W,48.3,0.0,2.7,0.0,5.5,12.3,13.7,28.8,63.0,0.0,0.0,6.8,9.6,61.4,1,1,1,1,11736,11791,9273,9479,15390,9816,14875,24615,3492,8184,1,21291,1771,4030,1,35:15,2021,2022
2021-22,202711,Bojan Bogdanović,Bojan,1610612762,UTA,Utah Jazz,22100965,2022-03-06T00:00:00,UTA @ OKC,W,48.6,4.3,0.0,8.7,0.0,13.0,14.5,26.1,66.7,0.0,1.4,2.9,2.9,63.0,1,1,1,1,10584,7379,10350,1622,19255,10581,15768,23924,2209,8184,19004,11004,12927,3587,1,33:33,2021,2022
2021-22,1630235,Trent Forrest,Trent,1610612762,UTA,Utah Jazz,22100965,2022-03-06T00:00:00,UTA @ OKC,W,48.8,5.2,0.0,0.0,3.4,10.3,10.3,13.8,51.7,0.0,3.4,1.7,1.7,28.6,1,1,1,1,10020,6122,10350,9479,17911,7702,10730,16143,9031,8184,24147,7447,16449,19787,1,28:18,2021,2022
2021-22,203497,Rudy Gobert,Rudy,1610612762,UTA,Utah Jazz,22100965,2022-03-06T00:00:00,UTA @ OKC,W,48.9,0.0,11.4,0.0,14.3,10.0,8.6,18.6,51.4,1.4,4.3,0.0,2.9,51.3,1,1,1,1,9650,11791,1019,9479,5449,7287,8697,20451,9204,6879,24914,1,13011,7878,1,34:14,2021,2022
2021-22,1629638,Nickeil Alexander-Walker,Nickeil,1610612762,UTA,Utah Jazz,22100965,2022-03-06T00:00:00,UTA @ OKC,W,47.9,0.0,0.0,0.0,0.0,18.2,36.4,36.4,90.9,0.0,0.0,0.0,18.2,42.7,1,1,1,1,13205,11791,10350,9479,19255,16081,25355,25433,351,8184,1,1,147,12345,1,5:16,2021,2022
2021-22,203903,Jordan Clarkson,Jordan,1610612762,UTA,Utah Jazz,22100965,2022-03-06T00:00:00,UTA @ OKC,W,52.3,0.0,3.8,0.0,19.2,9.6,15.4,25.0,42.3,0.0,3.8,9.6,3.8,45.0,1,1,1,1,2175,11791,7179,9479,2796,7032,16658,23456,15933,8184,24558,23982,10246,11071,1,27:11,2021,2022
2021-22,201144,Mike Conley,Mike,1610612762,UTA,Utah Jazz,22100950,2022-03-04T00:00:00,UTA @ NOP,L,44.7,0.0,0.0,0.0,3.7,29.6,18.5,16.7,48.1,0.0,1.9,1.9,1.9,22.6,1,13121,13121,13121,22188,11791,10350,9479,17559,23581,19666,18768,11667,8184,20851,7787,16009,22028,1,24:09,2021,2022
2021-22,203903,Jordan Clarkson,Jordan,1610612762,UTA,Utah Jazz,22100950,2022-03-04T00:00:00,UTA @ NOP,L,48.9,4.9,0.0,4.9,9.8,22.0,0.0,19.5,53.7,0.0,2.4,2.4,4.9,47.3,1,13121,13121,13121,9516,6579,10350,4844,9907,19523,1,21072,7779,8184,22256,9309,7840,9912,1,20:04,2021,2022
2021-22,1630235,Trent Forrest,Trent,1610612762,UTA,Utah Jazz,22100950,2022-03-04T00:00:00,UTA @ NOP,L,50.0,0.0,0.0,0.0,0.0,26.9,15.4,23.1,46.2,0.0,0.0,0.0,3.8,15.4,1,13121,13121,13121,6236,11791,10350,9479,19255,22580,16658,22837,12980,8184,1,1,10246,23790,1,13:00,2021,2022
2021-22,202711,Bojan Bogdanović,Bojan,1610612762,UTA,Utah Jazz,22100950,2022-03-04T00:00:00,UTA @ NOP,L,49.0,0.0,0.0,0.0,0.0,36.7,28.6,14.3,57.1,0.0,2.0,4.1,6.1,14.3,1,13121,13121,13121,9266,11791,10350,9479,19255,24923,24366,16511,5647,8184,21383,14876,5478,23973,1,24:01,2021,2022
2021-22,202355,Hassan Whiteside,Hassan,1610612762,UTA,Utah Jazz,22100950,2022-03-04T00:00:00,UTA @ NOP,L,51.8,0.0,23.3,0.0,40.0,36.7,13.3,20.0,46.7,3.3,0.0,13.3,10.0,98.0,1,13121,13121,13121,2794,11791,137,9479,106,24916,14333,21222,12701,2218,1,25238,1461,267,1,15:32,2021,2022
2021-22,1628962,Udoka Azubuike,Udoka,1610612762,UTA,Utah Jazz,22100950,2022-03-04T00:00:00,UTA @ NOP,L,43.4,0.0,0.0,0.0,11.8,64.7,58.8,29.4,82.4,0.0,0.0,0.0,0.0,54.1,1,13121,13121,13121,23963,11791,10350,9479,7753,25866,25890,24718,604,8184,1,1,18239,6602,1,7:23,2021,2022
2021-22,1627863,Danuel House Jr.,Danuel,1610612762,UTA,Utah Jazz,22100950,2022-03-04T00:00:00,UTA @ NOP,L,48.8,8.8,5.9,8.8,5.9,20.6,0.0,23.5,47.1,0.0,2.9,2.9,5.9,49.1,1,13121,13121,13121,9918,2295,4248,1567,14717,18427,1,23028,12370,8184,23427,11118,5826,8973,1,16:36,2021,2022
2021-22,1629638,Nickeil Alexander-Walker,Nickeil,1610612762,UTA,Utah Jazz,22100950,2022-03-04T00:00:00,UTA @ NOP,L,43.4,0.0,11.8,0.0,11.8,64.7,58.8,29.4,82.4,0.0,0.0,5.9,5.9,49.4,1,13121,13121,13121,23963,11791,913,9479,7753,25866,25890,24718,604,8184,1,19406,5826,8819,1,7:23,2021,2022
2021-22,200752,Rudy Gay,Rudy,1610612762,UTA,Utah Jazz,22100950,2022-03-04T00:00:00,UTA @ NOP,L,48.2,0.0,4.8,0.0,0.0,19.0,0.0,28.6,57.1,0.0,0.0,0.0,4.8,34.3,1,13121,13121,13121,12109,11791,5640,9479,19255,16967,1,24491,5647,8184,1,1,8027,16969,1,10:07,2021,2022
2021-22,1628378,Donovan Mitchell,Donovan,1610612762,UTA,Utah Jazz,22100950,2022-03-04T00:00:00,UTA @ NOP,L,48.4,0.0,0.0,0.0,6.3,33.3,22.2,14.3,50.8,0.0,1.6,3.2,3.2,32.4,1,13121,13121,13121,11274,11791,10350,9479,14089,24352,22109,16511,9657,8184,19814,12015,12054,18013,1,30:30,2021,2022
2021-22,1629672,Eric Paschall,Eric,1610612762,UTA,Utah Jazz,22100950,2022-03-04T00:00:00,UTA @ NOP,L,43.4,0.0,0.0,0.0,0.0,64.7,58.8,29.4,82.4,0.0,0.0,0.0,5.9,23.5,1,13121,13121,13121,23963,11791,10350,9479,19255,25866,25890,24718,604,8184,1,1,5826,21735,1,7:23,2021,2022
2021-22,1630215,Jared Butler,Jared,1610612762,UTA,Utah Jazz,22100950,2022-03-04T00:00:00,UTA @ NOP,L,43.4,0.0,0.0,0.0,0.0,64.7,58.8,29.4,82.4,0.0,0.0,5.9,0.0,-2.9,1,13121,13121,13121,23963,11791,10350,9479,19255,25866,25890,24718,604,8184,1,19406,18239,25905,1,7:23,2021,2022
2021-22,1626220,Royce O'Neale,Royce,1610612762,UTA,Utah Jazz,22100950,2022-03-04T00:00:00,UTA @ NOP,L,49.0,0.0,6.1,0.0,0.0,36.7,28.6,14.3,57.1,2.0,0.0,0.0,0.0,29.2,1,13121,13121,13121,9266,11791,4020,9479,19255,24923,24366,16511,5647,4605,1,1,18239,19553,1,24:01,2021,2022
2021-22,1627823,Juancho Hernangomez,Juancho,1610612762,UTA,Utah Jazz,22100950,2022-03-04T00:00:00,UTA @ NOP,L,43.4,0.0,0.0,0.0,0.0,64.7,58.8,29.4,82.4,0.0,0.0,0.0,11.8,20.6,1,13121,13121,13121,23963,11791,10350,9479,19255,25866,25890,24718,604,8184,1,1,806,22626,1,7:23,2021,2022
2021-22,203497,Rudy Gobert,Rudy,1610612762,UTA,Utah Jazz,22100950,2022-03-04T00:00:00,UTA @ NOP,L,45.6,7.3,5.5,3.6,14.5,25.5,18.2,16.4,54.5,0.0,0.0,1.8,7.3,48.5,1,13121,13121,13121,20322,3571,4784,6794,5340,21887,19306,18642,7149,8184,1,7697,3763,9267,1,25:05,2021,2022
2021-22,203497,Rudy Gobert,Rudy,1610612762,UTA,Utah Jazz,22100935,2022-03-02T00:00:00,UTA @ HOU,W,46.4,4.9,6.1,2.4,29.3,26.8,11.0,14.6,34.1,2.4,1.2,4.9,3.7,68.2,1,1,1,1,18068,6579,4057,9071,582,22543,11527,17009,20774,3756,17695,17168,10818,2437,1,38:04,2021,2022
2021-22,1628378,Donovan Mitchell,Donovan,1610612762,UTA,Utah Jazz,22100935,2022-03-02T00:00:00,UTA @ HOU,W,47.9,9.5,6.0,4.8,19.0,22.6,7.1,14.3,38.1,0.0,0.0,4.8,13.1,68.3,1,1,1,1,13102,1881,4242,4998,2841,20074,7032,16511,18680,8184,1,16783,502,2405,1,40:14,2021,2022
2021-22,202355,Hassan Whiteside,Hassan,1610612762,UTA,Utah Jazz,22100935,2022-03-02T00:00:00,UTA @ HOU,W,49.8,6.7,0.0,0.0,13.3,3.3,0.0,13.3,46.7,0.0,0.0,13.3,10.0,36.0,1,1,1,1,6870,4114,10350,9479,6252,2862,1,15624,12701,8184,1,25238,1461,16064,1,14:56,2021,2022
2021-22,200752,Rudy Gay,Rudy,1610612762,UTA,Utah Jazz,22100935,2022-03-02T00:00:00,UTA @ HOU,W,42.5,0.0,0.0,6.7,6.7,13.3,10.0,13.3,33.3,0.0,0.0,0.0,0.0,29.7,1,1,1,1,24651,11791,10350,2840,13615,10895,10223,15624,20988,8184,1,1,18239,19309,1,12:46,2021,2022
2021-22,201144,Mike Conley,Mike,1610612762,UTA,Utah Jazz,22100935,2022-03-02T00:00:00,UTA @ HOU,W,46.5,1.4,0.0,2.7,2.7,24.7,5.5,13.7,32.9,0.0,0.0,5.5,5.5,58.6,1,1,1,1,17820,11733,10350,8454,18945,21381,5476,16068,21471,8184,1,18642,6674,4904,1,33:57,2021,2022
2021-22,1626220,Royce O'Neale,Royce,1610612762,UTA,Utah Jazz,22100935,2022-03-02T00:00:00,UTA @ HOU,W,47.6,2.6,6.6,2.6,7.9,22.4,7.9,13.2,39.5,0.0,0.0,3.9,0.0,35.3,1,1,1,1,14062,10858,3558,8717,12157,19881,7929,15476,17853,8184,1,14426,18239,16458,1,36:12,2021,2022
2021-22,203903,Jordan Clarkson,Jordan,1610612762,UTA,Utah Jazz,22100935,2022-03-02T00:00:00,UTA @ HOU,W,47.1,0.0,0.0,0.0,11.1,11.1,11.1,14.8,33.3,0.0,0.0,1.9,5.6,40.9,1,1,1,1,16018,11791,10350,9479,8363,8424,11549,17170,20988,8184,1,7787,6435,13326,1,25:25,2021,2022
2021-22,202711,Bojan Bogdanović,Bojan,1610612762,UTA,Utah Jazz,22100935,2022-03-02T00:00:00,UTA @ HOU,W,47.4,2.6,0.0,2.6,7.9,22.4,7.9,13.2,39.5,0.0,1.3,2.6,0.0,27.6,1,1,1,1,14717,10858,10350,8717,12157,19881,7929,15476,17853,8184,18158,9953,18239,20211,1,36:04,2021,2022
2021-22,1627863,Danuel House Jr.,Danuel,1610612762,UTA,Utah Jazz,22100935,2022-03-02T00:00:00,UTA @ HOU,W,45.8,0.0,0.0,0.0,5.4,16.2,8.1,16.2,32.4,0.0,2.7,5.4,2.7,39.5,1,1,1,1,19875,11791,10350,9479,15446,14137,8168,18525,21651,8184,22907,18415,13542,14207,1,16:56,2021,2022
2021-22,1630235,Trent Forrest,Trent,1610612762,UTA,Utah Jazz,22100935,2022-03-02T00:00:00,UTA @ HOU,W,45.4,0.0,0.0,0.0,0.0,21.7,8.7,17.4,52.2,0.0,0.0,0.0,0.0,6.5,1,1,1,1,20896,11791,10350,9479,19255,19330,8806,19507,8705,8184,1,1,18239,24842,1,10:26,2021,2022
2021-22,1630235,Trent Forrest,Trent,1610612762,UTA,Utah Jazz,22100913,2022-02-27T00:00:00,UTA @ PHX,W,51.4,0.0,0.0,0.0,8.7,17.4,8.7,17.4,52.2,0.0,0.0,8.7,0.0,40.9,1,1,1,1,3256,11791,10350,9479,11058,15333,8806,19507,8705,8184,1,23328,18239,13358,1,11:50,2021,2022
2021-22,200752,Rudy Gay,Rudy,1610612762,UTA,Utah Jazz,22100913,2022-02-27T00:00:00,UTA @ PHX,W,46.3,0.0,0.0,10.7,0.0,0.0,17.9,0.0,28.6,0.0,3.6,0.0,0.0,22.1,1,1,1,1,18535,11791,10350,945,19255,1,19102,1,22937,8184,24282,1,18239,22166,1,12:57,2021,2022
2021-22,202711,Bojan Bogdanović,Bojan,1610612762,UTA,Utah Jazz,22100913,2022-02-27T00:00:00,UTA @ PHX,W,53.6,3.6,0.0,3.6,10.7,14.3,12.5,17.9,42.9,0.0,1.8,0.0,3.6,34.6,1,1,1,1,1116,8812,10350,6873,8862,11840,13252,19845,15492,8184,20624,1,10965,16781,1,30:01,2021,2022
2021-22,203497,Rudy Gobert,Rudy,1610612762,UTA,Utah Jazz,22100913,2022-02-27T00:00:00,UTA @ PHX,W,47.9,3.3,15.0,3.3,16.7,6.7,11.7,13.3,46.7,5.0,3.3,1.7,13.3,72.2,1,1,1,1,12960,9255,479,7263,3897,4468,12362,15624,12701,981,24024,7272,470,1759,1,28:46,2021,2022
2021-22,1628378,Donovan Mitchell,Donovan,1610612762,UTA,Utah Jazz,22100913,2022-02-27T00:00:00,UTA @ PHX,W,53.7,4.4,0.0,4.4,2.9,14.7,13.2,17.6,47.1,0.0,1.5,2.9,5.9,58.7,1,1,1,1,1035,7331,10350,5567,18686,12473,14278,19678,12370,8184,19135,11118,5826,4887,1,36:33,2021,2022
2021-22,203903,Jordan Clarkson,Jordan,1610612762,UTA,Utah Jazz,22100913,2022-02-27T00:00:00,UTA @ PHX,W,52.1,4.1,14.3,6.1,20.4,8.2,24.5,4.1,36.7,0.0,0.0,6.1,0.0,76.5,1,1,1,1,2369,7871,532,3395,2339,5694,23205,5559,19468,8184,1,20006,18239,1241,1,25:32,2021,2022
2021-22,1627863,Danuel House Jr.,Danuel,1610612762,UTA,Utah Jazz,22100913,2022-02-27T00:00:00,UTA @ PHX,W,53.8,0.0,12.5,0.0,5.0,5.0,30.0,5.0,45.0,2.5,0.0,10.0,0.0,46.3,1,1,1,1,1008,11791,784,9479,15991,3484,24653,6322,13962,3617,1,24116,18239,10441,1,21:31,2021,2022
2021-22,202355,Hassan Whiteside,Hassan,1610612762,UTA,Utah Jazz,22100913,2022-02-27T00:00:00,UTA @ PHX,W,55.0,5.7,11.4,5.7,17.1,17.1,20.0,11.4,34.3,2.9,0.0,2.9,8.6,67.4,1,1,1,1,575,5300,1019,3807,3717,15086,20659,13493,20688,2917,1,10790,2420,2567,1,19:14,2021,2022
2021-22,201144,Mike Conley,Mike,1610612762,UTA,Utah Jazz,22100913,2022-02-27T00:00:00,UTA @ PHX,W,47.6,1.8,0.0,0.0,7.0,7.0,12.3,14.0,45.6,1.8,0.0,1.8,3.5,38.4,1,1,1,1,14260,11573,10350,9479,13231,4757,13128,16382,13496,5475,1,7540,11197,14784,1,27:07,2021,2022
2021-22,1626220,Royce O'Neale,Royce,1610612762,UTA,Utah Jazz,22100913,2022-02-27T00:00:00,UTA @ PHX,W,51.9,5.9,0.0,5.9,0.0,15.7,3.9,19.6,43.1,0.0,0.0,3.9,0.0,23.5,1,1,1,1,2584,5069,10350,3605,19255,13586,4221,21122,15374,8184,1,14318,18239,21735,1,26:29,2021,2022
2021-22,201144,Mike Conley,Mike,1610612762,UTA,Utah Jazz,22100903,2022-02-25T00:00:00,UTA vs. DAL,W,50.0,5.0,5.0,0.0,6.7,23.3,6.7,13.3,53.3,0.0,3.3,0.0,1.7,61.2,1,1,1,1,6236,6336,5313,9479,13615,20559,6551,15624,7905,8184,24024,1,16643,4089,1,30:00,2021,2022
2021-22,1630235,Trent Forrest,Trent,1610612762,UTA,Utah Jazz,22100903,2022-02-25T00:00:00,UTA vs. DAL,W,46.5,0.0,0.0,0.0,11.8,5.9,5.9,8.8,29.4,0.0,0.0,5.9,2.9,47.9,1,1,1,1,17808,11791,10350,9479,7753,3986,5789,10395,22776,8184,1,19406,12717,9562,1,15:49,2021,2022
2021-22,202355,Hassan Whiteside,Hassan,1610612762,UTA,Utah Jazz,22100903,2022-02-25T00:00:00,UTA vs. DAL,W,51.6,0.0,0.0,0.0,0.0,17.9,7.1,0.0,35.7,3.6,0.0,7.1,10.7,53.9,1,1,1,1,3035,11791,10350,9479,19255,15811,7032,1,20003,1970,1,21603,1218,6684,1,14:27,2021,2022
2021-22,1628378,Donovan Mitchell,Donovan,1610612762,UTA,Utah Jazz,22100903,2022-02-25T00:00:00,UTA vs. DAL,W,50.6,2.8,2.8,0.0,11.1,16.7,8.3,2.8,50.0,0.0,0.0,2.8,6.9,58.2,1,1,1,1,4945,10483,9193,9479,8363,14443,8339,4601,9853,8184,1,10500,4222,5041,1,36:24,2021,2022
2021-22,203497,Rudy Gobert,Rudy,1610612762,UTA,Utah Jazz,22100903,2022-02-25T00:00:00,UTA vs. DAL,W,49.3,5.9,2.9,0.0,17.6,16.2,5.9,11.8,47.1,4.4,0.0,4.4,7.4,63.8,1,1,1,1,8213,5069,8812,9479,3472,14098,5789,13848,12370,1320,1,15905,3658,3392,1,33:33,2021,2022
2021-22,1627863,Danuel House Jr.,Danuel,1610612762,UTA,Utah Jazz,22100903,2022-02-25T00:00:00,UTA vs. DAL,W,47.3,3.1,6.3,9.4,0.0,12.5,0.0,18.8,25.0,0.0,0.0,3.1,9.4,28.1,1,1,1,1,15088,9643,3838,1356,19255,9860,1,20530,23882,8184,1,11770,1873,19984,1,15:09,2021,2022
2021-22,1626220,Royce O'Neale,Royce,1610612762,UTA,Utah Jazz,22100903,2022-02-25T00:00:00,UTA vs. DAL,W,51.0,6.3,0.0,6.3,6.3,19.0,6.3,3.2,50.8,0.0,0.0,4.8,1.6,33.0,1,1,1,1,4082,4537,10350,3179,14089,16967,6288,4897,9657,8184,1,16783,16915,17683,1,32:07,2021,2022
2021-22,202711,Bojan Bogdanović,Bojan,1610612762,UTA,Utah Jazz,22100903,2022-02-25T00:00:00,UTA vs. DAL,W,50.5,4.6,0.0,0.0,15.4,18.5,9.2,3.1,52.3,0.0,0.0,0.0,1.5,30.6,1,1,1,1,4995,6988,10350,9479,4672,16453,9463,4830,8647,8184,1,1,17140,18842,1,32:51,2021,2022
2021-22,1629672,Eric Paschall,Eric,1610612762,UTA,Utah Jazz,22100903,2022-02-25T00:00:00,UTA vs. DAL,W,44.3,0.0,0.0,0.0,0.0,11.8,0.0,17.6,23.5,0.0,0.0,0.0,0.0,8.8,1,1,1,1,22892,11791,10350,9479,19255,9164,1,19678,24243,8184,1,1,18239,24684,1,7:32,2021,2022
2021-22,203903,Jordan Clarkson,Jordan,1610612762,UTA,Utah Jazz,22100903,2022-02-25T00:00:00,UTA vs. DAL,W,50.3,0.0,6.8,0.0,9.1,13.6,4.5,13.6,27.3,0.0,2.3,2.3,2.3,36.8,1,1,1,1,5552,11791,3322,9479,10590,11287,4645,15974,23426,8184,21902,8842,14811,15639,1,22:08,2021,2022
2021-22,203903,Jordan Clarkson,Jordan,1610612762,UTA,Utah Jazz,22100884,2022-02-16T00:00:00,UTA @ LAL,L,46.8,4.3,4.3,0.0,17.4,17.4,21.7,17.4,52.2,0.0,2.2,6.5,2.2,35.2,1,13121,13121,13121,16808,7379,6301,9479,3566,15333,21900,19507,8705,8184,21702,20686,15043,16484,1,21:32,2021,2022
2021-22,1627863,Danuel House Jr.,Danuel,1610612762,UTA,Utah Jazz,22100884,2022-02-16T00:00:00,UTA @ LAL,L,48.3,0.0,0.0,0.0,0.0,18.8,25.0,9.4,50.0,3.1,0.0,3.1,0.0,16.9,1,13121,13121,13121,11752,11791,10350,9479,19255,16677,23275,11065,9853,2467,1,11770,18239,23479,1,15:27,2021,2022
2021-22,1628378,Donovan Mitchell,Donovan,1610612762,UTA,Utah Jazz,22100884,2022-02-16T00:00:00,UTA @ LAL,L,51.5,6.9,0.0,4.2,16.7,13.9,12.5,19.4,55.6,0.0,2.8,1.4,8.3,80.7,1,13121,13121,13121,3182,3876,10350,5890,3897,11565,13252,21021,6637,8184,23073,6208,2576,888,1,37:05,2021,2022
2021-22,201144,Mike Conley,Mike,1610612762,UTA,Utah Jazz,22100884,2022-02-16T00:00:00,UTA @ LAL,L,48.9,3.5,0.0,0.0,7.0,17.5,22.8,17.5,49.1,0.0,3.5,8.8,3.5,30.4,1,13121,13121,13121,9615,8924,10350,9479,13231,15526,22486,19638,10977,8184,24242,23413,11197,18952,1,27:53,2021,2022
2021-22,203497,Rudy Gobert,Rudy,1610612762,UTA,Utah Jazz,22100884,2022-02-16T00:00:00,UTA @ LAL,L,50.9,0.0,0.0,3.6,7.3,18.2,23.6,18.2,50.9,5.5,0.0,5.5,5.5,45.8,1,13121,13121,13121,4330,11791,10350,6794,12893,16081,22857,20053,9563,821,1,18568,6722,10676,1,27:59,2021,2022
2021-22,202355,Hassan Whiteside,Hassan,1610612762,UTA,Utah Jazz,22100884,2022-02-16T00:00:00,UTA @ LAL,L,49.9,0.0,5.0,0.0,10.0,10.0,7.5,15.0,60.0,2.5,2.5,7.5,5.0,56.5,1,13121,13121,13121,6611,11791,5313,9479,9583,7287,7510,17359,4429,3617,22417,22141,7533,5648,1,19:57,2021,2022
2021-22,1629672,Eric Paschall,Eric,1610612762,UTA,Utah Jazz,22100884,2022-02-16T00:00:00,UTA @ LAL,L,51.4,0.0,0.0,0.0,8.7,26.1,34.8,8.7,60.9,0.0,0.0,13.0,0.0,33.5,1,13121,13121,13121,3370,11791,10350,9479,11058,22177,25267,10215,4172,8184,1,25208,18239,17390,1,11:49,2021,2022
2021-22,202711,Bojan Bogdanović,Bojan,1610612762,UTA,Utah Jazz,22100884,2022-02-16T00:00:00,UTA @ LAL,L,50.7,0.0,7.6,4.5,6.1,12.1,12.1,19.7,54.5,0.0,1.5,1.5,1.5,23.3,1,13121,13121,13121,4654,11791,2720,5305,14462,9557,12921,21179,7149,8184,19415,6715,17236,21787,1,33:28,2021,2022
2021-22,1626220,Royce O'Neale,Royce,1610612762,UTA,Utah Jazz,22100884,2022-02-16T00:00:00,UTA @ LAL,L,52.3,4.8,4.8,8.1,6.5,12.9,12.9,21.0,58.1,1.6,0.0,3.2,1.6,48.2,1,13121,13121,13121,2130,6673,5600,1945,13903,10448,13858,21886,5329,5989,1,12152,16840,9433,1,32:26,2021,2022
2021-22,1630235,Trent Forrest,Trent,1610612762,UTA,Utah Jazz,22100884,2022-02-16T00:00:00,UTA @ LAL,L,47.7,0.0,0.0,0.0,15.4,0.0,0.0,3.8,53.8,0.0,0.0,0.0,7.7,61.2,1,13121,13121,13121,13861,11791,10350,9479,4672,1,1,5366,7652,8184,1,1,3186,4094,1,12:24,2021,2022
2021-22,1627823,Juancho Hernangomez,Juancho,1610612762,UTA,Utah Jazz,22100865,2022-02-14T00:00:00,UTA vs. HOU,W,46.9,37.5,0.0,0.0,0.0,0.0,0.0,0.0,25.0,0.0,0.0,12.5,0.0,25.0,1,1,1,1,16657,27,10350,9479,19255,1,1,1,23882,8184,1,24996,18239,21169,1,3:45,2021,2022
2021-22,203497,Rudy Gobert,Rudy,1610612762,UTA,Utah Jazz,22100865,2022-02-14T00:00:00,UTA vs. HOU,W,49.9,4.5,13.6,0.0,31.8,27.3,11.4,18.2,22.7,2.3,2.3,4.5,4.5,62.3,1,1,1,1,6579,7040,629,9479,414,22694,12010,20053,24399,4113,21902,16195,8499,3780,1,21:57,2021,2022
2021-22,203903,Jordan Clarkson,Jordan,1610612762,UTA,Utah Jazz,22100865,2022-02-14T00:00:00,UTA vs. HOU,W,50.7,5.9,0.0,5.9,7.8,17.6,7.8,9.8,43.1,0.0,0.0,2.0,5.9,54.3,1,1,1,1,4687,5069,10350,3605,12211,15588,7883,11602,15374,8184,1,8082,5826,6518,1,25:51,2021,2022
2021-22,1628962,Udoka Azubuike,Udoka,1610612762,UTA,Utah Jazz,22100865,2022-02-14T00:00:00,UTA vs. HOU,W,45.8,0.0,0.0,0.0,44.4,11.1,11.1,11.1,55.6,0.0,0.0,5.6,5.6,75.6,1,1,1,1,19724,11791,10350,9479,78,8424,11549,13031,6637,8184,1,18716,6435,1335,1,8:15,2021,2022
2021-22,201144,Mike Conley,Mike,1610612762,UTA,Utah Jazz,22100865,2022-02-14T00:00:00,UTA vs. HOU,W,49.6,0.0,0.0,0.0,0.0,10.6,14.9,12.8,25.5,2.1,2.1,4.3,0.0,75.7,1,1,1,1,7262,11791,10350,9479,19255,8011,16238,15064,23841,4395,21585,15411,18239,1317,1,23:20,2021,2022
2021-22,202355,Hassan Whiteside,Hassan,1610612762,UTA,Utah Jazz,22100865,2022-02-14T00:00:00,UTA vs. HOU,W,49.4,0.0,27.8,0.0,27.8,5.6,11.1,25.0,61.1,8.3,2.8,8.3,2.8,99.4,1,1,1,1,7879,11791,81,9479,764,3781,11549,23456,4103,230,23073,22936,13275,247,1,17:48,2021,2022
2021-22,1630215,Jared Butler,Jared,1610612762,UTA,Utah Jazz,22100865,2022-02-14T00:00:00,UTA vs. HOU,W,46.9,0.0,0.0,0.0,0.0,0.0,0.0,0.0,25.0,0.0,0.0,12.5,0.0,75.0,1,1,1,1,16657,11791,10350,9479,19255,1,1,1,23882,8184,1,24996,18239,1381,1,3:45,2021,2022
2021-22,202711,Bojan Bogdanović,Bojan,1610612762,UTA,Utah Jazz,22100865,2022-02-14T00:00:00,UTA vs. HOU,W,47.8,5.3,7.0,3.5,14.0,19.3,12.3,28.1,49.1,0.0,0.0,3.5,7.0,49.1,1,1,1,1,13549,5948,3156,6983,5789,17226,13128,24430,10977,8184,1,13017,4111,8970,1,27:14,2021,2022
2021-22,1629672,Eric Paschall,Eric,1610612762,UTA,Utah Jazz,22100865,2022-02-14T00:00:00,UTA vs. HOU,W,51.6,10.3,0.0,10.3,13.8,6.9,13.8,0.0,27.6,0.0,0.0,3.4,6.9,64.1,1,1,1,1,3029,1569,10350,1038,5937,4654,14964,1,23371,8184,1,12792,4254,3287,1,14:58,2021,2022
2021-22,1627863,Danuel House Jr.,Danuel,1610612762,UTA,Utah Jazz,22100865,2022-02-14T00:00:00,UTA vs. HOU,W,51.5,6.1,0.0,6.1,6.1,15.2,12.1,9.1,36.4,0.0,0.0,3.0,0.0,33.0,1,1,1,1,3236,4878,10350,3443,14462,12959,12921,10640,19568,8184,1,11444,18239,17669,1,16:59,2021,2022
2021-22,1629638,Nickeil Alexander-Walker,Nickeil,1610612762,UTA,Utah Jazz,22100865,2022-02-14T00:00:00,UTA vs. HOU,W,47.3,0.0,0.0,0.0,0.0,0.0,0.0,0.0,25.0,0.0,0.0,0.0,0.0,15.0,1,1,1,1,15259,11791,10350,9479,19255,1,1,1,23882,8184,1,1,18239,23840,1,3:47,2021,2022
2021-22,1626220,Royce O'Neale,Royce,1610612762,UTA,Utah Jazz,22100865,2022-02-14T00:00:00,UTA vs. HOU,W,47.3,6.7,3.3,5.0,3.3,23.3,11.7,31.7,46.7,0.0,1.7,3.3,3.3,26.5,1,1,1,1,15302,4114,8063,4639,18081,20559,12362,25038,12701,8184,20185,12446,11604,20679,1,28:22,2021,2022
2021-22,1630235,Trent Forrest,Trent,1610612762,UTA,Utah Jazz,22100865,2022-02-14T00:00:00,UTA vs. HOU,W,48.4,0.0,0.0,0.0,0.0,16.0,16.0,40.0,80.0,0.0,0.0,8.0,0.0,4.8,1,1,1,1,11320,11791,10350,9479,19255,13892,17385,25606,669,8184,1,22695,18239,24923,1,12:06,2021,2022
2021-22,1628378,Donovan Mitchell,Donovan,1610612762,UTA,Utah Jazz,22100865,2022-02-14T00:00:00,UTA vs. HOU,W,49.1,7.7,0.0,0.0,6.2,21.5,10.8,26.2,49.2,0.0,0.0,4.6,7.7,70.3,1,1,1,1,9137,3125,10350,9479,14376,19186,11252,23961,10902,8184,1,16466,3186,2066,1,31:53,2021,2022
2021-22,1628378,Donovan Mitchell,Donovan,1610612762,UTA,Utah Jazz,22100844,2022-02-11T00:00:00,UTA vs. ORL,W,47.1,0.0,8.0,2.7,8.0,13.3,9.3,9.3,50.7,0.0,1.3,4.0,8.0,51.9,1,1,1,1,15815,11791,2406,8634,11960,10895,9585,11039,9780,8184,18257,14513,2940,7606,1,35:21,2021,2022
2021-22,202711,Bojan Bogdanović,Bojan,1610612762,UTA,Utah Jazz,22100844,2022-02-11T00:00:00,UTA vs. ORL,W,47.0,2.9,0.0,2.9,2.9,14.7,10.3,10.3,50.0,0.0,2.9,0.0,1.5,27.8,1,1,1,1,16317,10081,10350,7999,18686,12473,10690,12174,9853,8184,23427,1,17436,20149,1,31:57,2021,2022
2021-22,1630215,Jared Butler,Jared,1610612762,UTA,Utah Jazz,22100844,2022-02-11T00:00:00,UTA vs. ORL,W,46.0,0.0,0.0,0.0,0.0,0.0,0.0,0.0,28.6,0.0,0.0,0.0,0.0,124.3,1,1,1,1,19420,11791,10350,9479,19255,1,1,1,22937,8184,1,1,18239,57,1,3:13,2021,2022
2021-22,1628962,Udoka Azubuike,Udoka,1610612762,UTA,Utah Jazz,22100844,2022-02-11T00:00:00,UTA vs. ORL,W,47.6,4.5,0.0,0.0,27.3,9.1,6.8,4.5,36.4,2.3,0.0,11.4,0.0,48.6,1,1,1,1,14324,7040,10350,9479,804,6428,6754,5950,19568,4113,1,24769,18239,9216,1,20:56,2021,2022
2021-22,202355,Hassan Whiteside,Hassan,1610612762,UTA,Utah Jazz,22100844,2022-02-11T00:00:00,UTA vs. ORL,W,45.9,3.4,8.5,0.0,23.7,10.2,6.8,8.5,47.5,3.4,1.7,3.4,3.4,74.7,1,1,1,1,19591,9139,2170,9479,1440,7534,6712,9998,12147,2179,20305,12656,11493,1446,1,27:05,2021,2022
2021-22,203903,Jordan Clarkson,Jordan,1610612762,UTA,Utah Jazz,22100844,2022-02-11T00:00:00,UTA vs. ORL,W,48.0,14.3,0.0,4.1,16.3,0.0,2.0,0.0,32.7,0.0,0.0,0.0,8.2,64.9,1,1,1,1,12657,554,10350,6055,4193,1,3385,1,21567,8184,1,1,2823,3106,1,23:32,2021,2022
2021-22,1630235,Trent Forrest,Trent,1610612762,UTA,Utah Jazz,22100844,2022-02-11T00:00:00,UTA vs. ORL,W,46.2,3.8,5.8,0.0,7.7,0.0,0.0,0.0,34.6,0.0,0.0,0.0,1.9,43.7,1,1,1,1,18844,8293,4410,9479,12330,1,1,1,20552,8184,1,1,15794,11857,1,24:00,2021,2022
2021-22,1626220,Royce O'Neale,Royce,1610612762,UTA,Utah Jazz,22100844,2022-02-11T00:00:00,UTA vs. ORL,W,47.8,2.8,4.2,2.8,2.8,13.9,9.7,9.7,47.2,0.0,0.0,2.8,0.0,45.1,1,1,1,1,13391,10483,6623,8356,18889,11565,10003,11511,12330,8184,1,10500,18239,11036,1,34:26,2021,2022
2021-22,1629638,Nickeil Alexander-Walker,Nickeil,1610612762,UTA,Utah Jazz,22100844,2022-02-11T00:00:00,UTA vs. ORL,W,45.6,0.0,0.0,0.0,0.0,0.0,0.0,0.0,0.0,0.0,0.0,0.0,0.0,0.0,1,1,1,1,20437,11791,10350,9479,19255,1,1,1,25345,8184,1,1,18239,25086,1,1:22,2021,2022
2021-22,1627823,Juancho Hernangomez,Juancho,1610612762,UTA,Utah Jazz,22100844,2022-02-11T00:00:00,UTA vs. ORL,W,45.6,0.0,0.0,0.0,0.0,0.0,0.0,0.0,0.0,0.0,0.0,0.0,0.0,0.0,1,1,1,1,20437,11791,10350,9479,19255,1,1,1,25345,8184,1,1,18239,25086,1,1:22,2021,2022
2021-22,201144,Mike Conley,Mike,1610612762,UTA,Utah Jazz,22100844,2022-02-11T00:00:00,UTA vs. ORL,W,46.4,5.7,0.0,0.0,3.8,18.9,11.3,13.2,45.3,3.8,0.0,3.8,0.0,41.7,1,1,1,1,18171,5427,10350,9479,17453,16842,11959,15543,13770,1821,1,13853,18239,12884,1,24:35,2021,2022
2021-22,1629672,Eric Paschall,Eric,1610612762,UTA,Utah Jazz,22100844,2022-02-11T00:00:00,UTA vs. ORL,W,46.9,15.4,15.4,0.0,7.7,0.0,0.0,0.0,38.5,0.0,3.8,0.0,3.8,41.9,1,1,1,1,16507,429,439,9479,12330,1,1,1,18484,8184,24558,1,10246,12768,1,12:12,2021,2022
2021-22,1626220,Royce O'Neale,Royce,1610612762,UTA,Utah Jazz,22100828,2022-02-09T00:00:00,UTA vs. GSW,W,51.7,0.0,0.0,10.5,0.0,7.0,3.5,10.5,17.5,0.0,0.0,1.8,0.0,26.1,1,1,1,1,2947,11791,10350,994,19255,4757,3963,12389,24983,8184,1,7540,18239,20829,1,29:27,2021,2022
2021-22,1630235,Trent Forrest,Trent,1610612762,UTA,Utah Jazz,22100828,2022-02-09T00:00:00,UTA vs. GSW,W,52.7,4.7,4.7,4.7,23.3,4.7,4.7,4.7,27.9,0.0,0.0,7.0,4.7,56.0,1,1,1,1,1776,6899,5831,5175,1540,3349,4739,6051,23288,8184,1,21456,8325,5820,1,22:38,2021,2022
2021-22,1629672,Eric Paschall,Eric,1610612762,UTA,Utah Jazz,22100828,2022-02-09T00:00:00,UTA vs. GSW,W,53.0,0.0,0.0,0.0,11.4,5.7,5.7,5.7,28.6,0.0,0.0,0.0,5.7,20.6,1,1,1,1,1476,11791,10350,9479,8127,3883,5654,6986,22937,8184,1,1,6179,22633,1,18:33,2021,2022
2021-22,202711,Bojan Bogdanović,Bojan,1610612762,UTA,Utah Jazz,22100828,2022-02-09T00:00:00,UTA vs. GSW,W,52.9,13.8,6.9,5.2,13.8,10.3,3.4,10.3,24.1,0.0,1.7,1.7,6.9,52.1,1,1,1,1,1533,665,3223,4450,5937,7702,3924,12219,24178,8184,20412,7447,4254,7511,1,30:42,2021,2022
2021-22,201144,Mike Conley,Mike,1610612762,UTA,Utah Jazz,22100828,2022-02-09T00:00:00,UTA vs. GSW,W,51.8,0.0,12.5,0.0,0.0,12.5,8.3,16.7,29.2,0.0,0.0,2.1,6.3,49.4,1,1,1,1,2741,11791,784,9479,19255,9860,8339,18768,22854,8184,1,8384,5168,8841,1,24:52,2021,2022
2021-22,1630215,Jared Butler,Jared,1610612762,UTA,Utah Jazz,22100828,2022-02-09T00:00:00,UTA vs. GSW,W,51.9,0.0,0.0,0.0,0.0,0.0,0.0,0.0,28.6,0.0,0.0,14.3,14.3,78.6,1,1,1,1,2615,11791,10350,9479,19255,1,1,1,22937,8184,1,25354,341,1060,1,3:38,2021,2022
2021-22,202355,Hassan Whiteside,Hassan,1610612762,UTA,Utah Jazz,22100828,2022-02-09T00:00:00,UTA vs. GSW,W,53.2,7.4,3.7,3.7,14.8,7.4,3.7,3.7,22.2,13.0,1.9,3.7,5.6,106.3,1,1,1,1,1356,3410,7430,6662,5114,5049,4080,5270,24429,72,20851,13579,6435,151,1,28:43,2021,2022
2021-22,1628962,Udoka Azubuike,Udoka,1610612762,UTA,Utah Jazz,22100828,2022-02-09T00:00:00,UTA vs. GSW,W,52.1,0.0,0.0,0.0,27.0,5.4,5.4,16.2,21.6,2.7,0.0,8.1,5.4,48.6,1,1,1,1,2358,11791,10350,9479,835,3702,5369,18525,24579,3230,1,22803,6771,9209,1,19:17,2021,2022
2021-22,1628378,Donovan Mitchell,Donovan,1610612762,UTA,Utah Jazz,22100828,2022-02-09T00:00:00,UTA vs. GSW,W,52.1,0.0,0.0,0.0,3.1,3.1,3.1,9.4,15.6,1.6,1.6,3.1,1.6,62.5,1,1,1,1,2348,11791,10350,9479,18390,2795,3746,11065,25110,6214,19676,11770,17026,3704,1,33:22,2021,2022
2021-22,203903,Jordan Clarkson,Jordan,1610612762,UTA,Utah Jazz,22100828,2022-02-09T00:00:00,UTA vs. GSW,W,51.4,0.0,3.6,5.4,10.7,3.6,3.6,3.6,14.3,0.0,0.0,3.6,1.8,32.9,1,1,1,1,3282,11791,7661,4240,8862,2927,3996,5173,25158,8184,1,13156,16235,17755,1,28:48,2021,2022
2021-22,1628378,Donovan Mitchell,Donovan,1610612762,UTA,Utah Jazz,22100814,2022-02-07T00:00:00,UTA vs. NYK,W,47.6,8.0,0.0,2.7,24.0,18.7,24.0,5.3,48.0,1.3,0.0,2.7,6.7,80.5,1,1,1,1,14166,2902,10350,8634,1368,16654,23000,6664,11734,7405,1,10135,4499,902,1,35:42,2021,2022
2021-22,1626220,Royce O'Neale,Royce,1610612762,UTA,Utah Jazz,22100814,2022-02-07T00:00:00,UTA vs. NYK,W,47.2,4.5,0.0,0.0,0.0,14.9,23.9,6.0,50.7,1.5,0.0,3.0,0.0,19.1,1,1,1,1,15539,7195,10350,9479,19255,12729,22964,7283,9695,6548,1,11332,18239,23017,1,31:38,2021,2022
2021-22,202355,Hassan Whiteside,Hassan,1610612762,UTA,Utah Jazz,22100814,2022-02-07T00:00:00,UTA vs. NYK,W,48.5,0.0,4.8,0.0,0.0,21.4,19.0,4.8,47.6,0.0,0.0,14.3,7.1,33.6,1,1,1,1,11138,11791,5640,9479,19255,19040,20071,6138,11993,8184,1,25354,3862,17334,1,20:21,2021,2022
2021-22,1628962,Udoka Azubuike,Udoka,1610612762,UTA,Utah Jazz,22100814,2022-02-07T00:00:00,UTA vs. NYK,W,46.1,0.0,3.3,0.0,10.0,11.7,23.3,3.3,33.3,5.0,0.0,6.7,3.3,53.0,1,1,1,1,19057,11791,8063,9479,9583,9125,22713,4995,20988,981,1,20849,11604,7110,1,27:39,2021,2022
2021-22,201144,Mike Conley,Mike,1610612762,UTA,Utah Jazz,22100814,2022-02-07T00:00:00,UTA vs. NYK,W,45.7,7.7,0.0,0.0,3.1,7.7,18.5,3.1,33.8,1.5,1.5,6.2,6.2,52.5,1,1,1,1,20129,3125,10350,9479,18475,5249,19640,4830,20928,6334,19543,20085,5434,7346,1,29:42,2021,2022
2021-22,1629672,Eric Paschall,Eric,1610612762,UTA,Utah Jazz,22100814,2022-02-07T00:00:00,UTA vs. NYK,W,48.6,0.0,0.0,0.0,5.9,5.9,11.8,0.0,11.8,0.0,0.0,0.0,5.9,32.1,1,1,1,1,10732,11791,10350,9479,14717,3986,12437,1,25265,8184,1,1,5826,18169,1,16:31,2021,2022
2021-22,202711,Bojan Bogdanović,Bojan,1610612762,UTA,Utah Jazz,22100814,2022-02-07T00:00:00,UTA vs. NYK,W,47.4,9.0,3.0,6.0,11.9,20.9,26.9,6.0,53.7,0.0,1.5,6.0,6.0,39.3,1,1,1,1,15023,2231,8729,3571,7662,18681,24007,7283,7746,8184,19269,19685,5764,14306,1,31:44,2021,2022
2021-22,1630235,Trent Forrest,Trent,1610612762,UTA,Utah Jazz,22100814,2022-02-07T00:00:00,UTA vs. NYK,W,48.5,4.8,4.8,0.0,9.5,16.7,19.0,4.8,38.1,0.0,2.4,0.0,0.0,39.3,1,1,1,1,10880,6729,5640,9479,10112,14443,20071,6138,18680,8184,22121,1,18239,14284,1,20:23,2021,2022
2021-22,1630215,Jared Butler,Jared,1610612762,UTA,Utah Jazz,22100814,2022-02-07T00:00:00,UTA vs. NYK,W,42.3,0.0,0.0,0.0,0.0,40.0,60.0,0.0,20.0,0.0,0.0,0.0,0.0,-10.0,1,1,1,1,24758,11791,10350,9479,19255,25209,25896,1,24732,8184,1,1,18239,25960,1,4:14,2021,2022
2021-22,203903,Jordan Clarkson,Jordan,1610612762,UTA,Utah Jazz,22100814,2022-02-07T00:00:00,UTA vs. NYK,W,49.1,15.6,4.4,0.0,13.3,17.8,13.3,0.0,22.2,0.0,0.0,8.9,6.7,45.3,1,1,1,1,8929,422,6158,9479,6252,15760,14333,1,24429,8184,1,23500,4499,10942,1,22:06,2021,2022
2021-22,1630215,Jared Butler,Jared,1610612762,UTA,Utah Jazz,22100793,2022-02-04T00:00:00,UTA vs. BKN,W,48.7,6.4,0.0,6.4,4.3,17.0,10.6,19.1,55.3,0.0,0.0,4.3,2.1,40.0,1,1,1,1,10232,4499,10350,3142,16869,14990,11089,20842,6822,8184,1,15411,15174,13802,1,22:54,2021,2022
2021-22,1630235,Trent Forrest,Trent,1610612762,UTA,Utah Jazz,22100793,2022-02-04T00:00:00,UTA vs. BKN,W,49.9,0.0,3.5,0.0,14.0,14.0,5.3,10.5,49.1,0.0,0.0,1.8,0.0,50.7,1,1,1,1,6648,11791,7772,9479,5789,11720,5237,12389,10977,8184,1,7540,18239,8184,1,28:25,2021,2022
2021-22,1628962,Udoka Azubuike,Udoka,1610612762,UTA,Utah Jazz,22100793,2022-02-04T00:00:00,UTA vs. BKN,W,47.0,7.8,7.8,0.0,19.6,3.9,9.8,11.8,31.4,0.0,0.0,5.9,2.0,41.6,1,1,1,1,16389,3043,2539,9479,2658,3041,10112,13848,22065,8184,1,19406,15689,12969,1,23:57,2021,2022
2021-22,202711,Bojan Bogdanović,Bojan,1610612762,UTA,Utah Jazz,22100793,2022-02-04T00:00:00,UTA vs. BKN,W,49.4,5.1,3.4,5.1,16.9,10.2,13.6,3.4,23.7,0.0,0.0,0.0,0.0,61.4,1,1,1,1,8170,6276,7976,4580,3834,7534,14709,5044,24226,8184,1,1,18239,4037,1,29:07,2021,2022
2021-22,200752,Rudy Gay,Rudy,1610612762,UTA,Utah Jazz,22100793,2022-02-04T00:00:00,UTA vs. BKN,W,46.7,0.0,0.0,0.0,0.0,27.3,13.6,13.6,36.4,0.0,0.0,4.5,0.0,29.1,1,1,1,1,17084,11791,10350,9479,19255,22694,14765,15974,19568,8184,1,16195,18239,19596,1,10:17,2021,2022
2021-22,1628378,Donovan Mitchell,Donovan,1610612762,UTA,Utah Jazz,22100793,2022-02-04T00:00:00,UTA vs. BKN,W,46.2,0.0,0.0,12.8,4.3,4.3,17.0,4.3,17.0,2.1,0.0,0.0,4.3,82.1,1,1,1,1,18820,11791,10350,532,16869,3174,18379,5706,25015,4395,1,1,9270,788,1,21:42,2021,2022
2021-22,202355,Hassan Whiteside,Hassan,1610612762,UTA,Utah Jazz,22100793,2022-02-04T00:00:00,UTA vs. BKN,W,51.2,0.0,12.8,0.0,21.3,21.3,17.0,10.6,42.6,4.3,2.1,4.3,6.4,65.1,1,1,1,1,3723,11791,766,9479,2078,18957,18379,12613,15763,1428,21585,15411,5050,3050,1,24:03,2021,2022
2021-22,201144,Mike Conley,Mike,1610612762,UTA,Utah Jazz,22100793,2022-02-04T00:00:00,UTA vs. BKN,W,46.8,6.1,0.0,4.1,12.2,12.2,22.4,14.3,28.6,2.0,0.0,4.1,2.0,65.5,1,1,1,1,16766,4827,10350,6055,7363,9702,22323,16511,22937,4605,1,14876,15436,2971,1,22:57,2021,2022
2021-22,1629672,Eric Paschall,Eric,1610612762,UTA,Utah Jazz,22100793,2022-02-04T00:00:00,UTA vs. BKN,W,49.7,0.0,7.5,0.0,15.0,10.0,12.5,22.5,55.0,0.0,0.0,5.0,2.5,47.3,1,1,1,1,6949,11791,2766,9479,5001,7287,13252,22654,6992,8184,1,17392,14178,9951,1,19:54,2021,2022
2021-22,1626220,Royce O'Neale,Royce,1610612762,UTA,Utah Jazz,22100793,2022-02-04T00:00:00,UTA vs. BKN,W,49.9,0.0,0.0,0.0,3.6,14.5,12.7,3.6,25.5,0.0,1.8,3.6,5.5,27.5,1,1,1,1,6465,11791,10350,9479,17650,12308,13680,5222,23857,8184,20748,13431,6722,20282,1,27:28,2021,2022
2021-22,1630190,Elijah Hughes,Elijah,1610612762,UTA,Utah Jazz,22100793,2022-02-04T00:00:00,UTA vs. BKN,W,54.5,0.0,0.0,0.0,0.0,0.0,11.8,23.5,58.8,5.9,0.0,5.9,0.0,45.3,1,1,1,1,693,11791,10350,9479,19255,1,12437,23028,4980,660,1,19406,18239,10963,1,9:16,2021,2022
2021-22,1630190,Elijah Hughes,Elijah,1610612762,UTA,Utah Jazz,22100779,2022-02-02T00:00:00,UTA vs. DEN,W,46.2,0.0,0.0,0.0,8.7,8.7,0.0,8.7,17.4,0.0,0.0,0.0,0.0,27.0,1,1,1,1,18831,11791,10350,9479,11058,6116,1,10215,24986,8184,1,1,18239,20477,1,10:37,2021,2022
2021-22,1630215,Jared Butler,Jared,1610612762,UTA,Utah Jazz,22100779,2022-02-02T00:00:00,UTA vs. DEN,W,50.5,3.4,0.0,3.4,17.2,10.3,17.2,6.9,44.8,1.7,0.0,0.0,0.0,25.0,1,1,1,1,4981,9015,10350,7073,3682,7702,18578,8226,14094,5580,1,1,18239,21169,1,29:19,2021,2022
2021-22,1626220,Royce O'Neale,Royce,1610612762,UTA,Utah Jazz,22100779,2022-02-02T00:00:00,UTA vs. DEN,W,51.7,15.4,0.0,6.2,15.4,3.1,15.4,6.2,52.3,0.0,0.0,1.5,7.7,40.2,1,1,1,1,2837,429,10350,3370,4672,2781,16658,7477,8647,8184,1,6811,3186,13781,1,33:38,2021,2022
2021-22,1629672,Eric Paschall,Eric,1610612762,UTA,Utah Jazz,22100779,2022-02-02T00:00:00,UTA vs. DEN,W,47.7,0.0,0.0,0.0,5.6,22.2,11.1,11.1,33.3,0.0,0.0,0.0,0.0,25.8,1,1,1,1,13720,11791,10350,9479,15212,19667,11549,13031,20988,8184,1,1,18239,20940,1,17:11,2021,2022
2021-22,201144,Mike Conley,Mike,1610612762,UTA,Utah Jazz,22100779,2022-02-02T00:00:00,UTA vs. DEN,W,47.8,5.1,0.0,0.0,6.8,10.2,0.0,6.8,44.1,1.7,1.7,3.4,1.7,67.3,1,1,1,1,13591,6276,10350,9479,13521,7534,1,8133,14674,5677,20305,12656,16549,2592,1,28:11,2021,2022
2021-22,1628962,Udoka Azubuike,Udoka,1610612762,UTA,Utah Jazz,22100779,2022-02-02T00:00:00,UTA vs. DEN,W,50.4,0.0,9.3,0.0,18.6,9.3,4.7,4.7,32.6,4.7,2.3,2.3,0.0,60.5,1,1,1,1,5257,11791,1729,9479,3023,6706,4739,6051,21605,1152,22009,8987,18239,4287,1,21:41,2021,2022
2021-22,1630235,Trent Forrest,Trent,1610612762,UTA,Utah Jazz,22100779,2022-02-02T00:00:00,UTA vs. DEN,W,52.1,1.4,0.0,0.0,10.8,8.1,16.2,5.4,43.2,0.0,1.4,5.4,8.1,47.8,1,1,1,1,2358,11739,10350,9479,8733,5658,17623,6701,15281,8184,18376,18415,2858,9610,1,38:34,2021,2022
2021-22,202711,Bojan Bogdanović,Bojan,1610612762,UTA,Utah Jazz,22100779,2022-02-02T00:00:00,UTA vs. DEN,W,52.3,0.0,3.0,7.6,15.2,3.0,18.2,3.0,51.5,0.0,6.1,3.0,6.1,44.5,1,1,1,1,2171,11791,8629,2223,4916,2765,19306,4786,9170,8184,25578,11444,5554,11353,1,34:30,2021,2022
2021-22,200752,Rudy Gay,Rudy,1610612762,UTA,Utah Jazz,22100779,2022-02-02T00:00:00,UTA vs. DEN,W,51.6,7.8,13.7,0.0,19.6,7.8,19.6,7.8,54.9,0.0,0.0,3.9,7.8,51.6,1,1,1,1,3042,3043,623,9479,2658,5437,20526,9260,7037,8184,1,14318,3109,7749,1,26:19,2021,2022
2021-22,1629672,Eric Paschall,Eric,1610612762,UTA,Utah Jazz,22100757,2022-01-30T00:00:00,UTA @ MIN,L,46.0,0.0,0.0,0.0,0.0,31.9,8.5,27.7,68.1,0.0,2.1,0.0,0.0,26.0,1,13121,13121,13121,19243,11791,10350,9479,19255,24183,8615,24334,2063,8184,21585,1,18239,20897,1,21:38,2021,2022
2021-22,200752,Rudy Gay,Rudy,1610612762,UTA,Utah Jazz,22100757,2022-01-30T00:00:00,UTA @ MIN,L,48.8,0.0,0.0,0.0,5.7,2.9,28.6,0.0,68.6,2.9,0.0,14.3,0.0,50.0,1,13121,13121,13121,10007,11791,10350,9479,14977,2707,24366,1,1973,2917,1,25354,18239,8447,1,17:05,2021,2022
2021-22,1628962,Udoka Azubuike,Udoka,1610612762,UTA,Utah Jazz,22100757,2022-01-30T00:00:00,UTA @ MIN,L,36.4,0.0,0.0,0.0,33.3,0.0,0.0,50.0,100.0,0.0,0.0,16.7,16.7,50.0,1,13121,13121,13121,25814,11791,10350,9479,296,1,1,25806,155,8184,1,25595,190,8447,1,2:11,2021,2022
2021-22,202711,Bojan Bogdanović,Bojan,1610612762,UTA,Utah Jazz,22100757,2022-01-30T00:00:00,UTA @ MIN,L,46.3,2.8,0.0,4.2,8.5,18.3,14.1,9.9,67.6,0.0,1.4,2.8,4.2,42.0,1,13121,13121,13121,18425,10392,10350,5849,11451,16309,15331,11670,2171,8184,18748,10704,9362,12744,1,32:52,2021,2022
2021-22,1630190,Elijah Hughes,Elijah,1610612762,UTA,Utah Jazz,22100757,2022-01-30T00:00:00,UTA @ MIN,L,42.3,5.1,5.1,0.0,5.1,30.8,10.3,25.6,66.7,0.0,0.0,2.6,0.0,14.9,1,13121,13121,13121,24790,6168,5165,9479,15825,23885,10609,23812,2209,8184,1,9725,18239,23905,1,16:30,2021,2022
2021-22,204060,Joe Ingles,Joe,1610612762,UTA,Utah Jazz,22100757,2022-01-30T00:00:00,UTA @ MIN,L,49.8,0.0,0.0,0.0,0.0,0.0,8.0,12.0,48.0,0.0,0.0,4.0,8.0,27.6,1,13121,13121,13121,6811,11791,10350,9479,19255,1,8010,14175,11734,8184,1,14513,2940,20225,1,12:27,2021,2022
2021-22,1626220,Royce O'Neale,Royce,1610612762,UTA,Utah Jazz,22100757,2022-01-30T00:00:00,UTA @ MIN,L,48.6,4.9,4.9,3.3,9.8,16.4,16.4,8.2,59.0,0.0,0.0,4.9,0.0,31.8,1,13121,13121,13121,10820,6532,5473,7361,9849,14328,17793,9681,4943,8184,1,17282,18239,18295,1,29:37,2021,2022
2021-22,1630215,Jared Butler,Jared,1610612762,UTA,Utah Jazz,22100757,2022-01-30T00:00:00,UTA @ MIN,L,44.6,5.7,0.0,5.7,0.0,11.4,34.3,8.6,74.3,0.0,0.0,8.6,0.0,42.6,1,13121,13121,13121,22476,5300,10350,3807,19255,8861,25229,10103,1213,8184,1,23235,18239,12426,1,15:36,2021,2022
2021-22,202355,Hassan Whiteside,Hassan,1610612762,UTA,Utah Jazz,22100757,2022-01-30T00:00:00,UTA @ MIN,L,45.0,0.0,9.2,0.0,9.2,32.3,12.3,18.5,55.4,4.6,0.0,6.2,4.6,45.2,1,13121,13121,13121,21786,11791,1758,9479,10508,24257,13168,20379,6783,1182,1,20085,8416,10995,1,29:13,2021,2022
2021-22,201144,Mike Conley,Mike,1610612762,UTA,Utah Jazz,22100757,2022-01-30T00:00:00,UTA @ MIN,L,45.3,3.1,0.0,0.0,12.5,28.1,6.3,14.1,56.3,0.0,0.0,4.7,3.1,59.8,1,13121,13121,13121,21134,9643,10350,9479,7008,23042,6141,16418,6306,8184,1,16657,12148,4529,1,28:58,2021,2022
2021-22,203903,Jordan Clarkson,Jordan,1610612762,UTA,Utah Jazz,22100757,2022-01-30T00:00:00,UTA @ MIN,L,46.4,6.8,2.7,2.7,8.2,21.9,21.9,13.7,65.8,0.0,0.0,1.4,5.5,36.8,1,13121,13121,13121,18083,3981,9273,8454,11739,19511,22004,16068,2748,8184,1,6141,6674,15627,1,33:53,2021,2022
2021-22,1629672,Eric Paschall,Eric,1610612762,UTA,Utah Jazz,22100740,2022-01-28T00:00:00,UTA @ MEM,L,45.4,0.0,0.0,0.0,4.3,25.5,8.5,36.2,68.1,0.0,2.1,6.4,2.1,26.8,1,13121,13121,13121,20847,11791,10350,9479,16869,21927,8615,25427,2063,8184,21585,20469,15174,20549,1,21:20,2021,2022
2021-22,1630235,Trent Forrest,Trent,1610612762,UTA,Utah Jazz,22100740,2022-01-28T00:00:00,UTA @ MEM,L,42.5,0.0,0.0,0.0,5.4,43.2,0.0,37.8,54.1,0.0,2.7,2.7,0.0,26.8,1,13121,13121,13121,24658,11791,10350,9479,15446,25471,1,25544,7525,8184,22907,10239,18239,20575,1,15:44,2021,2022
2021-22,202355,Hassan Whiteside,Hassan,1610612762,UTA,Utah Jazz,22100740,2022-01-28T00:00:00,UTA @ MEM,L,50.1,3.7,11.1,3.7,18.5,18.5,11.1,22.2,63.0,1.9,1.9,7.4,3.7,43.7,1,13121,13121,13121,5998,8557,1070,6662,3049,16481,11549,22452,3508,5143,20851,22030,10614,11827,1,27:03,2021,2022
2021-22,204060,Joe Ingles,Joe,1610612762,UTA,Utah Jazz,22100740,2022-01-28T00:00:00,UTA @ MEM,L,49.9,0.0,0.0,4.7,0.0,4.7,18.6,25.6,65.1,0.0,0.0,2.3,2.3,36.7,1,13121,13121,13121,6489,11791,10350,5175,19255,3349,19732,23800,2914,8184,1,8987,14670,15683,1,21:28,2021,2022
2021-22,1627863,Danuel House Jr.,Danuel,1610612762,UTA,Utah Jazz,22100740,2022-01-28T00:00:00,UTA @ MEM,L,45.3,14.3,5.7,14.3,17.1,11.4,0.0,17.1,62.9,0.0,2.9,5.7,2.9,82.6,1,13121,13121,13121,21153,554,4446,342,3717,8861,1,19297,3527,8184,23236,19144,13011,760,1,15:50,2021,2022
2021-22,200752,Rudy Gay,Rudy,1610612762,UTA,Utah Jazz,22100740,2022-01-28T00:00:00,UTA @ MEM,L,45.0,0.0,4.7,2.3,0.0,25.6,0.0,20.9,65.1,2.3,0.0,0.0,4.7,57.7,1,13121,13121,13121,21765,11791,5831,9187,19255,21954,1,21863,2914,4000,1,1,8325,5211,1,19:20,2021,2022
2021-22,1626220,Royce O'Neale,Royce,1610612762,UTA,Utah Jazz,22100740,2022-01-28T00:00:00,UTA @ MEM,L,49.4,0.0,5.2,5.2,0.0,19.0,17.2,34.5,65.5,0.0,0.0,0.0,0.0,39.7,1,13121,13121,13121,7950,11791,5117,4450,19255,16926,18578,25323,2819,8184,1,1,18239,14119,1,28:40,2021,2022
2021-22,201144,Mike Conley,Mike,1610612762,UTA,Utah Jazz,22100740,2022-01-28T00:00:00,UTA @ MEM,L,49.3,3.3,0.0,4.9,6.6,6.6,13.1,16.4,68.9,0.0,0.0,3.3,11.5,50.2,1,13121,13121,13121,8434,9349,10350,4795,13819,4431,14140,18671,1930,8184,1,12338,911,8420,1,30:03,2021,2022
2021-22,202711,Bojan Bogdanović,Bojan,1610612762,UTA,Utah Jazz,22100740,2022-01-28T00:00:00,UTA @ MEM,L,48.7,7.6,0.0,3.0,12.1,27.3,15.2,34.8,66.7,0.0,1.5,1.5,4.5,21.1,1,13121,13121,13121,10217,3269,10350,7826,7455,22694,16482,25349,2209,8184,19415,6715,8499,22501,1,32:10,2021,2022
2021-22,203903,Jordan Clarkson,Jordan,1610612762,UTA,Utah Jazz,22100740,2022-01-28T00:00:00,UTA @ MEM,L,48.1,0.0,3.4,0.0,3.4,37.3,6.8,39.0,71.2,1.7,3.4,3.4,3.4,39.5,1,13121,13121,13121,12509,11791,7976,9479,18001,24986,6712,25591,1597,5677,24115,12656,11493,14193,1,28:22,2021,2022
2021-22,204060,Joe Ingles,Joe,1610612762,UTA,Utah Jazz,22100731,2022-01-26T00:00:00,UTA vs. PHX,L,52.1,0.0,0.0,0.0,0.0,16.3,12.2,24.5,69.4,0.0,2.0,6.1,0.0,22.7,1,13121,13121,13121,2426,11791,10350,9479,19255,14263,13074,23385,1850,8184,21383,20006,18239,22013,1,25:31,2021,2022
2021-22,200752,Rudy Gay,Rudy,1610612762,UTA,Utah Jazz,22100731,2022-01-26T00:00:00,UTA vs. PHX,L,50.6,0.0,0.0,0.0,0.0,29.4,14.7,29.4,35.3,2.9,0.0,2.9,0.0,14.4,1,13121,13121,13121,4786,11791,10350,9479,19255,23517,15999,24718,20169,2772,1,11118,18239,23962,1,17:13,2021,2022
2021-22,1629672,Eric Paschall,Eric,1610612762,UTA,Utah Jazz,22100731,2022-01-26T00:00:00,UTA vs. PHX,L,46.3,0.0,14.3,0.0,14.3,21.4,32.1,32.1,64.3,0.0,7.1,3.6,14.3,71.4,1,13121,13121,13121,18486,11791,532,9479,5449,19040,24972,25086,3113,8184,25743,13156,341,1866,1,12:57,2021,2022
2021-22,202711,Bojan Bogdanović,Bojan,1610612762,UTA,Utah Jazz,22100731,2022-01-26T00:00:00,UTA vs. PHX,L,51.1,4.6,4.6,0.0,6.2,23.1,12.3,23.1,58.5,0.0,1.5,6.2,0.0,18.6,1,13121,13121,13121,3814,6988,5913,9479,14376,20363,13168,22837,5171,8184,19543,20085,18239,23115,1,33:14,2021,2022
2021-22,202355,Hassan Whiteside,Hassan,1610612762,UTA,Utah Jazz,22100731,2022-01-26T00:00:00,UTA vs. PHX,L,52.3,0.0,0.0,0.0,18.2,24.2,6.1,19.7,48.5,3.0,1.5,7.6,9.1,54.8,1,13121,13121,13121,2171,11791,10350,9479,3126,21131,5977,21179,11399,2630,19415,22261,2001,6314,1,34:30,2021,2022
2021-22,203903,Jordan Clarkson,Jordan,1610612762,UTA,Utah Jazz,22100731,2022-01-26T00:00:00,UTA vs. PHX,L,51.6,11.7,5.0,5.0,6.7,23.3,15.0,16.7,36.7,0.0,1.7,6.7,6.7,60.0,1,13121,13121,13121,3026,1130,5313,4639,13615,20559,16315,18768,19493,8184,20185,20849,4499,4395,1,30:58,2021,2022
2021-22,1630235,Trent Forrest,Trent,1610612762,UTA,Utah Jazz,22100731,2022-01-26T00:00:00,UTA vs. PHX,L,51.1,0.0,0.0,0.0,7.1,14.3,32.1,14.3,78.6,0.0,3.6,7.1,0.0,17.9,1,13121,13121,13121,3874,11791,10350,9479,13021,11840,24972,16511,832,8184,24282,21603,18239,23263,1,14:18,2021,2022
2021-22,1627863,Danuel House Jr.,Danuel,1610612762,UTA,Utah Jazz,22100731,2022-01-26T00:00:00,UTA vs. PHX,L,48.0,0.0,0.0,0.0,0.0,30.4,13.0,30.4,43.5,0.0,0.0,4.3,0.0,18.3,1,13121,13121,13121,12698,11791,10350,9479,19255,23815,14011,24876,15063,8184,1,15626,18239,23186,1,11:03,2021,2022
2021-22,201144,Mike Conley,Mike,1610612762,UTA,Utah Jazz,22100731,2022-01-26T00:00:00,UTA vs. PHX,L,50.6,0.0,3.1,0.0,12.3,27.7,6.2,27.7,43.1,0.0,0.0,6.2,6.2,50.5,1,13121,13121,13121,4830,11791,8541,9479,7303,22903,6084,24344,15427,8184,1,20085,5434,8303,1,32:54,2021,2022
2021-22,1626220,Royce O'Neale,Royce,1610612762,UTA,Utah Jazz,22100731,2022-01-26T00:00:00,UTA vs. PHX,L,49.8,0.0,0.0,0.0,7.3,21.8,14.5,21.8,61.8,1.8,0.0,5.5,3.6,50.0,1,13121,13121,13121,6929,11791,10350,9479,12893,19425,15840,22311,3844,5263,1,18568,10847,8447,1,27:22,2021,2022
2021-22,1629672,Eric Paschall,Eric,1610612762,UTA,Utah Jazz,22100713,2022-01-24T00:00:00,UTA @ PHX,L,46.3,0.0,0.0,0.0,7.4,18.5,20.4,7.4,55.6,0.0,3.7,5.6,9.3,31.1,1,13121,13121,13121,18508,11791,10350,9479,12670,16481,21102,8759,6637,8184,24414,18716,1951,18627,1,24:59,2021,2022
2021-22,1630190,Elijah Hughes,Elijah,1610612762,UTA,Utah Jazz,22100713,2022-01-24T00:00:00,UTA @ PHX,L,47.0,0.0,0.0,0.0,0.0,10.0,23.3,0.0,53.3,0.0,0.0,3.3,0.0,39.7,1,13121,13121,13121,16259,11791,10350,9479,19255,7287,22713,1,7905,8184,1,12446,18239,14110,1,14:06,2021,2022
2021-22,1630215,Jared Butler,Jared,1610612762,UTA,Utah Jazz,22100713,2022-01-24T00:00:00,UTA @ PHX,L,46.9,0.0,0.0,0.0,5.4,13.5,24.3,5.4,48.6,0.0,0.0,5.4,0.0,76.2,1,13121,13121,13121,16493,11791,10350,9479,15446,11166,23132,6701,11272,8184,1,18415,18239,1271,1,17:22,2021,2022
2021-22,202355,Hassan Whiteside,Hassan,1610612762,UTA,Utah Jazz,22100713,2022-01-24T00:00:00,UTA @ PHX,L,47.6,0.0,8.7,0.0,11.6,20.3,15.9,7.2,40.6,1.4,0.0,2.9,4.3,41.7,1,13121,13121,13121,14307,11791,2019,9479,8012,18178,17352,8622,17014,6766,1,11004,8968,12853,1,32:49,2021,2022
2021-22,203903,Jordan Clarkson,Jordan,1610612762,UTA,Utah Jazz,22100713,2022-01-24T00:00:00,UTA @ PHX,L,47.7,5.6,0.0,2.8,11.3,19.7,14.1,9.9,50.7,0.0,0.0,2.8,1.4,51.1,1,13121,13121,13121,13669,5478,10350,8273,8313,17621,15331,11670,9739,8184,1,10704,17674,7966,1,33:54,2021,2022
2021-22,1628962,Udoka Azubuike,Udoka,1610612762,UTA,Utah Jazz,22100713,2022-01-24T00:00:00,UTA @ PHX,L,45.0,0.0,0.0,0.0,0.0,0.0,33.3,0.0,66.7,0.0,0.0,0.0,0.0,0.0,1,13121,13121,13121,21661,11791,10350,9479,19255,1,25040,1,2209,8184,1,1,18239,25086,1,2:42,2021,2022
2021-22,1627863,Danuel House Jr.,Danuel,1610612762,UTA,Utah Jazz,22100713,2022-01-24T00:00:00,UTA @ PHX,L,48.4,5.7,0.0,3.4,6.8,19.3,14.8,8.0,47.7,2.3,1.1,0.0,5.7,44.8,1,13121,13121,13121,11157,5420,10350,7165,13512,17258,16125,9395,11986,4113,17508,1,6307,11232,1,42:38,2021,2022
2021-22,200752,Rudy Gay,Rudy,1610612762,UTA,Utah Jazz,22100713,2022-01-24T00:00:00,UTA @ PHX,L,50.0,4.2,4.2,0.0,2.8,14.1,14.1,7.0,59.2,0.0,1.4,2.8,2.8,23.9,1,13121,13121,13121,6236,7654,6579,9479,18835,11786,15331,8414,4890,8184,18748,10704,13204,21585,1,35:30,2021,2022
2021-22,1630235,Trent Forrest,Trent,1610612762,UTA,Utah Jazz,22100713,2022-01-24T00:00:00,UTA @ PHX,L,48.0,5.3,2.7,8.0,18.7,16.0,16.0,6.7,58.7,0.0,1.3,4.0,1.3,38.9,1,13121,13121,13121,12745,5906,9438,1962,3007,13892,17385,7941,5088,8184,18257,14513,17920,14491,1,36:00,2021,2022
2021-22,1626220,Royce O'Neale,Royce,1610612762,UTA,Utah Jazz,22100708,2022-01-23T00:00:00,UTA @ GSW,L,56.6,0.0,0.0,0.0,0.0,30.4,12.5,7.1,42.9,0.0,0.0,3.6,0.0,15.5,1,13121,13121,13121,325,11791,10350,9479,19255,23805,13252,8443,15492,8184,1,13156,18239,23764,1,31:42,2021,2022
2021-22,1630235,Trent Forrest,Trent,1610612762,UTA,Utah Jazz,22100708,2022-01-23T00:00:00,UTA @ GSW,L,52.4,5.6,0.0,0.0,11.1,19.4,11.1,11.1,55.6,2.8,0.0,5.6,8.3,78.1,1,13121,13121,13121,2025,5518,10350,9479,8363,17352,11549,13031,6637,3083,1,18716,2576,1101,1,18:52,2021,2022
2021-22,202711,Bojan Bogdanović,Bojan,1610612762,UTA,Utah Jazz,22100708,2022-01-23T00:00:00,UTA @ GSW,L,56.5,3.4,0.0,10.3,13.8,29.3,12.1,6.9,44.8,0.0,0.0,0.0,8.6,53.6,1,13121,13121,13121,336,9015,10350,1038,5937,23504,12879,8226,14094,8184,1,1,2399,6825,1,32:46,2021,2022
2021-22,200752,Rudy Gay,Rudy,1610612762,UTA,Utah Jazz,22100708,2022-01-23T00:00:00,UTA @ GSW,L,54.4,0.0,6.1,0.0,0.0,9.1,0.0,0.0,30.3,3.0,3.0,6.1,3.0,75.8,1,13121,13121,13121,752,11791,4071,9479,19255,6428,1,1,22456,2630,23573,19841,12439,1316,1,17:57,2021,2022
2021-22,1629672,Eric Paschall,Eric,1610612762,UTA,Utah Jazz,22100708,2022-01-23T00:00:00,UTA @ GSW,L,52.2,0.0,4.3,0.0,8.7,0.0,21.7,0.0,52.2,0.0,4.3,8.7,4.3,41.7,1,13121,13121,13121,2194,11791,6301,9479,11058,1,21900,1,8705,8184,24930,23328,8968,12853,1,12:01,2021,2022
2021-22,204060,Joe Ingles,Joe,1610612762,UTA,Utah Jazz,22100708,2022-01-23T00:00:00,UTA @ GSW,L,56.5,6.8,0.0,0.0,10.2,27.1,5.1,0.0,33.9,0.0,1.7,3.4,1.7,31.7,1,13121,13121,13121,339,4048,10350,9479,9475,22672,5114,1,20889,8184,20305,12656,16549,18356,1,33:19,2021,2022
2021-22,203903,Jordan Clarkson,Jordan,1610612762,UTA,Utah Jazz,22100708,2022-01-23T00:00:00,UTA @ GSW,L,53.3,0.0,0.0,0.0,7.5,13.2,7.5,7.5,41.5,0.0,0.0,1.9,3.8,31.3,1,13121,13121,13121,1269,11791,10350,9479,12567,10788,7567,8939,16449,8184,1,7892,10510,18525,1,28:16,2021,2022
2021-22,203497,Rudy Gobert,Rudy,1610612762,UTA,Utah Jazz,22100708,2022-01-23T00:00:00,UTA @ GSW,L,57.1,3.2,11.1,0.0,15.9,31.7,3.2,6.3,34.9,0.0,1.6,0.0,4.8,63.7,1,13121,13121,13121,283,9542,1070,9479,4449,24142,3786,7671,20418,8184,19814,1,8027,3441,1,35:59,2021,2022
2021-22,201144,Mike Conley,Mike,1610612762,UTA,Utah Jazz,22100708,2022-01-23T00:00:00,UTA @ GSW,L,55.0,0.0,0.0,0.0,0.0,24.5,5.7,0.0,26.4,0.0,1.9,3.8,5.7,35.5,1,13121,13121,13121,569,11791,10350,9479,19255,21306,5635,1,23676,8184,20963,13853,6319,16353,1,29:08,2021,2022
2021-22,201144,Mike Conley,Mike,1610612762,UTA,Utah Jazz,22100693,2022-01-21T00:00:00,UTA vs. DET,W,49.3,0.0,6.6,0.0,9.8,14.8,9.8,21.3,39.3,0.0,0.0,1.6,6.6,52.1,1,1,1,1,8434,11791,3581,9479,9849,12539,10144,22047,17964,8184,1,7192,4780,7485,1,30:03,2021,2022
2021-22,203497,Rudy Gobert,Rudy,1610612762,UTA,Utah Jazz,22100693,2022-01-21T00:00:00,UTA vs. DET,W,49.7,1.5,9.2,4.6,24.6,9.2,9.2,20.0,33.8,6.2,1.5,6.2,13.8,80.5,1,1,1,1,7120,11648,1758,5252,1262,6646,9463,21222,20928,611,19543,20085,430,908,1,32:18,2021,2022
2021-22,1630235,Trent Forrest,Trent,1610612762,UTA,Utah Jazz,22100693,2022-01-21T00:00:00,UTA vs. DET,W,49.9,5.6,0.0,5.6,16.7,5.6,5.6,5.6,27.8,2.8,0.0,2.8,5.6,53.9,1,1,1,1,6655,5518,10350,3971,3897,3781,5511,6830,23314,3083,1,10500,6435,6699,1,17:57,2021,2022
2021-22,1626220,Royce O'Neale,Royce,1610612762,UTA,Utah Jazz,22100693,2022-01-21T00:00:00,UTA vs. DET,W,49.8,0.0,0.0,0.0,0.0,12.5,12.5,15.6,37.5,0.0,1.6,4.7,1.6,16.1,1,1,1,1,6900,11791,10350,9479,19255,9860,13252,17982,18992,8184,19676,16657,17026,23656,1,31:51,2021,2022
2021-22,204060,Joe Ingles,Joe,1610612762,UTA,Utah Jazz,22100693,2022-01-21T00:00:00,UTA vs. DET,W,48.9,0.0,0.0,0.0,3.0,13.6,9.1,16.7,36.4,0.0,0.0,4.5,3.0,27.4,1,1,1,1,9702,11791,10350,9479,18550,11287,9223,18768,19568,8184,1,16195,12439,20295,1,32:16,2021,2022
2021-22,200752,Rudy Gay,Rudy,1610612762,UTA,Utah Jazz,22100693,2022-01-21T00:00:00,UTA vs. DET,W,47.9,5.3,0.0,0.0,5.3,13.2,0.0,13.2,26.3,2.6,0.0,2.6,2.6,44.2,1,1,1,1,13015,5948,10350,9479,15649,10724,1,15476,23688,3379,1,9953,13758,11548,1,18:13,2021,2022
2021-22,202711,Bojan Bogdanović,Bojan,1610612762,UTA,Utah Jazz,22100693,2022-01-21T00:00:00,UTA vs. DET,W,51.2,5.0,3.3,0.0,13.3,10.0,13.3,16.7,40.0,0.0,1.7,5.0,6.7,60.3,1,1,1,1,3679,6336,8063,9479,6252,7287,14333,18768,17110,8184,20185,17392,4499,4320,1,30:43,2021,2022
2021-22,203903,Jordan Clarkson,Jordan,1610612762,UTA,Utah Jazz,22100693,2022-01-21T00:00:00,UTA vs. DET,W,49.1,9.5,3.2,0.0,15.9,7.9,3.2,14.3,31.7,1.6,0.0,3.2,1.6,43.3,1,1,1,1,8879,1881,8344,9479,4449,5510,3786,16511,21933,6094,1,12015,16915,12013,1,30:57,2021,2022
2021-22,1629672,Eric Paschall,Eric,1610612762,UTA,Utah Jazz,22100693,2022-01-21T00:00:00,UTA vs. DET,W,47.6,0.0,0.0,0.0,0.0,15.2,6.1,6.1,36.4,0.0,3.0,9.1,0.0,13.9,1,1,1,1,14243,11791,10350,9479,19255,12959,5977,7349,19568,8184,23573,23570,18239,24046,1,15:42,2021,2022
2021-22,204060,Joe Ingles,Joe,1610612762,UTA,Utah Jazz,22100677,2022-01-19T00:00:00,UTA vs. HOU,L,48.4,3.1,0.0,3.1,6.3,0.0,14.1,0.0,43.8,0.0,0.0,3.1,0.0,43.8,1,13121,13121,13121,11187,9643,10350,7651,14188,1,15295,1,14899,8184,1,11770,18239,11798,1,31:00,2021,2022
2021-22,203497,Rudy Gobert,Rudy,1610612762,UTA,Utah Jazz,22100677,2022-01-19T00:00:00,UTA vs. HOU,L,48.9,4.0,2.7,0.0,24.0,4.0,12.0,0.0,40.0,2.7,0.0,4.0,8.0,67.7,1,13121,13121,13121,9702,8010,9438,9479,1368,3064,12768,1,17110,3335,1,14513,2940,2506,1,36:40,2021,2022
2021-22,202711,Bojan Bogdanović,Bojan,1610612762,UTA,Utah Jazz,22100677,2022-01-19T00:00:00,UTA vs. HOU,L,50.1,6.8,16.4,2.7,21.9,8.2,19.2,4.1,35.6,0.0,1.4,2.7,4.1,48.6,1,13121,13121,13121,6093,3981,392,8454,1894,5745,20196,5608,20079,8184,18481,10413,9643,9220,1,36:33,2021,2022
2021-22,201144,Mike Conley,Mike,1610612762,UTA,Utah Jazz,22100677,2022-01-19T00:00:00,UTA vs. HOU,L,50.7,0.0,0.0,0.0,6.0,4.5,13.4,0.0,44.8,0.0,0.0,4.5,4.5,48.7,1,13121,13121,13121,4709,11791,10350,9479,14636,3290,14558,1,14142,8184,1,16085,8746,9205,1,33:57,2021,2022
2021-22,1627863,Danuel House Jr.,Danuel,1610612762,UTA,Utah Jazz,22100677,2022-01-19T00:00:00,UTA vs. HOU,L,49.8,8.7,8.7,0.0,17.4,0.0,8.7,0.0,43.5,0.0,0.0,0.0,0.0,29.1,1,13121,13121,13121,6859,2373,2019,9479,3566,1,8806,1,15063,8184,1,1,18239,19576,1,11:27,2021,2022
2021-22,1626220,Royce O'Neale,Royce,1610612762,UTA,Utah Jazz,22100677,2022-01-19T00:00:00,UTA vs. HOU,L,49.9,0.0,0.0,0.0,0.0,8.3,16.7,4.2,33.3,0.0,0.0,2.8,1.4,47.9,1,13121,13121,13121,6583,11791,10350,9479,19255,5765,17885,5617,20988,8184,1,10500,17731,9577,1,35:55,2021,2022
2021-22,203903,Jordan Clarkson,Jordan,1610612762,UTA,Utah Jazz,22100677,2022-01-19T00:00:00,UTA vs. HOU,L,51.0,3.5,0.0,3.5,17.5,10.5,19.3,5.3,35.1,1.8,1.8,3.5,7.0,52.3,1,13121,13121,13121,4016,8924,10350,6983,3534,7857,20297,6557,20323,5475,20520,13017,4111,7430,1,29:05,2021,2022
2021-22,1630235,Trent Forrest,Trent,1610612762,UTA,Utah Jazz,22100677,2022-01-19T00:00:00,UTA vs. HOU,L,48.4,0.0,0.0,6.9,13.8,10.3,24.1,10.3,20.7,0.0,3.4,0.0,3.4,27.9,1,13121,13121,13121,11154,11791,10350,2699,5937,7702,23033,12219,24689,8184,24147,1,11302,20084,1,14:03,2021,2022
2021-22,1628962,Udoka Azubuike,Udoka,1610612762,UTA,Utah Jazz,22100677,2022-01-19T00:00:00,UTA vs. HOU,L,49.3,0.0,0.0,0.0,8.7,13.0,30.4,13.0,26.1,8.7,0.0,8.7,0.0,42.6,1,13121,13121,13121,8398,11791,10350,9479,11058,10581,24748,15346,23726,211,1,23328,18239,12410,1,11:20,2021,2022
2021-22,204060,Joe Ingles,Joe,1610612762,UTA,Utah Jazz,22100665,2022-01-17T00:00:00,UTA @ LAL,L,49.1,0.0,0.0,0.0,0.0,10.4,4.2,25.0,50.0,0.0,0.0,4.2,0.0,27.9,1,13121,13121,13121,9098,11791,10350,9479,19255,7783,4410,23456,9853,8184,1,15063,18239,20093,1,23:33,2021,2022
2021-22,203903,Jordan Clarkson,Jordan,1610612762,UTA,Utah Jazz,22100665,2022-01-17T00:00:00,UTA @ LAL,L,51.0,0.0,0.0,0.0,8.5,10.6,8.5,25.5,63.8,0.0,0.0,10.6,4.3,23.2,1,13121,13121,13121,4130,11791,10350,9479,11368,8011,8615,23784,3247,8184,1,24494,9270,21833,1,23:57,2021,2022
2021-22,203497,Rudy Gobert,Rudy,1610612762,UTA,Utah Jazz,22100665,2022-01-17T00:00:00,UTA @ LAL,L,50.0,0.0,5.4,2.7,16.2,13.5,6.8,25.7,45.9,4.1,1.4,4.1,9.5,63.8,1,13121,13121,13121,6413,11791,4834,8542,4238,11166,6699,23827,13253,1574,18376,14789,1840,3403,1,36:58,2021,2022
2021-22,202711,Bojan Bogdanović,Bojan,1610612762,UTA,Utah Jazz,22100665,2022-01-17T00:00:00,UTA @ LAL,L,49.7,0.0,0.0,0.0,3.1,12.3,7.7,13.8,40.0,0.0,3.1,6.2,1.5,22.2,1,13121,13121,13121,7036,11791,10350,9479,18475,9781,7648,16211,17110,8184,23678,20085,17140,22162,1,32:19,2021,2022
2021-22,200752,Rudy Gay,Rudy,1610612762,UTA,Utah Jazz,22100665,2022-01-17T00:00:00,UTA @ LAL,L,49.5,0.0,5.4,0.0,16.2,13.5,5.4,10.8,59.5,0.0,0.0,5.4,5.4,70.5,1,13121,13121,13121,7833,11791,4834,9479,4238,11166,5369,12787,4732,8184,1,18415,6771,2025,1,18:18,2021,2022
2021-22,1626220,Royce O'Neale,Royce,1610612762,UTA,Utah Jazz,22100665,2022-01-17T00:00:00,UTA @ LAL,L,49.3,4.3,0.0,4.3,0.0,15.7,10.0,10.0,40.0,2.9,0.0,4.3,2.9,40.0,1,13121,13121,13121,8426,7523,10350,5727,19255,13631,10223,11717,17110,2917,1,15528,13011,13802,1,34:29,2021,2022
2021-22,1628378,Donovan Mitchell,Donovan,1610612762,UTA,Utah Jazz,22100665,2022-01-17T00:00:00,UTA @ LAL,L,49.3,9.3,0.0,4.0,13.3,14.7,9.3,12.0,42.7,1.3,2.7,2.7,2.7,45.5,1,13121,13121,13121,8354,2025,10350,6170,6252,12442,9585,14175,15684,7405,22857,10135,13697,10865,1,36:58,2021,2022
2021-22,201144,Mike Conley,Mike,1610612762,UTA,Utah Jazz,22100665,2022-01-17T00:00:00,UTA @ LAL,L,50.9,5.5,0.0,0.0,3.6,18.2,5.5,25.5,43.6,0.0,0.0,0.0,3.6,45.8,1,13121,13121,13121,4170,5702,10350,9479,17650,16081,5456,23764,15003,8184,1,1,10847,10676,1,28:01,2021,2022
2021-22,1629672,Eric Paschall,Eric,1610612762,UTA,Utah Jazz,22100665,2022-01-17T00:00:00,UTA @ LAL,L,47.1,0.0,0.0,0.0,0.0,0.0,0.0,75.0,0.0,0.0,0.0,0.0,0.0,0.0,1,13121,13121,13121,15953,11791,10350,9479,19255,1,1,25986,25345,8184,1,1,18239,25086,1,3:46,2021,2022
2021-22,1630235,Trent Forrest,Trent,1610612762,UTA,Utah Jazz,22100665,2022-01-17T00:00:00,UTA @ LAL,L,33.7,0.0,0.0,0.0,0.0,0.0,0.0,60.0,0.0,0.0,0.0,0.0,20.0,20.0,1,13121,13121,13121,25908,11791,10350,9479,19255,1,1,25908,25345,8184,1,1,80,22749,1,1:41,2021,2022
2021-22,204060,Joe Ingles,Joe,1610612762,UTA,Utah Jazz,22100653,2022-01-16T00:00:00,UTA @ DEN,W,48.1,0.0,0.0,0.0,0.0,0.0,4.7,0.0,41.9,0.0,2.3,2.3,0.0,35.6,1,1,1,1,12255,11791,10350,9479,19255,1,4739,1,16218,8184,22009,8987,18239,16303,1,20:42,2021,2022
2021-22,1626220,Royce O'Neale,Royce,1610612762,UTA,Utah Jazz,22100653,2022-01-16T00:00:00,UTA @ DEN,W,47.5,4.6,3.1,1.5,6.2,15.4,13.8,21.5,67.7,0.0,0.0,4.6,1.5,29.4,1,1,1,1,14661,6988,8541,9395,14376,13168,15030,22168,2147,8184,1,16466,17140,19443,1,30:51,2021,2022
2021-22,203903,Jordan Clarkson,Jordan,1610612762,UTA,Utah Jazz,22100653,2022-01-16T00:00:00,UTA @ DEN,W,50.2,5.7,0.0,13.2,3.8,3.8,5.7,7.5,37.7,1.9,0.0,1.9,3.8,63.6,1,1,1,1,5720,5427,10350,479,17453,3000,5635,8939,18913,5042,1,7892,10510,3453,1,26:37,2021,2022
2021-22,203497,Rudy Gobert,Rudy,1610612762,UTA,Utah Jazz,22100653,2022-01-16T00:00:00,UTA @ DEN,W,46.7,4.0,14.7,0.0,18.7,10.7,5.3,18.7,42.7,2.7,0.0,2.7,6.7,62.4,1,1,1,1,17311,8010,515,9479,3007,8049,5342,20516,15684,3335,1,10135,4499,3745,1,35:00,2021,2022
2021-22,1628378,Donovan Mitchell,Donovan,1610612762,UTA,Utah Jazz,22100653,2022-01-16T00:00:00,UTA @ DEN,W,46.5,0.0,2.6,6.6,15.8,13.2,11.8,18.4,63.2,0.0,1.3,2.6,6.6,63.2,1,1,1,1,17749,11791,9511,2955,4478,10724,12616,20332,3422,8184,18158,9953,4747,3558,1,35:22,2021,2022
2021-22,1630235,Trent Forrest,Trent,1610612762,UTA,Utah Jazz,22100653,2022-01-16T00:00:00,UTA @ DEN,W,56.2,0.0,0.0,0.0,0.0,0.0,0.0,0.0,20.0,10.0,0.0,10.0,0.0,66.0,1,1,1,1,370,11791,10350,9479,19255,1,1,1,24732,134,1,24116,18239,2858,1,5:37,2021,2022
2021-22,1629672,Eric Paschall,Eric,1610612762,UTA,Utah Jazz,22100653,2022-01-16T00:00:00,UTA @ DEN,W,52.3,11.1,0.0,0.0,33.3,0.0,0.0,0.0,11.1,0.0,0.0,5.6,11.1,78.9,1,1,1,1,2127,1265,10350,9479,296,1,1,1,25281,8184,1,18716,987,1037,1,9:25,2021,2022
2021-22,202711,Bojan Bogdanović,Bojan,1610612762,UTA,Utah Jazz,22100653,2022-01-16T00:00:00,UTA @ DEN,W,47.8,3.1,0.0,3.1,18.8,15.6,14.1,21.9,65.6,0.0,0.0,1.6,4.7,55.2,1,1,1,1,13331,9643,10350,7651,2953,13503,15295,22333,2789,8184,1,6899,8244,6195,1,30:37,2021,2022
2021-22,200752,Rudy Gay,Rudy,1610612762,UTA,Utah Jazz,22100653,2022-01-16T00:00:00,UTA @ DEN,W,49.4,0.0,0.0,0.0,4.8,4.8,11.9,0.0,61.9,0.0,0.0,7.1,4.8,34.3,1,1,1,1,8142,11791,10350,9479,16316,3390,12672,1,3818,8184,1,21603,8027,16969,1,20:44,2021,2022
2021-22,201144,Mike Conley,Mike,1610612762,UTA,Utah Jazz,22100653,2022-01-16T00:00:00,UTA @ DEN,W,46.0,0.0,0.0,0.0,3.9,15.7,7.8,19.6,47.1,2.0,0.0,2.0,3.9,40.4,1,1,1,1,19350,11791,10350,9479,17270,13586,7883,21122,12370,4834,1,8082,10122,13635,1,23:27,2021,2022
2021-22,1627756,Denzel Valentine,Denzel,1610612762,UTA,Utah Jazz,22100653,2022-01-16T00:00:00,UTA @ DEN,W,54.4,0.0,0.0,0.0,0.0,0.0,0.0,0.0,66.7,0.0,0.0,0.0,0.0,40.0,1,1,1,1,717,11791,10350,9479,19255,1,1,1,2209,8184,1,1,18239,13802,1,1:38,2021,2022
2021-22,1627756,Denzel Valentine,Denzel,1610612762,UTA,Utah Jazz,22100624,2022-01-12T00:00:00,UTA vs. CLE,L,49.5,0.0,0.0,0.0,5.9,5.9,11.8,14.7,64.7,0.0,0.0,8.8,0.0,28.2,1,13121,13121,13121,7826,11791,10350,9479,14717,3986,12437,17068,3005,8184,1,23436,18239,19940,1,16:49,2021,2022
2021-22,202711,Bojan Bogdanović,Bojan,1610612762,UTA,Utah Jazz,22100624,2022-01-12T00:00:00,UTA vs. CLE,L,50.5,0.0,0.0,0.0,2.9,2.9,5.9,13.2,61.8,0.0,1.5,1.5,1.5,21.9,1,13121,13121,13121,5103,11791,10350,9479,18686,2736,5789,15579,3865,8184,19135,6542,17436,22245,1,34:20,2021,2022
2021-22,201144,Mike Conley,Mike,1610612762,UTA,Utah Jazz,22100624,2022-01-12T00:00:00,UTA vs. CLE,L,50.5,0.0,0.0,0.0,7.4,3.7,11.1,11.1,74.1,0.0,0.0,5.6,9.3,35.0,1,13121,13121,13121,5095,11791,10350,9479,12670,2970,11549,13031,1233,8184,1,18716,1951,16569,1,27:16,2021,2022
2021-22,1626220,Royce O'Neale,Royce,1610612762,UTA,Utah Jazz,22100624,2022-01-12T00:00:00,UTA vs. CLE,L,52.4,4.3,0.0,0.0,0.0,2.9,8.7,10.1,63.8,1.4,1.4,4.3,0.0,43.9,1,13121,13121,13121,2057,7379,10350,9479,19255,2722,8806,11994,3270,6766,19004,15626,18239,11712,1,36:09,2021,2022
2021-22,1630235,Trent Forrest,Trent,1610612762,UTA,Utah Jazz,22100624,2022-01-12T00:00:00,UTA vs. CLE,L,46.2,0.0,0.0,0.0,0.0,0.0,0.0,21.4,42.9,0.0,0.0,0.0,0.0,8.6,1,13121,13121,13121,18726,11791,10350,9479,19255,1,1,22074,15492,8184,1,1,18239,24702,1,6:28,2021,2022
2021-22,1629597,Zylan Cheatham,Zylan,1610612762,UTA,Utah Jazz,22100624,2022-01-12T00:00:00,UTA vs. CLE,L,47.1,0.0,0.0,0.0,0.0,18.2,0.0,54.5,54.5,0.0,0.0,0.0,0.0,0.0,1,13121,13121,13121,15834,11791,10350,9479,19255,16081,1,25884,7149,8184,1,1,18239,25086,1,5:11,2021,2022
2021-22,204060,Joe Ingles,Joe,1610612762,UTA,Utah Jazz,22100624,2022-01-12T00:00:00,UTA vs. CLE,L,49.6,0.0,0.0,0.0,7.4,7.4,14.8,7.4,81.5,0.0,0.0,0.0,0.0,11.9,1,13121,13121,13121,7307,11791,10350,9479,12670,5049,16133,8759,637,8184,1,1,18239,24336,1,13:24,2021,2022
2021-22,1628378,Donovan Mitchell,Donovan,1610612762,UTA,Utah Jazz,22100624,2022-01-12T00:00:00,UTA vs. CLE,L,50.7,4.6,0.0,0.0,9.2,3.1,6.2,10.8,61.5,0.0,0.0,6.2,4.6,47.7,1,13121,13121,13121,4628,6988,10350,9479,10508,2781,6084,12752,3890,8184,1,20085,8416,9687,1,32:58,2021,2022
2021-22,1629672,Eric Paschall,Eric,1610612762,UTA,Utah Jazz,22100624,2022-01-12T00:00:00,UTA vs. CLE,L,49.4,9.0,3.0,0.0,17.9,3.0,9.0,7.5,53.7,1.5,1.5,0.0,3.0,42.4,1,13121,13121,13121,7934,2231,8729,9479,3382,2751,9153,8865,7746,6548,19269,1,12623,12518,1,33:07,2021,2022
2021-22,203903,Jordan Clarkson,Jordan,1610612762,UTA,Utah Jazz,22100624,2022-01-12T00:00:00,UTA vs. CLE,L,51.2,4.5,0.0,7.5,11.9,6.0,9.0,14.9,62.7,0.0,0.0,3.0,9.0,42.4,1,13121,13121,13121,3682,7195,10350,2294,7662,4069,9153,17319,3587,8184,1,11332,2172,12518,1,34:18,2021,2022
2021-22,1628378,Donovan Mitchell,Donovan,1610612762,UTA,Utah Jazz,22100608,2022-01-10T00:00:00,UTA @ DET,L,48.9,2.7,8.0,5.3,18.7,28.0,14.7,6.7,37.3,0.0,2.7,6.7,5.3,56.8,1,13121,13121,13121,9631,10782,2406,4279,3007,22985,15979,7941,19183,8184,22857,20849,6937,5539,1,36:41,2021,2022
2021-22,1627863,Danuel House Jr.,Danuel,1610612762,UTA,Utah Jazz,22100608,2022-01-10T00:00:00,UTA @ DET,L,44.3,0.0,0.0,0.0,0.0,23.5,11.8,11.8,64.7,0.0,0.0,2.9,2.9,29.1,1,13121,13121,13121,22943,11791,10350,9479,19255,20684,12437,13848,3005,8184,1,11118,12717,19588,1,15:03,2021,2022
2021-22,201144,Mike Conley,Mike,1610612762,UTA,Utah Jazz,22100608,2022-01-10T00:00:00,UTA @ DET,L,44.4,0.0,0.0,0.0,5.6,23.6,6.9,5.6,36.1,0.0,1.4,1.4,5.6,41.7,1,13121,13121,13121,22676,11791,10350,9479,15212,20760,6912,6830,19824,8184,18613,6208,6435,12898,1,32:00,2021,2022
2021-22,203903,Jordan Clarkson,Jordan,1610612762,UTA,Utah Jazz,22100608,2022-01-10T00:00:00,UTA @ DET,L,46.3,5.0,0.0,0.0,6.7,26.7,16.7,15.0,56.7,1.7,0.0,1.7,0.0,47.5,1,13121,13121,13121,18347,6336,10350,9479,13615,22422,17885,17359,6101,5779,1,7272,18239,9794,1,27:48,2021,2022
2021-22,1629672,Eric Paschall,Eric,1610612762,UTA,Utah Jazz,22100608,2022-01-10T00:00:00,UTA @ DET,L,43.4,0.0,4.9,0.0,19.5,19.5,9.8,17.1,58.5,0.0,0.0,2.4,9.8,45.4,1,13121,13121,13121,24018,11791,5506,9479,2677,17428,10037,19237,5131,8184,1,9309,1668,10918,1,17:47,2021,2022
2021-22,202711,Bojan Bogdanović,Bojan,1610612762,UTA,Utah Jazz,22100608,2022-01-10T00:00:00,UTA @ DET,L,49.3,7.2,0.0,5.8,14.5,30.4,15.9,7.2,34.8,0.0,0.0,2.9,5.8,24.3,1,13121,13121,13121,8259,3600,10350,3742,5391,23815,17352,8622,20459,8184,1,11004,6062,21446,1,34:02,2021,2022
2021-22,1626220,Royce O'Neale,Royce,1610612762,UTA,Utah Jazz,22100608,2022-01-10T00:00:00,UTA @ DET,L,49.1,2.8,0.0,0.0,5.6,26.8,12.7,7.0,36.6,0.0,0.0,2.8,0.0,30.4,1,13121,13121,13121,9030,10392,10350,9479,15155,22521,13602,8414,19533,8184,1,10704,18239,18931,1,34:51,2021,2022
2021-22,202355,Hassan Whiteside,Hassan,1610612762,UTA,Utah Jazz,22100608,2022-01-10T00:00:00,UTA @ DET,L,45.1,0.0,8.0,0.0,26.7,22.7,6.7,2.7,32.0,4.0,5.3,2.7,2.7,71.1,1,13121,13121,13121,21493,11791,2406,9479,871,20102,6551,4550,21805,1588,25411,10135,13697,1932,1,33:49,2021,2022
2021-22,203658,Norvel Pelle,Norvel,1610612762,UTA,Utah Jazz,22100608,2022-01-10T00:00:00,UTA @ DET,L,49.9,0.0,0.0,0.0,0.0,50.0,37.5,25.0,75.0,0.0,0.0,6.3,6.3,1.3,1,13121,13121,13121,6554,11791,10350,9479,19255,25636,25417,23456,1073,8184,1,20153,5168,25053,1,7:59,2021,2022
2021-22,202355,Hassan Whiteside,Hassan,1610612762,UTA,Utah Jazz,22100594,2022-01-08T00:00:00,UTA @ IND,L,49.9,3.9,0.0,0.0,11.8,15.7,11.8,15.7,47.1,0.0,3.9,9.8,7.8,32.5,1,13121,13121,13121,6459,8189,10350,9479,7753,13586,12437,18050,12370,8184,24643,24082,3109,17923,1,25:28,2021,2022
2021-22,1627863,Danuel House Jr.,Danuel,1610612762,UTA,Utah Jazz,22100594,2022-01-08T00:00:00,UTA @ IND,L,47.2,0.0,0.0,0.0,0.0,14.8,0.0,14.8,44.4,0.0,0.0,11.1,3.7,4.4,1,13121,13121,13121,15511,11791,10350,9479,19255,12579,1,17170,14227,8184,1,24599,10614,24940,1,12:45,2021,2022
2021-22,1628378,Donovan Mitchell,Donovan,1610612762,UTA,Utah Jazz,22100594,2022-01-08T00:00:00,UTA @ IND,L,48.2,6.5,0.0,3.9,15.6,13.0,13.0,13.0,46.8,0.0,1.3,6.5,3.9,68.7,1,13121,13121,13121,12009,4369,10350,6411,4639,10565,13989,15324,12669,8184,18058,20667,10201,2334,1,37:07,2021,2022
2021-22,202711,Bojan Bogdanović,Bojan,1610612762,UTA,Utah Jazz,22100594,2022-01-08T00:00:00,UTA @ IND,L,47.4,0.0,2.5,0.0,5.1,17.7,12.7,15.2,45.6,0.0,1.3,2.5,3.8,33.8,1,13121,13121,13121,14727,11791,9708,9479,15964,15711,13577,17570,13543,8184,17890,9672,10474,17222,1,37:29,2021,2022
2021-22,1626220,Royce O'Neale,Royce,1610612762,UTA,Utah Jazz,22100594,2022-01-08T00:00:00,UTA @ IND,L,48.4,2.5,0.0,2.5,2.5,15.2,12.7,12.7,45.6,1.3,0.0,5.1,1.3,29.4,1,13121,13121,13121,11474,11099,10350,8957,19138,13032,13577,14956,13543,7745,1,17653,18073,19454,1,38:12,2021,2022
2021-22,201144,Mike Conley,Mike,1610612762,UTA,Utah Jazz,22100594,2022-01-08T00:00:00,UTA @ IND,L,47.7,0.0,0.0,0.0,3.1,16.9,9.2,9.2,33.8,0.0,0.0,1.5,4.6,45.4,1,13121,13121,13121,13933,11791,10350,9479,18475,14894,9463,10906,20928,8184,1,6811,8416,10904,1,30:59,2021,2022
2021-22,203903,Jordan Clarkson,Jordan,1610612762,UTA,Utah Jazz,22100594,2022-01-08T00:00:00,UTA @ IND,L,48.1,8.6,0.0,10.3,17.2,19.0,6.9,20.7,58.6,0.0,3.4,3.4,5.2,39.5,1,13121,13121,13121,12386,2459,10350,1038,3682,16926,6805,21746,5105,8184,24147,12792,7269,14195,1,27:54,2021,2022
2021-22,1629672,Eric Paschall,Eric,1610612762,UTA,Utah Jazz,22100594,2022-01-08T00:00:00,UTA @ IND,L,45.7,0.0,0.0,0.0,0.0,22.2,0.0,22.2,44.4,0.0,0.0,0.0,11.1,11.1,1,13121,13121,13121,19991,11791,10350,9479,19255,19667,1,22452,14227,8184,1,1,987,24417,1,4:07,2021,2022
2021-22,203658,Norvel Pelle,Norvel,1610612762,UTA,Utah Jazz,22100594,2022-01-08T00:00:00,UTA @ IND,L,42.9,0.0,9.5,0.0,19.0,9.5,0.0,19.0,38.1,4.8,0.0,0.0,0.0,51.4,1,13121,13121,13121,24358,11791,1611,9479,2841,6887,1,20750,18680,1089,1,1,18239,7810,1,9:01,2021,2022
2021-22,200752,Rudy Gay,Rudy,1610612762,UTA,Utah Jazz,22100594,2022-01-08T00:00:00,UTA @ IND,L,48.5,0.0,5.7,0.0,5.7,17.1,11.4,5.7,51.4,2.9,2.9,8.6,5.7,51.4,1,13121,13121,13121,11067,11791,4446,9479,14977,15086,12073,6986,9204,2917,23236,23235,6179,7810,1,16:58,2021,2022
2021-22,1630238,Malik Fitts,Malik,1610612762,UTA,Utah Jazz,22100584,2022-01-07T00:00:00,UTA @ TOR,L,48.1,6.8,0.0,0.0,0.0,22.7,31.8,29.5,36.4,0.0,0.0,4.5,0.0,28.2,1,13121,13121,13121,12445,4010,10350,9479,19255,20116,24935,24757,19568,8184,1,16195,18239,19960,1,21:10,2021,2022
2021-22,1630235,Trent Forrest,Trent,1610612762,UTA,Utah Jazz,22100584,2022-01-07T00:00:00,UTA @ TOR,L,50.2,0.0,0.0,0.0,8.6,31.4,24.3,21.4,48.6,0.0,1.4,1.4,0.0,22.6,1,13121,13121,13121,5684,11791,10350,9479,11290,24061,23122,22074,11356,8184,18872,6375,18239,22036,1,35:10,2021,2022
2021-22,1629672,Eric Paschall,Eric,1610612762,UTA,Utah Jazz,22100584,2022-01-07T00:00:00,UTA @ TOR,L,48.9,2.7,8.0,0.0,16.0,30.7,25.3,10.7,56.0,0.0,2.7,6.7,6.7,47.5,1,13121,13121,13121,9776,10782,2406,9479,4345,23883,23563,12658,6436,8184,22857,20849,4499,9830,1,36:39,2021,2022
2021-22,1628962,Udoka Azubuike,Udoka,1610612762,UTA,Utah Jazz,22100584,2022-01-07T00:00:00,UTA @ TOR,L,53.1,0.0,0.0,0.0,6.5,35.5,25.8,16.1,25.8,3.2,0.0,0.0,3.2,27.7,1,13121,13121,13121,1420,11791,10350,9479,13903,24769,23722,18440,23784,2348,1,1,11892,20170,1,16:27,2021,2022
2021-22,203658,Norvel Pelle,Norvel,1610612762,UTA,Utah Jazz,22100584,2022-01-07T00:00:00,UTA @ TOR,L,50.4,0.0,50.0,50.0,50.0,0.0,0.0,0.0,0.0,0.0,0.0,0.0,0.0,80.0,1,13121,13121,13121,5276,11791,12,6,41,1,1,1,25345,8184,1,1,18239,935,1,2:01,2021,2022
2021-22,1627863,Danuel House Jr.,Danuel,1610612762,UTA,Utah Jazz,22100584,2022-01-07T00:00:00,UTA @ TOR,L,48.6,0.0,9.4,0.0,3.8,22.6,32.1,35.8,56.6,1.9,0.0,3.8,3.8,48.7,1,13121,13121,13121,10710,11791,1677,9479,17453,20077,24970,25413,6147,5042,1,13853,10510,9194,1,25:45,2021,2022
2021-22,1630190,Elijah Hughes,Elijah,1610612762,UTA,Utah Jazz,22100584,2022-01-07T00:00:00,UTA @ TOR,L,49.7,3.7,0.0,7.3,4.9,29.3,23.2,25.6,56.1,0.0,0.0,2.4,2.4,55.6,1,13121,13121,13121,6989,8675,10350,2408,16165,23486,22666,23807,6420,8184,1,9309,14376,5991,1,40:47,2021,2022
2021-22,1630215,Jared Butler,Jared,1610612762,UTA,Utah Jazz,22100584,2022-01-07T00:00:00,UTA @ TOR,L,49.4,0.0,6.3,4.7,6.3,32.8,28.1,12.5,62.5,0.0,6.3,6.3,1.6,33.8,1,13121,13121,13121,8078,11791,3838,5125,14188,24334,24308,14634,3616,8184,25611,20153,17026,17237,1,31:36,2021,2022
2021-22,202355,Hassan Whiteside,Hassan,1610612762,UTA,Utah Jazz,22100584,2022-01-07T00:00:00,UTA @ TOR,L,47.5,1.6,0.0,3.1,9.4,26.6,28.1,25.0,68.8,3.1,0.0,7.8,9.4,34.2,1,13121,13121,13121,14417,11636,10350,7651,10356,22398,24308,23456,1942,2467,1,22566,1873,17028,1,30:25,2021,2022
2021-22,1630235,Trent Forrest,Trent,1610612762,UTA,Utah Jazz,22100575,2022-01-05T00:00:00,UTA @ DEN,W,49.7,0.0,0.0,0.0,0.0,10.0,20.0,0.0,60.0,0.0,0.0,5.0,0.0,25.5,1,1,1,1,6949,11791,10350,9479,19255,7287,20659,1,4429,8184,1,17392,18239,21052,1,9:57,2021,2022
2021-22,200752,Rudy Gay,Rudy,1610612762,UTA,Utah Jazz,22100575,2022-01-05T00:00:00,UTA @ DEN,W,47.5,0.0,9.8,0.0,6.6,9.8,6.6,6.6,49.2,3.3,0.0,6.6,8.2,60.5,1,1,1,1,14467,11791,1509,9479,13819,7206,6497,7888,10941,2321,1,20758,2797,4276,1,28:59,2021,2022
2021-22,1629672,Eric Paschall,Eric,1610612762,UTA,Utah Jazz,22100575,2022-01-05T00:00:00,UTA @ DEN,W,50.5,0.0,0.0,0.0,7.7,7.7,15.4,7.7,69.2,0.0,0.0,3.8,3.8,20.8,1,1,1,1,5040,11791,10350,9479,12330,5249,16658,9028,1868,8184,1,13999,10246,22573,1,13:08,2021,2022
2021-22,1626220,Royce O'Neale,Royce,1610612762,UTA,Utah Jazz,22100575,2022-01-05T00:00:00,UTA @ DEN,W,46.8,5.2,2.6,0.0,5.2,5.2,5.2,5.2,51.9,1.3,2.6,2.6,0.0,51.6,1,1,1,1,16761,6091,9586,9479,15793,3612,5220,6532,8920,7575,22684,9899,18239,7757,1,36:04,2021,2022
2021-22,203903,Jordan Clarkson,Jordan,1610612762,UTA,Utah Jazz,22100575,2022-01-05T00:00:00,UTA @ DEN,W,48.7,0.0,0.0,0.0,6.3,9.5,9.5,9.5,57.1,0.0,0.0,7.9,1.6,27.3,1,1,1,1,10501,11791,10350,9479,14089,6887,9740,11207,5647,8184,1,22667,16915,20331,1,30:39,2021,2022
2021-22,1628962,Udoka Azubuike,Udoka,1610612762,UTA,Utah Jazz,22100575,2022-01-05T00:00:00,UTA @ DEN,W,44.6,0.0,0.0,0.0,11.4,0.0,11.4,5.7,62.9,2.9,2.9,8.6,5.7,32.0,1,1,1,1,22476,11791,10350,9479,8127,1,12073,6986,3527,2917,23236,23235,6179,18183,1,15:36,2021,2022
2021-22,1628378,Donovan Mitchell,Donovan,1610612762,UTA,Utah Jazz,22100575,2022-01-05T00:00:00,UTA @ DEN,W,47.0,2.6,0.0,0.0,18.2,5.2,5.2,7.8,54.5,0.0,0.0,1.3,3.9,32.3,1,1,1,1,16223,10948,10350,9479,3126,3612,5220,9204,7149,8184,1,5870,10201,18034,1,36:12,2021,2022
2021-22,201144,Mike Conley,Mike,1610612762,UTA,Utah Jazz,22100575,2022-01-05T00:00:00,UTA @ DEN,W,46.3,0.0,0.0,0.0,6.3,3.2,9.5,0.0,54.0,0.0,1.6,0.0,3.2,42.5,1,1,1,1,18495,11791,10350,9479,14089,2817,9740,1,7604,8184,19814,1,12054,12442,1,29:09,2021,2022
2021-22,202711,Bojan Bogdanović,Bojan,1610612762,UTA,Utah Jazz,22100575,2022-01-05T00:00:00,UTA @ DEN,W,47.9,7.1,0.0,4.8,26.2,4.8,4.8,7.1,54.8,0.0,0.0,1.2,8.3,71.0,1,1,1,1,12987,3638,10350,4998,958,3390,4814,8443,7140,8184,1,5607,2576,1954,1,40:16,2021,2022
2021-22,202711,Bojan Bogdanović,Bojan,1610612762,UTA,Utah Jazz,22100557,2022-01-03T00:00:00,UTA @ NOP,W,47.4,0.0,0.0,0.0,8.1,20.3,29.7,8.1,48.6,0.0,1.4,2.7,1.4,33.2,1,1,1,1,14911,11791,10350,9479,11897,18155,24634,9566,11272,8184,18376,10239,17857,17552,1,35:04,2021,2022
2021-22,1626220,Royce O'Neale,Royce,1610612762,UTA,Utah Jazz,22100557,2022-01-03T00:00:00,UTA @ NOP,W,49.0,3.4,0.0,0.0,3.4,18.6,32.2,13.6,50.8,0.0,0.0,6.8,0.0,15.4,1,1,1,1,9476,9139,10350,9479,18001,16620,24985,15935,9607,8184,1,21161,18239,23782,1,28:53,2021,2022
2021-22,204060,Joe Ingles,Joe,1610612762,UTA,Utah Jazz,22100557,2022-01-03T00:00:00,UTA @ NOP,W,49.3,3.8,0.0,0.0,3.8,26.4,28.3,7.5,60.4,0.0,0.0,5.7,0.0,26.8,1,1,1,1,8305,8448,10350,9479,17453,22333,24348,8939,4352,8184,1,19062,18239,20557,1,26:08,2021,2022
2021-22,201144,Mike Conley,Mike,1610612762,UTA,Utah Jazz,22100557,2022-01-03T00:00:00,UTA @ NOP,W,49.6,0.0,5.0,0.0,10.0,6.7,25.0,5.0,36.7,1.7,0.0,3.3,10.0,73.5,1,1,1,1,7430,11791,5313,9479,9583,4468,23275,6322,19493,5779,1,12446,1461,1578,1,29:45,2021,2022
2021-22,1630235,Trent Forrest,Trent,1610612762,UTA,Utah Jazz,22100557,2022-01-03T00:00:00,UTA @ NOP,W,40.3,0.0,0.0,0.0,20.0,50.0,0.0,0.0,40.0,0.0,0.0,0.0,20.0,34.0,1,1,1,1,25422,11791,10350,9479,2422,25636,1,1,17110,8184,1,1,80,17121,1,4:02,2021,2022
2021-22,1628378,Donovan Mitchell,Donovan,1610612762,UTA,Utah Jazz,22100557,2022-01-03T00:00:00,UTA @ NOP,W,48.8,2.9,0.0,0.0,11.4,24.3,32.9,11.4,54.3,1.4,1.4,4.3,4.3,67.3,1,1,1,1,10045,10292,10350,9479,8127,21172,25035,13493,7414,6879,18872,15528,9205,2593,1,34:09,2021,2022
2021-22,203497,Rudy Gobert,Rudy,1610612762,UTA,Utah Jazz,22100557,2022-01-03T00:00:00,UTA @ NOP,W,48.2,2.6,7.8,0.0,7.8,14.3,19.5,10.4,39.0,2.6,1.3,6.5,7.8,52.5,1,1,1,1,11960,10948,2573,9479,12285,11840,20439,12282,18204,3485,18058,20667,3164,7345,1,37:08,2021,2022
2021-22,203903,Jordan Clarkson,Jordan,1610612762,UTA,Utah Jazz,22100557,2022-01-03T00:00:00,UTA @ NOP,W,49.5,6.1,0.0,0.0,8.2,20.4,36.7,6.1,61.2,0.0,0.0,2.0,4.1,31.4,1,1,1,1,7740,4827,10350,9479,11805,18285,25387,7456,4076,8184,1,8288,9711,18462,1,24:15,2021,2022
2021-22,200752,Rudy Gay,Rudy,1610612762,UTA,Utah Jazz,22100557,2022-01-03T00:00:00,UTA @ NOP,W,51.5,7.5,0.0,0.0,5.0,20.0,45.0,0.0,70.0,0.0,5.0,10.0,2.5,43.3,1,1,1,1,3183,3325,10350,9479,15991,17672,25733,1,1756,8184,25269,24116,14178,12082,1,20:36,2021,2022
2021-22,1626220,Royce O'Neale,Royce,1610612762,UTA,Utah Jazz,22100544,2022-01-01T00:00:00,UTA vs. GSW,L,47.9,4.0,2.7,0.0,8.0,28.0,4.0,12.0,32.0,0.0,0.0,4.0,4.0,29.1,1,13121,13121,13121,13116,8010,9438,9479,11960,22985,4266,14175,21805,8184,1,14513,9859,19617,1,35:56,2021,2022
2021-22,200752,Rudy Gay,Rudy,1610612762,UTA,Utah Jazz,22100544,2022-01-01T00:00:00,UTA vs. GSW,L,48.4,9.8,4.9,0.0,9.8,29.3,17.1,9.8,58.5,0.0,0.0,7.3,4.9,34.6,1,13121,13121,13121,11214,1799,5506,9479,9907,23486,18414,11534,5131,8184,1,21934,7840,16787,1,19:51,2021,2022
2021-22,204060,Joe Ingles,Joe,1610612762,UTA,Utah Jazz,22100544,2022-01-01T00:00:00,UTA vs. GSW,L,50.8,0.0,0.0,0.0,3.9,21.6,13.7,7.8,51.0,0.0,0.0,7.8,0.0,15.7,1,13121,13121,13121,4567,11791,10350,9479,17270,19212,14908,9260,9531,8184,1,22585,18239,23731,1,25:53,2021,2022
2021-22,202711,Bojan Bogdanović,Bojan,1610612762,UTA,Utah Jazz,22100544,2022-01-01T00:00:00,UTA vs. GSW,L,45.5,2.6,0.0,10.4,7.8,29.9,6.5,14.3,36.4,0.0,0.0,0.0,1.3,38.6,1,13121,13121,13121,20673,10948,10350,1035,12285,23664,6457,16511,19568,8184,1,1,18003,14663,1,35:00,2021,2022
2021-22,203497,Rudy Gobert,Rudy,1610612762,UTA,Utah Jazz,22100544,2022-01-01T00:00:00,UTA vs. GSW,L,47.9,2.7,13.7,0.0,24.7,17.8,2.7,9.6,27.4,0.0,1.4,5.5,8.2,60.0,1,13121,13121,13121,13080,10586,628,9479,1248,15786,3533,11344,23421,8184,18481,18642,2765,4395,1,34:59,2021,2022
2021-22,1628378,Donovan Mitchell,Donovan,1610612762,UTA,Utah Jazz,22100544,2022-01-01T00:00:00,UTA vs. GSW,L,47.7,0.0,3.9,0.0,5.3,27.6,3.9,14.5,31.6,0.0,0.0,5.3,7.9,58.8,1,13121,13121,13121,13979,11791,7043,9479,15649,22884,4257,16856,21959,8184,1,18021,3054,4848,1,36:13,2021,2022
2021-22,201144,Mike Conley,Mike,1610612762,UTA,Utah Jazz,22100544,2022-01-01T00:00:00,UTA vs. GSW,L,46.3,3.3,8.3,0.0,6.7,25.0,6.7,11.7,36.7,0.0,1.7,1.7,6.7,37.5,1,13121,13121,13121,18535,9255,2195,9479,13615,21414,6551,13795,19493,8184,20185,7272,4499,15282,1,27:45,2021,2022
2021-22,203903,Jordan Clarkson,Jordan,1610612762,UTA,Utah Jazz,22100544,2022-01-01T00:00:00,UTA vs. GSW,L,50.8,0.0,6.3,0.0,16.7,18.8,8.3,4.2,45.8,0.0,0.0,4.2,4.2,45.4,1,13121,13121,13121,4480,11791,3838,9479,3897,16677,8339,5617,13317,8184,1,15063,9437,10888,1,24:23,2021,2022
2021-22,203497,Rudy Gobert,Rudy,1610612762,UTA,Utah Jazz,22100537,2021-12-31T00:00:00,UTA vs. MIN,W,47.0,5.3,5.3,0.0,7.9,15.8,5.3,2.6,31.6,5.3,2.6,2.6,7.9,56.8,1,1,1,1,16347,5948,4981,9479,12157,13665,5237,4531,21959,871,22723,9953,3054,5522,1,35:42,2021,2022
2021-22,202711,Bojan Bogdanović,Bojan,1610612762,UTA,Utah Jazz,22100537,2021-12-31T00:00:00,UTA vs. MIN,W,47.2,0.0,5.5,2.7,8.2,19.2,13.7,9.6,41.1,0.0,2.7,1.4,6.8,49.9,1,1,1,1,15592,11791,4761,8454,11739,17120,14875,11344,16707,8184,23025,6141,4343,8615,1,34:27,2021,2022
2021-22,1629671,Miye Oni,Miye,1610612762,UTA,Utah Jazz,22100537,2021-12-31T00:00:00,UTA vs. MIN,W,41.1,0.0,0.0,0.0,0.0,50.0,0.0,0.0,66.7,0.0,0.0,33.3,0.0,20.0,1,1,1,1,25233,11791,10350,9479,19255,25636,1,1,2209,8184,1,25976,18239,22749,1,2:28,2021,2022
2021-22,1628378,Donovan Mitchell,Donovan,1610612762,UTA,Utah Jazz,22100537,2021-12-31T00:00:00,UTA vs. MIN,W,47.5,0.0,3.7,2.5,12.3,19.8,12.3,8.6,44.4,0.0,0.0,2.5,8.6,66.3,1,1,1,1,14603,11791,7430,9047,7278,17654,13236,10198,14227,8184,1,9454,2389,2799,1,38:28,2021,2022
2021-22,202355,Hassan Whiteside,Hassan,1610612762,UTA,Utah Jazz,22100537,2021-12-31T00:00:00,UTA vs. MIN,W,41.5,0.0,11.8,0.0,11.8,23.5,17.6,29.4,47.1,0.0,0.0,11.8,0.0,34.7,1,1,1,1,25138,11791,913,9479,7753,20684,18908,24718,12370,8184,1,24855,18239,16741,1,7:03,2021,2022
2021-22,203903,Jordan Clarkson,Jordan,1610612762,UTA,Utah Jazz,22100537,2021-12-31T00:00:00,UTA vs. MIN,W,46.3,1.5,0.0,0.0,20.9,17.9,9.0,10.4,35.8,0.0,1.5,6.0,10.4,34.5,1,1,1,1,18501,11676,10350,9479,2190,15885,9153,12348,19971,8184,19269,19685,1332,16885,1,31:00,2021,2022
2021-22,1630235,Trent Forrest,Trent,1610612762,UTA,Utah Jazz,22100537,2021-12-31T00:00:00,UTA vs. MIN,W,46.8,0.0,0.0,0.0,0.0,25.0,0.0,0.0,45.5,0.0,0.0,0.0,4.5,23.0,1,1,1,1,16889,11791,10350,9479,19255,21414,1,1,13570,8184,1,1,8499,21918,1,20:36,2021,2022
2021-22,1630215,Jared Butler,Jared,1610612762,UTA,Utah Jazz,22100537,2021-12-31T00:00:00,UTA vs. MIN,W,44.9,17.6,0.0,0.0,0.0,29.4,0.0,0.0,35.3,0.0,0.0,0.0,0.0,35.3,1,1,1,1,21874,267,10350,9479,19255,23517,1,1,20169,8184,1,1,18239,16441,1,7:38,2021,2022
2021-22,1630238,Malik Fitts,Malik,1610612762,UTA,Utah Jazz,22100537,2021-12-31T00:00:00,UTA vs. MIN,W,41.1,0.0,0.0,0.0,0.0,50.0,0.0,0.0,66.7,0.0,0.0,16.7,0.0,0.0,1,1,1,1,25233,11791,10350,9479,19255,25636,1,1,2209,8184,1,25595,18239,25086,1,2:28,2021,2022
2021-22,200752,Rudy Gay,Rudy,1610612762,UTA,Utah Jazz,22100537,2021-12-31T00:00:00,UTA vs. MIN,W,48.0,0.0,3.7,0.0,11.1,11.1,13.0,3.7,37.0,1.9,0.0,1.9,3.7,46.5,1,1,1,1,12801,11791,7430,9479,8363,8424,13948,5270,19313,5143,1,7787,10614,10315,1,25:55,2021,2022
2021-22,1626220,Royce O'Neale,Royce,1610612762,UTA,Utah Jazz,22100537,2021-12-31T00:00:00,UTA vs. MIN,W,46.8,0.0,0.0,0.0,0.0,23.5,14.7,7.4,44.1,0.0,0.0,7.4,1.5,14.9,1,1,1,1,17040,11791,10350,9479,19255,20684,15999,8730,14627,8184,1,22005,17436,23908,1,31:48,2021,2022
2021-22,1630190,Elijah Hughes,Elijah,1610612762,UTA,Utah Jazz,22100537,2021-12-31T00:00:00,UTA vs. MIN,W,41.1,0.0,33.3,0.0,33.3,50.0,0.0,0.0,66.7,0.0,0.0,0.0,0.0,16.7,1,1,1,1,25233,11791,41,9479,296,25636,1,1,2209,8184,1,1,18239,23526,1,2:28,2021,2022
2021-22,204060,Joe Ingles,Joe,1610612762,UTA,Utah Jazz,22100523,2021-12-29T00:00:00,UTA @ POR,W,49.6,0.0,0.0,4.8,0.0,14.5,4.8,21.0,35.5,0.0,0.0,6.5,4.8,14.7,1,1,1,1,7265,11791,10350,4945,19255,12273,4904,21886,20137,8184,1,20551,7939,23927,1,30:47,2021,2022
2021-22,1629671,Miye Oni,Miye,1610612762,UTA,Utah Jazz,22100523,2021-12-29T00:00:00,UTA @ POR,W,41.6,0.0,0.0,0.0,0.0,0.0,0.0,0.0,0.0,0.0,0.0,0.0,0.0,60.0,1,1,1,1,25095,11791,10350,9479,19255,1,1,1,25345,8184,1,1,18239,4395,1,0:50,2021,2022
2021-22,203903,Jordan Clarkson,Jordan,1610612762,UTA,Utah Jazz,22100523,2021-12-29T00:00:00,UTA @ POR,W,50.2,3.3,0.0,11.7,20.0,16.7,8.3,20.0,33.3,0.0,0.0,5.0,3.3,57.2,1,1,1,1,5843,9255,10350,731,2422,14443,8339,21222,20988,8184,1,17392,11604,5393,1,30:06,2021,2022
2021-22,202355,Hassan Whiteside,Hassan,1610612762,UTA,Utah Jazz,22100523,2021-12-29T00:00:00,UTA @ POR,W,48.0,5.0,12.5,0.0,30.0,15.0,5.0,25.0,35.0,2.5,2.5,7.5,10.0,89.3,1,1,1,1,12913,6336,784,9479,524,12771,5008,23456,20353,3617,22417,22141,1461,474,1,19:11,2021,2022
2021-22,203497,Rudy Gobert,Rudy,1610612762,UTA,Utah Jazz,22100523,2021-12-29T00:00:00,UTA @ POR,W,48.8,8.5,15.3,0.0,27.1,20.3,13.6,20.3,27.1,3.4,0.0,3.4,22.0,75.9,1,1,1,1,9851,2565,466,9479,829,18231,14709,21580,23487,2179,1,12656,66,1309,1,28:49,2021,2022
2021-22,1626220,Royce O'Neale,Royce,1610612762,UTA,Utah Jazz,22100523,2021-12-29T00:00:00,UTA @ POR,W,47.5,0.0,0.0,0.0,6.3,22.2,11.1,28.6,28.6,0.0,0.0,3.2,0.0,19.7,1,1,1,1,14636,11791,10350,9479,14089,19667,11549,24491,22937,8184,1,12015,18239,22909,1,29:54,2021,2022
2021-22,1630215,Jared Butler,Jared,1610612762,UTA,Utah Jazz,22100523,2021-12-29T00:00:00,UTA @ POR,W,41.6,0.0,0.0,0.0,0.0,0.0,0.0,0.0,0.0,0.0,0.0,0.0,0.0,0.0,1,1,1,1,25095,11791,10350,9479,19255,1,1,1,25345,8184,1,1,18239,25086,1,0:50,2021,2022
2021-22,201144,Mike Conley,Mike,1610612762,UTA,Utah Jazz,22100523,2021-12-29T00:00:00,UTA @ POR,W,49.3,0.0,0.0,0.0,13.1,19.7,13.1,19.7,29.5,0.0,0.0,3.3,3.3,43.0,1,1,1,1,8195,11791,10350,9479,6535,17566,14140,21159,22761,8184,1,12338,11800,12246,1,30:06,2021,2022
2021-22,202711,Bojan Bogdanović,Bojan,1610612762,UTA,Utah Jazz,22100523,2021-12-29T00:00:00,UTA @ POR,W,48.3,0.0,3.6,0.0,18.2,25.5,12.7,27.3,29.1,0.0,3.6,3.6,3.6,41.1,1,1,1,1,11497,11791,7568,9479,3126,21887,13680,24220,22880,8184,24386,13431,10847,13246,1,26:35,2021,2022
2021-22,1630235,Trent Forrest,Trent,1610612762,UTA,Utah Jazz,22100523,2021-12-29T00:00:00,UTA @ POR,W,47.5,0.0,0.0,0.0,11.1,16.7,5.6,27.8,33.3,0.0,0.0,2.8,2.8,22.8,1,1,1,1,14490,11791,10350,9479,8363,14443,5511,24346,20988,8184,1,10500,13275,21973,1,17:06,2021,2022
2021-22,1630190,Elijah Hughes,Elijah,1610612762,UTA,Utah Jazz,22100523,2021-12-29T00:00:00,UTA @ POR,W,39.9,0.0,0.0,0.0,0.0,0.0,0.0,0.0,0.0,0.0,0.0,0.0,0.0,0.0,1,1,1,1,25507,11791,10350,9479,19255,1,1,1,25345,8184,1,1,18239,25086,1,0:48,2021,2022
2021-22,1630238,Malik Fitts,Malik,1610612762,UTA,Utah Jazz,22100523,2021-12-29T00:00:00,UTA @ POR,W,39.9,0.0,0.0,0.0,0.0,0.0,0.0,0.0,0.0,0.0,0.0,0.0,0.0,0.0,1,1,1,1,25507,11791,10350,9479,19255,1,1,1,25345,8184,1,1,18239,25086,1,0:48,2021,2022
2021-22,200752,Rudy Gay,Rudy,1610612762,UTA,Utah Jazz,22100523,2021-12-29T00:00:00,UTA @ POR,W,51.4,4.3,4.3,6.4,17.0,14.9,17.0,17.0,29.8,0.0,0.0,2.1,2.1,63.2,1,1,1,1,3310,7566,6500,3142,3809,12682,18379,19207,22658,8184,1,8487,15174,3548,1,24:10,2021,2022
2021-22,204060,Joe Ingles,Joe,1610612762,UTA,Utah Jazz,22100504,2021-12-27T00:00:00,UTA @ SAS,W,42.8,1.4,0.0,0.0,5.4,20.3,8.1,10.8,67.6,0.0,1.4,1.4,1.4,29.9,1,1,1,1,24451,11739,10350,9479,15446,18155,8168,12787,2186,8184,18376,6065,17857,19228,1,31:41,2021,2022
2021-22,202355,Hassan Whiteside,Hassan,1610612762,UTA,Utah Jazz,22100504,2021-12-27T00:00:00,UTA @ SAS,W,45.8,0.0,2.4,0.0,19.0,9.5,4.8,26.2,52.4,2.4,2.4,0.0,7.1,61.0,1,1,1,1,19958,11791,9951,9479,2841,6887,4814,23965,8600,3889,22121,1,3862,4137,1,19:13,2021,2022
2021-22,1629672,Eric Paschall,Eric,1610612762,UTA,Utah Jazz,22100504,2021-12-27T00:00:00,UTA @ SAS,W,46.8,0.0,0.0,0.0,0.0,100.0,0.0,0.0,300.0,0.0,0.0,0.0,0.0,0.0,1,1,1,1,17057,11791,10350,9479,19255,25980,1,1,1,8184,1,1,18239,25086,1,0:56,2021,2022
2021-22,1626220,Royce O'Neale,Royce,1610612762,UTA,Utah Jazz,22100504,2021-12-27T00:00:00,UTA @ SAS,W,45.7,2.7,0.0,2.7,2.7,10.8,8.1,10.8,67.6,0.0,0.0,4.1,1.4,22.3,1,1,1,1,20050,10684,10350,8542,18988,8176,8168,12787,2186,8184,1,14789,17857,22116,1,33:50,2021,2022
2021-22,200752,Rudy Gay,Rudy,1610612762,UTA,Utah Jazz,22100504,2021-12-27T00:00:00,UTA @ SAS,W,43.4,0.0,0.0,4.7,4.7,20.9,4.7,11.6,65.1,0.0,0.0,2.3,2.3,34.9,1,1,1,1,24019,11791,10350,5175,16439,18702,4739,13756,2914,8184,1,8987,14670,16655,1,18:39,2021,2022
2021-22,202711,Bojan Bogdanović,Bojan,1610612762,UTA,Utah Jazz,22100504,2021-12-27T00:00:00,UTA @ SAS,W,46.6,4.8,3.2,4.8,16.1,9.7,6.5,8.1,58.1,0.0,1.6,1.6,6.5,34.8,1,1,1,1,17602,6673,8244,4945,4309,7063,6364,9534,5329,8184,19964,7104,4908,16680,1,28:53,2021,2022
2021-22,201144,Mike Conley,Mike,1610612762,UTA,Utah Jazz,22100504,2021-12-27T00:00:00,UTA @ SAS,W,43.5,3.1,6.2,0.0,12.3,16.9,6.2,3.1,58.5,0.0,0.0,0.0,3.1,51.1,1,1,1,1,23883,9768,3988,9479,7303,14894,6084,4830,5171,8184,1,1,12357,7995,1,28:17,2021,2022
2021-22,203903,Jordan Clarkson,Jordan,1610612762,UTA,Utah Jazz,22100504,2021-12-27T00:00:00,UTA @ SAS,W,44.4,2.8,2.8,0.0,13.9,9.7,8.3,18.1,55.6,0.0,0.0,5.6,5.6,58.5,1,1,1,1,22745,10483,9193,9479,5903,7111,8339,20026,6637,8184,1,18716,6435,4946,1,31:59,2021,2022
2021-22,203497,Rudy Gobert,Rudy,1610612762,UTA,Utah Jazz,22100504,2021-12-27T00:00:00,UTA @ SAS,W,43.1,0.0,6.7,0.0,16.7,11.7,10.0,3.3,56.7,5.0,0.0,6.7,13.3,77.7,1,1,1,1,24229,11791,3404,9479,3897,9125,10223,4995,6101,981,1,20849,470,1134,1,25:53,2021,2022
2021-22,1630235,Trent Forrest,Trent,1610612762,UTA,Utah Jazz,22100504,2021-12-27T00:00:00,UTA @ SAS,W,44.8,0.0,0.0,0.0,0.0,9.1,9.1,25.0,68.2,0.0,0.0,2.3,0.0,15.5,1,1,1,1,22049,11791,10350,9479,19255,6428,9223,23456,2049,8184,1,8842,18239,23769,1,19:43,2021,2022
2021-22,1630190,Elijah Hughes,Elijah,1610612762,UTA,Utah Jazz,22100504,2021-12-27T00:00:00,UTA @ SAS,W,46.8,0.0,0.0,0.0,0.0,100.0,0.0,0.0,300.0,0.0,0.0,0.0,0.0,0.0,1,1,1,1,17057,11791,10350,9479,19255,25980,1,1,1,8184,1,1,18239,25086,1,0:56,2021,2022
2021-22,1626220,Royce O'Neale,Royce,1610612762,UTA,Utah Jazz,22100492,2021-12-25T00:00:00,UTA vs. DAL,W,46.6,0.0,0.0,4.8,0.0,22.6,12.9,8.1,32.3,0.0,1.6,6.5,1.6,18.2,1,1,1,1,17657,11791,10350,4945,19255,20018,13858,9534,21724,8184,19964,20551,16840,23195,1,28:52,2021,2022
2021-22,202355,Hassan Whiteside,Hassan,1610612762,UTA,Utah Jazz,22100492,2021-12-25T00:00:00,UTA vs. DAL,W,47.7,0.0,16.7,6.7,20.0,16.7,13.3,6.7,33.3,10.0,0.0,10.0,13.3,88.0,1,1,1,1,13873,11791,344,2840,2422,14443,14333,7941,20988,134,1,24116,470,527,1,14:18,2021,2022
2021-22,202711,Bojan Bogdanović,Bojan,1610612762,UTA,Utah Jazz,22100492,2021-12-25T00:00:00,UTA vs. DAL,W,47.8,17.0,3.8,7.5,18.9,26.4,11.3,9.4,26.4,0.0,0.0,9.4,5.7,57.2,1,1,1,1,13597,311,7321,2242,2920,22333,11959,11142,23676,8184,1,23881,6319,5392,1,25:19,2021,2022
2021-22,201144,Mike Conley,Mike,1610612762,UTA,Utah Jazz,22100492,2021-12-25T00:00:00,UTA vs. DAL,W,44.2,2.8,0.0,0.0,8.5,11.3,11.3,7.0,31.0,0.0,0.0,1.4,7.0,57.6,1,1,1,1,23022,10392,10350,9479,11451,8721,11885,8414,22195,8184,1,6297,4068,5246,1,31:24,2021,2022
2021-22,203903,Jordan Clarkson,Jordan,1610612762,UTA,Utah Jazz,22100492,2021-12-25T00:00:00,UTA vs. DAL,W,45.7,6.9,0.0,5.2,3.4,15.5,6.9,3.4,34.5,0.0,3.4,0.0,3.4,49.3,1,1,1,1,20077,3905,10350,4450,17911,13411,6805,5080,20593,8184,24147,1,11302,8876,1,26:31,2021,2022
2021-22,203497,Rudy Gobert,Rudy,1610612762,UTA,Utah Jazz,22100492,2021-12-25T00:00:00,UTA vs. DAL,W,45.5,2.7,5.4,2.7,10.8,17.6,8.1,6.8,32.4,2.7,0.0,4.1,6.8,46.9,1,1,1,1,20505,10684,4834,8542,8733,15559,8168,8106,21651,3230,1,14789,4462,10134,1,33:42,2021,2022
2021-22,1628378,Donovan Mitchell,Donovan,1610612762,UTA,Utah Jazz,22100492,2021-12-25T00:00:00,UTA vs. DAL,W,46.2,6.7,9.3,0.0,24.0,21.3,10.7,6.7,32.0,0.0,0.0,4.0,12.0,62.8,1,1,1,1,18703,4114,1725,9479,1368,19013,11134,7941,21805,8184,1,14513,753,3640,1,34:39,2021,2022
2021-22,200752,Rudy Gay,Rudy,1610612762,UTA,Utah Jazz,22100492,2021-12-25T00:00:00,UTA vs. DAL,W,42.7,0.0,0.0,0.0,4.4,8.9,4.4,4.4,31.1,0.0,0.0,6.7,2.2,24.7,1,1,1,1,24569,11791,10350,9479,16675,6307,4589,5859,22144,8184,1,20849,14933,21350,1,19:12,2021,2022
2021-22,204060,Joe Ingles,Joe,1610612762,UTA,Utah Jazz,22100492,2021-12-25T00:00:00,UTA vs. DAL,W,46.5,3.6,0.0,0.0,3.6,12.5,7.1,7.1,39.3,1.8,0.0,3.6,1.8,27.5,1,1,1,1,17788,8812,10350,9479,17737,9860,7032,8443,17997,5367,1,13156,16235,20252,1,26:03,2021,2022
2021-22,1626220,Royce O'Neale,Royce,1610612762,UTA,Utah Jazz,22100484,2021-12-23T00:00:00,UTA vs. MIN,W,47.6,3.2,4.8,3.2,3.2,16.1,24.2,12.9,45.2,0.0,0.0,3.2,1.6,27.7,1,1,1,1,14228,9438,5600,7447,18238,14030,23070,15201,13828,8184,1,12152,16840,20170,1,29:30,2021,2022
2021-22,204060,Joe Ingles,Joe,1610612762,UTA,Utah Jazz,22100484,2021-12-23T00:00:00,UTA vs. MIN,W,46.0,0.0,0.0,6.0,12.0,34.0,16.0,20.0,48.0,0.0,2.0,0.0,4.0,70.6,1,1,1,1,19286,11791,10350,3533,7592,24585,17385,21222,11734,8184,21285,1,9859,2016,1,23:00,2021,2022
2021-22,203497,Rudy Gobert,Rudy,1610612762,UTA,Utah Jazz,22100484,2021-12-23T00:00:00,UTA vs. MIN,W,46.7,2.7,8.0,2.7,21.3,14.7,18.7,16.0,40.0,5.3,2.7,4.0,9.3,73.9,1,1,1,1,17258,10782,2406,8634,2060,12442,19802,18313,17110,867,22857,14513,1917,1530,1,35:00,2021,2022
2021-22,201144,Mike Conley,Mike,1610612762,UTA,Utah Jazz,22100484,2021-12-23T00:00:00,UTA vs. MIN,W,45.1,7.9,0.0,3.2,12.7,9.5,12.7,19.0,31.7,1.6,0.0,3.2,3.2,50.5,1,1,1,1,21521,2965,10350,7549,6919,6887,13637,20750,21933,6094,1,12015,12054,8294,1,28:24,2021,2022
2021-22,202355,Hassan Whiteside,Hassan,1610612762,UTA,Utah Jazz,22100484,2021-12-23T00:00:00,UTA vs. MIN,W,44.8,6.9,6.9,0.0,27.6,37.9,24.1,20.7,55.2,0.0,0.0,6.9,6.9,50.3,1,1,1,1,22056,3905,3223,9479,782,25070,23033,21746,6893,8184,1,21324,4254,8339,1,12:60,2021,2022
2021-22,1628378,Donovan Mitchell,Donovan,1610612762,UTA,Utah Jazz,22100484,2021-12-23T00:00:00,UTA vs. MIN,W,48.1,0.0,0.0,0.0,12.8,20.5,26.9,14.1,51.3,1.3,1.3,2.6,3.8,57.1,1,1,1,1,12464,11791,10350,9479,6806,18354,24013,16487,9333,7649,17958,9725,10246,5444,1,37:30,2021,2022
2021-22,1630235,Trent Forrest,Trent,1610612762,UTA,Utah Jazz,22100484,2021-12-23T00:00:00,UTA vs. MIN,W,47.8,0.0,0.0,0.0,0.0,0.0,0.0,0.0,50.0,0.0,0.0,0.0,0.0,0.0,1,1,1,1,13507,11791,10350,9479,19255,1,1,1,9853,8184,1,1,18239,25086,1,1:55,2021,2022
2021-22,203903,Jordan Clarkson,Jordan,1610612762,UTA,Utah Jazz,22100484,2021-12-23T00:00:00,UTA vs. MIN,W,46.4,0.0,0.0,0.0,3.9,33.3,21.6,25.5,47.1,2.0,0.0,2.0,2.0,41.4,1,1,1,1,18031,11791,10350,9479,17270,24352,21825,23772,12370,4834,1,8082,15689,13076,1,23:41,2021,2022
2021-22,202711,Bojan Bogdanović,Bojan,1610612762,UTA,Utah Jazz,22100484,2021-12-23T00:00:00,UTA vs. MIN,W,47.6,3.2,0.0,0.0,6.5,16.1,24.2,12.9,45.2,0.0,0.0,3.2,1.6,34.5,1,1,1,1,14228,9438,10350,9479,13903,14030,23070,15201,13828,8184,1,12152,16840,16853,1,29:30,2021,2022
2021-22,200752,Rudy Gay,Rudy,1610612762,UTA,Utah Jazz,22100484,2021-12-23T00:00:00,UTA vs. MIN,W,46.3,5.0,12.5,0.0,10.0,30.0,15.0,25.0,45.0,0.0,0.0,7.5,0.0,35.5,1,1,1,1,18535,6336,784,9479,9583,23667,16315,23456,13962,8184,1,22141,18239,16339,1,18:30,2021,2022
2021-22,200752,Rudy Gay,Rudy,1610612762,UTA,Utah Jazz,22100461,2021-12-20T00:00:00,UTA vs. CHA,W,48.9,0.0,5.6,0.0,5.6,13.9,25.0,11.1,38.9,0.0,5.6,5.6,2.8,25.3,1,1,1,1,9545,11791,4631,9479,15212,11565,23275,13031,18228,8184,25449,18716,13275,21104,1,17:37,2021,2022
2021-22,203497,Rudy Gobert,Rudy,1610612762,UTA,Utah Jazz,22100461,2021-12-20T00:00:00,UTA vs. CHA,W,46.3,5.1,10.3,2.6,10.3,15.4,17.9,14.1,35.9,1.3,0.0,2.6,10.3,68.2,1,1,1,1,18409,6168,1368,8871,9351,13168,19176,16487,19911,7649,1,9725,1403,2427,1,36:07,2021,2022
2021-22,202355,Hassan Whiteside,Hassan,1610612762,UTA,Utah Jazz,22100461,2021-12-20T00:00:00,UTA vs. CHA,W,42.4,3.6,14.3,0.0,14.3,25.0,7.1,14.3,50.0,10.7,0.0,7.1,10.7,76.4,1,1,1,1,24707,8812,532,9479,5449,21414,7032,16511,9853,123,1,21603,1218,1249,1,11:53,2021,2022
2021-22,203903,Jordan Clarkson,Jordan,1610612762,UTA,Utah Jazz,22100461,2021-12-20T00:00:00,UTA vs. CHA,W,49.1,0.0,0.0,6.8,4.5,15.9,20.5,15.9,45.5,2.3,0.0,0.0,2.3,46.6,1,1,1,1,8891,11791,10350,2763,16555,13821,21155,18242,13570,4113,1,1,14811,10274,1,21:37,2021,2022
2021-22,1630235,Trent Forrest,Trent,1610612762,UTA,Utah Jazz,22100461,2021-12-20T00:00:00,UTA vs. CHA,W,60.8,0.0,0.0,0.0,0.0,50.0,50.0,50.0,150.0,0.0,0.0,0.0,0.0,-25.0,1,1,1,1,127,11791,10350,9479,19255,25636,25774,25806,29,8184,1,1,18239,26015,1,2:26,2021,2022
2021-22,1626220,Royce O'Neale,Royce,1610612762,UTA,Utah Jazz,22100461,2021-12-20T00:00:00,UTA vs. CHA,W,42.8,0.0,0.0,0.0,0.0,19.7,9.9,15.5,39.4,1.4,1.4,1.4,0.0,38.2,1,1,1,1,24464,11791,10350,9479,19255,17621,10179,17864,17879,7000,18748,6297,18239,14925,1,30:23,2021,2022
2021-22,201144,Mike Conley,Mike,1610612762,UTA,Utah Jazz,22100461,2021-12-20T00:00:00,UTA vs. CHA,W,44.0,4.3,0.0,0.0,5.8,14.5,17.4,8.7,26.1,0.0,0.0,2.9,5.8,43.8,1,1,1,1,23333,7379,10350,9479,14901,12235,18701,10215,23726,8184,1,11004,6062,11794,1,30:21,2021,2022
2021-22,202711,Bojan Bogdanović,Bojan,1610612762,UTA,Utah Jazz,22100461,2021-12-20T00:00:00,UTA vs. CHA,W,42.6,14.7,4.4,7.4,8.8,20.6,10.3,11.8,41.2,0.0,0.0,4.4,2.9,37.4,1,1,1,1,24589,514,6247,2388,10968,18427,10690,13848,16633,8184,1,15905,12717,15391,1,28:59,2021,2022
2021-22,1628378,Donovan Mitchell,Donovan,1610612762,UTA,Utah Jazz,22100461,2021-12-20T00:00:00,UTA vs. CHA,W,42.7,0.0,6.3,0.0,10.0,21.3,11.3,13.8,40.0,0.0,1.3,1.3,7.5,44.0,1,1,1,1,24518,11791,3838,9479,9583,18949,11865,16126,17110,8184,17818,5718,3488,11647,1,34:11,2021,2022
2021-22,204060,Joe Ingles,Joe,1610612762,UTA,Utah Jazz,22100461,2021-12-20T00:00:00,UTA vs. CHA,W,48.1,0.0,0.0,5.5,0.0,12.7,16.4,20.0,40.0,0.0,0.0,1.8,0.0,30.9,1,1,1,1,12538,11791,10350,4135,19255,10276,17759,21222,17110,8184,1,7697,18239,18720,1,26:26,2021,2022
2021-22,1630235,Trent Forrest,Trent,1610612762,UTA,Utah Jazz,22100447,2021-12-18T00:00:00,UTA vs. WAS,L,49.0,0.0,0.0,0.0,0.0,30.4,17.4,17.4,60.9,0.0,0.0,0.0,4.3,16.1,1,13121,13121,13121,9357,11791,10350,9479,19255,23815,18701,19507,4172,8184,1,1,8968,23657,1,11:16,2021,2022
2021-22,1626220,Royce O'Neale,Royce,1610612762,UTA,Utah Jazz,22100447,2021-12-18T00:00:00,UTA vs. WAS,L,46.3,0.0,0.0,0.0,2.7,11.0,9.6,13.7,52.1,0.0,0.0,5.5,4.1,27.5,1,13121,13121,13121,18331,11791,10350,9479,18945,8391,9858,16068,8839,8184,1,18642,9643,20249,1,33:49,2021,2022
2021-22,202355,Hassan Whiteside,Hassan,1610612762,UTA,Utah Jazz,22100447,2021-12-18T00:00:00,UTA vs. WAS,L,42.4,8.3,12.5,0.0,8.3,8.3,8.3,33.3,66.7,0.0,4.2,12.5,4.2,38.8,1,13121,13121,13121,24746,2624,784,9479,11513,5765,8339,25147,2209,8184,24820,24996,9437,14580,1,10:10,2021,2022
2021-22,200752,Rudy Gay,Rudy,1610612762,UTA,Utah Jazz,22100447,2021-12-18T00:00:00,UTA vs. WAS,L,45.6,6.8,0.0,0.0,0.0,22.7,9.1,9.1,45.5,0.0,0.0,2.3,4.5,30.2,1,13121,13121,13121,20396,4010,10350,9479,19255,20116,9223,10640,13570,8184,1,8842,8499,19006,1,20:03,2021,2022
2021-22,202711,Bojan Bogdanović,Bojan,1610612762,UTA,Utah Jazz,22100447,2021-12-18T00:00:00,UTA vs. WAS,L,47.1,2.9,0.0,4.4,5.9,11.8,10.3,14.7,55.9,0.0,2.9,4.4,2.9,30.7,1,13121,13121,13121,15968,10081,10350,5567,14717,9164,10690,17068,6529,8184,23427,15905,12717,18794,1,32:01,2021,2022
2021-22,1628378,Donovan Mitchell,Donovan,1610612762,UTA,Utah Jazz,22100447,2021-12-18T00:00:00,UTA vs. WAS,L,46.5,8.9,0.0,3.8,10.1,13.9,8.9,12.7,50.6,0.0,0.0,1.3,7.6,52.0,1,13121,13121,13121,17847,2283,10350,6541,9548,11635,9053,14956,9803,8184,1,5758,3401,7526,1,36:44,2021,2022
2021-22,203497,Rudy Gobert,Rudy,1610612762,UTA,Utah Jazz,22100447,2021-12-18T00:00:00,UTA vs. WAS,L,47.2,0.0,2.5,0.0,10.0,20.0,11.3,7.5,47.5,7.5,0.0,5.0,6.3,61.6,1,13121,13121,13121,15652,11791,9764,9479,9583,17672,11865,8884,12137,337,1,17392,5168,3955,1,37:45,2021,2022
2021-22,203903,Jordan Clarkson,Jordan,1610612762,UTA,Utah Jazz,22100447,2021-12-18T00:00:00,UTA vs. WAS,L,46.1,0.0,6.3,0.0,9.5,23.8,12.7,22.2,60.3,0.0,1.6,3.2,4.8,36.2,1,13121,13121,13121,19093,11791,3796,9479,10112,20880,13637,22452,4385,8184,19814,12015,8027,15965,1,29:02,2021,2022
2021-22,204060,Joe Ingles,Joe,1610612762,UTA,Utah Jazz,22100447,2021-12-18T00:00:00,UTA vs. WAS,L,47.8,0.0,0.0,4.9,0.0,21.3,11.5,6.6,45.9,0.0,0.0,8.2,0.0,34.8,1,13121,13121,13121,13432,11791,10350,4795,19255,18987,12158,7888,13281,8184,1,22915,18239,16721,1,29:10,2021,2022
2021-22,204060,Joe Ingles,Joe,1610612762,UTA,Utah Jazz,22100437,2021-12-17T00:00:00,UTA vs. SAS,L,46.2,0.0,0.0,0.0,3.6,40.0,20.0,12.7,40.0,1.8,0.0,5.5,0.0,28.0,1,13121,13121,13121,18655,11791,10350,9479,17650,25209,20659,15040,17110,5263,1,18568,18239,20032,1,25:25,2021,2022
2021-22,1626220,Royce O'Neale,Royce,1610612762,UTA,Utah Jazz,22100437,2021-12-17T00:00:00,UTA vs. SAS,L,44.4,4.6,0.0,0.0,6.2,12.3,10.8,6.2,61.5,0.0,0.0,3.1,3.1,35.4,1,13121,13121,13121,22718,6988,10350,9479,14376,9781,11252,7477,3890,8184,1,11647,12357,16398,1,28:53,2021,2022
2021-22,1628378,Donovan Mitchell,Donovan,1610612762,UTA,Utah Jazz,22100437,2021-12-17T00:00:00,UTA vs. SAS,L,42.5,4.2,4.2,4.2,19.4,18.1,16.7,5.6,58.3,1.4,1.4,4.2,4.2,63.9,1,13121,13121,13121,24700,7704,6623,5890,2710,16045,17885,6830,5197,7091,18613,15063,9437,3357,1,30:34,2021,2022
2021-22,203497,Rudy Gobert,Rudy,1610612762,UTA,Utah Jazz,22100437,2021-12-17T00:00:00,UTA vs. SAS,L,47.1,2.9,4.3,0.0,14.3,15.7,12.9,10.0,51.4,2.9,2.9,1.4,8.6,59.7,1,13121,13121,13121,15927,10292,6460,9479,5449,13631,13831,11717,9204,2917,23236,6375,2420,4559,1,32:58,2021,2022
2021-22,201144,Mike Conley,Mike,1610612762,UTA,Utah Jazz,22100437,2021-12-17T00:00:00,UTA vs. SAS,L,47.3,3.0,3.0,3.0,9.1,9.1,10.6,10.6,51.5,1.5,0.0,0.0,0.0,56.4,1,13121,13121,13121,15243,9856,8629,7826,10590,6428,11053,12570,9170,6437,1,1,18239,5695,1,31:13,2021,2022
2021-22,200752,Rudy Gay,Rudy,1610612762,UTA,Utah Jazz,22100437,2021-12-17T00:00:00,UTA vs. SAS,L,47.6,0.0,0.0,0.0,0.0,31.8,18.2,11.4,31.8,2.3,0.0,0.0,4.5,33.6,1,13121,13121,13121,14243,11791,10350,9479,19255,24146,19306,13450,21903,4113,1,1,8499,17306,1,20:56,2021,2022
2021-22,202355,Hassan Whiteside,Hassan,1610612762,UTA,Utah Jazz,22100437,2021-12-17T00:00:00,UTA vs. SAS,L,42.6,0.0,0.0,0.0,25.8,35.5,19.4,6.5,58.1,0.0,0.0,9.7,0.0,31.6,1,13121,13121,13121,24622,11791,10350,9479,1002,24769,20323,7750,5329,8184,1,24004,18239,18394,1,13:12,2021,2022
2021-22,202711,Bojan Bogdanović,Bojan,1610612762,UTA,Utah Jazz,22100437,2021-12-17T00:00:00,UTA vs. SAS,L,43.8,1.5,7.6,3.0,15.2,12.1,10.6,6.1,60.6,0.0,1.5,6.1,3.0,36.4,1,13121,13121,13121,23538,11663,2720,7826,4916,9557,11053,7349,4257,8184,19415,19841,12439,15875,1,28:55,2021,2022
2021-22,203903,Jordan Clarkson,Jordan,1610612762,UTA,Utah Jazz,22100437,2021-12-17T00:00:00,UTA vs. SAS,L,48.0,0.0,9.3,0.0,18.5,25.9,14.8,9.3,44.4,0.0,0.0,3.7,5.6,60.7,1,13121,13121,13121,12801,11791,1746,9479,3049,22100,16133,10951,14227,8184,1,13579,6435,4194,1,25:55,2021,2022
2021-22,1630235,Trent Forrest,Trent,1610612762,UTA,Utah Jazz,22100437,2021-12-17T00:00:00,UTA vs. SAS,L,49.6,0.0,0.0,0.0,0.0,75.0,0.0,0.0,0.0,0.0,0.0,0.0,0.0,30.0,1,13121,13121,13121,7430,11791,10350,9479,19255,25930,1,1,25345,8184,1,1,18239,19049,1,1:59,2021,2022
2021-22,202711,Bojan Bogdanović,Bojan,1610612762,UTA,Utah Jazz,22100425,2021-12-15T00:00:00,UTA vs. LAC,W,49.6,3.9,0.0,0.0,3.9,0.0,19.6,0.0,43.1,0.0,3.9,2.0,2.0,56.3,1,1,1,1,7271,8189,10350,9479,17270,1,20526,1,15374,8184,24643,8082,15689,5734,1,25:19,2021,2022
2021-22,200752,Rudy Gay,Rudy,1610612762,UTA,Utah Jazz,22100425,2021-12-15T00:00:00,UTA vs. LAC,W,44.9,0.0,7.1,0.0,4.8,4.8,4.8,9.5,61.9,0.0,4.8,2.4,2.4,42.4,1,1,1,1,21835,11791,3006,9479,16316,3390,4814,11207,3818,8184,25161,9142,14532,12523,1,18:52,2021,2022
2021-22,202355,Hassan Whiteside,Hassan,1610612762,UTA,Utah Jazz,22100425,2021-12-15T00:00:00,UTA vs. LAC,W,49.3,0.0,0.0,0.0,19.0,0.0,11.9,0.0,61.9,2.4,0.0,9.5,7.1,60.5,1,1,1,1,8329,11791,10350,9479,2841,1,12672,1,3818,3889,1,23909,3862,4280,1,20:42,2021,2022
2021-22,1630235,Trent Forrest,Trent,1610612762,UTA,Utah Jazz,22100425,2021-12-15T00:00:00,UTA vs. LAC,W,40.0,0.0,0.0,0.0,0.0,0.0,16.7,0.0,50.0,0.0,0.0,0.0,8.3,0.0,1,1,1,1,25481,11791,10350,9479,19255,1,17885,1,9853,8184,1,1,2576,25086,1,4:48,2021,2022
2021-22,204060,Joe Ingles,Joe,1610612762,UTA,Utah Jazz,22100425,2021-12-15T00:00:00,UTA vs. LAC,W,47.4,0.0,0.0,0.0,0.0,3.6,12.7,7.3,65.5,0.0,0.0,3.6,1.8,21.3,1,1,1,1,14792,11791,10350,9479,19255,2948,13680,8648,2838,8184,1,13431,16126,22447,1,26:05,2021,2022
2021-22,203497,Rudy Gobert,Rudy,1610612762,UTA,Utah Jazz,22100425,2021-12-15T00:00:00,UTA vs. LAC,W,44.7,11.5,14.8,0.0,26.2,3.3,11.5,6.6,39.3,3.3,0.0,0.0,8.2,80.2,1,1,1,1,22153,1181,507,9479,951,2852,12158,7888,17964,2321,1,1,2797,930,1,27:18,2021,2022
2021-22,1626220,Royce O'Neale,Royce,1610612762,UTA,Utah Jazz,22100425,2021-12-15T00:00:00,UTA vs. LAC,W,49.7,0.0,0.0,13.0,7.4,0.0,18.5,0.0,40.7,1.9,0.0,5.6,1.9,47.2,1,1,1,1,7023,11791,10350,515,12670,1,19666,1,16887,5143,1,18716,16009,9964,1,26:51,2021,2022
2021-22,201144,Mike Conley,Mike,1610612762,UTA,Utah Jazz,22100425,2021-12-15T00:00:00,UTA vs. LAC,W,46.3,3.9,0.0,7.8,11.8,3.9,9.8,7.8,39.2,0.0,0.0,3.9,2.0,41.4,1,1,1,1,18295,8189,10350,2054,7753,3041,10112,9260,18048,8184,1,14318,15689,13076,1,23:38,2021,2022
2021-22,203903,Jordan Clarkson,Jordan,1610612762,UTA,Utah Jazz,22100425,2021-12-15T00:00:00,UTA vs. LAC,W,45.1,7.8,0.0,0.0,15.6,3.1,3.1,6.3,50.0,0.0,1.6,4.7,1.6,47.3,1,1,1,1,21586,3073,10350,9479,4590,2795,3746,7521,9853,8184,19676,16657,17026,9900,1,28:50,2021,2022
2021-22,1629671,Miye Oni,Miye,1610612762,UTA,Utah Jazz,22100425,2021-12-15T00:00:00,UTA vs. LAC,W,38.1,0.0,0.0,0.0,0.0,0.0,0.0,0.0,33.3,0.0,0.0,0.0,0.0,0.0,1,1,1,1,25713,11791,10350,9479,19255,1,1,1,20988,8184,1,1,18239,25086,1,2:17,2021,2022
2021-22,1629672,Eric Paschall,Eric,1610612762,UTA,Utah Jazz,22100425,2021-12-15T00:00:00,UTA vs. LAC,W,42.4,0.0,0.0,0.0,0.0,0.0,0.0,0.0,22.2,0.0,0.0,0.0,11.1,37.8,1,1,1,1,24720,11791,10350,9479,19255,1,1,1,24429,8184,1,1,987,15137,1,3:49,2021,2022
2021-22,1628378,Donovan Mitchell,Donovan,1610612762,UTA,Utah Jazz,22100425,2021-12-15T00:00:00,UTA vs. LAC,W,47.8,3.0,0.0,0.0,21.2,0.0,15.2,0.0,48.5,0.0,0.0,3.0,9.1,59.1,1,1,1,1,13649,9856,10350,9479,2093,1,16482,1,11399,8184,1,11444,2001,4744,1,31:31,2021,2022
2021-22,204060,Joe Ingles,Joe,1610612762,UTA,Utah Jazz,22100392,2021-12-11T00:00:00,UTA @ WAS,W,49.6,0.0,0.0,0.0,0.0,13.3,24.4,4.4,48.9,0.0,0.0,2.2,4.4,29.6,1,1,1,1,7526,11791,10350,9479,19255,10895,23192,5859,11112,8184,1,8725,8814,19370,1,22:18,2021,2022
2021-22,202711,Bojan Bogdanović,Bojan,1610612762,UTA,Utah Jazz,22100392,2021-12-11T00:00:00,UTA @ WAS,W,47.0,8.8,7.0,0.0,14.0,10.5,22.8,10.5,70.2,0.0,0.0,1.8,1.8,35.6,1,1,1,1,16312,2349,3156,9479,5789,7857,22486,12389,1744,8184,1,7540,16351,16285,1,26:47,2021,2022
2021-22,203497,Rudy Gobert,Rudy,1610612762,UTA,Utah Jazz,22100392,2021-12-11T00:00:00,UTA @ WAS,W,48.9,3.4,6.9,0.0,31.0,6.9,22.4,3.4,62.1,1.7,0.0,5.2,5.2,62.4,1,1,1,1,9644,9015,3223,9479,453,4654,22302,5080,3745,5580,1,17892,7269,3737,1,28:22,2021,2022
2021-22,1629671,Miye Oni,Miye,1610612762,UTA,Utah Jazz,22100392,2021-12-11T00:00:00,UTA @ WAS,W,47.5,0.0,0.0,0.0,0.0,0.0,0.0,0.0,33.3,0.0,0.0,0.0,0.0,75.0,1,1,1,1,14502,11791,10350,9479,19255,1,1,1,20988,8184,1,1,18239,1381,1,2:51,2021,2022
2021-22,202355,Hassan Whiteside,Hassan,1610612762,UTA,Utah Jazz,22100392,2021-12-11T00:00:00,UTA @ WAS,W,49.1,0.0,15.0,0.0,40.0,20.0,22.5,10.0,60.0,10.0,2.5,5.0,5.0,114.5,1,1,1,1,9038,11791,479,9479,106,17672,22333,11717,4429,134,22417,17392,7533,89,1,19:38,2021,2022
2021-22,1630235,Trent Forrest,Trent,1610612762,UTA,Utah Jazz,22100392,2021-12-11T00:00:00,UTA @ WAS,W,50.8,0.0,0.0,0.0,0.0,15.4,38.5,0.0,46.2,0.0,0.0,7.7,0.0,89.2,1,1,1,1,4537,11791,10350,9479,19255,13168,25477,1,12980,8184,1,22285,18239,475,1,6:36,2021,2022
2021-22,1626220,Royce O'Neale,Royce,1610612762,UTA,Utah Jazz,22100392,2021-12-11T00:00:00,UTA @ WAS,W,46.7,5.2,0.0,0.0,0.0,10.3,22.4,10.3,69.0,0.0,0.0,1.7,1.7,16.6,1,1,1,1,17211,6122,10350,9479,19255,7702,22302,12219,1909,8184,1,7447,16449,23577,1,27:05,2021,2022
2021-22,200752,Rudy Gay,Rudy,1610612762,UTA,Utah Jazz,22100392,2021-12-11T00:00:00,UTA @ WAS,W,51.0,0.0,0.0,0.0,0.0,16.7,25.0,0.0,50.0,0.0,2.8,2.8,0.0,18.3,1,1,1,1,4025,11791,10350,9479,19255,14443,23275,1,9853,8184,23073,10500,18239,23166,1,18:22,2021,2022
2021-22,201144,Mike Conley,Mike,1610612762,UTA,Utah Jazz,22100392,2021-12-11T00:00:00,UTA @ WAS,W,47.7,5.6,0.0,0.0,11.1,7.4,18.5,3.7,66.7,0.0,1.9,3.7,5.6,55.2,1,1,1,1,13887,5518,10350,9479,8363,5049,19666,5270,2209,8184,20851,13579,6435,6186,1,25:45,2021,2022
2021-22,1628378,Donovan Mitchell,Donovan,1610612762,UTA,Utah Jazz,22100392,2021-12-11T00:00:00,UTA @ WAS,W,47.0,10.3,2.9,0.0,14.7,17.6,22.1,8.8,67.6,0.0,0.0,2.9,2.9,54.4,1,1,1,1,16233,1591,8812,9479,5221,15588,22080,10395,2159,8184,1,11118,12717,6479,1,31:58,2021,2022
2021-22,203903,Jordan Clarkson,Jordan,1610612762,UTA,Utah Jazz,22100392,2021-12-11T00:00:00,UTA @ WAS,W,53.5,0.0,8.7,0.0,21.7,13.0,26.1,4.3,56.5,0.0,0.0,0.0,2.2,54.6,1,1,1,1,1181,11791,2019,9479,1939,10581,23801,5764,6181,8184,1,1,15043,6416,1,24:36,2021,2022
2021-22,1630215,Jared Butler,Jared,1610612762,UTA,Utah Jazz,22100392,2021-12-11T00:00:00,UTA @ WAS,W,47.5,0.0,0.0,0.0,0.0,0.0,0.0,0.0,33.3,0.0,0.0,0.0,0.0,50.0,1,1,1,1,14502,11791,10350,9479,19255,1,1,1,20988,8184,1,1,18239,8447,1,2:51,2021,2022
2021-22,1629672,Eric Paschall,Eric,1610612762,UTA,Utah Jazz,22100392,2021-12-11T00:00:00,UTA @ WAS,W,47.5,0.0,0.0,0.0,0.0,0.0,0.0,0.0,33.3,0.0,0.0,0.0,0.0,50.0,1,1,1,1,14502,11791,10350,9479,19255,1,1,1,20988,8184,1,1,18239,8447,1,2:51,2021,2022
2021-22,200752,Rudy Gay,Rudy,1610612762,UTA,Utah Jazz,22100379,2021-12-09T00:00:00,UTA @ PHI,W,48.3,5.4,0.0,13.5,16.2,18.9,8.1,16.2,59.5,0.0,0.0,5.4,2.7,43.8,1,1,1,1,11733,5757,10350,433,4238,16872,8168,18525,4732,8184,1,18415,13542,11787,1,17:52,2021,2022
2021-22,1626220,Royce O'Neale,Royce,1610612762,UTA,Utah Jazz,22100379,2021-12-09T00:00:00,UTA @ PHI,W,53.0,0.0,3.8,5.7,7.5,22.6,7.5,22.6,41.5,0.0,0.0,1.9,3.8,30.8,1,1,1,1,1491,11791,7321,3891,12567,20077,7567,22712,16449,8184,1,7892,10510,18787,1,28:05,2021,2022
2021-22,201144,Mike Conley,Mike,1610612762,UTA,Utah Jazz,22100379,2021-12-09T00:00:00,UTA @ PHI,W,49.0,0.0,0.0,0.0,7.8,15.7,13.7,9.8,39.2,2.0,0.0,2.0,0.0,43.9,1,1,1,1,9477,11791,10350,9479,12211,13586,14908,11602,18048,4834,1,8082,18239,11710,1,24:58,2021,2022
2021-22,202711,Bojan Bogdanović,Bojan,1610612762,UTA,Utah Jazz,22100379,2021-12-09T00:00:00,UTA @ PHI,W,53.1,0.0,3.8,0.0,7.7,23.1,7.7,19.2,38.5,0.0,1.9,0.0,5.8,25.0,1,1,1,1,1385,11791,7179,9479,12330,20363,7648,20883,18484,8184,21065,1,6118,21169,1,27:38,2021,2022
2021-22,1629672,Eric Paschall,Eric,1610612762,UTA,Utah Jazz,22100379,2021-12-09T00:00:00,UTA @ PHI,W,41.5,0.0,0.0,0.0,0.0,0.0,0.0,0.0,50.0,0.0,12.5,12.5,0.0,25.0,1,1,1,1,25141,11791,10350,9479,19255,1,1,1,9853,8184,25956,24996,18239,21169,1,3:19,2021,2022
2021-22,203903,Jordan Clarkson,Jordan,1610612762,UTA,Utah Jazz,22100379,2021-12-09T00:00:00,UTA @ PHI,W,48.9,0.0,0.0,0.0,3.5,15.8,5.3,14.0,56.1,0.0,0.0,1.8,1.8,33.9,1,1,1,1,9615,11791,10350,9479,17819,13665,5237,16382,6385,8184,1,7540,16351,17192,1,27:53,2021,2022
2021-22,204060,Joe Ingles,Joe,1610612762,UTA,Utah Jazz,22100379,2021-12-09T00:00:00,UTA @ PHI,W,50.5,0.0,0.0,0.0,4.2,25.0,6.3,18.8,50.0,0.0,0.0,2.1,0.0,54.0,1,1,1,1,5111,11791,10350,9479,16985,21414,6141,20530,9853,8184,1,8384,18239,6673,1,24:14,2021,2022
2021-22,202355,Hassan Whiteside,Hassan,1610612762,UTA,Utah Jazz,22100379,2021-12-09T00:00:00,UTA @ PHI,W,49.4,16.1,22.6,6.5,32.3,22.6,0.0,22.6,58.1,6.5,3.2,0.0,12.9,104.8,1,1,1,1,7954,369,152,3062,391,20018,1,22692,5329,538,23880,1,524,164,1,15:19,2021,2022
2021-22,1630215,Jared Butler,Jared,1610612762,UTA,Utah Jazz,22100379,2021-12-09T00:00:00,UTA @ PHI,W,41.7,0.0,0.0,0.0,33.3,0.0,0.0,0.0,66.7,0.0,0.0,16.7,0.0,78.3,1,1,1,1,25051,11791,10350,9479,296,1,1,1,2209,8184,1,25595,18239,1079,1,2:30,2021,2022
2021-22,203497,Rudy Gobert,Rudy,1610612762,UTA,Utah Jazz,22100379,2021-12-09T00:00:00,UTA @ PHI,W,48.9,5.0,11.7,0.0,20.0,20.0,11.7,15.0,40.0,3.3,0.0,6.7,10.0,81.2,1,1,1,1,9544,6336,965,9479,2422,17672,12362,17359,17110,2218,1,20849,1461,858,1,29:22,2021,2022
2021-22,1628378,Donovan Mitchell,Donovan,1610612762,UTA,Utah Jazz,22100379,2021-12-09T00:00:00,UTA @ PHI,W,52.4,3.6,0.0,3.6,7.1,25.0,7.1,25.0,50.0,0.0,1.8,3.6,5.4,64.6,1,1,1,1,2023,8812,10350,6873,13021,21414,7032,23456,9853,8184,20624,13156,6887,3166,1,29:21,2021,2022
2021-22,1629671,Miye Oni,Miye,1610612762,UTA,Utah Jazz,22100379,2021-12-09T00:00:00,UTA @ PHI,W,41.7,0.0,0.0,0.0,0.0,0.0,0.0,0.0,66.7,0.0,0.0,0.0,0.0,20.0,1,1,1,1,25051,11791,10350,9479,19255,1,1,1,2209,8184,1,1,18239,22749,1,2:30,2021,2022
2021-22,1630235,Trent Forrest,Trent,1610612762,UTA,Utah Jazz,22100379,2021-12-09T00:00:00,UTA @ PHI,W,43.6,0.0,0.0,0.0,0.0,12.5,0.0,0.0,50.0,0.0,0.0,0.0,0.0,0.0,1,1,1,1,23744,11791,10350,9479,19255,9860,1,1,9853,8184,1,1,18239,25086,1,6:59,2021,2022
2021-22,1629671,Miye Oni,Miye,1610612762,UTA,Utah Jazz,22100374,2021-12-08T00:00:00,UTA @ MIN,W,37.8,0.0,0.0,0.0,0.0,0.0,0.0,0.0,0.0,0.0,0.0,11.1,0.0,16.7,1,1,1,1,25737,11791,10350,9479,19255,1,1,1,25345,8184,1,24599,18239,23526,1,3:24,2021,2022
2021-22,1626220,Royce O'Neale,Royce,1610612762,UTA,Utah Jazz,22100374,2021-12-08T00:00:00,UTA @ MIN,W,45.7,4.7,0.0,3.1,3.1,17.2,6.3,9.4,50.0,1.6,0.0,3.1,1.6,58.9,1,1,1,1,20031,6850,10350,7651,18390,15158,6141,11065,9853,6214,1,11770,17026,4812,1,29:16,2021,2022
2021-22,203497,Rudy Gobert,Rudy,1610612762,UTA,Utah Jazz,22100374,2021-12-08T00:00:00,UTA @ MIN,W,47.8,3.1,6.3,0.0,12.5,10.9,12.5,6.3,40.6,1.6,0.0,6.3,6.3,43.8,1,1,1,1,13539,9643,3838,9479,7008,8340,13252,7521,16966,6214,1,20153,5168,11798,1,30:35,2021,2022
2021-22,1628378,Donovan Mitchell,Donovan,1610612762,UTA,Utah Jazz,22100374,2021-12-08T00:00:00,UTA @ MIN,W,45.9,12.3,0.0,5.5,24.7,15.1,5.5,8.2,43.8,1.4,0.0,2.7,4.1,60.3,1,1,1,1,19539,938,10350,4098,1248,12891,5476,9714,14856,7203,1,10413,9643,4341,1,33:31,2021,2022
2021-22,1630215,Jared Butler,Jared,1610612762,UTA,Utah Jazz,22100374,2021-12-08T00:00:00,UTA @ MIN,W,37.8,0.0,0.0,0.0,0.0,0.0,0.0,0.0,0.0,0.0,0.0,11.1,0.0,108.9,1,1,1,1,25737,11791,10350,9479,19255,1,1,1,25345,8184,1,24599,18239,123,1,3:24,2021,2022
2021-22,204060,Joe Ingles,Joe,1610612762,UTA,Utah Jazz,22100374,2021-12-08T00:00:00,UTA @ MIN,W,48.4,5.8,0.0,5.8,7.7,11.5,11.5,0.0,23.1,0.0,0.0,0.0,3.8,48.7,1,1,1,1,11329,5262,10350,3776,12330,8981,12195,1,24335,8184,1,1,10246,9208,1,25:10,2021,2022
2021-22,203903,Jordan Clarkson,Jordan,1610612762,UTA,Utah Jazz,22100374,2021-12-08T00:00:00,UTA @ MIN,W,46.8,5.9,0.0,11.8,0.0,9.8,15.7,3.9,23.5,2.0,0.0,2.0,2.0,49.2,1,1,1,1,17010,5069,10350,684,19255,7179,17091,5428,24243,4834,1,8082,15689,8933,1,23:51,2021,2022
2021-22,201144,Mike Conley,Mike,1610612762,UTA,Utah Jazz,22100374,2021-12-08T00:00:00,UTA @ MIN,W,45.5,0.0,0.0,0.0,7.7,17.3,15.4,7.7,46.2,0.0,1.9,3.8,1.9,40.2,1,1,1,1,20633,11791,10350,9479,12330,15265,16658,9028,12980,8184,21065,13999,15794,13757,1,23:39,2021,2022
2021-22,200752,Rudy Gay,Rudy,1610612762,UTA,Utah Jazz,22100374,2021-12-08T00:00:00,UTA @ MIN,W,44.2,3.9,0.0,3.9,7.8,13.7,9.8,3.9,19.6,0.0,2.0,5.9,3.9,35.7,1,1,1,1,23025,8189,10350,6338,12211,11425,10112,5428,24824,8184,21178,19406,10122,16233,1,22:33,2021,2022
2021-22,1629672,Eric Paschall,Eric,1610612762,UTA,Utah Jazz,22100374,2021-12-08T00:00:00,UTA @ MIN,W,39.7,0.0,0.0,27.3,0.0,0.0,0.0,0.0,0.0,0.0,0.0,0.0,0.0,29.1,1,1,1,1,25538,11791,10350,29,19255,1,1,1,25345,8184,1,1,18239,19596,1,4:22,2021,2022
2021-22,1630238,Malik Fitts,Malik,1610612762,UTA,Utah Jazz,22100374,2021-12-08T00:00:00,UTA @ MIN,W,37.8,0.0,0.0,0.0,0.0,0.0,0.0,0.0,0.0,0.0,11.1,0.0,0.0,13.3,1,1,1,1,25737,11791,10350,9479,19255,1,1,1,25345,8184,25927,1,18239,24120,1,3:24,2021,2022
2021-22,202711,Bojan Bogdanović,Bojan,1610612762,UTA,Utah Jazz,22100374,2021-12-08T00:00:00,UTA @ MIN,W,46.8,5.0,5.0,10.0,13.3,23.3,11.7,10.0,53.3,0.0,0.0,6.7,5.0,45.0,1,1,1,1,16779,6336,5313,1112,6252,20559,12362,11717,7905,8184,1,20849,7533,11071,1,28:06,2021,2022
2021-22,1630235,Trent Forrest,Trent,1610612762,UTA,Utah Jazz,22100374,2021-12-08T00:00:00,UTA @ MIN,W,43.8,0.0,0.0,0.0,0.0,0.0,0.0,0.0,0.0,0.0,0.0,0.0,0.0,38.5,1,1,1,1,23602,11791,10350,9479,19255,1,1,1,25345,8184,1,1,18239,14729,1,8:45,2021,2022
2021-22,203903,Jordan Clarkson,Jordan,1610612762,UTA,Utah Jazz,22100349,2021-12-05T00:00:00,UTA @ CLE,W,51.1,0.0,0.0,0.0,9.3,25.6,18.6,18.6,51.2,0.0,0.0,7.0,0.0,19.5,1,1,1,1,3824,11791,10350,9479,10422,21954,19732,20468,9429,8184,1,21456,18239,22934,1,21:59,2021,2022
2021-22,203497,Rudy Gobert,Rudy,1610612762,UTA,Utah Jazz,22100349,2021-12-05T00:00:00,UTA @ CLE,W,50.9,2.7,5.3,0.0,8.0,18.7,18.7,16.0,53.3,6.7,0.0,0.0,1.3,68.7,1,1,1,1,4230,10782,4953,9479,11960,16654,19802,18313,7905,476,1,1,17920,2340,1,38:11,2021,2022
2021-22,200752,Rudy Gay,Rudy,1610612762,UTA,Utah Jazz,22100349,2021-12-05T00:00:00,UTA @ CLE,W,48.2,4.9,14.6,0.0,9.8,26.8,12.2,19.5,48.8,0.0,0.0,4.9,2.4,68.5,1,1,1,1,11987,6579,517,9479,9907,22543,13028,21072,11170,8184,1,17168,14376,2369,1,19:46,2021,2022
2021-22,201144,Mike Conley,Mike,1610612762,UTA,Utah Jazz,22100349,2021-12-05T00:00:00,UTA @ CLE,W,48.8,4.8,0.0,0.0,3.2,19.4,9.7,19.4,45.2,0.0,1.6,1.6,1.6,50.6,1,1,1,1,9938,6673,10350,9479,18238,17268,9927,20955,13828,8184,19964,7104,16840,8212,1,30:16,2021,2022
2021-22,202711,Bojan Bogdanović,Bojan,1610612762,UTA,Utah Jazz,22100349,2021-12-05T00:00:00,UTA @ CLE,W,51.9,7.9,3.2,3.2,6.3,15.9,23.8,9.5,54.0,0.0,1.6,4.8,1.6,41.4,1,1,1,1,2686,2965,8344,7549,14089,13775,22916,11207,7604,8184,19814,16783,16915,13023,1,32:40,2021,2022
2021-22,1626220,Royce O'Neale,Royce,1610612762,UTA,Utah Jazz,22100349,2021-12-05T00:00:00,UTA @ CLE,W,51.8,4.2,0.0,4.2,0.0,23.6,20.8,11.1,52.8,0.0,1.4,4.2,0.0,29.4,1,1,1,1,2728,7704,10350,5890,19255,20760,21363,13031,8340,8184,18613,15063,18239,19418,1,37:19,2021,2022
2021-22,1628378,Donovan Mitchell,Donovan,1610612762,UTA,Utah Jazz,22100349,2021-12-05T00:00:00,UTA @ CLE,W,51.6,0.0,6.6,6.6,18.4,22.4,19.7,10.5,55.3,0.0,1.3,1.3,5.3,57.4,1,1,1,1,3011,11791,3558,2955,3098,19881,20633,12389,6874,8184,18158,5931,6992,5315,1,39:14,2021,2022
2021-22,204060,Joe Ingles,Joe,1610612762,UTA,Utah Jazz,22100349,2021-12-05T00:00:00,UTA @ CLE,W,46.8,9.1,6.8,0.0,9.1,29.5,15.9,18.2,59.1,0.0,2.3,2.3,0.0,27.0,1,1,1,1,16900,2092,3322,9479,10590,23566,17312,20053,4912,8184,21902,8842,18239,20438,1,20:35,2021,2022
2021-22,1630235,Trent Forrest,Trent,1610612762,UTA,Utah Jazz,22100339,2021-12-03T00:00:00,UTA vs. BOS,W,50.2,0.0,0.0,0.0,0.0,71.4,0.0,28.6,85.7,0.0,0.0,0.0,14.3,5.7,1,1,1,1,5676,11791,10350,9479,19255,25916,1,24491,457,8184,1,1,341,24884,1,3:31,2021,2022
2021-22,200752,Rudy Gay,Rudy,1610612762,UTA,Utah Jazz,22100339,2021-12-03T00:00:00,UTA vs. BOS,W,46.9,8.1,0.0,0.0,0.0,40.5,5.4,10.8,43.2,0.0,0.0,8.1,2.7,30.5,1,1,1,1,16475,2836,10350,9479,19255,25310,5369,12787,15281,8184,1,22803,13542,18874,1,17:22,2021,2022
2021-22,201144,Mike Conley,Mike,1610612762,UTA,Utah Jazz,22100339,2021-12-03T00:00:00,UTA vs. BOS,W,48.1,0.0,4.5,0.0,6.1,25.8,12.1,10.6,48.5,1.5,0.0,6.1,7.6,67.1,1,1,1,1,12285,11791,5962,9479,14462,22030,12921,12570,11399,6437,1,19841,3420,2631,1,31:46,2021,2022
2021-22,204060,Joe Ingles,Joe,1610612762,UTA,Utah Jazz,22100339,2021-12-03T00:00:00,UTA vs. BOS,W,44.9,6.0,0.0,6.0,0.0,36.0,4.0,8.0,36.0,0.0,0.0,6.0,0.0,25.2,1,1,1,1,21812,4993,10350,3533,19255,24836,4266,9398,19872,8184,1,19750,18239,21131,1,22:28,2021,2022
2021-22,1628378,Donovan Mitchell,Donovan,1610612762,UTA,Utah Jazz,22100339,2021-12-03T00:00:00,UTA vs. BOS,W,48.1,2.9,0.0,0.0,17.6,23.5,11.8,10.3,50.0,0.0,0.0,2.9,7.4,62.1,1,1,1,1,12263,10081,10350,9479,3472,20684,12437,12174,9853,8184,1,11118,3658,3837,1,32:44,2021,2022
2021-22,203903,Jordan Clarkson,Jordan,1610612762,UTA,Utah Jazz,22100339,2021-12-03T00:00:00,UTA vs. BOS,W,48.4,0.0,0.0,0.0,4.5,40.9,9.1,13.6,50.0,0.0,6.8,6.8,0.0,41.8,1,1,1,1,11283,11791,10350,9479,16555,25334,9223,15974,9853,8184,25726,21216,18239,12816,1,21:18,2021,2022
2021-22,1626220,Royce O'Neale,Royce,1610612762,UTA,Utah Jazz,22100339,2021-12-03T00:00:00,UTA vs. BOS,W,49.6,0.0,3.1,0.0,6.2,29.2,12.3,10.8,58.5,0.0,0.0,3.1,1.5,45.4,1,1,1,1,7498,11791,8541,9479,14376,23477,13168,12752,5171,8184,1,11647,17140,10904,1,32:13,2021,2022
2021-22,202355,Hassan Whiteside,Hassan,1610612762,UTA,Utah Jazz,22100339,2021-12-03T00:00:00,UTA vs. BOS,W,48.5,0.0,7.7,0.0,7.7,46.2,7.7,7.7,61.5,0.0,0.0,11.5,0.0,23.5,1,1,1,1,10901,11791,2584,9479,12330,25573,7648,9028,3890,8184,1,24817,18239,21761,1,12:37,2021,2022
2021-22,203497,Rudy Gobert,Rudy,1610612762,UTA,Utah Jazz,22100339,2021-12-03T00:00:00,UTA vs. BOS,W,48.5,0.0,2.7,0.0,13.7,26.0,11.0,12.3,46.6,2.7,0.0,6.8,11.0,51.2,1,1,1,1,11086,11791,9273,9479,6042,22162,11498,14571,12803,3201,1,21291,1133,7906,1,35:23,2021,2022
2021-22,202711,Bojan Bogdanović,Bojan,1610612762,UTA,Utah Jazz,22100339,2021-12-03T00:00:00,UTA vs. BOS,W,48.6,3.2,0.0,0.0,3.2,25.4,12.7,11.1,54.0,0.0,0.0,3.2,1.6,40.6,1,1,1,1,10579,9542,10350,9479,18308,21858,13637,13031,7604,8184,1,12015,16915,13501,1,30:38,2021,2022
2021-22,202711,Bojan Bogdanović,Bojan,1610612762,UTA,Utah Jazz,22100312,2021-11-29T00:00:00,UTA vs. POR,W,49.9,3.1,3.1,3.1,9.2,9.2,18.5,7.7,49.2,0.0,1.5,1.5,3.1,30.5,1,1,1,1,6549,9768,8541,7758,10508,6646,19640,9028,10902,8184,19543,6811,12357,18912,1,32:26,2021,2022
2021-22,204060,Joe Ingles,Joe,1610612762,UTA,Utah Jazz,22100312,2021-11-29T00:00:00,UTA vs. POR,W,51.4,3.6,5.4,0.0,3.6,3.6,23.2,0.0,39.3,0.0,0.0,3.6,1.8,50.7,1,1,1,1,3335,8812,4923,9479,17737,2927,22679,1,17997,8184,1,13156,16235,8172,1,28:47,2021,2022
2021-22,201144,Mike Conley,Mike,1610612762,UTA,Utah Jazz,22100312,2021-11-29T00:00:00,UTA vs. POR,W,50.9,3.9,0.0,0.0,3.9,3.9,25.5,0.0,39.2,0.0,0.0,3.9,3.9,19.6,1,1,1,1,4223,8189,10350,9479,17270,3041,23620,1,18048,8184,1,14318,10122,22919,1,25:58,2021,2022
2021-22,1630215,Jared Butler,Jared,1610612762,UTA,Utah Jazz,22100312,2021-11-29T00:00:00,UTA vs. POR,W,45.3,0.0,0.0,0.0,0.0,40.0,40.0,0.0,80.0,0.0,0.0,0.0,20.0,40.0,1,1,1,1,20954,11791,10350,9479,19255,25209,25530,1,669,8184,1,1,80,13802,1,2:16,2021,2022
2021-22,202355,Hassan Whiteside,Hassan,1610612762,UTA,Utah Jazz,22100312,2021-11-29T00:00:00,UTA vs. POR,W,47.6,0.0,0.0,0.0,6.9,13.8,6.9,17.2,62.1,6.9,0.0,6.9,3.4,48.6,1,1,1,1,14207,11791,10350,9479,13334,11465,6805,19394,3745,439,1,21324,11302,9226,1,13:48,2021,2022
2021-22,1629672,Eric Paschall,Eric,1610612762,UTA,Utah Jazz,22100312,2021-11-29T00:00:00,UTA vs. POR,W,45.3,0.0,0.0,0.0,0.0,40.0,40.0,0.0,80.0,0.0,0.0,0.0,0.0,108.0,1,1,1,1,20954,11791,10350,9479,19255,25209,25530,1,669,8184,1,1,18239,132,1,2:16,2021,2022
2021-22,1628378,Donovan Mitchell,Donovan,1610612762,UTA,Utah Jazz,22100312,2021-11-29T00:00:00,UTA vs. POR,W,49.9,3.1,0.0,3.1,21.5,9.2,18.5,7.7,49.2,0.0,0.0,3.1,1.5,78.3,1,1,1,1,6549,9768,10350,7758,1991,6646,19640,9028,10902,8184,1,11647,17140,1082,1,32:26,2021,2022
2021-22,203903,Jordan Clarkson,Jordan,1610612762,UTA,Utah Jazz,22100312,2021-11-29T00:00:00,UTA vs. POR,W,48.8,0.0,17.7,0.0,3.2,6.5,11.3,8.1,48.4,0.0,1.6,4.8,3.2,54.4,1,1,1,1,10031,11791,303,9479,18238,4345,11925,9534,11501,8184,19964,17064,11892,6507,1,30:15,2021,2022
2021-22,203497,Rudy Gobert,Rudy,1610612762,UTA,Utah Jazz,22100312,2021-11-29T00:00:00,UTA vs. POR,W,50.7,0.0,3.2,0.0,28.6,3.2,22.2,0.0,38.1,1.6,1.6,4.8,6.3,80.5,1,1,1,1,4685,11791,8344,9479,623,2817,22109,1,18680,6094,19814,16783,5099,907,1,31:56,2021,2022
2021-22,200752,Rudy Gay,Rudy,1610612762,UTA,Utah Jazz,22100312,2021-11-29T00:00:00,UTA vs. POR,W,49.7,0.0,4.4,6.7,4.4,4.4,8.9,11.1,53.3,0.0,0.0,4.4,6.7,47.8,1,1,1,1,6978,11791,6158,2840,16675,3255,9072,13031,7905,8184,1,15989,4499,9640,1,22:23,2021,2022
2021-22,1629671,Miye Oni,Miye,1610612762,UTA,Utah Jazz,22100312,2021-11-29T00:00:00,UTA vs. POR,W,45.3,0.0,0.0,0.0,0.0,40.0,40.0,0.0,80.0,0.0,0.0,20.0,0.0,0.0,1,1,1,1,20954,11791,10350,9479,19255,25209,25530,1,669,8184,1,25766,18239,25086,1,2:16,2021,2022
2021-22,1630235,Trent Forrest,Trent,1610612762,UTA,Utah Jazz,22100312,2021-11-29T00:00:00,UTA vs. POR,W,48.0,0.0,0.0,0.0,14.8,14.8,18.5,0.0,44.4,0.0,0.0,0.0,3.7,44.8,1,1,1,1,12895,11791,10350,9479,5114,12579,19666,1,14227,8184,1,1,10614,11204,1,12:57,2021,2022
2021-22,1630190,Elijah Hughes,Elijah,1610612762,UTA,Utah Jazz,22100312,2021-11-29T00:00:00,UTA vs. POR,W,45.3,0.0,0.0,0.0,0.0,40.0,40.0,0.0,80.0,0.0,0.0,20.0,0.0,-20.0,1,1,1,1,20954,11791,10350,9479,19255,25209,25530,1,669,8184,1,25766,18239,26005,1,2:16,2021,2022
2021-22,202711,Bojan Bogdanović,Bojan,1610612762,UTA,Utah Jazz,22100299,2021-11-27T00:00:00,UTA vs. NOP,W,47.4,5.2,0.0,0.0,3.4,15.5,13.8,6.9,44.8,0.0,0.0,5.2,6.9,27.9,1,1,1,1,15044,6122,10350,9479,17911,13411,14964,8226,14094,8184,1,17892,4254,20084,1,27:28,2021,2022
2021-22,1630215,Jared Butler,Jared,1610612762,UTA,Utah Jazz,22100299,2021-11-27T00:00:00,UTA vs. NOP,W,45.9,0.0,0.0,0.0,0.0,58.8,29.4,29.4,58.8,0.0,0.0,11.8,0.0,47.1,1,1,1,1,19609,11791,10350,9479,19255,25823,24585,24718,4980,8184,1,24855,18239,10047,1,7:48,2021,2022
2021-22,203903,Jordan Clarkson,Jordan,1610612762,UTA,Utah Jazz,22100299,2021-11-27T00:00:00,UTA vs. NOP,W,46.8,9.1,3.6,5.5,14.5,21.8,14.5,7.3,43.6,0.0,0.0,1.8,1.8,51.1,1,1,1,1,16732,2092,7568,4135,5340,19425,15840,8648,15003,8184,1,7697,16126,7991,1,25:46,2021,2022
2021-22,204060,Joe Ingles,Joe,1610612762,UTA,Utah Jazz,22100299,2021-11-27T00:00:00,UTA vs. NOP,W,48.5,0.0,5.5,0.0,0.0,20.0,14.5,7.3,40.0,0.0,0.0,3.6,1.8,39.1,1,1,1,1,10939,11791,4784,9479,19255,17672,15840,8648,17110,8184,1,13431,16126,14383,1,26:41,2021,2022
2021-22,200752,Rudy Gay,Rudy,1610612762,UTA,Utah Jazz,22100299,2021-11-27T00:00:00,UTA vs. NOP,W,45.9,5.9,5.9,0.0,0.0,19.6,15.7,7.8,43.1,0.0,2.0,2.0,3.9,58.6,1,1,1,1,19440,5069,4248,9479,19255,17508,17091,9260,15374,8184,21178,8082,10122,4905,1,23:26,2021,2022
2021-22,1628378,Donovan Mitchell,Donovan,1610612762,UTA,Utah Jazz,22100299,2021-11-27T00:00:00,UTA vs. NOP,W,47.4,6.9,0.0,17.2,13.8,15.5,13.8,6.9,44.8,1.7,1.7,3.4,3.4,77.4,1,1,1,1,15044,3905,10350,175,5937,13411,14964,8226,14094,5580,20412,12792,11302,1163,1,27:28,2021,2022
2021-22,201144,Mike Conley,Mike,1610612762,UTA,Utah Jazz,22100299,2021-11-27T00:00:00,UTA vs. NOP,W,47.1,6.0,0.0,0.0,16.0,18.0,12.0,8.0,40.0,0.0,0.0,6.0,0.0,54.4,1,1,1,1,16022,4993,10350,9479,4345,15982,12768,9398,17110,8184,1,19750,18239,6485,1,23:32,2021,2022
2021-22,1629671,Miye Oni,Miye,1610612762,UTA,Utah Jazz,22100299,2021-11-27T00:00:00,UTA vs. NOP,W,46.0,0.0,0.0,0.0,0.0,55.6,27.8,27.8,55.6,0.0,0.0,5.6,0.0,9.4,1,1,1,1,19232,11791,10350,9479,19255,25783,24211,24346,6637,8184,1,18716,18239,24622,1,8:17,2021,2022
2021-22,202355,Hassan Whiteside,Hassan,1610612762,UTA,Utah Jazz,22100299,2021-11-27T00:00:00,UTA vs. NOP,W,46.4,7.9,5.3,0.0,21.1,23.7,10.5,5.3,47.4,2.6,0.0,15.8,7.9,55.3,1,1,1,1,18005,2996,4981,9479,2119,20808,10893,6557,12200,3379,1,25562,3054,6153,1,17:39,2021,2022
2021-22,203497,Rudy Gobert,Rudy,1610612762,UTA,Utah Jazz,22100299,2021-11-27T00:00:00,UTA vs. NOP,W,48.5,3.6,0.0,0.0,7.1,19.6,14.3,7.1,39.3,3.6,1.8,1.8,7.1,39.5,1,1,1,1,10945,8812,10350,9479,13021,17539,15378,8443,17997,1970,20624,7630,3862,14204,1,27:10,2021,2022
2021-22,1630235,Trent Forrest,Trent,1610612762,UTA,Utah Jazz,22100299,2021-11-27T00:00:00,UTA vs. NOP,W,46.8,0.0,0.0,0.0,7.1,46.4,25.0,17.9,50.0,0.0,0.0,3.6,10.7,31.8,1,1,1,1,16933,11791,10350,9479,13021,25590,23275,19845,9853,8184,1,13156,1218,18303,1,13:06,2021,2022
2021-22,1630190,Elijah Hughes,Elijah,1610612762,UTA,Utah Jazz,22100299,2021-11-27T00:00:00,UTA vs. NOP,W,42.1,0.0,0.0,0.0,0.0,87.5,62.5,62.5,75.0,0.0,0.0,0.0,0.0,0.0,1,1,1,1,24882,11791,10350,9479,19255,25975,25913,25927,1073,8184,1,1,18239,25086,1,3:22,2021,2022
2021-22,1629672,Eric Paschall,Eric,1610612762,UTA,Utah Jazz,22100299,2021-11-27T00:00:00,UTA vs. NOP,W,46.0,11.1,11.1,0.0,11.1,55.6,27.8,27.8,55.6,0.0,0.0,11.1,0.0,20.6,1,1,1,1,19232,1265,1070,9479,8363,25783,24211,24346,6637,8184,1,24599,18239,22638,1,8:17,2021,2022
2021-22,1626220,Royce O'Neale,Royce,1610612762,UTA,Utah Jazz,22100289,2021-11-26T00:00:00,UTA vs. NOP,L,49.2,0.0,0.0,0.0,0.0,16.9,7.7,10.8,40.0,4.6,0.0,4.6,1.5,36.3,1,13121,13121,13121,8708,11791,10350,9479,19255,14894,7648,12752,17110,1182,1,16466,17140,15917,1,31:58,2021,2022
2021-22,203903,Jordan Clarkson,Jordan,1610612762,UTA,Utah Jazz,22100289,2021-11-26T00:00:00,UTA vs. NOP,L,49.9,4.4,0.0,0.0,8.9,13.3,13.3,22.2,48.9,0.0,2.2,2.2,2.2,36.2,1,13121,13121,13121,6484,7248,10350,9479,10873,10895,14333,22452,11112,8184,21797,8725,14933,15954,1,22:28,2021,2022
2021-22,203497,Rudy Gobert,Rudy,1610612762,UTA,Utah Jazz,22100289,2021-11-26T00:00:00,UTA vs. NOP,L,49.5,0.0,4.1,0.0,5.4,12.2,9.5,14.9,45.9,4.1,0.0,6.8,12.2,40.5,1,13121,13121,13121,7760,11791,6881,9479,15446,9630,9711,17248,13253,1574,1,21141,717,13554,1,36:37,2021,2022
2021-22,204060,Joe Ingles,Joe,1610612762,UTA,Utah Jazz,22100289,2021-11-26T00:00:00,UTA vs. NOP,L,49.2,4.3,0.0,6.5,13.0,4.3,8.7,15.2,43.5,2.2,0.0,2.2,4.3,53.3,1,13121,13121,13121,8521,7379,10350,3004,6587,3210,8806,17588,15063,4297,1,8605,8968,6992,1,22:39,2021,2022
2021-22,1630235,Trent Forrest,Trent,1610612762,UTA,Utah Jazz,22100289,2021-11-26T00:00:00,UTA vs. NOP,L,46.1,0.0,0.0,0.0,33.3,0.0,0.0,0.0,33.3,0.0,0.0,0.0,0.0,33.3,1,13121,13121,13121,18969,11791,10350,9479,296,1,1,1,20988,8184,1,1,18239,17457,1,2:46,2021,2022
2021-22,202355,Hassan Whiteside,Hassan,1610612762,UTA,Utah Jazz,22100289,2021-11-26T00:00:00,UTA vs. NOP,L,49.5,0.0,4.3,0.0,0.0,17.4,8.7,13.0,34.8,0.0,0.0,21.7,4.3,27.0,1,13121,13121,13121,7732,11791,6301,9479,19255,15333,8806,15346,20459,8184,1,25848,8968,20477,1,11:23,2021,2022
2021-22,200752,Rudy Gay,Rudy,1610612762,UTA,Utah Jazz,22100289,2021-11-26T00:00:00,UTA vs. NOP,L,50.1,0.0,6.3,0.0,18.8,6.3,12.5,21.9,50.0,0.0,0.0,6.3,0.0,44.1,1,13121,13121,13121,5999,11791,3838,9479,2953,4200,13252,22333,9853,8184,1,20153,18239,11621,1,16:02,2021,2022
2021-22,1628378,Donovan Mitchell,Donovan,1610612762,UTA,Utah Jazz,22100289,2021-11-26T00:00:00,UTA vs. NOP,L,49.8,5.9,0.0,2.9,8.8,19.1,7.4,10.3,47.1,0.0,2.9,1.5,2.9,37.9,1,13121,13121,13121,6728,5069,10350,7999,10968,17063,7333,12174,12370,8184,23427,6542,12717,15048,1,33:53,2021,2022
2021-22,201144,Mike Conley,Mike,1610612762,UTA,Utah Jazz,22100289,2021-11-26T00:00:00,UTA vs. NOP,L,49.3,3.2,3.2,0.0,9.5,11.1,11.1,17.5,41.3,1.6,0.0,3.2,7.9,43.3,1,13121,13121,13121,8294,9542,8344,9479,10112,8424,11549,19585,16583,6094,1,12015,3030,12013,1,31:04,2021,2022
2021-22,202711,Bojan Bogdanović,Bojan,1610612762,UTA,Utah Jazz,22100289,2021-11-26T00:00:00,UTA vs. NOP,L,48.7,12.5,4.7,7.8,12.5,17.2,7.8,10.9,37.5,0.0,1.6,3.1,0.0,45.8,1,13121,13121,13121,10334,875,5772,2074,7008,15158,7854,12952,18992,8184,19676,11770,18239,10699,1,31:10,2021,2022
2021-22,202355,Hassan Whiteside,Hassan,1610612762,UTA,Utah Jazz,22100276,2021-11-24T00:00:00,UTA @ OKC,W,41.4,0.0,28.6,0.0,28.6,0.0,0.0,0.0,57.1,0.0,14.3,14.3,0.0,45.7,1,1,1,1,25147,11791,65,9479,623,1,1,1,5647,8184,25981,25354,18239,10722,1,2:54,2021,2022
2021-22,204060,Joe Ingles,Joe,1610612762,UTA,Utah Jazz,22100276,2021-11-24T00:00:00,UTA @ OKC,W,46.2,0.0,0.0,0.0,0.0,10.6,4.3,4.3,51.1,0.0,0.0,2.1,0.0,19.6,1,1,1,1,18586,11791,10350,9479,19255,8011,4484,5706,9486,8184,1,8487,18239,22930,1,21:44,2021,2022
2021-22,200752,Rudy Gay,Rudy,1610612762,UTA,Utah Jazz,22100276,2021-11-24T00:00:00,UTA @ OKC,W,48.4,0.0,0.0,0.0,5.9,11.8,5.9,5.9,47.1,0.0,0.0,5.9,5.9,61.8,1,1,1,1,11209,11791,10350,9479,14717,9164,5789,7158,12370,8184,1,19406,5826,3915,1,16:28,2021,2022
2021-22,202711,Bojan Bogdanović,Bojan,1610612762,UTA,Utah Jazz,22100276,2021-11-24T00:00:00,UTA @ OKC,W,46.9,6.2,0.0,6.2,12.3,7.7,4.6,3.1,40.0,0.0,0.0,0.0,6.2,42.3,1,1,1,1,16437,4780,10350,3370,7303,5249,4724,4830,17110,8184,1,1,5434,12568,1,30:31,2021,2022
2021-22,203497,Rudy Gobert,Rudy,1610612762,UTA,Utah Jazz,22100276,2021-11-24T00:00:00,UTA @ OKC,W,46.6,2.4,2.4,2.4,11.9,7.1,3.6,4.8,33.3,6.0,2.4,0.0,6.0,64.8,1,1,1,1,17467,11300,9951,9139,7735,4810,3996,6138,20988,659,22121,1,5809,3136,1,39:10,2021,2022
2021-22,1628378,Donovan Mitchell,Donovan,1610612762,UTA,Utah Jazz,22100276,2021-11-24T00:00:00,UTA @ OKC,W,47.6,6.7,2.7,0.0,10.7,6.7,4.0,2.7,37.3,0.0,1.3,2.7,1.3,34.8,1,1,1,1,14099,4114,9438,9479,8921,4468,4266,4550,19183,8184,18257,10135,17920,16700,1,35:43,2021,2022
2021-22,201144,Mike Conley,Mike,1610612762,UTA,Utah Jazz,22100276,2021-11-24T00:00:00,UTA @ OKC,W,44.6,4.5,0.0,3.0,6.1,6.1,4.5,6.1,42.4,0.0,0.0,1.5,4.5,41.2,1,1,1,1,22422,7040,10350,7826,14462,4101,4645,7349,15838,8184,1,6715,8499,13177,1,29:26,2021,2022
2021-22,1629672,Eric Paschall,Eric,1610612762,UTA,Utah Jazz,22100276,2021-11-24T00:00:00,UTA @ OKC,W,45.6,0.0,0.0,0.0,0.0,23.1,15.4,0.0,76.9,7.7,0.0,15.4,0.0,15.4,1,1,1,1,20234,11791,10350,9479,19255,20363,16658,1,934,287,1,25518,18239,23790,1,5:56,2021,2022
2021-22,203903,Jordan Clarkson,Jordan,1610612762,UTA,Utah Jazz,22100276,2021-11-24T00:00:00,UTA @ OKC,W,48.7,2.0,0.0,0.0,12.0,16.0,4.0,4.0,40.0,0.0,0.0,6.0,4.0,60.2,1,1,1,1,10456,11513,10350,9479,7592,13892,4266,5478,17110,8184,1,19750,9859,4363,1,24:20,2021,2022
2021-22,1630235,Trent Forrest,Trent,1610612762,UTA,Utah Jazz,22100276,2021-11-24T00:00:00,UTA @ OKC,W,59.6,0.0,0.0,0.0,0.0,0.0,50.0,0.0,0.0,0.0,0.0,0.0,0.0,37.5,1,1,1,1,163,11791,10350,9479,19255,1,25774,1,25345,8184,1,1,18239,15282,1,2:23,2021,2022
2021-22,1626220,Royce O'Neale,Royce,1610612762,UTA,Utah Jazz,22100276,2021-11-24T00:00:00,UTA @ OKC,W,47.6,3.0,0.0,3.0,3.0,7.6,4.5,3.0,39.4,3.0,0.0,4.5,1.5,54.4,1,1,1,1,14163,9856,10350,7826,18550,5220,4645,4786,17907,2630,1,16195,17236,6491,1,31:25,2021,2022
2021-22,202355,Hassan Whiteside,Hassan,1610612762,UTA,Utah Jazz,22100261,2021-11-22T00:00:00,UTA vs. MEM,L,48.9,6.5,19.4,0.0,25.8,25.8,22.6,38.7,64.5,6.5,0.0,12.9,12.9,78.1,1,13121,13121,13121,9813,4385,236,9479,1002,22047,22376,25581,3065,538,1,25180,524,1099,1,15:09,2021,2022
2021-22,1628378,Donovan Mitchell,Donovan,1610612762,UTA,Utah Jazz,22100261,2021-11-22T00:00:00,UTA vs. MEM,L,48.0,0.0,0.0,0.0,2.7,23.0,18.9,24.3,51.4,0.0,2.7,4.1,4.1,48.9,1,13121,13121,13121,12800,11791,10350,9479,18988,20342,19982,23322,9300,8184,22907,14789,9794,9074,1,35:31,2021,2022
2021-22,201144,Mike Conley,Mike,1610612762,UTA,Utah Jazz,22100261,2021-11-22T00:00:00,UTA vs. MEM,L,47.1,0.0,0.0,0.0,9.4,20.3,18.8,6.3,37.5,0.0,0.0,3.1,4.7,54.4,1,13121,13121,13121,15772,11791,10350,9479,10356,18201,19822,7521,18992,8184,1,11770,8244,6496,1,30:10,2021,2022
2021-22,203497,Rudy Gobert,Rudy,1610612762,UTA,Utah Jazz,22100261,2021-11-22T00:00:00,UTA vs. MEM,L,47.0,0.0,8.6,2.9,25.7,18.6,17.1,8.6,37.1,7.1,1.4,4.3,10.0,76.6,1,13121,13121,13121,16418,11791,2104,8177,1025,16552,18474,10103,19282,367,18872,15528,1461,1237,1,32:52,2021,2022
2021-22,204060,Joe Ingles,Joe,1610612762,UTA,Utah Jazz,22100261,2021-11-22T00:00:00,UTA vs. MEM,L,45.5,0.0,0.0,0.0,3.8,18.9,15.1,26.4,45.3,0.0,0.0,1.9,0.0,19.2,1,13121,13121,13121,20525,11791,10350,9479,17453,16842,16439,24015,13770,8184,1,7892,18239,22999,1,24:08,2021,2022
2021-22,1630235,Trent Forrest,Trent,1610612762,UTA,Utah Jazz,22100261,2021-11-22T00:00:00,UTA vs. MEM,L,53.3,0.0,0.0,0.0,0.0,0.0,0.0,0.0,0.0,0.0,0.0,33.3,0.0,40.0,1,13121,13121,13121,1247,11791,10350,9479,19255,1,1,1,25345,8184,1,25976,18239,13802,1,1:36,2021,2022
2021-22,202711,Bojan Bogdanović,Bojan,1610612762,UTA,Utah Jazz,22100261,2021-11-22T00:00:00,UTA vs. MEM,L,47.9,0.0,0.0,14.5,0.0,21.0,22.6,17.7,48.4,0.0,1.6,3.2,3.2,48.5,1,13121,13121,13121,13012,11791,10350,336,19255,18733,22376,19772,11501,8184,19964,12152,11892,9264,1,29:43,2021,2022
2021-22,203903,Jordan Clarkson,Jordan,1610612762,UTA,Utah Jazz,22100261,2021-11-22T00:00:00,UTA vs. MEM,L,47.8,0.0,0.0,0.0,8.3,20.8,18.8,14.6,45.8,2.1,0.0,2.1,2.1,45.0,1,13121,13121,13121,13438,11791,10350,9479,11513,18628,19822,16977,13317,4515,1,8384,15312,11071,1,22:57,2021,2022
2021-22,1626220,Royce O'Neale,Royce,1610612762,UTA,Utah Jazz,22100261,2021-11-22T00:00:00,UTA vs. MEM,L,47.8,0.0,0.0,0.0,0.0,21.0,22.6,17.7,48.4,0.0,0.0,4.8,0.0,31.8,1,13121,13121,13121,13576,11791,10350,9479,19255,18733,22376,19772,11501,8184,1,17064,18239,18313,1,29:37,2021,2022
2021-22,200752,Rudy Gay,Rudy,1610612762,UTA,Utah Jazz,22100261,2021-11-22T00:00:00,UTA vs. MEM,L,45.7,0.0,0.0,5.0,5.0,20.0,12.5,17.5,40.0,5.0,0.0,0.0,0.0,29.0,1,13121,13121,13121,20080,11791,10350,4639,15991,17672,13252,19604,17110,981,1,1,18239,19630,1,18:17,2021,2022
2021-22,1629672,Eric Paschall,Eric,1610612762,UTA,Utah Jazz,22100247,2021-11-20T00:00:00,UTA @ SAC,W,44.2,0.0,0.0,0.0,0.0,0.0,0.0,50.0,50.0,0.0,0.0,0.0,0.0,30.0,1,1,1,1,23093,11791,10350,9479,19255,1,1,25806,9853,8184,1,1,18239,19049,1,1:46,2021,2022
2021-22,203903,Jordan Clarkson,Jordan,1610612762,UTA,Utah Jazz,22100247,2021-11-20T00:00:00,UTA @ SAC,W,46.6,5.9,0.0,3.9,7.8,13.7,5.9,19.6,43.1,0.0,0.0,3.9,5.9,47.6,1,1,1,1,17552,5069,10350,6338,12211,11425,5789,21122,15374,8184,1,14318,5826,9721,1,23:46,2021,2022
2021-22,1628378,Donovan Mitchell,Donovan,1610612762,UTA,Utah Jazz,22100247,2021-11-20T00:00:00,UTA @ SAC,W,50.0,6.3,0.0,7.8,21.9,15.6,21.9,18.8,68.8,0.0,4.7,4.7,1.6,61.7,1,1,1,1,6357,4600,10350,2074,1910,13503,21969,20530,1942,8184,25150,16657,17026,3924,1,31:59,2021,2022
2021-22,202711,Bojan Bogdanović,Bojan,1610612762,UTA,Utah Jazz,22100247,2021-11-20T00:00:00,UTA @ SAC,W,49.9,0.0,4.8,0.0,3.2,12.9,22.6,19.4,71.0,0.0,0.0,0.0,1.6,29.5,1,1,1,1,6561,11791,5600,9479,18238,10448,22376,20955,1617,8184,1,1,16840,19386,1,30:56,2021,2022
2021-22,204060,Joe Ingles,Joe,1610612762,UTA,Utah Jazz,22100247,2021-11-20T00:00:00,UTA @ SAC,W,47.0,0.0,0.0,0.0,0.0,14.0,0.0,26.0,48.0,0.0,0.0,2.0,0.0,41.4,1,1,1,1,16370,11791,10350,9479,19255,11686,1,23915,11734,8184,1,8170,18239,13060,1,23:29,2021,2022
2021-22,1626220,Royce O'Neale,Royce,1610612762,UTA,Utah Jazz,22100247,2021-11-20T00:00:00,UTA @ SAC,W,50.3,0.0,1.7,5.2,3.4,13.8,24.1,17.2,72.4,0.0,0.0,3.4,1.7,34.5,1,1,1,1,5583,11791,10174,4450,17911,11465,23033,19394,1417,8184,1,12792,16449,16884,1,29:10,2021,2022
2021-22,200752,Rudy Gay,Rudy,1610612762,UTA,Utah Jazz,22100247,2021-11-20T00:00:00,UTA @ SAC,W,44.9,0.0,0.0,0.0,0.0,18.4,0.0,26.3,42.1,0.0,0.0,2.6,0.0,28.2,1,1,1,1,21844,11791,10350,9479,19255,16397,1,23983,16017,8184,1,9953,18239,19973,1,17:04,2021,2022
2021-22,201144,Mike Conley,Mike,1610612762,UTA,Utah Jazz,22100247,2021-11-20T00:00:00,UTA @ SAC,W,48.0,3.6,0.0,5.5,14.5,21.8,20.0,27.3,65.5,0.0,0.0,1.8,0.0,34.9,1,1,1,1,12875,8688,10350,4135,5340,19425,20659,24220,2838,8184,1,7697,18239,16641,1,26:23,2021,2022
2021-22,1630235,Trent Forrest,Trent,1610612762,UTA,Utah Jazz,22100247,2021-11-20T00:00:00,UTA @ SAC,W,47.4,0.0,0.0,0.0,16.7,8.3,0.0,16.7,66.7,0.0,0.0,0.0,0.0,26.7,1,1,1,1,15027,11791,10350,9479,3897,5765,1,18768,2209,8184,1,1,18239,20592,1,5:41,2021,2022
2021-22,1629671,Miye Oni,Miye,1610612762,UTA,Utah Jazz,22100247,2021-11-20T00:00:00,UTA @ SAC,W,44.2,0.0,0.0,0.0,0.0,0.0,0.0,50.0,50.0,0.0,0.0,0.0,0.0,0.0,1,1,1,1,23093,11791,10350,9479,19255,1,1,25806,9853,8184,1,1,18239,25086,1,1:46,2021,2022
2021-22,202355,Hassan Whiteside,Hassan,1610612762,UTA,Utah Jazz,22100247,2021-11-20T00:00:00,UTA @ SAC,W,47.8,0.0,10.8,0.0,16.2,5.4,8.1,18.9,48.6,2.7,0.0,8.1,5.4,67.6,1,1,1,1,13333,11791,1171,9479,4238,3702,8168,20691,11272,3230,1,22803,6771,2537,1,17:42,2021,2022
2021-22,203497,Rudy Gobert,Rudy,1610612762,UTA,Utah Jazz,22100247,2021-11-20T00:00:00,UTA @ SAC,W,48.9,6.5,12.9,0.0,25.8,21.0,17.7,24.2,67.7,1.6,3.2,4.8,9.7,69.8,1,1,1,1,9762,4385,747,9479,1002,18733,19016,23286,2138,5989,23880,17064,1712,2153,1,30:18,2021,2022
2021-22,203497,Rudy Gobert,Rudy,1610612762,UTA,Utah Jazz,22100229,2021-11-18T00:00:00,UTA vs. TOR,W,48.1,3.3,0.0,0.0,23.0,23.0,4.9,11.5,32.8,3.3,0.0,3.3,4.9,55.2,1,1,1,1,12539,9349,10350,9479,1615,20317,4987,13590,21518,2321,1,12338,7783,6157,1,29:19,2021,2022
2021-22,201144,Mike Conley,Mike,1610612762,UTA,Utah Jazz,22100229,2021-11-18T00:00:00,UTA vs. TOR,W,48.1,0.0,0.0,0.0,3.4,27.1,5.1,11.9,37.3,1.7,0.0,5.1,0.0,40.2,1,1,1,1,12276,11791,10350,9479,18001,22672,5114,14049,19205,5677,1,17688,18239,13770,1,28:24,2021,2022
2021-22,200752,Rudy Gay,Rudy,1610612762,UTA,Utah Jazz,22100229,2021-11-18T00:00:00,UTA vs. TOR,W,48.6,13.2,0.0,0.0,10.5,21.1,10.5,5.3,21.1,0.0,0.0,2.6,2.6,68.4,1,1,1,1,10817,776,10350,9479,8994,18764,10893,6557,24638,8184,1,9953,13758,2390,1,18:27,2021,2022
2021-22,1629672,Eric Paschall,Eric,1610612762,UTA,Utah Jazz,22100229,2021-11-18T00:00:00,UTA vs. TOR,W,46.7,0.0,0.0,0.0,0.0,66.7,33.3,50.0,33.3,0.0,16.7,0.0,0.0,25.0,1,1,1,1,17311,11791,10350,9479,19255,25872,25040,25806,20988,8184,26006,1,18239,21169,1,2:48,2021,2022
2021-22,202711,Bojan Bogdanović,Bojan,1610612762,UTA,Utah Jazz,22100229,2021-11-18T00:00:00,UTA vs. TOR,W,48.3,0.0,9.6,3.8,7.7,48.1,9.6,13.5,50.0,1.9,1.9,1.9,0.0,40.0,1,1,1,1,11503,11791,1592,6441,12330,25625,9893,15842,9853,4933,21065,7987,18239,13802,1,25:08,2021,2022
2021-22,204060,Joe Ingles,Joe,1610612762,UTA,Utah Jazz,22100229,2021-11-18T00:00:00,UTA vs. TOR,W,47.5,4.0,0.0,0.0,8.0,24.0,8.0,4.0,24.0,0.0,0.0,8.0,0.0,64.8,1,1,1,1,14390,8010,10350,9479,11960,20989,8010,5478,24185,8184,1,22695,18239,3128,1,23:46,2021,2022
2021-22,1630215,Jared Butler,Jared,1610612762,UTA,Utah Jazz,22100229,2021-11-18T00:00:00,UTA vs. TOR,W,46.7,0.0,0.0,0.0,0.0,66.7,33.3,50.0,33.3,16.7,0.0,16.7,0.0,53.3,1,1,1,1,17311,11791,10350,9479,19255,25872,25040,25806,20988,31,1,25595,18239,6929,1,2:48,2021,2022
2021-22,203903,Jordan Clarkson,Jordan,1610612762,UTA,Utah Jazz,22100229,2021-11-18T00:00:00,UTA vs. TOR,W,47.0,0.0,0.0,6.4,0.0,21.3,12.8,0.0,21.3,0.0,0.0,0.0,2.1,47.7,1,1,1,1,16428,11791,10350,3142,19255,18957,13716,1,24629,8184,1,1,15174,9713,1,22:04,2021,2022
2021-22,1628378,Donovan Mitchell,Donovan,1610612762,UTA,Utah Jazz,22100229,2021-11-18T00:00:00,UTA vs. TOR,W,50.0,6.8,3.4,3.4,10.2,50.8,18.6,15.3,50.8,0.0,0.0,5.1,8.5,52.7,1,1,1,1,6368,4048,7976,7169,9475,25736,19770,17616,9607,8184,1,17688,2521,7235,1,29:29,2021,2022
2021-22,1629671,Miye Oni,Miye,1610612762,UTA,Utah Jazz,22100229,2021-11-18T00:00:00,UTA vs. TOR,W,46.7,0.0,0.0,0.0,0.0,66.7,33.3,50.0,33.3,0.0,0.0,0.0,0.0,0.0,1,1,1,1,17311,11791,10350,9479,19255,25872,25040,25806,20988,8184,1,1,18239,25086,1,2:48,2021,2022
2021-22,202355,Hassan Whiteside,Hassan,1610612762,UTA,Utah Jazz,22100229,2021-11-18T00:00:00,UTA vs. TOR,W,46.7,0.0,5.9,0.0,23.5,55.9,23.5,5.9,41.2,8.8,2.9,2.9,5.9,62.9,1,1,1,1,17163,11791,4248,9479,1459,25795,22788,7158,16633,207,23427,11118,5826,3609,1,15:53,2021,2022
2021-22,1630235,Trent Forrest,Trent,1610612762,UTA,Utah Jazz,22100229,2021-11-18T00:00:00,UTA vs. TOR,W,42.2,0.0,11.1,0.0,11.1,38.9,11.1,16.7,11.1,0.0,0.0,5.6,5.6,45.0,1,1,1,1,24825,11791,1070,9479,8363,25148,11549,18768,25281,8184,1,18716,6435,11071,1,7:36,2021,2022
2021-22,1626220,Royce O'Neale,Royce,1610612762,UTA,Utah Jazz,22100229,2021-11-18T00:00:00,UTA vs. TOR,W,49.5,0.0,0.0,12.1,6.9,48.3,19.0,15.5,48.3,1.7,0.0,1.7,0.0,45.3,1,1,1,1,7756,11791,10350,639,13334,25628,20036,17889,11554,5580,1,7447,18239,10938,1,28:42,2021,2022
2021-22,1628962,Udoka Azubuike,Udoka,1610612762,UTA,Utah Jazz,22100229,2021-11-18T00:00:00,UTA vs. TOR,W,46.7,0.0,0.0,0.0,0.0,66.7,33.3,50.0,33.3,0.0,0.0,0.0,0.0,43.3,1,1,1,1,17311,11791,10350,9479,19255,25872,25040,25806,20988,8184,1,1,18239,12013,1,2:48,2021,2022
2021-22,1628962,Udoka Azubuike,Udoka,1610612762,UTA,Utah Jazz,22100211,2021-11-16T00:00:00,UTA vs. PHI,W,65.7,0.0,0.0,0.0,40.0,0.0,40.0,0.0,40.0,0.0,0.0,0.0,0.0,64.0,1,1,1,1,62,11791,10350,9479,106,1,25530,1,17110,8184,1,1,18239,3320,1,3:17,2021,2022
2021-22,201144,Mike Conley,Mike,1610612762,UTA,Utah Jazz,22100211,2021-11-16T00:00:00,UTA vs. PHI,W,46.6,0.0,3.8,5.7,11.3,13.2,0.0,7.5,56.6,0.0,0.0,3.8,3.8,47.0,1,1,1,1,17641,11791,7321,3891,8249,10788,1,8939,6147,8184,1,13853,10510,10094,1,24:41,2021,2022
2021-22,1629672,Eric Paschall,Eric,1610612762,UTA,Utah Jazz,22100211,2021-11-16T00:00:00,UTA vs. PHI,W,49.6,0.0,0.0,0.0,5.3,18.4,10.5,0.0,52.6,0.0,0.0,2.6,2.6,34.7,1,1,1,1,7508,11791,10350,9479,15649,16397,10893,1,8381,8184,1,9953,13758,16722,1,18:50,2021,2022
2021-22,1626220,Royce O'Neale,Royce,1610612762,UTA,Utah Jazz,22100211,2021-11-16T00:00:00,UTA vs. PHI,W,46.5,0.0,0.0,0.0,0.0,3.4,6.9,17.2,51.7,1.7,0.0,5.2,1.7,33.3,1,1,1,1,17854,11791,10350,9479,19255,2891,6805,19394,9031,5580,1,17892,16449,17531,1,26:58,2021,2022
2021-22,202355,Hassan Whiteside,Hassan,1610612762,UTA,Utah Jazz,22100211,2021-11-16T00:00:00,UTA vs. PHI,W,46.1,5.6,5.6,0.0,27.8,0.0,16.7,16.7,38.9,5.6,2.8,5.6,0.0,58.3,1,1,1,1,19110,5518,4631,9479,764,1,17885,18768,18228,764,23073,18716,18239,4985,1,16:35,2021,2022
2021-22,203497,Rudy Gobert,Rudy,1610612762,UTA,Utah Jazz,22100211,2021-11-16T00:00:00,UTA vs. PHI,W,47.7,0.0,0.0,0.0,20.3,15.3,0.0,6.8,57.6,6.8,1.7,5.1,8.5,82.9,1,1,1,1,13891,11791,10350,9479,2361,13088,1,8133,5554,470,20305,17688,2521,740,1,28:08,2021,2022
2021-22,1630215,Jared Butler,Jared,1610612762,UTA,Utah Jazz,22100211,2021-11-16T00:00:00,UTA vs. PHI,W,54.2,30.0,0.0,0.0,0.0,0.0,40.0,0.0,40.0,0.0,0.0,10.0,0.0,75.0,1,1,1,1,827,56,10350,9479,19255,1,25530,1,17110,8184,1,24116,18239,1381,1,5:25,2021,2022
2021-22,202711,Bojan Bogdanović,Bojan,1610612762,UTA,Utah Jazz,22100211,2021-11-16T00:00:00,UTA vs. PHI,W,45.5,0.0,0.0,18.3,10.0,3.3,6.7,16.7,46.7,0.0,0.0,3.3,3.3,60.3,1,1,1,1,20514,11791,10350,133,9583,2862,6551,18768,12701,8184,1,12446,11604,4320,1,27:19,2021,2022
2021-22,1628378,Donovan Mitchell,Donovan,1610612762,UTA,Utah Jazz,22100211,2021-11-16T00:00:00,UTA vs. PHI,W,46.0,0.0,0.0,0.0,16.7,4.2,6.3,14.6,58.3,2.1,2.1,4.2,6.3,56.5,1,1,1,1,19275,11791,10350,9479,3897,3137,6141,16977,5197,4515,21479,15063,5168,5664,1,22:05,2021,2022
2021-22,203903,Jordan Clarkson,Jordan,1610612762,UTA,Utah Jazz,22100211,2021-11-16T00:00:00,UTA vs. PHI,W,50.3,7.0,11.6,0.0,14.0,16.3,0.0,0.0,46.5,0.0,4.7,2.3,2.3,67.2,1,1,1,1,5433,3848,971,9479,5843,14211,1,1,12829,8184,25129,8987,14670,2605,1,21:39,2021,2022
2021-22,1629671,Miye Oni,Miye,1610612762,UTA,Utah Jazz,22100211,2021-11-16T00:00:00,UTA vs. PHI,W,54.2,20.0,0.0,20.0,20.0,0.0,40.0,0.0,40.0,0.0,0.0,0.0,10.0,32.0,1,1,1,1,827,164,10350,87,2422,1,25530,1,17110,8184,1,1,1461,18183,1,5:25,2021,2022
2021-22,204060,Joe Ingles,Joe,1610612762,UTA,Utah Jazz,22100211,2021-11-16T00:00:00,UTA vs. PHI,W,49.3,0.0,0.0,0.0,0.0,13.2,7.5,11.3,49.1,0.0,0.0,3.8,0.0,36.0,1,1,1,1,8305,11791,10350,9479,19255,10788,7567,13411,11029,8184,1,13853,18239,16055,1,26:08,2021,2022
2021-22,1630235,Trent Forrest,Trent,1610612762,UTA,Utah Jazz,22100211,2021-11-16T00:00:00,UTA vs. PHI,W,51.9,0.0,0.0,0.0,7.7,7.7,19.2,11.5,38.5,0.0,0.0,3.8,0.0,20.0,1,1,1,1,2595,11791,10350,9479,12330,5249,20216,13632,18484,8184,1,13999,18239,22749,1,13:30,2021,2022
2021-22,202711,Bojan Bogdanović,Bojan,1610612762,UTA,Utah Jazz,22100185,2021-11-13T00:00:00,UTA vs. MIA,L,48.2,0.0,10.2,10.2,6.8,25.4,8.5,10.2,47.5,0.0,1.7,6.8,6.8,58.8,1,13121,13121,13121,12150,11791,1392,1093,13521,21871,8579,12027,12147,8184,20305,21161,4421,4849,1,28:25,2021,2022
2021-22,1629672,Eric Paschall,Eric,1610612762,UTA,Utah Jazz,22100185,2021-11-13T00:00:00,UTA vs. MIA,L,46.4,0.0,0.0,0.0,0.0,35.0,0.0,15.0,50.0,0.0,5.0,5.0,10.0,1.0,1,13121,13121,13121,18077,11791,10350,9479,19255,24713,1,17359,9853,8184,25269,17392,1461,25068,1,9:17,2021,2022
2021-22,203497,Rudy Gobert,Rudy,1610612762,UTA,Utah Jazz,22100185,2021-11-13T00:00:00,UTA vs. MIA,L,48.5,0.0,2.8,0.0,13.9,15.3,0.0,8.3,47.2,0.0,0.0,1.4,8.3,52.2,1,13121,13121,13121,11074,11791,9193,9479,5903,13124,1,9747,12330,8184,1,6208,2576,7443,1,34:54,2021,2022
2021-22,1628378,Donovan Mitchell,Donovan,1610612762,UTA,Utah Jazz,22100185,2021-11-13T00:00:00,UTA vs. MIA,L,48.2,9.1,0.0,6.5,13.0,14.3,11.7,10.4,44.2,0.0,0.0,6.5,6.5,61.3,1,13121,13121,13121,12009,2092,10350,3041,6658,11840,12407,12282,14605,8184,1,20667,4870,4055,1,37:07,2021,2022
2021-22,203903,Jordan Clarkson,Jordan,1610612762,UTA,Utah Jazz,22100185,2021-11-13T00:00:00,UTA vs. MIA,L,47.0,7.2,2.9,4.3,11.6,21.7,10.1,11.6,49.3,0.0,0.0,2.9,2.9,50.9,1,13121,13121,13121,16402,3600,8906,5609,8012,19330,10502,13724,10851,8184,1,11004,12927,8098,1,32:24,2021,2022
2021-22,1626220,Royce O'Neale,Royce,1610612762,UTA,Utah Jazz,22100185,2021-11-13T00:00:00,UTA vs. MIA,L,48.9,2.8,4.2,2.8,5.6,21.1,12.7,11.3,53.5,2.8,0.0,1.4,2.8,35.1,1,13121,13121,13121,9610,10392,6579,8273,15155,18857,13602,13332,7871,3048,1,6297,13204,16566,1,34:44,2021,2022
2021-22,204060,Joe Ingles,Joe,1610612762,UTA,Utah Jazz,22100185,2021-11-13T00:00:00,UTA vs. MIA,L,44.7,0.0,0.0,0.0,0.0,30.8,11.5,15.4,46.2,0.0,0.0,3.8,1.9,13.8,1,13121,13121,13121,22274,11791,10350,9479,19255,23885,12195,17680,12980,8184,1,13999,15794,24058,1,23:14,2021,2022
2021-22,202355,Hassan Whiteside,Hassan,1610612762,UTA,Utah Jazz,22100185,2021-11-13T00:00:00,UTA vs. MIA,L,47.8,0.0,0.0,0.0,0.0,48.1,33.3,18.5,59.3,0.0,0.0,11.1,7.4,33.3,1,13121,13121,13121,13327,11791,10350,9479,19255,25626,25040,20400,4818,8184,1,24599,3570,17457,1,12:55,2021,2022
2021-22,201144,Mike Conley,Mike,1610612762,UTA,Utah Jazz,22100185,2021-11-13T00:00:00,UTA vs. MIA,L,49.1,5.5,5.5,0.0,0.0,30.9,0.0,5.5,58.2,0.0,1.8,0.0,1.8,33.1,1,13121,13121,13121,9000,5702,4784,9479,19255,23947,1,6786,5290,8184,20748,1,16126,17635,1,27:00,2021,2022
2021-22,1628962,Udoka Azubuike,Udoka,1610612762,UTA,Utah Jazz,22100172,2021-11-11T00:00:00,UTA vs. IND,L,44.1,0.0,0.0,0.0,0.0,0.0,0.0,0.0,0.0,0.0,0.0,0.0,0.0,0.0,1,13121,13121,13121,23200,11791,10350,9479,19255,1,1,1,25345,8184,1,1,18239,25086,1,0:53,2021,2022
2021-22,203497,Rudy Gobert,Rudy,1610612762,UTA,Utah Jazz,22100172,2021-11-11T00:00:00,UTA vs. IND,L,48.4,3.1,0.0,4.7,21.9,12.5,23.4,3.1,56.3,1.6,4.7,3.1,10.9,51.9,1,13121,13121,13121,11456,9643,10350,5125,1910,9860,22769,4863,6306,6214,25150,11770,1143,7604,1,30:57,2021,2022
2021-22,203903,Jordan Clarkson,Jordan,1610612762,UTA,Utah Jazz,22100172,2021-11-11T00:00:00,UTA vs. IND,L,49.2,0.0,6.1,0.0,4.1,12.2,18.4,0.0,36.7,0.0,0.0,4.1,2.0,34.5,1,13121,13121,13121,8586,11791,4020,9479,17070,9702,19563,1,19468,8184,1,14876,15436,16878,1,24:07,2021,2022
2021-22,1626220,Royce O'Neale,Royce,1610612762,UTA,Utah Jazz,22100172,2021-11-11T00:00:00,UTA vs. IND,L,47.5,0.0,0.0,0.0,2.9,8.8,23.5,2.9,47.1,1.5,0.0,2.9,4.4,14.3,1,13121,13121,13121,14556,11791,10350,9479,18686,6256,22788,4724,12370,6662,1,11118,8894,23990,1,32:18,2021,2022
2021-22,202355,Hassan Whiteside,Hassan,1610612762,UTA,Utah Jazz,22100172,2021-11-11T00:00:00,UTA vs. IND,L,49.0,6.1,12.1,0.0,24.2,6.1,21.2,0.0,36.4,3.0,3.0,3.0,12.1,58.8,1,13121,13121,13121,9326,4878,868,9479,1318,4101,21591,1,19568,2630,23573,11444,727,4857,1,16:10,2021,2022
2021-22,1629671,Miye Oni,Miye,1610612762,UTA,Utah Jazz,22100172,2021-11-11T00:00:00,UTA vs. IND,L,44.1,0.0,0.0,0.0,0.0,0.0,0.0,0.0,0.0,0.0,0.0,0.0,0.0,135.0,1,13121,13121,13121,23200,11791,10350,9479,19255,1,1,1,25345,8184,1,1,18239,48,1,0:53,2021,2022
2021-22,1630215,Jared Butler,Jared,1610612762,UTA,Utah Jazz,22100172,2021-11-11T00:00:00,UTA vs. IND,L,44.1,100.0,0.0,0.0,100.0,0.0,0.0,0.0,0.0,0.0,0.0,0.0,0.0,100.0,1,13121,13121,13121,23200,2,10350,9479,2,1,1,1,25345,8184,1,1,18239,210,1,0:53,2021,2022
2021-22,1629672,Eric Paschall,Eric,1610612762,UTA,Utah Jazz,22100172,2021-11-11T00:00:00,UTA vs. IND,L,49.5,0.0,8.0,0.0,24.0,16.0,16.0,0.0,48.0,4.0,0.0,4.0,0.0,58.8,1,13121,13121,13121,7807,11791,2406,9479,1368,13892,17385,1,11734,1588,1,14513,18239,4853,1,12:22,2021,2022
2021-22,1628378,Donovan Mitchell,Donovan,1610612762,UTA,Utah Jazz,22100172,2021-11-11T00:00:00,UTA vs. IND,L,46.9,7.1,2.9,2.9,20.0,8.6,25.7,2.9,51.4,0.0,0.0,4.3,2.9,67.1,1,13121,13121,13121,16635,3638,9000,8177,2422,6033,23689,4653,9204,8184,1,15528,13011,2619,1,32:49,2021,2022
2021-22,201144,Mike Conley,Mike,1610612762,UTA,Utah Jazz,22100172,2021-11-11T00:00:00,UTA vs. IND,L,46.8,5.3,0.0,0.0,3.5,10.5,15.8,3.5,56.1,0.0,0.0,7.0,3.5,44.9,1,13121,13121,13121,16740,5948,10350,9479,17819,7857,17160,5122,6385,8184,1,21518,11197,11165,1,26:42,2021,2022
2021-22,1630235,Trent Forrest,Trent,1610612762,UTA,Utah Jazz,22100172,2021-11-11T00:00:00,UTA vs. IND,L,43.1,0.0,0.0,0.0,0.0,0.0,25.0,0.0,25.0,0.0,0.0,0.0,0.0,0.0,1,13121,13121,13121,24254,11791,10350,9479,19255,1,23275,1,23882,8184,1,1,18239,25086,1,3:27,2021,2022
2021-22,202711,Bojan Bogdanović,Bojan,1610612762,UTA,Utah Jazz,22100172,2021-11-11T00:00:00,UTA vs. IND,L,48.1,0.0,0.0,0.0,6.2,9.2,27.7,3.1,52.3,0.0,1.5,0.0,3.1,12.9,1,13121,13121,13121,12576,11791,10350,9479,14376,6646,24205,4830,8647,8184,19543,1,12357,24209,1,31:14,2021,2022
2021-22,204060,Joe Ingles,Joe,1610612762,UTA,Utah Jazz,22100172,2021-11-11T00:00:00,UTA vs. IND,L,48.8,0.0,0.0,0.0,7.4,11.1,22.2,0.0,48.1,0.0,0.0,1.9,3.7,29.3,1,13121,13121,13121,9912,11791,10350,9479,12670,8424,22109,1,11667,8184,1,7787,10614,19514,1,26:22,2021,2022
2021-22,1630190,Elijah Hughes,Elijah,1610612762,UTA,Utah Jazz,22100172,2021-11-11T00:00:00,UTA vs. IND,L,44.1,0.0,0.0,0.0,0.0,0.0,0.0,0.0,0.0,0.0,0.0,0.0,0.0,0.0,1,13121,13121,13121,23200,11791,10350,9479,19255,1,1,1,25345,8184,1,1,18239,25086,1,0:53,2021,2022
2021-22,201144,Mike Conley,Mike,1610612762,UTA,Utah Jazz,22100156,2021-11-09T00:00:00,UTA vs. ATL,W,47.8,0.0,3.3,0.0,6.6,23.0,9.8,13.1,23.0,0.0,1.6,6.6,3.3,46.2,1,1,1,1,13596,11791,8149,9479,13819,20317,10144,15441,24370,8184,20069,20758,11800,10457,1,29:08,2021,2022
2021-22,202355,Hassan Whiteside,Hassan,1610612762,UTA,Utah Jazz,22100156,2021-11-09T00:00:00,UTA vs. ATL,W,52.6,4.7,9.3,0.0,14.0,16.3,4.7,0.0,46.5,2.3,0.0,9.3,4.7,42.1,1,1,1,1,1873,6899,1729,9479,5843,14211,4739,1,12829,4000,1,23809,8325,12681,1,22:36,2021,2022
2021-22,203903,Jordan Clarkson,Jordan,1610612762,UTA,Utah Jazz,22100156,2021-11-09T00:00:00,UTA vs. ATL,W,51.6,6.3,0.0,6.3,4.2,16.7,16.7,0.0,29.2,2.1,0.0,0.0,2.1,48.1,1,1,1,1,3025,4600,10350,3234,16985,14443,17885,1,22854,4515,1,1,15312,9482,1,24:46,2021,2022
2021-22,1626220,Royce O'Neale,Royce,1610612762,UTA,Utah Jazz,22100156,2021-11-09T00:00:00,UTA vs. ATL,W,50.9,3.1,0.0,6.3,9.4,23.4,4.7,12.5,43.8,0.0,0.0,4.7,1.6,35.9,1,1,1,1,4329,9643,10350,3234,10356,20651,4792,14634,14899,8184,1,16657,17026,16113,1,32:33,2021,2022
2021-22,1629672,Eric Paschall,Eric,1610612762,UTA,Utah Jazz,22100156,2021-11-09T00:00:00,UTA vs. ATL,W,52.5,0.0,0.0,0.0,14.3,10.7,21.4,0.0,14.3,0.0,0.0,0.0,3.6,53.6,1,1,1,1,1912,11791,10350,9479,5449,8077,21689,1,25158,8184,1,1,10965,6837,1,14:42,2021,2022
2021-22,1628378,Donovan Mitchell,Donovan,1610612762,UTA,Utah Jazz,22100156,2021-11-09T00:00:00,UTA vs. ATL,W,51.4,0.0,7.9,0.0,6.3,19.0,7.9,12.7,47.6,0.0,0.0,3.2,6.3,73.2,1,1,1,1,3320,11791,2485,9479,14089,16967,7975,15003,11993,8184,1,12015,5099,1630,1,32:23,2021,2022
2021-22,204060,Joe Ingles,Joe,1610612762,UTA,Utah Jazz,22100156,2021-11-09T00:00:00,UTA vs. ATL,W,51.8,0.0,0.0,0.0,4.9,24.4,19.5,0.0,39.0,0.0,0.0,4.9,0.0,22.7,1,1,1,1,2779,11791,10350,9479,16165,21228,20456,1,18146,8184,1,17168,18239,22000,1,21:14,2021,2022
2021-22,1630235,Trent Forrest,Trent,1610612762,UTA,Utah Jazz,22100156,2021-11-09T00:00:00,UTA vs. ATL,W,56.0,0.0,0.0,0.0,0.0,0.0,37.5,0.0,25.0,0.0,0.0,0.0,0.0,-12.5,1,1,1,1,383,11791,10350,9479,19255,1,25417,1,23882,8184,1,1,18239,25977,1,4:29,2021,2022
2021-22,1630215,Jared Butler,Jared,1610612762,UTA,Utah Jazz,22100156,2021-11-09T00:00:00,UTA vs. ATL,W,92.8,0.0,0.0,0.0,0.0,0.0,0.0,0.0,0.0,0.0,0.0,0.0,0.0,0.0,1,1,1,1,3,11791,10350,9479,19255,1,1,1,25345,8184,1,1,18239,25086,1,0:56,2021,2022
2021-22,1629671,Miye Oni,Miye,1610612762,UTA,Utah Jazz,22100156,2021-11-09T00:00:00,UTA vs. ATL,W,92.8,0.0,0.0,0.0,0.0,0.0,0.0,0.0,0.0,0.0,0.0,0.0,0.0,0.0,1,1,1,1,3,11791,10350,9479,19255,1,1,1,25345,8184,1,1,18239,25086,1,0:56,2021,2022
2021-22,1628962,Udoka Azubuike,Udoka,1610612762,UTA,Utah Jazz,22100156,2021-11-09T00:00:00,UTA vs. ATL,W,92.8,0.0,0.0,0.0,0.0,0.0,0.0,0.0,0.0,0.0,0.0,0.0,0.0,0.0,1,1,1,1,3,11791,10350,9479,19255,1,1,1,25345,8184,1,1,18239,25086,1,0:56,2021,2022
2021-22,203497,Rudy Gobert,Rudy,1610612762,UTA,Utah Jazz,22100156,2021-11-09T00:00:00,UTA vs. ATL,W,48.9,8.0,4.0,8.0,16.0,22.0,18.0,16.0,28.0,4.0,2.0,10.0,8.0,71.6,1,1,1,1,9515,2902,6917,1962,4345,19570,19225,18313,23272,1588,21285,24116,2940,1847,1,24:28,2021,2022
2021-22,202711,Bojan Bogdanović,Bojan,1610612762,UTA,Utah Jazz,22100156,2021-11-09T00:00:00,UTA vs. ATL,W,51.5,3.3,0.0,0.0,10.0,16.7,8.3,13.3,46.7,0.0,5.0,0.0,5.0,31.2,1,1,1,1,3254,9255,10350,9479,9583,14443,8339,15624,12701,8184,25269,1,7533,18599,1,30:52,2021,2022
2021-22,203497,Rudy Gobert,Rudy,1610612762,UTA,Utah Jazz,22100141,2021-11-07T00:00:00,UTA @ ORL,L,48.3,0.0,11.4,0.0,20.0,20.0,5.7,22.9,51.4,5.7,0.0,4.3,11.4,82.1,1,13121,13121,13121,11503,11791,1019,9479,2422,17672,5654,22787,9204,736,1,15528,917,787,1,33:50,2021,2022
2021-22,1628378,Donovan Mitchell,Donovan,1610612762,UTA,Utah Jazz,22100141,2021-11-07T00:00:00,UTA @ ORL,L,48.1,4.4,0.0,2.9,8.8,19.1,13.2,22.1,52.9,0.0,4.4,7.4,4.4,54.3,1,13121,13121,13121,12530,7331,10350,7999,10968,17063,14278,22432,8210,8184,25011,22005,8894,6542,1,32:41,2021,2022
2021-22,202355,Hassan Whiteside,Hassan,1610612762,UTA,Utah Jazz,22100141,2021-11-07T00:00:00,UTA @ ORL,L,47.2,0.0,16.7,0.0,33.3,16.7,26.7,10.0,40.0,3.3,3.3,10.0,6.7,80.0,1,13121,13121,13121,15520,11791,344,9479,296,14443,23939,11717,17110,2218,24024,24116,4499,935,1,14:10,2021,2022
2021-22,204060,Joe Ingles,Joe,1610612762,UTA,Utah Jazz,22100141,2021-11-07T00:00:00,UTA @ ORL,L,48.5,4.2,0.0,0.0,0.0,19.7,5.6,22.5,53.5,0.0,1.4,2.8,0.0,26.2,1,13121,13121,13121,10996,7654,10350,9479,19255,17621,5602,22682,7871,8184,18748,10704,18239,20801,1,34:26,2021,2022
2021-22,1629672,Eric Paschall,Eric,1610612762,UTA,Utah Jazz,22100141,2021-11-07T00:00:00,UTA @ ORL,L,49.6,0.0,6.3,0.0,6.3,18.8,6.3,18.8,37.5,0.0,0.0,0.0,9.4,26.3,1,13121,13121,13121,7289,11791,3838,9479,14188,16677,6141,20530,18992,8184,1,1,1873,20775,1,15:53,2021,2022
2021-22,1626220,Royce O'Neale,Royce,1610612762,UTA,Utah Jazz,22100141,2021-11-07T00:00:00,UTA @ ORL,L,48.8,0.0,7.1,4.3,8.6,18.6,14.3,18.6,51.4,0.0,0.0,4.3,2.9,46.3,1,13121,13121,13121,10109,11791,3006,5727,11290,16552,15378,20451,9204,8184,1,15528,13011,10431,1,34:08,2021,2022
2021-22,202711,Bojan Bogdanović,Bojan,1610612762,UTA,Utah Jazz,22100141,2021-11-07T00:00:00,UTA @ ORL,L,48.5,9.1,3.0,3.0,9.1,19.7,15.2,19.7,54.5,0.0,4.5,0.0,3.0,29.2,1,13121,13121,13121,11118,2092,8629,7826,10590,17593,16482,21179,7149,8184,25056,1,12439,19525,1,31:59,2021,2022
2021-22,203903,Jordan Clarkson,Jordan,1610612762,UTA,Utah Jazz,22100141,2021-11-07T00:00:00,UTA @ ORL,L,49.2,5.4,0.0,0.0,0.0,19.6,17.9,16.1,39.3,3.6,0.0,0.0,1.8,31.6,1,13121,13121,13121,8566,5861,10350,9479,19255,17539,19102,18409,17997,1970,1,1,16235,18396,1,27:34,2021,2022
2021-22,1630235,Trent Forrest,Trent,1610612762,UTA,Utah Jazz,22100141,2021-11-07T00:00:00,UTA @ ORL,L,49.4,0.0,0.0,0.0,0.0,19.4,9.7,12.9,38.7,0.0,0.0,3.2,3.2,34.5,1,13121,13121,13121,7989,11791,10350,9479,19255,17268,9927,15201,18353,8184,1,12152,11892,16853,1,15:19,2021,2022
2021-22,204060,Joe Ingles,Joe,1610612762,UTA,Utah Jazz,22100134,2021-11-06T00:00:00,UTA @ MIA,L,51.3,0.0,0.0,0.0,0.0,11.5,30.8,9.6,65.4,0.0,0.0,0.0,0.0,22.5,1,13121,13121,13121,3502,11791,10350,9479,19255,8981,24780,11387,2858,8184,1,1,18239,22052,1,26:41,2021,2022
2021-22,203903,Jordan Clarkson,Jordan,1610612762,UTA,Utah Jazz,22100134,2021-11-06T00:00:00,UTA @ MIA,L,52.8,5.9,0.0,0.0,11.8,5.9,50.0,14.7,70.6,0.0,0.0,11.8,0.0,26.5,1,13121,13121,13121,1623,5069,10350,9479,7753,3986,25774,17068,1663,8184,1,24855,18239,20685,1,17:57,2021,2022
2021-22,1626220,Royce O'Neale,Royce,1610612762,UTA,Utah Jazz,22100134,2021-11-06T00:00:00,UTA @ MIA,L,53.1,3.3,0.0,8.2,3.3,9.8,14.8,3.3,45.9,0.0,0.0,3.3,4.9,65.6,1,13121,13121,13121,1397,9349,10350,1895,18154,7206,16083,4968,13281,8184,1,12338,7783,2954,1,32:24,2021,2022
2021-22,201144,Mike Conley,Mike,1610612762,UTA,Utah Jazz,22100134,2021-11-06T00:00:00,UTA @ MIA,L,49.0,4.5,4.5,4.5,12.1,6.1,15.2,10.6,39.4,1.5,0.0,3.0,1.5,57.7,1,13121,13121,13121,9343,7040,5962,5305,7455,4101,16482,12570,17907,6437,1,11444,17236,5191,1,32:20,2021,2022
2021-22,1628378,Donovan Mitchell,Donovan,1610612762,UTA,Utah Jazz,22100134,2021-11-06T00:00:00,UTA @ MIA,L,52.5,18.6,8.6,4.3,25.7,8.6,15.7,2.9,48.6,0.0,0.0,4.3,5.7,73.6,1,13121,13121,13121,1990,223,2104,5727,1025,6033,17125,4653,11356,8184,1,15528,6179,1566,1,36:43,2021,2022
2021-22,202355,Hassan Whiteside,Hassan,1610612762,UTA,Utah Jazz,22100134,2021-11-06T00:00:00,UTA @ MIA,L,52.6,0.0,0.0,0.0,16.7,11.1,22.2,0.0,55.6,2.8,2.8,13.9,0.0,55.8,1,13121,13121,13121,1867,11791,10350,9479,3897,8424,22109,1,6637,3083,23073,25343,18239,5894,1,18:55,2021,2022
2021-22,203497,Rudy Gobert,Rudy,1610612762,UTA,Utah Jazz,22100134,2021-11-06T00:00:00,UTA @ MIA,L,49.8,0.0,0.0,0.0,13.8,6.9,22.4,12.1,48.3,1.7,0.0,1.7,10.3,33.8,1,13121,13121,13121,6716,11791,10350,9479,5937,4654,22302,14276,11554,5580,1,7447,1365,17223,1,28:54,2021,2022
2021-22,1629672,Eric Paschall,Eric,1610612762,UTA,Utah Jazz,22100134,2021-11-06T00:00:00,UTA @ MIA,L,49.2,0.0,0.0,12.0,0.0,8.0,40.0,20.0,64.0,0.0,0.0,8.0,4.0,24.8,1,13121,13121,13121,8643,11791,10350,647,19255,5537,25530,21222,3181,8184,1,22695,9859,21292,1,12:18,2021,2022
2021-22,202711,Bojan Bogdanović,Bojan,1610612762,UTA,Utah Jazz,22100134,2021-11-06T00:00:00,UTA @ MIA,L,52.0,3.1,0.0,3.1,9.2,9.2,16.9,3.1,46.2,0.0,0.0,0.0,4.6,43.1,1,13121,13121,13121,2528,9768,10350,7758,10508,6646,18286,4830,12980,8184,1,1,8416,12176,1,33:47,2021,2022
2021-22,203497,Rudy Gobert,Rudy,1610612762,UTA,Utah Jazz,22100120,2021-11-04T00:00:00,UTA @ ATL,W,51.0,0.0,0.0,0.0,15.6,9.4,10.9,9.4,43.8,0.0,0.0,3.1,14.1,61.7,1,1,1,1,3968,11791,10350,9479,4590,6782,11456,11065,14899,8184,1,11770,416,3924,1,32:40,2021,2022
2021-22,1630238,Malik Fitts,Malik,1610612762,UTA,Utah Jazz,22100120,2021-11-04T00:00:00,UTA @ ATL,W,42.3,0.0,0.0,0.0,0.0,0.0,0.0,0.0,40.0,0.0,0.0,0.0,0.0,0.0,1,1,1,1,24758,11791,10350,9479,19255,1,1,1,17110,8184,1,1,18239,25086,1,2:07,2021,2022
2021-22,1629671,Miye Oni,Miye,1610612762,UTA,Utah Jazz,22100120,2021-11-04T00:00:00,UTA @ ATL,W,42.3,0.0,0.0,0.0,0.0,0.0,0.0,0.0,40.0,0.0,0.0,20.0,0.0,54.0,1,1,1,1,24758,11791,10350,9479,19255,1,1,1,17110,8184,1,25766,18239,6642,1,2:07,2021,2022
2021-22,201144,Mike Conley,Mike,1610612762,UTA,Utah Jazz,22100120,2021-11-04T00:00:00,UTA @ ATL,W,49.8,0.0,0.0,0.0,6.8,10.2,11.9,10.2,44.1,1.7,0.0,5.1,0.0,65.6,1,1,1,1,6806,11791,10350,9479,13521,7534,12639,12027,14674,5677,1,17688,18239,2946,1,29:23,2021,2022
2021-22,202355,Hassan Whiteside,Hassan,1610612762,UTA,Utah Jazz,22100120,2021-11-04T00:00:00,UTA @ ATL,W,49.0,0.0,7.4,0.0,7.4,37.0,0.0,0.0,29.6,11.1,0.0,7.4,7.4,75.6,1,1,1,1,9485,11791,2821,9479,12670,24954,1,1,22695,102,1,22030,3570,1335,1,13:13,2021,2022
2021-22,1630215,Jared Butler,Jared,1610612762,UTA,Utah Jazz,22100120,2021-11-04T00:00:00,UTA @ ATL,W,42.3,0.0,0.0,0.0,40.0,0.0,0.0,0.0,40.0,0.0,0.0,0.0,0.0,80.0,1,1,1,1,24758,11791,10350,9479,106,1,1,1,17110,8184,1,1,18239,935,1,2:07,2021,2022
2021-22,1626220,Royce O'Neale,Royce,1610612762,UTA,Utah Jazz,22100120,2021-11-04T00:00:00,UTA @ ATL,W,51.9,4.5,4.5,4.5,3.0,24.2,7.6,9.1,39.4,0.0,1.5,1.5,1.5,35.2,1,1,1,1,2634,7040,5962,5305,18550,21131,7611,10640,17907,8184,19415,6715,17236,16512,1,34:15,2021,2022
2021-22,204060,Joe Ingles,Joe,1610612762,UTA,Utah Jazz,22100120,2021-11-04T00:00:00,UTA @ ATL,W,52.3,5.7,9.4,0.0,7.5,11.3,13.2,11.3,45.3,0.0,0.0,5.7,0.0,51.5,1,1,1,1,2150,5427,1677,9479,12567,8783,14237,13411,13770,8184,1,19062,18239,7776,1,27:43,2021,2022
2021-22,1629672,Eric Paschall,Eric,1610612762,UTA,Utah Jazz,22100120,2021-11-04T00:00:00,UTA @ ATL,W,48.1,0.0,0.0,0.0,6.9,0.0,6.9,0.0,41.4,0.0,0.0,0.0,3.4,15.2,1,1,1,1,12386,11791,10350,9479,13334,1,6805,1,16501,8184,1,1,11302,23826,1,13:57,2021,2022
2021-22,202711,Bojan Bogdanović,Bojan,1610612762,UTA,Utah Jazz,22100120,2021-11-04T00:00:00,UTA @ ATL,W,51.0,16.7,3.3,5.0,13.3,26.7,8.3,10.0,40.0,0.0,3.3,3.3,6.7,55.0,1,1,1,1,3997,314,8063,4639,6252,22422,8339,11717,17110,8184,24024,12446,4499,6233,1,30:37,2021,2022
2021-22,203903,Jordan Clarkson,Jordan,1610612762,UTA,Utah Jazz,22100120,2021-11-04T00:00:00,UTA @ ATL,W,49.4,6.3,0.0,3.2,19.0,15.9,3.2,0.0,34.9,0.0,0.0,4.8,9.5,59.2,1,1,1,1,7879,4537,10350,7549,2841,13775,3786,1,20418,8184,1,16783,1787,4706,1,31:09,2021,2022
2021-22,1630235,Trent Forrest,Trent,1610612762,UTA,Utah Jazz,22100120,2021-11-04T00:00:00,UTA @ ATL,W,48.9,0.0,0.0,0.0,0.0,26.3,0.0,0.0,31.6,0.0,2.6,5.3,2.6,4.5,1,1,1,1,9653,11791,10350,9479,19255,22250,1,1,21959,8184,22723,18021,13758,24938,1,18:35,2021,2022
2021-22,1630190,Elijah Hughes,Elijah,1610612762,UTA,Utah Jazz,22100120,2021-11-04T00:00:00,UTA @ ATL,W,42.3,0.0,0.0,0.0,0.0,0.0,0.0,0.0,40.0,0.0,0.0,20.0,0.0,0.0,1,1,1,1,24758,11791,10350,9479,19255,1,1,1,17110,8184,1,25766,18239,25086,1,2:07,2021,2022
2021-22,1626220,Royce O'Neale,Royce,1610612762,UTA,Utah Jazz,22100105,2021-11-02T00:00:00,UTA vs. SAC,W,43.5,0.0,0.0,0.0,2.9,20.3,17.4,15.9,40.6,0.0,1.4,2.9,0.0,14.5,1,1,1,1,23888,11791,10350,9479,18735,18178,18701,18283,17014,8184,19004,11004,18239,23951,1,30:01,2021,2022
2021-22,203903,Jordan Clarkson,Jordan,1610612762,UTA,Utah Jazz,22100105,2021-11-02T00:00:00,UTA vs. SAC,W,45.0,4.0,0.0,0.0,4.0,24.0,8.0,20.0,48.0,2.0,4.0,6.0,4.0,30.2,1,1,1,1,21657,8010,10350,9479,17158,20989,8010,21222,11734,4725,24681,19750,9859,19015,1,22:30,2021,2022
2021-22,202711,Bojan Bogdanović,Bojan,1610612762,UTA,Utah Jazz,22100105,2021-11-02T00:00:00,UTA vs. SAC,W,43.5,0.0,2.8,0.0,14.1,19.7,19.7,18.3,45.1,0.0,1.4,2.8,2.8,30.4,1,1,1,1,23866,11791,9109,9479,5727,17621,20611,20249,13926,8184,18748,10704,13204,18931,1,30:54,2021,2022
2021-22,203497,Rudy Gobert,Rudy,1610612762,UTA,Utah Jazz,22100105,2021-11-02T00:00:00,UTA vs. SAC,W,44.2,2.7,5.4,0.0,8.1,25.7,8.1,16.2,37.8,5.4,1.4,5.4,9.5,66.9,1,1,1,1,23093,10684,4834,9479,11897,21997,8168,18525,18849,837,18376,18415,1840,2688,1,32:41,2021,2022
2021-22,202355,Hassan Whiteside,Hassan,1610612762,UTA,Utah Jazz,22100105,2021-11-02T00:00:00,UTA vs. SAC,W,46.4,0.0,18.2,0.0,18.2,12.1,24.2,18.2,54.5,3.0,0.0,9.1,12.1,86.1,1,1,1,1,18085,11791,272,9479,3126,9557,23085,20053,7149,2630,1,23570,727,590,1,15:19,2021,2022
2021-22,1628378,Donovan Mitchell,Donovan,1610612762,UTA,Utah Jazz,22100105,2021-11-02T00:00:00,UTA vs. SAC,W,46.8,10.1,27.5,5.8,20.3,15.9,17.4,11.6,37.7,0.0,4.3,5.8,7.2,79.1,1,1,1,1,16793,1643,84,3742,2387,13856,18701,13724,18958,8184,24930,19347,3806,1019,1,32:19,2021,2022
2021-22,204060,Joe Ingles,Joe,1610612762,UTA,Utah Jazz,22100105,2021-11-02T00:00:00,UTA vs. SAC,W,49.4,0.0,0.0,5.7,0.0,24.5,15.1,20.8,52.8,0.0,0.0,1.9,1.9,21.5,1,1,1,1,8101,11791,10350,3891,19255,21306,16439,21782,8299,8184,1,7892,15901,22361,1,26:10,2021,2022
2021-22,1629672,Eric Paschall,Eric,1610612762,UTA,Utah Jazz,22100105,2021-11-02T00:00:00,UTA vs. SAC,W,50.4,0.0,6.3,0.0,6.3,28.1,0.0,15.6,43.8,0.0,0.0,3.1,0.0,23.8,1,1,1,1,5276,11791,3838,9479,14188,23042,1,17982,14899,8184,1,11770,18239,21654,1,16:08,2021,2022
2021-22,1630215,Jared Butler,Jared,1610612762,UTA,Utah Jazz,22100105,2021-11-02T00:00:00,UTA vs. SAC,W,44.8,0.0,0.0,0.0,28.6,42.9,28.6,28.6,57.1,0.0,0.0,14.3,14.3,42.9,1,1,1,1,22121,11791,10350,9479,623,25429,24366,24491,5647,8184,1,25354,341,12276,1,3:08,2021,2022
2021-22,201144,Mike Conley,Mike,1610612762,UTA,Utah Jazz,22100105,2021-11-02T00:00:00,UTA vs. SAC,W,44.0,8.6,0.0,0.0,14.3,22.9,5.7,17.1,40.0,0.0,0.0,2.9,2.9,50.9,1,1,1,1,23265,2481,10350,9479,5449,20220,5654,19297,17110,8184,1,10790,13011,8104,1,30:50,2021,2022
2021-22,1626220,Royce O'Neale,Royce,1610612762,UTA,Utah Jazz,22100091,2021-10-31T00:00:00,UTA @ MIL,W,49.7,3.2,0.0,6.3,6.3,15.9,23.8,17.5,38.1,3.2,0.0,4.8,3.2,35.9,1,1,1,1,6990,9542,10350,3179,14089,13775,22916,19585,18680,2432,1,16783,12054,16142,1,31:20,2021,2022
2021-22,1629672,Eric Paschall,Eric,1610612762,UTA,Utah Jazz,22100091,2021-10-31T00:00:00,UTA @ MIL,W,54.6,0.0,7.1,0.0,7.1,28.6,10.7,32.1,57.1,0.0,0.0,0.0,0.0,35.0,1,1,1,1,659,11791,3006,9479,13021,23152,11166,25086,5647,8184,1,1,18239,16569,1,15:17,2021,2022
2021-22,203903,Jordan Clarkson,Jordan,1610612762,UTA,Utah Jazz,22100091,2021-10-31T00:00:00,UTA @ MIL,W,52.5,4.1,0.0,4.1,20.4,20.4,14.3,28.6,53.1,0.0,0.0,0.0,2.0,46.7,1,1,1,1,1914,7871,10350,6055,2339,18285,15378,24491,8149,8184,1,1,15436,10198,1,25:44,2021,2022
2021-22,1628378,Donovan Mitchell,Donovan,1610612762,UTA,Utah Jazz,22100091,2021-10-31T00:00:00,UTA @ MIL,W,49.4,4.5,0.0,3.0,15.2,15.2,22.7,16.7,36.4,0.0,0.0,3.0,7.6,57.3,1,1,1,1,7964,7040,10350,7826,4916,12959,22431,18768,19568,8184,1,11444,3420,5353,1,32:37,2021,2022
2021-22,1630215,Jared Butler,Jared,1610612762,UTA,Utah Jazz,22100091,2021-10-31T00:00:00,UTA @ MIL,W,61.0,0.0,0.0,0.0,0.0,0.0,0.0,0.0,80.0,20.0,0.0,0.0,0.0,90.0,1,1,1,1,124,11791,10350,9479,19255,1,1,1,669,19,1,1,18239,444,1,3:03,2021,2022
2021-22,202711,Bojan Bogdanović,Bojan,1610612762,UTA,Utah Jazz,22100091,2021-10-31T00:00:00,UTA @ MIL,W,50.5,0.0,0.0,0.0,6.5,16.1,24.2,17.7,45.2,0.0,1.6,3.2,6.5,33.1,1,1,1,1,5047,11791,10350,9479,13903,14030,23070,19772,13828,8184,19964,12152,4908,17653,1,31:19,2021,2022
2021-22,202355,Hassan Whiteside,Hassan,1610612762,UTA,Utah Jazz,22100091,2021-10-31T00:00:00,UTA @ MIL,W,47.4,5.6,11.1,0.0,11.1,5.6,11.1,8.3,38.9,5.6,2.8,2.8,2.8,59.2,1,1,1,1,14855,5518,1070,9479,8363,3781,11549,9747,18228,764,23073,10500,13275,4714,1,17:04,2021,2022
2021-22,203497,Rudy Gobert,Rudy,1610612762,UTA,Utah Jazz,22100091,2021-10-31T00:00:00,UTA @ MIL,W,54.3,0.0,3.5,0.0,7.0,28.1,24.6,29.8,52.6,7.0,1.8,1.8,8.8,71.2,1,1,1,1,783,11791,7772,9479,13231,23029,23228,24797,8381,427,20520,7540,2295,1912,1,30:56,2021,2022
2021-22,201144,Mike Conley,Mike,1610612762,UTA,Utah Jazz,22100091,2021-10-31T00:00:00,UTA @ MIL,W,54.8,0.0,0.0,0.0,7.3,29.1,25.5,27.3,54.5,0.0,0.0,1.8,5.5,44.7,1,1,1,1,606,11791,10350,9479,12893,23427,23609,24220,7149,8184,1,7697,6722,11261,1,30:08,2021,2022
2021-22,204060,Joe Ingles,Joe,1610612762,UTA,Utah Jazz,22100091,2021-10-31T00:00:00,UTA @ MIL,W,53.7,0.0,0.0,7.1,0.0,19.0,7.1,21.4,57.1,2.4,0.0,0.0,2.4,25.5,1,1,1,1,1090,11791,10350,2495,19255,16967,7032,22074,5647,3889,1,1,14532,21058,1,22:32,2021,2022
2021-22,1626220,Royce O'Neale,Royce,1610612762,UTA,Utah Jazz,22100083,2021-10-30T00:00:00,UTA @ CHI,L,47.0,2.7,2.7,4.1,5.4,18.9,8.1,14.9,51.4,0.0,0.0,5.4,0.0,29.2,1,13121,13121,13121,16175,10684,9363,6133,15446,16872,8168,17248,9300,8184,1,18415,18239,19547,1,34:48,2021,2022
2021-22,203497,Rudy Gobert,Rudy,1610612762,UTA,Utah Jazz,22100083,2021-10-30T00:00:00,UTA @ CHI,L,46.0,1.4,14.3,0.0,20.0,21.4,11.4,15.7,51.4,4.3,1.4,5.7,7.1,76.1,1,13121,13121,13121,19219,11703,532,9479,2422,19040,12073,18083,9204,1412,18872,19144,3862,1279,1,32:13,2021,2022
2021-22,204060,Joe Ingles,Joe,1610612762,UTA,Utah Jazz,22100083,2021-10-30T00:00:00,UTA @ CHI,L,46.2,0.0,0.0,0.0,0.0,21.7,11.6,15.9,52.2,0.0,1.4,4.3,0.0,22.0,1,13121,13121,13121,18678,11791,10350,9479,19255,19330,12289,18283,8705,8184,19004,15626,18239,22204,1,31:53,2021,2022
2021-22,202355,Hassan Whiteside,Hassan,1610612762,UTA,Utah Jazz,22100083,2021-10-30T00:00:00,UTA @ CHI,L,47.8,0.0,0.0,0.0,12.1,30.3,6.1,6.1,54.5,6.1,6.1,9.1,3.0,44.8,1,13121,13121,13121,13378,11791,10350,9479,7455,23779,5977,7349,7149,632,25578,23570,12439,11193,1,15:47,2021,2022
2021-22,203903,Jordan Clarkson,Jordan,1610612762,UTA,Utah Jazz,22100083,2021-10-30T00:00:00,UTA @ CHI,L,45.8,0.0,3.1,0.0,6.3,32.8,9.4,6.3,53.1,0.0,0.0,1.6,3.1,24.8,1,13121,13121,13121,19809,11791,8438,9479,14188,24334,9614,7521,8110,8184,1,6899,12148,21270,1,29:19,2021,2022
2021-22,202711,Bojan Bogdanović,Bojan,1610612762,UTA,Utah Jazz,22100083,2021-10-30T00:00:00,UTA @ CHI,L,47.3,0.0,2.9,0.0,8.8,17.6,5.9,13.2,47.1,0.0,0.0,0.0,4.4,43.8,1,13121,13121,13121,15401,11791,8812,9479,10968,15588,5789,15579,12370,8184,1,1,8894,11755,1,32:08,2021,2022
2021-22,1630235,Trent Forrest,Trent,1610612762,UTA,Utah Jazz,22100083,2021-10-30T00:00:00,UTA @ CHI,L,43.1,0.0,0.0,0.0,0.0,25.0,0.0,0.0,50.0,0.0,0.0,12.5,0.0,2.5,1,13121,13121,13121,24237,11791,10350,9479,19255,21414,1,1,9853,8184,1,24996,18239,25006,1,3:27,2021,2022
2021-22,1630215,Jared Butler,Jared,1610612762,UTA,Utah Jazz,22100083,2021-10-30T00:00:00,UTA @ CHI,L,45.9,0.0,0.0,0.0,0.0,45.0,20.0,10.0,60.0,5.0,5.0,10.0,0.0,18.5,1,13121,13121,13121,19521,11791,10350,9479,19255,25530,20659,11717,4429,981,25269,24116,18239,23133,1,9:11,2021,2022
2021-22,1628378,Donovan Mitchell,Donovan,1610612762,UTA,Utah Jazz,22100083,2021-10-30T00:00:00,UTA @ CHI,L,47.2,6.7,0.0,6.7,16.0,18.7,8.0,14.7,50.7,1.3,0.0,1.3,10.7,59.2,1,13121,13121,13121,15734,4114,10350,2840,4345,16654,8010,17046,9780,7405,1,6003,1252,4708,1,35:22,2021,2022
2021-22,1629672,Eric Paschall,Eric,1610612762,UTA,Utah Jazz,22100083,2021-10-30T00:00:00,UTA @ CHI,L,44.1,0.0,5.6,0.0,5.6,36.1,16.7,11.1,61.1,0.0,0.0,5.6,0.0,9.4,1,13121,13121,13121,23210,11791,4631,9479,15212,24853,17885,13031,4103,8184,1,18716,18239,24622,1,15:52,2021,2022
2021-22,1630238,Malik Fitts,Malik,1610612762,UTA,Utah Jazz,22100068,2021-10-28T00:00:00,UTA @ HOU,W,47.6,0.0,0.0,0.0,0.0,71.4,28.6,28.6,85.7,0.0,0.0,0.0,0.0,17.1,1,1,1,1,14103,11791,10350,9479,19255,25916,24366,24491,457,8184,1,1,18239,23389,1,3:20,2021,2022
2021-22,203497,Rudy Gobert,Rudy,1610612762,UTA,Utah Jazz,22100068,2021-10-28T00:00:00,UTA @ HOU,W,45.9,4.9,6.6,0.0,16.4,19.7,18.0,13.1,39.3,1.6,1.6,3.3,9.8,57.9,1,1,1,1,19631,6532,3581,9479,4161,17566,19254,15441,17964,5885,20069,12338,1642,5135,1,27:59,2021,2022
2021-22,202711,Bojan Bogdanović,Bojan,1610612762,UTA,Utah Jazz,22100068,2021-10-28T00:00:00,UTA @ HOU,W,44.0,3.5,0.0,3.5,7.0,15.8,21.1,14.0,31.6,0.0,1.8,5.3,7.0,48.8,1,1,1,1,23314,8924,10350,6983,13231,13665,21484,16382,21959,8184,20520,18021,4111,9155,1,25:05,2021,2022
2021-22,1630215,Jared Butler,Jared,1610612762,UTA,Utah Jazz,22100068,2021-10-28T00:00:00,UTA @ HOU,W,44.4,0.0,0.0,3.1,0.0,28.1,6.3,18.8,43.8,6.3,0.0,9.4,3.1,54.1,1,1,1,1,22731,11791,10350,7651,19255,23042,6141,20530,14899,568,1,23842,12148,6625,1,14:13,2021,2022
2021-22,203903,Jordan Clarkson,Jordan,1610612762,UTA,Utah Jazz,22100068,2021-10-28T00:00:00,UTA @ HOU,W,45.9,3.8,9.6,5.8,11.5,11.5,15.4,15.4,34.6,0.0,0.0,0.0,5.8,57.1,1,1,1,1,19575,8293,1592,3776,8065,8981,16658,17680,20552,8184,1,1,6118,5413,1,23:52,2021,2022
2021-22,204060,Joe Ingles,Joe,1610612762,UTA,Utah Jazz,22100068,2021-10-28T00:00:00,UTA @ HOU,W,47.3,5.5,5.5,10.9,3.6,16.4,20.0,18.2,32.7,0.0,0.0,5.5,0.0,40.0,1,1,1,1,15115,5702,4784,886,17650,14297,20659,20053,21546,8184,1,18568,18239,13802,1,26:02,2021,2022
2021-22,202355,Hassan Whiteside,Hassan,1610612762,UTA,Utah Jazz,22100068,2021-10-28T00:00:00,UTA @ HOU,W,43.9,0.0,21.1,0.0,21.1,7.9,18.4,15.8,26.3,2.6,0.0,10.5,5.3,47.9,1,1,1,1,23431,11791,195,9479,2119,5467,19598,18117,23688,3379,1,24423,6992,9584,1,16:41,2021,2022
2021-22,1630235,Trent Forrest,Trent,1610612762,UTA,Utah Jazz,22100068,2021-10-28T00:00:00,UTA @ HOU,W,41.2,0.0,0.0,0.0,13.3,33.3,13.3,13.3,53.3,0.0,0.0,6.7,0.0,29.3,1,1,1,1,25209,11791,10350,9479,6252,24352,14333,15624,7905,8184,1,20849,18239,19468,1,6:11,2021,2022
2021-22,201144,Mike Conley,Mike,1610612762,UTA,Utah Jazz,22100068,2021-10-28T00:00:00,UTA @ HOU,W,45.6,3.8,0.0,0.0,0.0,15.4,21.2,11.5,38.5,0.0,0.0,0.0,3.8,29.6,1,1,1,1,20315,8293,10350,9479,19255,13168,21566,13632,18484,8184,1,1,10246,19339,1,23:43,2021,2022
2021-22,1630190,Elijah Hughes,Elijah,1610612762,UTA,Utah Jazz,22100068,2021-10-28T00:00:00,UTA @ HOU,W,47.0,0.0,0.0,0.0,0.0,50.0,20.0,20.0,80.0,0.0,0.0,0.0,0.0,12.0,1,1,1,1,16259,11791,10350,9479,19255,25636,20659,21222,669,8184,1,1,18239,24308,1,4:42,2021,2022
2021-22,1626220,Royce O'Neale,Royce,1610612762,UTA,Utah Jazz,22100068,2021-10-28T00:00:00,UTA @ HOU,W,45.2,3.8,0.0,3.8,7.7,17.3,23.1,15.4,34.6,0.0,0.0,5.8,0.0,37.9,1,1,1,1,21214,8293,10350,6441,12330,15265,22577,17680,20552,8184,1,19284,18239,15082,1,23:31,2021,2022
2021-22,1629672,Eric Paschall,Eric,1610612762,UTA,Utah Jazz,22100068,2021-10-28T00:00:00,UTA @ HOU,W,48.1,0.0,6.8,0.0,9.1,25.0,18.2,13.6,45.5,0.0,0.0,6.8,6.8,51.8,1,1,1,1,12376,11791,3322,9479,10590,21414,19306,15974,13570,8184,1,21216,4370,7623,1,21:10,2021,2022
2021-22,1628378,Donovan Mitchell,Donovan,1610612762,UTA,Utah Jazz,22100068,2021-10-28T00:00:00,UTA @ HOU,W,45.2,0.0,0.0,0.0,11.5,17.3,23.1,15.4,34.6,0.0,1.9,1.9,5.8,62.7,1,1,1,1,21214,11791,10350,9479,8065,15265,22577,17680,20552,8184,21065,7987,6118,3662,1,23:31,2021,2022
2021-22,203497,Rudy Gobert,Rudy,1610612762,UTA,Utah Jazz,22100054,2021-10-26T00:00:00,UTA vs. DEN,W,49.6,4.5,9.0,0.0,20.9,10.4,10.4,3.0,41.8,1.5,1.5,6.0,13.4,61.5,1,1,1,1,7383,7195,1903,9479,2190,7819,10848,4759,16268,6548,19269,19685,464,3994,1,33:14,2021,2022
2021-22,203903,Jordan Clarkson,Jordan,1610612762,UTA,Utah Jazz,22100054,2021-10-26T00:00:00,UTA vs. DEN,W,46.7,5.9,3.9,0.0,15.7,5.9,3.9,7.8,47.1,0.0,0.0,3.9,2.0,47.3,1,1,1,1,17116,5069,7072,9479,4556,3986,4221,9260,12370,8184,1,14318,15689,9948,1,23:50,2021,2022
2021-22,201144,Mike Conley,Mike,1610612762,UTA,Utah Jazz,22100054,2021-10-26T00:00:00,UTA vs. DEN,W,49.7,0.0,0.0,4.9,9.8,11.5,8.2,3.3,45.9,1.6,0.0,0.0,1.6,47.4,1,1,1,1,7018,11791,10350,4795,9849,8942,8278,4968,13281,5885,1,1,16742,9888,1,30:20,2021,2022
2021-22,202355,Hassan Whiteside,Hassan,1610612762,UTA,Utah Jazz,22100054,2021-10-26T00:00:00,UTA vs. DEN,W,41.0,0.0,0.0,0.0,22.2,8.3,0.0,13.9,66.7,2.8,0.0,11.1,8.3,46.7,1,1,1,1,25263,11791,10350,9479,1725,5765,1,16250,2209,3083,1,24599,2576,10217,1,14:46,2021,2022
2021-22,1630215,Jared Butler,Jared,1610612762,UTA,Utah Jazz,22100054,2021-10-26T00:00:00,UTA vs. DEN,W,61.1,0.0,0.0,0.0,0.0,0.0,66.7,0.0,66.7,33.3,0.0,66.7,0.0,100.0,1,1,1,1,121,11791,10350,9479,19255,1,25922,1,2209,3,1,26030,18239,210,1,1:50,2021,2022
2021-22,202711,Bojan Bogdanović,Bojan,1610612762,UTA,Utah Jazz,22100054,2021-10-26T00:00:00,UTA vs. DEN,W,46.6,3.2,3.2,3.2,12.9,8.1,8.1,8.1,61.3,0.0,3.2,1.6,6.5,32.9,1,1,1,1,17433,9438,8244,7447,6697,5634,8147,9534,4053,8184,23880,7104,4908,17735,1,28:55,2021,2022
2021-22,1629672,Eric Paschall,Eric,1610612762,UTA,Utah Jazz,22100054,2021-10-26T00:00:00,UTA vs. DEN,W,49.5,0.0,0.0,0.0,0.0,10.3,6.9,6.9,27.6,0.0,0.0,0.0,0.0,23.4,1,1,1,1,7756,11791,10350,9479,19255,7702,6805,8226,23371,8184,1,1,18239,21765,1,14:21,2021,2022
2021-22,1628378,Donovan Mitchell,Donovan,1610612762,UTA,Utah Jazz,22100054,2021-10-26T00:00:00,UTA vs. DEN,W,46.4,5.4,0.0,2.7,16.2,9.5,6.8,6.8,56.8,0.0,0.0,5.4,4.1,42.4,1,1,1,1,18200,5757,10350,8542,4238,6865,6699,8106,6063,8184,1,18415,9794,12501,1,34:19,2021,2022
2021-22,204060,Joe Ingles,Joe,1610612762,UTA,Utah Jazz,22100054,2021-10-26T00:00:00,UTA vs. DEN,W,44.6,4.8,3.2,0.0,3.2,12.9,3.2,8.1,45.2,1.6,0.0,4.8,1.6,50.0,1,1,1,1,22481,6673,8244,9479,18238,10448,3814,9534,13828,5989,1,17064,16840,8447,1,27:38,2021,2022
2021-22,1626220,Royce O'Neale,Royce,1610612762,UTA,Utah Jazz,22100054,2021-10-26T00:00:00,UTA vs. DEN,W,45.9,0.0,0.0,4.5,3.0,10.4,7.5,7.5,56.7,1.5,0.0,3.0,1.5,26.3,1,1,1,1,19446,11791,10350,5451,18626,7819,7481,8865,6079,6548,1,11332,17343,20772,1,30:47,2021,2022
2021-22,203497,Rudy Gobert,Rudy,1610612762,UTA,Utah Jazz,22100026,2021-10-22T00:00:00,UTA @ SAC,W,44.7,13.9,11.1,1.4,11.1,23.6,13.9,18.1,58.3,0.0,1.4,5.6,11.1,63.9,1,1,1,1,22155,649,1070,9425,8363,20760,15070,20026,5197,8184,18613,18716,987,3357,1,32:13,2021,2022
2021-22,202711,Bojan Bogdanović,Bojan,1610612762,UTA,Utah Jazz,22100026,2021-10-22T00:00:00,UTA @ SAC,W,45.5,2.7,0.0,9.5,8.1,24.3,14.9,14.9,54.1,0.0,1.4,1.4,1.4,27.7,1,1,1,1,20655,10684,10350,1335,11897,21188,16214,17248,7525,8184,18376,6065,17857,20182,1,33:39,2021,2022
2021-22,203903,Jordan Clarkson,Jordan,1610612762,UTA,Utah Jazz,22100026,2021-10-22T00:00:00,UTA @ SAC,W,47.0,0.0,0.0,0.0,12.0,26.0,16.0,28.0,56.0,0.0,2.0,4.0,4.0,58.0,1,1,1,1,16156,11791,10350,9479,7592,22139,17385,24409,6436,8184,21285,14513,9859,5096,1,23:31,2021,2022
2021-22,1628378,Donovan Mitchell,Donovan,1610612762,UTA,Utah Jazz,22100026,2021-10-22T00:00:00,UTA @ SAC,W,46.0,0.0,6.2,0.0,7.4,24.7,13.6,16.0,51.9,0.0,1.2,2.5,4.9,49.4,1,1,1,1,19273,11791,3980,9479,12670,21403,14750,18394,8944,8184,17769,9454,7758,8840,1,37:16,2021,2022
2021-22,202355,Hassan Whiteside,Hassan,1610612762,UTA,Utah Jazz,22100026,2021-10-22T00:00:00,UTA @ SAC,W,47.8,6.1,18.2,0.0,18.2,18.2,9.1,15.2,36.4,3.0,0.0,6.1,6.1,70.6,1,1,1,1,13378,4878,272,9479,3126,16081,9223,17512,19568,2630,1,19841,5554,2011,1,15:47,2021,2022
2021-22,1626220,Royce O'Neale,Royce,1610612762,UTA,Utah Jazz,22100026,2021-10-22T00:00:00,UTA @ SAC,W,44.9,4.2,2.8,4.2,2.8,22.2,15.3,12.5,52.8,1.4,1.4,4.2,0.0,39.3,1,1,1,1,21817,7704,9193,5890,18889,19667,16627,14634,8340,7091,18613,15063,18239,14279,1,32:21,2021,2022
2021-22,201144,Mike Conley,Mike,1610612762,UTA,Utah Jazz,22100026,2021-10-22T00:00:00,UTA @ SAC,W,45.5,4.3,0.0,4.3,5.8,18.8,10.1,13.0,49.3,0.0,0.0,2.9,7.2,43.3,1,1,1,1,20489,7379,10350,5609,14901,16814,10502,15346,10851,8184,1,11004,3806,12013,1,31:25,2021,2022
2021-22,1629671,Miye Oni,Miye,1610612762,UTA,Utah Jazz,22100026,2021-10-22T00:00:00,UTA @ SAC,W,54.5,0.0,0.0,0.0,0.0,28.6,28.6,28.6,57.1,0.0,0.0,0.0,0.0,0.0,1,1,1,1,716,11791,10350,9479,19255,23152,24366,24491,5647,8184,1,1,18239,25086,1,3:49,2021,2022
2021-22,1629672,Eric Paschall,Eric,1610612762,UTA,Utah Jazz,22100026,2021-10-22T00:00:00,UTA @ SAC,W,49.1,0.0,0.0,0.0,0.0,16.7,6.7,23.3,46.7,3.3,0.0,0.0,0.0,24.0,1,1,1,1,9120,11791,10350,9479,19255,14443,6551,22977,12701,2218,1,1,18239,21525,1,14:43,2021,2022
2021-22,204060,Joe Ingles,Joe,1610612762,UTA,Utah Jazz,22100026,2021-10-22T00:00:00,UTA @ SAC,W,44.1,0.0,0.0,0.0,0.0,7.7,0.0,0.0,30.8,0.0,0.0,7.7,0.0,0.0,1,1,1,1,23174,11791,10350,9479,19255,5249,1,1,22213,8184,1,22285,18239,25086,1,5:44,2021,2022
2021-22,1630215,Jared Butler,Jared,1610612762,UTA,Utah Jazz,22100026,2021-10-22T00:00:00,UTA @ SAC,W,36.4,0.0,0.0,0.0,0.0,66.7,0.0,66.7,66.7,0.0,0.0,0.0,0.0,0.0,1,1,1,1,25814,11791,10350,9479,19255,25872,1,25938,2209,8184,1,1,18239,25086,1,2:11,2021,2022
2021-22,1630235,Trent Forrest,Trent,1610612762,UTA,Utah Jazz,22100026,2021-10-22T00:00:00,UTA @ SAC,W,52.5,0.0,0.0,0.0,14.3,0.0,0.0,21.4,57.1,0.0,0.0,0.0,0.0,35.7,1,1,1,1,1922,11791,10350,9479,5449,1,1,22074,5647,8184,1,1,18239,16206,1,7:21,2021,2022
2021-22,1629672,Eric Paschall,Eric,1610612762,UTA,Utah Jazz,22100011,2021-10-20T00:00:00,UTA vs. OKC,W,45.9,0.0,0.0,0.0,0.0,22.6,0.0,19.4,45.2,0.0,0.0,3.2,0.0,26.1,1,1,1,1,19671,11791,10350,9479,19255,20018,1,20955,13828,8184,1,12152,18239,20833,1,14:13,2021,2022
2021-22,1630238,Malik Fitts,Malik,1610612762,UTA,Utah Jazz,22100011,2021-10-20T00:00:00,UTA vs. OKC,W,52.8,0.0,0.0,0.0,0.0,0.0,0.0,0.0,66.7,0.0,0.0,0.0,0.0,40.0,1,1,1,1,1664,11791,10350,9479,19255,1,1,1,2209,8184,1,1,18239,13802,1,1:35,2021,2022
2021-22,203497,Rudy Gobert,Rudy,1610612762,UTA,Utah Jazz,22100011,2021-10-20T00:00:00,UTA vs. OKC,W,47.6,4.8,8.1,0.0,19.4,14.5,6.5,9.7,41.9,1.6,0.0,1.6,8.1,69.7,1,1,1,1,14336,6673,2392,9479,2733,12273,6364,11442,16184,5989,1,7104,2909,2180,1,29:29,2021,2022
2021-22,201144,Mike Conley,Mike,1610612762,UTA,Utah Jazz,22100011,2021-10-20T00:00:00,UTA vs. OKC,W,48.4,0.0,0.0,0.0,3.8,17.3,3.8,11.5,46.2,0.0,0.0,7.7,3.8,40.4,1,1,1,1,11425,11791,10350,9479,17372,15265,4174,13632,12980,8184,1,22285,10246,13638,1,25:09,2021,2022
2021-22,204060,Joe Ingles,Joe,1610612762,UTA,Utah Jazz,22100011,2021-10-20T00:00:00,UTA vs. OKC,W,49.2,0.0,0.0,0.0,3.8,13.2,17.0,11.3,41.5,0.0,0.0,1.9,0.0,41.7,1,1,1,1,8607,11791,10350,9479,17453,10788,18341,13411,16449,8184,1,7892,18239,12884,1,26:05,2021,2022
2021-22,1628378,Donovan Mitchell,Donovan,1610612762,UTA,Utah Jazz,22100011,2021-10-20T00:00:00,UTA vs. OKC,W,52.7,5.6,3.7,0.0,11.1,11.1,20.4,3.7,48.1,1.9,1.9,3.7,5.6,62.2,1,1,1,1,1713,5518,7430,9479,8363,8424,21102,5270,11667,5143,20851,13579,6435,3789,1,28:28,2021,2022
2021-22,202355,Hassan Whiteside,Hassan,1610612762,UTA,Utah Jazz,22100011,2021-10-20T00:00:00,UTA vs. OKC,W,51.4,5.6,5.6,0.0,11.1,11.1,19.4,11.1,55.6,5.6,0.0,13.9,2.8,72.2,1,1,1,1,3274,5518,4631,9479,8363,8424,20397,13031,6637,764,1,25343,13275,1747,1,18:31,2021,2022
2021-22,1630190,Elijah Hughes,Elijah,1610612762,UTA,Utah Jazz,22100011,2021-10-20T00:00:00,UTA vs. OKC,W,46.2,0.0,0.0,0.0,0.0,0.0,0.0,28.6,57.1,0.0,0.0,0.0,14.3,28.6,1,1,1,1,18726,11791,10350,9479,19255,1,1,24491,5647,8184,1,1,341,19803,1,3:14,2021,2022
2021-22,1626220,Royce O'Neale,Royce,1610612762,UTA,Utah Jazz,22100011,2021-10-20T00:00:00,UTA vs. OKC,W,52.0,0.0,0.0,0.0,0.0,11.1,20.4,7.4,51.9,1.9,0.0,0.0,0.0,22.6,1,1,1,1,2526,11791,10350,9479,19255,8424,21102,8759,8944,5143,1,1,18239,22028,1,28:04,2021,2022
2021-22,1629671,Miye Oni,Miye,1610612762,UTA,Utah Jazz,22100011,2021-10-20T00:00:00,UTA vs. OKC,W,52.8,0.0,0.0,0.0,0.0,0.0,0.0,0.0,66.7,0.0,0.0,33.3,0.0,0.0,1,1,1,1,1664,11791,10350,9479,19255,1,1,1,2209,8184,1,25976,18239,25086,1,1:35,2021,2022
2021-22,1630215,Jared Butler,Jared,1610612762,UTA,Utah Jazz,22100011,2021-10-20T00:00:00,UTA vs. OKC,W,43.8,0.0,0.0,0.0,0.0,0.0,0.0,10.0,30.0,0.0,0.0,5.0,0.0,8.5,1,1,1,1,23602,11791,10350,9479,19255,1,1,11717,22550,8184,1,17392,18239,24718,1,8:45,2021,2022
2021-22,203903,Jordan Clarkson,Jordan,1610612762,UTA,Utah Jazz,22100011,2021-10-20T00:00:00,UTA vs. OKC,W,46.8,5.3,0.0,0.0,14.0,19.3,3.5,17.5,52.6,0.0,0.0,3.5,3.5,31.1,1,1,1,1,16941,5948,10350,9479,5789,17226,3963,19638,8381,8184,1,13017,11197,18661,1,26:40,2021,2022
2021-22,202711,Bojan Bogdanović,Bojan,1610612762,UTA,Utah Jazz,22100011,2021-10-20T00:00:00,UTA vs. OKC,W,53.2,3.8,11.3,0.0,30.2,11.3,17.0,3.8,49.1,0.0,1.9,1.9,1.9,60.0,1,1,1,1,1337,8448,1052,9479,513,8783,18341,5321,11029,8184,20963,7892,15901,4395,1,28:12,2021,2022
