group_set,player_id,player,nickname,team_id,team,age,gp,w,l,w_pct,min,fgm,fga,fg_pct,fg3m,fg3a,fg3_pct,ftm,fta,ft_pct,oreb,dreb,reb,ast,tov,stl,blk,blka,pf,pfd,pts,plus_minus,nba_fantasy_pts,dd2,td3,wnba_fantasy_pts,gp_rank,w_rank,l_rank,w_pct_rank,min_rank,fgm_rank,fga_rank,fg_pct_rank,fg3m_rank,fg3a_rank,fg3_pct_rank,ftm_rank,fta_rank,ft_pct_rank,oreb_rank,dreb_rank,reb_rank,ast_rank,tov_rank,stl_rank,blk_rank,blka_rank,pf_rank,pfd_rank,pts_rank,plus_minus_rank,nba_fantasy_pts_rank,dd2_rank,td3_rank,wnba_fantasy_pts_rank
Players,203076,Anthony Davis,Anthony,1610612747,LAL,30.0,7,4,3,0.571,31.211666666666662,2,7,0.286,0,3,0.0,6,8,0.75,4,8,12,1,3,1,2,0,3,4,10,4,31.9,7,0,29.0,17,14,98,43,10,31,21,61,39,21,39,9,8,40,1,3,1,33,5,9,2,1,113,12,21,41,9,2,5,11
Players,1630559,Austin Reaves,Austin,1610612747,LAL,25.0,7,4,3,0.571,31.211666666666662,6,9,0.667,2,4,0.5,2,2,1.0,0,2,2,2,0,1,0,0,7,1,16,4,24.4,0,0,24.0,17,14,98,43,10,8,16,18,8,16,14,23,32,1,46,30,36,16,42,9,26,1,129,36,12,41,18,41,5,15
Players,1626156,D'Angelo Russell,D'Angelo,1610612747,LAL,27.0,4,3,1,0.75,8.321666666666667,3,7,0.429,2,5,0.4,0,0,0.0,0,0,0,0,0,0,0,0,1,0,8,6,8.0,0,0,10.0,38,22,14,14,69,25,21,47,8,12,22,59,60,59,46,73,83,54,42,39,26,1,50,67,30,28,56,41,5,47
Players,203471,Dennis Schröder,Dennis,1610612747,LAL,29.0,6,3,3,0.5,27.80666666666667,0,2,0.0,0,1,0.0,3,3,1.0,0,3,3,1,3,2,0,1,1,3,3,3,11.1,0,0,11.0,22,22,98,47,16,75,63,75,39,49,39,18,24,1,46,20,29,33,5,4,26,108,50,15,64,46,47,41,5,43
Players,1629020,Jarred Vanderbilt,Jarred,1610612747,LAL,24.0,2,2,0,1.0,1.5333333333333334,0,0,0.0,0,0,0.0,0,0,0.0,0,0,0,0,0,0,0,0,0,0,0,-2,0.0,0,0,0.0,75,37,1,1,115,75,96,75,39,75,39,59,60,59,46,73,83,54,42,39,26,1,1,67,89,72,108,41,5,108
Players,2544,LeBron James,LeBron,1610612747,LAL,38.0,7,4,3,0.571,31.211666666666662,4,13,0.308,0,4,0.0,7,9,0.778,3,9,12,1,4,1,1,1,1,6,15,4,32.9,6,0,32.0,17,14,98,43,10,14,7,59,39,16,39,7,7,38,6,1,1,33,3,9,6,108,50,5,14,41,7,4,5,7
Players,1629022,Lonnie Walker IV,Lonnie,1610612747,LAL,24.0,1,1,0,1.0,5.016666666666667,2,4,0.5,0,2,0.0,2,2,1.0,0,1,1,0,0,0,0,0,0,2,6,3,7.2,0,0,7.0,97,66,1,1,88,31,41,30,39,36,39,23,32,1,46,45,56,54,42,39,26,1,1,22,35,46,59,41,5,59
Players,1629060,Rui Hachimura,Rui,1610612747,LAL,25.0,5,2,3,0.4,19.745,1,4,0.25,1,3,0.333,0,0,0.0,0,1,1,2,0,0,0,1,1,1,3,-2,7.2,0,0,7.0,30,37,98,71,27,50,41,63,21,21,26,59,60,59,46,45,56,16,42,39,26,108,50,36,64,72,59,41,5,59
