group_set,player_id,player,nickname,team_id,team,age,gp,w,l,w_pct,min,fgm,fga,fg_pct,fg3m,fg3a,fg3_pct,ftm,fta,ft_pct,oreb,dreb,reb,ast,tov,stl,blk,blka,pf,pfd,pts,plus_minus,nba_fantasy_pts,dd2,td3,wnba_fantasy_pts,gp_rank,w_rank,l_rank,w_pct_rank,min_rank,fgm_rank,fga_rank,fg_pct_rank,fg3m_rank,fg3a_rank,fg3_pct_rank,ftm_rank,fta_rank,ft_pct_rank,oreb_rank,dreb_rank,reb_rank,ast_rank,tov_rank,stl_rank,blk_rank,blka_rank,pf_rank,pfd_rank,pts_rank,plus_minus_rank,nba_fantasy_pts_rank,dd2_rank,td3_rank,wnba_fantasy_pts_rank
Players,203471,Dennis Schröder,Dennis,1610612760,OKC,25.0,3,1,2,0.333,4.891666666666667,0,0,0.0,0,0,0.0,0,0,0.0,0,0,0,0,0,0,0,0,0,0,0,-7,0.0,0,0,0.0,51,58,55,76,90,70,91,70,43,72,43,47,47,47,43,66,72,54,48,38,28,1,1,56,74,99,92,42,5,93
Players,203924,Jerami Grant,Jerami,1610612760,OKC,25.0,3,1,2,0.333,4.996666666666667,1,3,0.333,0,1,0.0,0,0,0.0,0,0,0,0,0,0,1,0,1,0,2,-9,5.0,0,0,4.0,51,58,55,76,86,51,46,50,43,39,43,47,47,47,43,66,72,54,48,38,10,1,56,56,65,106,65,42,5,67
Players,202331,Paul George,Paul,1610612760,OKC,29.0,3,1,2,0.333,4.965,2,2,1.0,1,1,1.0,0,0,0.0,0,1,1,1,1,0,0,0,2,0,5,-9,6.7,1,0,8.0,51,58,55,76,88,33,56,1,19,39,1,47,47,47,43,40,49,28,26,38,28,1,81,56,44,106,56,18,5,51
Players,201566,Russell Westbrook,Russell,1610612760,OKC,30.0,3,1,2,0.333,4.996666666666667,2,3,0.667,1,1,1.0,1,1,1.0,0,1,1,1,0,0,0,0,1,0,6,-9,8.7,3,2,9.0,51,58,55,76,86,33,46,22,19,39,1,38,40,1,43,40,49,28,48,38,28,1,56,56,37,106,53,9,3,48
Players,203500,Steven Adams,Steven,1610612760,OKC,25.0,2,1,1,0.5,2.9966666666666666,0,1,0.0,0,0,0.0,0,0,0.0,1,0,1,1,1,0,0,0,0,0,0,-5,1.7,0,0,2.0,71,58,20,45,98,70,66,70,43,72,43,47,47,47,27,66,49,28,26,38,28,1,1,56,74,88,85,42,5,83
Players,1628390,Terrance Ferguson,Terrance,1610612760,OKC,21.0,2,0,2,0.0,2.1366666666666667,0,0,0.0,0,0,0.0,0,0,0.0,0,0,0,1,0,0,0,0,1,0,0,-6,1.5,0,0,1.0,71,94,55,94,99,70,91,70,43,72,43,47,47,47,43,66,72,28,48,38,28,1,56,56,74,94,86,42,5,86
