group_set,player_id,player_name,nickname,team_id,team_abbreviation,age,gp,w,l,w_pct,min,pts_off_tov,pts_2nd_chance,pts_fb,pts_paint,opp_pts_off_tov,opp_pts_2nd_chance,opp_pts_fb,opp_pts_paint,blk,blka,pf,pfd,nba_fantasy_pts,gp_rank,w_rank,l_rank,w_pct_rank,min_rank,pts_off_tov_rank,pts_2nd_chance_rank,pts_fb_rank,pts_paint_rank,opp_pts_off_tov_rank,opp_pts_2nd_chance_rank,opp_pts_fb_rank,opp_pts_paint_rank,blk_rank,blka_rank,pf_rank,pfd_rank,nba_fantasy_pts_rank,team
Players,203115,Will Barton,Will,1610612743,DEN,31.0,3,1,2,0.333,14.056666666666668,3,0,0,0,9,4,1,16,0,1,1,0,3.2,57,63,62,86,34,5,25,9,54,123,90,99,115,28,116,60,57,82,DEN
Players,203999,Nikola Jokić,Nikola,1610612743,DEN,27.0,3,1,2,0.333,13.975,0,0,0,10,9,4,1,16,0,0,0,3,20.9,57,63,62,86,35,27,25,9,2,123,90,99,115,28,1,1,13,12,DEN
Players,1628420,Monté Morris,Monté,1610612743,DEN,27.0,3,1,2,0.333,14.188333333333333,0,0,0,2,9,4,1,16,0,0,3,0,9.9,57,63,62,86,32,27,25,9,27,123,90,99,115,28,1,118,57,45,DEN
Players,203932,Aaron Gordon,Aaron,1610612743,DEN,26.0,3,1,2,0.333,13.946666666666667,0,0,0,0,9,4,1,16,0,0,4,2,4.2,57,63,62,86,36,27,25,9,54,123,90,99,115,28,1,131,22,79,DEN
Players,201145,Jeff Green,Jeff,1610612743,DEN,35.0,3,1,2,0.333,10.091666666666669,0,0,0,0,5,2,1,12,0,0,1,1,3.2,57,63,62,86,56,27,25,9,54,112,47,99,100,28,1,60,32,82,DEN
Players,1627854,Bryn Forbes,Bryn,1610612743,DEN,28.0,2,0,2,0.0,0.4216666666666667,0,0,0,0,0,0,0,0,0,0,0,0,0.0,80,105,62,105,118,27,25,9,54,1,1,1,1,28,1,1,57,104,DEN
Players,203085,Austin Rivers,Austin,1610612743,DEN,29.0,1,1,0,1.0,4.233333333333333,0,0,0,0,4,2,0,4,0,0,0,0,3.0,106,63,1,1,101,27,25,9,54,101,47,1,42,28,1,1,57,86,DEN
Players,1630267,Facundo Campazzo,Facundo,1610612743,DEN,31.0,1,0,1,0.0,0.0283333333333333,0,0,0,0,0,0,0,0,0,0,0,0,0.0,106,105,21,105,130,27,25,9,54,1,1,1,1,28,1,1,57,104,DEN
