group_set,player_id,player,nickname,team_id,team,age,gp,w,l,w_pct,min,pts_off_tov,pts_2nd_chance,pts_fb,pts_paint,opp_pts_off_tov,opp_pts_2nd_chance,opp_pts_fb,opp_pts_paint,blk,blka,pf,pfd,nba_fantasy_pts,gp_rank,w_rank,l_rank,w_pct_rank,min_rank,pts_off_tov_rank,pts_2nd_chance_rank,pts_fb_rank,pts_paint_rank,opp_pts_off_tov_rank,opp_pts_2nd_chance_rank,opp_pts_fb_rank,opp_pts_paint_rank,blk_rank,blka_rank,pf_rank,pfd_rank,nba_fantasy_pts_rank
Players,202692,Alec Burks,Alec,1610612752,NYK,32.0,1,0,1,0.0,0.5,0,0,0,0,0,0,0,0,0,0,1,0,0.0,87,79,15,79,103,33,38,18,48,1,1,1,1,27,1,50,53,92
Players,1628978,Donte DiVincenzo,Donte,1610612752,NYK,27.0,6,4,2,0.667,18.793333333333333,3,3,0,2,4,7,6,20,0,0,2,2,18.4,19,15,60,20,34,9,7,18,30,73,83,106,100,27,1,80,27,25
Players,1628392,Isaiah Hartenstein,Isaiah,1610612752,NYK,26.0,7,5,2,0.714,22.71333333333333,2,2,0,4,9,11,8,24,0,0,2,2,13.8,7,12,60,18,24,17,13,18,19,98,107,117,103,27,1,80,27,36
Players,1628973,Jalen Brunson,Jalen,1610612752,NYK,27.0,8,6,2,0.75,37.876666666666665,3,4,0,12,10,16,8,32,1,2,3,15,63.8,5,1,60,16,7,9,6,18,1,101,118,117,114,8,109,99,1,1
Players,1628404,Josh Hart,Josh,1610612752,NYK,29.0,8,6,2,0.75,38.19,0,1,0,0,10,16,8,32,0,1,2,5,35.7,5,1,60,16,6,33,33,18,48,101,118,117,114,27,97,80,5,6
Players,1630540,Miles McBride,Miles,1610612752,NYK,23.0,7,5,2,0.714,25.26,0,2,0,0,6,12,4,18,0,0,6,1,7.9,7,12,60,18,16,33,13,18,48,85,110,90,96,27,1,115,36,51
Players,1629011,Mitchell Robinson,Mitchell,1610612752,NYK,26.0,2,1,1,0.5,9.596666666666666,0,2,0,2,0,3,0,6,0,0,1,1,9.6,61,47,15,41,56,33,13,18,30,1,63,1,52,27,1,50,36,45
Players,1628384,OG Anunoby,OG,1610612752,NYK,26.0,6,5,1,0.833,31.29,5,0,4,4,10,13,6,26,0,0,2,4,23.1,19,12,15,15,12,4,38,2,19,101,114,106,106,27,1,80,14,20
Players,1630173,Precious Achiuwa,Precious,1610612752,NYK,24.0,2,2,0,1.0,6.73,0,2,0,2,1,2,0,2,3,0,1,1,14.6,61,35,1,1,71,33,13,18,30,41,48,1,20,1,1,50,36,34
