group_set,player_id,player_name,nickname,team_id,team_abbreviation,age,gp,w,l,w_pct,min,fgm,fga,fg_pct,fg3m,fg3a,fg3_pct,ftm,fta,ft_pct,oreb,dreb,reb,ast,tov,stl,blk,blka,pf,pfd,pts,plus_minus,nba_fantasy_pts,dd2,td3,wnba_fantasy_pts,gp_rank,w_rank,l_rank,w_pct_rank,min_rank,fgm_rank,fga_rank,fg_pct_rank,fg3m_rank,fg3a_rank,fg3_pct_rank,ftm_rank,fta_rank,ft_pct_rank,oreb_rank,dreb_rank,reb_rank,ast_rank,tov_rank,stl_rank,blk_rank,blka_rank,pf_rank,pfd_rank,pts_rank,plus_minus_rank,nba_fantasy_pts_rank,dd2_rank,td3_rank,wnba_fantasy_pts_rank,team
Players,1629060,Rui Hachimura,Rui,1610612747,LAL,26.0,2,0,2,0.0,9.033333333333331,0,2,0.0,0,1,0.0,0,0,0.0,0,0,0,0,0,0,0,0,0,0,0,-2,0.0,0,0,0.0,61,79,60,79,63,65,46,65,40,36,40,45,48,45,48,66,77,51,40,33,27,1,1,53,72,61,92,32,5,92,LAL
Players,2544,LeBron James,LeBron,1610612747,LAL,39.0,3,0,3,0.0,9.053333333333333,4,5,0.8,0,1,0.0,2,2,1.0,0,1,1,1,0,1,0,0,1,1,10,-3,15.7,2,0,14.0,47,79,91,79,60,19,32,17,40,36,40,27,30,1,48,38,50,23,40,9,27,1,50,36,28,74,31,9,5,33,LAL
Players,1627752,Taurean Prince,Taurean,1610612747,LAL,30.0,2,0,2,0.0,0.4583333333333333,0,1,0.0,0,1,0.0,0,0,0.0,0,0,0,0,0,0,0,0,0,0,0,-3,0.0,0,0,0.0,61,79,60,79,104,65,63,65,40,36,40,45,48,45,48,66,77,51,40,33,27,1,1,53,72,74,92,32,5,92,LAL
Players,1630559,Austin Reaves,Austin,1610612747,LAL,26.0,3,0,3,0.0,9.053333333333333,4,7,0.571,1,3,0.333,0,0,0.0,0,0,0,1,0,0,0,0,1,0,9,-3,10.5,0,0,11.0,47,79,91,79,60,19,22,24,17,21,29,45,48,45,48,66,77,23,40,33,27,1,50,53,30,74,42,32,5,38,LAL
Players,203076,Anthony Davis,Anthony,1610612747,LAL,31.0,3,0,3,0.0,9.053333333333333,0,0,0.0,0,0,0.0,0,0,0.0,0,1,1,0,0,0,1,0,1,0,0,-3,4.2,3,0,3.0,47,79,91,79,60,65,83,65,40,65,40,45,48,45,48,38,50,51,40,33,8,1,50,53,72,74,68,6,5,72,LAL
Players,1629216,Gabe Vincent,Gabe,1610612747,LAL,28.0,1,0,1,0.0,0.1666666666666666,0,0,0.0,0,0,0.0,0,0,0.0,0,0,0,0,0,0,0,0,0,0,0,0,0.0,0,0,0.0,87,79,15,79,110,65,83,65,40,65,40,45,48,45,48,66,77,51,40,33,27,1,1,53,72,46,92,32,5,92,LAL
Players,1626156,D'Angelo Russell,D'Angelo,1610612747,LAL,28.0,2,0,2,0.0,8.428333333333333,2,2,1.0,0,0,0.0,0,0,0.0,0,0,0,1,0,0,0,0,0,0,4,0,5.5,0,0,5.0,61,79,60,79,64,34,46,1,40,65,40,45,48,45,48,66,77,23,40,33,27,1,1,53,40,46,61,32,5,62,LAL
Players,203915,Spencer Dinwiddie,Spencer,1610612747,LAL,31.0,1,0,1,0.0,0.02,0,0,0.0,0,0,0.0,0,0,0.0,0,0,0,0,0,0,0,0,0,0,0,-1,0.0,0,0,0.0,87,79,15,79,118,65,83,65,40,65,40,45,48,45,48,66,77,51,40,33,27,1,1,53,72,55,92,32,5,92,LAL
