group_set,player_id,player,nickname,team_id,team,age,gp,w,l,w_pct,min,pts_off_tov,pts_2nd_chance,pts_fb,pts_paint,opp_pts_off_tov,opp_pts_2nd_chance,opp_pts_fb,opp_pts_paint,blk,blka,pf,pfd,nba_fantasy_pts,gp_rank,w_rank,l_rank,w_pct_rank,min_rank,pts_off_tov_rank,pts_2nd_chance_rank,pts_fb_rank,pts_paint_rank,opp_pts_off_tov_rank,opp_pts_2nd_chance_rank,opp_pts_fb_rank,opp_pts_paint_rank,blk_rank,blka_rank,pf_rank,pfd_rank,nba_fantasy_pts_rank
Players,1627826,Ivica Zubac,Ivica,1610612746,LAC,23.0,4,1,3,0.25,4.783333333333333,0,0,0,2,0,0,0,0,0,1,1,1,5.4,41,51,76,79,80,39,34,16,25,1,1,1,1,25,97,38,39,60
Players,202695,Kawhi Leonard,Kawhi,1610612746,LAC,29.0,5,2,3,0.4,19.836666666666662,2,2,0,6,2,9,0,10,1,0,1,3,40.3,28,38,76,67,29,18,17,16,8,36,97,1,71,11,1,38,17,9
Players,1629013,Landry Shamet,Landry,1610612746,LAC,23.0,3,1,2,0.333,0.3983333333333333,0,0,0,0,0,0,0,0,0,0,0,0,0.0,61,51,59,73,118,39,34,16,51,1,1,1,1,25,1,1,62,93
Players,101150,Lou Williams,Lou,1610612746,LAC,33.0,5,2,3,0.4,17.158333333333335,0,0,0,4,2,9,0,10,0,0,2,3,8.2,28,38,76,67,38,39,34,16,15,36,97,1,71,25,1,82,17,50
Players,202694,Marcus Morris Sr.,Marcus,1610612746,LAC,30.0,5,2,3,0.4,19.836666666666662,2,0,0,0,2,9,0,10,0,0,1,1,10.4,28,38,76,67,29,18,34,16,51,36,97,1,71,25,1,38,39,42
Players,1626149,Montrezl Harrell,Montrezl,1610612746,LAC,26.0,1,1,0,1.0,2.05,0,0,0,0,0,2,0,2,0,0,0,1,1.0,97,51,1,1,104,39,34,16,51,1,42,1,22,25,1,1,39,89
Players,201976,Patrick Beverley,Patrick,1610612746,LAC,31.0,3,2,1,0.667,6.161666666666667,0,0,0,0,0,0,0,2,0,0,2,0,8.4,61,38,11,27,74,39,34,16,51,1,1,1,22,25,1,82,62,48
Players,202331,Paul George,Paul,1610612746,LAC,30.0,5,2,3,0.4,19.836666666666662,0,0,0,2,2,9,0,10,0,0,3,3,17.6,28,38,76,67,29,39,34,16,25,36,97,1,71,25,1,96,17,26
Players,202704,Reggie Jackson,Reggie,1610612746,LAC,30.0,2,1,1,0.5,9.121666666666666,0,0,0,0,2,7,0,6,0,0,1,0,3.9,80,51,11,45,64,39,34,16,51,36,94,1,56,25,1,38,62,67
