group_set,player_id,player_name,nickname,team_id,team_abbreviation,age,gp,w,l,w_pct,min,fgm,fga,fg_pct,fg3m,fg3a,fg3_pct,ftm,fta,ft_pct,oreb,dreb,reb,ast,tov,stl,blk,blka,pf,pfd,pts,plus_minus,nba_fantasy_pts,dd2,td3,wnba_fantasy_pts,gp_rank,w_rank,l_rank,w_pct_rank,min_rank,fgm_rank,fga_rank,fg_pct_rank,fg3m_rank,fg3a_rank,fg3_pct_rank,ftm_rank,fta_rank,ft_pct_rank,oreb_rank,dreb_rank,reb_rank,ast_rank,tov_rank,stl_rank,blk_rank,blka_rank,pf_rank,pfd_rank,pts_rank,plus_minus_rank,nba_fantasy_pts_rank,dd2_rank,td3_rank,wnba_fantasy_pts_rank,team
Players,1628381,John Collins,John,1610612737,ATL,25.0,3,1,2,0.333,6.191666666666666,0,0,0.0,0,0,0.0,0,0,0.0,0,1,1,0,0,0,0,0,1,0,0,-11,1.2,0,0,1.0,61,66,56,76,74,75,96,75,39,75,39,59,60,59,46,45,56,54,42,39,26,1,50,67,89,114,98,41,5,95,ATL
Players,1630180,Saddiq Bey,Saddiq,1610612737,ATL,24.0,3,2,1,0.667,4.791666666666667,0,2,0.0,0,0,0.0,0,0,0.0,1,3,4,0,0,0,0,0,0,0,0,3,4.8,0,0,4.0,61,37,14,21,91,75,63,75,39,75,39,59,60,59,18,20,20,54,42,39,26,1,1,67,89,46,76,41,5,79,ATL
Players,1629027,Trae Young,Trae,1610612737,ATL,24.0,4,2,2,0.5,11.275,4,11,0.364,3,6,0.5,6,6,1.0,1,1,2,0,0,1,0,0,1,3,17,-8,22.4,3,0,24.0,38,37,56,47,55,14,9,54,5,8,14,9,11,1,18,45,36,54,42,9,26,1,50,15,11,103,22,8,5,15,ATL
Players,203992,Bogdan Bogdanović,Bogdan,1610612737,ATL,30.0,2,1,1,0.5,3.6,0,0,0.0,0,0,0.0,0,0,0.0,0,1,1,0,0,0,0,0,1,0,0,5,1.2,0,0,1.0,75,66,14,47,105,75,96,75,39,75,39,59,60,59,46,45,56,54,42,39,26,1,50,67,89,36,98,41,5,95,ATL
Players,203991,Clint Capela,Clint,1610612737,ATL,29.0,4,2,2,0.5,7.635,0,1,0.0,0,0,0.0,0,0,0.0,1,0,1,0,0,0,0,0,0,0,0,-14,1.2,2,0,1.0,38,37,56,47,71,75,81,75,39,75,39,59,60,59,18,73,56,54,42,39,26,1,1,67,89,122,98,12,5,95,ATL
Players,1627749,Dejounte Murray,Dejounte,1610612737,ATL,26.0,3,1,2,0.333,7.983333333333333,2,4,0.5,1,1,1.0,0,0,0.0,0,1,1,0,0,0,0,0,0,1,5,-13,6.2,1,0,7.0,61,66,56,76,70,31,41,30,21,49,1,59,60,59,46,45,56,54,42,39,26,1,1,36,46,119,68,22,5,59,ATL
Players,1630168,Onyeka Okongwu,Onyeka,1610612737,ATL,22.0,2,2,0,1.0,3.6566666666666663,0,0,0.0,0,0,0.0,0,0,0.0,0,0,0,0,0,1,1,0,1,0,0,6,6.0,0,0,4.0,75,37,1,1,104,75,96,75,39,75,39,59,60,59,46,73,83,54,42,9,6,1,50,67,89,28,70,41,5,79,ATL
Players,1629631,De'Andre Hunter,De'Andre,1610612737,ATL,25.0,4,2,2,0.5,11.283333333333331,0,1,0.0,0,1,0.0,1,2,0.5,0,0,0,0,1,0,1,0,1,2,1,-8,3.0,0,0,3.0,38,37,56,47,54,75,81,75,39,49,39,49,32,50,46,73,83,54,24,39,6,1,50,22,86,103,85,41,5,82,ATL
