group_set,player_id,player,nickname,team_id,team,age,gp,w,l,w_pct,min,fgm,fga,fg_pct,fg3m,fg3a,fg3_pct,ftm,fta,ft_pct,oreb,dreb,reb,ast,tov,stl,blk,blka,pf,pfd,pts,plus_minus,nba_fantasy_pts,dd2,td3,wnba_fantasy_pts,gp_rank,w_rank,l_rank,w_pct_rank,min_rank,fgm_rank,fga_rank,fg_pct_rank,fg3m_rank,fg3a_rank,fg3_pct_rank,ftm_rank,fta_rank,ft_pct_rank,oreb_rank,dreb_rank,reb_rank,ast_rank,tov_rank,stl_rank,blk_rank,blka_rank,pf_rank,pfd_rank,pts_rank,plus_minus_rank,nba_fantasy_pts_rank,dd2_rank,td3_rank,wnba_fantasy_pts_rank
Players,202324,Derrick Favors,Derrick,1610612762,UTA,27.0,1,0,1,0.0,0.0083333333333333,0,0,0.0,0,0,0.0,0,0,0.0,0,0,0,0,0,0,0,0,0,0,0,0,0.0,0,0,0.0,99,94,20,94,122,70,91,70,43,72,43,47,47,47,43,66,72,54,48,38,28,1,1,56,74,48,92,42,5,93
Players,1628378,Donovan Mitchell,Donovan,1610612762,UTA,22.0,2,0,2,0.0,9.446666666666667,3,10,0.3,1,4,0.25,2,2,1.0,1,2,3,0,1,0,0,1,4,1,9,-4,11.6,0,0,13.0,71,94,55,94,49,25,14,60,19,14,39,25,30,1,27,33,31,54,26,38,28,98,110,35,25,83,40,42,5,36
Players,203109,Jae Crowder,Jae,1610612762,UTA,28.0,2,0,2,0.0,5.98,1,1,1.0,1,1,1.0,0,0,0.0,0,3,3,0,0,1,0,0,1,0,3,-2,9.6,1,0,9.0,71,94,55,94,74,51,66,1,19,39,1,47,47,47,43,25,31,54,48,10,28,1,56,56,56,70,49,18,5,48
Players,204060,Joe Ingles,Joe,1610612762,UTA,31.0,2,0,2,0.0,5.51,0,1,0.0,0,1,0.0,0,0,0.0,0,0,0,0,0,0,0,0,1,0,0,-3,0.0,0,0,0.0,71,94,55,94,79,70,66,70,43,39,43,47,47,47,43,66,72,54,48,38,28,1,56,56,74,78,92,42,5,93
Players,2594,Kyle Korver,Kyle,1610612762,UTA,38.0,1,0,1,0.0,0.1683333333333333,0,0,0.0,0,0,0.0,0,0,0.0,0,0,0,0,0,0,0,0,0,0,0,0,0.0,0,0,0.0,99,94,20,94,113,70,91,70,43,72,43,47,47,47,43,66,72,54,48,38,28,1,1,56,74,48,92,42,5,93
Players,201937,Ricky Rubio,Ricky,1610612762,UTA,28.0,2,0,2,0.0,7.395,3,4,0.75,0,1,0.0,0,0,0.0,0,0,0,1,0,0,0,0,0,0,6,-3,7.5,1,0,7.0,71,94,55,94,63,25,41,18,43,39,43,47,47,47,43,66,72,28,48,38,28,1,1,56,37,78,54,18,5,54
Players,1626220,Royce O'Neale,Royce,1610612762,UTA,26.0,2,0,2,0.0,9.278333333333334,0,1,0.0,0,1,0.0,0,0,0.0,0,1,1,0,0,0,0,0,1,0,0,-4,1.2,0,0,1.0,71,94,55,94,52,70,66,70,43,39,43,47,47,47,43,40,49,54,48,38,28,1,56,56,74,83,87,42,5,86
Players,203497,Rudy Gobert,Rudy,1610612762,UTA,27.0,2,0,2,0.0,9.446666666666667,0,2,0.0,0,0,0.0,0,0,0.0,0,1,1,0,0,0,3,1,2,1,0,-4,10.2,0,0,7.0,71,94,55,94,49,70,56,70,43,72,43,47,47,47,43,40,49,54,48,38,2,98,81,35,74,83,45,42,5,54
