season,player_id,player,nickname,team_id,team,team_name,game_id,game_date,matchup,wl,min,fgm,fga,fg_pct,fg3m,fg3a,fg3_pct,ftm,fta,ft_pct,oreb,dreb,reb,ast,tov,stl,blk,blka,pf,pfd,pts,plus_minus,nba_fantasy_pts,dd2,td3,wnba_fantasy_pts,gp_rank,w_rank,l_rank,w_pct_rank,min_rank,fgm_rank,fga_rank,fg_pct_rank,fg3m_rank,fg3a_rank,fg3_pct_rank,ftm_rank,fta_rank,ft_pct_rank,oreb_rank,dreb_rank,reb_rank,ast_rank,tov_rank,stl_rank,blk_rank,blka_rank,pf_rank,pfd_rank,pts_rank,plus_minus_rank,nba_fantasy_pts_rank,dd2_rank,td3_rank,wnba_fantasy_pts_rank,available_flag,min_sec,season_start,season_end
2023-24,1630631,Jose Alvarado,Jose,1610612740,NOP,New Orleans Pelicans,22301195,2024-04-14T00:00:00,NOP vs. LAL,L,20.916666666666668,6.9,12.0,0.571,3.4,8.6,0.4,0.0,0.0,0.0,0.0,1.7,1.7,1.7,3.4,1.7,0.0,0.0,0.0,0.0,17.2,1.7,23.6,0,0,27.5,1,13252,1,13252,15136,9364,13249,6891,4851,4691,7875,13417,14233,13417,13449,20514,22234,17111,4787,6789,8529,9067,20240,17532,10617,11926,18932,2248,138,15565,1,20:55,2023,2024
2023-24,1626204,Larry Nance Jr.,Larry,1610612740,NOP,New Orleans Pelicans,22301195,2024-04-14T00:00:00,NOP vs. LAL,L,30.511666666666667,5.9,9.4,0.625,1.2,2.4,0.5,2.4,2.4,1.0,2.4,4.7,7.1,4.7,1.2,1.2,0.0,0.0,3.5,2.4,15.3,2.4,33.3,0,0,30.7,1,13252,1,13252,7544,11895,17742,5137,12973,18217,4049,9412,11504,1,6726,11583,9700,8198,14090,9419,8529,9067,8803,11444,12542,11531,12141,2248,138,13069,1,30:31,2023,2024
2023-24,1630700,Dyson Daniels,Dyson,1610612740,NOP,New Orleans Pelicans,22301195,2024-04-14T00:00:00,NOP vs. LAL,L,17.623333333333335,2.0,8.2,0.25,0.0,6.1,0.0,0.0,0.0,0.0,0.0,4.1,4.1,2.0,0.0,0.0,0.0,0.0,0.0,0.0,4.1,0.0,12.1,0,0,10.2,1,13252,1,13252,17566,21343,19698,20383,14651,9469,14651,13417,14233,13417,13449,13450,16885,15995,16035,12108,8529,9067,20240,17532,22464,12394,23877,2248,138,24237,1,17:37,2023,2024
2023-24,203468,CJ McCollum,CJ,1610612740,NOP,New Orleans Pelicans,22301195,2024-04-14T00:00:00,NOP vs. LAL,L,33.74666666666667,9.6,20.3,0.474,4.3,9.6,0.444,3.2,4.3,0.75,2.1,2.1,4.3,7.5,3.2,0.0,0.0,2.1,3.2,3.2,26.7,-11.7,39.8,0,0,42.7,1,13252,1,13252,4823,3991,2811,12502,3118,3367,7253,7335,7265,8216,7413,19369,16420,3483,5452,12108,8529,3044,10002,8556,3379,18756,7792,2248,138,5129,1,33:45,2023,2024
2023-24,1630526,Jeremiah Robinson-Earl,Jeremiah,1610612740,NOP,New Orleans Pelicans,22301195,2024-04-14T00:00:00,NOP vs. LAL,L,2.066666666666667,17.4,34.8,0.5,0.0,0.0,0.0,0.0,17.4,0.0,17.4,17.4,34.8,0.0,0.0,0.0,0.0,0.0,0.0,17.4,34.8,87.1,76.6,0,0,69.7,1,13252,1,13252,25475,264,128,8954,14651,20560,14651,13417,246,13417,80,319,61,19657,16035,12108,8529,9067,20240,68,966,163,285,2248,138,342,1,2:04,2023,2024
2023-24,1630529,Herbert Jones,Herbert,1610612740,NOP,New Orleans Pelicans,22301195,2024-04-14T00:00:00,NOP vs. LAL,L,32.18333333333333,6.7,14.5,0.462,4.5,7.8,0.571,2.2,2.2,1.0,1.1,4.5,5.6,1.1,1.1,2.2,0.0,0.0,3.4,1.1,20.1,-22.4,34.1,0,0,35.8,1,13252,1,13252,6113,9785,9211,12872,2774,5894,3678,9754,11822,1,11653,12298,13005,19037,14508,4585,8529,9067,9413,16601,7800,22189,11551,2248,138,9266,1,32:11,2023,2024
2023-24,202685,Jonas Valančiūnas,Jonas,1610612740,NOP,New Orleans Pelicans,22301195,2024-04-14T00:00:00,NOP vs. LAL,L,7.266666666666667,5.0,14.9,0.333,0.0,5.0,0.0,0.0,0.0,0.0,0.0,14.9,14.9,5.0,19.8,0.0,0.0,0.0,14.9,0.0,9.9,-49.5,15.4,0,0,29.7,1,13252,1,13252,22996,14556,8729,17629,14651,12417,14651,13417,14233,13417,13449,608,1764,7646,62,12108,8529,9067,257,17532,18125,25376,22925,2248,138,13847,1,7:16,2023,2024
2023-24,1627742,Brandon Ingram,Brandon,1610612740,NOP,New Orleans Pelicans,22301195,2024-04-14T00:00:00,NOP vs. LAL,L,23.391666666666666,9.2,13.9,0.667,1.5,4.6,0.333,0.0,0.0,0.0,0.0,7.7,7.7,0.0,3.1,0.0,0.0,0.0,0.0,3.1,20.0,-43.1,26.2,0,0,29.2,1,13252,1,13252,13303,4534,10223,3541,11385,13200,9124,13417,14233,13417,13449,5149,8551,19657,5829,12108,8529,9067,20240,8942,7914,25029,17255,2248,138,14217,1,23:24,2023,2024
2023-24,203469,Cody Zeller,Cody,1610612740,NOP,New Orleans Pelicans,22301195,2024-04-14T00:00:00,NOP vs. LAL,L,4.35,0.0,0.0,0.0,0.0,0.0,0.0,0.0,0.0,0.0,0.0,0.0,0.0,8.3,8.3,0.0,0.0,0.0,8.3,0.0,0.0,-16.6,4.1,0,0,8.3,1,13252,1,13252,24307,22557,24896,22557,14651,20560,14651,13417,14233,13417,13449,22149,23241,2705,479,12108,8529,9067,1318,17532,23140,20501,25068,2248,138,24611,1,4:21,2023,2024
2023-24,1630346,Matt Ryan,Matt,1610612740,NOP,New Orleans Pelicans,22301195,2024-04-14T00:00:00,NOP vs. LAL,L,2.066666666666667,0.0,0.0,0.0,0.0,0.0,0.0,0.0,0.0,0.0,0.0,0.0,0.0,0.0,0.0,0.0,0.0,0.0,0.0,0.0,0.0,87.1,0.0,0,0,0.0,1,13252,1,13252,25475,22557,24896,22557,14651,20560,14651,13417,14233,13417,13449,22149,23241,19657,16035,12108,8529,9067,20240,17532,23140,163,25245,2248,138,25279,1,2:04,2023,2024
2023-24,1629627,Zion Williamson,Zion,1610612740,NOP,New Orleans Pelicans,22301195,2024-04-14T00:00:00,NOP vs. LAL,L,34.333333333333336,4.2,13.6,0.308,0.0,1.0,0.0,4.2,5.2,0.8,3.1,5.2,8.4,8.4,4.2,2.1,0.0,1.0,2.1,3.1,12.6,-22.0,37.3,0,0,33.6,1,13252,1,13252,4337,16526,10558,19425,14651,20356,14651,5398,5608,7723,4746,10097,7409,2617,3139,5109,8529,7600,14658,8721,15504,22110,9363,2248,138,10892,1,34:20,2023,2024
2023-24,1630530,Trey Murphy III,Trey,1610612740,NOP,New Orleans Pelicans,22301195,2024-04-14T00:00:00,NOP vs. LAL,L,31.543333333333333,4.6,9.1,0.5,3.4,6.8,0.5,0.0,0.0,0.0,1.1,2.3,3.4,2.3,1.1,2.3,1.1,0.0,2.3,1.1,12.6,-1.1,29.2,0,0,28.5,1,13252,1,13252,6672,15579,18242,8954,4893,7877,4049,13417,14233,13417,11504,18897,18533,15136,14350,4427,6578,9067,13778,16504,15538,13762,15079,2248,138,14767,1,31:33,2023,2024
2023-24,1629627,Zion Williamson,Zion,1610612740,NOP,New Orleans Pelicans,22301182,2024-04-12T00:00:00,NOP @ GSW,W,36.56666666666667,10.8,25.6,0.423,1.0,2.0,0.5,3.0,5.9,0.5,0.0,3.0,3.0,3.0,2.0,5.9,1.0,1.0,2.0,5.9,25.6,14.8,52.3,0,0,46.3,1,1,13151,1,2547,2522,660,14775,14163,19028,4049,7926,4626,10591,13449,16927,19706,12973,10327,458,7753,8190,15407,2840,3926,5685,2542,2248,138,3594,1,36:34,2023,2024
2023-24,1630530,Trey Murphy III,Trey,1610612740,NOP,New Orleans Pelicans,22301182,2024-04-12T00:00:00,NOP @ GSW,W,42.23333333333333,6.8,10.2,0.667,5.1,7.7,0.667,1.7,1.7,1.0,0.0,6.8,6.8,1.7,0.9,0.9,0.0,0.9,0.0,1.7,20.5,3.4,32.9,0,0,35.8,1,1,13151,1,263,9533,16394,3541,1926,6170,2080,11304,13136,1,13449,6531,10202,17159,15978,12023,8529,8981,20240,14210,7537,11001,12439,2248,138,9259,1,42:14,2023,2024
2023-24,203468,CJ McCollum,CJ,1610612740,NOP,New Orleans Pelicans,22301182,2024-04-12T00:00:00,NOP @ GSW,W,37.84333333333333,9.5,20.0,0.476,7.6,12.4,0.615,0.0,0.0,0.0,0.0,4.8,4.8,4.8,2.9,0.0,1.9,0.0,2.9,0.0,26.6,-4.8,42.3,0,0,47.6,1,1,13151,1,1687,4139,3023,12454,489,1320,3184,13417,14233,13417,13449,11476,15182,8110,6664,12108,3878,9067,11463,17532,3393,15506,6417,2248,138,3124,1,37:51,2023,2024
2023-24,202685,Jonas Valančiūnas,Jonas,1610612740,NOP,New Orleans Pelicans,22301182,2024-04-12T00:00:00,NOP @ GSW,W,16.366666666666667,8.8,19.8,0.444,0.0,2.2,0.0,4.4,6.6,0.667,4.4,6.6,11.0,2.2,2.2,0.0,0.0,4.4,2.2,4.4,22.0,-37.4,36.3,0,0,35.2,1,1,13151,1,18427,5287,3154,13458,14651,18536,14651,5024,3818,9424,2855,6954,4251,15430,9166,12108,8529,570,14148,5454,6267,24590,10037,2248,138,9727,1,16:22,2023,2024
2023-24,1630631,Jose Alvarado,Jose,1610612740,NOP,New Orleans Pelicans,22301182,2024-04-12T00:00:00,NOP @ GSW,W,35.3,1.0,5.1,0.2,1.0,5.1,0.2,1.0,2.0,0.5,0.0,3.1,3.1,2.0,0.0,1.0,0.0,0.0,3.1,2.0,4.1,18.4,13.9,0,0,12.2,1,1,13151,1,3553,22527,23300,21471,13944,12015,13222,13048,12420,10591,13449,16567,19417,16007,16035,10847,8529,9067,10543,12817,22468,4421,23434,2248,138,23798,1,35:18,2023,2024
2023-24,1630529,Herbert Jones,Herbert,1610612740,NOP,New Orleans Pelicans,22301182,2024-04-12T00:00:00,NOP @ GSW,W,38.376666666666665,4.7,9.4,0.5,1.9,4.7,0.4,0.9,1.9,0.5,0.0,4.7,4.7,3.8,0.9,0.9,0.9,0.9,2.8,1.9,12.2,5.6,28.1,0,0,26.3,1,1,13151,1,1384,15241,17843,8954,10198,13029,7875,13285,12863,10591,13449,11669,15369,10617,15731,11626,8104,8584,11643,13567,15907,9865,15858,2248,138,16454,1,38:23,2023,2024
2023-24,1630700,Dyson Daniels,Dyson,1610612740,NOP,New Orleans Pelicans,22301182,2024-04-12T00:00:00,NOP @ GSW,W,26.07333333333333,2.8,5.5,0.5,1.4,1.4,1.0,1.4,1.4,1.0,4.1,6.9,11.0,9.7,0.0,2.8,1.4,0.0,1.4,1.4,8.3,6.9,48.5,0,0,38.7,1,1,13151,1,11187,19928,22905,8954,12012,19910,1,11903,13466,1,3144,6370,4211,1687,16035,3138,5417,9067,17746,15404,19606,9232,3715,2248,138,7384,1,26:04,2023,2024
2023-24,1630526,Jeremiah Robinson-Earl,Jeremiah,1610612740,NOP,New Orleans Pelicans,22301182,2024-04-12T00:00:00,NOP @ GSW,W,7.24,5.0,14.9,0.333,5.0,9.9,0.5,0.0,0.0,0.0,0.0,5.0,5.0,0.0,0.0,0.0,0.0,0.0,0.0,0.0,14.9,-5.0,20.9,0,0,24.9,1,1,13151,1,23008,14508,8659,17629,2072,3025,4049,13417,14233,13417,13449,10845,14596,19657,16035,12108,8529,9067,20240,17532,12994,15609,20505,2248,138,17466,1,7:14,2023,2024
2023-24,1630230,Naji Marshall,Naji,1610612740,NOP,New Orleans Pelicans,22301170,2024-04-11T00:00:00,NOP @ SAC,W,3.55,10.1,10.1,1.0,0.0,0.0,0.0,0.0,0.0,0.0,0.0,10.1,10.1,0.0,10.1,0.0,0.0,0.0,0.0,0.0,20.3,20.3,22.3,0,0,30.4,1,1,13151,1,24728,3298,16519,1,14651,20560,14651,13417,14233,13417,13449,2430,5136,19657,272,12108,8529,9067,20240,17532,7689,3853,19694,2248,138,13268,1,3:33,2023,2024
2023-24,202685,Jonas Valančiūnas,Jonas,1610612740,NOP,New Orleans Pelicans,22301170,2024-04-11T00:00:00,NOP @ SAC,W,33.193333333333335,5.4,8.7,0.625,0.0,0.0,0.0,3.3,5.4,0.6,1.1,9.8,10.8,3.3,2.2,1.1,0.0,0.0,4.3,5.4,14.1,17.4,33.1,1,0,30.4,1,1,13151,1,5279,13206,18945,5137,14651,20560,14651,7213,5336,10302,11905,2704,4391,12023,9314,10243,8529,9067,6275,3508,13824,4761,12303,1,138,13319,1,33:12,2023,2024
2023-24,203468,CJ McCollum,CJ,1610612740,NOP,New Orleans Pelicans,22301170,2024-04-11T00:00:00,NOP @ SAC,W,39.99333333333333,9.9,16.2,0.611,8.1,10.8,0.75,0.0,0.0,0.0,0.9,2.7,3.6,6.3,0.0,1.8,0.0,0.0,0.0,0.9,27.9,-9.9,47.1,0,0,49.5,1,1,13151,1,675,3616,6836,5617,380,2270,1673,13417,14233,13417,13265,17740,18161,5094,16035,6482,8529,9067,20240,17461,2862,17953,4244,2248,138,2568,1,39:60,2023,2024
2023-24,1630631,Jose Alvarado,Jose,1610612740,NOP,New Orleans Pelicans,22301170,2024-04-11T00:00:00,NOP @ SAC,W,22.023333333333333,8.2,13.1,0.625,6.5,9.8,0.667,0.0,0.0,0.0,1.6,8.2,9.8,9.8,0.0,0.0,0.0,0.0,6.5,1.6,22.9,27.8,49.4,0,0,49.0,1,1,13151,1,14281,6452,11453,5137,862,3142,2080,13417,14233,13417,9302,4453,5508,1600,16035,12108,8529,9067,2430,14471,5639,2265,3389,2248,138,2712,1,22:01,2023,2024
2023-24,1630700,Dyson Daniels,Dyson,1610612740,NOP,New Orleans Pelicans,22301170,2024-04-11T00:00:00,NOP @ SAC,W,25.456666666666667,5.7,11.3,0.5,2.8,7.1,0.4,0.0,0.0,0.0,0.0,5.7,5.7,1.4,1.4,1.4,1.4,0.0,2.8,1.4,14.1,-1.4,30.1,0,0,29.7,1,1,13151,1,11679,12546,14526,8954,6585,7380,7875,13417,14233,13417,13449,9049,12843,18042,12787,8007,5299,9067,11579,15280,13786,13887,14469,2248,138,13868,1,25:27,2023,2024
2023-24,1630526,Jeremiah Robinson-Earl,Jeremiah,1610612740,NOP,New Orleans Pelicans,22301170,2024-04-11T00:00:00,NOP @ SAC,W,1.945,0.0,0.0,0.0,0.0,0.0,0.0,0.0,0.0,0.0,0.0,0.0,0.0,0.0,18.5,0.0,0.0,0.0,0.0,0.0,0.0,-148.1,-18.5,0,0,0.0,1,1,13151,1,25527,22557,24896,22557,14651,20560,14651,13417,14233,13417,13449,22149,23241,19657,79,12108,8529,9067,20240,17532,23140,26299,26367,2248,138,25279,1,1:57,2023,2024
2023-24,203469,Cody Zeller,Cody,1610612740,NOP,New Orleans Pelicans,22301170,2024-04-11T00:00:00,NOP @ SAC,W,8.72,4.1,4.1,1.0,0.0,0.0,0.0,0.0,0.0,0.0,0.0,4.1,4.1,8.3,0.0,0.0,0.0,0.0,4.1,0.0,8.3,4.1,25.6,0,0,20.6,1,1,13151,1,22453,16716,23985,1,14651,20560,14651,13417,14233,13417,13449,13326,16785,2717,16035,12108,8529,9067,6891,17532,19623,10628,17644,2248,138,20194,1,8:43,2023,2024
2023-24,1630529,Herbert Jones,Herbert,1610612740,NOP,New Orleans Pelicans,22301170,2024-04-11T00:00:00,NOP @ SAC,W,29.316666666666663,2.5,8.6,0.286,1.2,4.9,0.25,0.0,0.0,0.0,1.2,4.9,6.1,7.4,3.7,0.0,0.0,0.0,4.9,0.0,6.1,16.0,20.9,0,0,20.9,1,1,13151,1,8500,20530,19084,19775,12735,12516,11776,13417,14233,13417,10997,11021,11707,3604,4227,12108,8529,9067,4873,17532,21291,5252,20512,2248,138,20067,1,29:19,2023,2024
2023-24,1629627,Zion Williamson,Zion,1610612740,NOP,New Orleans Pelicans,22301170,2024-04-11T00:00:00,NOP @ SAC,W,30.905,15.1,24.5,0.619,0.0,1.2,0.0,5.8,5.8,1.0,1.2,3.5,4.7,7.0,4.7,3.5,1.2,0.0,0.0,5.8,36.1,18.6,61.5,0,0,57.1,1,1,13151,1,7193,485,921,5477,14651,20215,14651,3116,4724,1,11354,15272,15443,4098,2457,1852,6437,9067,20240,2945,802,4345,1013,2248,138,1144,1,30:54,2023,2024
2023-24,1630530,Trey Murphy III,Trey,1610612740,NOP,New Orleans Pelicans,22301170,2024-04-11T00:00:00,NOP @ SAC,W,44.89666666666667,5.6,11.2,0.5,4.8,9.6,0.5,5.6,6.4,0.875,0.0,4.0,4.0,3.2,0.8,0.0,0.0,0.0,0.8,3.2,21.6,12.0,30.5,0,0,33.7,1,1,13151,1,75,12665,14649,8954,2279,3348,4049,3337,4010,6953,13449,13691,17105,12154,16021,12108,8529,9067,20230,8540,6548,6768,14210,2248,138,10810,1,44:54,2023,2024
2023-24,1630529,Herbert Jones,Herbert,1610612740,NOP,New Orleans Pelicans,22301157,2024-04-09T00:00:00,NOP @ POR,W,37.78333333333333,1.0,4.8,0.2,1.0,3.8,0.25,3.8,3.8,1.0,1.9,1.9,3.8,1.9,1.0,1.9,0.0,0.0,1.9,2.9,6.7,27.6,18.9,0,0,17.2,1,1,13151,1,1717,22545,23563,21471,14338,15167,11776,6135,8215,1,8372,20060,17607,16500,15657,5992,8529,9067,15771,9737,20893,2288,21504,2248,138,22030,1,37:47,2023,2024
2023-24,1630530,Trey Murphy III,Trey,1610612740,NOP,New Orleans Pelicans,22301157,2024-04-09T00:00:00,NOP @ POR,W,37.86666666666667,8.6,16.2,0.529,4.8,11.4,0.417,7.6,7.6,1.0,1.0,6.7,7.6,2.9,0.0,1.9,0.0,0.0,1.0,4.8,29.5,20.9,48.6,0,0,48.5,1,1,13151,1,1668,5741,6908,8679,2363,1844,7825,1688,2881,1,12961,6851,8701,13291,16035,6013,8529,9067,19907,4722,2249,3692,3673,2248,138,2845,1,37:52,2023,2024
2023-24,202685,Jonas Valančiūnas,Jonas,1610612740,NOP,New Orleans Pelicans,22301157,2024-04-09T00:00:00,NOP @ POR,W,20.813333333333333,8.6,20.8,0.417,0.0,3.5,0.0,1.7,3.5,0.5,3.5,10.4,13.8,8.6,0.0,3.5,0.0,0.0,0.0,1.7,19.0,31.1,59.0,0,0,48.4,1,1,13151,1,15230,5557,2490,14849,14651,15944,14651,11256,8887,10591,4206,2253,2272,2387,16035,1898,8529,9067,20240,14126,8799,1815,1291,2248,138,2862,1,20:49,2023,2024
2023-24,1630700,Dyson Daniels,Dyson,1610612740,NOP,New Orleans Pelicans,22301157,2024-04-09T00:00:00,NOP @ POR,W,28.08333333333333,2.6,5.1,0.5,0.0,1.3,0.0,0.0,0.0,0.0,0.0,7.7,7.7,6.4,3.8,1.3,1.3,0.0,1.3,0.0,5.1,-7.7,27.8,0,0,24.4,1,1,13151,1,9528,20306,23279,8954,14651,20056,14651,13417,14233,13417,13449,5155,8557,4943,3857,8736,5844,9067,18158,17532,21897,16928,16086,2248,138,17826,1,28:05,2023,2024
2023-24,1626204,Larry Nance Jr.,Larry,1610612740,NOP,New Orleans Pelicans,22301157,2024-04-09T00:00:00,NOP @ POR,W,19.566666666666663,0.0,3.7,0.0,0.0,1.8,0.0,3.7,3.7,1.0,7.4,0.0,7.4,3.7,1.8,3.7,0.0,0.0,0.0,1.8,3.7,-5.5,27.2,0,0,22.1,1,1,13151,1,16138,22557,24225,22557,14651,19302,14651,6386,8480,1,903,22149,9174,10827,11055,1651,8529,9067,20240,13728,22638,15879,16516,2248,138,19349,1,19:34,2023,2024
2023-24,1629627,Zion Williamson,Zion,1610612740,NOP,New Orleans Pelicans,22301157,2024-04-09T00:00:00,NOP @ POR,W,33.22,7.6,19.5,0.389,0.0,0.0,0.0,8.7,9.8,0.889,2.2,5.4,7.6,3.3,2.2,1.1,1.1,3.3,1.1,7.6,23.8,11.9,42.2,0,0,39.0,1,1,13151,1,5244,7704,3367,16305,14651,20560,14651,1165,1521,6866,7297,9648,8753,12031,9325,10253,6977,1255,19156,1329,4964,6819,6502,2248,138,7139,1,33:13,2023,2024
2023-24,1630346,Matt Ryan,Matt,1610612740,NOP,New Orleans Pelicans,22301157,2024-04-09T00:00:00,NOP @ POR,W,2.333333333333333,0.0,0.0,0.0,0.0,0.0,0.0,0.0,0.0,0.0,0.0,15.4,15.4,15.4,0.0,0.0,0.0,0.0,15.4,0.0,0.0,-154.3,41.7,0,0,30.9,1,1,13151,1,25345,22557,24896,22557,14651,20560,14651,13417,14233,13417,13449,502,1512,257,16035,12108,8529,9067,232,17532,23140,26308,6736,2248,138,12938,1,2:20,2023,2024
2023-24,1630526,Jeremiah Robinson-Earl,Jeremiah,1610612740,NOP,New Orleans Pelicans,22301157,2024-04-09T00:00:00,NOP @ POR,W,2.333333333333333,15.4,15.4,1.0,0.0,0.0,0.0,0.0,0.0,0.0,0.0,0.0,0.0,0.0,0.0,0.0,0.0,0.0,0.0,0.0,30.9,-154.3,30.9,0,0,30.9,1,1,13151,1,25345,447,7897,1,14651,20560,14651,13417,14233,13417,13449,22149,23241,19657,16035,12108,8529,9067,20240,17532,1854,26308,13946,2248,138,12938,1,2:20,2023,2024
2023-24,1641722,Jordan Hawkins,Jordan,1610612740,NOP,New Orleans Pelicans,22301157,2024-04-09T00:00:00,NOP @ POR,W,2.333333333333333,0.0,30.9,0.0,0.0,15.4,0.0,0.0,0.0,0.0,0.0,0.0,0.0,0.0,15.4,0.0,0.0,0.0,0.0,0.0,0.0,-154.3,-15.4,0,0,0.0,1,1,13151,1,25345,22557,228,22557,14651,531,14651,13417,14233,13417,13449,22149,23241,19657,111,12108,8529,9067,20240,17532,23140,26308,26361,2248,138,25279,1,2:20,2023,2024
2023-24,1630631,Jose Alvarado,Jose,1610612740,NOP,New Orleans Pelicans,22301157,2024-04-09T00:00:00,NOP @ POR,W,19.683333333333334,1.8,11.0,0.167,0.0,9.1,0.0,0.0,0.0,0.0,0.0,0.0,0.0,1.8,0.0,1.8,0.0,0.0,3.7,0.0,3.7,1.8,11.9,0,0,9.1,1,1,13151,1,16044,21662,15094,21962,14651,3943,14651,13417,14233,13417,13449,22149,23241,16780,16035,6335,8529,9067,8418,17532,22651,11864,23912,2248,138,24456,1,19:41,2023,2024
2023-24,203468,CJ McCollum,CJ,1610612740,NOP,New Orleans Pelicans,22301157,2024-04-09T00:00:00,NOP @ POR,W,33.8,10.7,20.2,0.526,5.3,10.7,0.5,4.3,4.3,1.0,1.1,4.3,5.3,3.2,1.1,2.1,0.0,0.0,0.0,2.1,30.9,19.2,47.4,0,0,49.0,1,1,13151,1,4773,2718,2833,8767,1705,2394,4049,5252,7273,1,12054,12912,13662,12199,14881,4968,8529,9067,20240,12394,1838,4176,4121,2248,138,2725,1,33:48,2023,2024
2023-24,203469,Cody Zeller,Cody,1610612740,NOP,New Orleans Pelicans,22301157,2024-04-09T00:00:00,NOP @ POR,W,2.183333333333333,0.0,16.5,0.0,0.0,0.0,0.0,0.0,0.0,0.0,16.5,16.5,33.0,0.0,0.0,0.0,0.0,0.0,16.5,0.0,0.0,-164.9,39.6,0,0,33.0,1,1,13151,1,25423,22557,6470,22557,14651,20560,14651,13417,14233,13417,98,395,73,19657,16035,12108,8529,9067,190,17532,23140,26328,7934,2248,138,11321,1,2:11,2023,2024
2023-24,203468,CJ McCollum,CJ,1610612740,NOP,New Orleans Pelicans,22301138,2024-04-07T00:00:00,NOP @ PHX,W,41.553333333333335,10.4,19.1,0.545,6.1,10.4,0.583,0.0,0.0,0.0,0.0,3.5,3.5,4.3,2.6,0.0,0.0,0.9,1.7,0.9,26.9,16.5,34.9,0,0,40.7,1,1,13151,1,337,3000,3702,8074,1098,2601,3661,13417,14233,13417,13449,15352,18450,9118,7579,12108,8529,8952,16549,17490,3299,5076,11008,2248,138,6188,1,41:33,2023,2024
2023-24,1630631,Jose Alvarado,Jose,1610612740,NOP,New Orleans Pelicans,22301138,2024-04-07T00:00:00,NOP @ PHX,W,22.25,8.1,16.2,0.5,8.1,12.9,0.625,0.0,0.0,0.0,3.2,1.6,4.9,0.0,0.0,1.6,0.0,1.6,1.6,0.0,24.3,-8.1,34.9,0,0,40.4,1,1,13151,1,14121,6620,6874,8954,381,1095,3078,13417,14233,13417,4608,20720,14894,19657,16035,7183,8529,4733,16935,17532,4690,17104,10981,2248,138,6324,1,22:15,2023,2024
2023-24,1630526,Jeremiah Robinson-Earl,Jeremiah,1610612740,NOP,New Orleans Pelicans,22301138,2024-04-07T00:00:00,NOP @ PHX,W,0.1133333333333333,0.0,0.0,0.0,0.0,0.0,0.0,0.0,0.0,0.0,0.0,0.0,0.0,0.0,0.0,0.0,0.0,0.0,0.0,0.0,0.0,0.0,0.0,0,0,0.0,1,1,13151,1,26365,22557,24896,22557,14651,20560,14651,13417,14233,13417,13449,22149,23241,19657,16035,12108,8529,9067,20240,17532,23140,12394,25245,2248,138,25279,1,0:07,2023,2024
2023-24,1630530,Trey Murphy III,Trey,1610612740,NOP,New Orleans Pelicans,22301138,2024-04-07T00:00:00,NOP @ PHX,W,38.735,3.7,12.1,0.308,2.8,9.3,0.3,1.9,1.9,1.0,0.9,2.8,3.7,1.9,0.0,0.9,0.0,0.0,1.9,1.9,12.1,0.0,22.1,0,0,22.3,1,1,13151,1,1181,17745,13173,19425,6709,3745,11273,10970,12908,1,13116,17459,17853,16669,16035,11697,8529,9067,16012,13654,16033,12394,19827,2248,138,19200,1,38:44,2023,2024
2023-24,1626204,Larry Nance Jr.,Larry,1610612740,NOP,New Orleans Pelicans,22301138,2024-04-07T00:00:00,NOP @ PHX,W,31.75,3.4,6.8,0.5,0.0,2.3,0.0,3.4,3.4,1.0,0.0,9.1,9.1,7.9,1.1,3.4,1.1,0.0,4.5,3.4,10.2,19.3,45.5,0,0,36.3,1,1,13151,1,6485,18441,21510,8954,14651,18404,14651,6910,9010,1,13449,3346,6421,2962,14402,1985,6621,9067,5763,7970,17848,4147,4908,2248,138,8906,1,31:45,2023,2024
2023-24,1630529,Herbert Jones,Herbert,1610612740,NOP,New Orleans Pelicans,22301138,2024-04-07T00:00:00,NOP @ PHX,W,33.88333333333333,0.0,2.1,0.0,0.0,2.1,0.0,4.2,4.2,1.0,0.0,5.3,5.3,3.2,3.2,1.1,0.0,0.0,4.2,4.2,4.2,13.8,15.4,0,0,14.9,1,1,13151,1,4706,22557,24781,22557,14651,18699,14651,5274,7293,1,13449,9925,13695,12224,5492,10450,8529,9067,6541,5788,22376,6043,22908,2248,138,22944,1,33:53,2023,2024
2023-24,202685,Jonas Valančiūnas,Jonas,1610612740,NOP,New Orleans Pelicans,22301138,2024-04-07T00:00:00,NOP @ PHX,W,3.9166666666666665,9.2,27.6,0.333,0.0,18.4,0.0,0.0,0.0,0.0,9.2,9.2,18.4,0.0,9.2,0.0,0.0,0.0,0.0,0.0,18.4,-46.0,31.3,0,0,36.8,1,1,13151,1,24531,4610,432,17629,14651,260,14651,13417,14233,13417,481,3213,753,19657,358,12108,8529,9067,20240,17532,9415,25181,13670,2248,138,8603,1,3:55,2023,2024
2023-24,1629627,Zion Williamson,Zion,1610612740,NOP,New Orleans Pelicans,22301138,2024-04-07T00:00:00,NOP @ PHX,W,39.78333333333333,10.0,19.0,0.524,0.0,0.0,0.0,6.3,7.2,0.875,2.7,6.3,9.0,6.3,3.6,0.9,4.5,4.5,1.8,5.4,26.2,6.3,59.3,1,0,52.5,1,1,13151,1,737,3548,3750,8835,14651,20560,14651,2626,3201,6953,5798,7524,6447,5055,4397,11864,785,533,16259,3494,3577,9534,1249,1,138,1857,1,39:47,2023,2024
2023-24,1630700,Dyson Daniels,Dyson,1610612740,NOP,New Orleans Pelicans,22301138,2024-04-07T00:00:00,NOP @ PHX,W,28.015,5.1,10.3,0.5,1.3,3.9,0.333,1.3,2.6,0.5,1.3,6.4,7.7,2.6,0.0,1.3,1.3,1.3,2.6,1.3,12.9,-7.7,33.7,0,0,29.6,1,1,13151,1,9590,14046,16289,8954,12448,15053,9124,12173,10973,10591,10688,7328,8522,14166,16035,8715,5832,5975,12634,15822,15197,16936,11858,2248,138,13982,1,28:01,2023,2024
2023-24,1630346,Matt Ryan,Matt,1610612740,NOP,New Orleans Pelicans,22301123,2024-04-05T00:00:00,NOP vs. SAS,L,10.516666666666667,0.0,3.4,0.0,0.0,3.4,0.0,0.0,0.0,0.0,0.0,0.0,0.0,0.0,3.4,0.0,0.0,0.0,0.0,0.0,0.0,-13.7,-3.4,0,0,0.0,1,13252,1,13252,21781,22557,24337,22557,14651,16020,14651,13417,14233,13417,13449,22149,23241,19657,4830,12108,8529,9067,20240,17532,23140,19518,26281,2248,138,25279,1,10:31,2023,2024
2023-24,1630230,Naji Marshall,Naji,1610612740,NOP,New Orleans Pelicans,22301123,2024-04-05T00:00:00,NOP vs. SAS,L,14.316666666666666,0.0,5.0,0.0,0.0,2.5,0.0,5.0,5.0,1.0,0.0,7.5,7.5,5.0,2.5,2.5,0.0,0.0,0.0,2.5,5.0,-7.5,26.7,0,0,22.6,1,13252,1,13252,19768,22557,23355,22557,14651,17938,14651,4105,5941,1,13449,5366,8823,7467,7894,3760,8529,9067,20240,10889,21957,16858,16929,2248,138,18967,1,14:19,2023,2024
2023-24,202685,Jonas Valančiūnas,Jonas,1610612740,NOP,New Orleans Pelicans,22301123,2024-04-05T00:00:00,NOP vs. SAS,L,27.718333333333334,13.0,15.6,0.833,0.0,1.3,0.0,7.8,7.8,1.0,1.3,7.8,9.1,9.1,5.2,1.3,0.0,0.0,6.5,6.5,33.8,-1.3,57.0,0,0,54.5,1,13252,1,13252,9865,1052,7688,1607,14651,20030,14651,1598,2740,1,10601,4981,6398,2037,1834,8632,8529,9067,2480,2192,1135,13844,1577,2248,138,1479,1,27:43,2023,2024
2023-24,1641722,Jordan Hawkins,Jordan,1610612740,NOP,New Orleans Pelicans,22301123,2024-04-05T00:00:00,NOP vs. SAS,L,18.04,4.0,8.0,0.5,4.0,8.0,0.5,0.0,0.0,0.0,2.0,4.0,6.0,0.0,2.0,2.0,2.0,0.0,2.0,0.0,12.0,8.0,29.1,0,0,29.9,1,13252,1,13252,17269,17072,19965,8954,3604,5623,4049,13417,14233,13417,7984,13740,12062,19657,10208,5580,3601,9067,15276,17532,16175,8691,15128,2248,138,13671,1,18:02,2023,2024
2023-24,1626204,Larry Nance Jr.,Larry,1610612740,NOP,New Orleans Pelicans,22301123,2024-04-05T00:00:00,NOP vs. SAS,L,20.11,5.4,12.5,0.429,0.0,0.0,0.0,0.0,0.0,0.0,1.8,3.6,5.4,10.7,5.4,1.8,0.0,1.8,7.2,1.8,10.7,-3.6,33.3,0,0,30.4,1,13252,1,13252,15733,13369,12414,14111,14651,20560,14651,13417,14233,13417,8789,15031,13554,1189,1681,6528,8529,4224,1927,13910,17371,14885,12126,2248,138,13267,1,20:07,2023,2024
2023-24,1630530,Trey Murphy III,Trey,1610612740,NOP,New Orleans Pelicans,22301123,2024-04-05T00:00:00,NOP vs. SAS,L,34.61666666666667,7.3,13.5,0.538,1.0,6.2,0.167,1.0,1.0,1.0,4.2,4.2,8.3,4.2,1.0,2.1,0.0,0.0,4.2,1.0,16.6,3.1,38.1,0,0,34.3,1,13252,1,13252,4122,8406,10730,8366,13825,9202,13950,12981,14013,1,3120,13230,7511,9524,15046,5189,8529,9067,6802,16980,11226,11147,8878,2248,138,10370,1,34:37,2023,2024
2023-24,203468,CJ McCollum,CJ,1610612740,NOP,New Orleans Pelicans,22301123,2024-04-05T00:00:00,NOP vs. SAS,L,39.47166666666666,11.9,26.4,0.448,3.6,10.9,0.333,0.9,0.9,1.0,1.8,3.6,5.5,3.6,2.7,0.0,0.9,1.8,0.0,1.8,28.3,-5.5,40.3,0,0,42.9,1,13252,1,13252,854,1693,530,13454,4341,2159,9124,13340,14198,1,8697,14810,13314,10924,7086,12108,8274,4115,20240,13782,2716,15850,7509,2248,138,5041,1,39:28,2023,2024
2023-24,1630700,Dyson Daniels,Dyson,1610612740,NOP,New Orleans Pelicans,22301123,2024-04-05T00:00:00,NOP vs. SAS,L,37.17166666666667,2.9,7.7,0.375,1.0,1.9,0.5,0.0,0.0,0.0,1.9,4.8,6.8,1.9,1.0,1.9,0.0,1.9,1.9,1.0,6.8,1.9,22.7,0,0,20.3,1,13252,1,13252,2118,19638,20267,16597,14245,19092,4049,13417,14233,13417,8245,11211,10283,16374,15557,5843,8529,3711,15600,17282,20809,11801,19465,2248,138,20383,1,37:10,2023,2024
2023-24,1630529,Herbert Jones,Herbert,1610612740,NOP,New Orleans Pelicans,22301123,2024-04-05T00:00:00,NOP vs. SAS,L,38.03833333333333,5.7,9.5,0.6,0.9,1.9,0.5,1.9,1.9,1.0,0.0,3.8,3.8,2.8,1.9,2.8,0.0,2.8,0.9,1.9,14.2,-2.8,29.6,0,0,27.4,1,13252,1,13252,1576,12484,17704,5678,14374,19189,4049,10874,12830,1,13449,14382,17676,13343,10752,2971,8529,1768,19935,13502,13734,14539,14810,2248,138,15624,1,38:02,2023,2024
2023-24,1630230,Naji Marshall,Naji,1610612740,NOP,New Orleans Pelicans,22301109,2024-04-03T00:00:00,NOP vs. ORL,L,25.973333333333333,4.2,6.9,0.6,1.4,1.4,1.0,1.4,1.4,1.0,1.4,2.8,4.2,4.2,1.4,1.4,0.0,0.0,4.2,1.4,11.1,-6.9,25.1,0,0,23.6,1,13252,1,13252,11270,16636,21355,5678,11990,19903,1,11892,13463,1,10200,17505,16707,9531,12921,8160,8529,9067,6810,15382,17029,16571,17995,2248,138,18368,1,25:58,2023,2024
2023-24,1641722,Jordan Hawkins,Jordan,1610612740,NOP,New Orleans Pelicans,22301109,2024-04-03T00:00:00,NOP vs. ORL,L,0.1233333333333333,0.0,0.0,0.0,0.0,0.0,0.0,0.0,0.0,0.0,0.0,0.0,0.0,0.0,0.0,0.0,0.0,0.0,0.0,0.0,0.0,583.8,0.0,0,0,0.0,1,13252,1,13252,26361,22557,24896,22557,14651,20560,14651,13417,14233,13417,13449,22149,23241,19657,16035,12108,8529,9067,20240,17532,23140,5,25245,2248,138,25279,1,0:07,2023,2024
2023-24,1630346,Matt Ryan,Matt,1610612740,NOP,New Orleans Pelicans,22301109,2024-04-03T00:00:00,NOP vs. ORL,L,0.1233333333333333,0.0,0.0,0.0,0.0,0.0,0.0,0.0,0.0,0.0,0.0,0.0,0.0,0.0,0.0,0.0,0.0,0.0,0.0,0.0,0.0,583.8,0.0,0,0,0.0,1,13252,1,13252,26361,22557,24896,22557,14651,20560,14651,13417,14233,13417,13449,22149,23241,19657,16035,12108,8529,9067,20240,17532,23140,5,25245,2248,138,25279,1,0:07,2023,2024
2023-24,1626204,Larry Nance Jr.,Larry,1610612740,NOP,New Orleans Pelicans,22301109,2024-04-03T00:00:00,NOP vs. ORL,L,13.263333333333334,2.7,5.4,0.5,0.0,2.7,0.0,0.0,0.0,0.0,2.7,0.0,2.7,2.7,5.4,0.0,0.0,0.0,5.4,2.7,5.4,-40.7,7.3,0,0,10.9,1,13252,1,13252,20410,20022,22993,8954,14651,17538,14651,13417,14233,13417,5799,22149,20289,13701,1636,12108,8529,9067,3886,10206,21713,24887,24732,2248,138,24112,1,13:16,2023,2024
2023-24,1629627,Zion Williamson,Zion,1610612740,NOP,New Orleans Pelicans,22301109,2024-04-03T00:00:00,NOP vs. ORL,L,29.321666666666665,8.6,19.6,0.438,0.0,0.0,0.0,1.2,4.9,0.25,0.0,2.5,2.5,6.1,2.5,2.5,1.2,0.0,4.9,3.7,18.4,-1.2,39.2,0,0,34.4,1,13252,1,13252,8492,5660,3273,13948,14651,20560,14651,12352,6128,13269,13449,18405,20801,5370,8110,3924,6095,9067,4880,7229,9389,13815,8163,2248,138,10319,1,29:19,2023,2024
2023-24,203468,CJ McCollum,CJ,1610612740,NOP,New Orleans Pelicans,22301109,2024-04-03T00:00:00,NOP vs. ORL,L,41.083333333333336,8.8,21.0,0.417,4.4,10.5,0.417,9.6,9.6,1.0,1.8,7.0,8.8,3.5,3.5,1.8,0.0,0.0,2.6,6.1,31.5,1.8,49.1,1,0,51.7,1,13252,1,13252,409,5358,2310,14849,2919,2495,7825,835,1578,1,8923,6184,6847,11296,4644,6668,8529,9067,12408,2555,1640,11909,3498,1,138,2031,1,41:05,2023,2024
2023-24,202685,Jonas Valančiūnas,Jonas,1610612740,NOP,New Orleans Pelicans,22301109,2024-04-03T00:00:00,NOP vs. ORL,L,18.53333333333333,7.8,11.7,0.667,0.0,0.0,0.0,5.8,5.8,1.0,1.9,9.7,11.7,1.9,1.9,0.0,0.0,0.0,3.9,5.8,21.4,-9.7,36.3,0,0,35.0,1,13252,1,13252,16932,7284,13924,3541,14651,20560,14651,3111,4717,1,8218,2756,3672,16352,10473,12108,8529,9067,7634,2936,6768,17888,10009,2248,138,9887,1,18:32,2023,2024
2023-24,1630530,Trey Murphy III,Trey,1610612740,NOP,New Orleans Pelicans,22301109,2024-04-03T00:00:00,NOP vs. ORL,L,37.17666666666667,2.9,6.8,0.429,1.9,5.8,0.333,5.8,6.8,0.857,1.0,5.8,6.8,1.9,0.0,1.0,0.0,0.0,1.9,2.9,13.6,-3.9,27.5,0,0,26.1,1,13252,1,13252,2115,19640,21543,14111,9889,10252,9124,3126,3635,7116,12835,8689,10287,16375,16035,11389,8529,9067,15603,9584,14415,15044,16313,2248,138,16555,1,37:11,2023,2024
2023-24,1630529,Herbert Jones,Herbert,1610612740,NOP,New Orleans Pelicans,22301109,2024-04-03T00:00:00,NOP vs. ORL,L,40.72166666666666,1.8,4.4,0.4,0.0,0.9,0.0,1.8,1.8,1.0,0.0,0.0,0.0,0.9,0.9,0.9,0.0,1.8,3.5,0.9,5.3,-3.5,8.4,0,0,8.0,1,13252,1,13252,483,21742,23817,15260,14651,20544,14651,11183,13060,1,13449,22149,23241,19631,15924,11954,8529,4294,8812,17479,21787,14866,24582,2248,138,24656,1,40:43,2023,2024
2023-24,1630526,Jeremiah Robinson-Earl,Jeremiah,1610612740,NOP,New Orleans Pelicans,22301109,2024-04-03T00:00:00,NOP vs. ORL,L,12.32,0.0,8.8,0.0,0.0,8.8,0.0,0.0,0.0,0.0,2.9,8.8,11.7,2.9,5.8,0.0,0.0,0.0,2.9,2.9,0.0,2.9,12.6,0,0,14.6,1,13252,1,13252,20892,22557,18805,22557,14651,4459,14651,13417,14233,13417,5278,3679,3640,13075,1343,12108,8529,9067,11150,9521,23140,11246,23762,2248,138,23031,1,12:19,2023,2024
2023-24,1630700,Dyson Daniels,Dyson,1610612740,NOP,New Orleans Pelicans,22301109,2024-04-03T00:00:00,NOP vs. ORL,L,21.36,10.1,13.5,0.75,6.7,8.4,0.8,0.0,0.0,0.0,0.0,3.4,3.4,5.1,1.7,3.4,0.0,0.0,8.4,0.0,27.0,-30.3,47.0,0,0,48.9,1,13252,1,13252,14804,3336,10780,2237,758,4948,1554,13417,14233,13417,13449,15607,18648,7411,11674,2019,8529,9067,1262,17532,3251,23749,4263,2248,138,2751,1,21:22,2023,2024
2023-24,203468,CJ McCollum,CJ,1610612740,NOP,New Orleans Pelicans,22301092,2024-04-01T00:00:00,NOP vs. PHX,L,39.6,5.5,15.5,0.353,1.8,5.5,0.333,0.9,0.9,1.0,1.8,2.7,4.5,8.2,2.7,0.0,0.9,0.9,0.9,0.0,13.6,-2.7,31.4,0,0,30.0,1,13252,1,13252,797,13117,7866,17514,10455,11141,9124,13343,14201,1,8709,17661,15721,2768,7115,12108,8285,8785,20083,17532,14338,14467,13593,2248,138,13610,1,39:36,2023,2024
2023-24,1630700,Dyson Daniels,Dyson,1610612740,NOP,New Orleans Pelicans,22301092,2024-04-01T00:00:00,NOP vs. PHX,L,25.28333333333333,5.7,11.4,0.5,1.4,4.3,0.333,0.0,0.0,0.0,2.8,7.1,10.0,7.1,0.0,2.8,0.0,0.0,4.3,1.4,12.8,14.2,44.0,0,0,37.0,1,13252,1,13252,11818,12424,14390,8954,11838,14086,9124,13417,14233,13417,5468,6001,5338,3924,16035,2949,8529,9067,6472,15239,15236,5885,5568,2248,138,8456,1,25:17,2023,2024
2023-24,1626204,Larry Nance Jr.,Larry,1610612740,NOP,New Orleans Pelicans,22301092,2024-04-01T00:00:00,NOP vs. PHX,L,19.33333333333333,5.6,13.0,0.429,3.7,3.7,1.0,1.9,1.9,1.0,9.3,3.7,13.0,1.9,0.0,0.0,0.0,0.0,3.7,1.9,16.8,-5.6,35.2,0,0,35.4,1,13252,1,13252,16310,12739,11527,14111,4180,15392,1,10958,12897,1,456,14573,2698,16659,16035,12108,8529,9067,8179,13631,11105,15914,10810,2248,138,9573,1,19:20,2023,2024
2023-24,202685,Jonas Valančiūnas,Jonas,1610612740,NOP,New Orleans Pelicans,22301092,2024-04-01T00:00:00,NOP vs. PHX,L,23.816666666666663,7.6,15.1,0.5,0.0,3.0,0.0,1.5,6.0,0.25,1.5,9.1,10.6,1.5,0.0,0.0,0.0,0.0,1.5,7.6,16.6,-18.1,31.6,0,0,28.7,1,13252,1,13252,12985,7769,8339,8954,14651,16872,14651,11634,4459,13269,9695,3350,4680,17744,16035,12108,8529,9067,17286,1349,11241,20998,13405,2248,138,14618,1,23:49,2023,2024
2023-24,1630529,Herbert Jones,Herbert,1610612740,NOP,New Orleans Pelicans,22301092,2024-04-01T00:00:00,NOP vs. PHX,L,32.63333333333333,4.4,7.7,0.571,1.1,2.2,0.5,0.0,0.0,0.0,0.0,1.1,1.1,3.3,0.0,4.4,0.0,0.0,3.3,1.1,9.9,-14.3,29.5,0,0,24.3,1,13252,1,13252,5762,15975,20300,6891,13418,18524,4049,13417,14233,13417,13449,21769,23024,11879,16035,1033,8529,9067,9586,16671,18116,19744,14915,2248,138,17880,1,32:38,2023,2024
2023-24,1629627,Zion Williamson,Zion,1610612740,NOP,New Orleans Pelicans,22301092,2024-04-01T00:00:00,NOP vs. PHX,L,36.75,9.8,19.6,0.5,0.0,0.0,0.0,9.8,12.7,0.769,1.0,1.0,2.0,4.9,2.9,1.0,0.0,4.9,3.9,7.8,29.4,-19.6,39.1,0,0,38.2,1,13252,1,13252,2408,3734,3312,8954,14651,20560,14651,790,677,8197,12737,22035,21833,7774,6350,11290,8529,432,7533,1189,2279,21405,8210,2248,138,7680,1,36:45,2023,2024
2023-24,1630530,Trey Murphy III,Trey,1610612740,NOP,New Orleans Pelicans,22301092,2024-04-01T00:00:00,NOP vs. PHX,L,32.3,7.8,15.6,0.5,4.5,11.1,0.4,3.3,4.5,0.75,1.1,5.6,6.7,4.5,3.3,2.2,0.0,0.0,0.0,4.5,23.4,-20.1,41.5,0,0,43.5,1,13252,1,13252,6019,7218,7657,8954,2805,2023,7875,7021,6903,8216,11682,9254,10497,8811,5042,4608,8529,9067,20240,5312,5249,21569,6840,2248,138,4786,1,32:18,2023,2024
2023-24,1641722,Jordan Hawkins,Jordan,1610612740,NOP,New Orleans Pelicans,22301092,2024-04-01T00:00:00,NOP vs. PHX,L,14.916666666666666,2.4,7.2,0.333,2.4,4.8,0.5,0.0,0.0,0.0,0.0,2.4,2.4,0.0,0.0,0.0,0.0,0.0,0.0,0.0,7.2,-14.5,10.1,0,0,12.1,1,13252,1,13252,19391,20610,20970,17629,7863,12694,4049,13417,14233,13417,13449,18523,20881,19657,16035,12108,8529,9067,20240,17532,20490,19804,24272,2248,138,23849,1,14:55,2023,2024
2023-24,1630230,Naji Marshall,Naji,1610612740,NOP,New Orleans Pelicans,22301092,2024-04-01T00:00:00,NOP vs. PHX,L,15.366666666666667,4.7,7.0,0.667,0.0,0.0,0.0,0.0,2.3,0.0,0.0,2.3,2.3,2.3,0.0,2.3,0.0,0.0,7.0,2.3,9.4,0.0,22.7,0,0,18.7,1,13252,1,13252,19092,15245,21239,3541,14651,20560,14651,13417,11548,13417,13449,18726,21024,14916,16035,4238,8529,9067,2014,11501,18626,12394,19429,2248,138,21245,1,15:22,2023,2024
2023-24,202685,Jonas Valančiūnas,Jonas,1610612740,NOP,New Orleans Pelicans,22301074,2024-03-30T00:00:00,NOP vs. BOS,L,15.283333333333331,2.4,11.8,0.2,0.0,2.4,0.0,0.0,0.0,0.0,0.0,11.8,11.8,4.7,2.4,0.0,0.0,0.0,2.4,0.0,4.7,-9.4,23.6,0,0,21.2,1,13252,1,13252,19145,20728,13725,21471,14651,18225,14651,13417,14233,13417,13449,1456,3573,8220,8481,12108,8529,9067,13453,17532,22131,17769,18945,2248,138,19878,1,15:17,2023,2024
2023-24,1630529,Herbert Jones,Herbert,1610612740,NOP,New Orleans Pelicans,22301074,2024-03-30T00:00:00,NOP vs. BOS,L,40.083333333333336,5.4,13.5,0.4,3.6,8.1,0.444,1.8,1.8,1.0,1.8,2.7,4.5,2.7,0.0,1.8,0.0,0.9,0.9,2.7,16.2,-4.5,31.0,0,0,30.5,1,13252,1,13252,646,13302,10796,15260,4487,5470,7253,11118,13016,1,8771,17755,15864,13766,16035,6501,8529,8839,20120,10263,11715,15356,13856,2248,138,13187,1,40:05,2023,2024
2023-24,1630346,Matt Ryan,Matt,1610612740,NOP,New Orleans Pelicans,22301074,2024-03-30T00:00:00,NOP vs. BOS,L,6.95,0.0,5.2,0.0,0.0,5.2,0.0,0.0,0.0,0.0,0.0,0.0,0.0,0.0,0.0,0.0,0.0,0.0,0.0,0.0,0.0,0.0,0.0,0,0,0.0,1,13252,1,13252,23111,22557,23224,22557,14651,11814,14651,13417,14233,13417,13449,22149,23241,19657,16035,12108,8529,9067,20240,17532,23140,12394,25245,2248,138,25279,1,6:57,2023,2024
2023-24,1630230,Naji Marshall,Naji,1610612740,NOP,New Orleans Pelicans,22301074,2024-03-30T00:00:00,NOP vs. BOS,L,23.166666666666668,3.1,6.2,0.5,1.6,1.6,1.0,0.0,0.0,0.0,0.0,7.8,7.8,1.6,1.6,0.0,1.6,0.0,1.6,0.0,7.8,-10.9,22.5,0,0,21.8,1,13252,1,13252,13465,19139,22194,8954,11321,19700,1,13417,14233,13417,13449,5016,8400,17596,12160,12108,4814,9067,17143,17532,20032,18425,19549,2248,138,19551,1,23:10,2023,2024
2023-24,1626204,Larry Nance Jr.,Larry,1610612740,NOP,New Orleans Pelicans,22301074,2024-03-30T00:00:00,NOP vs. BOS,L,20.716666666666665,3.5,8.7,0.4,1.7,5.2,0.333,0.0,0.0,0.0,0.0,5.2,5.2,3.5,0.0,0.0,0.0,1.7,3.5,0.0,8.7,-19.1,20.2,0,0,19.1,1,13252,1,13252,15302,18277,18933,15260,10748,11736,9124,13417,14233,13417,13449,10162,13943,11381,16035,12108,8529,4374,9009,17532,19261,21288,20900,2248,138,21039,1,20:43,2023,2024
2023-24,1629627,Zion Williamson,Zion,1610612740,NOP,New Orleans Pelicans,22301074,2024-03-30T00:00:00,NOP vs. BOS,L,40.35,8.0,15.2,0.529,0.0,0.0,0.0,6.2,12.5,0.5,3.6,4.5,8.0,3.6,3.6,0.9,0.0,0.9,0.0,8.0,22.3,-7.1,36.4,0,0,35.7,1,13252,1,13252,574,6754,8266,8679,14651,20560,14651,2700,720,10591,4015,12341,7956,11132,4510,11917,8529,8866,20240,1086,6045,16659,9946,2248,138,9355,1,40:21,2023,2024
2023-24,203468,CJ McCollum,CJ,1610612740,NOP,New Orleans Pelicans,22301074,2024-03-30T00:00:00,NOP vs. BOS,L,36.56666666666667,9.8,22.6,0.435,3.9,10.8,0.364,0.0,0.0,0.0,0.0,2.0,2.0,4.9,1.0,2.0,1.0,1.0,3.9,1.0,23.6,-5.9,41.3,0,0,40.4,1,13252,1,13252,2547,3672,1514,14078,3712,2256,9044,13417,14233,13417,13449,19860,21810,7717,15447,5705,7753,8190,7461,17230,5098,16086,6948,2248,138,6374,1,36:34,2023,2024
2023-24,1630700,Dyson Daniels,Dyson,1610612740,NOP,New Orleans Pelicans,22301074,2024-03-30T00:00:00,NOP vs. BOS,L,10.646666666666668,3.4,10.1,0.333,0.0,6.8,0.0,0.0,0.0,0.0,10.1,0.0,10.1,6.8,3.4,6.8,0.0,0.0,3.4,0.0,6.8,-27.1,46.0,0,0,37.2,1,13252,1,13252,21730,18492,16517,17629,14651,8066,14651,13417,14233,13417,366,22149,5134,4428,4939,305,8529,9067,9327,17532,20829,23210,4678,2248,138,8341,1,10:39,2023,2024
2023-24,1641722,Jordan Hawkins,Jordan,1610612740,NOP,New Orleans Pelicans,22301074,2024-03-30T00:00:00,NOP vs. BOS,L,7.47,0.0,14.5,0.0,0.0,4.8,0.0,0.0,0.0,0.0,0.0,0.0,0.0,4.8,0.0,0.0,0.0,4.8,4.8,0.0,0.0,-9.6,7.2,0,0,4.8,1,13252,1,13252,22929,22557,9360,22557,14651,12719,14651,13417,14233,13417,13449,22149,23241,7956,16035,12108,8529,453,5081,17532,23140,17849,24747,2248,138,25111,1,7:28,2023,2024
2023-24,1630530,Trey Murphy III,Trey,1610612740,NOP,New Orleans Pelicans,22301074,2024-03-30T00:00:00,NOP vs. BOS,L,38.766666666666666,2.8,9.3,0.3,2.8,5.6,0.5,1.9,1.9,1.0,0.9,7.4,8.4,1.9,0.9,1.9,0.9,1.9,0.9,0.0,10.2,-8.4,30.5,0,0,28.8,1,13252,1,13252,1166,19882,17990,19532,6721,10827,4049,10972,12909,1,13120,5516,7452,16674,15772,6216,8176,3989,20020,17532,17841,17240,14216,2248,138,14572,1,38:46,2023,2024
2023-24,1630529,Herbert Jones,Herbert,1610612740,NOP,New Orleans Pelicans,22301061,2024-03-28T00:00:00,NOP vs. MIL,W,36.71666666666667,2.9,8.8,0.333,1.0,3.9,0.25,3.9,3.9,1.0,1.0,2.9,3.9,3.9,0.0,3.9,2.9,1.0,4.9,2.0,10.8,-2.0,42.0,0,0,33.3,1,1,13151,1,2439,19537,18717,17629,14186,14892,11776,5907,7959,1,12726,16970,17336,10156,16035,1400,1908,8225,4900,13184,17321,14124,6588,2248,138,11065,1,36:43,2023,2024
2023-24,1630530,Trey Murphy III,Trey,1610612740,NOP,New Orleans Pelicans,22301061,2024-03-28T00:00:00,NOP vs. MIL,W,39.11666666666667,3.7,12.0,0.308,1.8,8.3,0.222,4.6,4.6,1.0,1.8,8.3,10.1,4.6,0.0,1.8,0.0,0.0,0.9,1.8,13.8,3.7,38.4,1,0,34.1,1,1,13151,1,1000,17827,13423,19425,10359,5169,13104,4691,6636,1,8635,4300,5161,8488,16035,6292,8529,9067,20047,13725,14153,10869,8658,1,138,10544,1,39:07,2023,2024
2023-24,1626204,Larry Nance Jr.,Larry,1610612740,NOP,New Orleans Pelicans,22301061,2024-03-28T00:00:00,NOP vs. MIL,W,24.75,5.8,11.6,0.5,1.5,2.9,0.5,0.0,0.0,0.0,4.4,5.8,10.2,4.4,0.0,4.4,0.0,0.0,4.4,2.9,13.1,7.3,44.9,0,0,37.8,1,1,13151,1,12225,12099,13963,8954,11726,17127,4049,13417,14233,13417,2896,8668,5089,9038,16035,1055,8529,9067,6206,9565,14928,9036,5112,2248,138,7921,1,24:45,2023,2024
2023-24,203468,CJ McCollum,CJ,1610612740,NOP,New Orleans Pelicans,22301061,2024-03-28T00:00:00,NOP vs. MIL,W,39.47833333333333,8.2,21.9,0.375,2.7,8.2,0.333,3.6,3.6,1.0,0.9,5.5,6.4,6.4,0.9,0.9,0.0,0.9,0.9,3.6,22.8,10.9,41.9,0,0,40.1,1,1,13151,1,850,6384,1861,16597,6887,5274,9124,6443,8542,1,13208,9516,11172,4980,15846,11821,8529,8765,20077,7329,5687,7266,6646,2248,138,6510,1,39:29,2023,2024
2023-24,1629627,Zion Williamson,Zion,1610612740,NOP,New Orleans Pelicans,22301061,2024-03-28T00:00:00,NOP vs. MIL,W,33.166666666666664,9.8,16.3,0.6,0.0,0.0,0.0,10.9,17.4,0.625,0.0,5.4,5.4,2.2,3.3,0.0,1.1,1.1,3.3,9.8,30.4,-2.2,40.2,0,0,40.2,1,1,13151,1,5301,3765,6740,5678,14651,20560,14651,569,248,10242,13449,9616,13408,15545,5317,12108,6960,7270,9771,458,1970,14234,7593,2248,138,6478,1,33:10,2023,2024
2023-24,1630346,Matt Ryan,Matt,1610612740,NOP,New Orleans Pelicans,22301061,2024-03-28T00:00:00,NOP vs. MIL,W,5.383333333333334,0.0,13.4,0.0,0.0,6.7,0.0,0.0,0.0,0.0,0.0,0.0,0.0,0.0,0.0,0.0,0.0,0.0,6.7,0.0,0.0,-40.1,0.0,0,0,0.0,1,1,13151,1,23827,22557,10938,22557,14651,8213,14651,13417,14233,13417,13449,22149,23241,19657,16035,12108,8529,9067,2294,17532,23140,24832,25245,2248,138,25279,1,5:23,2023,2024
2023-24,1641722,Jordan Hawkins,Jordan,1610612740,NOP,New Orleans Pelicans,22301061,2024-03-28T00:00:00,NOP vs. MIL,W,15.0,0.0,7.2,0.0,0.0,4.8,0.0,4.8,7.2,0.667,0.0,2.4,2.4,0.0,0.0,0.0,0.0,0.0,2.4,2.4,4.8,24.0,7.7,0,0,7.2,1,1,13151,1,19334,22557,21008,22557,14651,12752,14651,4401,3239,9424,13449,18560,20905,19657,16035,12108,8529,9067,13273,11283,22089,3001,24678,2248,138,24788,1,15:00,2023,2024
2023-24,1630230,Naji Marshall,Naji,1610612740,NOP,New Orleans Pelicans,22301061,2024-03-28T00:00:00,NOP vs. MIL,W,23.13833333333333,0.0,6.2,0.0,0.0,3.1,0.0,0.0,0.0,0.0,1.6,3.1,4.7,0.0,0.0,0.0,0.0,1.6,1.6,0.0,0.0,18.7,5.6,0,0,4.7,1,1,13151,1,13485,22557,22184,22557,14651,16668,14651,13417,14233,13417,9552,16404,15417,19657,16035,12108,8529,4919,17139,17532,23140,4339,24945,2248,138,25125,1,23:08,2023,2024
2023-24,202685,Jonas Valančiūnas,Jonas,1610612740,NOP,New Orleans Pelicans,22301061,2024-03-28T00:00:00,NOP vs. MIL,W,23.25,10.8,20.1,0.538,1.5,4.6,0.333,3.1,3.1,1.0,4.6,10.8,15.5,1.5,3.1,1.5,1.5,0.0,4.6,7.7,26.3,3.1,53.4,1,0,51.1,1,1,13151,1,13392,2511,2911,8366,11349,13133,9124,7569,9641,1,2597,1930,1493,17621,5762,7423,4835,9067,5476,1246,3533,11160,2272,1,138,2176,1,23:15,2023,2024
2023-24,1630526,Jeremiah Robinson-Earl,Jeremiah,1610612740,NOP,New Orleans Pelicans,22301046,2024-03-26T00:00:00,NOP vs. OKC,L,4.95,0.0,7.3,0.0,0.0,7.3,0.0,0.0,0.0,0.0,0.0,21.8,21.8,0.0,7.3,0.0,0.0,0.0,0.0,0.0,0.0,50.9,18.9,0,0,21.8,1,13252,1,13252,24001,22557,20930,22557,14651,6918,14651,13417,14233,13417,13449,150,370,19657,690,12108,8529,9067,20240,17532,23140,548,21485,2248,138,19516,1,4:57,2023,2024
2023-24,1630230,Naji Marshall,Naji,1610612740,NOP,New Orleans Pelicans,22301046,2024-03-26T00:00:00,NOP vs. OKC,L,23.376666666666665,4.6,9.2,0.5,1.5,6.2,0.25,0.0,0.0,0.0,0.0,6.2,6.2,1.5,1.5,1.5,0.0,0.0,4.6,1.5,10.8,23.1,23.6,0,0,23.1,1,13252,1,13252,13314,15422,18052,8954,11379,9390,11776,13417,14233,13417,13449,7883,11660,17658,12216,7458,8529,9067,5547,14789,17328,3189,18943,2248,138,18670,1,23:23,2023,2024
2023-24,1641722,Jordan Hawkins,Jordan,1610612740,NOP,New Orleans Pelicans,22301046,2024-03-26T00:00:00,NOP vs. OKC,L,2.8,12.9,12.9,1.0,12.9,12.9,1.0,0.0,0.0,0.0,0.0,0.0,0.0,0.0,0.0,0.0,0.0,0.0,0.0,0.0,38.6,0.0,38.6,0,0,51.4,1,13252,1,13252,25092,1099,11825,1,96,1129,1,13417,14233,13417,13449,22149,23241,19657,16035,12108,8529,9067,20240,17532,558,12394,8523,2248,138,2088,1,2:48,2023,2024
2023-24,202685,Jonas Valančiūnas,Jonas,1610612740,NOP,New Orleans Pelicans,22301046,2024-03-26T00:00:00,NOP vs. OKC,L,10.5,6.9,13.7,0.5,0.0,3.4,0.0,6.9,10.3,0.667,6.9,13.7,20.6,3.4,0.0,0.0,0.0,0.0,0.0,6.9,20.6,-37.7,50.4,0,0,44.6,1,13252,1,13252,21786,9426,10433,8954,14651,16008,14651,2173,1312,9424,1078,839,470,11513,16035,12108,8529,9067,20240,1825,7428,24637,3060,2248,138,4249,1,10:30,2023,2024
2023-24,1630529,Herbert Jones,Herbert,1610612740,NOP,New Orleans Pelicans,22301046,2024-03-26T00:00:00,NOP vs. OKC,L,30.94,4.7,14.0,0.333,2.3,9.3,0.25,7.0,7.0,1.0,0.0,2.3,2.3,4.7,2.3,1.2,1.2,0.0,5.8,4.7,18.6,-24.4,33.0,0,0,32.6,1,13252,1,13252,7158,15336,10059,17629,8157,3728,11776,2090,3415,1,13449,18767,21063,8363,8622,9564,6455,9067,3277,4920,9187,22676,12326,2248,138,11634,1,30:56,2023,2024
2023-24,1630631,Jose Alvarado,Jose,1610612740,NOP,New Orleans Pelicans,22301046,2024-03-26T00:00:00,NOP vs. OKC,L,16.116666666666667,6.7,15.6,0.429,4.5,13.4,0.333,0.0,0.0,0.0,2.2,4.5,6.7,6.7,0.0,2.2,0.0,0.0,4.5,2.2,17.9,-11.2,42.7,0,0,40.2,1,13252,1,13252,18596,9816,7617,14111,2785,935,9124,13417,14233,13417,7078,12320,10464,4520,16035,4591,8529,9067,5930,11954,9971,18540,6247,2248,138,6452,1,16:07,2023,2024
2023-24,203468,CJ McCollum,CJ,1610612740,NOP,New Orleans Pelicans,22301046,2024-03-26T00:00:00,NOP vs. OKC,L,41.38333333333333,7.0,20.9,0.333,3.5,9.6,0.364,2.6,2.6,1.0,0.0,5.2,5.2,4.3,0.0,0.0,0.0,0.0,1.7,0.9,20.0,-6.1,32.8,0,0,33.1,1,13252,1,13252,357,9196,2408,17629,4759,3415,9044,8768,10849,1,13449,10156,13933,9068,16035,12108,8529,9067,16532,17488,7913,16185,12531,2248,138,11273,1,41:23,2023,2024
2023-24,1630530,Trey Murphy III,Trey,1610612740,NOP,New Orleans Pelicans,22301046,2024-03-26T00:00:00,NOP vs. OKC,L,38.88333333333333,5.6,9.3,0.6,3.7,5.6,0.667,0.0,0.9,0.0,0.0,5.6,5.6,1.9,0.0,0.0,0.9,0.9,1.9,0.9,14.8,-7.4,27.0,0,0,27.8,1,13252,1,13252,1110,12815,18028,5678,4229,10864,2080,13417,14184,13417,13449,9293,13107,16695,16035,12108,8195,8670,16049,17409,13113,16775,16665,2248,138,15378,1,38:53,2023,2024
2023-24,1629627,Zion Williamson,Zion,1610612740,NOP,New Orleans Pelicans,22301046,2024-03-26T00:00:00,NOP vs. OKC,L,38.5,9.4,15.9,0.588,0.0,0.0,0.0,8.4,9.4,0.9,0.9,3.7,4.7,9.4,4.7,2.8,0.0,1.9,3.7,5.6,27.1,-1.9,50.5,1,0,46.8,1,13252,1,13252,1310,4361,7261,6572,14651,20560,14651,1273,1720,6798,13068,14517,15398,1863,2428,3029,8529,3954,8120,3219,3188,14076,3024,1,138,3413,1,38:30,2023,2024
2023-24,1626204,Larry Nance Jr.,Larry,1610612740,NOP,New Orleans Pelicans,22301046,2024-03-26T00:00:00,NOP vs. OKC,L,32.55,2.2,4.4,0.5,0.0,0.0,0.0,0.0,0.0,0.0,1.1,1.1,2.2,0.0,0.0,1.1,0.0,0.0,0.0,1.1,4.4,-3.3,10.4,0,0,8.8,1,13252,1,13252,5821,21025,23813,8954,14651,20560,14651,13417,14233,13417,11741,21766,21303,19657,16035,10047,8529,9067,20240,16662,22300,14786,24213,2248,138,24511,1,32:33,2023,2024
2023-24,203468,CJ McCollum,CJ,1610612740,NOP,New Orleans Pelicans,22301027,2024-03-24T00:00:00,NOP @ DET,W,36.66666666666666,8.8,17.7,0.5,4.9,8.8,0.556,0.0,0.0,0.0,0.0,2.0,2.0,6.9,2.0,1.0,0.0,0.0,2.0,1.0,22.6,6.9,36.2,0,0,38.3,1,1,13151,1,2473,5221,5087,8954,2145,4359,3883,13417,14233,13417,13449,19879,21820,4257,10357,11266,8529,9067,15438,17242,5837,9251,10075,2248,138,7617,1,36:40,2023,2024
2023-24,1630530,Trey Murphy III,Trey,1610612740,NOP,New Orleans Pelicans,22301027,2024-03-24T00:00:00,NOP @ DET,W,31.75,1.1,13.6,0.083,0.0,10.2,0.0,6.8,9.1,0.75,0.0,9.1,9.1,2.3,1.1,1.1,4.5,2.3,1.1,6.8,9.1,14.7,39.2,0,0,31.7,1,1,13151,1,6485,22465,10596,22543,14651,2767,14651,2229,1868,8216,13449,3346,6421,15192,14402,9812,780,2707,18856,1879,18907,5691,8115,2248,138,12266,1,31:45,2023,2024
2023-24,202685,Jonas Valančiūnas,Jonas,1610612740,NOP,New Orleans Pelicans,22301027,2024-03-24T00:00:00,NOP @ DET,W,19.845,10.9,18.1,0.6,0.0,1.8,0.0,1.8,5.4,0.333,1.8,9.1,10.9,0.0,1.8,0.0,1.8,0.0,9.1,7.3,23.6,10.9,40.3,0,0,38.1,1,1,13151,1,15939,2466,4594,5678,14651,19344,14651,11083,5307,13045,8724,3348,4356,19657,11175,12108,4158,9067,1038,1551,5130,7292,7524,2248,138,7739,1,19:51,2023,2024
2023-24,1630529,Herbert Jones,Herbert,1610612740,NOP,New Orleans Pelicans,22301027,2024-03-24T00:00:00,NOP @ DET,W,35.42333333333333,2.0,4.1,0.5,2.0,3.0,0.667,1.0,2.0,0.5,0.0,1.0,1.0,2.0,1.0,4.1,1.0,1.0,3.0,1.0,7.1,-2.0,25.6,0,0,22.4,1,1,13151,1,3449,21359,24020,8954,9407,16807,2080,13067,12443,10591,13449,21960,23135,16032,15222,1276,7482,7878,10588,17101,20569,14176,17632,2248,138,19160,1,35:25,2023,2024
2023-24,1630526,Jeremiah Robinson-Earl,Jeremiah,1610612740,NOP,New Orleans Pelicans,22301027,2024-03-24T00:00:00,NOP @ DET,W,1.4,0.0,25.7,0.0,0.0,0.0,0.0,0.0,0.0,0.0,0.0,0.0,0.0,0.0,0.0,0.0,0.0,0.0,25.7,0.0,0.0,-51.4,0.0,0,0,0.0,1,1,13151,1,25837,22557,635,22557,14651,20560,14651,13417,14233,13417,13449,22149,23241,19657,16035,12108,8529,9067,54,17532,23140,25440,25245,2248,138,25279,1,1:24,2023,2024
2023-24,1641722,Jordan Hawkins,Jordan,1610612740,NOP,New Orleans Pelicans,22301027,2024-03-24T00:00:00,NOP @ DET,W,6.133333333333334,0.0,11.7,0.0,0.0,11.7,0.0,0.0,0.0,0.0,0.0,5.9,5.9,11.7,0.0,0.0,0.0,0.0,5.9,0.0,0.0,-5.9,24.7,0,0,17.6,1,1,13151,1,23460,22557,13781,22557,14651,1618,14651,13417,14233,13417,13449,8539,12347,839,16035,12108,8529,9067,3209,17532,23140,16058,18269,2248,138,21832,1,6:08,2023,2024
2023-24,1626204,Larry Nance Jr.,Larry,1610612740,NOP,New Orleans Pelicans,22301027,2024-03-24T00:00:00,NOP @ DET,W,26.755,5.4,5.4,1.0,0.0,0.0,0.0,1.3,2.7,0.5,0.0,4.0,4.0,2.7,0.0,0.0,0.0,0.0,4.0,2.7,12.1,12.1,21.0,0,0,18.8,1,1,13151,1,10633,13332,23033,1,14651,20560,14651,11982,10633,10591,13449,13605,17037,13774,16035,12108,8529,9067,7157,10274,16001,6738,20444,2248,138,21187,1,26:45,2023,2024
2023-24,1629627,Zion Williamson,Zion,1610612740,NOP,New Orleans Pelicans,22301027,2024-03-24T00:00:00,NOP @ DET,W,36.47666666666667,12.8,13.8,0.929,0.0,0.0,0.0,9.9,13.8,0.714,1.0,5.9,6.9,5.9,3.9,2.0,0.0,0.0,2.0,7.9,35.5,17.8,54.7,0,0,52.3,1,1,13151,1,2613,1119,10278,1400,14651,20560,14651,771,518,9242,12682,8418,10013,5748,3622,5679,8529,9067,15380,1164,872,4635,2025,2248,138,1897,1,36:29,2023,2024
2023-24,1630631,Jose Alvarado,Jose,1610612740,NOP,New Orleans Pelicans,22301027,2024-03-24T00:00:00,NOP @ DET,W,21.45,1.7,10.1,0.167,0.0,5.0,0.0,3.4,3.4,1.0,3.4,5.0,8.4,5.0,0.0,0.0,1.7,3.4,3.4,1.7,6.7,11.7,29.4,0,0,23.5,1,1,13151,1,14723,21867,16651,21962,14651,12189,14651,6993,9093,1,4390,10643,7405,7448,16035,12108,4494,1154,9405,14309,20864,6909,14967,2248,138,18408,1,21:27,2023,2024
2023-24,1630230,Naji Marshall,Naji,1610612740,NOP,New Orleans Pelicans,22301027,2024-03-24T00:00:00,NOP @ DET,W,24.1,7.5,14.9,0.5,6.0,10.5,0.571,0.0,0.0,0.0,3.0,9.0,12.0,4.5,1.5,0.0,0.0,0.0,3.0,3.0,20.9,14.9,40.5,0,0,43.3,1,1,13151,1,12762,7966,8628,8954,1158,2547,3678,13417,14233,13417,5121,3468,3435,8754,12403,12108,8529,9067,10851,9283,7153,5633,7417,2248,138,4852,1,24:06,2023,2024
2023-24,1630631,Jose Alvarado,Jose,1610612740,NOP,New Orleans Pelicans,22301013,2024-03-22T00:00:00,NOP @ MIA,W,31.466666666666665,6.9,13.7,0.5,4.6,8.0,0.571,1.1,2.3,0.5,2.3,5.7,8.0,6.9,2.3,0.0,0.0,1.1,2.3,1.1,19.4,30.9,37.1,0,0,38.9,1,1,13151,1,6727,9410,10415,8954,2611,5586,3678,12606,11692,10591,6908,8885,8002,4274,8780,12108,8529,6833,13748,16486,8384,1850,9502,2248,138,7213,1,31:28,2023,2024
2023-24,203468,CJ McCollum,CJ,1610612740,NOP,New Orleans Pelicans,22301013,2024-03-22T00:00:00,NOP @ MIA,W,35.083333333333336,12.3,21.5,0.571,6.2,12.3,0.5,0.0,0.0,0.0,1.0,4.1,5.1,7.2,2.1,1.0,0.0,0.0,0.0,1.0,30.8,14.4,48.7,0,0,51.3,1,1,13151,1,3729,1400,2022,6891,1047,1337,4049,13417,14233,13417,12356,13404,14155,3830,9890,10785,8529,9067,20240,17051,1870,5828,3615,2248,138,2122,1,35:05,2023,2024
2023-24,202685,Jonas Valančiūnas,Jonas,1610612740,NOP,New Orleans Pelicans,22301013,2024-03-22T00:00:00,NOP @ MIA,W,21.683333333333334,6.6,6.6,1.0,0.0,0.0,0.0,0.0,0.0,0.0,0.0,16.6,16.6,0.0,0.0,0.0,0.0,0.0,6.6,1.7,13.3,23.2,33.2,0,0,29.9,1,1,13151,1,14549,9973,21703,1,14651,20560,14651,13417,14233,13417,13449,384,1134,19657,16035,12108,8529,9067,2341,14376,14735,3150,12197,2248,138,13715,1,21:41,2023,2024
2023-24,1626204,Larry Nance Jr.,Larry,1610612740,NOP,New Orleans Pelicans,22301013,2024-03-22T00:00:00,NOP @ MIA,W,23.15,3.1,3.1,1.0,0.0,0.0,0.0,3.1,4.7,0.667,6.2,7.8,14.0,1.6,0.0,0.0,0.0,0.0,0.0,3.1,9.3,15.6,28.5,0,0,24.9,1,1,13151,1,13476,19134,24467,1,14651,20560,14651,7541,6537,9424,1387,5011,2189,17592,16035,12108,8529,9067,20240,8832,18676,5390,15625,2248,138,17452,1,23:09,2023,2024
2023-24,1630346,Matt Ryan,Matt,1610612740,NOP,New Orleans Pelicans,22301013,2024-03-22T00:00:00,NOP @ MIA,W,3.1666666666666665,11.4,22.7,0.5,11.4,11.4,1.0,0.0,0.0,0.0,0.0,0.0,0.0,11.4,0.0,0.0,0.0,0.0,0.0,0.0,34.1,-11.4,51.2,0,0,56.8,1,1,13151,1,24917,2024,1483,8954,127,1868,1,13417,14233,13417,13449,22149,23241,947,16035,12108,8529,9067,20240,17532,1071,18619,2833,2248,138,1175,1,3:10,2023,2024
2023-24,203469,Cody Zeller,Cody,1610612740,NOP,New Orleans Pelicans,22301013,2024-03-22T00:00:00,NOP @ MIA,W,3.1666666666666665,0.0,0.0,0.0,0.0,0.0,0.0,11.4,22.7,0.5,11.4,11.4,22.7,0.0,0.0,11.4,0.0,0.0,0.0,11.4,11.4,-11.4,72.8,0,0,56.8,1,1,13151,1,24917,22557,24896,22557,14651,20560,14651,479,111,10591,278,1648,316,19657,16035,86,8529,9067,20240,257,16776,18619,384,2248,138,1175,1,3:10,2023,2024
2023-24,1630530,Trey Murphy III,Trey,1610612740,NOP,New Orleans Pelicans,22301013,2024-03-22T00:00:00,NOP @ MIA,W,29.616666666666667,4.9,13.4,0.364,4.9,10.9,0.444,2.4,2.4,1.0,1.2,8.5,9.7,3.6,3.6,0.0,0.0,0.0,1.2,1.2,17.0,8.5,30.5,0,0,35.3,1,1,13151,1,8279,14788,10947,17149,2207,2161,7253,9207,11298,1,11050,3991,5597,10929,4320,12108,8529,9067,18446,16133,10819,8431,14185,2248,138,9678,1,29:37,2023,2024
2023-24,1641722,Jordan Hawkins,Jordan,1610612740,NOP,New Orleans Pelicans,22301013,2024-03-22T00:00:00,NOP @ MIA,W,3.1666666666666665,11.4,34.1,0.333,11.4,11.4,1.0,0.0,0.0,0.0,0.0,0.0,0.0,0.0,0.0,0.0,0.0,0.0,0.0,0.0,34.1,-11.4,34.1,0,0,45.5,1,1,13151,1,24917,2024,141,17629,127,1868,1,13417,14233,13417,13449,22149,23241,19657,16035,12108,8529,9067,20240,17532,1071,18619,11561,2248,138,3883,1,3:10,2023,2024
2023-24,1630230,Naji Marshall,Naji,1610612740,NOP,New Orleans Pelicans,22301013,2024-03-22T00:00:00,NOP @ MIA,W,22.83333333333333,9.5,17.3,0.545,1.6,3.2,0.5,0.0,0.0,0.0,0.0,11.0,11.0,1.6,0.0,1.6,0.0,1.6,1.6,0.0,20.5,41.0,40.8,0,0,37.8,1,1,13151,1,13685,4198,5473,8074,11264,16567,4049,13417,14233,13417,13449,1832,4217,17529,16035,7327,8529,4842,17068,17532,7500,918,7199,2248,138,7910,1,22:50,2023,2024
2023-24,1630529,Herbert Jones,Herbert,1610612740,NOP,New Orleans Pelicans,22301013,2024-03-22T00:00:00,NOP @ MIA,W,38.66666666666666,2.8,7.4,0.375,0.9,3.7,0.25,2.8,2.8,1.0,0.0,2.8,2.8,1.9,0.0,0.0,0.9,0.9,2.8,1.9,9.3,22.3,18.2,0,0,16.8,1,1,13151,1,1212,19865,20710,16597,14442,15392,11776,8348,10388,1,13449,17445,20122,16659,16035,12108,8163,8644,11729,13631,18694,3375,21779,2248,138,22191,1,38:40,2023,2024
2023-24,1629627,Zion Williamson,Zion,1610612740,NOP,New Orleans Pelicans,22301013,2024-03-22T00:00:00,NOP @ MIA,W,24.83333333333333,2.9,10.1,0.286,0.0,0.0,0.0,0.0,0.0,0.0,4.3,2.9,7.2,5.8,7.2,0.0,1.4,1.4,2.9,0.0,5.8,-4.3,20.3,0,0,21.7,1,1,13151,1,12160,19656,16505,19775,14651,20560,14651,13417,14233,13417,2909,17112,9366,5962,699,12108,5175,5268,11235,17532,21496,15288,20820,2248,138,19555,1,24:50,2023,2024
2023-24,1630526,Jeremiah Robinson-Earl,Jeremiah,1610612740,NOP,New Orleans Pelicans,22301013,2024-03-22T00:00:00,NOP @ MIA,W,3.1666666666666665,11.4,11.4,1.0,0.0,0.0,0.0,0.0,0.0,0.0,0.0,0.0,0.0,0.0,0.0,0.0,0.0,0.0,0.0,0.0,22.7,-11.4,22.7,0,0,22.7,1,1,13151,1,24917,2024,14425,1,14651,20560,14651,13417,14233,13417,13449,22149,23241,19657,16035,12108,8529,9067,20240,17532,5726,18619,19420,2248,138,18882,1,3:10,2023,2024
2023-24,1626204,Larry Nance Jr.,Larry,1610612740,NOP,New Orleans Pelicans,22301004,2024-03-21T00:00:00,NOP @ ORL,L,18.0,0.0,2.0,0.0,0.0,0.0,0.0,0.0,0.0,0.0,0.0,4.0,4.0,6.0,2.0,4.0,0.0,0.0,0.0,0.0,0.0,-48.0,23.8,0,0,18.0,1,13252,1,13252,17289,22557,24812,22557,14651,20560,14651,13417,14233,13417,13449,13714,17128,5591,10178,1320,8529,9067,20240,17532,23140,25303,18807,2248,138,21627,1,18:00,2023,2024
2023-24,1630631,Jose Alvarado,Jose,1610612740,NOP,New Orleans Pelicans,22301004,2024-03-21T00:00:00,NOP @ ORL,L,17.816666666666666,0.0,6.1,0.0,0.0,2.0,0.0,0.0,0.0,0.0,0.0,2.0,2.0,6.1,0.0,2.0,0.0,2.0,4.0,0.0,0.0,-24.2,17.6,0,0,12.1,1,13252,1,13252,17415,22557,22340,22557,14651,18926,14651,13417,14233,13417,13449,19719,21713,5490,16035,5458,8529,3414,7145,17532,23140,22629,22078,2248,138,23837,1,17:49,2023,2024
2023-24,1630529,Herbert Jones,Herbert,1610612740,NOP,New Orleans Pelicans,22301004,2024-03-21T00:00:00,NOP @ ORL,L,31.71333333333333,5.7,6.8,0.833,0.0,1.1,0.0,3.4,4.5,0.75,2.3,4.5,6.8,5.7,2.3,1.1,0.0,0.0,1.1,2.3,14.8,2.3,32.6,0,0,29.5,1,13252,1,13252,6525,12495,21504,1607,14651,20250,14651,6900,6746,8216,6967,12101,10228,6171,8855,9805,8529,9067,18850,11798,13172,11587,12693,2248,138,14010,1,31:43,2023,2024
2023-24,1630530,Trey Murphy III,Trey,1610612740,NOP,New Orleans Pelicans,22301004,2024-03-21T00:00:00,NOP @ ORL,L,29.33333333333333,7.4,12.3,0.6,3.7,6.1,0.6,7.4,8.6,0.857,1.2,2.5,3.7,0.0,1.2,1.2,0.0,0.0,0.0,4.9,25.8,-25.8,32.6,0,0,35.6,1,13252,1,13252,8482,8212,12835,5678,4281,9445,3197,1834,2157,7116,11005,18409,17936,19657,13800,9100,8529,9067,20240,4398,3834,22961,12650,2248,138,9422,1,29:20,2023,2024
2023-24,202685,Jonas Valančiūnas,Jonas,1610612740,NOP,New Orleans Pelicans,22301004,2024-03-21T00:00:00,NOP @ ORL,L,18.0,6.0,8.0,0.75,0.0,2.0,0.0,0.0,0.0,0.0,0.0,10.0,10.0,2.0,2.0,2.0,0.0,0.0,6.0,2.0,12.0,8.0,31.0,0,0,28.0,1,13252,1,13252,17289,11601,19944,2237,14651,18977,14651,13417,14233,13417,13449,2528,5306,16155,10178,5554,8529,9067,3029,13005,16128,8681,13843,2248,138,15200,1,18:00,2023,2024
2023-24,1630526,Jeremiah Robinson-Earl,Jeremiah,1610612740,NOP,New Orleans Pelicans,22301004,2024-03-21T00:00:00,NOP @ ORL,L,12.0,9.0,15.0,0.6,0.0,3.0,0.0,0.0,0.0,0.0,0.0,3.0,3.0,3.0,0.0,0.0,0.0,0.0,3.0,0.0,18.0,15.0,26.1,0,0,24.0,1,13252,1,13252,21046,4924,8483,5678,14651,16926,14651,13417,14233,13417,13449,16759,19571,12793,16035,12108,8529,9067,10765,17532,9819,5607,17302,2248,138,18062,1,12:00,2023,2024
2023-24,1627742,Brandon Ingram,Brandon,1610612740,NOP,New Orleans Pelicans,22301004,2024-03-21T00:00:00,NOP @ ORL,L,21.48333333333333,11.7,20.1,0.583,0.0,1.7,0.0,0.0,0.0,0.0,0.0,6.7,6.7,5.0,3.4,1.7,0.0,0.0,3.4,0.0,23.5,-13.4,40.7,0,0,38.5,1,13252,1,13252,14702,1766,2935,6644,14651,19551,14651,13417,14233,13417,13449,6759,10460,7476,5012,6957,8529,9067,9431,17532,5214,19403,7261,2248,138,7462,1,21:29,2023,2024
2023-24,1641722,Jordan Hawkins,Jordan,1610612740,NOP,New Orleans Pelicans,22301004,2024-03-21T00:00:00,NOP @ ORL,L,5.683333333333334,6.3,6.3,1.0,0.0,0.0,0.0,0.0,0.0,0.0,0.0,6.3,6.3,6.3,0.0,6.3,0.0,0.0,0.0,0.0,12.7,25.3,48.8,0,0,38.0,1,13252,1,13252,23674,10769,22053,1,14651,20560,14651,13417,14233,13417,13449,7525,11277,5056,16035,364,8529,9067,20240,17532,15415,2726,3597,2248,138,7800,1,5:41,2023,2024
2023-24,203468,CJ McCollum,CJ,1610612740,NOP,New Orleans Pelicans,22301004,2024-03-21T00:00:00,NOP @ ORL,L,33.6,6.4,12.9,0.5,3.2,6.4,0.5,3.2,4.3,0.75,0.0,3.2,3.2,3.2,2.1,0.0,0.0,0.0,3.2,3.2,19.3,-10.7,25.8,0,0,28.9,1,13252,1,13252,4933,10530,11841,8954,5405,8787,4049,7308,7229,8216,13449,16096,19046,12138,9451,12108,8529,9067,9955,8523,8560,18331,17485,2248,138,14477,1,33:36,2023,2024
2023-24,1629627,Zion Williamson,Zion,1610612740,NOP,New Orleans Pelicans,22301004,2024-03-21T00:00:00,NOP @ ORL,L,28.786666666666665,10.0,18.8,0.533,0.0,0.0,0.0,5.0,7.5,0.667,0.0,8.8,8.8,2.5,10.0,2.5,1.3,1.3,6.3,7.5,25.0,0.0,40.5,0,0,43.8,1,13252,1,13252,8977,3488,3997,8542,14651,20560,14651,4143,2958,9424,13449,3696,6858,14387,280,3795,5982,6162,2731,1383,4236,12394,7386,2248,138,4632,1,28:47,2023,2024
2023-24,1630346,Matt Ryan,Matt,1610612740,NOP,New Orleans Pelicans,22301004,2024-03-21T00:00:00,NOP @ ORL,L,5.683333333333334,6.3,19.0,0.333,0.0,12.7,0.0,0.0,0.0,0.0,0.0,0.0,0.0,0.0,0.0,0.0,0.0,0.0,6.3,0.0,12.7,25.3,12.7,0,0,12.7,1,13252,1,13252,23674,10769,3750,17629,14651,1201,14651,13417,14233,13417,13449,22149,23241,19657,16035,12108,8529,9067,2636,17532,15415,2726,23742,2248,138,23661,1,5:41,2023,2024
2023-24,1630230,Naji Marshall,Naji,1610612740,NOP,New Orleans Pelicans,22301004,2024-03-21T00:00:00,NOP @ ORL,L,17.9,4.0,12.1,0.333,0.0,4.0,0.0,0.0,0.0,0.0,0.0,0.0,0.0,4.0,2.0,2.0,0.0,4.0,0.0,0.0,8.0,-38.2,18.1,0,0,16.1,1,13252,1,13252,17360,16986,13196,17629,14651,14687,14651,13417,14233,13417,13449,22149,23241,9895,10119,5505,8529,716,20240,17532,19804,24674,21848,2248,138,22469,1,17:54,2023,2024
2023-24,1630530,Trey Murphy III,Trey,1610612740,NOP,New Orleans Pelicans,22300993,2024-03-19T00:00:00,NOP @ BKN,W,30.203333333333333,4.8,15.5,0.308,1.2,9.5,0.125,1.2,1.2,1.0,1.2,8.3,9.5,3.6,1.2,1.2,0.0,0.0,1.2,2.4,11.9,17.9,31.1,0,0,28.6,1,1,13151,1,7798,15026,7811,19425,12909,3464,14525,12445,13743,1,11177,4205,5816,11115,14010,9319,8529,9067,18555,11349,16231,4602,13768,2248,138,14713,1,30:12,2023,2024
2023-24,1627742,Brandon Ingram,Brandon,1610612740,NOP,New Orleans Pelicans,22300993,2024-03-19T00:00:00,NOP @ BKN,W,31.58,4.6,13.7,0.333,1.1,5.7,0.2,2.3,3.4,0.667,0.0,4.6,4.6,6.8,3.4,0.0,1.1,1.1,3.4,3.4,12.5,5.7,28.3,0,0,27.4,1,1,13151,1,6641,15590,10485,17629,13213,10510,13222,9638,8975,9424,13449,12043,15687,4311,4840,12108,6585,6862,9194,7923,15555,9824,15758,2248,138,15674,1,31:35,2023,2024
2023-24,1630631,Jose Alvarado,Jose,1610612740,NOP,New Orleans Pelicans,22300993,2024-03-19T00:00:00,NOP @ BKN,W,16.92,2.1,6.4,0.333,2.1,4.3,0.5,0.0,4.3,0.0,2.1,4.3,6.4,2.1,2.1,2.1,0.0,0.0,4.3,2.1,6.4,-21.3,21.5,0,0,21.3,1,1,13151,1,18044,21193,22011,17629,8953,14132,4049,13417,7282,13417,7439,12928,11174,15695,9535,4980,8529,9067,6525,12413,21117,21904,20209,2248,138,19840,1,16:55,2023,2024
2023-24,202685,Jonas Valančiūnas,Jonas,1610612740,NOP,New Orleans Pelicans,22300993,2024-03-19T00:00:00,NOP @ BKN,W,16.866666666666667,8.5,14.9,0.571,0.0,2.1,0.0,0.0,0.0,0.0,4.3,10.7,14.9,4.3,2.1,0.0,2.1,0.0,4.3,0.0,17.1,2.1,45.7,0,0,40.6,1,1,13151,1,18080,5766,8620,6891,14651,18679,14651,13417,14233,13417,2990,2043,1740,9272,9503,12108,3243,9067,6477,17532,10752,11661,4814,2248,138,6267,1,16:52,2023,2024
2023-24,1630529,Herbert Jones,Herbert,1610612740,NOP,New Orleans Pelicans,22300993,2024-03-19T00:00:00,NOP @ BKN,W,33.695,4.3,8.5,0.5,2.1,5.3,0.4,1.1,1.1,1.0,2.1,1.1,3.2,3.2,2.1,0.0,3.2,0.0,3.2,1.1,11.8,1.1,27.9,0,0,26.7,1,1,13151,1,4862,16331,19156,8954,8917,11408,7875,12882,13965,1,7403,21843,19065,12164,9483,12108,1623,9067,9982,16852,16419,12214,16031,2248,138,16141,1,33:42,2023,2024
2023-24,1630230,Naji Marshall,Naji,1610612740,NOP,New Orleans Pelicans,22300993,2024-03-19T00:00:00,NOP @ BKN,W,18.723333333333333,3.8,7.7,0.5,0.0,3.8,0.0,0.0,0.0,0.0,0.0,9.6,9.6,5.8,1.9,5.8,0.0,0.0,1.9,0.0,7.7,21.2,43.3,0,0,34.6,1,1,13151,1,16786,17442,20343,8954,14651,15081,14651,13417,14233,13417,13449,2845,5734,6018,10570,495,8529,9067,15683,17532,20110,3631,5906,2248,138,10131,1,18:43,2023,2024
2023-24,203468,CJ McCollum,CJ,1610612740,NOP,New Orleans Pelicans,22300993,2024-03-19T00:00:00,NOP @ BKN,W,31.718333333333334,6.8,13.6,0.5,4.5,9.1,0.5,0.0,0.0,0.0,0.0,1.1,1.1,5.7,2.3,0.0,0.0,0.0,2.3,1.1,18.2,22.7,25.8,0,0,29.5,1,1,13151,1,6518,9561,10572,8954,2660,4003,4049,13417,14233,13417,13449,21709,22994,6174,8858,12108,8529,9067,13837,16532,9648,3280,17520,2248,138,14014,1,31:43,2023,2024
2023-24,1629627,Zion Williamson,Zion,1610612740,NOP,New Orleans Pelicans,22300993,2024-03-19T00:00:00,NOP @ BKN,W,32.626666666666665,12.1,17.7,0.688,0.0,0.0,0.0,6.6,6.6,1.0,2.2,5.5,7.7,4.4,2.2,1.1,0.0,3.3,3.3,4.4,30.9,12.1,47.9,0,0,45.2,1,1,13151,1,5773,1501,5106,3470,14651,20560,14651,2378,3795,1,7155,9403,8492,8916,9134,10062,8529,1208,9584,5420,1836,6721,3929,2248,138,3963,1,32:38,2023,2024
2023-24,1626204,Larry Nance Jr.,Larry,1610612740,NOP,New Orleans Pelicans,22300993,2024-03-19T00:00:00,NOP @ BKN,W,27.666666666666668,7.8,10.4,0.75,1.3,3.9,0.333,0.0,0.0,0.0,3.9,9.1,13.0,2.6,0.0,1.3,0.0,0.0,2.6,1.3,16.9,14.3,40.3,1,0,36.4,1,1,13151,1,9902,7206,16070,2237,12361,14928,9124,13417,14233,13417,3483,3299,2706,14057,16035,8615,8529,9067,12497,15744,10939,5853,7493,1,138,8804,1,27:40,2023,2024
2023-24,202685,Jonas Valančiūnas,Jonas,1610612740,NOP,New Orleans Pelicans,22300970,2024-03-16T00:00:00,NOP vs. POR,W,19.366666666666667,3.7,5.6,0.667,0.0,1.9,0.0,0.0,0.0,0.0,1.9,3.7,5.6,9.3,3.7,0.0,0.0,0.0,3.7,3.7,7.4,-22.3,24.4,0,0,22.3,1,1,13151,1,16288,17733,22842,3541,14651,19266,14651,13417,14233,13417,8555,14590,13055,1912,4147,12108,8529,9067,8202,7135,20335,22177,18462,2248,138,19198,1,19:22,2023,2024
2023-24,203468,CJ McCollum,CJ,1610612740,NOP,New Orleans Pelicans,22300970,2024-03-16T00:00:00,NOP vs. POR,W,36.71666666666667,11.8,19.6,0.6,5.9,11.8,0.5,0.0,0.0,0.0,0.0,2.0,2.0,7.8,2.0,2.0,0.0,0.0,1.0,0.0,29.4,5.9,47.5,0,0,49.0,1,1,13151,1,2439,1742,3299,5678,1228,1608,4049,13417,14233,13417,13449,19892,21829,3056,10374,5733,8529,9067,19761,17532,2268,9743,4096,2248,138,2717,1,36:43,2023,2024
2023-24,1630230,Naji Marshall,Naji,1610612740,NOP,New Orleans Pelicans,22300970,2024-03-16T00:00:00,NOP vs. POR,W,23.075,7.8,10.9,0.714,1.6,1.6,1.0,0.0,0.0,0.0,1.6,6.2,7.8,3.1,0.0,1.6,0.0,1.6,0.0,1.6,17.2,23.4,35.9,0,0,32.8,1,1,13151,1,13533,7224,15172,2921,11302,19689,1,13417,14233,13417,9539,7712,8341,12421,16035,7376,8529,4902,20240,14716,10665,3117,10317,2248,138,11479,1,23:05,2023,2024
2023-24,1630526,Jeremiah Robinson-Earl,Jeremiah,1610612740,NOP,New Orleans Pelicans,22300970,2024-03-16T00:00:00,NOP vs. POR,W,20.87833333333333,5.2,12.1,0.429,0.0,3.4,0.0,0.0,0.0,0.0,5.2,3.4,8.6,10.3,0.0,1.7,0.0,0.0,5.2,0.0,10.3,29.3,41.4,0,0,32.8,1,1,13151,1,15172,13958,13195,14111,14651,15970,14651,13417,14233,13417,2121,15399,7057,1354,16035,6777,8529,9067,4300,17532,17727,2042,6877,2248,138,11482,1,20:53,2023,2024
2023-24,1629627,Zion Williamson,Zion,1610612740,NOP,New Orleans Pelicans,22300970,2024-03-16T00:00:00,NOP vs. POR,W,33.85,11.7,18.1,0.647,0.0,0.0,0.0,4.3,5.3,0.8,2.1,8.5,10.6,3.2,3.2,1.1,1.1,2.1,2.1,6.4,27.7,22.3,48.4,1,0,45.7,1,1,13151,1,4735,1786,4648,4807,14651,20560,14651,5264,5494,7723,7441,3993,4612,12218,5483,10432,7117,3066,14524,2305,2961,3378,3740,1,138,3786,1,33:51,2023,2024
2023-24,1641722,Jordan Hawkins,Jordan,1610612740,NOP,New Orleans Pelicans,22300970,2024-03-16T00:00:00,NOP vs. POR,W,5.466666666666667,0.0,13.2,0.0,0.0,13.2,0.0,0.0,0.0,0.0,0.0,0.0,0.0,6.6,0.0,0.0,0.0,0.0,0.0,0.0,0.0,39.5,9.9,0,0,6.6,1,1,13151,1,23780,22557,11285,22557,14651,1014,14651,13417,14233,13417,13449,22149,23241,4696,16035,12108,8529,9067,20240,17532,23140,1033,24316,2248,138,24883,1,5:28,2023,2024
2023-24,1630530,Trey Murphy III,Trey,1610612740,NOP,New Orleans Pelicans,22300970,2024-03-16T00:00:00,NOP vs. POR,W,34.625,7.3,13.5,0.538,4.2,8.3,0.5,2.1,2.1,1.0,1.0,5.2,6.2,5.2,0.0,0.0,0.0,0.0,0.0,1.0,20.8,7.3,36.1,0,0,36.4,1,1,13151,1,4120,8412,10739,8366,3304,5111,4049,10242,12290,1,12249,10203,11485,7095,16035,12108,8529,9067,20240,16984,7237,9035,10179,2248,138,8829,1,34:38,2023,2024
2023-24,1630631,Jose Alvarado,Jose,1610612740,NOP,New Orleans Pelicans,22300970,2024-03-16T00:00:00,NOP vs. POR,W,30.688333333333333,2.3,8.2,0.286,1.2,2.3,0.5,2.3,2.3,1.0,0.0,1.2,1.2,4.7,1.2,2.3,0.0,2.3,3.5,1.2,8.2,27.0,22.5,0,0,19.9,1,1,13151,1,7386,20753,19643,19775,13019,18255,4049,9456,11542,1,13449,21629,22951,8260,14143,4230,8529,2549,8868,16346,19663,2403,19555,2248,138,20604,1,30:41,2023,2024
2023-24,1627742,Brandon Ingram,Brandon,1610612740,NOP,New Orleans Pelicans,22300970,2024-03-16T00:00:00,NOP vs. POR,W,35.333333333333336,10.2,21.4,0.476,1.0,5.1,0.2,1.0,1.0,1.0,2.0,5.1,7.1,2.0,1.0,1.0,4.1,2.0,2.0,4.1,22.4,12.2,48.3,0,0,42.8,1,1,13151,1,3524,3251,2102,12454,13950,12034,13222,13053,14051,1,7801,10485,9593,16012,15200,10861,984,3350,14993,6229,5957,6677,3781,2248,138,5078,1,35:20,2023,2024
2023-24,1630529,Herbert Jones,Herbert,1610612740,NOP,New Orleans Pelicans,22300964,2024-03-15T00:00:00,NOP vs. LAC,W,33.12166666666667,3.3,6.5,0.5,1.1,3.3,0.333,0.0,0.0,0.0,0.0,4.3,4.3,5.4,3.3,1.1,1.1,1.1,3.3,0.0,7.6,6.5,24.2,0,0,22.8,1,1,13151,1,5332,18782,21847,8954,13531,16376,9124,13417,14233,13417,13449,12680,16232,6619,5307,10220,6954,7264,9760,17532,20177,9456,18528,2248,138,18836,1,33:07,2023,2024
2023-24,1629627,Zion Williamson,Zion,1610612740,NOP,New Orleans Pelicans,22300964,2024-03-15T00:00:00,NOP vs. LAC,W,35.28333333333333,14.3,21.4,0.667,0.0,0.0,0.0,6.1,10.2,0.6,4.1,3.1,7.1,4.1,3.1,3.1,1.0,4.1,2.0,8.2,34.7,11.2,58.6,0,0,54.1,1,1,13151,1,3566,668,2089,3541,14651,20560,14651,2813,1348,10302,3236,16564,9572,9739,5891,2510,7441,686,14978,1015,981,7136,1356,2248,138,1550,1,35:17,2023,2024
2023-24,1630631,Jose Alvarado,Jose,1610612740,NOP,New Orleans Pelicans,22300964,2024-03-15T00:00:00,NOP vs. LAC,W,14.65,7.4,12.3,0.6,7.4,12.3,0.6,0.0,0.0,0.0,0.0,0.0,0.0,0.0,0.0,2.5,0.0,2.5,7.4,0.0,22.1,12.3,29.5,0,0,34.4,1,1,13151,1,19560,8190,12815,5678,532,1352,3197,13417,14233,13417,13449,22149,23241,19657,16035,3914,8529,2341,1799,17532,6164,6654,14895,2248,138,10305,1,14:39,2023,2024
2023-24,1627742,Brandon Ingram,Brandon,1610612740,NOP,New Orleans Pelicans,22300964,2024-03-15T00:00:00,NOP vs. LAC,W,34.95,4.1,12.4,0.333,2.1,4.1,0.5,3.1,4.1,0.75,0.0,5.2,5.2,7.2,0.0,1.0,0.0,1.0,3.1,3.1,13.4,1.0,33.5,0,0,29.9,1,1,13151,1,3854,16735,12699,17629,9253,14463,4049,7580,7567,8216,13449,10326,14097,3792,16035,10742,8529,7742,10419,8894,14599,12249,12004,2248,138,13728,1,34:57,2023,2024
2023-24,1626204,Larry Nance Jr.,Larry,1610612740,NOP,New Orleans Pelicans,22300964,2024-03-15T00:00:00,NOP vs. LAC,W,27.53333333333333,5.2,7.8,0.667,0.0,1.3,0.0,5.2,5.2,1.0,2.6,2.6,5.2,3.9,0.0,0.0,0.0,0.0,3.9,3.9,15.7,11.8,27.8,0,0,24.8,1,1,13151,1,10007,13791,20142,3541,14651,20013,14651,3838,5623,1,6038,17964,13904,10152,16035,12108,8529,9067,7517,6580,12200,6899,16063,2248,138,17481,1,27:32,2023,2024
2023-24,202685,Jonas Valančiūnas,Jonas,1610612740,NOP,New Orleans Pelicans,22300964,2024-03-15T00:00:00,NOP vs. LAC,W,18.15,2.0,11.9,0.167,0.0,2.0,0.0,4.0,4.0,1.0,4.0,7.9,11.9,0.0,0.0,0.0,0.0,0.0,6.0,6.0,7.9,-4.0,22.2,0,0,19.8,1,1,13151,1,17194,21435,13516,21962,14651,19010,14651,5825,7864,1,3403,4770,3475,19657,16035,12108,8529,9067,3100,2774,19889,15091,19761,2248,138,20674,1,18:09,2023,2024
2023-24,1630530,Trey Murphy III,Trey,1610612740,NOP,New Orleans Pelicans,22300964,2024-03-15T00:00:00,NOP vs. LAC,W,32.361666666666665,5.6,11.1,0.5,4.4,10.0,0.444,0.0,0.0,0.0,1.1,5.6,6.7,4.4,0.0,0.0,0.0,0.0,0.0,0.0,15.6,8.9,30.3,0,0,31.1,1,1,13151,1,5972,12800,14841,8954,2825,2954,7253,13417,14233,13417,11701,9280,10528,8842,16035,12108,8529,9067,20240,17532,12310,8226,14372,2248,138,12701,1,32:22,2023,2024
2023-24,1630230,Naji Marshall,Naji,1610612740,NOP,New Orleans Pelicans,22300964,2024-03-15T00:00:00,NOP vs. LAC,W,14.15,7.6,20.4,0.375,5.1,12.7,0.4,0.0,0.0,0.0,0.0,5.1,5.1,2.5,0.0,2.5,0.0,0.0,7.6,0.0,20.4,5.1,37.9,0,0,38.2,1,1,13151,1,19877,7587,2748,16597,1943,1181,7875,13417,14233,13417,13449,10498,14261,14246,16035,3686,8529,9067,1614,17532,7621,10160,8979,2248,138,7697,1,14:09,2023,2024
2023-24,203468,CJ McCollum,CJ,1610612740,NOP,New Orleans Pelicans,22300964,2024-03-15T00:00:00,NOP vs. LAC,W,29.8,6.0,15.7,0.385,1.2,8.5,0.143,0.0,0.0,0.0,0.0,7.2,7.2,4.8,2.4,1.2,0.0,1.2,1.2,0.0,13.3,0.0,30.4,0,0,29.0,1,1,13151,1,8121,11491,7524,16373,12837,4905,14340,13417,14233,13417,13449,5806,9366,7925,8249,9217,8529,6417,18478,17532,14724,12394,14229,2248,138,14420,1,29:48,2023,2024
2023-24,1630230,Naji Marshall,Naji,1610612740,NOP,New Orleans Pelicans,22300951,2024-03-13T00:00:00,NOP vs. CLE,L,26.016666666666666,2.8,9.7,0.286,1.4,6.9,0.2,2.8,2.8,1.0,0.0,6.9,6.9,2.8,1.4,1.4,0.0,0.0,0.0,1.4,9.7,-37.4,24.9,0,0,23.5,1,13252,1,13252,11227,19915,17308,19775,12000,7703,13222,8414,10461,1,13449,6338,9987,13548,12933,8171,8529,9067,20240,15391,18324,24587,18099,2248,138,18391,1,26:01,2023,2024
2023-24,1629627,Zion Williamson,Zion,1610612740,NOP,New Orleans Pelicans,22300951,2024-03-13T00:00:00,NOP vs. CLE,L,34.97833333333333,13.4,21.6,0.619,0.0,0.0,0.0,7.2,9.3,0.778,2.1,7.2,9.3,1.0,2.1,1.0,0.0,2.1,1.0,7.2,34.0,-22.6,47.7,0,0,46.3,1,13252,1,13252,3832,907,1987,5477,14651,20560,14651,1947,1758,8122,7711,5880,6143,19334,9866,10756,8529,3281,19456,1584,1098,22263,4017,2248,138,3571,1,34:59,2023,2024
2023-24,1626204,Larry Nance Jr.,Larry,1610612740,NOP,New Orleans Pelicans,22300951,2024-03-13T00:00:00,NOP vs. CLE,L,16.831666666666667,0.0,4.3,0.0,0.0,0.0,0.0,0.0,0.0,0.0,0.0,10.7,10.7,6.4,2.1,4.3,0.0,0.0,0.0,0.0,0.0,-32.1,33.2,0,0,25.7,1,13252,1,13252,18113,22557,23904,22557,14651,20560,14651,13417,14233,13417,13449,2030,4545,4933,9474,1119,8529,9067,20240,17532,23140,23981,12232,2248,138,16905,1,16:50,2023,2024
2023-24,1627742,Brandon Ingram,Brandon,1610612740,NOP,New Orleans Pelicans,22300951,2024-03-13T00:00:00,NOP vs. CLE,L,32.083333333333336,9.0,15.7,0.571,0.0,1.1,0.0,4.5,5.6,0.8,1.1,4.5,5.6,5.6,2.2,1.1,0.0,0.0,2.2,3.4,22.4,1.1,38.7,0,0,35.9,1,13252,1,13252,6213,4990,7517,6891,14651,20263,14651,4875,5051,7723,11626,12257,12954,6288,8975,9899,8529,9067,13963,8057,5939,12171,8449,2248,138,9200,1,32:05,2023,2024
2023-24,1630526,Jeremiah Robinson-Earl,Jeremiah,1610612740,NOP,New Orleans Pelicans,22300951,2024-03-13T00:00:00,NOP vs. CLE,L,4.633333333333334,0.0,7.8,0.0,0.0,7.8,0.0,0.0,0.0,0.0,7.8,0.0,7.8,15.5,0.0,0.0,0.0,0.0,0.0,0.0,0.0,23.3,32.6,0,0,23.3,1,13252,1,13252,24170,22557,20230,22557,14651,5993,14651,13417,14233,13417,771,22149,8400,249,16035,12108,8529,9067,20240,17532,23140,3134,12659,2248,138,18535,1,4:38,2023,2024
2023-24,1641722,Jordan Hawkins,Jordan,1610612740,NOP,New Orleans Pelicans,22300951,2024-03-13T00:00:00,NOP vs. CLE,L,4.633333333333334,7.8,31.1,0.25,0.0,7.8,0.0,7.8,15.5,0.5,0.0,0.0,0.0,0.0,0.0,0.0,0.0,0.0,0.0,7.8,23.3,23.3,23.3,0,0,23.3,1,13252,1,13252,24170,7284,216,20383,14651,5993,14651,1609,343,10591,13449,22149,23241,19657,16035,12108,8529,9067,20240,1226,5320,3134,19080,2248,138,18535,1,4:38,2023,2024
2023-24,202685,Jonas Valančiūnas,Jonas,1610612740,NOP,New Orleans Pelicans,22300951,2024-03-13T00:00:00,NOP vs. CLE,L,14.835,4.9,17.0,0.286,2.4,4.9,0.5,0.0,0.0,0.0,4.9,12.1,17.0,4.9,2.4,0.0,0.0,2.4,2.4,2.4,12.1,-24.3,37.4,0,0,36.4,1,13252,1,13252,19441,14821,5907,19775,7824,12649,4049,13417,14233,13417,2388,1305,1044,7879,8211,12108,8529,2397,13162,11191,15981,22633,9328,2248,138,8826,1,14:50,2023,2024
2023-24,1630530,Trey Murphy III,Trey,1610612740,NOP,New Orleans Pelicans,22300951,2024-03-13T00:00:00,NOP vs. CLE,L,27.6,5.2,13.0,0.4,1.3,7.8,0.167,2.6,2.6,1.0,0.0,1.3,1.3,3.9,2.6,0.0,1.3,0.0,3.9,2.6,14.3,-31.3,23.1,0,0,23.5,1,13252,1,13252,9954,13826,11511,15260,12345,5905,13950,8770,10851,1,13449,21341,22783,10179,7541,12108,5734,9067,7549,10555,13584,23862,19205,2248,138,18417,1,27:36,2023,2024
2023-24,1630631,Jose Alvarado,Jose,1610612740,NOP,New Orleans Pelicans,22300951,2024-03-13T00:00:00,NOP vs. CLE,L,18.73333333333333,3.8,7.7,0.5,1.9,1.9,1.0,0.0,0.0,0.0,0.0,3.8,3.8,0.0,0.0,0.0,0.0,0.0,1.9,0.0,9.6,-51.9,14.2,0,0,15.4,1,13252,1,13252,16773,17444,20345,8954,9964,19121,1,13417,14233,13417,13449,14184,17525,19657,16035,12108,8529,9067,15687,17532,18407,25451,23328,2248,138,22750,1,18:44,2023,2024
2023-24,1630346,Matt Ryan,Matt,1610612740,NOP,New Orleans Pelicans,22300951,2024-03-13T00:00:00,NOP vs. CLE,L,4.633333333333334,0.0,0.0,0.0,0.0,0.0,0.0,0.0,0.0,0.0,0.0,0.0,0.0,0.0,0.0,0.0,0.0,0.0,0.0,0.0,0.0,23.3,0.0,0,0,0.0,1,13252,1,13252,24170,22557,24896,22557,14651,20560,14651,13417,14233,13417,13449,22149,23241,19657,16035,12108,8529,9067,20240,17532,23140,3134,25245,2248,138,25279,1,4:38,2023,2024
2023-24,203468,CJ McCollum,CJ,1610612740,NOP,New Orleans Pelicans,22300951,2024-03-13T00:00:00,NOP vs. CLE,L,29.266666666666666,3.7,12.3,0.3,0.0,6.2,0.0,2.5,2.5,1.0,0.0,3.7,3.7,1.2,1.2,0.0,2.5,1.2,0.0,1.2,9.8,7.4,22.3,0,0,19.7,1,13252,1,13252,8545,17804,12797,19532,14651,9414,14651,9139,11230,1,13449,14673,17911,18678,13773,12108,2580,6292,20240,16074,18184,8988,19728,2248,138,20758,1,29:16,2023,2024
2023-24,1630529,Herbert Jones,Herbert,1610612740,NOP,New Orleans Pelicans,22300951,2024-03-13T00:00:00,NOP vs. CLE,L,25.755,0.0,0.0,0.0,0.0,0.0,0.0,4.2,5.6,0.75,1.4,5.6,7.0,4.2,1.4,2.8,4.2,0.0,7.0,2.8,4.2,5.6,38.4,0,0,29.4,1,13252,1,13252,11451,22557,24896,22557,14651,20560,14651,5402,5081,8216,10148,9192,9851,9451,12859,3057,920,9067,2039,9944,22400,9885,8621,2248,138,14129,1,25:45,2023,2024
2023-24,1630631,Jose Alvarado,Jose,1610612740,NOP,New Orleans Pelicans,22300925,2024-03-10T00:00:00,NOP @ ATL,W,17.316666666666666,4.2,8.3,0.5,4.2,6.2,0.667,0.0,0.0,0.0,0.0,4.2,4.2,2.1,2.1,2.1,0.0,0.0,0.0,2.1,12.5,24.9,24.7,0,0,27.0,1,1,13151,1,17780,16637,19497,8954,3305,9206,2080,13417,14233,13417,13449,13236,16708,15857,9765,5197,8529,9067,20240,12639,15627,2789,18221,2248,138,15915,1,17:19,2023,2024
2023-24,1627742,Brandon Ingram,Brandon,1610612740,NOP,New Orleans Pelicans,22300925,2024-03-10T00:00:00,NOP @ ATL,W,31.83333333333333,3.4,10.2,0.333,0.0,1.1,0.0,1.1,2.3,0.5,0.0,7.9,7.9,11.3,2.3,1.1,0.0,0.0,2.3,2.3,7.9,1.1,35.5,0,0,29.4,1,1,13151,1,6415,18464,16463,17629,14651,20256,14651,12644,11750,10591,13449,4793,8154,964,8898,9833,8529,9067,13882,11842,19909,12166,10602,2248,138,14089,1,31:50,2023,2024
2023-24,202685,Jonas Valančiūnas,Jonas,1610612740,NOP,New Orleans Pelicans,22300925,2024-03-10T00:00:00,NOP @ ATL,W,16.533333333333335,2.2,4.4,0.5,0.0,0.0,0.0,4.4,4.4,1.0,0.0,19.6,19.6,2.2,4.4,0.0,4.4,0.0,2.2,2.2,8.7,6.5,44.2,0,0,39.2,1,1,13151,1,18318,21091,23853,8954,14651,20560,14651,5095,7082,1,13449,203,581,15514,2882,12108,864,9067,14264,12192,19237,9446,5459,2248,138,7026,1,16:32,2023,2024
2023-24,1630530,Trey Murphy III,Trey,1610612740,NOP,New Orleans Pelicans,22300925,2024-03-10T00:00:00,NOP @ ATL,W,30.316666666666663,11.9,21.4,0.556,7.1,15.4,0.462,2.4,2.4,1.0,0.0,8.3,8.3,2.4,2.4,0.0,0.0,1.2,1.2,1.2,33.2,16.6,44.4,0,0,51.1,1,1,13151,1,7706,1682,2117,7603,623,529,7187,9372,11454,1,13449,4248,7519,14807,8407,12108,8529,6543,18569,16270,1242,5016,5358,2248,138,2182,1,30:19,2023,2024
2023-24,1630529,Herbert Jones,Herbert,1610612740,NOP,New Orleans Pelicans,22300925,2024-03-10T00:00:00,NOP @ ATL,W,30.433333333333334,3.5,5.9,0.6,1.2,2.4,0.5,0.0,0.0,0.0,0.0,1.2,1.2,2.4,2.4,2.4,3.5,0.0,3.5,0.0,8.3,0.0,28.6,0,0,24.8,1,1,13151,1,7607,18117,22512,5678,12953,18206,4049,13417,14233,13417,13449,21608,22934,14843,8441,4171,1332,9067,8776,17532,19610,12394,15499,2248,138,17484,1,30:26,2023,2024
2023-24,1630230,Naji Marshall,Naji,1610612740,NOP,New Orleans Pelicans,22300925,2024-03-10T00:00:00,NOP @ ATL,W,17.566666666666666,6.1,10.2,0.6,2.0,2.0,1.0,0.0,0.0,0.0,0.0,10.2,10.2,6.1,0.0,0.0,0.0,0.0,0.0,0.0,14.3,26.6,35.9,0,0,32.8,1,1,13151,1,17601,11237,16350,5678,9310,18853,1,13417,14233,13417,13449,2360,5018,5350,16035,12108,8529,9067,20240,17532,13588,2466,10333,2248,138,11459,1,17:34,2023,2024
2023-24,203468,CJ McCollum,CJ,1610612740,NOP,New Orleans Pelicans,22300925,2024-03-10T00:00:00,NOP @ ATL,W,30.683333333333334,8.2,16.4,0.5,4.7,8.2,0.571,2.3,3.5,0.667,1.2,3.5,4.7,3.5,2.3,0.0,0.0,1.2,0.0,2.3,23.5,1.2,32.0,0,0,36.4,1,1,13151,1,7389,6365,6566,8954,2438,5260,3678,9448,8793,9424,11295,15197,15354,11256,8519,12108,8529,6631,20240,11490,5211,12146,13066,2248,138,8840,1,30:41,2023,2024
2023-24,1629627,Zion Williamson,Zion,1610612740,NOP,New Orleans Pelicans,22300925,2024-03-10T00:00:00,NOP @ ATL,W,36.41666666666666,9.9,13.8,0.714,0.0,0.0,0.0,6.9,9.9,0.7,2.0,4.0,5.9,6.9,1.0,0.0,2.0,2.0,2.0,4.9,26.7,5.9,49.1,0,0,43.5,1,1,13151,1,2652,3627,10247,2921,14651,20560,14651,2130,1475,9371,8067,13861,12196,4192,15422,12108,3659,3562,15361,4338,3375,9717,3471,2248,138,4768,1,36:25,2023,2024
2023-24,1626204,Larry Nance Jr.,Larry,1610612740,NOP,New Orleans Pelicans,22300925,2024-03-10T00:00:00,NOP @ ATL,W,28.9,5.0,5.0,1.0,0.0,0.0,0.0,2.5,3.7,0.667,1.2,1.2,2.5,3.7,0.0,5.0,0.0,0.0,1.2,3.7,12.5,18.7,36.0,0,0,28.7,1,1,13151,1,8883,14480,23397,1,14651,20560,14651,9074,8357,9424,10878,21468,20721,10661,16035,749,8529,9067,18308,7082,15638,4332,10225,2248,138,14673,1,28:54,2023,2024
2023-24,1629627,Zion Williamson,Zion,1610612740,NOP,New Orleans Pelicans,22300909,2024-03-08T00:00:00,NOP @ PHI,W,34.61666666666667,7.3,14.6,0.5,0.0,1.0,0.0,9.4,9.4,1.0,2.1,10.4,12.5,4.2,1.0,2.1,3.1,2.1,2.1,5.2,23.9,13.5,59.7,1,0,51.0,1,1,13151,1,4122,8406,9179,8954,14651,20367,14651,911,1715,1,7629,2229,3056,9524,15046,5189,1707,3213,14758,3882,4921,6155,1198,1,138,2202,1,34:37,2023,2024
2023-24,202685,Jonas Valančiūnas,Jonas,1610612740,NOP,New Orleans Pelicans,22300909,2024-03-08T00:00:00,NOP @ PHI,W,19.466666666666665,3.7,12.9,0.286,0.0,5.5,0.0,3.7,3.7,1.0,5.5,12.9,18.5,3.7,1.8,1.8,1.8,1.8,5.5,5.5,11.1,0.0,48.1,0,0,40.7,1,1,13151,1,16218,17785,11686,19775,14651,10886,14651,6354,8438,1,1809,1040,741,10779,10999,6248,4051,4025,3666,3312,17021,12394,3843,2248,138,6203,1,19:28,2023,2024
2023-24,1630530,Trey Murphy III,Trey,1610612740,NOP,New Orleans Pelicans,22300909,2024-03-08T00:00:00,NOP @ PHI,W,27.966666666666665,3.9,10.3,0.375,2.6,9.0,0.286,2.6,2.6,1.0,1.3,2.6,3.9,3.9,0.0,1.3,1.3,0.0,1.3,1.3,12.9,11.6,31.0,0,0,28.3,1,1,13151,1,9634,17389,16257,16597,7336,4107,11375,8862,10954,1,10667,18063,17483,10326,16035,8697,5817,9067,18140,15804,15177,6984,13826,2248,138,14943,1,27:58,2023,2024
2023-24,1630230,Naji Marshall,Naji,1610612740,NOP,New Orleans Pelicans,22300909,2024-03-08T00:00:00,NOP @ PHI,W,17.8,14.2,16.2,0.875,8.1,8.1,1.0,2.0,2.0,1.0,2.0,6.1,8.1,2.0,4.0,2.0,2.0,0.0,2.0,4.0,38.4,46.5,59.3,0,0,64.7,1,1,13151,1,17433,704,6874,1472,381,5451,1,10450,12482,1,7862,8059,7849,16073,3422,5449,3513,9067,15086,6299,571,694,1250,2248,138,525,1,17:48,2023,2024
2023-24,1630631,Jose Alvarado,Jose,1610612740,NOP,New Orleans Pelicans,22300909,2024-03-08T00:00:00,NOP @ PHI,W,20.55,3.5,12.3,0.286,1.8,5.3,0.333,3.5,3.5,1.0,0.0,1.8,1.8,3.5,0.0,1.8,0.0,0.0,3.5,3.5,12.3,21.0,24.9,0,0,22.8,1,1,13151,1,15407,18205,12870,19775,10707,11634,9124,6717,8815,1,13449,20459,22193,11298,16035,6671,8529,9067,8916,7690,15848,3663,18119,2248,138,18865,1,20:33,2023,2024
2023-24,1626204,Larry Nance Jr.,Larry,1610612740,NOP,New Orleans Pelicans,22300909,2024-03-08T00:00:00,NOP @ PHI,W,26.916666666666668,2.7,9.4,0.286,1.3,1.3,1.0,2.7,2.7,1.0,2.7,2.7,5.3,1.3,0.0,1.3,1.3,4.0,2.7,1.3,9.4,20.1,25.8,0,0,22.7,1,1,13151,1,10497,20097,17871,19775,12185,19964,1,8614,10678,1,5899,17806,13602,18325,16035,8414,5592,726,12225,15583,18642,3922,17495,2248,138,18882,1,26:55,2023,2024
2023-24,1627742,Brandon Ingram,Brandon,1610612740,NOP,New Orleans Pelicans,22300909,2024-03-08T00:00:00,NOP @ PHI,W,34.63333333333333,6.2,10.4,0.6,2.1,2.1,1.0,3.1,4.2,0.75,0.0,7.3,7.3,5.2,4.2,0.0,2.1,0.0,3.1,4.2,17.7,-13.5,36.3,0,0,36.4,1,1,13151,1,4111,10995,16088,5678,9163,18784,1,7524,7490,8216,13449,5768,9327,7099,3190,12108,3360,9067,10310,6031,10172,19450,10050,2248,138,8835,1,34:38,2023,2024
2023-24,1630529,Herbert Jones,Herbert,1610612740,NOP,New Orleans Pelicans,22300909,2024-03-08T00:00:00,NOP @ PHI,W,30.6,1.2,4.7,0.25,1.2,3.5,0.333,1.2,1.2,1.0,0.0,3.5,3.5,3.5,1.2,0.0,1.2,1.2,2.4,1.2,4.7,-17.6,16.6,0,0,15.3,1,1,13151,1,7472,22432,23602,20383,12988,15803,9124,12503,13765,1,13449,15174,18310,11235,14111,12108,6364,6612,13467,16330,22136,20848,22470,2248,138,22775,1,30:36,2023,2024
2023-24,203468,CJ McCollum,CJ,1610612740,NOP,New Orleans Pelicans,22300909,2024-03-08T00:00:00,NOP @ PHI,W,27.45,6.6,18.4,0.357,0.0,9.2,0.0,0.0,0.0,0.0,0.0,5.2,5.2,1.3,3.9,0.0,0.0,0.0,2.6,0.0,13.1,-5.2,17.4,0,0,19.7,1,1,13151,1,10085,10176,4392,17376,14651,3896,14651,13417,14233,13417,13449,10082,13859,18407,3658,12108,8529,9067,12427,17532,14906,15736,22130,2248,138,20761,1,27:27,2023,2024
2023-24,1630631,Jose Alvarado,Jose,1610612740,NOP,New Orleans Pelicans,22300890,2024-03-05T00:00:00,NOP @ TOR,W,23.516666666666666,3.1,10.7,0.286,1.5,6.1,0.25,0.0,0.0,0.0,0.0,3.1,3.1,9.2,3.1,4.6,0.0,0.0,1.5,0.0,7.7,49.0,35.8,0,0,30.6,1,1,13151,1,13198,19258,15534,19775,11418,9482,11776,13417,14233,13417,13449,16560,19413,1979,5888,925,8529,9067,17215,17532,20146,608,10361,2248,138,13118,1,23:31,2023,2024
2023-24,1631167,Izaiah Brockington,Izaiah,1610612740,NOP,New Orleans Pelicans,22300890,2024-03-05T00:00:00,NOP @ TOR,W,3.3833333333333333,21.3,53.2,0.4,0.0,10.6,0.0,0.0,0.0,0.0,10.6,10.6,21.3,0.0,0.0,0.0,0.0,10.6,0.0,0.0,42.6,31.9,68.1,0,0,63.8,1,1,13151,1,24803,124,29,15260,14651,2399,14651,13417,14233,13417,317,2070,417,19657,16035,12108,8529,73,20240,17532,349,1712,549,2248,138,568,1,3:23,2023,2024
2023-24,1629627,Zion Williamson,Zion,1610612740,NOP,New Orleans Pelicans,22300890,2024-03-05T00:00:00,NOP @ TOR,W,25.973333333333333,9.7,15.2,0.636,0.0,0.0,0.0,2.8,2.8,1.0,2.8,8.3,11.1,12.5,1.4,1.4,2.8,0.0,0.0,5.5,22.2,38.8,65.3,0,0,54.1,1,1,13151,1,11270,3852,8158,4933,14651,20560,14651,8403,10448,1,5641,4242,4157,618,12921,8160,2105,9067,20240,3314,6131,1082,722,2248,138,1556,1,25:58,2023,2024
2023-24,1626204,Larry Nance Jr.,Larry,1610612740,NOP,New Orleans Pelicans,22300890,2024-03-05T00:00:00,NOP @ TOR,W,15.566666666666666,6.9,11.6,0.6,0.0,0.0,0.0,0.0,0.0,0.0,4.6,9.3,13.9,4.6,2.3,2.3,2.3,2.3,6.9,2.3,13.9,32.4,49.0,0,0,41.6,1,1,13151,1,18957,9245,14091,5678,14651,20560,14651,13417,14233,13417,2616,3156,2249,8415,8682,4334,2837,2613,2070,11625,14059,1678,3513,2248,138,5663,1,15:34,2023,2024
2023-24,1630530,Trey Murphy III,Trey,1610612740,NOP,New Orleans Pelicans,22300890,2024-03-05T00:00:00,NOP @ TOR,W,29.25,13.5,20.9,0.647,12.3,17.2,0.714,2.5,4.9,0.5,2.5,4.9,7.4,1.2,0.0,1.2,0.0,0.0,0.0,2.5,41.8,54.2,56.2,0,0,65.2,1,1,13151,1,8564,866,2385,4807,109,332,1997,9136,6103,10591,6441,10980,9140,18677,16035,9083,8529,9067,20240,11076,371,471,1695,2248,138,495,1,29:15,2023,2024
2023-24,203469,Cody Zeller,Cody,1610612740,NOP,New Orleans Pelicans,22300890,2024-03-05T00:00:00,NOP @ TOR,W,4.183333333333334,17.2,34.4,0.5,0.0,0.0,0.0,8.6,8.6,1.0,43.0,8.6,51.6,8.6,0.0,0.0,8.6,0.0,8.6,8.6,43.0,34.4,143.7,0,0,120.5,1,1,13151,1,24388,280,136,8954,14651,20560,14651,1194,2148,1,5,3859,18,2422,16035,12108,138,9067,1199,817,330,1456,19,2248,138,36,1,4:11,2023,2024
2023-24,203468,CJ McCollum,CJ,1610612740,NOP,New Orleans Pelicans,22300890,2024-03-05T00:00:00,NOP @ TOR,W,22.5,6.4,17.6,0.364,4.8,14.4,0.333,0.0,0.0,0.0,0.0,6.4,6.4,6.4,1.6,0.0,0.0,1.6,3.2,0.0,17.6,4.8,33.3,0,0,35.2,1,1,13151,1,13938,10586,5169,17149,2287,712,9124,13417,14233,13417,13449,7380,11140,4959,11981,12108,8529,4781,10004,17532,10237,10285,12135,2248,138,9721,1,22:30,2023,2024
2023-24,1630529,Herbert Jones,Herbert,1610612740,NOP,New Orleans Pelicans,22300890,2024-03-05T00:00:00,NOP @ TOR,W,25.326666666666668,8.5,14.2,0.6,7.1,11.4,0.625,0.0,0.0,0.0,0.0,2.8,2.8,4.3,1.4,2.8,0.0,0.0,4.3,0.0,24.2,15.6,41.1,0,0,44.1,1,1,13151,1,11782,5791,9713,5678,628,1866,3078,13417,14233,13417,13449,17304,19988,9286,12746,2960,8529,9067,6498,17532,4764,5355,7046,2248,138,4492,1,25:20,2023,2024
2023-24,1630230,Naji Marshall,Naji,1610612740,NOP,New Orleans Pelicans,22300890,2024-03-05T00:00:00,NOP @ TOR,W,20.416666666666668,8.8,17.6,0.5,1.8,7.1,0.25,0.0,0.0,0.0,5.3,7.1,12.3,7.1,1.8,1.8,0.0,1.8,3.5,0.0,19.4,44.1,48.3,0,0,44.1,1,1,13151,1,15500,5256,5135,8954,10666,7422,11776,13417,14233,13417,2019,6124,3152,4023,11406,6620,8529,4305,8846,17532,8439,794,3768,2248,138,4481,1,20:25,2023,2024
2023-24,202685,Jonas Valančiūnas,Jonas,1610612740,NOP,New Orleans Pelicans,22300890,2024-03-05T00:00:00,NOP @ TOR,W,20.05,5.4,10.8,0.5,3.6,3.6,1.0,3.6,3.6,1.0,1.8,16.2,18.0,1.8,3.6,0.0,1.8,3.6,3.6,3.6,18.0,37.7,44.0,1,0,44.9,1,1,13151,1,15770,13306,15432,8954,4491,15695,1,6556,8658,1,8774,426,849,16890,4462,12108,4211,972,8630,7476,9888,1167,5572,1,138,4100,1,20:03,2023,2024
2023-24,1630346,Matt Ryan,Matt,1610612740,NOP,New Orleans Pelicans,22300890,2024-03-05T00:00:00,NOP @ TOR,W,7.466666666666667,9.6,19.3,0.5,9.6,19.3,0.5,0.0,0.0,0.0,0.0,9.6,9.6,4.8,0.0,0.0,0.0,0.0,4.8,0.0,28.9,24.1,47.7,0,0,53.0,1,1,13151,1,22930,3943,3516,8954,203,206,4049,13417,14233,13417,13449,2813,5690,7951,16035,12108,8529,9067,5070,17532,2449,2975,3985,2248,138,1739,1,7:28,2023,2024
2023-24,1627742,Brandon Ingram,Brandon,1610612740,NOP,New Orleans Pelicans,22300890,2024-03-05T00:00:00,NOP @ TOR,W,25.1,7.2,10.0,0.714,0.0,1.4,0.0,2.9,2.9,1.0,1.4,2.9,4.3,8.6,2.9,0.0,0.0,0.0,4.3,1.4,17.2,11.5,32.4,0,0,30.1,1,1,13151,1,11961,8667,16721,2921,14651,19841,14651,8143,10208,1,10000,17227,16333,2422,6601,12108,8529,9067,6385,15203,10617,7026,12798,2248,138,13511,1,25:06,2023,2024
2023-24,1641722,Jordan Hawkins,Jordan,1610612740,NOP,New Orleans Pelicans,22300890,2024-03-05T00:00:00,NOP @ TOR,W,9.8,3.7,22.0,0.167,0.0,7.3,0.0,0.0,0.0,0.0,0.0,7.3,7.3,0.0,0.0,0.0,0.0,0.0,3.7,0.0,7.3,7.3,16.2,0,0,14.7,1,1,13151,1,22071,17842,1783,21962,14651,6764,14651,13417,14233,13417,13449,5659,9198,19657,16035,12108,8529,9067,8364,17532,20404,9007,22632,2248,138,23002,1,9:48,2023,2024
2023-24,1630526,Jeremiah Robinson-Earl,Jeremiah,1610612740,NOP,New Orleans Pelicans,22300890,2024-03-05T00:00:00,NOP @ TOR,W,7.466666666666667,0.0,9.6,0.0,0.0,0.0,0.0,0.0,0.0,0.0,0.0,9.6,9.6,0.0,0.0,0.0,0.0,4.8,0.0,0.0,0.0,24.1,11.6,0,0,9.6,1,1,13151,1,22930,22557,17388,22557,14651,20560,14651,13417,14233,13417,13449,2813,5690,19657,16035,12108,8529,452,20240,17532,23140,2975,23982,2248,138,24346,1,7:28,2023,2024
2023-24,1630526,Jeremiah Robinson-Earl,Jeremiah,1610612740,NOP,New Orleans Pelicans,22300863,2024-03-01T00:00:00,NOP vs. IND,W,3.8333333333333335,0.0,9.4,0.0,0.0,9.4,0.0,18.8,18.8,1.0,0.0,0.0,0.0,0.0,9.4,0.0,0.0,0.0,0.0,9.4,18.8,-47.0,9.4,0,0,18.8,1,1,13151,1,24585,22557,17818,22557,14651,3637,14651,93,189,1,13449,22149,23241,19657,334,12108,8529,9067,20240,548,9039,25242,24400,2248,138,21217,1,3:50,2023,2024
2023-24,1630230,Naji Marshall,Naji,1610612740,NOP,New Orleans Pelicans,22300863,2024-03-01T00:00:00,NOP vs. IND,W,21.616666666666667,0.0,1.7,0.0,0.0,0.0,0.0,1.7,3.3,0.5,0.0,5.0,5.0,1.7,0.0,1.7,0.0,1.7,0.0,1.7,1.7,-21.6,15.2,0,0,11.7,1,1,13151,1,14601,22557,24855,22557,14651,20560,14651,11385,9143,10591,13449,10777,14530,17263,16035,7005,8529,4599,20240,14359,23121,22003,23007,2248,138,23957,1,21:37,2023,2024
2023-24,203468,CJ McCollum,CJ,1610612740,NOP,New Orleans Pelicans,22300863,2024-03-01T00:00:00,NOP vs. IND,W,25.33333333333333,7.1,15.6,0.455,5.7,9.9,0.571,0.0,0.0,0.0,0.0,5.7,5.7,1.4,0.0,2.8,2.8,0.0,2.8,1.4,19.9,42.6,45.9,0,0,44.1,1,1,13151,1,11773,8831,7627,13083,1399,3024,3678,13417,14233,13417,13449,8968,12760,18023,16035,2961,2018,9067,11508,15249,8010,841,4725,2248,138,4495,1,25:20,2023,2024
2023-24,202685,Jonas Valančiūnas,Jonas,1610612740,NOP,New Orleans Pelicans,22300863,2024-03-01T00:00:00,NOP vs. IND,W,25.566666666666663,9.9,15.5,0.636,1.4,1.4,1.0,0.0,0.0,0.0,4.2,8.4,12.7,4.2,5.6,0.0,2.8,1.4,2.8,2.8,21.1,39.4,45.5,0,0,45.1,1,1,13151,1,11583,3658,7816,4933,11899,19873,1,13417,14233,13417,3041,4076,2940,9376,1476,12108,2055,5415,11631,9868,6981,1039,4902,2248,138,4027,1,25:34,2023,2024
2023-24,203469,Cody Zeller,Cody,1610612740,NOP,New Orleans Pelicans,22300863,2024-03-01T00:00:00,NOP vs. IND,W,5.583333333333333,6.4,12.9,0.5,0.0,0.0,0.0,0.0,0.0,0.0,12.9,12.9,25.8,0.0,12.9,0.0,0.0,6.4,12.9,0.0,12.9,-12.9,30.9,0,0,38.7,1,1,13151,1,23717,10466,11771,8954,14651,20560,14651,13417,14233,13417,198,1056,198,19657,155,12108,8529,221,369,17532,15143,19230,13881,2248,138,7363,1,5:35,2023,2024
2023-24,1630530,Trey Murphy III,Trey,1610612740,NOP,New Orleans Pelicans,22300863,2024-03-01T00:00:00,NOP vs. IND,W,27.7,10.4,18.2,0.571,7.8,15.6,0.5,7.8,11.7,0.667,1.3,7.8,9.1,1.3,0.0,2.6,0.0,0.0,2.6,5.2,36.4,18.2,57.1,0,0,59.8,1,1,13151,1,9875,2998,4546,6891,443,501,4049,1594,885,9424,10596,4974,6389,18445,16035,3532,8529,9067,12508,3884,767,4489,1572,2248,138,878,1,27:42,2023,2024
2023-24,1627742,Brandon Ingram,Brandon,1610612740,NOP,New Orleans Pelicans,22300863,2024-03-01T00:00:00,NOP vs. IND,W,30.466666666666665,15.4,24.8,0.619,1.2,2.4,0.5,8.3,10.6,0.778,1.2,8.3,9.5,7.1,2.4,1.2,0.0,3.5,3.5,8.3,40.2,53.2,63.3,0,0,60.3,1,1,13151,1,7579,454,826,5477,12958,18209,4049,1336,1199,8122,11238,4312,5911,3962,8452,9401,8529,1004,8785,964,450,494,859,2248,138,837,1,30:28,2023,2024
2023-24,1641722,Jordan Hawkins,Jordan,1610612740,NOP,New Orleans Pelicans,22300863,2024-03-01T00:00:00,NOP vs. IND,W,6.616666666666666,10.9,16.3,0.667,10.9,16.3,0.667,0.0,0.0,0.0,5.4,0.0,5.4,0.0,0.0,0.0,0.0,0.0,0.0,0.0,32.6,-21.8,39.2,0,0,49.0,1,1,13151,1,23257,2468,6691,3541,150,416,2080,13417,14233,13417,1899,22149,13379,19657,16035,12108,8529,9067,20240,17532,1369,22032,8159,2248,138,2729,1,6:37,2023,2024
2023-24,1629627,Zion Williamson,Zion,1610612740,NOP,New Orleans Pelicans,22300863,2024-03-01T00:00:00,NOP vs. IND,W,21.45,5.0,10.1,0.5,0.0,0.0,0.0,3.4,6.7,0.5,1.7,3.4,5.0,11.7,8.4,0.0,0.0,1.7,0.0,5.0,13.4,16.8,28.7,0,0,30.2,1,1,13151,1,14723,14335,16651,8954,14651,20560,14651,6993,3690,10591,9156,15652,14410,837,467,12108,8529,4560,20240,4176,14562,4957,15453,2248,138,13423,1,21:27,2023,2024
2023-24,1630631,Jose Alvarado,Jose,1610612740,NOP,New Orleans Pelicans,22300863,2024-03-01T00:00:00,NOP vs. IND,W,24.58333333333333,5.9,10.3,0.571,1.5,5.9,0.25,0.0,0.0,0.0,0.0,4.4,4.4,2.9,2.9,1.5,0.0,0.0,2.9,1.5,13.2,-5.9,24.3,0,0,24.9,1,1,13151,1,12369,12006,16344,6891,11690,10120,11776,13417,14233,13417,13449,12551,16107,13046,6394,7779,8529,9067,11112,15082,14849,16053,18483,2248,138,17446,1,24:35,2023,2024
2023-24,1626204,Larry Nance Jr.,Larry,1610612740,NOP,New Orleans Pelicans,22300863,2024-03-01T00:00:00,NOP vs. IND,W,15.266666666666667,4.7,4.7,1.0,0.0,0.0,0.0,0.0,0.0,0.0,2.4,4.7,7.1,7.1,0.0,0.0,0.0,0.0,2.4,0.0,9.4,18.9,28.5,0,0,23.6,1,1,13151,1,19158,15171,23595,1,14651,20560,14651,13417,14233,13417,6730,11590,9707,3992,16035,12108,8529,9067,13445,17532,18577,4277,15576,2248,138,18355,1,15:16,2023,2024
2023-24,1630346,Matt Ryan,Matt,1610612740,NOP,New Orleans Pelicans,22300863,2024-03-01T00:00:00,NOP vs. IND,W,5.583333333333333,0.0,19.3,0.0,0.0,12.9,0.0,0.0,0.0,0.0,6.4,0.0,6.4,0.0,6.4,0.0,0.0,6.4,6.4,0.0,0.0,-12.9,1.3,0,0,6.4,1,1,13151,1,23717,22557,3477,22557,14651,1116,14651,13417,14233,13417,1247,22149,11015,19657,974,12108,8529,221,2525,17532,23140,19230,25206,2248,138,24907,1,5:35,2023,2024
2023-24,1630529,Herbert Jones,Herbert,1610612740,NOP,New Orleans Pelicans,22300863,2024-03-01T00:00:00,NOP vs. IND,W,26.4,4.1,5.5,0.75,0.0,0.0,0.0,0.0,0.0,0.0,0.0,1.4,1.4,1.4,0.0,2.7,0.0,0.0,2.7,1.4,8.2,40.9,20.0,0,0,16.4,1,1,13151,1,10900,16806,22958,2237,14651,20560,14651,13417,14233,13417,13449,21218,22703,18223,16035,3225,8529,9067,12033,15471,19680,930,20955,2248,138,22343,1,26:24,2023,2024
2023-24,1626204,Larry Nance Jr.,Larry,1610612740,NOP,New Orleans Pelicans,22300843,2024-02-28T00:00:00,NOP @ IND,L,22.555,4.8,4.8,1.0,0.0,0.0,0.0,0.0,0.0,0.0,1.6,8.0,9.6,1.6,3.2,0.0,1.6,0.0,1.6,1.6,9.6,-1.6,25.1,0,0,23.9,1,13252,1,13252,13899,14972,23549,1,14651,20560,14651,13417,14233,13417,9424,4701,5769,17474,5479,12108,4709,9067,16999,14599,18432,13957,18014,2248,138,18108,1,22:33,2023,2024
2023-24,1630230,Naji Marshall,Naji,1610612740,NOP,New Orleans Pelicans,22300843,2024-02-28T00:00:00,NOP @ IND,L,28.02,0.0,0.0,0.0,0.0,0.0,0.0,0.0,0.0,0.0,0.0,10.3,10.3,5.1,5.1,1.3,2.6,0.0,0.0,2.6,0.0,-6.4,26.5,0,0,23.1,1,13252,1,13252,9580,22557,24896,22557,14651,20560,14651,13417,14233,13417,13449,2338,4986,7233,1883,8719,2390,9067,20240,10696,23140,16341,17039,2248,138,18653,1,28:01,2023,2024
2023-24,203468,CJ McCollum,CJ,1610612740,NOP,New Orleans Pelicans,22300843,2024-02-28T00:00:00,NOP @ IND,L,34.37166666666667,9.4,22.0,0.429,5.2,8.4,0.625,0.0,0.0,0.0,2.1,4.2,6.3,3.1,1.0,0.0,0.0,3.1,3.1,0.0,24.1,-19.9,35.3,0,0,38.8,1,13252,1,13252,4314,4256,1802,14111,1788,5015,3078,13417,14233,13417,7573,13131,11382,12358,15000,12108,8529,1371,10229,17532,4810,21508,10739,2248,138,7317,1,34:22,2023,2024
2023-24,1629627,Zion Williamson,Zion,1610612740,NOP,New Orleans Pelicans,22300843,2024-02-28T00:00:00,NOP @ IND,L,31.966666666666665,11.3,22.5,0.5,1.1,2.3,0.5,2.3,5.6,0.4,1.1,2.3,3.4,4.5,1.1,0.0,0.0,1.1,2.3,5.6,25.9,-14.6,35.6,0,0,34.9,1,13252,1,13252,6315,2110,1555,8954,13280,18431,4049,9715,5027,12977,11596,18987,18635,8701,14441,12108,8529,6960,13920,3189,3763,19861,10546,2248,138,9915,1,31:58,2023,2024
2023-24,1627742,Brandon Ingram,Brandon,1610612740,NOP,New Orleans Pelicans,22300843,2024-02-28T00:00:00,NOP @ IND,L,28.56833333333333,10.1,25.2,0.4,1.3,6.3,0.2,16.4,16.4,1.0,1.3,6.3,7.6,5.0,1.3,0.0,0.0,1.3,1.3,11.3,37.8,-3.8,53.2,0,0,51.7,1,13252,1,13252,9138,3382,742,15260,12570,9069,13222,146,293,1,10816,7596,8797,7442,13590,12108,8529,6121,18250,258,628,14990,2330,2248,138,2037,1,28:34,2023,2024
2023-24,1630529,Herbert Jones,Herbert,1610612740,NOP,New Orleans Pelicans,22300843,2024-02-28T00:00:00,NOP @ IND,L,38.475,4.7,8.4,0.556,0.9,2.8,0.333,2.8,3.7,0.75,0.9,2.8,3.7,0.9,0.0,0.0,0.9,0.9,3.7,1.9,13.1,7.5,21.8,0,0,20.6,1,13252,1,13252,1338,15265,19359,7603,14413,17369,9124,8307,8349,8216,13060,17411,17788,19572,16035,12108,8122,8602,8115,13589,14921,8923,20046,2248,138,20242,1,38:29,2023,2024
2023-24,1641722,Jordan Hawkins,Jordan,1610612740,NOP,New Orleans Pelicans,22300843,2024-02-28T00:00:00,NOP @ IND,L,17.648333333333333,6.1,10.2,0.6,2.0,6.1,0.333,0.0,0.0,0.0,0.0,0.0,0.0,4.1,2.0,0.0,0.0,0.0,2.0,0.0,14.3,30.6,18.4,0,0,20.4,1,13252,1,13252,17552,11309,16432,5678,9362,9487,9124,13417,14233,13417,13449,22149,23241,9747,9948,12108,8529,9067,14980,17532,13653,1885,21721,2248,138,20351,1,17:39,2023,2024
2023-24,202685,Jonas Valančiūnas,Jonas,1610612740,NOP,New Orleans Pelicans,22300843,2024-02-28T00:00:00,NOP @ IND,L,7.116666666666666,0.0,5.1,0.0,0.0,0.0,0.0,0.0,0.0,0.0,0.0,15.2,15.2,0.0,0.0,0.0,0.0,5.1,0.0,0.0,0.0,-70.8,18.2,0,0,15.2,1,13252,1,13252,23060,22557,23329,22557,14651,20560,14651,13417,14233,13417,13449,541,1609,19657,16035,12108,8529,406,20240,17532,23140,25893,21804,2248,138,22812,1,7:07,2023,2024
2023-24,1630530,Trey Murphy III,Trey,1610612740,NOP,New Orleans Pelicans,22300843,2024-02-28T00:00:00,NOP @ IND,L,31.27833333333333,4.6,12.7,0.364,2.3,9.2,0.25,1.2,1.2,1.0,1.2,3.5,4.6,8.1,0.0,1.2,0.0,2.3,0.0,2.3,12.7,-15.0,33.7,0,0,29.9,1,13252,1,13252,6880,15479,12179,17149,8243,3853,11776,12586,13805,1,11445,15387,15578,2874,16035,9671,8529,2643,20240,11673,15428,19980,11830,2248,138,13675,1,31:17,2023,2024
2023-24,1630346,Matt Ryan,Matt,1610612740,NOP,New Orleans Pelicans,22300837,2024-02-27T00:00:00,NOP @ NYK,W,11.966666666666669,6.0,6.0,1.0,6.0,6.0,1.0,0.0,0.0,0.0,0.0,3.0,3.0,3.0,0.0,0.0,0.0,0.0,0.0,0.0,18.1,24.1,26.2,0,0,30.1,1,1,13151,1,21150,11563,22389,1,1122,9719,1,13417,14233,13417,13449,16726,19548,12761,16035,12108,8529,9067,20240,17532,9769,2990,17247,2248,138,13537,1,11:58,2023,2024
2023-24,1626204,Larry Nance Jr.,Larry,1610612740,NOP,New Orleans Pelicans,22300837,2024-02-27T00:00:00,NOP @ NYK,W,19.08333333333333,3.8,5.7,0.667,0.0,1.9,0.0,0.0,1.9,0.0,5.7,5.7,11.3,5.7,1.9,0.0,0.0,0.0,7.5,3.8,7.5,17.0,27.7,0,0,24.5,1,1,13151,1,16500,17610,22763,3541,14651,19201,14651,13417,12844,13417,1733,9041,3951,6195,10787,12108,8529,9067,1679,6997,20231,4903,16149,2248,138,17719,1,19:05,2023,2024
2023-24,1630529,Herbert Jones,Herbert,1610612740,NOP,New Orleans Pelicans,22300837,2024-02-27T00:00:00,NOP @ NYK,W,33.61666666666667,4.3,6.4,0.667,3.2,4.3,0.75,4.3,4.3,1.0,0.0,1.1,1.1,1.1,1.1,2.1,0.0,1.1,3.2,3.2,16.1,18.2,24.3,0,0,25.7,1,1,13151,1,4915,16307,21964,3541,5408,14063,1673,5205,7233,1,13449,21839,23070,19203,14848,4933,8529,7404,9959,8525,11820,4481,18482,2248,138,16880,1,33:37,2023,2024
2023-24,1630526,Jeremiah Robinson-Earl,Jeremiah,1610612740,NOP,New Orleans Pelicans,22300837,2024-02-27T00:00:00,NOP @ NYK,W,2.65,27.2,40.8,0.667,27.2,27.2,1.0,0.0,0.0,0.0,0.0,13.6,13.6,0.0,0.0,0.0,0.0,13.6,13.6,0.0,81.5,13.6,97.8,0,0,122.3,1,1,13151,1,25170,54,71,3541,10,64,1,13417,14233,13417,13449,869,2408,19657,16035,12108,8529,43,319,17532,31,6124,94,2248,138,30,1,2:39,2023,2024
2023-24,1629627,Zion Williamson,Zion,1610612740,NOP,New Orleans Pelicans,22300837,2024-02-27T00:00:00,NOP @ NYK,W,29.4,8.6,18.4,0.467,0.0,0.0,0.0,8.6,9.8,0.875,2.4,3.7,6.1,4.9,7.3,0.0,2.4,2.4,7.3,6.1,25.7,11.0,40.4,0,0,41.6,1,1,13151,1,8449,5705,4388,12709,14651,20560,14651,1206,1508,6953,6475,14719,11736,7774,665,12108,2592,2356,1815,2571,3867,7228,7459,2248,138,5658,1,29:24,2023,2024
2023-24,1641722,Jordan Hawkins,Jordan,1610612740,NOP,New Orleans Pelicans,22300837,2024-02-27T00:00:00,NOP @ NYK,W,16.866666666666667,2.1,10.7,0.2,2.1,8.5,0.25,0.0,0.0,0.0,0.0,8.5,8.5,0.0,0.0,0.0,2.1,0.0,0.0,2.1,6.4,12.8,23.1,0,0,21.3,1,1,13151,1,18080,21176,15596,21471,8926,4792,11776,13417,14233,13417,13449,3946,7181,19657,16035,12108,3243,9067,20240,12373,21101,6451,19240,2248,138,19804,1,16:52,2023,2024
2023-24,1630230,Naji Marshall,Naji,1610612740,NOP,New Orleans Pelicans,22300837,2024-02-27T00:00:00,NOP @ NYK,W,28.216666666666665,1.3,5.1,0.25,1.3,3.8,0.333,0.0,0.0,0.0,1.3,3.8,5.1,3.8,1.3,1.3,0.0,0.0,0.0,0.0,3.8,16.6,18.2,0,0,16.6,1,1,13151,1,9434,22350,23297,20383,12493,15117,9124,13417,14233,13417,10731,14232,14214,10420,13487,8763,8529,9067,20240,17532,22568,5032,21782,2248,138,22275,1,28:13,2023,2024
2023-24,1631220,Dereon Seabron,Dereon,1610612740,NOP,New Orleans Pelicans,22300837,2024-02-27T00:00:00,NOP @ NYK,W,2.65,0.0,0.0,0.0,0.0,0.0,0.0,0.0,0.0,0.0,0.0,0.0,0.0,13.6,0.0,0.0,0.0,0.0,0.0,0.0,0.0,13.6,20.4,0,0,13.6,1,1,13151,1,25170,22557,24896,22557,14651,20560,14651,13417,14233,13417,13449,22149,23241,432,16035,12108,8529,9067,20240,17532,23140,6124,20773,2248,138,23371,1,2:39,2023,2024
2023-24,1630622,Jalen Crutcher,Jalen,1610612740,NOP,New Orleans Pelicans,22300837,2024-02-27T00:00:00,NOP @ NYK,W,2.65,0.0,13.6,0.0,0.0,0.0,0.0,0.0,0.0,0.0,0.0,0.0,0.0,0.0,0.0,0.0,0.0,0.0,0.0,0.0,0.0,13.6,0.0,0,0,0.0,1,1,13151,1,25170,22557,10624,22557,14651,20560,14651,13417,14233,13417,13449,22149,23241,19657,16035,12108,8529,9067,20240,17532,23140,6124,25245,2248,138,25279,1,2:39,2023,2024
2023-24,1627742,Brandon Ingram,Brandon,1610612740,NOP,New Orleans Pelicans,22300837,2024-02-27T00:00:00,NOP @ NYK,W,33.81666666666667,9.6,19.2,0.5,3.2,7.5,0.429,3.2,3.2,1.0,0.0,6.4,6.4,5.3,5.3,0.0,2.1,1.1,3.2,3.2,25.5,16.0,42.3,0,0,44.7,1,1,13151,1,4760,4018,3618,8954,5464,6562,7457,7351,9443,1,13449,7408,11169,6858,1726,12108,3255,7459,10030,8577,3953,5249,6455,2248,138,4199,1,33:49,2023,2024
2023-24,1630530,Trey Murphy III,Trey,1610612740,NOP,New Orleans Pelicans,22300837,2024-02-27T00:00:00,NOP @ NYK,W,36.0,9.0,14.0,0.643,6.0,11.0,0.545,2.0,3.0,0.667,2.0,5.0,7.0,4.0,0.0,1.0,0.0,0.0,3.0,3.0,26.0,17.0,43.4,0,0,45.0,1,1,13151,1,2963,4924,10007,4855,1129,2116,3982,10536,9885,9424,7962,10758,9829,9948,16035,11078,8529,9067,10765,9216,3708,4890,5829,2248,138,4052,1,36:00,2023,2024
2023-24,202685,Jonas Valančiūnas,Jonas,1610612740,NOP,New Orleans Pelicans,22300837,2024-02-27T00:00:00,NOP @ NYK,W,23.08333333333333,3.1,9.4,0.333,0.0,0.0,0.0,4.7,6.2,0.75,3.1,10.9,14.0,1.6,0.0,0.0,0.0,0.0,1.6,4.7,10.9,28.1,30.1,0,0,26.5,1,1,13151,1,13518,19106,17877,17629,14651,20560,14651,4581,4221,8216,4796,1886,2171,17575,16035,12108,8529,9067,17125,4870,17185,2212,14487,2248,138,16265,1,23:05,2023,2024
2023-24,1641722,Jordan Hawkins,Jordan,1610612740,NOP,New Orleans Pelicans,22300823,2024-02-25T00:00:00,NOP vs. CHI,L,15.031666666666666,7.2,16.8,0.429,4.8,12.0,0.4,0.0,0.0,0.0,0.0,2.4,2.4,0.0,2.4,0.0,0.0,0.0,2.4,0.0,19.2,-50.3,19.6,0,0,26.3,1,13252,1,13252,19317,8636,6161,14111,2301,1493,7875,13417,14233,13417,13449,18573,20914,19657,8324,12108,8529,9067,13295,17532,8678,25406,21164,2248,138,16389,1,15:02,2023,2024
2023-24,202685,Jonas Valančiūnas,Jonas,1610612740,NOP,New Orleans Pelicans,22300823,2024-02-25T00:00:00,NOP vs. CHI,L,28.34,8.9,19.1,0.467,0.0,3.8,0.0,0.0,0.0,0.0,8.9,12.7,21.6,0.0,0.0,0.0,1.3,0.0,2.5,0.0,17.8,24.1,47.5,1,0,41.9,1,13252,1,13252,9335,5138,3706,12709,14651,15169,14651,13417,14233,13417,537,1126,394,19657,16035,12108,5902,9067,12746,17532,10059,2967,4074,1,138,5503,1,28:20,2023,2024
2023-24,1630346,Matt Ryan,Matt,1610612740,NOP,New Orleans Pelicans,22300823,2024-02-25T00:00:00,NOP vs. CHI,L,19.366666666666667,9.3,18.6,0.5,7.4,16.7,0.444,0.0,0.0,0.0,0.0,7.4,7.4,0.0,1.9,0.0,0.0,0.0,5.6,1.9,26.0,-26.0,33.1,0,0,40.9,1,13252,1,13252,16288,4439,4165,8954,521,379,7253,13417,14233,13417,13449,5503,9021,19657,10951,12108,8529,9067,3621,13649,3688,23002,12296,2248,138,6080,1,19:22,2023,2024
2023-24,1630529,Herbert Jones,Herbert,1610612740,NOP,New Orleans Pelicans,22300823,2024-02-25T00:00:00,NOP vs. CHI,L,38.5,4.7,9.4,0.5,3.7,5.6,0.667,0.9,1.9,0.5,1.9,0.9,2.8,5.6,0.0,0.0,0.9,0.0,3.7,0.9,14.0,9.4,28.6,0,0,28.1,1,13252,1,13252,1310,15275,17883,8954,4138,10712,2080,13289,12881,10591,8507,22088,20094,6283,16035,12108,8125,9067,8120,17386,13906,8012,15510,2248,138,15153,1,38:30,2023,2024
2023-24,1630526,Jeremiah Robinson-Earl,Jeremiah,1610612740,NOP,New Orleans Pelicans,22300823,2024-02-25T00:00:00,NOP vs. CHI,L,11.183333333333334,3.2,6.4,0.5,3.2,6.4,0.5,0.0,0.0,0.0,0.0,0.0,0.0,0.0,3.2,3.2,3.2,0.0,3.2,3.2,9.7,-67.6,25.8,0,0,25.8,1,13252,1,13252,21500,18873,21942,8954,5389,8768,4049,13417,14233,13417,13449,22149,23241,19657,5415,2236,1611,9067,9932,8502,18361,25840,17531,2248,138,16848,1,11:11,2023,2024
2023-24,1627742,Brandon Ingram,Brandon,1610612740,NOP,New Orleans Pelicans,22300823,2024-02-25T00:00:00,NOP vs. CHI,L,38.65,6.5,14.9,0.438,1.9,5.6,0.333,5.6,7.5,0.75,0.0,2.8,2.8,5.6,8.4,2.8,0.9,0.0,0.9,6.5,20.5,0.0,35.0,0,0,38.2,1,13252,1,13252,1222,10292,8681,13948,10260,10786,9124,3377,3000,8216,13449,17439,20116,6328,469,3060,8159,9067,20010,2171,7508,12394,10924,2248,138,7685,1,38:39,2023,2024
2023-24,1629627,Zion Williamson,Zion,1610612740,NOP,New Orleans Pelicans,22300823,2024-02-25T00:00:00,NOP vs. CHI,L,32.916666666666664,9.8,16.4,0.6,0.0,0.0,0.0,1.1,2.2,0.5,1.1,7.7,8.7,12.0,3.3,0.0,2.2,0.0,2.2,3.3,20.8,6.6,52.6,1,0,45.9,1,13252,1,13252,5510,3675,6589,5678,14651,20560,14651,12796,11973,10591,11833,5206,6868,742,5238,12108,3106,9067,14213,8310,7252,9429,2470,1,138,3713,1,32:55,2023,2024
2023-24,1626204,Larry Nance Jr.,Larry,1610612740,NOP,New Orleans Pelicans,22300823,2024-02-25T00:00:00,NOP vs. CHI,L,19.161666666666665,0.0,3.8,0.0,0.0,1.9,0.0,3.8,3.8,1.0,3.8,1.9,5.6,0.0,7.5,0.0,0.0,0.0,3.8,3.8,3.8,-45.1,3.0,0,0,9.4,1,13252,1,13252,16446,22557,24187,22557,14651,19215,14651,6254,8325,1,3713,20139,12888,19657,615,12108,8529,9067,8073,7037,22609,25141,25142,2248,138,24404,1,19:10,2023,2024
2023-24,1630530,Trey Murphy III,Trey,1610612740,NOP,New Orleans Pelicans,22300823,2024-02-25T00:00:00,NOP vs. CHI,L,36.85,2.9,10.7,0.273,2.9,8.8,0.333,0.0,0.0,0.0,0.0,9.8,9.8,2.0,0.0,1.0,1.0,0.0,1.0,0.0,8.8,4.9,29.3,0,0,27.4,1,13252,1,13252,2337,19563,15484,20199,6247,4418,9124,13417,14233,13417,13449,2701,5553,16319,16035,11316,7819,9067,19786,17532,19162,10256,15002,2248,138,15682,1,36:51,2023,2024
2023-24,1641722,Jordan Hawkins,Jordan,1610612740,NOP,New Orleans Pelicans,22300810,2024-02-23T00:00:00,NOP vs. MIA,L,22.6,6.4,27.1,0.235,4.8,19.1,0.25,4.8,4.8,1.0,1.6,3.2,4.8,3.2,0.0,0.0,1.6,1.6,3.2,3.2,22.3,-1.6,37.6,0,0,38.2,1,13252,1,13252,13857,10667,479,21212,2316,219,11776,4439,6333,1,9433,16178,15111,12232,16035,12108,4715,4800,10060,8604,6052,13956,9190,2248,138,7662,1,22:36,2023,2024
2023-24,203468,CJ McCollum,CJ,1610612740,NOP,New Orleans Pelicans,22300810,2024-02-23T00:00:00,NOP vs. MIA,L,14.766666666666667,2.4,17.1,0.143,0.0,7.3,0.0,0.0,0.0,0.0,0.0,4.9,4.9,2.4,0.0,0.0,2.4,2.4,0.0,0.0,4.9,-43.9,21.7,0,0,17.1,1,13252,1,13252,19490,20563,5815,22249,14651,6837,14651,13417,14233,13417,13449,11119,14848,14592,16035,12108,2606,2376,20240,17532,22050,25081,20103,2248,138,22064,1,14:46,2023,2024
2023-24,1626204,Larry Nance Jr.,Larry,1610612740,NOP,New Orleans Pelicans,22300810,2024-02-23T00:00:00,NOP vs. MIA,L,17.966666666666665,10.0,12.0,0.833,0.0,2.0,0.0,0.0,0.0,0.0,10.0,8.0,18.0,2.0,2.0,2.0,2.0,2.0,4.0,2.0,20.0,-22.0,54.7,0,0,48.1,1,13252,1,13252,17315,3467,13289,1607,14651,18972,14651,13417,14233,13417,383,4648,828,16136,10156,5533,3577,3479,7234,12990,7887,22114,2017,2248,138,2965,1,17:58,2023,2024
2023-24,1630230,Naji Marshall,Naji,1610612740,NOP,New Orleans Pelicans,22300810,2024-02-23T00:00:00,NOP vs. MIA,L,12.716666666666669,0.0,11.3,0.0,0.0,8.5,0.0,0.0,0.0,0.0,0.0,2.8,2.8,5.7,0.0,0.0,2.8,2.8,2.8,0.0,0.0,-19.8,20.4,0,0,14.2,1,13252,1,13252,20684,22557,14506,22557,14651,4854,14651,13417,14233,13417,13449,17334,20014,6189,16035,12108,2037,1780,11562,17532,23140,21484,20771,2248,138,23187,1,12:43,2023,2024
2023-24,1630526,Jeremiah Robinson-Earl,Jeremiah,1610612740,NOP,New Orleans Pelicans,22300810,2024-02-23T00:00:00,NOP vs. MIA,L,23.77833333333333,3.0,6.1,0.5,1.5,3.0,0.5,0.0,3.0,0.0,3.0,6.1,9.1,1.5,1.5,1.5,0.0,0.0,1.5,1.5,7.6,24.2,23.8,0,0,22.7,1,13252,1,13252,13017,19320,22349,8954,11483,16863,4049,13417,9810,13417,5005,8100,6406,17734,12321,7560,8529,9067,17282,14871,20207,2945,18822,2248,138,18911,1,23:47,2023,2024
2023-24,1630631,Jose Alvarado,Jose,1610612740,NOP,New Orleans Pelicans,22300810,2024-02-23T00:00:00,NOP vs. MIA,L,18.48333333333333,3.9,17.5,0.222,1.9,5.8,0.333,0.0,0.0,0.0,1.9,3.9,5.8,3.9,1.9,1.9,1.9,5.8,3.9,0.0,9.7,25.3,32.3,0,0,29.2,1,13252,1,13252,16969,17299,5252,21280,9830,10155,9124,13417,14233,13417,8202,14043,12407,10221,10452,5789,3743,284,7607,17532,18281,2736,12857,2248,138,14232,1,18:29,2023,2024
2023-24,202685,Jonas Valančiūnas,Jonas,1610612740,NOP,New Orleans Pelicans,22300810,2024-02-23T00:00:00,NOP vs. MIA,L,24.883333333333333,8.7,18.8,0.462,0.0,0.0,0.0,0.0,0.0,0.0,2.9,11.6,14.5,0.0,4.3,0.0,1.4,1.4,4.3,2.9,17.4,-1.4,34.7,1,0,34.7,1,13252,1,13252,12127,5495,3940,12872,14651,20560,14651,13417,14233,13417,5356,1550,1957,19657,2912,12108,5188,5286,6273,9614,10469,13901,11148,1,138,10046,1,24:53,2023,2024
2023-24,1630530,Trey Murphy III,Trey,1610612740,NOP,New Orleans Pelicans,22300810,2024-02-23T00:00:00,NOP vs. MIA,L,31.60333333333333,2.3,13.7,0.167,1.1,8.0,0.143,0.0,0.0,0.0,3.4,3.4,6.8,2.3,0.0,1.1,1.1,0.0,0.0,3.4,5.7,-17.1,24.1,0,0,20.5,1,13252,1,13252,6613,20900,10498,21962,13217,5642,14340,13417,14233,13417,4285,15486,10173,15156,16035,9775,6594,9067,20240,7930,21551,20679,18596,2248,138,20288,1,31:36,2023,2024
2023-24,1629627,Zion Williamson,Zion,1610612740,NOP,New Orleans Pelicans,22300810,2024-02-23T00:00:00,NOP vs. MIA,L,35.568333333333335,9.1,22.3,0.409,0.0,0.0,0.0,5.1,6.1,0.833,4.0,5.1,9.1,7.1,3.0,1.0,0.0,3.0,3.0,4.0,23.3,-23.3,44.8,0,0,41.5,1,13252,1,13252,3336,4733,1678,15219,14651,20560,14651,4058,4415,7318,3273,10573,6366,3972,5977,10933,8529,1490,10626,6293,5340,22441,5161,2248,138,5745,1,35:34,2023,2024
2023-24,1630529,Herbert Jones,Herbert,1610612740,NOP,New Orleans Pelicans,22300810,2024-02-23T00:00:00,NOP vs. MIA,L,37.63333333333333,7.7,9.6,0.8,1.0,1.0,1.0,1.9,1.9,1.0,0.0,4.8,4.8,1.9,1.9,1.0,0.0,0.0,4.8,1.0,18.2,-7.7,27.7,0,0,27.7,1,13252,1,13252,1809,7545,17522,1787,14318,20483,1,10801,12776,1,13449,11384,15093,16470,10637,11484,8529,9067,5148,17323,9635,16906,16143,2248,138,15404,1,37:38,2023,2024
2023-24,1630631,Jose Alvarado,Jose,1610612740,NOP,New Orleans Pelicans,22300798,2024-02-22T00:00:00,NOP vs. HOU,W,20.183333333333334,7.1,14.3,0.5,3.6,8.9,0.4,1.8,3.6,0.5,1.8,1.8,3.6,12.5,5.4,1.8,3.6,0.0,1.8,1.8,19.6,-3.6,53.3,0,0,49.9,1,1,13151,1,15675,8762,9635,8954,4549,4244,7875,11140,8690,10591,8809,20383,18237,612,1701,6546,1317,9067,16367,13926,8234,14878,2291,2248,138,2462,1,20:11,2023,2024
2023-24,203468,CJ McCollum,CJ,1610612740,NOP,New Orleans Pelicans,22300798,2024-02-22T00:00:00,NOP vs. HOU,W,31.3,12.7,25.3,0.5,4.6,11.5,0.4,2.3,3.5,0.667,1.2,5.8,6.9,6.9,2.3,0.0,0.0,2.3,1.2,2.3,32.2,28.8,48.5,0,0,50.6,1,1,13151,1,6846,1213,718,8954,2578,1784,7875,9575,8906,9424,11454,8817,10027,4218,8738,12108,8529,2647,18769,11681,1457,2110,3694,2248,138,2301,1,31:18,2023,2024
2023-24,1630346,Matt Ryan,Matt,1610612740,NOP,New Orleans Pelicans,22300798,2024-02-22T00:00:00,NOP vs. HOU,W,2.1,0.0,0.0,0.0,0.0,0.0,0.0,0.0,0.0,0.0,0.0,0.0,0.0,0.0,0.0,17.1,0.0,0.0,0.0,0.0,0.0,17.1,51.4,0,0,34.3,1,1,13151,1,25467,22557,24896,22557,14651,20560,14651,13417,14233,13417,13449,22149,23241,19657,16035,39,8529,9067,20240,17532,23140,4833,2759,2248,138,10393,1,2:06,2023,2024
2023-24,1629627,Zion Williamson,Zion,1610612740,NOP,New Orleans Pelicans,22300798,2024-02-22T00:00:00,NOP vs. HOU,W,34.95,12.4,21.6,0.571,0.0,0.0,0.0,3.1,4.1,0.75,1.0,2.1,3.1,9.3,3.1,2.1,1.0,2.1,1.0,5.2,27.8,17.5,51.6,0,0,46.4,1,1,13151,1,3854,1367,1974,6891,14651,20560,14651,7580,7567,8216,12322,19599,19351,1930,5781,5278,7359,3269,19450,3958,2902,4711,2712,2248,138,3556,1,34:57,2023,2024
2023-24,203469,Cody Zeller,Cody,1610612740,NOP,New Orleans Pelicans,22300798,2024-02-22T00:00:00,NOP vs. HOU,W,2.1,17.1,17.1,1.0,0.0,0.0,0.0,0.0,0.0,0.0,17.1,17.1,34.3,17.1,0.0,0.0,0.0,0.0,0.0,0.0,34.3,17.1,101.1,0,0,85.7,1,1,13151,1,25467,287,5700,1,14651,20560,14651,13417,14233,13417,85,335,63,156,16035,12108,8529,9067,20240,17532,1042,4833,79,2248,138,120,1,2:06,2023,2024
2023-24,1630529,Herbert Jones,Herbert,1610612740,NOP,New Orleans Pelicans,22300798,2024-02-22T00:00:00,NOP vs. HOU,W,36.8,5.9,8.8,0.667,2.9,4.9,0.6,2.0,2.9,0.667,1.0,3.9,4.9,3.9,1.0,6.8,0.0,1.0,3.9,2.9,16.6,35.2,47.9,0,0,42.1,1,1,13151,1,2371,11966,18742,3541,6236,12574,3197,10676,10047,9424,12753,13988,14818,10176,15488,292,8529,8249,7545,9461,11238,1378,3914,2248,138,5428,1,36:48,2023,2024
2023-24,1630230,Naji Marshall,Naji,1610612740,NOP,New Orleans Pelicans,22300798,2024-02-22T00:00:00,NOP vs. HOU,W,19.883333333333333,3.6,9.1,0.4,3.6,7.2,0.5,0.0,0.0,0.0,0.0,3.6,3.6,5.4,0.0,1.8,0.0,0.0,3.6,1.8,10.9,7.2,28.8,0,0,27.2,1,1,13151,1,15897,17968,18351,15260,4418,6995,4049,13417,14233,13417,13449,14895,18108,6622,16035,6441,8529,9067,8529,13843,17240,9050,15394,2248,138,15825,1,19:53,2023,2024
2023-24,1630526,Jeremiah Robinson-Earl,Jeremiah,1610612740,NOP,New Orleans Pelicans,22300798,2024-02-22T00:00:00,NOP vs. HOU,W,2.1,0.0,0.0,0.0,0.0,0.0,0.0,0.0,0.0,0.0,0.0,17.1,17.1,0.0,0.0,0.0,0.0,0.0,0.0,0.0,0.0,17.1,20.6,0,0,17.1,1,1,13151,1,25467,22557,24896,22557,14651,20560,14651,13417,14233,13417,13449,335,1013,19657,16035,12108,8529,9067,20240,17532,23140,4833,20668,2248,138,22034,1,2:06,2023,2024
2023-24,1626204,Larry Nance Jr.,Larry,1610612740,NOP,New Orleans Pelicans,22300798,2024-02-22T00:00:00,NOP vs. HOU,W,11.666666666666666,0.0,0.0,0.0,0.0,0.0,0.0,0.0,0.0,0.0,3.1,6.2,9.3,3.1,6.2,0.0,0.0,0.0,9.3,0.0,0.0,12.3,9.6,0,0,12.3,1,1,13151,1,21278,22557,24896,22557,14651,20560,14651,13417,14233,13417,4856,7845,6151,12500,1131,12108,8529,9067,964,17532,23140,6634,24375,2248,138,23764,1,11:40,2023,2024
2023-24,1641722,Jordan Hawkins,Jordan,1610612740,NOP,New Orleans Pelicans,22300798,2024-02-22T00:00:00,NOP vs. HOU,W,17.083333333333332,2.1,12.6,0.167,2.1,10.5,0.2,0.0,0.0,0.0,0.0,4.2,4.2,0.0,0.0,0.0,0.0,0.0,6.3,0.0,6.3,-12.6,11.4,0,0,12.6,1,1,13151,1,17946,21227,12211,21962,9028,2477,13222,13417,14233,13417,13449,13046,16538,19657,16035,12108,8529,9067,2651,17532,21149,19140,24024,2248,138,23671,1,17:05,2023,2024
2023-24,202685,Jonas Valančiūnas,Jonas,1610612740,NOP,New Orleans Pelicans,22300798,2024-02-22T00:00:00,NOP vs. HOU,W,27.466666666666665,11.8,15.7,0.75,2.6,2.6,1.0,0.0,0.0,0.0,3.9,14.4,18.3,3.9,1.3,1.3,0.0,0.0,3.9,3.9,26.2,11.8,56.8,1,0,53.7,1,1,13151,1,10063,1721,7482,2237,7199,17708,1,13417,14233,13417,3445,689,763,10131,13276,8561,8529,9067,7482,6560,3595,6883,1619,1,138,1606,1,27:28,2023,2024
2023-24,1630530,Trey Murphy III,Trey,1610612740,NOP,New Orleans Pelicans,22300798,2024-02-22T00:00:00,NOP vs. HOU,W,34.36666666666667,4.2,12.6,0.333,2.1,10.5,0.2,3.1,6.3,0.5,0.0,3.1,3.1,1.0,1.0,3.1,3.1,0.0,3.1,3.1,13.6,21.0,36.8,0,0,32.5,1,1,13151,1,4315,16540,12342,17629,9083,2526,13222,7455,4159,10591,13449,16299,19210,19270,14998,2363,1682,9067,10226,8729,14360,3684,9711,2248,138,11690,1,34:22,2023,2024
2023-24,1630230,Naji Marshall,Naji,1610612740,NOP,New Orleans Pelicans,22300784,2024-02-14T00:00:00,NOP vs. WAS,W,23.96,9.0,12.0,0.75,1.5,4.5,0.333,0.0,0.0,0.0,0.0,3.0,3.0,1.5,4.5,4.5,0.0,0.0,3.0,0.0,19.5,31.6,34.4,0,0,34.6,1,1,13151,1,12879,4900,13294,2237,11529,13490,9124,13417,14233,13417,13449,16742,19559,17768,2659,967,8529,9067,10752,17532,8312,1762,11329,2248,138,10170,1,23:58,2023,2024
2023-24,1626204,Larry Nance Jr.,Larry,1610612740,NOP,New Orleans Pelicans,22300784,2024-02-14T00:00:00,NOP vs. WAS,W,18.918333333333333,1.9,3.8,0.5,1.9,3.8,0.5,1.9,3.8,0.5,5.7,5.7,11.4,5.7,3.8,5.7,1.9,0.0,1.9,1.9,7.6,-7.6,48.9,0,0,41.9,1,1,13151,1,16623,21552,24163,8954,10062,15190,4049,10840,8228,10591,1693,8923,3874,6117,3933,512,3877,9067,15793,13458,20171,16885,3554,2248,138,5539,1,18:55,2023,2024
2023-24,1629627,Zion Williamson,Zion,1610612740,NOP,New Orleans Pelicans,22300784,2024-02-14T00:00:00,NOP vs. WAS,W,34.04,15.9,22.2,0.714,0.0,0.0,0.0,6.3,9.5,0.667,2.1,4.2,6.3,8.5,1.1,0.0,1.1,1.1,2.1,6.3,38.1,2.1,60.5,0,0,55.0,1,1,13151,1,4568,395,1700,2921,14651,20560,14651,2614,1628,9424,7498,13000,11251,2548,14928,12108,7176,7522,14579,2334,596,11671,1112,2248,138,1402,1,34:02,2023,2024
2023-24,1630530,Trey Murphy III,Trey,1610612740,NOP,New Orleans Pelicans,22300784,2024-02-14T00:00:00,NOP vs. WAS,W,30.7,3.5,10.6,0.333,3.5,10.6,0.333,4.7,4.7,1.0,0.0,5.9,5.9,3.5,0.0,3.5,2.3,0.0,3.5,2.3,15.2,21.1,45.1,0,0,39.9,1,1,13151,1,7371,18173,15816,17629,4661,2464,9124,4562,6480,1,13449,8557,12367,11261,16035,1822,2776,9067,8873,11496,12636,3642,5036,2248,138,6650,1,30:42,2023,2024
2023-24,1630631,Jose Alvarado,Jose,1610612740,NOP,New Orleans Pelicans,22300784,2024-02-14T00:00:00,NOP vs. WAS,W,21.716666666666665,5.0,11.6,0.429,0.0,6.6,0.0,1.7,1.7,1.0,0.0,5.0,5.0,5.0,0.0,3.3,0.0,0.0,3.3,1.7,11.6,28.2,35.0,0,0,28.2,1,1,13151,1,14520,14506,14019,14111,14651,8337,14651,11405,13197,1,13449,10841,14593,7613,16035,2089,8529,9067,9565,14388,16571,2196,10957,2248,138,15056,1,21:43,2023,2024
2023-24,202685,Jonas Valančiūnas,Jonas,1610612740,NOP,New Orleans Pelicans,22300784,2024-02-14T00:00:00,NOP vs. WAS,W,15.458333333333334,11.6,14.0,0.833,0.0,0.0,0.0,0.0,0.0,0.0,4.7,7.0,11.6,7.0,2.3,0.0,2.3,2.3,2.3,2.3,23.3,-7.0,52.4,0,0,46.6,1,1,13151,1,19033,1825,10042,1607,14651,20560,14651,13417,14233,13417,2592,6221,3677,4100,8609,12108,2814,2585,13574,11556,5335,16594,2510,2248,138,3476,1,15:28,2023,2024
2023-24,1627742,Brandon Ingram,Brandon,1610612740,NOP,New Orleans Pelicans,22300784,2024-02-14T00:00:00,NOP vs. WAS,W,34.55,6.3,13.5,0.462,2.1,3.1,0.667,4.2,6.3,0.667,1.0,2.1,3.1,8.3,1.0,2.1,0.0,0.0,4.2,5.2,18.8,-15.6,40.2,0,0,36.5,1,1,13151,1,4179,10948,10679,12872,9133,16628,2080,5441,4206,9424,12234,19519,19253,2664,15031,5177,8529,9067,6777,3865,9064,20209,7551,2248,138,8782,1,34:33,2023,2024
2023-24,203468,CJ McCollum,CJ,1610612740,NOP,New Orleans Pelicans,22300784,2024-02-14T00:00:00,NOP vs. WAS,W,33.27333333333333,9.7,18.4,0.529,3.2,9.7,0.333,5.4,5.4,1.0,0.0,3.2,3.2,6.5,0.0,1.1,0.0,0.0,2.2,3.2,28.1,-11.9,45.0,0,0,43.3,1,1,13151,1,5206,3795,4369,8679,5330,3229,9124,3623,5352,1,13449,15996,18969,4830,16035,10266,8529,9067,14332,8415,2769,18827,5080,2248,138,4869,1,33:16,2023,2024
2023-24,1630529,Herbert Jones,Herbert,1610612740,NOP,New Orleans Pelicans,22300784,2024-02-14T00:00:00,NOP vs. WAS,W,27.383333333333333,2.6,7.9,0.333,0.0,2.6,0.0,2.6,2.6,1.0,0.0,7.9,7.9,1.3,2.6,0.0,1.3,1.3,5.3,3.9,7.9,13.1,20.6,0,0,19.7,1,1,13151,1,10139,20182,20095,17629,14651,17697,14651,8715,10788,1,13449,4833,8199,18393,7462,12108,5685,5819,4154,6536,19932,6320,20636,2248,138,20742,1,27:23,2023,2024
2023-24,1630631,Jose Alvarado,Jose,1610612740,NOP,New Orleans Pelicans,22300766,2024-02-12T00:00:00,NOP @ MEM,W,14.938333333333333,7.2,16.9,0.429,4.8,12.0,0.4,4.8,4.8,1.0,0.0,7.2,7.2,0.0,2.4,4.8,0.0,0.0,4.8,4.8,24.1,0.0,44.8,0,0,45.8,1,1,13151,1,19372,8521,6033,14111,2270,1452,7875,4378,6273,1,13449,5840,9411,19657,8274,809,8529,9067,5079,4593,4807,12394,5168,2248,138,3759,1,14:56,2023,2024
2023-24,1626204,Larry Nance Jr.,Larry,1610612740,NOP,New Orleans Pelicans,22300766,2024-02-12T00:00:00,NOP @ MEM,W,30.261666666666667,3.6,4.8,0.75,1.2,2.4,0.5,1.2,2.4,0.5,2.4,8.3,10.7,3.6,1.2,1.2,0.0,0.0,3.6,1.2,9.5,33.3,30.1,0,0,27.4,1,1,13151,1,7763,18070,23564,2237,12916,18187,4049,12453,11442,10591,6661,4228,4532,11131,14020,9332,8529,9067,8711,16259,18497,1563,14489,2248,138,15671,1,30:16,2023,2024
2023-24,1630530,Trey Murphy III,Trey,1610612740,NOP,New Orleans Pelicans,22300766,2024-02-12T00:00:00,NOP @ MEM,W,25.1,4.3,11.5,0.375,1.4,7.2,0.2,2.9,2.9,1.0,1.4,2.9,4.3,2.9,0.0,1.4,1.4,0.0,0.0,1.4,12.9,7.2,31.0,0,0,27.3,1,1,13151,1,11961,16259,14253,16597,11803,7159,13222,8143,10208,1,10000,17227,16333,13245,16035,7913,5222,9067,20240,15203,15129,9098,13858,2248,138,15756,1,25:06,2023,2024
2023-24,1630230,Naji Marshall,Naji,1610612740,NOP,New Orleans Pelicans,22300766,2024-02-12T00:00:00,NOP @ MEM,W,13.043333333333331,5.5,11.0,0.5,2.8,5.5,0.5,0.0,0.0,0.0,5.5,13.8,19.3,0.0,0.0,0.0,0.0,0.0,2.8,0.0,13.8,0.0,37.0,0,0,35.9,1,1,13151,1,20527,12924,14978,8954,6817,10967,4049,13417,14233,13417,1836,819,611,19657,16035,12108,8529,9067,11883,17532,14161,12394,9562,2248,138,9218,1,13:03,2023,2024
2023-24,202685,Jonas Valančiūnas,Jonas,1610612740,NOP,New Orleans Pelicans,22300766,2024-02-12T00:00:00,NOP @ MEM,W,17.5,2.1,8.2,0.25,0.0,2.1,0.0,8.2,12.3,0.667,4.1,8.2,12.3,6.2,2.1,0.0,2.1,2.1,6.2,8.2,12.3,-35.0,40.5,0,0,35.0,1,1,13151,1,17640,21318,19620,20383,14651,18840,14651,1362,751,9424,3191,4373,3141,5297,9869,12108,3416,3287,2832,976,15747,24301,7381,2248,138,9881,1,17:30,2023,2024
2023-24,1630529,Herbert Jones,Herbert,1610612740,NOP,New Orleans Pelicans,22300766,2024-02-12T00:00:00,NOP @ MEM,W,35.166666666666664,5.1,9.2,0.556,3.1,6.1,0.5,4.1,4.1,1.0,3.1,6.1,9.2,1.0,3.1,5.1,0.0,1.0,3.1,4.1,17.4,7.2,42.3,0,0,40.9,1,1,13151,1,3664,14101,18096,7603,5774,9436,4049,5581,7616,1,4903,7918,6216,19353,5853,687,8529,7806,10498,6179,10437,9101,6446,2248,138,6046,1,35:10,2023,2024
2023-24,203468,CJ McCollum,CJ,1610612740,NOP,New Orleans Pelicans,22300766,2024-02-12T00:00:00,NOP @ MEM,W,33.09,4.4,16.3,0.267,3.3,8.7,0.375,0.0,0.0,0.0,0.0,5.4,5.4,2.2,2.2,1.1,0.0,2.2,1.1,0.0,12.0,9.8,22.8,0,0,25.0,1,1,13151,1,5364,16136,6698,20314,5275,4547,8784,13417,14233,13417,13449,9597,13390,15523,9278,10204,8529,2932,19131,17532,16181,7809,19353,2248,138,17354,1,33:05,2023,2024
2023-24,1629627,Zion Williamson,Zion,1610612740,NOP,New Orleans Pelicans,22300766,2024-02-12T00:00:00,NOP @ MEM,W,34.71666666666667,4.1,13.5,0.308,0.0,0.0,0.0,6.2,7.3,0.857,2.1,3.1,5.2,4.1,3.1,1.0,1.0,4.1,1.0,5.2,14.5,8.3,30.1,0,0,28.0,1,1,13151,1,4041,16666,10786,19425,14651,20560,14651,2723,3181,7116,7654,16406,14011,9556,5722,10672,7317,658,19396,3908,13398,8533,14500,2248,138,15203,1,34:43,2023,2024
2023-24,1627742,Brandon Ingram,Brandon,1610612740,NOP,New Orleans Pelicans,22300766,2024-02-12T00:00:00,NOP @ MEM,W,36.18333333333333,7.0,13.9,0.5,2.0,6.0,0.333,0.0,1.0,0.0,0.0,2.0,2.0,6.0,6.0,1.0,1.0,0.0,4.0,0.0,15.9,5.0,27.3,0,0,29.8,1,1,13151,1,2812,9178,10112,8954,9650,9841,9124,13417,14094,13417,13449,19800,21772,5652,1256,11133,7670,9067,7324,17532,11953,10214,16490,2248,138,13748,1,36:11,2023,2024
2023-24,1630230,Naji Marshall,Naji,1610612740,NOP,New Orleans Pelicans,22300758,2024-02-10T00:00:00,NOP @ POR,W,17.616666666666667,8.2,10.2,0.8,4.1,4.1,1.0,0.0,0.0,0.0,2.0,4.1,6.1,2.0,2.0,0.0,0.0,0.0,4.1,0.0,20.4,-2.0,28.8,0,0,32.7,1,1,13151,1,17569,6447,16406,1787,3427,14545,1,13417,14233,13417,7778,13444,11725,15993,9924,12108,8529,9067,7008,17532,7555,14180,15369,2248,138,11545,1,17:37,2023,2024
2023-24,202685,Jonas Valančiūnas,Jonas,1610612740,NOP,New Orleans Pelicans,22300758,2024-02-10T00:00:00,NOP @ POR,W,29.03333333333333,8.7,11.2,0.778,0.0,0.0,0.0,2.5,2.5,1.0,1.2,9.9,11.2,1.2,3.7,0.0,1.2,0.0,5.0,2.5,19.8,8.7,35.1,0,0,34.7,1,1,13151,1,8753,5498,14774,2093,14651,20560,14651,9100,11190,1,10920,2585,4080,18647,4141,12108,6036,9067,4765,11007,8048,8345,10873,2248,138,10049,1,29:02,2023,2024
2023-24,1630529,Herbert Jones,Herbert,1610612740,NOP,New Orleans Pelicans,22300758,2024-02-10T00:00:00,NOP @ POR,W,37.31666666666667,5.8,6.8,0.857,1.9,2.9,0.667,0.0,0.0,0.0,1.9,1.9,3.9,4.8,1.0,2.9,0.0,0.0,1.9,1.0,13.5,20.3,33.1,0,0,29.9,1,1,13151,1,2006,12168,21583,1520,9933,17162,2080,13417,14233,13417,8284,19982,17491,7947,15587,2842,8529,9067,15647,17298,14464,3866,12294,2248,138,13698,1,37:19,2023,2024
2023-24,1630530,Trey Murphy III,Trey,1610612740,NOP,New Orleans Pelicans,22300758,2024-02-10T00:00:00,NOP @ POR,W,29.55,8.5,12.2,0.7,6.1,9.7,0.625,6.1,7.3,0.833,1.2,4.9,6.1,0.0,0.0,1.2,2.4,0.0,1.2,4.9,29.2,4.9,47.5,0,0,48.7,1,1,13151,1,8343,5792,13004,3257,1083,3221,3078,2841,3136,7318,11031,11124,11792,19657,16035,9152,2612,9067,18427,4475,2350,10263,4070,2248,138,2783,1,29:33,2023,2024
2023-24,1627742,Brandon Ingram,Brandon,1610612740,NOP,New Orleans Pelicans,22300758,2024-02-10T00:00:00,NOP @ POR,W,36.18333333333333,8.0,20.9,0.381,0.0,2.0,0.0,1.0,4.0,0.25,2.0,2.0,4.0,9.0,5.0,1.0,1.0,3.0,3.0,3.0,16.9,4.0,36.1,0,0,33.8,1,1,13151,1,2812,6906,2397,16558,14651,18999,14651,13141,7843,13269,8017,19800,17179,2145,2073,11133,7670,1564,10870,9295,10941,10717,10156,2248,138,10698,1,36:11,2023,2024
2023-24,1630631,Jose Alvarado,Jose,1610612740,NOP,New Orleans Pelicans,22300758,2024-02-10T00:00:00,NOP @ POR,W,19.85,1.8,5.4,0.333,0.0,1.8,0.0,0.0,0.0,0.0,0.0,3.6,3.6,3.6,1.8,5.4,1.8,0.0,0.0,0.0,3.6,-18.1,33.4,0,0,25.4,1,1,13151,1,15928,21679,22979,17629,14651,19345,14651,13417,14233,13417,13449,14868,18082,10974,11177,585,4160,9067,20240,17532,22659,20997,12077,2248,138,17096,1,19:51,2023,2024
2023-24,203468,CJ McCollum,CJ,1610612740,NOP,New Orleans Pelicans,22300758,2024-02-10T00:00:00,NOP @ POR,W,32.15,2.2,15.7,0.143,1.1,10.1,0.111,3.4,4.5,0.75,0.0,3.4,3.4,7.8,1.1,1.1,1.1,1.1,2.2,4.5,9.0,24.6,30.3,0,0,25.8,1,1,13151,1,6149,20977,7568,22249,13321,2898,14594,6986,6861,8216,13449,15641,18675,3061,14495,9923,6706,7022,13982,5265,19006,2838,14301,2248,138,16846,1,32:09,2023,2024
2023-24,1626204,Larry Nance Jr.,Larry,1610612740,NOP,New Orleans Pelicans,22300758,2024-02-10T00:00:00,NOP @ POR,W,18.966666666666665,1.9,3.8,0.5,0.0,0.0,0.0,0.0,0.0,0.0,0.0,3.8,3.8,1.9,0.0,0.0,0.0,0.0,0.0,0.0,3.8,3.8,11.2,0,0,9.5,1,1,13151,1,16587,21557,24168,8954,14651,20560,14651,13417,14233,13417,13449,14338,17637,16523,16035,12108,8529,9067,20240,17532,22585,10803,24061,2248,138,24384,1,18:58,2023,2024
2023-24,1641722,Jordan Hawkins,Jordan,1610612740,NOP,New Orleans Pelicans,22300758,2024-02-10T00:00:00,NOP @ POR,W,14.45,0.0,7.5,0.0,0.0,5.0,0.0,0.0,0.0,0.0,2.5,5.0,7.5,2.5,0.0,0.0,0.0,0.0,0.0,0.0,0.0,5.0,12.7,0,0,10.0,1,1,13151,1,19679,22557,20671,22557,14651,12331,14651,13417,14233,13417,6355,10805,8948,14418,16035,12108,8529,9067,20240,17532,23140,10207,23725,2248,138,24283,1,14:27,2023,2024
2023-24,1630346,Matt Ryan,Matt,1610612740,NOP,New Orleans Pelicans,22300758,2024-02-10T00:00:00,NOP @ POR,W,4.883333333333334,0.0,14.7,0.0,0.0,0.0,0.0,0.0,0.0,0.0,0.0,7.4,7.4,0.0,0.0,0.0,0.0,0.0,0.0,0.0,0.0,-44.2,8.8,0,0,7.4,1,1,13151,1,24028,22557,8904,22557,14651,20560,14651,13417,14233,13417,13449,5608,9157,19657,16035,12108,8529,9067,20240,17532,23140,25100,24501,2248,138,24760,1,4:53,2023,2024
2023-24,1630530,Trey Murphy III,Trey,1610612740,NOP,New Orleans Pelicans,22300747,2024-02-09T00:00:00,NOP @ LAL,L,19.291666666666668,3.7,5.6,0.667,1.9,3.7,0.5,0.0,0.0,0.0,0.0,1.9,1.9,0.0,0.0,0.0,0.0,0.0,1.9,0.0,9.3,-35.5,11.6,0,0,13.1,1,13252,1,13252,16345,17700,22817,3541,10241,15371,4049,13417,14233,13417,13449,20179,22013,19657,16035,12108,8529,9067,15978,17532,18676,24373,23985,2248,138,23543,1,19:18,2023,2024
2023-24,1630526,Jeremiah Robinson-Earl,Jeremiah,1610612740,NOP,New Orleans Pelicans,22300747,2024-02-09T00:00:00,NOP @ LAL,L,2.55,0.0,0.0,0.0,0.0,0.0,0.0,0.0,0.0,0.0,0.0,0.0,0.0,0.0,0.0,0.0,0.0,0.0,0.0,0.0,0.0,-28.2,0.0,0,0,0.0,1,13252,1,13252,25203,22557,24896,22557,14651,20560,14651,13417,14233,13417,13449,22149,23241,19657,16035,12108,8529,9067,20240,17532,23140,23419,25245,2248,138,25279,1,2:33,2023,2024
2023-24,1630631,Jose Alvarado,Jose,1610612740,NOP,New Orleans Pelicans,22300747,2024-02-09T00:00:00,NOP @ LAL,L,21.48333333333333,5.0,15.1,0.333,1.7,8.4,0.2,0.0,0.0,0.0,1.7,3.4,5.0,3.4,0.0,0.0,0.0,1.7,3.4,0.0,11.7,-1.7,22.8,0,0,21.8,1,13252,1,13252,14702,14363,8395,17629,10963,5016,13222,13417,14233,13417,9165,15665,14436,11761,16035,12108,8529,4571,9431,17532,16441,13996,19382,2248,138,19535,1,21:29,2023,2024
2023-24,1626204,Larry Nance Jr.,Larry,1610612740,NOP,New Orleans Pelicans,22300747,2024-02-09T00:00:00,NOP @ LAL,L,19.40833333333333,3.7,7.4,0.5,0.0,1.9,0.0,0.0,3.7,0.0,3.7,7.4,11.1,11.1,3.7,0.0,0.0,1.9,3.7,3.7,7.4,-33.4,33.8,0,0,29.7,1,13252,1,13252,16264,17764,20758,8954,14651,19275,14651,13417,8415,13417,3784,5535,4107,1029,4170,12108,8529,4003,8237,7156,20349,24145,11804,2248,138,13888,1,19:25,2023,2024
2023-24,203468,CJ McCollum,CJ,1610612740,NOP,New Orleans Pelicans,22300747,2024-02-09T00:00:00,NOP @ LAL,L,30.266666666666666,9.5,19.0,0.5,3.6,10.7,0.333,0.0,0.0,0.0,1.2,3.6,4.8,3.6,0.0,0.0,0.0,0.0,3.6,1.2,22.6,-21.4,33.7,0,0,34.5,1,13252,1,13252,7751,4127,3723,8954,4546,2357,9124,13417,14233,13417,11189,15070,15167,11133,16035,12108,8529,9067,8713,16260,5821,21933,11867,2248,138,10215,1,30:16,2023,2024
2023-24,1641722,Jordan Hawkins,Jordan,1610612740,NOP,New Orleans Pelicans,22300747,2024-02-09T00:00:00,NOP @ LAL,L,2.55,28.2,42.4,0.667,14.1,28.2,0.5,0.0,0.0,0.0,0.0,0.0,0.0,0.0,14.1,14.1,0.0,0.0,0.0,0.0,70.6,-28.2,98.8,0,0,112.9,1,13252,1,13252,25203,47,63,3541,75,57,4049,13417,14233,13417,13449,22149,23241,19657,141,60,8529,9067,20240,17532,47,23419,89,2248,138,44,1,2:33,2023,2024
2023-24,1629627,Zion Williamson,Zion,1610612740,NOP,New Orleans Pelicans,22300747,2024-02-09T00:00:00,NOP @ LAL,L,31.58333333333333,13.7,21.7,0.632,0.0,0.0,0.0,6.8,8.0,0.857,3.4,6.8,10.3,5.7,2.3,1.1,1.1,1.1,2.3,5.7,34.2,-19.4,59.6,0,0,54.7,1,13252,1,13252,6629,817,1964,5109,14651,20560,14651,2197,2599,7116,4281,6491,5006,6134,8814,9762,6586,6864,13796,3104,1056,21347,1208,2248,138,1451,1,31:35,2023,2024
2023-24,202685,Jonas Valančiūnas,Jonas,1610612740,NOP,New Orleans Pelicans,22300747,2024-02-09T00:00:00,NOP @ LAL,L,22.558333333333334,6.4,9.6,0.667,0.0,0.0,0.0,3.2,3.2,1.0,3.2,12.8,16.0,3.2,3.2,0.0,3.2,0.0,3.2,3.2,16.0,4.8,46.3,1,0,41.5,1,13252,1,13252,13897,10633,17508,3541,14651,20560,14651,7357,9448,1,4688,1101,1318,12211,5480,12108,1637,9067,10042,8586,11915,10293,4568,1,138,5748,1,22:34,2023,2024
2023-24,1630700,Dyson Daniels,Dyson,1610612740,NOP,New Orleans Pelicans,22300747,2024-02-09T00:00:00,NOP @ LAL,L,26.55,2.7,5.4,0.5,2.7,4.1,0.667,1.4,2.7,0.5,0.0,1.4,1.4,1.4,2.7,1.4,1.4,0.0,4.1,2.7,9.5,-17.6,18.6,0,0,20.3,1,13252,1,13252,10799,20029,22999,8954,6949,14591,2080,11961,10585,10591,13449,21233,22712,18252,7152,8325,5517,9067,7060,10210,18529,20841,21632,2248,138,20381,1,26:33,2023,2024
2023-24,1627742,Brandon Ingram,Brandon,1610612740,NOP,New Orleans Pelicans,22300747,2024-02-09T00:00:00,NOP @ LAL,L,34.88333333333333,7.2,17.5,0.412,0.0,2.1,0.0,8.3,8.3,1.0,1.0,6.2,7.2,7.2,2.1,0.0,3.1,0.0,3.1,7.2,22.7,0.0,49.4,0,0,43.3,1,13252,1,13252,3907,8532,5236,15119,14651,18821,14651,1347,2370,1,12304,7809,9420,3780,9844,12108,1733,9067,10396,1573,5758,12394,3367,2248,138,4836,1,34:53,2023,2024
2023-24,1630529,Herbert Jones,Herbert,1610612740,NOP,New Orleans Pelicans,22300747,2024-02-09T00:00:00,NOP @ LAL,L,28.875,5.0,10.0,0.5,3.7,6.2,0.6,2.5,2.5,1.0,0.0,0.0,0.0,2.5,2.5,2.5,0.0,2.5,5.0,1.2,16.2,2.5,24.9,0,0,27.4,1,13252,1,13252,8908,14471,16829,8954,4138,9214,3197,9068,11154,1,13449,22149,23241,14412,7970,3815,8529,2288,4715,15989,11674,11465,18080,2248,138,15635,1,28:53,2023,2024
2023-24,1630631,Jose Alvarado,Jose,1610612740,NOP,New Orleans Pelicans,22300731,2024-02-07T00:00:00,NOP @ LAC,W,13.383333333333333,8.1,10.8,0.75,2.7,5.4,0.5,0.0,0.0,0.0,2.7,0.0,2.7,0.0,0.0,0.0,0.0,0.0,0.0,2.7,18.8,16.1,22.1,0,0,24.2,1,1,13151,1,20337,6669,15467,2237,7019,11316,4049,13417,14233,13417,5853,22149,20328,19657,16035,12108,8529,9067,20240,10276,8995,5199,19868,2248,138,17925,1,13:23,2023,2024
2023-24,1630529,Herbert Jones,Herbert,1610612740,NOP,New Orleans Pelicans,22300731,2024-02-07T00:00:00,NOP @ LAC,W,30.366666666666667,5.9,13.0,0.455,2.4,3.6,0.667,1.2,2.4,0.5,2.4,5.9,8.3,2.4,1.2,0.0,0.0,0.0,2.4,2.4,15.4,8.3,27.7,0,0,28.5,1,1,13151,1,7661,11817,11517,13083,7988,15749,2080,12469,11463,10591,6691,8402,7537,14826,14049,12108,8529,9067,13395,11393,12466,8531,16144,2248,138,14836,1,30:22,2023,2024
2023-24,1630526,Jeremiah Robinson-Earl,Jeremiah,1610612740,NOP,New Orleans Pelicans,22300731,2024-02-07T00:00:00,NOP @ LAC,W,2.283333333333333,0.0,15.8,0.0,0.0,15.8,0.0,0.0,0.0,0.0,15.8,0.0,15.8,15.8,0.0,0.0,0.0,0.0,15.8,0.0,0.0,-31.5,42.6,0,0,31.5,1,1,13151,1,25378,22557,7401,22557,14651,478,14651,13417,14233,13417,108,22149,1374,236,16035,12108,8529,9067,214,17532,23140,23904,6298,2248,138,12421,1,2:17,2023,2024
2023-24,1626204,Larry Nance Jr.,Larry,1610612740,NOP,New Orleans Pelicans,22300731,2024-02-07T00:00:00,NOP @ LAC,W,27.383333333333333,1.3,1.3,1.0,0.0,0.0,0.0,0.0,0.0,0.0,1.3,2.6,3.9,3.9,0.0,5.3,0.0,0.0,3.9,2.6,2.6,17.1,29.1,0,0,21.0,1,1,13151,1,10139,22298,24885,1,14651,20560,14651,13417,14233,13417,10520,17913,17275,10085,16035,638,8529,9067,7439,10480,22991,4847,15196,2248,138,19975,1,27:23,2023,2024
2023-24,203469,Cody Zeller,Cody,1610612740,NOP,New Orleans Pelicans,22300731,2024-02-07T00:00:00,NOP @ LAC,W,2.283333333333333,0.0,0.0,0.0,0.0,0.0,0.0,0.0,0.0,0.0,0.0,15.8,15.8,0.0,15.8,15.8,0.0,0.0,0.0,0.0,0.0,-31.5,50.5,0,0,47.3,1,1,13151,1,25378,22557,24896,22557,14651,20560,14651,13417,14233,13417,13449,466,1374,19657,103,45,8529,9067,20240,17532,23140,23904,3039,2248,138,3227,1,2:17,2023,2024
2023-24,203468,CJ McCollum,CJ,1610612740,NOP,New Orleans Pelicans,22300731,2024-02-07T00:00:00,NOP @ LAC,W,36.48333333333333,9.9,16.8,0.588,4.9,10.9,0.455,0.0,0.0,0.0,0.0,6.9,6.9,3.9,3.0,1.0,0.0,0.0,3.0,1.0,24.7,3.9,38.9,0,0,42.4,1,1,13151,1,2604,3647,6145,6572,2113,2232,7202,13417,14233,13417,13449,6362,10016,10077,6264,11219,8529,9067,10975,17222,4466,10730,8326,2248,138,5255,1,36:29,2023,2024
2023-24,1641722,Jordan Hawkins,Jordan,1610612740,NOP,New Orleans Pelicans,22300731,2024-02-07T00:00:00,NOP @ LAC,W,2.283333333333333,15.8,47.3,0.333,15.8,15.8,1.0,0.0,0.0,0.0,0.0,0.0,0.0,0.0,0.0,0.0,0.0,0.0,0.0,0.0,47.3,-31.5,47.3,0,0,63.1,1,1,13151,1,25378,403,43,17629,56,478,1,13417,14233,13417,13449,22149,23241,19657,16035,12108,8529,9067,20240,17532,219,23904,4153,2248,138,618,1,2:17,2023,2024
2023-24,1630700,Dyson Daniels,Dyson,1610612740,NOP,New Orleans Pelicans,22300731,2024-02-07T00:00:00,NOP @ LAC,W,21.816666666666663,8.3,11.6,0.714,0.0,3.3,0.0,0.0,0.0,0.0,1.7,5.0,6.6,1.7,1.7,6.6,3.3,0.0,3.3,0.0,16.5,9.9,54.9,0,0,44.6,1,1,13151,1,14447,6280,14103,2921,14651,16281,14651,13417,14233,13417,9240,10906,10670,17302,11784,326,1530,9067,9611,17532,11380,7755,1961,2248,138,4257,1,21:49,2023,2024
2023-24,202685,Jonas Valančiūnas,Jonas,1610612740,NOP,New Orleans Pelicans,22300731,2024-02-07T00:00:00,NOP @ LAC,W,10.55,10.2,10.2,1.0,0.0,0.0,0.0,6.8,6.8,1.0,0.0,6.8,6.8,3.4,3.4,3.4,0.0,0.0,3.4,3.4,27.3,6.8,47.4,0,0,44.4,1,1,13151,1,21766,3186,16383,1,14651,20560,14651,2210,3582,1,13449,6519,10191,11571,4861,1961,8529,9067,9212,7941,3114,9281,4112,2248,138,4354,1,10:33,2023,2024
2023-24,1629627,Zion Williamson,Zion,1610612740,NOP,New Orleans Pelicans,22300731,2024-02-07T00:00:00,NOP @ LAC,W,35.03333333333333,7.2,16.4,0.438,0.0,0.0,0.0,7.2,10.3,0.7,1.0,2.1,3.1,10.3,2.1,1.0,2.1,1.0,3.1,7.2,21.6,-6.2,47.9,1,0,41.1,1,1,13151,1,3783,8614,6542,13948,14651,20560,14651,1954,1320,9371,12344,19609,19364,1385,9876,10768,3423,7765,10456,1593,6603,16220,3930,1,138,5961,1,35:02,2023,2024
2023-24,1627742,Brandon Ingram,Brandon,1610612740,NOP,New Orleans Pelicans,22300731,2024-02-07T00:00:00,NOP @ LAC,W,35.516666666666666,7.1,14.2,0.5,0.0,4.1,0.0,1.0,2.0,0.5,1.0,7.1,8.1,6.1,2.0,1.0,1.0,1.0,0.0,3.0,15.2,14.2,38.1,0,0,33.4,1,1,13151,1,3380,8859,9758,8954,14651,14614,14651,13078,12461,10591,12453,6043,7830,5461,10011,10911,7501,7898,20240,9076,12669,5904,8828,2248,138,10978,1,35:31,2023,2024
2023-24,1630530,Trey Murphy III,Trey,1610612740,NOP,New Orleans Pelicans,22300731,2024-02-07T00:00:00,NOP @ LAC,W,22.616666666666667,8.0,17.5,0.455,4.8,12.7,0.375,0.0,0.0,0.0,0.0,1.6,1.6,3.2,1.6,0.0,0.0,0.0,3.2,0.0,20.7,23.9,25.8,0,0,30.2,1,1,13151,1,13847,6907,5278,13083,2320,1177,8784,13417,14233,13417,13449,20771,22410,12243,12015,12108,8529,9067,10069,17532,7325,3028,17510,2248,138,13400,1,22:37,2023,2024
2023-24,202685,Jonas Valančiūnas,Jonas,1610612740,NOP,New Orleans Pelicans,22300718,2024-02-05T00:00:00,NOP vs. TOR,W,20.08333333333333,7.2,25.1,0.286,0.0,0.0,0.0,3.6,3.6,1.0,14.3,7.2,21.5,5.4,0.0,0.0,0.0,3.6,1.8,5.4,17.9,23.3,51.8,1,0,44.8,1,1,13151,1,15745,8673,763,19775,14651,20560,14651,6563,8669,1,143,5927,400,6734,16035,12108,8529,975,16331,3586,9914,3138,2665,1,138,4133,1,20:05,2023,2024
2023-24,1630230,Naji Marshall,Naji,1610612740,NOP,New Orleans Pelicans,22300718,2024-02-05T00:00:00,NOP vs. TOR,W,19.366666666666667,3.7,13.0,0.286,0.0,3.7,0.0,7.4,7.4,1.0,1.9,0.0,1.9,9.3,7.4,1.9,0.0,1.9,5.6,3.7,14.9,3.7,29.2,0,0,29.7,1,1,13151,1,16288,17733,11557,19775,14651,15401,14651,1785,3010,1,8555,22149,22023,1912,644,6206,8529,3981,3621,7135,13049,10845,15095,2248,138,13834,1,19:22,2023,2024
2023-24,1641722,Jordan Hawkins,Jordan,1610612740,NOP,New Orleans Pelicans,22300718,2024-02-05T00:00:00,NOP vs. TOR,W,7.433333333333334,9.7,14.5,0.667,0.0,4.8,0.0,0.0,0.0,0.0,0.0,0.0,0.0,0.0,0.0,4.8,0.0,0.0,0.0,0.0,19.4,-9.7,33.9,0,0,29.1,1,1,13151,1,22944,3875,9237,3541,14651,12665,14651,13417,14233,13417,13449,22149,23241,19657,16035,795,8529,9067,20240,17532,8460,17873,11698,2248,138,14371,1,7:26,2023,2024
2023-24,1630530,Trey Murphy III,Trey,1610612740,NOP,New Orleans Pelicans,22300718,2024-02-05T00:00:00,NOP vs. TOR,W,24.75,5.8,14.5,0.4,2.9,11.6,0.25,0.0,0.0,0.0,1.5,7.3,8.7,0.0,0.0,0.0,2.9,0.0,1.5,0.0,14.5,33.5,33.7,0,0,32.0,1,1,13151,1,12225,12099,9200,15260,6341,1694,11776,13417,14233,13417,9922,5769,6894,19657,16035,12108,1938,9067,17493,17532,13372,1551,11813,2248,138,12043,1,24:45,2023,2024
2023-24,1630631,Jose Alvarado,Jose,1610612740,NOP,New Orleans Pelicans,22300718,2024-02-05T00:00:00,NOP vs. TOR,W,25.366666666666667,7.1,15.6,0.455,1.4,9.9,0.143,0.0,0.0,0.0,0.0,5.7,5.7,5.7,1.4,4.3,0.0,0.0,0.0,1.4,15.6,32.6,42.3,0,0,36.9,1,1,13151,1,11750,8856,7653,13083,11858,3029,14340,13417,14233,13417,13449,8998,12788,6166,12757,1136,8529,9067,20240,15255,12266,1646,6441,2248,138,8524,1,25:22,2023,2024
2023-24,1627742,Brandon Ingram,Brandon,1610612740,NOP,New Orleans Pelicans,22300718,2024-02-05T00:00:00,NOP vs. TOR,W,29.965,19.2,25.2,0.762,9.6,13.2,0.727,1.2,1.2,1.0,1.2,6.0,7.2,10.8,0.0,0.0,1.2,1.2,1.2,2.4,49.3,44.5,77.7,0,0,79.3,1,1,13151,1,8003,173,729,2232,208,995,1991,12412,13727,1,11124,8204,9445,1159,16035,12108,6235,6454,18507,11276,190,775,262,2248,138,169,1,29:58,2023,2024
2023-24,1630700,Dyson Daniels,Dyson,1610612740,NOP,New Orleans Pelicans,22300718,2024-02-05T00:00:00,NOP vs. TOR,W,21.066666666666663,3.4,8.5,0.4,1.7,3.4,0.5,0.0,0.0,0.0,1.7,3.4,5.1,6.8,0.0,5.1,1.7,0.0,1.7,0.0,8.5,32.5,45.5,0,0,35.9,1,1,13151,1,15015,18413,19163,15260,10847,16030,4049,13417,14233,13417,9064,15479,14161,4316,16035,684,4413,9067,16624,17532,19387,1668,4910,2248,138,9215,1,21:04,2023,2024
2023-24,1629627,Zion Williamson,Zion,1610612740,NOP,New Orleans Pelicans,22300718,2024-02-05T00:00:00,NOP vs. TOR,W,21.918333333333333,8.2,13.1,0.625,0.0,0.0,0.0,9.9,9.9,1.0,1.6,3.3,4.9,8.2,1.6,0.0,1.6,3.3,0.0,4.9,26.3,26.3,47.8,0,0,42.7,1,1,13151,1,14373,6374,11347,5137,14651,20560,14651,777,1491,1,9266,15872,14701,2750,11819,12108,4574,1226,20240,4366,3556,2530,3954,2248,138,5113,1,21:55,2023,2024
2023-24,203468,CJ McCollum,CJ,1610612740,NOP,New Orleans Pelicans,22300718,2024-02-05T00:00:00,NOP vs. TOR,W,22.633333333333333,11.1,19.1,0.583,9.5,15.9,0.6,0.0,0.0,0.0,1.6,8.0,9.5,4.8,0.0,3.2,0.0,0.0,1.6,1.6,31.8,23.9,60.0,0,0,62.0,1,1,13151,1,13834,2224,3684,6644,212,460,3197,13417,14233,13417,9438,4743,5810,8070,16035,2308,8529,9067,17017,14616,1558,3034,1168,2248,138,700,1,22:38,2023,2024
2023-24,203469,Cody Zeller,Cody,1610612740,NOP,New Orleans Pelicans,22300718,2024-02-05T00:00:00,NOP vs. TOR,W,4.533333333333333,7.9,15.9,0.5,0.0,0.0,0.0,0.0,0.0,0.0,0.0,15.9,15.9,0.0,0.0,0.0,0.0,0.0,0.0,0.0,15.9,15.9,34.9,0,0,31.8,1,1,13151,1,24218,6929,7273,8954,14651,20560,14651,13417,14233,13417,13449,449,1332,19657,16035,12108,8529,9067,20240,17532,11991,5274,10987,2248,138,12244,1,4:32,2023,2024
2023-24,1626204,Larry Nance Jr.,Larry,1610612740,NOP,New Orleans Pelicans,22300718,2024-02-05T00:00:00,NOP vs. TOR,W,20.48333333333333,3.5,7.0,0.5,0.0,0.0,0.0,0.0,0.0,0.0,1.8,8.8,10.5,1.8,0.0,0.0,0.0,0.0,7.0,0.0,7.0,47.5,22.3,0,0,19.3,1,1,13151,1,15455,18179,21237,8954,14651,20560,14651,13417,14233,13417,8904,3652,4706,17003,16035,12108,8529,9067,2011,17532,20624,653,19686,2248,138,20928,1,20:29,2023,2024
2023-24,1630529,Herbert Jones,Herbert,1610612740,NOP,New Orleans Pelicans,22300718,2024-02-05T00:00:00,NOP vs. TOR,W,22.4,4.8,11.3,0.429,1.6,6.4,0.25,0.0,0.0,0.0,3.2,0.0,3.2,3.2,1.6,1.6,0.0,0.0,1.6,0.0,11.3,24.1,23.1,0,0,22.5,1,1,13151,1,14008,14898,14616,14111,11181,8779,11776,13417,14233,13417,4651,22149,19040,12134,11956,7219,8529,9067,16965,17532,16892,2975,19180,2248,138,19056,1,22:24,2023,2024
2023-24,1630700,Dyson Daniels,Dyson,1610612740,NOP,New Orleans Pelicans,22300696,2024-02-02T00:00:00,NOP @ SAS,W,21.43,1.7,5.0,0.333,0.0,1.7,0.0,0.0,0.0,0.0,3.4,6.7,10.1,8.4,1.7,5.0,0.0,0.0,1.7,0.0,3.4,33.6,41.5,0,0,31.9,1,1,13151,1,14750,21864,23346,17629,14651,19545,14651,13417,14233,13417,4384,6715,5215,2606,11687,720,8529,9067,16726,17532,22755,1529,6818,2248,138,12110,1,21:26,2023,2024
2023-24,203468,CJ McCollum,CJ,1610612740,NOP,New Orleans Pelicans,22300696,2024-02-02T00:00:00,NOP @ SAS,W,38.50833333333333,7.5,15.9,0.471,2.8,9.3,0.3,1.9,3.7,0.5,0.9,2.8,3.7,3.7,1.9,0.9,0.9,0.9,2.8,1.9,19.6,12.2,33.5,0,0,33.7,1,1,13151,1,1308,7943,7265,12584,6663,3687,11273,10941,8355,10591,13072,17418,17794,10655,10883,11652,8128,8608,11680,13594,8225,6712,12010,2248,138,10824,1,38:31,2023,2024
2023-24,203469,Cody Zeller,Cody,1610612740,NOP,New Orleans Pelicans,22300696,2024-02-02T00:00:00,NOP @ SAS,W,8.066666666666666,0.0,0.0,0.0,0.0,0.0,0.0,0.0,0.0,0.0,4.5,4.5,8.9,4.5,4.5,8.9,0.0,0.0,4.5,4.5,0.0,26.8,39.7,0,0,31.2,1,1,13151,1,22701,22557,24896,22557,14651,20560,14651,13417,14233,13417,2783,12330,6618,8802,2726,147,8529,9067,5938,5296,23140,2434,7838,2248,138,12636,1,8:04,2023,2024
2023-24,1627742,Brandon Ingram,Brandon,1610612740,NOP,New Orleans Pelicans,22300696,2024-02-02T00:00:00,NOP @ SAS,W,36.4,6.9,14.8,0.467,1.0,2.0,0.5,4.0,4.0,1.0,2.0,2.0,4.0,5.9,2.0,2.0,1.0,1.0,4.0,3.0,18.8,-5.9,39.4,0,0,35.6,1,1,13151,1,2663,9270,8765,12709,14143,19017,4049,5847,7888,1,8063,19832,17237,5720,10283,5656,7716,8144,7392,9362,9030,16096,8045,2248,138,9411,1,36:24,2023,2024
2023-24,1630230,Naji Marshall,Naji,1610612740,NOP,New Orleans Pelicans,22300696,2024-02-02T00:00:00,NOP @ SAS,W,16.591666666666665,2.2,13.0,0.167,0.0,4.3,0.0,0.0,0.0,0.0,2.2,4.3,6.5,4.3,2.2,2.2,0.0,0.0,2.2,0.0,4.3,-41.2,23.0,0,0,19.5,1,1,13151,1,18285,21110,11547,21962,14651,13935,14651,13417,14233,13417,7286,12702,10866,9091,9308,4828,8529,9067,14307,17532,22332,24923,19266,2248,138,20846,1,16:36,2023,2024
2023-24,1641722,Jordan Hawkins,Jordan,1610612740,NOP,New Orleans Pelicans,22300696,2024-02-02T00:00:00,NOP @ SAS,W,10.831666666666669,3.3,16.6,0.2,0.0,13.3,0.0,0.0,0.0,0.0,0.0,0.0,0.0,0.0,0.0,0.0,0.0,0.0,0.0,0.0,6.6,0.0,6.6,0,0,6.6,1,1,13151,1,21651,18635,6331,21471,14651,968,14651,13417,14233,13417,13449,22149,23241,19657,16035,12108,8529,9067,20240,17532,20911,12394,24831,2248,138,24873,1,10:50,2023,2024
2023-24,1630530,Trey Murphy III,Trey,1610612740,NOP,New Orleans Pelicans,22300696,2024-02-02T00:00:00,NOP @ SAS,W,26.536666666666665,5.4,12.2,0.444,1.4,2.7,0.5,0.0,0.0,0.0,0.0,1.4,1.4,0.0,1.4,2.7,0.0,2.7,0.0,0.0,12.2,-24.4,20.6,0,0,20.3,1,1,13151,1,10813,13194,12962,13458,12109,17545,4049,13417,14233,13417,13449,21231,22710,19657,13072,3264,8529,1950,20240,17532,15895,22674,20648,2248,138,20376,1,26:32,2023,2024
2023-24,1630631,Jose Alvarado,Jose,1610612740,NOP,New Orleans Pelicans,22300696,2024-02-02T00:00:00,NOP @ SAS,W,18.766666666666666,5.8,13.4,0.429,3.8,9.6,0.4,0.0,0.0,0.0,0.0,3.8,3.8,5.8,0.0,3.8,0.0,1.9,5.8,0.0,15.3,17.3,40.1,0,0,36.4,1,1,13151,1,16739,12270,10855,14111,3912,3385,7875,13417,14233,13417,13449,14207,17550,6039,16035,1492,8529,3771,3375,17532,12532,4793,7619,2248,138,8795,1,18:46,2023,2024
2023-24,1629627,Zion Williamson,Zion,1610612740,NOP,New Orleans Pelicans,22300696,2024-02-02T00:00:00,NOP @ SAS,W,35.86666666666667,12.0,21.1,0.571,0.0,0.0,0.0,9.0,13.0,0.692,3.0,5.0,8.0,4.0,1.0,1.0,1.0,4.0,2.0,9.0,33.1,15.1,53.8,0,0,49.2,1,1,13151,1,3066,1573,2282,6891,14651,20560,14651,1022,633,9410,5038,10694,7956,9920,15314,11039,7585,724,15202,665,1268,5588,2195,2248,138,2671,1,35:52,2023,2024
2023-24,202685,Jonas Valančiūnas,Jonas,1610612740,NOP,New Orleans Pelicans,22300696,2024-02-02T00:00:00,NOP @ SAS,W,27.001666666666665,12.0,16.0,0.75,0.0,0.0,0.0,0.0,0.0,0.0,4.0,8.0,12.0,5.3,0.0,0.0,0.0,1.3,2.7,1.3,24.0,-20.0,46.4,0,0,41.3,1,1,13151,1,10436,1613,7130,2237,14651,20560,14651,13417,14233,13417,3353,4684,3409,6837,16035,12108,8529,5732,12265,15601,4883,21540,4521,2248,138,5837,1,27:00,2023,2024
2023-24,1630530,Trey Murphy III,Trey,1610612740,NOP,New Orleans Pelicans,22300679,2024-01-31T00:00:00,NOP @ HOU,W,27.416666666666668,6.6,15.8,0.417,3.9,13.1,0.3,0.0,0.0,0.0,1.3,6.6,7.9,1.3,1.3,0.0,0.0,0.0,1.3,0.0,17.1,5.3,27.2,0,0,30.2,1,1,13151,1,10112,10155,7440,14849,3709,1038,11273,13417,14233,13417,10534,7034,8218,18399,13262,12108,8529,9067,18015,17532,10762,10086,16554,2248,138,13444,1,27:25,2023,2024
2023-24,1627742,Brandon Ingram,Brandon,1610612740,NOP,New Orleans Pelicans,22300679,2024-01-31T00:00:00,NOP @ HOU,W,36.13666666666666,9.0,18.9,0.474,0.0,3.0,0.0,6.0,7.0,0.857,4.0,6.0,10.0,4.0,6.0,0.0,2.0,0.0,4.0,6.0,23.9,4.0,41.8,1,0,41.8,1,1,13151,1,2859,5009,3819,12502,14651,16983,14651,2967,3423,7116,3380,8283,5343,10000,1249,12108,3611,9067,7309,2745,4928,10716,6650,1,138,5547,1,36:08,2023,2024
2023-24,202685,Jonas Valančiūnas,Jonas,1610612740,NOP,New Orleans Pelicans,22300679,2024-01-31T00:00:00,NOP @ HOU,W,32.50333333333333,11.1,16.6,0.667,0.0,1.1,0.0,5.5,10.0,0.556,4.4,11.1,15.5,2.2,3.3,0.0,1.1,1.1,5.5,8.9,27.7,14.4,49.6,1,0,47.6,1,1,13151,1,5858,2287,6346,3541,14651,20279,14651,3438,1444,10568,2819,1817,1486,15374,5119,12108,6796,7105,3686,727,2951,5814,3308,1,138,3107,1,32:30,2023,2024
2023-24,1630631,Jose Alvarado,Jose,1610612740,NOP,New Orleans Pelicans,22300679,2024-01-31T00:00:00,NOP @ HOU,W,14.313333333333333,5.0,7.5,0.667,5.0,7.5,0.667,2.5,5.0,0.5,0.0,2.5,2.5,0.0,0.0,0.0,0.0,0.0,7.5,2.5,17.6,17.6,20.6,0,0,25.2,1,1,13151,1,19778,14353,20561,3541,2003,6388,2080,9014,5939,10591,13449,18229,20670,19657,16035,12108,8529,9067,1680,10887,10233,4677,20645,2248,138,17263,1,14:19,2023,2024
2023-24,1630700,Dyson Daniels,Dyson,1610612740,NOP,New Orleans Pelicans,22300679,2024-01-31T00:00:00,NOP @ HOU,W,23.746666666666663,6.1,9.1,0.667,1.5,4.5,0.333,0.0,0.0,0.0,0.0,3.0,3.0,4.5,3.0,1.5,0.0,0.0,3.0,1.5,13.6,1.5,25.6,0,0,25.8,1,1,13151,1,13042,11427,18288,3541,11474,13393,9124,13417,14233,13417,13449,16656,19491,8606,5992,7550,8529,9067,10645,14865,14329,12002,17623,2248,138,16826,1,23:45,2023,2024
2023-24,1630230,Naji Marshall,Naji,1610612740,NOP,New Orleans Pelicans,22300679,2024-01-31T00:00:00,NOP @ HOU,W,31.016666666666666,3.5,4.6,0.75,1.2,1.2,1.0,3.5,4.6,0.75,0.0,8.1,8.1,2.3,0.0,0.0,1.2,0.0,2.3,3.5,11.6,9.3,28.3,0,0,25.5,1,1,13151,1,7092,18260,23663,2237,13088,20218,1,6752,6577,8216,13449,4503,7812,15000,16035,12108,6466,9067,13620,7751,16567,8049,15724,2248,138,17004,1,31:01,2023,2024
2023-24,203468,CJ McCollum,CJ,1610612740,NOP,New Orleans Pelicans,22300679,2024-01-31T00:00:00,NOP @ HOU,W,35.903333333333336,7.0,15.0,0.467,3.0,7.0,0.429,2.0,2.0,1.0,0.0,5.0,5.0,3.0,3.0,1.0,2.0,1.0,1.0,2.0,19.1,3.0,35.6,0,0,36.1,1,1,13151,1,3041,9046,8439,12709,5979,7491,7457,10515,12542,1,13449,10709,14473,12770,6086,11052,3575,8007,19621,12986,8781,11204,10540,2248,138,9050,1,35:54,2023,2024
2023-24,1626204,Larry Nance Jr.,Larry,1610612740,NOP,New Orleans Pelicans,22300679,2024-01-31T00:00:00,NOP @ HOU,W,15.496666666666666,0.0,7.0,0.0,0.0,4.6,0.0,0.0,0.0,0.0,2.3,9.3,11.6,7.0,0.0,2.3,0.0,0.0,7.0,0.0,0.0,-4.6,31.4,0,0,23.2,1,1,13151,1,19004,22557,21304,22557,14651,13130,14651,13417,14233,13417,6823,3112,3704,4122,16035,4304,8529,9067,2047,17532,23140,15443,13594,2248,138,18589,1,15:30,2023,2024
2023-24,1641722,Jordan Hawkins,Jordan,1610612740,NOP,New Orleans Pelicans,22300679,2024-01-31T00:00:00,NOP @ HOU,W,23.466666666666665,1.5,7.7,0.2,1.5,6.1,0.25,0.0,0.0,0.0,3.1,6.1,9.2,3.1,1.5,0.0,0.0,0.0,1.5,0.0,4.6,26.1,18.7,0,0,18.4,1,1,13151,1,13233,22032,20375,21471,11405,9445,11776,13417,14233,13417,4909,7924,6229,12559,12239,12108,8529,9067,17203,17532,22191,2575,21572,2248,138,21436,1,23:28,2023,2024
2023-24,1626204,Larry Nance Jr.,Larry,1610612740,NOP,New Orleans Pelicans,22300659,2024-01-29T00:00:00,NOP @ BOS,L,19.67333333333333,1.8,5.5,0.333,1.8,3.7,0.5,0.0,0.0,0.0,1.8,3.7,5.5,1.8,0.0,0.0,1.8,0.0,0.0,0.0,5.5,-22.0,20.3,0,0,18.3,1,13252,1,13252,16055,21661,22932,17629,10411,15536,4049,13417,14233,13417,8677,14776,13274,16777,16035,12108,4119,9067,20240,17532,21679,22092,20807,2248,138,21487,1,19:40,2023,2024
2023-24,1641722,Jordan Hawkins,Jordan,1610612740,NOP,New Orleans Pelicans,22300659,2024-01-29T00:00:00,NOP @ BOS,L,9.233333333333333,0.0,7.8,0.0,0.0,7.8,0.0,0.0,0.0,0.0,0.0,11.7,11.7,0.0,0.0,3.9,0.0,0.0,3.9,7.8,0.0,-19.5,25.7,0,0,19.5,1,13252,1,13252,22267,22557,20201,22557,14651,5951,14651,13417,14233,13417,13449,1485,3635,19657,16035,1428,8529,9067,7593,1213,23140,21380,17546,2248,138,20860,1,9:14,2023,2024
2023-24,203468,CJ McCollum,CJ,1610612740,NOP,New Orleans Pelicans,22300659,2024-01-29T00:00:00,NOP @ BOS,L,36.69,6.9,13.7,0.5,1.0,4.9,0.2,1.0,1.0,1.0,0.0,2.0,2.0,2.0,3.9,0.0,1.0,1.0,2.9,2.0,15.7,-1.0,20.0,0,0,22.6,1,13252,1,13252,2460,9396,10405,8954,14182,12539,13222,13175,14116,1,13449,19883,21823,16282,3685,12108,7779,8218,11041,13180,12184,13652,20971,2248,138,19014,1,36:41,2023,2024
2023-24,202685,Jonas Valančiūnas,Jonas,1610612740,NOP,New Orleans Pelicans,22300659,2024-01-29T00:00:00,NOP @ BOS,L,19.616666666666667,7.3,16.5,0.444,0.0,3.7,0.0,5.5,7.3,0.75,1.8,11.0,12.8,3.7,0.0,1.8,1.8,1.8,1.8,5.5,20.2,11.0,52.1,0,0,44.0,1,13252,1,13252,16103,8258,6437,13458,14651,15505,14651,3484,3105,8216,8654,1850,2825,10850,16035,6306,4102,4075,16125,3382,7758,7234,2579,2248,138,4497,1,19:37,2023,2024
2023-24,1630530,Trey Murphy III,Trey,1610612740,NOP,New Orleans Pelicans,22300659,2024-01-29T00:00:00,NOP @ BOS,L,28.03333333333333,7.7,18.0,0.429,3.9,12.8,0.3,0.0,0.0,0.0,2.6,2.6,5.1,0.0,1.3,0.0,0.0,1.3,3.9,0.0,19.3,-9.0,24.1,0,0,28.3,1,13252,1,13252,9562,7421,4776,14111,3873,1142,11273,13417,14233,13417,6153,18079,14130,19657,13439,12108,8529,5980,7755,17532,8588,17551,18600,2248,138,15000,1,28:02,2023,2024
2023-24,1630529,Herbert Jones,Herbert,1610612740,NOP,New Orleans Pelicans,22300659,2024-01-29T00:00:00,NOP @ BOS,L,27.44333333333333,3.9,5.2,0.75,3.9,5.2,0.75,0.0,0.0,0.0,2.6,1.3,3.9,5.2,2.6,0.0,0.0,0.0,5.2,0.0,11.8,-9.2,21.8,0,0,24.9,1,13252,1,13252,10100,17195,23159,2237,3720,11652,1673,13417,14233,13417,6010,21325,17293,7001,7495,12108,8529,9067,4177,17532,16356,17664,20063,2248,138,17421,1,27:27,2023,2024
2023-24,1629627,Zion Williamson,Zion,1610612740,NOP,New Orleans Pelicans,22300659,2024-01-29T00:00:00,NOP @ BOS,L,30.73333333333333,12.9,21.1,0.611,0.0,1.2,0.0,4.7,5.9,0.8,0.0,4.7,4.7,3.5,3.5,2.3,0.0,2.3,0.0,4.7,30.5,-8.2,44.9,0,0,43.3,1,13252,1,13252,7339,1088,2277,5617,14651,20204,14651,4570,4686,7723,13449,11678,15376,11268,4620,4238,8529,2557,20240,4862,1950,17163,5148,2248,138,4837,1,30:44,2023,2024
2023-24,1627742,Brandon Ingram,Brandon,1610612740,NOP,New Orleans Pelicans,22300659,2024-01-29T00:00:00,NOP @ BOS,L,36.31666666666667,11.9,23.8,0.5,2.0,7.9,0.25,2.0,3.0,0.667,1.0,5.9,6.9,5.9,2.0,1.0,1.0,0.0,2.0,4.0,27.8,2.0,49.0,0,0,46.6,1,13252,1,13252,2719,1669,1137,8954,9687,5722,11776,10589,9963,9424,12640,8352,9952,5699,10266,11169,7700,9067,15337,6492,2918,11773,3536,2248,138,3472,1,36:19,2023,2024
2023-24,1630700,Dyson Daniels,Dyson,1610612740,NOP,New Orleans Pelicans,22300659,2024-01-29T00:00:00,NOP @ BOS,L,13.76,0.0,0.0,0.0,0.0,0.0,0.0,0.0,0.0,0.0,5.2,2.6,7.8,0.0,0.0,2.6,5.2,0.0,0.0,0.0,0.0,-20.9,33.0,0,0,23.5,1,13252,1,13252,20125,22557,24896,22557,14651,20560,14651,13417,14233,13417,2063,17959,8262,19657,16035,3496,560,9067,20240,17532,23140,21798,12381,2248,138,18381,1,13:46,2023,2024
2023-24,1630230,Naji Marshall,Naji,1610612740,NOP,New Orleans Pelicans,22300659,2024-01-29T00:00:00,NOP @ BOS,L,18.5,3.9,5.8,0.667,0.0,1.9,0.0,0.0,0.0,0.0,0.0,7.8,7.8,5.8,0.0,1.9,0.0,0.0,0.0,0.0,7.8,17.5,31.7,0,0,25.3,1,13252,1,13252,16955,17306,22589,3541,14651,19070,14651,13417,14233,13417,13449,4993,8371,5893,16035,5800,8529,9067,20240,17532,20014,4709,13317,2248,138,17163,1,18:30,2023,2024
2023-24,1630230,Naji Marshall,Naji,1610612740,NOP,New Orleans Pelicans,22300648,2024-01-27T00:00:00,NOP @ MIL,L,15.251666666666669,7.1,14.2,0.5,0.0,0.0,0.0,4.7,14.2,0.333,2.4,0.0,2.4,2.4,2.4,2.4,0.0,0.0,4.7,7.1,18.9,-16.5,30.0,0,0,28.3,1,13252,1,13252,19165,8907,9797,8954,14651,20560,14651,4516,474,13045,6725,22149,20981,14867,8468,4193,8529,9067,5312,1664,8927,20493,14563,2248,138,14941,1,15:15,2023,2024
2023-24,1630604,E.J. Liddell,E.J.,1610612740,NOP,New Orleans Pelicans,22300648,2024-01-27T00:00:00,NOP @ MIL,L,2.783333333333333,0.0,0.0,0.0,0.0,0.0,0.0,0.0,0.0,0.0,0.0,25.9,25.9,0.0,0.0,0.0,0.0,0.0,0.0,0.0,0.0,64.7,31.0,0,0,25.9,1,13252,1,13252,25108,22557,24896,22557,14651,20560,14651,13417,14233,13417,13449,85,194,19657,16035,12108,8529,9067,20240,17532,23140,326,13812,2248,138,16752,1,2:47,2023,2024
2023-24,203468,CJ McCollum,CJ,1610612740,NOP,New Orleans Pelicans,22300648,2024-01-27T00:00:00,NOP @ MIL,L,22.55,3.2,11.2,0.286,1.6,6.4,0.25,3.2,3.2,1.0,0.0,1.6,1.6,6.4,3.2,0.0,1.6,0.0,3.2,3.2,11.2,-47.9,24.3,0,0,23.9,1,13252,1,13252,13901,18933,14755,19775,11206,8882,11776,7352,9444,1,13449,20757,22399,4976,5476,12108,4701,9067,10034,8579,16962,25296,18517,2248,138,18104,1,22:33,2023,2024
2023-24,202685,Jonas Valančiūnas,Jonas,1610612740,NOP,New Orleans Pelicans,22300648,2024-01-27T00:00:00,NOP @ MIL,L,23.7,9.1,12.2,0.75,1.5,4.6,0.333,0.0,0.0,0.0,1.5,13.7,15.2,9.1,0.0,0.0,0.0,0.0,4.6,3.0,19.7,-12.2,51.6,1,0,45.6,1,13252,1,13252,13068,4724,13055,2237,11464,13368,9124,13417,14233,13417,9665,851,1603,2021,16035,12108,8529,9067,5711,9082,8135,18934,2704,1,138,3854,1,23:42,2023,2024
2023-24,1629627,Zion Williamson,Zion,1610612740,NOP,New Orleans Pelicans,22300648,2024-01-27T00:00:00,NOP @ MIL,L,29.063333333333333,9.9,17.3,0.571,0.0,0.0,0.0,8.7,8.7,1.0,1.2,1.2,2.5,2.5,6.2,1.2,0.0,0.0,0.0,6.2,28.5,-24.8,32.7,0,0,35.9,1,13252,1,13252,8730,3596,5477,6891,14651,20560,14651,1164,2099,1,10926,21495,20756,14471,1120,9021,8529,9067,20240,2489,2617,22749,12606,2248,138,9190,1,29:04,2023,2024
2023-24,1630526,Jeremiah Robinson-Earl,Jeremiah,1610612740,NOP,New Orleans Pelicans,22300648,2024-01-27T00:00:00,NOP @ MIL,L,6.8,10.6,15.9,0.667,0.0,5.3,0.0,21.2,26.5,0.8,15.9,0.0,15.9,0.0,0.0,0.0,0.0,0.0,0.0,15.9,42.4,26.5,61.4,0,0,58.2,1,13252,1,13252,23178,2781,7273,3541,14651,11525,14651,62,80,7723,104,22149,1332,19657,16035,12108,8529,9067,20240,82,354,2493,1024,2248,138,1014,1,6:48,2023,2024
2023-24,203469,Cody Zeller,Cody,1610612740,NOP,New Orleans Pelicans,22300648,2024-01-27T00:00:00,NOP @ MIL,L,6.8,0.0,5.3,0.0,0.0,0.0,0.0,5.3,10.6,0.5,0.0,15.9,15.9,0.0,0.0,0.0,0.0,0.0,0.0,5.3,5.3,26.5,24.4,0,0,21.2,1,13252,1,13252,23178,22557,23124,22557,14651,20560,14651,3761,1212,10591,13449,449,1332,19657,16035,12108,8529,9067,20240,3707,21793,2493,18460,2248,138,19892,1,6:48,2023,2024
2023-24,1630529,Herbert Jones,Herbert,1610612740,NOP,New Orleans Pelicans,22300648,2024-01-27T00:00:00,NOP @ MIL,L,19.60333333333333,7.3,16.5,0.444,1.8,7.3,0.25,0.0,0.0,0.0,0.0,0.0,0.0,0.0,0.0,0.0,1.8,0.0,5.5,0.0,16.5,-25.7,22.0,0,0,22.0,1,13252,1,13252,16115,8252,6425,13458,10375,6773,11776,13417,14233,13417,13449,22149,23241,19657,16035,12108,4099,9067,3744,17532,11359,22941,19882,2248,138,19376,1,19:36,2023,2024
2023-24,1630700,Dyson Daniels,Dyson,1610612740,NOP,New Orleans Pelicans,22300648,2024-01-27T00:00:00,NOP @ MIL,L,17.986666666666668,0.0,2.0,0.0,0.0,0.0,0.0,0.0,0.0,0.0,0.0,4.0,4.0,6.0,4.0,2.0,2.0,0.0,2.0,0.0,0.0,-4.0,21.8,0,0,18.0,1,13252,1,13252,17304,22557,24811,22557,14651,20560,14651,13417,14233,13417,13449,13708,17125,5587,3507,5549,3584,9067,15240,17532,23140,15115,20033,2248,138,21625,1,17:59,2023,2024
2023-24,1630631,Jose Alvarado,Jose,1610612740,NOP,New Orleans Pelicans,22300648,2024-01-27T00:00:00,NOP @ MIL,L,20.766666666666666,1.7,3.5,0.5,0.0,0.0,0.0,3.5,3.5,1.0,0.0,1.7,1.7,3.5,0.0,3.5,0.0,0.0,6.9,1.7,6.9,0.0,24.6,0,0,19.1,1,13252,1,13252,15256,21788,24317,8954,14651,20560,14651,6769,8868,1,13449,20486,22209,11401,16035,1886,8529,9067,2074,14109,20690,12394,18304,2248,138,21066,1,20:46,2023,2024
2023-24,1641722,Jordan Hawkins,Jordan,1610612740,NOP,New Orleans Pelicans,22300648,2024-01-27T00:00:00,NOP @ MIL,L,29.328333333333333,2.5,12.3,0.2,2.5,7.4,0.333,2.5,2.5,1.0,1.2,7.4,8.6,1.2,3.7,0.0,0.0,0.0,0.0,2.5,9.8,-13.5,18.3,0,0,22.1,1,13252,1,13252,8491,20535,12834,21471,7734,6733,9124,9148,11245,1,11004,5627,7096,18686,4232,12108,8529,9067,20240,11100,18201,19446,21753,2248,138,19344,1,29:20,2023,2024
2023-24,1626204,Larry Nance Jr.,Larry,1610612740,NOP,New Orleans Pelicans,22300648,2024-01-27T00:00:00,NOP @ MIL,L,17.5,6.2,12.3,0.5,4.1,6.2,0.667,4.1,4.1,1.0,4.1,6.2,10.3,0.0,0.0,0.0,0.0,0.0,4.1,2.1,20.6,-43.2,32.9,0,0,35.0,1,13252,1,13252,17640,11163,12716,8954,3381,9357,2080,5544,7578,1,3191,7845,4965,19657,16035,12108,8529,9067,6932,12731,7428,25035,12430,2248,138,9881,1,17:30,2023,2024
2023-24,1627742,Brandon Ingram,Brandon,1610612740,NOP,New Orleans Pelicans,22300648,2024-01-27T00:00:00,NOP @ MIL,L,27.866666666666667,11.6,23.3,0.5,2.6,2.6,1.0,7.8,10.3,0.75,0.0,7.8,7.8,1.3,1.3,0.0,0.0,0.0,0.0,6.5,33.6,-28.4,43.5,0,0,45.2,1,13252,1,13252,9729,1843,1294,8954,7302,17783,1,1621,1297,8216,13449,5052,8442,18468,13387,12108,8529,9067,20240,2233,1169,23452,5757,2248,138,3971,1,27:52,2023,2024
2023-24,1630529,Herbert Jones,Herbert,1610612740,NOP,New Orleans Pelicans,22300640,2024-01-26T00:00:00,NOP vs. OKC,L,28.5,7.6,15.2,0.5,2.5,8.8,0.286,0.0,0.0,0.0,0.0,5.1,5.1,1.3,2.5,0.0,1.3,1.3,5.1,0.0,17.7,-21.5,26.9,0,0,29.1,1,13252,1,13252,9190,7719,8274,8954,7491,4353,11375,13417,14233,13417,13449,10594,14355,18561,7850,12108,5928,6101,4550,17532,10157,21945,16771,2248,138,14379,1,28:30,2023,2024
2023-24,203468,CJ McCollum,CJ,1610612740,NOP,New Orleans Pelicans,22300640,2024-01-26T00:00:00,NOP vs. OKC,L,34.67166666666667,4.2,15.6,0.267,2.1,7.3,0.286,2.1,2.1,1.0,1.0,5.2,6.2,3.1,4.2,2.1,0.0,1.0,4.2,1.0,12.5,-20.8,26.7,0,0,28.0,1,13252,1,13252,4084,16652,7704,20314,9174,6932,11375,10258,12303,1,12261,10226,11505,12435,3203,5209,8529,7681,6828,16995,15637,21763,16911,2248,138,15174,1,34:40,2023,2024
2023-24,202685,Jonas Valančiūnas,Jonas,1610612740,NOP,New Orleans Pelicans,22300640,2024-01-26T00:00:00,NOP vs. OKC,L,20.481666666666666,10.5,21.1,0.5,0.0,0.0,0.0,3.5,3.5,1.0,8.8,7.0,15.8,0.0,3.5,0.0,0.0,5.3,1.8,5.3,24.6,-12.3,40.1,0,0,40.4,1,13252,1,13252,15464,2834,2271,8954,14651,20560,14651,6693,8800,1,553,6153,1364,19657,4616,12108,8529,367,16477,3751,4502,18995,7637,2248,138,6336,1,20:29,2023,2024
2023-24,1630604,E.J. Liddell,E.J.,1610612740,NOP,New Orleans Pelicans,22300640,2024-01-26T00:00:00,NOP vs. OKC,L,3.45,0.0,10.4,0.0,0.0,10.4,0.0,0.0,0.0,0.0,0.0,0.0,0.0,0.0,0.0,20.9,0.0,0.0,0.0,0.0,0.0,-10.4,62.6,0,0,41.7,1,13252,1,13252,24772,22557,16021,22557,14651,2563,14651,13417,14233,13417,13449,22149,23241,19657,16035,20,8529,9067,20240,17532,23140,18207,901,2248,138,5599,1,3:27,2023,2024
2023-24,1630526,Jeremiah Robinson-Earl,Jeremiah,1610612740,NOP,New Orleans Pelicans,22300640,2024-01-26T00:00:00,NOP vs. OKC,L,3.45,10.4,31.3,0.333,0.0,10.4,0.0,0.0,0.0,0.0,0.0,0.0,0.0,0.0,0.0,10.4,0.0,0.0,0.0,0.0,20.9,-10.4,52.2,0,0,41.7,1,13252,1,13252,24772,2943,211,17629,14651,2563,14651,13417,14233,13417,13449,22149,23241,19657,16035,98,8529,9067,20240,17532,7186,18207,2566,2248,138,5599,1,3:27,2023,2024
2023-24,1641722,Jordan Hawkins,Jordan,1610612740,NOP,New Orleans Pelicans,22300640,2024-01-26T00:00:00,NOP vs. OKC,L,19.881666666666668,3.6,9.1,0.4,3.6,7.2,0.5,5.4,5.4,1.0,0.0,1.8,1.8,7.2,1.8,0.0,0.0,0.0,1.8,1.8,16.3,-14.5,27.5,0,0,29.0,1,13252,1,13252,15906,17967,18350,15260,4417,6994,4049,3589,5321,1,13449,20322,22106,3759,11194,12108,8529,9067,16252,13842,11592,19806,16296,2248,138,14441,1,19:53,2023,2024
2023-24,1626204,Larry Nance Jr.,Larry,1610612740,NOP,New Orleans Pelicans,22300640,2024-01-26T00:00:00,NOP vs. OKC,L,21.535,3.3,5.0,0.667,0.0,0.0,0.0,0.0,0.0,0.0,1.7,6.7,8.4,5.0,0.0,1.7,1.7,0.0,1.7,0.0,6.7,-16.7,34.3,0,0,26.7,1,13252,1,13252,14676,18591,23367,3541,14651,20560,14651,13417,14233,13417,9177,6806,7449,7509,16035,6976,4509,9067,16750,17532,20882,20562,11441,2248,138,16119,1,21:32,2023,2024
2023-24,1630631,Jose Alvarado,Jose,1610612740,NOP,New Orleans Pelicans,22300640,2024-01-26T00:00:00,NOP vs. OKC,L,12.433333333333334,5.8,20.3,0.286,2.9,17.4,0.167,0.0,0.0,0.0,0.0,5.8,5.8,8.7,2.9,5.8,0.0,0.0,0.0,0.0,14.5,-8.7,48.9,0,0,43.4,1,13252,1,13252,20837,12150,2812,19775,6378,320,13950,13417,14233,13417,13449,8727,12538,2348,6507,486,8529,9067,20240,17532,13445,17400,3544,2248,138,4799,1,12:26,2023,2024
2023-24,1627742,Brandon Ingram,Brandon,1610612740,NOP,New Orleans Pelicans,22300640,2024-01-26T00:00:00,NOP vs. OKC,L,33.52,5.4,9.7,0.556,0.0,0.0,0.0,2.1,5.4,0.4,0.0,4.3,4.3,9.7,5.4,0.0,2.1,0.0,3.2,3.2,12.9,-16.1,33.6,0,0,31.1,1,13252,1,13252,4984,13371,17348,7603,14651,20560,14651,10017,5416,12977,13449,12826,16358,1686,1682,12108,3213,9067,9920,8494,15155,20366,11897,2248,138,12702,1,33:31,2023,2024
2023-24,1630230,Naji Marshall,Naji,1610612740,NOP,New Orleans Pelicans,22300640,2024-01-26T00:00:00,NOP vs. OKC,L,13.083333333333334,0.0,11.0,0.0,0.0,8.3,0.0,0.0,0.0,0.0,0.0,2.8,2.8,0.0,2.8,2.8,0.0,0.0,2.8,0.0,0.0,-27.5,8.8,0,0,8.3,1,13252,1,13252,20505,22557,15033,22557,14651,5201,14651,13417,14233,13417,13449,17565,20200,19657,7029,3161,8529,9067,11925,17532,23140,23288,24509,2248,138,24618,1,13:05,2023,2024
2023-24,203469,Cody Zeller,Cody,1610612740,NOP,New Orleans Pelicans,22300640,2024-01-26T00:00:00,NOP vs. OKC,L,3.45,0.0,0.0,0.0,0.0,0.0,0.0,0.0,0.0,0.0,0.0,10.4,10.4,0.0,0.0,0.0,0.0,0.0,0.0,10.4,0.0,-10.4,12.5,0,0,10.4,1,13252,1,13252,24772,22557,24896,22557,14651,20560,14651,13417,14233,13417,13449,2196,4789,19657,16035,12108,8529,9067,20240,356,23140,18207,23769,2248,138,24190,1,3:27,2023,2024
2023-24,1630530,Trey Murphy III,Trey,1610612740,NOP,New Orleans Pelicans,22300640,2024-01-26T00:00:00,NOP vs. OKC,L,28.183333333333334,2.6,8.9,0.286,1.3,7.7,0.167,1.3,2.6,0.5,0.0,8.9,8.9,1.3,0.0,0.0,0.0,0.0,1.3,2.6,7.7,-20.4,20.3,0,0,19.2,1,13252,1,13252,9459,20324,18551,19775,12485,6183,13950,12192,11009,10591,13449,3493,6604,18517,16035,12108,8529,9067,18179,10755,20139,21670,20809,2248,138,21015,1,28:11,2023,2024
2023-24,1630700,Dyson Daniels,Dyson,1610612740,NOP,New Orleans Pelicans,22300640,2024-01-26T00:00:00,NOP vs. OKC,L,17.36,4.1,8.3,0.5,2.1,2.1,1.0,0.0,0.0,0.0,2.1,0.0,2.1,0.0,8.3,0.0,2.1,0.0,0.0,0.0,10.4,-22.8,10.8,0,0,18.7,1,13252,1,13252,17750,16667,19521,8954,9194,18800,1,13417,14233,13417,7657,22149,21600,19657,477,12108,3371,9067,20240,17532,17709,22314,24130,2248,138,21290,1,17:22,2023,2024
2023-24,1627742,Brandon Ingram,Brandon,1610612740,NOP,New Orleans Pelicans,22300616,2024-01-23T00:00:00,NOP vs. UTA,W,30.633333333333333,9.4,21.2,0.444,0.0,2.4,0.0,2.4,2.4,1.0,1.2,4.7,5.9,7.1,1.2,0.0,0.0,3.5,1.2,1.2,21.2,23.5,37.6,0,0,34.1,1,1,13151,1,7433,4289,2238,13458,14651,18244,14651,9435,11530,1,11282,11628,12327,4026,14122,12108,8529,1021,18627,16336,6954,3096,9181,2248,138,10514,1,30:38,2023,2024
2023-24,1630700,Dyson Daniels,Dyson,1610612740,NOP,New Orleans Pelicans,22300616,2024-01-23T00:00:00,NOP vs. UTA,W,17.333333333333332,0.0,4.2,0.0,0.0,2.1,0.0,0.0,0.0,0.0,0.0,10.4,10.4,6.2,0.0,2.1,0.0,2.1,4.2,0.0,0.0,27.0,28.0,0,0,20.8,1,1,13151,1,17769,22557,23966,22557,14651,18789,14651,13417,14233,13417,13449,2240,4846,5205,16035,5204,8529,3219,6819,17532,23140,2387,15927,2248,138,20127,1,17:20,2023,2024
2023-24,203468,CJ McCollum,CJ,1610612740,NOP,New Orleans Pelicans,22300616,2024-01-23T00:00:00,NOP vs. UTA,W,29.216666666666665,13.6,20.9,0.647,11.1,16.0,0.692,2.5,3.7,0.667,1.2,4.9,6.2,2.5,2.5,1.2,1.2,0.0,3.7,4.9,40.7,20.9,56.7,0,0,65.3,1,1,13151,1,8584,858,2369,4807,141,445,2077,9131,8446,9424,10971,10968,11654,14509,8071,9074,6072,9067,8289,4361,416,3685,1628,2248,138,491,1,29:13,2023,2024
2023-24,1630529,Herbert Jones,Herbert,1610612740,NOP,New Orleans Pelicans,22300616,2024-01-23T00:00:00,NOP vs. UTA,W,25.791666666666668,11.2,12.6,0.889,5.6,5.6,1.0,2.8,2.8,1.0,2.8,4.2,7.0,7.0,0.0,1.4,1.4,0.0,5.6,2.8,30.7,18.1,57.9,0,0,55.8,1,1,13151,1,11423,2199,12355,1430,1469,10793,1,8353,10393,1,5604,13134,9869,4111,16035,8103,5365,9067,3611,9953,1893,4508,1438,2248,138,1285,1,25:48,2023,2024
2023-24,1629627,Zion Williamson,Zion,1610612740,NOP,New Orleans Pelicans,22300616,2024-01-23T00:00:00,NOP vs. UTA,W,26.8,10.7,16.1,0.667,0.0,0.0,0.0,1.3,2.7,0.5,1.3,2.7,4.0,14.8,2.7,0.0,0.0,2.7,2.7,5.4,22.8,8.1,47.1,1,0,41.6,1,1,13151,1,10602,2606,6966,3541,14651,20560,14651,11985,10640,10591,10387,17773,17048,318,7250,12108,8529,1982,12175,3592,5669,8654,4218,1,138,5650,1,26:48,2023,2024
2023-24,1630631,Jose Alvarado,Jose,1610612740,NOP,New Orleans Pelicans,22300616,2024-01-23T00:00:00,NOP vs. UTA,W,4.816666666666666,22.4,37.4,0.6,22.4,29.9,0.75,0.0,0.0,0.0,0.0,14.9,14.9,0.0,7.5,0.0,0.0,0.0,0.0,0.0,67.3,22.4,77.7,0,0,104.6,1,1,13151,1,24067,102,105,5678,20,46,1673,13417,14233,13417,13449,584,1732,19657,625,12108,8529,9067,20240,17532,58,3350,263,2248,138,60,1,4:49,2023,2024
2023-24,203469,Cody Zeller,Cody,1610612740,NOP,New Orleans Pelicans,22300616,2024-01-23T00:00:00,NOP vs. UTA,W,4.816666666666666,7.5,7.5,1.0,0.0,0.0,0.0,0.0,0.0,0.0,14.9,14.9,29.9,14.9,0.0,0.0,0.0,0.0,14.9,0.0,14.9,22.4,73.2,0,0,59.8,1,1,13151,1,24067,7951,20671,1,14651,20560,14651,13417,14233,13417,124,584,101,300,16035,12108,8529,9067,250,17532,12957,3350,366,2248,138,876,1,4:49,2023,2024
2023-24,202685,Jonas Valančiūnas,Jonas,1610612740,NOP,New Orleans Pelicans,22300616,2024-01-23T00:00:00,NOP vs. UTA,W,23.266666666666666,10.8,20.1,0.538,1.5,7.7,0.2,3.1,6.2,0.5,4.6,13.9,18.6,4.6,1.5,0.0,0.0,1.5,3.1,4.6,26.3,30.9,54.0,1,0,51.1,1,1,13151,1,13382,2520,2928,8366,11354,6048,13222,7573,4274,10591,2602,802,733,8382,12191,12108,8529,4948,10403,4942,3540,1842,2145,1,138,2183,1,23:16,2023,2024
2023-24,1641722,Jordan Hawkins,Jordan,1610612740,NOP,New Orleans Pelicans,22300616,2024-01-23T00:00:00,NOP vs. UTA,W,16.491666666666667,4.4,8.7,0.5,4.4,8.7,0.5,0.0,0.0,0.0,0.0,4.4,4.4,0.0,0.0,0.0,2.2,2.2,2.2,0.0,13.1,19.6,24.9,0,0,26.2,1,1,13151,1,18337,16105,18866,8954,2944,4502,4049,13417,14233,13417,13449,12624,16182,19657,16035,12108,3119,2916,14240,17532,14924,4046,18113,2248,138,16517,1,16:30,2023,2024
2023-24,1626204,Larry Nance Jr.,Larry,1610612740,NOP,New Orleans Pelicans,22300616,2024-01-23T00:00:00,NOP vs. UTA,W,19.575,9.2,11.0,0.833,1.8,3.7,0.5,1.8,1.8,1.0,0.0,14.7,14.7,5.5,1.8,1.8,1.8,0.0,3.7,1.8,22.1,11.0,57.2,0,0,51.5,1,1,13151,1,16135,4606,14985,1607,10366,15489,4049,11025,12948,1,13449,628,1838,6467,11061,6298,4090,9067,8354,13731,6210,7222,1542,2248,138,2078,1,19:35,2023,2024
2023-24,1630530,Trey Murphy III,Trey,1610612740,NOP,New Orleans Pelicans,22300616,2024-01-23T00:00:00,NOP vs. UTA,W,24.725,8.7,20.4,0.429,2.9,14.6,0.2,0.0,1.5,0.0,1.5,4.4,5.8,2.9,0.0,0.0,0.0,0.0,2.9,0.0,20.4,33.5,31.7,0,0,32.0,1,1,13151,1,12257,5401,2723,14111,6329,671,13222,13417,13397,13417,9916,12613,12455,13109,16035,12108,8529,9067,11193,17532,7606,1548,13299,2248,138,12018,1,24:44,2023,2024
2023-24,1630230,Naji Marshall,Naji,1610612740,NOP,New Orleans Pelicans,22300616,2024-01-23T00:00:00,NOP vs. UTA,W,16.533333333333335,2.2,6.5,0.333,2.2,2.2,1.0,0.0,0.0,0.0,2.2,2.2,4.4,8.7,2.2,2.2,0.0,0.0,6.5,0.0,6.5,26.1,29.2,0,0,26.1,1,1,13151,1,18318,21091,21833,17629,8733,18574,1,13417,14233,13417,7261,19240,16208,2325,9266,4804,8529,9067,2439,17532,21000,2558,15104,2248,138,16570,1,16:32,2023,2024
2023-24,1626204,Larry Nance Jr.,Larry,1610612740,NOP,New Orleans Pelicans,22300588,2024-01-19T00:00:00,NOP vs. PHX,L,18.466666666666665,1.9,3.9,0.5,1.9,3.9,0.5,0.0,0.0,0.0,0.0,9.7,9.7,1.9,0.0,0.0,0.0,0.0,1.9,0.0,5.8,-7.8,20.5,0,0,19.5,1,13252,1,13252,16979,21477,24111,8954,9813,14936,4049,13417,14233,13417,13449,2714,5572,16335,16035,12108,8529,9067,15517,17532,21469,16983,20727,2248,138,20860,1,18:28,2023,2024
2023-24,1630529,Herbert Jones,Herbert,1610612740,NOP,New Orleans Pelicans,22300588,2024-01-19T00:00:00,NOP vs. PHX,L,23.383333333333333,6.2,13.9,0.444,1.5,9.2,0.167,0.0,0.0,0.0,1.5,3.1,4.6,3.1,1.5,0.0,0.0,0.0,1.5,0.0,13.9,-13.9,22.5,0,0,23.1,1,13252,1,13252,13304,11206,10217,13458,11380,3814,13950,13417,14233,13417,9600,16509,15531,12524,12217,12108,8529,9067,17186,17532,14086,19580,19580,2248,138,18671,1,23:23,2023,2024
2023-24,1630230,Naji Marshall,Naji,1610612740,NOP,New Orleans Pelicans,22300588,2024-01-19T00:00:00,NOP vs. PHX,L,12.85,2.8,11.2,0.25,2.8,5.6,0.5,5.6,5.6,1.0,0.0,0.0,0.0,2.8,2.8,0.0,0.0,2.8,0.0,2.8,14.0,0.0,15.4,0,0,19.6,1,13252,1,13252,20623,19845,14687,20383,6671,10731,4049,3351,5060,1,13449,22149,23241,13447,6844,12108,8529,1821,20240,9916,13927,12394,22906,2248,138,20800,1,12:51,2023,2024
2023-24,203469,Cody Zeller,Cody,1610612740,NOP,New Orleans Pelicans,22300588,2024-01-19T00:00:00,NOP vs. PHX,L,3.983333333333333,0.0,0.0,0.0,0.0,0.0,0.0,0.0,0.0,0.0,9.0,9.0,18.1,0.0,0.0,9.0,9.0,0.0,0.0,0.0,0.0,90.4,75.9,0,0,54.2,1,13252,1,13252,24493,22557,24896,22557,14651,20560,14651,13417,14233,13417,505,3380,813,19657,16035,137,120,9067,20240,17532,23140,153,307,2248,138,1531,1,3:59,2023,2024
2023-24,202685,Jonas Valančiūnas,Jonas,1610612740,NOP,New Orleans Pelicans,22300588,2024-01-19T00:00:00,NOP vs. PHX,L,25.55,7.0,14.1,0.5,0.0,2.8,0.0,8.5,8.5,1.0,5.6,9.9,15.5,4.2,2.8,0.0,0.0,0.0,4.2,5.6,22.5,-28.2,44.7,1,0,42.3,1,13252,1,13252,11604,8980,9906,8954,14651,17340,14651,1257,2236,1,1751,2627,1491,9367,6791,12108,8529,9067,6594,3179,5860,23407,5233,1,138,5329,1,25:33,2023,2024
2023-24,203468,CJ McCollum,CJ,1610612740,NOP,New Orleans Pelicans,22300588,2024-01-19T00:00:00,NOP vs. PHX,L,31.45,5.7,14.9,0.385,1.1,8.0,0.143,2.3,3.4,0.667,0.0,4.6,4.6,4.6,1.1,0.0,2.3,0.0,1.1,4.6,14.9,-9.2,33.0,0,0,29.8,1,13252,1,13252,6737,12354,8708,16373,13187,5582,14340,9607,8938,9424,13449,11983,15637,8541,14326,12108,2885,9067,18801,5065,13035,17649,12379,2248,138,13820,1,31:27,2023,2024
2023-24,1627742,Brandon Ingram,Brandon,1610612740,NOP,New Orleans Pelicans,22300588,2024-01-19T00:00:00,NOP vs. PHX,L,33.2,5.4,11.9,0.455,1.1,5.4,0.2,6.5,9.8,0.667,0.0,7.6,7.6,11.9,2.2,0.0,0.0,1.1,2.2,4.3,18.4,-10.8,43.3,1,0,39.0,1,13252,1,13252,5261,13209,13485,13083,13545,11213,13222,2474,1519,9424,13449,5296,8744,776,9315,12108,8529,7287,14315,5580,9363,18404,5904,1,138,7128,1,33:12,2023,2024
2023-24,1630700,Dyson Daniels,Dyson,1610612740,NOP,New Orleans Pelicans,22300588,2024-01-19T00:00:00,NOP vs. PHX,L,10.95,3.3,13.2,0.25,0.0,3.3,0.0,0.0,0.0,0.0,3.3,6.6,9.9,3.3,3.3,6.6,0.0,0.0,6.6,0.0,6.6,9.9,39.8,0,0,32.9,1,13252,1,13252,21606,18715,11326,20383,14651,16314,14651,13417,14233,13417,4516,7004,5447,11936,5207,329,8529,9067,2398,17532,20966,7778,7803,2248,138,11397,1,10:57,2023,2024
2023-24,1641722,Jordan Hawkins,Jordan,1610612740,NOP,New Orleans Pelicans,22300588,2024-01-19T00:00:00,NOP vs. PHX,L,16.783333333333335,10.7,23.6,0.455,6.4,17.2,0.375,0.0,0.0,0.0,0.0,4.3,4.3,2.1,2.1,0.0,0.0,0.0,0.0,0.0,27.9,-8.6,34.1,0,0,40.8,1,13252,1,13252,18140,2637,1203,13083,908,337,8784,13417,14233,13417,13449,12839,16369,15632,9439,12108,8529,9067,20240,17532,2870,17355,11566,2248,138,6171,1,16:47,2023,2024
2023-24,1630530,Trey Murphy III,Trey,1610612740,NOP,New Orleans Pelicans,22300588,2024-01-19T00:00:00,NOP vs. PHX,L,23.55,3.1,12.2,0.25,1.5,7.6,0.2,0.0,0.0,0.0,1.5,1.5,3.1,1.5,0.0,1.5,1.5,0.0,4.6,1.5,7.6,-24.5,22.8,0,0,19.9,1,13252,1,13252,13181,19265,12932,20383,11426,6219,13222,13417,14233,13417,9634,20890,19424,17696,16035,7500,4888,9067,5635,14827,20153,22680,19396,2248,138,20650,1,23:33,2023,2024
2023-24,1630631,Jose Alvarado,Jose,1610612740,NOP,New Orleans Pelicans,22300588,2024-01-19T00:00:00,NOP vs. PHX,L,7.1,5.1,20.3,0.25,0.0,15.2,0.0,0.0,0.0,0.0,0.0,0.0,0.0,5.1,0.0,0.0,0.0,0.0,5.1,0.0,10.1,55.8,17.7,0,0,15.2,1,13252,1,13252,23067,14230,2800,20383,14651,553,14651,13417,14233,13417,13449,22149,23241,7381,16035,12108,8529,9067,4510,17532,17906,445,22023,2248,138,22795,1,7:06,2023,2024
2023-24,1629627,Zion Williamson,Zion,1610612740,NOP,New Orleans Pelicans,22300588,2024-01-19T00:00:00,NOP vs. PHX,L,32.733333333333334,12.1,18.7,0.647,1.1,1.1,1.0,1.1,3.3,0.333,1.1,2.2,3.3,1.1,2.2,0.0,1.1,1.1,2.2,3.3,26.4,-25.3,33.1,0,0,34.1,1,13252,1,13252,5674,1530,4049,4807,13436,20290,1,12764,9212,13045,11784,19160,18837,19100,9166,12108,6842,7153,14148,8256,3505,22856,12282,2248,138,10505,1,32:44,2023,2024
2023-24,1630529,Herbert Jones,Herbert,1610612740,NOP,New Orleans Pelicans,22300575,2024-01-17T00:00:00,NOP vs. CHA,W,23.73333333333333,4.6,7.6,0.6,3.0,4.6,0.667,1.5,3.0,0.5,0.0,1.5,1.5,1.5,0.0,3.0,0.0,1.5,0.0,1.5,13.7,22.8,26.8,0,0,25.8,1,1,13151,1,13047,15612,20497,5678,5892,13385,2080,11624,9799,10591,13449,20905,22499,17726,16035,2553,8529,5034,20240,14861,14317,3270,16811,2248,138,16819,1,23:44,2023,2024
2023-24,1630631,Jose Alvarado,Jose,1610612740,NOP,New Orleans Pelicans,22300575,2024-01-17T00:00:00,NOP vs. CHA,W,2.533333333333333,0.0,0.0,0.0,0.0,0.0,0.0,28.4,28.4,1.0,0.0,0.0,0.0,0.0,0.0,0.0,0.0,0.0,28.4,14.2,28.4,-28.4,28.4,0,0,28.4,1,1,13151,1,25216,22557,24896,22557,14651,20560,14651,37,70,1,13449,22149,23241,19657,16035,12108,8529,9067,40,125,2644,23454,15662,2248,138,14858,1,2:32,2023,2024
2023-24,1627742,Brandon Ingram,Brandon,1610612740,NOP,New Orleans Pelicans,22300575,2024-01-17T00:00:00,NOP vs. CHA,W,33.61666666666667,8.6,20.3,0.421,7.5,11.8,0.636,5.4,5.4,1.0,1.1,9.6,10.7,10.7,2.1,3.2,0.0,1.1,3.2,4.3,30.0,21.4,66.4,1,1,65.3,1,1,13151,1,4915,5713,2753,14784,505,1598,3052,3693,5444,1,12011,2822,4529,1200,9458,2246,8529,7404,9959,5711,2109,3581,638,1,1,489,1,33:37,2023,2024
2023-24,1630530,Trey Murphy III,Trey,1610612740,NOP,New Orleans Pelicans,22300575,2024-01-17T00:00:00,NOP vs. CHA,W,23.55666666666667,9.2,19.9,0.462,7.6,18.3,0.417,1.5,3.1,0.5,0.0,7.6,7.6,1.5,3.1,1.5,0.0,1.5,3.1,3.1,27.5,27.5,40.5,0,0,47.4,1,1,13151,1,13179,4655,3096,12872,485,264,7825,11608,9746,10591,13449,5218,8645,17697,5907,7503,8529,5001,10562,9012,3026,2306,7405,2248,138,3203,1,23:33,2023,2024
2023-24,202685,Jonas Valančiūnas,Jonas,1610612740,NOP,New Orleans Pelicans,22300575,2024-01-17T00:00:00,NOP vs. CHA,W,24.6,1.5,4.4,0.333,0.0,0.0,0.0,2.9,2.9,1.0,4.4,5.9,10.2,0.0,1.5,0.0,0.0,2.9,1.5,2.9,5.9,5.9,16.7,0,0,16.1,1,1,13151,1,12358,22124,23837,17629,14651,20560,14651,7994,10065,1,2866,8574,5022,19657,12538,12108,8529,1638,17461,9500,21461,9759,22426,2248,138,22466,1,24:36,2023,2024
2023-24,1630230,Naji Marshall,Naji,1610612740,NOP,New Orleans Pelicans,22300575,2024-01-17T00:00:00,NOP vs. CHA,W,17.0,6.4,10.6,0.6,0.0,2.1,0.0,4.2,4.2,1.0,2.1,2.1,4.2,2.1,0.0,2.1,0.0,0.0,0.0,2.1,16.9,8.5,31.6,0,0,27.5,1,1,13151,1,17998,10721,15755,5678,14651,18716,14651,5310,7329,1,7489,19415,16495,15723,16035,5005,8529,9067,20240,12459,10898,8451,13435,2248,138,15570,1,17:00,2023,2024
2023-24,203469,Cody Zeller,Cody,1610612740,NOP,New Orleans Pelicans,22300575,2024-01-17T00:00:00,NOP vs. CHA,W,2.533333333333333,0.0,0.0,0.0,0.0,0.0,0.0,0.0,0.0,0.0,14.2,0.0,14.2,0.0,0.0,0.0,0.0,0.0,0.0,0.0,0.0,-28.4,17.1,0,0,14.2,1,1,13151,1,25216,22557,24896,22557,14651,20560,14651,13417,14233,13417,148,22149,2094,19657,16035,12108,8529,9067,20240,17532,23140,23454,22280,2248,138,23166,1,2:32,2023,2024
2023-24,1630700,Dyson Daniels,Dyson,1610612740,NOP,New Orleans Pelicans,22300575,2024-01-17T00:00:00,NOP vs. CHA,W,13.393333333333333,0.0,5.4,0.0,0.0,2.7,0.0,0.0,0.0,0.0,5.4,0.0,5.4,2.7,5.4,0.0,0.0,0.0,2.7,0.0,0.0,18.8,5.1,0,0,8.1,1,1,13151,1,20334,22557,23041,22557,14651,17589,14651,13417,14233,13417,1949,22149,13541,13785,1675,12108,8529,9067,12173,17532,23140,4288,24987,2248,138,24638,1,13:24,2023,2024
2023-24,1629627,Zion Williamson,Zion,1610612740,NOP,New Orleans Pelicans,22300575,2024-01-17T00:00:00,NOP vs. CHA,W,27.383333333333333,6.6,14.5,0.455,0.0,0.0,0.0,3.9,5.3,0.75,2.6,3.9,6.6,11.8,2.6,3.9,0.0,1.3,1.3,5.3,17.1,7.9,51.9,0,0,43.4,1,1,13151,1,10139,10129,9357,13083,14651,20560,14651,5866,5570,8216,5992,13889,10730,808,7462,1378,8529,5819,18002,3770,10740,8737,2632,2248,138,4820,1,27:23,2023,2024
2023-24,203468,CJ McCollum,CJ,1610612740,NOP,New Orleans Pelicans,22300575,2024-01-17T00:00:00,NOP vs. CHA,W,28.883333333333333,10.0,18.7,0.533,5.0,11.2,0.444,2.5,2.5,1.0,2.5,3.7,6.2,7.5,1.2,0.0,2.5,1.2,2.5,1.2,27.4,5.0,52.3,0,0,51.1,1,1,13151,1,8893,3536,4050,8542,2047,1971,7253,9070,11156,1,6352,14520,11498,3465,13665,12108,2527,6185,12914,15990,3074,10205,2526,2248,138,2173,1,28:53,2023,2024
2023-24,1641722,Jordan Hawkins,Jordan,1610612740,NOP,New Orleans Pelicans,22300575,2024-01-17T00:00:00,NOP vs. CHA,W,24.266666666666666,10.4,17.8,0.583,8.9,13.4,0.667,1.5,3.0,0.5,3.0,5.9,8.9,1.5,3.0,1.5,0.0,1.5,1.5,1.5,31.2,7.4,45.5,0,0,53.4,1,1,13151,1,12621,3012,4956,6644,274,951,2080,11703,9974,10591,5166,8382,6653,17824,6235,7692,8529,5150,17382,14997,1767,8967,4878,2248,138,1675,1,24:16,2023,2024
2023-24,1626204,Larry Nance Jr.,Larry,1610612740,NOP,New Orleans Pelicans,22300575,2024-01-17T00:00:00,NOP vs. CHA,W,18.5,5.8,5.8,1.0,1.9,1.9,1.0,0.0,0.0,0.0,3.9,7.8,11.7,3.9,0.0,0.0,1.9,0.0,1.9,3.9,13.6,40.9,39.3,0,0,35.0,1,1,13151,1,16955,12045,22589,1,9838,19070,1,13417,14233,13417,3500,4993,3648,10235,16035,12108,3753,9067,15538,6665,14354,939,8068,2248,138,9847,1,18:30,2023,2024
2023-24,1630230,Naji Marshall,Naji,1610612740,NOP,New Orleans Pelicans,22300556,2024-01-15T00:00:00,NOP @ DAL,L,9.116666666666667,0.0,3.9,0.0,0.0,0.0,0.0,0.0,0.0,0.0,0.0,3.9,3.9,0.0,3.9,3.9,0.0,3.9,19.7,0.0,0.0,59.2,12.6,0,0,11.8,1,13252,1,13252,22309,22557,24074,22557,14651,20560,14651,13417,14233,13417,13449,13872,17258,19657,3614,1372,8529,751,114,17532,23140,380,23747,2248,138,23905,1,9:07,2023,2024
2023-24,1630700,Dyson Daniels,Dyson,1610612740,NOP,New Orleans Pelicans,22300556,2024-01-15T00:00:00,NOP @ DAL,L,18.99,1.9,3.8,0.5,0.0,1.9,0.0,0.0,0.0,0.0,3.8,1.9,5.7,3.8,0.0,0.0,0.0,0.0,5.7,0.0,3.8,-37.9,16.3,0,0,13.3,1,13252,1,13252,16573,21566,24171,8954,14651,19181,14651,13417,14233,13417,3668,20089,12754,10529,16035,12108,8529,9067,3469,17532,22590,24657,22580,2248,138,23476,1,18:59,2023,2024
2023-24,1630530,Trey Murphy III,Trey,1610612740,NOP,New Orleans Pelicans,22300556,2024-01-15T00:00:00,NOP @ DAL,L,22.481666666666666,3.2,8.0,0.4,1.6,6.4,0.25,14.4,19.2,0.75,0.0,4.8,4.8,0.0,0.0,1.6,0.0,0.0,0.0,9.6,22.4,-16.0,33.0,0,0,32.0,1,13252,1,13252,13967,18915,19940,15260,11194,8830,11776,221,175,8216,13449,11326,15039,19657,16035,7235,8529,9067,20240,488,5956,20339,12362,2248,138,12025,1,22:29,2023,2024
2023-24,203468,CJ McCollum,CJ,1610612740,NOP,New Orleans Pelicans,22300556,2024-01-15T00:00:00,NOP @ DAL,L,29.01,11.2,21.1,0.529,3.7,8.7,0.429,2.5,2.5,1.0,0.0,7.4,7.4,5.0,0.0,1.2,0.0,0.0,6.2,1.2,28.5,18.6,48.6,0,0,47.2,1,13252,1,13252,8779,2195,2266,8679,4189,4569,7457,9097,11183,1,13449,5494,9009,7632,16035,9003,8529,9067,2799,16019,2599,4358,3644,2248,138,3292,1,29:01,2023,2024
2023-24,1626204,Larry Nance Jr.,Larry,1610612740,NOP,New Orleans Pelicans,22300556,2024-01-15T00:00:00,NOP @ DAL,L,26.445,6.8,15.0,0.455,1.4,5.4,0.25,4.1,4.1,1.0,1.4,9.5,10.9,2.7,1.4,4.1,0.0,1.4,1.4,5.4,19.1,21.8,47.1,0,0,42.2,1,13252,1,13252,10874,9569,8551,13083,12088,11160,11776,5595,7632,1,10307,2906,4351,13684,13048,1256,8529,5615,17818,3477,8777,3501,4239,2248,138,5359,1,26:27,2023,2024
2023-24,1629627,Zion Williamson,Zion,1610612740,NOP,New Orleans Pelicans,22300556,2024-01-15T00:00:00,NOP @ DAL,L,32.36666666666667,13.3,18.9,0.706,0.0,0.0,0.0,6.7,12.2,0.545,0.0,1.1,1.1,3.3,3.3,1.1,0.0,3.3,2.2,10.0,33.4,6.7,39.7,0,0,40.0,1,13252,1,13252,5960,920,3840,3236,14651,20560,14651,2334,767,10583,13449,21755,23018,11802,5069,10002,8529,1179,14044,417,1218,9368,7846,2248,138,6553,1,32:22,2023,2024
2023-24,1641722,Jordan Hawkins,Jordan,1610612740,NOP,New Orleans Pelicans,22300556,2024-01-15T00:00:00,NOP @ DAL,L,20.766666666666666,5.2,6.9,0.75,1.7,3.5,0.5,3.5,3.5,1.0,0.0,1.7,1.7,0.0,0.0,1.7,0.0,0.0,5.2,3.5,15.6,13.9,22.9,0,0,22.5,1,13252,1,13252,15256,13874,21351,2237,10763,15924,4049,6769,8868,1,13449,20486,22209,19657,16035,6731,8529,9067,4258,7785,12272,6022,19332,2248,138,19038,1,20:46,2023,2024
2023-24,202685,Jonas Valančiūnas,Jonas,1610612740,NOP,New Orleans Pelicans,22300556,2024-01-15T00:00:00,NOP @ DAL,L,19.473333333333333,3.7,9.2,0.4,0.0,0.0,0.0,3.7,3.7,1.0,7.4,3.7,11.1,3.7,5.5,0.0,3.7,0.0,7.4,1.8,11.1,-40.7,35.5,0,0,33.3,1,13252,1,13252,16216,17791,18049,15260,14651,20560,14651,6358,8444,1,894,14653,4150,10787,1535,12108,1226,9067,1781,13690,17027,24884,10614,2248,138,11119,1,19:28,2023,2024
2023-24,1630529,Herbert Jones,Herbert,1610612740,NOP,New Orleans Pelicans,22300556,2024-01-15T00:00:00,NOP @ DAL,L,29.266666666666666,4.9,6.2,0.8,1.2,1.2,1.0,1.2,1.2,1.0,1.2,2.5,3.7,3.7,0.0,0.0,0.0,0.0,2.5,2.5,12.3,-17.2,22.3,0,0,20.9,1,13252,1,13252,8545,14648,22262,1787,12721,20121,1,12340,13694,1,10983,18382,17911,10805,16035,12108,8529,9067,13039,11078,15803,20715,19728,2248,138,20048,1,29:16,2023,2024
2023-24,1627742,Brandon Ingram,Brandon,1610612740,NOP,New Orleans Pelicans,22300556,2024-01-15T00:00:00,NOP @ DAL,L,32.083333333333336,3.4,15.7,0.214,0.0,4.5,0.0,6.7,9.0,0.75,0.0,5.6,5.6,5.6,1.1,1.1,0.0,1.1,3.4,4.5,13.5,-21.3,30.9,0,0,26.9,1,13252,1,13252,6213,18525,7517,21432,14651,13544,14651,2285,1926,8216,13449,9147,12954,6288,14479,9899,8529,7000,9376,5238,14520,21912,13946,2248,138,15999,1,32:05,2023,2024
2023-24,1630631,Jose Alvarado,Jose,1610612740,NOP,New Orleans Pelicans,22300547,2024-01-13T00:00:00,NOP @ DAL,W,26.275,6.9,16.4,0.417,4.1,11.0,0.375,1.4,2.7,0.5,0.0,2.7,2.7,5.5,0.0,1.4,0.0,0.0,2.7,2.7,19.2,11.0,34.8,0,0,34.3,1,1,13151,1,11012,9447,6542,14849,3388,2150,8784,11931,10523,10591,13449,17608,20227,6534,16035,8260,8529,9067,11975,10135,8654,7256,11094,2248,138,10422,1,26:17,2023,2024
2023-24,1630529,Herbert Jones,Herbert,1610612740,NOP,New Orleans Pelicans,22300547,2024-01-13T00:00:00,NOP @ DAL,W,31.65833333333333,5.7,14.8,0.385,1.1,3.4,0.333,4.5,6.8,0.667,2.3,3.4,5.7,3.4,1.1,0.0,2.3,1.1,5.7,5.7,17.1,4.5,34.7,0,0,31.8,1,1,13151,1,6564,12459,8853,16373,13227,16044,9124,4776,3585,9424,6958,15506,12758,11574,14386,12108,2919,6889,3470,3121,10779,10421,11173,2248,138,12174,1,31:40,2023,2024
2023-24,1630230,Naji Marshall,Naji,1610612740,NOP,New Orleans Pelicans,22300547,2024-01-13T00:00:00,NOP @ DAL,W,30.633333333333333,5.9,14.1,0.417,2.4,4.7,0.5,1.2,2.4,0.5,1.2,5.9,7.1,1.2,2.4,0.0,0.0,0.0,3.5,3.5,15.3,-8.2,23.2,0,0,25.9,1,1,13151,1,7433,11952,9890,14849,8062,13000,4049,12510,11530,10591,11282,8529,9752,18851,8507,12108,8529,9067,8850,7633,12596,17176,19172,2248,138,16765,1,30:38,2023,2024
2023-24,1630526,Jeremiah Robinson-Earl,Jeremiah,1610612740,NOP,New Orleans Pelicans,22300547,2024-01-13T00:00:00,NOP @ DAL,W,22.133333333333333,1.6,6.5,0.25,0.0,1.6,0.0,0.0,0.0,0.0,0.0,6.5,6.5,0.0,1.6,3.3,0.0,0.0,1.6,0.0,3.3,16.3,19.2,0,0,16.3,1,1,13151,1,14202,21927,21866,20383,14651,19614,14651,13417,14233,13417,13449,7158,10870,19657,11883,2187,8529,9067,16911,17532,22790,5152,21374,2248,138,22391,1,22:08,2023,2024
2023-24,202685,Jonas Valančiūnas,Jonas,1610612740,NOP,New Orleans Pelicans,22300547,2024-01-13T00:00:00,NOP @ DAL,W,27.83,5.2,7.8,0.667,0.0,0.0,0.0,7.8,11.6,0.667,6.5,9.1,15.5,9.1,0.0,0.0,2.6,0.0,5.2,6.5,18.1,-5.2,58.1,1,0,47.9,1,1,13151,1,9770,13955,20249,3541,14651,20560,14651,1616,895,9424,1238,3363,1477,2070,16035,12108,2371,9067,4299,2220,9701,15711,1414,1,138,3028,1,27:50,2023,2024
2023-24,1630700,Dyson Daniels,Dyson,1610612740,NOP,New Orleans Pelicans,22300547,2024-01-13T00:00:00,NOP @ DAL,W,37.6,3.8,6.7,0.571,0.0,1.0,0.0,1.9,1.9,1.0,1.9,3.8,5.7,6.7,1.9,0.0,0.0,0.0,1.9,1.0,9.6,17.2,24.6,0,0,22.0,1,1,13151,1,1835,17481,21624,6891,14651,20482,14651,10793,12769,1,8332,14224,12635,4518,10622,12108,8529,9067,15716,17318,18435,4803,18309,2248,138,19383,1,37:36,2023,2024
2023-24,1641722,Jordan Hawkins,Jordan,1610612740,NOP,New Orleans Pelicans,22300547,2024-01-13T00:00:00,NOP @ DAL,W,36.56666666666667,10.8,18.7,0.579,5.9,11.8,0.5,5.9,7.9,0.75,3.0,2.0,4.9,3.9,3.0,2.0,0.0,0.0,3.0,3.9,33.5,9.8,48.2,0,0,52.2,1,1,13151,1,2547,2522,4046,6811,1213,1575,4049,3033,2669,8216,5201,19860,14710,10105,6291,5705,8529,9067,11007,6547,1199,7784,3796,2248,138,1929,1,36:34,2023,2024
2023-24,1630184,Kira Lewis Jr.,Kira,1610612740,NOP,New Orleans Pelicans,22300547,2024-01-13T00:00:00,NOP @ DAL,W,7.133333333333334,0.0,10.1,0.0,0.0,5.0,0.0,10.1,10.1,1.0,0.0,10.1,10.1,0.0,5.0,0.0,0.0,0.0,0.0,5.0,10.1,-15.1,17.2,0,0,20.2,1,1,13151,1,23053,22557,16607,22557,14651,12145,14651,717,1389,1,13449,2465,5195,19657,1973,12108,8529,9067,20240,4153,17955,20048,22238,2248,138,20466,1,7:08,2023,2024
2023-24,1626204,Larry Nance Jr.,Larry,1610612740,NOP,New Orleans Pelicans,22300547,2024-01-13T00:00:00,NOP @ DAL,W,20.17,7.1,7.1,1.0,0.0,0.0,0.0,10.7,10.7,1.0,1.8,1.8,3.6,5.4,0.0,3.6,0.0,0.0,0.0,7.1,25.0,25.0,48.0,0,0,41.1,1,1,13151,1,15684,8748,21105,1,14651,20560,14651,597,1176,1,8807,20381,18234,6789,16035,1766,8529,9067,20240,1629,4255,2782,3873,2248,138,5982,1,20:10,2023,2024
2023-24,1630530,Trey Murphy III,Trey,1610612740,NOP,New Orleans Pelicans,22300539,2024-01-12T00:00:00,NOP @ DEN,L,27.55,2.6,11.8,0.222,2.6,10.5,0.25,0.0,0.0,0.0,0.0,3.9,3.9,5.2,0.0,2.6,0.0,0.0,0.0,1.3,7.8,-23.5,28.2,0,0,24.8,1,13252,1,13252,9991,20203,13752,21280,7232,2554,11776,13417,14233,13417,13449,13958,17338,7040,16035,3502,8529,9067,20240,15721,19971,22498,15790,2248,138,17495,1,27:33,2023,2024
2023-24,1630604,E.J. Liddell,E.J.,1610612740,NOP,New Orleans Pelicans,22300539,2024-01-12T00:00:00,NOP @ DEN,L,1.9333333333333331,0.0,0.0,0.0,0.0,0.0,0.0,0.0,0.0,0.0,0.0,18.6,18.6,18.6,0.0,0.0,0.0,0.0,0.0,0.0,0.0,111.7,50.3,0,0,37.2,1,13252,1,13252,25528,22557,24896,22557,14651,20560,14651,13417,14233,13417,13449,244,720,112,16035,12108,8529,9067,20240,17532,23140,70,3098,2248,138,8298,1,1:56,2023,2024
2023-24,1630230,Naji Marshall,Naji,1610612740,NOP,New Orleans Pelicans,22300539,2024-01-12T00:00:00,NOP @ DEN,L,12.05,6.0,14.9,0.4,0.0,6.0,0.0,6.0,6.0,1.0,3.0,3.0,6.0,0.0,0.0,0.0,0.0,0.0,0.0,3.0,17.9,-14.9,25.1,0,0,23.9,1,13252,1,13252,21018,11681,8628,15260,14651,9831,14651,2969,4557,1,5121,16820,12089,19657,16035,12108,8529,9067,20240,9283,9914,19969,17989,2248,138,18127,1,12:03,2023,2024
2023-24,1641722,Jordan Hawkins,Jordan,1610612740,NOP,New Orleans Pelicans,22300539,2024-01-12T00:00:00,NOP @ DEN,L,1.9333333333333331,0.0,0.0,0.0,0.0,0.0,0.0,0.0,0.0,0.0,0.0,0.0,0.0,0.0,0.0,0.0,0.0,0.0,0.0,0.0,0.0,111.7,0.0,0,0,0.0,1,13252,1,13252,25528,22557,24896,22557,14651,20560,14651,13417,14233,13417,13449,22149,23241,19657,16035,12108,8529,9067,20240,17532,23140,70,25245,2248,138,25279,1,1:56,2023,2024
2023-24,1627742,Brandon Ingram,Brandon,1610612740,NOP,New Orleans Pelicans,22300539,2024-01-12T00:00:00,NOP @ DEN,L,33.8,4.3,11.7,0.364,0.0,1.1,0.0,1.1,2.1,0.5,0.0,4.3,4.3,6.4,2.1,0.0,0.0,0.0,2.1,2.1,9.6,-14.9,22.2,0,0,20.2,1,13252,1,13252,4773,16371,13818,17149,14651,20335,14651,12894,12129,10591,13449,12912,16431,4969,9522,12108,8529,9067,14506,12394,18424,19957,19800,2248,138,20437,1,33:48,2023,2024
2023-24,1629627,Zion Williamson,Zion,1610612740,NOP,New Orleans Pelicans,22300539,2024-01-12T00:00:00,NOP @ DEN,L,35.35,13.2,22.4,0.591,0.0,0.0,0.0,4.1,6.1,0.667,2.0,4.1,6.1,5.1,1.0,0.0,1.0,2.0,1.0,6.1,30.6,-7.1,47.6,0,0,43.8,1,13252,1,13252,3510,955,1599,6546,14651,20560,14651,5613,4371,9424,7810,13487,11759,7334,15203,12108,7457,3353,19525,2586,1925,16653,4056,2248,138,4621,1,35:21,2023,2024
2023-24,1630529,Herbert Jones,Herbert,1610612740,NOP,New Orleans Pelicans,22300539,2024-01-12T00:00:00,NOP @ DEN,L,19.183333333333334,5.6,7.5,0.75,3.8,3.8,1.0,0.0,0.0,0.0,0.0,1.9,1.9,1.9,1.9,0.0,1.9,1.9,1.9,0.0,15.0,-3.8,23.8,0,0,26.3,1,13252,1,13252,16426,12615,20625,2237,4111,15318,1,13417,14233,13417,13449,20149,21991,16609,10841,12108,3967,3936,15923,17532,12881,14970,18784,2248,138,16452,1,19:11,2023,2024
2023-24,1630631,Jose Alvarado,Jose,1610612740,NOP,New Orleans Pelicans,22300539,2024-01-12T00:00:00,NOP @ DEN,L,16.55666666666667,6.5,15.2,0.429,4.3,6.5,0.667,4.3,4.3,1.0,2.2,0.0,2.2,2.2,2.2,2.2,0.0,0.0,0.0,2.2,21.7,-4.3,32.0,0,0,34.8,1,13252,1,13252,18303,10284,8191,14111,2981,8580,2080,5115,7108,1,7272,22149,21397,15534,9288,4821,8529,9067,20240,12210,6477,15287,13108,2248,138,10001,1,16:33,2023,2024
2023-24,1630700,Dyson Daniels,Dyson,1610612740,NOP,New Orleans Pelicans,22300539,2024-01-12T00:00:00,NOP @ DEN,L,15.4,2.3,9.4,0.25,0.0,4.7,0.0,0.0,4.7,0.0,4.7,4.7,9.4,7.0,0.0,7.0,0.0,2.3,0.0,2.3,4.7,16.4,47.5,0,0,35.1,1,13252,1,13252,19073,20767,17883,20383,14651,13054,14651,13417,6516,13417,2567,11701,6031,4066,16035,273,8529,2565,20240,11521,22157,5110,4098,2248,138,9821,1,15:24,2023,2024
2023-24,202685,Jonas Valančiūnas,Jonas,1610612740,NOP,New Orleans Pelicans,22300539,2024-01-12T00:00:00,NOP @ DEN,L,25.65,7.0,15.4,0.455,1.4,4.2,0.333,8.4,8.4,1.0,2.8,5.6,8.4,1.4,0.0,0.0,0.0,0.0,4.2,4.2,23.9,-12.6,36.1,0,0,35.1,1,13252,1,13252,11533,9048,7884,13083,11911,14229,9124,1270,2256,1,5568,9134,7367,18074,16035,12108,8529,9067,6657,5889,4956,19132,10184,2248,138,9811,1,25:39,2023,2024
2023-24,1626204,Larry Nance Jr.,Larry,1610612740,NOP,New Orleans Pelicans,22300539,2024-01-12T00:00:00,NOP @ DEN,L,20.416666666666668,8.8,10.6,0.833,5.3,7.1,0.75,0.0,0.0,0.0,0.0,3.5,3.5,1.8,1.8,3.5,1.8,0.0,1.8,1.8,22.9,-15.9,43.9,0,0,44.1,1,13252,1,13252,15500,5256,15775,1607,1744,7422,1673,13417,14233,13417,13449,15179,18314,16989,11406,1810,4286,9067,16452,13999,5612,20295,5612,2248,138,4481,1,20:25,2023,2024
2023-24,203468,CJ McCollum,CJ,1610612740,NOP,New Orleans Pelicans,22300539,2024-01-12T00:00:00,NOP @ DEN,L,30.176666666666662,4.8,11.9,0.4,3.6,9.5,0.375,1.2,2.4,0.5,0.0,6.0,6.0,8.4,2.4,1.2,0.0,0.0,2.4,2.4,14.3,-15.5,35.2,0,0,34.6,1,13252,1,13252,7822,15010,13482,15260,4527,3451,8784,12444,11424,10591,13449,8316,12117,2654,8372,9313,8529,9067,13334,11342,13620,20160,10811,2248,138,10142,1,30:11,2023,2024
2023-24,1630526,Jeremiah Robinson-Earl,Jeremiah,1610612740,NOP,New Orleans Pelicans,22300525,2024-01-10T00:00:00,NOP @ GSW,W,6.05,0.0,0.0,0.0,0.0,0.0,0.0,0.0,0.0,0.0,0.0,6.0,6.0,0.0,0.0,0.0,6.0,0.0,0.0,0.0,0.0,-29.8,25.0,0,0,17.9,1,1,13151,1,23502,22557,24896,22557,14651,20560,14651,13417,14233,13417,13449,8345,12149,19657,16035,12108,379,9067,20240,17532,23140,23654,18054,2248,138,21694,1,6:03,2023,2024
2023-24,203468,CJ McCollum,CJ,1610612740,NOP,New Orleans Pelicans,22300525,2024-01-10T00:00:00,NOP @ GSW,W,26.25,6.9,17.8,0.385,2.7,9.6,0.286,2.7,2.7,1.0,0.0,4.1,4.1,11.0,0.0,2.7,1.4,0.0,0.0,2.7,19.2,30.2,52.9,0,0,45.3,1,1,13151,1,11033,9426,4936,16373,6867,3368,11375,8472,10515,1,13449,13363,16811,1091,16035,3188,5463,9067,20240,10122,8640,1941,2389,2248,138,3957,1,26:15,2023,2024
2023-24,1627742,Brandon Ingram,Brandon,1610612740,NOP,New Orleans Pelicans,22300525,2024-01-10T00:00:00,NOP @ GSW,W,22.65,7.9,19.1,0.417,1.6,4.8,0.333,3.2,3.2,1.0,1.6,6.4,7.9,1.6,3.2,1.6,0.0,1.6,6.4,4.8,20.7,11.1,34.2,0,0,35.0,1,1,13151,1,13822,6920,3693,14849,11225,12831,9124,7380,9470,1,9444,7477,8105,17491,5523,7283,8529,4811,2616,4688,7359,7185,11504,2248,138,9884,1,22:39,2023,2024
2023-24,1630230,Naji Marshall,Naji,1610612740,NOP,New Orleans Pelicans,22300525,2024-01-10T00:00:00,NOP @ GSW,W,13.383333333333333,13.4,16.1,0.833,0.0,0.0,0.0,5.4,5.4,1.0,0.0,8.1,8.1,5.4,2.7,2.7,0.0,0.0,2.7,2.7,32.3,2.7,55.4,0,0,51.1,1,1,13151,1,20337,890,6937,1607,14651,20560,14651,3659,5396,1,13449,4577,7886,6726,7240,3318,8529,9067,12165,10276,1447,11369,1861,2248,138,2170,1,13:23,2023,2024
2023-24,1641722,Jordan Hawkins,Jordan,1610612740,NOP,New Orleans Pelicans,22300525,2024-01-10T00:00:00,NOP @ GSW,W,21.171666666666667,8.5,15.3,0.556,6.8,8.5,0.8,0.0,0.0,0.0,0.0,1.7,1.7,3.4,0.0,0.0,0.0,0.0,1.7,1.7,23.8,42.5,30.9,0,0,35.7,1,1,13151,1,14931,5831,8070,7603,738,4845,1554,13417,14233,13417,13449,20561,22259,11616,16035,12108,8529,9067,16660,14233,4986,847,13883,2248,138,9337,1,21:10,2023,2024
2023-24,202685,Jonas Valančiūnas,Jonas,1610612740,NOP,New Orleans Pelicans,22300525,2024-01-10T00:00:00,NOP @ GSW,W,21.156666666666663,15.3,22.1,0.692,3.4,5.1,0.667,1.7,3.4,0.5,6.8,8.5,15.3,3.4,0.0,3.4,1.7,0.0,6.8,3.4,35.7,30.6,74.5,0,0,68.1,1,1,13151,1,14947,467,1744,3385,4946,12002,2080,11320,9007,10591,1096,3997,1558,11605,16035,1984,4431,9067,2183,7967,832,1879,333,2248,138,390,1,21:09,2023,2024
2023-24,1630530,Trey Murphy III,Trey,1610612740,NOP,New Orleans Pelicans,22300525,2024-01-10T00:00:00,NOP @ GSW,W,24.23333333333333,8.9,19.3,0.462,5.9,16.3,0.364,0.0,0.0,0.0,4.5,1.5,5.9,8.9,0.0,0.0,1.5,0.0,3.0,0.0,23.8,56.5,48.7,0,0,47.5,1,1,13151,1,12655,5091,3498,12872,1185,412,9044,13417,14233,13417,2790,20978,12171,2174,16035,12108,5049,9067,10925,17532,5013,432,3621,2248,138,3134,1,24:14,2023,2024
2023-24,1630529,Herbert Jones,Herbert,1610612740,NOP,New Orleans Pelicans,22300525,2024-01-10T00:00:00,NOP @ GSW,W,23.361666666666668,6.2,10.8,0.571,6.2,10.8,0.571,0.0,0.0,0.0,1.5,6.2,7.7,6.2,1.5,1.5,3.1,0.0,1.5,1.5,18.5,15.4,49.3,0,0,47.8,1,1,13151,1,13328,11193,15409,6891,1042,2287,3678,13417,14233,13417,9596,7872,8533,5316,12212,7452,1750,9067,17184,14785,9302,5452,3409,2248,138,3060,1,23:22,2023,2024
2023-24,1629627,Zion Williamson,Zion,1610612740,NOP,New Orleans Pelicans,22300525,2024-01-10T00:00:00,NOP @ GSW,W,29.7,9.7,14.5,0.667,0.0,0.0,0.0,3.6,6.1,0.6,1.2,4.8,6.1,8.5,4.8,1.2,0.0,3.6,2.4,4.8,23.0,27.9,41.8,0,0,40.0,1,1,13151,1,8219,3858,9200,3541,14651,20560,14651,6474,4433,10302,11068,11191,11861,2528,2200,9189,8529,940,13170,4535,5531,2245,6659,2248,138,6568,1,29:42,2023,2024
2023-24,203469,Cody Zeller,Cody,1610612740,NOP,New Orleans Pelicans,22300525,2024-01-10T00:00:00,NOP @ GSW,W,7.916666666666667,13.6,13.6,1.0,0.0,0.0,0.0,0.0,0.0,0.0,9.1,4.5,13.6,4.5,4.5,0.0,0.0,0.0,9.1,0.0,27.3,4.5,45.9,0,0,45.5,1,1,13151,1,22745,828,10544,1,14651,20560,14651,13417,14233,13417,495,12076,2373,8607,2603,12108,8529,9067,1025,17532,3120,10422,4714,2248,138,3883,1,7:55,2023,2024
2023-24,1626204,Larry Nance Jr.,Larry,1610612740,NOP,New Orleans Pelicans,22300525,2024-01-10T00:00:00,NOP @ GSW,W,18.926666666666662,1.9,1.9,1.0,1.9,1.9,1.0,5.7,7.6,0.75,1.9,7.6,9.5,1.9,1.9,3.8,1.9,0.0,0.0,5.7,11.4,32.3,40.9,0,0,36.1,1,1,13151,1,16619,21555,24827,1,10068,19168,1,3233,2879,8216,8391,5267,5853,16513,10702,1519,3881,9067,20240,3094,16739,1682,7161,2248,138,9025,1,18:56,2023,2024
2023-24,1630604,E.J. Liddell,E.J.,1610612740,NOP,New Orleans Pelicans,22300525,2024-01-10T00:00:00,NOP @ GSW,W,2.716666666666667,0.0,13.3,0.0,0.0,13.3,0.0,0.0,0.0,0.0,0.0,0.0,0.0,0.0,0.0,0.0,0.0,0.0,0.0,0.0,0.0,-26.5,0.0,0,0,0.0,1,1,13151,1,25143,22557,11148,22557,14651,981,14651,13417,14233,13417,13449,22149,23241,19657,16035,12108,8529,9067,20240,17532,23140,23089,25245,2248,138,25279,1,2:43,2023,2024
2023-24,1630700,Dyson Daniels,Dyson,1610612740,NOP,New Orleans Pelicans,22300525,2024-01-10T00:00:00,NOP @ GSW,W,22.48333333333333,4.8,6.4,0.75,1.6,3.2,0.5,1.6,3.2,0.5,0.0,4.8,4.8,4.8,1.6,1.6,0.0,0.0,3.2,3.2,12.8,40.0,29.0,0,0,27.2,1,1,13151,1,13955,14936,21985,2237,11195,16486,4049,11491,9421,10591,13449,11327,15040,7985,11974,7237,8529,9067,9994,8554,15246,989,15246,2248,138,15780,1,22:29,2023,2024
2023-24,1626204,Larry Nance Jr.,Larry,1610612740,NOP,New Orleans Pelicans,22300500,2024-01-07T00:00:00,NOP @ SAC,W,14.35,2.5,10.0,0.25,0.0,0.0,0.0,0.0,0.0,0.0,5.0,12.5,17.6,10.0,5.0,0.0,2.5,0.0,2.5,0.0,5.0,57.7,43.7,0,0,37.6,1,1,13151,1,19742,20413,16728,20383,14651,20560,14651,13417,14233,13417,2252,1168,922,1493,2018,12108,2496,9067,12859,17532,21964,409,5718,2248,138,8055,1,14:21,2023,2024
2023-24,1641722,Jordan Hawkins,Jordan,1610612740,NOP,New Orleans Pelicans,22300500,2024-01-07T00:00:00,NOP @ SAC,W,24.02,7.5,13.5,0.556,1.5,7.5,0.2,1.5,3.0,0.5,0.0,4.5,4.5,3.0,3.0,0.0,1.5,1.5,3.0,1.5,18.0,4.5,29.4,0,0,30.0,1,1,13151,1,12827,7900,10769,7603,11546,6473,13222,11665,9897,10591,13449,12228,15845,12841,6150,12108,4998,5109,10821,14930,9853,10451,14963,2248,138,13644,1,24:01,2023,2024
2023-24,1630700,Dyson Daniels,Dyson,1610612740,NOP,New Orleans Pelicans,22300500,2024-01-07T00:00:00,NOP @ SAC,W,29.1,7.4,7.4,1.0,2.5,2.5,1.0,0.0,0.0,0.0,1.2,4.9,6.2,7.4,0.0,0.0,0.0,0.0,3.7,0.0,17.3,8.7,35.9,0,0,33.4,1,1,13151,1,8680,8073,20754,1,7673,18016,1,13417,14233,13417,10942,10912,11601,3535,16035,12108,8529,9067,8234,17532,10508,8357,10321,2248,138,11017,1,29:06,2023,2024
2023-24,202685,Jonas Valančiūnas,Jonas,1610612740,NOP,New Orleans Pelicans,22300500,2024-01-07T00:00:00,NOP @ SAC,W,22.016666666666666,9.8,16.4,0.6,1.6,3.3,0.5,3.3,3.3,1.0,1.6,18.0,19.6,1.6,1.6,0.0,1.6,0.0,3.3,3.3,24.5,32.7,53.8,1,0,50.7,1,1,13151,1,14284,3722,6650,5678,11101,16356,4049,7175,9284,1,9299,283,579,17364,11849,12108,4602,9067,9718,8343,4548,1636,2196,1,138,2263,1,22:01,2023,2024
2023-24,1630530,Trey Murphy III,Trey,1610612740,NOP,New Orleans Pelicans,22300500,2024-01-07T00:00:00,NOP @ SAC,W,24.45,5.9,10.3,0.571,4.4,8.8,0.5,0.0,0.0,0.0,0.0,2.9,2.9,7.4,1.5,1.5,0.0,0.0,1.5,0.0,16.2,28.0,33.7,0,0,33.9,1,1,13151,1,12473,11917,16240,6891,2866,4362,4049,13417,14233,13417,13449,16959,19733,3609,12492,7744,8529,9067,17430,17532,11683,2228,11832,2248,138,10671,1,24:27,2023,2024
2023-24,1630529,Herbert Jones,Herbert,1610612740,NOP,New Orleans Pelicans,22300500,2024-01-07T00:00:00,NOP @ SAC,W,26.01333333333333,4.2,9.7,0.429,1.4,4.2,0.333,2.8,2.8,1.0,1.4,2.8,4.2,2.8,1.4,0.0,1.4,0.0,1.4,2.8,12.5,47.1,24.4,0,0,23.5,1,1,13151,1,11240,16656,17305,14111,11999,14377,9124,8413,10460,1,10215,17518,16730,13546,12932,12108,5409,9067,17735,10036,15640,673,18458,2248,138,18390,1,26:01,2023,2024
2023-24,1630526,Jeremiah Robinson-Earl,Jeremiah,1610612740,NOP,New Orleans Pelicans,22300500,2024-01-07T00:00:00,NOP @ SAC,W,10.033333333333331,10.8,14.4,0.75,3.6,7.2,0.5,0.0,0.0,0.0,0.0,0.0,0.0,0.0,3.6,0.0,3.6,0.0,3.6,0.0,25.1,-50.2,32.3,0,0,35.9,1,1,13151,1,21971,2586,9512,2237,4499,7143,4049,13417,14233,13417,13449,22149,23241,19657,4468,12108,1302,9067,8635,17532,4174,25403,12886,2248,138,9218,1,10:02,2023,2024
2023-24,203468,CJ McCollum,CJ,1610612740,NOP,New Orleans Pelicans,22300500,2024-01-07T00:00:00,NOP @ SAC,W,27.4,14.5,21.0,0.688,9.2,13.1,0.7,1.3,2.6,0.5,1.3,7.9,9.2,5.3,3.9,0.0,2.6,1.3,0.0,2.6,39.4,40.7,62.3,0,0,68.3,1,1,13151,1,10124,629,2317,3470,244,1034,2065,12070,10798,10591,10527,4835,6239,6978,3636,12108,2310,5828,20240,10488,501,943,925,2248,138,383,1,27:24,2023,2024
2023-24,203469,Cody Zeller,Cody,1610612740,NOP,New Orleans Pelicans,22300500,2024-01-07T00:00:00,NOP @ SAC,W,7.083333333333333,10.2,15.2,0.667,5.1,5.1,1.0,10.2,10.2,1.0,5.1,5.1,10.2,5.1,10.2,0.0,0.0,0.0,0.0,5.1,35.6,-25.4,45.2,0,0,55.9,1,1,13151,1,23072,3279,8152,3541,1947,12060,1,704,1362,1,2202,10511,5111,7356,270,12108,8529,9067,20240,4094,868,22885,5006,2248,138,1274,1,7:05,2023,2024
2023-24,1630604,E.J. Liddell,E.J.,1610612740,NOP,New Orleans Pelicans,22300500,2024-01-07T00:00:00,NOP @ SAC,W,3.6166666666666663,0.0,0.0,0.0,0.0,0.0,0.0,0.0,0.0,0.0,0.0,0.0,0.0,0.0,10.0,0.0,10.0,0.0,10.0,0.0,0.0,-69.7,19.9,0,0,19.9,1,1,13151,1,24694,22557,24896,22557,14651,20560,14651,13417,14233,13417,13449,22149,23241,19657,286,12108,89,9067,776,17532,23140,25871,21024,2248,138,20626,1,3:37,2023,2024
2023-24,1630230,Naji Marshall,Naji,1610612740,NOP,New Orleans Pelicans,22300500,2024-01-07T00:00:00,NOP @ SAC,W,22.1,4.9,6.5,0.75,1.6,1.6,1.0,6.5,6.5,1.0,3.3,6.5,9.8,3.3,1.6,0.0,0.0,0.0,3.3,3.3,17.9,32.6,32.9,0,0,32.6,1,1,13151,1,14222,14725,21858,2237,11120,19611,1,2463,3909,1,4565,7141,5545,12012,11877,12108,8529,9067,9766,8375,9927,1655,12436,2248,138,11634,1,22:06,2023,2024
2023-24,1627742,Brandon Ingram,Brandon,1610612740,NOP,New Orleans Pelicans,22300500,2024-01-07T00:00:00,NOP @ SAC,W,29.816666666666663,7.2,14.5,0.5,1.2,3.6,0.333,2.4,2.4,1.0,0.0,4.8,4.8,9.7,1.2,1.2,1.2,0.0,0.0,2.4,18.1,41.1,44.4,0,0,38.6,1,1,13151,1,8104,8484,9313,8954,12842,15620,9124,9261,11342,1,13449,11247,14971,1692,13908,9224,6207,9067,20240,11237,9700,915,5345,2248,138,7401,1,29:49,2023,2024
2023-24,1630631,Jose Alvarado,Jose,1610612740,NOP,New Orleans Pelicans,22300486,2024-01-05T00:00:00,NOP vs. LAC,L,18.683333333333334,1.9,13.5,0.143,0.0,3.9,0.0,0.0,0.0,0.0,0.0,1.9,1.9,3.9,0.0,0.0,1.9,1.9,0.0,1.9,3.9,-17.3,17.7,0,0,13.5,1,13252,1,13252,16812,21508,10770,22249,14651,15058,14651,13417,14233,13417,13449,19987,21898,10354,16035,12108,3817,3741,20240,13340,22557,20757,22030,2248,138,23405,1,18:41,2023,2024
2023-24,1630529,Herbert Jones,Herbert,1610612740,NOP,New Orleans Pelicans,22300486,2024-01-05T00:00:00,NOP vs. LAC,L,25.25,4.3,8.6,0.5,1.4,2.9,0.5,2.9,2.9,1.0,0.0,0.0,0.0,2.9,0.0,1.4,1.4,0.0,1.4,1.4,12.8,-14.3,25.7,0,0,22.8,1,13252,1,13252,11840,16318,19142,8954,11831,17261,4049,8194,10246,1,13449,22149,23241,13292,16035,7951,5258,9067,17580,15231,15217,19723,17595,2248,138,18842,1,25:15,2023,2024
2023-24,1630530,Trey Murphy III,Trey,1610612740,NOP,New Orleans Pelicans,22300486,2024-01-05T00:00:00,NOP vs. LAC,L,16.85,2.1,19.2,0.111,2.1,12.8,0.167,0.0,0.0,0.0,0.0,4.3,4.3,2.1,0.0,0.0,2.1,0.0,0.0,0.0,6.4,-32.0,21.2,0,0,19.2,1,13252,1,13252,18089,21170,3568,22469,8918,1150,13950,13417,14233,13417,13449,12881,16406,15658,16035,12108,3240,9067,20240,17532,21098,23977,20365,2248,138,20988,1,16:51,2023,2024
2023-24,1630700,Dyson Daniels,Dyson,1610612740,NOP,New Orleans Pelicans,22300486,2024-01-05T00:00:00,NOP vs. LAC,L,26.2,1.4,5.5,0.25,0.0,1.4,0.0,0.0,2.7,0.0,0.0,4.1,4.1,4.1,0.0,5.5,0.0,0.0,1.4,2.7,2.7,-8.2,30.4,0,0,22.0,1,13252,1,13252,11076,22231,22926,20383,14651,19915,14651,13417,10503,13417,13449,13344,16798,9629,16035,572,8529,9067,17772,10098,22953,17185,14280,2248,138,19400,1,26:12,2023,2024
2023-24,202685,Jonas Valančiūnas,Jonas,1610612740,NOP,New Orleans Pelicans,22300486,2024-01-05T00:00:00,NOP vs. LAC,L,22.616666666666667,9.6,19.1,0.5,1.6,1.6,1.0,0.0,0.0,0.0,6.4,11.1,17.5,1.6,4.8,0.0,1.6,1.6,3.2,0.0,20.7,-11.1,44.1,1,0,44.6,1,13252,1,13252,13847,4077,3668,8954,11218,19656,1,13417,14233,13417,1297,1768,946,17484,2296,12108,4719,4805,10069,17532,7325,18531,5515,1,138,4250,1,22:37,2023,2024
2023-24,1641722,Jordan Hawkins,Jordan,1610612740,NOP,New Orleans Pelicans,22300486,2024-01-05T00:00:00,NOP vs. LAC,L,6.483333333333333,22.2,38.9,0.571,16.7,16.7,1.0,11.1,11.1,1.0,0.0,5.6,5.6,0.0,0.0,0.0,0.0,0.0,0.0,5.6,72.2,66.6,78.8,0,0,94.4,1,13252,1,13252,23312,113,90,6891,48,381,1,519,1040,1,13449,9301,13111,19657,16035,12108,8529,9067,20240,3297,44,303,240,2248,138,87,1,6:29,2023,2024
2023-24,1629627,Zion Williamson,Zion,1610612740,NOP,New Orleans Pelicans,22300486,2024-01-05T00:00:00,NOP vs. LAC,L,19.416666666666668,5.6,16.7,0.333,0.0,0.0,0.0,11.1,14.8,0.75,3.7,7.4,11.1,1.9,1.9,1.9,1.9,5.6,5.6,14.8,22.2,-31.5,47.6,0,0,42.6,1,13252,1,13252,16253,12798,6257,17629,14651,20560,14651,516,410,8216,3787,5542,4114,16686,10974,6232,4042,319,3646,106,6092,23901,4018,2248,138,5148,1,19:25,2023,2024
2023-24,203469,Cody Zeller,Cody,1610612740,NOP,New Orleans Pelicans,22300486,2024-01-05T00:00:00,NOP vs. LAC,L,6.483333333333333,0.0,5.6,0.0,0.0,5.6,0.0,5.6,11.1,0.5,5.6,11.1,16.7,11.1,0.0,0.0,0.0,0.0,16.7,11.1,5.6,66.6,42.2,0,0,33.3,1,13252,1,13252,23312,22557,22865,22557,14651,10869,14651,3422,1040,10591,1798,1792,1119,1042,16035,12108,8529,9067,186,279,21631,303,6479,2248,138,11086,1,6:29,2023,2024
2023-24,1630230,Naji Marshall,Naji,1610612740,NOP,New Orleans Pelicans,22300486,2024-01-05T00:00:00,NOP vs. LAC,L,17.466666666666665,8.2,18.5,0.444,2.1,2.1,1.0,0.0,0.0,0.0,6.2,0.0,6.2,2.1,4.1,2.1,0.0,2.1,4.1,0.0,18.5,6.2,31.1,0,0,33.0,1,13252,1,13252,17664,6289,4208,13458,9244,18829,1,13417,14233,13417,1406,22149,11603,15924,3253,5273,8529,3267,6904,17532,9240,9604,13758,2248,138,11321,1,17:28,2023,2024
2023-24,1626204,Larry Nance Jr.,Larry,1610612740,NOP,New Orleans Pelicans,22300486,2024-01-05T00:00:00,NOP vs. LAC,L,18.9,5.7,11.4,0.5,1.9,3.8,0.5,0.0,0.0,0.0,5.7,5.7,11.4,3.8,0.0,1.9,0.0,1.9,0.0,0.0,13.3,-40.0,38.5,0,0,34.3,1,13252,1,13252,16635,12377,14333,8954,10045,15171,4049,13417,14233,13417,1681,8900,3860,10468,16035,5995,8529,3825,20240,17532,14672,24818,8594,2248,138,10390,1,18:54,2023,2024
2023-24,203468,CJ McCollum,CJ,1610612740,NOP,New Orleans Pelicans,22300486,2024-01-05T00:00:00,NOP vs. LAC,L,31.183333333333334,4.6,15.0,0.308,4.6,10.4,0.444,0.0,0.0,0.0,1.2,5.8,6.9,3.5,1.2,1.2,0.0,0.0,3.5,0.0,13.9,-11.5,29.7,0,0,31.2,1,13252,1,13252,6969,15426,8475,19425,2547,2606,7253,13417,14233,13417,11413,8771,9971,11416,14265,9631,8529,9067,9051,17532,14088,18689,14784,2248,138,12680,1,31:11,2023,2024
2023-24,1627742,Brandon Ingram,Brandon,1610612740,NOP,New Orleans Pelicans,22300486,2024-01-05T00:00:00,NOP vs. LAC,L,30.466666666666665,3.5,10.6,0.333,0.0,1.2,0.0,7.1,8.3,0.857,0.0,1.2,1.2,4.7,2.4,0.0,0.0,0.0,2.4,3.5,14.2,-14.2,20.3,0,0,20.1,1,13252,1,13252,7579,18123,15669,17629,14651,20192,14651,2015,2353,7116,13449,21614,22939,8179,8452,12108,8529,9067,13428,7577,13749,19701,20798,2248,138,20526,1,30:28,2023,2024
2023-24,1630529,Herbert Jones,Herbert,1610612740,NOP,New Orleans Pelicans,22300471,2024-01-03T00:00:00,NOP @ MIN,W,36.885,5.9,10.7,0.545,3.9,4.9,0.8,0.0,0.0,0.0,0.0,2.9,2.9,2.0,2.9,1.0,1.0,2.0,2.9,0.0,15.6,9.8,25.0,0,0,28.3,1,1,13151,1,2314,12013,15503,8074,3777,12595,1554,13417,14233,13417,13449,17016,19781,16324,6397,11324,7831,3656,11117,17532,12260,7820,18059,2248,138,14961,1,36:53,2023,2024
2023-24,203468,CJ McCollum,CJ,1610612740,NOP,New Orleans Pelicans,22300471,2024-01-03T00:00:00,NOP @ MIN,W,29.67333333333333,9.7,19.4,0.5,4.9,7.3,0.667,4.9,4.9,1.0,0.0,3.6,3.6,6.1,2.4,0.0,1.2,0.0,2.4,3.6,29.1,14.6,43.8,0,0,46.1,1,1,13151,1,8243,3843,3431,8954,2226,6909,2080,4339,6217,1,13449,14827,18049,5488,8212,12108,6172,9067,13163,7345,2390,5752,5660,2248,138,3646,1,29:40,2023,2024
2023-24,1630631,Jose Alvarado,Jose,1610612740,NOP,New Orleans Pelicans,22300471,2024-01-03T00:00:00,NOP @ MIN,W,27.05,4.0,10.6,0.375,2.7,8.0,0.333,0.0,0.0,0.0,1.3,2.7,4.0,4.0,1.3,0.0,1.3,0.0,4.0,0.0,10.6,2.7,24.1,0,0,24.0,1,1,13151,1,10403,17063,15639,16597,7091,5618,9124,13417,14233,13417,10443,17829,17144,9972,13187,12108,5617,9067,7279,17532,17456,11383,18628,2248,138,18098,1,27:03,2023,2024
2023-24,1629627,Zion Williamson,Zion,1610612740,NOP,New Orleans Pelicans,22300471,2024-01-03T00:00:00,NOP @ MIN,W,28.616666666666667,13.8,18.9,0.733,0.0,0.0,0.0,6.3,7.5,0.833,1.3,3.8,5.0,7.5,2.5,1.3,1.3,1.3,3.8,5.0,34.0,25.2,56.4,0,0,51.6,1,1,13151,1,9103,769,3877,2820,14651,20560,14651,2671,2927,7318,10823,14421,14424,3396,7885,8882,5950,6124,8018,4182,1097,2758,1673,2248,138,2059,1,28:37,2023,2024
2023-24,1627742,Brandon Ingram,Brandon,1610612740,NOP,New Orleans Pelicans,22300471,2024-01-03T00:00:00,NOP @ MIN,W,32.28333333333333,7.8,12.3,0.636,1.1,3.3,0.333,4.5,5.6,0.8,0.0,4.5,4.5,7.8,3.3,2.2,0.0,1.1,3.3,4.5,21.2,14.5,41.6,0,0,39.0,1,1,13151,1,6034,7209,12864,4933,13345,16181,9124,4922,5110,7723,13449,12343,15947,3094,5037,4600,8529,7053,9460,5303,6922,5775,6765,2248,138,7132,1,32:17,2023,2024
2023-24,1630230,Naji Marshall,Naji,1610612740,NOP,New Orleans Pelicans,22300471,2024-01-03T00:00:00,NOP @ MIN,W,14.133333333333333,2.5,10.2,0.25,0.0,5.1,0.0,0.0,0.0,0.0,0.0,5.1,5.1,0.0,0.0,2.5,0.0,0.0,10.2,0.0,5.1,-25.5,18.8,0,0,15.3,1,1,13151,1,19882,20338,16444,20383,14651,12026,14651,13417,14233,13417,13449,10473,14237,19657,16035,3679,8529,9067,736,17532,21921,22898,21510,2248,138,22779,1,14:08,2023,2024
2023-24,1626204,Larry Nance Jr.,Larry,1610612740,NOP,New Orleans Pelicans,22300471,2024-01-03T00:00:00,NOP @ MIN,W,22.433333333333334,6.4,9.6,0.667,0.0,0.0,0.0,0.0,0.0,0.0,4.8,9.6,14.4,3.2,0.0,1.6,1.6,1.6,1.6,1.6,12.8,-3.2,44.6,0,0,36.9,1,1,13151,1,13990,10546,17410,3541,14651,20560,14651,13417,14233,13417,2427,2828,1976,12147,16035,7224,4679,4768,16973,14571,15208,14742,5259,2248,138,8515,1,22:26,2023,2024
2023-24,202685,Jonas Valančiūnas,Jonas,1610612740,NOP,New Orleans Pelicans,22300471,2024-01-03T00:00:00,NOP @ MIN,W,20.366666666666667,3.5,8.8,0.4,0.0,3.5,0.0,0.0,0.0,0.0,1.8,10.6,12.4,5.3,1.8,0.0,0.0,0.0,8.8,0.0,7.1,24.7,28.1,0,0,24.7,1,1,13151,1,15534,18138,18693,15260,14651,15788,14651,13417,14233,13417,8868,2093,3129,6891,11389,12108,8529,9067,1110,17532,20596,2822,15882,2248,138,17566,1,20:22,2023,2024
2023-24,1641722,Jordan Hawkins,Jordan,1610612740,NOP,New Orleans Pelicans,22300471,2024-01-03T00:00:00,NOP @ MIN,W,2.881666666666667,12.5,25.0,0.5,0.0,12.5,0.0,0.0,0.0,0.0,0.0,0.0,0.0,0.0,0.0,0.0,0.0,12.5,0.0,0.0,25.0,-12.5,25.0,0,0,25.0,1,1,13151,1,25071,1290,786,8954,14651,1254,14651,13417,14233,13417,13449,22149,23241,19657,16035,12108,8529,54,20240,17532,4257,19065,18060,2248,138,17378,1,2:53,2023,2024
2023-24,1630700,Dyson Daniels,Dyson,1610612740,NOP,New Orleans Pelicans,22300471,2024-01-03T00:00:00,NOP @ MIN,W,23.51,3.1,4.6,0.667,1.5,1.5,1.0,3.1,3.1,1.0,3.1,4.6,7.7,1.5,0.0,1.5,0.0,0.0,0.0,1.5,10.7,-1.5,26.8,0,0,24.5,1,1,13151,1,13206,19257,23696,3541,11417,19721,1,7653,9729,1,4924,11941,8619,17689,16035,7495,8529,9067,20240,14824,17388,13934,16845,2248,138,17728,1,23:31,2023,2024
2023-24,203469,Cody Zeller,Cody,1610612740,NOP,New Orleans Pelicans,22300471,2024-01-03T00:00:00,NOP @ MIN,W,2.1666666666666665,0.0,0.0,0.0,0.0,0.0,0.0,0.0,0.0,0.0,16.6,0.0,16.6,16.6,0.0,0.0,0.0,0.0,0.0,0.0,0.0,-33.2,44.9,0,0,33.2,1,1,13151,1,25431,22557,24896,22557,14651,20560,14651,13417,14233,13417,96,22149,1126,185,16035,12108,8529,9067,20240,17532,23140,24123,5149,2248,138,11135,1,2:10,2023,2024
2023-24,1630631,Jose Alvarado,Jose,1610612740,NOP,New Orleans Pelicans,22300461,2024-01-02T00:00:00,NOP vs. BKN,W,21.966666666666665,6.6,14.7,0.444,4.9,9.8,0.5,3.3,4.9,0.667,1.6,3.3,4.9,3.3,1.6,3.3,0.0,0.0,3.3,3.3,21.3,26.2,40.3,0,0,41.0,1,1,13151,1,14328,10179,8898,13458,2132,3117,4049,7159,6116,9424,9282,15894,14735,11962,11835,2144,8529,9067,9698,8320,6821,2541,7506,2248,138,6029,1,21:58,2023,2024
2023-24,1627742,Brandon Ingram,Brandon,1610612740,NOP,New Orleans Pelicans,22300461,2024-01-02T00:00:00,NOP vs. BKN,W,24.98333333333333,7.2,13.0,0.556,2.9,2.9,1.0,0.0,0.0,0.0,1.4,5.8,7.2,7.2,1.4,0.0,1.4,0.0,2.9,1.4,17.3,28.8,39.6,0,0,37.5,1,1,13151,1,12041,8587,11643,7603,6424,17189,1,13417,14233,13417,9978,8793,9458,3805,12651,12108,5207,9067,11328,15178,10536,2105,7898,2248,138,8162,1,24:59,2023,2024
2023-24,1629627,Zion Williamson,Zion,1610612740,NOP,New Orleans Pelicans,22300461,2024-01-02T00:00:00,NOP vs. BKN,W,25.633333333333333,7.0,12.6,0.556,0.0,0.0,0.0,0.0,0.0,0.0,1.4,2.8,4.2,7.0,5.6,0.0,1.4,4.2,4.2,0.0,14.0,22.5,28.2,0,0,28.1,1,1,13151,1,11538,9036,12220,7603,14651,20560,14651,13417,14233,13417,10124,17403,16541,4059,1485,12108,5333,632,6652,17532,13886,3341,15787,2248,138,15130,1,25:38,2023,2024
2023-24,1641722,Jordan Hawkins,Jordan,1610612740,NOP,New Orleans Pelicans,22300461,2024-01-02T00:00:00,NOP vs. BKN,W,26.08833333333333,4.1,17.9,0.231,2.8,11.0,0.25,4.1,5.5,0.75,0.0,0.0,0.0,1.4,0.0,0.0,2.8,0.0,0.0,2.8,15.2,19.3,25.5,0,0,24.8,1,1,13151,1,11171,16689,4814,21232,6818,2095,11776,5497,5184,8216,13449,22149,23241,18171,16035,12108,2128,9067,20240,10064,12696,4136,17699,2248,138,17485,1,26:05,2023,2024
2023-24,202685,Jonas Valančiūnas,Jonas,1610612740,NOP,New Orleans Pelicans,22300461,2024-01-02T00:00:00,NOP vs. BKN,W,19.8,9.1,9.1,1.0,1.8,1.8,1.0,0.0,0.0,0.0,5.5,16.4,21.8,0.0,1.8,1.8,1.8,0.0,0.0,1.8,20.0,30.9,55.3,1,0,50.9,1,1,13151,1,15968,4764,18298,1,10455,19339,1,13417,14233,13417,1886,408,370,19657,11157,6400,4143,9067,20240,13811,7917,1848,1893,1,138,2211,1,19:48,2023,2024
2023-24,1630700,Dyson Daniels,Dyson,1610612740,NOP,New Orleans Pelicans,22300461,2024-01-02T00:00:00,NOP vs. BKN,W,19.645,3.7,9.2,0.4,1.8,7.3,0.25,3.7,3.7,1.0,1.8,1.8,3.7,5.5,1.8,3.7,3.7,0.0,0.0,1.8,12.8,9.2,45.6,0,0,38.5,1,1,13151,1,16084,17867,18179,15260,10392,6799,11776,6404,8509,1,8667,20262,17978,6505,11089,1670,1248,9067,20240,13755,15224,8098,4836,2248,138,7500,1,19:39,2023,2024
2023-24,1626204,Larry Nance Jr.,Larry,1610612740,NOP,New Orleans Pelicans,22300461,2024-01-02T00:00:00,NOP vs. BKN,W,19.9,3.6,7.2,0.5,1.8,3.6,0.5,1.8,3.6,0.5,3.6,10.9,14.5,0.0,1.8,3.6,0.0,0.0,3.6,1.8,10.9,18.1,37.3,0,0,34.4,1,1,13151,1,15888,17972,20973,8954,10496,15628,4049,11093,8600,10591,3927,1920,1955,19657,11201,1712,8529,9067,8533,13849,17252,4525,9395,2248,138,10327,1,19:54,2023,2024
2023-24,203468,CJ McCollum,CJ,1610612740,NOP,New Orleans Pelicans,22300461,2024-01-02T00:00:00,NOP vs. BKN,W,24.5,8.8,16.2,0.545,5.9,11.8,0.5,0.0,0.0,0.0,2.9,5.9,8.8,7.3,2.9,0.0,0.0,0.0,0.0,0.0,23.5,17.6,42.2,0,0,45.6,1,1,13151,1,12438,5256,6903,8074,1233,1612,4049,13417,14233,13417,5233,8522,6779,3624,6350,12108,8529,9067,20240,17532,5181,4672,6494,2248,138,3858,1,24:30,2023,2024
2023-24,203469,Cody Zeller,Cody,1610612740,NOP,New Orleans Pelicans,22300461,2024-01-02T00:00:00,NOP vs. BKN,W,8.3,4.3,13.0,0.333,0.0,0.0,0.0,8.7,13.0,0.667,4.3,4.3,8.7,0.0,0.0,0.0,0.0,4.3,8.7,8.7,17.3,0.0,27.8,0,0,26.0,1,1,13151,1,22601,16173,11566,17629,14651,20560,14651,1161,640,9424,2920,12708,6974,19657,16035,12108,8529,590,1170,789,10481,12394,16124,2248,138,16657,1,8:18,2023,2024
2023-24,1630529,Herbert Jones,Herbert,1610612740,NOP,New Orleans Pelicans,22300461,2024-01-02T00:00:00,NOP vs. BKN,W,24.383333333333333,7.4,14.8,0.5,3.0,5.9,0.5,3.0,3.0,1.0,3.0,3.0,5.9,1.5,4.4,3.0,1.5,0.0,1.5,3.0,20.7,28.1,38.8,0,0,39.9,1,1,13151,1,12542,8164,8881,8954,6172,10018,4049,7927,10002,1,5202,16929,12257,17841,2767,2728,5074,9067,17408,9392,7344,2213,8361,2248,138,6657,1,24:23,2023,2024
2023-24,1630184,Kira Lewis Jr.,Kira,1610612740,NOP,New Orleans Pelicans,22300461,2024-01-02T00:00:00,NOP vs. BKN,W,5.05,7.1,21.4,0.333,0.0,14.3,0.0,0.0,0.0,0.0,7.1,0.0,7.1,0.0,7.1,0.0,0.0,0.0,0.0,0.0,14.3,-21.4,15.7,0,0,21.4,1,1,13151,1,23963,8770,2104,17629,14651,743,14651,13417,14233,13417,978,22149,9597,19657,729,12108,8529,9067,20240,17532,13669,21923,22813,2248,138,19775,1,5:03,2023,2024
2023-24,1630230,Naji Marshall,Naji,1610612740,NOP,New Orleans Pelicans,22300461,2024-01-02T00:00:00,NOP vs. BKN,W,15.733333333333333,4.6,13.7,0.333,0.0,4.6,0.0,4.6,4.6,1.0,2.3,2.3,4.6,2.3,0.0,2.3,2.3,0.0,0.0,2.3,13.7,18.3,36.4,0,0,29.7,1,1,13151,1,18848,15545,10415,17629,14651,13309,14651,4717,6671,1,6908,18882,15643,15109,16035,4408,2890,9067,20240,11724,14231,4440,9958,2248,138,13830,1,15:44,2023,2024
2023-24,1630526,Jeremiah Robinson-Earl,Jeremiah,1610612740,NOP,New Orleans Pelicans,22300461,2024-01-02T00:00:00,NOP vs. BKN,W,4.016666666666667,0.0,9.0,0.0,0.0,0.0,0.0,0.0,0.0,0.0,9.0,35.9,44.8,0.0,9.0,0.0,0.0,0.0,0.0,0.0,0.0,9.0,44.8,0,0,44.8,1,1,13151,1,24477,22557,18505,22557,14651,20560,14651,13417,14233,13417,523,34,27,19657,393,12108,8529,9067,20240,17532,23140,8193,5173,2248,138,4134,1,4:01,2023,2024
2023-24,1630700,Dyson Daniels,Dyson,1610612740,NOP,New Orleans Pelicans,22300446,2023-12-31T00:00:00,NOP vs. LAL,W,7.741666666666666,4.7,4.7,1.0,4.7,4.7,1.0,0.0,0.0,0.0,0.0,4.7,4.7,0.0,4.7,0.0,0.0,0.0,4.7,0.0,14.0,27.9,14.9,0,0,23.3,1,1,13151,1,22812,15347,23656,1,2501,13119,1,13417,14233,13417,13449,11785,15466,19657,2471,12108,8529,9067,5465,17532,13982,2240,23109,2248,138,18572,1,7:45,2023,2024
2023-24,1641722,Jordan Hawkins,Jordan,1610612740,NOP,New Orleans Pelicans,22300446,2023-12-31T00:00:00,NOP vs. LAL,W,7.941666666666666,0.0,4.5,0.0,0.0,4.5,0.0,4.5,4.5,1.0,0.0,9.1,9.1,4.5,0.0,0.0,0.0,0.0,4.5,0.0,4.5,18.1,22.2,0,0,18.1,1,1,13151,1,22740,22557,23734,22557,14651,13425,14651,4797,6758,1,13449,3353,6430,8631,16035,12108,8529,9067,5769,17532,22238,4514,19765,2248,138,21566,1,7:57,2023,2024
2023-24,1626204,Larry Nance Jr.,Larry,1610612740,NOP,New Orleans Pelicans,22300446,2023-12-31T00:00:00,NOP vs. LAL,W,23.15,4.7,6.2,0.75,1.6,1.6,1.0,6.2,6.2,1.0,3.1,12.4,15.6,4.7,1.6,0.0,0.0,1.6,4.7,3.1,17.1,26.4,41.2,1,0,38.9,1,1,13151,1,13476,15299,22187,2237,11319,19697,1,2726,4241,1,4813,1198,1459,8329,12158,12108,8529,4920,5421,8832,10721,2499,6974,1,138,7227,1,23:09,2023,2024
2023-24,202685,Jonas Valančiūnas,Jonas,1610612740,NOP,New Orleans Pelicans,22300446,2023-12-31T00:00:00,NOP vs. LAL,W,24.85,5.8,10.1,0.571,0.0,0.0,0.0,7.2,7.2,1.0,2.9,8.7,11.6,1.4,0.0,1.4,1.4,2.9,1.4,4.3,18.8,4.3,43.6,0,0,37.7,1,1,13151,1,12150,12147,16527,6891,14651,20560,14651,1919,3195,1,5345,3758,3724,17939,16035,7846,5184,1688,17519,5560,8990,10515,5738,2248,138,8025,1,24:51,2023,2024
2023-24,1627742,Brandon Ingram,Brandon,1610612740,NOP,New Orleans Pelicans,22300446,2023-12-31T00:00:00,NOP vs. LAL,W,37.9,9.5,17.1,0.556,3.8,6.6,0.571,1.9,4.7,0.4,0.9,3.8,4.7,7.6,2.8,2.8,1.9,0.9,2.8,2.8,24.7,16.1,53.2,0,0,50.3,1,1,13151,1,1654,4154,5765,7603,4009,8292,3678,10848,6382,12977,12965,14326,15199,3330,6682,2943,3886,8486,11478,9764,4439,5196,2328,2248,138,2360,1,37:54,2023,2024
2023-24,1629627,Zion Williamson,Zion,1610612740,NOP,New Orleans Pelicans,22300446,2023-12-31T00:00:00,NOP vs. LAL,W,31.633333333333333,9.1,13.7,0.667,0.0,0.0,0.0,11.4,13.7,0.833,2.3,2.3,4.6,6.8,4.6,0.0,0.0,1.1,5.7,6.8,29.6,13.7,40.7,0,0,41.0,1,1,13151,1,6582,4742,10514,3541,14651,20560,14651,477,541,7318,6951,18912,15700,4332,2600,12108,8529,6880,3465,1855,2216,6097,7248,2248,138,6030,1,31:38,2023,2024
2023-24,1630230,Naji Marshall,Naji,1610612740,NOP,New Orleans Pelicans,22300446,2023-12-31T00:00:00,NOP vs. LAL,W,21.291666666666668,5.1,13.5,0.375,0.0,5.1,0.0,0.0,0.0,0.0,3.4,5.1,8.5,5.1,0.0,0.0,0.0,1.7,3.4,0.0,10.1,16.9,27.9,0,0,23.7,1,1,13151,1,14851,14227,10714,16597,14651,12086,14651,13417,14233,13417,4349,10541,7316,7379,16035,12108,8529,4522,9326,17532,17904,4916,16023,2248,138,18300,1,21:18,2023,2024
2023-24,1630529,Herbert Jones,Herbert,1610612740,NOP,New Orleans Pelicans,22300446,2023-12-31T00:00:00,NOP vs. LAL,W,29.308333333333334,6.1,11.1,0.556,3.7,6.1,0.6,0.0,0.0,0.0,3.7,1.2,4.9,1.2,0.0,0.0,0.0,1.2,3.7,0.0,16.0,9.8,23.7,0,0,25.8,1,1,13151,1,8515,11257,14947,7603,4275,9439,3197,13417,14233,13417,3828,21520,14754,18682,16035,12108,8529,6307,8342,17532,11908,7791,18865,2248,138,16809,1,29:19,2023,2024
2023-24,1630631,Jose Alvarado,Jose,1610612740,NOP,New Orleans Pelicans,22300446,2023-12-31T00:00:00,NOP vs. LAL,W,20.461666666666662,5.3,14.1,0.375,3.5,8.8,0.4,0.0,0.0,0.0,0.0,5.3,5.3,1.8,1.8,7.0,3.5,0.0,1.8,1.8,14.1,14.1,53.0,0,0,45.7,1,1,13151,1,15478,13653,9930,16597,4660,4408,7875,13417,14233,13417,13449,10008,13778,16999,11424,269,1350,9067,16469,14014,13853,5957,2384,2248,138,3779,1,20:28,2023,2024
2023-24,203468,CJ McCollum,CJ,1610612740,NOP,New Orleans Pelicans,22300446,2023-12-31T00:00:00,NOP vs. LAL,W,35.721666666666664,8.1,19.1,0.421,6.0,11.1,0.545,0.0,0.0,0.0,0.0,5.0,5.0,9.1,1.0,1.0,1.0,3.0,2.0,0.0,22.2,15.1,46.9,0,0,46.4,1,1,13151,1,3192,6690,3627,14784,1108,2065,3982,13417,14233,13417,13449,10634,14402,2052,15290,10996,7559,1507,15153,17532,6136,5564,4344,2248,138,3554,1,35:43,2023,2024
2023-24,1629627,Zion Williamson,Zion,1610612740,NOP,New Orleans Pelicans,22300424,2023-12-28T00:00:00,NOP vs. UTA,W,29.933333333333334,12.0,16.8,0.714,0.0,0.0,0.0,1.2,3.6,0.333,1.2,10.8,12.0,9.6,0.0,0.0,1.2,0.0,2.4,2.4,25.3,8.4,57.7,1,0,49.3,1,1,13151,1,8016,1584,6072,2921,14651,20560,14651,12407,8623,13045,11120,1937,3370,1713,16035,12108,6228,9067,13253,11266,4096,8471,1463,1,138,2628,1,29:56,2023,2024
2023-24,1627742,Brandon Ingram,Brandon,1610612740,NOP,New Orleans Pelicans,22300424,2023-12-28T00:00:00,NOP vs. UTA,W,36.13333333333333,9.0,17.9,0.5,1.0,2.0,0.5,7.0,7.0,1.0,1.0,2.0,3.0,5.0,1.0,1.0,2.0,1.0,3.0,7.0,25.9,4.0,44.9,0,0,40.8,1,1,13151,1,2863,5007,4819,8954,14096,18991,4049,2092,3422,1,12606,19794,19622,7580,15364,11111,3608,8062,10850,1736,3762,10712,5118,2248,138,6107,1,36:08,2023,2024
2023-24,1630631,Jose Alvarado,Jose,1610612740,NOP,New Orleans Pelicans,22300424,2023-12-28T00:00:00,NOP vs. UTA,W,12.116666666666667,8.9,11.9,0.75,3.0,5.9,0.5,0.0,0.0,0.0,0.0,0.0,0.0,0.0,3.0,0.0,0.0,0.0,5.9,0.0,20.8,3.0,17.8,0,0,23.8,1,1,13151,1,20992,5091,13544,2237,6109,9912,4049,13417,14233,13417,13449,22149,23241,19657,6223,12108,8529,9067,3121,17532,7236,11227,21975,2248,138,18227,1,12:07,2023,2024
2023-24,1630230,Naji Marshall,Naji,1610612740,NOP,New Orleans Pelicans,22300424,2023-12-28T00:00:00,NOP vs. UTA,W,16.066666666666666,9.0,11.2,0.8,2.2,2.2,1.0,0.0,0.0,0.0,0.0,4.5,4.5,4.5,6.7,0.0,0.0,0.0,2.2,0.0,20.2,9.0,25.5,0,0,31.4,1,1,13151,1,18620,5011,14693,1787,8485,18464,1,13417,14233,13417,13449,12275,15888,8754,856,12108,8529,9067,13976,17532,7778,8193,17685,2248,138,12543,1,16:04,2023,2024
2023-24,1626204,Larry Nance Jr.,Larry,1610612740,NOP,New Orleans Pelicans,22300424,2023-12-28T00:00:00,NOP vs. UTA,W,25.016666666666666,5.8,8.6,0.667,1.4,2.9,0.5,0.0,0.0,0.0,1.4,8.6,10.1,0.0,2.9,7.2,1.4,1.4,0.0,1.4,13.0,23.0,48.1,0,0,41.7,1,1,13151,1,12014,12267,19026,3541,11796,17200,4049,13417,14233,13417,9988,3826,5222,19657,6570,254,5212,5324,20240,15184,15076,3205,3854,2248,138,5604,1,25:01,2023,2024
2023-24,1630700,Dyson Daniels,Dyson,1610612740,NOP,New Orleans Pelicans,22300424,2023-12-28T00:00:00,NOP vs. UTA,W,13.866666666666667,0.0,2.6,0.0,0.0,2.6,0.0,0.0,0.0,0.0,0.0,5.2,5.2,5.2,2.6,5.2,2.6,0.0,5.2,0.0,0.0,-2.6,34.8,0,0,26.0,1,1,13151,1,20065,22557,24648,22557,14651,17761,14651,13417,14233,13417,13449,10213,13996,7108,7583,652,2350,9067,4271,17532,23140,14419,11103,2248,138,16709,1,13:52,2023,2024
2023-24,1630530,Trey Murphy III,Trey,1610612740,NOP,New Orleans Pelicans,22300424,2023-12-28T00:00:00,NOP vs. UTA,W,23.225,3.1,12.4,0.25,3.1,10.9,0.286,0.0,0.0,0.0,0.0,1.6,1.6,3.1,1.6,0.0,0.0,1.6,3.1,0.0,9.3,-1.6,14.3,0,0,17.1,1,1,13151,1,13422,19157,12642,20383,5711,2241,11375,13417,14233,13417,13449,20846,22464,12465,12181,12108,8529,4938,10376,17532,18707,13942,23316,2248,138,22075,1,23:14,2023,2024
2023-24,202685,Jonas Valančiūnas,Jonas,1610612740,NOP,New Orleans Pelicans,22300424,2023-12-28T00:00:00,NOP vs. UTA,W,22.98333333333333,3.1,9.4,0.333,0.0,1.6,0.0,3.1,3.1,1.0,3.1,3.1,6.3,1.6,3.1,0.0,1.6,0.0,1.6,1.6,9.4,-14.1,20.8,0,0,20.4,1,1,13151,1,13590,19070,17807,17629,14651,19677,14651,7488,9565,1,4771,16333,11416,17561,5666,12108,4783,9067,17100,14697,18600,19676,20538,2248,138,20369,1,22:59,2023,2024
2023-24,1630529,Herbert Jones,Herbert,1610612740,NOP,New Orleans Pelicans,22300424,2023-12-28T00:00:00,NOP vs. UTA,W,28.975,3.7,5.0,0.75,0.0,1.2,0.0,0.0,0.0,0.0,0.0,3.7,3.7,1.2,1.2,0.0,1.2,0.0,5.0,1.2,7.5,7.5,16.3,0,0,14.9,1,1,13151,1,8811,17713,23411,2237,14651,20100,14651,13417,14233,13417,13449,14564,17827,18641,13694,12108,6024,9067,4748,16010,20313,8943,22591,2248,138,22933,1,28:59,2023,2024
2023-24,203468,CJ McCollum,CJ,1610612740,NOP,New Orleans Pelicans,22300424,2023-12-28T00:00:00,NOP vs. UTA,W,31.683333333333334,9.1,18.2,0.5,4.5,11.4,0.4,2.3,3.4,0.667,1.1,2.3,3.4,6.8,2.3,2.3,0.0,0.0,2.3,3.4,25.0,9.1,43.9,0,0,44.3,1,1,13151,1,6539,4768,4555,8954,2654,1877,7875,9659,8992,9424,11532,18916,18571,4353,8844,4459,8529,9067,13827,7951,4245,8126,5637,2248,138,4375,1,31:41,2023,2024
2023-24,203469,Cody Zeller,Cody,1610612740,NOP,New Orleans Pelicans,22300410,2023-12-26T00:00:00,NOP vs. MEM,L,0.0066666666666666,0.0,0.0,0.0,0.0,0.0,0.0,0.0,0.0,0.0,0.0,0.0,0.0,0.0,0.0,0.0,0.0,0.0,0.0,0.0,0.0,-5400.0,0.0,0,0,0.0,1,13252,1,13252,26394,22557,24896,22557,14651,20560,14651,13417,14233,13417,13449,22149,23241,19657,16035,12108,8529,9067,20240,17532,23140,26401,25245,2248,138,25279,1,0:00,2023,2024
2023-24,1630230,Naji Marshall,Naji,1610612740,NOP,New Orleans Pelicans,22300410,2023-12-26T00:00:00,NOP vs. MEM,L,14.218333333333334,2.5,12.7,0.2,0.0,7.6,0.0,0.0,0.0,0.0,0.0,2.5,2.5,2.5,2.5,0.0,0.0,2.5,5.1,0.0,5.1,-12.7,9.4,0,0,10.1,1,13252,1,13252,19833,20371,12180,21471,14651,6301,14651,13417,14233,13417,13449,18187,20639,14289,7835,12108,8529,2228,4529,17532,21944,19146,24408,2248,138,24257,1,14:13,2023,2024
2023-24,1630529,Herbert Jones,Herbert,1610612740,NOP,New Orleans Pelicans,22300410,2023-12-26T00:00:00,NOP vs. MEM,L,31.571666666666665,2.3,9.1,0.25,0.0,4.6,0.0,0.0,0.0,0.0,0.0,3.4,3.4,3.4,0.0,1.1,0.0,1.1,1.1,0.0,4.6,0.0,17.2,0,0,13.7,1,13252,1,13252,6645,20896,18255,20383,14651,13354,14651,13417,14233,13417,13449,15474,18542,11545,16035,9759,8529,6860,18821,17532,22218,12394,22213,2248,138,23347,1,31:34,2023,2024
2023-24,1630700,Dyson Daniels,Dyson,1610612740,NOP,New Orleans Pelicans,22300410,2023-12-26T00:00:00,NOP vs. MEM,L,18.735,5.8,5.8,1.0,1.9,1.9,1.0,7.7,11.5,0.667,0.0,0.0,0.0,1.9,0.0,3.8,0.0,0.0,7.7,5.8,21.1,1.9,35.5,0,0,32.7,1,13252,1,13252,16771,12236,22663,1,9968,19124,1,1655,925,9424,13449,22149,23241,16439,16035,1485,8529,9067,1586,3020,6970,11809,10569,2248,138,11568,1,18:44,2023,2024
2023-24,1630631,Jose Alvarado,Jose,1610612740,NOP,New Orleans Pelicans,22300410,2023-12-26T00:00:00,NOP vs. MEM,L,11.733333333333333,9.2,24.5,0.375,3.1,12.3,0.25,3.1,6.1,0.5,3.1,6.1,9.2,6.1,0.0,3.1,0.0,6.1,0.0,6.1,24.5,30.7,54.0,0,0,49.1,1,13252,1,13252,21246,4586,900,16597,5783,1355,11776,7632,4341,10591,4909,7924,6229,5373,16035,2492,8529,252,20240,2548,4534,1873,2145,2248,138,2696,1,11:44,2023,2024
2023-24,1630530,Trey Murphy III,Trey,1610612740,NOP,New Orleans Pelicans,22300410,2023-12-26T00:00:00,NOP vs. MEM,L,35.935,3.0,8.0,0.375,3.0,6.0,0.5,1.0,2.0,0.5,2.0,5.0,7.0,1.0,2.0,2.0,0.0,1.0,2.0,1.0,10.0,10.0,23.9,0,0,25.0,1,13252,1,13252,3024,19365,19926,16597,5982,9731,4049,13113,12547,10591,7941,10727,9811,19419,10161,5536,8529,8013,15223,17165,18030,7707,18720,2248,138,17340,1,35:56,2023,2024
2023-24,1629627,Zion Williamson,Zion,1610612740,NOP,New Orleans Pelicans,22300410,2023-12-26T00:00:00,NOP vs. MEM,L,35.973333333333336,7.0,17.0,0.412,0.0,0.0,0.0,9.0,12.0,0.75,2.0,9.0,11.0,1.0,6.0,1.0,0.0,6.0,5.0,7.0,23.0,4.0,34.7,1,0,37.0,1,13252,1,13252,2988,9082,5863,15119,14651,20560,14651,1030,815,8216,7956,3409,4247,19422,1230,11070,8529,265,4676,1716,5541,10704,11143,1,138,8453,1,35:58,2023,2024
2023-24,203468,CJ McCollum,CJ,1610612740,NOP,New Orleans Pelicans,22300410,2023-12-26T00:00:00,NOP vs. MEM,L,38.945,5.5,12.9,0.429,2.8,7.4,0.375,0.9,3.7,0.25,0.0,1.8,1.8,1.8,0.9,0.9,0.9,0.9,3.7,4.6,14.8,-8.3,24.4,0,0,25.0,1,13252,1,13252,1083,12842,11696,14111,6766,6670,8784,13314,8443,13269,13449,20218,22037,16709,15791,11731,8207,8678,8286,4979,13131,17220,18431,2248,138,17395,1,38:57,2023,2024
2023-24,202685,Jonas Valančiūnas,Jonas,1610612740,NOP,New Orleans Pelicans,22300410,2023-12-26T00:00:00,NOP vs. MEM,L,36.031666666666666,8.0,14.0,0.571,0.0,1.0,0.0,1.0,3.0,0.333,3.0,10.0,13.0,0.0,1.0,1.0,1.0,2.0,5.0,3.0,17.0,-8.0,37.6,1,0,34.0,1,13252,1,13252,2944,6829,10023,6891,14651,20429,14651,13125,9898,13045,5099,2538,2727,19657,15351,11090,7623,3501,4691,9247,10857,17067,9206,1,138,10587,1,36:02,2023,2024
2023-24,1627742,Brandon Ingram,Brandon,1610612740,NOP,New Orleans Pelicans,22300410,2023-12-26T00:00:00,NOP vs. MEM,L,41.85,7.7,17.2,0.45,1.7,3.4,0.5,3.4,3.4,1.0,1.7,3.4,5.2,6.0,2.6,2.6,3.4,2.6,2.6,2.6,20.6,-6.0,51.4,0,0,45.6,1,13252,1,13252,302,7339,5636,13385,10808,15986,4049,6825,8925,1,9026,15422,14064,5563,7635,3585,1405,2136,12587,10647,7374,16146,2780,2248,138,3844,1,41:51,2023,2024
2023-24,1630529,Herbert Jones,Herbert,1610612740,NOP,New Orleans Pelicans,22300392,2023-12-23T00:00:00,NOP vs. HOU,L,18.24,3.9,15.8,0.25,3.9,7.9,0.5,0.0,0.0,0.0,5.9,0.0,5.9,2.0,0.0,0.0,0.0,2.0,2.0,0.0,11.8,-25.7,21.9,0,0,23.7,1,13252,1,13252,17137,17164,7382,20383,3689,5781,4049,13417,14233,13417,1547,22149,12226,16240,16035,12108,8529,3575,15381,17532,16319,22932,19962,2248,138,18290,1,18:14,2023,2024
2023-24,202685,Jonas Valančiūnas,Jonas,1610612740,NOP,New Orleans Pelicans,22300392,2023-12-23T00:00:00,NOP vs. HOU,L,25.695,7.0,15.4,0.455,0.0,2.8,0.0,0.0,0.0,0.0,2.8,12.6,15.4,7.0,8.4,2.8,1.4,0.0,8.4,1.4,14.0,7.0,47.2,1,0,44.8,1,13252,1,13252,11510,9081,7917,13083,14651,17377,14651,13417,14233,13417,5583,1149,1518,4078,464,3038,5339,9067,1268,15329,13924,9182,4197,1,138,4122,1,25:42,2023,2024
2023-24,1630230,Naji Marshall,Naji,1610612740,NOP,New Orleans Pelicans,22300392,2023-12-23T00:00:00,NOP vs. HOU,L,12.286666666666669,5.9,5.9,1.0,0.0,0.0,0.0,5.9,8.8,0.667,2.9,2.9,5.9,5.9,0.0,0.0,0.0,0.0,2.9,5.9,17.6,11.7,33.4,0,0,29.3,1,13252,1,13252,20909,12001,22575,1,14651,20560,14651,3079,2042,9424,5261,17009,12374,5859,16035,12108,8529,9067,11105,2901,10260,6924,12056,2248,138,14174,1,12:17,2023,2024
2023-24,1630631,Jose Alvarado,Jose,1610612740,NOP,New Orleans Pelicans,22300392,2023-12-23T00:00:00,NOP vs. HOU,L,9.881666666666666,7.3,14.6,0.5,0.0,7.3,0.0,0.0,0.0,0.0,0.0,7.3,7.3,0.0,3.6,0.0,3.6,0.0,10.9,0.0,14.6,7.3,30.6,0,0,29.1,1,13252,1,13252,22043,8385,9154,8954,14651,6890,14651,13417,14233,13417,13449,5750,9311,19657,4330,12108,1260,9067,603,17532,13346,9031,14099,2248,138,14303,1,9:53,2023,2024
2023-24,1630700,Dyson Daniels,Dyson,1610612740,NOP,New Orleans Pelicans,22300392,2023-12-23T00:00:00,NOP vs. HOU,L,13.506666666666666,0.0,8.0,0.0,0.0,5.3,0.0,0.0,0.0,0.0,5.3,2.7,8.0,0.0,2.7,0.0,0.0,0.0,0.0,0.0,0.0,-16.0,6.9,0,0,8.0,1,13252,1,13252,20269,22557,19951,22557,14651,11441,14651,13417,14233,13417,1990,17823,8028,19657,7339,12108,8529,9067,20240,17532,23140,20332,24799,2248,138,24650,1,13:30,2023,2024
2023-24,1627742,Brandon Ingram,Brandon,1610612740,NOP,New Orleans Pelicans,22300392,2023-12-23T00:00:00,NOP vs. HOU,L,36.17666666666667,6.0,11.9,0.5,0.0,2.0,0.0,7.0,9.0,0.778,1.0,2.0,3.0,5.0,0.0,0.0,2.0,0.0,2.0,7.0,18.9,2.0,35.9,0,0,30.8,1,13252,1,13252,2830,11699,13454,8954,14651,18998,14651,2102,1936,8122,12614,19799,19634,7598,16035,12108,3616,9067,15301,1744,8906,11769,10290,2248,138,12948,1,36:11,2023,2024
2023-24,1629627,Zion Williamson,Zion,1610612740,NOP,New Orleans Pelicans,22300392,2023-12-23T00:00:00,NOP vs. HOU,L,34.28,11.6,16.8,0.688,1.1,2.1,0.5,5.3,10.5,0.5,2.1,6.3,8.4,4.2,3.2,2.1,1.1,1.1,1.1,6.3,29.4,2.1,52.1,0,0,49.4,1,13252,1,13252,4388,1909,6110,3470,13759,18748,4049,3820,1243,10591,7551,7591,7393,9430,5601,5095,7225,7585,19329,2376,2270,11686,2587,2248,138,2616,1,34:17,2023,2024
2023-24,203468,CJ McCollum,CJ,1610612740,NOP,New Orleans Pelicans,22300392,2023-12-23T00:00:00,NOP vs. HOU,L,33.718333333333334,4.3,10.7,0.4,2.1,7.5,0.286,3.2,4.3,0.75,1.1,4.3,5.3,2.1,4.3,1.1,1.1,0.0,4.3,2.1,13.9,-2.1,25.6,0,0,27.8,1,13252,1,13252,4840,16342,15588,15260,8925,6520,11375,7330,7258,8216,12034,12889,13632,15668,3023,10395,7091,9067,6474,12371,14054,14221,17619,2248,138,15392,1,33:43,2023,2024
2023-24,1630530,Trey Murphy III,Trey,1610612740,NOP,New Orleans Pelicans,22300392,2023-12-23T00:00:00,NOP vs. HOU,L,34.42666666666667,4.2,11.5,0.364,3.1,7.3,0.429,3.1,3.1,1.0,1.0,5.2,6.3,0.0,1.0,2.1,0.0,0.0,2.1,2.1,14.6,4.2,27.4,0,0,28.2,1,13252,1,13252,4268,16569,14204,17149,5631,6828,7457,7475,9549,1,12207,10132,11404,19657,15010,5137,8529,9067,14693,12582,13276,10602,16396,2248,138,15020,1,34:26,2023,2024
2023-24,1630526,Jeremiah Robinson-Earl,Jeremiah,1610612740,NOP,New Orleans Pelicans,22300392,2023-12-23T00:00:00,NOP vs. HOU,L,21.78833333333333,3.3,8.3,0.4,0.0,5.0,0.0,0.0,0.0,0.0,0.0,5.0,5.0,3.3,0.0,3.3,1.7,0.0,3.3,0.0,6.6,-13.2,32.4,0,0,24.8,1,13252,1,13252,14473,18684,19562,15260,14651,12407,14651,13417,14233,13417,13449,10884,14634,11890,16035,2107,4552,9067,9602,17532,20944,19334,12824,2248,138,17543,1,21:47,2023,2024
2023-24,1627742,Brandon Ingram,Brandon,1610612740,NOP,New Orleans Pelicans,22300375,2023-12-21T00:00:00,NOP @ CLE,W,28.366666666666667,7.6,15.2,0.5,1.3,3.8,0.333,5.1,5.1,1.0,1.3,7.6,8.9,7.6,3.8,0.0,0.0,1.3,2.5,5.1,21.6,15.2,39.8,0,0,39.3,1,1,13151,1,9309,7624,8175,8954,12519,15185,9124,4041,5855,1,10768,5259,6678,3307,3931,12108,8529,6067,12752,4100,6608,5519,7761,2248,138,6937,1,28:22,2023,2024
2023-24,1630526,Jeremiah Robinson-Earl,Jeremiah,1610612740,NOP,New Orleans Pelicans,22300375,2023-12-21T00:00:00,NOP @ CLE,W,20.016666666666666,9.0,10.8,0.833,1.8,3.6,0.5,0.0,0.0,0.0,0.0,9.0,9.0,1.8,0.0,0.0,0.0,0.0,1.8,0.0,19.8,39.6,33.3,0,0,32.4,1,1,13151,1,15802,4963,15401,1607,10536,15677,4049,13417,14233,13417,13449,3440,6528,16875,16035,12108,8529,9067,16298,17532,8107,1029,12142,2248,138,11770,1,20:01,2023,2024
2023-24,1641722,Jordan Hawkins,Jordan,1610612740,NOP,New Orleans Pelicans,22300375,2023-12-21T00:00:00,NOP @ CLE,W,12.066666666666666,6.0,14.9,0.4,6.0,9.0,0.667,0.0,0.0,0.0,0.0,0.0,0.0,6.0,0.0,0.0,0.0,0.0,3.0,0.0,17.9,-11.9,26.9,0,0,29.8,1,1,13151,1,21013,11709,8659,15260,1167,4200,2080,13417,14233,13417,13449,22149,23241,5655,16035,12108,8529,9067,10878,17532,9940,18840,16805,2248,138,13756,1,12:04,2023,2024
2023-24,1630530,Trey Murphy III,Trey,1610612740,NOP,New Orleans Pelicans,22300375,2023-12-21T00:00:00,NOP @ CLE,W,28.24833333333333,12.7,20.4,0.625,7.6,12.7,0.6,2.5,2.5,1.0,0.0,5.1,5.1,3.8,1.3,1.3,1.3,0.0,1.3,1.3,35.7,25.5,53.9,0,0,57.3,1,1,13151,1,9417,1154,2720,5137,484,1174,3197,8927,11019,1,13449,10463,14228,10430,13496,8773,5882,9067,18188,15867,849,2689,2172,2248,138,1112,1,28:15,2023,2024
2023-24,1630230,Naji Marshall,Naji,1610612740,NOP,New Orleans Pelicans,22300375,2023-12-21T00:00:00,NOP @ CLE,W,22.35,6.4,17.7,0.364,1.6,6.4,0.25,8.1,11.3,0.714,4.8,4.8,9.7,4.8,1.6,1.6,0.0,1.6,1.6,6.4,22.6,25.8,44.6,0,0,41.9,1,1,13151,1,14053,10489,5045,17149,11171,8752,11776,1469,994,9242,2403,11231,5667,7925,11939,7206,8529,4751,16955,2248,5855,2635,5256,2248,138,5534,1,22:21,2023,2024
2023-24,202685,Jonas Valančiūnas,Jonas,1610612740,NOP,New Orleans Pelicans,22300375,2023-12-21T00:00:00,NOP @ CLE,W,27.98333333333333,7.7,11.6,0.667,1.3,3.9,0.333,0.0,0.0,0.0,1.3,7.7,9.0,6.4,2.6,1.3,1.3,0.0,3.9,1.3,16.7,-3.9,42.3,0,0,38.6,1,1,13151,1,9615,7385,14067,3541,12438,15041,9124,13417,14233,13417,10674,5108,6487,4915,7668,8702,5823,9067,7732,15812,11134,15034,6420,2248,138,7428,1,27:59,2023,2024
2023-24,1630529,Herbert Jones,Herbert,1610612740,NOP,New Orleans Pelicans,22300375,2023-12-21T00:00:00,NOP @ CLE,W,29.501666666666665,3.7,8.5,0.429,0.0,1.2,0.0,1.2,1.2,1.0,1.2,0.0,1.2,4.9,0.0,0.0,1.2,0.0,1.2,2.4,8.5,6.1,21.0,0,0,17.1,1,1,13151,1,8374,17880,19170,14111,14651,20129,14651,12364,13708,1,11023,22149,22893,7811,16035,12108,6131,9067,18419,11142,19390,9643,20447,2248,138,22058,1,29:30,2023,2024
2023-24,203468,CJ McCollum,CJ,1610612740,NOP,New Orleans Pelicans,22300375,2023-12-21T00:00:00,NOP @ CLE,W,33.531666666666666,7.5,16.1,0.467,2.1,8.6,0.25,2.1,2.1,1.0,0.0,6.4,6.4,4.3,2.1,4.3,1.1,1.1,2.1,1.1,19.3,14.0,47.5,0,0,42.9,1,1,13151,1,4982,7859,6994,12709,8867,4721,11776,10018,12089,1,13449,7291,11037,9210,9423,1105,7052,7386,14434,16828,8516,5994,4100,2248,138,5019,1,33:32,2023,2024
2023-24,1630631,Jose Alvarado,Jose,1610612740,NOP,New Orleans Pelicans,22300375,2023-12-21T00:00:00,NOP @ CLE,W,17.766666666666666,2.0,2.0,1.0,0.0,0.0,0.0,0.0,0.0,0.0,2.0,2.0,4.1,6.1,0.0,0.0,0.0,0.0,4.1,0.0,4.1,32.4,18.0,0,0,14.2,1,1,13151,1,17459,21368,24804,1,14651,20560,14651,13417,14233,13417,7849,19694,16987,5471,16035,12108,8529,9067,7105,17532,22478,1669,21881,2248,138,23175,1,17:46,2023,2024
2023-24,1630700,Dyson Daniels,Dyson,1610612740,NOP,New Orleans Pelicans,22300375,2023-12-21T00:00:00,NOP @ CLE,W,20.168333333333333,5.4,7.1,0.75,1.8,1.8,1.0,0.0,0.0,0.0,0.0,3.6,3.6,1.8,0.0,0.0,0.0,0.0,1.8,0.0,12.5,-3.6,19.5,0,0,19.6,1,1,13151,1,15686,13417,21104,2237,10589,19393,1,13417,14233,13417,13449,15068,18233,16923,16035,12108,8529,9067,16363,17532,15603,14881,21252,2248,138,20790,1,20:10,2023,2024
2023-24,1630631,Jose Alvarado,Jose,1610612740,NOP,New Orleans Pelicans,22300360,2023-12-19T00:00:00,NOP vs. MEM,L,8.465,4.3,17.0,0.25,0.0,8.5,0.0,0.0,0.0,0.0,4.3,4.3,8.5,0.0,0.0,0.0,0.0,0.0,4.3,0.0,8.5,-38.3,18.7,0,0,17.0,1,13252,1,13252,22547,16388,5866,20383,14651,4832,14651,13417,14233,13417,3008,12934,7237,19657,16035,12108,8529,9067,6529,17532,19416,24677,21574,2248,138,22088,1,8:28,2023,2024
2023-24,1630530,Trey Murphy III,Trey,1610612740,NOP,New Orleans Pelicans,22300360,2023-12-19T00:00:00,NOP vs. MEM,L,20.99333333333333,3.4,10.3,0.333,0.0,1.7,0.0,5.1,5.1,1.0,0.0,5.1,5.1,0.0,1.7,0.0,0.0,0.0,3.4,10.3,12.0,-10.3,16.5,0,0,17.1,1,13252,1,13252,15085,18381,16269,17629,14651,19490,14651,3941,5732,1,13449,10342,14109,19657,11570,12108,8529,9067,9160,381,16126,18139,22523,2248,138,22032,1,20:60,2023,2024
2023-24,1630700,Dyson Daniels,Dyson,1610612740,NOP,New Orleans Pelicans,22300360,2023-12-19T00:00:00,NOP vs. MEM,L,13.426666666666666,2.7,5.4,0.5,2.7,5.4,0.5,0.0,0.0,0.0,0.0,2.7,2.7,5.4,0.0,0.0,0.0,0.0,2.7,0.0,8.0,45.6,19.3,0,0,18.8,1,13252,1,13252,20310,20086,23058,8954,7047,11356,4049,13417,14233,13417,13449,17789,20352,6773,16035,12108,8529,9067,12197,17532,19806,730,21315,2248,138,21233,1,13:26,2023,2024
2023-24,1630529,Herbert Jones,Herbert,1610612740,NOP,New Orleans Pelicans,22300360,2023-12-19T00:00:00,NOP vs. MEM,L,30.35,3.6,11.9,0.3,1.2,5.9,0.2,0.0,0.0,0.0,0.0,1.2,1.2,2.4,1.2,0.0,0.0,2.4,3.6,0.0,8.3,0.0,12.1,0,0,13.0,1,13252,1,13252,7672,18091,13586,19532,12933,9946,13222,13417,14233,13417,13449,21604,22928,14817,14043,12108,8529,2495,8738,17532,19587,12394,23866,2248,138,23552,1,30:21,2023,2024
2023-24,1627742,Brandon Ingram,Brandon,1610612740,NOP,New Orleans Pelicans,22300360,2023-12-19T00:00:00,NOP vs. MEM,L,37.35666666666667,10.6,17.3,0.611,1.0,1.0,1.0,10.6,11.6,0.917,1.0,2.9,3.9,5.8,1.9,1.9,0.0,0.0,3.9,5.8,32.8,0.0,49.9,0,0,47.2,1,13252,1,13252,1988,2769,5469,5617,14266,20477,1,615,915,6729,12864,17138,17499,5991,10549,5896,8529,9067,7751,2995,1343,12394,3212,2248,138,3254,1,37:21,2023,2024
2023-24,203469,Cody Zeller,Cody,1610612740,NOP,New Orleans Pelicans,22300360,2023-12-19T00:00:00,NOP vs. MEM,L,13.335,2.7,8.1,0.333,0.0,0.0,0.0,5.4,5.4,1.0,10.8,5.4,16.2,2.7,2.7,0.0,2.7,0.0,2.7,2.7,10.8,-5.4,39.7,0,0,35.1,1,13252,1,13252,20367,20051,19813,17629,14651,20560,14651,3635,5368,1,305,9702,1243,13751,7200,12108,2208,9067,12134,10248,17309,15805,7862,2248,138,9806,1,13:20,2023,2024
2023-24,1629627,Zion Williamson,Zion,1610612740,NOP,New Orleans Pelicans,22300360,2023-12-19T00:00:00,NOP vs. MEM,L,24.57333333333333,7.3,17.6,0.417,0.0,0.0,0.0,4.4,5.9,0.75,0.0,4.4,4.4,5.9,2.9,0.0,0.0,2.9,5.9,4.4,19.0,-19.0,30.2,0,0,29.3,1,13252,1,13252,12379,8301,5187,14849,14651,20560,14651,5033,4683,8216,13449,12546,16101,5859,6392,12108,8529,1634,3220,5469,8785,21265,14421,2248,138,14174,1,24:34,2023,2024
2023-24,203468,CJ McCollum,CJ,1610612740,NOP,New Orleans Pelicans,22300360,2023-12-19T00:00:00,NOP vs. MEM,L,41.15833333333333,5.2,9.6,0.545,5.2,7.9,0.667,0.0,0.0,0.0,0.0,2.6,2.6,5.2,0.9,0.9,0.9,0.9,1.7,0.0,15.7,7.9,31.1,0,0,32.4,1,13252,1,13252,398,13732,17421,8074,1778,5823,2080,13417,14233,13417,13449,17937,20452,6998,15947,11981,8409,8933,16504,17532,12134,8747,13747,2248,138,11776,1,41:10,2023,2024
2023-24,1630230,Naji Marshall,Naji,1610612740,NOP,New Orleans Pelicans,22300360,2023-12-19T00:00:00,NOP vs. MEM,L,17.401666666666667,2.1,14.5,0.143,2.1,8.3,0.25,0.0,0.0,0.0,2.1,2.1,4.1,2.1,2.1,0.0,0.0,2.1,0.0,0.0,6.2,-22.8,12.2,0,0,14.5,1,13252,1,13252,17711,21305,9331,22249,9217,5183,11776,13417,14233,13417,7677,19572,16766,15903,9825,12108,8529,3246,20240,17532,21236,22300,23846,2248,138,23077,1,17:24,2023,2024
2023-24,202685,Jonas Valančiūnas,Jonas,1610612740,NOP,New Orleans Pelicans,22300360,2023-12-19T00:00:00,NOP vs. MEM,L,32.94,9.8,13.1,0.75,1.1,1.1,1.0,3.3,3.3,1.0,4.4,10.9,15.3,1.1,2.2,1.1,1.1,1.1,5.5,3.3,24.0,5.5,48.4,1,0,45.9,1,13252,1,13252,5490,3684,11386,2237,13485,20301,1,7157,9270,1,2891,1881,1563,19121,9234,10166,6903,7207,3823,8319,4844,9959,3734,1,138,3724,1,32:56,2023,2024
2023-24,1630526,Jeremiah Robinson-Earl,Jeremiah,1610612740,NOP,New Orleans Pelicans,22300345,2023-12-17T00:00:00,NOP @ SAS,W,4.4,16.4,16.4,1.0,0.0,0.0,0.0,0.0,0.0,0.0,0.0,8.2,8.2,0.0,0.0,0.0,0.0,0.0,0.0,0.0,32.7,-8.2,42.5,0,0,40.9,1,1,13151,1,24279,341,6625,1,14651,20560,14651,13417,14233,13417,13449,4435,7722,19657,16035,12108,8529,9067,20240,17532,1348,17155,6312,2248,138,6064,1,4:24,2023,2024
2023-24,1630700,Dyson Daniels,Dyson,1610612740,NOP,New Orleans Pelicans,22300345,2023-12-17T00:00:00,NOP @ SAS,W,17.563333333333333,4.1,8.2,0.5,2.0,4.1,0.5,0.0,0.0,0.0,2.0,6.1,8.2,8.2,2.0,2.0,0.0,2.0,0.0,0.0,10.2,16.4,36.5,0,0,32.8,1,1,13151,1,17613,16785,19657,8954,9308,14512,4049,13417,14233,13417,7747,7903,7703,2757,9896,5322,8529,3309,20240,17532,17812,5103,9888,2248,138,11457,1,17:34,2023,2024
2023-24,1630530,Trey Murphy III,Trey,1610612740,NOP,New Orleans Pelicans,22300345,2023-12-17T00:00:00,NOP @ SAS,W,24.7,7.3,14.6,0.5,2.9,7.3,0.4,2.9,4.4,0.667,0.0,5.8,5.8,5.8,0.0,1.5,0.0,1.5,1.5,2.9,20.4,39.4,40.5,0,0,37.9,1,1,13151,1,12278,8381,9147,8954,6312,6887,7875,8023,7051,9424,13449,8633,12442,5915,16035,7807,8529,5237,17484,9548,7584,1048,7388,2248,138,7862,1,24:42,2023,2024
2023-24,1630631,Jose Alvarado,Jose,1610612740,NOP,New Orleans Pelicans,22300345,2023-12-17T00:00:00,NOP @ SAS,W,21.666666666666668,8.3,11.6,0.714,5.0,8.3,0.6,5.0,6.6,0.75,0.0,5.0,5.0,6.6,1.7,1.7,0.0,0.0,0.0,3.3,26.6,24.9,45.9,0,0,46.5,1,1,13151,1,14574,6182,13977,2921,2048,5136,3197,4165,3765,8216,13449,10799,14559,4593,11742,7017,8529,9067,20240,8192,3413,2791,4742,2248,138,3498,1,21:40,2023,2024
2023-24,203468,CJ McCollum,CJ,1610612740,NOP,New Orleans Pelicans,22300345,2023-12-17T00:00:00,NOP @ SAS,W,26.33333333333333,13.7,20.5,0.667,8.2,9.6,0.857,4.1,4.1,1.0,0.0,2.7,2.7,2.7,4.1,1.4,0.0,0.0,2.7,2.7,39.6,28.7,47.0,0,0,56.1,1,1,13151,1,10955,819,2654,3541,363,3413,1494,5569,7603,1,13449,17634,20245,13649,3295,8276,8529,9067,11999,10148,484,2118,4261,2248,138,1258,1,26:20,2023,2024
2023-24,202685,Jonas Valančiūnas,Jonas,1610612740,NOP,New Orleans Pelicans,22300345,2023-12-17T00:00:00,NOP @ SAS,W,23.116666666666667,9.3,18.7,0.5,1.6,6.2,0.25,3.1,4.7,0.667,4.7,18.7,23.4,4.7,1.6,1.6,1.6,3.1,4.7,3.1,23.4,38.9,66.2,1,0,59.2,1,1,13151,1,13504,4376,4058,8954,11311,9224,11776,7528,6524,9424,2571,241,288,8309,12152,7391,4810,1400,5405,8815,5284,1070,653,1,138,927,1,23:07,2023,2024
2023-24,1627742,Brandon Ingram,Brandon,1610612740,NOP,New Orleans Pelicans,22300345,2023-12-17T00:00:00,NOP @ SAS,W,26.886666666666667,13.4,22.8,0.588,6.7,9.4,0.714,1.3,1.3,1.0,0.0,4.0,4.0,5.4,1.3,1.3,1.3,0.0,1.3,1.3,34.8,30.8,54.4,0,0,56.2,1,1,13151,1,10522,904,1477,6572,782,3662,1997,12005,13509,1,13449,13668,17088,6785,13157,8405,5585,9067,17913,15577,969,1860,2082,2248,138,1232,1,26:53,2023,2024
2023-24,203469,Cody Zeller,Cody,1610612740,NOP,New Orleans Pelicans,22300345,2023-12-17T00:00:00,NOP @ SAS,W,18.44333333333333,2.0,3.9,0.5,0.0,0.0,0.0,0.0,0.0,0.0,2.0,7.8,9.8,7.8,2.0,0.0,0.0,0.0,7.8,0.0,3.9,46.8,25.4,0,0,21.5,1,1,13151,1,17000,21476,24108,8954,14651,20560,14651,13417,14233,13417,8178,4964,5558,3093,10423,12108,8529,9067,1526,17532,22533,679,17807,2248,138,19741,1,18:27,2023,2024
2023-24,1630529,Herbert Jones,Herbert,1610612740,NOP,New Orleans Pelicans,22300345,2023-12-17T00:00:00,NOP @ SAS,W,19.025,0.0,9.5,0.0,0.0,5.7,0.0,3.8,3.8,1.0,1.9,0.0,1.9,5.7,3.8,1.9,0.0,3.8,5.7,1.9,3.8,3.8,16.5,0,0,15.1,1,1,13151,1,16536,22557,17709,22557,14651,10565,14651,6186,8266,1,8427,22149,21971,6162,3986,6048,8529,844,3485,13505,22595,10808,22522,2248,138,22826,1,19:02,2023,2024
2023-24,1629627,Zion Williamson,Zion,1610612740,NOP,New Orleans Pelicans,22300345,2023-12-17T00:00:00,NOP @ SAS,W,25.881666666666668,9.7,16.7,0.583,0.0,1.4,0.0,1.4,5.6,0.25,7.0,4.2,11.1,4.2,1.4,2.8,1.4,0.0,2.8,5.6,20.9,7.0,51.6,0,0,44.5,1,1,13151,1,11355,3796,6254,6644,14651,19896,14651,11875,5122,13269,1038,13186,4109,9499,12894,3089,5384,9067,11779,3286,7199,9206,2713,2248,138,4281,1,25:53,2023,2024
2023-24,1641722,Jordan Hawkins,Jordan,1610612740,NOP,New Orleans Pelicans,22300345,2023-12-17T00:00:00,NOP @ SAS,W,12.383333333333333,8.7,17.4,0.5,2.9,11.6,0.25,0.0,0.0,0.0,0.0,5.8,5.8,0.0,0.0,0.0,0.0,0.0,0.0,0.0,20.3,-2.9,27.3,0,0,29.1,1,1,13151,1,20857,5424,5354,8954,6349,1700,11776,13417,14233,13417,13449,8674,12481,19657,16035,12108,8529,9067,20240,17532,7628,14577,16437,2248,138,14362,1,12:23,2023,2024
2023-24,1630230,Naji Marshall,Naji,1610612740,NOP,New Orleans Pelicans,22300345,2023-12-17T00:00:00,NOP @ SAS,W,19.6,7.3,11.0,0.667,5.5,7.3,0.75,0.0,3.7,0.0,0.0,5.5,5.5,12.9,3.7,3.7,0.0,0.0,5.5,1.8,20.2,58.8,53.4,0,0,51.4,1,1,13151,1,16116,8243,15016,3541,1530,6764,1673,13417,8495,13417,13449,9423,13226,541,4245,1661,8529,9067,3742,13738,7747,397,2263,2248,138,2095,1,19:36,2023,2024
2023-24,203468,CJ McCollum,CJ,1610612740,NOP,New Orleans Pelicans,22300326,2023-12-15T00:00:00,NOP @ CHA,W,35.09,7.2,18.5,0.389,3.1,9.2,0.333,2.1,2.1,1.0,2.1,3.1,5.1,4.1,2.1,1.0,1.0,0.0,0.0,2.1,19.5,4.1,35.9,0,0,35.9,1,1,13151,1,3727,8644,4284,16305,5760,3824,9124,10336,12382,1,7739,16514,14157,9676,9893,10788,7403,9067,20240,12760,8346,10641,10299,2248,138,9199,1,35:05,2023,2024
2023-24,1629627,Zion Williamson,Zion,1610612740,NOP,New Orleans Pelicans,22300326,2023-12-15T00:00:00,NOP @ CHA,W,30.36,10.7,19.0,0.563,0.0,0.0,0.0,3.6,4.7,0.75,3.6,9.5,13.0,4.7,1.2,0.0,0.0,2.4,4.7,5.9,24.9,-1.2,46.5,1,0,42.7,1,1,13151,1,7670,2692,3784,7486,14651,20560,14651,6616,6392,8216,4037,2947,2693,8141,14048,12108,8529,2497,5253,2810,4312,13790,4486,1,138,5120,1,30:22,2023,2024
2023-24,202685,Jonas Valančiūnas,Jonas,1610612740,NOP,New Orleans Pelicans,22300326,2023-12-15T00:00:00,NOP @ CHA,W,37.10166666666667,10.7,15.5,0.688,1.9,3.9,0.5,4.9,5.8,0.833,3.9,8.7,12.6,3.9,1.9,0.0,1.9,1.0,2.9,4.9,28.1,4.9,53.0,1,0,50.5,1,1,13151,1,2160,2691,7770,3470,9867,14988,4049,4342,4732,7318,3522,3717,2973,10272,10490,12108,3774,8320,11198,4529,2764,10269,2380,1,138,2331,1,37:06,2023,2024
2023-24,1630529,Herbert Jones,Herbert,1610612740,NOP,New Orleans Pelicans,22300326,2023-12-15T00:00:00,NOP @ CHA,W,27.816666666666663,3.9,5.2,0.75,1.3,2.6,0.5,5.2,7.8,0.667,1.3,1.3,2.6,1.3,0.0,1.3,1.3,0.0,1.3,3.9,14.2,2.6,27.0,0,0,24.6,1,1,13151,1,9771,17337,23231,2237,12397,17772,4049,3906,2759,9424,10623,21361,20512,18459,16035,8661,5778,9067,18108,6692,13689,11421,16652,2248,138,17665,1,27:49,2023,2024
2023-24,1630631,Jose Alvarado,Jose,1610612740,NOP,New Orleans Pelicans,22300326,2023-12-15T00:00:00,NOP @ CHA,W,21.2,1.7,10.2,0.167,1.7,5.1,0.333,8.5,10.2,0.833,1.7,11.9,13.6,1.7,1.7,1.7,1.7,1.7,5.1,6.8,13.6,15.3,40.9,0,0,37.4,1,1,13151,1,14906,21837,16444,21962,10884,12026,9124,1239,1354,7318,9105,1404,2408,17180,11637,6887,4442,4499,4467,1887,14389,5507,7140,2248,138,8225,1,21:12,2023,2024
2023-24,1630530,Trey Murphy III,Trey,1610612740,NOP,New Orleans Pelicans,22300326,2023-12-15T00:00:00,NOP @ CHA,W,25.20833333333333,4.3,10.0,0.429,1.4,7.1,0.2,8.6,8.6,1.0,0.0,8.6,8.6,2.9,0.0,0.0,0.0,0.0,2.9,4.3,18.6,11.4,33.1,0,0,31.4,1,1,13151,1,11877,16306,16798,14111,11823,7219,13222,1210,2165,1,13449,3913,7134,13281,16035,12108,8529,9067,11453,5710,9230,7044,12250,2248,138,12506,1,25:13,2023,2024
2023-24,1627742,Brandon Ingram,Brandon,1610612740,NOP,New Orleans Pelicans,22300326,2023-12-15T00:00:00,NOP @ CHA,W,31.89,3.4,9.0,0.375,0.0,1.1,0.0,2.3,2.3,1.0,0.0,3.4,3.4,7.9,10.2,0.0,0.0,0.0,3.4,1.1,9.0,5.6,14.8,0,0,20.3,1,1,13151,1,6373,18476,18395,16597,14651,20258,14651,9701,11769,1,13449,15565,18614,3004,271,12108,8529,9067,9307,16556,18939,9854,23143,2248,138,20398,1,31:53,2023,2024
2023-24,1630700,Dyson Daniels,Dyson,1610612740,NOP,New Orleans Pelicans,22300326,2023-12-15T00:00:00,NOP @ CHA,W,14.568333333333332,0.0,0.0,0.0,0.0,0.0,0.0,0.0,0.0,0.0,0.0,0.0,0.0,0.0,0.0,2.5,0.0,0.0,2.5,0.0,0.0,17.3,7.4,0,0,4.9,1,1,13151,1,19606,22557,24896,22557,14651,20560,14651,13417,14233,13417,13449,22149,23241,19657,16035,3878,8529,9067,13008,17532,23140,4781,24720,2248,138,25094,1,14:34,2023,2024
2023-24,1630230,Naji Marshall,Naji,1610612740,NOP,New Orleans Pelicans,22300326,2023-12-15T00:00:00,NOP @ CHA,W,12.565,2.9,11.5,0.25,2.9,5.7,0.5,0.0,0.0,0.0,0.0,2.9,2.9,2.9,0.0,0.0,0.0,0.0,0.0,2.9,8.6,-31.5,16.3,0,0,17.2,1,1,13151,1,20769,19722,14276,20383,6477,10437,4049,13417,14233,13417,13449,17237,19931,13250,16035,12108,8529,9067,20240,9710,19343,23900,22570,2248,138,22014,1,12:34,2023,2024
2023-24,1641722,Jordan Hawkins,Jordan,1610612740,NOP,New Orleans Pelicans,22300326,2023-12-15T00:00:00,NOP @ CHA,W,4.2,0.0,8.6,0.0,0.0,8.6,0.0,0.0,0.0,0.0,0.0,0.0,0.0,0.0,0.0,0.0,0.0,0.0,0.0,0.0,0.0,-25.7,0.0,0,0,0.0,1,1,13151,1,24380,22557,19116,22557,14651,4745,14651,13417,14233,13417,13449,22149,23241,19657,16035,12108,8529,9067,20240,17532,23140,22942,25245,2248,138,25279,1,4:12,2023,2024
2023-24,1630631,Jose Alvarado,Jose,1610612740,NOP,New Orleans Pelicans,22300311,2023-12-13T00:00:00,NOP @ WAS,W,18.3,3.9,5.9,0.667,3.9,5.9,0.667,2.0,3.9,0.5,0.0,3.9,3.9,2.0,3.9,3.9,0.0,0.0,3.9,2.0,13.8,29.5,29.3,0,0,31.5,1,1,13151,1,17089,17197,22527,3541,3721,10032,2080,10639,7932,10591,13449,13915,17296,16262,3658,1384,8529,9067,7470,13157,14191,2021,15001,2248,138,12470,1,18:18,2023,2024
2023-24,1630529,Herbert Jones,Herbert,1610612740,NOP,New Orleans Pelicans,22300311,2023-12-13T00:00:00,NOP @ WAS,W,19.866666666666667,5.4,16.3,0.333,0.0,1.8,0.0,0.0,0.0,0.0,1.8,1.8,3.6,1.8,1.8,3.6,0.0,3.6,5.4,0.0,10.9,-30.8,27.0,0,0,23.6,1,1,13151,1,15909,13164,6714,17629,14651,19346,14651,13417,14233,13417,8732,20313,18092,16831,11187,1705,8529,951,3876,17532,17225,23809,16697,2248,138,18371,1,19:52,2023,2024
2023-24,202685,Jonas Valančiūnas,Jonas,1610612740,NOP,New Orleans Pelicans,22300311,2023-12-13T00:00:00,NOP @ WAS,W,32.81666666666667,6.6,9.9,0.667,1.1,1.1,1.0,3.3,4.4,0.75,3.3,16.5,19.7,3.3,4.4,1.1,1.1,1.1,4.4,3.3,17.6,14.3,48.4,1,0,46.1,1,1,13151,1,5594,10115,17000,3541,13459,20294,1,7122,7028,8216,4510,405,554,11926,2835,10117,6867,7180,6145,8281,10292,5878,3742,1,138,3653,1,32:49,2023,2024
2023-24,203469,Cody Zeller,Cody,1610612740,NOP,New Orleans Pelicans,22300311,2023-12-13T00:00:00,NOP @ WAS,W,5.233333333333333,6.9,6.9,1.0,0.0,0.0,0.0,0.0,0.0,0.0,0.0,0.0,0.0,13.8,0.0,0.0,0.0,0.0,6.9,0.0,13.8,-27.5,34.4,0,0,27.5,1,1,13151,1,23893,9371,21423,1,14651,20560,14651,13417,14233,13417,13449,22149,23241,415,16035,12108,8529,9067,2124,17532,14198,23289,11339,2248,138,15576,1,5:14,2023,2024
2023-24,1630700,Dyson Daniels,Dyson,1610612740,NOP,New Orleans Pelicans,22300311,2023-12-13T00:00:00,NOP @ WAS,W,15.816666666666666,2.3,13.7,0.167,0.0,9.1,0.0,0.0,0.0,0.0,4.6,4.6,9.1,4.6,0.0,4.6,0.0,0.0,0.0,0.0,4.6,-38.7,36.0,0,0,27.3,1,1,13151,1,18801,20902,10514,21962,14651,3983,14651,13417,14233,13417,2685,12061,6375,8597,16035,943,8529,9067,20240,17532,22225,24721,10268,2248,138,15713,1,15:49,2023,2024
2023-24,1627742,Brandon Ingram,Brandon,1610612740,NOP,New Orleans Pelicans,22300311,2023-12-13T00:00:00,NOP @ WAS,W,30.65,16.4,27.0,0.609,1.2,4.7,0.25,12.9,14.1,0.917,1.2,1.2,2.3,3.5,1.2,0.0,1.2,2.3,2.3,5.9,47.0,14.1,57.4,0,0,56.4,1,1,13151,1,7421,338,484,5663,13004,13010,11776,321,482,6729,11288,21627,21008,11245,14129,12108,6379,2545,13487,2883,224,5943,1512,2248,138,1222,1,30:39,2023,2024
2023-24,1630526,Jeremiah Robinson-Earl,Jeremiah,1610612740,NOP,New Orleans Pelicans,22300311,2023-12-13T00:00:00,NOP @ WAS,W,2.433333333333333,14.8,29.6,0.5,0.0,0.0,0.0,0.0,0.0,0.0,29.6,0.0,29.6,0.0,0.0,0.0,0.0,0.0,0.0,0.0,29.6,-29.6,65.1,0,0,59.2,1,1,13151,1,25288,552,292,8954,14651,20560,14651,13417,14233,13417,17,22149,107,19657,16035,12108,8529,9067,20240,17532,2216,23629,730,2248,138,927,1,2:26,2023,2024
2023-24,1630530,Trey Murphy III,Trey,1610612740,NOP,New Orleans Pelicans,22300311,2023-12-13T00:00:00,NOP @ WAS,W,32.63333333333333,7.7,11.0,0.7,6.6,7.7,0.857,7.7,8.8,0.875,0.0,6.6,6.6,4.4,0.0,2.2,1.1,0.0,0.0,4.4,29.8,47.4,54.3,0,0,54.1,1,1,13151,1,5762,7373,14989,3257,814,6077,1494,1638,2024,6953,13449,6918,10642,8918,16035,4690,6819,9067,20240,5423,2172,655,2103,2248,138,1557,1,32:38,2023,2024
2023-24,203468,CJ McCollum,CJ,1610612740,NOP,New Orleans Pelicans,22300311,2023-12-13T00:00:00,NOP @ WAS,W,32.233333333333334,8.9,15.6,0.571,4.5,6.7,0.667,2.2,2.2,1.0,0.0,3.4,3.4,6.7,0.0,0.0,0.0,0.0,3.4,2.2,24.6,14.5,38.6,0,0,39.1,1,1,13151,1,6073,5051,7617,6891,2785,8193,2080,9761,11830,1,13449,15670,18696,4520,16035,12108,8529,9067,9438,11954,4522,5770,8498,2248,138,7104,1,32:14,2023,2024
2023-24,1630184,Kira Lewis Jr.,Kira,1610612740,NOP,New Orleans Pelicans,22300311,2023-12-13T00:00:00,NOP @ WAS,W,3.6,0.0,10.0,0.0,0.0,10.0,0.0,0.0,0.0,0.0,0.0,10.0,10.0,0.0,0.0,0.0,0.0,0.0,0.0,0.0,0.0,-80.0,12.0,0,0,10.0,1,1,13151,1,24700,22557,16780,22557,14651,2965,14651,13417,14233,13417,13449,2528,5306,19657,16035,12108,8529,9067,20240,17532,23140,25997,23890,2248,138,24279,1,3:36,2023,2024
2023-24,1630230,Naji Marshall,Naji,1610612740,NOP,New Orleans Pelicans,22300311,2023-12-13T00:00:00,NOP @ WAS,W,27.516666666666666,7.8,14.4,0.545,2.6,6.5,0.4,2.6,2.6,1.0,0.0,5.2,5.2,9.2,1.3,2.6,0.0,0.0,1.3,1.3,20.9,48.4,47.5,0,0,43.2,1,1,13151,1,10021,7120,9454,8074,7222,8534,7875,8751,10826,1,13449,10116,13896,1995,13294,3494,8529,9067,18045,15715,7133,627,4084,2248,138,4919,1,27:31,2023,2024
2023-24,1641722,Jordan Hawkins,Jordan,1610612740,NOP,New Orleans Pelicans,22300311,2023-12-13T00:00:00,NOP @ WAS,W,18.9,1.9,13.3,0.143,0.0,3.8,0.0,0.0,0.0,0.0,1.9,1.9,3.8,1.9,0.0,0.0,0.0,1.9,1.9,0.0,3.8,28.6,11.2,0,0,9.5,1,1,13151,1,16635,21545,11008,22249,14651,15171,14651,13417,14233,13417,8375,20061,17609,16505,16035,12108,8529,3825,15773,17532,22577,2129,24058,2248,138,24371,1,18:54,2023,2024
2023-24,1629627,Zion Williamson,Zion,1610612740,NOP,New Orleans Pelicans,22300301,2023-12-11T00:00:00,NOP vs. MIN,W,32.916666666666664,14.2,18.6,0.765,0.0,0.0,0.0,10.9,13.1,0.833,2.2,3.3,5.5,2.2,1.1,1.1,1.1,0.0,1.1,8.7,39.4,28.4,54.7,0,0,51.4,1,1,13151,1,5510,684,4163,2221,14651,20560,14651,555,615,7318,7226,15882,13319,15479,14664,10153,6893,9067,19095,760,507,2148,2020,2248,138,2100,1,32:55,2023,2024
2023-24,1627742,Brandon Ingram,Brandon,1610612740,NOP,New Orleans Pelicans,22300301,2023-12-11T00:00:00,NOP vs. MIN,W,29.183333333333334,6.2,16.0,0.385,2.5,6.2,0.4,9.9,11.1,0.889,0.0,3.7,3.7,6.2,4.9,0.0,0.0,0.0,2.5,7.4,24.7,16.0,33.4,0,0,37.0,1,1,13151,1,8611,11182,7076,16373,7696,9367,7875,772,1046,6866,13449,14644,17888,5311,2119,12108,8529,9067,13021,1454,4463,5227,12034,2248,138,8460,1,29:11,2023,2024
2023-24,203468,CJ McCollum,CJ,1610612740,NOP,New Orleans Pelicans,22300301,2023-12-11T00:00:00,NOP vs. MIN,W,29.065,9.9,18.6,0.533,5.0,8.7,0.571,3.7,3.7,1.0,0.0,5.0,5.0,5.0,1.2,1.2,1.2,0.0,2.5,2.5,28.5,26.0,48.1,0,0,48.3,1,1,13151,1,8728,3597,4176,8542,2085,4595,3678,6325,8404,1,13449,10886,14637,7645,13718,9022,6041,9067,12978,11018,2618,2587,3857,2248,138,2900,1,29:04,2023,2024
2023-24,202685,Jonas Valančiūnas,Jonas,1610612740,NOP,New Orleans Pelicans,22300301,2023-12-11T00:00:00,NOP vs. MIN,W,35.233333333333334,5.1,9.2,0.556,0.0,1.0,0.0,4.1,7.2,0.571,3.1,10.2,13.3,4.1,3.1,2.0,2.0,1.0,3.1,6.1,14.3,13.3,45.6,1,0,39.8,1,1,13151,1,3601,14133,18123,7603,14651,20398,14651,5591,3272,10507,4920,2388,2565,9717,5873,5338,3452,7828,10526,2560,13626,6259,4872,1,138,6664,1,35:14,2023,2024
2023-24,1630529,Herbert Jones,Herbert,1610612740,NOP,New Orleans Pelicans,22300301,2023-12-11T00:00:00,NOP vs. MIN,W,32.39833333333333,2.2,7.8,0.286,1.1,3.3,0.333,2.2,3.3,0.667,3.3,7.8,11.1,5.6,0.0,0.0,0.0,2.2,4.4,2.2,7.8,22.2,29.4,0,0,25.6,1,1,13151,1,5941,20997,20222,19775,13373,16203,9124,9794,9139,9424,4439,5006,4130,6384,16035,12108,8529,2812,5989,12004,20024,3408,14923,2248,138,16993,1,32:24,2023,2024
2023-24,1641722,Jordan Hawkins,Jordan,1610612740,NOP,New Orleans Pelicans,22300301,2023-12-11T00:00:00,NOP vs. MIN,W,0.8516666666666667,0.0,42.3,0.0,0.0,0.0,0.0,0.0,0.0,0.0,0.0,0.0,0.0,0.0,0.0,0.0,0.0,0.0,0.0,0.0,0.0,-126.8,0.0,0,0,0.0,1,1,13151,1,26136,22557,64,22557,14651,20560,14651,13417,14233,13417,13449,22149,23241,19657,16035,12108,8529,9067,20240,17532,23140,26265,25245,2248,138,25279,1,0:51,2023,2024
2023-24,1630230,Naji Marshall,Naji,1610612740,NOP,New Orleans Pelicans,22300301,2023-12-11T00:00:00,NOP vs. MIN,W,13.755,5.2,10.5,0.5,2.6,5.2,0.5,0.0,0.0,0.0,0.0,13.1,13.1,2.6,2.6,0.0,2.6,0.0,5.2,0.0,13.1,-26.2,37.9,0,0,36.6,1,1,13151,1,20126,13778,15962,8954,7220,11690,4049,13417,14233,13417,13449,1005,2672,14001,7521,12108,2323,9067,4207,17532,14942,23035,8955,2248,138,8676,1,13:45,2023,2024
2023-24,1630530,Trey Murphy III,Trey,1610612740,NOP,New Orleans Pelicans,22300301,2023-12-11T00:00:00,NOP vs. MIN,W,24.045,6.0,12.0,0.5,1.5,7.5,0.2,1.5,3.0,0.5,0.0,4.5,4.5,1.5,3.0,0.0,0.0,0.0,0.0,1.5,15.0,-6.0,19.6,0,0,22.5,1,1,13151,1,12812,11652,13399,8954,11552,6492,13222,11668,9908,10591,13449,12248,15861,17786,6159,12108,8529,9067,20240,14939,12930,16126,21186,2248,138,19086,1,24:03,2023,2024
2023-24,1630700,Dyson Daniels,Dyson,1610612740,NOP,New Orleans Pelicans,22300301,2023-12-11T00:00:00,NOP vs. MIN,W,27.633333333333333,1.3,3.9,0.333,1.3,1.3,1.0,3.9,5.2,0.75,1.3,1.3,2.6,2.6,0.0,2.6,1.3,0.0,3.9,3.9,7.8,6.5,26.6,0,0,22.1,1,1,13151,1,9924,22315,24104,17629,12353,20021,1,5933,5649,8216,10585,21343,20490,14047,16035,3523,5743,9067,7571,6625,19993,9460,16976,2248,138,19306,1,27:38,2023,2024
2023-24,1630631,Jose Alvarado,Jose,1610612740,NOP,New Orleans Pelicans,22300301,2023-12-11T00:00:00,NOP vs. MIN,W,14.918333333333331,0.0,12.1,0.0,0.0,7.2,0.0,0.0,0.0,0.0,2.4,2.4,4.8,7.2,2.4,2.4,2.4,0.0,7.2,0.0,0.0,-26.5,28.7,0,0,21.7,1,1,13151,1,19390,22557,13216,22557,14651,7002,14651,13417,14233,13417,6568,18529,14987,3761,8267,4035,2650,9067,1875,17532,23140,23107,15439,2248,138,19582,1,14:55,2023,2024
2023-24,1630526,Jeremiah Robinson-Earl,Jeremiah,1610612740,NOP,New Orleans Pelicans,22301230,2023-12-07T00:00:00,NOP @ LAL,L,6.383333333333334,0.0,11.3,0.0,0.0,0.0,0.0,0.0,0.0,0.0,0.0,11.3,11.3,5.6,0.0,0.0,0.0,5.6,0.0,0.0,0.0,-16.9,22.0,0,0,16.9,1,13252,1,13252,23359,22557,14572,22557,14651,20560,14651,13417,14233,13417,13449,1691,3983,6224,16035,12108,8529,314,20240,17532,23140,20630,19904,2248,138,22118,1,6:23,2023,2024
2023-24,1630184,Kira Lewis Jr.,Kira,1610612740,NOP,New Orleans Pelicans,22301230,2023-12-07T00:00:00,NOP @ LAL,L,6.383333333333334,5.6,16.9,0.333,0.0,5.6,0.0,0.0,0.0,0.0,0.0,0.0,0.0,0.0,5.6,0.0,0.0,0.0,0.0,0.0,11.3,-16.9,5.6,0,0,11.3,1,13252,1,13252,23359,12582,5973,17629,14651,10643,14651,13417,14233,13417,13449,22149,23241,19657,1470,12108,8529,9067,20240,17532,16867,20630,24942,2248,138,24030,1,6:23,2023,2024
2023-24,1641722,Jordan Hawkins,Jordan,1610612740,NOP,New Orleans Pelicans,22301230,2023-12-07T00:00:00,NOP @ LAL,L,12.0,6.0,24.0,0.25,0.0,9.0,0.0,0.0,0.0,0.0,0.0,6.0,6.0,0.0,0.0,0.0,0.0,0.0,3.0,0.0,12.0,-15.0,19.2,0,0,18.0,1,13252,1,13252,21046,11601,1061,20383,14651,4121,14651,13417,14233,13417,13449,8209,11997,19657,16035,12108,8529,9067,10765,17532,16128,19990,21370,2248,138,21627,1,12:00,2023,2024
2023-24,1627742,Brandon Ingram,Brandon,1610612740,NOP,New Orleans Pelicans,22301230,2023-12-07T00:00:00,NOP @ LAL,L,31.211666666666662,4.6,15.0,0.308,0.0,3.5,0.0,1.2,2.3,0.5,1.2,2.3,3.5,8.1,3.5,0.0,0.0,2.3,3.5,2.3,10.4,-38.1,23.2,0,0,21.9,1,13252,1,13252,6946,15441,8525,19425,14651,15941,14651,12574,11639,10591,11422,18823,18460,2857,4748,12108,8529,2629,9066,11648,17701,24667,19150,2248,138,19448,1,31:13,2023,2024
2023-24,202685,Jonas Valančiūnas,Jonas,1610612740,NOP,New Orleans Pelicans,22301230,2023-12-07T00:00:00,NOP @ LAL,L,23.08333333333333,4.7,14.0,0.333,1.6,6.2,0.25,3.1,3.1,1.0,0.0,4.7,4.7,3.1,1.6,1.6,4.7,0.0,3.1,1.6,14.0,-39.0,41.5,0,0,35.9,1,13252,1,13252,13518,15262,9969,17629,11303,9203,11776,7521,9599,1,13449,11695,15393,12423,12140,7378,728,9067,10306,14717,13894,24748,6826,2248,138,9225,1,23:05,2023,2024
2023-24,1630631,Jose Alvarado,Jose,1610612740,NOP,New Orleans Pelicans,22301230,2023-12-07T00:00:00,NOP @ LAL,L,20.3,5.3,12.4,0.429,3.5,5.3,0.667,0.0,0.0,0.0,0.0,3.5,3.5,7.1,1.8,3.5,0.0,0.0,1.8,1.8,14.2,-23.1,38.0,0,0,35.5,1,13252,1,13252,15582,13506,12613,14111,4600,11459,2080,13417,14233,13417,13449,15127,18277,3959,11365,1786,8529,9067,16417,13966,13740,22382,8953,2248,138,9506,1,20:18,2023,2024
2023-24,1630530,Trey Murphy III,Trey,1610612740,NOP,New Orleans Pelicans,22301230,2023-12-07T00:00:00,NOP @ LAL,L,22.416666666666668,8.0,20.9,0.385,3.2,11.2,0.286,3.2,3.2,1.0,0.0,4.8,4.8,1.6,0.0,0.0,0.0,0.0,1.6,1.6,22.5,-40.1,30.7,0,0,32.1,1,13252,1,13252,13998,6754,2410,16373,5411,1961,11375,7312,9402,1,13449,11293,15011,17450,16035,12108,8529,9067,16970,14568,5906,24834,14057,2248,138,11952,1,22:25,2023,2024
2023-24,1630700,Dyson Daniels,Dyson,1610612740,NOP,New Orleans Pelicans,22301230,2023-12-07T00:00:00,NOP @ LAL,L,16.971666666666668,2.1,10.6,0.2,0.0,4.2,0.0,4.2,4.2,1.0,4.2,12.7,17.0,0.0,0.0,0.0,2.1,0.0,2.1,2.1,8.5,4.2,35.2,0,0,29.7,1,13252,1,13252,18010,21208,15723,21471,14651,14161,14651,5300,7319,1,3022,1111,1047,19657,16035,12108,3277,9067,14555,12446,19440,10573,10797,2248,138,13869,1,16:58,2023,2024
2023-24,1630230,Naji Marshall,Naji,1610612740,NOP,New Orleans Pelicans,22301230,2023-12-07T00:00:00,NOP @ LAL,L,12.133333333333333,3.0,5.9,0.5,3.0,3.0,1.0,5.9,5.9,1.0,5.9,5.9,11.9,0.0,3.0,0.0,0.0,0.0,3.0,3.0,14.8,-50.4,26.1,0,0,29.7,1,13252,1,13252,20983,19468,22485,8954,6123,17024,1,3002,4596,1,1540,8382,3505,19657,6235,12108,8529,9067,10943,9362,13085,25412,17297,2248,138,13892,1,12:08,2023,2024
2023-24,1630529,Herbert Jones,Herbert,1610612740,NOP,New Orleans Pelicans,22301230,2023-12-07T00:00:00,NOP @ LAL,L,26.02166666666667,5.5,13.8,0.4,0.0,4.2,0.0,2.8,2.8,1.0,5.5,4.2,9.7,1.4,1.4,2.8,1.4,1.4,5.5,5.5,13.8,-30.4,38.6,0,0,33.2,1,13252,1,13252,11224,12883,10251,15260,14651,14380,14651,8417,10467,1,1823,13262,5644,18159,12936,3119,5412,5522,3696,3335,14116,23761,8511,2248,138,11170,1,26:01,2023,2024
2023-24,203469,Cody Zeller,Cody,1610612740,NOP,New Orleans Pelicans,22301230,2023-12-07T00:00:00,NOP @ LAL,L,12.0,0.0,3.0,0.0,0.0,0.0,0.0,6.0,6.0,1.0,3.0,3.0,6.0,3.0,0.0,0.0,0.0,0.0,6.0,6.0,6.0,-15.0,17.7,0,0,15.0,1,13252,1,13252,21046,22557,24505,22557,14651,20560,14651,2930,4508,1,5063,16759,11997,12793,16035,12108,8529,9067,3029,2704,21360,19990,22035,2248,138,22889,1,12:00,2023,2024
2023-24,1629627,Zion Williamson,Zion,1610612740,NOP,New Orleans Pelicans,22301230,2023-12-07T00:00:00,NOP @ LAL,L,25.761666666666667,8.4,11.2,0.75,0.0,0.0,0.0,1.4,8.4,0.167,1.4,1.4,2.8,4.2,4.2,0.0,0.0,0.0,4.2,4.2,18.2,-46.1,23.6,0,0,25.2,1,13252,1,13252,11449,6041,14743,2237,14651,20560,14651,11860,2279,13406,10150,21152,20115,9452,3144,12108,8529,9067,6711,5941,9640,25195,18912,2248,138,17260,1,25:46,2023,2024
2023-24,203468,CJ McCollum,CJ,1610612740,NOP,New Orleans Pelicans,22301230,2023-12-07T00:00:00,NOP @ LAL,L,25.33333333333333,5.7,19.9,0.286,1.4,5.7,0.25,0.0,0.0,0.0,1.4,4.3,5.7,2.8,1.4,2.8,0.0,0.0,2.8,0.0,12.8,-54.0,31.0,0,0,28.4,1,13252,1,13252,11773,12461,3079,19775,11852,10546,11776,13417,14233,13417,10049,12909,12760,13327,12747,2961,8529,9067,11508,17532,15273,25518,13860,2248,138,14858,1,25:20,2023,2024
2023-24,1630230,Naji Marshall,Naji,1610612740,NOP,New Orleans Pelicans,22301204,2023-12-04T00:00:00,NOP @ SAC,W,13.481666666666667,2.7,8.0,0.333,0.0,5.3,0.0,5.3,5.3,1.0,5.3,5.3,10.7,5.3,2.7,2.7,0.0,0.0,2.7,2.7,10.7,18.7,36.9,0,0,32.0,1,1,13151,1,20281,20104,19932,17629,14651,11415,14651,3714,5467,1,1979,9858,4563,6815,7316,3368,8529,9067,12243,10350,17424,4331,9651,2248,138,12006,1,13:29,2023,2024
2023-24,1630530,Trey Murphy III,Trey,1610612740,NOP,New Orleans Pelicans,22301204,2023-12-04T00:00:00,NOP @ SAC,W,29.668333333333333,7.3,15.8,0.462,3.6,9.7,0.375,1.2,2.4,0.5,0.0,2.4,2.4,1.2,0.0,0.0,1.2,0.0,1.2,1.2,19.4,29.1,27.8,0,0,29.1,1,1,13151,1,8244,8405,7397,12872,4362,3267,8784,12375,11310,10591,13449,18487,20855,18723,16035,12108,6171,9067,18457,16142,8420,2065,16102,2248,138,14323,1,29:40,2023,2024
2023-24,203468,CJ McCollum,CJ,1610612740,NOP,New Orleans Pelicans,22301204,2023-12-04T00:00:00,NOP @ SAC,W,35.88333333333333,7.0,14.0,0.5,3.0,5.0,0.6,0.0,0.0,0.0,0.0,2.0,2.0,7.0,2.0,2.0,2.0,0.0,2.0,0.0,17.1,-4.0,40.0,0,0,37.1,1,1,13151,1,3054,9035,9956,8954,5971,12244,3197,13417,14233,13417,13449,19757,21742,4057,10148,5529,3569,9067,15212,17532,10783,15122,7660,2248,138,8393,1,35:53,2023,2024
2023-24,1630529,Herbert Jones,Herbert,1610612740,NOP,New Orleans Pelicans,22301204,2023-12-04T00:00:00,NOP @ SAC,W,34.80833333333333,8.3,13.4,0.615,3.1,5.2,0.6,4.1,4.1,1.0,3.1,2.1,5.2,5.2,1.0,0.0,2.1,0.0,5.2,2.1,23.8,-3.1,42.9,0,0,41.4,1,1,13151,1,3976,6239,10836,5500,5704,11848,3197,5504,7534,1,4827,19573,14042,7159,15092,12108,3382,9067,4306,12689,4997,14687,6106,2248,138,5825,1,34:49,2023,2024
2023-24,1630700,Dyson Daniels,Dyson,1610612740,NOP,New Orleans Pelicans,22301204,2023-12-04T00:00:00,NOP @ SAC,W,6.39,0.0,5.6,0.0,0.0,0.0,0.0,0.0,0.0,0.0,5.6,0.0,5.6,0.0,0.0,11.3,0.0,0.0,5.6,0.0,0.0,45.1,40.6,0,0,28.2,1,1,13151,1,23357,22557,22787,22557,14651,20560,14651,13417,14233,13417,1752,22149,12896,19657,16035,88,8529,9067,3544,17532,23140,753,7354,2248,138,15067,1,6:23,2023,2024
2023-24,1630631,Jose Alvarado,Jose,1610612740,NOP,New Orleans Pelicans,22301204,2023-12-04T00:00:00,NOP @ SAC,W,17.633333333333333,6.1,8.2,0.75,4.1,6.1,0.667,2.0,4.1,0.5,0.0,6.1,6.1,4.1,2.0,4.1,4.1,0.0,2.0,4.1,18.4,38.8,54.3,0,0,49.0,1,1,13151,1,17555,11297,19705,2237,3433,9476,2080,10379,7633,10591,13449,7954,11731,9728,9938,1257,978,9067,14968,6205,9433,1084,2094,2248,138,2724,1,17:38,2023,2024
2023-24,202685,Jonas Valančiūnas,Jonas,1610612740,NOP,New Orleans Pelicans,22301204,2023-12-04T00:00:00,NOP @ SAC,W,29.433333333333334,8.6,13.5,0.636,0.0,0.0,0.0,4.9,4.9,1.0,4.9,8.6,13.5,0.0,1.2,0.0,0.0,0.0,7.3,3.7,22.0,-8.6,36.9,1,0,35.5,1,1,13151,1,8424,5732,10827,4933,14651,20560,14651,4291,6151,1,2358,3918,2459,19657,13827,12108,8529,9067,1825,7263,6251,17338,9602,1,138,9503,1,29:26,2023,2024
2023-24,1627742,Brandon Ingram,Brandon,1610612740,NOP,New Orleans Pelicans,22301204,2023-12-04T00:00:00,NOP @ SAC,W,40.44166666666667,8.9,17.8,0.5,2.7,5.3,0.5,6.2,8.0,0.778,1.8,5.3,7.1,5.3,1.8,0.9,0.0,0.9,1.8,8.0,26.7,2.7,44.2,0,0,43.6,1,1,13151,1,551,5119,4955,8954,7073,11413,4049,2715,2567,8122,8822,9857,9615,6814,11334,11928,8529,8876,16386,1102,3367,11378,5490,2248,138,4703,1,40:27,2023,2024
2023-24,203469,Cody Zeller,Cody,1610612740,NOP,New Orleans Pelicans,22301204,2023-12-04T00:00:00,NOP @ SAC,W,4.633333333333334,0.0,0.0,0.0,0.0,0.0,0.0,0.0,0.0,0.0,0.0,0.0,0.0,0.0,0.0,7.8,0.0,0.0,0.0,0.0,0.0,-7.8,23.3,0,0,15.5,1,1,13151,1,24170,22557,24896,22557,14651,20560,14651,13417,14233,13417,13449,22149,23241,19657,16035,211,8529,9067,20240,17532,23140,16968,19080,2248,138,22674,1,4:38,2023,2024
2023-24,1629627,Zion Williamson,Zion,1610612740,NOP,New Orleans Pelicans,22301204,2023-12-04T00:00:00,NOP @ SAC,W,27.626666666666665,6.5,10.4,0.625,0.0,2.6,0.0,0.0,0.0,0.0,1.3,6.5,7.8,7.8,5.2,3.9,0.0,1.3,3.9,0.0,13.0,5.2,40.7,0,0,36.5,1,1,13151,1,9933,10304,16049,5137,14651,17743,14651,13417,14233,13417,10584,7146,8314,3084,1821,1417,8529,5876,7567,17532,15004,10104,7293,2248,138,8768,1,27:38,2023,2024
2023-24,1641722,Jordan Hawkins,Jordan,1610612740,NOP,New Orleans Pelicans,22300285,2023-12-02T00:00:00,NOP @ CHI,L,24.63833333333333,2.9,8.8,0.333,2.9,7.3,0.4,5.8,5.8,1.0,0.0,1.5,1.5,0.0,0.0,0.0,0.0,0.0,2.9,1.5,14.6,-13.2,16.4,0,0,19.0,1,13252,1,13252,12329,19593,18804,17629,6280,6856,7875,3089,4695,1,13449,21030,22575,19657,16035,12108,8529,9067,11149,15097,13309,19312,22556,2248,138,21111,1,24:38,2023,2024
2023-24,1630631,Jose Alvarado,Jose,1610612740,NOP,New Orleans Pelicans,22300285,2023-12-02T00:00:00,NOP @ CHI,L,17.783333333333335,6.1,16.2,0.375,4.0,10.1,0.4,0.0,0.0,0.0,0.0,2.0,2.0,4.0,2.0,0.0,0.0,0.0,0.0,0.0,16.2,-14.2,22.7,0,0,26.3,1,13252,1,13252,17446,11410,6854,16597,3488,2852,7875,13417,14233,13417,13449,19701,21705,9825,10025,12108,8529,9067,20240,17532,11685,19700,19460,2248,138,16418,1,17:47,2023,2024
2023-24,1629627,Zion Williamson,Zion,1610612740,NOP,New Orleans Pelicans,22300285,2023-12-02T00:00:00,NOP @ CHI,L,29.96,12.0,18.0,0.667,0.0,0.0,0.0,8.4,10.8,0.778,2.4,3.6,6.0,3.6,6.0,1.2,0.0,3.6,3.6,6.0,32.4,-14.4,42.7,0,0,44.5,1,13252,1,13252,8004,1592,4716,3541,14651,20560,14651,1277,1136,8122,6595,14944,11986,11043,1227,9263,8529,960,8584,2702,1409,19776,6254,2248,138,4311,1,29:58,2023,2024
2023-24,1630700,Dyson Daniels,Dyson,1610612740,NOP,New Orleans Pelicans,22300285,2023-12-02T00:00:00,NOP @ CHI,L,21.826666666666668,4.9,8.2,0.6,1.6,4.9,0.333,0.0,0.0,0.0,0.0,3.3,3.3,3.3,1.6,3.3,0.0,0.0,3.3,0.0,11.5,6.6,28.7,0,0,26.4,1,13252,1,13252,14444,14576,19585,5678,11058,12433,9124,13417,14233,13417,13449,15831,18839,11904,11787,2111,8529,9067,9623,17532,16626,9411,15454,2248,138,16362,1,21:50,2023,2024
2023-24,1627742,Brandon Ingram,Brandon,1610612740,NOP,New Orleans Pelicans,22300285,2023-12-02T00:00:00,NOP @ CHI,L,35.75,10.1,15.1,0.667,0.0,0.0,0.0,3.0,6.0,0.5,0.0,6.0,6.0,6.0,2.0,3.0,0.0,1.0,1.0,3.0,23.2,1.0,46.5,0,0,41.3,1,13252,1,13252,3158,3398,8349,3541,14651,20560,14651,7753,4464,10591,13449,8131,11912,5529,10109,2574,8529,7967,19587,9134,5427,12268,4472,2248,138,5856,1,35:45,2023,2024
2023-24,202685,Jonas Valančiūnas,Jonas,1610612740,NOP,New Orleans Pelicans,22300285,2023-12-02T00:00:00,NOP @ CHI,L,35.74166666666667,6.0,11.1,0.545,2.0,4.0,0.5,1.0,2.0,0.5,2.0,8.1,10.1,1.0,0.0,0.0,0.0,0.0,3.0,1.0,15.1,13.1,28.7,1,0,28.2,1,13252,1,13252,3174,11480,14909,8074,9523,14674,4049,13102,12516,10591,7905,4598,5224,19403,16035,12108,8529,9067,10690,17148,12764,6338,15444,1,138,15045,1,35:45,2023,2024
2023-24,203469,Cody Zeller,Cody,1610612740,NOP,New Orleans Pelicans,22300285,2023-12-02T00:00:00,NOP @ CHI,L,11.976666666666668,3.0,12.0,0.25,0.0,0.0,0.0,6.0,6.0,1.0,9.0,3.0,12.0,0.0,0.0,0.0,0.0,6.0,6.0,6.0,12.0,-51.1,26.5,0,0,24.0,1,13252,1,13252,21147,19363,13287,20383,14651,20560,14651,2920,4492,1,510,16739,3374,19657,16035,12108,8529,264,3018,2695,16097,25429,17049,2248,138,18037,1,11:59,2023,2024
2023-24,1630230,Naji Marshall,Naji,1610612740,NOP,New Orleans Pelicans,22300285,2023-12-02T00:00:00,NOP @ CHI,L,26.666666666666668,2.7,9.5,0.286,1.3,5.4,0.25,2.7,2.7,1.0,2.7,1.3,4.1,2.7,1.3,1.3,0.0,1.3,4.1,1.3,9.5,-10.8,21.1,0,0,20.3,1,13252,1,13252,10701,20043,17729,19775,12129,11267,11776,8555,10608,1,5825,21249,16994,13740,13096,8352,8529,5660,7116,15530,18563,18379,20414,2248,138,20431,1,26:40,2023,2024
2023-24,1630529,Herbert Jones,Herbert,1610612740,NOP,New Orleans Pelicans,22300285,2023-12-02T00:00:00,NOP @ CHI,L,35.58,4.0,11.1,0.364,0.0,4.0,0.0,9.1,10.1,0.9,4.0,3.0,7.1,4.0,2.0,3.0,1.0,1.0,1.0,8.1,17.2,5.1,41.9,0,0,36.4,1,13252,1,13252,3334,16923,14834,17149,14651,14634,14651,992,1376,6798,3275,16645,9687,9834,10036,2550,7521,7917,19561,1051,10629,10177,6624,2248,138,8806,1,35:35,2023,2024
2023-24,1630526,Jeremiah Robinson-Earl,Jeremiah,1610612740,NOP,New Orleans Pelicans,22300285,2023-12-02T00:00:00,NOP @ CHI,L,0.0766666666666666,0.0,0.0,0.0,0.0,0.0,0.0,0.0,0.0,0.0,0.0,0.0,0.0,0.0,0.0,0.0,0.0,0.0,0.0,0.0,0.0,0.0,0.0,0,0,0.0,1,13252,1,13252,26375,22557,24896,22557,14651,20560,14651,13417,14233,13417,13449,22149,23241,19657,16035,12108,8529,9067,20240,17532,23140,12394,25245,2248,138,25279,1,0:05,2023,2024
2023-24,203469,Cody Zeller,Cody,1610612740,NOP,New Orleans Pelicans,22300278,2023-12-01T00:00:00,NOP vs. SAS,W,13.416666666666666,0.0,0.0,0.0,0.0,0.0,0.0,5.4,5.4,1.0,2.7,5.4,8.0,2.7,0.0,0.0,0.0,0.0,2.7,2.7,5.4,5.4,19.1,0,0,16.1,1,1,13151,1,20316,22557,24896,22557,14651,20560,14651,3673,5422,1,5868,9794,7919,13795,16035,12108,8529,9067,12184,10298,21748,10018,21429,2248,138,22464,1,13:25,2023,2024
2023-24,1630530,Trey Murphy III,Trey,1610612740,NOP,New Orleans Pelicans,22300278,2023-12-01T00:00:00,NOP vs. SAS,W,22.23333333333333,11.3,21.0,0.538,6.5,16.2,0.4,0.0,0.0,0.0,1.6,3.2,4.9,1.6,0.0,1.6,1.6,0.0,0.0,1.6,29.1,14.6,47.1,0,0,48.6,1,1,13151,1,14131,2053,2296,8366,893,428,7875,13417,14233,13417,9356,16020,14887,17409,16035,7182,4644,9067,20240,14524,2381,5744,4233,2248,138,2819,1,22:14,2023,2024
2023-24,1629627,Zion Williamson,Zion,1610612740,NOP,New Orleans Pelicans,22300278,2023-12-01T00:00:00,NOP vs. SAS,W,26.133333333333333,5.5,12.4,0.444,0.0,0.0,0.0,5.5,6.9,0.8,1.4,4.1,5.5,9.6,1.4,0.0,1.4,0.0,2.8,5.5,16.5,16.5,40.4,0,0,34.4,1,1,13151,1,11126,12945,12646,13458,14651,20560,14651,3478,3507,7723,10243,13311,13217,1700,12967,12108,5435,9067,11906,3377,11351,5050,7486,2248,138,10271,1,26:08,2023,2024
2023-24,203468,CJ McCollum,CJ,1610612740,NOP,New Orleans Pelicans,22300278,2023-12-01T00:00:00,NOP vs. SAS,W,38.06666666666667,7.6,17.0,0.444,0.9,7.6,0.125,1.9,1.9,1.0,0.9,1.9,2.8,7.6,0.9,1.9,0.9,0.9,0.9,0.9,18.0,15.1,40.3,0,0,35.0,1,1,13151,1,1551,7753,5853,13458,14376,6356,14525,10877,12834,1,12995,20103,19999,3376,15694,6052,8047,8520,19941,17355,9873,5562,7517,2248,138,9879,1,38:04,2023,2024
2023-24,1627742,Brandon Ingram,Brandon,1610612740,NOP,New Orleans Pelicans,22300278,2023-12-01T00:00:00,NOP vs. SAS,W,33.583333333333336,3.2,15.0,0.214,0.0,4.3,0.0,8.6,8.6,1.0,0.0,5.4,5.4,7.5,4.3,1.1,0.0,1.1,3.2,5.4,15.0,10.7,31.6,0,0,30.0,1,1,13151,1,4944,18882,8477,21432,14651,14056,14651,1205,2160,1,13449,9804,13574,3435,2988,10353,8529,7396,9950,3606,12886,7356,13382,2248,138,13606,1,33:35,2023,2024
2023-24,202685,Jonas Valančiūnas,Jonas,1610612740,NOP,New Orleans Pelicans,22300278,2023-12-01T00:00:00,NOP vs. SAS,W,30.566666666666663,10.6,14.1,0.75,0.0,1.2,0.0,7.1,8.2,0.857,2.4,11.8,14.1,1.2,1.2,1.2,2.4,1.2,3.5,5.9,28.3,17.7,56.4,1,0,50.6,1,1,13151,1,7505,2770,9840,2237,14651,20197,14651,2028,2380,7116,6734,1456,2136,18837,14099,9436,2760,6604,8824,2857,2720,4666,1668,1,138,2286,1,30:34,2023,2024
2023-24,1630529,Herbert Jones,Herbert,1610612740,NOP,New Orleans Pelicans,22300278,2023-12-01T00:00:00,NOP vs. SAS,W,30.866666666666667,7.0,9.3,0.75,3.5,4.7,0.75,2.3,2.3,1.0,2.3,2.3,4.7,0.0,1.2,3.5,1.2,0.0,1.2,1.2,19.8,16.3,38.3,0,0,37.3,1,1,13151,1,7216,9100,17918,2237,4707,13085,1673,9488,11576,1,6791,18747,15420,19657,14186,1846,6426,9067,18685,16377,8063,5125,8740,2248,138,8250,1,30:52,2023,2024
2023-24,1630230,Naji Marshall,Naji,1610612740,NOP,New Orleans Pelicans,22300278,2023-12-01T00:00:00,NOP vs. SAS,W,18.53333333333333,5.8,7.8,0.75,1.9,1.9,1.0,5.8,5.8,1.0,3.9,7.8,11.7,0.0,3.9,0.0,0.0,1.9,1.9,3.9,19.4,9.7,29.5,0,0,33.0,1,1,13151,1,16932,12070,20230,2237,9849,19080,1,3111,4717,1,3515,5016,3672,19657,3761,12108,8529,3692,15559,6680,8412,7848,14875,2248,138,11285,1,18:32,2023,2024
2023-24,1641722,Jordan Hawkins,Jordan,1610612740,NOP,New Orleans Pelicans,22300278,2023-12-01T00:00:00,NOP vs. SAS,W,15.066666666666666,2.4,7.2,0.333,2.4,4.8,0.5,0.0,0.0,0.0,0.0,0.0,0.0,0.0,2.4,0.0,0.0,0.0,2.4,0.0,7.2,-21.5,4.8,0,0,9.6,1,1,13151,1,19294,20663,21057,17629,7937,12801,4049,13417,14233,13417,13449,22149,23241,19657,8352,12108,8529,9067,13314,17532,20535,21950,25021,2248,138,24360,1,15:04,2023,2024
2023-24,1630700,Dyson Daniels,Dyson,1610612740,NOP,New Orleans Pelicans,22300278,2023-12-01T00:00:00,NOP vs. SAS,W,11.533333333333331,3.1,12.5,0.25,0.0,3.1,0.0,0.0,0.0,0.0,0.0,6.2,6.2,3.1,0.0,0.0,0.0,3.1,6.2,3.1,6.2,3.1,18.4,0,0,15.6,1,1,13151,1,21341,19097,12478,20383,14651,16637,14651,13417,14233,13417,13449,7703,11467,12417,16035,12108,8529,1391,2740,8785,21205,11144,21700,2248,138,22652,1,11:32,2023,2024
2023-24,1627742,Brandon Ingram,Brandon,1610612740,NOP,New Orleans Pelicans,22300262,2023-11-29T00:00:00,NOP vs. PHI,W,35.068333333333335,4.1,7.2,0.571,2.1,4.1,0.5,5.1,5.1,1.0,0.0,4.1,4.1,6.2,1.0,1.0,1.0,0.0,1.0,3.1,15.4,10.3,34.7,0,0,31.8,1,1,13151,1,3741,16771,21035,6891,9292,14504,4049,3964,5759,1,13449,13402,16841,5330,15156,10783,7401,9067,19477,8937,12485,7583,11162,2248,138,12196,1,35:04,2023,2024
2023-24,202685,Jonas Valančiūnas,Jonas,1610612740,NOP,New Orleans Pelicans,22300262,2023-11-29T00:00:00,NOP vs. PHI,W,31.566666666666663,9.1,10.3,0.889,0.0,1.1,0.0,3.4,3.4,1.0,3.4,3.4,6.8,3.4,2.3,0.0,0.0,0.0,5.7,5.7,21.7,20.5,32.7,0,0,31.9,1,1,13151,1,6647,4714,16321,1430,14651,20242,14651,6873,8973,1,4276,15469,10145,11543,8809,12108,8529,9067,3452,3101,6534,3793,12578,2248,138,12093,1,31:34,2023,2024
2023-24,1630700,Dyson Daniels,Dyson,1610612740,NOP,New Orleans Pelicans,22300262,2023-11-29T00:00:00,NOP vs. PHI,W,14.258333333333333,5.0,10.1,0.5,0.0,2.5,0.0,0.0,0.0,0.0,2.5,7.6,10.1,2.5,2.5,5.0,2.5,2.5,5.0,0.0,10.1,10.1,46.2,0,0,37.9,1,1,13151,1,19806,14297,16602,8954,14651,17916,14651,13417,14233,13417,6261,5332,5193,14310,7860,717,2466,2239,4567,17532,17953,7661,4594,2248,138,7885,1,14:16,2023,2024
2023-24,1630631,Jose Alvarado,Jose,1610612740,NOP,New Orleans Pelicans,22300262,2023-11-29T00:00:00,NOP vs. PHI,W,9.325,7.7,19.3,0.4,3.9,7.7,0.5,0.0,0.0,0.0,7.7,0.0,7.7,3.9,7.7,3.9,0.0,0.0,3.9,0.0,19.3,-46.3,38.2,0,0,42.5,1,1,13151,1,22239,7376,3505,15260,3851,6080,4049,13417,14233,13417,790,22149,8496,10329,570,1464,8529,9067,7723,17532,8544,25207,8763,2248,138,5234,1,9:20,2023,2024
2023-24,203468,CJ McCollum,CJ,1610612740,NOP,New Orleans Pelicans,22300262,2023-11-29T00:00:00,NOP vs. PHI,W,28.133333333333333,9.0,20.5,0.438,3.8,10.2,0.375,3.8,3.8,1.0,1.3,3.8,5.1,6.4,2.6,2.6,1.3,1.3,3.8,1.3,25.6,24.3,50.3,0,0,48.6,1,1,13151,1,9493,5026,2672,13948,3908,2728,8784,6078,8155,1,10715,14202,14177,4961,7732,3646,5855,6006,7804,15850,3929,2924,3090,2248,138,2806,1,28:08,2023,2024
2023-24,1629627,Zion Williamson,Zion,1610612740,NOP,New Orleans Pelicans,22300262,2023-11-29T00:00:00,NOP vs. PHI,W,33.25,11.9,13.0,0.917,0.0,0.0,0.0,11.9,13.0,0.917,1.1,7.6,8.7,6.5,2.2,3.2,0.0,1.1,1.1,8.7,35.7,17.3,63.4,0,0,57.4,1,1,13151,1,5221,1662,11601,1404,14651,20560,14651,416,641,6729,11917,5319,6999,4822,9332,2192,8529,7300,19162,794,835,4773,848,2248,138,1108,1,33:15,2023,2024
2023-24,203469,Cody Zeller,Cody,1610612740,NOP,New Orleans Pelicans,22300262,2023-11-29T00:00:00,NOP vs. PHI,W,13.166666666666666,0.0,8.2,0.0,0.0,0.0,0.0,2.7,5.5,0.5,0.0,2.7,2.7,0.0,5.5,2.7,0.0,2.7,10.9,2.7,2.7,-24.6,8.7,0,0,10.9,1,1,13151,1,20454,22557,19650,22557,14651,20560,14651,8491,5259,10591,13449,17634,20245,19657,1598,3209,8529,1922,602,10148,22959,22714,24522,2248,138,24101,1,13:10,2023,2024
2023-24,1630529,Herbert Jones,Herbert,1610612740,NOP,New Orleans Pelicans,22300262,2023-11-29T00:00:00,NOP vs. PHI,W,32.73,3.3,8.8,0.375,0.0,3.3,0.0,1.1,1.1,1.0,1.1,2.2,3.3,6.6,5.5,0.0,0.0,2.2,2.2,4.4,7.7,15.4,16.1,0,0,17.6,1,1,13151,1,5688,18692,18747,16597,14651,16285,14651,12763,13904,1,11783,19159,18836,4674,1567,12108,8529,2862,14147,5452,20102,5458,22666,2248,138,21841,1,32:44,2023,2024
2023-24,1641722,Jordan Hawkins,Jordan,1610612740,NOP,New Orleans Pelicans,22300262,2023-11-29T00:00:00,NOP vs. PHI,W,23.935,6.0,15.0,0.4,4.5,12.0,0.375,7.5,9.0,0.833,3.0,4.5,7.5,3.0,3.0,0.0,0.0,1.5,3.0,4.5,24.1,-10.5,34.6,0,0,39.1,1,1,13151,1,12892,11570,8438,15260,2717,1458,8784,1742,1895,7318,5048,12178,8869,12769,6085,12108,8529,5089,10743,5194,4835,18247,11231,2248,138,7087,1,23:56,2023,2024
2023-24,1630230,Naji Marshall,Naji,1610612740,NOP,New Orleans Pelicans,22300262,2023-11-29T00:00:00,NOP vs. PHI,W,18.566666666666663,1.9,7.8,0.25,1.9,5.8,0.333,1.9,3.9,0.5,3.9,1.9,5.8,5.8,1.9,1.9,1.9,0.0,1.9,1.9,7.8,-5.8,33.2,0,0,29.1,1,1,13151,1,16901,21489,20258,20383,9873,10230,9124,10721,8050,10591,3527,19950,12474,5939,10496,5828,3776,9067,15578,13279,20048,16029,12228,2248,138,14351,1,18:34,2023,2024
2023-24,1630700,Dyson Daniels,Dyson,1610612740,NOP,New Orleans Pelicans,22300256,2023-11-27T00:00:00,NOP @ UTA,L,23.866666666666667,1.5,9.1,0.167,0.0,6.0,0.0,0.0,0.0,0.0,0.0,4.5,4.5,6.0,1.5,0.0,0.0,0.0,6.0,0.0,3.0,-9.1,16.0,0,0,13.6,1,13252,1,13252,12948,22070,18356,21962,14651,9682,14651,13417,14233,13417,13449,12138,15776,5541,12345,12108,8529,9067,2992,17532,22860,17590,22691,2248,138,23380,1,23:52,2023,2024
2023-24,1630631,Jose Alvarado,Jose,1610612740,NOP,New Orleans Pelicans,22300256,2023-11-27T00:00:00,NOP @ UTA,L,13.966666666666669,5.2,7.7,0.667,0.0,0.0,0.0,0.0,0.0,0.0,0.0,2.6,2.6,5.2,0.0,0.0,0.0,0.0,5.2,2.6,10.3,7.7,21.1,0,0,18.0,1,13252,1,13252,20005,14003,20285,3541,14651,20560,14651,13417,14233,13417,13449,18053,20537,7196,16035,12108,8529,9067,4343,10663,17756,8797,20371,2248,138,21611,1,13:58,2023,2024
2023-24,1627742,Brandon Ingram,Brandon,1610612740,NOP,New Orleans Pelicans,22300256,2023-11-27T00:00:00,NOP @ UTA,L,35.21,11.2,22.5,0.5,0.0,2.0,0.0,3.1,4.1,0.75,0.0,4.1,4.1,5.1,2.0,0.0,0.0,1.0,3.1,4.1,25.6,4.1,36.1,0,0,34.8,1,13252,1,13252,3636,2123,1577,8954,14651,18866,14651,7640,7627,8216,13449,13441,16875,7282,9916,12108,8529,7821,10516,6196,3946,10647,10169,2248,138,10018,1,35:13,2023,2024
2023-24,1626204,Larry Nance Jr.,Larry,1610612740,NOP,New Orleans Pelicans,22300256,2023-11-27T00:00:00,NOP @ UTA,L,9.083333333333334,4.0,4.0,1.0,0.0,0.0,0.0,4.0,7.9,0.5,7.9,7.9,15.9,7.9,4.0,0.0,0.0,0.0,4.0,11.9,11.9,-19.8,38.8,0,0,35.7,1,13252,1,13252,22324,17132,24068,1,14651,20560,14651,5832,2633,10591,726,4777,1347,2973,3596,12108,8529,9067,7372,216,16269,21484,8355,2248,138,9372,1,9:05,2023,2024
2023-24,1629627,Zion Williamson,Zion,1610612740,NOP,New Orleans Pelicans,22300256,2023-11-27T00:00:00,NOP @ UTA,L,34.385,9.4,16.8,0.563,1.0,1.0,1.0,7.3,9.4,0.778,1.0,3.1,4.2,7.3,0.0,1.0,0.0,1.0,2.1,6.3,27.2,3.1,46.4,0,0,41.9,1,13252,1,13252,4295,4263,6179,7486,13783,20359,1,1864,1685,8122,12198,16307,16614,3642,16035,10602,8529,7618,14681,2399,3143,11137,4529,2248,138,5535,1,34:23,2023,2024
2023-24,1630230,Naji Marshall,Naji,1610612740,NOP,New Orleans Pelicans,22300256,2023-11-27T00:00:00,NOP @ UTA,L,27.956666666666667,7.7,15.5,0.5,1.3,3.9,0.333,1.3,2.6,0.5,2.6,9.0,11.6,3.9,1.3,3.9,0.0,1.3,3.9,3.9,18.0,7.7,48.0,0,0,42.5,1,13252,1,13252,9649,7367,7868,8954,12432,15030,9124,12159,10952,10591,6135,3401,3726,10325,13418,1460,8529,5955,7718,6745,9795,8801,3865,2248,138,5224,1,27:57,2023,2024
2023-24,202685,Jonas Valančiūnas,Jonas,1610612740,NOP,New Orleans Pelicans,22300256,2023-11-27T00:00:00,NOP @ UTA,L,29.988333333333333,6.0,12.0,0.5,0.0,1.2,0.0,4.8,7.2,0.667,6.0,9.6,15.6,2.4,0.0,0.0,1.2,1.2,3.6,4.8,16.8,3.6,42.7,1,0,37.2,1,13252,1,13252,7975,11600,13323,8954,14651,20165,14651,4400,3237,9424,1497,2856,1436,14722,16035,12108,6243,6460,8595,4629,11057,10906,6214,1,138,8324,1,29:59,2023,2024
2023-24,1641722,Jordan Hawkins,Jordan,1610612740,NOP,New Orleans Pelicans,22300256,2023-11-27T00:00:00,NOP @ UTA,L,24.906666666666663,7.2,15.9,0.455,4.3,8.7,0.5,0.0,0.0,0.0,1.4,5.8,7.2,0.0,0.0,0.0,0.0,0.0,1.4,0.0,18.8,-11.6,27.5,0,0,30.4,1,13252,1,13252,12113,8529,7255,13083,3005,4592,4049,13417,14233,13417,9963,8747,9418,19657,16035,12108,8529,9067,17528,17532,9032,18696,16344,2248,138,13330,1,24:54,2023,2024
2023-24,1630529,Herbert Jones,Herbert,1610612740,NOP,New Orleans Pelicans,22300256,2023-11-27T00:00:00,NOP @ UTA,L,31.886666666666667,4.5,7.9,0.571,2.3,5.6,0.4,0.0,0.0,0.0,0.0,4.5,4.5,0.0,3.4,1.1,0.0,0.0,4.5,0.0,11.3,-11.3,16.7,0,0,20.3,1,13252,1,13252,6374,15714,20076,6891,8421,10635,7875,13417,14233,13417,13449,12166,15797,19657,4921,9855,8529,9067,5811,17532,16861,18586,22416,2248,138,20397,1,31:53,2023,2024
2023-24,203469,Cody Zeller,Cody,1610612740,NOP,New Orleans Pelicans,22300256,2023-11-27T00:00:00,NOP @ UTA,L,8.75,0.0,0.0,0.0,0.0,0.0,0.0,4.1,8.2,0.5,0.0,4.1,4.1,8.2,0.0,0.0,0.0,0.0,8.2,8.2,4.1,0.0,21.4,0,0,16.5,1,13252,1,13252,22440,22557,24896,22557,14651,20560,14651,5544,2396,10591,13449,13363,16811,2739,16035,12108,8529,9067,1333,976,22448,12394,20251,2248,138,22315,1,8:45,2023,2024
2023-24,202685,Jonas Valančiūnas,Jonas,1610612740,NOP,New Orleans Pelicans,22300243,2023-11-25T00:00:00,NOP @ UTA,L,26.48333333333333,4.1,13.6,0.3,0.0,2.7,0.0,2.7,5.4,0.5,6.8,2.7,9.5,2.7,1.4,1.4,0.0,0.0,2.7,2.7,10.9,-23.1,29.1,0,0,25.8,1,13252,1,13252,10844,16835,10613,19532,14651,17530,14651,8525,5315,10591,1100,17683,5847,13688,13055,8306,8529,9067,12058,10194,17223,22399,15166,2248,138,16791,1,26:29,2023,2024
2023-24,1630631,Jose Alvarado,Jose,1610612740,NOP,New Orleans Pelicans,22300243,2023-11-25T00:00:00,NOP @ UTA,L,22.85333333333333,7.9,17.3,0.455,4.7,9.5,0.5,0.0,0.0,0.0,1.6,4.7,6.3,4.7,0.0,3.2,1.6,4.7,6.3,0.0,20.5,17.3,49.3,0,0,45.7,1,13252,1,13252,13674,7069,5490,13083,2397,3566,4049,13417,14233,13417,9496,11567,11343,8185,16035,2351,4764,482,2678,17532,7517,4771,3413,2248,138,3803,1,22:51,2023,2024
2023-24,203469,Cody Zeller,Cody,1610612740,NOP,New Orleans Pelicans,22300243,2023-11-25T00:00:00,NOP @ UTA,L,21.446666666666665,3.4,3.4,1.0,0.0,0.0,0.0,0.0,0.0,0.0,3.4,6.7,10.1,8.4,0.0,0.0,1.7,0.0,0.0,1.7,6.7,23.5,36.4,0,0,28.5,1,13252,1,13252,14741,18553,24367,1,14651,20560,14651,13417,14233,13417,4389,6727,5225,2612,16035,12108,4493,9067,20240,14308,20863,3098,9930,2248,138,14763,1,21:27,2023,2024
2023-24,1626204,Larry Nance Jr.,Larry,1610612740,NOP,New Orleans Pelicans,22300243,2023-11-25T00:00:00,NOP @ UTA,L,11.916666666666666,0.0,0.0,0.0,0.0,0.0,0.0,0.0,0.0,0.0,3.0,6.0,9.1,0.0,3.0,9.1,0.0,0.0,3.0,0.0,0.0,-6.0,35.0,0,0,27.2,1,13252,1,13252,21172,22557,24896,22557,14651,20560,14651,13417,14233,13417,5016,8127,6432,19657,6032,136,8529,9067,10692,17532,23140,16157,10909,2248,138,15807,1,11:55,2023,2024
2023-24,1627742,Brandon Ingram,Brandon,1610612740,NOP,New Orleans Pelicans,22300243,2023-11-25T00:00:00,NOP @ UTA,L,36.98333333333333,9.7,21.4,0.455,1.0,3.9,0.25,4.9,7.8,0.625,1.0,4.9,5.8,7.8,1.0,1.0,0.0,1.0,3.9,4.9,25.3,2.9,45.9,0,0,41.9,1,13252,1,13252,2232,3802,2095,13083,14224,14956,11776,4327,2746,10242,12796,11143,12418,3110,15528,11353,8529,8297,7618,4494,4074,11250,4705,2248,138,5541,1,36:59,2023,2024
2023-24,1630230,Naji Marshall,Naji,1610612740,NOP,New Orleans Pelicans,22300243,2023-11-25T00:00:00,NOP @ UTA,L,20.686666666666667,3.5,10.4,0.333,1.7,3.5,0.5,0.0,0.0,0.0,0.0,5.2,5.2,7.0,0.0,0.0,0.0,1.7,1.7,0.0,8.7,-3.5,25.4,0,0,22.6,1,13252,1,13252,15324,18266,16014,17629,10745,15895,4049,13417,14233,13417,13449,10154,13930,4142,16035,12108,8529,4369,16531,17532,19247,14850,17787,2248,138,18974,1,20:41,2023,2024
2023-24,1630700,Dyson Daniels,Dyson,1610612740,NOP,New Orleans Pelicans,22300243,2023-11-25T00:00:00,NOP @ UTA,L,33.71666666666667,3.2,14.9,0.214,0.0,6.4,0.0,0.0,1.1,0.0,1.1,5.3,6.4,5.3,5.3,6.4,1.1,1.1,1.1,1.1,6.4,-19.2,39.2,0,0,33.1,1,13252,1,13252,4841,18912,8595,21432,14651,8828,14651,13417,13967,13417,12029,9864,11126,6818,1712,357,7087,7436,19233,16855,21100,21315,8146,2248,138,11248,1,33:43,2023,2024
2023-24,1630529,Herbert Jones,Herbert,1610612740,NOP,New Orleans Pelicans,22300243,2023-11-25T00:00:00,NOP @ UTA,L,25.966666666666665,8.3,15.3,0.545,1.4,5.5,0.25,0.0,0.0,0.0,1.4,0.0,1.4,1.4,1.4,1.4,1.4,0.0,4.2,2.8,18.0,-25.0,28.7,0,0,27.7,1,13252,1,13252,11272,6155,8147,8074,11987,10891,11776,13417,14233,13417,10197,22149,22667,18145,12916,8154,5400,9067,6805,10017,9800,22789,15455,2248,138,15420,1,25:58,2023,2024
2023-24,1641722,Jordan Hawkins,Jordan,1610612740,NOP,New Orleans Pelicans,22300243,2023-11-25T00:00:00,NOP @ UTA,L,39.946666666666665,7.2,15.3,0.471,4.5,10.8,0.417,3.6,4.5,0.8,0.9,4.5,5.4,2.7,3.6,0.9,0.0,0.0,0.9,1.8,22.5,3.6,32.2,0,0,36.9,1,13252,1,13252,694,8570,8033,12584,2727,2265,7825,6526,6812,7723,13259,12194,13461,13730,4432,11883,8529,9067,20104,13870,5872,10904,12961,2248,138,8488,1,39:57,2023,2024
2023-24,1629627,Zion Williamson,Zion,1610612740,NOP,New Orleans Pelicans,22300052,2023-11-24T00:00:00,NOP @ LAC,W,34.098333333333336,13.7,26.4,0.52,0.0,1.1,0.0,6.3,9.5,0.667,2.1,4.2,6.3,5.3,5.3,2.1,0.0,3.2,2.1,9.5,33.8,-1.1,50.4,0,0,49.6,1,1,13151,1,4527,802,536,8913,14651,20348,14651,2625,1638,9424,7506,13019,11276,6944,1766,5035,8529,1344,14598,516,1130,13718,3072,2248,138,2537,1,34:06,2023,2024
2023-24,1630631,Jose Alvarado,Jose,1610612740,NOP,New Orleans Pelicans,22300052,2023-11-24T00:00:00,NOP @ LAC,W,15.566666666666666,2.3,13.9,0.167,0.0,4.6,0.0,4.6,4.6,1.0,2.3,9.3,11.6,2.3,2.3,2.3,0.0,2.3,0.0,4.6,9.3,-27.8,31.2,0,0,27.8,1,1,13151,1,18957,20818,10186,21962,14651,13179,14651,4657,6604,1,6844,3156,3751,15025,8682,4334,8529,2613,20240,4969,18754,23340,13690,2248,138,15397,1,15:34,2023,2024
2023-24,1630700,Dyson Daniels,Dyson,1610612740,NOP,New Orleans Pelicans,22300052,2023-11-24T00:00:00,NOP @ LAC,W,35.52166666666667,3.0,7.1,0.429,1.0,2.0,0.5,0.0,0.0,0.0,2.0,6.1,8.1,5.1,1.0,1.0,1.0,0.0,2.0,1.0,7.1,18.2,29.5,0,0,25.3,1,1,13151,1,3379,19300,21160,14111,13975,18901,4049,13417,14233,13417,7847,8030,7833,7388,15243,10915,7507,9067,15056,17111,20580,4469,14892,2248,138,17139,1,35:31,2023,2024
2023-24,1627742,Brandon Ingram,Brandon,1610612740,NOP,New Orleans Pelicans,22300052,2023-11-24T00:00:00,NOP @ LAC,W,35.3,12.2,21.4,0.571,2.0,5.1,0.4,4.1,6.1,0.667,0.0,4.1,4.1,5.1,3.1,0.0,0.0,3.1,3.1,4.1,30.6,13.3,40.1,0,0,41.8,1,1,13151,1,3553,1449,2092,6891,9364,12015,7875,5606,4362,9424,13449,13470,16903,7316,5895,12108,8529,1463,10543,6222,1916,6269,7635,2248,138,5570,1,35:18,2023,2024
2023-24,1641722,Jordan Hawkins,Jordan,1610612740,NOP,New Orleans Pelicans,22300052,2023-11-24T00:00:00,NOP @ LAC,W,20.195,5.3,8.9,0.6,3.6,7.1,0.5,0.0,0.0,0.0,0.0,7.1,7.1,1.8,0.0,0.0,0.0,0.0,1.8,0.0,14.3,5.3,25.5,0,0,26.7,1,1,13151,1,15672,13437,18581,5678,4555,7248,4049,13417,14233,13417,13449,5989,9596,16932,16035,12108,8529,9067,16374,17532,13666,10026,17721,2248,138,16124,1,20:12,2023,2024
2023-24,1626204,Larry Nance Jr.,Larry,1610612740,NOP,New Orleans Pelicans,22300052,2023-11-24T00:00:00,NOP @ LAC,W,20.06,3.6,7.2,0.5,0.0,1.8,0.0,0.0,0.0,0.0,1.8,3.6,5.4,0.0,1.8,0.0,5.4,0.0,1.8,0.0,7.2,-9.0,28.0,0,0,23.3,1,1,13151,1,15767,18037,21044,8954,14651,19374,14651,13417,14233,13417,8781,15012,13522,19657,11274,12108,525,9067,16321,17532,20529,17543,15953,2248,138,18523,1,20:04,2023,2024
2023-24,1630230,Naji Marshall,Naji,1610612740,NOP,New Orleans Pelicans,22300052,2023-11-24T00:00:00,NOP @ LAC,W,27.26833333333333,0.0,9.2,0.0,0.0,4.0,0.0,6.6,7.9,0.833,2.6,7.9,10.6,1.3,0.0,0.0,0.0,1.3,1.3,6.6,6.6,-4.0,21.3,0,0,18.5,1,1,13151,1,10240,22557,18050,22557,14651,14816,14651,2390,2640,7318,5970,4785,4695,18376,16035,12108,8529,5794,17985,2097,20951,15089,20321,2248,138,21382,1,27:16,2023,2024
2023-24,202685,Jonas Valančiūnas,Jonas,1610612740,NOP,New Orleans Pelicans,22300052,2023-11-24T00:00:00,NOP @ LAC,W,27.94,5.2,7.7,0.667,2.6,2.6,1.0,2.6,2.6,1.0,2.6,7.7,10.3,5.2,1.3,1.3,0.0,0.0,5.2,2.6,15.5,19.3,38.1,0,0,36.1,1,1,13151,1,9666,14011,20290,3541,7329,17802,1,8852,10942,1,6132,5090,4947,7200,13410,8693,8529,9067,4351,10670,12420,4131,8810,2248,138,9069,1,27:56,2023,2024
2023-24,1630529,Herbert Jones,Herbert,1610612740,NOP,New Orleans Pelicans,22300052,2023-11-24T00:00:00,NOP @ LAC,W,24.05,7.5,10.5,0.714,4.5,6.0,0.75,1.5,3.0,0.5,3.0,3.0,6.0,6.0,4.5,1.5,1.5,0.0,7.5,1.5,21.0,32.9,41.6,0,0,43.4,1,1,13151,1,12800,7927,15942,2921,2751,9803,1673,11669,9909,10591,5108,16804,12059,5622,2684,7632,5002,9067,1722,14940,7114,1613,6754,2248,138,4812,1,24:03,2023,2024
2023-24,1641722,Jordan Hawkins,Jordan,1610612740,NOP,New Orleans Pelicans,22300233,2023-11-22T00:00:00,NOP vs. SAC,W,20.816666666666663,5.2,15.6,0.333,3.5,13.8,0.25,8.6,8.6,1.0,1.7,1.7,3.5,5.2,0.0,0.0,0.0,0.0,5.2,3.5,22.5,3.5,34.4,0,0,34.6,1,1,13151,1,15221,13912,7715,17629,4810,832,11776,1175,2119,1,8992,20494,18463,7127,16035,12108,8529,9067,4284,7815,5907,10977,11326,2248,138,10149,1,20:49,2023,2024
2023-24,1630230,Naji Marshall,Naji,1610612740,NOP,New Orleans Pelicans,22300233,2023-11-22T00:00:00,NOP vs. SAC,W,20.341666666666665,7.1,8.8,0.8,3.5,3.5,1.0,3.5,5.3,0.667,3.5,7.1,10.6,7.1,1.8,1.8,1.8,0.0,0.0,1.8,21.2,44.2,53.4,0,0,49.6,1,1,13151,1,15561,8910,18680,1787,4616,15782,1,6646,5503,9424,4069,6083,4634,3981,11381,6598,4273,9067,20240,13977,6865,785,2265,2248,138,2557,1,20:21,2023,2024
2023-24,1629627,Zion Williamson,Zion,1610612740,NOP,New Orleans Pelicans,22300233,2023-11-22T00:00:00,NOP vs. SAC,W,34.95,10.3,16.5,0.625,0.0,0.0,0.0,5.2,7.2,0.714,1.0,4.1,5.2,6.2,2.1,0.0,0.0,0.0,3.1,5.2,25.8,-1.0,39.1,0,0,37.1,1,1,13151,1,3854,3110,6489,5137,14651,20560,14651,3931,3223,9242,12322,13349,14097,5287,9858,12108,8529,9067,10419,3958,3849,13701,8179,2248,138,8416,1,34:57,2023,2024
2023-24,1630631,Jose Alvarado,Jose,1610612740,NOP,New Orleans Pelicans,22300233,2023-11-22T00:00:00,NOP vs. SAC,W,18.58333333333333,7.7,17.4,0.444,3.9,11.6,0.333,0.0,7.7,0.0,0.0,1.9,1.9,3.9,1.9,5.8,0.0,0.0,3.9,5.8,19.4,17.4,43.0,0,0,40.7,1,1,13151,1,16884,7329,5364,13458,3824,1705,9124,13417,2771,13417,13449,19955,21871,10291,10510,481,8529,9067,7671,2961,8459,4738,6051,2248,138,6205,1,18:35,2023,2024
2023-24,1627742,Brandon Ingram,Brandon,1610612740,NOP,New Orleans Pelicans,22300233,2023-11-22T00:00:00,NOP vs. SAC,W,29.541666666666668,11.0,21.9,0.5,1.2,4.9,0.25,4.9,4.9,1.0,0.0,4.9,4.9,3.7,2.4,1.2,0.0,1.2,6.1,7.3,28.0,0.0,40.6,0,0,40.2,1,1,13151,1,8353,2391,1832,8954,12781,12606,11776,4314,6180,1,13449,11123,14854,10897,8165,9151,8529,6355,2925,1514,2811,12394,7349,2248,138,6449,1,29:33,2023,2024
2023-24,1626204,Larry Nance Jr.,Larry,1610612740,NOP,New Orleans Pelicans,22300233,2023-11-22T00:00:00,NOP vs. SAC,W,12.475,5.8,11.5,0.5,0.0,2.9,0.0,0.0,0.0,0.0,2.9,8.7,11.5,0.0,2.9,2.9,0.0,0.0,5.8,2.9,11.5,-11.5,31.2,0,0,28.9,1,1,13151,1,20821,12213,14129,8954,14651,17183,14651,13417,14233,13417,5375,3792,3779,19657,6541,2859,8529,9067,3351,9638,16629,18687,13728,2248,138,14525,1,12:29,2023,2024
2023-24,1630529,Herbert Jones,Herbert,1610612740,NOP,New Orleans Pelicans,22300233,2023-11-22T00:00:00,NOP vs. SAC,W,39.016666666666666,0.9,5.5,0.167,0.0,3.7,0.0,4.6,5.5,0.833,0.0,4.6,4.6,2.8,1.8,2.8,0.9,0.0,3.7,2.8,6.5,-7.4,25.4,0,0,21.2,1,1,13151,1,1046,22552,22883,21962,14651,15463,14651,4674,5150,7318,13449,11887,15547,13545,11024,3117,8217,9067,8317,10034,21063,16764,17808,2248,138,19872,1,39:01,2023,2024
2023-24,1630700,Dyson Daniels,Dyson,1610612740,NOP,New Orleans Pelicans,22300233,2023-11-22T00:00:00,NOP vs. SAC,W,28.75,2.5,11.3,0.222,0.0,6.3,0.0,5.0,5.0,1.0,3.8,5.0,8.8,0.0,0.0,1.3,0.0,0.0,2.5,2.5,10.0,-8.8,24.3,0,0,21.3,1,1,13151,1,8997,20429,14586,21280,14651,9159,14651,4132,5973,1,3714,10728,6841,19657,16035,8925,8529,9067,12874,10925,18032,17437,18498,2248,138,19833,1,28:45,2023,2024
2023-24,202685,Jonas Valančiūnas,Jonas,1610612740,NOP,New Orleans Pelicans,22300233,2023-11-22T00:00:00,NOP vs. SAC,W,27.791666666666668,7.8,11.7,0.667,0.0,0.0,0.0,3.9,5.2,0.75,3.9,10.4,14.2,2.6,1.3,0.0,0.0,0.0,6.5,2.6,19.4,2.6,39.1,1,0,36.3,1,1,13151,1,9802,7280,13917,3541,14651,20560,14651,5977,5689,8216,3514,2264,2076,14093,13362,12108,8529,9067,2497,10609,8408,11418,8193,1,138,8916,1,27:48,2023,2024
2023-24,203469,Cody Zeller,Cody,1610612740,NOP,New Orleans Pelicans,22300233,2023-11-22T00:00:00,NOP vs. SAC,W,7.733333333333333,0.0,9.3,0.0,0.0,0.0,0.0,0.0,0.0,0.0,9.3,4.7,14.0,0.0,0.0,0.0,0.0,0.0,9.3,0.0,0.0,32.6,16.8,0,0,14.0,1,1,13151,1,22813,22557,17946,22557,14651,20560,14651,13417,14233,13417,458,11763,2204,19657,16035,12108,8529,9067,946,17532,23140,1651,22395,2248,138,23251,1,7:44,2023,2024
2023-24,1630631,Jose Alvarado,Jose,1610612740,NOP,New Orleans Pelicans,22300222,2023-11-20T00:00:00,NOP vs. SAC,W,15.2,4.7,11.8,0.4,2.4,7.1,0.333,0.0,0.0,0.0,0.0,0.0,0.0,7.1,4.7,0.0,0.0,2.4,0.0,0.0,11.8,18.9,17.8,0,0,21.3,1,1,13151,1,19196,15115,13618,15260,7996,7303,9124,13417,14233,13417,13449,22149,23241,3940,2346,12108,8529,2504,20240,17532,16319,4248,22013,2248,138,19817,1,15:12,2023,2024
2023-24,1630700,Dyson Daniels,Dyson,1610612740,NOP,New Orleans Pelicans,22300222,2023-11-20T00:00:00,NOP vs. SAC,W,24.616666666666667,1.5,5.8,0.25,1.5,5.8,0.25,0.0,0.0,0.0,0.0,2.9,2.9,7.3,0.0,1.5,0.0,0.0,2.9,0.0,4.4,40.9,23.3,0,0,19.0,1,1,13151,1,12345,22126,22582,20383,11697,10141,11776,13417,14233,13417,13449,17026,19790,3669,16035,7785,8529,9067,11129,17532,22313,928,19109,2248,138,21096,1,24:37,2023,2024
2023-24,1641722,Jordan Hawkins,Jordan,1610612740,NOP,New Orleans Pelicans,22300222,2023-11-20T00:00:00,NOP vs. SAC,W,29.116666666666667,3.7,13.6,0.273,2.5,6.2,0.4,1.2,1.2,1.0,1.2,4.9,6.2,2.5,1.2,0.0,0.0,1.2,2.5,1.2,11.1,9.9,21.0,0,0,22.3,1,1,13151,1,8667,17765,10604,20199,7680,9337,7875,12328,13687,1,10947,10920,11610,14485,13735,12108,8529,6254,13000,16043,17001,7765,20429,2248,138,19231,1,29:07,2023,2024
2023-24,1627742,Brandon Ingram,Brandon,1610612740,NOP,New Orleans Pelicans,22300222,2023-11-20T00:00:00,NOP vs. SAC,W,25.78333333333333,15.4,25.1,0.611,7.0,7.0,1.0,5.6,5.6,1.0,0.0,5.6,5.6,4.2,1.4,0.0,0.0,1.4,0.0,4.2,43.3,46.1,54.9,0,0,60.0,1,1,13151,1,11427,455,756,5617,678,7570,1,3381,5093,1,13449,9208,13027,9458,12868,12108,8529,5463,20240,5951,318,710,1982,2248,138,852,1,25:47,2023,2024
2023-24,1630529,Herbert Jones,Herbert,1610612740,NOP,New Orleans Pelicans,22300222,2023-11-20T00:00:00,NOP vs. SAC,W,27.126666666666665,9.3,11.9,0.778,1.3,2.7,0.5,4.0,5.3,0.75,1.3,8.0,9.3,5.3,1.3,1.3,2.7,0.0,5.3,5.3,23.9,51.8,53.6,0,0,47.8,1,1,13151,1,10342,4452,13446,2093,12247,17652,4049,5807,5505,8216,10468,4730,6117,6879,13205,8465,2276,9067,4079,3688,4938,530,2230,2248,138,3056,1,27:08,2023,2024
2023-24,202685,Jonas Valančiūnas,Jonas,1610612740,NOP,New Orleans Pelicans,22300222,2023-11-20T00:00:00,NOP vs. SAC,W,21.183333333333334,5.1,6.8,0.75,0.0,0.0,0.0,6.8,6.8,1.0,1.7,20.4,22.1,11.9,0.0,1.7,5.1,0.0,5.1,5.1,17.0,56.1,81.7,1,0,64.6,1,1,13151,1,14915,14167,21521,2237,14651,20560,14651,2234,3615,1,9096,174,350,787,16035,6879,607,9067,4464,4060,10845,439,202,1,138,533,1,21:11,2023,2024
2023-24,1630184,Kira Lewis Jr.,Kira,1610612740,NOP,New Orleans Pelicans,22300222,2023-11-20T00:00:00,NOP vs. SAC,W,6.433333333333334,5.6,16.8,0.333,5.6,11.2,0.5,0.0,0.0,0.0,0.0,0.0,0.0,11.2,0.0,5.6,0.0,0.0,5.6,0.0,16.8,-16.8,50.4,0,0,44.8,1,1,13151,1,23338,12709,6130,17629,1457,1990,4049,13417,14233,13417,13449,22149,23241,1000,16035,537,8529,9067,3590,17532,11075,20584,3070,2248,138,4167,1,6:26,2023,2024
2023-24,1630230,Naji Marshall,Naji,1610612740,NOP,New Orleans Pelicans,22300222,2023-11-20T00:00:00,NOP vs. SAC,W,26.166666666666668,6.9,15.1,0.455,1.4,6.9,0.2,0.0,0.0,0.0,1.4,8.3,9.6,5.5,4.1,1.4,0.0,0.0,2.8,1.4,15.1,2.8,34.9,0,0,34.4,1,1,13151,1,11102,9378,8312,13083,12031,7797,13222,13417,14233,13417,10250,4338,5706,6493,3247,8223,8529,9067,11925,15424,12740,11333,10984,2248,138,10310,1,26:10,2023,2024
2023-24,1629627,Zion Williamson,Zion,1610612740,NOP,New Orleans Pelicans,22300222,2023-11-20T00:00:00,NOP vs. SAC,W,29.545,14.6,19.5,0.75,0.0,0.0,0.0,2.4,2.4,1.0,0.0,3.7,3.7,6.1,1.2,3.7,1.2,2.4,2.4,3.7,31.7,39.0,58.6,0,0,51.2,1,1,13151,1,8352,597,3377,2237,14651,20560,14651,9181,11275,1,13449,14783,18010,5445,13855,1679,6139,2379,13116,7308,1597,1066,1350,2248,138,2161,1,29:33,2023,2024
2023-24,203469,Cody Zeller,Cody,1610612740,NOP,New Orleans Pelicans,22300222,2023-11-20T00:00:00,NOP vs. SAC,W,23.311666666666667,6.2,10.8,0.571,0.0,1.5,0.0,1.5,6.2,0.25,4.6,9.3,13.9,3.1,1.5,0.0,0.0,0.0,3.1,6.2,13.9,18.5,33.7,0,0,30.9,1,1,13151,1,13366,11153,15362,6891,14651,19707,14651,11583,4292,13269,2610,3138,2238,12496,12201,12108,8529,9067,10429,2509,14030,4377,11860,2248,138,12898,1,23:19,2023,2024
2023-24,1630526,Jeremiah Robinson-Earl,Jeremiah,1610612740,NOP,New Orleans Pelicans,22300222,2023-11-20T00:00:00,NOP vs. SAC,W,11.516666666666667,3.1,12.5,0.25,0.0,3.1,0.0,6.3,6.3,1.0,9.4,6.3,15.6,3.1,0.0,0.0,0.0,0.0,3.1,6.3,12.5,-37.5,35.9,0,0,31.3,1,1,13151,1,21348,19088,12456,20383,14651,16629,14651,2696,4208,1,451,7686,1427,12404,16035,12108,8529,9067,10290,2425,15596,24612,10277,2248,138,12624,1,11:31,2023,2024
2023-24,1630529,Herbert Jones,Herbert,1610612740,NOP,New Orleans Pelicans,22300203,2023-11-18T00:00:00,NOP vs. MIN,L,28.39,3.8,8.9,0.429,3.8,5.1,0.75,5.1,5.1,1.0,1.3,3.8,5.1,10.1,0.0,2.5,2.5,1.3,7.6,3.8,16.5,13.9,53.0,0,0,45.6,1,13252,1,13252,9289,17536,18628,14111,4002,12087,1673,4048,5862,1,10782,14315,14302,1447,16035,3705,2442,6076,1636,6895,11397,5998,2376,2248,138,3815,1,28:23,2023,2024
2023-24,1641722,Jordan Hawkins,Jordan,1610612740,NOP,New Orleans Pelicans,22300203,2023-11-18T00:00:00,NOP vs. MIN,L,36.568333333333335,5.9,11.8,0.5,3.0,7.9,0.375,0.0,0.0,0.0,1.0,1.0,2.0,3.9,1.0,1.0,0.0,2.0,3.9,0.0,14.8,-6.9,25.0,0,0,25.6,1,13252,1,13252,2546,11875,13677,8954,6170,5820,8784,13417,14233,13417,12703,22024,21812,10110,15448,11243,8529,3597,7465,17532,13156,16547,18044,2248,138,16969,1,36:34,2023,2024
2023-24,1627742,Brandon Ingram,Brandon,1610612740,NOP,New Orleans Pelicans,22300203,2023-11-18T00:00:00,NOP vs. MIN,L,33.93333333333333,11.7,25.5,0.458,1.1,6.4,0.167,7.4,9.5,0.778,2.1,5.3,7.4,4.2,4.2,1.1,0.0,0.0,0.0,7.4,31.8,3.2,46.0,0,0,46.7,1,13252,1,13252,4660,1805,683,13053,13682,8928,13950,1793,1611,8122,7471,9945,9048,9325,3059,10468,8529,9067,20240,1434,1552,11111,4654,2248,138,3442,1,33:56,2023,2024
2023-24,1630346,Matt Ryan,Matt,1610612740,NOP,New Orleans Pelicans,22300203,2023-11-18T00:00:00,NOP vs. MIN,L,26.625,4.1,6.8,0.6,4.1,5.4,0.75,1.4,1.4,1.0,0.0,4.1,4.1,1.4,4.1,1.4,0.0,0.0,1.4,0.0,13.5,1.4,20.4,0,0,25.7,1,13252,1,13252,10741,16894,21572,5678,3475,11238,1673,11970,13499,1,13449,13536,16976,18268,3392,8344,8529,9067,17856,17532,14449,12065,20756,2248,138,16889,1,26:38,2023,2024
2023-24,202685,Jonas Valančiūnas,Jonas,1610612740,NOP,New Orleans Pelicans,22300203,2023-11-18T00:00:00,NOP vs. MIN,L,29.586666666666662,12.2,18.3,0.667,0.0,1.2,0.0,7.3,7.3,1.0,6.1,7.3,13.4,3.7,3.7,1.2,3.7,1.2,6.1,6.1,31.6,2.4,64.1,1,0,58.4,1,13252,1,13252,8310,1485,4495,3541,14651,20137,14651,1884,3144,1,1458,5724,2501,10915,4314,9161,1256,6367,2931,2610,1619,11500,798,1,138,1001,1,29:35,2023,2024
2023-24,1630700,Dyson Daniels,Dyson,1610612740,NOP,New Orleans Pelicans,22300203,2023-11-18T00:00:00,NOP vs. MIN,L,37.37833333333333,5.8,11.6,0.5,1.0,2.9,0.333,0.0,0.0,0.0,1.0,3.9,4.8,5.8,2.9,1.0,0.0,1.0,3.9,1.9,12.5,-5.8,27.0,0,0,26.0,1,13252,1,13252,1977,12194,14099,8954,14270,17176,9124,13417,14233,13417,12870,14172,15016,6000,6530,11434,8529,8375,7760,13347,15582,16005,16727,2248,138,16670,1,37:23,2023,2024
2023-24,1630526,Jeremiah Robinson-Earl,Jeremiah,1610612740,NOP,New Orleans Pelicans,22300203,2023-11-18T00:00:00,NOP vs. MIN,L,10.096666666666666,7.1,10.7,0.667,0.0,3.6,0.0,0.0,0.0,0.0,0.0,0.0,0.0,0.0,0.0,0.0,0.0,0.0,3.6,0.0,14.3,-17.8,14.3,0,0,14.3,1,13252,1,13252,21953,8768,15560,3541,14651,15734,14651,13417,14233,13417,13449,22149,23241,19657,16035,12108,8529,9067,8724,17532,13665,20899,23315,2248,138,23152,1,10:06,2023,2024
2023-24,1630230,Naji Marshall,Naji,1610612740,NOP,New Orleans Pelicans,22300203,2023-11-18T00:00:00,NOP vs. MIN,L,24.105,3.0,6.0,0.5,1.5,3.0,0.5,3.0,4.5,0.667,0.0,1.5,1.5,1.5,3.0,1.5,0.0,0.0,3.0,3.0,10.5,-10.5,16.0,0,0,17.9,1,13252,1,13252,12759,19430,22447,8954,11569,16987,4049,7857,6858,9424,13449,20962,22531,17799,6181,7652,8529,9067,10860,9288,17625,18216,22695,2248,138,21671,1,24:06,2023,2024
2023-24,203469,Cody Zeller,Cody,1610612740,NOP,New Orleans Pelicans,22300203,2023-11-18T00:00:00,NOP vs. MIN,L,13.316666666666666,2.7,10.8,0.25,0.0,0.0,0.0,0.0,0.0,0.0,8.1,10.8,18.9,0.0,2.7,2.7,0.0,5.4,8.1,5.4,5.4,8.1,33.5,0,0,29.7,1,13252,1,13252,20380,20038,15355,20383,14651,20560,14651,13417,14233,13417,684,1942,666,19657,7178,3289,8529,347,1384,3530,21722,8622,11967,2248,138,13839,1,13:19,2023,2024
2023-24,1629627,Zion Williamson,Zion,1610612740,NOP,New Orleans Pelicans,22300034,2023-11-17T00:00:00,NOP vs. DEN,W,32.555,11.1,18.8,0.588,1.1,1.1,1.0,5.5,12.2,0.455,0.0,4.4,4.4,6.6,4.4,0.0,2.2,0.0,3.3,8.8,28.8,23.2,46.2,0,0,45.3,1,1,13151,1,5819,2299,3950,6572,13404,20282,1,3454,778,12942,13449,12452,16031,4616,2780,12108,3051,9067,9561,730,2522,3164,4587,2248,138,3930,1,32:33,2023,2024
2023-24,1630529,Herbert Jones,Herbert,1610612740,NOP,New Orleans Pelicans,22300034,2023-11-17T00:00:00,NOP vs. DEN,W,36.865,2.9,7.8,0.375,0.0,1.0,0.0,2.0,2.0,1.0,0.0,4.9,4.9,3.9,1.0,2.9,1.0,0.0,2.0,2.9,7.8,-2.0,30.3,0,0,24.4,1,1,13151,1,2331,19569,20190,16597,14651,20459,14651,10680,12681,1,13449,11100,14839,10193,15502,2772,7826,9067,15497,9494,19996,14117,14367,2248,138,17782,1,36:52,2023,2024
2023-24,202685,Jonas Valančiūnas,Jonas,1610612740,NOP,New Orleans Pelicans,22300034,2023-11-17T00:00:00,NOP vs. DEN,W,34.44166666666667,10.5,18.8,0.556,1.0,3.1,0.333,1.0,3.1,0.333,2.1,6.3,8.4,3.1,0.0,0.0,1.0,2.1,4.2,2.1,23.0,-8.4,40.9,0,0,37.6,1,1,13151,1,4250,2930,3934,7603,13792,16611,9124,12965,9553,13045,7589,7654,7444,12376,16035,12108,7267,3181,6736,12593,5560,17242,7176,2248,138,8058,1,34:27,2023,2024
2023-24,1630230,Naji Marshall,Naji,1610612740,NOP,New Orleans Pelicans,22300034,2023-11-17T00:00:00,NOP vs. DEN,W,18.365,7.8,11.8,0.667,7.8,9.8,0.8,0.0,0.0,0.0,0.0,9.8,9.8,2.0,3.9,2.0,0.0,0.0,0.0,3.9,23.5,-2.0,40.2,0,0,47.0,1,1,13151,1,17046,7142,13750,3541,438,3147,1554,13417,14233,13417,13449,2679,5516,16290,3696,5734,8529,9067,20240,6585,5168,14123,7579,2248,138,3329,1,18:22,2023,2024
2023-24,203469,Cody Zeller,Cody,1610612740,NOP,New Orleans Pelicans,22300034,2023-11-17T00:00:00,NOP vs. DEN,W,1.5,0.0,0.0,0.0,0.0,0.0,0.0,0.0,0.0,0.0,0.0,24.0,24.0,0.0,0.0,0.0,24.0,0.0,0.0,0.0,0.0,72.0,100.8,0,0,72.0,1,1,13151,1,25785,22557,24896,22557,14651,20560,14651,13417,14233,13417,13449,110,251,19657,16035,12108,11,9067,20240,17532,23140,245,80,2248,138,289,1,1:30,2023,2024
2023-24,1627742,Brandon Ingram,Brandon,1610612740,NOP,New Orleans Pelicans,22300034,2023-11-17T00:00:00,NOP vs. DEN,W,38.2,8.5,17.9,0.474,1.9,3.8,0.5,0.9,0.9,1.0,0.9,1.9,2.8,7.5,1.9,0.9,0.0,0.9,2.8,1.9,19.8,-4.7,35.4,0,0,33.9,1,1,13151,1,1466,5861,4850,12502,10154,15278,4049,13276,14162,1,13020,20122,20030,3400,10799,11599,8529,8552,11585,13535,8101,15479,10646,2248,138,10613,1,38:12,2023,2024
2023-24,1641722,Jordan Hawkins,Jordan,1610612740,NOP,New Orleans Pelicans,22300034,2023-11-17T00:00:00,NOP vs. DEN,W,25.956666666666667,4.2,9.7,0.429,1.4,4.2,0.333,0.0,0.0,0.0,0.0,6.9,6.9,5.5,0.0,0.0,0.0,0.0,0.0,0.0,9.7,-4.2,26.4,0,0,23.6,1,1,13151,1,11285,16632,17266,14111,11986,14359,9124,13417,14233,13417,13449,6308,9956,6406,16035,12108,8529,9067,20240,17532,18303,15205,17115,2248,138,18358,1,25:57,2023,2024
2023-24,1630700,Dyson Daniels,Dyson,1610612740,NOP,New Orleans Pelicans,22300034,2023-11-17T00:00:00,NOP vs. DEN,W,33.14666666666667,4.3,6.5,0.667,0.0,1.1,0.0,2.2,3.3,0.667,1.1,7.6,8.7,7.6,0.0,3.3,0.0,0.0,1.1,2.2,10.9,13.0,42.5,0,0,33.7,1,1,13151,1,5322,16155,21856,3541,14651,20310,14651,9938,9307,9424,11891,5274,6965,3326,16035,2179,8529,9067,19142,12218,17244,6365,6353,2248,138,10814,1,33:09,2023,2024
2023-24,1630526,Jeremiah Robinson-Earl,Jeremiah,1610612740,NOP,New Orleans Pelicans,22300034,2023-11-17T00:00:00,NOP vs. DEN,W,0.225,0.0,0.0,0.0,0.0,0.0,0.0,0.0,0.0,0.0,0.0,0.0,0.0,0.0,0.0,0.0,0.0,0.0,0.0,0.0,0.0,0.0,0.0,0,0,0.0,1,1,13151,1,26344,22557,24896,22557,14651,20560,14651,13417,14233,13417,13449,22149,23241,19657,16035,12108,8529,9067,20240,17532,23140,12394,25245,2248,138,25279,1,0:14,2023,2024
2023-24,1630346,Matt Ryan,Matt,1610612740,NOP,New Orleans Pelicans,22300034,2023-11-17T00:00:00,NOP vs. DEN,W,18.745,5.8,13.4,0.429,5.8,9.6,0.6,0.0,1.9,0.0,0.0,0.0,0.0,0.0,0.0,0.0,0.0,0.0,0.0,1.9,17.3,15.4,17.3,0,0,23.0,1,1,13151,1,16768,12244,10841,14111,1332,3366,3197,13417,12758,13417,13449,22149,23241,19657,16035,12108,8529,9067,20240,13375,10544,5472,22178,2248,138,18707,1,18:45,2023,2024
2023-24,1627742,Brandon Ingram,Brandon,1610612740,NOP,New Orleans Pelicans,22300022,2023-11-14T00:00:00,NOP vs. DAL,W,36.01166666666666,11.0,20.0,0.55,1.0,5.0,0.2,2.0,2.0,1.0,1.0,8.0,9.0,7.0,2.0,2.0,0.0,0.0,0.0,1.0,25.0,18.0,50.3,0,0,46.0,1,1,13151,1,2960,2354,3012,8019,14074,12291,13222,10538,12563,1,12582,4685,6521,4084,10187,5559,8529,9067,20240,17180,4250,4563,3094,2248,138,3689,1,36:01,2023,2024
2023-24,1629627,Zion Williamson,Zion,1610612740,NOP,New Orleans Pelicans,22300022,2023-11-14T00:00:00,NOP vs. DAL,W,27.111666666666668,10.6,19.9,0.533,0.0,0.0,0.0,4.0,9.3,0.429,4.0,5.3,9.3,6.6,2.7,2.7,0.0,4.0,4.0,6.6,25.2,13.3,51.7,0,0,46.5,1,1,13151,1,10354,2743,3062,8542,14651,20560,14651,5799,1743,12957,3381,9931,6107,4605,7368,3397,8529,738,7310,2049,4111,6263,2702,2248,138,3516,1,27:07,2023,2024
2023-24,1630526,Jeremiah Robinson-Earl,Jeremiah,1610612740,NOP,New Orleans Pelicans,22300022,2023-11-14T00:00:00,NOP vs. DAL,W,13.141666666666667,2.7,2.7,1.0,2.7,2.7,1.0,0.0,0.0,0.0,2.7,2.7,5.5,5.5,8.2,2.7,0.0,0.0,5.5,0.0,8.2,5.5,23.0,0,0,27.4,1,1,13151,1,20471,19985,24606,1,6877,17492,1,13417,14233,13417,5754,17613,13303,6537,487,3198,8529,9067,3794,17532,19655,9949,19261,2248,138,15655,1,13:09,2023,2024
2023-24,1630346,Matt Ryan,Matt,1610612740,NOP,New Orleans Pelicans,22300022,2023-11-14T00:00:00,NOP vs. DAL,W,19.965,3.6,12.6,0.286,3.6,9.0,0.4,0.0,0.0,0.0,0.0,3.6,3.6,0.0,0.0,1.8,0.0,0.0,0.0,1.8,10.8,30.7,20.6,0,0,21.6,1,1,13151,1,15852,18001,12251,19775,4449,4101,7875,13417,14233,13417,13449,14933,18140,19657,16035,6467,8529,9067,20240,13863,17288,1876,20679,2248,138,19623,1,19:58,2023,2024
2023-24,203469,Cody Zeller,Cody,1610612740,NOP,New Orleans Pelicans,22300022,2023-11-14T00:00:00,NOP vs. DAL,W,4.85,0.0,7.4,0.0,0.0,0.0,0.0,0.0,14.8,0.0,7.4,14.8,22.3,0.0,7.4,0.0,0.0,0.0,0.0,7.4,0.0,7.4,19.3,0,0,22.3,1,1,13151,1,24044,22557,20751,22557,14651,20560,14651,13417,407,13417,888,609,336,19657,645,12108,8529,9067,20240,1437,23140,8964,21318,2248,138,19217,1,4:51,2023,2024
2023-24,1630700,Dyson Daniels,Dyson,1610612740,NOP,New Orleans Pelicans,22300022,2023-11-14T00:00:00,NOP vs. DAL,W,28.688333333333333,5.0,12.5,0.4,2.5,6.3,0.4,0.0,0.0,0.0,1.3,1.3,2.5,7.5,1.3,3.8,0.0,0.0,5.0,0.0,12.5,13.8,36.9,0,0,32.6,1,1,13151,1,9039,14392,12388,15260,7550,9136,7875,13417,14233,13417,10845,21453,20685,3417,13622,1564,8529,9067,4639,17532,15542,6048,9628,2248,138,11594,1,28:41,2023,2024
2023-24,1630184,Kira Lewis Jr.,Kira,1610612740,NOP,New Orleans Pelicans,22300022,2023-11-14T00:00:00,NOP vs. DAL,W,2.05,17.6,17.6,1.0,0.0,0.0,0.0,0.0,0.0,0.0,0.0,0.0,0.0,0.0,0.0,0.0,0.0,0.0,0.0,0.0,35.1,0.0,35.1,0,0,35.1,1,1,13151,1,25486,245,5203,1,14651,20560,14651,13417,14233,13417,13449,22149,23241,19657,16035,12108,8529,9067,20240,17532,918,12394,10855,2248,138,9776,1,2:03,2023,2024
2023-24,1631220,Dereon Seabron,Dereon,1610612740,NOP,New Orleans Pelicans,22300022,2023-11-14T00:00:00,NOP vs. DAL,W,2.05,0.0,0.0,0.0,0.0,0.0,0.0,0.0,0.0,0.0,0.0,0.0,0.0,0.0,0.0,17.6,0.0,0.0,0.0,0.0,0.0,0.0,52.7,0,0,35.1,1,1,13151,1,25486,22557,24896,22557,14651,20560,14651,13417,14233,13417,13449,22149,23241,19657,16035,37,8529,9067,20240,17532,23140,12394,2444,2248,138,9776,1,2:03,2023,2024
2023-24,1641722,Jordan Hawkins,Jordan,1610612740,NOP,New Orleans Pelicans,22300022,2023-11-14T00:00:00,NOP vs. DAL,W,32.766666666666666,8.8,18.7,0.471,5.5,13.2,0.417,4.4,4.4,1.0,2.2,4.4,6.6,3.3,0.0,0.0,0.0,0.0,3.3,1.1,27.5,14.3,40.3,0,0,42.8,1,1,13151,1,5636,5307,4073,12584,1555,1007,7825,5034,7019,1,7188,12547,10694,11914,16035,12108,8529,9067,9636,16693,3051,5867,7501,2248,138,5050,1,32:46,2023,2024
2023-24,202685,Jonas Valančiūnas,Jonas,1610612740,NOP,New Orleans Pelicans,22300022,2023-11-14T00:00:00,NOP vs. DAL,W,22.15,4.9,8.1,0.6,0.0,3.3,0.0,0.0,0.0,0.0,0.0,4.9,4.9,6.5,0.0,1.6,3.3,0.0,1.6,0.0,9.8,37.4,40.0,0,0,30.9,1,1,13151,1,14187,14739,19766,5678,14651,16397,14651,13417,14233,13417,13449,11114,14846,4813,16035,7156,1573,9067,16914,17532,18262,1184,7687,2248,138,12907,1,22:09,2023,2024
2023-24,1630230,Naji Marshall,Naji,1610612740,NOP,New Orleans Pelicans,22300022,2023-11-14T00:00:00,NOP vs. DAL,W,20.596666666666668,8.7,15.7,0.556,1.7,7.0,0.25,8.7,8.7,1.0,3.5,3.5,7.0,3.5,1.7,1.7,3.5,0.0,3.5,5.2,28.0,3.5,55.6,0,0,50.7,1,1,13151,1,15389,5397,7481,7603,10718,7542,11776,1137,2069,1,4137,15267,9844,11317,11462,6681,1366,9067,8945,3805,2840,10956,1827,2248,138,2265,1,20:36,2023,2024
2023-24,1630529,Herbert Jones,Herbert,1610612740,NOP,New Orleans Pelicans,22300022,2023-11-14T00:00:00,NOP vs. DAL,W,30.61833333333333,7.1,9.4,0.75,2.4,4.7,0.5,5.9,7.1,0.833,1.2,3.5,4.7,4.7,2.4,5.9,2.4,0.0,5.9,4.7,22.3,9.4,57.4,0,0,50.6,1,1,13151,1,7453,8968,17796,2237,8058,12997,4049,3061,3345,7318,11280,15178,15317,8234,8503,467,2770,9067,3200,4824,6018,7992,1519,2248,138,2307,1,30:37,2023,2024
2023-24,1630526,Jeremiah Robinson-Earl,Jeremiah,1610612740,NOP,New Orleans Pelicans,22300183,2023-11-12T00:00:00,NOP vs. DAL,L,25.766666666666666,5.6,11.2,0.5,4.2,7.0,0.6,0.0,0.0,0.0,1.4,7.0,8.4,1.4,1.4,1.4,0.0,0.0,2.8,0.0,15.4,7.0,30.3,0,0,32.1,1,13252,1,13252,11435,12732,14748,8954,3249,7558,3197,13417,14233,13417,10151,6223,7416,18098,12862,8092,8529,9067,11722,17532,12507,9190,14320,2248,138,11943,1,25:46,2023,2024
2023-24,1630346,Matt Ryan,Matt,1610612740,NOP,New Orleans Pelicans,22300183,2023-11-12T00:00:00,NOP vs. DAL,L,27.1,6.6,9.3,0.714,5.3,8.0,0.667,0.0,0.0,0.0,4.0,4.0,8.0,2.7,0.0,0.0,0.0,0.0,4.0,1.3,18.6,0.0,32.1,0,0,34.5,1,13252,1,13252,10358,9970,17974,2921,1714,5654,2080,13417,14233,13417,3379,13772,8073,13885,16035,12108,8529,9067,7306,15620,9200,12394,12978,2248,138,10185,1,27:06,2023,2024
2023-24,1629627,Zion Williamson,Zion,1610612740,NOP,New Orleans Pelicans,22300183,2023-11-12T00:00:00,NOP vs. DAL,L,26.73333333333333,9.4,14.8,0.636,0.0,0.0,0.0,5.4,10.8,0.5,1.3,1.3,2.7,5.4,8.1,1.3,0.0,0.0,4.0,6.7,24.2,-28.3,31.5,0,0,35.0,1,13252,1,13252,10648,4255,8807,4933,14651,20560,14651,3646,1150,10591,10375,21256,20325,6706,508,8370,8529,9067,7148,1950,4710,23427,13476,2248,138,9860,1,26:44,2023,2024
2023-24,1631220,Dereon Seabron,Dereon,1610612740,NOP,New Orleans Pelicans,22300183,2023-11-12T00:00:00,NOP vs. DAL,L,8.083333333333334,4.5,4.5,1.0,0.0,0.0,0.0,4.5,8.9,0.5,0.0,13.4,13.4,8.9,0.0,0.0,4.5,0.0,8.9,4.5,13.4,71.3,56.1,0,0,44.5,1,13252,1,13252,22692,15867,23792,1,14651,20560,14651,4933,1974,10591,13449,925,2515,2182,16035,12108,816,9067,1094,5323,14638,255,1719,2248,138,4264,1,8:05,2023,2024
2023-24,1630184,Kira Lewis Jr.,Kira,1610612740,NOP,New Orleans Pelicans,22300183,2023-11-12T00:00:00,NOP vs. DAL,L,7.583333333333333,9.5,23.7,0.4,0.0,0.0,0.0,4.7,4.7,1.0,4.7,0.0,4.7,19.0,4.7,0.0,0.0,4.7,0.0,4.7,23.7,66.5,53.2,0,0,47.5,1,13252,1,13252,22870,4162,1151,15260,14651,20560,14651,4480,6385,1,2497,22149,15200,104,2330,12108,8529,473,20240,4734,5027,305,2331,2248,138,3152,1,7:35,2023,2024
2023-24,202685,Jonas Valančiūnas,Jonas,1610612740,NOP,New Orleans Pelicans,22300183,2023-11-12T00:00:00,NOP vs. DAL,L,20.85,10.4,19.0,0.545,5.2,8.6,0.6,0.0,0.0,0.0,3.5,13.8,17.3,5.2,0.0,0.0,3.5,1.7,0.0,1.7,25.9,-22.4,64.7,1,0,60.4,1,13252,1,13252,15185,3039,3766,8074,1842,4649,3197,13417,14233,13417,4216,814,995,7141,16035,12108,1395,4413,20240,14137,3764,22206,752,1,138,822,1,20:51,2023,2024
2023-24,1630700,Dyson Daniels,Dyson,1610612740,NOP,New Orleans Pelicans,22300183,2023-11-12T00:00:00,NOP vs. DAL,L,31.433333333333334,8.0,13.7,0.583,3.4,6.9,0.5,0.0,0.0,0.0,2.3,8.0,10.3,4.6,3.4,0.0,0.0,1.1,3.4,0.0,19.5,-33.2,35.3,0,0,37.8,1,13252,1,13252,6754,6778,10390,6644,4864,7809,4049,13417,14233,13417,6901,4647,4948,8537,4800,12108,8529,6824,9131,17532,8366,24120,10751,2248,138,7932,1,31:26,2023,2024
2023-24,1630230,Naji Marshall,Naji,1610612740,NOP,New Orleans Pelicans,22300183,2023-11-12T00:00:00,NOP vs. DAL,L,13.85,5.2,7.8,0.667,2.6,2.6,1.0,7.8,7.8,1.0,2.6,2.6,5.2,5.2,5.2,0.0,0.0,0.0,5.2,5.2,20.8,10.4,29.6,0,0,33.8,1,13252,1,13252,20074,13883,20205,3541,7266,17755,1,1594,2734,1,6072,18001,13984,7095,1828,12108,8529,9067,4262,3884,7237,7515,14806,2248,138,10727,1,13:51,2023,2024
2023-24,1641722,Jordan Hawkins,Jordan,1610612740,NOP,New Orleans Pelicans,22300183,2023-11-12T00:00:00,NOP vs. DAL,L,27.566666666666663,3.9,17.0,0.231,2.6,11.8,0.222,2.6,2.6,1.0,0.0,2.6,2.6,2.6,2.6,0.0,0.0,2.6,1.3,1.3,13.1,-36.6,17.5,0,0,20.9,1,13252,1,13252,9974,17246,5917,21232,7236,1614,13104,8761,10838,1,13449,17973,20477,14019,7537,12108,8529,2085,18058,15723,14966,24491,22104,2248,138,20059,1,27:34,2023,2024
2023-24,203469,Cody Zeller,Cody,1610612740,NOP,New Orleans Pelicans,22300183,2023-11-12T00:00:00,NOP vs. DAL,L,13.333333333333334,2.7,5.4,0.5,0.0,0.0,0.0,2.7,5.4,0.5,2.7,10.8,13.5,5.4,2.7,0.0,0.0,0.0,2.7,8.1,8.1,29.7,29.7,0,0,27.0,1,13252,1,13252,20368,20043,23019,8954,14651,20560,14651,8555,5366,10591,5825,1957,2443,6684,7196,12108,8529,9067,12126,1046,19755,1997,14769,2248,138,15926,1,13:20,2023,2024
2023-24,1626204,Larry Nance Jr.,Larry,1610612740,NOP,New Orleans Pelicans,22300183,2023-11-12T00:00:00,NOP vs. DAL,L,6.85,0.0,10.5,0.0,0.0,5.3,0.0,0.0,0.0,0.0,5.3,10.5,15.8,0.0,5.3,0.0,0.0,0.0,5.3,0.0,0.0,-47.3,13.7,0,0,15.8,1,13252,1,13252,23159,22557,15881,22557,14651,11629,14651,13417,14233,13417,2044,2153,1374,19657,1790,12108,8529,9067,4159,17532,23140,25263,23483,2248,138,22581,1,6:51,2023,2024
2023-24,1627742,Brandon Ingram,Brandon,1610612740,NOP,New Orleans Pelicans,22300183,2023-11-12T00:00:00,NOP vs. DAL,L,30.85,10.5,19.8,0.529,1.2,3.5,0.333,1.2,4.7,0.25,0.0,5.8,5.8,5.8,1.2,0.0,0.0,1.2,2.3,4.7,23.3,-11.7,37.9,0,0,36.2,1,13252,1,13252,7238,2877,3115,8679,13053,15848,9124,12534,6533,13269,13449,8622,12432,5905,14177,12108,8529,6670,13550,4889,5303,18739,8968,2248,138,9002,1,30:51,2023,2024
2023-24,1626204,Larry Nance Jr.,Larry,1610612740,NOP,New Orleans Pelicans,22300011,2023-11-10T00:00:00,NOP @ HOU,L,14.716666666666669,0.0,0.0,0.0,0.0,0.0,0.0,2.4,4.9,0.5,2.4,9.8,12.2,2.4,2.4,0.0,0.0,0.0,2.4,2.4,2.4,-22.0,18.3,0,0,17.1,1,13252,1,13252,19511,22557,24896,22557,14651,20560,14651,9162,6151,10591,6484,2692,3233,14573,8138,12108,8529,9067,13086,11123,23039,22108,21731,2248,138,22047,1,14:43,2023,2024
2023-24,1630700,Dyson Daniels,Dyson,1610612740,NOP,New Orleans Pelicans,22300011,2023-11-10T00:00:00,NOP @ HOU,L,40.84333333333333,1.8,5.3,0.333,0.0,2.6,0.0,5.3,5.3,1.0,1.8,7.1,8.8,1.8,1.8,0.9,0.0,0.9,1.8,2.6,8.8,7.9,22.9,1,0,21.2,1,13252,1,13252,461,21746,23132,17629,14651,17674,14651,3770,5527,1,8883,6125,6783,16993,11410,11961,8529,8906,16456,10445,19143,8723,19304,1,138,19909,1,40:51,2023,2024
2023-24,1629627,Zion Williamson,Zion,1610612740,NOP,New Orleans Pelicans,22300011,2023-11-10T00:00:00,NOP @ HOU,L,33.61666666666667,8.6,17.1,0.5,0.0,0.0,0.0,8.6,11.8,0.727,2.1,6.4,8.6,1.1,5.4,0.0,1.1,0.0,5.4,8.6,25.7,2.1,35.4,0,0,37.5,1,13252,1,13252,4915,5713,5724,8954,14651,20560,14651,1212,868,9211,7380,7327,7135,19203,1697,12108,7066,9067,4015,833,3881,11657,10637,2248,138,8146,1,33:37,2023,2024
2023-24,203469,Cody Zeller,Cody,1610612740,NOP,New Orleans Pelicans,22300011,2023-11-10T00:00:00,NOP @ HOU,L,3.8666666666666663,0.0,0.0,0.0,0.0,0.0,0.0,9.3,9.3,1.0,0.0,9.3,9.3,0.0,0.0,9.3,0.0,0.0,9.3,9.3,9.3,37.2,48.4,0,0,37.2,1,13252,1,13252,24569,22557,24896,22557,14651,20560,14651,924,1735,1,13449,3092,6086,19657,16035,123,8529,9067,946,571,18696,1200,3736,2248,138,8298,1,3:52,2023,2024
2023-24,202685,Jonas Valančiūnas,Jonas,1610612740,NOP,New Orleans Pelicans,22300011,2023-11-10T00:00:00,NOP @ HOU,L,29.416666666666668,8.6,14.7,0.583,1.2,1.2,1.0,0.0,1.2,0.0,3.7,7.3,11.0,2.4,2.4,0.0,4.9,2.4,7.3,1.2,18.4,2.4,47.5,0,0,42.8,1,13252,1,13252,8434,5717,8996,6644,12755,20126,1,13417,13704,13417,3844,5665,4239,14566,8133,12108,662,2360,1821,16100,9455,11492,4085,2248,138,5058,1,29:25,2023,2024
2023-24,1630346,Matt Ryan,Matt,1610612740,NOP,New Orleans Pelicans,22300011,2023-11-10T00:00:00,NOP @ HOU,L,16.186666666666667,0.0,2.2,0.0,0.0,2.2,0.0,0.0,0.0,0.0,0.0,4.4,4.4,0.0,2.2,2.2,0.0,0.0,4.4,0.0,0.0,-20.0,9.8,0,0,8.9,1,13252,1,13252,18552,22557,24745,22557,14651,18494,14651,13417,14233,13417,13449,12384,15977,19657,9063,4629,8529,9067,5986,17532,23140,21553,24336,2248,138,24499,1,16:11,2023,2024
2023-24,1631220,Dereon Seabron,Dereon,1610612740,NOP,New Orleans Pelicans,22300011,2023-11-10T00:00:00,NOP @ HOU,L,12.3,0.0,8.8,0.0,0.0,0.0,0.0,0.0,0.0,0.0,0.0,2.9,2.9,0.0,0.0,2.9,0.0,2.9,0.0,0.0,0.0,-26.3,12.3,0,0,8.8,1,13252,1,13252,20901,22557,18783,22557,14651,20560,14651,13417,14233,13417,13449,17017,19783,19657,16035,2777,8529,1638,20240,17532,23140,23060,23827,2248,138,24529,1,12:18,2023,2024
2023-24,1627742,Brandon Ingram,Brandon,1610612740,NOP,New Orleans Pelicans,22300011,2023-11-10T00:00:00,NOP @ HOU,L,38.68333333333333,10.2,22.3,0.458,2.8,10.2,0.273,5.6,8.4,0.667,0.0,5.6,5.6,4.7,3.7,0.0,0.9,0.0,1.9,6.5,28.8,0.9,41.6,0,0,43.7,1,13252,1,13252,1205,3176,1634,13053,6703,2728,11733,3385,2284,9424,13449,9214,13030,8364,4132,12108,8166,9067,16002,2175,2480,12345,6763,2248,138,4647,1,38:41,2023,2024
2023-24,1630526,Jeremiah Robinson-Earl,Jeremiah,1610612740,NOP,New Orleans Pelicans,22300011,2023-11-10T00:00:00,NOP @ HOU,L,9.11,7.9,7.9,1.0,4.0,4.0,1.0,0.0,0.0,0.0,0.0,0.0,0.0,0.0,0.0,0.0,0.0,0.0,4.0,0.0,19.8,-27.7,19.8,0,0,23.7,1,13252,1,13252,22317,7004,20075,1,3676,14833,1,13417,14233,13417,13449,22149,23241,19657,16035,12108,8529,9067,7410,17532,8123,23325,21101,2248,138,18272,1,9:07,2023,2024
2023-24,1641722,Jordan Hawkins,Jordan,1610612740,NOP,New Orleans Pelicans,22300011,2023-11-10T00:00:00,NOP @ HOU,L,41.26,3.5,9.6,0.364,2.6,7.0,0.375,2.6,3.5,0.75,0.0,6.1,6.1,0.9,2.6,1.7,0.0,0.9,5.2,0.9,12.2,0.9,23.5,0,0,25.3,1,13252,1,13252,381,18238,17465,17149,7219,7572,8784,8750,8842,8216,13449,7978,11764,19639,7519,6693,8529,8939,4205,17486,15892,12375,18993,2248,138,17158,1,41:16,2023,2024
2023-24,1630700,Dyson Daniels,Dyson,1610612740,NOP,New Orleans Pelicans,22300166,2023-11-08T00:00:00,NOP @ MIN,L,31.05,3.5,11.6,0.3,1.2,3.5,0.333,0.0,0.0,0.0,1.2,2.3,3.5,5.8,3.5,4.6,0.0,1.2,2.3,1.2,8.1,-30.1,31.4,0,0,27.8,1,13252,1,13252,7070,18270,14035,19532,13098,15898,9124,13417,14233,13417,11387,18794,18413,5967,4701,900,8529,6723,13629,16414,19738,23716,13551,2248,138,15329,1,31:03,2023,2024
2023-24,1630526,Jeremiah Robinson-Earl,Jeremiah,1610612740,NOP,New Orleans Pelicans,22300166,2023-11-08T00:00:00,NOP @ MIN,L,27.98333333333333,3.9,9.0,0.429,1.3,2.6,0.5,5.1,5.1,1.0,3.9,7.7,11.6,1.3,2.6,0.0,0.0,0.0,2.6,5.1,14.2,-23.2,27.4,0,0,28.3,1,13252,1,13252,9615,17398,18443,14111,12438,17812,4049,3936,5729,1,3558,5108,3738,18486,7668,12108,8529,9067,12622,3963,13775,22412,16389,2248,138,14963,1,27:59,2023,2024
2023-24,1626204,Larry Nance Jr.,Larry,1610612740,NOP,New Orleans Pelicans,22300166,2023-11-08T00:00:00,NOP @ MIN,L,18.05,6.0,14.0,0.429,0.0,2.0,0.0,0.0,0.0,0.0,4.0,2.0,6.0,0.0,2.0,4.0,0.0,2.0,2.0,0.0,12.0,-21.9,29.1,0,0,25.9,1,13252,1,13252,17256,11656,10060,14111,14651,18987,14651,13417,14233,13417,3373,19790,12068,19657,10214,1334,8529,3517,15280,17532,16186,22086,15145,2248,138,16727,1,18:03,2023,2024
2023-24,1641722,Jordan Hawkins,Jordan,1610612740,NOP,New Orleans Pelicans,22300166,2023-11-08T00:00:00,NOP @ MIN,L,30.296666666666667,4.8,13.1,0.364,2.4,5.9,0.4,4.8,4.8,1.0,0.0,1.2,1.2,1.2,2.4,0.0,0.0,1.2,5.9,2.4,16.6,-22.6,17.5,0,0,21.4,1,13252,1,13252,7735,15067,11464,17149,7969,9915,7875,4467,6372,1,13449,21599,22925,18806,8395,12108,8529,6534,3122,11374,11233,22244,22115,2248,138,19774,1,30:18,2023,2024
2023-24,1630184,Kira Lewis Jr.,Kira,1610612740,NOP,New Orleans Pelicans,22300166,2023-11-08T00:00:00,NOP @ MIN,L,18.966666666666665,1.9,13.3,0.143,0.0,1.9,0.0,0.0,0.0,0.0,1.9,3.8,5.7,3.8,1.9,0.0,0.0,3.8,3.8,0.0,3.8,13.3,14.4,0,0,13.3,1,13252,1,13252,16587,21557,11089,22249,14651,19175,14651,13417,14233,13417,8402,14338,12736,10514,10710,12108,8529,834,7943,17532,22585,6257,23258,2248,138,23467,1,18:58,2023,2024
2023-24,202685,Jonas Valančiūnas,Jonas,1610612740,NOP,New Orleans Pelicans,22300166,2023-11-08T00:00:00,NOP @ MIN,L,22.1,6.5,14.7,0.444,0.0,3.3,0.0,0.0,0.0,0.0,1.6,8.1,9.8,0.0,0.0,0.0,0.0,1.6,1.6,1.6,13.0,-47.2,24.8,0,0,22.8,1,13252,1,13252,14222,10302,9028,13458,14651,16379,14651,13417,14233,13417,9327,4485,5545,19657,16035,12108,8529,4704,16905,14496,15002,25261,18202,2248,138,18843,1,22:06,2023,2024
2023-24,1631220,Dereon Seabron,Dereon,1610612740,NOP,New Orleans Pelicans,22300166,2023-11-08T00:00:00,NOP @ MIN,L,16.95,6.4,14.9,0.429,2.1,4.2,0.5,4.2,4.2,1.0,2.1,4.2,6.4,2.1,0.0,0.0,0.0,0.0,2.1,4.2,19.1,10.6,29.9,0,0,29.7,1,13252,1,13252,18021,10661,8723,14111,8967,14146,4049,5280,7299,1,7462,12948,11193,15705,16035,12108,8529,9067,14536,5794,8716,7400,14597,2248,138,13842,1,16:57,2023,2024
2023-24,1627742,Brandon Ingram,Brandon,1610612740,NOP,New Orleans Pelicans,22300166,2023-11-08T00:00:00,NOP @ MIN,L,31.62,12.5,28.5,0.44,1.1,6.8,0.167,1.1,1.1,1.0,0.0,3.4,3.4,6.8,2.3,0.0,0.0,1.1,1.1,2.3,27.3,-27.3,39.4,0,0,38.7,1,13252,1,13252,6594,1271,360,13929,13222,7923,13950,12621,13822,1,13449,15489,18553,4328,8826,12108,8529,6877,18833,11771,3106,23253,8032,2248,138,7346,1,31:37,2023,2024
2023-24,1630346,Matt Ryan,Matt,1610612740,NOP,New Orleans Pelicans,22300166,2023-11-08T00:00:00,NOP @ MIN,L,26.08333333333333,2.8,6.9,0.4,2.8,5.5,0.5,8.3,8.3,1.0,0.0,5.5,5.5,1.4,6.9,0.0,0.0,0.0,5.5,8.3,16.6,-5.5,18.4,0,0,26.2,1,13252,1,13252,11172,19930,21399,15260,6813,10964,4049,1333,2347,1,13449,9392,13190,18165,793,12108,8529,9067,3722,958,11327,15880,21723,2248,138,16479,1,26:05,2023,2024
2023-24,203469,Cody Zeller,Cody,1610612740,NOP,New Orleans Pelicans,22300166,2023-11-08T00:00:00,NOP @ MIN,L,12.0,3.0,6.0,0.5,0.0,0.0,0.0,6.0,9.0,0.667,6.0,9.0,15.0,18.0,0.0,0.0,0.0,0.0,9.0,12.0,12.0,24.0,57.0,0,0,45.0,1,13252,1,13252,21046,19376,22408,8954,14651,20560,14651,2930,1905,9424,1498,3415,1696,127,16035,12108,8529,9067,1061,204,16128,3001,1580,2248,138,4052,1,12:00,2023,2024
2023-24,1630604,E.J. Liddell,E.J.,1610612740,NOP,New Orleans Pelicans,22300166,2023-11-08T00:00:00,NOP @ MIN,L,4.9,7.3,22.0,0.333,0.0,14.7,0.0,14.7,14.7,1.0,0.0,0.0,0.0,0.0,7.3,0.0,7.3,0.0,7.3,7.3,29.4,44.1,44.1,0,0,44.1,1,13252,1,13252,24020,8243,1783,17629,14651,645,14651,203,423,1,13449,22149,23241,19657,667,12108,211,9067,1818,1486,2281,794,5519,2248,138,4481,1,4:54,2023,2024
2023-24,1627742,Brandon Ingram,Brandon,1610612740,NOP,New Orleans Pelicans,22300156,2023-11-06T00:00:00,NOP @ DEN,L,35.8,10.1,22.1,0.455,0.0,4.0,0.0,2.0,2.0,1.0,1.0,1.0,2.0,5.0,5.0,0.0,0.0,1.0,1.0,3.0,22.1,-29.2,27.1,0,0,29.2,1,13252,1,13252,3117,3421,1741,13083,14651,14687,14651,10494,12525,1,12534,21980,21729,7474,2001,12108,8529,7984,19597,9146,6159,23571,16649,2248,138,14291,1,35:48,2023,2024
2023-24,1630700,Dyson Daniels,Dyson,1610612740,NOP,New Orleans Pelicans,22300156,2023-11-06T00:00:00,NOP @ DEN,L,20.53333333333333,7.0,8.8,0.8,1.8,1.8,1.0,0.0,0.0,0.0,0.0,3.5,3.5,1.8,5.3,1.8,1.8,0.0,0.0,0.0,15.8,15.8,27.9,0,0,29.8,1,13252,1,13252,15416,9056,18805,1787,10701,19436,1,13417,14233,13417,13449,15234,18351,17017,1786,6662,4306,9067,20240,17532,12097,5310,16038,2248,138,13782,1,20:32,2023,2024
2023-24,1629627,Zion Williamson,Zion,1610612740,NOP,New Orleans Pelicans,22300156,2023-11-06T00:00:00,NOP @ DEN,L,36.833333333333336,9.8,21.5,0.455,0.0,0.0,0.0,0.0,1.0,0.0,2.9,6.8,9.8,8.8,0.0,2.0,0.0,2.9,2.0,1.0,19.5,-10.8,50.3,1,0,42.0,1,13252,1,13252,2350,3758,2046,13083,14651,20560,14651,13417,14120,13417,5255,6481,5545,2262,16035,5756,8529,1625,15490,17258,8301,18344,3080,1,138,5448,1,36:50,2023,2024
2023-24,1641722,Jordan Hawkins,Jordan,1610612740,NOP,New Orleans Pelicans,22300156,2023-11-06T00:00:00,NOP @ DEN,L,37.97166666666666,9.5,18.0,0.526,6.6,13.3,0.5,3.8,4.7,0.8,0.9,5.7,6.6,2.8,0.9,0.9,0.0,0.0,1.9,1.9,29.4,-14.2,43.5,0,0,47.4,1,13252,1,13252,1610,4174,4725,8767,803,977,4049,6171,6398,7723,12981,8964,10609,13323,15688,11549,8529,9067,15828,13483,2277,19713,5767,2248,138,3190,1,37:58,2023,2024
2023-24,202685,Jonas Valančiūnas,Jonas,1610612740,NOP,New Orleans Pelicans,22300156,2023-11-06T00:00:00,NOP @ DEN,L,23.93166666666667,3.0,9.0,0.333,0.0,1.5,0.0,3.0,3.0,1.0,3.0,13.5,16.5,3.0,3.0,0.0,1.5,1.5,9.0,3.0,9.0,-15.0,34.9,0,0,31.6,1,13252,1,13252,12908,19353,18405,17629,14651,19748,14651,7789,9862,1,5041,887,1146,12757,6072,12108,4975,5082,1051,9188,18942,20010,11019,2248,138,12379,1,23:56,2023,2024
2023-24,1630346,Matt Ryan,Matt,1610612740,NOP,New Orleans Pelicans,22300156,2023-11-06T00:00:00,NOP @ DEN,L,25.14666666666667,7.2,11.5,0.625,5.7,8.6,0.667,4.3,4.3,1.0,0.0,0.0,0.0,1.4,0.0,0.0,0.0,0.0,4.3,2.9,24.3,-5.7,26.5,0,0,31.5,1,13252,1,13252,11928,8697,14291,5137,1368,4720,2080,5192,7213,1,13449,22149,23241,17986,16035,12108,8529,9067,6405,9719,4652,15984,17025,2248,138,12456,1,25:09,2023,2024
2023-24,1626204,Larry Nance Jr.,Larry,1610612740,NOP,New Orleans Pelicans,22300156,2023-11-06T00:00:00,NOP @ DEN,L,15.116666666666667,4.8,7.1,0.667,2.4,2.4,1.0,0.0,0.0,0.0,2.4,4.8,7.1,2.4,2.4,0.0,0.0,0.0,2.4,9.5,11.9,4.8,21.7,0,0,23.8,1,13252,1,13252,19258,15034,21095,3541,7957,18185,1,13417,14233,13417,6658,11452,9569,14789,8381,12108,8529,9067,13354,508,16249,10315,20113,2248,138,18197,1,15:07,2023,2024
2023-24,203469,Cody Zeller,Cody,1610612740,NOP,New Orleans Pelicans,22300156,2023-11-06T00:00:00,NOP @ DEN,L,4.1,0.0,0.0,0.0,0.0,0.0,0.0,0.0,0.0,0.0,0.0,8.8,8.8,0.0,0.0,0.0,0.0,0.0,0.0,0.0,0.0,-79.0,10.5,0,0,8.8,1,13252,1,13252,24435,22557,24896,22557,14651,20560,14651,13417,14233,13417,13449,3657,6817,19657,16035,12108,8529,9067,20240,17532,23140,25994,24178,2248,138,24526,1,4:06,2023,2024
2023-24,1630184,Kira Lewis Jr.,Kira,1610612740,NOP,New Orleans Pelicans,22300156,2023-11-06T00:00:00,NOP @ DEN,L,9.48,3.8,7.6,0.5,0.0,3.8,0.0,0.0,0.0,0.0,0.0,0.0,0.0,0.0,0.0,0.0,0.0,0.0,3.8,0.0,7.6,0.0,7.6,0,0,7.6,1,13252,1,13252,22190,17551,20481,8954,14651,15211,14651,13417,14233,13417,13449,22149,23241,19657,16035,12108,8529,9067,7940,17532,20188,12394,24692,2248,138,24719,1,9:29,2023,2024
2023-24,1630529,Herbert Jones,Herbert,1610612740,NOP,New Orleans Pelicans,22300156,2023-11-06T00:00:00,NOP @ DEN,L,31.086666666666662,1.2,3.5,0.333,0.0,2.3,0.0,2.3,2.3,1.0,0.0,2.3,2.3,2.3,1.2,2.3,0.0,0.0,2.3,2.3,4.6,-26.6,16.7,0,0,13.9,1,13252,1,13252,7044,22448,24313,17629,14651,18319,14651,9532,11621,1,13449,18801,21088,15013,14239,4325,8529,9067,13635,11614,22177,23129,22430,2248,138,23274,1,31:05,2023,2024
2023-24,1630604,E.J. Liddell,E.J.,1610612740,NOP,New Orleans Pelicans,22300135,2023-11-04T00:00:00,NOP vs. ATL,L,1.2166666666666666,0.0,0.0,0.0,0.0,0.0,0.0,0.0,0.0,0.0,0.0,0.0,0.0,0.0,0.0,0.0,0.0,0.0,0.0,0.0,0.0,-29.6,0.0,0,0,0.0,1,13252,1,13252,25954,22557,24896,22557,14651,20560,14651,13417,14233,13417,13449,22149,23241,19657,16035,12108,8529,9067,20240,17532,23140,23629,25245,2248,138,25279,1,1:13,2023,2024
2023-24,1630529,Herbert Jones,Herbert,1610612740,NOP,New Orleans Pelicans,22300135,2023-11-04T00:00:00,NOP vs. ATL,L,33.095,6.5,14.1,0.462,1.1,5.4,0.2,0.0,0.0,0.0,1.1,1.1,2.2,1.1,3.3,3.3,1.1,0.0,1.1,0.0,14.1,-28.3,28.2,0,0,27.2,1,13252,1,13252,5361,10265,9827,12872,13521,11182,13222,13417,14233,13417,11880,21795,21391,19138,5294,2170,6947,9067,19132,17532,13787,23428,15835,2248,138,15802,1,33:06,2023,2024
2023-24,1630184,Kira Lewis Jr.,Kira,1610612740,NOP,New Orleans Pelicans,22300135,2023-11-04T00:00:00,NOP vs. ATL,L,9.633333333333333,0.0,11.2,0.0,0.0,7.5,0.0,0.0,0.0,0.0,0.0,0.0,0.0,14.9,0.0,3.7,0.0,0.0,3.7,0.0,0.0,-14.9,33.6,0,0,22.4,1,13252,1,13252,22134,22557,14679,22557,14651,6507,14651,13417,14233,13417,13449,22149,23241,300,16035,1596,8529,9067,8129,17532,23140,19971,11884,2248,138,19109,1,9:38,2023,2024
2023-24,1641722,Jordan Hawkins,Jordan,1610612740,NOP,New Orleans Pelicans,22300135,2023-11-04T00:00:00,NOP vs. ATL,L,24.15,7.5,16.4,0.455,6.0,11.9,0.5,1.5,1.5,1.0,0.0,7.5,7.5,0.0,1.5,1.5,0.0,0.0,4.5,1.5,22.4,-4.5,34.3,0,0,38.8,1,13252,1,13252,12716,8000,6599,13083,1171,1513,4049,11680,13356,1,13449,5479,8992,19657,12418,7661,8529,9067,5914,14968,6004,15343,11426,2248,138,7311,1,24:09,2023,2024
2023-24,202685,Jonas Valančiūnas,Jonas,1610612740,NOP,New Orleans Pelicans,22300135,2023-11-04T00:00:00,NOP vs. ATL,L,20.633333333333333,5.2,10.5,0.5,0.0,0.0,0.0,0.0,0.0,0.0,3.5,8.7,12.2,0.0,5.2,1.7,1.7,1.7,1.7,3.5,10.5,-34.9,30.4,0,0,29.7,1,13252,1,13252,15354,13779,15963,8954,14651,20560,14651,13417,14233,13417,4155,3726,3239,19657,1808,6694,4328,4351,16517,7735,17606,24296,14290,2248,138,13901,1,20:38,2023,2024
2023-24,203468,CJ McCollum,CJ,1610612740,NOP,New Orleans Pelicans,22300135,2023-11-04T00:00:00,NOP vs. ATL,L,33.333333333333336,5.4,13.0,0.417,1.1,6.5,0.167,2.2,3.2,0.667,0.0,1.1,1.1,6.5,0.0,2.2,3.2,2.2,3.2,3.2,14.0,-20.5,41.3,0,0,33.5,1,13252,1,13252,5147,13272,11661,14849,13578,8665,13950,9974,9344,9424,13449,21816,23052,4848,16035,4859,1593,2972,9836,8443,13889,21687,6945,2248,138,10951,1,33:20,2023,2024
2023-24,1627742,Brandon Ingram,Brandon,1610612740,NOP,New Orleans Pelicans,22300135,2023-11-04T00:00:00,NOP vs. ATL,L,31.53333333333333,6.8,11.4,0.6,1.1,3.4,0.333,3.4,3.4,1.0,1.1,6.8,8.0,3.4,1.1,0.0,1.1,0.0,1.1,2.3,18.3,-11.4,35.3,0,0,33.1,1,13252,1,13252,6678,9450,14353,5678,13203,16018,9124,6866,8966,1,11501,6460,8039,11527,14348,12108,6571,9067,18815,11743,9548,18641,10750,2248,138,11243,1,31:32,2023,2024
2023-24,1630700,Dyson Daniels,Dyson,1610612740,NOP,New Orleans Pelicans,22300135,2023-11-04T00:00:00,NOP vs. ATL,L,21.9,4.9,6.6,0.75,1.6,3.3,0.5,0.0,0.0,0.0,1.6,3.3,4.9,8.2,0.0,1.6,1.6,0.0,0.0,0.0,11.5,-6.6,39.6,0,0,32.9,1,13252,1,13252,14389,14616,21787,2237,11077,16314,4049,13417,14233,13417,9259,15858,14689,2747,16035,7088,4569,9067,20240,17532,16656,16410,7908,2248,138,11397,1,21:54,2023,2024
2023-24,1626204,Larry Nance Jr.,Larry,1610612740,NOP,New Orleans Pelicans,22300135,2023-11-04T00:00:00,NOP vs. ATL,L,15.366666666666667,4.7,11.7,0.4,0.0,4.7,0.0,4.7,4.7,1.0,2.3,4.7,7.0,2.3,0.0,0.0,0.0,0.0,2.3,4.7,14.1,14.1,26.0,0,0,23.4,1,13252,1,13252,19092,15245,13825,15260,14651,13032,14651,4570,6493,1,6767,11678,9779,14916,16035,12108,8529,9067,13505,4862,13873,5966,17358,2248,138,18449,1,15:22,2023,2024
2023-24,1629627,Zion Williamson,Zion,1610612740,NOP,New Orleans Pelicans,22300135,2023-11-04T00:00:00,NOP vs. ATL,L,32.288333333333334,10.0,17.8,0.563,0.0,0.0,0.0,7.8,11.1,0.7,2.2,3.3,5.6,3.3,0.0,0.0,0.0,3.3,2.2,5.6,27.9,-4.5,39.6,0,0,36.8,1,13252,1,13252,6031,3449,4923,7486,14651,20560,14651,1587,1029,9371,7087,15691,13059,11776,16035,12108,8529,1167,14016,3265,2874,15335,7927,2248,138,8586,1,32:17,2023,2024
2023-24,1630346,Matt Ryan,Matt,1610612740,NOP,New Orleans Pelicans,22300135,2023-11-04T00:00:00,NOP vs. ATL,L,16.85,2.1,8.5,0.25,0.0,6.4,0.0,4.3,4.3,1.0,2.1,2.1,4.3,2.1,2.1,0.0,0.0,0.0,4.3,2.1,8.5,-10.7,14.7,0,0,15.0,1,13252,1,13252,18089,21170,19157,20383,14651,8818,14651,5222,7251,1,7404,19364,16406,15658,9484,12108,8529,9067,6462,12362,19382,18316,23160,2248,138,22913,1,16:51,2023,2024
2023-24,203468,CJ McCollum,CJ,1610612740,NOP,New Orleans Pelicans,22300129,2023-11-02T00:00:00,NOP vs. DET,W,35.166666666666664,10.2,23.5,0.435,3.1,10.2,0.3,10.2,11.3,0.909,1.0,3.1,4.1,5.1,4.1,0.0,0.0,1.0,3.1,6.1,33.8,-17.4,42.3,0,0,46.1,1,1,13151,1,3664,3176,1218,14078,5774,2728,11273,688,1002,6768,12372,16539,16861,7271,3302,12108,8529,7806,10498,2539,1131,20771,6446,2248,138,3656,1,35:10,2023,2024
2023-24,202685,Jonas Valančiūnas,Jonas,1610612740,NOP,New Orleans Pelicans,22300129,2023-11-02T00:00:00,NOP vs. DET,W,32.516666666666666,10.0,17.7,0.563,2.2,3.3,0.667,3.3,4.4,0.75,4.4,10.0,14.4,5.5,2.2,0.0,3.3,1.1,5.5,7.7,25.5,22.1,58.8,1,0,54.2,1,1,13151,1,5849,3543,5050,7486,8584,16232,2080,7049,6952,8216,2821,2554,2005,6428,9098,12108,1513,7106,3688,1244,3987,3426,1319,1,138,1524,1,32:31,2023,2024
2023-24,1630184,Kira Lewis Jr.,Kira,1610612740,NOP,New Orleans Pelicans,22300129,2023-11-02T00:00:00,NOP vs. DET,W,19.98,1.8,9.0,0.2,0.0,1.8,0.0,7.2,7.2,1.0,0.0,5.4,5.4,7.2,1.8,1.8,0.0,1.8,1.8,5.4,10.8,27.0,31.7,0,0,27.0,1,1,13151,1,15839,21692,18438,21471,14651,19361,14651,1944,3227,1,13449,9680,13466,3800,11233,6475,8529,4189,16287,3534,17293,2384,13323,2248,138,15914,1,19:59,2023,2024
2023-24,1626204,Larry Nance Jr.,Larry,1610612740,NOP,New Orleans Pelicans,22300129,2023-11-02T00:00:00,NOP vs. DET,W,15.483333333333333,4.7,14.0,0.333,0.0,4.7,0.0,0.0,0.0,0.0,2.3,0.0,2.3,2.3,0.0,0.0,0.0,2.3,4.7,2.3,9.3,-25.6,15.6,0,0,14.0,1,1,13151,1,19006,15347,10078,17629,14651,13119,14651,13417,14233,13417,6815,22149,21067,14983,16035,12108,8529,2592,5465,11575,18707,22913,22848,2248,138,23258,1,15:29,2023,2024
2023-24,1630346,Matt Ryan,Matt,1610612740,NOP,New Orleans Pelicans,22300129,2023-11-02T00:00:00,NOP vs. DET,W,35.065,7.2,10.3,0.7,6.2,8.2,0.75,0.0,0.0,0.0,0.0,2.1,2.1,2.1,3.1,0.0,0.0,0.0,0.0,1.0,20.5,16.4,23.0,0,0,30.8,1,1,13151,1,3749,8633,16318,3257,1043,5259,1673,13417,14233,13417,13449,19616,21648,15956,5825,12108,8529,9067,20240,17050,7468,5087,19268,2248,138,12992,1,35:04,2023,2024
2023-24,1641722,Jordan Hawkins,Jordan,1610612740,NOP,New Orleans Pelicans,22300129,2023-11-02T00:00:00,NOP vs. DET,W,29.433333333333334,1.2,8.6,0.143,1.2,6.1,0.2,3.7,3.7,1.0,0.0,1.2,1.2,0.0,1.2,0.0,0.0,1.2,0.0,2.4,7.3,-9.8,7.6,0,0,9.8,1,1,13151,1,8424,22399,19139,22249,12759,9505,13222,6396,8502,1,13449,21528,22888,19657,13827,12108,8529,6332,20240,11123,20414,17924,24695,2248,138,24318,1,29:26,2023,2024
2023-24,1631220,Dereon Seabron,Dereon,1610612740,NOP,New Orleans Pelicans,22300129,2023-11-02T00:00:00,NOP vs. DET,W,13.05,0.0,5.5,0.0,0.0,0.0,0.0,5.5,5.5,1.0,0.0,0.0,0.0,2.8,0.0,0.0,0.0,0.0,2.8,2.8,5.5,41.4,9.7,0,0,8.3,1,1,13151,1,20521,22557,22907,22557,14651,20560,14651,3472,5187,1,13449,22149,23241,13570,16035,12108,8529,9067,11890,10067,21659,898,24357,2248,138,24613,1,13:03,2023,2024
2023-24,1630700,Dyson Daniels,Dyson,1610612740,NOP,New Orleans Pelicans,22300129,2023-11-02T00:00:00,NOP vs. DET,W,24.851666666666667,4.3,5.8,0.75,2.9,2.9,1.0,2.9,2.9,1.0,1.4,8.7,10.1,8.7,1.4,1.4,0.0,0.0,2.9,1.4,14.5,7.2,42.6,0,0,39.1,1,1,13151,1,12147,16153,22633,2237,6374,17154,1,8065,10130,1,9953,3762,5145,2344,12611,7848,8529,9067,11250,15151,13430,9049,6289,2248,138,7079,1,24:51,2023,2024
2023-24,1630529,Herbert Jones,Herbert,1610612740,NOP,New Orleans Pelicans,22300129,2023-11-02T00:00:00,NOP vs. DET,W,34.45333333333333,6.3,7.3,0.857,0.0,1.0,0.0,9.4,9.4,1.0,0.0,5.2,5.2,3.1,0.0,3.1,4.2,0.0,4.2,9.4,21.9,10.4,54.9,0,0,44.9,1,1,13151,1,4245,10924,20892,1520,14651,20362,14651,899,1692,1,13449,10140,13919,12378,16035,2384,926,9067,6742,543,6318,7487,1985,2248,138,4089,1,34:27,2023,2024
2023-24,203469,Cody Zeller,Cody,1610612740,NOP,New Orleans Pelicans,22300121,2023-11-01T00:00:00,NOP @ OKC,W,2.2,0.0,32.7,0.0,0.0,0.0,0.0,0.0,0.0,0.0,32.7,0.0,32.7,0.0,0.0,0.0,0.0,0.0,0.0,0.0,0.0,-98.2,39.3,0,0,32.7,1,1,13151,1,25417,22557,173,22557,14651,20560,14651,13417,14233,13417,9,22149,75,19657,16035,12108,8529,9067,20240,17532,23140,26138,8085,2248,138,11508,1,2:12,2023,2024
2023-24,203468,CJ McCollum,CJ,1610612740,NOP,New Orleans Pelicans,22300121,2023-11-01T00:00:00,NOP @ OKC,W,36.95,9.7,16.6,0.588,4.9,7.8,0.625,3.9,6.8,0.571,1.0,9.7,10.7,4.9,1.0,0.0,1.0,1.0,1.9,2.9,28.3,15.6,50.4,1,0,50.7,1,1,13151,1,2262,3786,6385,6572,2193,5956,3078,5959,3587,10507,12783,2720,4524,7831,15518,12108,7841,8282,15523,9520,2728,5368,3069,1,138,2276,1,36:57,2023,2024
2023-24,1641722,Jordan Hawkins,Jordan,1610612740,NOP,New Orleans Pelicans,22300121,2023-11-01T00:00:00,NOP @ OKC,W,37.303333333333335,3.9,18.3,0.211,1.9,12.5,0.154,0.0,0.0,0.0,3.9,1.9,5.8,3.9,1.0,1.9,0.0,1.0,1.9,1.0,9.7,16.4,27.2,0,0,25.1,1,1,13151,1,2016,17394,4410,21466,9930,1236,14334,13417,14233,13417,3557,19978,12549,10333,15585,5877,8529,8366,15645,17297,18365,5097,16529,2248,138,17316,1,37:18,2023,2024
2023-24,1629627,Zion Williamson,Zion,1610612740,NOP,New Orleans Pelicans,22300121,2023-11-01T00:00:00,NOP @ OKC,W,32.858333333333334,7.7,21.9,0.35,0.0,0.0,0.0,6.6,9.9,0.667,7.7,3.3,11.0,8.8,4.4,0.0,0.0,2.2,4.4,6.6,21.9,-7.7,43.8,1,0,41.6,1,1,13151,1,5572,7502,1846,17576,14651,20560,14651,2407,1485,9424,806,15866,4286,2280,2843,12108,8529,2890,6159,2122,6347,16914,5652,1,138,5657,1,32:52,2023,2024
2023-24,202685,Jonas Valančiūnas,Jonas,1610612740,NOP,New Orleans Pelicans,22300121,2023-11-01T00:00:00,NOP @ OKC,W,20.966666666666665,10.3,17.2,0.6,1.7,1.7,1.0,10.3,12.0,0.857,5.2,10.3,15.5,3.4,0.0,1.7,1.7,0.0,3.4,12.0,32.6,13.7,66.6,0,0,60.1,1,1,13151,1,15102,3105,5666,5678,10816,19482,1,675,810,7116,2142,2312,1505,11497,16035,6804,4395,9067,9138,203,1375,6067,627,2248,138,848,1,20:58,2023,2024
2023-24,1626204,Larry Nance Jr.,Larry,1610612740,NOP,New Orleans Pelicans,22300121,2023-11-01T00:00:00,NOP @ OKC,W,23.435,6.1,7.7,0.8,1.5,1.5,1.0,0.0,3.1,0.0,3.1,7.7,10.8,3.1,0.0,3.1,0.0,0.0,3.1,6.1,13.8,-1.5,40.6,0,0,35.3,1,1,13151,1,13259,11251,20363,1787,11401,19715,1,13417,9701,13417,4901,5169,4477,12553,16035,2488,8529,9067,10497,2537,14127,13936,7359,2248,138,9622,1,23:26,2023,2024
2023-24,1630184,Kira Lewis Jr.,Kira,1610612740,NOP,New Orleans Pelicans,22300121,2023-11-01T00:00:00,NOP @ OKC,W,10.216666666666669,7.0,14.1,0.5,3.5,7.0,0.5,0.0,0.0,0.0,0.0,0.0,0.0,0.0,3.5,7.0,0.0,0.0,0.0,0.0,17.6,-28.2,35.2,0,0,35.2,1,1,13151,1,21907,8978,9903,8954,4649,7435,4049,13417,14233,13417,13449,22149,23241,19657,4602,267,8529,9067,20240,17532,10215,23410,10779,2248,138,9691,1,10:13,2023,2024
2023-24,1630700,Dyson Daniels,Dyson,1610612740,NOP,New Orleans Pelicans,22300121,2023-11-01T00:00:00,NOP @ OKC,W,25.39666666666667,4.3,14.2,0.3,1.4,8.5,0.167,1.4,5.7,0.25,4.3,1.4,5.7,1.4,1.4,1.4,2.8,1.4,1.4,4.3,11.3,-8.5,31.6,0,0,28.4,1,1,13151,1,11737,16389,9775,19532,11864,4833,13950,11828,4963,13269,3009,21110,12801,18032,12763,7987,2029,5390,17609,5779,16817,17302,13387,2248,138,14916,1,25:24,2023,2024
2023-24,1630346,Matt Ryan,Matt,1610612740,NOP,New Orleans Pelicans,22300121,2023-11-01T00:00:00,NOP @ OKC,W,19.64666666666667,3.7,11.0,0.333,1.8,9.2,0.2,0.0,0.0,0.0,0.0,5.5,5.5,0.0,1.8,0.0,0.0,0.0,3.7,0.0,9.2,-5.5,13.9,0,0,16.5,1,1,13151,1,16083,17869,15055,17629,10393,3919,13222,13417,14233,13417,13449,9453,13255,19657,11090,12108,8529,9067,8392,17532,18825,15866,23417,2248,138,22300,1,19:39,2023,2024
2023-24,1630529,Herbert Jones,Herbert,1610612740,NOP,New Orleans Pelicans,22300121,2023-11-01T00:00:00,NOP @ OKC,W,31.026666666666667,2.3,10.4,0.222,1.2,7.0,0.167,0.0,0.0,0.0,0.0,7.0,7.0,1.2,1.2,0.0,1.2,0.0,5.8,0.0,5.8,11.6,18.2,0,0,17.4,1,1,13151,1,7089,20810,16010,21280,13091,7619,13950,13417,14233,13417,13449,6274,9907,18907,14222,12108,6469,9067,3291,17532,21495,6972,21799,2248,138,21921,1,31:02,2023,2024
2023-24,1630529,Herbert Jones,Herbert,1610612740,NOP,New Orleans Pelicans,22300108,2023-10-30T00:00:00,NOP vs. GSW,L,22.35,1.6,8.1,0.2,0.0,6.4,0.0,3.2,3.2,1.0,0.0,3.2,3.2,1.6,0.0,3.2,1.6,0.0,6.4,3.2,6.4,-35.4,27.2,0,0,20.9,1,13252,1,13252,14053,21954,19877,21471,14651,8752,14651,7290,9380,1,13449,16074,19026,17434,16035,2232,4663,9067,2535,8495,21073,24368,16524,2248,138,20037,1,22:21,2023,2024
2023-24,1630700,Dyson Daniels,Dyson,1610612740,NOP,New Orleans Pelicans,22300108,2023-10-30T00:00:00,NOP vs. GSW,L,24.15,4.5,7.5,0.6,1.5,3.0,0.5,0.0,0.0,0.0,0.0,6.0,6.0,4.5,0.0,0.0,0.0,0.0,1.5,0.0,10.4,-19.4,24.3,0,0,22.4,1,13252,1,13252,12716,15807,20704,5678,11577,16997,4049,13417,14233,13417,13449,8320,12123,8779,16035,12108,8529,9067,17353,17532,17643,21348,18492,2248,138,19155,1,24:09,2023,2024
2023-24,202685,Jonas Valančiūnas,Jonas,1610612740,NOP,New Orleans Pelicans,22300108,2023-10-30T00:00:00,NOP vs. GSW,L,22.8,6.3,17.4,0.364,1.6,7.9,0.2,3.2,3.2,1.0,3.2,6.3,9.5,4.7,0.0,0.0,3.2,0.0,1.6,1.6,17.4,-26.8,45.3,0,0,39.5,1,13252,1,13252,13699,10818,5441,17149,11255,5782,13222,7414,9506,1,4725,7561,5896,8160,16035,12108,1668,9067,17063,14658,10460,23161,4969,2248,138,6865,1,22:48,2023,2024
2023-24,1629627,Zion Williamson,Zion,1610612740,NOP,New Orleans Pelicans,22300108,2023-10-30T00:00:00,NOP vs. GSW,L,29.92,8.4,18.0,0.467,0.0,1.2,0.0,6.0,10.8,0.556,3.6,2.4,6.0,3.6,6.0,2.4,0.0,2.4,6.0,7.2,22.9,-20.5,36.7,0,0,37.3,1,13252,1,13252,8026,5973,4686,12709,14651,20161,14651,2919,1131,10568,3945,18546,11972,11028,1220,4053,8529,2436,3014,1575,5654,21675,9754,2248,138,8264,1,29:55,2023,2024
2023-24,1630346,Matt Ryan,Matt,1610612740,NOP,New Orleans Pelicans,22300108,2023-10-30T00:00:00,NOP vs. GSW,L,27.166666666666668,5.3,11.9,0.444,4.0,9.3,0.429,1.3,1.3,1.0,1.3,1.3,2.7,2.7,2.7,1.3,0.0,0.0,2.7,2.7,15.9,-22.5,24.4,0,0,27.8,1,13252,1,13252,10302,13575,13488,13458,3635,3768,7457,12035,13522,1,10477,21301,20401,13901,7386,8476,8529,9067,12316,10421,11969,22229,18445,2248,138,15327,1,27:10,2023,2024
2023-24,1641722,Jordan Hawkins,Jordan,1610612740,NOP,New Orleans Pelicans,22300108,2023-10-30T00:00:00,NOP vs. GSW,L,35.016666666666666,6.2,13.4,0.462,2.1,7.2,0.286,0.0,2.1,0.0,2.1,3.1,5.1,2.1,1.0,2.1,0.0,0.0,1.0,1.0,14.4,-14.4,28.8,0,0,27.8,1,13252,1,13252,3792,11178,10956,12872,9274,7094,11375,13417,12371,13417,7718,16492,14121,15943,15140,5297,8529,9067,19462,17041,13543,19760,15396,2248,138,15393,1,35:01,2023,2024
2023-24,1626204,Larry Nance Jr.,Larry,1610612740,NOP,New Orleans Pelicans,22300108,2023-10-30T00:00:00,NOP vs. GSW,L,16.963333333333335,4.2,4.2,1.0,2.1,2.1,1.0,0.0,0.0,0.0,4.2,6.4,10.6,4.2,6.4,0.0,0.0,0.0,4.2,2.1,10.6,-12.7,23.3,0,0,27.6,1,13252,1,13252,18017,16411,23918,1,8977,18707,1,13417,14233,13417,3016,7458,4643,9324,1020,12108,8529,9067,6554,12437,17500,19173,19065,2248,138,15527,1,16:58,2023,2024
2023-24,203469,Cody Zeller,Cody,1610612740,NOP,New Orleans Pelicans,22300108,2023-10-30T00:00:00,NOP vs. GSW,L,4.65,0.0,15.5,0.0,0.0,0.0,0.0,0.0,15.5,0.0,7.7,7.7,15.5,0.0,0.0,0.0,0.0,15.5,0.0,7.7,0.0,0.0,18.6,0,0,15.5,1,13252,1,13252,24161,22557,7827,22557,14651,20560,14651,13417,353,13417,784,5070,1495,19657,16035,12108,8529,31,20240,1247,23140,12394,21630,2248,138,22701,1,4:39,2023,2024
2023-24,1629232,Kaiser Gates,Kaiser,1610612740,NOP,New Orleans Pelicans,22300108,2023-10-30T00:00:00,NOP vs. GSW,L,7.433333333333334,0.0,19.4,0.0,0.0,9.7,0.0,0.0,0.0,0.0,0.0,4.8,4.8,0.0,0.0,0.0,0.0,4.8,0.0,0.0,0.0,-9.7,5.8,0,0,4.8,1,13252,1,13252,22944,22557,3456,22557,14651,3284,14651,13417,14233,13417,13449,11205,14923,19657,16035,12108,8529,449,20240,17532,23140,17873,24922,2248,138,25102,1,7:26,2023,2024
2023-24,203468,CJ McCollum,CJ,1610612740,NOP,New Orleans Pelicans,22300108,2023-10-30T00:00:00,NOP vs. GSW,L,33.483333333333334,7.5,22.6,0.333,2.2,8.6,0.25,3.2,4.3,0.75,2.2,4.3,6.5,5.4,0.0,1.1,0.0,2.2,1.1,4.3,20.4,-20.4,39.5,0,0,36.6,1,13252,1,13252,5018,7834,1539,17629,8850,4704,11776,7282,7202,8216,7354,12812,11009,6737,16035,10322,8529,2999,19195,5672,7563,21667,8005,2248,138,8733,1,33:29,2023,2024
2023-24,1630184,Kira Lewis Jr.,Kira,1610612740,NOP,New Orleans Pelicans,22300108,2023-10-30T00:00:00,NOP vs. GSW,L,16.066666666666666,9.0,13.4,0.667,0.0,4.5,0.0,6.7,9.0,0.75,2.2,0.0,2.2,4.5,0.0,0.0,0.0,0.0,2.2,6.7,24.6,-29.1,34.1,0,0,31.4,1,13252,1,13252,18620,5011,10837,3541,14651,13558,14651,2293,1931,8216,7063,22149,21245,8754,16035,12108,8529,9067,13976,1965,4480,23567,11595,2248,138,12543,1,16:04,2023,2024
2023-24,202685,Jonas Valančiūnas,Jonas,1610612740,NOP,New Orleans Pelicans,22300090,2023-10-28T00:00:00,NOP vs. NYK,W,20.98333333333333,5.1,12.0,0.429,0.0,1.7,0.0,3.4,3.4,1.0,0.0,6.9,6.9,0.0,6.9,1.7,0.0,1.7,6.9,1.7,13.7,8.6,20.2,0,0,24.0,1,1,13151,1,15088,14031,13313,14111,14651,19486,14651,6850,8947,1,13449,6436,10101,19657,804,6811,8529,4441,2139,14173,14235,8396,20856,2248,138,18056,1,20:59,2023,2024
2023-24,1629627,Zion Williamson,Zion,1610612740,NOP,New Orleans Pelicans,22300090,2023-10-28T00:00:00,NOP vs. NYK,W,28.08333333333333,15.4,21.8,0.706,0.0,0.0,0.0,0.0,2.6,0.0,1.3,5.1,6.4,2.6,0.0,0.0,0.0,1.3,0.0,2.6,30.8,14.1,42.3,0,0,39.7,1,1,13151,1,9528,453,1896,3236,14651,20560,14651,13417,10992,13417,10704,10392,11113,14191,16035,12108,8529,5990,20240,10723,1875,5938,6435,2248,138,6721,1,28:05,2023,2024
2023-24,1630529,Herbert Jones,Herbert,1610612740,NOP,New Orleans Pelicans,22300090,2023-10-28T00:00:00,NOP vs. NYK,W,27.535,5.2,7.8,0.667,2.6,2.6,1.0,0.0,0.0,0.0,0.0,2.6,2.6,1.3,1.3,0.0,3.9,0.0,6.5,3.9,13.1,7.8,28.6,0,0,27.5,1,1,13151,1,10006,13799,20143,3541,7231,17725,1,13417,14233,13417,13449,17969,20472,18420,13302,12108,1070,9067,2433,6582,14951,8760,15494,2248,138,15615,1,27:32,2023,2024
2023-24,1630700,Dyson Daniels,Dyson,1610612740,NOP,New Orleans Pelicans,22300090,2023-10-28T00:00:00,NOP vs. NYK,W,21.756666666666668,1.7,11.6,0.143,0.0,5.0,0.0,0.0,6.6,0.0,0.0,6.6,6.6,5.0,1.7,1.7,0.0,0.0,3.3,3.3,3.3,18.2,22.0,0,0,18.2,1,1,13151,1,14496,21897,14053,22249,14651,12391,14651,13417,3798,13417,13449,6919,10645,7631,11773,7046,8529,9067,9589,8231,22776,4485,19897,2248,138,21543,1,21:45,2023,2024
2023-24,1630184,Kira Lewis Jr.,Kira,1610612740,NOP,New Orleans Pelicans,22300090,2023-10-28T00:00:00,NOP vs. NYK,W,10.166666666666666,3.5,14.2,0.25,0.0,7.1,0.0,0.0,0.0,0.0,0.0,7.1,7.1,0.0,0.0,0.0,0.0,0.0,0.0,0.0,7.1,-35.4,15.6,0,0,14.2,1,1,13151,1,21925,18126,9785,20383,14651,7350,14651,13417,14233,13417,13449,6066,9688,19657,16035,12108,8529,9067,20240,17532,20586,24359,22845,2248,138,23181,1,10:10,2023,2024
2023-24,1626204,Larry Nance Jr.,Larry,1610612740,NOP,New Orleans Pelicans,22300090,2023-10-28T00:00:00,NOP vs. NYK,W,16.248333333333335,0.0,2.2,0.0,0.0,0.0,0.0,0.0,0.0,0.0,2.2,11.1,13.3,0.0,0.0,0.0,2.2,0.0,4.4,0.0,0.0,15.5,22.6,0,0,17.7,1,1,13151,1,18519,22557,24749,22557,14651,20560,14651,13417,14233,13417,7132,1809,2556,19657,16035,12108,3040,9067,6017,17532,23140,5414,19505,2248,138,21767,1,16:15,2023,2024
2023-24,1630346,Matt Ryan,Matt,1610612740,NOP,New Orleans Pelicans,22300090,2023-10-28T00:00:00,NOP vs. NYK,W,25.718333333333334,1.4,11.2,0.125,1.4,11.2,0.125,0.0,0.0,0.0,0.0,4.2,4.2,4.2,0.0,1.4,1.4,0.0,4.2,1.4,4.2,11.2,23.9,0,0,19.6,1,1,13151,1,11479,22205,14704,22400,11930,1985,14525,13417,14233,13417,13449,13094,16579,9437,16035,8084,5352,9067,6687,15339,22399,7140,18725,2248,138,20805,1,25:43,2023,2024
2023-24,1627742,Brandon Ingram,Brandon,1610612740,NOP,New Orleans Pelicans,22300090,2023-10-28T00:00:00,NOP vs. NYK,W,31.9,12.4,19.2,0.647,1.1,3.4,0.333,3.4,4.5,0.75,2.3,5.6,7.9,3.4,5.6,1.1,0.0,0.0,4.5,4.5,29.3,5.6,41.6,0,0,44.0,1,1,13151,1,6366,1336,3600,4807,13268,16092,9124,6943,6797,8216,7003,9072,8181,11656,1468,9856,8529,9067,5817,5188,2301,9856,6741,2248,138,4515,1,31:54,2023,2024
2023-24,203469,Cody Zeller,Cody,1610612740,NOP,New Orleans Pelicans,22300090,2023-10-28T00:00:00,NOP vs. NYK,W,7.733333333333333,0.0,4.7,0.0,0.0,0.0,0.0,0.0,0.0,0.0,0.0,4.7,4.7,0.0,0.0,0.0,0.0,4.7,0.0,4.7,0.0,-32.6,5.6,0,0,4.7,1,1,13151,1,22813,22557,23647,22557,14651,20560,14651,13417,14233,13417,13449,11763,15450,19657,16035,12108,8529,496,20240,4913,23140,24039,24947,2248,138,25129,1,7:44,2023,2024
2023-24,1641722,Jordan Hawkins,Jordan,1610612740,NOP,New Orleans Pelicans,22300090,2023-10-28T00:00:00,NOP vs. NYK,W,17.775,6.1,14.2,0.429,6.1,12.2,0.5,0.0,0.0,0.0,0.0,8.1,8.1,2.0,2.0,0.0,0.0,0.0,0.0,0.0,18.2,2.0,29.0,0,0,34.4,1,1,13151,1,17457,11401,9770,14111,1091,1399,4049,13417,14233,13417,13449,4540,7838,16067,10020,12108,8529,9067,20240,17532,9579,11743,15261,2248,138,10278,1,17:47,2023,2024
2023-24,1630604,E.J. Liddell,E.J.,1610612740,NOP,New Orleans Pelicans,22300090,2023-10-28T00:00:00,NOP vs. NYK,W,2.466666666666667,0.0,14.6,0.0,0.0,14.6,0.0,0.0,0.0,0.0,0.0,29.2,29.2,0.0,0.0,0.0,0.0,0.0,0.0,0.0,0.0,-145.9,35.0,0,0,29.2,1,1,13151,1,25258,22557,9118,22557,14651,662,14651,13417,14233,13417,13449,57,116,19657,16035,12108,8529,9067,20240,17532,23140,26294,10917,2248,138,14258,1,2:28,2023,2024
2023-24,203468,CJ McCollum,CJ,1610612740,NOP,New Orleans Pelicans,22300090,2023-10-28T00:00:00,NOP vs. NYK,W,29.633333333333333,4.9,13.4,0.364,2.4,8.5,0.286,2.4,4.9,0.5,0.0,3.6,3.6,8.5,1.2,4.9,0.0,0.0,2.4,3.6,14.6,21.9,45.1,0,0,38.9,1,1,13151,1,8270,14799,10958,17149,7808,4835,11375,9211,6201,10591,13449,14815,18038,2509,13874,791,8529,9067,13141,7338,13339,3475,5058,2248,138,7229,1,29:38,2023,2024
2023-24,1641722,Jordan Hawkins,Jordan,1610612740,NOP,New Orleans Pelicans,22300071,2023-10-25T00:00:00,NOP @ MEM,W,9.225,3.9,7.8,0.5,3.9,7.8,0.5,0.0,0.0,0.0,0.0,0.0,0.0,7.8,0.0,0.0,0.0,0.0,7.8,0.0,11.7,54.6,23.4,0,0,23.4,1,1,13151,1,22273,17283,20197,8954,3780,5941,4049,13417,14233,13417,13449,22149,23241,3095,16035,12108,8529,9067,1528,17532,16463,467,19028,2248,138,18459,1,9:14,2023,2024
2023-24,202685,Jonas Valančiūnas,Jonas,1610612740,NOP,New Orleans Pelicans,22300071,2023-10-25T00:00:00,NOP @ MEM,W,29.2,4.9,8.6,0.571,2.5,4.9,0.5,2.5,2.5,1.0,0.0,14.8,14.8,1.2,3.7,0.0,1.2,1.2,1.2,1.2,14.8,19.7,34.4,1,0,35.8,1,1,13151,1,8598,14616,19032,6891,7698,12466,4049,9127,11219,1,13449,616,1789,18670,4197,12108,6067,6276,18373,16064,13122,4021,11337,1,138,9301,1,29:12,2023,2024
2023-24,1630700,Dyson Daniels,Dyson,1610612740,NOP,New Orleans Pelicans,22300071,2023-10-25T00:00:00,NOP @ MEM,W,18.883333333333333,5.7,11.4,0.5,0.0,1.9,0.0,0.0,0.0,0.0,3.8,5.7,9.5,0.0,3.8,3.8,1.9,0.0,7.6,0.0,11.4,-3.8,36.2,0,0,32.4,1,1,13151,1,16650,12365,14315,8954,14651,19159,14651,13417,14233,13417,3628,8888,5819,19657,3917,1510,3866,9067,1622,17532,16722,15012,10081,2248,138,11742,1,18:53,2023,2024
2023-24,203468,CJ McCollum,CJ,1610612740,NOP,New Orleans Pelicans,22300071,2023-10-25T00:00:00,NOP @ MEM,W,37.333333333333336,7.7,15.4,0.5,5.8,10.6,0.545,1.9,1.9,1.0,1.0,2.9,3.9,5.8,1.9,1.9,1.0,0.0,2.9,1.0,23.1,-1.0,43.2,0,0,44.4,1,1,13151,1,2000,7401,7897,8954,1315,2425,3982,10755,12741,1,12860,17134,17492,5985,10545,5887,7921,9067,11273,17301,5435,13635,5942,2248,138,4355,1,37:20,2023,2024
2023-24,1629627,Zion Williamson,Zion,1610612740,NOP,New Orleans Pelicans,22300071,2023-10-25T00:00:00,NOP @ MEM,W,31.716666666666665,10.2,19.3,0.529,0.0,0.0,0.0,5.7,7.9,0.714,4.5,3.4,7.9,3.4,3.4,0.0,0.0,5.7,1.1,6.8,26.1,-9.1,37.3,0,0,37.5,1,1,13151,1,6519,3210,3511,8679,14651,20560,14651,3277,2619,9242,2704,15523,8108,11591,4880,12108,8529,308,18851,1875,3649,17611,9349,2248,138,8168,1,31:43,2023,2024
2023-24,1627742,Brandon Ingram,Brandon,1610612740,NOP,New Orleans Pelicans,22300071,2023-10-25T00:00:00,NOP @ MEM,W,35.93666666666667,7.0,18.0,0.389,0.0,3.0,0.0,5.0,6.0,0.833,0.0,7.0,7.0,6.0,5.0,2.0,0.0,0.0,3.0,6.0,19.0,-2.0,37.5,0,0,36.1,1,1,13151,1,3022,9060,4709,16305,14651,16919,14651,4131,4494,7318,13449,6182,9812,5579,2029,5537,8529,9067,10751,2697,8791,14154,9275,2248,138,9082,1,35:56,2023,2024
2023-24,1630184,Kira Lewis Jr.,Kira,1610612740,NOP,New Orleans Pelicans,22300071,2023-10-25T00:00:00,NOP @ MEM,W,10.816666666666666,0.0,10.0,0.0,0.0,6.7,0.0,0.0,0.0,0.0,0.0,0.0,0.0,0.0,3.3,0.0,3.3,0.0,3.3,0.0,0.0,0.0,6.7,0,0,6.7,1,1,13151,1,21653,22557,16816,22557,14651,8275,14651,13417,14233,13417,13449,22149,23241,19657,5094,12108,1506,9067,9514,17532,23140,12394,24830,2248,138,24870,1,10:49,2023,2024
2023-24,1630346,Matt Ryan,Matt,1610612740,NOP,New Orleans Pelicans,22300071,2023-10-25T00:00:00,NOP @ MEM,W,13.863333333333332,7.8,15.6,0.5,7.8,15.6,0.5,0.0,0.0,0.0,0.0,2.6,2.6,2.6,0.0,0.0,0.0,0.0,5.2,0.0,23.4,51.9,30.4,0,0,36.4,1,1,13151,1,20072,7244,7693,8954,446,504,4049,13417,14233,13417,13449,18008,20498,14073,16035,12108,8529,9067,4270,17532,5274,523,14270,2248,138,8856,1,13:52,2023,2024
2023-24,1630529,Herbert Jones,Herbert,1610612740,NOP,New Orleans Pelicans,22300071,2023-10-25T00:00:00,NOP @ MEM,W,38.1,3.8,7.6,0.5,1.9,2.8,0.667,2.8,4.7,0.6,2.8,4.7,7.6,2.8,2.8,0.9,0.9,0.9,2.8,4.7,12.3,1.9,28.4,0,0,28.3,1,1,13151,1,1529,17596,20540,8954,10133,17306,2080,8234,6426,10302,5506,11571,8798,13356,6731,11577,8051,8527,11543,4782,15828,11826,15643,2248,138,14919,1,38:06,2023,2024
2023-24,1626204,Larry Nance Jr.,Larry,1610612740,NOP,New Orleans Pelicans,22300071,2023-10-25T00:00:00,NOP @ MEM,W,14.925,2.4,4.8,0.5,0.0,0.0,0.0,0.0,0.0,0.0,2.4,16.9,19.3,0.0,4.8,2.4,0.0,0.0,2.4,0.0,4.8,-9.6,30.4,0,0,28.9,1,1,13151,1,19388,20614,23518,8954,14651,20560,14651,13417,14233,13417,6569,352,614,19657,2234,4036,8529,9067,13229,17532,22074,17856,14266,2248,138,14466,1,14:56,2023,2024
