group_set,player_id,player,nickname,team_id,team,age,gp,w,l,w_pct,min,fgm,fga,fg_pct,fg3m,fg3a,fg3_pct,ftm,fta,ft_pct,oreb,dreb,reb,ast,tov,stl,blk,blka,pf,pfd,pts,plus_minus,nba_fantasy_pts,dd2,td3,wnba_fantasy_pts,gp_rank,w_rank,l_rank,w_pct_rank,min_rank,fgm_rank,fga_rank,fg_pct_rank,fg3m_rank,fg3a_rank,fg3_pct_rank,ftm_rank,fta_rank,ft_pct_rank,oreb_rank,dreb_rank,reb_rank,ast_rank,tov_rank,stl_rank,blk_rank,blka_rank,pf_rank,pfd_rank,pts_rank,plus_minus_rank,nba_fantasy_pts_rank,dd2_rank,td3_rank,wnba_fantasy_pts_rank
Players,1627854,Bryn Forbes,Bryn,1610612759,SAS,25.0,3,1,2,0.333,8.871666666666666,1,3,0.333,0,1,0.0,0,0,0.0,0,1,1,0,0,0,0,1,1,0,2,-2,3.2,0,0,3.0,51,58,55,76,53,51,46,50,43,39,43,47,47,47,43,40,49,54,48,38,28,98,56,56,65,70,79,42,5,78
Players,201942,DeMar DeRozan,DeMar,1610612759,SAS,29.0,3,1,2,0.333,10.4,2,6,0.333,0,0,0.0,3,4,0.75,1,2,3,2,1,0,0,1,0,2,7,-1,12.6,1,0,12.0,51,58,55,76,46,33,30,50,43,72,43,17,15,31,27,33,31,17,26,38,28,98,1,22,36,63,39,18,5,38
Players,1628401,Derrick White,Derrick,1610612759,SAS,24.0,2,1,1,0.5,5.883333333333334,0,1,0.0,0,0,0.0,2,2,1.0,0,0,0,0,1,1,0,0,0,1,2,-2,4.0,0,0,4.0,71,58,20,45,75,70,66,70,43,72,43,25,30,1,43,66,72,54,26,10,28,1,1,35,65,70,72,42,5,67
Players,202722,Dāvis Bertāns,Dāvis,1610612759,SAS,26.0,1,1,0,1.0,1.1,1,1,1.0,1,1,1.0,0,0,0.0,0,0,0,0,0,0,0,0,0,0,3,3,3.0,0,0,4.0,99,58,1,1,104,51,66,1,19,39,1,47,47,47,43,66,72,54,48,38,28,1,1,56,56,37,80,42,5,67
Players,200746,LaMarcus Aldridge,LaMarcus,1610612759,SAS,33.0,3,1,2,0.333,10.4,0,1,0.0,0,0,0.0,2,2,1.0,0,1,1,0,0,1,0,0,2,2,2,-1,6.2,1,0,5.0,51,58,55,76,46,70,66,70,43,72,43,25,30,1,43,40,49,54,48,10,28,1,81,22,65,63,59,18,5,63
Players,201988,Patty Mills,Patty,1610612759,SAS,30.0,3,1,2,0.333,6.045,1,1,1.0,0,0,0.0,0,0,0.0,0,1,1,1,0,0,0,0,1,0,2,2,4.7,0,0,4.0,51,58,55,76,73,51,66,1,43,72,43,47,47,47,43,40,49,28,48,38,28,1,56,56,65,39,67,42,5,67
Players,200752,Rudy Gay,Rudy,1610612759,SAS,32.0,3,1,2,0.333,9.3,0,1,0.0,0,1,0.0,0,0,0.0,1,1,2,0,0,0,0,0,1,0,0,-4,2.4,0,0,2.0,51,58,55,76,51,70,66,70,43,39,43,47,47,47,27,40,39,54,48,38,28,1,56,56,74,83,82,42,5,83
