group_set,player_id,player_name,nickname,team_id,team_abbreviation,age,gp,w,l,w_pct,min,fgm,fga,fg_pct,fg3m,fg3a,fg3_pct,ftm,fta,ft_pct,oreb,dreb,reb,ast,tov,stl,blk,blka,pf,pfd,pts,plus_minus,nba_fantasy_pts,dd2,td3,wnba_fantasy_pts,gp_rank,w_rank,l_rank,w_pct_rank,min_rank,fgm_rank,fga_rank,fg_pct_rank,fg3m_rank,fg3a_rank,fg3_pct_rank,ftm_rank,fta_rank,ft_pct_rank,oreb_rank,dreb_rank,reb_rank,ast_rank,tov_rank,stl_rank,blk_rank,blka_rank,pf_rank,pfd_rank,pts_rank,plus_minus_rank,nba_fantasy_pts_rank,dd2_rank,td3_rank,wnba_fantasy_pts_rank,team
Players,1630202,Payton Pritchard,Payton,1610612738,BOS,27.0,2,1,1,0.5,4.928333333333334,0,0,0.0,0,0,0.0,0,0,0.0,0,0,0,0,1,0,0,0,0,0,0,-1,-1.0,0,0,0.0,76,53,10,44,83,70,92,70,47,70,47,48,50,48,42,69,77,49,14,26,28,1,1,59,79,55,127,40,5,106,BOS
Players,1628401,Derrick White,Derrick,1610612738,BOS,30.0,5,1,4,0.2,20.325,3,7,0.429,1,3,0.333,0,0,0.0,2,2,4,0,0,0,0,0,1,2,7,-15,11.8,1,0,12.0,25,53,118,81,23,20,20,44,17,20,31,48,50,48,6,28,19,49,44,26,28,1,57,20,29,123,37,20,5,35,BOS
Players,201143,Al Horford,Al,1610612738,BOS,39.0,5,1,4,0.2,20.616666666666667,0,1,0.0,0,1,0.0,0,0,0.0,0,5,5,0,0,0,1,0,3,0,0,-15,9.0,0,0,7.0,25,53,118,81,21,70,77,70,47,50,47,48,50,48,42,8,13,49,44,26,8,1,115,59,79,123,46,40,5,51,BOS
Players,1627759,Jaylen Brown,Jaylen,1610612738,BOS,28.0,4,1,3,0.25,15.94,0,5,0.0,0,2,0.0,3,3,1.0,0,2,2,1,2,0,0,0,2,2,3,-12,4.9,1,0,6.0,38,53,89,75,35,70,30,70,47,34,47,16,21,1,42,28,39,24,8,26,28,1,100,20,50,117,62,20,5,53,BOS
Players,201950,Jrue Holiday,Jrue,1610612738,BOS,34.0,3,0,3,0.0,14.266666666666667,1,4,0.25,0,2,0.0,0,0,0.0,2,1,3,1,0,0,0,1,1,0,2,-20,7.1,0,0,6.0,56,84,89,84,38,49,36,60,47,34,47,48,50,48,6,40,30,24,44,26,28,102,57,59,65,126,52,40,5,53,BOS
Players,204001,Kristaps Porziņģis,Kristaps,1610612738,BOS,29.0,3,1,2,0.333,6.39,1,3,0.333,0,0,0.0,1,3,0.333,1,1,2,0,0,0,0,0,0,3,3,3,5.4,0,0,5.0,56,53,66,70,69,49,48,50,47,70,47,34,21,46,15,40,39,49,44,26,28,1,1,11,50,31,61,40,5,57,BOS
Players,1628369,Jayson Tatum,Jayson,1610612738,BOS,27.0,5,1,4,0.2,20.616666666666667,2,12,0.167,0,5,0.0,7,7,1.0,0,4,4,1,1,0,1,0,2,2,11,-15,19.3,3,0,18.0,25,53,118,81,21,30,7,69,47,11,47,4,5,1,42,14,19,24,14,26,8,1,100,20,17,123,23,4,5,23,BOS
