group_set,player_id,player_name,nickname,team_id,team_abbreviation,age,gp,w,l,w_pct,min,fgm,fga,fg_pct,fg3m,fg3a,fg3_pct,ftm,fta,ft_pct,oreb,dreb,reb,ast,tov,stl,blk,blka,pf,pfd,pts,plus_minus,nba_fantasy_pts,dd2,td3,wnba_fantasy_pts,gp_rank,w_rank,l_rank,w_pct_rank,min_rank,fgm_rank,fga_rank,fg_pct_rank,fg3m_rank,fg3a_rank,fg3_pct_rank,ftm_rank,fta_rank,ft_pct_rank,oreb_rank,dreb_rank,reb_rank,ast_rank,tov_rank,stl_rank,blk_rank,blka_rank,pf_rank,pfd_rank,pts_rank,plus_minus_rank,nba_fantasy_pts_rank,dd2_rank,td3_rank,wnba_fantasy_pts_rank,team
Players,1626181,Norman Powell,Norman,1610612746,LAC,32.0,4,2,2,0.5,16.046666666666667,3,4,0.75,3,3,1.0,0,0,0.0,0,1,1,1,1,1,0,0,3,0,9,4,13.7,0,0,16.0,38,38,66,44,34,20,36,16,5,20,1,48,50,48,42,40,48,24,14,10,28,1,115,59,25,28,33,40,5,27,LAC
Players,1627884,Derrick Jones Jr.,Derrick,1610612746,LAC,28.0,2,1,1,0.5,2.973333333333333,0,1,0.0,0,0,0.0,0,0,0.0,0,0,0,0,0,0,0,0,0,0,0,-3,0.0,0,0,0.0,76,53,10,44,95,70,77,70,47,70,47,48,50,48,42,69,77,49,44,26,28,1,1,59,79,75,106,40,5,106,LAC
Players,203992,Bogdan Bogdanović,Bogdan,1610612746,LAC,32.0,3,1,2,0.333,2.598333333333333,1,1,1.0,0,0,0.0,0,0,0.0,1,0,1,0,0,0,0,0,1,0,2,3,3.2,0,0,3.0,56,53,66,70,99,49,77,1,47,70,47,48,50,48,15,69,48,49,44,26,28,1,57,59,65,31,72,40,5,76,LAC
Players,202695,Kawhi Leonard,Kawhi,1610612746,LAC,33.0,4,2,2,0.5,18.62833333333333,3,7,0.429,0,4,0.0,1,1,1.0,1,4,5,2,2,2,0,0,1,3,7,-1,20.0,1,0,18.0,38,38,66,44,27,20,20,44,47,14,47,34,41,1,15,14,13,14,8,5,28,1,57,11,29,55,21,20,5,23,LAC
Players,1627826,Ivica Zubac,Ivica,1610612746,LAC,28.0,4,2,2,0.5,18.42,3,3,1.0,0,0,0.0,0,1,0.0,1,2,3,0,0,1,2,0,3,2,6,-3,18.6,3,0,15.0,38,38,66,44,29,20,48,1,47,70,47,48,41,48,15,28,30,49,44,10,2,1,115,20,36,75,25,4,5,30,LAC
Players,1627739,Kris Dunn,Kris,1610612746,LAC,31.0,2,1,1,0.5,12.875,0,3,0.0,0,2,0.0,0,0,0.0,0,0,0,0,0,2,0,0,2,0,0,-8,6.0,0,0,4.0,76,53,10,44,41,70,48,70,47,34,47,48,50,48,42,69,77,49,44,5,28,1,100,59,79,103,56,40,5,65,LAC
Players,201935,James Harden,James,1610612746,LAC,35.0,4,2,2,0.5,18.62833333333333,4,6,0.667,1,1,1.0,2,2,1.0,0,1,1,3,3,0,1,0,1,1,11,-1,16.7,2,0,18.0,38,38,66,44,27,13,25,19,17,50,1,21,27,1,42,40,48,9,3,26,8,1,57,39,17,55,28,11,5,23,LAC
Players,201587,Nicolas Batum,Nicolas,1610612746,LAC,36.0,2,1,1,0.5,2.9716666666666667,1,2,0.5,1,2,0.5,0,0,0.0,0,0,0,1,1,0,0,0,0,0,3,4,3.5,0,0,5.0,76,53,10,44,96,49,58,30,17,34,23,48,50,48,42,69,77,24,14,26,28,1,1,59,50,28,71,40,5,57,LAC
