group_set,player_id,player,nickname,team_id,team,age,gp,w,l,w_pct,min,fgm,fga,fg_pct,fg3m,fg3a,fg3_pct,ftm,fta,ft_pct,oreb,dreb,reb,ast,tov,stl,blk,blka,pf,pfd,pts,plus_minus,nba_fantasy_pts,dd2,td3,wnba_fantasy_pts,gp_rank,w_rank,l_rank,w_pct_rank,min_rank,fgm_rank,fga_rank,fg_pct_rank,fg3m_rank,fg3a_rank,fg3_pct_rank,ftm_rank,fta_rank,ft_pct_rank,oreb_rank,dreb_rank,reb_rank,ast_rank,tov_rank,stl_rank,blk_rank,blka_rank,pf_rank,pfd_rank,pts_rank,plus_minus_rank,nba_fantasy_pts_rank,dd2_rank,td3_rank,wnba_fantasy_pts_rank
Players,202692,Alec Burks,Alec,1610612752,NYK,29.0,2,1,1,0.5,8.466666666666667,3,6,0.5,2,4,0.5,1,2,0.5,0,0,0,0,0,0,0,0,0,1,9,3,9.0,0,0,11.0,75,54,23,52,61,16,20,30,6,11,12,34,22,36,40,73,81,39,27,22,20,1,1,27,20,46,45,44,5,27
Players,201565,Derrick Rose,Derrick,1610612752,NYK,32.0,2,1,1,0.5,7.435,2,2,1.0,0,0,0.0,0,0,0.0,0,2,2,1,0,0,1,0,1,0,4,5,10.9,0,0,9.0,75,54,23,52,67,24,51,1,36,66,36,46,47,46,40,28,36,22,27,22,4,1,58,63,39,33,34,44,5,39
Players,1628373,Frank Ntilikina,Frank,1610612752,NYK,22.0,1,0,1,0.0,0.1483333333333333,0,0,0.0,0,0,0.0,0,0,0.0,0,0,0,0,0,0,0,0,0,0,0,-2,0.0,0,0,0.0,97,100,23,100,124,73,91,73,36,66,36,46,47,46,40,73,81,39,27,22,20,1,1,63,85,74,106,44,5,106
Players,1630193,Immanuel Quickley,Immanuel,1610612752,NYK,22.0,1,0,1,0.0,0.8983333333333333,0,0,0.0,0,0,0.0,0,0,0.0,0,0,0,0,0,0,0,0,1,0,0,0,0.0,0,0,0.0,97,100,23,100,110,73,91,73,36,66,36,46,47,46,40,73,81,39,27,22,20,1,58,63,85,56,106,44,5,106
Players,203944,Julius Randle,Julius,1610612752,NYK,26.0,2,1,1,0.5,8.466666666666667,1,4,0.25,1,3,0.333,0,0,0.0,0,2,2,3,0,0,0,0,1,0,3,3,9.9,2,0,9.0,75,54,23,52,61,38,33,64,13,14,26,46,47,46,40,28,36,5,27,22,20,1,58,63,46,46,38,15,5,39
Players,1629628,RJ Barrett,RJ,1610612752,NYK,21.0,1,0,1,0.0,4.886666666666667,1,1,1.0,0,0,0.0,0,0,0.0,0,0,0,0,0,0,0,0,1,0,2,-2,2.0,1,0,2.0,97,100,23,100,87,38,70,1,36,66,36,46,47,46,40,73,81,39,27,22,20,1,58,63,61,74,89,23,5,81
Players,203493,Reggie Bullock Jr.,Reggie,1610612752,NYK,30.0,2,1,1,0.5,3.565,1,2,0.5,1,2,0.5,0,0,0.0,0,1,1,0,0,0,0,0,0,0,3,5,4.2,0,0,5.0,75,54,23,52,90,38,51,30,13,26,12,46,47,46,40,44,56,39,27,22,20,1,1,63,46,33,70,44,5,61
Players,201959,Taj Gibson,Taj,1610612752,NYK,36.0,2,1,1,0.5,8.466666666666667,1,1,1.0,0,0,0.0,0,0,0.0,1,1,2,2,0,0,0,0,0,0,2,3,7.4,0,0,6.0,75,54,23,52,61,38,70,1,36,66,36,46,47,46,13,44,36,9,27,22,20,1,1,63,61,46,53,44,5,55
