group_set,player_id,player,nickname,team_id,team,age,gp,w,l,w_pct,min,fgm,fga,fg_pct,fg3m,fg3a,fg3_pct,ftm,fta,ft_pct,oreb,dreb,reb,ast,tov,stl,blk,blka,pf,pfd,pts,plus_minus,nba_fantasy_pts,dd2,td3,wnba_fantasy_pts,gp_rank,w_rank,l_rank,w_pct_rank,min_rank,fgm_rank,fga_rank,fg_pct_rank,fg3m_rank,fg3a_rank,fg3_pct_rank,ftm_rank,fta_rank,ft_pct_rank,oreb_rank,dreb_rank,reb_rank,ast_rank,tov_rank,stl_rank,blk_rank,blka_rank,pf_rank,pfd_rank,pts_rank,plus_minus_rank,nba_fantasy_pts_rank,dd2_rank,td3_rank,wnba_fantasy_pts_rank
Players,101108,Chris Paul,Chris,1610612760,OKC,35.0,4,3,1,0.75,19.211666666666662,5,11,0.455,2,4,0.5,6,6,1.0,0,4,4,2,2,2,0,0,3,4,18,11,29.8,1,1,30.0,41,28,11,17,33,15,16,40,5,20,14,9,12,1,40,16,21,13,10,2,25,1,96,14,15,14,17,18,3,15
Players,201568,Danilo Gallinari,Danilo,1610612760,OKC,31.0,4,3,1,0.75,17.125,0,3,0.0,0,1,0.0,4,5,0.8,2,3,5,0,1,1,0,1,1,3,4,12,12.0,0,0,11.0,41,28,11,17,39,69,43,69,44,51,44,17,15,29,9,25,17,42,20,9,25,97,38,17,45,10,36,39,6,39
Players,1629647,Darius Bazley,Darius,1610612760,OKC,20.0,1,0,1,0.0,1.2666666666666666,0,0,0.0,0,0,0.0,0,0,0.0,0,0,0,0,0,0,0,0,0,0,0,3,0.0,0,0,0.0,97,95,11,95,107,69,89,69,44,69,44,48,50,48,40,76,82,42,48,36,25,1,1,62,76,38,93,39,6,93
Players,203471,Dennis Schröder,Dennis,1610612760,OKC,26.0,4,3,1,0.75,20.52833333333333,4,10,0.4,1,2,0.5,3,4,0.75,0,4,4,2,1,1,0,2,1,3,12,14,21.8,0,0,21.0,41,28,11,17,26,19,19,42,20,39,14,21,19,32,40,16,21,13,20,9,25,117,38,17,21,8,21,39,6,23
Players,1629652,Luguentz Dort,Luguentz,1610612760,OKC,21.0,4,3,1,0.75,15.133333333333333,1,4,0.25,1,4,0.25,1,2,0.5,3,3,6,0,1,0,2,1,2,3,4,12,16.2,0,0,15.0,41,28,11,17,41,43,39,57,20,20,33,32,29,38,3,25,15,42,20,36,3,97,82,17,45,10,28,39,6,27
Players,203457,Nerlens Noel,Nerlens,1610612760,OKC,26.0,1,1,0,1.0,0.085,0,0,0.0,0,0,0.0,0,0,0.0,0,0,0,0,0,0,0,0,1,0,0,-1,0.0,0,0,0.0,97,51,1,1,120,69,89,69,44,69,44,48,50,48,40,76,82,42,48,36,25,1,38,62,76,59,93,39,6,93
Players,1628983,Shai Gilgeous-Alexander,Shai,1610612760,OKC,21.0,4,3,1,0.75,22.095,3,8,0.375,2,6,0.333,0,0,0.0,0,1,1,2,2,0,0,1,0,1,8,12,10.2,1,0,13.0,41,28,11,17,21,21,24,46,5,7,23,48,50,48,40,46,57,13,10,36,25,97,1,39,24,10,43,18,6,33
Players,203500,Steven Adams,Steven,1610612760,OKC,26.0,4,3,1,0.75,15.03,1,4,0.25,0,0,0.0,0,0,0.0,2,5,7,0,2,1,0,0,2,0,2,-3,11.4,0,0,11.0,41,28,11,17,42,43,39,57,44,69,44,48,50,48,9,9,11,42,10,9,25,1,82,62,61,69,40,39,6,39
