season,player_id,player,nickname,team_id,team,team_name,game_id,game_date,matchup,wl,min,fgm,fga,fg_pct,fg3m,fg3a,fg3_pct,ftm,fta,ft_pct,oreb,dreb,reb,ast,tov,stl,blk,blka,pf,pfd,pts,plus_minus,nba_fantasy_pts,dd2,td3,wnba_fantasy_pts,gp_rank,w_rank,l_rank,w_pct_rank,min_rank,fgm_rank,fga_rank,fg_pct_rank,fg3m_rank,fg3a_rank,fg3_pct_rank,ftm_rank,fta_rank,ft_pct_rank,oreb_rank,dreb_rank,reb_rank,ast_rank,tov_rank,stl_rank,blk_rank,blka_rank,pf_rank,pfd_rank,pts_rank,plus_minus_rank,nba_fantasy_pts_rank,dd2_rank,td3_rank,wnba_fantasy_pts_rank,available_flag,min_sec,season_start,season_end
,202710,Jimmy Butler III,Jimmy,1610612744,GSW,,22401198,,,,48.03333333333333,12,20,0.6,0,2,0.0,6,9,0.667,0,1,1,9,1,1,1,0,1,9,30,2,49.7,0,0,44.0,1,13222,13222,13222,13,421,1105,5394,15070,14411,15070,1180,643,9425,14058,17569,19889,635,8788,5025,2537,1,6051,121,830,10285,1217,2246,150,1816,1,,2024,2025
,203110,Draymond Green,Draymond,1610612744,GSW,,22401198,,,,38.48333333333333,5,9,0.556,4,6,0.667,0,0,0.0,0,3,3,4,2,1,2,1,5,2,14,-5,30.6,0,0,31.0,1,13222,13222,13222,1114,7242,9700,7248,1130,4502,1957,13505,14344,13505,14058,9417,12778,4780,4442,5025,808,17462,25158,6956,7553,17436,6876,2246,150,5932,1,,2024,2025
,1627741,Buddy Hield,Buddy,1610612744,GSW,,22401198,,,,15.75,3,7,0.429,2,6,0.333,0,0,0.0,0,1,1,0,0,0,0,0,2,0,8,-6,9.2,0,0,11.0,1,13222,13222,13222,19100,12449,12910,13735,4949,4502,9209,13505,14344,13505,14058,17569,19889,19908,16469,12854,8263,1,12976,17725,13544,18298,20210,2246,150,18464,1,,2024,2025
,1630541,Moses Moody,Moses,1610612744,GSW,,22401198,,,,30.506666666666668,2,4,0.5,0,1,0.0,0,0,0.0,0,0,0,2,1,3,2,0,4,1,4,-14,21.0,0,0,16.0,1,13222,13222,13222,7316,15612,18231,8526,15070,17631,15070,13505,14344,13505,14058,22137,23286,9909,8788,473,808,1,22904,11254,18599,23203,12407,2246,150,14948,1,,2024,2025
,1627780,Gary Payton II,Gary,1610612744,GSW,,22401198,,,,24.756666666666668,1,4,0.25,0,1,0.0,0,0,0.0,1,3,4,3,1,1,0,1,2,0,2,4,13.3,0,0,11.0,1,13222,13222,13222,12219,19033,18231,20233,15070,17631,15070,13505,14344,13505,6876,9417,9701,6913,8788,5025,8263,17462,12976,17725,21232,8479,17520,2246,150,18464,1,,2024,2025
,1641764,Brandin Podziemski,Brandin,1610612744,GSW,,22401198,,,,43.068333333333335,7,11,0.636,2,4,0.5,3,5,0.6,1,6,7,4,2,2,1,1,4,4,19,12,40.4,0,0,38.0,1,13222,13222,13222,144,3730,7071,4689,4949,8688,3944,4159,2872,10343,6876,2943,3946,4780,4442,1671,2537,17462,22904,2493,4202,3654,3114,2246,150,3270,1,,2024,2025
,1642366,Quinten Post,Quinten,1610612744,GSW,,22401198,,,,10.228333333333332,0,1,0.0,0,1,0.0,0,0,0.0,0,3,3,0,0,0,0,0,0,0,0,1,3.6,0,0,3.0,1,13222,13222,13222,22021,22635,23259,22635,15070,17631,15070,13505,14344,13505,14058,9417,12778,19908,16469,12854,8263,1,1,17725,23200,11263,23446,2246,150,23533,1,,2024,2025
,1626172,Kevon Looney,Kevon,1610612744,GSW,,22401198,,,,16.175,3,3,1.0,0,0,0.0,0,0,0.0,0,3,3,3,0,1,0,0,0,0,6,-3,17.1,0,0,14.0,1,13222,13222,13222,18812,12449,19992,1,15070,20945,15070,13505,14344,13505,14058,9417,12778,6913,16469,5025,8263,1,1,17725,15937,15511,15010,2246,150,16370,1,,2024,2025
,201939,Stephen Curry,Stephen,1610612744,GSW,,22401198,,,,37.998333333333335,10,20,0.5,7,12,0.583,9,9,1.0,1,2,3,6,8,2,0,0,2,5,36,-16,46.6,0,0,56.0,1,13222,13222,13222,1393,1099,1105,8526,76,299,3489,318,643,1,6876,13151,12778,2199,19,1671,8263,1,12976,1447,261,23938,1701,2246,150,408,1,,2024,2025
,201939,Stephen Curry,Stephen,1610612744,GSW,,22401183,,,,27.33333333333333,6,14,0.429,2,8,0.25,0,0,0.0,1,4,5,5,1,0,1,0,2,1,14,8,29.5,0,0,28.0,1,1,1,1,10081,5250,4240,13735,4949,2050,11902,13505,14344,13505,6876,6429,7268,3273,8788,12854,2537,1,12976,11254,7553,5660,7409,2246,150,7475,1,,2024,2025
,1630541,Moses Moody,Moses,1610612744,GSW,,22401183,,,,22.566666666666663,3,10,0.3,2,5,0.4,1,1,1.0,1,1,2,1,1,2,0,3,3,1,9,9,17.9,0,0,18.0,1,1,1,1,14063,12449,8304,19363,4949,6354,7874,10215,12810,1,6876,17569,16273,14293,8788,1671,8263,25707,18916,11254,12445,5125,14467,2246,150,13589,1,,2024,2025
,1630311,Pat Spencer,Pat,1610612744,GSW,,22401183,,,,3.2,0,0,0.0,0,0,0.0,0,0,0.0,0,0,0,0,0,1,0,0,0,0,0,-10,3.0,0,0,2.0,1,1,1,1,24893,22635,24836,22635,15070,20945,15070,13505,14344,13505,14058,22137,23286,19908,16469,5025,8263,1,1,17725,23200,21147,23760,2246,150,24066,1,,2024,2025
,1630228,Jonathan Kuminga,Jonathan,1610612744,GSW,,22401183,,,,16.9,2,7,0.286,0,2,0.0,6,8,0.75,1,4,5,0,1,1,1,0,1,4,10,4,21.0,0,0,19.0,1,1,1,1,18320,15612,12910,19630,15070,14411,15070,1180,912,8186,6876,6429,7268,19908,8788,5025,2537,1,6051,2493,11377,8479,12407,2246,150,12913,1,,2024,2025
,1627780,Gary Payton II,Gary,1610612744,GSW,,22401183,,,,14.248333333333331,1,2,0.5,0,0,0.0,0,0,0.0,0,3,3,1,3,2,0,0,3,0,2,6,10.1,0,0,10.0,1,1,1,1,20059,19033,21660,8526,15070,20945,15070,13505,14344,13505,14058,9417,12778,14293,2037,1671,8263,1,18916,17725,21232,7002,19649,2246,150,19152,1,,2024,2025
,1631218,Trayce Jackson-Davis,Trayce,1610612744,GSW,,22401183,,,,3.2,0,0,0.0,0,0,0.0,0,0,0.0,0,0,0,1,1,1,0,0,0,0,0,-10,3.5,0,0,3.0,1,1,1,1,24893,22635,24836,22635,15070,20945,15070,13505,14344,13505,14058,22137,23286,14293,8788,5025,8263,1,1,17725,23200,21147,23487,2246,150,23533,1,,2024,2025
,1628995,Kevin Knox II,Kevin,1610612744,GSW,,22401183,,,,3.2,1,2,0.5,0,1,0.0,0,0,0.0,0,0,0,0,2,0,0,0,0,0,2,-10,0.0,0,0,2.0,1,1,1,1,24893,19033,21660,8526,15070,17631,15070,13505,14344,13505,14058,22137,23286,19908,4442,12854,8263,1,1,17725,21232,21147,25228,2246,150,24066,1,,2024,2025
,1630611,Gui Santos,Gui,1610612744,GSW,,22401183,,,,5.416666666666667,0,0,0.0,0,0,0.0,0,0,0.0,0,0,0,1,2,0,0,0,2,0,0,-2,-0.5,0,0,1.0,1,1,1,1,23816,22635,24836,22635,15070,20945,15070,13505,14344,13505,14058,22137,23286,14293,4442,12854,8263,1,12976,17725,23200,14448,26149,2246,150,24667,1,,2024,2025
,1626172,Kevon Looney,Kevon,1610612744,GSW,,22401183,,,,15.6,0,0,0.0,0,0,0.0,1,2,0.5,1,4,5,1,0,0,2,0,3,2,1,14,14.5,0,0,11.0,1,1,1,1,19194,22635,24836,22635,15070,20945,15070,10215,7446,10625,6876,6429,7268,14293,16469,12854,808,1,18916,6956,22996,2867,16714,2246,150,18464,1,,2024,2025
,1630296,Braxton Key,Braxton,1610612744,GSW,,22401183,,,,3.2,0,0,0.0,0,0,0.0,2,4,0.5,0,1,1,0,1,0,0,0,0,2,2,-10,2.2,0,0,3.0,1,1,1,1,24893,22635,24836,22635,15070,20945,15070,6020,3754,10625,14058,17569,19889,19908,8788,12854,8263,1,1,6956,21232,21147,24267,2246,150,23533,1,,2024,2025
,1642366,Quinten Post,Quinten,1610612744,GSW,,22401183,,,,15.566666666666666,3,7,0.429,2,5,0.4,2,2,1.0,0,1,1,1,0,0,1,1,1,1,10,7,15.7,0,0,16.0,1,1,1,1,19210,12449,12910,13735,4949,6354,7874,6020,7446,1,14058,17569,19889,14293,16469,12854,2537,17462,6051,11254,11377,6330,15924,2246,150,14948,1,,2024,2025
,202710,Jimmy Butler III,Jimmy,1610612744,GSW,,22401183,,,,28.066666666666663,6,10,0.6,1,2,0.5,11,11,1.0,1,4,5,7,0,2,0,0,0,6,24,22,46.5,0,0,41.0,1,1,1,1,9490,5250,8304,5394,8896,14411,3944,116,294,1,6876,6429,7268,1463,16469,1671,8263,1,1,792,2129,894,1723,2246,150,2498,1,,2024,2025
,1627741,Buddy Hield,Buddy,1610612744,GSW,,22401183,,,,22.61833333333333,6,14,0.429,4,10,0.4,0,0,0.0,1,3,4,0,0,0,1,0,2,0,16,13,23.8,0,0,26.0,1,1,1,1,14014,5250,4240,13735,1130,829,7874,13505,14344,13505,6876,9417,9701,19908,16469,12854,2537,1,12976,17725,6070,3250,10678,2246,150,8551,1,,2024,2025
,1641764,Brandin Podziemski,Brandin,1610612744,GSW,,22401183,,,,29.683333333333334,4,11,0.364,2,6,0.333,0,0,0.0,1,6,7,3,0,2,0,1,0,3,10,31,28.9,0,0,26.0,1,1,1,1,8057,9611,7071,16861,4949,4502,9209,13505,14344,13505,6876,2943,3946,6913,16469,1671,8263,17462,1,4218,11377,149,7702,2246,150,8551,1,,2024,2025
,203110,Draymond Green,Draymond,1610612744,GSW,,22401183,,,,29.2,1,6,0.167,1,5,0.2,0,0,0.0,0,7,7,5,2,4,1,0,2,0,3,13,31.9,0,0,26.0,1,1,1,1,8496,19033,14618,21938,8896,6354,13429,13505,14344,13505,14058,1947,3946,3273,4442,123,2537,1,12976,17725,19913,3250,6220,2246,150,8551,1,,2024,2025
,202710,Jimmy Butler III,Jimmy,1610612744,GSW,,22401163,,,,38.35,5,8,0.625,2,2,1.0,16,17,0.941,2,2,4,7,1,2,0,1,1,12,28,-9,48.3,0,0,45.0,1,13222,13222,13222,1190,7242,11288,4899,4949,14411,1,10,19,6708,3306,13151,9701,1463,8788,1671,8263,17462,6051,12,1156,20535,1444,2246,150,1626,1,,2024,2025
,201939,Stephen Curry,Stephen,1610612744,GSW,,22401163,,,,36.60666666666667,12,24,0.5,5,14,0.357,1,1,1.0,2,6,8,3,1,2,0,1,0,3,30,13,49.1,0,0,50.0,1,13222,13222,13222,2277,421,331,8526,492,97,9188,10215,12810,1,3306,2943,2934,6913,8788,1671,8263,17462,1,4218,830,3250,1312,2246,150,943,1,,2024,2025
,1630228,Jonathan Kuminga,Jonathan,1610612744,GSW,,22401163,,,,18.076666666666668,5,10,0.5,1,4,0.25,1,2,0.5,1,2,3,1,1,0,0,2,2,1,12,-2,16.1,0,0,17.0,1,13222,13222,13222,17521,7242,8304,8526,8896,8688,11902,10215,7446,10625,6876,13151,12778,14293,8788,12854,8263,23925,12976,11254,9299,14448,15681,2246,150,14250,1,,2024,2025
,1641764,Brandin Podziemski,Brandin,1610612744,GSW,,22401163,,,,33.24,3,11,0.273,1,5,0.2,0,0,0.0,1,2,3,5,2,0,0,0,2,2,7,0,16.1,0,0,16.0,1,13222,13222,13222,4961,12449,7071,20048,8896,6354,13429,13505,14344,13505,6876,13151,12778,3273,4442,12854,8263,1,12976,6956,14857,12240,15681,2246,150,14948,1,,2024,2025
,1627741,Buddy Hield,Buddy,1610612744,GSW,,22401163,,,,26.49,4,13,0.308,4,10,0.4,0,0,0.0,1,3,4,1,0,0,0,0,4,0,12,-1,18.3,0,0,21.0,1,13222,13222,13222,10742,9611,5079,19226,1130,829,7874,13505,14344,13505,6876,9417,9701,14293,16469,12854,8263,1,22904,17725,9299,13450,14218,2246,150,11621,1,,2024,2025
,203110,Draymond Green,Draymond,1610612744,GSW,,22401163,,,,33.425,4,7,0.571,2,4,0.5,3,4,0.75,3,6,9,8,3,2,1,0,4,3,13,-6,41.8,0,0,38.0,1,13222,13222,13222,4792,9611,12910,6538,4949,8688,3944,4159,3754,8186,1615,2943,2169,963,2037,1671,2537,1,22904,4218,8426,18298,2772,2246,150,3270,1,,2024,2025
,1630541,Moses Moody,Moses,1610612744,GSW,,22401163,,,,31.21,3,11,0.273,1,7,0.143,0,0,0.0,3,5,8,1,1,1,0,1,1,0,7,-5,20.1,0,0,19.0,1,13222,13222,13222,6695,12449,7071,20048,8896,3100,14649,13505,14344,13505,1615,4392,2934,14293,8788,5025,8263,17462,6051,17725,14857,17436,13013,2246,150,12913,1,,2024,2025
,1631218,Trayce Jackson-Davis,Trayce,1610612744,GSW,,22401163,,,,2.783333333333333,0,0,0.0,0,0,0.0,0,0,0.0,2,1,3,0,1,0,0,0,2,0,0,3,2.6,0,0,3.0,1,13222,13222,13222,25072,22635,24836,22635,15070,20945,15070,13505,14344,13505,3306,17569,12778,19908,8788,12854,8263,1,12976,17725,23200,9394,24109,2246,150,23533,1,,2024,2025
,1626172,Kevon Looney,Kevon,1610612744,GSW,,22401163,,,,12.118333333333334,0,0,0.0,0,0,0.0,2,2,1.0,0,2,2,3,0,0,1,0,2,1,2,0,11.9,0,0,9.0,1,13222,13222,13222,21183,22635,24836,22635,15070,20945,15070,6020,7446,1,14058,13151,16273,6913,16469,12854,2537,1,12976,11254,21232,12240,18455,2246,150,19766,1,,2024,2025
,1630611,Gui Santos,Gui,1610612744,GSW,,22401163,,,,7.7,0,2,0.0,0,2,0.0,0,2,0.0,1,0,1,0,0,1,0,0,1,1,0,-8,4.2,0,0,3.0,1,13222,13222,13222,22922,22635,21660,22635,15070,14411,15070,13505,7446,13505,6876,22137,19889,19908,16469,5025,8263,1,6051,11254,23200,19855,23095,2246,150,23533,1,,2024,2025
,1628995,Kevin Knox II,Kevin,1610612744,GSW,,22401154,,,,9.066666666666666,3,6,0.5,1,3,0.333,3,4,0.75,1,1,2,1,0,0,0,1,1,2,10,9,13.9,0,0,14.0,1,1,1,1,22424,12449,14618,8526,8896,11494,9209,4159,3754,8186,6876,17569,16273,14293,16469,12854,8263,17462,6051,6956,11377,5125,17066,2246,150,16370,1,,2024,2025
,1626172,Kevon Looney,Kevon,1610612744,GSW,,22401154,,,,14.416666666666666,1,4,0.25,0,0,0.0,0,0,0.0,1,3,4,1,0,1,0,0,2,0,2,13,11.3,0,0,9.0,1,1,1,1,19942,19033,18231,20233,15070,20945,15070,13505,14344,13505,6876,9417,9701,14293,16469,5025,8263,1,12976,17725,21232,3250,18868,2246,150,19766,1,,2024,2025
,1642050,Jackson Rowe,Jackson,1610612744,GSW,,22401154,,,,9.066666666666666,2,2,1.0,1,1,1.0,1,2,0.5,3,0,3,1,0,1,0,0,0,1,6,9,14.1,0,0,13.0,1,1,1,1,22424,15612,21660,1,8896,17631,1,10215,7446,10625,1615,22137,12778,14293,16469,5025,8263,1,1,11254,15937,5125,16945,2246,150,17050,1,,2024,2025
,202710,Jimmy Butler III,Jimmy,1610612744,GSW,,22401154,,,,19.516666666666666,2,4,0.5,0,0,0.0,6,7,0.857,1,1,2,3,0,2,0,0,0,4,10,22,22.9,0,0,19.0,1,1,1,1,16401,15612,18231,8526,15070,20945,15070,1180,1377,7071,6876,17569,16273,6913,16469,1671,8263,1,1,2493,11377,894,11219,2246,150,12913,1,,2024,2025
,1630311,Pat Spencer,Pat,1610612744,GSW,,22401154,,,,12.0,4,6,0.667,2,3,0.667,0,0,0.0,0,2,2,4,3,0,0,0,0,0,10,4,15.4,0,0,18.0,1,1,1,1,21228,9611,14618,3281,4949,11494,1957,13505,14344,13505,14058,13151,16273,4780,2037,12854,8263,1,1,17725,11377,8479,16104,2246,150,13589,1,,2024,2025
,201939,Stephen Curry,Stephen,1610612744,GSW,,22401154,,,,25.916666666666668,9,17,0.529,3,9,0.333,4,4,1.0,1,8,9,6,2,1,1,0,0,2,25,31,48.8,0,0,47.0,1,1,1,1,11230,1688,2289,8281,2458,1295,9209,2676,3754,1,6876,1271,2169,2199,4442,5025,2537,1,1,6956,1828,149,1364,2246,150,1314,1,,2024,2025
,1641764,Brandin Podziemski,Brandin,1610612744,GSW,,22401154,,,,22.383333333333333,7,12,0.583,4,6,0.667,4,4,1.0,1,4,5,3,2,1,0,0,1,2,22,20,33.5,0,0,36.0,1,1,1,1,14203,3730,5979,6296,1130,4502,1957,2676,3754,1,6876,6429,7268,6913,4442,5025,8263,1,6051,6956,2824,1243,5492,2246,150,3901,1,,2024,2025
,1627741,Buddy Hield,Buddy,1610612744,GSW,,22401154,,,,21.166666666666668,3,8,0.375,1,6,0.167,0,0,0.0,1,3,4,1,0,0,0,1,1,1,7,9,13.3,0,0,13.0,1,1,1,1,15170,12449,11288,16299,8896,4502,14236,13505,14344,13505,6876,9417,9701,14293,16469,12854,8263,17462,6051,11254,14857,5125,17520,2246,150,17050,1,,2024,2025
,1630296,Braxton Key,Braxton,1610612744,GSW,,22401154,,,,6.716666666666667,0,4,0.0,0,1,0.0,1,2,0.5,1,0,1,0,0,2,0,1,0,1,1,2,8.2,0,0,6.0,1,1,1,1,23275,22635,18231,22635,15070,17631,15070,10215,7446,10625,6876,22137,19889,19908,16469,1671,8263,17462,1,11254,22996,10285,20807,2246,150,21698,1,,2024,2025
,1630541,Moses Moody,Moses,1610612744,GSW,,22401154,,,,18.366666666666667,2,5,0.4,1,2,0.5,0,0,0.0,1,2,3,0,1,2,1,1,1,0,5,19,16.6,0,0,15.0,1,1,1,1,17303,15612,16437,14933,8896,14411,3944,13505,14344,13505,6876,13151,12778,19908,8788,1671,2537,17462,6051,17725,17323,1456,15339,2246,150,15689,1,,2024,2025
,1630228,Jonathan Kuminga,Jonathan,1610612744,GSW,,22401154,,,,21.166666666666668,4,9,0.444,0,2,0.0,2,2,1.0,2,1,3,3,2,0,0,0,2,1,10,9,16.1,0,0,16.0,1,1,1,1,15170,9611,9700,13045,15070,14411,15070,6020,7446,1,3306,17569,12778,6913,4442,12854,8263,1,12976,11254,11377,5125,15681,2246,150,14948,1,,2024,2025
,203110,Draymond Green,Draymond,1610612744,GSW,,22401154,,,,20.366666666666667,1,4,0.25,1,2,0.5,2,2,1.0,0,2,2,4,3,2,0,0,1,1,5,19,16.4,0,0,16.0,1,1,1,1,15741,19033,18231,20233,8896,14411,3944,6020,7446,1,14058,13151,16273,4780,2037,1671,8263,1,6051,11254,17323,1456,15467,2246,150,14948,1,,2024,2025
,1631218,Trayce Jackson-Davis,Trayce,1610612744,GSW,,22401154,,,,18.683333333333334,4,5,0.8,0,1,0.0,5,7,0.714,2,6,8,1,1,0,0,0,1,4,13,9,23.1,0,0,22.0,1,1,1,1,17048,9611,16437,1688,15070,17631,15070,1817,1377,9244,3306,2943,2934,14293,8788,12854,8263,1,6051,2493,8426,5125,11107,2246,150,10998,1,,2024,2025
,1630611,Gui Santos,Gui,1610612744,GSW,,22401154,,,,21.166666666666668,3,7,0.429,1,4,0.25,0,0,0.0,4,5,9,3,1,2,1,0,0,0,7,15,30.3,0,0,26.0,1,1,1,1,15170,12449,12910,13735,8896,8688,11902,13505,14344,13505,785,4392,2169,6913,8788,1671,2537,1,1,17725,14857,2549,7033,2246,150,8551,1,,2024,2025
,1631218,Trayce Jackson-Davis,Trayce,1610612744,GSW,,22401143,,,,1.71,2,3,0.667,0,0,0.0,0,0,0.0,1,0,1,0,0,0,0,0,0,0,4,3,5.2,0,0,5.0,1,13222,13222,13222,25661,15612,19992,3281,15070,20945,15070,13505,14344,13505,6876,22137,19889,19908,16469,12854,8263,1,1,17725,18599,9394,22562,2246,150,22358,1,,2024,2025
,1642366,Quinten Post,Quinten,1610612744,GSW,,22401143,,,,6.616666666666666,1,1,1.0,0,0,0.0,0,2,0.0,0,0,0,0,0,0,0,0,0,1,2,-2,2.0,0,0,2.0,1,13222,13222,13222,23325,19033,23259,1,15070,20945,15070,13505,7446,13505,14058,22137,23286,19908,16469,12854,8263,1,1,11254,21232,14448,24331,2246,150,24066,1,,2024,2025
,1628995,Kevin Knox II,Kevin,1610612744,GSW,,22401143,,,,1.7,0,0,0.0,0,0,0.0,0,0,0.0,0,1,1,0,0,0,0,0,0,0,0,3,1.2,0,0,1.0,1,13222,13222,13222,25663,22635,24836,22635,15070,20945,15070,13505,14344,13505,14058,17569,19889,19908,16469,12854,8263,1,1,17725,23200,9394,24725,2246,150,24667,1,,2024,2025
,1626172,Kevon Looney,Kevon,1610612744,GSW,,22401143,,,,22.36,2,4,0.5,0,0,0.0,1,2,0.5,5,6,11,0,2,1,1,0,1,2,5,-3,22.2,0,0,20.0,1,13222,13222,13222,14230,15612,18231,8526,15070,20945,15070,10215,7446,10625,389,2943,1106,19908,4442,5025,2537,1,6051,6956,17323,15511,11623,2246,150,12254,1,,2024,2025
,1630228,Jonathan Kuminga,Jonathan,1610612744,GSW,,22401143,,,,19.48333333333333,4,9,0.444,1,4,0.25,0,0,0.0,1,6,7,3,3,1,0,0,2,1,9,9,21.9,0,0,22.0,1,13222,13222,13222,16431,9611,9700,13045,8896,8688,11902,13505,14344,13505,6876,2943,3946,6913,2037,5025,8263,1,12976,11254,12445,5125,11822,2246,150,10998,1,,2024,2025
,1630311,Pat Spencer,Pat,1610612744,GSW,,22401143,,,,1.7,0,1,0.0,0,0,0.0,0,0,0.0,0,0,0,2,0,1,0,0,0,1,0,3,6.0,0,0,4.0,1,13222,13222,13222,25663,22635,23259,22635,15070,20945,15070,13505,14344,13505,14058,22137,23286,9909,16469,5025,8263,1,1,11254,23200,9394,22098,2246,150,22929,1,,2024,2025
,1630611,Gui Santos,Gui,1610612744,GSW,,22401143,,,,3.6,0,0,0.0,0,0,0.0,0,0,0.0,0,0,0,0,1,0,0,0,0,0,0,0,-1.0,0,0,0.0,1,13222,13222,13222,24663,22635,24836,22635,15070,20945,15070,13505,14344,13505,14058,22137,23286,19908,8788,12854,8263,1,1,17725,23200,12240,26163,2246,150,25259,1,,2024,2025
,1630541,Moses Moody,Moses,1610612744,GSW,,22401143,,,,14.083333333333334,1,7,0.143,1,4,0.25,0,2,0.0,1,2,3,0,0,2,0,1,1,1,3,-11,12.6,0,0,11.0,1,13222,13222,13222,20151,19033,12910,22260,8896,8688,11902,13505,7446,13505,6876,13151,12778,19908,16469,1671,8263,17462,6051,11254,19913,21738,17974,2246,150,18464,1,,2024,2025
,203110,Draymond Green,Draymond,1610612744,GSW,,22401143,,,,27.17333333333333,1,5,0.2,0,1,0.0,0,0,0.0,2,1,3,4,4,0,0,1,5,2,2,-16,7.6,0,0,9.0,1,13222,13222,13222,10212,19033,16437,21401,15070,17631,15070,13505,14344,13505,3306,17569,12778,4780,877,12854,8263,17462,25158,6956,21232,23938,21158,2246,150,19766,1,,2024,2025
,201939,Stephen Curry,Stephen,1610612744,GSW,,22401143,,,,32.666666666666664,1,10,0.1,1,8,0.125,0,0,0.0,0,2,2,8,4,0,0,0,0,3,3,-4,13.4,0,0,14.0,1,13222,13222,13222,5424,19033,8304,22561,8896,2050,14886,13505,14344,13505,14058,13151,16273,963,877,12854,8263,1,1,4218,19913,16449,17421,2246,150,16370,1,,2024,2025
,202710,Jimmy Butler III,Jimmy,1610612744,GSW,,22401143,,,,32.85,4,7,0.571,1,1,1.0,4,4,1.0,2,3,5,3,1,2,1,2,2,3,13,-18,31.5,0,0,28.0,1,13222,13222,13222,5284,9611,12910,6538,8896,17631,1,2676,3754,1,3306,9417,7268,6913,8788,1671,2537,23925,12976,4218,8426,24566,6420,2246,150,7475,1,,2024,2025
,1641764,Brandin Podziemski,Brandin,1610612744,GSW,,22401143,,,,30.506666666666668,7,14,0.5,4,9,0.444,1,1,1.0,0,6,6,4,4,1,0,0,0,1,19,-18,31.2,0,0,35.0,1,13222,13222,13222,7316,3730,4240,8526,1130,1295,7211,10215,12810,1,14058,2943,5362,4780,877,5025,8263,1,1,11254,4202,24566,6576,2246,150,4250,1,,2024,2025
,1627741,Buddy Hield,Buddy,1610612744,GSW,,22401143,,,,25.1,7,14,0.5,6,11,0.545,0,0,0.0,0,2,2,2,1,1,0,1,1,0,20,1,27.4,0,0,32.0,1,13222,13222,13222,11916,3730,4240,8526,202,499,3863,13505,14344,13505,14058,13151,16273,9909,8788,5025,8263,17462,6051,17725,3676,11263,8559,2246,150,5433,1,,2024,2025
,1627780,Gary Payton II,Gary,1610612744,GSW,,22401143,,,,20.45,7,14,0.5,2,5,0.4,0,0,0.0,3,2,5,2,0,3,0,2,2,0,16,3,34.0,0,0,31.0,1,13222,13222,13222,15675,3730,4240,8526,4949,6354,7874,13505,14344,13505,1615,13151,7268,9909,16469,473,8263,23925,12976,17725,6070,9394,5290,2246,150,5932,1,,2024,2025
,1641764,Brandin Podziemski,Brandin,1610612744,GSW,,22401125,,,,35.525,10,16,0.625,4,8,0.5,2,2,1.0,0,8,8,6,3,2,0,0,2,2,26,11,47.6,0,0,48.0,1,1,1,1,3052,1099,2836,4899,1130,2050,3944,6020,7446,1,14058,1271,2934,2199,2037,1671,8263,1,12976,6956,1579,4119,1533,2246,150,1176,1,,2024,2025
,201939,Stephen Curry,Stephen,1610612744,GSW,,22401125,,,,32.185,13,24,0.542,7,15,0.467,3,3,1.0,1,1,2,5,2,2,0,0,2,4,36,6,49.9,0,0,54.0,1,1,1,1,5814,245,331,7965,76,51,7108,4159,6038,1,6876,17569,16273,3273,4442,1671,8263,1,12976,2493,261,7002,1196,2246,150,548,1,,2024,2025
,1630541,Moses Moody,Moses,1610612744,GSW,,22401125,,,,25.266666666666666,2,3,0.667,2,2,1.0,2,2,1.0,0,3,3,0,1,2,0,0,1,1,8,9,16.6,0,0,17.0,1,1,1,1,11769,15612,19992,3281,4949,14411,1,6020,7446,1,14058,9417,12778,19908,8788,1671,8263,1,6051,11254,13544,5125,15339,2246,150,14250,1,,2024,2025
,1626172,Kevon Looney,Kevon,1610612744,GSW,,22401125,,,,17.536666666666665,2,3,0.667,0,0,0.0,3,4,0.75,2,5,7,2,0,1,0,0,0,3,7,5,21.4,0,0,18.0,1,1,1,1,17894,15612,19992,3281,15070,20945,15070,4159,3754,8186,3306,4392,3946,9909,16469,5025,8263,1,1,4218,14857,7737,12139,2246,150,13589,1,,2024,2025
,203110,Draymond Green,Draymond,1610612744,GSW,,22401125,,,,30.295,4,8,0.5,0,2,0.0,0,1,0.0,0,3,3,3,2,1,1,0,3,5,8,14,20.1,0,0,18.0,1,1,1,1,7508,9611,11288,8526,15070,14411,15070,13505,12810,13505,14058,9417,12778,6913,4442,5025,2537,1,18916,1447,13544,2867,13013,2246,150,13589,1,,2024,2025
,1631218,Trayce Jackson-Davis,Trayce,1610612744,GSW,,22401125,,,,0.9083333333333332,0,0,0.0,0,0,0.0,0,0,0.0,0,0,0,0,0,0,0,0,0,0,0,0,0.0,0,0,0.0,1,1,1,1,26087,22635,24836,22635,15070,20945,15070,13505,14344,13505,14058,22137,23286,19908,16469,12854,8263,1,1,17725,23200,12240,25228,2246,150,25259,1,,2024,2025
,1628995,Kevin Knox II,Kevin,1610612744,GSW,,22401125,,,,0.9083333333333332,0,0,0.0,0,0,0.0,0,0,0.0,0,0,0,0,1,0,0,0,0,0,0,0,-1.0,0,0,0.0,1,1,1,1,26087,22635,24836,22635,15070,20945,15070,13505,14344,13505,14058,22137,23286,19908,8788,12854,8263,1,1,17725,23200,12240,26163,2246,150,25259,1,,2024,2025
,1630311,Pat Spencer,Pat,1610612744,GSW,,22401125,,,,0.9083333333333332,0,0,0.0,0,0,0.0,0,0,0.0,0,0,0,0,0,0,0,0,0,0,0,0,0.0,0,0,0.0,1,1,1,1,26087,22635,24836,22635,15070,20945,15070,13505,14344,13505,14058,22137,23286,19908,16469,12854,8263,1,1,17725,23200,12240,25228,2246,150,25259,1,,2024,2025
,1642366,Quinten Post,Quinten,1610612744,GSW,,22401125,,,,13.416666666666666,1,4,0.25,1,2,0.5,0,0,0.0,1,3,4,0,0,0,0,1,2,0,3,6,7.8,0,0,8.0,1,1,1,1,20527,19033,18231,20233,8896,14411,3944,13505,14344,13505,6876,9417,9701,19908,16469,12854,8263,17462,12976,17725,19913,7002,21048,2246,150,20457,1,,2024,2025
,1630611,Gui Santos,Gui,1610612744,GSW,,22401125,,,,10.873333333333331,0,1,0.0,0,1,0.0,0,0,0.0,2,1,3,2,0,1,0,0,0,0,0,5,9.6,0,0,7.0,1,1,1,1,21767,22635,23259,22635,15070,17631,15070,13505,14344,13505,3306,17569,12778,9909,16469,5025,8263,1,1,17725,23200,7737,19963,2246,150,21087,1,,2024,2025
,1630228,Jonathan Kuminga,Jonathan,1610612744,GSW,,22401125,,,,18.23,3,9,0.333,0,1,0.0,0,0,0.0,0,1,1,1,2,0,0,2,2,0,6,0,6.7,0,0,8.0,1,1,1,1,17423,12449,9700,17395,15070,17631,15070,13505,14344,13505,14058,17569,19889,14293,4442,12854,8263,23925,12976,17725,15937,12240,21709,2246,150,20457,1,,2024,2025
,1630296,Braxton Key,Braxton,1610612744,GSW,,22401125,,,,0.9083333333333332,0,0,0.0,0,0,0.0,0,0,0.0,0,0,0,0,0,0,0,0,0,0,0,0,0.0,0,0,0.0,1,1,1,1,26087,22635,24836,22635,15070,20945,15070,13505,14344,13505,14058,22137,23286,19908,16469,12854,8263,1,1,17725,23200,12240,25228,2246,150,25259,1,,2024,2025
,1627780,Gary Payton II,Gary,1610612744,GSW,,22401125,,,,2.1,0,1,0.0,0,1,0.0,0,0,0.0,0,0,0,1,0,0,0,0,0,0,0,-4,1.5,0,0,1.0,1,1,1,1,25414,22635,23259,22635,15070,17631,15070,13505,14344,13505,14058,22137,23286,14293,16469,12854,8263,1,1,17725,23200,16449,24554,2246,150,24667,1,,2024,2025
,202710,Jimmy Butler III,Jimmy,1610612744,GSW,,22401125,,,,34.19166666666667,6,13,0.462,1,3,0.333,6,6,1.0,3,0,3,5,1,5,0,0,2,3,19,21,44.1,0,0,38.0,1,1,1,1,4105,5250,5079,12428,8896,11494,9209,1180,1898,1,1615,22137,12778,3273,8788,33,8263,1,12976,4218,4202,1041,2211,2246,150,3270,1,,2024,2025
,1627741,Buddy Hield,Buddy,1610612744,GSW,,22401125,,,,16.746666666666666,2,6,0.333,1,3,0.333,0,0,0.0,2,0,2,0,1,0,1,1,1,0,5,-3,9.4,0,0,10.0,1,1,1,1,18427,15612,14618,17395,8896,11494,9209,13505,14344,13505,3306,22137,16273,19908,8788,12854,2537,17462,6051,17725,17323,15511,20083,2246,150,19152,1,,2024,2025
,1626172,Kevon Looney,Kevon,1610612744,GSW,,22401117,,,,8.308333333333334,1,1,1.0,0,0,0.0,0,0,0.0,0,1,1,0,0,0,0,0,0,0,2,0,3.2,0,0,3.0,1,1,1,1,22709,19033,23259,1,15070,20945,15070,13505,14344,13505,14058,17569,19889,19908,16469,12854,8263,1,1,17725,21232,12240,23585,2246,150,23533,1,,2024,2025
,1641764,Brandin Podziemski,Brandin,1610612744,GSW,,22401117,,,,35.56666666666667,10,17,0.588,8,10,0.8,0,0,0.0,3,5,8,6,1,1,0,0,2,3,28,5,48.6,0,0,52.0,1,1,1,1,3020,1099,2289,6229,27,829,1389,13505,14344,13505,1615,4392,2934,2199,8788,5025,8263,1,12976,4218,1156,7737,1396,2246,150,734,1,,2024,2025
,201939,Stephen Curry,Stephen,1610612744,GSW,,22401117,,,,34.266666666666666,10,21,0.476,4,11,0.364,13,14,0.929,1,2,3,6,2,0,0,1,1,10,37,-1,47.6,0,0,50.0,1,1,1,1,4042,1099,817,12010,1130,499,9100,38,68,6719,6876,13151,12778,2199,4442,12854,8263,17462,6051,65,202,13450,1533,2246,150,943,1,,2024,2025
,202710,Jimmy Butler III,Jimmy,1610612744,GSW,,22401117,,,,36.0,4,7,0.571,1,2,0.5,2,2,1.0,3,1,4,2,1,3,0,0,0,2,11,-1,26.8,0,0,24.0,1,1,1,1,2683,9611,12910,6538,8896,14411,3944,6020,7446,1,1615,17569,9701,9909,8788,473,8263,1,1,6956,10323,13450,8917,2246,150,9719,1,,2024,2025
,203110,Draymond Green,Draymond,1610612744,GSW,,22401117,,,,33.98833333333334,3,9,0.333,2,4,0.5,0,2,0.0,2,9,11,5,5,0,1,1,4,1,8,4,26.7,0,0,28.0,1,1,1,1,4277,12449,9700,17395,4949,8688,3944,13505,7446,13505,3306,796,1106,3273,387,12854,2537,17462,22904,11254,13544,8479,8980,2246,150,7475,1,,2024,2025
,1630611,Gui Santos,Gui,1610612744,GSW,,22401117,,,,10.6,0,1,0.0,0,1,0.0,2,2,1.0,2,0,2,3,0,0,0,0,4,1,2,9,8.9,0,0,7.0,1,1,1,1,21875,22635,23259,22635,15070,17631,15070,6020,7446,1,3306,22137,16273,6913,16469,12854,8263,1,22904,11254,21232,5125,20412,2246,150,21087,1,,2024,2025
,1630541,Moses Moody,Moses,1610612744,GSW,,22401117,,,,28.78333333333333,3,7,0.429,3,6,0.5,4,4,1.0,0,2,2,3,2,0,0,1,2,2,13,-4,17.9,0,0,21.0,1,1,1,1,8852,12449,12910,13735,2458,4502,3944,2676,3754,1,14058,13151,16273,6913,4442,12854,8263,17462,12976,6956,8426,16449,14467,2246,150,11621,1,,2024,2025
,1642366,Quinten Post,Quinten,1610612744,GSW,,22401117,,,,14.741666666666667,1,4,0.25,0,2,0.0,2,2,1.0,0,3,3,1,1,0,0,0,4,1,4,7,8.1,0,0,8.0,1,1,1,1,19741,19033,18231,20233,15070,14411,15070,6020,7446,1,14058,9417,12778,14293,8788,12854,8263,1,22904,11254,18599,6330,20889,2246,150,20457,1,,2024,2025
,1627741,Buddy Hield,Buddy,1610612744,GSW,,22401117,,,,12.58,0,3,0.0,0,3,0.0,0,0,0.0,1,2,3,0,1,1,0,0,1,0,0,7,5.6,0,0,5.0,1,1,1,1,20953,22635,19992,22635,15070,11494,15070,13505,14344,13505,6876,13151,12778,19908,8788,5025,8263,1,6051,17725,23200,6330,22365,2246,150,22358,1,,2024,2025
,1630228,Jonathan Kuminga,Jonathan,1610612744,GSW,,22401117,,,,25.165,7,12,0.583,1,3,0.333,3,5,0.6,2,7,9,4,0,0,1,0,3,3,18,9,37.8,0,0,34.0,1,1,1,1,11869,3730,5979,6296,8896,11494,9209,4159,2872,10343,3306,1947,2169,4780,16469,12854,2537,1,18916,4218,4762,5125,3876,2246,150,4638,1,,2024,2025
,1630611,Gui Santos,Gui,1610612744,GSW,,22401100,,,,18.535,1,5,0.2,0,1,0.0,2,2,1.0,4,2,6,1,1,0,0,1,4,1,4,3,11.7,0,0,11.0,1,1,1,1,17162,19033,16437,21401,15070,17631,15070,6020,7446,1,785,13151,5362,14293,8788,12854,8263,17462,22904,11254,18599,9394,18589,2246,150,18464,1,,2024,2025
,1626172,Kevon Looney,Kevon,1610612744,GSW,,22401100,,,,9.983333333333333,1,4,0.25,1,1,1.0,0,0,0.0,3,1,4,1,0,0,0,0,1,2,3,-1,9.3,0,0,9.0,1,1,1,1,22110,19033,18231,20233,8896,17631,1,13505,14344,13505,1615,17569,9701,14293,16469,12854,8263,1,6051,6956,19913,13450,20177,2246,150,19766,1,,2024,2025
,1642366,Quinten Post,Quinten,1610612744,GSW,,22401100,,,,19.81833333333333,3,10,0.3,3,9,0.333,0,0,0.0,0,1,1,1,0,0,0,0,2,1,9,-1,11.7,0,0,14.0,1,1,1,1,16159,12449,8304,19363,2458,1295,9209,13505,14344,13505,14058,17569,19889,14293,16469,12854,8263,1,12976,11254,12445,13450,18589,2246,150,16370,1,,2024,2025
,1641764,Brandin Podziemski,Brandin,1610612744,GSW,,22401100,,,,28.133333333333333,4,11,0.364,0,4,0.0,0,0,0.0,1,4,5,1,0,0,0,1,3,2,8,-2,15.5,0,0,14.0,1,1,1,1,9432,9611,7071,16861,15070,8688,15070,13505,14344,13505,6876,6429,7268,14293,16469,12854,8263,17462,18916,6956,13544,14448,16036,2246,150,16370,1,,2024,2025
,1630541,Moses Moody,Moses,1610612744,GSW,,22401100,,,,35.736666666666665,4,8,0.5,2,5,0.4,0,0,0.0,2,2,4,1,2,0,1,1,4,1,10,4,17.3,0,0,19.0,1,1,1,1,2872,9611,11288,8526,4949,6354,7874,13505,14344,13505,3306,13151,9701,14293,4442,12854,2537,17462,22904,11254,11377,8479,14888,2246,150,12913,1,,2024,2025
,202710,Jimmy Butler III,Jimmy,1610612744,GSW,,22401100,,,,38.15,7,11,0.636,1,2,0.5,12,12,1.0,1,5,6,4,2,3,0,1,1,7,27,6,47.2,0,0,44.0,1,1,1,1,1295,3730,7071,4689,8896,14411,3944,69,194,1,6876,4392,5362,4780,4442,473,8263,17462,6051,426,1351,7002,1597,2246,150,1816,1,,2024,2025
,201939,Stephen Curry,Stephen,1610612744,GSW,,22401100,,,,36.531666666666666,16,31,0.516,12,20,0.6,8,8,1.0,1,9,10,8,2,5,1,1,2,5,52,17,92.0,1,0,94.0,1,1,1,1,2325,43,30,8522,1,1,2992,481,912,1,6876,796,1549,963,4442,33,2537,17462,12976,1447,10,1948,4,1,150,1,1,,2024,2025
,1627741,Buddy Hield,Buddy,1610612744,GSW,,22401100,,,,20.13,2,7,0.286,2,7,0.286,2,2,1.0,1,2,3,0,1,1,0,0,1,1,8,6,13.6,0,0,15.0,1,1,1,1,15928,15612,12910,19630,4949,3100,11433,6020,7446,1,6876,13151,12778,19908,8788,5025,8263,1,6051,11254,13544,7002,17296,2246,150,15689,1,,2024,2025
,203110,Draymond Green,Draymond,1610612744,GSW,,22401100,,,,32.98166666666667,4,12,0.333,1,7,0.143,4,4,1.0,2,8,10,12,3,2,1,1,4,3,13,13,49.0,1,1,42.0,1,1,1,1,5169,9611,5979,17395,8896,3100,14649,2676,3754,1,3306,1271,1549,139,2037,1671,2537,17462,22904,4218,8426,3250,1328,1,1,2239,1,,2024,2025
,1630541,Moses Moody,Moses,1610612744,GSW,,22401086,,,,24.55,7,11,0.636,3,6,0.5,3,4,0.75,0,3,3,3,2,3,1,0,2,3,20,21,38.1,0,0,37.0,1,1,1,1,12423,3730,7071,4689,2458,4502,3944,4159,3754,8186,14058,9417,12778,6913,4442,473,2537,1,12976,4218,3676,1041,3788,2246,150,3591,1,,2024,2025
,1627741,Buddy Hield,Buddy,1610612744,GSW,,22401086,,,,24.566666666666663,8,12,0.667,3,6,0.5,0,0,0.0,1,4,5,4,0,3,0,0,1,0,19,30,40.0,0,0,37.0,1,1,1,1,12410,2561,5979,3281,2458,4502,3944,13505,14344,13505,6876,6429,7268,4780,16469,473,8263,1,6051,17725,4202,199,3218,2246,150,3591,1,,2024,2025
,201939,Stephen Curry,Stephen,1610612744,GSW,,22401086,,,,25.8,4,10,0.4,2,4,0.5,3,3,1.0,0,3,3,6,0,1,1,1,2,3,13,24,31.6,0,0,28.0,1,1,1,1,11331,9611,8304,14933,4949,8688,3944,4159,6038,1,14058,9417,12778,2199,16469,5025,2537,17462,12976,4218,8426,634,6373,2246,150,7475,1,,2024,2025
,1641764,Brandin Podziemski,Brandin,1610612744,GSW,,22401086,,,,26.916666666666668,9,14,0.643,7,9,0.778,2,2,1.0,1,5,6,5,2,1,0,0,0,3,27,22,42.7,0,0,47.0,1,1,1,1,10399,1688,4240,4607,76,1295,1530,6020,7446,1,6876,4392,5362,3273,4442,5025,8263,1,1,4218,1351,894,2543,2246,150,1314,1,,2024,2025
,203110,Draymond Green,Draymond,1610612744,GSW,,22401086,,,,21.266666666666666,6,9,0.667,2,4,0.5,0,0,0.0,0,5,5,2,1,1,0,0,2,1,14,12,25.0,0,0,25.0,1,1,1,1,15095,5250,9700,3281,4949,8688,3944,13505,14344,13505,14058,4392,7268,9909,8788,5025,8263,1,12976,11254,7553,3654,9980,2246,150,9137,1,,2024,2025
,1631218,Trayce Jackson-Davis,Trayce,1610612744,GSW,,22401086,,,,9.333333333333334,4,7,0.571,0,1,0.0,0,3,0.0,3,0,3,2,1,0,0,1,1,2,8,10,13.6,0,0,13.0,1,1,1,1,22339,9611,12910,6538,15070,17631,15070,13505,6038,13505,1615,22137,12778,9909,8788,12854,8263,17462,6051,6956,13544,4588,17296,2246,150,17050,1,,2024,2025
,1642366,Quinten Post,Quinten,1610612744,GSW,,22401086,,,,17.716666666666665,3,9,0.333,1,6,0.167,0,0,0.0,0,2,2,1,1,1,0,1,1,1,7,2,12.9,0,0,13.0,1,1,1,1,17765,12449,9700,17395,8896,4502,14236,13505,14344,13505,14058,13151,16273,14293,8788,5025,8263,17462,6051,11254,14857,10285,17766,2246,150,17050,1,,2024,2025
,1630228,Jonathan Kuminga,Jonathan,1610612744,GSW,,22401086,,,,6.566666666666666,1,2,0.5,0,0,0.0,2,2,1.0,0,1,1,0,1,0,0,0,1,1,4,9,4.2,0,0,5.0,1,1,1,1,23340,19033,21660,8526,15070,20945,15070,6020,7446,1,14058,17569,19889,19908,8788,12854,8263,1,6051,11254,18599,5125,23095,2246,150,22358,1,,2024,2025
,202710,Jimmy Butler III,Jimmy,1610612744,GSW,,22401086,,,,23.53,4,5,0.8,1,2,0.5,4,4,1.0,1,2,3,8,4,4,0,0,0,2,13,26,36.6,0,0,33.0,1,1,1,1,13294,9611,16437,1688,8896,14411,3944,2676,3754,1,6876,13151,12778,963,877,123,8263,1,1,6956,8426,449,4288,2246,150,5036,1,,2024,2025
,1628995,Kevin Knox II,Kevin,1610612744,GSW,,22401086,,,,12.87,3,4,0.75,0,0,0.0,0,0,0.0,0,2,2,0,0,1,0,0,0,1,6,3,11.4,0,0,10.0,1,1,1,1,20813,12449,18231,2107,15070,20945,15070,13505,14344,13505,14058,13151,16273,19908,16469,5025,8263,1,1,11254,15937,9394,18783,2246,150,19152,1,,2024,2025
,1626172,Kevon Looney,Kevon,1610612744,GSW,,22401086,,,,13.1,3,5,0.6,1,1,1.0,1,1,1.0,1,6,7,1,0,0,1,0,1,3,8,28,20.9,0,0,19.0,1,1,1,1,20693,12449,16437,5394,8896,17631,1,10215,12810,1,6876,2943,3946,14293,16469,12854,2537,1,6051,4218,13544,303,12468,2246,150,12913,1,,2024,2025
,1630611,Gui Santos,Gui,1610612744,GSW,,22401086,,,,23.58333333333333,2,6,0.333,0,3,0.0,0,0,0.0,3,1,4,6,0,2,0,0,2,0,4,18,23.8,0,0,18.0,1,1,1,1,13240,15612,14618,17395,15070,11494,15070,13505,14344,13505,1615,17569,9701,2199,16469,1671,8263,1,12976,17725,18599,1677,10678,2246,150,13589,1,,2024,2025
,1630311,Pat Spencer,Pat,1610612744,GSW,,22401086,,,,10.2,2,3,0.667,1,2,0.5,0,0,0.0,0,0,0,4,0,0,0,0,2,0,5,5,11.0,0,0,10.0,1,1,1,1,22028,15612,19992,3281,8896,14411,3944,13505,14344,13505,14058,22137,23286,4780,16469,12854,8263,1,12976,17725,17323,7737,19045,2246,150,19152,1,,2024,2025
,1642366,Quinten Post,Quinten,1610612744,GSW,,22401072,,,,17.581666666666667,5,11,0.455,3,9,0.333,2,2,1.0,3,3,6,2,1,0,0,0,2,1,15,10,24.2,0,0,26.0,1,1,1,1,17874,7242,7071,12676,2458,1295,9209,6020,7446,1,1615,9417,5362,9909,8788,12854,8263,1,12976,11254,6813,4588,10455,2246,150,8551,1,,2024,2025
,1641764,Brandin Podziemski,Brandin,1610612744,GSW,,22401072,,,,31.426666666666662,4,11,0.364,1,7,0.143,1,2,0.5,0,6,6,2,0,1,0,1,3,2,10,9,23.2,0,0,21.0,1,1,1,1,6483,9611,7071,16861,8896,3100,14649,10215,7446,10625,14058,2943,5362,9909,16469,5025,8263,17462,18916,6956,11377,5125,11052,2246,150,11621,1,,2024,2025
,1627741,Buddy Hield,Buddy,1610612744,GSW,,22401072,,,,22.86,4,8,0.5,2,6,0.333,1,1,1.0,1,2,3,3,1,1,0,0,2,2,11,9,21.1,0,0,21.0,1,1,1,1,13828,9611,11288,8526,4949,4502,9209,10215,12810,1,6876,13151,12778,6913,8788,5025,8263,1,12976,6956,10323,5125,12342,2246,150,11621,1,,2024,2025
,1630228,Jonathan Kuminga,Jonathan,1610612744,GSW,,22401072,,,,22.98333333333333,5,9,0.556,0,2,0.0,6,8,0.75,1,7,8,3,1,1,0,1,3,4,16,-5,32.1,0,0,29.0,1,1,1,1,13735,7242,9700,7248,15070,14411,15070,1180,912,8186,6876,1947,2934,6913,8788,5025,8263,17462,18916,2493,6070,17436,6133,2246,150,6953,1,,2024,2025
,1630541,Moses Moody,Moses,1610612744,GSW,,22401072,,,,20.116666666666667,3,7,0.429,1,3,0.333,0,0,0.0,0,1,1,1,1,0,0,0,1,0,7,1,8.7,0,0,10.0,1,1,1,1,15932,12449,12910,13735,8896,11494,9209,13505,14344,13505,14058,17569,19889,14293,8788,12854,8263,1,6051,17725,14857,11263,20527,2246,150,19152,1,,2024,2025
,1630611,Gui Santos,Gui,1610612744,GSW,,22401072,,,,15.556666666666668,2,5,0.4,0,3,0.0,1,2,0.5,1,0,1,1,1,1,0,0,0,1,5,15,9.7,0,0,9.0,1,1,1,1,19218,15612,16437,14933,15070,11494,15070,10215,7446,10625,6876,22137,19889,14293,8788,5025,8263,1,1,11254,17323,2549,19901,2246,150,19766,1,,2024,2025
,1626172,Kevon Looney,Kevon,1610612744,GSW,,22401072,,,,13.733333333333333,0,1,0.0,0,0,0.0,0,0,0.0,4,2,6,1,0,0,0,0,3,0,0,4,8.7,0,0,7.0,1,1,1,1,20341,22635,23259,22635,15070,20945,15070,13505,14344,13505,785,13151,5362,14293,16469,12854,8263,1,18916,17725,23200,8479,20527,2246,150,21087,1,,2024,2025
,1630311,Pat Spencer,Pat,1610612744,GSW,,22401072,,,,0.79,0,0,0.0,0,0,0.0,0,0,0.0,0,0,0,0,0,0,0,0,0,0,0,2,0.0,0,0,0.0,1,1,1,1,26132,22635,24836,22635,15070,20945,15070,13505,14344,13505,14058,22137,23286,19908,16469,12854,8263,1,1,17725,23200,10285,25228,2246,150,25259,1,,2024,2025
,1628995,Kevin Knox II,Kevin,1610612744,GSW,,22401072,,,,0.79,0,0,0.0,0,0,0.0,0,0,0.0,0,0,0,0,0,0,0,0,0,0,0,2,0.0,0,0,0.0,1,1,1,1,26132,22635,24836,22635,15070,20945,15070,13505,14344,13505,14058,22137,23286,19908,16469,12854,8263,1,1,17725,23200,10285,25228,2246,150,25259,1,,2024,2025
,203110,Draymond Green,Draymond,1610612744,GSW,,22401072,,,,25.541666666666668,2,6,0.333,0,3,0.0,2,2,1.0,1,4,5,6,2,2,1,0,6,3,6,16,28.0,0,0,23.0,1,1,1,1,11552,15612,14618,17395,15070,11494,15070,6020,7446,1,6876,6429,7268,2199,4442,1671,2537,1,26091,4218,15937,2243,8197,2246,150,10339,1,,2024,2025
,202710,Jimmy Butler III,Jimmy,1610612744,GSW,,22401072,,,,34.72666666666667,6,13,0.462,1,6,0.167,5,7,0.714,7,3,10,4,2,1,0,1,0,6,18,7,37.0,1,0,35.0,1,1,1,1,3673,5250,5079,12428,8896,4502,14236,1817,1377,9244,83,9417,1549,4780,4442,5025,8263,17462,1,792,4762,6330,4162,1,150,4250,1,,2024,2025
,201939,Stephen Curry,Stephen,1610612744,GSW,,22401072,,,,33.89333333333333,7,21,0.333,5,16,0.313,4,5,0.8,0,4,4,6,1,3,0,2,2,4,23,10,44.8,0,0,44.0,1,1,1,1,4361,3730,817,17395,492,31,11289,2676,2872,7681,14058,6429,9701,2199,8788,473,8263,23925,12976,2493,2434,4588,2057,2246,150,1816,1,,2024,2025
,1641764,Brandin Podziemski,Brandin,1610612744,GSW,,22401047,,,,30.27833333333333,6,16,0.375,2,6,0.333,0,1,0.0,1,2,3,4,1,2,0,0,1,2,14,-4,28.6,0,0,27.0,1,13222,13222,13222,7525,5250,2836,16299,4949,4502,9209,13505,12810,13505,6876,13151,12778,4780,8788,1671,8263,1,6051,6956,7553,16449,7879,2246,150,7999,1,,2024,2025
,1630228,Jonathan Kuminga,Jonathan,1610612744,GSW,,22401047,,,,24.816666666666663,4,10,0.4,1,3,0.333,6,9,0.667,0,2,2,2,1,2,0,0,0,6,15,-13,25.4,0,0,24.0,1,13222,13222,13222,12165,9611,8304,14933,8896,11494,9209,1180,643,9425,14058,13151,16273,9909,8788,1671,8263,1,1,792,6813,22771,9733,2246,150,9719,1,,2024,2025
,1627741,Buddy Hield,Buddy,1610612744,GSW,,22401047,,,,25.51833333333333,3,8,0.375,2,5,0.4,2,2,1.0,0,3,3,0,1,0,0,0,2,1,10,-5,12.6,0,0,15.0,1,13222,13222,13222,11577,12449,11288,16299,4949,6354,7874,6020,7446,1,14058,9417,12778,19908,8788,12854,8263,1,12976,11254,11377,17436,17974,2246,150,15689,1,,2024,2025
,202710,Jimmy Butler III,Jimmy,1610612744,GSW,,22401047,,,,28.716666666666665,5,12,0.417,0,2,0.0,1,1,1.0,5,1,6,2,0,1,0,2,0,2,11,-19,24.2,0,0,21.0,1,13222,13222,13222,8903,7242,5979,14532,15070,14411,15070,10215,12810,1,389,17569,5362,9909,16469,5025,8263,23925,1,6956,10323,24841,10455,2246,150,11621,1,,2024,2025
,1642366,Quinten Post,Quinten,1610612744,GSW,,22401047,,,,13.63,1,5,0.2,1,4,0.25,0,0,0.0,0,1,1,3,4,0,0,1,2,0,3,-15,4.7,0,0,8.0,1,13222,13222,13222,20407,19033,16437,21401,8896,8688,11902,13505,14344,13505,14058,17569,19889,6913,877,12854,8263,17462,12976,17725,19913,23599,22851,2246,150,20457,1,,2024,2025
,1630311,Pat Spencer,Pat,1610612744,GSW,,22401047,,,,6.283333333333333,0,2,0.0,0,0,0.0,0,0,0.0,0,0,0,0,0,0,0,0,0,0,0,-3,0.0,0,0,0.0,1,13222,13222,13222,23465,22635,21660,22635,15070,20945,15070,13505,14344,13505,14058,22137,23286,19908,16469,12854,8263,1,1,17725,23200,15511,25228,2246,150,25259,1,,2024,2025
,1628995,Kevin Knox II,Kevin,1610612744,GSW,,22401047,,,,4.216666666666667,0,0,0.0,0,0,0.0,0,0,0.0,0,1,1,0,0,0,0,0,0,0,0,-1,1.2,0,0,1.0,1,13222,13222,13222,24368,22635,24836,22635,15070,20945,15070,13505,14344,13505,14058,17569,19889,19908,16469,12854,8263,1,1,17725,23200,13450,24725,2246,150,24667,1,,2024,2025
,1631218,Trayce Jackson-Davis,Trayce,1610612744,GSW,,22401047,,,,4.216666666666667,2,2,1.0,0,0,0.0,0,0,0.0,1,0,1,0,0,0,0,0,0,0,4,-1,5.2,0,0,5.0,1,13222,13222,13222,24368,15612,21660,1,15070,20945,15070,13505,14344,13505,6876,22137,19889,19908,16469,12854,8263,1,1,17725,18599,13450,22562,2246,150,22358,1,,2024,2025
,1627780,Gary Payton II,Gary,1610612744,GSW,,22401047,,,,20.055,2,2,1.0,0,0,0.0,0,0,0.0,2,5,7,2,2,2,0,0,3,0,4,-21,19.4,0,0,17.0,1,13222,13222,13222,15984,15612,21660,1,15070,20945,15070,13505,14344,13505,3306,4392,3946,9909,4442,1671,8263,1,18916,17725,18599,25273,13495,2246,150,14250,1,,2024,2025
,203110,Draymond Green,Draymond,1610612744,GSW,,22401047,,,,23.188333333333333,1,4,0.25,0,3,0.0,0,0,0.0,2,3,5,3,3,0,0,0,1,2,2,-23,9.5,0,0,10.0,1,13222,13222,13222,13566,19033,18231,20233,15070,11494,15070,13505,14344,13505,3306,9417,7268,6913,2037,12854,8263,1,6051,6956,21232,25627,20035,2246,150,19152,1,,2024,2025
,1626172,Kevon Looney,Kevon,1610612744,GSW,,22401047,,,,14.445,1,1,1.0,0,0,0.0,1,2,0.5,0,5,5,2,0,1,1,0,2,1,3,0,18.0,0,0,14.0,1,13222,13222,13222,19925,19033,23259,1,15070,20945,15070,10215,7446,10625,14058,4392,7268,9909,16469,5025,2537,1,12976,11254,19913,12240,14409,2246,150,16370,1,,2024,2025
,1630611,Gui Santos,Gui,1610612744,GSW,,22401047,,,,19.586666666666662,5,8,0.625,3,6,0.5,0,0,0.0,2,1,3,0,0,0,0,1,2,0,13,-2,16.6,0,0,19.0,1,13222,13222,13222,16342,7242,11288,4899,2458,4502,3944,13505,14344,13505,3306,17569,12778,19908,16469,12854,8263,17462,12976,17725,8426,14448,15339,2246,150,12913,1,,2024,2025
,1630541,Moses Moody,Moses,1610612744,GSW,,22401047,,,,25.04833333333333,3,13,0.231,0,9,0.0,1,1,1.0,1,0,1,2,0,0,0,1,1,1,7,-23,11.2,0,0,10.0,1,13222,13222,13222,11972,12449,5079,21157,15070,1295,15070,10215,12810,1,6876,22137,19889,9909,16469,12854,8263,17462,6051,11254,14857,25627,18904,2246,150,19152,1,,2024,2025
,1626172,Kevon Looney,Kevon,1610612744,GSW,,22401025,,,,4.733333333333333,0,2,0.0,0,0,0.0,0,0,0.0,1,0,1,0,0,0,0,0,0,0,0,-5,1.2,0,0,1.0,1,13222,13222,13222,24123,22635,21660,22635,15070,20945,15070,13505,14344,13505,6876,22137,19889,19908,16469,12854,8263,1,1,17725,23200,17436,24725,2246,150,24667,1,,2024,2025
,1630228,Jonathan Kuminga,Jonathan,1610612744,GSW,,22401025,,,,21.73333333333333,6,14,0.429,1,4,0.25,3,3,1.0,0,2,2,2,1,0,0,1,0,2,16,-18,20.4,0,0,21.0,1,13222,13222,13222,14727,5250,4240,13735,8896,8688,11902,4159,6038,1,14058,13151,16273,9909,8788,12854,8263,17462,1,6956,6070,24566,12816,2246,150,11621,1,,2024,2025
,1641764,Brandin Podziemski,Brandin,1610612744,GSW,,22401025,,,,36.17166666666667,6,14,0.429,5,8,0.625,2,2,1.0,1,7,8,4,2,1,0,0,2,3,19,-8,35.6,0,0,38.0,1,13222,13222,13222,2553,5250,4240,13735,492,2050,2868,6020,7446,1,6876,1947,2934,4780,4442,5025,8263,1,12976,4218,4202,19855,4667,2246,150,3270,1,,2024,2025
,1630541,Moses Moody,Moses,1610612744,GSW,,22401025,,,,34.6,7,13,0.538,3,8,0.375,3,3,1.0,1,3,4,5,2,2,1,0,3,6,20,-2,39.3,0,0,38.0,1,13222,13222,13222,3784,3730,5079,7978,2458,2050,8800,4159,6038,1,6876,9417,9701,3273,4442,1671,2537,1,18916,792,3676,14448,3415,2246,150,3270,1,,2024,2025
,203110,Draymond Green,Draymond,1610612744,GSW,,22401025,,,,35.2,2,7,0.286,1,4,0.25,0,0,0.0,0,6,6,6,3,3,1,0,5,1,5,-4,30.2,0,0,26.0,1,13222,13222,13222,3316,15612,12910,19630,8896,8688,11902,13505,14344,13505,14058,2943,5362,2199,2037,473,2537,1,25158,11254,17323,16449,7080,2246,150,8551,1,,2024,2025
,202710,Jimmy Butler III,Jimmy,1610612744,GSW,,22401025,,,,37.516666666666666,7,15,0.467,1,7,0.143,10,14,0.714,0,4,4,8,1,1,0,1,1,8,25,11,43.8,0,0,40.0,1,13222,13222,13222,1673,3730,3491,12249,8896,3100,14649,183,68,9244,14058,6429,9701,963,8788,5025,8263,17462,6051,220,1828,4119,2282,2246,150,2744,1,,2024,2025
,1642366,Quinten Post,Quinten,1610612744,GSW,,22401025,,,,27.511666666666667,4,6,0.667,3,4,0.75,0,0,0.0,0,4,4,1,0,0,1,0,2,0,11,-2,20.3,0,0,21.0,1,13222,13222,13222,9940,9611,14618,3281,2458,8688,1542,13505,14344,13505,14058,6429,9701,14293,16469,12854,2537,1,12976,17725,10323,14448,12888,2246,150,11621,1,,2024,2025
,1627780,Gary Payton II,Gary,1610612744,GSW,,22401025,,,,16.788333333333334,5,7,0.714,1,1,1.0,0,0,0.0,0,4,4,0,0,0,0,0,1,0,11,6,15.8,0,0,16.0,1,13222,13222,13222,18396,7242,12910,2752,8896,17631,1,13505,14344,13505,14058,6429,9701,19908,16469,12854,8263,1,6051,17725,10323,7002,15862,2246,150,14948,1,,2024,2025
,1630611,Gui Santos,Gui,1610612744,GSW,,22401025,,,,4.45,0,1,0.0,0,1,0.0,0,0,0.0,0,0,0,0,0,0,0,0,1,1,0,-13,0.0,0,0,0.0,1,13222,13222,13222,24257,22635,23259,22635,15070,17631,15070,13505,14344,13505,14058,22137,23286,19908,16469,12854,8263,1,6051,11254,23200,22771,25228,2246,150,25259,1,,2024,2025
,1627741,Buddy Hield,Buddy,1610612744,GSW,,22401025,,,,16.72833333333333,1,2,0.5,1,1,1.0,2,2,1.0,1,1,2,1,0,1,0,0,1,1,5,-8,11.9,0,0,11.0,1,13222,13222,13222,18442,19033,21660,8526,8896,17631,1,6020,7446,1,6876,17569,16273,14293,16469,5025,8263,1,6051,11254,17323,19855,18455,2246,150,18464,1,,2024,2025
,1631218,Trayce Jackson-Davis,Trayce,1610612744,GSW,,22401025,,,,4.566666666666666,1,3,0.333,0,0,0.0,1,2,0.5,2,1,3,1,0,0,1,1,0,1,3,-2,11.1,0,0,9.0,1,13222,13222,13222,24188,19033,19992,17395,15070,20945,15070,10215,7446,10625,3306,17569,12778,14293,16469,12854,2537,17462,1,11254,19913,14448,18988,2246,150,19766,1,,2024,2025
,202710,Jimmy Butler III,Jimmy,1610612744,GSW,,22401005,,,,35.85,4,15,0.267,1,2,0.5,7,10,0.7,3,8,11,12,2,2,2,1,2,9,16,5,57.2,1,1,48.0,1,1,1,1,2786,9611,3491,20170,8896,14411,3944,752,423,9366,1615,1271,1106,139,4442,1671,808,17462,12976,121,6070,7737,495,1,1,1176,1,,2024,2025
,203110,Draymond Green,Draymond,1610612744,GSW,,22401005,,,,31.465,7,18,0.389,5,14,0.357,2,2,1.0,4,3,7,5,4,4,0,1,4,2,21,-5,44.9,0,0,46.0,1,1,1,1,6446,3730,1822,16009,492,97,9188,6020,7446,1,785,9417,3946,3273,877,123,8263,17462,22904,6956,3254,17436,2040,2246,150,1461,1,,2024,2025
,1630228,Jonathan Kuminga,Jonathan,1610612744,GSW,,22401005,,,,25.241666666666667,7,15,0.467,1,5,0.2,1,1,1.0,0,4,4,3,2,2,0,0,3,2,16,-2,29.3,0,0,28.0,1,1,1,1,11801,3730,3491,12249,8896,6354,13429,10215,12810,1,14058,6429,9701,6913,4442,1671,8263,1,18916,6956,6070,14448,7503,2246,150,7475,1,,2024,2025
,1641764,Brandin Podziemski,Brandin,1610612744,GSW,,22401005,,,,34.85,6,14,0.429,3,7,0.429,0,0,0.0,1,2,3,1,0,1,0,1,1,1,15,7,23.1,0,0,24.0,1,1,1,1,3581,5250,4240,13735,2458,3100,7394,13505,14344,13505,6876,13151,12778,14293,16469,5025,8263,17462,6051,11254,6813,6330,11107,2246,150,9719,1,,2024,2025
,201939,Stephen Curry,Stephen,1610612744,GSW,,22401005,,,,25.016666666666666,6,8,0.75,2,4,0.5,3,5,0.6,0,2,2,1,3,0,1,0,0,5,17,-7,20.9,0,0,24.0,1,1,1,1,11990,5250,11288,2107,4949,8688,3944,4159,2872,10343,14058,13151,16273,14293,2037,12854,2537,1,1,1447,5360,19141,12468,2246,150,9719,1,,2024,2025
,1627741,Buddy Hield,Buddy,1610612744,GSW,,22401005,,,,19.38833333333333,1,4,0.25,1,3,0.333,5,5,1.0,2,3,5,4,2,1,0,0,2,2,8,7,21.0,0,0,20.0,1,1,1,1,16509,19033,18231,20233,8896,11494,9209,1817,2872,1,3306,9417,7268,4780,4442,5025,8263,1,12976,6956,13544,6330,12407,2246,150,12254,1,,2024,2025
,1626172,Kevon Looney,Kevon,1610612744,GSW,,22401005,,,,8.578333333333333,1,1,1.0,0,0,0.0,0,1,0.0,1,1,2,0,0,0,0,0,0,1,2,4,4.4,0,0,4.0,1,1,1,1,22606,19033,23259,1,15070,20945,15070,13505,12810,13505,6876,17569,16273,19908,16469,12854,8263,1,1,11254,21232,8479,23001,2246,150,22929,1,,2024,2025
,1630541,Moses Moody,Moses,1610612744,GSW,,22401005,,,,27.421666666666667,0,5,0.0,0,3,0.0,4,4,1.0,0,1,1,2,1,2,1,0,1,2,4,4,16.2,0,0,13.0,1,1,1,1,9999,22635,16437,22635,15070,11494,15070,2676,3754,1,14058,17569,19889,9909,8788,1671,2537,1,6051,6956,18599,8479,15608,2246,150,17050,1,,2024,2025
,1642366,Quinten Post,Quinten,1610612744,GSW,,22401005,,,,21.988333333333333,6,10,0.6,6,9,0.667,0,0,0.0,0,2,2,0,0,1,1,1,2,0,18,5,26.4,0,0,30.0,1,1,1,1,14514,5250,8304,5394,202,1295,1957,13505,14344,13505,14058,13151,16273,19908,16469,5025,2537,17462,12976,17725,4762,7737,9150,2246,150,6431,1,,2024,2025
,1630611,Gui Santos,Gui,1610612744,GSW,,22401005,,,,10.2,0,0,0.0,0,0,0.0,0,0,0.0,0,1,1,2,0,0,0,0,0,0,0,-3,4.2,0,0,3.0,1,1,1,1,22028,22635,24836,22635,15070,20945,15070,13505,14344,13505,14058,17569,19889,9909,16469,12854,8263,1,1,17725,23200,15511,23095,2246,150,23533,1,,2024,2025
,1627741,Buddy Hield,Buddy,1610612744,GSW,,22401012,,,,23.5,5,7,0.714,4,6,0.667,1,1,1.0,0,6,6,0,2,1,0,0,2,0,15,11,23.2,0,0,27.0,1,1,1,1,13305,7242,12910,2752,1130,4502,1957,10215,12810,1,14058,2943,5362,19908,4442,5025,8263,1,12976,17725,6813,4119,11052,2246,150,7999,1,,2024,2025
,1630541,Moses Moody,Moses,1610612744,GSW,,22401012,,,,24.536666666666665,2,9,0.222,1,5,0.2,2,2,1.0,2,5,7,3,0,0,0,1,2,2,7,0,19.9,0,0,18.0,1,1,1,1,12447,15612,9700,21205,8896,6354,13429,6020,7446,1,3306,4392,3946,6913,16469,12854,8263,17462,12976,6956,14857,12240,13170,2246,150,13589,1,,2024,2025
,203110,Draymond Green,Draymond,1610612744,GSW,,22401012,,,,36.16333333333333,1,6,0.167,0,5,0.0,1,2,0.5,0,10,10,4,2,2,4,0,5,2,3,14,37.0,0,0,29.0,1,1,1,1,2563,19033,14618,21938,15070,6354,15070,10215,7446,10625,14058,483,1549,4780,4442,1671,85,1,25158,6956,19913,2867,4162,2246,150,6953,1,,2024,2025
,1630228,Jonathan Kuminga,Jonathan,1610612744,GSW,,22401012,,,,23.78333333333333,2,10,0.2,0,2,0.0,6,6,1.0,1,1,2,2,2,0,0,2,4,3,10,-11,13.4,0,0,14.0,1,1,1,1,13086,15612,8304,21401,15070,14411,15070,1180,1898,1,6876,17569,16273,9909,4442,12854,8263,23925,22904,4218,11377,21738,17421,2246,150,16370,1,,2024,2025
,1627780,Gary Payton II,Gary,1610612744,GSW,,22401012,,,,17.45,3,7,0.429,2,5,0.4,0,0,0.0,0,0,0,1,0,1,0,0,1,0,8,7,12.5,0,0,13.0,1,1,1,1,17959,12449,12910,13735,4949,6354,7874,13505,14344,13505,14058,22137,23286,14293,16469,5025,8263,1,6051,17725,13544,6330,18057,2246,150,17050,1,,2024,2025
,1630611,Gui Santos,Gui,1610612744,GSW,,22401012,,,,8.366666666666667,1,1,1.0,1,1,1.0,0,0,0.0,2,2,4,1,2,0,0,0,1,0,3,-6,7.3,0,0,9.0,1,1,1,1,22676,19033,23259,1,8896,17631,1,13505,14344,13505,3306,13151,9701,14293,4442,12854,8263,1,6051,17725,19913,18298,21377,2246,150,19766,1,,2024,2025
,1642366,Quinten Post,Quinten,1610612744,GSW,,22401012,,,,23.113333333333333,5,10,0.5,4,9,0.444,0,0,0.0,1,3,4,3,3,1,0,0,5,0,14,9,23.3,0,0,27.0,1,1,1,1,13628,7242,8304,8526,1130,1295,7211,13505,14344,13505,6876,9417,9701,6913,2037,5025,8263,1,25158,17725,7553,5125,10979,2246,150,7999,1,,2024,2025
,202710,Jimmy Butler III,Jimmy,1610612744,GSW,,22401012,,,,36.98333333333333,6,13,0.462,1,4,0.25,11,11,1.0,2,6,8,10,5,0,0,1,2,6,24,14,43.6,1,0,43.0,1,1,1,1,1997,5250,5079,12428,8896,8688,11902,116,294,1,3306,2943,2934,386,387,12854,8263,17462,12976,792,2129,2867,2329,1,150,2014,1,,2024,2025
,1641764,Brandin Podziemski,Brandin,1610612744,GSW,,22401012,,,,29.05,6,10,0.6,4,7,0.571,1,2,0.5,1,6,7,1,2,1,0,0,0,1,17,3,27.9,0,0,31.0,1,1,1,1,8631,5250,8304,5394,1130,3100,3506,10215,7446,10625,6876,2943,3946,14293,4442,5025,8263,1,1,11254,5360,9394,8240,2246,150,5932,1,,2024,2025
,1626172,Kevon Looney,Kevon,1610612744,GSW,,22401012,,,,6.386666666666667,0,1,0.0,0,0,0.0,0,0,0.0,0,1,1,0,0,0,2,0,1,0,0,0,7.2,0,0,5.0,1,1,1,1,23418,22635,23259,22635,15070,20945,15070,13505,14344,13505,14058,17569,19889,19908,16469,12854,808,1,6051,17725,23200,12240,21393,2246,150,22358,1,,2024,2025
,1631218,Trayce Jackson-Davis,Trayce,1610612744,GSW,,22401012,,,,4.366666666666666,0,1,0.0,0,0,0.0,1,2,0.5,0,1,1,0,0,0,0,0,1,1,1,7,2.2,0,0,2.0,1,1,1,1,24304,22635,23259,22635,15070,20945,15070,10215,7446,10625,14058,17569,19889,19908,16469,12854,8263,1,6051,11254,22996,6330,24267,2246,150,24066,1,,2024,2025
,1630311,Pat Spencer,Pat,1610612744,GSW,,22401012,,,,6.3,1,2,0.5,0,0,0.0,0,0,0.0,0,2,2,0,0,1,0,0,0,0,2,7,7.4,0,0,6.0,1,1,1,1,23456,19033,21660,8526,15070,20945,15070,13505,14344,13505,14058,13151,16273,19908,16469,5025,8263,1,1,17725,21232,6330,21277,2246,150,21698,1,,2024,2025
,1630611,Gui Santos,Gui,1610612744,GSW,,22400990,,,,14.441666666666666,0,1,0.0,0,1,0.0,0,0,0.0,1,3,4,0,3,0,1,0,1,0,0,-4,4.8,0,0,6.0,1,13222,13222,13222,19927,22635,23259,22635,15070,17631,15070,13505,14344,13505,6876,9417,9701,19908,2037,12854,2537,1,6051,17725,23200,16449,22836,2246,150,21698,1,,2024,2025
,1630228,Jonathan Kuminga,Jonathan,1610612744,GSW,,22400990,,,,27.6,4,11,0.364,0,2,0.0,5,8,0.625,0,3,3,4,3,1,0,1,3,6,13,6,22.6,0,0,22.0,1,13222,13222,13222,9868,9611,7071,16861,15070,14411,15070,1817,912,10271,14058,9417,12778,4780,2037,5025,8263,17462,18916,792,8426,7002,11392,2246,150,10998,1,,2024,2025
,1642366,Quinten Post,Quinten,1610612744,GSW,,22400990,,,,8.44,2,3,0.667,0,1,0.0,0,0,0.0,0,1,1,0,0,1,0,0,0,0,4,-9,8.2,0,0,7.0,1,13222,13222,13222,22648,15612,19992,3281,15070,17631,15070,13505,14344,13505,14058,17569,19889,19908,16469,5025,8263,1,1,17725,18599,20535,20807,2246,150,21087,1,,2024,2025
,1627741,Buddy Hield,Buddy,1610612744,GSW,,22400990,,,,20.98333333333333,1,4,0.25,0,3,0.0,0,0,0.0,0,0,0,1,0,0,0,0,0,0,2,0,3.5,0,0,3.0,1,13222,13222,13222,15304,19033,18231,20233,15070,11494,15070,13505,14344,13505,14058,22137,23286,14293,16469,12854,8263,1,1,17725,21232,12240,23487,2246,150,23533,1,,2024,2025
,202710,Jimmy Butler III,Jimmy,1610612744,GSW,,22400990,,,,33.36666666666667,8,16,0.5,1,4,0.25,6,10,0.6,3,5,8,6,2,2,1,3,2,9,23,-9,48.6,0,0,44.0,1,13222,13222,13222,4841,2561,2836,8526,8896,8688,11902,1180,423,10343,1615,4392,2934,2199,4442,1671,2537,25707,12976,121,2434,20535,1396,2246,150,1816,1,,2024,2025
,203110,Draymond Green,Draymond,1610612744,GSW,,22400990,,,,32.513333333333335,5,6,0.833,0,1,0.0,0,1,0.0,0,6,6,5,4,3,5,0,5,2,10,-5,44.7,0,0,37.0,1,13222,13222,13222,5550,7242,14618,1514,15070,17631,15070,13505,12810,13505,14058,2943,5362,3273,877,473,34,1,25158,6956,11377,17436,2077,2246,150,3591,1,,2024,2025
,1630541,Moses Moody,Moses,1610612744,GSW,,22400990,,,,25.325,4,9,0.444,1,4,0.25,0,0,0.0,2,0,2,0,0,2,1,1,2,1,9,-12,20.4,0,0,18.0,1,13222,13222,13222,11726,9611,9700,13045,8896,8688,11902,13505,14344,13505,3306,22137,16273,19908,16469,1671,2537,17462,12976,11254,12445,22309,12816,2246,150,13589,1,,2024,2025
,201939,Stephen Curry,Stephen,1610612744,GSW,,22400990,,,,35.74,6,21,0.286,4,14,0.286,4,4,1.0,0,4,4,7,7,3,0,2,2,3,20,-7,37.3,0,0,41.0,1,13222,13222,13222,2870,5250,817,19630,1130,97,11433,2676,3754,1,14058,6429,9701,1463,46,473,8263,23925,12976,4218,3676,19141,4065,2246,150,2498,1,,2024,2025
,1626172,Kevon Looney,Kevon,1610612744,GSW,,22400990,,,,15.213333333333331,3,3,1.0,0,0,0.0,0,3,0.0,4,3,7,0,1,1,1,0,3,2,6,-4,19.4,0,0,17.0,1,13222,13222,13222,19435,12449,19992,1,15070,20945,15070,13505,6038,13505,785,9417,3946,19908,8788,5025,2537,1,18916,6956,15937,16449,13495,2246,150,14250,1,,2024,2025
,1627780,Gary Payton II,Gary,1610612744,GSW,,22400990,,,,26.376666666666665,8,10,0.8,2,3,0.667,0,1,0.0,1,2,3,1,0,3,1,0,3,1,18,-1,35.1,0,0,32.0,1,13222,13222,13222,10843,2561,8304,1688,4949,11494,1957,13505,12810,13505,6876,13151,12778,14293,16469,473,2537,1,18916,11254,4762,13450,4839,2246,150,5433,1,,2024,2025
,1630541,Moses Moody,Moses,1610612744,GSW,,22400974,,,,33.49166666666667,7,14,0.5,4,8,0.5,0,0,0.0,0,1,1,1,0,2,0,1,0,1,18,10,26.7,0,0,28.0,1,1,1,1,4740,3730,4240,8526,1130,2050,3944,13505,14344,13505,14058,17569,19889,14293,16469,1671,8263,17462,1,11254,4762,4588,8980,2246,150,7475,1,,2024,2025
,201939,Stephen Curry,Stephen,1610612744,GSW,,22400974,,,,35.0,8,20,0.4,4,13,0.308,8,9,0.889,0,7,7,5,3,0,1,1,2,4,28,-5,43.9,0,0,46.0,1,1,1,1,3460,2561,1105,14933,1130,166,11292,481,643,6857,14058,1947,3946,3273,2037,12854,2537,17462,12976,2493,1156,17436,2259,2246,150,1461,1,,2024,2025
,1642366,Quinten Post,Quinten,1610612744,GSW,,22400974,,,,19.441666666666663,2,4,0.5,1,3,0.333,0,0,0.0,2,4,6,2,0,0,1,0,2,0,5,2,18.2,0,0,16.0,1,1,1,1,16467,15612,18231,8526,8896,11494,9209,13505,14344,13505,3306,6429,5362,9909,16469,12854,2537,1,12976,17725,17323,10285,14270,2246,150,14948,1,,2024,2025
,1630611,Gui Santos,Gui,1610612744,GSW,,22400974,,,,20.883333333333333,2,4,0.5,1,2,0.5,0,1,0.0,0,7,7,0,0,0,0,1,1,1,5,-1,13.4,0,0,13.0,1,1,1,1,15366,15612,18231,8526,8896,14411,3944,13505,12810,13505,14058,1947,3946,19908,16469,12854,8263,17462,6051,11254,17323,13450,17421,2246,150,17050,1,,2024,2025
,1627741,Buddy Hield,Buddy,1610612744,GSW,,22400974,,,,14.558333333333334,1,7,0.143,1,7,0.143,0,0,0.0,0,2,2,0,1,1,0,0,0,0,3,-5,7.4,0,0,8.0,1,1,1,1,19852,19033,12910,22260,8896,3100,14649,13505,14344,13505,14058,13151,16273,19908,8788,5025,8263,1,1,17725,19913,17436,21277,2246,150,20457,1,,2024,2025
,1626172,Kevon Looney,Kevon,1610612744,GSW,,22400974,,,,6.308333333333334,1,1,1.0,0,0,0.0,0,0,0.0,1,2,3,0,0,0,0,0,1,0,2,0,5.6,0,0,5.0,1,1,1,1,23455,19033,23259,1,15070,20945,15070,13505,14344,13505,6876,13151,12778,19908,16469,12854,8263,1,6051,17725,21232,12240,22365,2246,150,22358,1,,2024,2025
,203110,Draymond Green,Draymond,1610612744,GSW,,22400974,,,,32.3,3,9,0.333,1,5,0.2,2,2,1.0,1,3,4,3,3,1,1,0,3,3,9,2,21.3,0,0,21.0,1,1,1,1,5727,12449,9700,17395,8896,6354,13429,6020,7446,1,6876,9417,9701,6913,2037,5025,2537,1,18916,4218,12445,10285,12222,2246,150,11621,1,,2024,2025
,1630228,Jonathan Kuminga,Jonathan,1610612744,GSW,,22400974,,,,20.416666666666668,3,8,0.375,0,0,0.0,4,6,0.667,3,2,5,5,1,0,1,2,1,3,10,-10,25.5,0,0,22.0,1,1,1,1,15698,12449,11288,16299,15070,20945,15070,2676,1898,9425,1615,13151,7268,3273,8788,12854,2537,23925,6051,4218,11377,21147,9681,2246,150,10998,1,,2024,2025
,202710,Jimmy Butler III,Jimmy,1610612744,GSW,,22400974,,,,32.666666666666664,3,11,0.273,1,2,0.5,4,4,1.0,3,3,6,7,1,1,0,1,2,4,11,10,30.7,0,0,27.0,1,1,1,1,5424,12449,7071,20048,8896,14411,3944,2676,3754,1,1615,9417,5362,1463,8788,5025,8263,17462,12976,2493,10323,4588,6826,2246,150,7999,1,,2024,2025
,1627780,Gary Payton II,Gary,1610612744,GSW,,22400974,,,,24.933333333333334,3,5,0.6,0,1,0.0,0,0,0.0,0,4,4,2,0,2,1,0,1,0,6,12,22.8,0,0,18.0,1,1,1,1,12062,12449,16437,5394,15070,17631,15070,13505,14344,13505,14058,6429,9701,9909,16469,1671,2537,1,6051,17725,15937,3654,11277,2246,150,13589,1,,2024,2025
,203110,Draymond Green,Draymond,1610612744,GSW,,22400957,,,,29.366666666666667,8,14,0.571,4,7,0.571,3,4,0.75,0,4,4,4,4,1,1,0,4,4,23,12,35.8,0,0,39.0,1,1,1,1,8334,2561,4240,6538,1130,3100,3506,4159,3754,8186,14058,6429,9701,4780,877,5025,2537,1,22904,2493,2434,3654,4590,2246,150,2984,1,,2024,2025
,1630541,Moses Moody,Moses,1610612744,GSW,,22400957,,,,29.65,4,7,0.571,4,6,0.667,5,6,0.833,1,3,4,6,1,2,1,0,3,3,17,12,38.8,0,0,37.0,1,1,1,1,8089,9611,12910,6538,1130,4502,1957,1817,1898,7275,6876,9417,9701,2199,8788,1671,2537,1,18916,4218,5360,3654,3575,2246,150,3591,1,,2024,2025
,1627780,Gary Payton II,Gary,1610612744,GSW,,22400957,,,,20.98333333333333,4,6,0.667,3,4,0.75,0,0,0.0,1,3,4,2,1,0,0,1,1,0,11,11,17.8,0,0,20.0,1,1,1,1,15304,9611,14618,3281,2458,8688,1542,13505,14344,13505,6876,9417,9701,9909,8788,12854,8263,17462,6051,17725,10323,4119,14543,2246,150,12254,1,,2024,2025
,1642366,Quinten Post,Quinten,1610612744,GSW,,22400957,,,,20.866666666666667,3,7,0.429,3,7,0.429,1,2,0.5,1,3,4,0,2,1,1,0,2,1,10,9,18.8,0,0,21.0,1,1,1,1,15383,12449,12910,13735,2458,3100,7394,10215,7446,10625,6876,9417,9701,19908,4442,5025,2537,1,12976,11254,11377,5125,13898,2246,150,11621,1,,2024,2025
,1630611,Gui Santos,Gui,1610612744,GSW,,22400957,,,,17.666666666666668,4,4,1.0,2,2,1.0,0,0,0.0,1,4,5,3,1,0,0,0,0,1,10,21,19.5,0,0,20.0,1,1,1,1,17805,9611,18231,1,4949,14411,1,13505,14344,13505,6876,6429,7268,6913,8788,12854,8263,1,1,11254,11377,1041,13445,2246,150,12254,1,,2024,2025
,1631218,Trayce Jackson-Davis,Trayce,1610612744,GSW,,22400957,,,,3.3666666666666667,0,0,0.0,0,0,0.0,0,0,0.0,1,1,2,1,0,0,0,0,0,0,0,6,3.9,0,0,3.0,1,1,1,1,24790,22635,24836,22635,15070,20945,15070,13505,14344,13505,6876,17569,16273,14293,16469,12854,8263,1,1,17725,23200,7002,23345,2246,150,23533,1,,2024,2025
,202710,Jimmy Butler III,Jimmy,1610612744,GSW,,22400957,,,,28.166666666666668,2,5,0.4,0,0,0.0,2,2,1.0,1,4,5,7,2,1,0,1,0,1,6,2,23.5,0,0,20.0,1,1,1,1,9408,15612,16437,14933,15070,20945,15070,6020,7446,1,6876,6429,7268,1463,4442,5025,8263,17462,1,11254,15937,10285,10865,2246,150,12254,1,,2024,2025
,1630228,Jonathan Kuminga,Jonathan,1610612744,GSW,,22400957,,,,19.916666666666668,7,10,0.7,0,1,0.0,4,6,0.667,0,3,3,1,0,1,0,0,2,3,18,8,26.1,0,0,24.0,1,1,1,1,16083,3730,8304,3045,15070,17631,15070,2676,1898,9425,14058,9417,12778,14293,16469,5025,8263,1,12976,4218,4762,5660,9334,2246,150,9719,1,,2024,2025
,201939,Stephen Curry,Stephen,1610612744,GSW,,22400957,,,,30.266666666666666,4,9,0.444,2,6,0.333,1,1,1.0,0,2,2,5,2,1,1,1,4,0,11,15,24.9,0,0,24.0,1,1,1,1,7529,9611,9700,13045,4949,4502,9209,10215,12810,1,14058,13151,16273,3273,4442,5025,2537,17462,22904,17725,10323,2549,10031,2246,150,9719,1,,2024,2025
,1626172,Kevon Looney,Kevon,1610612744,GSW,,22400957,,,,16.8,2,3,0.667,0,0,0.0,2,2,1.0,1,5,6,1,1,0,1,0,4,1,6,11,16.7,0,0,15.0,1,1,1,1,18385,15612,19992,3281,15070,20945,15070,6020,7446,1,6876,4392,5362,14293,8788,12854,2537,1,22904,11254,15937,4119,15274,2246,150,15689,1,,2024,2025
,1627741,Buddy Hield,Buddy,1610612744,GSW,,22400957,,,,19.58333333333333,6,10,0.6,4,6,0.667,0,1,0.0,0,4,4,5,0,1,0,1,0,1,16,17,31.3,0,0,31.0,1,1,1,1,16344,5250,8304,5394,1130,4502,1957,13505,12810,13505,14058,6429,9701,3273,16469,5025,8263,17462,1,11254,6070,1948,6529,2246,150,5932,1,,2024,2025
,1630311,Pat Spencer,Pat,1610612744,GSW,,22400957,,,,3.3666666666666667,1,3,0.333,0,0,0.0,0,0,0.0,0,0,0,0,0,0,0,0,1,0,2,6,2.0,0,0,2.0,1,1,1,1,24790,19033,19992,17395,15070,20945,15070,13505,14344,13505,14058,22137,23286,19908,16469,12854,8263,1,6051,17725,21232,7002,24331,2246,150,24066,1,,2024,2025
,1627741,Buddy Hield,Buddy,1610612744,GSW,,22400938,,,,25.0,7,10,0.7,6,9,0.667,0,0,0.0,2,0,2,7,3,2,1,0,2,0,20,16,38.9,0,0,41.0,1,1,1,1,12008,3730,8304,3045,202,1295,1957,13505,14344,13505,3306,22137,16273,1463,2037,1671,2537,1,12976,17725,3676,2243,3538,2246,150,2498,1,,2024,2025
,202710,Jimmy Butler III,Jimmy,1610612744,GSW,,22400938,,,,35.0,4,10,0.4,0,0,0.0,7,8,0.875,4,6,10,10,1,3,0,1,0,5,15,1,50.0,1,1,41.0,1,1,1,1,3460,9611,8304,14933,15070,20945,15070,752,912,6931,785,2943,1549,386,8788,473,8263,17462,1,1447,6813,11263,1173,1,1,2498,1,,2024,2025
,203110,Draymond Green,Draymond,1610612744,GSW,,22400938,,,,28.25,1,3,0.333,1,2,0.5,1,2,0.5,0,4,4,7,3,4,0,0,1,1,4,4,28.3,0,0,24.0,1,1,1,1,9340,19033,19992,17395,8896,14411,3944,10215,7446,10625,14058,6429,9701,1463,2037,123,8263,1,6051,11254,18599,8479,8055,2246,150,9719,1,,2024,2025
,1642366,Quinten Post,Quinten,1610612744,GSW,,22400938,,,,25.35,4,10,0.4,3,5,0.6,0,0,0.0,1,6,7,2,1,1,3,2,5,0,11,-2,33.4,0,0,31.0,1,1,1,1,11699,9611,8304,14933,2458,6354,2992,13505,14344,13505,6876,2943,3946,9909,8788,5025,252,23925,25158,17725,10323,14448,5535,2246,150,5932,1,,2024,2025
,1630611,Gui Santos,Gui,1610612744,GSW,,22400938,,,,14.5,2,6,0.333,0,3,0.0,0,0,0.0,1,4,5,2,3,0,0,0,5,0,4,7,10.0,0,0,11.0,1,1,1,1,19877,15612,14618,17395,15070,11494,15070,13505,14344,13505,6876,6429,7268,9909,2037,12854,8263,1,25158,17725,18599,6330,19706,2246,150,18464,1,,2024,2025
,201939,Stephen Curry,Stephen,1610612744,GSW,,22400938,,,,34.016666666666666,6,14,0.429,5,11,0.455,7,7,1.0,1,1,2,3,4,2,0,1,0,3,24,6,32.9,0,0,38.0,1,1,1,1,4244,5250,4240,13735,492,499,7148,752,1377,1,6876,17569,16273,6913,877,1671,8263,17462,1,4218,2129,7002,5774,2246,150,3270,1,,2024,2025
,1627780,Gary Payton II,Gary,1610612744,GSW,,22400938,,,,28.383333333333333,11,16,0.688,4,6,0.667,0,0,0.0,1,1,2,1,1,1,1,1,2,1,26,14,34.9,0,0,37.0,1,1,1,1,9227,704,2836,3227,1130,4502,1957,13505,14344,13505,6876,17569,16273,14293,8788,5025,2537,17462,12976,11254,1579,2867,4924,2246,150,3591,1,,2024,2025
,1630541,Moses Moody,Moses,1610612744,GSW,,22400938,,,,29.75,7,10,0.7,2,5,0.4,4,4,1.0,0,2,2,0,0,1,0,0,0,3,20,-2,25.4,0,0,26.0,1,1,1,1,8001,3730,8304,3045,4949,6354,7874,2676,3754,1,14058,13151,16273,19908,16469,5025,8263,1,1,4218,3676,14448,9733,2246,150,8551,1,,2024,2025
,1626172,Kevon Looney,Kevon,1610612744,GSW,,22400938,,,,19.75,3,6,0.5,0,0,0.0,0,0,0.0,2,4,6,3,1,2,0,0,1,0,6,6,22.7,0,0,19.0,1,1,1,1,16221,12449,14618,8526,15070,20945,15070,13505,14344,13505,3306,6429,5362,6913,8788,1671,8263,1,6051,17725,15937,7002,11343,2246,150,12913,1,,2024,2025
,203110,Draymond Green,Draymond,1610612744,GSW,,22400919,,,,31.35,3,7,0.429,2,5,0.4,4,6,0.667,1,8,9,7,4,3,1,1,3,6,12,11,41.3,0,0,38.0,1,1,1,1,6549,12449,12910,13735,4949,6354,7874,2676,1898,9425,6876,1271,2169,1463,877,473,2537,17462,18916,792,9299,4119,2891,2246,150,3270,1,,2024,2025
,1630541,Moses Moody,Moses,1610612744,GSW,,22400919,,,,36.43333333333333,3,11,0.273,2,5,0.4,4,4,1.0,4,3,7,3,2,3,0,1,3,2,12,2,31.9,0,0,30.0,1,1,1,1,2379,12449,7071,20048,4949,6354,7874,2676,3754,1,785,9417,3946,6913,4442,473,8263,17462,18916,6956,9299,10285,6220,2246,150,6431,1,,2024,2025
,1627741,Buddy Hield,Buddy,1610612744,GSW,,22400919,,,,19.023333333333333,3,7,0.429,1,5,0.2,1,2,0.5,1,3,4,2,1,1,1,0,0,1,8,2,20.8,0,0,19.0,1,1,1,1,16805,12449,12910,13735,8896,6354,13429,10215,7446,10625,6876,9417,9701,9909,8788,5025,2537,1,1,11254,13544,10285,12548,2246,150,12913,1,,2024,2025
,1627780,Gary Payton II,Gary,1610612744,GSW,,22400919,,,,22.475,0,1,0.0,0,0,0.0,2,2,1.0,0,2,2,1,0,3,0,0,5,1,2,3,14.9,0,0,11.0,1,1,1,1,14135,22635,23259,22635,15070,20945,15070,6020,7446,1,14058,13151,16273,14293,16469,473,8263,1,25158,11254,21232,9394,16417,2246,150,18464,1,,2024,2025
,1631218,Trayce Jackson-Davis,Trayce,1610612744,GSW,,22400919,,,,2.15,0,0,0.0,0,0,0.0,0,2,0.0,0,0,0,1,0,0,1,0,0,1,0,-2,4.5,0,0,3.0,1,1,1,1,25393,22635,24836,22635,15070,20945,15070,13505,7446,13505,14058,22137,23286,14293,16469,12854,2537,1,1,11254,23200,14448,22935,2246,150,23533,1,,2024,2025
,1642366,Quinten Post,Quinten,1610612744,GSW,,22400919,,,,20.201666666666668,3,10,0.3,0,5,0.0,0,0,0.0,0,2,2,1,0,1,0,0,5,0,6,0,12.9,0,0,11.0,1,1,1,1,15861,12449,8304,19363,15070,6354,15070,13505,14344,13505,14058,13151,16273,14293,16469,5025,8263,1,25158,17725,15937,12240,17766,2246,150,18464,1,,2024,2025
,1626172,Kevon Looney,Kevon,1610612744,GSW,,22400919,,,,11.173333333333334,1,1,1.0,0,0,0.0,0,0,0.0,1,3,4,1,1,0,0,0,3,0,2,-7,7.3,0,0,7.0,1,1,1,1,21638,19033,23259,1,15070,20945,15070,13505,14344,13505,6876,9417,9701,14293,8788,12854,8263,1,18916,17725,21232,19141,21377,2246,150,21087,1,,2024,2025
,201939,Stephen Curry,Stephen,1610612744,GSW,,22400919,,,,33.44833333333333,8,22,0.364,4,15,0.267,12,12,1.0,1,2,3,4,4,1,0,1,1,7,32,11,40.6,0,0,45.0,1,1,1,1,4777,2561,626,16861,1130,51,11897,69,194,1,6876,13151,12778,4780,877,5025,8263,17462,6051,426,582,4119,3054,2246,150,1626,1,,2024,2025
,1630611,Gui Santos,Gui,1610612744,GSW,,22400919,,,,24.845,5,8,0.625,1,2,0.5,4,6,0.667,2,4,6,1,0,0,1,1,6,5,15,12,26.7,0,0,25.0,1,1,1,1,12144,7242,11288,4899,8896,14411,3944,2676,1898,9425,3306,6429,5362,14293,16469,12854,2537,17462,26091,1447,6813,3654,8980,2246,150,9137,1,,2024,2025
,202710,Jimmy Butler III,Jimmy,1610612744,GSW,,22400919,,,,36.56666666666667,9,17,0.529,2,4,0.5,6,7,0.857,1,8,9,5,4,0,0,0,0,6,26,0,40.3,0,0,42.0,1,1,1,1,2294,1688,2289,8281,4949,8688,3944,1180,1377,7071,6876,1271,2169,3273,877,12854,8263,1,1,792,1579,12240,3140,2246,150,2239,1,,2024,2025
,1630311,Pat Spencer,Pat,1610612744,GSW,,22400919,,,,2.333333333333333,0,0,0.0,0,0,0.0,0,0,0.0,0,0,0,0,1,0,0,0,1,0,0,-7,-1.0,0,0,0.0,1,1,1,1,25302,22635,24836,22635,15070,20945,15070,13505,14344,13505,14058,22137,23286,19908,8788,12854,8263,1,6051,17725,23200,19141,26163,2246,150,25259,1,,2024,2025
,1642366,Quinten Post,Quinten,1610612744,GSW,,22400901,,,,21.14333333333333,4,8,0.5,2,4,0.5,0,2,0.0,3,4,7,2,0,0,2,1,0,2,10,13,27.4,0,0,25.0,1,1,1,1,15193,9611,11288,8526,4949,8688,3944,13505,7446,13505,1615,6429,3946,9909,16469,12854,808,17462,1,6956,11377,3250,8559,2246,150,9137,1,,2024,2025
,203110,Draymond Green,Draymond,1610612744,GSW,,22400901,,,,33.666666666666664,2,5,0.4,0,0,0.0,3,3,1.0,2,5,7,10,3,0,0,0,5,4,7,-7,27.4,0,0,24.0,1,1,1,1,4576,15612,16437,14933,15070,20945,15070,4159,6038,1,3306,4392,3946,386,2037,12854,8263,1,25158,2493,14857,19141,8559,2246,150,9719,1,,2024,2025
,1630311,Pat Spencer,Pat,1610612744,GSW,,22400901,,,,5.926666666666667,1,1,1.0,0,0,0.0,0,0,0.0,1,1,2,1,1,0,0,0,0,0,2,9,4.9,0,0,5.0,1,1,1,1,23624,19033,23259,1,15070,20945,15070,13505,14344,13505,6876,17569,16273,14293,8788,12854,8263,1,1,17725,21232,5125,22806,2246,150,22358,1,,2024,2025
,1627741,Buddy Hield,Buddy,1610612744,GSW,,22400901,,,,22.87333333333333,0,8,0.0,0,5,0.0,0,0,0.0,0,1,1,1,2,0,0,0,0,0,0,-11,0.7,0,0,2.0,1,1,1,1,13817,22635,11288,22635,15070,6354,15070,13505,14344,13505,14058,17569,19889,14293,4442,12854,8263,1,1,17725,23200,21738,25106,2246,150,24066,1,,2024,2025
,1641764,Brandin Podziemski,Brandin,1610612744,GSW,,22400901,,,,0.7333333333333333,0,0,0.0,0,0,0.0,0,0,0.0,0,0,0,0,0,0,0,0,0,0,0,-1,0.0,0,0,0.0,1,1,1,1,26156,22635,24836,22635,15070,20945,15070,13505,14344,13505,14058,22137,23286,19908,16469,12854,8263,1,1,17725,23200,13450,25228,2246,150,25259,1,,2024,2025
,202710,Jimmy Butler III,Jimmy,1610612744,GSW,,22400901,,,,35.10666666666667,7,13,0.538,1,1,1.0,10,10,1.0,1,1,2,6,1,3,0,1,0,8,25,17,44.4,0,0,40.0,1,1,1,1,3383,3730,5079,7978,8896,17631,1,183,423,1,6876,17569,16273,2199,8788,473,8263,17462,1,220,1828,1948,2147,2246,150,2744,1,,2024,2025
,1627780,Gary Payton II,Gary,1610612744,GSW,,22400901,,,,20.64,7,12,0.583,0,2,0.0,2,2,1.0,3,6,9,1,2,0,0,2,3,1,16,-15,26.3,0,0,26.0,1,1,1,1,15531,3730,5979,6296,15070,14411,15070,6020,7446,1,1615,2943,2169,14293,4442,12854,8263,23925,18916,11254,6070,23599,9203,2246,150,8551,1,,2024,2025
,1626172,Kevon Looney,Kevon,1610612744,GSW,,22400901,,,,11.583333333333334,1,4,0.25,0,1,0.0,3,4,0.75,2,3,5,1,0,0,1,1,3,2,5,5,15.5,0,0,13.0,1,1,1,1,21452,19033,18231,20233,15070,17631,15070,4159,3754,8186,3306,9417,7268,14293,16469,12854,2537,17462,18916,6956,17323,7737,16036,2246,150,17050,1,,2024,2025
,1630611,Gui Santos,Gui,1610612744,GSW,,22400901,,,,24.03333333333333,2,4,0.5,0,1,0.0,2,2,1.0,1,2,3,3,1,0,1,0,4,1,6,12,16.1,0,0,14.0,1,1,1,1,12869,15612,18231,8526,15070,17631,15070,6020,7446,1,6876,13151,12778,6913,8788,12854,2537,1,22904,11254,15937,3654,15681,2246,150,16370,1,,2024,2025
,1630541,Moses Moody,Moses,1610612744,GSW,,22400901,,,,28.69333333333333,4,7,0.571,2,5,0.4,0,0,0.0,0,5,5,2,1,0,0,0,1,0,10,4,18.0,0,0,19.0,1,1,1,1,8935,9611,12910,6538,4949,6354,7874,13505,14344,13505,14058,4392,7268,9909,8788,12854,8263,1,6051,17725,11377,8479,14409,2246,150,12913,1,,2024,2025
,201939,Stephen Curry,Stephen,1610612744,GSW,,22400901,,,,35.6,12,20,0.6,7,13,0.538,9,9,1.0,2,2,4,4,5,0,0,0,3,6,40,-16,45.8,0,0,55.0,1,1,1,1,2992,421,1105,5394,76,166,3915,318,643,1,3306,13151,9701,4780,387,12854,8263,1,18916,792,111,23938,1852,2246,150,474,1,,2024,2025
,1626172,Kevon Looney,Kevon,1610612744,GSW,,22400885,,,,14.066666666666666,1,1,1.0,0,0,0.0,0,2,0.0,1,3,4,0,0,0,2,0,1,1,2,-6,12.8,0,0,10.0,1,1,1,1,20163,19033,23259,1,15070,20945,15070,13505,7446,13505,6876,9417,9701,19908,16469,12854,808,1,6051,11254,21232,18298,17849,2246,150,19152,1,,2024,2025
,203110,Draymond Green,Draymond,1610612744,GSW,,22400885,,,,34.6,2,4,0.5,0,1,0.0,4,4,1.0,2,7,9,8,1,2,0,0,4,3,8,14,35.8,0,0,29.0,1,1,1,1,3784,15612,18231,8526,15070,17631,15070,2676,3754,1,3306,1947,2169,963,8788,1671,8263,1,22904,4218,13544,2867,4590,2246,150,6953,1,,2024,2025
,201939,Stephen Curry,Stephen,1610612744,GSW,,22400885,,,,33.1,10,21,0.476,5,9,0.556,3,3,1.0,0,7,7,9,2,2,0,2,0,4,28,23,53.9,0,0,53.0,1,1,1,1,5069,1099,817,12010,492,1295,3747,4159,6038,1,14058,1947,3946,635,4442,1671,8263,23925,1,2493,1156,736,747,2246,150,632,1,,2024,2025
,1642366,Quinten Post,Quinten,1610612744,GSW,,22400885,,,,14.858333333333333,1,4,0.25,1,2,0.5,0,0,0.0,0,3,3,0,3,0,1,0,3,0,3,5,6.6,0,0,9.0,1,1,1,1,19666,19033,18231,20233,8896,14411,3944,13505,14344,13505,14058,9417,12778,19908,2037,12854,2537,1,18916,17725,19913,7737,21766,2246,150,19766,1,,2024,2025
,1628995,Kevin Knox II,Kevin,1610612744,GSW,,22400885,,,,12.233333333333333,1,3,0.333,0,1,0.0,0,0,0.0,1,0,1,1,0,0,2,0,1,0,2,-5,10.7,0,0,8.0,1,1,1,1,21135,19033,19992,17395,15070,17631,15070,13505,14344,13505,6876,22137,19889,14293,16469,12854,808,1,6051,17725,21232,17436,19250,2246,150,20457,1,,2024,2025
,1630611,Gui Santos,Gui,1610612744,GSW,,22400885,,,,14.733333333333333,4,6,0.667,1,1,1.0,0,0,0.0,0,1,1,2,1,1,1,0,0,0,9,14,18.2,0,0,17.0,1,1,1,1,19747,9611,14618,3281,8896,17631,1,13505,14344,13505,14058,17569,19889,9909,8788,5025,2537,1,1,17725,12445,2867,14270,2246,150,14250,1,,2024,2025
,1630541,Moses Moody,Moses,1610612744,GSW,,22400885,,,,26.616666666666667,4,8,0.5,1,4,0.25,0,0,0.0,2,2,4,2,0,1,0,0,1,0,9,21,19.8,0,0,18.0,1,1,1,1,10633,9611,11288,8526,8896,8688,11902,13505,14344,13505,3306,13151,9701,9909,16469,5025,8263,1,6051,17725,12445,1041,13241,2246,150,13589,1,,2024,2025
,1627741,Buddy Hield,Buddy,1610612744,GSW,,22400885,,,,23.041666666666668,6,13,0.462,3,10,0.3,0,0,0.0,1,5,6,0,2,0,1,0,1,0,15,-4,23.2,0,0,26.0,1,1,1,1,13696,5250,5079,12428,2458,829,11319,13505,14344,13505,6876,4392,5362,19908,4442,12854,2537,1,6051,17725,6813,16449,11052,2246,150,8551,1,,2024,2025
,1641764,Brandin Podziemski,Brandin,1610612744,GSW,,22400885,,,,31.883333333333333,8,16,0.5,2,6,0.333,1,1,1.0,1,4,5,4,1,1,0,0,1,1,19,-3,33.0,0,0,32.0,1,1,1,1,6069,2561,2836,8526,4949,4502,9209,10215,12810,1,6876,6429,7268,4780,8788,5025,8263,1,6051,11254,4202,15511,5723,2246,150,5433,1,,2024,2025
,202710,Jimmy Butler III,Jimmy,1610612744,GSW,,22400885,,,,34.86666666666667,6,12,0.5,0,3,0.0,7,9,0.778,1,3,4,4,1,0,0,0,2,8,19,1,28.8,0,0,27.0,1,1,1,1,3564,5250,5979,8526,15070,11494,15070,752,643,8092,6876,9417,9701,4780,8788,12854,8263,1,12976,220,4202,11263,7764,2246,150,7999,1,,2024,2025
,1642366,Quinten Post,Quinten,1610612744,GSW,,22400875,,,,17.133333333333333,2,6,0.333,2,3,0.667,0,0,0.0,1,2,3,2,1,1,1,1,2,0,6,-2,17.6,0,0,17.0,1,1,1,1,18175,15612,14618,17395,4949,11494,1957,13505,14344,13505,6876,13151,12778,9909,8788,5025,2537,17462,12976,17725,15937,14448,14672,2246,150,14250,1,,2024,2025
,1628995,Kevin Knox II,Kevin,1610612744,GSW,,22400875,,,,1.8666666666666667,1,2,0.5,0,0,0.0,0,0,0.0,0,1,1,0,0,0,0,0,0,0,2,0,3.2,0,0,3.0,1,1,1,1,25549,19033,21660,8526,15070,20945,15070,13505,14344,13505,14058,17569,19889,19908,16469,12854,8263,1,1,17725,21232,12240,23585,2246,150,23533,1,,2024,2025
,1630541,Moses Moody,Moses,1610612744,GSW,,22400875,,,,21.1,1,6,0.167,0,2,0.0,3,3,1.0,1,4,5,0,1,1,0,1,1,2,5,11,13.0,0,0,12.0,1,1,1,1,15227,19033,14618,21938,15070,14411,15070,4159,6038,1,6876,6429,7268,19908,8788,5025,8263,17462,6051,6956,17323,4119,17709,2246,150,17796,1,,2024,2025
,202710,Jimmy Butler III,Jimmy,1610612744,GSW,,22400875,,,,31.33333333333333,3,7,0.429,1,3,0.333,6,6,1.0,1,2,3,4,3,1,0,0,1,3,13,11,22.6,0,0,23.0,1,1,1,1,6570,12449,12910,13735,8896,11494,9209,1180,1898,1,6876,13151,12778,4780,2037,5025,8263,1,6051,4218,8426,4119,11392,2246,150,10339,1,,2024,2025
,1630611,Gui Santos,Gui,1610612744,GSW,,22400875,,,,18.633333333333333,0,3,0.0,0,3,0.0,0,0,0.0,1,2,3,3,0,0,0,0,2,0,0,1,8.1,0,0,6.0,1,1,1,1,17085,22635,19992,22635,15070,11494,15070,13505,14344,13505,6876,13151,12778,6913,16469,12854,8263,1,12976,17725,23200,11263,20889,2246,150,21698,1,,2024,2025
,1627780,Gary Payton II,Gary,1610612744,GSW,,22400875,,,,10.056666666666668,4,7,0.571,1,4,0.25,0,0,0.0,0,2,2,0,0,1,1,0,2,0,9,6,17.4,0,0,16.0,1,1,1,1,22089,9611,12910,6538,8896,8688,11902,13505,14344,13505,14058,13151,16273,19908,16469,5025,2537,1,12976,17725,12445,7002,14816,2246,150,14948,1,,2024,2025
,1627741,Buddy Hield,Buddy,1610612744,GSW,,22400875,,,,31.23333333333333,8,14,0.571,5,9,0.556,1,1,1.0,0,5,5,2,1,1,0,0,2,2,22,9,33.0,0,0,36.0,1,1,1,1,6669,2561,4240,6538,492,1295,3747,10215,12810,1,14058,4392,7268,9909,8788,5025,8263,1,12976,6956,2824,5125,5723,2246,150,3901,1,,2024,2025
,203110,Draymond Green,Draymond,1610612744,GSW,,22400875,,,,28.4,6,15,0.4,2,6,0.333,2,2,1.0,3,9,12,7,0,2,0,2,4,1,16,20,46.9,1,0,41.0,1,1,1,1,9212,5250,3491,14933,4949,4502,9209,6020,7446,1,1615,796,760,1463,16469,1671,8263,23925,22904,11254,6070,1243,1647,1,150,2498,1,,2024,2025
,201939,Stephen Curry,Stephen,1610612744,GSW,,22400875,,,,30.24333333333333,6,14,0.429,3,9,0.333,6,8,0.75,1,2,3,10,1,1,1,1,3,7,21,13,44.6,1,0,41.0,1,1,1,1,7561,5250,4240,13735,2458,1295,9209,1180,912,8186,6876,13151,12778,386,8788,5025,2537,17462,18916,426,3254,3250,2106,1,150,2498,1,,2024,2025
,1641764,Brandin Podziemski,Brandin,1610612744,GSW,,22400875,,,,31.816666666666663,6,16,0.375,4,11,0.364,3,4,0.75,4,7,11,2,1,2,0,1,3,3,19,17,40.2,1,0,40.0,1,1,1,1,6140,5250,2836,16299,1130,499,9100,4159,3754,8186,785,1947,1106,9909,8788,1671,8263,17462,18916,4218,4202,1948,3162,1,150,2744,1,,2024,2025
,1626172,Kevon Looney,Kevon,1610612744,GSW,,22400875,,,,14.45,2,4,0.5,0,0,0.0,0,0,0.0,0,6,6,3,0,0,1,0,2,1,4,4,18.7,0,0,15.0,1,1,1,1,19913,15612,18231,8526,15070,20945,15070,13505,14344,13505,14058,2943,5362,6913,16469,12854,2537,1,12976,11254,18599,8479,13957,2246,150,15689,1,,2024,2025
,1630311,Pat Spencer,Pat,1610612744,GSW,,22400875,,,,1.8666666666666667,1,1,1.0,0,0,0.0,0,0,0.0,0,0,0,0,0,0,0,0,0,0,2,0,2.0,0,0,2.0,1,1,1,1,25549,19033,23259,1,15070,20945,15070,13505,14344,13505,14058,22137,23286,19908,16469,12854,8263,1,1,17725,21232,12240,24331,2246,150,24066,1,,2024,2025
,1631218,Trayce Jackson-Davis,Trayce,1610612744,GSW,,22400875,,,,1.8666666666666667,0,0,0.0,0,0,0.0,0,0,0.0,0,0,0,0,0,0,0,0,1,0,0,0,0.0,0,0,0.0,1,1,1,1,25549,22635,24836,22635,15070,20945,15070,13505,14344,13505,14058,22137,23286,19908,16469,12854,8263,1,6051,17725,23200,12240,25228,2246,150,25259,1,,2024,2025
,1626172,Kevon Looney,Kevon,1610612744,GSW,,22400864,,,,11.536666666666669,4,6,0.667,0,0,0.0,2,2,1.0,3,1,4,0,1,0,1,0,3,1,10,-10,16.8,0,0,16.0,1,13222,13222,13222,21477,9611,14618,3281,15070,20945,15070,6020,7446,1,1615,17569,9701,19908,8788,12854,2537,1,18916,11254,11377,21147,15212,2246,150,14948,1,,2024,2025
,1630611,Gui Santos,Gui,1610612744,GSW,,22400864,,,,17.458333333333332,6,8,0.75,1,2,0.5,1,1,1.0,2,2,4,2,1,2,0,0,2,2,14,0,26.8,0,0,25.0,1,13222,13222,13222,17955,5250,11288,2107,8896,14411,3944,10215,12810,1,3306,13151,9701,9909,8788,1671,8263,1,12976,6956,7553,12240,8917,2246,150,9137,1,,2024,2025
,1630311,Pat Spencer,Pat,1610612744,GSW,,22400864,,,,3.333333333333333,0,2,0.0,0,1,0.0,0,0,0.0,0,1,1,0,0,0,0,0,0,0,0,-9,1.2,0,0,1.0,1,13222,13222,13222,24839,22635,21660,22635,15070,17631,15070,13505,14344,13505,14058,17569,19889,19908,16469,12854,8263,1,1,17725,23200,20535,24725,2246,150,24667,1,,2024,2025
,1628995,Kevin Knox II,Kevin,1610612744,GSW,,22400864,,,,7.405,0,2,0.0,0,1,0.0,1,2,0.5,1,0,1,0,0,0,0,0,0,1,1,-14,2.2,0,0,2.0,1,13222,13222,13222,23031,22635,21660,22635,15070,17631,15070,10215,7446,10625,6876,22137,19889,19908,16469,12854,8263,1,1,11254,22996,23203,24267,2246,150,24066,1,,2024,2025
,1641764,Brandin Podziemski,Brandin,1610612744,GSW,,22400864,,,,25.061666666666667,2,8,0.25,0,3,0.0,1,1,1.0,2,4,6,2,2,0,1,0,1,3,5,-16,16.2,0,0,15.0,1,13222,13222,13222,11961,15612,11288,20233,15070,11494,15070,10215,12810,1,3306,6429,5362,9909,4442,12854,2537,1,6051,4218,17323,23938,15608,2246,150,15689,1,,2024,2025
,1627741,Buddy Hield,Buddy,1610612744,GSW,,22400864,,,,16.58,3,9,0.333,0,6,0.0,0,0,0.0,2,0,2,3,3,1,0,0,0,0,6,3,12.9,0,0,13.0,1,13222,13222,13222,18548,12449,9700,17395,15070,4502,15070,13505,14344,13505,3306,22137,16273,6913,2037,5025,8263,1,1,17725,15937,9394,17766,2246,150,17050,1,,2024,2025
,1642366,Quinten Post,Quinten,1610612744,GSW,,22400864,,,,24.975,6,15,0.4,4,9,0.444,0,0,0.0,1,8,9,1,2,1,1,1,4,0,16,-2,32.3,0,0,34.0,1,13222,13222,13222,12028,5250,3491,14933,1130,1295,7211,13505,14344,13505,6876,1271,2169,14293,4442,5025,2537,17462,22904,17725,6070,14448,6039,2246,150,4638,1,,2024,2025
,1630541,Moses Moody,Moses,1610612744,GSW,,22400864,,,,38.016666666666666,3,8,0.375,2,4,0.5,2,3,0.667,0,2,2,0,0,1,1,1,1,3,10,-10,18.4,0,0,18.0,1,13222,13222,13222,1375,12449,11288,16299,4949,8688,3944,6020,6038,9425,14058,13151,16273,19908,16469,5025,2537,17462,6051,4218,11377,21147,14145,2246,150,13589,1,,2024,2025
,201939,Stephen Curry,Stephen,1610612744,GSW,,22400864,,,,36.45333333333333,10,18,0.556,5,12,0.417,4,4,1.0,1,4,5,13,3,1,0,0,2,3,29,12,54.5,1,0,54.0,1,13222,13222,13222,2363,1099,1822,7248,492,299,7826,2676,3754,1,6876,6429,7268,90,2037,5025,8263,1,12976,4218,994,3654,700,1,150,548,1,,2024,2025
,1627780,Gary Payton II,Gary,1610612744,GSW,,22400864,,,,23.075,7,11,0.636,0,2,0.0,1,2,0.5,4,3,7,4,0,1,0,1,2,2,15,8,32.4,0,0,28.0,1,13222,13222,13222,13658,3730,7071,4689,15070,14411,15070,10215,7446,10625,785,9417,3946,4780,16469,5025,8263,17462,12976,6956,6813,5660,5994,2246,150,7475,1,,2024,2025
,203110,Draymond Green,Draymond,1610612744,GSW,,22400864,,,,36.105,5,13,0.385,0,2,0.0,3,4,0.75,2,6,8,8,3,0,0,0,4,4,13,3,31.6,0,0,29.0,1,13222,13222,13222,2610,7242,5079,16070,15070,14411,15070,4159,3754,8186,3306,2943,2934,963,2037,12854,8263,1,22904,2493,8426,9394,6373,2246,150,6953,1,,2024,2025
,203110,Draymond Green,Draymond,1610612744,GSW,,22400845,,,,31.83333333333333,3,8,0.375,1,1,1.0,5,7,0.714,3,7,10,4,4,1,0,1,4,6,12,6,29.0,1,0,29.0,1,1,1,1,6121,12449,11288,16299,8896,17631,1,1817,1377,9244,1615,1947,1549,4780,877,5025,8263,17462,22904,792,9299,7002,7650,1,150,6953,1,,2024,2025
,1642366,Quinten Post,Quinten,1610612744,GSW,,22400845,,,,24.136666666666667,7,9,0.778,2,4,0.5,2,2,1.0,1,4,5,1,0,1,1,0,3,1,18,22,31.5,0,0,30.0,1,1,1,1,12773,3730,9700,1994,4949,8688,3944,6020,7446,1,6876,6429,7268,14293,16469,5025,2537,1,18916,11254,4762,894,6420,2246,150,6431,1,,2024,2025
,201939,Stephen Curry,Stephen,1610612744,GSW,,22400845,,,,34.3,16,25,0.64,12,19,0.632,12,12,1.0,0,4,4,3,4,2,0,0,0,5,56,15,67.3,0,0,79.0,1,1,1,1,4009,43,226,4685,1,5,2867,69,194,1,14058,6429,9701,6913,877,1671,8263,1,1,1447,4,2549,121,2246,150,14,1,,2024,2025
,1627741,Buddy Hield,Buddy,1610612744,GSW,,22400845,,,,17.591666666666665,1,5,0.2,1,3,0.333,0,0,0.0,1,0,1,2,0,1,1,1,0,0,3,13,13.2,0,0,11.0,1,1,1,1,17862,19033,16437,21401,8896,11494,9209,13505,14344,13505,6876,22137,19889,9909,16469,5025,2537,17462,1,17725,19913,3250,17566,2246,150,18464,1,,2024,2025
,1630611,Gui Santos,Gui,1610612744,GSW,,22400845,,,,6.916666666666667,1,2,0.5,0,1,0.0,0,0,0.0,0,0,0,0,0,1,0,0,1,1,2,-2,5.0,0,0,4.0,1,1,1,1,23209,19033,21660,8526,15070,17631,15070,13505,14344,13505,14058,22137,23286,19908,16469,5025,8263,1,6051,11254,21232,14448,22690,2246,150,22929,1,,2024,2025
,1626172,Kevon Looney,Kevon,1610612744,GSW,,22400845,,,,13.546666666666669,0,0,0.0,0,0,0.0,0,0,0.0,3,4,7,1,0,0,0,0,2,0,0,-7,9.9,0,0,8.0,1,1,1,1,20466,22635,24836,22635,15070,20945,15070,13505,14344,13505,1615,6429,3946,14293,16469,12854,8263,1,12976,17725,23200,19141,19759,2246,150,20457,1,,2024,2025
,1627780,Gary Payton II,Gary,1610612744,GSW,,22400845,,,,16.963333333333335,2,3,0.667,0,1,0.0,1,2,0.5,0,1,1,1,0,2,1,0,1,1,5,3,16.7,0,0,13.0,1,1,1,1,18281,15612,19992,3281,15070,17631,15070,10215,7446,10625,14058,17569,19889,14293,16469,1671,2537,1,6051,11254,17323,9394,15274,2246,150,17050,1,,2024,2025
,1630541,Moses Moody,Moses,1610612744,GSW,,22400845,,,,25.48333333333333,1,5,0.2,1,5,0.2,7,7,1.0,0,1,1,0,0,0,1,0,2,3,10,-7,14.2,0,0,14.0,1,1,1,1,11598,19033,16437,21401,8896,6354,13429,752,1377,1,14058,17569,19889,19908,16469,12854,2537,1,12976,4218,11377,19141,16896,2246,150,16370,1,,2024,2025
,1628995,Kevin Knox II,Kevin,1610612744,GSW,,22400845,,,,4.733333333333333,1,3,0.333,0,2,0.0,0,0,0.0,1,0,1,0,1,0,0,0,2,1,2,4,2.2,0,0,3.0,1,1,1,1,24123,19033,19992,17395,15070,14411,15070,13505,14344,13505,6876,22137,19889,19908,8788,12854,8263,1,12976,11254,21232,8479,24267,2246,150,23533,1,,2024,2025
,202710,Jimmy Butler III,Jimmy,1610612744,GSW,,22400845,,,,32.35,1,7,0.143,0,3,0.0,3,4,0.75,2,2,4,7,2,0,1,1,1,6,5,-7,21.3,0,0,18.0,1,1,1,1,5691,19033,12910,22260,15070,11494,15070,4159,3754,8186,3306,13151,9701,1463,4442,12854,2537,17462,6051,792,17323,19141,12222,2246,150,13589,1,,2024,2025
,1641764,Brandin Podziemski,Brandin,1610612744,GSW,,22400845,,,,32.145,3,12,0.25,2,6,0.333,0,0,0.0,0,4,4,7,1,0,2,1,2,1,8,-10,28.3,0,0,25.0,1,1,1,1,5854,12449,5979,20233,4949,4502,9209,13505,14344,13505,14058,6429,9701,1463,8788,12854,808,17462,12976,11254,13544,21147,8055,2246,150,9137,1,,2024,2025
,202710,Jimmy Butler III,Jimmy,1610612744,GSW,,22400834,,,,18.883333333333333,3,8,0.375,0,1,0.0,0,1,0.0,2,6,8,5,0,1,0,1,0,1,6,17,26.1,0,0,21.0,1,1,1,1,16915,12449,11288,16299,15070,17631,15070,13505,12810,13505,3306,2943,2934,3273,16469,5025,8263,17462,1,11254,15937,1948,9334,2246,150,11621,1,,2024,2025
,203110,Draymond Green,Draymond,1610612744,GSW,,22400834,,,,22.95,6,12,0.5,1,5,0.2,2,2,1.0,1,5,6,6,1,3,2,0,2,3,15,14,45.2,0,0,38.0,1,1,1,1,13753,5250,5979,8526,8896,6354,13429,6020,7446,1,6876,4392,5362,2199,8788,473,808,1,12976,4218,6813,2867,1968,2246,150,3270,1,,2024,2025
,1627741,Buddy Hield,Buddy,1610612744,GSW,,22400834,,,,19.53333333333333,6,11,0.545,4,9,0.444,0,1,0.0,1,1,2,1,2,2,0,0,0,1,16,17,23.9,0,0,27.0,1,1,1,1,16387,5250,7071,7695,1130,1295,7211,13505,12810,13505,6876,17569,16273,14293,4442,1671,8263,1,1,11254,6070,1948,10610,2246,150,7999,1,,2024,2025
,1630311,Pat Spencer,Pat,1610612744,GSW,,22400834,,,,10.116666666666667,3,9,0.333,0,2,0.0,0,0,0.0,4,1,5,0,0,0,0,2,0,0,6,-1,12.0,0,0,11.0,1,1,1,1,22067,12449,9700,17395,15070,14411,15070,13505,14344,13505,785,17569,7268,19908,16469,12854,8263,23925,1,17725,15937,13450,18398,2246,150,18464,1,,2024,2025
,1642050,Jackson Rowe,Jackson,1610612744,GSW,,22400834,,,,8.366666666666667,2,3,0.667,0,0,0.0,2,2,1.0,0,1,1,0,1,0,0,0,0,1,6,2,6.2,0,0,7.0,1,1,1,1,22676,15612,19992,3281,15070,20945,15070,6020,7446,1,14058,17569,19889,19908,8788,12854,8263,1,1,11254,15937,10285,21956,2246,150,21087,1,,2024,2025
,1641879,Yuri Collins,Yuri,1610612744,GSW,,22400834,,,,10.116666666666667,0,0,0.0,0,0,0.0,0,0,0.0,1,0,1,3,0,1,0,0,2,1,0,-1,8.7,0,0,6.0,1,1,1,1,22067,22635,24836,22635,15070,20945,15070,13505,14344,13505,6876,22137,19889,6913,16469,5025,8263,1,12976,11254,23200,13450,20527,2246,150,21698,1,,2024,2025
,1626172,Kevon Looney,Kevon,1610612744,GSW,,22400834,,,,13.05,1,3,0.333,0,0,0.0,2,2,1.0,1,2,3,1,0,1,1,0,3,1,4,18,15.1,0,0,12.0,1,1,1,1,20717,19033,19992,17395,15070,20945,15070,6020,7446,1,6876,13151,12778,14293,16469,5025,2537,1,18916,11254,18599,1677,16302,2246,150,17796,1,,2024,2025
,1641764,Brandin Podziemski,Brandin,1610612744,GSW,,22400834,,,,24.58333333333333,4,6,0.667,0,1,0.0,2,2,1.0,0,5,5,2,0,1,0,0,2,1,10,24,22.0,0,0,19.0,1,1,1,1,12389,9611,14618,3281,15070,17631,15070,6020,7446,1,14058,4392,7268,9909,16469,5025,8263,1,12976,11254,11377,634,11755,2246,150,12913,1,,2024,2025
,1630541,Moses Moody,Moses,1610612744,GSW,,22400834,,,,22.65333333333333,4,5,0.8,3,3,1.0,2,2,1.0,0,1,1,1,1,0,0,1,2,1,13,25,14.7,0,0,18.0,1,1,1,1,13988,9611,16437,1688,2458,11494,1,6020,7446,1,14058,17569,19889,14293,8788,12854,8263,17462,12976,11254,8426,535,16557,2246,150,13589,1,,2024,2025
,201939,Stephen Curry,Stephen,1610612744,GSW,,22400834,,,,23.65,6,14,0.429,2,9,0.222,1,1,1.0,0,4,4,6,2,1,0,1,2,1,15,26,29.8,0,0,29.0,1,1,1,1,13186,5250,4240,13735,4949,1295,13288,10215,12810,1,14058,6429,9701,2199,4442,5025,8263,17462,12976,11254,6813,449,7257,2246,150,6953,1,,2024,2025
,1642366,Quinten Post,Quinten,1610612744,GSW,,22400834,,,,17.698333333333334,3,8,0.375,1,4,0.25,1,2,0.5,1,2,3,2,2,2,0,1,4,2,8,6,18.6,0,0,18.0,1,1,1,1,17792,12449,11288,16299,8896,8688,11902,10215,7446,10625,6876,13151,12778,9909,4442,1671,8263,17462,22904,6956,13544,7002,14008,2246,150,13589,1,,2024,2025
,1628995,Kevin Knox II,Kevin,1610612744,GSW,,22400834,,,,14.733333333333333,4,7,0.571,2,4,0.5,2,2,1.0,2,3,5,3,0,1,2,0,1,1,12,5,31.5,0,0,28.0,1,1,1,1,19747,9611,12910,6538,4949,8688,3944,6020,7446,1,3306,9417,7268,6913,16469,5025,808,1,6051,11254,9299,7737,6420,2246,150,7475,1,,2024,2025
,1630611,Gui Santos,Gui,1610612744,GSW,,22400834,,,,19.351666666666667,1,5,0.2,0,2,0.0,1,1,1.0,3,2,5,6,2,2,0,2,2,1,3,17,22.0,0,0,18.0,1,1,1,1,16539,19033,16437,21401,15070,14411,15070,10215,12810,1,1615,13151,7268,2199,4442,1671,8263,23925,12976,11254,19913,1948,11755,2246,150,13589,1,,2024,2025
,1627780,Gary Payton II,Gary,1610612744,GSW,,22400834,,,,14.313333333333333,6,9,0.667,2,2,1.0,0,0,0.0,0,2,2,4,0,1,0,0,0,0,14,11,25.4,0,0,24.0,1,1,1,1,20013,5250,9700,3281,4949,14411,1,13505,14344,13505,14058,13151,16273,4780,16469,5025,8263,1,1,17725,7553,4119,9733,2246,150,9719,1,,2024,2025
,201939,Stephen Curry,Stephen,1610612744,GSW,,22400812,,,,28.56,12,20,0.6,3,8,0.375,3,3,1.0,0,4,4,7,2,1,0,0,3,2,30,14,46.3,0,0,46.0,1,1,1,1,9070,421,1105,5394,2458,2050,8800,4159,6038,1,14058,6429,9701,1463,4442,5025,8263,1,18916,6956,830,2867,1764,2246,150,1461,1,,2024,2025
,203110,Draymond Green,Draymond,1610612744,GSW,,22400812,,,,27.17333333333333,5,10,0.5,0,2,0.0,3,4,0.75,0,4,4,6,2,2,0,0,1,5,13,19,30.8,0,0,27.0,1,1,1,1,10212,7242,8304,8526,15070,14411,15070,4159,3754,8186,14058,6429,9701,2199,4442,1671,8263,1,6051,1447,8426,1456,6777,2246,150,7999,1,,2024,2025
,202710,Jimmy Butler III,Jimmy,1610612744,GSW,,22400812,,,,28.3,5,9,0.556,0,2,0.0,8,8,1.0,1,2,3,5,1,1,0,0,1,5,18,28,31.1,0,0,28.0,1,1,1,1,9299,7242,9700,7248,15070,14411,15070,481,912,1,6876,13151,12778,3273,8788,5025,8263,1,6051,1447,4762,303,6628,2246,150,7475,1,,2024,2025
,1630541,Moses Moody,Moses,1610612744,GSW,,22400812,,,,27.273333333333333,5,10,0.5,1,4,0.25,3,4,0.75,2,2,4,1,0,1,1,0,1,2,14,16,26.3,0,0,24.0,1,1,1,1,10128,7242,8304,8526,8896,8688,11902,4159,3754,8186,3306,13151,9701,14293,16469,5025,2537,1,6051,6956,7553,2243,9203,2246,150,9719,1,,2024,2025
,1642366,Quinten Post,Quinten,1610612744,GSW,,22400812,,,,17.6,3,9,0.333,2,6,0.333,2,2,1.0,2,4,6,3,1,1,0,1,2,1,10,0,23.7,0,0,23.0,1,1,1,1,17856,12449,9700,17395,4949,4502,9209,6020,7446,1,3306,6429,5362,6913,8788,5025,8263,17462,12976,11254,11377,12240,10748,2246,150,10339,1,,2024,2025
,1641879,Yuri Collins,Yuri,1610612744,GSW,,22400812,,,,6.183333333333334,1,3,0.333,0,0,0.0,0,0,0.0,1,1,2,1,0,1,0,0,3,0,2,-4,8.9,0,0,7.0,1,1,1,1,23525,19033,19992,17395,15070,20945,15070,13505,14344,13505,6876,17569,16273,14293,16469,5025,8263,1,18916,17725,21232,16449,20412,2246,150,21087,1,,2024,2025
,1627780,Gary Payton II,Gary,1610612744,GSW,,22400812,,,,11.326666666666666,1,2,0.5,1,2,0.5,0,0,0.0,1,2,3,1,0,0,0,0,0,1,3,-2,8.1,0,0,8.0,1,1,1,1,21574,19033,21660,8526,8896,14411,3944,13505,14344,13505,6876,13151,12778,14293,16469,12854,8263,1,1,11254,19913,14448,20889,2246,150,20457,1,,2024,2025
,1630311,Pat Spencer,Pat,1610612744,GSW,,22400812,,,,6.183333333333334,0,2,0.0,0,2,0.0,0,0,0.0,0,1,1,1,0,1,0,0,0,1,0,-4,5.7,0,0,4.0,1,1,1,1,23525,22635,21660,22635,15070,14411,15070,13505,14344,13505,14058,17569,19889,14293,16469,5025,8263,1,1,11254,23200,16449,22263,2246,150,22929,1,,2024,2025
,1628995,Kevin Knox II,Kevin,1610612744,GSW,,22400812,,,,6.983333333333333,2,4,0.5,0,2,0.0,0,0,0.0,0,1,1,0,0,0,0,0,1,0,4,-1,5.2,0,0,5.0,1,1,1,1,23177,15612,18231,8526,15070,14411,15070,13505,14344,13505,14058,17569,19889,19908,16469,12854,8263,1,6051,17725,18599,13450,22562,2246,150,22358,1,,2024,2025
,1641764,Brandin Podziemski,Brandin,1610612744,GSW,,22400812,,,,29.73333333333333,7,15,0.467,3,5,0.6,0,0,0.0,3,10,13,2,2,1,1,2,0,3,17,30,39.6,1,0,39.0,1,1,1,1,8016,3730,3491,12249,2458,6354,2992,13505,14344,13505,1615,483,534,9909,4442,5025,2537,23925,1,4218,5360,199,3331,1,150,2984,1,,2024,2025
,1626172,Kevon Looney,Kevon,1610612744,GSW,,22400812,,,,12.976666666666668,3,5,0.6,0,0,0.0,1,2,0.5,2,1,3,0,1,1,1,1,3,2,7,8,15.6,0,0,14.0,1,1,1,1,20752,12449,16437,5394,15070,20945,15070,10215,7446,10625,3306,17569,12778,19908,8788,5025,2537,17462,18916,6956,14857,5660,15972,2246,150,16370,1,,2024,2025
,1630611,Gui Santos,Gui,1610612744,GSW,,22400812,,,,19.883333333333333,2,5,0.4,1,4,0.25,0,0,0.0,5,3,8,1,1,0,2,0,1,0,5,-3,21.1,0,0,19.0,1,1,1,1,16109,15612,16437,14933,8896,8688,11902,13505,14344,13505,389,9417,2934,14293,8788,12854,808,1,6051,17725,17323,15511,12342,2246,150,12913,1,,2024,2025
,1627741,Buddy Hield,Buddy,1610612744,GSW,,22400812,,,,17.823333333333334,1,4,0.25,1,3,0.333,0,0,0.0,0,2,2,2,0,0,1,0,1,0,3,19,11.4,0,0,10.0,1,1,1,1,17695,19033,18231,20233,8896,11494,9209,13505,14344,13505,14058,13151,16273,9909,16469,12854,2537,1,6051,17725,19913,1456,18783,2246,150,19152,1,,2024,2025
,1641764,Brandin Podziemski,Brandin,1610612744,GSW,,22400805,,,,30.116666666666667,9,20,0.45,2,9,0.222,1,1,1.0,0,3,3,5,1,1,0,0,2,3,21,21,34.1,0,0,33.0,1,1,1,1,7664,1688,1105,12982,4949,1295,13288,10215,12810,1,14058,9417,12778,3273,8788,5025,8263,1,12976,4218,3254,1041,5238,2246,150,5036,1,,2024,2025
,202710,Jimmy Butler III,Jimmy,1610612744,GSW,,22400805,,,,31.55,5,10,0.5,0,1,0.0,7,7,1.0,2,1,3,7,0,3,0,0,0,4,17,19,40.1,0,0,33.0,1,1,1,1,6376,7242,8304,8526,15070,17631,15070,752,1377,1,3306,17569,12778,1463,16469,473,8263,1,1,2493,5360,1456,3193,2246,150,5036,1,,2024,2025
,1627741,Buddy Hield,Buddy,1610612744,GSW,,22400805,,,,25.751666666666665,8,11,0.727,5,8,0.625,1,1,1.0,0,3,3,2,0,1,0,0,3,0,22,8,31.6,0,0,34.0,1,1,1,1,11364,2561,7071,2666,492,2050,2868,10215,12810,1,14058,9417,12778,9909,16469,5025,8263,1,18916,17725,2824,5660,6373,2246,150,4638,1,,2024,2025
,1642366,Quinten Post,Quinten,1610612744,GSW,,22400805,,,,13.706666666666669,3,5,0.6,3,3,1.0,0,0,0.0,1,4,5,0,3,1,0,1,0,0,9,19,15.0,0,0,19.0,1,1,1,1,20362,12449,16437,5394,2458,11494,1,13505,14344,13505,6876,6429,7268,19908,2037,5025,8263,17462,1,17725,12445,1456,16368,2246,150,12913,1,,2024,2025
,1627780,Gary Payton II,Gary,1610612744,GSW,,22400805,,,,15.298333333333334,2,2,1.0,0,0,0.0,0,0,0.0,0,0,0,1,0,2,0,0,4,0,4,3,11.5,0,0,9.0,1,1,1,1,19382,15612,21660,1,15070,20945,15070,13505,14344,13505,14058,22137,23286,14293,16469,1671,8263,1,22904,17725,18599,9394,18735,2246,150,19766,1,,2024,2025
,1631218,Trayce Jackson-Davis,Trayce,1610612744,GSW,,22400805,,,,2.95,2,2,1.0,0,0,0.0,0,0,0.0,1,0,1,0,1,0,0,0,0,0,4,2,4.2,0,0,5.0,1,1,1,1,25007,15612,21660,1,15070,20945,15070,13505,14344,13505,6876,22137,19889,19908,8788,12854,8263,1,1,17725,18599,10285,23095,2246,150,22358,1,,2024,2025
,1630611,Gui Santos,Gui,1610612744,GSW,,22400805,,,,12.693333333333332,0,3,0.0,0,2,0.0,0,0,0.0,1,2,3,3,1,1,0,0,4,0,0,4,10.1,0,0,8.0,1,1,1,1,20903,22635,19992,22635,15070,14411,15070,13505,14344,13505,6876,13151,12778,6913,8788,5025,8263,1,22904,17725,23200,8479,19649,2246,150,20457,1,,2024,2025
,1628995,Kevin Knox II,Kevin,1610612744,GSW,,22400805,,,,2.95,2,3,0.667,1,1,1.0,0,0,0.0,1,0,1,0,0,0,0,0,0,0,5,2,6.2,0,0,7.0,1,1,1,1,25007,15612,19992,3281,8896,17631,1,13505,14344,13505,6876,22137,19889,19908,16469,12854,8263,1,1,17725,17323,10285,21956,2246,150,21087,1,,2024,2025
,1626172,Kevon Looney,Kevon,1610612744,GSW,,22400805,,,,14.293333333333331,1,5,0.2,0,0,0.0,0,0,0.0,2,3,5,1,2,2,0,1,1,0,2,1,13.5,0,0,12.0,1,1,1,1,20025,19033,16437,21401,15070,20945,15070,13505,14344,13505,3306,9417,7268,14293,4442,1671,8263,17462,6051,17725,21232,11263,17367,2246,150,17796,1,,2024,2025
,203110,Draymond Green,Draymond,1610612744,GSW,,22400805,,,,28.45,3,7,0.429,0,2,0.0,0,0,0.0,2,6,8,9,2,0,2,0,2,0,6,23,33.1,0,0,27.0,1,1,1,1,9165,12449,12910,13735,15070,14411,15070,13505,14344,13505,3306,2943,2934,635,4442,12854,808,1,12976,17725,15937,736,5673,2246,150,7999,1,,2024,2025
,1630541,Moses Moody,Moses,1610612744,GSW,,22400805,,,,28.54,8,11,0.727,5,8,0.625,1,1,1.0,1,1,2,4,1,0,1,0,2,4,22,16,32.4,0,0,35.0,1,1,1,1,9080,2561,7071,2666,492,2050,2868,10215,12810,1,6876,17569,16273,4780,8788,12854,2537,1,12976,2493,2824,2243,5994,2246,150,4250,1,,2024,2025
,201939,Stephen Curry,Stephen,1610612744,GSW,,22400805,,,,30.75,7,13,0.538,4,9,0.444,2,2,1.0,0,1,1,6,1,2,0,1,0,4,20,0,35.2,0,0,35.0,1,1,1,1,7086,3730,5079,7978,1130,1295,7211,6020,7446,1,14058,17569,19889,2199,8788,1671,8263,17462,1,2493,3676,12240,4806,2246,150,4250,1,,2024,2025
,1630311,Pat Spencer,Pat,1610612744,GSW,,22400805,,,,2.95,0,1,0.0,0,0,0.0,0,0,0.0,0,0,0,2,0,0,0,0,1,1,0,2,3.0,0,0,2.0,1,1,1,1,25007,22635,23259,22635,15070,20945,15070,13505,14344,13505,14058,22137,23286,9909,16469,12854,8263,1,6051,11254,23200,10285,23760,2246,150,24066,1,,2024,2025
,202710,Jimmy Butler III,Jimmy,1610612744,GSW,,22400784,,,,34.516666666666666,6,15,0.4,1,4,0.25,6,6,1.0,4,4,8,4,0,0,0,1,0,4,19,10,34.6,0,0,32.0,1,1,1,1,3842,5250,3491,14933,8896,8688,11902,1180,1898,1,785,6429,2934,4780,16469,12854,8263,17462,1,2493,4202,4588,5046,2246,150,5433,1,,2024,2025
,203110,Draymond Green,Draymond,1610612744,GSW,,22400784,,,,29.938333333333333,5,8,0.625,1,3,0.333,2,2,1.0,1,3,4,8,4,2,1,0,2,2,13,8,34.8,0,0,32.0,1,1,1,1,7837,7242,11288,4899,8896,11494,9209,6020,7446,1,6876,9417,9701,963,877,1671,2537,1,12976,6956,8426,5660,4962,2246,150,5433,1,,2024,2025
,1627741,Buddy Hield,Buddy,1610612744,GSW,,22400784,,,,13.928333333333333,1,5,0.2,0,4,0.0,0,0,0.0,0,1,1,0,0,1,1,0,0,1,2,3,9.2,0,0,7.0,1,1,1,1,20234,19033,16437,21401,15070,8688,15070,13505,14344,13505,14058,17569,19889,19908,16469,5025,2537,1,1,11254,21232,9394,20210,2246,150,21087,1,,2024,2025
,1630311,Pat Spencer,Pat,1610612744,GSW,,22400784,,,,12.716666666666669,2,7,0.286,0,0,0.0,2,2,1.0,0,1,1,1,1,1,1,1,2,1,6,-2,13.7,0,0,12.0,1,1,1,1,20884,15612,12910,19630,15070,20945,15070,6020,7446,1,14058,17569,19889,14293,8788,5025,2537,17462,12976,11254,15937,14448,17224,2246,150,17796,1,,2024,2025
,1642366,Quinten Post,Quinten,1610612744,GSW,,22400784,,,,7.216666666666667,0,3,0.0,0,3,0.0,0,0,0.0,0,1,1,1,0,0,0,0,0,0,0,-3,2.7,0,0,2.0,1,1,1,1,23090,22635,19992,22635,15070,11494,15070,13505,14344,13505,14058,17569,19889,14293,16469,12854,8263,1,1,17725,23200,15511,24005,2246,150,24066,1,,2024,2025
,201939,Stephen Curry,Stephen,1610612744,GSW,,22400784,,,,35.291666666666664,7,17,0.412,5,13,0.385,8,9,0.889,1,4,5,3,1,0,0,0,2,5,27,7,36.5,0,0,40.0,1,1,1,1,3251,3730,2289,14791,492,166,8766,481,643,6857,6876,6429,7268,6913,8788,12854,8263,1,12976,1447,1351,6330,4329,2246,150,2744,1,,2024,2025
,1630541,Moses Moody,Moses,1610612744,GSW,,22400784,,,,33.8,4,9,0.444,1,4,0.25,1,2,0.5,2,4,6,1,0,2,2,1,3,2,10,10,30.7,0,0,26.0,1,1,1,1,4440,9611,9700,13045,8896,8688,11902,10215,7446,10625,3306,6429,5362,14293,16469,1671,808,17462,18916,6956,11377,4588,6826,2246,150,8551,1,,2024,2025
,1641764,Brandin Podziemski,Brandin,1610612744,GSW,,22400784,,,,39.43333333333333,7,17,0.412,2,7,0.286,2,2,1.0,0,5,5,4,1,4,1,1,2,3,18,1,44.0,0,0,39.0,1,1,1,1,735,3730,2289,14791,4949,3100,11433,6020,7446,1,14058,4392,7268,4780,8788,123,2537,17462,12976,4218,4762,11263,2236,2246,150,2984,1,,2024,2025
,1626172,Kevon Looney,Kevon,1610612744,GSW,,22400784,,,,15.8,2,4,0.5,0,0,0.0,1,2,0.5,1,8,9,2,2,1,0,1,5,1,5,8,19.8,0,0,18.0,1,1,1,1,19061,15612,18231,8526,15070,20945,15070,10215,7446,10625,6876,1271,2169,9909,4442,5025,8263,17462,25158,11254,17323,5660,13241,2246,150,13589,1,,2024,2025
,1630611,Gui Santos,Gui,1610612744,GSW,,22400784,,,,17.358333333333334,1,4,0.25,1,3,0.333,2,2,1.0,0,2,2,2,1,2,0,0,2,1,5,-7,15.4,0,0,14.0,1,1,1,1,18039,19033,18231,20233,8896,11494,9209,6020,7446,1,14058,13151,16273,9909,8788,1671,8263,1,12976,11254,17323,19141,16104,2246,150,16370,1,,2024,2025
,1642366,Quinten Post,Quinten,1610612744,GSW,,22400782,,,,11.733333333333333,2,3,0.667,1,2,0.5,0,0,0.0,1,3,4,0,0,0,0,0,0,0,5,-19,9.8,0,0,10.0,1,13222,13222,13222,21403,15612,19992,3281,8896,14411,3944,13505,14344,13505,6876,9417,9701,19908,16469,12854,8263,1,1,17725,17323,24841,19853,2246,150,19152,1,,2024,2025
,1630611,Gui Santos,Gui,1610612744,GSW,,22400782,,,,12.18,0,0,0.0,0,0,0.0,0,0,0.0,2,5,7,2,2,0,0,0,1,0,0,10,9.4,0,0,9.0,1,13222,13222,13222,21166,22635,24836,22635,15070,20945,15070,13505,14344,13505,3306,4392,3946,9909,4442,12854,8263,1,6051,17725,23200,4588,20083,2246,150,19766,1,,2024,2025
,201939,Stephen Curry,Stephen,1610612744,GSW,,22400782,,,,37.16666666666666,9,23,0.391,4,13,0.308,3,4,0.75,1,4,5,8,4,2,0,2,3,3,25,4,45.0,0,0,46.0,1,13222,13222,13222,1873,1688,455,15984,1130,166,11292,4159,3754,8186,6876,6429,7268,963,877,1671,8263,23925,18916,4218,1828,8479,2012,2246,150,1461,1,,2024,2025
,1627780,Gary Payton II,Gary,1610612744,GSW,,22400782,,,,16.401666666666667,6,9,0.667,2,3,0.667,0,0,0.0,0,2,2,0,0,1,0,1,1,0,14,3,19.4,0,0,20.0,1,13222,13222,13222,18653,5250,9700,3281,4949,11494,1957,13505,14344,13505,14058,13151,16273,19908,16469,5025,8263,17462,6051,17725,7553,9394,13495,2246,150,12254,1,,2024,2025
,1641764,Brandin Podziemski,Brandin,1610612744,GSW,,22400782,,,,24.40833333333333,4,9,0.444,0,2,0.0,0,0,0.0,1,1,2,5,3,3,0,0,1,1,8,13,23.9,0,0,21.0,1,13222,13222,13222,12563,9611,9700,13045,15070,14411,15070,13505,14344,13505,6876,17569,16273,3273,2037,473,8263,1,6051,11254,13544,3250,10610,2246,150,11621,1,,2024,2025
,1627741,Buddy Hield,Buddy,1610612744,GSW,,22400782,,,,28.866666666666667,1,9,0.111,1,6,0.167,0,0,0.0,0,3,3,0,0,0,0,0,2,0,3,-21,6.6,0,0,7.0,1,13222,13222,13222,8793,19033,9700,22520,8896,4502,14236,13505,14344,13505,14058,9417,12778,19908,16469,12854,8263,1,12976,17725,19913,25273,21766,2246,150,21087,1,,2024,2025
,1626172,Kevon Looney,Kevon,1610612744,GSW,,22400782,,,,15.033333333333331,1,3,0.333,0,0,0.0,2,2,1.0,3,5,8,2,0,0,1,0,0,3,4,12,19.6,0,0,16.0,1,13222,13222,13222,19532,19033,19992,17395,15070,20945,15070,6020,7446,1,1615,4392,2934,9909,16469,12854,2537,1,1,4218,18599,3654,13373,2246,150,14948,1,,2024,2025
,1630541,Moses Moody,Moses,1610612744,GSW,,22400782,,,,27.476666666666667,5,13,0.385,2,8,0.25,2,3,0.667,2,3,5,0,0,0,2,0,4,1,14,8,26.0,0,0,25.0,1,13222,13222,13222,9967,7242,5079,16070,4949,2050,11902,6020,6038,9425,3306,9417,7268,19908,16469,12854,808,1,22904,11254,7553,5660,9390,2246,150,9137,1,,2024,2025
,203110,Draymond Green,Draymond,1610612744,GSW,,22400782,,,,31.633333333333333,5,10,0.5,0,1,0.0,3,3,1.0,2,3,5,5,3,3,2,1,1,2,13,-13,38.5,0,0,33.0,1,13222,13222,13222,6299,7242,8304,8526,15070,17631,15070,4159,6038,1,3306,9417,7268,3273,2037,473,808,17462,6051,6956,8426,22771,3665,2246,150,5036,1,,2024,2025
,202710,Jimmy Butler III,Jimmy,1610612744,GSW,,22400782,,,,35.1,8,17,0.471,0,0,0.0,5,6,0.833,6,3,9,7,3,0,1,3,3,6,21,-17,42.3,0,0,39.0,1,13222,13222,13222,3384,2561,2289,12143,15070,20945,15070,1817,1898,7275,185,9417,2169,1463,2037,12854,2537,25707,18916,792,3254,24263,2645,2246,150,2984,1,,2024,2025
,1642050,Jackson Rowe,Jackson,1610612744,GSW,,22400760,,,,1.1833333333333331,1,2,0.5,0,1,0.0,0,0,0.0,0,0,0,0,0,0,0,0,0,0,2,0,2.0,0,0,2.0,1,1,1,1,25970,19033,21660,8526,15070,17631,15070,13505,14344,13505,14058,22137,23286,19908,16469,12854,8263,1,1,17725,21232,12240,24331,2246,150,24066,1,,2024,2025
,203110,Draymond Green,Draymond,1610612744,GSW,,22400760,,,,32.18333333333333,2,7,0.286,0,3,0.0,2,4,0.5,1,2,3,5,1,5,1,0,5,2,6,14,34.1,0,0,26.0,1,1,1,1,5816,15612,12910,19630,15070,11494,15070,6020,3754,10625,6876,13151,12778,3273,8788,33,2537,1,25158,6956,15937,2867,5238,2246,150,8551,1,,2024,2025
,1630541,Moses Moody,Moses,1610612744,GSW,,22400760,,,,32.96666666666667,5,10,0.5,1,5,0.2,2,2,1.0,0,3,3,1,1,3,1,1,2,2,13,3,29.1,0,0,26.0,1,1,1,1,5178,7242,8304,8526,8896,6354,13429,6020,7446,1,14058,9417,12778,14293,8788,473,2537,17462,12976,6956,8426,9394,7610,2246,150,8551,1,,2024,2025
,1641764,Brandin Podziemski,Brandin,1610612744,GSW,,22400760,,,,32.13333333333333,3,10,0.3,1,5,0.2,2,4,0.5,2,7,9,3,0,2,0,1,0,4,9,18,30.3,0,0,26.0,1,1,1,1,5859,12449,8304,19363,8896,6354,13429,6020,3754,10625,3306,1947,2169,6913,16469,1671,8263,17462,1,2493,12445,1677,7033,2246,150,8551,1,,2024,2025
,1642366,Quinten Post,Quinten,1610612744,GSW,,22400760,,,,15.1,4,5,0.8,3,4,0.75,2,2,1.0,2,2,4,1,0,0,0,0,1,1,13,11,19.3,0,0,21.0,1,1,1,1,19500,9611,16437,1688,2458,8688,1542,6020,7446,1,3306,13151,9701,14293,16469,12854,8263,1,6051,11254,8426,4119,13577,2246,150,11621,1,,2024,2025
,1630611,Gui Santos,Gui,1610612744,GSW,,22400760,,,,6.366666666666666,0,1,0.0,0,1,0.0,0,0,0.0,0,0,0,0,0,0,0,0,1,0,0,2,0.0,0,0,0.0,1,1,1,1,23428,22635,23259,22635,15070,17631,15070,13505,14344,13505,14058,22137,23286,19908,16469,12854,8263,1,6051,17725,23200,10285,25228,2246,150,25259,1,,2024,2025
,1630311,Pat Spencer,Pat,1610612744,GSW,,22400760,,,,1.1833333333333331,0,0,0.0,0,0,0.0,0,0,0.0,0,2,2,1,0,0,0,0,0,0,0,0,3.9,0,0,3.0,1,1,1,1,25970,22635,24836,22635,15070,20945,15070,13505,14344,13505,14058,13151,16273,14293,16469,12854,8263,1,1,17725,23200,12240,23345,2246,150,23533,1,,2024,2025
,1626172,Kevon Looney,Kevon,1610612744,GSW,,22400760,,,,12.233333333333333,1,5,0.2,0,0,0.0,2,2,1.0,3,2,5,2,1,0,0,0,3,1,4,-3,12.0,0,0,11.0,1,1,1,1,21135,19033,16437,21401,15070,20945,15070,6020,7446,1,1615,13151,7268,9909,8788,12854,8263,1,18916,11254,18599,15511,18398,2246,150,18464,1,,2024,2025
,1631218,Trayce Jackson-Davis,Trayce,1610612744,GSW,,22400760,,,,1.1833333333333331,0,0,0.0,0,0,0.0,0,0,0.0,0,0,0,0,0,0,0,0,1,0,0,0,0.0,0,0,0.0,1,1,1,1,25970,22635,24836,22635,15070,20945,15070,13505,14344,13505,14058,22137,23286,19908,16469,12854,8263,1,6051,17725,23200,12240,25228,2246,150,25259,1,,2024,2025
,1627780,Gary Payton II,Gary,1610612744,GSW,,22400760,,,,9.916666666666666,2,2,1.0,0,0,0.0,0,0,0.0,0,0,0,3,0,0,0,0,2,0,4,6,8.5,0,0,7.0,1,1,1,1,22132,15612,21660,1,15070,20945,15070,13505,14344,13505,14058,22137,23286,6913,16469,12854,8263,1,12976,17725,18599,7002,20671,2246,150,21087,1,,2024,2025
,1627741,Buddy Hield,Buddy,1610612744,GSW,,22400760,,,,30.183333333333334,7,15,0.467,2,8,0.25,0,0,0.0,1,6,7,1,3,2,0,0,4,0,16,11,28.9,0,0,30.0,1,1,1,1,7604,3730,3491,12249,4949,2050,11902,13505,14344,13505,6876,2943,3946,14293,2037,1671,8263,1,22904,17725,6070,4119,7702,2246,150,6431,1,,2024,2025
,201939,Stephen Curry,Stephen,1610612744,GSW,,22400760,,,,33.983333333333334,12,24,0.5,6,16,0.375,8,9,0.889,0,6,6,4,2,0,0,0,0,6,38,8,49.2,0,0,54.0,1,1,1,1,4278,421,331,8526,202,31,8800,481,643,6857,14058,2943,5362,4780,4442,12854,8263,1,1,792,167,5660,1293,2246,150,548,1,,2024,2025
,202710,Jimmy Butler III,Jimmy,1610612744,GSW,,22400760,,,,31.383333333333333,4,12,0.333,0,2,0.0,12,15,0.8,6,3,9,6,1,4,0,2,4,9,20,0,50.8,0,0,43.0,1,1,1,1,6521,9611,5979,17395,15070,14411,15070,69,47,7681,185,9417,2169,2199,8788,123,8263,23925,22904,121,3676,12240,1074,2246,150,2014,1,,2024,2025
,201939,Stephen Curry,Stephen,1610612744,GSW,,22400745,,,,33.92666666666667,10,19,0.526,8,16,0.5,6,8,0.75,2,2,4,6,4,0,1,0,1,6,34,23,46.8,0,0,54.0,1,1,1,1,4333,1099,1432,8379,27,31,3944,1180,912,8186,3306,13151,9701,2199,877,12854,2537,1,6051,792,394,736,1659,2246,150,548,1,,2024,2025
,203110,Draymond Green,Draymond,1610612744,GSW,,22400745,,,,32.27333333333333,1,2,0.5,0,1,0.0,4,4,1.0,2,2,4,7,4,3,2,0,4,2,6,27,32.3,0,0,27.0,1,1,1,1,5764,19033,21660,8526,15070,17631,15070,2676,3754,1,3306,13151,9701,1463,877,473,808,1,22904,6956,15937,370,6039,2246,150,7999,1,,2024,2025
,202710,Jimmy Butler III,Jimmy,1610612744,GSW,,22400745,,,,28.666666666666668,7,12,0.583,0,1,0.0,11,13,0.846,1,1,2,4,1,1,1,3,1,9,25,16,38.4,0,0,35.0,1,1,1,1,8958,3730,5979,6296,15070,17631,15070,116,123,7255,6876,17569,16273,4780,8788,5025,2537,25707,6051,121,1828,2243,3690,2246,150,4250,1,,2024,2025
,1641764,Brandin Podziemski,Brandin,1610612744,GSW,,22400745,,,,29.076666666666668,7,11,0.636,2,5,0.4,0,0,0.0,1,4,5,7,1,1,0,0,2,1,16,26,34.5,0,0,32.0,1,1,1,1,8619,3730,7071,4689,4949,6354,7874,13505,14344,13505,6876,6429,7268,1463,8788,5025,8263,1,12976,11254,6070,449,5098,2246,150,5433,1,,2024,2025
,1627780,Gary Payton II,Gary,1610612744,GSW,,22400745,,,,9.258333333333333,1,3,0.333,0,1,0.0,0,0,0.0,0,2,2,0,1,0,0,0,1,0,2,-8,3.4,0,0,4.0,1,1,1,1,22364,19033,19992,17395,15070,17631,15070,13505,14344,13505,14058,13151,16273,19908,8788,12854,8263,1,6051,17725,21232,19855,23550,2246,150,22929,1,,2024,2025
,1630611,Gui Santos,Gui,1610612744,GSW,,22400745,,,,14.683333333333334,2,3,0.667,1,2,0.5,2,2,1.0,4,4,8,0,1,0,0,0,5,1,7,5,15.6,0,0,16.0,1,1,1,1,19778,15612,19992,3281,8896,14411,3944,6020,7446,1,785,6429,2934,19908,8788,12854,8263,1,25158,11254,14857,7737,15972,2246,150,14948,1,,2024,2025
,1630311,Pat Spencer,Pat,1610612744,GSW,,22400745,,,,3.883333333333333,0,1,0.0,0,0,0.0,0,0,0.0,0,0,0,1,0,0,0,0,0,0,0,-4,1.5,0,0,1.0,1,1,1,1,24546,22635,23259,22635,15070,20945,15070,13505,14344,13505,14058,22137,23286,14293,16469,12854,8263,1,1,17725,23200,16449,24554,2246,150,24667,1,,2024,2025
,1642050,Jackson Rowe,Jackson,1610612744,GSW,,22400745,,,,3.883333333333333,1,2,0.5,0,1,0.0,0,0,0.0,0,1,1,1,0,1,0,0,0,0,2,-4,7.7,0,0,6.0,1,1,1,1,24546,19033,21660,8526,15070,17631,15070,13505,14344,13505,14058,17569,19889,14293,16469,5025,8263,1,1,17725,21232,16449,21084,2246,150,21698,1,,2024,2025
,1630541,Moses Moody,Moses,1610612744,GSW,,22400745,,,,21.683333333333334,2,11,0.182,0,5,0.0,0,0,0.0,0,0,0,2,0,0,0,0,4,0,4,9,7.0,0,0,6.0,1,1,1,1,14767,15612,7071,21891,15070,6354,15070,13505,14344,13505,14058,22137,23286,9909,16469,12854,8263,1,22904,17725,18599,5125,21542,2246,150,21698,1,,2024,2025
,1642366,Quinten Post,Quinten,1610612744,GSW,,22400745,,,,20.466666666666665,7,10,0.7,4,7,0.571,0,0,0.0,1,2,3,2,1,0,1,0,2,0,18,11,26.6,0,0,29.0,1,1,1,1,15662,3730,8304,3045,1130,3100,3506,13505,14344,13505,6876,13151,12778,9909,8788,12854,2537,1,12976,17725,4762,4119,9031,2246,150,6953,1,,2024,2025
,1627741,Buddy Hield,Buddy,1610612744,GSW,,22400745,,,,27.531666666666663,5,13,0.385,4,9,0.444,0,0,0.0,1,4,5,3,0,2,0,1,2,0,14,6,30.5,0,0,30.0,1,1,1,1,9929,7242,5079,16070,1130,1295,7211,13505,14344,13505,6876,6429,7268,6913,16469,1671,8263,17462,12976,17725,7553,7002,6930,2246,150,6431,1,,2024,2025
,1631218,Trayce Jackson-Davis,Trayce,1610612744,GSW,,22400745,,,,3.883333333333333,1,1,1.0,0,0,0.0,0,0,0.0,1,2,3,0,1,0,2,0,0,0,2,-4,10.6,0,0,9.0,1,1,1,1,24546,19033,23259,1,15070,20945,15070,13505,14344,13505,6876,13151,12778,19908,8788,12854,808,1,1,17725,21232,16449,19303,2246,150,19766,1,,2024,2025
,1626172,Kevon Looney,Kevon,1610612744,GSW,,22400745,,,,10.783333333333331,1,2,0.5,0,0,0.0,0,0,0.0,3,4,7,1,0,0,0,0,1,0,2,2,11.9,0,0,10.0,1,1,1,1,21804,19033,21660,8526,15070,20945,15070,13505,14344,13505,1615,6429,3946,14293,16469,12854,8263,1,6051,17725,21232,10285,18455,2246,150,19152,1,,2024,2025
,203110,Draymond Green,Draymond,1610612744,GSW,,22400731,,,,32.86833333333333,5,7,0.714,2,2,1.0,1,3,0.333,0,5,5,4,0,2,1,1,5,5,13,-1,34.0,0,0,30.0,1,13222,13222,13222,5275,7242,12910,2752,4949,14411,1,10215,6038,13132,14058,4392,7268,4780,16469,1671,2537,17462,25158,1447,8426,13450,5290,2246,150,6431,1,,2024,2025
,1627780,Gary Payton II,Gary,1610612744,GSW,,22400731,,,,8.08,1,4,0.25,0,3,0.0,1,1,1.0,0,1,1,1,1,1,0,0,1,1,3,1,7.7,0,0,7.0,1,13222,13222,13222,22789,19033,18231,20233,15070,11494,15070,10215,12810,1,14058,17569,19889,14293,8788,5025,8263,1,6051,11254,19913,11263,21084,2246,150,21087,1,,2024,2025
,1642366,Quinten Post,Quinten,1610612744,GSW,,22400731,,,,11.265,2,5,0.4,2,5,0.4,0,0,0.0,0,2,2,2,0,0,0,0,2,1,6,-17,11.4,0,0,12.0,1,13222,13222,13222,21600,15612,16437,14933,4949,6354,7874,13505,14344,13505,14058,13151,16273,9909,16469,12854,8263,1,12976,11254,15937,24263,18783,2246,150,17796,1,,2024,2025
,1626172,Kevon Looney,Kevon,1610612744,GSW,,22400731,,,,11.916666666666666,2,3,0.667,0,0,0.0,0,0,0.0,2,1,3,2,0,0,0,0,3,0,4,-7,10.6,0,0,9.0,1,13222,13222,13222,21323,15612,19992,3281,15070,20945,15070,13505,14344,13505,3306,17569,12778,9909,16469,12854,8263,1,18916,17725,18599,19141,19303,2246,150,19766,1,,2024,2025
,201939,Stephen Curry,Stephen,1610612744,GSW,,22400731,,,,37.09666666666666,13,35,0.371,6,20,0.3,5,5,1.0,2,5,7,4,4,1,1,3,3,5,37,-3,53.4,0,0,58.0,1,13222,13222,13222,1933,245,6,16819,202,1,11319,1817,2872,1,3306,4392,3946,4780,877,5025,2537,25707,18916,1447,202,15511,788,2246,150,310,1,,2024,2025
,1627741,Buddy Hield,Buddy,1610612744,GSW,,22400731,,,,35.068333333333335,5,13,0.385,4,9,0.444,0,0,0.0,2,3,5,5,2,0,0,0,3,1,14,6,25.5,0,0,28.0,1,13222,13222,13222,3408,7242,5079,16070,1130,1295,7211,13505,14344,13505,3306,9417,7268,3273,4442,12854,8263,1,18916,11254,7553,7002,9681,2246,150,7475,1,,2024,2025
,1641764,Brandin Podziemski,Brandin,1610612744,GSW,,22400731,,,,34.45333333333333,3,10,0.3,0,3,0.0,2,6,0.333,2,6,8,7,1,0,0,1,2,5,8,-14,27.1,0,0,23.0,1,13222,13222,13222,3893,12449,8304,19363,15070,11494,15070,6020,1898,13132,3306,2943,2934,1463,8788,12854,8263,17462,12976,1447,13544,23203,8739,2246,150,10339,1,,2024,2025
,1630311,Pat Spencer,Pat,1610612744,GSW,,22400731,,,,16.831666666666667,6,9,0.667,0,1,0.0,1,1,1.0,0,3,3,0,1,1,0,0,2,1,13,-2,18.6,0,0,18.0,1,13222,13222,13222,18373,5250,9700,3281,15070,17631,15070,10215,12810,1,14058,9417,12778,19908,8788,5025,8263,1,12976,11254,8426,14448,14008,2246,150,13589,1,,2024,2025
,1630541,Moses Moody,Moses,1610612744,GSW,,22400731,,,,32.28333333333333,4,10,0.4,2,6,0.333,4,4,1.0,2,3,5,2,3,1,0,0,1,2,14,2,23.0,0,0,25.0,1,13222,13222,13222,5753,9611,8304,14933,4949,4502,9209,2676,3754,1,3306,9417,7268,9909,2037,5025,8263,1,6051,6956,7553,10285,11172,2246,150,9137,1,,2024,2025
,1642050,Jackson Rowe,Jackson,1610612744,GSW,,22400731,,,,15.47,0,5,0.0,0,4,0.0,0,0,0.0,0,1,1,2,0,1,0,0,2,0,0,-1,7.2,0,0,5.0,1,13222,13222,13222,19268,22635,16437,22635,15070,8688,15070,13505,14344,13505,14058,17569,19889,9909,16469,5025,8263,1,12976,17725,23200,13450,21393,2246,150,22358,1,,2024,2025
,1631218,Trayce Jackson-Davis,Trayce,1610612744,GSW,,22400731,,,,4.666666666666667,0,0,0.0,0,0,0.0,0,0,0.0,0,0,0,0,0,1,0,0,1,0,0,-4,3.0,0,0,2.0,1,13222,13222,13222,24152,22635,24836,22635,15070,20945,15070,13505,14344,13505,14058,22137,23286,19908,16469,5025,8263,1,6051,17725,23200,16449,23760,2246,150,24066,1,,2024,2025
,1630611,Gui Santos,Gui,1610612744,GSW,,22400725,,,,10.5,1,1,1.0,1,1,1.0,1,2,0.5,0,0,0,0,0,0,0,0,0,1,4,11,4.0,0,0,5.0,1,13222,13222,13222,21919,19033,23259,1,8896,17631,1,10215,7446,10625,14058,22137,23286,19908,16469,12854,8263,1,1,11254,18599,4119,23284,2246,150,22358,1,,2024,2025
,1626172,Kevon Looney,Kevon,1610612744,GSW,,22400725,,,,23.005,2,5,0.4,0,0,0.0,2,2,1.0,7,3,10,3,1,1,1,1,1,2,6,6,27.5,0,0,23.0,1,13222,13222,13222,13722,15612,16437,14933,15070,20945,15070,6020,7446,1,83,9417,1549,6913,8788,5025,2537,17462,6051,6956,15937,7002,8499,2246,150,10339,1,,2024,2025
,1642050,Jackson Rowe,Jackson,1610612744,GSW,,22400725,,,,13.761666666666668,2,3,0.667,2,3,0.667,0,2,0.0,0,5,5,0,0,1,0,0,2,1,6,17,15.0,0,0,15.0,1,13222,13222,13222,20330,15612,19992,3281,4949,11494,1957,13505,7446,13505,14058,4392,7268,19908,16469,5025,8263,1,12976,11254,15937,1948,16368,2246,150,15689,1,,2024,2025
,1642366,Quinten Post,Quinten,1610612744,GSW,,22400725,,,,24.745,5,9,0.556,0,2,0.0,0,0,0.0,3,4,7,3,0,0,0,1,1,1,10,-9,22.9,0,0,20.0,1,13222,13222,13222,12233,7242,9700,7248,15070,14411,15070,13505,14344,13505,1615,6429,3946,6913,16469,12854,8263,17462,6051,11254,11377,20535,11219,2246,150,12254,1,,2024,2025
,1627780,Gary Payton II,Gary,1610612744,GSW,,22400725,,,,13.586666666666666,4,6,0.667,1,1,1.0,0,0,0.0,0,1,1,1,0,0,1,1,6,0,9,4,14.7,0,0,14.0,1,13222,13222,13222,20437,9611,14618,3281,8896,17631,1,13505,14344,13505,14058,17569,19889,14293,16469,12854,2537,17462,26091,17725,12445,8479,16557,2246,150,16370,1,,2024,2025
,201939,Stephen Curry,Stephen,1610612744,GSW,,22400725,,,,34.745,12,31,0.387,6,18,0.333,2,2,1.0,0,1,1,7,3,0,1,0,2,3,32,-21,43.7,0,0,48.0,1,13222,13222,13222,3660,421,30,16069,202,10,9209,6020,7446,1,14058,17569,19889,1463,2037,12854,2537,1,12976,4218,582,25273,2306,2246,150,1176,1,,2024,2025
,1630311,Pat Spencer,Pat,1610612744,GSW,,22400725,,,,14.323333333333334,3,6,0.5,0,1,0.0,1,2,0.5,1,3,4,4,1,0,0,0,4,2,7,5,16.8,0,0,15.0,1,13222,13222,13222,20002,12449,14618,8526,15070,17631,15070,10215,7446,10625,6876,9417,9701,4780,8788,12854,8263,1,22904,6956,14857,7737,15212,2246,150,15689,1,,2024,2025
,1627741,Buddy Hield,Buddy,1610612744,GSW,,22400725,,,,31.356666666666666,7,14,0.5,4,8,0.5,0,0,0.0,0,3,3,2,0,1,1,0,2,0,18,-12,30.6,0,0,31.0,1,13222,13222,13222,6547,3730,4240,8526,1130,2050,3944,13505,14344,13505,14058,9417,12778,9909,16469,5025,2537,1,12976,17725,4762,22309,6876,2246,150,5932,1,,2024,2025
,203110,Draymond Green,Draymond,1610612744,GSW,,22400725,,,,34.255,2,7,0.286,0,4,0.0,3,4,0.75,0,4,4,9,3,2,0,1,3,3,7,-13,28.3,0,0,24.0,1,13222,13222,13222,4055,15612,12910,19630,15070,8688,15070,4159,3754,8186,14058,6429,9701,635,2037,1671,8263,17462,18916,4218,14857,22771,8055,2246,150,9719,1,,2024,2025
,1641764,Brandin Podziemski,Brandin,1610612744,GSW,,22400725,,,,39.72166666666666,8,18,0.444,3,10,0.3,10,13,0.769,1,5,6,4,1,1,0,1,3,10,29,-3,44.2,0,0,44.0,1,13222,13222,13222,645,2561,1822,13045,2458,829,11319,183,123,8170,6876,4392,5362,4780,8788,5025,8263,17462,18916,65,994,15511,2189,2246,150,1816,1,,2024,2025
,1626172,Kevon Looney,Kevon,1610612744,GSW,,22400708,,,,20.5,1,5,0.2,0,0,0.0,0,0,0.0,7,8,15,6,2,1,0,0,4,1,2,1,30.0,0,0,25.0,1,1,1,1,15638,19033,16437,21401,15070,20945,15070,13505,14344,13505,83,1271,224,2199,4442,5025,8263,1,22904,11254,21232,11263,7167,2246,150,9137,1,,2024,2025
,1627780,Gary Payton II,Gary,1610612744,GSW,,22400708,,,,15.481666666666667,2,4,0.5,0,2,0.0,0,0,0.0,0,2,2,1,0,1,0,0,2,1,4,-5,10.9,0,0,9.0,1,1,1,1,19265,15612,18231,8526,15070,14411,15070,13505,14344,13505,14058,13151,16273,14293,16469,5025,8263,1,12976,11254,18599,17436,19118,2246,150,19766,1,,2024,2025
,1641764,Brandin Podziemski,Brandin,1610612744,GSW,,22400708,,,,21.31,3,6,0.5,2,4,0.5,0,0,0.0,1,4,5,2,2,2,0,0,1,0,8,-9,21.0,0,0,21.0,1,1,1,1,15066,12449,14618,8526,4949,8688,3944,13505,14344,13505,6876,6429,7268,9909,4442,1671,8263,1,6051,17725,13544,20535,12407,2246,150,11621,1,,2024,2025
,1642366,Quinten Post,Quinten,1610612744,GSW,,22400708,,,,20.433333333333334,2,5,0.4,1,4,0.25,2,2,1.0,0,7,7,3,0,1,0,0,1,1,7,6,22.9,0,0,20.0,1,1,1,1,15684,15612,16437,14933,8896,8688,11902,6020,7446,1,14058,1947,3946,6913,16469,5025,8263,1,6051,11254,14857,7002,11219,2246,150,12254,1,,2024,2025
,1627741,Buddy Hield,Buddy,1610612744,GSW,,22400708,,,,18.87333333333333,1,4,0.25,0,2,0.0,2,3,0.667,0,1,1,0,1,0,0,1,2,2,4,15,4.2,0,0,5.0,1,1,1,1,16927,19033,18231,20233,15070,14411,15070,6020,6038,9425,14058,17569,19889,19908,8788,12854,8263,17462,12976,6956,18599,2549,23095,2246,150,22358,1,,2024,2025
,1630541,Moses Moody,Moses,1610612744,GSW,,22400708,,,,23.96,6,9,0.667,3,5,0.6,2,4,0.5,0,1,1,0,0,0,0,0,0,2,17,-2,18.2,0,0,21.0,1,1,1,1,12942,5250,9700,3281,2458,6354,2992,6020,3754,10625,14058,17569,19889,19908,16469,12854,8263,1,1,6956,5360,14448,14270,2246,150,11621,1,,2024,2025
,1630611,Gui Santos,Gui,1610612744,GSW,,22400708,,,,2.45,0,0,0.0,0,0,0.0,0,0,0.0,1,0,1,0,1,0,0,0,0,0,0,-4,0.2,0,0,1.0,1,1,1,1,25225,22635,24836,22635,15070,20945,15070,13505,14344,13505,6876,22137,19889,19908,8788,12854,8263,1,1,17725,23200,16449,25158,2246,150,24667,1,,2024,2025
,201939,Stephen Curry,Stephen,1610612744,GSW,,22400708,,,,34.306666666666665,7,21,0.333,2,12,0.167,8,8,1.0,0,1,1,5,3,1,0,1,1,6,24,8,32.7,0,0,34.0,1,1,1,1,4006,3730,817,17395,4949,299,14236,481,912,1,14058,17569,19889,3273,2037,5025,8263,17462,6051,792,2129,5660,5860,2246,150,4638,1,,2024,2025
,203952,Andrew Wiggins,Andrew,1610612744,GSW,,22400708,,,,35.13333333333333,7,14,0.5,1,5,0.2,10,15,0.667,0,2,2,2,1,0,0,0,1,9,25,15,29.4,0,0,30.0,1,1,1,1,3358,3730,4240,8526,8896,6354,13429,183,47,9425,14058,13151,16273,9909,8788,12854,8263,1,6051,121,1828,2549,7455,2246,150,6431,1,,2024,2025
,203471,Dennis Schröder,Dennis,1610612744,GSW,,22400708,,,,18.61833333333333,3,6,0.5,3,3,1.0,0,0,0.0,0,2,2,1,1,2,0,0,3,2,9,-9,17.9,0,0,19.0,1,1,1,1,17092,12449,14618,8526,2458,11494,1,13505,14344,13505,14058,13151,16273,14293,8788,1671,8263,1,18916,6956,12445,20535,14467,2246,150,12913,1,,2024,2025
,203110,Draymond Green,Draymond,1610612744,GSW,,22400708,,,,28.933333333333334,2,4,0.5,0,2,0.0,0,2,0.0,0,7,7,5,2,1,0,0,1,2,4,9,20.9,0,0,18.0,1,1,1,1,8729,15612,18231,8526,15070,14411,15070,13505,7446,13505,14058,1947,3946,3273,4442,5025,8263,1,6051,6956,18599,5125,12468,2246,150,13589,1,,2024,2025
,1627780,Gary Payton II,Gary,1610612744,GSW,,22400685,,,,12.25,1,6,0.167,0,1,0.0,1,2,0.5,0,3,3,0,1,0,0,2,1,2,3,-11,5.6,0,0,6.0,1,13222,13222,13222,21122,19033,14618,21938,15070,17631,15070,10215,7446,10625,14058,9417,12778,19908,8788,12854,8263,23925,6051,6956,19913,21738,22365,2246,150,21698,1,,2024,2025
,203952,Andrew Wiggins,Andrew,1610612744,GSW,,22400685,,,,31.35,6,20,0.3,1,5,0.2,4,5,0.8,5,3,8,6,0,2,1,1,1,3,17,-26,44.6,0,0,38.0,1,13222,13222,13222,6549,5250,1105,19363,8896,6354,13429,2676,2872,7681,389,9417,2934,2199,16469,1671,2537,17462,6051,4218,5360,25937,2106,2246,150,3270,1,,2024,2025
,1641764,Brandin Podziemski,Brandin,1610612744,GSW,,22400685,,,,21.65,5,9,0.556,4,7,0.571,0,0,0.0,0,3,3,3,3,1,0,0,2,0,14,-6,22.1,0,0,26.0,1,13222,13222,13222,14796,7242,9700,7248,1130,3100,3506,13505,14344,13505,14058,9417,12778,6913,2037,5025,8263,1,12976,17725,7553,18298,11691,2246,150,8551,1,,2024,2025
,1630322,Lindy Waters III,Lindy,1610612744,GSW,,22400685,,,,5.916666666666667,0,3,0.0,0,2,0.0,0,0,0.0,0,1,1,0,0,1,0,0,0,0,0,-1,4.2,0,0,3.0,1,13222,13222,13222,23626,22635,19992,22635,15070,14411,15070,13505,14344,13505,14058,17569,19889,19908,16469,5025,8263,1,1,17725,23200,13450,23095,2246,150,23533,1,,2024,2025
,1642366,Quinten Post,Quinten,1610612744,GSW,,22400685,,,,19.016666666666666,3,9,0.333,2,4,0.5,1,1,1.0,3,5,8,2,0,0,1,1,2,1,9,-17,24.6,0,0,23.0,1,13222,13222,13222,16808,12449,9700,17395,4949,8688,3944,10215,12810,1,1615,4392,2934,9909,16469,12854,2537,17462,12976,11254,12445,24263,10214,2246,150,10339,1,,2024,2025
,1631218,Trayce Jackson-Davis,Trayce,1610612744,GSW,,22400685,,,,8.65,0,2,0.0,0,0,0.0,2,2,1.0,1,0,1,0,0,0,0,1,0,1,2,-6,3.2,0,0,3.0,1,13222,13222,13222,22579,22635,21660,22635,15070,20945,15070,6020,7446,1,6876,22137,19889,19908,16469,12854,8263,17462,1,11254,21232,18298,23585,2246,150,23533,1,,2024,2025
,203937,Kyle Anderson,Kyle,1610612744,GSW,,22400685,,,,12.216666666666669,2,3,0.667,0,1,0.0,0,0,0.0,1,1,2,1,1,0,0,0,0,0,4,-7,6.9,0,0,7.0,1,13222,13222,13222,21145,15612,19992,3281,15070,17631,15070,13505,14344,13505,6876,17569,16273,14293,8788,12854,8263,1,1,17725,18599,19141,21599,2246,150,21087,1,,2024,2025
,1630611,Gui Santos,Gui,1610612744,GSW,,22400685,,,,19.08333333333333,1,3,0.333,0,1,0.0,3,4,0.75,0,1,1,2,1,0,0,1,2,3,5,-4,8.2,0,0,8.0,1,13222,13222,13222,16762,19033,19992,17395,15070,17631,15070,4159,3754,8186,14058,17569,19889,9909,8788,12854,8263,17462,12976,4218,17323,16449,20807,2246,150,20457,1,,2024,2025
,1626172,Kevon Looney,Kevon,1610612744,GSW,,22400685,,,,14.883333333333333,1,2,0.5,0,0,0.0,0,1,0.0,1,3,4,1,0,1,0,0,3,1,2,-1,11.3,0,0,9.0,1,13222,13222,13222,19645,19033,21660,8526,15070,20945,15070,13505,12810,13505,6876,9417,9701,14293,16469,5025,8263,1,18916,11254,21232,13450,18868,2246,150,19766,1,,2024,2025
,1630541,Moses Moody,Moses,1610612744,GSW,,22400685,,,,23.766666666666666,5,10,0.5,4,7,0.571,3,5,0.6,1,5,6,1,0,1,0,0,1,4,17,-6,28.7,0,0,30.0,1,13222,13222,13222,13100,7242,8304,8526,1130,3100,3506,4159,2872,10343,6876,4392,5362,14293,16469,5025,8263,1,6051,2493,5360,18298,7835,2246,150,6431,1,,2024,2025
,203471,Dennis Schröder,Dennis,1610612744,GSW,,22400685,,,,20.883333333333333,2,8,0.25,1,5,0.2,0,2,0.0,1,5,6,5,1,4,1,0,4,2,5,-13,33.7,0,0,27.0,1,13222,13222,13222,15366,15612,11288,20233,8896,6354,13429,13505,7446,13505,6876,4392,5362,3273,8788,123,2537,1,22904,6956,17323,22771,5417,2246,150,7999,1,,2024,2025
,201939,Stephen Curry,Stephen,1610612744,GSW,,22400685,,,,31.216666666666665,5,14,0.357,1,6,0.167,3,3,1.0,1,2,3,3,2,0,2,1,1,3,14,-18,26.1,0,0,25.0,1,13222,13222,13222,6684,7242,4240,17140,8896,4502,14236,4159,6038,1,6876,13151,12778,6913,4442,12854,808,17462,6051,4218,7553,24566,9334,2246,150,9137,1,,2024,2025
,1627741,Buddy Hield,Buddy,1610612744,GSW,,22400685,,,,19.116666666666667,5,7,0.714,3,5,0.6,0,0,0.0,0,3,3,2,3,1,1,0,2,0,13,-9,22.6,0,0,25.0,1,13222,13222,13222,16737,7242,12910,2752,2458,6354,2992,13505,14344,13505,14058,9417,12778,9909,2037,5025,2537,1,12976,17725,8426,20535,11392,2246,150,9137,1,,2024,2025
,1626172,Kevon Looney,Kevon,1610612744,GSW,,22400673,,,,25.141666666666666,5,7,0.714,0,1,0.0,8,9,0.889,0,3,3,2,0,0,4,0,3,7,18,14,36.6,0,0,31.0,1,1,1,1,11881,7242,12910,2752,15070,17631,15070,481,643,6857,14058,9417,12778,9909,16469,12854,85,1,18916,426,4762,2867,4288,2246,150,5932,1,,2024,2025
,1627741,Buddy Hield,Buddy,1610612744,GSW,,22400673,,,,15.27,2,6,0.333,1,4,0.25,0,0,0.0,0,5,5,4,1,1,0,1,0,0,5,7,19.0,0,0,17.0,1,1,1,1,19398,15612,14618,17395,8896,8688,11902,13505,14344,13505,14058,4392,7268,4780,8788,5025,8263,17462,1,17725,17323,6330,13770,2246,150,14250,1,,2024,2025
,203952,Andrew Wiggins,Andrew,1610612744,GSW,,22400673,,,,38.35,10,17,0.588,5,8,0.625,2,3,0.667,1,3,4,2,2,1,1,1,1,1,27,14,38.8,0,0,42.0,1,1,1,1,1190,1099,2289,6229,492,2050,2868,6020,6038,9425,6876,9417,9701,9909,4442,5025,2537,17462,6051,11254,1351,2867,3575,2246,150,2239,1,,2024,2025
,203937,Kyle Anderson,Kyle,1610612744,GSW,,22400673,,,,14.85,1,4,0.25,0,0,0.0,0,0,0.0,0,3,3,3,1,0,2,0,3,1,2,4,15.1,0,0,12.0,1,1,1,1,19667,19033,18231,20233,15070,20945,15070,13505,14344,13505,14058,9417,12778,6913,8788,12854,808,1,18916,11254,21232,8479,16302,2246,150,17796,1,,2024,2025
,1630611,Gui Santos,Gui,1610612744,GSW,,22400673,,,,19.15333333333333,1,3,0.333,0,2,0.0,1,1,1.0,1,6,7,2,2,0,0,0,4,1,3,-12,12.4,0,0,12.0,1,1,1,1,16713,19033,19992,17395,15070,14411,15070,10215,12810,1,6876,2943,3946,9909,4442,12854,8263,1,22904,11254,19913,22309,18115,2246,150,17796,1,,2024,2025
,203471,Dennis Schröder,Dennis,1610612744,GSW,,22400673,,,,25.805,4,8,0.5,1,4,0.25,0,2,0.0,2,2,4,7,2,1,0,0,3,3,9,3,25.3,0,0,23.0,1,1,1,1,11330,9611,11288,8526,8896,8688,11902,13505,7446,13505,3306,13151,9701,1463,4442,5025,8263,1,18916,4218,12445,9394,9796,2246,150,10339,1,,2024,2025
,1642366,Quinten Post,Quinten,1610612744,GSW,,22400673,,,,8.133333333333333,0,0,0.0,0,0,0.0,0,0,0.0,0,0,0,0,2,0,0,0,3,0,0,-11,-2.0,0,0,0.0,1,1,1,1,22768,22635,24836,22635,15070,20945,15070,13505,14344,13505,14058,22137,23286,19908,4442,12854,8263,1,18916,17725,23200,21738,26286,2246,150,25259,1,,2024,2025
,201939,Stephen Curry,Stephen,1610612744,GSW,,22400673,,,,33.295,6,15,0.4,5,10,0.5,4,4,1.0,0,1,1,4,0,1,0,1,2,3,21,-2,31.2,0,0,33.0,1,1,1,1,4906,5250,3491,14933,492,829,3944,2676,3754,1,14058,17569,19889,4780,16469,5025,8263,17462,12976,4218,3254,14448,6576,2246,150,5036,1,,2024,2025
,1630541,Moses Moody,Moses,1610612744,GSW,,22400673,,,,16.9,2,8,0.25,0,6,0.0,1,2,0.5,2,0,2,0,1,1,0,0,0,1,5,5,9.4,0,0,9.0,1,1,1,1,18320,15612,11288,20233,15070,4502,15070,10215,7446,10625,3306,22137,16273,19908,8788,5025,8263,1,1,11254,17323,7737,20083,2246,150,19766,1,,2024,2025
,1641764,Brandin Podziemski,Brandin,1610612744,GSW,,22400673,,,,18.141666666666666,4,6,0.667,1,3,0.333,2,2,1.0,1,3,4,3,0,0,0,0,1,1,11,1,20.3,0,0,19.0,1,1,1,1,17481,9611,14618,3281,8896,11494,9209,6020,7446,1,6876,9417,9701,6913,16469,12854,8263,1,6051,11254,10323,11263,12888,2246,150,12913,1,,2024,2025
,1627780,Gary Payton II,Gary,1610612744,GSW,,22400673,,,,24.96,5,7,0.714,0,0,0.0,5,5,1.0,0,9,9,3,4,1,0,0,4,3,15,12,29.3,0,0,29.0,1,1,1,1,12044,7242,12910,2752,15070,20945,15070,1817,2872,1,14058,796,2169,6913,877,5025,8263,1,22904,4218,6813,3654,7503,2246,150,6953,1,,2024,2025
,1642366,Quinten Post,Quinten,1610612744,GSW,,22400661,,,,16.116666666666667,3,10,0.3,2,5,0.4,2,2,1.0,3,2,5,2,0,0,0,1,4,1,10,-3,19.0,0,0,19.0,1,1,1,1,18846,12449,8304,19363,4949,6354,7874,6020,7446,1,1615,13151,7268,9909,16469,12854,8263,17462,22904,11254,11377,15511,13770,2246,150,12913,1,,2024,2025
,203937,Kyle Anderson,Kyle,1610612744,GSW,,22400661,,,,10.916666666666666,3,4,0.75,0,0,0.0,0,0,0.0,1,1,2,0,0,0,0,0,0,1,6,-4,8.4,0,0,8.0,1,1,1,1,21746,12449,18231,2107,15070,20945,15070,13505,14344,13505,6876,17569,16273,19908,16469,12854,8263,1,1,11254,15937,16449,20717,2246,150,20457,1,,2024,2025
,1631218,Trayce Jackson-Davis,Trayce,1610612744,GSW,,22400661,,,,6.166666666666667,2,3,0.667,0,0,0.0,0,0,0.0,1,0,1,1,0,0,0,0,1,0,4,-7,6.7,0,0,6.0,1,1,1,1,23530,15612,19992,3281,15070,20945,15070,13505,14344,13505,6876,22137,19889,14293,16469,12854,8263,1,6051,17725,18599,19141,21709,2246,150,21698,1,,2024,2025
,1627780,Gary Payton II,Gary,1610612744,GSW,,22400661,,,,10.44,0,2,0.0,0,1,0.0,2,2,1.0,0,0,0,2,1,1,0,0,3,1,2,1,7.0,0,0,6.0,1,1,1,1,21945,22635,21660,22635,15070,17631,15070,6020,7446,1,14058,22137,23286,9909,8788,5025,8263,1,18916,11254,21232,11263,21542,2246,150,21698,1,,2024,2025
,1627741,Buddy Hield,Buddy,1610612744,GSW,,22400661,,,,22.023333333333333,1,7,0.143,0,4,0.0,0,0,0.0,0,3,3,4,1,0,0,1,2,0,2,-12,10.6,0,0,9.0,1,1,1,1,14483,19033,12910,22260,15070,8688,15070,13505,14344,13505,14058,9417,12778,4780,8788,12854,8263,17462,12976,17725,21232,22309,19303,2246,150,19766,1,,2024,2025
,1630541,Moses Moody,Moses,1610612744,GSW,,22400661,,,,27.45,4,9,0.444,3,6,0.5,4,5,0.8,0,4,4,3,0,0,0,0,4,3,15,-2,24.3,0,0,25.0,1,1,1,1,9976,9611,9700,13045,2458,4502,3944,2676,2872,7681,14058,6429,9701,6913,16469,12854,8263,1,22904,4218,6813,14448,10409,2246,150,9137,1,,2024,2025
,203471,Dennis Schröder,Dennis,1610612744,GSW,,22400661,,,,33.833333333333336,8,20,0.4,5,13,0.385,2,2,1.0,0,5,5,4,2,3,0,0,4,2,23,3,42.0,0,0,43.0,1,1,1,1,4412,2561,1105,14933,492,166,8766,6020,7446,1,14058,4392,7268,4780,4442,473,8263,1,22904,6956,2434,9394,2716,2246,150,2014,1,,2024,2025
,1630611,Gui Santos,Gui,1610612744,GSW,,22400661,,,,23.286666666666665,2,3,0.667,0,1,0.0,3,4,0.75,4,3,7,2,1,1,0,0,2,4,7,25,20.4,0,0,18.0,1,1,1,1,13479,15612,19992,3281,15070,17631,15070,4159,3754,8186,785,9417,3946,9909,8788,5025,8263,1,12976,2493,14857,535,12816,2246,150,13589,1,,2024,2025
,1641764,Brandin Podziemski,Brandin,1610612744,GSW,,22400661,,,,32.45,5,12,0.417,4,11,0.364,6,6,1.0,0,7,7,6,3,1,0,0,1,3,20,19,37.4,0,0,39.0,1,1,1,1,5597,7242,5979,14532,1130,499,9100,1180,1898,1,14058,1947,3946,2199,2037,5025,8263,1,6051,4218,3676,1456,4025,2246,150,2984,1,,2024,2025
,203952,Andrew Wiggins,Andrew,1610612744,GSW,,22400661,,,,33.233333333333334,5,17,0.294,3,8,0.375,6,9,0.667,2,0,2,3,1,1,2,4,2,7,19,12,33.9,0,0,33.0,1,1,1,1,4963,7242,2289,19598,2458,2050,8800,1180,643,9425,3306,22137,16273,6913,8788,5025,808,26177,12976,426,4202,3654,5341,2246,150,5036,1,,2024,2025
,1626172,Kevon Looney,Kevon,1610612744,GSW,,22400661,,,,24.08333333333333,3,5,0.6,0,0,0.0,0,1,0.0,5,6,11,2,0,1,2,0,1,2,6,23,31.2,0,0,25.0,1,1,1,1,12811,12449,16437,5394,15070,20945,15070,13505,12810,13505,389,2943,1106,9909,16469,5025,808,1,6051,6956,15937,736,6576,2246,150,9137,1,,2024,2025
,1641764,Brandin Podziemski,Brandin,1610612744,GSW,,22400644,,,,24.316666666666663,6,10,0.6,3,6,0.5,2,2,1.0,1,2,3,5,0,2,0,0,0,1,17,9,34.1,0,0,32.0,1,13222,13222,13222,12630,5250,8304,5394,2458,4502,3944,6020,7446,1,6876,13151,12778,3273,16469,1671,8263,1,1,11254,5360,5125,5238,2246,150,5433,1,,2024,2025
,1627780,Gary Payton II,Gary,1610612744,GSW,,22400644,,,,14.816666666666666,5,6,0.833,2,3,0.667,0,0,0.0,1,5,6,2,0,1,0,0,2,0,12,1,25.2,0,0,24.0,1,13222,13222,13222,19696,7242,14618,1514,4949,11494,1957,13505,14344,13505,6876,4392,5362,9909,16469,5025,8263,1,12976,17725,9299,11263,9847,2246,150,9719,1,,2024,2025
,203471,Dennis Schröder,Dennis,1610612744,GSW,,22400644,,,,21.53333333333333,4,6,0.667,2,2,1.0,0,0,0.0,0,1,1,3,2,1,0,0,1,0,10,-1,16.7,0,0,18.0,1,13222,13222,13222,14913,9611,14618,3281,4949,14411,1,13505,14344,13505,14058,17569,19889,6913,4442,5025,8263,1,6051,17725,11377,13450,15274,2246,150,13589,1,,2024,2025
,1630322,Lindy Waters III,Lindy,1610612744,GSW,,22400644,,,,1.7166666666666666,0,1,0.0,0,0,0.0,0,0,0.0,1,0,1,0,0,0,0,0,0,0,0,3,1.2,0,0,1.0,1,13222,13222,13222,25651,22635,23259,22635,15070,20945,15070,13505,14344,13505,6876,22137,19889,19908,16469,12854,8263,1,1,17725,23200,9394,24725,2246,150,24667,1,,2024,2025
,1630611,Gui Santos,Gui,1610612744,GSW,,22400644,,,,19.785,1,5,0.2,1,4,0.25,1,2,0.5,1,3,4,2,0,0,0,0,1,1,4,-12,11.8,0,0,11.0,1,13222,13222,13222,16190,19033,16437,21401,8896,8688,11902,10215,7446,10625,6876,9417,9701,9909,16469,12854,8263,1,6051,11254,18599,22309,18542,2246,150,18464,1,,2024,2025
,1630541,Moses Moody,Moses,1610612744,GSW,,22400644,,,,21.081666666666667,4,7,0.571,1,3,0.333,1,2,0.5,1,1,2,2,1,0,0,0,0,1,10,7,14.4,0,0,15.0,1,13222,13222,13222,15238,9611,12910,6538,8896,11494,9209,10215,7446,10625,6876,17569,16273,9909,8788,12854,8263,1,1,11254,11377,6330,16758,2246,150,15689,1,,2024,2025
,1626172,Kevon Looney,Kevon,1610612744,GSW,,22400644,,,,10.416666666666666,0,0,0.0,0,0,0.0,0,0,0.0,0,2,2,0,0,1,0,0,2,1,0,-10,5.4,0,0,4.0,1,13222,13222,13222,21954,22635,24836,22635,15070,20945,15070,13505,14344,13505,14058,13151,16273,19908,16469,5025,8263,1,12976,11254,23200,21147,22453,2246,150,22929,1,,2024,2025
,1627741,Buddy Hield,Buddy,1610612744,GSW,,22400644,,,,21.25,3,9,0.333,2,8,0.25,2,3,0.667,1,3,4,0,1,0,0,0,0,1,10,-11,13.8,0,0,16.0,1,13222,13222,13222,15114,12449,9700,17395,4949,2050,11902,6020,6038,9425,6876,9417,9701,19908,8788,12854,8263,1,1,11254,11377,21738,17150,2246,150,14948,1,,2024,2025
,1642366,Quinten Post,Quinten,1610612744,GSW,,22400644,,,,23.316666666666663,3,7,0.429,2,5,0.4,0,0,0.0,0,2,2,3,2,1,0,0,3,1,8,2,15.9,0,0,17.0,1,13222,13222,13222,13450,12449,12910,13735,4949,6354,7874,13505,14344,13505,14058,13151,16273,6913,4442,5025,8263,1,18916,11254,13544,10285,15803,2246,150,14250,1,,2024,2025
,203952,Andrew Wiggins,Andrew,1610612744,GSW,,22400644,,,,35.35,9,15,0.6,1,6,0.167,1,1,1.0,0,6,6,3,2,1,0,0,2,2,20,-19,32.7,0,0,32.0,1,13222,13222,13222,3191,1688,3491,5394,8896,4502,14236,10215,12810,1,14058,2943,5362,6913,4442,5025,8263,1,12976,6956,3676,24841,5860,2246,150,5433,1,,2024,2025
,1631218,Trayce Jackson-Davis,Trayce,1610612744,GSW,,22400644,,,,14.266666666666667,2,6,0.333,0,0,0.0,0,2,0.0,5,1,6,1,0,1,0,2,2,2,4,-2,15.7,0,0,13.0,1,13222,13222,13222,20041,15612,14618,17395,15070,20945,15070,13505,7446,13505,389,17569,5362,14293,16469,5025,8263,23925,12976,6956,18599,14448,15924,2246,150,17050,1,,2024,2025
,201939,Stephen Curry,Stephen,1610612744,GSW,,22400644,,,,32.15,4,17,0.235,2,9,0.222,3,4,0.75,0,1,1,9,3,2,0,0,2,3,13,-17,30.7,0,0,29.0,1,13222,13222,13222,5846,9611,2289,21144,4949,1295,13288,4159,3754,8186,14058,17569,19889,635,2037,1671,8263,1,12976,4218,8426,24263,6826,2246,150,6953,1,,2024,2025
,1631218,Trayce Jackson-Davis,Trayce,1610612744,GSW,,22400628,,,,9.733333333333333,1,1,1.0,0,0,0.0,2,2,1.0,1,2,3,3,0,0,0,0,1,3,4,-5,12.1,0,0,10.0,1,1,1,1,22198,19033,23259,1,15070,20945,15070,6020,7446,1,6876,13151,12778,6913,16469,12854,8263,1,6051,4218,18599,17436,18340,2246,150,19152,1,,2024,2025
,1630611,Gui Santos,Gui,1610612744,GSW,,22400628,,,,26.816666666666663,7,10,0.7,5,6,0.833,0,0,0.0,4,3,7,2,1,1,0,1,2,1,19,31,32.4,0,0,35.0,1,1,1,1,10473,3730,8304,3045,492,4502,1341,13505,14344,13505,785,9417,3946,9909,8788,5025,8263,17462,12976,11254,4202,149,5994,2246,150,4250,1,,2024,2025
,1630541,Moses Moody,Moses,1610612744,GSW,,22400628,,,,25.216666666666665,6,10,0.6,4,7,0.571,0,0,0.0,1,2,3,4,0,0,4,0,2,0,16,33,37.6,0,0,35.0,1,1,1,1,11820,5250,8304,5394,1130,3100,3506,13505,14344,13505,6876,13151,12778,4780,16469,12854,85,1,12976,17725,6070,92,3953,2246,150,4250,1,,2024,2025
,203471,Dennis Schröder,Dennis,1610612744,GSW,,22400628,,,,20.348333333333333,4,11,0.364,1,4,0.25,2,2,1.0,0,2,2,7,1,0,0,0,4,1,11,27,22.9,0,0,21.0,1,1,1,1,15755,9611,7071,16861,8896,8688,11902,6020,7446,1,14058,13151,16273,1463,8788,12854,8263,1,22904,11254,10323,370,11219,2246,150,11621,1,,2024,2025
,1627741,Buddy Hield,Buddy,1610612744,GSW,,22400628,,,,19.25,1,7,0.143,0,5,0.0,1,1,1.0,0,2,2,2,1,1,1,0,3,0,3,-2,13.4,0,0,11.0,1,1,1,1,16627,19033,12910,22260,15070,6354,15070,10215,12810,1,14058,13151,16273,9909,8788,5025,2537,1,18916,17725,19913,14448,17421,2246,150,18464,1,,2024,2025
,1626172,Kevon Looney,Kevon,1610612744,GSW,,22400628,,,,18.53333333333333,2,7,0.286,0,0,0.0,0,0,0.0,4,7,11,5,0,0,0,0,2,0,4,17,24.7,0,0,20.0,1,1,1,1,17163,15612,12910,19630,15070,20945,15070,13505,14344,13505,785,1947,1106,3273,16469,12854,8263,1,12976,17725,18599,1948,10161,2246,150,12254,1,,2024,2025
,1641764,Brandin Podziemski,Brandin,1610612744,GSW,,22400628,,,,21.23333333333333,4,6,0.667,2,4,0.5,0,0,0.0,1,3,4,2,1,1,0,0,2,1,10,22,19.8,0,0,20.0,1,1,1,1,15129,9611,14618,3281,4949,8688,3944,13505,14344,13505,6876,9417,9701,9909,8788,5025,8263,1,12976,11254,11377,894,13241,2246,150,12254,1,,2024,2025
,1627780,Gary Payton II,Gary,1610612744,GSW,,22400628,,,,10.933333333333334,1,3,0.333,1,2,0.5,0,0,0.0,0,2,2,0,1,0,1,0,1,0,3,-16,7.4,0,0,8.0,1,1,1,1,21736,19033,19992,17395,8896,14411,3944,13505,14344,13505,14058,13151,16273,19908,8788,12854,2537,1,6051,17725,19913,23938,21277,2246,150,20457,1,,2024,2025
,1630322,Lindy Waters III,Lindy,1610612744,GSW,,22400628,,,,5.616666666666666,1,3,0.333,1,3,0.333,0,0,0.0,0,1,1,1,0,0,0,0,0,0,3,-1,5.7,0,0,6.0,1,1,1,1,23734,19033,19992,17395,8896,11494,9209,13505,14344,13505,14058,17569,19889,14293,16469,12854,8263,1,1,17725,19913,13450,22263,2246,150,21698,1,,2024,2025
,1630311,Pat Spencer,Pat,1610612744,GSW,,22400628,,,,3.05,0,2,0.0,0,0,0.0,0,0,0.0,1,0,1,0,0,0,0,0,0,0,0,-5,1.2,0,0,1.0,1,1,1,1,24957,22635,21660,22635,15070,20945,15070,13505,14344,13505,6876,22137,19889,19908,16469,12854,8263,1,1,17725,23200,17436,24725,2246,150,24667,1,,2024,2025
,1642366,Quinten Post,Quinten,1610612744,GSW,,22400628,,,,19.73333333333333,7,12,0.583,5,10,0.5,1,1,1.0,1,4,5,3,1,0,0,0,4,3,20,13,29.5,0,0,33.0,1,1,1,1,16233,3730,5979,6296,492,829,3944,10215,12810,1,6876,6429,7268,6913,8788,12854,8263,1,22904,4218,3676,3250,7409,2246,150,5036,1,,2024,2025
,201939,Stephen Curry,Stephen,1610612744,GSW,,22400628,,,,30.785,8,19,0.421,5,12,0.417,0,0,0.0,1,3,4,7,3,0,0,0,0,3,21,4,33.3,0,0,37.0,1,1,1,1,7053,2561,1432,14442,492,299,7826,13505,14344,13505,6876,9417,9701,1463,2037,12854,8263,1,1,4218,3254,8479,5573,2246,150,3591,1,,2024,2025
,203952,Andrew Wiggins,Andrew,1610612744,GSW,,22400628,,,,28.75,4,11,0.364,1,4,0.25,8,8,1.0,1,6,7,1,1,0,0,1,0,4,17,7,25.9,0,0,26.0,1,1,1,1,8877,9611,7071,16861,8896,8688,11902,481,912,1,6876,2943,3946,14293,8788,12854,8263,17462,1,2493,5360,6330,9452,2246,150,8551,1,,2024,2025
,1630611,Gui Santos,Gui,1610612744,GSW,,22400619,,,,22.54,6,9,0.667,4,5,0.8,0,0,0.0,1,4,5,2,1,0,0,0,1,0,16,0,24.0,0,0,27.0,1,13222,13222,13222,14081,5250,9700,3281,1130,6354,1389,13505,14344,13505,6876,6429,7268,9909,8788,12854,8263,1,6051,17725,6070,12240,10563,2246,150,7999,1,,2024,2025
,201939,Stephen Curry,Stephen,1610612744,GSW,,22400619,,,,33.833333333333336,6,11,0.545,1,4,0.25,1,1,1.0,1,2,3,12,3,0,0,2,1,3,14,2,32.6,1,0,30.0,1,13222,13222,13222,4412,5250,7071,7695,8896,8688,11902,10215,12810,1,6876,13151,12778,139,2037,12854,8263,23925,6051,4218,7553,10285,5903,1,150,6431,1,,2024,2025
,1631218,Trayce Jackson-Davis,Trayce,1610612744,GSW,,22400619,,,,23.81,4,6,0.667,0,0,0.0,3,6,0.5,3,5,8,2,0,1,0,1,4,5,11,-2,26.6,0,0,23.0,1,13222,13222,13222,13074,9611,14618,3281,15070,20945,15070,4159,1898,10625,1615,4392,2934,9909,16469,5025,8263,17462,22904,1447,10323,14448,9031,2246,150,10339,1,,2024,2025
,1630322,Lindy Waters III,Lindy,1610612744,GSW,,22400619,,,,14.0,1,2,0.5,1,2,0.5,0,0,0.0,0,0,0,2,1,0,1,0,1,0,3,-10,8.0,0,0,8.0,1,13222,13222,13222,20196,19033,21660,8526,8896,14411,3944,13505,14344,13505,14058,22137,23286,9909,8788,12854,2537,1,6051,17725,19913,21147,20938,2246,150,20457,1,,2024,2025
,1627780,Gary Payton II,Gary,1610612744,GSW,,22400619,,,,12.733333333333333,3,6,0.5,1,3,0.333,1,1,1.0,1,5,6,1,4,0,0,0,3,1,8,-2,12.7,0,0,16.0,1,13222,13222,13222,20878,12449,14618,8526,8896,11494,9209,10215,12810,1,6876,4392,5362,14293,877,12854,8263,1,18916,11254,13544,14448,17905,2246,150,14948,1,,2024,2025
,1642366,Quinten Post,Quinten,1610612744,GSW,,22400619,,,,14.633333333333333,2,5,0.4,1,4,0.25,0,0,0.0,1,5,6,1,1,0,1,0,5,0,5,-10,15.7,0,0,15.0,1,13222,13222,13222,19803,15612,16437,14933,8896,8688,11902,13505,14344,13505,6876,4392,5362,14293,8788,12854,2537,1,25158,17725,17323,21147,15924,2246,150,15689,1,,2024,2025
,1627741,Buddy Hield,Buddy,1610612744,GSW,,22400619,,,,25.335,6,12,0.5,5,9,0.556,0,0,0.0,1,2,3,1,1,3,0,1,2,0,17,3,30.1,0,0,32.0,1,13222,13222,13222,11713,5250,5979,8526,492,1295,3747,13505,14344,13505,6876,13151,12778,14293,8788,473,8263,17462,12976,17725,5360,9394,7114,2246,150,5433,1,,2024,2025
,1630541,Moses Moody,Moses,1610612744,GSW,,22400619,,,,25.58333333333333,4,10,0.4,3,7,0.429,0,0,0.0,1,1,2,2,0,0,0,1,3,1,11,-4,16.4,0,0,18.0,1,13222,13222,13222,11499,9611,8304,14933,2458,3100,7394,13505,14344,13505,6876,17569,16273,9909,16469,12854,8263,17462,18916,11254,10323,16449,15467,2246,150,13589,1,,2024,2025
,203952,Andrew Wiggins,Andrew,1610612744,GSW,,22400619,,,,37.55,8,20,0.4,5,11,0.455,4,5,0.8,3,3,6,3,3,1,0,1,2,4,25,-8,36.7,0,0,41.0,1,13222,13222,13222,1655,2561,1105,14933,492,499,7148,2676,2872,7681,1615,9417,5362,6913,2037,5025,8263,17462,12976,2493,1828,19855,4257,2246,150,2498,1,,2024,2025
,203471,Dennis Schröder,Dennis,1610612744,GSW,,22400619,,,,20.69833333333333,3,8,0.375,1,3,0.333,0,0,0.0,0,3,3,5,5,0,0,0,3,0,7,-5,13.1,0,0,16.0,1,13222,13222,13222,15500,12449,11288,16299,8896,11494,9209,13505,14344,13505,14058,9417,12778,3273,387,12854,8263,1,18916,17725,14857,17436,17641,2246,150,14948,1,,2024,2025
,1626172,Kevon Looney,Kevon,1610612744,GSW,,22400619,,,,9.283333333333331,0,3,0.0,0,0,0.0,0,0,0.0,0,2,2,0,0,0,0,1,2,0,0,6,2.4,0,0,2.0,1,13222,13222,13222,22353,22635,19992,22635,15070,20945,15070,13505,14344,13505,14058,13151,16273,19908,16469,12854,8263,17462,12976,17725,23200,7002,24155,2246,150,24066,1,,2024,2025
,1642366,Quinten Post,Quinten,1610612744,GSW,,22400604,,,,13.75,4,8,0.5,1,4,0.25,0,0,0.0,0,1,1,3,1,0,1,0,0,0,9,-8,16.7,0,0,16.0,1,13222,13222,13222,20333,9611,11288,8526,8896,8688,11902,13505,14344,13505,14058,17569,19889,6913,8788,12854,2537,1,1,17725,12445,19855,15274,2246,150,14948,1,,2024,2025
,1630541,Moses Moody,Moses,1610612744,GSW,,22400604,,,,31.78333333333333,5,13,0.385,3,9,0.333,0,0,0.0,1,5,6,5,2,1,1,0,1,0,13,-25,31.7,0,0,31.0,1,13222,13222,13222,6172,7242,5079,16070,2458,1295,9209,13505,14344,13505,6876,4392,5362,3273,4442,5025,2537,1,6051,17725,8426,25842,6320,2246,150,5932,1,,2024,2025
,1630311,Pat Spencer,Pat,1610612744,GSW,,22400604,,,,12.0,1,6,0.167,1,3,0.333,0,0,0.0,1,1,2,3,1,0,0,1,0,0,3,-6,8.9,0,0,9.0,1,13222,13222,13222,21228,19033,14618,21938,8896,11494,9209,13505,14344,13505,6876,17569,16273,6913,8788,12854,8263,17462,1,17725,19913,18298,20412,2246,150,19766,1,,2024,2025
,1627741,Buddy Hield,Buddy,1610612744,GSW,,22400604,,,,22.17,2,5,0.4,1,4,0.25,1,3,0.333,1,1,2,2,1,0,0,0,0,1,6,-18,10.4,0,0,11.0,1,13222,13222,13222,14369,15612,16437,14933,8896,8688,11902,10215,6038,13132,6876,17569,16273,9909,8788,12854,8263,1,1,11254,15937,24566,19434,2246,150,18464,1,,2024,2025
,1630611,Gui Santos,Gui,1610612744,GSW,,22400604,,,,27.386666666666667,3,8,0.375,1,6,0.167,0,0,0.0,2,0,2,0,0,1,0,1,2,0,7,-18,12.4,0,0,12.0,1,13222,13222,13222,10027,12449,11288,16299,8896,4502,14236,13505,14344,13505,3306,22137,16273,19908,16469,5025,8263,17462,12976,17725,14857,24566,18115,2246,150,17796,1,,2024,2025
,1626172,Kevon Looney,Kevon,1610612744,GSW,,22400604,,,,15.783333333333331,2,4,0.5,0,0,0.0,1,2,0.5,1,6,7,1,1,0,0,1,1,1,5,-11,13.9,0,0,13.0,1,13222,13222,13222,19079,15612,18231,8526,15070,20945,15070,10215,7446,10625,6876,2943,3946,14293,8788,12854,8263,17462,6051,11254,17323,21738,17066,2246,150,17050,1,,2024,2025
,203471,Dennis Schröder,Dennis,1610612744,GSW,,22400604,,,,17.11,3,8,0.375,1,4,0.25,0,0,0.0,0,0,0,1,1,1,0,1,1,0,7,-29,10.5,0,0,11.0,1,13222,13222,13222,18197,12449,11288,16299,8896,8688,11902,13505,14344,13505,14058,22137,23286,14293,8788,5025,8263,17462,6051,17725,14857,26103,19388,2246,150,18464,1,,2024,2025
,203952,Andrew Wiggins,Andrew,1610612744,GSW,,22400604,,,,23.596666666666668,1,11,0.091,0,4,0.0,2,2,1.0,1,2,3,0,1,1,1,3,0,3,4,-29,12.6,0,0,11.0,1,13222,13222,13222,13236,19033,7071,22599,15070,8688,15070,6020,7446,1,6876,13151,12778,19908,8788,5025,2537,25707,1,4218,18599,26103,17974,2246,150,18464,1,,2024,2025
,1630322,Lindy Waters III,Lindy,1610612744,GSW,,22400604,,,,18.766666666666666,2,7,0.286,2,6,0.333,0,0,0.0,0,4,4,2,1,1,0,0,4,0,6,-10,15.8,0,0,16.0,1,13222,13222,13222,16996,15612,12910,19630,4949,4502,9209,13505,14344,13505,14058,6429,9701,9909,8788,5025,8263,1,22904,17725,15937,21147,15862,2246,150,14948,1,,2024,2025
,201939,Stephen Curry,Stephen,1610612744,GSW,,22400604,,,,27.44,6,16,0.375,4,12,0.333,2,2,1.0,0,3,3,4,3,2,0,2,3,2,18,-15,30.6,0,0,33.0,1,13222,13222,13222,9986,5250,2836,16299,1130,299,9209,6020,7446,1,14058,9417,12778,4780,2037,1671,8263,23925,18916,6956,4762,23599,6876,2246,150,5036,1,,2024,2025
,1627780,Gary Payton II,Gary,1610612744,GSW,,22400604,,,,11.746666666666666,1,3,0.333,0,1,0.0,0,0,0.0,1,2,3,3,0,1,0,0,0,0,2,-10,13.1,0,0,10.0,1,13222,13222,13222,21399,19033,19992,17395,15070,17631,15070,13505,14344,13505,6876,13151,12778,6913,16469,5025,8263,1,1,17725,21232,21147,17641,2246,150,19152,1,,2024,2025
,1631218,Trayce Jackson-Davis,Trayce,1610612744,GSW,,22400604,,,,18.466666666666665,2,3,0.667,0,0,0.0,1,2,0.5,2,3,5,4,0,0,0,0,0,1,5,-21,17.0,0,0,14.0,1,13222,13222,13222,17225,15612,19992,3281,15070,20945,15070,10215,7446,10625,3306,9417,7268,4780,16469,12854,8263,1,1,11254,17323,25273,15071,2246,150,16370,1,,2024,2025
,1626172,Kevon Looney,Kevon,1610612744,GSW,,22400589,,,,23.668333333333333,4,8,0.5,0,0,0.0,2,2,1.0,5,8,13,2,1,0,2,0,4,1,10,13,33.6,1,0,29.0,1,1,1,1,13169,9611,11288,8526,15070,20945,15070,6020,7446,1,389,1271,534,9909,8788,12854,808,1,22904,11254,11377,3250,5463,1,150,6953,1,,2024,2025
,203471,Dennis Schröder,Dennis,1610612744,GSW,,22400589,,,,31.666666666666668,7,14,0.5,2,4,0.5,4,4,1.0,0,1,1,4,2,1,0,0,2,4,20,6,28.2,0,0,29.0,1,1,1,1,6258,3730,4240,8526,4949,8688,3944,2676,3754,1,14058,17569,19889,4780,4442,5025,8263,1,12976,2493,3676,7002,8103,2246,150,6953,1,,2024,2025
,201939,Stephen Curry,Stephen,1610612744,GSW,,22400589,,,,34.233333333333334,10,22,0.455,4,14,0.286,2,2,1.0,1,4,5,6,1,1,1,0,1,3,26,7,46.0,0,0,45.0,1,1,1,1,4072,1099,626,12676,1130,97,11433,6020,7446,1,6876,6429,7268,2199,8788,5025,2537,1,6051,4218,1579,6330,1814,2246,150,1626,1,,2024,2025
,203952,Andrew Wiggins,Andrew,1610612744,GSW,,22400589,,,,34.833333333333336,12,22,0.545,4,10,0.4,3,6,0.5,2,9,11,4,1,1,2,0,1,3,31,1,58.2,1,0,56.0,1,1,1,1,3587,421,626,7695,1130,829,7874,4159,1898,10625,3306,796,1106,4780,8788,5025,808,1,6051,4218,685,11263,440,1,150,408,1,,2024,2025
,1630611,Gui Santos,Gui,1610612744,GSW,,22400589,,,,8.483333333333333,0,1,0.0,0,0,0.0,0,0,0.0,2,1,3,2,0,1,0,0,2,0,0,2,9.6,0,0,7.0,1,1,1,1,22635,22635,23259,22635,15070,20945,15070,13505,14344,13505,3306,17569,12778,9909,16469,5025,8263,1,12976,17725,23200,10285,19963,2246,150,21087,1,,2024,2025
,1627780,Gary Payton II,Gary,1610612744,GSW,,22400589,,,,19.216666666666665,4,7,0.571,1,2,0.5,1,1,1.0,0,2,2,2,1,0,0,0,2,2,10,11,14.4,0,0,15.0,1,1,1,1,16650,9611,12910,6538,8896,14411,3944,10215,12810,1,14058,13151,16273,9909,8788,12854,8263,1,12976,6956,11377,4119,16758,2246,150,15689,1,,2024,2025
,1627741,Buddy Hield,Buddy,1610612744,GSW,,22400589,,,,21.01333333333333,2,7,0.286,1,4,0.25,1,2,0.5,1,1,2,2,1,1,0,0,2,1,6,-12,13.4,0,0,13.0,1,1,1,1,15291,15612,12910,19630,8896,8688,11902,10215,7446,10625,6876,17569,16273,9909,8788,5025,8263,1,12976,11254,15937,22309,17421,2246,150,17050,1,,2024,2025
,1630322,Lindy Waters III,Lindy,1610612744,GSW,,22400589,,,,10.901666666666667,0,2,0.0,0,2,0.0,0,0,0.0,0,0,0,0,0,0,0,0,0,1,0,5,0.0,0,0,0.0,1,1,1,1,21752,22635,21660,22635,15070,14411,15070,13505,14344,13505,14058,22137,23286,19908,16469,12854,8263,1,1,11254,23200,7737,25228,2246,150,25259,1,,2024,2025
,1631218,Trayce Jackson-Davis,Trayce,1610612744,GSW,,22400589,,,,24.016666666666666,2,5,0.4,0,0,0.0,2,4,0.5,5,10,15,1,2,0,1,2,3,2,6,-5,26.5,0,0,24.0,1,1,1,1,12885,15612,16437,14933,15070,20945,15070,6020,3754,10625,389,483,224,14293,4442,12854,2537,23925,18916,6956,15937,17436,9093,2246,150,9719,1,,2024,2025
,203110,Draymond Green,Draymond,1610612744,GSW,,22400589,,,,3.0,0,1,0.0,0,0,0.0,0,0,0.0,0,1,1,0,0,0,0,0,0,0,0,0,1.2,0,0,1.0,1,1,1,1,24986,22635,23259,22635,15070,20945,15070,13505,14344,13505,14058,17569,19889,19908,16469,12854,8263,1,1,17725,23200,12240,24725,2246,150,24667,1,,2024,2025
,1630541,Moses Moody,Moses,1610612744,GSW,,22400589,,,,28.966666666666665,4,7,0.571,2,5,0.4,3,3,1.0,1,1,2,1,0,1,1,0,1,4,13,12,22.9,0,0,22.0,1,1,1,1,8697,9611,12910,6538,4949,6354,7874,4159,6038,1,6876,17569,16273,14293,16469,5025,2537,1,6051,2493,8426,3654,11219,2246,150,10998,1,,2024,2025
,1631218,Trayce Jackson-Davis,Trayce,1610612744,GSW,,22400565,,,,26.54,2,7,0.286,0,0,0.0,0,0,0.0,9,6,15,2,2,0,2,1,2,0,4,2,29.0,0,0,25.0,1,1,1,1,10697,15612,12910,19630,15070,20945,15070,13505,14344,13505,16,2943,224,9909,4442,12854,808,17462,12976,17725,18599,10285,7650,2246,150,9137,1,,2024,2025
,1626172,Kevon Looney,Kevon,1610612744,GSW,,22400565,,,,21.543333333333333,2,2,1.0,0,0,0.0,0,0,0.0,1,4,5,6,1,0,1,0,1,1,4,-3,21.0,0,0,17.0,1,1,1,1,14908,15612,21660,1,15070,20945,15070,13505,14344,13505,6876,6429,7268,2199,8788,12854,2537,1,6051,11254,18599,15511,12407,2246,150,14250,1,,2024,2025
,1630611,Gui Santos,Gui,1610612744,GSW,,22400565,,,,21.421666666666667,2,5,0.4,1,3,0.333,0,0,0.0,1,6,7,3,0,0,0,0,4,3,5,5,17.9,0,0,16.0,1,1,1,1,14978,15612,16437,14933,8896,11494,9209,13505,14344,13505,6876,2943,3946,6913,16469,12854,8263,1,22904,4218,17323,7737,14467,2246,150,14948,1,,2024,2025
,203471,Dennis Schröder,Dennis,1610612744,GSW,,22400565,,,,24.766666666666666,5,11,0.455,2,3,0.667,0,0,0.0,0,1,1,3,2,2,0,1,6,0,12,-4,21.7,0,0,22.0,1,1,1,1,12199,7242,7071,12676,4949,11494,1957,13505,14344,13505,14058,17569,19889,6913,4442,1671,8263,17462,26091,17725,9299,16449,11950,2246,150,10998,1,,2024,2025
,1627741,Buddy Hield,Buddy,1610612744,GSW,,22400565,,,,29.376666666666665,6,11,0.545,3,6,0.5,3,3,1.0,0,1,1,0,2,3,2,1,2,1,18,8,32.2,0,0,32.0,1,1,1,1,8333,5250,7071,7695,2458,4502,3944,4159,6038,1,14058,17569,19889,19908,4442,473,808,17462,12976,11254,4762,5660,6093,2246,150,5433,1,,2024,2025
,1630541,Moses Moody,Moses,1610612744,GSW,,22400565,,,,24.93,4,6,0.667,3,4,0.75,0,0,0.0,0,4,4,1,0,0,0,0,5,0,11,7,17.3,0,0,19.0,1,1,1,1,12078,9611,14618,3281,2458,8688,1542,13505,14344,13505,14058,6429,9701,14293,16469,12854,8263,1,25158,17725,10323,6330,14888,2246,150,12913,1,,2024,2025
,1627780,Gary Payton II,Gary,1610612744,GSW,,22400565,,,,18.688333333333333,3,3,1.0,0,0,0.0,1,2,0.5,0,6,6,1,1,0,0,0,3,1,7,-4,14.7,0,0,14.0,1,1,1,1,17045,12449,19992,1,15070,20945,15070,10215,7446,10625,14058,2943,5362,14293,8788,12854,8263,1,18916,11254,14857,16449,16557,2246,150,16370,1,,2024,2025
,201939,Stephen Curry,Stephen,1610612744,GSW,,22400565,,,,37.333333333333336,10,21,0.476,7,12,0.583,4,4,1.0,1,0,1,8,1,1,0,2,1,4,31,-1,46.2,0,0,49.0,1,1,1,1,1775,1099,817,12010,76,299,3489,2676,3754,1,6876,22137,19889,963,8788,5025,8263,23925,6051,2493,685,13450,1778,2246,150,1048,1,,2024,2025
,203952,Andrew Wiggins,Andrew,1610612744,GSW,,22400565,,,,35.4,6,16,0.375,2,8,0.25,10,12,0.833,2,3,5,2,3,2,0,2,2,7,24,-5,36.0,0,0,37.0,1,1,1,1,3147,5250,2836,16299,4949,2050,11902,183,194,7275,3306,9417,7268,9909,2037,1671,8263,23925,12976,426,2129,17436,4514,2246,150,3591,1,,2024,2025
,203952,Andrew Wiggins,Andrew,1610612744,GSW,,22400550,,,,35.163333333333334,6,13,0.462,4,9,0.444,4,6,0.667,1,2,3,1,2,1,0,0,2,3,20,4,26.1,0,0,30.0,1,13222,13222,13222,3345,5250,5079,12428,1130,1295,7211,2676,1898,9425,6876,13151,12778,14293,4442,5025,8263,1,12976,4218,3676,8479,9334,2246,150,6431,1,,2024,2025
,1631218,Trayce Jackson-Davis,Trayce,1610612744,GSW,,22400550,,,,30.206666666666667,1,4,0.25,0,0,0.0,1,4,0.25,3,3,6,3,3,1,0,2,2,2,3,6,14.7,0,0,14.0,1,13222,13222,13222,7585,19033,18231,20233,15070,20945,15070,10215,3754,13358,1615,9417,5362,6913,2037,5025,8263,23925,12976,6956,19913,7002,16557,2246,150,16370,1,,2024,2025
,201939,Stephen Curry,Stephen,1610612744,GSW,,22400550,,,,34.99333333333333,9,17,0.529,4,10,0.4,4,4,1.0,1,6,7,7,4,1,0,0,2,8,26,0,43.9,0,0,46.0,1,13222,13222,13222,3473,1688,2289,8281,1130,829,7874,2676,3754,1,6876,2943,3946,1463,877,5025,8263,1,12976,220,1579,12240,2259,2246,150,1461,1,,2024,2025
,203471,Dennis Schröder,Dennis,1610612744,GSW,,22400550,,,,23.835,5,12,0.417,2,6,0.333,0,0,0.0,1,2,3,4,2,1,0,2,1,1,12,6,22.6,0,0,23.0,1,13222,13222,13222,13046,7242,5979,14532,4949,4502,9209,13505,14344,13505,6876,13151,12778,4780,4442,5025,8263,23925,6051,11254,9299,7002,11392,2246,150,10339,1,,2024,2025
,1630611,Gui Santos,Gui,1610612744,GSW,,22400550,,,,11.633333333333333,0,3,0.0,0,2,0.0,0,0,0.0,3,0,3,2,0,0,1,0,3,0,0,-9,9.6,0,0,7.0,1,13222,13222,13222,21438,22635,19992,22635,15070,14411,15070,13505,14344,13505,1615,22137,12778,9909,16469,12854,2537,1,18916,17725,23200,20535,19963,2246,150,21087,1,,2024,2025
,1630541,Moses Moody,Moses,1610612744,GSW,,22400550,,,,13.863333333333332,0,6,0.0,0,3,0.0,1,2,0.5,0,2,2,0,0,1,1,2,0,1,1,-10,9.4,0,0,7.0,1,13222,13222,13222,20268,22635,14618,22635,15070,11494,15070,10215,7446,10625,14058,13151,16273,19908,16469,5025,2537,23925,1,11254,22996,21147,20083,2246,150,21087,1,,2024,2025
,1626172,Kevon Looney,Kevon,1610612744,GSW,,22400550,,,,17.836666666666666,5,9,0.556,0,0,0.0,0,0,0.0,4,5,9,1,0,1,0,2,2,0,10,-8,25.3,0,0,22.0,1,13222,13222,13222,17680,7242,9700,7248,15070,20945,15070,13505,14344,13505,785,4392,2169,14293,16469,5025,8263,23925,12976,17725,11377,19855,9796,2246,150,10998,1,,2024,2025
,1627741,Buddy Hield,Buddy,1610612744,GSW,,22400550,,,,33.04833333333333,3,13,0.231,2,10,0.2,0,0,0.0,0,2,2,3,2,4,1,1,1,0,8,6,27.9,0,0,25.0,1,13222,13222,13222,5116,12449,5079,21157,4949,829,13429,13505,14344,13505,14058,13151,16273,6913,4442,123,2537,17462,6051,17725,13544,7002,8240,2246,150,9137,1,,2024,2025
,1630322,Lindy Waters III,Lindy,1610612744,GSW,,22400550,,,,21.83333333333333,2,6,0.333,2,4,0.5,2,3,0.667,1,8,9,0,1,0,1,0,0,1,8,-9,20.8,0,0,21.0,1,13222,13222,13222,14630,15612,14618,17395,4949,8688,3944,6020,6038,9425,6876,1271,2169,19908,8788,12854,2537,1,1,11254,13544,20535,12548,2246,150,11621,1,,2024,2025
,203937,Kyle Anderson,Kyle,1610612744,GSW,,22400550,,,,17.586666666666666,4,5,0.8,2,2,1.0,3,3,1.0,0,2,2,2,0,1,0,0,1,2,13,-1,21.4,0,0,21.0,1,13222,13222,13222,17864,9611,16437,1688,4949,14411,1,4159,6038,1,14058,13151,16273,9909,16469,5025,8263,1,6051,6956,8426,13450,12139,2246,150,11621,1,,2024,2025
,1630541,Moses Moody,Moses,1610612744,GSW,,22400525,,,,22.95,3,11,0.273,1,5,0.2,0,0,0.0,1,0,1,2,1,2,0,2,3,0,7,7,16.2,0,0,15.0,1,13222,13222,13222,13753,12449,7071,20048,8896,6354,13429,13505,14344,13505,6876,22137,19889,9909,8788,1671,8263,23925,18916,17725,14857,6330,15608,2246,150,15689,1,,2024,2025
,1626172,Kevon Looney,Kevon,1610612744,GSW,,22400525,,,,13.6,1,4,0.25,0,1,0.0,0,0,0.0,2,5,7,2,1,2,0,1,2,1,2,-12,18.4,0,0,15.0,1,13222,13222,13222,20422,19033,18231,20233,15070,17631,15070,13505,14344,13505,3306,4392,3946,9909,8788,1671,8263,17462,12976,11254,21232,22309,14145,2246,150,15689,1,,2024,2025
,203937,Kyle Anderson,Kyle,1610612744,GSW,,22400525,,,,25.95,4,9,0.444,0,2,0.0,0,0,0.0,2,5,7,5,1,1,1,1,1,1,8,-23,28.9,0,0,24.0,1,13222,13222,13222,11194,9611,9700,13045,15070,14411,15070,13505,14344,13505,3306,4392,3946,3273,8788,5025,2537,17462,6051,11254,13544,25627,7702,2246,150,9719,1,,2024,2025
,1630322,Lindy Waters III,Lindy,1610612744,GSW,,22400525,,,,35.46666666666667,3,8,0.375,1,5,0.2,0,1,0.0,1,4,5,2,2,0,0,0,3,1,7,-13,14.0,0,0,15.0,1,13222,13222,13222,3102,12449,11288,16299,8896,6354,13429,13505,12810,13505,6876,6429,7268,9909,4442,12854,8263,1,18916,11254,14857,22771,17013,2246,150,15689,1,,2024,2025
,1630611,Gui Santos,Gui,1610612744,GSW,,22400525,,,,23.956666666666667,4,5,0.8,2,2,1.0,1,2,0.5,1,2,3,3,1,2,0,0,2,3,11,9,24.1,0,0,23.0,1,13222,13222,13222,12944,9611,16437,1688,4949,14411,1,10215,7446,10625,6876,13151,12778,6913,8788,1671,8263,1,12976,4218,10323,5125,10511,2246,150,10339,1,,2024,2025
,203471,Dennis Schröder,Dennis,1610612744,GSW,,22400525,,,,28.696666666666665,5,13,0.385,1,6,0.167,1,1,1.0,0,2,2,4,3,2,0,2,4,0,12,-10,23.4,0,0,23.0,1,13222,13222,13222,8934,7242,5079,16070,8896,4502,14236,10215,12810,1,14058,13151,16273,4780,2037,1671,8263,23925,22904,17725,9299,21147,10921,2246,150,10339,1,,2024,2025
,1642366,Quinten Post,Quinten,1610612744,GSW,,22400525,,,,7.15,2,4,0.5,1,2,0.5,1,1,1.0,0,0,0,0,0,0,0,0,0,1,6,6,6.0,0,0,7.0,1,13222,13222,13222,23111,15612,18231,8526,8896,14411,3944,10215,12810,1,14058,22137,23286,19908,16469,12854,8263,1,1,11254,15937,7002,22098,2246,150,21087,1,,2024,2025
,1630311,Pat Spencer,Pat,1610612744,GSW,,22400525,,,,20.336666666666662,7,12,0.583,1,3,0.333,2,2,1.0,1,2,3,1,3,0,0,1,1,2,17,-2,19.1,0,0,22.0,1,13222,13222,13222,15757,3730,5979,6296,8896,11494,9209,6020,7446,1,6876,13151,12778,14293,2037,12854,8263,17462,6051,6956,5360,14448,13700,2246,150,10998,1,,2024,2025
,1631218,Trayce Jackson-Davis,Trayce,1610612744,GSW,,22400525,,,,27.25,3,6,0.5,0,0,0.0,3,4,0.75,3,7,10,1,0,2,1,0,1,2,9,-6,31.5,0,0,26.0,1,13222,13222,13222,10145,12449,14618,8526,15070,20945,15070,4159,3754,8186,1615,1947,1549,14293,16469,1671,2537,1,6051,6956,12445,18298,6420,2246,150,8551,1,,2024,2025
,1627741,Buddy Hield,Buddy,1610612744,GSW,,22400525,,,,34.64333333333333,6,19,0.316,3,12,0.25,2,2,1.0,0,4,4,5,1,0,0,1,2,2,17,-16,28.3,0,0,29.0,1,13222,13222,13222,3745,5250,1432,19148,2458,299,11902,6020,7446,1,14058,6429,9701,3273,8788,12854,8263,17462,12976,6956,5360,23938,8055,2246,150,6953,1,,2024,2025
,203110,Draymond Green,Draymond,1610612744,GSW,,22400518,,,,32.06666666666667,3,9,0.333,0,3,0.0,1,2,0.5,2,3,5,4,4,1,3,3,4,2,7,-2,27.0,0,0,24.0,1,1,1,1,5915,12449,9700,17395,15070,11494,15070,10215,7446,10625,3306,9417,7268,4780,877,5025,252,25707,22904,6956,14857,14448,8803,2246,150,9719,1,,2024,2025
,1631218,Trayce Jackson-Davis,Trayce,1610612744,GSW,,22400518,,,,26.26833333333333,7,9,0.778,0,0,0.0,0,2,0.0,2,8,10,3,1,0,0,2,1,1,14,16,29.5,1,0,27.0,1,1,1,1,10936,3730,9700,1994,15070,20945,15070,13505,7446,13505,3306,1271,1549,6913,8788,12854,8263,23925,6051,11254,7553,2243,7409,1,150,7999,1,,2024,2025
,203471,Dennis Schröder,Dennis,1610612744,GSW,,22400518,,,,33.68333333333333,5,11,0.455,1,5,0.2,2,2,1.0,0,0,0,6,2,1,1,1,5,4,13,3,26.0,0,0,24.0,1,1,1,1,4564,7242,7071,12676,8896,6354,13429,6020,7446,1,14058,22137,23286,2199,4442,5025,2537,17462,25158,2493,8426,9394,9390,2246,150,9719,1,,2024,2025
,1626172,Kevon Looney,Kevon,1610612744,GSW,,22400518,,,,20.77,4,6,0.667,0,0,0.0,0,1,0.0,3,5,8,3,0,2,1,0,3,2,8,-14,31.1,0,0,25.0,1,1,1,1,15445,9611,14618,3281,15070,20945,15070,13505,12810,13505,1615,4392,2934,6913,16469,1671,2537,1,18916,6956,13544,23203,6628,2246,150,9137,1,,2024,2025
,1630311,Pat Spencer,Pat,1610612744,GSW,,22400518,,,,3.8666666666666663,0,0,0.0,0,0,0.0,1,2,0.5,0,0,0,1,0,0,1,0,0,1,1,2,5.5,0,0,4.0,1,1,1,1,24555,22635,24836,22635,15070,20945,15070,10215,7446,10625,14058,22137,23286,14293,16469,12854,2537,1,1,11254,22996,10285,22411,2246,150,22929,1,,2024,2025
,203937,Kyle Anderson,Kyle,1610612744,GSW,,22400518,,,,9.4,2,4,0.5,0,0,0.0,0,0,0.0,3,2,5,3,0,0,0,0,0,0,4,7,14.5,0,0,12.0,1,1,1,1,22312,15612,18231,8526,15070,20945,15070,13505,14344,13505,1615,13151,7268,6913,16469,12854,8263,1,1,17725,18599,6330,16714,2246,150,17796,1,,2024,2025
,201939,Stephen Curry,Stephen,1610612744,GSW,,22400518,,,,36.13333333333333,5,21,0.238,2,14,0.143,5,5,1.0,1,8,9,6,3,2,0,1,0,5,17,-14,39.8,0,0,38.0,1,1,1,1,2581,7242,817,21138,4949,97,14649,1817,2872,1,6876,1271,2169,2199,2037,1671,8263,17462,1,1447,5360,23203,3267,2246,150,3270,1,,2024,2025
,1627741,Buddy Hield,Buddy,1610612744,GSW,,22400518,,,,31.331666666666667,7,15,0.467,5,11,0.455,0,0,0.0,1,4,5,3,0,1,0,0,2,1,19,0,32.5,0,0,34.0,1,1,1,1,6586,3730,3491,12249,492,499,7148,13505,14344,13505,6876,6429,7268,6913,16469,5025,8263,1,12976,11254,4202,12240,5950,2246,150,4638,1,,2024,2025
,1630611,Gui Santos,Gui,1610612744,GSW,,22400518,,,,26.226666666666667,4,6,0.667,4,6,0.667,1,2,0.5,3,2,5,3,4,2,0,0,3,2,13,7,25.5,0,0,29.0,1,1,1,1,10982,9611,14618,3281,1130,4502,1957,10215,7446,10625,1615,13151,7268,6913,877,1671,8263,1,18916,6956,8426,6330,9681,2246,150,6953,1,,2024,2025
,1630322,Lindy Waters III,Lindy,1610612744,GSW,,22400518,,,,20.25333333333333,4,8,0.5,3,7,0.429,0,0,0.0,0,2,2,0,1,0,1,0,0,1,11,10,15.4,0,0,18.0,1,1,1,1,15820,9611,11288,8526,2458,3100,7394,13505,14344,13505,14058,13151,16273,19908,8788,12854,2537,1,1,11254,10323,4588,16104,2246,150,13589,1,,2024,2025
,1630322,Lindy Waters III,Lindy,1610612744,GSW,,22400508,,,,18.8,3,8,0.375,0,4,0.0,0,0,0.0,0,2,2,0,1,1,0,0,2,0,6,-12,10.4,0,0,10.0,1,13222,13222,13222,16965,12449,11288,16299,15070,8688,15070,13505,14344,13505,14058,13151,16273,19908,8788,5025,8263,1,12976,17725,15937,22309,19434,2246,150,19152,1,,2024,2025
,203952,Andrew Wiggins,Andrew,1610612744,GSW,,22400508,,,,24.58333333333333,4,10,0.4,1,3,0.333,0,0,0.0,2,3,5,1,1,1,1,1,2,0,9,-7,21.5,0,0,20.0,1,13222,13222,13222,12389,9611,8304,14933,8896,11494,9209,13505,14344,13505,3306,9417,7268,14293,8788,5025,2537,17462,12976,17725,12445,19141,12085,2246,150,12254,1,,2024,2025
,203471,Dennis Schröder,Dennis,1610612744,GSW,,22400508,,,,28.866666666666667,2,10,0.2,1,7,0.143,0,0,0.0,0,3,3,7,1,0,0,1,2,0,5,-13,18.1,0,0,16.0,1,13222,13222,13222,8793,15612,8304,21401,8896,3100,14649,13505,14344,13505,14058,9417,12778,1463,8788,12854,8263,17462,12976,17725,17323,22771,14347,2246,150,14948,1,,2024,2025
,1630541,Moses Moody,Moses,1610612744,GSW,,22400508,,,,15.183333333333334,1,6,0.167,1,4,0.25,0,0,0.0,2,1,3,1,0,0,0,0,1,1,3,-7,8.1,0,0,8.0,1,13222,13222,13222,19447,19033,14618,21938,8896,8688,11902,13505,14344,13505,3306,17569,12778,14293,16469,12854,8263,1,6051,11254,19913,19141,20889,2246,150,20457,1,,2024,2025
,1630311,Pat Spencer,Pat,1610612744,GSW,,22400508,,,,3.083333333333333,1,1,1.0,0,0,0.0,0,0,0.0,0,1,1,0,1,0,0,0,0,1,2,2,2.2,0,0,3.0,1,13222,13222,13222,24947,19033,23259,1,15070,20945,15070,13505,14344,13505,14058,17569,19889,19908,8788,12854,8263,1,1,11254,21232,10285,24267,2246,150,23533,1,,2024,2025
,203110,Draymond Green,Draymond,1610612744,GSW,,22400508,,,,26.883333333333333,3,9,0.333,0,3,0.0,1,1,1.0,1,9,10,10,1,0,0,0,2,3,7,-9,33.0,1,0,27.0,1,13222,13222,13222,10435,12449,9700,17395,15070,11494,15070,10215,12810,1,6876,796,1549,386,8788,12854,8263,1,12976,4218,14857,20535,5723,1,150,7999,1,,2024,2025
,1627741,Buddy Hield,Buddy,1610612744,GSW,,22400508,,,,23.95,4,12,0.333,2,9,0.222,1,2,0.5,1,7,8,5,0,1,0,0,1,1,11,-7,31.1,0,0,28.0,1,13222,13222,13222,12946,9611,5979,17395,4949,1295,13288,10215,7446,10625,6876,1947,2934,3273,16469,5025,8263,1,6051,11254,10323,19141,6628,2246,150,7475,1,,2024,2025
,201939,Stephen Curry,Stephen,1610612744,GSW,,22400508,,,,33.4,11,22,0.5,8,17,0.471,1,1,1.0,0,7,7,0,4,1,2,0,2,1,31,-10,44.4,0,0,52.0,1,13222,13222,13222,4812,704,626,8526,27,17,7106,10215,12810,1,14058,1947,3946,19908,877,5025,808,1,12976,11254,685,21147,2147,2246,150,734,1,,2024,2025
,203937,Kyle Anderson,Kyle,1610612744,GSW,,22400508,,,,26.73333333333333,2,7,0.286,1,2,0.5,0,0,0.0,2,3,5,4,1,3,2,1,3,0,5,-4,31.0,0,0,25.0,1,13222,13222,13222,10540,15612,12910,19630,8896,14411,3944,13505,14344,13505,3306,9417,7268,4780,8788,473,808,17462,18916,17725,17323,16449,6686,2246,150,9137,1,,2024,2025
,1631218,Trayce Jackson-Davis,Trayce,1610612744,GSW,,22400508,,,,35.43333333333333,9,12,0.75,0,0,0.0,1,1,1.0,3,4,7,0,0,2,1,0,0,2,19,-15,36.4,0,0,32.0,1,13222,13222,13222,3125,1688,5979,2107,15070,20945,15070,10215,12810,1,1615,6429,3946,19908,16469,1671,2537,1,1,6956,4202,23599,4356,2246,150,5433,1,,2024,2025
,1630611,Gui Santos,Gui,1610612744,GSW,,22400508,,,,3.083333333333333,0,1,0.0,0,1,0.0,0,0,0.0,0,1,1,0,0,0,0,0,0,0,0,2,1.2,0,0,1.0,1,13222,13222,13222,24947,22635,23259,22635,15070,17631,15070,13505,14344,13505,14058,17569,19889,19908,16469,12854,8263,1,1,17725,23200,10285,24725,2246,150,24667,1,,2024,2025
,203952,Andrew Wiggins,Andrew,1610612744,GSW,,22400492,,,,26.01833333333333,7,13,0.538,1,3,0.333,3,4,0.75,1,3,4,1,2,0,0,1,3,4,18,-23,22.3,0,0,24.0,1,13222,13222,13222,11147,3730,5079,7978,8896,11494,9209,4159,3754,8186,6876,9417,9701,14293,4442,12854,8263,17462,18916,2493,4762,25627,11570,2246,150,9719,1,,2024,2025
,1631218,Trayce Jackson-Davis,Trayce,1610612744,GSW,,22400492,,,,17.783333333333335,0,3,0.0,0,0,0.0,0,0,0.0,0,2,2,3,3,0,0,0,3,0,0,-16,3.9,0,0,5.0,1,13222,13222,13222,17716,22635,19992,22635,15070,20945,15070,13505,14344,13505,14058,13151,16273,6913,2037,12854,8263,1,18916,17725,23200,23938,23345,2246,150,22358,1,,2024,2025
,203471,Dennis Schröder,Dennis,1610612744,GSW,,22400492,,,,20.966666666666665,1,7,0.143,0,2,0.0,1,2,0.5,1,1,2,2,1,0,0,1,1,2,3,-22,7.4,0,0,7.0,1,13222,13222,13222,15314,19033,12910,22260,15070,14411,15070,10215,7446,10625,6876,17569,16273,9909,8788,12854,8263,17462,6051,6956,19913,25445,21277,2246,150,21087,1,,2024,2025
,1626172,Kevon Looney,Kevon,1610612744,GSW,,22400492,,,,15.623333333333331,4,7,0.571,0,0,0.0,1,2,0.5,4,1,5,0,1,2,1,0,1,2,9,-6,23.0,0,0,20.0,1,13222,13222,13222,19186,9611,12910,6538,15070,20945,15070,10215,7446,10625,785,17569,7268,19908,8788,1671,2537,1,6051,6956,12445,18298,11172,2246,150,12254,1,,2024,2025
,1630541,Moses Moody,Moses,1610612744,GSW,,22400492,,,,26.1,5,10,0.5,3,6,0.5,0,0,0.0,0,1,1,2,2,2,0,0,1,0,13,-5,21.2,0,0,23.0,1,13222,13222,13222,11088,7242,8304,8526,2458,4502,3944,13505,14344,13505,14058,17569,19889,9909,4442,1671,8263,1,6051,17725,8426,17436,12273,2246,150,10339,1,,2024,2025
,203937,Kyle Anderson,Kyle,1610612744,GSW,,22400492,,,,16.346666666666668,1,2,0.5,0,0,0.0,0,0,0.0,1,1,2,2,1,0,1,0,2,0,2,-18,9.4,0,0,8.0,1,13222,13222,13222,18698,19033,21660,8526,15070,20945,15070,13505,14344,13505,6876,17569,16273,9909,8788,12854,2537,1,12976,17725,21232,24566,20083,2246,150,20457,1,,2024,2025
,1630611,Gui Santos,Gui,1610612744,GSW,,22400492,,,,12.0,1,3,0.333,0,2,0.0,0,0,0.0,1,1,2,1,1,1,0,0,2,1,2,0,7.9,0,0,7.0,1,13222,13222,13222,21228,19033,19992,17395,15070,14411,15070,13505,14344,13505,6876,17569,16273,14293,8788,5025,8263,1,12976,11254,21232,12240,21005,2246,150,21087,1,,2024,2025
,1630311,Pat Spencer,Pat,1610612744,GSW,,22400492,,,,12.0,1,4,0.25,0,1,0.0,2,4,0.5,0,1,1,4,0,1,0,1,0,4,4,0,14.2,0,0,11.0,1,13222,13222,13222,21228,19033,18231,20233,15070,17631,15070,6020,3754,10625,14058,17569,19889,4780,16469,5025,8263,17462,1,2493,18599,12240,16896,2246,150,18464,1,,2024,2025
,201939,Stephen Curry,Stephen,1610612744,GSW,,22400492,,,,29.706666666666667,8,12,0.667,4,8,0.5,6,6,1.0,0,7,7,0,4,1,0,0,3,4,26,-17,33.4,0,0,39.0,1,13222,13222,13222,8037,2561,5979,3281,1130,2050,3944,1180,1898,1,14058,1947,3946,19908,877,5025,8263,1,18916,2493,1579,24263,5535,2246,150,2984,1,,2024,2025
,203110,Draymond Green,Draymond,1610612744,GSW,,22400492,,,,25.23333333333333,4,8,0.5,2,4,0.5,0,0,0.0,1,3,4,4,5,2,1,0,3,2,10,-15,24.8,0,0,26.0,1,13222,13222,13222,11804,9611,11288,8526,4949,8688,3944,13505,14344,13505,6876,9417,9701,4780,387,1671,2537,1,18916,6956,11377,23599,10102,2246,150,8551,1,,2024,2025
,1630322,Lindy Waters III,Lindy,1610612744,GSW,,22400492,,,,19.80333333333333,2,5,0.4,1,4,0.25,0,0,0.0,0,2,2,0,0,1,0,0,0,0,5,-3,10.4,0,0,10.0,1,13222,13222,13222,16173,15612,16437,14933,8896,8688,11902,13505,14344,13505,14058,13151,16273,19908,16469,5025,8263,1,1,17725,17323,15511,19434,2246,150,19152,1,,2024,2025
,1627741,Buddy Hield,Buddy,1610612744,GSW,,22400492,,,,18.418333333333333,3,7,0.429,1,5,0.2,0,0,0.0,0,3,3,3,2,0,0,0,2,0,7,-25,13.1,0,0,14.0,1,13222,13222,13222,17265,12449,12910,13735,8896,6354,13429,13505,14344,13505,14058,9417,12778,6913,4442,12854,8263,1,12976,17725,14857,25842,17641,2246,150,16370,1,,2024,2025
,203471,Dennis Schröder,Dennis,1610612744,GSW,,22400485,,,,35.946666666666665,6,15,0.4,3,6,0.5,2,4,0.5,1,2,3,9,3,1,0,2,1,5,17,13,34.1,0,0,34.0,1,1,1,1,2730,5250,3491,14933,2458,4502,3944,6020,3754,10625,6876,13151,12778,635,2037,5025,8263,23925,6051,1447,5360,3250,5238,2246,150,4638,1,,2024,2025
,203952,Andrew Wiggins,Andrew,1610612744,GSW,,22400485,,,,36.21666666666667,9,17,0.529,3,10,0.3,3,3,1.0,0,2,2,3,2,4,0,0,1,2,24,10,40.9,0,0,40.0,1,1,1,1,2521,1688,2289,8281,2458,829,11319,4159,6038,1,14058,13151,16273,6913,4442,123,8263,1,6051,6956,2129,4588,2993,2246,150,2744,1,,2024,2025
,1631218,Trayce Jackson-Davis,Trayce,1610612744,GSW,,22400485,,,,27.933333333333334,5,13,0.385,0,0,0.0,1,1,1.0,3,6,9,5,1,3,0,4,2,1,11,12,37.3,0,0,31.0,1,1,1,1,9595,7242,5079,16070,15070,20945,15070,10215,12810,1,1615,2943,2169,3273,8788,473,8263,26177,12976,11254,10323,3654,4065,2246,150,5932,1,,2024,2025
,1630311,Pat Spencer,Pat,1610612744,GSW,,22400485,,,,12.053333333333333,1,2,0.5,0,0,0.0,0,0,0.0,2,1,3,2,1,1,1,0,2,1,2,-5,13.6,0,0,11.0,1,1,1,1,21205,19033,21660,8526,15070,20945,15070,13505,14344,13505,3306,17569,12778,9909,8788,5025,2537,1,12976,11254,21232,17436,17296,2246,150,18464,1,,2024,2025
,203937,Kyle Anderson,Kyle,1610612744,GSW,,22400485,,,,21.55,3,5,0.6,1,3,0.333,0,1,0.0,1,2,3,3,1,1,2,0,2,1,7,-2,23.1,0,0,20.0,1,1,1,1,14889,12449,16437,5394,8896,11494,9209,13505,12810,13505,6876,13151,12778,6913,8788,5025,808,1,12976,11254,14857,14448,11107,2246,150,12254,1,,2024,2025
,203110,Draymond Green,Draymond,1610612744,GSW,,22400485,,,,30.6,3,7,0.429,3,6,0.5,0,0,0.0,1,1,2,3,2,2,1,0,4,2,9,10,22.9,0,0,23.0,1,1,1,1,7219,12449,12910,13735,2458,4502,3944,13505,14344,13505,6876,17569,16273,6913,4442,1671,2537,1,22904,6956,12445,4588,11219,2246,150,10339,1,,2024,2025
,1627741,Buddy Hield,Buddy,1610612744,GSW,,22400485,,,,23.566666666666663,5,9,0.556,4,7,0.571,0,0,0.0,1,1,2,3,3,0,0,1,2,0,14,18,17.9,0,0,23.0,1,1,1,1,13257,7242,9700,7248,1130,3100,3506,13505,14344,13505,6876,17569,16273,6913,2037,12854,8263,17462,12976,17725,7553,1677,14467,2246,150,10339,1,,2024,2025
,1630228,Jonathan Kuminga,Jonathan,1610612744,GSW,,22400485,,,,15.3,4,6,0.667,3,3,1.0,2,4,0.5,0,2,2,2,4,0,0,0,0,4,13,0,14.4,0,0,20.0,1,1,1,1,19374,9611,14618,3281,2458,11494,1,6020,3754,10625,14058,13151,16273,9909,877,12854,8263,1,1,2493,8426,12240,16758,2246,150,12254,1,,2024,2025
,1630541,Moses Moody,Moses,1610612744,GSW,,22400485,,,,8.9,2,3,0.667,2,3,0.667,2,3,0.667,0,0,0,0,0,0,0,0,2,1,8,-11,8.0,0,0,10.0,1,1,1,1,22489,15612,19992,3281,4949,11494,1957,6020,6038,9425,14058,22137,23286,19908,16469,12854,8263,1,12976,11254,13544,21738,20938,2246,150,19152,1,,2024,2025
,1630322,Lindy Waters III,Lindy,1610612744,GSW,,22400485,,,,27.933333333333334,6,7,0.857,4,5,0.8,0,0,0.0,0,3,3,2,1,1,1,0,2,1,16,-5,27.6,0,0,29.0,1,1,1,1,9595,5250,12910,1412,1130,6354,1389,13505,14344,13505,14058,9417,12778,9909,8788,5025,2537,1,12976,11254,6070,17436,8435,2246,150,6953,1,,2024,2025
,1630228,Jonathan Kuminga,Jonathan,1610612744,GSW,,22400467,,,,25.383333333333333,8,11,0.727,2,3,0.667,2,3,0.667,0,5,5,5,1,1,0,0,2,2,20,25,35.5,0,0,34.0,1,1,1,1,11666,2561,7071,2666,4949,11494,1957,6020,6038,9425,14058,4392,7268,3273,8788,5025,8263,1,12976,6956,3676,535,4709,2246,150,4638,1,,2024,2025
,203952,Andrew Wiggins,Andrew,1610612744,GSW,,22400467,,,,26.075,6,11,0.545,1,4,0.25,2,2,1.0,1,6,7,4,1,0,1,1,2,2,15,20,31.4,0,0,29.0,1,1,1,1,11108,5250,7071,7695,8896,8688,11902,6020,7446,1,6876,2943,3946,4780,8788,12854,2537,17462,12976,6956,6813,1243,6467,2246,150,6953,1,,2024,2025
,1631218,Trayce Jackson-Davis,Trayce,1610612744,GSW,,22400467,,,,20.98333333333333,1,5,0.2,0,0,0.0,1,2,0.5,1,4,5,3,1,0,1,1,3,2,3,14,15.5,0,0,13.0,1,1,1,1,15304,19033,16437,21401,15070,20945,15070,10215,7446,10625,6876,6429,7268,6913,8788,12854,2537,17462,18916,6956,19913,2867,16036,2246,150,17050,1,,2024,2025
,1626172,Kevon Looney,Kevon,1610612744,GSW,,22400467,,,,7.516666666666667,3,3,1.0,0,0,0.0,0,1,0.0,0,2,2,1,1,1,1,0,0,1,6,1,14.9,0,0,13.0,1,1,1,1,22990,12449,19992,1,15070,20945,15070,13505,12810,13505,14058,13151,16273,14293,8788,5025,2537,1,1,11254,15937,11263,16417,2246,150,17050,1,,2024,2025
,1630541,Moses Moody,Moses,1610612744,GSW,,22400467,,,,15.433333333333334,4,5,0.8,4,5,0.8,0,0,0.0,0,2,2,0,1,0,0,0,2,0,12,13,13.4,0,0,18.0,1,1,1,1,19289,9611,16437,1688,1130,6354,1389,13505,14344,13505,14058,13151,16273,19908,8788,12854,8263,1,12976,17725,9299,3250,17421,2246,150,13589,1,,2024,2025
,1630611,Gui Santos,Gui,1610612744,GSW,,22400467,,,,7.516666666666667,1,2,0.5,0,1,0.0,0,0,0.0,0,0,0,1,0,0,1,0,0,0,2,1,6.5,0,0,5.0,1,1,1,1,22990,19033,21660,8526,15070,17631,15070,13505,14344,13505,14058,22137,23286,14293,16469,12854,2537,1,1,17725,21232,11263,21818,2246,150,22358,1,,2024,2025
,203937,Kyle Anderson,Kyle,1610612744,GSW,,22400467,,,,7.516666666666667,3,3,1.0,0,0,0.0,2,3,0.667,0,1,1,0,1,0,0,0,0,2,8,1,8.2,0,0,9.0,1,1,1,1,22990,12449,19992,1,15070,20945,15070,6020,6038,9425,14058,17569,19889,19908,8788,12854,8263,1,1,6956,13544,11263,20807,2246,150,19766,1,,2024,2025
,1630311,Pat Spencer,Pat,1610612744,GSW,,22400467,,,,7.516666666666667,0,1,0.0,0,0,0.0,0,0,0.0,0,2,2,2,0,0,0,1,0,0,0,1,5.4,0,0,4.0,1,1,1,1,22990,22635,23259,22635,15070,20945,15070,13505,14344,13505,14058,13151,16273,9909,16469,12854,8263,17462,1,17725,23200,11263,22453,2246,150,22929,1,,2024,2025
,201939,Stephen Curry,Stephen,1610612744,GSW,,22400467,,,,29.816666666666663,11,15,0.733,8,8,1.0,0,0,0.0,1,5,6,10,2,1,0,0,1,2,30,32,53.2,1,0,56.0,1,1,1,1,7950,704,3491,2644,27,2050,1,13505,14344,13505,6876,4392,5362,386,4442,5025,8263,1,6051,6956,830,119,804,1,150,408,1,,2024,2025
,203110,Draymond Green,Draymond,1610612744,GSW,,22400467,,,,30.58333333333333,6,10,0.6,1,5,0.2,2,2,1.0,0,6,6,7,3,0,3,0,3,3,15,30,38.7,0,0,35.0,1,1,1,1,7243,5250,8304,5394,8896,6354,13429,6020,7446,1,14058,2943,5362,1463,2037,12854,252,1,18916,4218,6813,199,3605,2246,150,4250,1,,2024,2025
,1630322,Lindy Waters III,Lindy,1610612744,GSW,,22400467,,,,15.666666666666666,4,7,0.571,2,4,0.5,0,0,0.0,0,2,2,1,0,0,1,1,2,0,10,-2,16.9,0,0,17.0,1,1,1,1,19151,9611,12910,6538,4949,8688,3944,13505,14344,13505,14058,13151,16273,14293,16469,12854,2537,17462,12976,17725,11377,14448,15134,2246,150,14250,1,,2024,2025
,203471,Dennis Schröder,Dennis,1610612744,GSW,,22400467,,,,25.316666666666663,5,9,0.556,3,4,0.75,2,2,1.0,2,2,4,6,0,2,0,2,4,2,15,17,34.8,0,0,32.0,1,1,1,1,11729,7242,9700,7248,2458,8688,1542,6020,7446,1,3306,13151,9701,2199,16469,1671,8263,23925,22904,6956,6813,1948,4962,2246,150,5433,1,,2024,2025
,1627741,Buddy Hield,Buddy,1610612744,GSW,,22400467,,,,20.675,1,5,0.2,1,5,0.2,0,0,0.0,0,1,1,1,0,0,0,0,3,0,3,17,5.7,0,0,6.0,1,1,1,1,15512,19033,16437,21401,8896,6354,13429,13505,14344,13505,14058,17569,19889,14293,16469,12854,8263,1,18916,17725,19913,1948,22263,2246,150,21698,1,,2024,2025
,1630541,Moses Moody,Moses,1610612744,GSW,,22400446,,,,20.55,7,8,0.875,3,4,0.75,2,2,1.0,0,2,2,1,1,1,0,0,0,1,19,2,24.9,0,0,27.0,1,13222,13222,13222,15607,3730,11288,1353,2458,8688,1542,6020,7446,1,14058,13151,16273,14293,8788,5025,8263,1,1,11254,4202,10285,10031,2246,150,7999,1,,2024,2025
,203110,Draymond Green,Draymond,1610612744,GSW,,22400446,,,,25.066666666666663,1,10,0.1,0,2,0.0,0,2,0.0,3,5,8,5,3,1,2,0,2,4,2,-8,25.1,0,0,21.0,1,13222,13222,13222,11944,19033,8304,22561,15070,14411,15070,13505,7446,13505,1615,4392,2934,3273,2037,5025,808,1,12976,2493,21232,19855,9905,2246,150,11621,1,,2024,2025
,1630322,Lindy Waters III,Lindy,1610612744,GSW,,22400446,,,,14.466666666666669,0,6,0.0,0,5,0.0,2,2,1.0,0,2,2,0,0,0,0,0,2,1,2,-4,4.4,0,0,4.0,1,13222,13222,13222,19896,22635,14618,22635,15070,6354,15070,6020,7446,1,14058,13151,16273,19908,16469,12854,8263,1,12976,11254,21232,16449,23001,2246,150,22929,1,,2024,2025
,201939,Stephen Curry,Stephen,1610612744,GSW,,22400446,,,,29.086666666666662,4,14,0.286,3,11,0.273,0,0,0.0,0,2,2,3,1,1,1,0,1,2,11,-2,22.9,0,0,23.0,1,13222,13222,13222,8605,9611,4240,19630,2458,499,11838,13505,14344,13505,14058,13151,16273,6913,8788,5025,2537,1,6051,6956,10323,14448,11219,2246,150,10339,1,,2024,2025
,1630311,Pat Spencer,Pat,1610612744,GSW,,22400446,,,,4.65,0,1,0.0,0,0,0.0,0,0,0.0,0,3,3,2,0,1,0,0,0,0,0,1,9.6,0,0,7.0,1,13222,13222,13222,24158,22635,23259,22635,15070,20945,15070,13505,14344,13505,14058,9417,12778,9909,16469,5025,8263,1,1,17725,23200,11263,19963,2246,150,21087,1,,2024,2025
,1627741,Buddy Hield,Buddy,1610612744,GSW,,22400446,,,,18.781666666666663,1,8,0.125,0,3,0.0,0,0,0.0,1,2,3,0,1,0,0,1,0,0,2,-9,4.6,0,0,5.0,1,13222,13222,13222,16991,19033,11288,22420,15070,11494,15070,13505,14344,13505,6876,13151,12778,19908,8788,12854,8263,17462,1,17725,21232,20535,22915,2246,150,22358,1,,2024,2025
,1630611,Gui Santos,Gui,1610612744,GSW,,22400446,,,,4.65,0,1,0.0,0,1,0.0,0,0,0.0,0,1,1,0,0,0,0,0,0,0,0,1,1.2,0,0,1.0,1,13222,13222,13222,24158,22635,23259,22635,15070,17631,15070,13505,14344,13505,14058,17569,19889,19908,16469,12854,8263,1,1,17725,23200,11263,24725,2246,150,24667,1,,2024,2025
,1630228,Jonathan Kuminga,Jonathan,1610612744,GSW,,22400446,,,,31.95,4,15,0.267,0,2,0.0,10,14,0.714,2,8,10,2,0,1,1,2,3,11,18,-5,39.0,1,0,34.0,1,13222,13222,13222,6020,9611,3491,20170,15070,14411,15070,183,68,9244,3306,1271,1549,9909,16469,5025,2537,23925,18916,24,4762,17436,3499,1,150,4638,1,,2024,2025
,203952,Andrew Wiggins,Andrew,1610612744,GSW,,22400446,,,,27.266666666666666,5,9,0.556,1,5,0.2,0,0,0.0,0,3,3,2,2,0,2,0,2,0,11,-20,21.6,0,0,21.0,1,13222,13222,13222,10130,7242,9700,7248,8896,6354,13429,13505,14344,13505,14058,9417,12778,9909,4442,12854,808,1,12976,17725,10323,25087,12003,2246,150,11621,1,,2024,2025
,1631218,Trayce Jackson-Davis,Trayce,1610612744,GSW,,22400446,,,,28.566666666666663,6,14,0.429,0,0,0.0,4,4,1.0,6,10,16,2,2,0,2,1,2,3,16,-23,42.2,1,0,38.0,1,13222,13222,13222,9061,5250,4240,13735,15070,20945,15070,2676,3754,1,185,483,145,9909,4442,12854,808,17462,12976,4218,6070,25627,2664,1,150,3270,1,,2024,2025
,203471,Dennis Schröder,Dennis,1610612744,GSW,,22400446,,,,30.315,4,11,0.364,2,4,0.5,2,2,1.0,1,3,4,3,4,0,0,2,2,3,12,-24,17.3,0,0,21.0,1,13222,13222,13222,7487,9611,7071,16861,4949,8688,3944,6020,7446,1,6876,9417,9701,6913,877,12854,8263,23925,12976,4218,9299,25745,14888,2246,150,11621,1,,2024,2025
,1642366,Quinten Post,Quinten,1610612744,GSW,,22400446,,,,4.65,1,2,0.5,0,1,0.0,0,0,0.0,1,0,1,0,0,0,0,0,0,0,2,1,3.2,0,0,3.0,1,13222,13222,13222,24158,19033,21660,8526,15070,17631,15070,13505,14344,13505,6876,22137,19889,19908,16469,12854,8263,1,1,17725,21232,11263,23585,2246,150,23533,1,,2024,2025
,201939,Stephen Curry,Stephen,1610612744,GSW,,22400431,,,,35.05,9,22,0.409,4,13,0.308,0,0,0.0,2,4,6,6,5,1,0,0,3,0,22,20,36.2,0,0,40.0,1,1,1,1,3418,1688,626,14895,1130,166,11292,13505,14344,13505,3306,6429,5362,2199,387,5025,8263,1,18916,17725,2824,1243,4424,2246,150,2744,1,,2024,2025
,203110,Draymond Green,Draymond,1610612744,GSW,,22400431,,,,34.81666666666667,6,9,0.667,3,5,0.6,1,1,1.0,1,7,8,7,1,2,1,0,1,1,16,18,44.1,0,0,40.0,1,1,1,1,3597,5250,9700,3281,2458,6354,2992,10215,12810,1,6876,1947,2934,1463,8788,1671,2537,1,6051,11254,6070,1677,2211,2246,150,2744,1,,2024,2025
,1631218,Trayce Jackson-Davis,Trayce,1610612744,GSW,,22400431,,,,23.216666666666665,6,11,0.545,0,0,0.0,4,4,1.0,4,6,10,2,0,1,4,3,1,3,16,-11,46.0,1,0,38.0,1,1,1,1,13533,5250,7071,7695,15070,20945,15070,2676,3754,1,785,2943,1549,9909,16469,5025,85,25707,6051,4218,6070,21738,1814,1,150,3270,1,,2024,2025
,1627741,Buddy Hield,Buddy,1610612744,GSW,,22400431,,,,14.783333333333331,0,7,0.0,0,7,0.0,0,0,0.0,0,0,0,1,0,1,0,1,1,0,0,2,4.5,0,0,3.0,1,1,1,1,19717,22635,12910,22635,15070,3100,15070,13505,14344,13505,14058,22137,23286,14293,16469,5025,8263,17462,6051,17725,23200,10285,22935,2246,150,23533,1,,2024,2025
,1630322,Lindy Waters III,Lindy,1610612744,GSW,,22400431,,,,13.583333333333334,1,3,0.333,1,2,0.5,0,0,0.0,2,2,4,1,1,1,0,1,2,1,3,-13,11.3,0,0,11.0,1,1,1,1,20440,19033,19992,17395,8896,14411,3944,13505,14344,13505,3306,13151,9701,14293,8788,5025,8263,17462,12976,11254,19913,22771,18868,2246,150,18464,1,,2024,2025
,1630228,Jonathan Kuminga,Jonathan,1610612744,GSW,,22400431,,,,34.45,12,20,0.6,2,5,0.4,8,12,0.667,5,4,9,3,1,1,0,2,4,7,34,9,51.3,0,0,50.0,1,1,1,1,3894,421,1105,5394,4949,6354,7874,481,194,9425,389,6429,2169,6913,8788,5025,8263,23925,22904,426,394,5125,1006,2246,150,943,1,,2024,2025
,203952,Andrew Wiggins,Andrew,1610612744,GSW,,22400431,,,,39.1,3,12,0.25,1,6,0.167,0,0,0.0,2,5,7,3,1,1,2,2,2,0,7,13,27.9,0,0,24.0,1,1,1,1,842,12449,5979,20233,8896,4502,14236,13505,14344,13505,3306,4392,3946,6913,8788,5025,808,23925,12976,17725,14857,3250,8240,2246,150,9719,1,,2024,2025
,203471,Dennis Schröder,Dennis,1610612744,GSW,,22400431,,,,33.63333333333333,4,13,0.308,1,7,0.143,2,2,1.0,1,2,3,3,2,0,0,3,1,1,11,-1,17.1,0,0,18.0,1,1,1,1,4603,9611,5079,19226,8896,3100,14649,6020,7446,1,6876,13151,12778,6913,4442,12854,8263,25707,6051,11254,10323,13450,15010,2246,150,13589,1,,2024,2025
,1641764,Brandin Podziemski,Brandin,1610612744,GSW,,22400431,,,,11.366666666666667,0,1,0.0,0,0,0.0,0,0,0.0,1,1,2,0,0,0,0,0,2,0,0,-17,2.4,0,0,2.0,1,1,1,1,21548,22635,23259,22635,15070,20945,15070,13505,14344,13505,6876,17569,16273,19908,16469,12854,8263,1,12976,17725,23200,24263,24155,2246,150,24066,1,,2024,2025
,1630611,Gui Santos,Gui,1610612744,GSW,,22400426,,,,4.836666666666667,0,1,0.0,0,1,0.0,0,0,0.0,0,1,1,1,1,0,0,0,2,0,0,-8,1.7,0,0,2.0,1,13222,13222,13222,24066,22635,23259,22635,15070,17631,15070,13505,14344,13505,14058,17569,19889,14293,8788,12854,8263,1,12976,17725,23200,19855,24512,2246,150,24066,1,,2024,2025
,1642366,Quinten Post,Quinten,1610612744,GSW,,22400426,,,,0.815,0,1,0.0,0,1,0.0,0,0,0.0,0,0,0,1,0,0,0,0,0,0,0,2,1.5,0,0,1.0,1,13222,13222,13222,26128,22635,23259,22635,15070,17631,15070,13505,14344,13505,14058,22137,23286,14293,16469,12854,8263,1,1,17725,23200,10285,24554,2246,150,24667,1,,2024,2025
,203937,Kyle Anderson,Kyle,1610612744,GSW,,22400426,,,,14.783333333333331,2,4,0.5,1,2,0.5,0,0,0.0,4,2,6,1,1,2,0,0,0,0,5,-7,18.7,0,0,17.0,1,13222,13222,13222,19717,15612,18231,8526,8896,14411,3944,13505,14344,13505,785,13151,5362,14293,8788,1671,8263,1,1,17725,17323,19141,13957,2246,150,14250,1,,2024,2025
,1630541,Moses Moody,Moses,1610612744,GSW,,22400426,,,,24.416666666666668,4,11,0.364,1,5,0.2,2,2,1.0,0,2,2,1,1,4,0,3,4,3,11,6,25.9,0,0,23.0,1,13222,13222,13222,12550,9611,7071,16861,8896,6354,13429,6020,7446,1,14058,13151,16273,14293,8788,123,8263,25707,22904,4218,10323,7002,9452,2246,150,10339,1,,2024,2025
,203952,Andrew Wiggins,Andrew,1610612744,GSW,,22400426,,,,23.58333333333333,2,11,0.182,1,3,0.333,0,0,0.0,1,1,2,2,1,0,1,2,0,2,5,-16,12.4,0,0,12.0,1,13222,13222,13222,13240,15612,7071,21891,8896,11494,9209,13505,14344,13505,6876,17569,16273,9909,8788,12854,2537,23925,1,6956,17323,23938,18115,2246,150,17796,1,,2024,2025
,1630322,Lindy Waters III,Lindy,1610612744,GSW,,22400426,,,,16.195,0,6,0.0,0,6,0.0,0,0,0.0,0,1,1,1,0,1,0,0,1,0,0,16,5.7,0,0,4.0,1,13222,13222,13222,18803,22635,14618,22635,15070,4502,15070,13505,14344,13505,14058,17569,19889,14293,16469,5025,8263,1,6051,17725,23200,2243,22263,2246,150,22929,1,,2024,2025
,203471,Dennis Schröder,Dennis,1610612744,GSW,,22400426,,,,23.58333333333333,3,11,0.273,0,6,0.0,1,2,0.5,0,1,1,5,3,0,0,0,0,2,7,-16,12.7,0,0,13.0,1,13222,13222,13222,13240,12449,7071,20048,15070,4502,15070,10215,7446,10625,14058,17569,19889,3273,2037,12854,8263,1,1,6956,14857,23938,17905,2246,150,17050,1,,2024,2025
,1627741,Buddy Hield,Buddy,1610612744,GSW,,22400426,,,,21.65,2,8,0.25,1,6,0.167,0,0,0.0,2,7,9,0,1,0,0,1,2,0,5,-16,14.8,0,0,15.0,1,13222,13222,13222,14796,15612,11288,20233,8896,4502,14236,13505,14344,13505,3306,1947,2169,19908,8788,12854,8263,17462,12976,17725,17323,23938,16495,2246,150,15689,1,,2024,2025
,1626172,Kevon Looney,Kevon,1610612744,GSW,,22400426,,,,12.05,0,2,0.0,0,0,0.0,0,0,0.0,2,2,4,0,1,0,0,0,3,1,0,0,3.8,0,0,4.0,1,13222,13222,13222,21207,22635,21660,22635,15070,20945,15070,13505,14344,13505,3306,13151,9701,19908,8788,12854,8263,1,18916,11254,23200,12240,23409,2246,150,22929,1,,2024,2025
,1631218,Trayce Jackson-Davis,Trayce,1610612744,GSW,,22400426,,,,30.785,7,12,0.583,0,0,0.0,1,2,0.5,6,3,9,2,2,2,0,2,1,1,15,-12,32.8,0,0,30.0,1,13222,13222,13222,7053,3730,5979,6296,15070,20945,15070,10215,7446,10625,185,9417,2169,9909,4442,1671,8263,23925,6051,11254,6813,22309,5807,2246,150,6431,1,,2024,2025
,1630228,Jonathan Kuminga,Jonathan,1610612744,GSW,,22400426,,,,36.751666666666665,11,19,0.579,1,3,0.333,11,14,0.786,4,6,10,5,3,2,1,2,1,8,34,-5,59.5,1,0,56.0,1,13222,13222,13222,2157,704,1432,6486,8896,11494,9209,116,68,8082,785,2943,1549,3273,2037,1671,2537,23925,6051,220,394,17436,360,1,150,408,1,,2024,2025
,1641764,Brandin Podziemski,Brandin,1610612744,GSW,,22400426,,,,30.55,4,9,0.444,2,5,0.4,0,0,0.0,0,2,2,5,0,3,0,0,2,2,10,6,28.9,0,0,25.0,1,13222,13222,13222,7274,9611,9700,13045,4949,6354,7874,13505,14344,13505,14058,13151,16273,3273,16469,473,8263,1,12976,6956,11377,7002,7702,2246,150,9137,1,,2024,2025
,203110,Draymond Green,Draymond,1610612744,GSW,,22400408,,,,34.06666666666667,1,6,0.167,1,5,0.2,0,0,0.0,4,6,10,6,2,0,4,0,5,1,3,2,34.0,0,0,28.0,1,13222,13222,13222,4190,19033,14618,21938,8896,6354,13429,13505,14344,13505,785,2943,1549,2199,4442,12854,85,1,25158,11254,19913,10285,5290,2246,150,7475,1,,2024,2025
,1631218,Trayce Jackson-Davis,Trayce,1610612744,GSW,,22400408,,,,26.116666666666667,5,7,0.714,0,0,0.0,1,3,0.333,3,6,9,4,2,0,2,0,1,2,11,11,31.8,0,0,28.0,1,13222,13222,13222,11073,7242,12910,2752,15070,20945,15070,10215,6038,13132,1615,2943,2169,4780,4442,12854,808,1,6051,6956,10323,4119,6263,2246,150,7475,1,,2024,2025
,201939,Stephen Curry,Stephen,1610612744,GSW,,22400408,,,,35.61666666666667,14,24,0.583,8,15,0.533,2,2,1.0,0,1,1,6,4,0,0,0,3,2,38,-1,44.2,0,0,53.0,1,13222,13222,13222,2975,141,331,6296,27,51,3935,6020,7446,1,14058,17569,19889,2199,877,12854,8263,1,18916,6956,167,13450,2189,2246,150,632,1,,2024,2025
,203952,Andrew Wiggins,Andrew,1610612744,GSW,,22400408,,,,35.233333333333334,8,19,0.421,3,7,0.429,2,2,1.0,5,7,12,3,0,0,1,2,1,2,21,4,42.9,1,0,41.0,1,13222,13222,13222,3286,2561,1432,14442,2458,3100,7394,6020,7446,1,389,1947,760,6913,16469,12854,2537,23925,6051,6956,3254,8479,2507,1,150,2498,1,,2024,2025
,1641764,Brandin Podziemski,Brandin,1610612744,GSW,,22400408,,,,24.15,2,5,0.4,2,3,0.667,0,0,0.0,0,3,3,1,1,0,0,0,0,0,6,2,10.1,0,0,12.0,1,13222,13222,13222,12762,15612,16437,14933,4949,11494,1957,13505,14344,13505,14058,9417,12778,14293,8788,12854,8263,1,1,17725,15937,10285,19649,2246,150,17796,1,,2024,2025
,1627741,Buddy Hield,Buddy,1610612744,GSW,,22400408,,,,17.45,2,6,0.333,1,5,0.2,0,0,0.0,0,0,0,0,1,0,1,0,2,0,5,-4,7.0,0,0,8.0,1,13222,13222,13222,17959,15612,14618,17395,8896,6354,13429,13505,14344,13505,14058,22137,23286,19908,8788,12854,2537,1,12976,17725,17323,16449,21542,2246,150,20457,1,,2024,2025
,203471,Dennis Schröder,Dennis,1610612744,GSW,,22400408,,,,28.35,3,10,0.3,3,6,0.5,2,2,1.0,0,2,2,5,1,1,0,2,4,3,11,4,22.9,0,0,23.0,1,13222,13222,13222,9255,12449,8304,19363,2458,4502,3944,6020,7446,1,14058,13151,16273,3273,8788,5025,8263,23925,22904,4218,10323,8479,11219,2246,150,10339,1,,2024,2025
,1627780,Gary Payton II,Gary,1610612744,GSW,,22400408,,,,6.533333333333333,2,2,1.0,0,0,0.0,0,0,0.0,0,1,1,0,0,0,0,0,1,0,4,-4,5.2,0,0,5.0,1,13222,13222,13222,23356,15612,21660,1,15070,20945,15070,13505,14344,13505,14058,17569,19889,19908,16469,12854,8263,1,6051,17725,18599,16449,22562,2246,150,22358,1,,2024,2025
,1626172,Kevon Looney,Kevon,1610612744,GSW,,22400408,,,,4.8,0,0,0.0,0,0,0.0,0,0,0.0,0,0,0,1,0,0,0,0,0,0,0,-7,1.5,0,0,1.0,1,13222,13222,13222,24089,22635,24836,22635,15070,20945,15070,13505,14344,13505,14058,22137,23286,14293,16469,12854,8263,1,1,17725,23200,19141,24554,2246,150,24667,1,,2024,2025
,1630228,Jonathan Kuminga,Jonathan,1610612744,GSW,,22400408,,,,27.683333333333334,4,10,0.4,0,4,0.0,6,8,0.75,0,6,6,0,1,1,0,0,1,4,14,-17,23.2,0,0,22.0,1,13222,13222,13222,9805,9611,8304,14933,15070,8688,15070,1180,912,8186,14058,2943,5362,19908,8788,5025,8263,1,6051,2493,7553,24263,11052,2246,150,10998,1,,2024,2025
,201939,Stephen Curry,Stephen,1610612744,GSW,,22400403,,,,35.42166666666667,2,13,0.154,2,9,0.222,4,4,1.0,0,5,5,7,3,0,3,0,1,3,10,6,32.5,0,0,30.0,1,13222,13222,13222,3135,15612,5079,22243,4949,1295,13288,2676,3754,1,14058,4392,7268,1463,2037,12854,252,1,6051,4218,11377,7002,5950,2246,150,6431,1,,2024,2025
,1626172,Kevon Looney,Kevon,1610612744,GSW,,22400403,,,,9.083333333333334,3,3,1.0,0,0,0.0,0,0,0.0,0,2,2,1,0,0,0,0,1,0,6,7,9.9,0,0,9.0,1,13222,13222,13222,22416,12449,19992,1,15070,20945,15070,13505,14344,13505,14058,13151,16273,14293,16469,12854,8263,1,6051,17725,15937,6330,19759,2246,150,19766,1,,2024,2025
,1630541,Moses Moody,Moses,1610612744,GSW,,22400403,,,,10.183333333333334,1,4,0.25,1,4,0.25,0,0,0.0,0,0,0,0,0,0,0,0,0,0,3,16,3.0,0,0,4.0,1,13222,13222,13222,22040,19033,18231,20233,8896,8688,11902,13505,14344,13505,14058,22137,23286,19908,16469,12854,8263,1,1,17725,19913,2243,23760,2246,150,22929,1,,2024,2025
,1641764,Brandin Podziemski,Brandin,1610612744,GSW,,22400403,,,,26.363333333333333,2,4,0.5,1,1,1.0,0,0,0.0,2,4,6,2,0,3,0,1,1,1,5,4,24.2,0,0,20.0,1,13222,13222,13222,10853,15612,18231,8526,8896,17631,1,13505,14344,13505,3306,6429,5362,9909,16469,473,8263,17462,6051,11254,17323,8479,10455,2246,150,12254,1,,2024,2025
,203110,Draymond Green,Draymond,1610612744,GSW,,22400403,,,,25.916666666666668,1,5,0.2,1,5,0.2,1,4,0.25,0,7,7,5,2,3,1,0,2,2,4,-6,29.9,0,0,25.0,1,13222,13222,13222,11230,19033,16437,21401,8896,6354,13429,10215,3754,13358,14058,1947,3946,3273,4442,473,2537,1,12976,6956,18599,18298,7218,2246,150,9137,1,,2024,2025
,203471,Dennis Schröder,Dennis,1610612744,GSW,,22400403,,,,29.898333333333333,3,9,0.333,1,3,0.333,2,2,1.0,0,0,0,3,0,1,0,1,5,1,9,-22,16.5,0,0,15.0,1,13222,13222,13222,7882,12449,9700,17395,8896,11494,9209,6020,7446,1,14058,22137,23286,6913,16469,5025,8263,17462,25158,11254,12445,25445,15409,2246,150,15689,1,,2024,2025
,1630228,Jonathan Kuminga,Jonathan,1610612744,GSW,,22400403,,,,29.863333333333333,9,16,0.563,2,3,0.667,6,9,0.667,4,4,8,4,1,0,1,1,0,5,26,-2,43.6,0,0,42.0,1,13222,13222,13222,7916,1688,2836,7127,4949,11494,1957,1180,643,9425,785,6429,2934,4780,8788,12854,2537,17462,1,1447,1579,14448,2329,2246,150,2239,1,,2024,2025
,1631218,Trayce Jackson-Davis,Trayce,1610612744,GSW,,22400403,,,,23.133333333333333,6,9,0.667,0,0,0.0,1,1,1.0,3,5,8,3,0,0,1,1,0,2,13,-17,30.1,0,0,26.0,1,13222,13222,13222,13610,5250,9700,3281,15070,20945,15070,10215,12810,1,1615,4392,2934,6913,16469,12854,2537,17462,1,6956,8426,24263,7114,2246,150,8551,1,,2024,2025
,203952,Andrew Wiggins,Andrew,1610612744,GSW,,22400403,,,,34.11833333333333,7,16,0.438,1,7,0.143,1,1,1.0,1,3,4,3,2,0,1,0,2,1,16,-15,26.3,0,0,26.0,1,13222,13222,13222,4154,3730,2836,13558,8896,3100,14649,10215,12810,1,6876,9417,9701,6913,4442,12854,2537,1,12976,11254,6070,23599,9203,2246,150,8551,1,,2024,2025
,1627741,Buddy Hield,Buddy,1610612744,GSW,,22400403,,,,16.018333333333334,5,11,0.455,3,6,0.5,0,0,0.0,1,3,4,1,3,0,0,0,1,1,13,-1,16.3,0,0,21.0,1,13222,13222,13222,18914,7242,7071,12676,2458,4502,3944,13505,14344,13505,6876,9417,9701,14293,2037,12854,8263,1,6051,11254,8426,13450,15551,2246,150,11621,1,,2024,2025
,1630228,Jonathan Kuminga,Jonathan,1610612744,GSW,,22400383,,,,23.45,3,11,0.273,2,4,0.5,3,4,0.75,0,4,4,2,1,0,1,0,0,2,11,5,20.8,0,0,21.0,1,1,1,1,13346,12449,7071,20048,4949,8688,3944,4159,3754,8186,14058,6429,9701,9909,8788,12854,2537,1,1,6956,10323,7737,12548,2246,150,11621,1,,2024,2025
,1641764,Brandin Podziemski,Brandin,1610612744,GSW,,22400383,,,,19.52833333333333,5,9,0.556,2,3,0.667,0,0,0.0,2,5,7,1,0,2,0,1,0,0,12,11,27.9,0,0,26.0,1,1,1,1,16397,7242,9700,7248,4949,11494,1957,13505,14344,13505,3306,4392,3946,14293,16469,1671,8263,17462,1,17725,9299,4119,8240,2246,150,8551,1,,2024,2025
,203937,Kyle Anderson,Kyle,1610612744,GSW,,22400383,,,,16.72833333333333,1,4,0.25,1,1,1.0,0,0,0.0,1,1,2,2,0,0,0,0,2,0,3,0,8.4,0,0,8.0,1,1,1,1,18442,19033,18231,20233,8896,17631,1,13505,14344,13505,6876,17569,16273,9909,16469,12854,8263,1,12976,17725,19913,12240,20717,2246,150,20457,1,,2024,2025
,1627741,Buddy Hield,Buddy,1610612744,GSW,,22400383,,,,20.621666666666663,4,9,0.444,3,8,0.375,0,0,0.0,1,2,3,2,1,1,0,0,2,1,11,4,19.6,0,0,21.0,1,1,1,1,15552,9611,9700,13045,2458,2050,8800,13505,14344,13505,6876,13151,12778,9909,8788,5025,8263,1,12976,11254,10323,8479,13373,2246,150,11621,1,,2024,2025
,1627780,Gary Payton II,Gary,1610612744,GSW,,22400383,,,,20.75,2,3,0.667,0,1,0.0,3,4,0.75,0,5,5,4,0,0,0,0,3,2,7,13,19.0,0,0,16.0,1,1,1,1,15455,15612,19992,3281,15070,17631,15070,4159,3754,8186,14058,4392,7268,4780,16469,12854,8263,1,18916,6956,14857,3250,13770,2246,150,14948,1,,2024,2025
,201939,Stephen Curry,Stephen,1610612744,GSW,,22400383,,,,34.21666666666667,10,21,0.476,7,16,0.438,4,5,0.8,0,3,3,10,1,1,0,0,1,4,31,20,51.6,1,0,53.0,1,1,1,1,4083,1099,817,12010,76,31,7390,2676,2872,7681,14058,9417,12778,386,8788,5025,8263,1,6051,2493,685,1243,969,1,150,632,1,,2024,2025
,1631218,Trayce Jackson-Davis,Trayce,1610612744,GSW,,22400383,,,,25.8,7,8,0.875,0,0,0.0,1,2,0.5,2,7,9,2,1,1,2,1,5,2,15,7,36.8,0,0,32.0,1,1,1,1,11331,3730,11288,1353,15070,20945,15070,10215,7446,10625,3306,1947,2169,9909,8788,5025,808,17462,25158,6956,6813,6330,4227,2246,150,5433,1,,2024,2025
,203471,Dennis Schröder,Dennis,1610612744,GSW,,22400383,,,,27.8,3,8,0.375,0,4,0.0,3,4,0.75,0,2,2,3,3,1,1,0,4,3,9,-9,18.9,0,0,18.0,1,1,1,1,9716,12449,11288,16299,15070,8688,15070,4159,3754,8186,14058,13151,16273,6913,2037,5025,2537,1,22904,4218,12445,20535,13828,2246,150,13589,1,,2024,2025
,1626172,Kevon Looney,Kevon,1610612744,GSW,,22400383,,,,22.2,2,3,0.667,0,0,0.0,1,2,0.5,3,5,8,2,1,0,0,0,3,2,5,3,16.6,0,0,15.0,1,1,1,1,14344,15612,19992,3281,15070,20945,15070,10215,7446,10625,1615,4392,2934,9909,8788,12854,8263,1,18916,6956,17323,9394,15339,2246,150,15689,1,,2024,2025
,203952,Andrew Wiggins,Andrew,1610612744,GSW,,22400383,,,,28.905,3,11,0.273,1,5,0.2,2,2,1.0,2,0,2,2,2,3,2,0,3,2,9,-4,27.4,0,0,24.0,1,1,1,1,8760,12449,7071,20048,8896,6354,13429,6020,7446,1,3306,22137,16273,9909,4442,473,808,1,18916,6956,12445,16449,8559,2246,150,9719,1,,2024,2025
,1641764,Brandin Podziemski,Brandin,1610612744,GSW,,22400366,,,,25.3,9,13,0.692,2,5,0.4,1,2,0.5,2,2,4,6,0,2,0,0,0,1,21,-8,40.8,0,0,37.0,1,13222,13222,13222,11743,1688,5079,3171,4949,6354,7874,10215,7446,10625,3306,13151,9701,2199,16469,1671,8263,1,1,11254,3254,19855,3016,2246,150,3591,1,,2024,2025
,203952,Andrew Wiggins,Andrew,1610612744,GSW,,22400366,,,,20.58333333333333,6,11,0.545,4,5,0.8,3,3,1.0,1,0,1,0,1,0,0,0,0,2,19,-33,19.2,0,0,24.0,1,13222,13222,13222,15578,5250,7071,7695,1130,6354,1389,4159,6038,1,6876,22137,19889,19908,8788,12854,8263,1,1,6956,4202,26217,13638,2246,150,9719,1,,2024,2025
,203937,Kyle Anderson,Kyle,1610612744,GSW,,22400366,,,,19.666666666666668,4,8,0.5,3,4,0.75,0,0,0.0,0,3,3,3,0,0,2,1,3,0,11,-6,25.1,0,0,24.0,1,13222,13222,13222,16285,9611,11288,8526,2458,8688,1542,13505,14344,13505,14058,9417,12778,6913,16469,12854,808,17462,18916,17725,10323,18298,9905,2246,150,9719,1,,2024,2025
,1627741,Buddy Hield,Buddy,1610612744,GSW,,22400366,,,,19.71,4,6,0.667,1,3,0.333,0,0,0.0,0,4,4,0,1,2,0,0,1,0,9,-25,18.8,0,0,18.0,1,13222,13222,13222,16259,9611,14618,3281,8896,11494,9209,13505,14344,13505,14058,6429,9701,19908,8788,1671,8263,1,6051,17725,12445,25842,13898,2246,150,13589,1,,2024,2025
,203471,Dennis Schröder,Dennis,1610612744,GSW,,22400366,,,,21.933333333333334,2,12,0.167,0,4,0.0,1,2,0.5,0,2,2,5,4,0,0,1,2,3,5,-34,10.9,0,0,12.0,1,13222,13222,13222,14543,15612,5979,21938,15070,8688,15070,10215,7446,10625,14058,13151,16273,3273,877,12854,8263,17462,12976,4218,17323,26230,19118,2246,150,17796,1,,2024,2025
,1631218,Trayce Jackson-Davis,Trayce,1610612744,GSW,,22400366,,,,19.816666666666663,2,3,0.667,0,0,0.0,3,3,1.0,1,6,7,2,1,1,1,1,1,2,7,-4,23.4,0,0,20.0,1,13222,13222,13222,16160,15612,19992,3281,15070,20945,15070,4159,6038,1,6876,2943,3946,9909,8788,5025,2537,17462,6051,6956,14857,16449,10921,2246,150,12254,1,,2024,2025
,203110,Draymond Green,Draymond,1610612744,GSW,,22400366,,,,19.061666666666667,0,4,0.0,0,1,0.0,0,0,0.0,0,0,0,0,4,1,0,1,4,2,0,-42,-1.0,0,0,2.0,1,13222,13222,13222,16781,22635,18231,22635,15070,17631,15070,13505,14344,13505,14058,22137,23286,19908,877,5025,8263,17462,22904,6956,23200,26298,26163,2246,150,24066,1,,2024,2025
,1627780,Gary Payton II,Gary,1610612744,GSW,,22400366,,,,4.541666666666667,1,3,0.333,1,2,0.5,0,0,0.0,1,0,1,0,0,0,0,1,1,0,3,-4,4.2,0,0,5.0,1,13222,13222,13222,24211,19033,19992,17395,8896,14411,3944,13505,14344,13505,6876,22137,19889,19908,16469,12854,8263,17462,6051,17725,19913,16449,23095,2246,150,22358,1,,2024,2025
,1630228,Jonathan Kuminga,Jonathan,1610612744,GSW,,22400366,,,,27.6,2,12,0.167,0,2,0.0,7,10,0.7,0,4,4,2,4,1,0,1,0,6,11,-23,17.8,0,0,19.0,1,13222,13222,13222,9868,15612,5979,21938,15070,14411,15070,752,423,9366,14058,6429,9701,9909,877,5025,8263,17462,1,792,10323,25627,14543,2246,150,12913,1,,2024,2025
,201939,Stephen Curry,Stephen,1610612744,GSW,,22400366,,,,24.366666666666667,0,7,0.0,0,6,0.0,2,2,1.0,0,3,3,1,2,1,1,2,0,2,2,-41,11.1,0,0,10.0,1,13222,13222,13222,12590,22635,12910,22635,15070,4502,15070,6020,7446,1,14058,9417,12778,14293,4442,5025,2537,23925,1,6956,21232,26292,18988,2246,150,19152,1,,2024,2025
,1630611,Gui Santos,Gui,1610612744,GSW,,22400366,,,,8.066666666666666,0,0,0.0,0,0,0.0,0,0,0.0,1,0,1,0,0,0,1,0,1,0,0,4,4.2,0,0,3.0,1,13222,13222,13222,22791,22635,24836,22635,15070,20945,15070,13505,14344,13505,6876,22137,19889,19908,16469,12854,2537,1,6051,17725,23200,8479,23095,2246,150,23533,1,,2024,2025
,1630322,Lindy Waters III,Lindy,1610612744,GSW,,22400366,,,,17.258333333333333,1,6,0.167,1,4,0.25,0,0,0.0,0,2,2,1,0,1,0,0,1,0,3,-16,9.9,0,0,9.0,1,13222,13222,13222,18106,19033,14618,21938,8896,8688,11902,13505,14344,13505,14058,13151,16273,14293,16469,5025,8263,1,6051,17725,19913,23938,19759,2246,150,19766,1,,2024,2025
,1626172,Kevon Looney,Kevon,1610612744,GSW,,22400366,,,,12.095,1,5,0.2,0,0,0.0,0,2,0.0,4,0,4,0,0,2,0,0,2,1,2,-23,12.8,0,0,10.0,1,13222,13222,13222,21194,19033,16437,21401,15070,20945,15070,13505,7446,13505,785,22137,9701,19908,16469,1671,8263,1,12976,11254,21232,25627,17849,2246,150,19152,1,,2024,2025
,1631218,Trayce Jackson-Davis,Trayce,1610612744,GSW,,22401228,,,,14.335,2,2,1.0,0,0,0.0,1,3,0.333,3,3,6,3,0,0,0,0,3,2,5,2,16.7,0,0,14.0,1,13222,13222,13222,19989,15612,21660,1,15070,20945,15070,10215,6038,13132,1615,9417,5362,6913,16469,12854,8263,1,18916,6956,17323,10285,15274,2246,150,16370,1,,2024,2025
,1627780,Gary Payton II,Gary,1610612744,GSW,,22401228,,,,11.483333333333333,2,5,0.4,0,2,0.0,0,0,0.0,4,0,4,1,0,1,1,0,1,0,4,6,16.3,0,0,13.0,1,13222,13222,13222,21495,15612,16437,14933,15070,14411,15070,13505,14344,13505,785,22137,9701,14293,16469,5025,2537,1,6051,17725,18599,7002,15551,2246,150,17050,1,,2024,2025
,1626172,Kevon Looney,Kevon,1610612744,GSW,,22401228,,,,21.366666666666667,2,3,0.667,0,0,0.0,0,0,0.0,0,3,3,6,0,0,0,0,0,0,4,-15,16.6,0,0,13.0,1,13222,13222,13222,15018,15612,19992,3281,15070,20945,15070,13505,14344,13505,14058,9417,12778,2199,16469,12854,8263,1,1,17725,18599,23599,15339,2246,150,17050,1,,2024,2025
,1641764,Brandin Podziemski,Brandin,1610612744,GSW,,22401228,,,,15.833333333333334,1,5,0.2,1,3,0.333,0,0,0.0,0,1,1,2,0,0,0,1,1,0,3,-1,7.2,0,0,7.0,1,13222,13222,13222,19040,19033,16437,21401,8896,11494,9209,13505,14344,13505,14058,17569,19889,9909,16469,12854,8263,17462,6051,17725,19913,13450,21393,2246,150,21087,1,,2024,2025
,203952,Andrew Wiggins,Andrew,1610612744,GSW,,22401228,,,,33.52333333333333,11,20,0.55,5,9,0.556,2,3,0.667,1,2,3,4,1,1,1,3,2,3,29,-20,43.6,0,0,45.0,1,13222,13222,13222,4715,704,1105,7655,492,1295,3747,6020,6038,9425,6876,13151,12778,4780,8788,5025,2537,25707,12976,4218,994,25087,2329,2246,150,1626,1,,2024,2025
,201939,Stephen Curry,Stephen,1610612744,GSW,,22401228,,,,35.42333333333333,9,19,0.474,7,13,0.538,1,1,1.0,0,5,5,10,2,1,0,0,1,4,26,-10,48.0,1,0,50.0,1,13222,13222,13222,3134,1688,1432,12072,76,166,3915,10215,12810,1,14058,4392,7268,386,4442,5025,8263,1,6051,2493,1579,21147,1485,1,150,943,1,,2024,2025
,203110,Draymond Green,Draymond,1610612744,GSW,,22401228,,,,29.42333333333333,6,14,0.429,5,9,0.556,4,4,1.0,3,4,7,4,4,0,0,0,1,3,21,4,31.4,0,0,37.0,1,13222,13222,13222,8294,5250,4240,13735,492,1295,3747,2676,3754,1,1615,6429,3946,4780,877,12854,8263,1,6051,4218,3254,8479,6467,2246,150,3591,1,,2024,2025
,1630322,Lindy Waters III,Lindy,1610612744,GSW,,22401228,,,,21.45,4,9,0.444,4,7,0.571,0,0,0.0,2,3,5,2,0,4,0,0,3,0,12,13,33.0,0,0,31.0,1,13222,13222,13222,14962,9611,9700,13045,1130,3100,3506,13505,14344,13505,3306,9417,7268,9909,16469,123,8263,1,18916,17725,9299,3250,5723,2246,150,5932,1,,2024,2025
,1630228,Jonathan Kuminga,Jonathan,1610612744,GSW,,22401228,,,,29.7,9,15,0.6,2,3,0.667,0,0,0.0,2,1,3,6,0,0,0,1,4,0,20,-10,32.6,0,0,31.0,1,13222,13222,13222,8039,1688,3491,5394,4949,11494,1957,13505,14344,13505,3306,17569,12778,2199,16469,12854,8263,17462,22904,17725,3676,21147,5903,2246,150,5932,1,,2024,2025
,1627741,Buddy Hield,Buddy,1610612744,GSW,,22401228,,,,26.718333333333334,3,11,0.273,3,8,0.375,0,0,0.0,0,0,0,1,3,1,0,0,1,0,9,-19,10.5,0,0,15.0,1,13222,13222,13222,10551,12449,7071,20048,2458,2050,8800,13505,14344,13505,14058,22137,23286,14293,2037,5025,8263,1,6051,17725,12445,24841,19388,2246,150,15689,1,,2024,2025
,1630311,Pat Spencer,Pat,1610612744,GSW,,22401228,,,,0.7433333333333333,0,0,0.0,0,0,0.0,0,0,0.0,0,0,0,0,0,0,0,0,0,0,0,0,0.0,0,0,0.0,1,13222,13222,13222,26150,22635,24836,22635,15070,20945,15070,13505,14344,13505,14058,22137,23286,19908,16469,12854,8263,1,1,17725,23200,12240,25228,2246,150,25259,1,,2024,2025
,1626172,Kevon Looney,Kevon,1610612744,GSW,,22401204,,,,11.333333333333334,1,3,0.333,0,0,0.0,0,0,0.0,1,6,7,1,0,0,0,0,1,0,2,-4,11.9,0,0,10.0,1,13222,13222,13222,21566,19033,19992,17395,15070,20945,15070,13505,14344,13505,6876,2943,3946,14293,16469,12854,8263,1,6051,17725,21232,16449,18455,2246,150,19152,1,,2024,2025
,1631218,Trayce Jackson-Davis,Trayce,1610612744,GSW,,22401204,,,,15.116666666666667,1,1,1.0,0,0,0.0,2,2,1.0,0,1,1,1,0,0,2,0,0,2,4,3,12.7,0,0,10.0,1,13222,13222,13222,19484,19033,23259,1,15070,20945,15070,6020,7446,1,14058,17569,19889,14293,16469,12854,808,1,1,6956,18599,9394,17905,2246,150,19152,1,,2024,2025
,1630322,Lindy Waters III,Lindy,1610612744,GSW,,22401204,,,,22.966666666666665,3,6,0.5,2,4,0.5,0,0,0.0,0,5,5,2,3,1,0,0,0,0,8,-3,17.0,0,0,19.0,1,13222,13222,13222,13744,12449,14618,8526,4949,8688,3944,13505,14344,13505,14058,4392,7268,9909,2037,5025,8263,1,1,17725,13544,15511,15071,2246,150,12913,1,,2024,2025
,201939,Stephen Curry,Stephen,1610612744,GSW,,22401204,,,,33.655,8,17,0.471,3,9,0.333,0,1,0.0,1,2,3,5,1,2,1,1,0,2,19,4,38.1,0,0,36.0,1,13222,13222,13222,4592,2561,2289,12143,2458,1295,9209,13505,12810,13505,6876,13151,12778,3273,8788,1671,2537,17462,1,6956,4202,8479,3788,2246,150,3901,1,,2024,2025
,1630311,Pat Spencer,Pat,1610612744,GSW,,22401204,,,,3.35,1,2,0.5,0,1,0.0,0,0,0.0,0,0,0,2,0,2,0,0,0,0,2,1,11.0,0,0,8.0,1,13222,13222,13222,24817,19033,21660,8526,15070,17631,15070,13505,14344,13505,14058,22137,23286,9909,16469,1671,8263,1,1,17725,21232,11263,19045,2246,150,20457,1,,2024,2025
,1641764,Brandin Podziemski,Brandin,1610612744,GSW,,22401204,,,,30.5,3,9,0.333,2,5,0.4,0,0,0.0,1,1,2,4,1,2,0,1,0,2,8,4,21.4,0,0,20.0,1,13222,13222,13222,7321,12449,9700,17395,4949,6354,7874,13505,14344,13505,6876,17569,16273,4780,8788,1671,8263,17462,1,6956,13544,8479,12139,2246,150,12254,1,,2024,2025
,1627741,Buddy Hield,Buddy,1610612744,GSW,,22401204,,,,35.041666666666664,6,12,0.5,3,9,0.333,0,0,0.0,0,4,4,0,1,2,3,0,3,0,15,9,33.8,0,0,32.0,1,13222,13222,13222,3434,5250,5979,8526,2458,1295,9209,13505,14344,13505,14058,6429,9701,19908,8788,1671,252,1,18916,17725,6813,5125,5376,2246,150,5433,1,,2024,2025
,203937,Kyle Anderson,Kyle,1610612744,GSW,,22401204,,,,3.9166666666666665,0,1,0.0,0,0,0.0,0,0,0.0,0,0,0,0,1,0,0,0,0,1,0,-5,-1.0,0,0,0.0,1,13222,13222,13222,24535,22635,23259,22635,15070,20945,15070,13505,14344,13505,14058,22137,23286,19908,8788,12854,8263,1,1,11254,23200,17436,26163,2246,150,25259,1,,2024,2025
,1630228,Jonathan Kuminga,Jonathan,1610612744,GSW,,22401204,,,,36.16666666666666,8,20,0.4,2,6,0.333,2,6,0.333,5,2,7,1,1,0,1,2,2,4,20,2,31.9,0,0,32.0,1,13222,13222,13222,2557,2561,1105,14933,4949,4502,9209,6020,1898,13132,389,13151,3946,14293,8788,12854,2537,23925,12976,2493,3676,10285,6220,2246,150,5433,1,,2024,2025
,1627780,Gary Payton II,Gary,1610612744,GSW,,22401204,,,,18.003333333333334,2,4,0.5,0,2,0.0,0,0,0.0,3,4,7,2,2,2,0,0,1,2,4,-14,19.4,0,0,17.0,1,13222,13222,13222,17556,15612,18231,8526,15070,14411,15070,13505,14344,13505,1615,6429,3946,9909,4442,1671,8263,1,6051,6956,18599,23203,13495,2246,150,14250,1,,2024,2025
,203110,Draymond Green,Draymond,1610612744,GSW,,22401204,,,,29.95,4,9,0.444,0,2,0.0,0,0,0.0,0,3,3,4,5,2,1,1,4,1,8,-2,21.6,0,0,21.0,1,13222,13222,13222,7825,9611,9700,13045,15070,14411,15070,13505,14344,13505,14058,9417,12778,4780,387,1671,2537,17462,22904,11254,13544,14448,12003,2246,150,11621,1,,2024,2025
,203937,Kyle Anderson,Kyle,1610612744,GSW,,22400355,,,,8.116666666666667,1,3,0.333,1,1,1.0,0,0,0.0,0,2,2,0,0,0,0,2,2,0,3,2,5.4,0,0,6.0,1,1,1,1,22775,19033,19992,17395,8896,17631,1,13505,14344,13505,14058,13151,16273,19908,16469,12854,8263,23925,12976,17725,19913,10285,22453,2246,150,21698,1,,2024,2025
,1641764,Brandin Podziemski,Brandin,1610612744,GSW,,22400355,,,,20.12,2,5,0.4,2,4,0.5,0,0,0.0,2,1,3,3,0,0,0,0,2,1,6,-2,14.1,0,0,14.0,1,1,1,1,15930,15612,16437,14933,4949,8688,3944,13505,14344,13505,3306,17569,12778,6913,16469,12854,8263,1,12976,11254,15937,14448,16945,2246,150,16370,1,,2024,2025
,1630541,Moses Moody,Moses,1610612744,GSW,,22400355,,,,5.066666666666666,1,4,0.25,0,2,0.0,0,0,0.0,0,1,1,0,0,0,0,1,0,0,2,-4,3.2,0,0,3.0,1,1,1,1,23968,19033,18231,20233,15070,14411,15070,13505,14344,13505,14058,17569,19889,19908,16469,12854,8263,17462,1,17725,21232,16449,23585,2246,150,23533,1,,2024,2025
,1630322,Lindy Waters III,Lindy,1610612744,GSW,,22400355,,,,22.215,0,5,0.0,0,3,0.0,0,0,0.0,1,3,4,3,0,0,0,1,4,0,0,1,9.3,0,0,7.0,1,1,1,1,14342,22635,16437,22635,15070,11494,15070,13505,14344,13505,6876,9417,9701,6913,16469,12854,8263,17462,22904,17725,23200,11263,20177,2246,150,21087,1,,2024,2025
,203110,Draymond Green,Draymond,1610612744,GSW,,22400355,,,,30.55,3,5,0.6,0,1,0.0,0,0,0.0,0,6,6,7,3,0,1,1,5,0,6,-2,23.7,0,0,21.0,1,1,1,1,7274,12449,16437,5394,15070,17631,15070,13505,14344,13505,14058,2943,5362,1463,2037,12854,2537,17462,25158,17725,15937,14448,10748,2246,150,11621,1,,2024,2025
,1627780,Gary Payton II,Gary,1610612744,GSW,,22400355,,,,27.316666666666663,4,8,0.5,0,2,0.0,0,1,0.0,4,1,5,2,1,2,2,0,3,1,8,1,28.0,0,0,23.0,1,1,1,1,10084,9611,11288,8526,15070,14411,15070,13505,12810,13505,785,17569,7268,9909,8788,1671,808,1,18916,11254,13544,11263,8197,2246,150,10339,1,,2024,2025
,1626172,Kevon Looney,Kevon,1610612744,GSW,,22400355,,,,21.266666666666666,6,8,0.75,0,0,0.0,0,0,0.0,5,4,9,1,0,0,0,0,0,1,12,5,24.3,0,0,22.0,1,1,1,1,15095,5250,11288,2107,15070,20945,15070,13505,14344,13505,389,6429,2169,14293,16469,12854,8263,1,1,11254,9299,7737,10409,2246,150,10998,1,,2024,2025
,1630228,Jonathan Kuminga,Jonathan,1610612744,GSW,,22400355,,,,36.16833333333334,7,16,0.438,1,4,0.25,5,8,0.625,1,6,7,2,3,2,3,3,2,6,20,8,43.4,0,0,40.0,1,1,1,1,2555,3730,2836,13558,8896,8688,11902,1817,912,10271,6876,2943,3946,9909,2037,1671,252,25707,12976,792,3676,5660,2393,2246,150,2744,1,,2024,2025
,1627741,Buddy Hield,Buddy,1610612744,GSW,,22400355,,,,34.58166666666666,10,18,0.556,7,13,0.538,0,0,0.0,1,3,4,2,1,3,0,0,2,0,27,17,42.8,0,0,46.0,1,1,1,1,3804,1099,1822,7248,76,166,3915,13505,14344,13505,6876,9417,9701,9909,8788,473,8263,1,12976,17725,1351,1948,2529,2246,150,1461,1,,2024,2025
,201939,Stephen Curry,Stephen,1610612744,GSW,,22400355,,,,34.598333333333336,8,18,0.444,5,11,0.455,9,11,0.818,0,4,4,8,3,1,0,0,0,9,30,14,46.8,0,0,49.0,1,1,1,1,3797,2561,1822,13045,492,499,7148,318,294,7652,14058,6429,9701,963,2037,5025,8263,1,1,121,830,2867,1659,2246,150,1048,1,,2024,2025
,1626172,Kevon Looney,Kevon,1610612744,GSW,,22400338,,,,22.183333333333334,1,1,1.0,0,0,0.0,0,0,0.0,1,4,5,3,0,1,1,0,2,1,2,-11,18.5,0,0,14.0,1,13222,13222,13222,14357,19033,23259,1,15070,20945,15070,13505,14344,13505,6876,6429,7268,6913,16469,5025,2537,1,12976,11254,21232,21738,14086,2246,150,16370,1,,2024,2025
,1631218,Trayce Jackson-Davis,Trayce,1610612744,GSW,,22400338,,,,11.366666666666667,1,4,0.25,0,0,0.0,1,2,0.5,3,1,4,1,1,0,0,1,1,1,3,-5,8.3,0,0,8.0,1,13222,13222,13222,21548,19033,18231,20233,15070,20945,15070,10215,7446,10625,1615,17569,9701,14293,8788,12854,8263,17462,6051,11254,19913,17436,20794,2246,150,20457,1,,2024,2025
,1630322,Lindy Waters III,Lindy,1610612744,GSW,,22400338,,,,19.718333333333334,2,7,0.286,2,7,0.286,0,0,0.0,0,0,0,0,1,0,0,0,1,0,6,-3,5.0,0,0,8.0,1,13222,13222,13222,16245,15612,12910,19630,4949,3100,11433,13505,14344,13505,14058,22137,23286,19908,8788,12854,8263,1,6051,17725,15937,15511,22690,2246,150,20457,1,,2024,2025
,203952,Andrew Wiggins,Andrew,1610612744,GSW,,22400338,,,,19.4,3,8,0.375,1,3,0.333,4,4,1.0,1,1,2,0,2,1,0,1,0,2,11,-1,14.4,0,0,16.0,1,13222,13222,13222,16499,12449,11288,16299,8896,11494,9209,2676,3754,1,6876,17569,16273,19908,4442,5025,8263,17462,1,6956,10323,13450,16758,2246,150,14948,1,,2024,2025
,1630228,Jonathan Kuminga,Jonathan,1610612744,GSW,,22400338,,,,28.641666666666666,6,15,0.4,1,4,0.25,0,0,0.0,1,1,2,1,3,1,1,0,3,1,13,-7,19.9,0,0,21.0,1,13222,13222,13222,8992,5250,3491,14933,8896,8688,11902,13505,14344,13505,6876,17569,16273,14293,2037,5025,2537,1,18916,11254,8426,19141,13170,2246,150,11621,1,,2024,2025
,1627780,Gary Payton II,Gary,1610612744,GSW,,22400338,,,,16.91,0,3,0.0,0,1,0.0,1,2,0.5,1,5,6,1,2,1,1,1,1,1,1,-14,13.7,0,0,12.0,1,13222,13222,13222,18316,22635,19992,22635,15070,17631,15070,10215,7446,10625,6876,4392,5362,14293,4442,5025,2537,17462,6051,11254,22996,23203,17224,2246,150,17796,1,,2024,2025
,1627741,Buddy Hield,Buddy,1610612744,GSW,,22400338,,,,13.365,2,4,0.5,0,2,0.0,0,0,0.0,0,3,3,0,3,0,0,0,0,1,4,-3,4.6,0,0,7.0,1,13222,13222,13222,20561,15612,18231,8526,15070,14411,15070,13505,14344,13505,14058,9417,12778,19908,2037,12854,8263,1,1,11254,18599,15511,22915,2246,150,21087,1,,2024,2025
,201939,Stephen Curry,Stephen,1610612744,GSW,,22400338,,,,32.126666666666665,6,17,0.353,3,9,0.333,8,8,1.0,1,1,2,4,3,0,0,2,0,5,23,-3,28.4,0,0,32.0,1,13222,13222,13222,5868,5250,2289,17268,2458,1295,9209,481,912,1,6876,17569,16273,4780,2037,12854,8263,23925,1,1447,2434,15511,7990,2246,150,5433,1,,2024,2025
,203110,Draymond Green,Draymond,1610612744,GSW,,22400338,,,,26.48333333333333,4,8,0.5,1,4,0.25,1,1,1.0,1,8,9,6,2,2,1,1,3,1,10,-15,36.8,0,0,32.0,1,13222,13222,13222,10745,9611,11288,8526,8896,8688,11902,10215,12810,1,6876,1271,2169,2199,4442,1671,2537,17462,18916,11254,11377,23599,4227,2246,150,5433,1,,2024,2025
,1630311,Pat Spencer,Pat,1610612744,GSW,,22400338,,,,6.7,1,3,0.333,0,2,0.0,0,0,0.0,0,0,0,2,2,1,0,0,0,0,2,-4,6.0,0,0,6.0,1,13222,13222,13222,23282,19033,19992,17395,15070,14411,15070,13505,14344,13505,14058,22137,23286,9909,4442,5025,8263,1,1,17725,21232,16449,22098,2246,150,21698,1,,2024,2025
,1630541,Moses Moody,Moses,1610612744,GSW,,22400338,,,,6.516666666666667,1,2,0.5,1,2,0.5,0,0,0.0,1,0,1,0,1,0,0,0,0,0,3,-3,3.2,0,0,5.0,1,13222,13222,13222,23362,19033,21660,8526,8896,14411,3944,13505,14344,13505,6876,22137,19889,19908,8788,12854,8263,1,1,17725,19913,15511,23585,2246,150,22358,1,,2024,2025
,203937,Kyle Anderson,Kyle,1610612744,GSW,,22400338,,,,11.76,2,3,0.667,0,0,0.0,0,0,0.0,0,1,1,1,0,0,0,0,0,0,4,0,6.7,0,0,6.0,1,13222,13222,13222,21393,15612,19992,3281,15070,20945,15070,13505,14344,13505,14058,17569,19889,14293,16469,12854,8263,1,1,17725,18599,12240,21709,2246,150,21698,1,,2024,2025
,1641764,Brandin Podziemski,Brandin,1610612744,GSW,,22400338,,,,24.828333333333333,3,7,0.429,2,5,0.4,0,0,0.0,0,6,6,2,2,2,0,0,0,1,8,-16,22.2,0,0,22.0,1,13222,13222,13222,12160,12449,12910,13735,4949,6354,7874,13505,14344,13505,14058,2943,5362,9909,4442,1671,8263,1,1,11254,13544,23938,11623,2246,150,10998,1,,2024,2025
,1631218,Trayce Jackson-Davis,Trayce,1610612744,GSW,,22400332,,,,20.83333333333333,3,4,0.75,0,0,0.0,0,0,0.0,0,0,0,2,0,0,1,0,1,0,6,-17,12.0,0,0,10.0,1,1,1,1,15405,12449,18231,2107,15070,20945,15070,13505,14344,13505,14058,22137,23286,9909,16469,12854,2537,1,6051,17725,15937,24263,18398,2246,150,19152,1,,2024,2025
,1627741,Buddy Hield,Buddy,1610612744,GSW,,22400332,,,,27.18166666666667,1,8,0.125,1,6,0.167,2,2,1.0,0,5,5,2,1,0,0,0,0,1,5,18,13.0,0,0,13.0,1,1,1,1,10211,19033,11288,22420,8896,4502,14236,6020,7446,1,14058,4392,7268,9909,8788,12854,8263,1,1,11254,17323,1677,17709,2246,150,17050,1,,2024,2025
,1630541,Moses Moody,Moses,1610612744,GSW,,22400332,,,,23.18,1,7,0.143,1,5,0.2,3,6,0.5,0,1,1,1,0,0,0,0,1,4,6,-9,8.7,0,0,9.0,1,1,1,1,13577,19033,12910,22260,8896,6354,13429,4159,1898,10625,14058,17569,19889,14293,16469,12854,8263,1,6051,2493,15937,20535,20527,2246,150,19766,1,,2024,2025
,203937,Kyle Anderson,Kyle,1610612744,GSW,,22400332,,,,13.986666666666666,3,5,0.6,0,1,0.0,2,2,1.0,0,2,2,2,1,0,0,0,0,3,8,-1,12.4,0,0,12.0,1,1,1,1,20206,12449,16437,5394,15070,17631,15070,6020,7446,1,14058,13151,16273,9909,8788,12854,8263,1,1,4218,13544,13450,18115,2246,150,17796,1,,2024,2025
,1626172,Kevon Looney,Kevon,1610612744,GSW,,22400332,,,,26.905,2,7,0.286,0,0,0.0,0,0,0.0,5,6,11,3,0,1,0,2,3,0,4,21,24.7,0,0,20.0,1,1,1,1,10413,15612,12910,19630,15070,20945,15070,13505,14344,13505,389,2943,1106,6913,16469,5025,8263,23925,18916,17725,18599,1041,10161,2246,150,12254,1,,2024,2025
,1641764,Brandin Podziemski,Brandin,1610612744,GSW,,22400332,,,,36.71666666666667,2,9,0.222,1,3,0.333,3,4,0.75,1,10,11,3,2,0,0,2,0,3,8,13,23.7,0,0,23.0,1,1,1,1,2182,15612,9700,21205,8896,11494,9209,4159,3754,8186,6876,483,1106,6913,4442,12854,8263,23925,1,4218,13544,3250,10748,2246,150,10339,1,,2024,2025
,1627780,Gary Payton II,Gary,1610612744,GSW,,22400332,,,,18.36833333333333,3,7,0.429,0,3,0.0,0,0,0.0,3,3,6,1,0,1,0,1,5,0,6,-14,17.7,0,0,15.0,1,1,1,1,17301,12449,12910,13735,15070,11494,15070,13505,14344,13505,1615,9417,5362,14293,16469,5025,8263,17462,25158,17725,15937,23203,14610,2246,150,15689,1,,2024,2025
,1630228,Jonathan Kuminga,Jonathan,1610612744,GSW,,22400332,,,,32.916666666666664,13,22,0.591,3,6,0.5,4,6,0.667,1,6,7,2,3,0,1,0,3,3,33,7,44.4,0,0,47.0,1,1,1,1,5232,245,626,6217,2458,4502,3944,2676,1898,9425,6876,2943,3946,9909,2037,12854,2537,1,18916,4218,488,6330,2147,2246,150,1314,1,,2024,2025
,203952,Andrew Wiggins,Andrew,1610612744,GSW,,22400332,,,,33.583333333333336,8,15,0.533,3,4,0.75,4,7,0.571,0,9,9,2,3,2,1,3,2,5,23,14,42.8,0,0,43.0,1,1,1,1,4656,2561,3491,8140,2458,8688,1542,2676,1377,10536,14058,796,2169,9909,2037,1671,2537,25707,12976,1447,2434,2867,2529,2246,150,2014,1,,2024,2025
,1630311,Pat Spencer,Pat,1610612744,GSW,,22400332,,,,6.328333333333333,0,2,0.0,0,0,0.0,0,0,0.0,1,1,2,1,0,1,0,1,1,1,0,-2,6.9,0,0,5.0,1,1,1,1,23448,22635,21660,22635,15070,20945,15070,13505,14344,13505,6876,17569,16273,14293,16469,5025,8263,17462,6051,11254,23200,14448,21599,2246,150,22358,1,,2024,2025
,1630228,Jonathan Kuminga,Jonathan,1610612744,GSW,,22400058,,,,28.85,9,18,0.5,1,2,0.5,0,2,0.0,0,5,5,2,0,1,1,3,4,1,19,-7,34.0,0,0,31.0,1,13222,13222,13222,8805,1688,1822,8526,8896,14411,3944,13505,7446,13505,14058,4392,7268,9909,16469,5025,2537,25707,22904,11254,4202,19141,5290,2246,150,5932,1,,2024,2025
,1627780,Gary Payton II,Gary,1610612744,GSW,,22400058,,,,14.051666666666666,5,6,0.833,1,2,0.5,0,0,0.0,0,1,1,2,0,0,0,0,1,0,11,18,15.2,0,0,15.0,1,13222,13222,13222,20168,7242,14618,1514,8896,14411,3944,13505,14344,13505,14058,17569,19889,9909,16469,12854,8263,1,6051,17725,10323,1677,16224,2246,150,15689,1,,2024,2025
,1630541,Moses Moody,Moses,1610612744,GSW,,22400058,,,,20.69833333333333,4,10,0.4,2,6,0.333,3,3,1.0,0,2,2,1,0,1,0,0,2,3,13,1,19.9,0,0,20.0,1,13222,13222,13222,15500,9611,8304,14933,4949,4502,9209,4159,6038,1,14058,13151,16273,14293,16469,5025,8263,1,12976,4218,8426,11263,13170,2246,150,12254,1,,2024,2025
,1631218,Trayce Jackson-Davis,Trayce,1610612744,GSW,,22400058,,,,21.64,3,5,0.6,0,0,0.0,1,2,0.5,4,2,6,2,1,1,0,0,0,2,7,5,19.2,0,0,17.0,1,13222,13222,13222,14813,12449,16437,5394,15070,20945,15070,10215,7446,10625,785,13151,5362,9909,8788,5025,8263,1,1,6956,14857,7737,13638,2246,150,14250,1,,2024,2025
,1641764,Brandin Podziemski,Brandin,1610612744,GSW,,22400058,,,,24.53333333333333,6,11,0.545,0,3,0.0,1,1,1.0,1,3,4,4,2,2,0,0,5,1,13,-13,27.8,0,0,25.0,1,13222,13222,13222,12449,5250,7071,7695,15070,11494,15070,10215,12810,1,6876,9417,9701,4780,4442,1671,8263,1,25158,11254,8426,22771,8309,2246,150,9137,1,,2024,2025
,1627741,Buddy Hield,Buddy,1610612744,GSW,,22400058,,,,21.405,2,8,0.25,2,6,0.333,0,0,0.0,0,3,3,0,1,1,0,0,3,0,6,-6,11.6,0,0,13.0,1,13222,13222,13222,14989,15612,11288,20233,4949,4502,9209,13505,14344,13505,14058,9417,12778,19908,8788,5025,8263,1,18916,17725,15937,18298,18658,2246,150,17050,1,,2024,2025
,203937,Kyle Anderson,Kyle,1610612744,GSW,,22400058,,,,19.111666666666668,2,4,0.5,0,0,0.0,0,0,0.0,0,6,6,5,0,1,1,0,1,1,4,0,24.7,0,0,19.0,1,13222,13222,13222,16746,15612,18231,8526,15070,20945,15070,13505,14344,13505,14058,2943,5362,3273,16469,5025,2537,1,6051,11254,18599,12240,10161,2246,150,12913,1,,2024,2025
,1626172,Kevon Looney,Kevon,1610612744,GSW,,22400058,,,,24.56,2,3,0.667,0,0,0.0,1,4,0.25,4,7,11,5,3,2,1,0,6,2,5,-3,31.7,0,0,27.0,1,13222,13222,13222,12422,15612,19992,3281,15070,20945,15070,10215,3754,13358,785,1947,1106,3273,2037,1671,2537,1,26091,6956,17323,15511,6320,2246,150,7999,1,,2024,2025
,203952,Andrew Wiggins,Andrew,1610612744,GSW,,22400058,,,,30.85,3,7,0.429,2,4,0.5,5,5,1.0,1,2,3,4,2,3,0,1,3,3,13,-20,29.6,0,0,28.0,1,13222,13222,13222,6992,12449,12910,13735,4949,8688,3944,1817,2872,1,6876,13151,12778,4780,4442,473,8263,17462,18916,4218,8426,25087,7359,2246,150,7475,1,,2024,2025
,201939,Stephen Curry,Stephen,1610612744,GSW,,22400058,,,,34.3,8,23,0.348,4,15,0.267,4,4,1.0,1,6,7,11,5,0,0,1,0,2,24,5,43.9,1,0,46.0,1,13222,13222,13222,4009,2561,455,17377,1130,51,11897,2676,3754,1,6876,2943,3946,232,387,12854,8263,17462,1,6956,2129,7737,2259,1,150,1461,1,,2024,2025
,201939,Stephen Curry,Stephen,1610612744,GSW,,22400303,,,,32.4,8,21,0.381,3,10,0.3,4,5,0.8,1,6,7,4,0,0,0,0,1,3,23,4,37.4,0,0,37.0,1,13222,13222,13222,5635,2561,817,16250,2458,829,11319,2676,2872,7681,6876,2943,3946,4780,16469,12854,8263,1,6051,4218,2434,8479,4025,2246,150,3591,1,,2024,2025
,1641764,Brandin Podziemski,Brandin,1610612744,GSW,,22400303,,,,33.016666666666666,4,8,0.5,2,4,0.5,2,2,1.0,0,7,7,4,1,1,1,0,1,3,12,7,31.4,0,0,29.0,1,13222,13222,13222,5136,9611,11288,8526,4949,8688,3944,6020,7446,1,14058,1947,3946,4780,8788,5025,2537,1,6051,4218,9299,6330,6467,2246,150,6953,1,,2024,2025
,203952,Andrew Wiggins,Andrew,1610612744,GSW,,22400303,,,,33.55,7,17,0.412,4,9,0.444,0,0,0.0,0,3,3,3,2,1,0,0,2,1,18,12,27.1,0,0,30.0,1,13222,13222,13222,4683,3730,2289,14791,1130,1295,7211,13505,14344,13505,14058,9417,12778,6913,4442,5025,8263,1,12976,11254,4762,3654,8739,2246,150,6431,1,,2024,2025
,203110,Draymond Green,Draymond,1610612744,GSW,,22400303,,,,30.58333333333333,5,8,0.625,2,5,0.4,1,1,1.0,0,2,2,7,4,2,1,0,3,1,13,6,30.9,0,0,30.0,1,13222,13222,13222,7243,7242,11288,4899,4949,6354,7874,10215,12810,1,14058,13151,16273,1463,877,1671,2537,1,18916,11254,8426,7002,6734,2246,150,6431,1,,2024,2025
,1627780,Gary Payton II,Gary,1610612744,GSW,,22400303,,,,12.283333333333331,0,3,0.0,0,1,0.0,0,0,0.0,1,2,3,0,0,0,0,1,0,0,0,-12,3.6,0,0,3.0,1,13222,13222,13222,21109,22635,19992,22635,15070,17631,15070,13505,14344,13505,6876,13151,12778,19908,16469,12854,8263,17462,1,17725,23200,22309,23446,2246,150,23533,1,,2024,2025
,1630322,Lindy Waters III,Lindy,1610612744,GSW,,22400303,,,,13.36,1,3,0.333,1,3,0.333,0,0,0.0,0,3,3,1,0,0,0,1,1,0,3,-8,8.1,0,0,8.0,1,13222,13222,13222,20563,19033,19992,17395,8896,11494,9209,13505,14344,13505,14058,9417,12778,14293,16469,12854,8263,17462,6051,17725,19913,19855,20889,2246,150,20457,1,,2024,2025
,1631218,Trayce Jackson-Davis,Trayce,1610612744,GSW,,22400303,,,,14.95,1,5,0.2,0,0,0.0,0,0,0.0,4,2,6,2,1,0,3,1,1,0,2,-3,20.2,0,0,16.0,1,13222,13222,13222,19602,19033,16437,21401,15070,20945,15070,13505,14344,13505,785,13151,5362,9909,8788,12854,252,17462,6051,17725,21232,15511,12950,2246,150,14948,1,,2024,2025
,203937,Kyle Anderson,Kyle,1610612744,GSW,,22400303,,,,7.25,1,2,0.5,0,0,0.0,0,0,0.0,0,2,2,1,0,1,0,1,0,0,2,-3,8.9,0,0,7.0,1,13222,13222,13222,23075,19033,21660,8526,15070,20945,15070,13505,14344,13505,14058,13151,16273,14293,16469,5025,8263,17462,1,17725,21232,15511,20412,2246,150,21087,1,,2024,2025
,1630311,Pat Spencer,Pat,1610612744,GSW,,22400303,,,,8.433333333333334,0,1,0.0,0,0,0.0,0,0,0.0,1,0,1,3,0,1,0,1,2,0,0,-10,8.7,0,0,6.0,1,13222,13222,13222,22649,22635,23259,22635,15070,20945,15070,13505,14344,13505,6876,22137,19889,6913,16469,5025,8263,17462,12976,17725,23200,21147,20527,2246,150,21698,1,,2024,2025
,1626172,Kevon Looney,Kevon,1610612744,GSW,,22400303,,,,16.066666666666666,4,4,1.0,0,0,0.0,1,1,1.0,2,4,6,1,0,0,0,0,2,1,9,-1,17.7,0,0,16.0,1,13222,13222,13222,18879,9611,18231,1,15070,20945,15070,10215,12810,1,3306,6429,5362,14293,16469,12854,8263,1,12976,11254,12445,13450,14610,2246,150,14948,1,,2024,2025
,1627741,Buddy Hield,Buddy,1610612744,GSW,,22400303,,,,16.43166666666667,3,7,0.429,2,4,0.5,3,3,1.0,0,1,1,1,0,1,0,1,0,1,11,-15,16.7,0,0,17.0,1,13222,13222,13222,18641,12449,12910,13735,4949,8688,3944,4159,6038,1,14058,17569,19889,14293,16469,5025,8263,17462,1,11254,10323,23599,15274,2246,150,14250,1,,2024,2025
,1630228,Jonathan Kuminga,Jonathan,1610612744,GSW,,22400303,,,,18.90833333333333,4,12,0.333,0,3,0.0,4,6,0.667,0,2,2,1,0,1,0,3,4,3,12,-12,18.9,0,0,17.0,1,13222,13222,13222,16905,9611,5979,17395,15070,11494,15070,2676,1898,9425,14058,13151,16273,14293,16469,5025,8263,25707,22904,4218,9299,22309,13828,2246,150,14250,1,,2024,2025
,1630541,Moses Moody,Moses,1610612744,GSW,,22400303,,,,2.7666666666666666,0,1,0.0,0,1,0.0,0,0,0.0,0,0,0,0,1,0,0,0,0,0,0,-5,-1.0,0,0,0.0,1,13222,13222,13222,25079,22635,23259,22635,15070,17631,15070,13505,14344,13505,14058,22137,23286,19908,8788,12854,8263,1,1,17725,23200,17436,26163,2246,150,25259,1,,2024,2025
,1630228,Jonathan Kuminga,Jonathan,1610612744,GSW,,22400299,,,,28.105,8,21,0.381,3,10,0.3,0,1,0.0,1,3,4,2,2,2,0,2,3,1,19,2,30.8,0,0,32.0,1,13222,13222,13222,9458,2561,817,16250,2458,829,11319,13505,12810,13505,6876,9417,9701,9909,4442,1671,8263,23925,18916,11254,4202,10285,6777,2246,150,5433,1,,2024,2025
,203952,Andrew Wiggins,Andrew,1610612744,GSW,,22400299,,,,35.05,4,16,0.25,3,8,0.375,5,7,0.714,3,2,5,3,1,1,1,3,1,6,16,-4,31.5,0,0,31.0,1,13222,13222,13222,3418,9611,2836,20233,2458,2050,8800,1817,1377,9244,1615,13151,7268,6913,8788,5025,2537,25707,6051,792,6070,16449,6420,2246,150,5932,1,,2024,2025
,1630322,Lindy Waters III,Lindy,1610612744,GSW,,22400299,,,,24.34,1,7,0.143,1,7,0.143,1,2,0.5,1,4,5,1,0,1,1,0,3,1,4,-9,17.5,0,0,15.0,1,13222,13222,13222,12616,19033,12910,22260,8896,3100,14649,10215,7446,10625,6876,6429,7268,14293,16469,5025,2537,1,18916,11254,18599,20535,14759,2246,150,15689,1,,2024,2025
,1627780,Gary Payton II,Gary,1610612744,GSW,,22400299,,,,7.0633333333333335,1,1,1.0,0,0,0.0,0,0,0.0,0,1,1,0,0,0,1,0,0,0,2,-8,6.2,0,0,5.0,1,13222,13222,13222,23143,19033,23259,1,15070,20945,15070,13505,14344,13505,14058,17569,19889,19908,16469,12854,2537,1,1,17725,21232,19855,21956,2246,150,22358,1,,2024,2025
,1631218,Trayce Jackson-Davis,Trayce,1610612744,GSW,,22400299,,,,3.933333333333333,1,2,0.5,0,0,0.0,0,0,0.0,0,0,0,0,0,0,0,1,0,0,2,-8,2.0,0,0,2.0,1,13222,13222,13222,24527,19033,21660,8526,15070,20945,15070,13505,14344,13505,14058,22137,23286,19908,16469,12854,8263,17462,1,17725,21232,19855,24331,2246,150,24066,1,,2024,2025
,1630311,Pat Spencer,Pat,1610612744,GSW,,22400299,,,,14.506666666666666,2,5,0.4,0,0,0.0,2,2,1.0,2,2,4,3,2,0,0,1,1,2,6,9,13.3,0,0,13.0,1,13222,13222,13222,19875,15612,16437,14933,15070,20945,15070,6020,7446,1,3306,13151,9701,6913,4442,12854,8263,17462,6051,6956,15937,5125,17520,2246,150,17050,1,,2024,2025
,203110,Draymond Green,Draymond,1610612744,GSW,,22400299,,,,32.2,4,11,0.364,2,8,0.25,0,0,0.0,3,11,14,6,3,1,2,0,1,3,10,5,41.8,1,0,38.0,1,13222,13222,13222,5800,9611,7071,16861,4949,2050,11902,13505,14344,13505,1615,283,349,2199,2037,5025,808,1,6051,4218,11377,7737,2772,1,150,3270,1,,2024,2025
,203937,Kyle Anderson,Kyle,1610612744,GSW,,22400299,,,,17.361666666666668,4,8,0.5,1,2,0.5,1,2,0.5,0,2,2,3,0,1,0,0,2,2,10,-6,19.9,0,0,18.0,1,13222,13222,13222,18038,9611,11288,8526,8896,14411,3944,10215,7446,10625,14058,13151,16273,6913,16469,5025,8263,1,12976,6956,11377,18298,13170,2246,150,13589,1,,2024,2025
,1630541,Moses Moody,Moses,1610612744,GSW,,22400299,,,,12.95,0,4,0.0,0,3,0.0,0,0,0.0,1,1,2,1,1,0,0,1,2,0,0,0,2.9,0,0,3.0,1,13222,13222,13222,20763,22635,18231,22635,15070,11494,15070,13505,14344,13505,6876,17569,16273,14293,8788,12854,8263,17462,12976,17725,23200,12240,23981,2246,150,23533,1,,2024,2025
,1626172,Kevon Looney,Kevon,1610612744,GSW,,22400299,,,,11.866666666666667,1,5,0.2,0,0,0.0,1,2,0.5,5,4,9,1,1,0,0,1,2,1,3,-1,14.3,0,0,13.0,1,13222,13222,13222,21351,19033,16437,21401,15070,20945,15070,10215,7446,10625,389,6429,2169,14293,8788,12854,8263,17462,12976,11254,19913,13450,16842,2246,150,17050,1,,2024,2025
,1641764,Brandin Podziemski,Brandin,1610612744,GSW,,22400299,,,,29.605,4,10,0.4,1,4,0.25,3,3,1.0,2,6,8,5,2,0,1,0,0,4,12,-6,30.1,0,0,28.0,1,13222,13222,13222,8138,9611,8304,14933,8896,8688,11902,4159,6038,1,3306,2943,2934,3273,4442,12854,2537,1,1,2493,9299,18298,7114,2246,150,7475,1,,2024,2025
,1627741,Buddy Hield,Buddy,1610612744,GSW,,22400299,,,,23.01833333333333,5,8,0.625,5,8,0.625,2,2,1.0,0,3,3,0,2,1,0,0,6,1,17,6,21.6,0,0,27.0,1,13222,13222,13222,13709,7242,11288,4899,492,2050,2868,6020,7446,1,14058,9417,12778,19908,4442,5025,8263,1,26091,11254,5360,7002,12003,2246,150,7999,1,,2024,2025
,203937,Kyle Anderson,Kyle,1610612744,GSW,,22400284,,,,14.083333333333334,2,3,0.667,0,0,0.0,0,0,0.0,0,2,2,3,1,0,0,0,1,1,4,-13,9.9,0,0,9.0,1,13222,13222,13222,20151,15612,19992,3281,15070,20945,15070,13505,14344,13505,14058,13151,16273,6913,8788,12854,8263,1,6051,11254,18599,22771,19759,2246,150,19766,1,,2024,2025
,1627741,Buddy Hield,Buddy,1610612744,GSW,,22400284,,,,16.72833333333333,3,12,0.25,2,8,0.25,1,1,1.0,1,2,3,1,0,2,0,1,1,1,9,-2,20.1,0,0,19.0,1,13222,13222,13222,18442,12449,5979,20233,4949,2050,11902,10215,12810,1,6876,13151,12778,14293,16469,1671,8263,17462,6051,11254,12445,14448,13013,2246,150,12913,1,,2024,2025
,201939,Stephen Curry,Stephen,1610612744,GSW,,22400284,,,,29.466666666666665,8,17,0.471,8,16,0.5,4,4,1.0,0,4,4,7,3,1,0,0,0,4,28,-4,43.3,0,0,49.0,1,13222,13222,13222,8251,2561,2289,12143,27,31,3944,2676,3754,1,14058,6429,9701,1463,2037,5025,8263,1,1,2493,1156,16449,2422,2246,150,1048,1,,2024,2025
,1626172,Kevon Looney,Kevon,1610612744,GSW,,22400284,,,,12.516666666666667,2,3,0.667,0,0,0.0,0,2,0.0,1,3,4,0,1,2,0,1,3,1,4,7,13.8,0,0,12.0,1,13222,13222,13222,20981,15612,19992,3281,15070,20945,15070,13505,7446,13505,6876,9417,9701,19908,8788,1671,8263,17462,18916,11254,18599,6330,17150,2246,150,17796,1,,2024,2025
,1631218,Trayce Jackson-Davis,Trayce,1610612744,GSW,,22400284,,,,17.088333333333335,4,7,0.571,0,0,0.0,0,0,0.0,1,2,3,1,2,0,1,0,2,1,8,-2,14.1,0,0,14.0,1,13222,13222,13222,18208,9611,12910,6538,15070,20945,15070,13505,14344,13505,6876,13151,12778,14293,4442,12854,2537,1,12976,11254,13544,14448,16945,2246,150,16370,1,,2024,2025
,203110,Draymond Green,Draymond,1610612744,GSW,,22400284,,,,28.916666666666668,2,6,0.333,1,3,0.333,1,4,0.25,0,6,6,7,2,0,0,0,3,2,6,1,21.7,0,0,20.0,1,13222,13222,13222,8740,15612,14618,17395,8896,11494,9209,10215,3754,13358,14058,2943,5362,1463,4442,12854,8263,1,18916,6956,15937,11263,11950,2246,150,12254,1,,2024,2025
,1630322,Lindy Waters III,Lindy,1610612744,GSW,,22400284,,,,27.7,5,10,0.5,2,5,0.4,1,1,1.0,0,4,4,1,2,1,1,0,4,1,13,-5,23.3,0,0,24.0,1,13222,13222,13222,9787,7242,8304,8526,4949,6354,7874,10215,12810,1,14058,6429,9701,14293,4442,5025,2537,1,22904,11254,8426,17436,10979,2246,150,9719,1,,2024,2025
,1627780,Gary Payton II,Gary,1610612744,GSW,,22400284,,,,21.8,4,9,0.444,0,2,0.0,0,0,0.0,4,5,9,4,0,2,0,0,2,1,8,-5,30.8,0,0,25.0,1,13222,13222,13222,14669,9611,9700,13045,15070,14411,15070,13505,14344,13505,785,4392,2169,4780,16469,1671,8263,1,12976,11254,13544,17436,6777,2246,150,9137,1,,2024,2025
,1630541,Moses Moody,Moses,1610612744,GSW,,22400284,,,,16.116666666666667,6,8,0.75,3,5,0.6,0,0,0.0,1,1,2,1,0,0,2,0,2,0,15,1,24.9,0,0,25.0,1,13222,13222,13222,18846,5250,11288,2107,2458,6354,2992,13505,14344,13505,6876,17569,16273,14293,16469,12854,808,1,12976,17725,6813,11263,10031,2246,150,9137,1,,2024,2025
,1641764,Brandin Podziemski,Brandin,1610612744,GSW,,22400284,,,,22.633333333333333,2,5,0.4,1,3,0.333,2,2,1.0,1,0,1,6,0,0,1,0,2,3,7,-10,20.2,0,0,17.0,1,13222,13222,13222,14002,15612,16437,14933,8896,11494,9209,6020,7446,1,6876,22137,19889,2199,16469,12854,2537,1,12976,4218,14857,21147,12950,2246,150,14250,1,,2024,2025
,203952,Andrew Wiggins,Andrew,1610612744,GSW,,22400284,,,,32.95,7,13,0.538,2,4,0.5,2,3,0.667,2,3,5,1,1,0,0,1,1,3,18,-8,24.5,0,0,26.0,1,13222,13222,13222,5189,3730,5079,7978,4949,8688,3944,6020,6038,9425,3306,9417,7268,14293,8788,12854,8263,17462,6051,4218,4762,19855,10279,2246,150,8551,1,,2024,2025
,1641764,Brandin Podziemski,Brandin,1610612744,GSW,,22400269,,,,15.566666666666666,0,3,0.0,0,1,0.0,0,0,0.0,0,3,3,2,1,0,0,1,0,2,0,-14,5.6,0,0,5.0,1,13222,13222,13222,19210,22635,19992,22635,15070,17631,15070,13505,14344,13505,14058,9417,12778,9909,8788,12854,8263,17462,1,6956,23200,23203,22365,2246,150,22358,1,,2024,2025
,1630322,Lindy Waters III,Lindy,1610612744,GSW,,22400269,,,,25.183333333333334,4,12,0.333,3,8,0.375,0,0,0.0,2,2,4,1,0,0,1,2,3,0,11,-8,20.3,0,0,21.0,1,13222,13222,13222,11850,9611,5979,17395,2458,2050,8800,13505,14344,13505,3306,13151,9701,14293,16469,12854,2537,23925,18916,17725,10323,19855,12888,2246,150,11621,1,,2024,2025
,203952,Andrew Wiggins,Andrew,1610612744,GSW,,22400269,,,,33.13333333333333,6,16,0.375,4,10,0.4,4,5,0.8,2,3,5,3,0,1,0,0,1,3,20,1,33.5,0,0,34.0,1,13222,13222,13222,5043,5250,2836,16299,1130,829,7874,2676,2872,7681,3306,9417,7268,6913,16469,5025,8263,1,6051,4218,3676,11263,5492,2246,150,4638,1,,2024,2025
,203937,Kyle Anderson,Kyle,1610612744,GSW,,22400269,,,,12.885,3,5,0.6,0,1,0.0,0,1,0.0,0,5,5,1,1,0,0,0,2,1,6,-8,12.5,0,0,12.0,1,13222,13222,13222,20802,12449,16437,5394,15070,17631,15070,13505,12810,13505,14058,4392,7268,14293,8788,12854,8263,1,12976,11254,15937,19855,18057,2246,150,17796,1,,2024,2025
,1631218,Trayce Jackson-Davis,Trayce,1610612744,GSW,,22400269,,,,23.316666666666663,6,12,0.5,0,0,0.0,0,0,0.0,4,4,8,3,0,0,0,2,2,0,12,-7,26.1,0,0,23.0,1,13222,13222,13222,13450,5250,5979,8526,15070,20945,15070,13505,14344,13505,785,6429,2934,6913,16469,12854,8263,23925,12976,17725,9299,19141,9334,2246,150,10339,1,,2024,2025
,1630541,Moses Moody,Moses,1610612744,GSW,,22400269,,,,21.816666666666663,2,8,0.25,0,2,0.0,2,2,1.0,1,0,1,1,0,1,0,1,0,1,6,-13,11.7,0,0,10.0,1,13222,13222,13222,14648,15612,11288,20233,15070,14411,15070,6020,7446,1,6876,22137,19889,14293,16469,5025,8263,17462,1,11254,15937,22771,18589,2246,150,19152,1,,2024,2025
,201939,Stephen Curry,Stephen,1610612744,GSW,,22400269,,,,31.99,5,16,0.313,3,10,0.3,1,1,1.0,2,5,7,5,3,0,0,0,1,1,14,4,26.9,0,0,29.0,1,13222,13222,13222,5980,7242,2836,19175,2458,829,11319,10215,12810,1,3306,4392,3946,3273,2037,12854,8263,1,6051,11254,7553,8479,8865,2246,150,6953,1,,2024,2025
,1627741,Buddy Hield,Buddy,1610612744,GSW,,22400269,,,,23.845,4,9,0.444,3,7,0.429,0,0,0.0,1,0,1,4,2,0,0,1,2,1,11,-2,16.2,0,0,19.0,1,13222,13222,13222,13043,9611,9700,13045,2458,3100,7394,13505,14344,13505,6876,22137,19889,4780,4442,12854,8263,17462,12976,11254,10323,14448,15608,2246,150,12913,1,,2024,2025
,1627780,Gary Payton II,Gary,1610612744,GSW,,22400269,,,,12.913333333333334,2,4,0.5,1,2,0.5,0,0,0.0,0,1,1,1,1,0,1,1,2,2,5,7,9.7,0,0,10.0,1,13222,13222,13222,20792,15612,18231,8526,8896,14411,3944,13505,14344,13505,14058,17569,19889,14293,8788,12854,2537,17462,12976,6956,17323,6330,19901,2246,150,19152,1,,2024,2025
,1626172,Kevon Looney,Kevon,1610612744,GSW,,22400269,,,,12.666666666666666,4,5,0.8,0,0,0.0,0,2,0.0,3,4,7,0,2,2,0,1,2,1,8,-10,20.4,0,0,19.0,1,13222,13222,13222,20909,9611,16437,1688,15070,20945,15070,13505,7446,13505,1615,6429,3946,19908,4442,1671,8263,17462,12976,11254,13544,21147,12816,2246,150,12913,1,,2024,2025
,203110,Draymond Green,Draymond,1610612744,GSW,,22400269,,,,26.683333333333334,0,5,0.0,0,3,0.0,1,2,0.5,2,5,7,8,0,0,1,0,6,4,1,0,24.4,0,0,18.0,1,13222,13222,13222,10574,22635,16437,22635,15070,11494,15070,10215,7446,10625,3306,4392,3946,963,16469,12854,2537,1,26091,2493,22996,12240,10331,2246,150,13589,1,,2024,2025
,201939,Stephen Curry,Stephen,1610612744,GSW,,22400032,,,,33.14833333333333,6,13,0.462,4,7,0.571,3,3,1.0,0,7,7,7,4,1,1,1,3,2,19,4,39.9,0,0,41.0,1,1,1,1,5038,5250,5079,12428,1130,3100,3506,4159,6038,1,14058,1947,3946,1463,877,5025,2537,17462,18916,6956,4202,8479,3245,2246,150,2498,1,,2024,2025
,1630228,Jonathan Kuminga,Jonathan,1610612744,GSW,,22400032,,,,20.316666666666663,3,10,0.3,0,2,0.0,1,2,0.5,0,4,4,2,1,0,1,1,1,2,7,-1,16.8,0,0,15.0,1,1,1,1,15769,12449,8304,19363,15070,14411,15070,10215,7446,10625,14058,6429,9701,9909,8788,12854,2537,17462,6051,6956,14857,13450,15212,2246,150,15689,1,,2024,2025
,1630322,Lindy Waters III,Lindy,1610612744,GSW,,22400032,,,,15.166666666666666,0,3,0.0,0,3,0.0,0,0,0.0,0,0,0,2,1,0,0,0,1,0,0,-1,2.0,0,0,2.0,1,1,1,1,19456,22635,19992,22635,15070,11494,15070,13505,14344,13505,14058,22137,23286,9909,8788,12854,8263,1,6051,17725,23200,13450,24331,2246,150,24066,1,,2024,2025
,1630541,Moses Moody,Moses,1610612744,GSW,,22400032,,,,19.586666666666662,1,4,0.25,0,2,0.0,1,1,1.0,0,2,2,1,0,0,1,0,2,1,3,1,9.9,0,0,8.0,1,1,1,1,16342,19033,18231,20233,15070,14411,15070,10215,12810,1,14058,13151,16273,14293,16469,12854,2537,1,12976,11254,19913,11263,19759,2246,150,20457,1,,2024,2025
,1627741,Buddy Hield,Buddy,1610612744,GSW,,22400032,,,,19.296666666666667,3,10,0.3,2,7,0.286,4,4,1.0,1,5,6,0,0,0,0,2,3,2,12,10,19.2,0,0,20.0,1,1,1,1,16590,12449,8304,19363,4949,3100,11433,2676,3754,1,6876,4392,5362,19908,16469,12854,8263,23925,18916,6956,9299,4588,13638,2246,150,12254,1,,2024,2025
,203937,Kyle Anderson,Kyle,1610612744,GSW,,22400032,,,,4.85,1,1,1.0,0,0,0.0,0,1,0.0,1,0,1,0,3,0,0,0,0,1,2,-8,0.2,0,0,3.0,1,1,1,1,24045,19033,23259,1,15070,20945,15070,13505,12810,13505,6876,22137,19889,19908,2037,12854,8263,1,1,11254,21232,19855,25158,2246,150,23533,1,,2024,2025
,1626172,Kevon Looney,Kevon,1610612744,GSW,,22400032,,,,14.166666666666666,2,2,1.0,0,0,0.0,0,0,0.0,2,5,7,2,0,0,0,0,2,1,4,3,15.4,0,0,13.0,1,1,1,1,20100,15612,21660,1,15070,20945,15070,13505,14344,13505,3306,4392,3946,9909,16469,12854,8263,1,12976,11254,18599,9394,16104,2246,150,17050,1,,2024,2025
,1641764,Brandin Podziemski,Brandin,1610612744,GSW,,22400032,,,,20.87833333333333,5,11,0.455,0,5,0.0,1,1,1.0,2,3,5,3,1,0,0,1,0,3,11,-3,20.5,0,0,19.0,1,1,1,1,15381,7242,7071,12676,15070,6354,15070,10215,12810,1,3306,9417,7268,6913,8788,12854,8263,17462,1,4218,10323,15511,12748,2246,150,12913,1,,2024,2025
,1627780,Gary Payton II,Gary,1610612744,GSW,,22400032,,,,16.173333333333332,2,4,0.5,0,1,0.0,0,0,0.0,1,0,1,1,0,2,0,0,1,0,4,3,12.7,0,0,10.0,1,1,1,1,18813,15612,18231,8526,15070,17631,15070,13505,14344,13505,6876,22137,19889,14293,16469,1671,8263,1,6051,17725,18599,9394,17905,2246,150,19152,1,,2024,2025
,1631218,Trayce Jackson-Davis,Trayce,1610612744,GSW,,22400032,,,,18.28333333333333,4,9,0.444,0,1,0.0,1,2,0.5,3,5,8,0,0,0,1,3,0,1,9,2,21.6,0,0,19.0,1,1,1,1,17380,9611,9700,13045,15070,17631,15070,10215,7446,10625,1615,4392,2934,19908,16469,12854,2537,25707,1,11254,12445,10285,12003,2246,150,12913,1,,2024,2025
,203110,Draymond Green,Draymond,1610612744,GSW,,22400032,,,,29.8,3,6,0.5,3,4,0.75,2,6,0.333,3,5,8,5,4,1,0,0,2,6,11,7,27.1,0,0,29.0,1,1,1,1,7964,12449,14618,8526,2458,8688,1542,6020,1898,13132,1615,4392,2934,3273,877,5025,8263,1,12976,792,10323,6330,8739,2246,150,6953,1,,2024,2025
,203952,Andrew Wiggins,Andrew,1610612744,GSW,,22400032,,,,28.33333333333333,9,14,0.643,3,5,0.6,9,9,1.0,1,2,3,4,2,1,1,1,4,6,30,3,43.6,0,0,44.0,1,1,1,1,9268,1688,4240,4607,2458,6354,2992,318,643,1,6876,13151,12778,4780,4442,5025,2537,17462,22904,792,830,9394,2329,2246,150,1816,1,,2024,2025
,201939,Stephen Curry,Stephen,1610612744,GSW,,22400258,,,,30.2,7,10,0.7,4,6,0.667,5,5,1.0,0,4,4,8,5,2,1,0,0,5,23,27,43.8,0,0,45.0,1,1,1,1,7586,3730,8304,3045,1130,4502,1957,1817,2872,1,14058,6429,9701,963,387,1671,2537,1,1,1447,2434,370,2282,2246,150,1626,1,,2024,2025
,203952,Andrew Wiggins,Andrew,1610612744,GSW,,22400258,,,,30.016666666666666,12,17,0.706,3,6,0.5,0,0,0.0,2,5,7,4,0,0,2,1,1,0,27,27,47.4,0,0,45.0,1,1,1,1,7767,421,2289,3027,2458,4502,3944,13505,14344,13505,3306,4392,3946,4780,16469,12854,808,17462,6051,17725,1351,370,1556,2246,150,1626,1,,2024,2025
,1626172,Kevon Looney,Kevon,1610612744,GSW,,22400258,,,,13.466666666666669,1,3,0.333,0,0,0.0,0,3,0.0,2,3,5,1,0,0,0,0,1,2,2,-4,9.5,0,0,8.0,1,1,1,1,20508,19033,19992,17395,15070,20945,15070,13505,6038,13505,3306,9417,7268,14293,16469,12854,8263,1,6051,6956,21232,16449,20035,2246,150,20457,1,,2024,2025
,1641764,Brandin Podziemski,Brandin,1610612744,GSW,,22400258,,,,15.283333333333331,1,6,0.167,1,1,1.0,0,0,0.0,1,1,2,2,1,1,0,0,1,0,3,-1,10.4,0,0,10.0,1,1,1,1,19388,19033,14618,21938,8896,17631,1,13505,14344,13505,6876,17569,16273,9909,8788,5025,8263,1,6051,17725,19913,13450,19434,2246,150,19152,1,,2024,2025
,1630541,Moses Moody,Moses,1610612744,GSW,,22400258,,,,19.166666666666668,1,5,0.2,0,3,0.0,1,2,0.5,0,3,3,1,0,0,0,1,1,4,3,-10,8.1,0,0,7.0,1,1,1,1,16703,19033,16437,21401,15070,11494,15070,10215,7446,10625,14058,9417,12778,14293,16469,12854,8263,17462,6051,2493,19913,21147,20889,2246,150,21087,1,,2024,2025
,1627780,Gary Payton II,Gary,1610612744,GSW,,22400258,,,,6.416666666666667,3,4,0.75,0,1,0.0,0,0,0.0,0,2,2,0,0,0,0,0,0,0,6,7,8.4,0,0,8.0,1,1,1,1,23402,12449,18231,2107,15070,17631,15070,13505,14344,13505,14058,13151,16273,19908,16469,12854,8263,1,1,17725,15937,6330,20717,2246,150,20457,1,,2024,2025
,203937,Kyle Anderson,Kyle,1610612744,GSW,,22400258,,,,14.883333333333333,1,6,0.167,0,1,0.0,0,0,0.0,0,1,1,4,1,3,0,0,2,0,2,5,17.2,0,0,13.0,1,1,1,1,19645,19033,14618,21938,15070,17631,15070,13505,14344,13505,14058,17569,19889,4780,8788,473,8263,1,12976,17725,21232,7737,14950,2246,150,17050,1,,2024,2025
,1631218,Trayce Jackson-Davis,Trayce,1610612744,GSW,,22400258,,,,21.933333333333334,6,11,0.545,0,0,0.0,2,2,1.0,2,9,11,4,2,0,1,0,2,1,14,10,34.2,1,0,31.0,1,1,1,1,14543,5250,7071,7695,15070,20945,15070,6020,7446,1,3306,796,1106,4780,4442,12854,2537,1,12976,11254,7553,4588,5198,1,150,5932,1,,2024,2025
,1627741,Buddy Hield,Buddy,1610612744,GSW,,22400258,,,,20.0,4,11,0.364,3,9,0.333,0,0,0.0,0,2,2,0,2,0,0,1,1,0,11,11,11.4,0,0,16.0,1,1,1,1,16013,9611,7071,16861,2458,1295,9209,13505,14344,13505,14058,13151,16273,19908,4442,12854,8263,17462,6051,17725,10323,4119,18783,2246,150,14948,1,,2024,2025
,1630322,Lindy Waters III,Lindy,1610612744,GSW,,22400258,,,,23.08333333333333,4,9,0.444,2,5,0.4,0,0,0.0,0,3,3,1,0,1,0,0,4,1,10,16,18.1,0,0,18.0,1,1,1,1,13647,9611,9700,13045,4949,6354,7874,13505,14344,13505,14058,9417,12778,14293,16469,5025,8263,1,22904,11254,11377,2243,14347,2246,150,13589,1,,2024,2025
,203110,Draymond Green,Draymond,1610612744,GSW,,22400258,,,,27.633333333333333,4,8,0.5,0,4,0.0,1,2,0.5,0,7,7,9,3,1,2,0,3,2,9,29,36.9,0,0,31.0,1,1,1,1,9840,9611,11288,8526,15070,8688,15070,10215,7446,10625,14058,1947,3946,635,2037,5025,808,1,18916,6956,12445,246,4187,2246,150,5932,1,,2024,2025
,1630228,Jonathan Kuminga,Jonathan,1610612744,GSW,,22400258,,,,15.4,3,9,0.333,1,3,0.333,3,4,0.75,2,4,6,2,1,2,1,2,1,2,10,1,28.2,0,0,25.0,1,1,1,1,19307,12449,9700,17395,8896,11494,9209,4159,3754,8186,3306,6429,5362,9909,8788,1671,2537,23925,6051,6956,11377,11263,8103,2246,150,9137,1,,2024,2025
,1630611,Gui Santos,Gui,1610612744,GSW,,22400258,,,,2.5166666666666666,0,2,0.0,0,1,0.0,0,0,0.0,0,1,1,0,0,0,0,0,0,0,0,-3,1.2,0,0,1.0,1,1,1,1,25203,22635,21660,22635,15070,17631,15070,13505,14344,13505,14058,17569,19889,19908,16469,12854,8263,1,1,17725,23200,15511,24725,2246,150,24667,1,,2024,2025
,1631218,Trayce Jackson-Davis,Trayce,1610612744,GSW,,22400251,,,,19.67833333333333,4,5,0.8,0,0,0.0,0,2,0.0,1,2,3,2,2,1,1,0,1,2,8,-11,18.6,0,0,17.0,1,13222,13222,13222,16280,9611,16437,1688,15070,20945,15070,13505,7446,13505,6876,13151,12778,9909,4442,5025,2537,1,6051,6956,13544,21738,14008,2246,150,14250,1,,2024,2025
,1627741,Buddy Hield,Buddy,1610612744,GSW,,22400251,,,,23.366666666666667,3,7,0.429,2,6,0.333,0,0,0.0,0,2,2,1,2,1,0,0,2,0,8,5,12.9,0,0,15.0,1,13222,13222,13222,13408,12449,12910,13735,4949,4502,9209,13505,14344,13505,14058,13151,16273,14293,4442,5025,8263,1,12976,17725,13544,7737,17766,2246,150,15689,1,,2024,2025
,203937,Kyle Anderson,Kyle,1610612744,GSW,,22400251,,,,12.511666666666668,1,4,0.25,0,2,0.0,0,0,0.0,0,2,2,2,0,1,0,0,2,0,2,-2,10.4,0,0,8.0,1,13222,13222,13222,20989,19033,18231,20233,15070,14411,15070,13505,14344,13505,14058,13151,16273,9909,16469,5025,8263,1,12976,17725,21232,14448,19434,2246,150,20457,1,,2024,2025
,1627780,Gary Payton II,Gary,1610612744,GSW,,22400251,,,,11.75,0,4,0.0,0,2,0.0,0,0,0.0,1,3,4,2,0,1,0,1,1,1,0,3,10.8,0,0,8.0,1,13222,13222,13222,21394,22635,18231,22635,15070,14411,15070,13505,14344,13505,6876,9417,9701,9909,16469,5025,8263,17462,6051,11254,23200,9394,19193,2246,150,20457,1,,2024,2025
,1630322,Lindy Waters III,Lindy,1610612744,GSW,,22400251,,,,28.5,2,6,0.333,2,4,0.5,0,0,0.0,1,4,5,1,0,3,0,0,1,0,6,-4,22.5,0,0,20.0,1,13222,13222,13222,9119,15612,14618,17395,4949,8688,3944,13505,14344,13505,6876,6429,7268,14293,16469,473,8263,1,6051,17725,15937,16449,11461,2246,150,12254,1,,2024,2025
,203952,Andrew Wiggins,Andrew,1610612744,GSW,,22400251,,,,28.916666666666668,7,12,0.583,2,4,0.5,6,8,0.75,2,1,3,0,1,0,1,2,0,4,22,-5,27.6,0,0,29.0,1,13222,13222,13222,8740,3730,5979,6296,4949,8688,3944,1180,912,8186,3306,17569,12778,19908,8788,12854,2537,23925,1,2493,2824,17436,8435,2246,150,6953,1,,2024,2025
,1630541,Moses Moody,Moses,1610612744,GSW,,22400251,,,,15.916666666666666,2,4,0.5,1,3,0.333,0,0,0.0,0,3,3,1,3,0,0,0,2,0,5,3,7.1,0,0,10.0,1,13222,13222,13222,18986,15612,18231,8526,8896,11494,9209,13505,14344,13505,14058,9417,12778,14293,2037,12854,8263,1,12976,17725,17323,9394,21498,2246,150,19152,1,,2024,2025
,1641764,Brandin Podziemski,Brandin,1610612744,GSW,,22400251,,,,15.616666666666667,0,4,0.0,0,2,0.0,1,3,0.333,2,3,5,2,1,1,0,1,1,1,1,2,12.0,0,0,10.0,1,13222,13222,13222,19188,22635,18231,22635,15070,14411,15070,10215,6038,13132,3306,9417,7268,9909,8788,5025,8263,17462,6051,11254,22996,10285,18398,2246,150,19152,1,,2024,2025
,201939,Stephen Curry,Stephen,1610612744,GSW,,22400251,,,,32.38333333333333,10,21,0.476,6,15,0.4,0,0,0.0,1,6,7,6,3,0,1,1,1,1,26,-5,43.4,0,0,47.0,1,13222,13222,13222,5657,1099,817,12010,202,51,7874,13505,14344,13505,6876,2943,3946,2199,2037,12854,2537,17462,6051,11254,1579,17436,2393,2246,150,1314,1,,2024,2025
,203110,Draymond Green,Draymond,1610612744,GSW,,22400251,,,,32.288333333333334,3,7,0.429,2,3,0.667,1,2,0.5,1,8,9,7,6,1,1,0,3,2,9,-3,30.3,0,0,31.0,1,13222,13222,13222,5748,12449,12910,13735,4949,11494,1957,10215,7446,10625,6876,1271,2169,1463,150,5025,2537,1,18916,6956,12445,15511,7033,2246,150,5932,1,,2024,2025
,1630228,Jonathan Kuminga,Jonathan,1610612744,GSW,,22400251,,,,19.071666666666665,5,10,0.5,1,3,0.333,1,4,0.25,0,2,2,3,1,3,0,1,0,2,12,2,26.9,0,0,24.0,1,13222,13222,13222,16772,7242,8304,8526,8896,11494,9209,10215,3754,13358,14058,13151,16273,6913,8788,473,8263,17462,1,6956,9299,10285,8865,2246,150,9719,1,,2024,2025
,1630228,Jonathan Kuminga,Jonathan,1610612744,GSW,,22400019,,,,17.975,3,13,0.231,0,4,0.0,2,4,0.5,2,2,4,2,1,0,0,1,5,2,8,2,14.8,0,0,14.0,1,1,1,1,17582,12449,5079,21157,15070,8688,15070,6020,3754,10625,3306,13151,9701,9909,8788,12854,8263,17462,25158,6956,13544,10285,16495,2246,150,16370,1,,2024,2025
,1627741,Buddy Hield,Buddy,1610612744,GSW,,22400019,,,,30.316666666666663,7,15,0.467,4,8,0.5,0,0,0.0,4,0,4,2,5,0,0,2,4,0,18,-2,20.8,0,0,28.0,1,1,1,1,7479,3730,3491,12249,1130,2050,3944,13505,14344,13505,785,22137,9701,9909,387,12854,8263,23925,22904,17725,4762,14448,12548,2246,150,7475,1,,2024,2025
,1626172,Kevon Looney,Kevon,1610612744,GSW,,22400019,,,,12.5,2,4,0.5,0,0,0.0,2,4,0.5,3,4,7,3,1,0,0,0,2,2,6,4,17.9,0,0,16.0,1,1,1,1,20992,15612,18231,8526,15070,20945,15070,6020,3754,10625,1615,6429,3946,6913,8788,12854,8263,1,12976,6956,15937,8479,14467,2246,150,14948,1,,2024,2025
,1627780,Gary Payton II,Gary,1610612744,GSW,,22400019,,,,10.633333333333333,1,2,0.5,0,1,0.0,0,0,0.0,1,2,3,0,2,1,0,0,0,0,2,-6,6.6,0,0,7.0,1,1,1,1,21861,19033,21660,8526,15070,17631,15070,13505,14344,13505,6876,13151,12778,19908,4442,5025,8263,1,1,17725,21232,18298,21766,2246,150,21087,1,,2024,2025
,1630322,Lindy Waters III,Lindy,1610612744,GSW,,22400019,,,,10.55,3,4,0.75,2,3,0.667,0,0,0.0,0,0,0,1,1,0,1,0,1,0,8,3,11.5,0,0,13.0,1,1,1,1,21898,12449,18231,2107,4949,11494,1957,13505,14344,13505,14058,22137,23286,14293,8788,12854,2537,1,6051,17725,13544,9394,18735,2246,150,17050,1,,2024,2025
,203952,Andrew Wiggins,Andrew,1610612744,GSW,,22400019,,,,20.78,5,14,0.357,1,4,0.25,2,2,1.0,1,1,2,1,0,1,1,3,2,1,13,4,22.9,0,0,21.0,1,1,1,1,15442,7242,4240,17140,8896,8688,11902,6020,7446,1,6876,17569,16273,14293,16469,5025,2537,25707,12976,11254,8426,8479,11219,2246,150,11621,1,,2024,2025
,1630541,Moses Moody,Moses,1610612744,GSW,,22400019,,,,16.475,4,8,0.5,3,5,0.6,3,5,0.6,0,3,3,1,2,0,0,1,2,3,14,2,17.1,0,0,21.0,1,1,1,1,18615,9611,11288,8526,2458,6354,2992,4159,2872,10343,14058,9417,12778,14293,4442,12854,8263,17462,12976,4218,7553,10285,15010,2246,150,11621,1,,2024,2025
,1631218,Trayce Jackson-Davis,Trayce,1610612744,GSW,,22400019,,,,17.7,3,5,0.6,0,0,0.0,3,4,0.75,2,4,6,2,2,1,1,1,2,2,9,-1,23.2,0,0,21.0,1,1,1,1,17779,12449,16437,5394,15070,20945,15070,4159,3754,8186,3306,6429,5362,9909,4442,5025,2537,17462,12976,6956,12445,13450,11052,2246,150,11621,1,,2024,2025
,201939,Stephen Curry,Stephen,1610612744,GSW,,22400019,,,,26.01333333333333,4,9,0.444,3,7,0.429,2,2,1.0,1,7,8,5,3,4,0,1,2,4,13,9,39.1,0,0,37.0,1,1,1,1,11156,9611,9700,13045,2458,3100,7394,6020,7446,1,6876,1947,2934,3273,2037,123,8263,17462,12976,2493,8426,5125,3468,2246,150,3591,1,,2024,2025
,1641764,Brandin Podziemski,Brandin,1610612744,GSW,,22400019,,,,27.756666666666668,3,6,0.5,1,4,0.25,4,4,1.0,0,7,7,5,0,1,0,0,2,3,11,-2,29.9,0,0,26.0,1,1,1,1,9752,12449,14618,8526,8896,8688,11902,2676,3754,1,14058,1947,3946,3273,16469,5025,8263,1,12976,4218,10323,14448,7218,2246,150,8551,1,,2024,2025
,203937,Kyle Anderson,Kyle,1610612744,GSW,,22400019,,,,19.05,3,7,0.429,2,3,0.667,0,0,0.0,0,4,4,4,1,0,2,1,3,0,8,6,23.8,0,0,22.0,1,1,1,1,16782,12449,12910,13735,4949,11494,1957,13505,14344,13505,14058,6429,9701,4780,8788,12854,808,17462,18916,17725,13544,7002,10678,2246,150,10998,1,,2024,2025
,203110,Draymond Green,Draymond,1610612744,GSW,,22400019,,,,30.25,5,11,0.455,3,7,0.429,0,0,0.0,0,8,8,7,1,1,0,1,3,4,13,6,35.1,0,0,33.0,1,1,1,1,7548,7242,7071,12676,2458,3100,7394,13505,14344,13505,14058,1271,2934,1463,8788,5025,8263,17462,18916,2493,8426,7002,4839,2246,150,5036,1,,2024,2025
,203110,Draymond Green,Draymond,1610612744,GSW,,22400007,,,,31.7,3,6,0.5,2,4,0.5,3,4,0.75,0,7,7,6,0,3,2,0,2,5,11,20,43.4,0,0,36.0,1,1,1,1,6233,12449,14618,8526,4949,8688,3944,4159,3754,8186,14058,1947,3946,2199,16469,473,808,1,12976,1447,10323,1243,2393,2246,150,3901,1,,2024,2025
,201939,Stephen Curry,Stephen,1610612744,GSW,,22400007,,,,34.86666666666667,14,27,0.519,5,12,0.417,4,5,0.8,0,6,6,9,4,1,2,0,2,4,37,24,62.7,0,0,63.0,1,1,1,1,3564,141,111,8506,492,299,7826,2676,2872,7681,14058,2943,5362,635,877,5025,808,1,12976,2493,202,634,230,2246,150,149,1,,2024,2025
,1626172,Kevon Looney,Kevon,1610612744,GSW,,22400007,,,,14.816666666666666,2,5,0.4,0,0,0.0,1,2,0.5,9,2,11,2,2,1,0,0,2,2,5,-9,22.2,0,0,20.0,1,1,1,1,19696,15612,16437,14933,15070,20945,15070,10215,7446,10625,16,13151,1106,9909,4442,5025,8263,1,12976,6956,17323,20535,11623,2246,150,12254,1,,2024,2025
,1631218,Trayce Jackson-Davis,Trayce,1610612744,GSW,,22400007,,,,14.2,3,5,0.6,0,0,0.0,2,6,0.333,5,4,9,2,2,2,0,0,1,4,8,4,25.8,0,0,23.0,1,1,1,1,20077,12449,16437,5394,15070,20945,15070,6020,1898,13132,389,6429,2169,9909,4442,1671,8263,1,6051,2493,13544,8479,9500,2246,150,10339,1,,2024,2025
,1630541,Moses Moody,Moses,1610612744,GSW,,22400007,,,,11.916666666666666,1,4,0.25,0,2,0.0,2,2,1.0,0,2,2,0,1,0,2,0,1,2,4,-15,11.4,0,0,10.0,1,1,1,1,21323,19033,18231,20233,15070,14411,15070,6020,7446,1,14058,13151,16273,19908,8788,12854,808,1,6051,6956,18599,23599,18783,2246,150,19152,1,,2024,2025
,203952,Andrew Wiggins,Andrew,1610612744,GSW,,22400007,,,,33.715,3,8,0.375,0,3,0.0,2,4,0.5,1,2,3,4,1,2,1,0,4,4,8,16,25.6,0,0,21.0,1,1,1,1,4539,12449,11288,16299,15070,11494,15070,6020,3754,10625,6876,13151,12778,4780,8788,1671,2537,1,22904,2493,13544,2243,9621,2246,150,11621,1,,2024,2025
,1630228,Jonathan Kuminga,Jonathan,1610612744,GSW,,22400007,,,,27.55,6,11,0.545,2,5,0.4,2,4,0.5,2,3,5,1,0,1,0,0,2,2,16,-1,26.5,0,0,26.0,1,1,1,1,9909,5250,7071,7695,4949,6354,7874,6020,3754,10625,3306,9417,7268,14293,16469,5025,8263,1,12976,6956,6070,13450,9093,2246,150,8551,1,,2024,2025
,1629001,De'Anthony Melton,De'Anthony,1610612744,GSW,,22400007,,,,26.416666666666668,6,12,0.5,2,6,0.333,0,0,0.0,1,3,4,4,2,1,0,1,2,0,14,12,25.8,0,0,26.0,1,1,1,1,10803,5250,5979,8526,4949,4502,9209,13505,14344,13505,6876,9417,9701,4780,4442,5025,8263,17462,12976,17725,7553,3654,9500,2246,150,8551,1,,2024,2025
,1627741,Buddy Hield,Buddy,1610612744,GSW,,22400007,,,,20.65,6,13,0.462,2,8,0.25,0,0,0.0,0,1,1,0,0,2,0,0,0,0,14,-21,21.2,0,0,21.0,1,1,1,1,15523,5250,5079,12428,4949,2050,11902,13505,14344,13505,14058,17569,19889,19908,16469,1671,8263,1,1,17725,7553,25273,12273,2246,150,11621,1,,2024,2025
,1627780,Gary Payton II,Gary,1610612744,GSW,,22400007,,,,7.485,0,1,0.0,0,0,0.0,0,0,0.0,0,1,1,0,0,0,0,0,0,0,0,4,1.2,0,0,1.0,1,1,1,1,23005,22635,23259,22635,15070,20945,15070,13505,14344,13505,14058,17569,19889,19908,16469,12854,8263,1,1,17725,23200,8479,24725,2246,150,24667,1,,2024,2025
,1641764,Brandin Podziemski,Brandin,1610612744,GSW,,22400007,,,,16.683333333333334,1,2,0.5,1,1,1.0,0,0,0.0,0,1,1,1,0,0,0,0,2,0,3,-19,5.7,0,0,6.0,1,1,1,1,18477,19033,21660,8526,8896,17631,1,13505,14344,13505,14058,17569,19889,14293,16469,12854,8263,1,12976,17725,19913,24841,22263,2246,150,21698,1,,2024,2025
,203937,Kyle Anderson,Kyle,1610612744,GSW,,22400207,,,,20.41333333333333,2,6,0.333,0,2,0.0,2,2,1.0,2,3,5,5,0,1,0,0,0,1,6,7,22.5,0,0,18.0,1,1,1,1,15709,15612,14618,17395,15070,14411,15070,6020,7446,1,3306,9417,7268,3273,16469,5025,8263,1,1,11254,15937,6330,11461,2246,150,13589,1,,2024,2025
,1630228,Jonathan Kuminga,Jonathan,1610612744,GSW,,22400207,,,,26.37,8,11,0.727,2,4,0.5,2,3,0.667,1,4,5,1,2,0,1,1,2,3,20,7,28.5,0,0,30.0,1,1,1,1,10844,2561,7071,2666,4949,8688,3944,6020,6038,9425,6876,6429,7268,14293,4442,12854,2537,17462,12976,4218,3676,6330,7944,2246,150,6431,1,,2024,2025
,1641764,Brandin Podziemski,Brandin,1610612744,GSW,,22400207,,,,15.083333333333334,0,2,0.0,0,1,0.0,0,0,0.0,0,1,1,1,1,0,0,1,4,1,0,-10,1.7,0,0,2.0,1,1,1,1,19506,22635,21660,22635,15070,17631,15070,13505,14344,13505,14058,17569,19889,14293,8788,12854,8263,17462,22904,11254,23200,21147,24512,2246,150,24066,1,,2024,2025
,1627780,Gary Payton II,Gary,1610612744,GSW,,22400207,,,,12.283333333333331,3,3,1.0,0,0,0.0,1,2,0.5,1,0,1,1,1,0,0,0,5,2,7,2,8.7,0,0,9.0,1,1,1,1,21109,12449,19992,1,15070,20945,15070,10215,7446,10625,6876,22137,19889,14293,8788,12854,8263,1,25158,6956,14857,10285,20527,2246,150,19766,1,,2024,2025
,1631218,Trayce Jackson-Davis,Trayce,1610612744,GSW,,22400207,,,,4.716666666666667,1,2,0.5,0,0,0.0,0,0,0.0,0,2,2,0,0,0,0,1,0,0,2,-6,4.4,0,0,4.0,1,1,1,1,24137,19033,21660,8526,15070,20945,15070,13505,14344,13505,14058,13151,16273,19908,16469,12854,8263,17462,1,17725,21232,18298,23001,2246,150,22929,1,,2024,2025
,1630541,Moses Moody,Moses,1610612744,GSW,,22400207,,,,10.633333333333333,1,4,0.25,1,3,0.333,0,0,0.0,0,0,0,0,0,0,0,0,0,0,3,-7,3.0,0,0,4.0,1,1,1,1,21861,19033,18231,20233,8896,11494,9209,13505,14344,13505,14058,22137,23286,19908,16469,12854,8263,1,1,17725,19913,19141,23760,2246,150,22929,1,,2024,2025
,201939,Stephen Curry,Stephen,1610612744,GSW,,22400207,,,,36.5,13,23,0.565,7,13,0.538,3,4,0.75,1,4,5,7,3,1,1,2,2,2,36,21,55.5,0,0,59.0,1,1,1,1,2337,245,455,7102,76,166,3915,4159,3754,8186,6876,6429,7268,1463,2037,5025,2537,23925,12976,6956,261,1041,618,2246,150,279,1,,2024,2025
,203110,Draymond Green,Draymond,1610612744,GSW,,22400207,,,,30.85,3,5,0.6,2,3,0.667,0,0,0.0,0,4,4,11,3,0,0,0,4,2,8,8,26.3,0,0,25.0,1,1,1,1,6992,12449,16437,5394,4949,11494,1957,13505,14344,13505,14058,6429,9701,232,2037,12854,8263,1,22904,6956,13544,5660,9203,2246,150,9137,1,,2024,2025
,1627741,Buddy Hield,Buddy,1610612744,GSW,,22400207,,,,21.166666666666668,3,8,0.375,2,5,0.4,0,0,0.0,1,4,5,2,0,0,0,0,4,0,8,4,17.0,0,0,17.0,1,1,1,1,15170,12449,11288,16299,4949,6354,7874,13505,14344,13505,6876,6429,7268,9909,16469,12854,8263,1,22904,17725,13544,8479,15071,2246,150,14250,1,,2024,2025
,203952,Andrew Wiggins,Andrew,1610612744,GSW,,22400207,,,,35.18333333333333,6,14,0.429,2,4,0.5,4,6,0.667,5,3,8,5,0,3,1,1,3,3,18,21,47.1,0,0,41.0,1,1,1,1,3324,5250,4240,13735,4949,8688,3944,2676,1898,9425,389,9417,2934,3273,16469,473,2537,17462,18916,4218,4762,1041,1617,2246,150,2498,1,,2024,2025
,1629001,De'Anthony Melton,De'Anthony,1610612744,GSW,,22400207,,,,26.8,5,11,0.455,5,8,0.625,4,6,0.667,2,8,10,2,4,3,0,0,2,4,19,8,39.0,1,0,42.0,1,1,1,1,10488,7242,7071,12676,492,2050,2868,2676,1898,9425,3306,1271,1549,9909,877,473,8263,1,12976,2493,4202,5660,3499,1,150,2239,1,,2024,2025
,1630228,Jonathan Kuminga,Jonathan,1610612744,GSW,,22400188,,,,29.08333333333333,7,14,0.5,3,7,0.429,4,6,0.667,1,4,5,5,3,2,1,0,2,3,21,-4,40.5,0,0,40.0,1,13222,13222,13222,8609,3730,4240,8526,2458,3100,7394,2676,1898,9425,6876,6429,7268,3273,2037,1671,2537,1,12976,4218,3254,16449,3090,2246,150,2744,1,,2024,2025
,1629001,De'Anthony Melton,De'Anthony,1610612744,GSW,,22400188,,,,17.8,4,11,0.364,2,6,0.333,0,0,0.0,2,0,2,3,1,0,0,0,4,0,10,6,15.9,0,0,17.0,1,13222,13222,13222,17706,9611,7071,16861,4949,4502,9209,13505,14344,13505,3306,22137,16273,6913,8788,12854,8263,1,22904,17725,11377,7002,15803,2246,150,14250,1,,2024,2025
,203952,Andrew Wiggins,Andrew,1610612744,GSW,,22400188,,,,20.816666666666663,4,9,0.444,1,3,0.333,2,2,1.0,1,0,1,2,1,1,0,2,0,1,11,-23,17.2,0,0,17.0,1,13222,13222,13222,15419,9611,9700,13045,8896,11494,9209,6020,7446,1,6876,22137,19889,9909,8788,5025,8263,23925,1,11254,10323,25627,14950,2246,150,14250,1,,2024,2025
,1626172,Kevon Looney,Kevon,1610612744,GSW,,22400188,,,,15.666666666666666,4,6,0.667,0,0,0.0,1,1,1.0,1,6,7,1,0,2,0,1,2,2,9,2,24.9,0,0,21.0,1,13222,13222,13222,19151,9611,14618,3281,15070,20945,15070,10215,12810,1,6876,2943,3946,14293,16469,1671,8263,17462,12976,6956,12445,10285,10031,2246,150,11621,1,,2024,2025
,1641764,Brandin Podziemski,Brandin,1610612744,GSW,,22400188,,,,26.5,6,12,0.5,1,6,0.167,1,2,0.5,2,5,7,4,1,4,0,0,1,3,14,7,39.4,0,0,34.0,1,13222,13222,13222,10724,5250,5979,8526,8896,4502,14236,10215,7446,10625,3306,4392,3946,4780,8788,123,8263,1,6051,4218,7553,6330,3391,2246,150,4638,1,,2024,2025
,203110,Draymond Green,Draymond,1610612744,GSW,,22400188,,,,20.53333333333333,2,7,0.286,2,5,0.4,0,0,0.0,0,2,2,6,2,3,0,0,4,1,6,-23,24.4,0,0,22.0,1,13222,13222,13222,15619,15612,12910,19630,4949,6354,7874,13505,14344,13505,14058,13151,16273,2199,4442,473,8263,1,22904,11254,15937,25627,10331,2246,150,10998,1,,2024,2025
,1630611,Gui Santos,Gui,1610612744,GSW,,22400188,,,,4.733333333333333,1,1,1.0,1,1,1.0,0,0,0.0,1,0,1,0,0,0,0,0,0,0,3,1,4.2,0,0,5.0,1,13222,13222,13222,24123,19033,23259,1,8896,17631,1,13505,14344,13505,6876,22137,19889,19908,16469,12854,8263,1,1,17725,19913,11263,23095,2246,150,22358,1,,2024,2025
,1627741,Buddy Hield,Buddy,1610612744,GSW,,22400188,,,,19.35,1,4,0.25,1,4,0.25,0,0,0.0,0,2,2,1,1,0,0,0,2,0,3,-3,5.9,0,0,7.0,1,13222,13222,13222,16540,19033,18231,20233,8896,8688,11902,13505,14344,13505,14058,13151,16273,14293,8788,12854,8263,1,12976,17725,19913,15511,22177,2246,150,21087,1,,2024,2025
,203937,Kyle Anderson,Kyle,1610612744,GSW,,22400188,,,,14.1,2,5,0.4,0,2,0.0,0,0,0.0,0,3,3,2,0,0,1,0,2,0,4,-14,13.6,0,0,11.0,1,13222,13222,13222,20145,15612,16437,14933,15070,14411,15070,13505,14344,13505,14058,9417,12778,9909,16469,12854,2537,1,12976,17725,18599,23203,17296,2246,150,18464,1,,2024,2025
,1630541,Moses Moody,Moses,1610612744,GSW,,22400188,,,,16.933333333333334,5,10,0.5,1,3,0.333,0,0,0.0,0,2,2,1,1,0,0,2,1,0,11,-6,13.9,0,0,15.0,1,13222,13222,13222,18290,7242,8304,8526,8896,11494,9209,13505,14344,13505,14058,13151,16273,14293,8788,12854,8263,23925,6051,17725,10323,18298,17066,2246,150,15689,1,,2024,2025
,201939,Stephen Curry,Stephen,1610612744,GSW,,22400188,,,,23.766666666666666,5,10,0.5,1,4,0.25,1,1,1.0,0,1,1,2,6,2,0,1,0,0,12,-25,16.2,0,0,20.0,1,13222,13222,13222,13100,7242,8304,8526,8896,8688,11902,10215,12810,1,14058,17569,19889,9909,150,1671,8263,17462,1,17725,9299,25842,15608,2246,150,12254,1,,2024,2025
,1631218,Trayce Jackson-Davis,Trayce,1610612744,GSW,,22400188,,,,16.183333333333334,1,3,0.333,0,0,0.0,1,1,1.0,2,3,5,4,1,0,1,1,3,1,3,-5,17.0,0,0,14.0,1,13222,13222,13222,18806,19033,19992,17395,15070,20945,15070,10215,12810,1,3306,9417,7268,4780,8788,12854,2537,17462,18916,11254,19913,17436,15071,2246,150,16370,1,,2024,2025
,1627780,Gary Payton II,Gary,1610612744,GSW,,22400188,,,,9.8,4,4,1.0,0,0,0.0,0,1,0.0,1,1,2,1,0,0,1,0,2,1,8,-9,14.9,0,0,13.0,1,13222,13222,13222,22171,9611,18231,1,15070,20945,15070,13505,12810,13505,6876,17569,16273,14293,16469,12854,2537,1,12976,11254,13544,20535,16417,2246,150,17050,1,,2024,2025
,1630322,Lindy Waters III,Lindy,1610612744,GSW,,22400188,,,,4.733333333333333,1,2,0.5,0,1,0.0,0,0,0.0,0,0,0,0,0,0,0,0,1,0,2,1,2.0,0,0,2.0,1,13222,13222,13222,24123,19033,21660,8526,15070,17631,15070,13505,14344,13505,14058,22137,23286,19908,16469,12854,8263,1,6051,17725,21232,11263,24331,2246,150,24066,1,,2024,2025
,201939,Stephen Curry,Stephen,1610612744,GSW,,22400172,,,,34.385,8,17,0.471,4,9,0.444,7,7,1.0,0,7,7,9,3,4,1,2,2,4,27,7,60.9,0,0,57.0,1,1,1,1,3933,2561,2289,12143,1130,1295,7211,752,1377,1,14058,1947,3946,635,2037,123,2537,23925,12976,2493,1351,6330,291,2246,150,347,1,,2024,2025
,1626172,Kevon Looney,Kevon,1610612744,GSW,,22400172,,,,15.876666666666669,3,5,0.6,0,0,0.0,0,0,0.0,6,4,10,0,0,0,0,0,4,0,6,4,18.0,0,0,16.0,1,1,1,1,19017,12449,16437,5394,15070,20945,15070,13505,14344,13505,185,6429,1549,19908,16469,12854,8263,1,22904,17725,15937,8479,14409,2246,150,14948,1,,2024,2025
,1630322,Lindy Waters III,Lindy,1610612744,GSW,,22400172,,,,13.9,0,2,0.0,0,1,0.0,0,0,0.0,0,2,2,1,0,0,0,0,0,0,0,-1,3.9,0,0,3.0,1,1,1,1,20244,22635,21660,22635,15070,17631,15070,13505,14344,13505,14058,13151,16273,14293,16469,12854,8263,1,1,17725,23200,13450,23345,2246,150,23533,1,,2024,2025
,1631218,Trayce Jackson-Davis,Trayce,1610612744,GSW,,22400172,,,,16.183333333333334,4,6,0.667,0,0,0.0,0,0,0.0,1,1,2,1,1,0,0,0,1,0,8,-9,10.9,0,0,11.0,1,1,1,1,18806,9611,14618,3281,15070,20945,15070,13505,14344,13505,6876,17569,16273,14293,8788,12854,8263,1,6051,17725,13544,20535,19118,2246,150,18464,1,,2024,2025
,203937,Kyle Anderson,Kyle,1610612744,GSW,,22400172,,,,19.88833333333333,3,9,0.333,3,4,0.75,2,2,1.0,0,5,5,4,0,0,1,0,1,1,11,-2,26.0,0,0,25.0,1,1,1,1,16108,12449,9700,17395,2458,8688,1542,6020,7446,1,14058,4392,7268,4780,16469,12854,2537,1,6051,11254,10323,14448,9390,2246,150,9137,1,,2024,2025
,1627780,Gary Payton II,Gary,1610612744,GSW,,22400172,,,,18.311666666666667,3,4,0.75,0,1,0.0,0,1,0.0,2,1,3,1,2,1,2,0,2,1,6,7,18.1,0,0,16.0,1,1,1,1,17358,12449,18231,2107,15070,17631,15070,13505,12810,13505,3306,17569,12778,14293,4442,5025,808,1,12976,11254,15937,6330,14347,2246,150,14948,1,,2024,2025
,1630228,Jonathan Kuminga,Jonathan,1610612744,GSW,,22400172,,,,17.95,4,10,0.4,2,3,0.667,0,0,0.0,0,4,4,1,1,0,0,0,3,1,10,-2,15.3,0,0,17.0,1,1,1,1,17593,9611,8304,14933,4949,11494,1957,13505,14344,13505,14058,6429,9701,14293,8788,12854,8263,1,18916,11254,11377,14448,16175,2246,150,14250,1,,2024,2025
,203952,Andrew Wiggins,Andrew,1610612744,GSW,,22400172,,,,31.216666666666665,6,14,0.429,0,3,0.0,4,6,0.667,0,2,2,0,2,0,0,1,1,6,16,8,16.4,0,0,18.0,1,1,1,1,6684,5250,4240,13735,15070,11494,15070,2676,1898,9425,14058,13151,16273,19908,4442,12854,8263,17462,6051,792,6070,5660,15467,2246,150,13589,1,,2024,2025
,1630541,Moses Moody,Moses,1610612744,GSW,,22400172,,,,13.433333333333334,3,5,0.6,1,2,0.5,2,2,1.0,3,3,6,0,0,1,0,0,1,1,9,-5,19.2,0,0,18.0,1,1,1,1,20517,12449,16437,5394,8896,14411,3944,6020,7446,1,1615,9417,5362,19908,16469,5025,8263,1,6051,11254,12445,17436,13638,2246,150,13589,1,,2024,2025
,203110,Draymond Green,Draymond,1610612744,GSW,,22400172,,,,30.316666666666663,2,8,0.25,0,4,0.0,5,6,0.833,2,4,6,4,2,0,0,0,1,4,9,3,20.2,0,0,19.0,1,1,1,1,7479,15612,11288,20233,15070,8688,15070,1817,1898,7275,3306,6429,5362,4780,4442,12854,8263,1,6051,2493,12445,9394,12950,2246,150,12913,1,,2024,2025
,1627741,Buddy Hield,Buddy,1610612744,GSW,,22400172,,,,28.53833333333333,6,11,0.545,4,7,0.571,0,0,0.0,1,5,6,1,0,0,1,0,3,0,16,20,27.7,0,0,29.0,1,1,1,1,9081,5250,7071,7695,1130,3100,3506,13505,14344,13505,6876,4392,5362,14293,16469,12854,2537,1,18916,17725,6070,1243,8387,2246,150,6953,1,,2024,2025
,203937,Kyle Anderson,Kyle,1610612744,GSW,,22400155,,,,15.916666666666666,1,3,0.333,0,0,0.0,4,6,0.667,1,2,3,1,0,0,2,0,2,4,6,10,17.1,0,0,14.0,1,1,1,1,18986,19033,19992,17395,15070,20945,15070,2676,1898,9425,6876,13151,12778,14293,16469,12854,808,1,12976,2493,15937,4588,15010,2246,150,16370,1,,2024,2025
,1641764,Brandin Podziemski,Brandin,1610612744,GSW,,22400155,,,,13.1,1,3,0.333,0,1,0.0,0,0,0.0,0,4,4,1,1,1,0,0,2,1,2,6,10.3,0,0,9.0,1,1,1,1,20693,19033,19992,17395,15070,17631,15070,13505,14344,13505,14058,6429,9701,14293,8788,5025,8263,1,12976,11254,21232,7002,19532,2246,150,19766,1,,2024,2025
,1630311,Pat Spencer,Pat,1610612744,GSW,,22400155,,,,0.5133333333333333,0,0,0.0,0,0,0.0,0,0,0.0,0,0,0,0,0,0,0,0,0,0,0,0,0.0,0,0,0.0,1,1,1,1,26202,22635,24836,22635,15070,20945,15070,13505,14344,13505,14058,22137,23286,19908,16469,12854,8263,1,1,17725,23200,12240,25228,2246,150,25259,1,,2024,2025
,1627780,Gary Payton II,Gary,1610612744,GSW,,22400155,,,,16.398333333333333,3,3,1.0,0,0,0.0,0,0,0.0,1,2,3,3,1,0,0,0,2,0,6,4,13.1,0,0,12.0,1,1,1,1,18661,12449,19992,1,15070,20945,15070,13505,14344,13505,6876,13151,12778,6913,8788,12854,8263,1,12976,17725,15937,8479,17641,2246,150,17796,1,,2024,2025
,203952,Andrew Wiggins,Andrew,1610612744,GSW,,22400155,,,,17.983333333333334,1,9,0.111,0,6,0.0,3,4,0.75,1,3,4,2,0,0,2,1,3,2,5,5,18.8,0,0,15.0,1,1,1,1,17566,19033,9700,22520,15070,4502,15070,4159,3754,8186,6876,9417,9701,9909,16469,12854,808,17462,18916,6956,17323,7737,13898,2246,150,15689,1,,2024,2025
,1630322,Lindy Waters III,Lindy,1610612744,GSW,,22400155,,,,13.868333333333334,1,4,0.25,1,3,0.333,0,0,0.0,1,2,3,1,0,0,0,1,2,0,3,-2,8.1,0,0,8.0,1,1,1,1,20259,19033,18231,20233,8896,11494,9209,13505,14344,13505,6876,13151,12778,14293,16469,12854,8263,17462,12976,17725,19913,14448,20889,2246,150,20457,1,,2024,2025
,1630541,Moses Moody,Moses,1610612744,GSW,,22400155,,,,14.983333333333333,3,7,0.429,1,4,0.25,3,3,1.0,1,0,1,1,0,1,0,0,0,2,10,-6,15.7,0,0,15.0,1,1,1,1,19573,12449,12910,13735,8896,8688,11902,4159,6038,1,6876,22137,19889,14293,16469,5025,8263,1,1,6956,11377,18298,15924,2246,150,15689,1,,2024,2025
,1631218,Trayce Jackson-Davis,Trayce,1610612744,GSW,,22400155,,,,23.366666666666667,6,11,0.545,0,0,0.0,0,0,0.0,1,5,6,3,0,0,1,3,1,0,12,11,26.7,0,0,23.0,1,1,1,1,13408,5250,7071,7695,15070,20945,15070,13505,14344,13505,6876,4392,5362,6913,16469,12854,2537,25707,6051,17725,9299,4119,8980,2246,150,10339,1,,2024,2025
,1626172,Kevon Looney,Kevon,1610612744,GSW,,22400155,,,,17.966666666666665,2,6,0.333,0,0,0.0,0,0,0.0,5,5,10,2,0,0,0,0,3,0,4,0,19.0,0,0,16.0,1,1,1,1,17583,15612,14618,17395,15070,20945,15070,13505,14344,13505,389,4392,1549,9909,16469,12854,8263,1,18916,17725,18599,12240,13770,2246,150,14948,1,,2024,2025
,201939,Stephen Curry,Stephen,1610612744,GSW,,22400155,,,,24.08333333333333,7,15,0.467,4,9,0.444,6,6,1.0,1,2,3,6,2,0,0,0,1,3,24,9,34.6,0,0,37.0,1,1,1,1,12811,3730,3491,12249,1130,1295,7211,1180,1898,1,6876,13151,12778,2199,4442,12854,8263,1,6051,4218,2129,5125,5046,2246,150,3591,1,,2024,2025
,203110,Draymond Green,Draymond,1610612744,GSW,,22400155,,,,28.883333333333333,5,7,0.714,3,4,0.75,5,7,0.714,1,7,8,5,2,0,1,1,2,5,18,11,36.1,0,0,36.0,1,1,1,1,8775,7242,12910,2752,2458,8688,1542,1817,1377,9244,6876,1947,2934,3273,4442,12854,2537,17462,12976,1447,4762,4119,4469,2246,150,3901,1,,2024,2025
,1627741,Buddy Hield,Buddy,1610612744,GSW,,22400155,,,,27.65333333333333,7,14,0.5,3,8,0.375,3,4,0.75,0,5,5,2,0,2,1,1,2,4,20,14,38.0,0,0,36.0,1,1,1,1,9829,3730,4240,8526,2458,2050,8800,4159,3754,8186,14058,4392,7268,9909,16469,1671,2537,17462,12976,2493,3676,2867,3812,2246,150,3901,1,,2024,2025
,1630228,Jonathan Kuminga,Jonathan,1610612744,GSW,,22400155,,,,25.28333333333333,7,15,0.467,0,2,0.0,1,4,0.25,3,3,6,2,0,1,0,1,0,2,15,3,28.2,0,0,25.0,1,1,1,1,11759,3730,3491,12249,15070,14411,15070,10215,3754,13358,1615,9417,5362,9909,16469,5025,8263,17462,1,6956,6813,9394,8103,2246,150,9137,1,,2024,2025
,1641764,Brandin Podziemski,Brandin,1610612744,GSW,,22400144,,,,37.73333333333333,5,11,0.455,0,3,0.0,2,4,0.5,0,5,5,6,3,0,1,1,6,4,12,7,27.0,0,0,25.0,1,1,1,1,1546,7242,7071,12676,15070,11494,15070,6020,3754,10625,14058,4392,7268,2199,2037,12854,2537,17462,26091,2493,9299,6330,8803,2246,150,9137,1,,2024,2025
,203952,Andrew Wiggins,Andrew,1610612744,GSW,,22400144,,,,31.33333333333333,3,9,0.333,2,4,0.5,7,10,0.7,1,2,3,2,2,1,0,2,0,5,15,-3,22.6,0,0,24.0,1,1,1,1,6570,12449,9700,17395,4949,8688,3944,752,423,9366,6876,13151,12778,9909,4442,5025,8263,23925,1,1447,6813,15511,11392,2246,150,9719,1,,2024,2025
,1630228,Jonathan Kuminga,Jonathan,1610612744,GSW,,22400144,,,,26.42833333333333,7,12,0.583,2,3,0.667,7,10,0.7,1,5,6,1,4,0,0,2,0,6,23,18,27.7,0,0,32.0,1,1,1,1,10799,3730,5979,6296,4949,11494,1957,752,423,9366,6876,4392,5362,14293,877,12854,8263,23925,1,792,2434,1677,8387,2246,150,5433,1,,2024,2025
,1631218,Trayce Jackson-Davis,Trayce,1610612744,GSW,,22400144,,,,12.6,3,3,1.0,0,0,0.0,0,0,0.0,0,3,3,3,0,0,0,0,3,1,6,7,14.1,0,0,12.0,1,1,1,1,20943,12449,19992,1,15070,20945,15070,13505,14344,13505,14058,9417,12778,6913,16469,12854,8263,1,18916,11254,15937,6330,16945,2246,150,17796,1,,2024,2025
,1626172,Kevon Looney,Kevon,1610612744,GSW,,22400144,,,,20.496666666666663,1,3,0.333,0,0,0.0,5,8,0.625,2,5,7,2,0,1,1,0,3,4,7,12,24.4,0,0,20.0,1,1,1,1,15647,19033,19992,17395,15070,20945,15070,1817,912,10271,3306,4392,3946,9909,16469,5025,2537,1,18916,2493,14857,3654,10331,2246,150,12254,1,,2024,2025
,1627780,Gary Payton II,Gary,1610612744,GSW,,22400144,,,,10.571666666666667,1,2,0.5,1,1,1.0,0,0,0.0,0,1,1,0,0,1,0,1,2,0,3,-2,7.2,0,0,7.0,1,1,1,1,21883,19033,21660,8526,8896,17631,1,13505,14344,13505,14058,17569,19889,19908,16469,5025,8263,17462,12976,17725,19913,14448,21393,2246,150,21087,1,,2024,2025
,1630541,Moses Moody,Moses,1610612744,GSW,,22400144,,,,16.716666666666665,2,2,1.0,2,2,1.0,3,5,0.6,0,0,0,2,0,0,0,0,0,2,9,8,12.0,0,0,13.0,1,1,1,1,18448,15612,21660,1,4949,14411,1,4159,2872,10343,14058,22137,23286,9909,16469,12854,8263,1,1,6956,12445,5660,18398,2246,150,17050,1,,2024,2025
,203110,Draymond Green,Draymond,1610612744,GSW,,22400144,,,,35.47833333333333,4,8,0.5,1,3,0.333,5,9,0.556,4,7,11,3,1,0,0,0,6,6,14,-5,30.7,1,0,29.0,1,1,1,1,3098,9611,11288,8526,8896,11494,9209,1817,643,10597,785,1947,1106,6913,8788,12854,8263,1,26091,792,7553,17436,6826,1,150,6953,1,,2024,2025
,203937,Kyle Anderson,Kyle,1610612744,GSW,,22400144,,,,24.155,4,10,0.4,1,4,0.25,0,0,0.0,0,3,3,2,1,1,1,0,0,1,9,-2,20.6,0,0,19.0,1,1,1,1,12758,9611,8304,14933,8896,8688,11902,13505,14344,13505,14058,9417,12778,9909,8788,5025,2537,1,1,11254,12445,14448,12684,2246,150,12913,1,,2024,2025
,1630322,Lindy Waters III,Lindy,1610612744,GSW,,22400144,,,,17.465,1,4,0.25,0,2,0.0,0,0,0.0,0,1,1,3,0,0,0,0,0,1,2,-3,7.7,0,0,6.0,1,1,1,1,17954,19033,18231,20233,15070,14411,15070,13505,14344,13505,14058,17569,19889,6913,16469,12854,8263,1,1,11254,21232,15511,21084,2246,150,21698,1,,2024,2025
,1627741,Buddy Hield,Buddy,1610612744,GSW,,22400144,,,,32.02166666666667,9,14,0.643,6,10,0.6,3,4,0.75,1,6,7,2,3,1,1,0,2,2,27,-7,41.4,0,0,46.0,1,1,1,1,5951,1688,4240,4607,202,829,2992,4159,3754,8186,6876,2943,3946,9909,2037,5025,2537,1,12976,6956,1351,19141,2864,2246,150,1461,1,,2024,2025
,203937,Kyle Anderson,Kyle,1610612744,GSW,,22400126,,,,15.3,4,4,1.0,1,1,1.0,1,2,0.5,1,3,4,2,0,0,1,0,1,2,10,1,20.8,0,0,19.0,1,1,1,1,19374,9611,18231,1,8896,17631,1,10215,7446,10625,6876,9417,9701,9909,16469,12854,2537,1,6051,6956,11377,11263,12548,2246,150,12913,1,,2024,2025
,1641736,Reece Beekman,Reece,1610612744,GSW,,22400126,,,,1.3666666666666667,1,1,1.0,0,0,0.0,0,0,0.0,1,0,1,0,0,0,0,0,0,0,2,0,3.2,0,0,3.0,1,1,1,1,25879,19033,23259,1,15070,20945,15070,13505,14344,13505,6876,22137,19889,19908,16469,12854,8263,1,1,17725,21232,12240,23585,2246,150,23533,1,,2024,2025
,1627780,Gary Payton II,Gary,1610612744,GSW,,22400126,,,,7.316666666666666,0,0,0.0,0,0,0.0,0,0,0.0,1,0,1,2,1,0,0,0,2,0,0,-5,3.2,0,0,3.0,1,1,1,1,23056,22635,24836,22635,15070,20945,15070,13505,14344,13505,6876,22137,19889,9909,8788,12854,8263,1,12976,17725,23200,17436,23585,2246,150,23533,1,,2024,2025
,1630611,Gui Santos,Gui,1610612744,GSW,,22400126,,,,1.3666666666666667,0,1,0.0,0,1,0.0,0,0,0.0,0,0,0,0,0,0,0,0,0,0,0,0,0.0,0,0,0.0,1,1,1,1,25879,22635,23259,22635,15070,17631,15070,13505,14344,13505,14058,22137,23286,19908,16469,12854,8263,1,1,17725,23200,12240,25228,2246,150,25259,1,,2024,2025
,1630311,Pat Spencer,Pat,1610612744,GSW,,22400126,,,,1.3666666666666667,0,0,0.0,0,0,0.0,0,0,0.0,0,0,0,1,0,0,0,0,0,0,0,0,1.5,0,0,1.0,1,1,1,1,25879,22635,24836,22635,15070,20945,15070,13505,14344,13505,14058,22137,23286,14293,16469,12854,8263,1,1,17725,23200,12240,24554,2246,150,24667,1,,2024,2025
,1630322,Lindy Waters III,Lindy,1610612744,GSW,,22400126,,,,29.966666666666665,1,5,0.2,1,5,0.2,0,0,0.0,0,1,1,3,0,1,1,0,1,1,3,13,14.7,0,0,12.0,1,1,1,1,7812,19033,16437,21401,8896,6354,13429,13505,14344,13505,14058,17569,19889,6913,16469,5025,2537,1,6051,11254,19913,3250,16557,2246,150,17796,1,,2024,2025
,1626172,Kevon Looney,Kevon,1610612744,GSW,,22400126,,,,8.55,1,1,1.0,0,0,0.0,0,0,0.0,1,3,4,1,1,0,0,0,2,1,2,3,7.3,0,0,7.0,1,1,1,1,22616,19033,23259,1,15070,20945,15070,13505,14344,13505,6876,9417,9701,14293,8788,12854,8263,1,12976,11254,21232,9394,21377,2246,150,21087,1,,2024,2025
,1627741,Buddy Hield,Buddy,1610612744,GSW,,22400126,,,,29.0,8,19,0.421,4,12,0.333,1,1,1.0,2,0,2,3,0,1,1,1,1,0,21,0,33.9,0,0,34.0,1,1,1,1,8672,2561,1432,14442,1130,299,9209,10215,12810,1,3306,22137,16273,6913,16469,5025,2537,17462,6051,17725,3254,12240,5341,2246,150,4638,1,,2024,2025
,1631218,Trayce Jackson-Davis,Trayce,1610612744,GSW,,22400126,,,,20.2,7,9,0.778,0,0,0.0,1,2,0.5,1,8,9,2,0,0,1,1,1,2,15,11,31.8,0,0,28.0,1,1,1,1,15862,3730,9700,1994,15070,20945,15070,10215,7446,10625,6876,1271,2169,9909,16469,12854,2537,17462,6051,6956,6813,4119,6263,2246,150,7475,1,,2024,2025
,1630228,Jonathan Kuminga,Jonathan,1610612744,GSW,,22400126,,,,27.25,6,12,0.5,0,1,0.0,4,5,0.8,2,2,4,2,1,1,0,1,4,3,16,8,25.8,0,0,24.0,1,1,1,1,10145,5250,5979,8526,15070,17631,15070,2676,2872,7681,3306,13151,9701,9909,8788,5025,8263,17462,22904,4218,6070,5660,9500,2246,150,9719,1,,2024,2025
,1630541,Moses Moody,Moses,1610612744,GSW,,22400126,,,,30.1,3,9,0.333,2,6,0.333,0,0,0.0,1,3,4,3,3,0,0,1,3,1,8,18,14.3,0,0,17.0,1,1,1,1,7690,12449,9700,17395,4949,4502,9209,13505,14344,13505,6876,9417,9701,6913,2037,12854,8263,17462,18916,11254,13544,1677,16842,2246,150,14250,1,,2024,2025
,1641764,Brandin Podziemski,Brandin,1610612744,GSW,,22400126,,,,38.1,5,15,0.333,2,7,0.286,1,2,0.5,2,6,8,7,4,1,0,2,2,3,13,13,32.1,0,0,32.0,1,1,1,1,1325,7242,3491,17395,4949,3100,11433,10215,7446,10625,3306,2943,2934,1463,877,5025,8263,23925,12976,4218,8426,3250,6133,2246,150,5433,1,,2024,2025
,203110,Draymond Green,Draymond,1610612744,GSW,,22400126,,,,30.116666666666667,5,11,0.455,3,5,0.6,1,1,1.0,1,3,4,6,3,1,5,0,5,4,14,13,42.8,0,0,39.0,1,1,1,1,7664,7242,7071,12676,2458,6354,2992,10215,12810,1,6876,9417,9701,2199,2037,5025,34,1,25158,2493,7553,3250,2529,2246,150,2984,1,,2024,2025
,1626172,Kevon Looney,Kevon,1610612744,GSW,,22400116,,,,19.95,2,5,0.4,0,0,0.0,0,0,0.0,5,4,9,2,1,2,1,0,4,0,4,11,25.8,0,0,21.0,1,1,1,1,16058,15612,16437,14933,15070,20945,15070,13505,14344,13505,389,6429,2169,9909,8788,1671,2537,1,22904,17725,18599,4119,9500,2246,150,11621,1,,2024,2025
,203937,Kyle Anderson,Kyle,1610612744,GSW,,22400116,,,,19.816666666666663,0,9,0.0,0,6,0.0,1,2,0.5,0,2,2,4,0,5,0,0,1,1,1,9,24.4,0,0,17.0,1,1,1,1,16160,22635,9700,22635,15070,4502,15070,10215,7446,10625,14058,13151,16273,4780,16469,33,8263,1,6051,11254,22996,5125,10331,2246,150,14250,1,,2024,2025
,1630541,Moses Moody,Moses,1610612744,GSW,,22400116,,,,17.5,6,8,0.75,5,6,0.833,0,0,0.0,0,2,2,1,1,0,1,1,2,0,17,-4,22.9,0,0,27.0,1,1,1,1,17920,5250,11288,2107,492,4502,1341,13505,14344,13505,14058,13151,16273,14293,8788,12854,2537,17462,12976,17725,5360,16449,11219,2246,150,7999,1,,2024,2025
,1630322,Lindy Waters III,Lindy,1610612744,GSW,,22400116,,,,30.57333333333333,8,13,0.615,3,7,0.429,2,2,1.0,3,5,8,4,0,1,0,1,3,2,21,26,39.6,0,0,38.0,1,1,1,1,7260,2561,5079,5246,2458,3100,7394,6020,7446,1,1615,4392,2934,4780,16469,5025,8263,17462,18916,6956,3254,449,3331,2246,150,3270,1,,2024,2025
,1630228,Jonathan Kuminga,Jonathan,1610612744,GSW,,22400116,,,,28.2,6,13,0.462,1,3,0.333,4,4,1.0,0,3,3,3,2,2,1,2,0,2,17,4,32.1,0,0,30.0,1,1,1,1,9378,5250,5079,12428,8896,11494,9209,2676,3754,1,14058,9417,12778,6913,4442,1671,2537,23925,1,6956,5360,8479,6133,2246,150,6431,1,,2024,2025
,1627780,Gary Payton II,Gary,1610612744,GSW,,22400116,,,,8.06,3,5,0.6,1,2,0.5,0,0,0.0,1,0,1,0,1,0,1,1,0,0,7,-3,10.2,0,0,11.0,1,1,1,1,22803,12449,16437,5394,8896,14411,3944,13505,14344,13505,6876,22137,19889,19908,8788,12854,2537,17462,1,17725,14857,15511,19567,2246,150,18464,1,,2024,2025
,1641736,Reece Beekman,Reece,1610612744,GSW,,22400116,,,,2.716666666666667,0,0,0.0,0,0,0.0,0,0,0.0,0,0,0,1,0,1,0,0,1,0,0,0,4.5,0,0,3.0,1,1,1,1,25110,22635,24836,22635,15070,20945,15070,13505,14344,13505,14058,22137,23286,14293,16469,5025,8263,1,6051,17725,23200,12240,22935,2246,150,23533,1,,2024,2025
,1631218,Trayce Jackson-Davis,Trayce,1610612744,GSW,,22400116,,,,16.916666666666668,1,1,1.0,0,0,0.0,1,2,0.5,0,2,2,5,1,0,1,0,0,2,3,6,14.9,0,0,12.0,1,1,1,1,18307,19033,23259,1,15070,20945,15070,10215,7446,10625,14058,13151,16273,3273,8788,12854,2537,1,1,6956,19913,7002,16417,2246,150,17796,1,,2024,2025
,1630311,Pat Spencer,Pat,1610612744,GSW,,22400116,,,,2.716666666666667,2,3,0.667,0,0,0.0,0,0,0.0,0,0,0,0,0,0,0,0,0,0,4,0,4.0,0,0,4.0,1,1,1,1,25110,15612,19992,3281,15070,20945,15070,13505,14344,13505,14058,22137,23286,19908,16469,12854,8263,1,1,17725,18599,12240,23284,2246,150,22929,1,,2024,2025
,203110,Draymond Green,Draymond,1610612744,GSW,,22400116,,,,28.5,1,4,0.25,1,3,0.333,0,0,0.0,1,2,3,7,0,1,2,0,4,4,3,15,26.1,0,0,20.0,1,1,1,1,9119,19033,18231,20233,8896,11494,9209,13505,14344,13505,6876,13151,12778,1463,16469,5025,808,1,22904,2493,19913,2549,9334,2246,150,12254,1,,2024,2025
,1630611,Gui Santos,Gui,1610612744,GSW,,22400116,,,,2.716666666666667,0,0,0.0,0,0,0.0,0,0,0.0,0,0,0,1,1,0,0,0,0,0,0,0,0.5,0,0,1.0,1,1,1,1,25110,22635,24836,22635,15070,20945,15070,13505,14344,13505,14058,22137,23286,14293,8788,12854,8263,1,1,17725,23200,12240,25112,2246,150,24667,1,,2024,2025
,1641764,Brandin Podziemski,Brandin,1610612744,GSW,,22400116,,,,33.53333333333333,8,18,0.444,3,8,0.375,0,0,0.0,1,2,3,5,0,1,2,0,2,0,19,17,39.1,0,0,36.0,1,1,1,1,4698,2561,1822,13045,2458,2050,8800,13505,14344,13505,6876,13151,12778,3273,16469,5025,808,1,12976,17725,4202,1948,3468,2246,150,3901,1,,2024,2025
,1627741,Buddy Hield,Buddy,1610612744,GSW,,22400116,,,,28.8,9,18,0.5,7,11,0.636,3,3,1.0,0,1,1,1,0,2,0,1,3,2,28,9,36.7,0,0,41.0,1,1,1,1,8839,1688,1822,8526,76,499,2842,4159,6038,1,14058,17569,19889,14293,16469,1671,8263,17462,18916,6956,1156,5125,4257,2246,150,2498,1,,2024,2025
,203952,Andrew Wiggins,Andrew,1610612744,GSW,,22400101,,,,29.13,11,15,0.733,5,8,0.625,2,3,0.667,0,3,3,0,1,1,1,0,2,3,29,-3,37.6,0,0,41.0,1,13222,13222,13222,8567,704,3491,2644,492,2050,2868,6020,6038,9425,14058,9417,12778,19908,8788,5025,2537,1,12976,4218,994,15511,3953,2246,150,2498,1,,2024,2025
,1630322,Lindy Waters III,Lindy,1610612744,GSW,,22400101,,,,0.5366666666666666,0,0,0.0,0,0,0.0,0,0,0.0,0,0,0,0,0,0,0,0,0,0,0,0,0.0,0,0,0.0,1,13222,13222,13222,26198,22635,24836,22635,15070,20945,15070,13505,14344,13505,14058,22137,23286,19908,16469,12854,8263,1,1,17725,23200,12240,25228,2246,150,25259,1,,2024,2025
,1631218,Trayce Jackson-Davis,Trayce,1610612744,GSW,,22400101,,,,15.95,2,6,0.333,0,0,0.0,0,0,0.0,0,1,1,1,1,0,1,1,0,0,4,1,8.7,0,0,8.0,1,13222,13222,13222,18962,15612,14618,17395,15070,20945,15070,13505,14344,13505,14058,17569,19889,14293,8788,12854,2537,17462,1,17725,18599,11263,20527,2246,150,20457,1,,2024,2025
,203110,Draymond Green,Draymond,1610612744,GSW,,22400101,,,,26.816666666666663,0,2,0.0,0,1,0.0,2,2,1.0,0,5,5,2,2,0,0,0,4,2,2,2,9.0,0,0,9.0,1,13222,13222,13222,10473,22635,21660,22635,15070,17631,15070,6020,7446,1,14058,4392,7268,9909,4442,12854,8263,1,22904,6956,21232,10285,20341,2246,150,19766,1,,2024,2025
,1641764,Brandin Podziemski,Brandin,1610612744,GSW,,22400101,,,,24.7,2,8,0.25,0,5,0.0,0,0,0.0,1,4,5,4,2,0,0,0,2,1,4,-2,14.0,0,0,13.0,1,13222,13222,13222,12272,15612,11288,20233,15070,6354,15070,13505,14344,13505,6876,6429,7268,4780,4442,12854,8263,1,12976,11254,18599,14448,17013,2246,150,17050,1,,2024,2025
,1629001,De'Anthony Melton,De'Anthony,1610612744,GSW,,22400101,,,,17.1,3,5,0.6,2,4,0.5,0,0,0.0,0,1,1,0,0,0,1,0,2,1,8,-10,12.2,0,0,13.0,1,13222,13222,13222,18200,12449,16437,5394,4949,8688,3944,13505,14344,13505,14058,17569,19889,19908,16469,12854,2537,1,12976,11254,13544,21147,18251,2246,150,17050,1,,2024,2025
,1630228,Jonathan Kuminga,Jonathan,1610612744,GSW,,22400101,,,,22.05,4,10,0.4,1,6,0.167,3,6,0.5,3,2,5,1,1,3,0,0,2,3,12,0,27.5,0,0,25.0,1,13222,13222,13222,14461,9611,8304,14933,8896,4502,14236,4159,1898,10625,1615,13151,7268,14293,8788,473,8263,1,12976,4218,9299,12240,8499,2246,150,9137,1,,2024,2025
,1627741,Buddy Hield,Buddy,1610612744,GSW,,22400101,,,,27.883333333333333,3,14,0.214,1,9,0.111,1,1,1.0,1,5,6,2,4,1,1,1,3,2,8,-7,20.2,0,0,21.0,1,13222,13222,13222,9638,12449,4240,21369,8896,1295,15003,10215,12810,1,6876,4392,5362,9909,877,5025,2537,17462,18916,6956,13544,19141,12950,2246,150,11621,1,,2024,2025
,201939,Stephen Curry,Stephen,1610612744,GSW,,22400101,,,,26.7,6,11,0.545,4,7,0.571,2,2,1.0,0,4,4,6,6,2,1,0,1,3,18,2,34.8,0,0,38.0,1,13222,13222,13222,10565,5250,7071,7695,1130,3100,3506,6020,7446,1,14058,6429,9701,2199,150,1671,2537,1,6051,4218,4762,10285,4962,2246,150,3270,1,,2024,2025
,1626172,Kevon Looney,Kevon,1610612744,GSW,,22400101,,,,20.066666666666663,4,9,0.444,0,0,0.0,2,4,0.5,5,6,11,3,1,3,0,0,4,2,10,-6,35.7,1,0,30.0,1,13222,13222,13222,15970,9611,9700,13045,15070,20945,15070,6020,3754,10625,389,2943,1106,6913,8788,473,8263,1,22904,6956,11377,18298,4618,1,150,6431,1,,2024,2025
,1627780,Gary Payton II,Gary,1610612744,GSW,,22400101,,,,13.55,2,5,0.4,0,1,0.0,2,2,1.0,2,1,3,0,0,0,0,0,1,1,6,-3,9.6,0,0,9.0,1,13222,13222,13222,20458,15612,16437,14933,15070,17631,15070,6020,7446,1,3306,17569,12778,19908,16469,12854,8263,1,6051,11254,15937,15511,19963,2246,150,19766,1,,2024,2025
,1630541,Moses Moody,Moses,1610612744,GSW,,22400101,,,,11.75,1,3,0.333,1,2,0.5,0,2,0.0,1,1,2,0,2,0,0,0,1,2,3,-5,3.4,0,0,6.0,1,13222,13222,13222,21394,19033,19992,17395,8896,14411,3944,13505,7446,13505,6876,17569,16273,19908,4442,12854,8263,1,6051,6956,19913,17436,23550,2246,150,21698,1,,2024,2025
,203937,Kyle Anderson,Kyle,1610612744,GSW,,22400101,,,,3.7666666666666666,0,0,0.0,0,0,0.0,0,0,0.0,1,0,1,0,1,0,0,0,0,1,0,-9,0.2,0,0,1.0,1,13222,13222,13222,24582,22635,24836,22635,15070,20945,15070,13505,14344,13505,6876,22137,19889,19908,8788,12854,8263,1,1,11254,23200,20535,25158,2246,150,24667,1,,2024,2025
,1630611,Gui Santos,Gui,1610612744,GSW,,22400084,,,,5.933333333333334,0,0,0.0,0,0,0.0,0,0,0.0,0,3,3,0,1,0,0,0,2,0,0,9,2.6,0,0,3.0,1,1,1,1,23619,22635,24836,22635,15070,20945,15070,13505,14344,13505,14058,9417,12778,19908,8788,12854,8263,1,12976,17725,23200,5125,24109,2246,150,23533,1,,2024,2025
,1630228,Jonathan Kuminga,Jonathan,1610612744,GSW,,22400084,,,,17.666666666666668,1,5,0.2,0,1,0.0,0,0,0.0,0,1,1,1,0,0,1,2,0,1,2,8,7.7,0,0,6.0,1,1,1,1,17805,19033,16437,21401,15070,17631,15070,13505,14344,13505,14058,17569,19889,14293,16469,12854,2537,23925,1,11254,21232,5660,21084,2246,150,21698,1,,2024,2025
,1630322,Lindy Waters III,Lindy,1610612744,GSW,,22400084,,,,6.816666666666666,2,3,0.667,2,3,0.667,0,0,0.0,0,1,1,1,0,1,0,0,0,1,6,11,11.7,0,0,12.0,1,1,1,1,23243,15612,19992,3281,4949,11494,1957,13505,14344,13505,14058,17569,19889,14293,16469,5025,8263,1,1,11254,15937,4119,18589,2246,150,17796,1,,2024,2025
,1631218,Trayce Jackson-Davis,Trayce,1610612744,GSW,,22400084,,,,16.9,6,6,1.0,0,0,0.0,0,0,0.0,3,6,9,2,1,0,0,0,3,0,12,12,24.8,0,0,23.0,1,1,1,1,18320,5250,14618,1,15070,20945,15070,13505,14344,13505,1615,2943,2169,9909,8788,12854,8263,1,18916,17725,9299,3654,10102,2246,150,10339,1,,2024,2025
,1629001,De'Anthony Melton,De'Anthony,1610612744,GSW,,22400084,,,,13.766666666666667,0,4,0.0,0,3,0.0,0,0,0.0,1,0,1,4,2,0,1,0,5,1,0,8,8.2,0,0,7.0,1,1,1,1,20322,22635,18231,22635,15070,11494,15070,13505,14344,13505,6876,22137,19889,4780,4442,12854,2537,1,25158,11254,23200,5660,20807,2246,150,21087,1,,2024,2025
,203937,Kyle Anderson,Kyle,1610612744,GSW,,22400084,,,,18.795,3,7,0.429,1,4,0.25,0,0,0.0,2,4,6,3,0,2,0,0,0,0,7,18,24.7,0,0,21.0,1,1,1,1,16974,12449,12910,13735,8896,8688,11902,13505,14344,13505,3306,6429,5362,6913,16469,1671,8263,1,1,17725,14857,1677,10161,2246,150,11621,1,,2024,2025
,1627780,Gary Payton II,Gary,1610612744,GSW,,22400084,,,,12.738333333333332,2,3,0.667,0,1,0.0,0,0,0.0,0,1,1,2,0,3,0,0,1,0,4,10,17.2,0,0,13.0,1,1,1,1,20876,15612,19992,3281,15070,17631,15070,13505,14344,13505,14058,17569,19889,9909,16469,473,8263,1,6051,17725,18599,4588,14950,2246,150,17050,1,,2024,2025
,1630541,Moses Moody,Moses,1610612744,GSW,,22400084,,,,18.795,5,10,0.5,2,5,0.4,0,0,0.0,0,1,1,1,2,2,0,1,0,1,12,18,18.7,0,0,20.0,1,1,1,1,16974,7242,8304,8526,4949,6354,7874,13505,14344,13505,14058,17569,19889,14293,4442,1671,8263,17462,1,11254,9299,1677,13957,2246,150,12254,1,,2024,2025
,201939,Stephen Curry,Stephen,1610612744,GSW,,22400084,,,,27.416666666666668,7,20,0.35,4,13,0.308,2,2,1.0,0,3,3,4,3,2,0,1,3,1,20,22,32.6,0,0,35.0,1,1,1,1,10001,3730,1105,17337,1130,166,11292,6020,7446,1,14058,9417,12778,4780,2037,1671,8263,17462,18916,11254,3676,894,5903,2246,150,4250,1,,2024,2025
,1627741,Buddy Hield,Buddy,1610612744,GSW,,22400084,,,,19.916666666666668,10,14,0.714,7,9,0.778,0,0,0.0,0,4,4,6,0,1,0,1,0,0,27,24,43.8,0,0,46.0,1,1,1,1,16083,1099,4240,2752,76,1295,1530,13505,14344,13505,14058,6429,9701,2199,16469,5025,8263,17462,1,17725,1351,634,2282,2246,150,1461,1,,2024,2025
,203110,Draymond Green,Draymond,1610612744,GSW,,22400084,,,,19.84,1,4,0.25,1,2,0.5,0,0,0.0,0,2,2,4,2,3,0,0,3,1,3,12,18.4,0,0,16.0,1,1,1,1,16151,19033,18231,20233,8896,14411,3944,13505,14344,13505,14058,13151,16273,4780,4442,473,8263,1,18916,11254,19913,3654,14145,2246,150,14948,1,,2024,2025
,1626172,Kevon Looney,Kevon,1610612744,GSW,,22400084,,,,13.415,4,6,0.667,0,0,0.0,1,2,0.5,7,3,10,1,1,0,1,0,2,1,9,12,24.5,0,0,22.0,1,1,1,1,20534,9611,14618,3281,15070,20945,15070,10215,7446,10625,83,9417,1549,14293,8788,12854,2537,1,12976,11254,12445,3654,10279,2246,150,10998,1,,2024,2025
,203952,Andrew Wiggins,Andrew,1610612744,GSW,,22400084,,,,23.366666666666667,3,10,0.3,2,4,0.5,2,2,1.0,5,8,13,5,1,0,2,0,4,3,10,17,38.1,1,0,34.0,1,1,1,1,13408,12449,8304,19363,4949,8688,3944,6020,7446,1,389,1271,534,3273,8788,12854,808,1,22904,4218,11377,1948,3788,1,150,4638,1,,2024,2025
,1641764,Brandin Podziemski,Brandin,1610612744,GSW,,22400084,,,,24.633333333333333,7,14,0.5,1,5,0.2,0,0,0.0,1,4,5,1,0,1,1,0,2,1,15,24,28.5,0,0,26.0,1,1,1,1,12343,3730,4240,8526,8896,6354,13429,13505,14344,13505,6876,6429,7268,14293,16469,5025,2537,1,12976,11254,6813,634,7944,2246,150,8551,1,,2024,2025
,201939,Stephen Curry,Stephen,1610612744,GSW,,22400072,,,,25.071666666666665,4,10,0.4,3,7,0.429,6,6,1.0,0,9,9,10,2,2,0,0,0,3,17,23,46.8,1,0,43.0,1,1,1,1,11941,9611,8304,14933,2458,3100,7394,1180,1898,1,14058,796,2169,386,4442,1671,8263,1,1,4218,5360,736,1659,1,150,2014,1,,2024,2025
,203110,Draymond Green,Draymond,1610612744,GSW,,22400072,,,,20.433333333333334,3,3,1.0,1,1,1.0,1,2,0.5,0,6,6,3,3,1,2,0,3,3,8,12,25.7,0,0,24.0,1,1,1,1,15684,12449,19992,1,8896,17631,1,10215,7446,10625,14058,2943,5362,6913,2037,5025,808,1,18916,4218,13544,3654,9568,2246,150,9719,1,,2024,2025
,1627780,Gary Payton II,Gary,1610612744,GSW,,22400072,,,,14.486666666666666,3,4,0.75,0,1,0.0,2,2,1.0,0,1,1,3,0,2,0,0,0,1,8,26,19.7,0,0,16.0,1,1,1,1,19886,12449,18231,2107,15070,17631,15070,6020,7446,1,14058,17569,19889,6913,16469,1671,8263,1,1,11254,13544,449,13310,2246,150,14948,1,,2024,2025
,1629001,De'Anthony Melton,De'Anthony,1610612744,GSW,,22400072,,,,19.1,4,11,0.364,2,8,0.25,1,2,0.5,0,2,2,4,1,3,0,0,3,1,11,3,27.4,0,0,25.0,1,1,1,1,16751,9611,7071,16861,4949,2050,11902,10215,7446,10625,14058,13151,16273,4780,8788,473,8263,1,18916,11254,10323,9394,8559,2246,150,9137,1,,2024,2025
,1630228,Jonathan Kuminga,Jonathan,1610612744,GSW,,22400072,,,,19.516666666666666,3,9,0.333,0,2,0.0,4,6,0.667,1,3,4,1,4,0,1,1,3,3,10,0,15.3,0,0,17.0,1,1,1,1,16401,12449,9700,17395,15070,14411,15070,2676,1898,9425,6876,9417,9701,14293,877,12854,2537,17462,18916,4218,11377,12240,16175,2246,150,14250,1,,2024,2025
,1631218,Trayce Jackson-Davis,Trayce,1610612744,GSW,,22400072,,,,24.616666666666667,5,5,1.0,0,0,0.0,4,5,0.8,1,3,4,2,0,1,0,0,1,3,14,6,24.8,0,0,22.0,1,1,1,1,12359,7242,16437,1,15070,20945,15070,2676,2872,7681,6876,9417,9701,9909,16469,5025,8263,1,6051,4218,7553,7002,10102,2246,150,10998,1,,2024,2025
,1627741,Buddy Hield,Buddy,1610612744,GSW,,22400072,,,,14.73,8,12,0.667,5,7,0.714,1,1,1.0,1,4,5,1,1,0,0,1,2,1,22,21,28.5,0,0,33.0,1,1,1,1,19755,2561,5979,3281,492,3100,1861,10215,12810,1,6876,6429,7268,14293,8788,12854,8263,17462,12976,11254,2824,1041,7944,2246,150,5036,1,,2024,2025
,1630541,Moses Moody,Moses,1610612744,GSW,,22400072,,,,14.883333333333333,5,11,0.455,3,8,0.375,2,2,1.0,0,2,2,2,0,0,0,0,3,1,15,10,20.4,0,0,22.0,1,1,1,1,19645,7242,7071,12676,2458,2050,8800,6020,7446,1,14058,13151,16273,9909,16469,12854,8263,1,18916,11254,6813,4588,12816,2246,150,10998,1,,2024,2025
,1630322,Lindy Waters III,Lindy,1610612744,GSW,,22400072,,,,5.116666666666666,3,3,1.0,2,2,1.0,0,0,0.0,0,1,1,0,0,0,0,0,2,0,8,8,9.2,0,0,11.0,1,1,1,1,23934,12449,19992,1,4949,14411,1,13505,14344,13505,14058,17569,19889,19908,16469,12854,8263,1,12976,17725,13544,5660,20210,2246,150,18464,1,,2024,2025
,203937,Kyle Anderson,Kyle,1610612744,GSW,,22400072,,,,14.85,1,2,0.5,0,1,0.0,0,0,0.0,3,2,5,3,1,2,1,0,1,0,2,5,20.5,0,0,16.0,1,1,1,1,19667,19033,21660,8526,15070,17631,15070,13505,14344,13505,1615,13151,7268,6913,8788,1671,2537,1,6051,17725,21232,7737,12748,2246,150,14948,1,,2024,2025
,1641764,Brandin Podziemski,Brandin,1610612744,GSW,,22400072,,,,24.933333333333334,0,5,0.0,0,4,0.0,0,0,0.0,4,3,7,4,3,1,0,0,3,2,0,35,14.4,0,0,13.0,1,1,1,1,12062,22635,16437,22635,15070,8688,15070,13505,14344,13505,785,9417,3946,4780,2037,5025,8263,1,18916,6956,23200,51,16758,2246,150,17050,1,,2024,2025
,1626172,Kevon Looney,Kevon,1610612744,GSW,,22400072,,,,14.078333333333331,0,2,0.0,0,0,0.0,2,2,1.0,3,3,6,2,1,1,1,1,3,1,2,14,17.2,0,0,14.0,1,1,1,1,20160,22635,21660,22635,15070,20945,15070,6020,7446,1,1615,9417,5362,9909,8788,5025,2537,17462,18916,11254,21232,2867,14950,2246,150,16370,1,,2024,2025
,203952,Andrew Wiggins,Andrew,1610612744,GSW,,22400072,,,,23.066666666666663,8,15,0.533,4,7,0.571,0,0,0.0,2,2,4,2,1,0,0,1,2,1,20,9,26.8,0,0,30.0,1,1,1,1,13659,2561,3491,8140,1130,3100,3506,13505,14344,13505,3306,13151,9701,9909,8788,12854,8263,17462,12976,11254,3676,5125,8917,2246,150,6431,1,,2024,2025
,1630611,Gui Santos,Gui,1610612744,GSW,,22400072,,,,5.116666666666666,1,1,1.0,0,0,0.0,1,2,0.5,0,1,1,1,0,0,0,0,1,2,3,8,5.7,0,0,5.0,1,1,1,1,23934,19033,23259,1,15070,20945,15070,10215,7446,10625,14058,17569,19889,14293,16469,12854,8263,1,6051,6956,19913,5660,22263,2246,150,22358,1,,2024,2025
