group_set,player_id,player_name,nickname,team_id,team_abbreviation,age,gp,w,l,w_pct,min,fgm,fga,fg_pct,fg3m,fg3a,fg3_pct,ftm,fta,ft_pct,oreb,dreb,reb,ast,tov,stl,blk,blka,pf,pfd,pts,plus_minus,nba_fantasy_pts,dd2,td3,wnba_fantasy_pts,gp_rank,w_rank,l_rank,w_pct_rank,min_rank,fgm_rank,fga_rank,fg_pct_rank,fg3m_rank,fg3a_rank,fg3_pct_rank,ftm_rank,fta_rank,ft_pct_rank,oreb_rank,dreb_rank,reb_rank,ast_rank,tov_rank,stl_rank,blk_rank,blka_rank,pf_rank,pfd_rank,pts_rank,plus_minus_rank,nba_fantasy_pts_rank,dd2_rank,td3_rank,wnba_fantasy_pts_rank,team
Players,1631095,Jabari Smith Jr.,Jabari,1610612745,HOU,22.0,2,0,2,0.0,3.1966666666666668,0,1,0.0,0,1,0.0,0,0,0.0,0,0,0,0,1,0,0,0,1,0,0,-8,-1.0,0,0,0.0,76,84,66,84,94,70,77,70,47,50,47,48,50,48,42,69,77,49,14,26,28,1,57,59,79,103,127,40,5,106,HOU
Players,1630224,Jalen Green,Jalen,1610612745,HOU,23.0,3,0,3,0.0,1.8666666666666667,0,0,0.0,0,0,0.0,0,0,0.0,0,0,0,0,0,0,0,0,0,0,0,-8,0.0,0,0,0.0,56,84,89,84,107,70,92,70,47,70,47,48,50,48,42,69,77,49,44,26,28,1,1,59,79,103,106,40,5,106,HOU
Players,1627832,Fred VanVleet,Fred,1610612745,HOU,31.0,3,0,3,0.0,6.833333333333333,2,4,0.5,2,3,0.667,0,0,0.0,0,0,0,0,0,0,0,1,0,0,6,-12,6.0,0,0,8.0,56,84,89,84,64,30,36,30,11,20,18,48,50,48,42,69,77,49,44,26,28,102,1,59,36,117,56,40,5,48,HOU
Players,1641708,Amen Thompson,Amen,1610612745,HOU,22.0,3,0,3,0.0,6.398333333333333,0,0,0.0,0,0,0.0,0,0,0.0,0,2,2,0,0,0,0,0,0,0,0,-10,2.4,0,0,2.0,56,84,89,84,68,70,92,70,47,70,47,48,50,48,42,28,39,49,44,26,28,1,1,59,79,112,84,40,5,80,HOU
Players,1628415,Dillon Brooks,Dillon,1610612745,HOU,29.0,3,0,3,0.0,6.566666666666666,0,1,0.0,0,0,0.0,2,2,1.0,0,0,0,0,0,0,0,1,2,1,2,-10,2.0,0,0,2.0,56,84,89,84,67,70,77,70,47,70,47,21,27,1,42,69,77,49,44,26,28,102,100,39,65,112,88,40,5,80,HOU
Players,1631106,Tari Eason,Tari,1610612745,HOU,24.0,2,0,2,0.0,0.745,0,0,0.0,0,0,0.0,0,0,0.0,0,1,1,0,0,0,0,0,0,0,0,0,1.2,0,0,1.0,76,84,66,84,116,70,92,70,47,70,47,48,50,48,42,40,48,49,44,26,28,1,1,59,79,46,95,40,5,92,HOU
Players,1630578,Alperen Sengun,Alperen,1610612745,HOU,22.0,3,0,3,0.0,6.371666666666667,1,3,0.333,0,0,0.0,0,0,0.0,0,1,1,2,0,0,0,0,0,0,2,-12,6.2,2,0,5.0,56,84,89,84,70,49,48,50,47,70,47,48,50,48,42,40,48,14,44,26,28,1,1,59,65,117,54,11,5,57,HOU
Players,203500,Steven Adams,Steven,1610612745,HOU,31.0,1,0,1,0.0,2.188333333333333,0,0,0.0,0,0,0.0,0,0,0.0,0,0,0,0,0,0,1,0,0,2,0,0,3.0,0,0,2.0,100,84,10,84,103,70,92,70,47,70,47,48,50,48,42,69,77,49,44,26,8,1,1,20,79,46,75,40,5,80,HOU
