group_set,player_id,player_name,nickname,team_id,team_abbreviation,age,gp,w,l,w_pct,min,fgm,fga,fg_pct,fg3m,fg3a,fg3_pct,ftm,fta,ft_pct,oreb,dreb,reb,ast,tov,stl,blk,blka,pf,pfd,pts,plus_minus,nba_fantasy_pts,dd2,td3,wnba_fantasy_pts,gp_rank,w_rank,l_rank,w_pct_rank,min_rank,fgm_rank,fga_rank,fg_pct_rank,fg3m_rank,fg3a_rank,fg3_pct_rank,ftm_rank,fta_rank,ft_pct_rank,oreb_rank,dreb_rank,reb_rank,ast_rank,tov_rank,stl_rank,blk_rank,blka_rank,pf_rank,pfd_rank,pts_rank,plus_minus_rank,nba_fantasy_pts_rank,dd2_rank,td3_rank,wnba_fantasy_pts_rank,team
Players,202695,Kawhi Leonard,Kawhi,1610612761,TOR,28.0,12,7,5,0.583,57.80833333333333,17,41,0.415,4,14,0.286,20,24,0.833,4,4,8,4,6,2,1,2,1,16,58,19,76.6,5,0,80.0,3,3,119,40,2,1,1,40,4,4,38,1,1,28,5,16,13,7,1,6,10,118,56,1,1,2,1,3,5,1,TOR
Players,201188,Marc Gasol,Marc,1610612761,TOR,34.0,12,7,5,0.583,53.82666666666667,4,8,0.5,3,6,0.5,5,6,0.833,1,8,9,1,2,0,1,0,5,6,16,10,29.3,1,0,31.0,3,3,119,40,4,18,20,31,6,10,22,10,11,28,27,4,10,28,10,38,10,1,116,7,13,15,16,18,5,14,TOR
Players,200768,Kyle Lowry,Kyle,1610612761,TOR,33.0,10,6,4,0.6,40.25333333333333,4,7,0.571,1,4,0.25,3,5,0.6,3,6,9,5,2,1,0,1,2,5,12,16,31.3,2,0,29.0,8,9,105,38,13,18,24,29,19,14,39,17,12,38,10,8,10,6,10,10,28,98,81,9,20,4,15,12,5,15,TOR
Players,1627783,Pascal Siakam,Pascal,1610612761,TOR,25.0,11,7,4,0.636,49.095,8,20,0.4,0,4,0.0,6,11,0.545,9,4,13,3,1,4,1,2,2,7,22,12,56.1,5,0,48.0,6,3,105,32,8,6,8,41,43,14,43,8,5,40,1,16,3,11,26,2,10,118,81,5,7,12,4,3,5,7,TOR
Players,201980,Danny Green,Danny,1610612761,TOR,32.0,9,4,5,0.444,32.035,2,6,0.333,2,6,0.333,4,4,1.0,1,3,4,0,2,3,0,0,4,2,10,-6,21.8,0,0,22.0,10,17,119,67,23,33,30,50,12,10,29,12,15,1,27,25,27,54,10,4,28,1,110,22,23,94,24,42,5,22,TOR
Players,1627832,Fred VanVleet,Fred,1610612761,TOR,25.0,10,7,3,0.7,36.61333333333334,3,10,0.3,3,9,0.333,0,0,0.0,0,1,1,2,0,0,1,0,4,1,9,23,16.2,0,0,17.0,8,3,86,27,15,25,14,60,6,7,29,47,47,47,43,40,49,17,48,38,10,1,110,35,25,1,33,42,5,30,TOR
Players,201586,Serge Ibaka,Serge,1610612761,TOR,29.0,5,5,0,1.0,12.993333333333334,2,3,0.667,0,1,0.0,0,0,0.0,2,1,3,0,1,0,0,0,5,0,4,12,6.6,0,0,7.0,30,10,1,1,42,33,46,22,43,39,43,47,47,47,16,40,31,54,26,38,28,1,116,56,51,12,57,42,5,54,TOR
Players,1626181,Norman Powell,Norman,1610612761,TOR,26.0,3,2,1,0.667,6.416666666666667,0,0,0.0,0,0,0.0,1,1,1.0,0,0,0,0,1,0,0,0,1,1,1,9,0.0,0,0,1.0,51,36,20,28,67,70,91,70,43,72,43,38,40,1,43,66,72,54,26,38,28,1,56,35,73,20,92,42,5,86,TOR
