season,player_id,player,nickname,team_id,team,team_name,game_id,game_date,matchup,wl,min,fgm,fga,fg_pct,fg3m,fg3a,fg3_pct,ftm,fta,ft_pct,oreb,dreb,reb,ast,tov,stl,blk,blka,pf,pfd,pts,plus_minus,nba_fantasy_pts,dd2,td3,wnba_fantasy_pts,gp_rank,w_rank,l_rank,w_pct_rank,min_rank,fgm_rank,fga_rank,fg_pct_rank,fg3m_rank,fg3a_rank,fg3_pct_rank,ftm_rank,fta_rank,ft_pct_rank,oreb_rank,dreb_rank,reb_rank,ast_rank,tov_rank,stl_rank,blk_rank,blka_rank,pf_rank,pfd_rank,pts_rank,plus_minus_rank,nba_fantasy_pts_rank,dd2_rank,td3_rank,wnba_fantasy_pts_rank,available_flag,min_sec,season_start,season_end
2015-16,202389,Timofey Mozgov,Timofey,1610612739,CLE,Cleveland Cavaliers,21501220,2016-04-13T00:00:00,CLE vs. DET,L,36.6,7.0,12.0,0.583,0.0,0.0,0.0,0.0,0.0,0.0,1.0,11.0,12.0,3.0,1.0,0.0,2.0,1.0,2.0,0.0,14.0,1.0,37.9,1,0,33.0,1,13074,1,13074,2366,2864,5215,5861,11051,17277,11051,14161,15066,14161,6390,281,752,5322,9196,12313,932,2492,8439,18762,6324,11010,2931,1,76,3722,1.0,36:33,2015,2016
2015-16,203895,Jordan McRae,Jordan,1610612739,CLE,Cleveland Cavaliers,21501220,2016-04-13T00:00:00,CLE vs. DET,L,47.1,14.0,29.0,0.483,3.0,5.0,0.6,5.0,8.0,0.625,1.0,3.0,4.0,7.0,5.0,0.0,0.0,5.0,5.0,5.0,36.0,3.0,46.3,0,0,50.0,1,13074,1,13074,37,44,17,11307,1083,2959,2761,1816,922,10341,6390,9493,9586,1118,351,12313,8004,10,253,1539,118,9063,1168,2107,76,478,1.0,47:06,2015,2016
2015-16,2563,Dahntay Jones,Dahntay,1610612739,CLE,Cleveland Cavaliers,21501220,2016-04-13T00:00:00,CLE vs. DET,L,42.4,6.0,14.0,0.429,1.0,2.0,0.5,0.0,0.0,0.0,1.0,4.0,5.0,2.0,0.0,1.0,2.0,2.0,6.0,1.0,13.0,-1.0,31.0,0,0,27.0,1,13074,1,13074,273,4268,3506,12903,5519,9677,3313,14161,15066,14161,6390,6568,7203,8082,16943,4706,932,639,1,12373,7214,13184,5406,2107,76,6398,1.0,42:21,2015,2016
2015-16,101112,Channing Frye,Channing,1610612739,CLE,Cleveland Cavaliers,21501220,2016-04-13T00:00:00,CLE vs. DET,L,41.1,6.0,10.0,0.6,1.0,3.0,0.333,1.0,1.0,1.0,1.0,5.0,6.0,4.0,0.0,1.0,0.0,0.0,1.0,2.0,14.0,-5.0,30.2,0,0,27.0,1,13074,1,13074,474,4268,7514,4873,5519,6890,7128,10755,13680,1,6390,4465,5415,3513,16943,4706,8004,8866,14690,7786,6324,17477,5751,2107,76,6398,1.0,41:04,2015,2016
2015-16,2210,Richard Jefferson,Richard,1610612739,CLE,Cleveland Cavaliers,21501220,2016-04-13T00:00:00,CLE vs. DET,L,33.0,5.0,11.0,0.455,1.0,2.0,0.5,5.0,6.0,0.833,0.0,2.0,2.0,2.0,1.0,0.0,0.0,0.0,3.0,3.0,16.0,-12.0,20.4,0,0,21.0,1,13074,1,13074,5163,6175,6284,11898,5519,9677,3313,1816,2017,7124,13060,13353,16063,8082,9196,12313,8004,8866,3976,4736,4835,22671,11453,2107,76,10048,1.0,32:58,2015,2016
2015-16,203521,Matthew Dellavedova,Matthew,1610612739,CLE,Cleveland Cavaliers,21501220,2016-04-13T00:00:00,CLE vs. DET,L,6.2,3.0,5.0,0.6,0.0,1.0,0.0,0.0,0.0,0.0,1.0,3.0,4.0,2.0,0.0,0.0,0.0,0.0,0.0,0.0,6.0,3.0,13.8,0,0,12.0,1,13074,1,13074,23898,11544,16058,4873,11051,13174,11051,14161,15066,14161,6390,9493,9586,8082,16943,12313,8004,8866,21108,18762,15190,9063,16311,2107,76,16886,1.0,6:09,2015,2016
2015-16,2592,James Jones,James,1610612739,CLE,Cleveland Cavaliers,21501220,2016-04-13T00:00:00,CLE vs. DET,L,35.8,4.0,10.0,0.4,1.0,5.0,0.2,0.0,0.0,0.0,1.0,4.0,5.0,1.0,3.0,1.0,1.0,0.0,5.0,3.0,9.0,-4.0,19.5,0,0,20.0,1,13074,1,13074,2932,8539,7514,14037,5519,2959,10165,14161,15066,14161,6390,6568,7203,12251,1969,4706,2692,8866,253,4736,11389,16419,12096,2107,76,10747,1.0,35:45,2015,2016
2015-16,202684,Tristan Thompson,Tristan,1610612739,CLE,Cleveland Cavaliers,21501220,2016-04-13T00:00:00,CLE vs. DET,L,0.1,0.0,0.0,0.0,0.0,0.0,0.0,0.0,0.0,0.0,0.0,0.0,0.0,0.0,0.0,0.0,0.0,0.0,1.0,0.0,0.0,0.0,0.0,0,0,0.0,1,13074,1,13074,26051,22516,24912,22516,11051,17277,11051,14161,15066,14161,13060,22257,23167,18354,16943,12313,8004,8866,14690,18762,23226,12042,25170,2107,76,25215,1.0,0:04,2015,2016
2015-16,201619,Sasha Kaun,Sasha,1610612739,CLE,Cleveland Cavaliers,21501220,2016-04-13T00:00:00,CLE vs. DET,L,23.0,1.0,6.0,0.167,0.0,0.0,0.0,0.0,0.0,0.0,2.0,3.0,5.0,0.0,0.0,1.0,2.0,3.0,0.0,1.0,2.0,5.0,17.0,0,0,13.0,1,13074,1,13074,13368,18695,14041,21747,11051,17277,11051,14161,15066,14161,3138,9493,7203,18354,16943,4706,932,154,21108,12373,20822,7354,13855,2107,76,16097,1.0,23:01,2015,2016
2015-16,203521,Matthew Dellavedova,Matthew,1610612739,CLE,Cleveland Cavaliers,21501203,2016-04-11T00:00:00,CLE vs. ATL,W,20.4,4.0,8.0,0.5,1.0,3.0,0.333,1.0,1.0,1.0,0.0,1.0,1.0,3.0,0.0,0.0,0.0,0.0,2.0,2.0,10.0,13.0,15.7,0,0,15.0,1,1,13006,1,15599,8539,10529,7886,5519,6890,7128,10755,13680,1,13060,17769,19693,5322,16943,12313,8004,8866,8439,7786,10151,2784,14841,2107,76,14428,1.0,20:22,2015,2016
2015-16,203895,Jordan McRae,Jordan,1610612739,CLE,Cleveland Cavaliers,21501203,2016-04-11T00:00:00,CLE vs. ATL,W,7.0,1.0,3.0,0.333,0.0,0.0,0.0,0.0,0.0,0.0,1.0,2.0,3.0,1.0,0.0,0.0,0.0,1.0,0.0,0.0,2.0,0.0,7.1,0,0,6.0,1,1,13006,1,23576,18695,19997,16528,11051,17277,11051,14161,15066,14161,6390,13353,12520,12251,16943,12313,8004,2492,21108,18762,20822,12042,21141,2107,76,21429,1.0,6:58,2015,2016
2015-16,202684,Tristan Thompson,Tristan,1610612739,CLE,Cleveland Cavaliers,21501203,2016-04-11T00:00:00,CLE vs. ATL,W,36.1,2.0,6.0,0.333,0.0,0.0,0.0,5.0,7.0,0.714,2.0,8.0,10.0,1.0,0.0,3.0,1.0,1.0,2.0,5.0,9.0,5.0,34.5,0,0,28.0,1,1,13006,1,2695,14994,14041,16528,11051,17277,11051,1816,1485,9284,3138,1264,1598,12251,16943,501,2692,2492,8439,1539,11389,7354,3997,2107,76,5884,1.0,36:04,2015,2016
2015-16,2747,JR Smith,JR,1610612739,CLE,Cleveland Cavaliers,21501203,2016-04-11T00:00:00,CLE vs. ATL,W,32.3,1.0,5.0,0.2,0.0,3.0,0.0,0.0,0.0,0.0,0.0,1.0,1.0,0.0,1.0,0.0,0.0,0.0,1.0,0.0,2.0,17.0,2.2,0,0,3.0,1,1,13006,1,5676,18695,16058,21086,11051,6890,11051,14161,15066,14161,13060,17769,19693,18354,9196,12313,8004,8866,14690,18762,20822,1469,24138,2107,76,23463,1.0,32:16,2015,2016
2015-16,2210,Richard Jefferson,Richard,1610612739,CLE,Cleveland Cavaliers,21501203,2016-04-11T00:00:00,CLE vs. ATL,W,23.6,1.0,4.0,0.25,0.0,2.0,0.0,0.0,0.0,0.0,2.0,4.0,6.0,0.0,1.0,0.0,0.0,0.0,1.0,1.0,2.0,9.0,8.2,0,0,8.0,1,1,13006,1,12920,18695,18073,19755,11051,9677,11051,14161,15066,14161,3138,6568,5415,18354,9196,12313,8004,8866,14690,12373,20822,4633,20416,2107,76,20022,1.0,23:34,2015,2016
2015-16,202681,Kyrie Irving,Kyrie,1610612739,CLE,Cleveland Cavaliers,21501203,2016-04-11T00:00:00,CLE vs. ATL,W,40.2,14.0,28.0,0.5,4.0,8.0,0.5,3.0,3.0,1.0,2.0,2.0,4.0,5.0,6.0,2.0,1.0,2.0,2.0,2.0,35.0,11.0,50.3,0,0,54.0,1,1,13006,1,672,44,33,7886,439,705,3313,4469,6741,1,3138,13353,9586,2408,146,1588,2692,639,8439,7786,148,3629,722,2107,76,266,1.0,40:13,2015,2016
2015-16,2544,LeBron James,LeBron,1610612739,CLE,Cleveland Cavaliers,21501203,2016-04-11T00:00:00,CLE vs. ATL,W,32.4,13.0,16.0,0.813,3.0,4.0,0.75,5.0,5.0,1.0,1.0,5.0,6.0,6.0,4.0,2.0,1.0,2.0,2.0,6.0,34.0,13.0,55.2,0,0,55.0,1,1,13006,1,5566,107,2178,1399,1083,4617,1633,1816,3208,1,6390,4465,5415,1638,841,1588,2692,639,8439,873,179,2784,387,2107,76,232,1.0,32:25,2015,2016
2015-16,201619,Sasha Kaun,Sasha,1610612739,CLE,Cleveland Cavaliers,21501203,2016-04-11T00:00:00,CLE vs. ATL,W,1.6,0.0,0.0,0.0,0.0,0.0,0.0,0.0,0.0,0.0,0.0,0.0,0.0,0.0,0.0,0.0,0.0,0.0,0.0,0.0,0.0,0.0,0.0,0,0,0.0,1,1,13006,1,25669,22516,24912,22516,11051,17277,11051,14161,15066,14161,13060,22257,23167,18354,16943,12313,8004,8866,21108,18762,23226,12042,25170,2107,76,25215,1.0,1:34,2015,2016
2015-16,101112,Channing Frye,Channing,1610612739,CLE,Cleveland Cavaliers,21501203,2016-04-11T00:00:00,CLE vs. ATL,W,15.5,2.0,5.0,0.4,1.0,4.0,0.25,0.0,0.0,0.0,0.0,2.0,2.0,0.0,2.0,0.0,1.0,0.0,2.0,0.0,5.0,-2.0,8.4,0,0,10.0,1,1,13006,1,19386,14994,16058,14037,5519,4617,9116,14161,15066,14161,13060,13353,16063,18354,4412,12313,2692,8866,8439,18762,16838,14281,20273,2107,76,18488,1.0,15:32,2015,2016
2015-16,2592,James Jones,James,1610612739,CLE,Cleveland Cavaliers,21501203,2016-04-11T00:00:00,CLE vs. ATL,W,1.6,0.0,0.0,0.0,0.0,0.0,0.0,0.0,0.0,0.0,0.0,0.0,0.0,0.0,0.0,0.0,0.0,0.0,0.0,0.0,0.0,0.0,0.0,0,0,0.0,1,1,13006,1,25669,22516,24912,22516,11051,17277,11051,14161,15066,14161,13060,22257,23167,18354,16943,12313,8004,8866,21108,18762,23226,12042,25170,2107,76,25215,1.0,1:34,2015,2016
2015-16,201567,Kevin Love,Kevin,1610612739,CLE,Cleveland Cavaliers,21501203,2016-04-11T00:00:00,CLE vs. ATL,W,29.5,2.0,8.0,0.25,2.0,5.0,0.4,4.0,4.0,1.0,1.0,13.0,14.0,1.0,1.0,2.0,0.0,0.0,2.0,2.0,10.0,9.0,33.3,1,0,31.0,1,1,13006,1,8002,14994,10529,19755,2550,2959,6308,2791,4140,1,6390,82,317,12251,9196,1588,8004,8866,8439,7786,10151,4633,4423,1,76,4495,1.0,29:28,2015,2016
2015-16,2747,JR Smith,JR,1610612739,CLE,Cleveland Cavaliers,21501191,2016-04-09T00:00:00,CLE @ CHI,L,36.9,8.0,16.0,0.5,7.0,14.0,0.5,1.0,3.0,0.333,1.0,5.0,6.0,4.0,1.0,1.0,0.0,1.0,2.0,4.0,24.0,8.0,39.2,0,0,43.0,1,13074,1,13074,2117,1806,2178,7886,37,28,3313,10755,6741,13688,6390,4465,5415,3513,9196,4706,8004,2492,8439,2748,1331,5243,2590,2107,76,1208,1.0,36:56,2015,2016
2015-16,2544,LeBron James,LeBron,1610612739,CLE,Cleveland Cavaliers,21501191,2016-04-09T00:00:00,CLE @ CHI,L,38.6,13.0,17.0,0.765,4.0,5.0,0.8,3.0,4.0,0.75,3.0,4.0,7.0,3.0,4.0,0.0,1.0,0.0,1.0,5.0,33.0,7.0,44.9,0,0,49.0,1,13074,1,13074,1238,107,1681,1781,439,2959,1538,4469,4140,8103,1576,6568,3953,5322,841,12313,2692,8866,14690,1539,222,5888,1380,2107,76,551,1.0,38:33,2015,2016
2015-16,202389,Timofey Mozgov,Timofey,1610612739,CLE,Cleveland Cavaliers,21501191,2016-04-09T00:00:00,CLE @ CHI,L,8.0,0.0,0.0,0.0,0.0,0.0,0.0,2.0,2.0,1.0,0.0,0.0,0.0,0.0,1.0,0.0,1.0,0.0,1.0,1.0,2.0,-11.0,4.0,0,0,4.0,1,13074,1,13074,23170,22516,24912,22516,11051,17277,11051,6499,8140,1,13060,22257,23167,18354,9196,12313,2692,8866,14690,12373,20822,22146,23142,2107,76,22829,1.0,8:02,2015,2016
2015-16,101112,Channing Frye,Channing,1610612739,CLE,Cleveland Cavaliers,21501191,2016-04-09T00:00:00,CLE @ CHI,L,14.8,2.0,6.0,0.333,2.0,5.0,0.4,0.0,0.0,0.0,0.0,1.0,1.0,0.0,0.0,0.0,0.0,1.0,2.0,0.0,6.0,-14.0,7.2,0,0,9.0,1,13074,1,13074,19884,14994,14041,16528,2550,2959,6308,14161,15066,14161,13060,17769,19693,18354,16943,12313,8004,2492,8439,18762,15190,23559,21035,2107,76,19255,1.0,14:49,2015,2016
2015-16,2210,Richard Jefferson,Richard,1610612739,CLE,Cleveland Cavaliers,21501191,2016-04-09T00:00:00,CLE @ CHI,L,9.9,0.0,1.0,0.0,0.0,0.0,0.0,0.0,0.0,0.0,0.0,1.0,1.0,0.0,1.0,1.0,0.0,0.0,1.0,1.0,0.0,-13.0,3.2,0,0,3.0,1,13074,1,13074,22507,22516,23432,22516,11051,17277,11051,14161,15066,14161,13060,17769,19693,18354,9196,4706,8004,8866,14690,12373,23226,23150,23473,2107,76,23463,1.0,9:51,2015,2016
2015-16,201567,Kevin Love,Kevin,1610612739,CLE,Cleveland Cavaliers,21501191,2016-04-09T00:00:00,CLE @ CHI,L,35.7,6.0,17.0,0.353,4.0,9.0,0.444,4.0,5.0,0.8,3.0,10.0,13.0,3.0,3.0,0.0,0.0,0.0,3.0,5.0,20.0,11.0,37.1,1,0,40.0,1,13074,1,13074,3000,4268,1681,16428,439,402,5987,2791,3208,7601,1576,488,485,5322,1969,12313,8004,8866,3976,1539,2594,3629,3151,1,76,1725,1.0,35:40,2015,2016
2015-16,202684,Tristan Thompson,Tristan,1610612739,CLE,Cleveland Cavaliers,21501191,2016-04-09T00:00:00,CLE @ CHI,L,30.9,1.0,3.0,0.333,0.0,0.0,0.0,1.0,4.0,0.25,3.0,5.0,8.0,3.0,0.0,0.0,3.0,1.0,4.0,4.0,3.0,3.0,26.1,0,0,20.0,1,13074,1,13074,6835,18695,19997,16528,11051,17277,11051,10755,4140,13955,1576,4465,2959,5322,16943,12313,347,2492,1394,2748,19720,9063,7836,2107,76,10747,1.0,30:52,2015,2016
2015-16,202681,Kyrie Irving,Kyrie,1610612739,CLE,Cleveland Cavaliers,21501191,2016-04-09T00:00:00,CLE @ CHI,L,38.6,5.0,17.0,0.294,1.0,2.0,0.5,0.0,0.0,0.0,2.0,2.0,4.0,8.0,4.0,2.0,0.0,3.0,2.0,1.0,11.0,4.0,29.8,0,0,28.0,1,13074,1,13074,1228,6175,1681,18983,5519,9677,3313,14161,15066,14161,3138,13353,9586,762,841,1588,8004,154,8439,12373,9124,8158,5948,2107,76,5884,1.0,38:35,2015,2016
2015-16,203521,Matthew Dellavedova,Matthew,1610612739,CLE,Cleveland Cavaliers,21501191,2016-04-09T00:00:00,CLE @ CHI,L,26.7,1.0,6.0,0.167,1.0,5.0,0.2,0.0,0.0,0.0,0.0,2.0,2.0,3.0,1.0,1.0,0.0,0.0,2.0,1.0,3.0,-10.0,11.9,0,0,11.0,1,13074,1,13074,10272,18695,14041,21747,5519,2959,10165,14161,15066,14161,13060,13353,16063,5322,9196,4706,8004,8866,8439,12373,19720,21543,17760,2107,76,17702,1.0,26:42,2015,2016
2015-16,2747,JR Smith,JR,1610612739,CLE,Cleveland Cavaliers,21501165,2016-04-06T00:00:00,CLE @ IND,L,24.1,4.0,7.0,0.571,0.0,1.0,0.0,2.0,2.0,1.0,0.0,0.0,0.0,2.0,0.0,0.0,1.0,0.0,2.0,1.0,10.0,-15.0,16.0,0,0,14.0,1,13074,1,13074,12491,8539,12208,6087,11051,13174,11051,6499,8140,1,13060,22257,23167,8082,16943,12313,2692,8866,8439,12373,10151,23948,14590,2107,76,15285,1.0,24:04,2015,2016
2015-16,202684,Tristan Thompson,Tristan,1610612739,CLE,Cleveland Cavaliers,21501165,2016-04-06T00:00:00,CLE @ IND,L,22.5,4.0,5.0,0.8,0.0,0.0,0.0,1.0,2.0,0.5,2.0,3.0,5.0,0.0,2.0,0.0,0.0,0.0,1.0,1.0,9.0,-11.0,13.0,0,0,14.0,1,13074,1,13074,13793,8539,16058,1401,11051,17277,11051,10755,8140,10753,3138,9493,7203,18354,4412,12313,8004,8866,14690,12373,11389,22146,16969,2107,76,15285,1.0,22:27,2015,2016
2015-16,201567,Kevin Love,Kevin,1610612739,CLE,Cleveland Cavaliers,21501165,2016-04-06T00:00:00,CLE @ IND,L,18.5,5.0,13.0,0.385,3.0,5.0,0.6,10.0,10.0,1.0,0.0,5.0,5.0,0.0,1.0,0.0,0.0,1.0,3.0,5.0,23.0,0.0,28.0,0,0,31.0,1,13074,1,13074,17069,6175,4281,15266,1083,2959,2761,178,422,1,13060,4465,7203,18354,9196,12313,8004,2492,3976,1539,1593,12042,6864,2107,76,4495,1.0,18:32,2015,2016
2015-16,2210,Richard Jefferson,Richard,1610612739,CLE,Cleveland Cavaliers,21501165,2016-04-06T00:00:00,CLE @ IND,L,31.2,3.0,7.0,0.429,1.0,5.0,0.2,3.0,4.0,0.75,0.0,4.0,4.0,1.0,0.0,2.0,0.0,0.0,1.0,3.0,10.0,-6.0,22.3,0,0,20.0,1,13074,1,13074,6567,11544,12208,12903,5519,2959,10165,4469,4140,8103,13060,6568,9586,12251,16943,1588,8004,8866,14690,4736,10151,18431,10208,2107,76,10747,1.0,31:11,2015,2016
2015-16,2590,Mo Williams,Mo,1610612739,CLE,Cleveland Cavaliers,21501165,2016-04-06T00:00:00,CLE @ IND,L,5.2,1.0,5.0,0.2,0.0,3.0,0.0,0.0,0.0,0.0,0.0,1.0,1.0,0.0,0.0,0.0,0.0,0.0,0.0,0.0,2.0,-11.0,3.2,0,0,3.0,1,13074,1,13074,24278,18695,16058,21086,11051,6890,11051,14161,15066,14161,13060,17769,19693,18354,16943,12313,8004,8866,21108,18762,20822,22146,23473,2107,76,23463,1.0,5:14,2015,2016
2015-16,202389,Timofey Mozgov,Timofey,1610612739,CLE,Cleveland Cavaliers,21501165,2016-04-06T00:00:00,CLE @ IND,L,15.8,0.0,0.0,0.0,0.0,0.0,0.0,4.0,4.0,1.0,1.0,3.0,4.0,0.0,0.0,0.0,0.0,0.0,2.0,3.0,4.0,-9.0,8.8,0,0,8.0,1,13074,1,13074,19178,22516,24912,22516,11051,17277,11051,2791,4140,1,6390,9493,9586,18354,16943,12313,8004,8866,8439,4736,18063,20888,19994,2107,76,20022,1.0,15:49,2015,2016
2015-16,202697,Iman Shumpert,Iman,1610612739,CLE,Cleveland Cavaliers,21501165,2016-04-06T00:00:00,CLE @ IND,L,35.0,0.0,4.0,0.0,0.0,3.0,0.0,4.0,4.0,1.0,0.0,3.0,3.0,1.0,2.0,1.0,0.0,0.0,4.0,2.0,4.0,5.0,10.1,0,0,10.0,1,13074,1,13074,3534,22516,18073,22516,11051,6890,11051,2791,4140,1,13060,9493,12520,12251,4412,4706,8004,8866,1394,7786,18063,7354,19105,2107,76,18488,1.0,35:00,2015,2016
2015-16,101112,Channing Frye,Channing,1610612739,CLE,Cleveland Cavaliers,21501165,2016-04-06T00:00:00,CLE @ IND,L,20.6,2.0,5.0,0.4,2.0,5.0,0.4,4.0,4.0,1.0,1.0,2.0,3.0,0.0,0.0,1.0,0.0,0.0,3.0,4.0,10.0,-14.0,16.6,0,0,17.0,1,13074,1,13074,15371,14994,16058,14037,2550,2959,6308,2791,4140,1,6390,13353,12520,18354,16943,4706,8004,8866,3976,2748,10151,23559,14125,2107,76,12877,1.0,20:37,2015,2016
2015-16,201619,Sasha Kaun,Sasha,1610612739,CLE,Cleveland Cavaliers,21501165,2016-04-06T00:00:00,CLE @ IND,L,5.1,1.0,1.0,1.0,0.0,0.0,0.0,0.0,0.0,0.0,0.0,3.0,3.0,0.0,0.0,0.0,0.0,0.0,0.0,0.0,2.0,4.0,5.6,0,0,5.0,1,13074,1,13074,24317,18695,23432,1,11051,17277,11051,14161,15066,14161,13060,9493,12520,18354,16943,12313,8004,8866,21108,18762,20822,8158,22133,2107,76,22162,1.0,5:08,2015,2016
2015-16,202681,Kyrie Irving,Kyrie,1610612739,CLE,Cleveland Cavaliers,21501165,2016-04-06T00:00:00,CLE @ IND,L,30.2,11.0,18.0,0.611,1.0,5.0,0.2,3.0,4.0,0.75,0.0,2.0,2.0,6.0,4.0,3.0,1.0,0.0,2.0,2.0,26.0,-12.0,45.4,0,0,43.0,1,13074,1,13074,7336,393,1283,4839,5519,2959,10165,4469,4140,8103,13060,13353,16063,1638,841,501,2692,8866,8439,7786,895,22671,1291,2107,76,1208,1.0,30:13,2015,2016
2015-16,203895,Jordan McRae,Jordan,1610612739,CLE,Cleveland Cavaliers,21501165,2016-04-06T00:00:00,CLE @ IND,L,5.1,0.0,0.0,0.0,0.0,0.0,0.0,0.0,0.0,0.0,0.0,0.0,0.0,1.0,0.0,0.0,0.0,0.0,0.0,0.0,0.0,4.0,1.5,0,0,1.0,1,13074,1,13074,24317,22516,24912,22516,11051,17277,11051,14161,15066,14161,13060,22257,23167,12251,16943,12313,8004,8866,21108,18762,23226,8158,24473,2107,76,24654,1.0,5:08,2015,2016
2015-16,203521,Matthew Dellavedova,Matthew,1610612739,CLE,Cleveland Cavaliers,21501165,2016-04-06T00:00:00,CLE @ IND,L,21.5,2.0,6.0,0.333,0.0,1.0,0.0,0.0,0.0,0.0,3.0,0.0,3.0,4.0,1.0,0.0,0.0,0.0,1.0,2.0,4.0,-9.0,12.6,0,0,11.0,1,13074,1,13074,14601,14994,14041,16528,11051,13174,11051,14161,15066,14161,1576,22257,12520,3513,9196,12313,8004,8866,14690,7786,18063,20888,17277,2107,76,17702,1.0,21:29,2015,2016
2015-16,2592,James Jones,James,1610612739,CLE,Cleveland Cavaliers,21501165,2016-04-06T00:00:00,CLE @ IND,L,5.1,2.0,3.0,0.667,1.0,1.0,1.0,0.0,0.0,0.0,0.0,0.0,0.0,0.0,0.0,0.0,1.0,0.0,0.0,1.0,5.0,4.0,8.0,0,0,8.0,1,13074,1,13074,24317,14994,19997,2883,5519,13174,1,14161,15066,14161,13060,22257,23167,18354,16943,12313,2692,8866,21108,12373,16838,8158,20564,2107,76,20022,1.0,5:08,2015,2016
2015-16,2210,Richard Jefferson,Richard,1610612739,CLE,Cleveland Cavaliers,21501159,2016-04-05T00:00:00,CLE @ MIL,W,19.9,0.0,3.0,0.0,0.0,3.0,0.0,0.0,0.0,0.0,0.0,1.0,1.0,2.0,0.0,0.0,1.0,0.0,1.0,0.0,0.0,7.0,7.2,0,0,5.0,1,1,13006,1,15972,22516,19997,22516,11051,6890,11051,14161,15066,14161,13060,17769,19693,8082,16943,12313,2692,8866,14690,18762,23226,5888,21035,2107,76,22162,1.0,19:56,2015,2016
2015-16,202681,Kyrie Irving,Kyrie,1610612739,CLE,Cleveland Cavaliers,21501159,2016-04-05T00:00:00,CLE @ MIL,W,26.9,5.0,9.0,0.556,3.0,4.0,0.75,2.0,3.0,0.667,0.0,3.0,3.0,6.0,3.0,0.0,0.0,1.0,2.0,2.0,15.0,16.0,24.6,0,0,27.0,1,1,13006,1,10099,6175,8964,6726,1083,4617,1633,6499,6741,9461,13060,9493,12520,1638,1969,12313,8004,2492,8439,7786,5598,1731,8724,2107,76,6398,1.0,26:54,2015,2016
2015-16,2590,Mo Williams,Mo,1610612739,CLE,Cleveland Cavaliers,21501159,2016-04-05T00:00:00,CLE @ MIL,W,9.9,0.0,2.0,0.0,0.0,0.0,0.0,0.0,0.0,0.0,0.0,1.0,1.0,1.0,1.0,1.0,0.0,0.0,1.0,0.0,0.0,0.0,4.7,0,0,4.0,1,1,13006,1,22488,22516,21813,22516,11051,17277,11051,14161,15066,14161,13060,17769,19693,12251,9196,4706,8004,8866,14690,18762,23226,12042,22672,2107,76,22829,1.0,9:55,2015,2016
2015-16,203521,Matthew Dellavedova,Matthew,1610612739,CLE,Cleveland Cavaliers,21501159,2016-04-05T00:00:00,CLE @ MIL,W,11.2,0.0,1.0,0.0,0.0,0.0,0.0,2.0,2.0,1.0,0.0,0.0,0.0,3.0,1.0,1.0,0.0,0.0,2.0,3.0,2.0,13.0,8.5,0,0,7.0,1,1,13006,1,21950,22516,23432,22516,11051,17277,11051,6499,8140,1,13060,22257,23167,5322,9196,4706,8004,8866,8439,4736,20822,2784,20215,2107,76,20722,1.0,11:11,2015,2016
2015-16,203895,Jordan McRae,Jordan,1610612739,CLE,Cleveland Cavaliers,21501159,2016-04-05T00:00:00,CLE @ MIL,W,5.7,1.0,1.0,1.0,0.0,0.0,0.0,0.0,0.0,0.0,0.0,0.0,0.0,1.0,0.0,0.0,0.0,0.0,0.0,0.0,2.0,1.0,3.5,0,0,3.0,1,1,13006,1,24102,18695,23432,1,11051,17277,11051,14161,15066,14161,13060,22257,23167,12251,16943,12313,8004,8866,21108,18762,20822,11010,23351,2107,76,23463,1.0,5:41,2015,2016
2015-16,2592,James Jones,James,1610612739,CLE,Cleveland Cavaliers,21501159,2016-04-05T00:00:00,CLE @ MIL,W,8.6,2.0,4.0,0.5,2.0,4.0,0.5,0.0,0.0,0.0,0.0,0.0,0.0,0.0,0.0,0.0,0.0,0.0,0.0,0.0,6.0,0.0,6.0,0,0,8.0,1,1,13006,1,23004,14994,18073,7886,2550,4617,3313,14161,15066,14161,13060,22257,23167,18354,16943,12313,8004,8866,21108,18762,15190,12042,21878,2107,76,20022,1.0,8:34,2015,2016
2015-16,202697,Iman Shumpert,Iman,1610612739,CLE,Cleveland Cavaliers,21501159,2016-04-05T00:00:00,CLE @ MIL,W,15.9,1.0,1.0,1.0,0.0,0.0,0.0,0.0,0.0,0.0,0.0,3.0,3.0,1.0,3.0,0.0,0.0,0.0,1.0,1.0,2.0,10.0,4.1,0,0,6.0,1,1,13006,1,19147,18695,23432,1,11051,17277,11051,14161,15066,14161,13060,9493,12520,12251,1969,12313,8004,8866,14690,12373,20822,4134,23131,2107,76,21429,1.0,15:52,2015,2016
2015-16,202389,Timofey Mozgov,Timofey,1610612739,CLE,Cleveland Cavaliers,21501159,2016-04-05T00:00:00,CLE @ MIL,W,21.7,2.0,4.0,0.5,0.0,0.0,0.0,0.0,0.0,0.0,0.0,4.0,4.0,1.0,0.0,0.0,3.0,0.0,1.0,0.0,4.0,11.0,19.3,0,0,15.0,1,1,13006,1,14424,14994,18073,7886,11051,17277,11051,14161,15066,14161,13060,6568,9586,12251,16943,12313,347,8866,14690,18762,18063,3629,12228,2107,76,14428,1.0,21:43,2015,2016
2015-16,202684,Tristan Thompson,Tristan,1610612739,CLE,Cleveland Cavaliers,21501159,2016-04-05T00:00:00,CLE @ MIL,W,17.7,5.0,6.0,0.833,0.0,0.0,0.0,1.0,1.0,1.0,2.0,5.0,7.0,1.0,0.0,0.0,2.0,0.0,1.0,1.0,11.0,18.0,26.9,0,0,23.0,1,1,13006,1,17737,6175,14041,1260,11051,17277,11051,10755,13680,1,3138,4465,3953,12251,16943,12313,932,8866,14690,12373,9124,1238,7438,2107,76,8747,1.0,17:43,2015,2016
2015-16,201567,Kevin Love,Kevin,1610612739,CLE,Cleveland Cavaliers,21501159,2016-04-05T00:00:00,CLE @ MIL,W,25.5,6.0,11.0,0.545,3.0,6.0,0.5,2.0,2.0,1.0,0.0,9.0,9.0,3.0,2.0,0.0,0.0,0.0,1.0,1.0,17.0,17.0,30.3,0,0,32.0,1,1,13006,1,11316,4268,6284,7132,1083,1860,3313,6499,8140,1,13060,786,2216,5322,4412,12313,8004,8866,14690,12373,4170,1469,5702,2107,76,4082,1.0,25:28,2015,2016
2015-16,101112,Channing Frye,Channing,1610612739,CLE,Cleveland Cavaliers,21501159,2016-04-05T00:00:00,CLE @ MIL,W,22.5,5.0,12.0,0.417,2.0,6.0,0.333,0.0,0.0,0.0,0.0,6.0,6.0,1.0,1.0,1.0,1.0,0.0,2.0,0.0,12.0,12.0,25.7,0,0,25.0,1,1,13006,1,13747,6175,5215,13673,2550,1860,7128,14161,15066,14161,13060,3007,5415,12251,9196,4706,2692,8866,8439,18762,8086,3172,8088,2107,76,7525,1.0,22:32,2015,2016
2015-16,2747,JR Smith,JR,1610612739,CLE,Cleveland Cavaliers,21501159,2016-04-05T00:00:00,CLE @ MIL,W,26.5,7.0,12.0,0.583,7.0,11.0,0.636,0.0,0.0,0.0,0.0,2.0,2.0,1.0,1.0,1.0,0.0,0.0,2.0,1.0,21.0,18.0,26.9,0,0,33.0,1,1,13006,1,10487,2864,5215,5861,37,142,2688,14161,15066,14161,13060,13353,16063,12251,9196,4706,8004,8866,8439,12373,2210,1238,7438,2107,76,3722,1.0,26:27,2015,2016
2015-16,2544,LeBron James,LeBron,1610612739,CLE,Cleveland Cavaliers,21501159,2016-04-05T00:00:00,CLE @ MIL,W,28.1,7.0,9.0,0.778,1.0,2.0,0.5,2.0,2.0,1.0,0.0,5.0,5.0,9.0,4.0,0.0,1.0,0.0,0.0,5.0,17.0,22.0,35.5,0,0,34.0,1,1,13006,1,9182,2864,8964,1686,5519,9677,3313,6499,8140,1,13060,4465,7203,508,841,12313,2692,8866,21108,1539,4170,609,3657,2107,76,3364,1.0,28:04,2015,2016
2015-16,2747,JR Smith,JR,1610612739,CLE,Cleveland Cavaliers,21501144,2016-04-03T00:00:00,CLE vs. CHA,W,33.1,10.0,16.0,0.625,6.0,9.0,0.667,1.0,2.0,0.5,2.0,3.0,5.0,3.0,1.0,1.0,0.0,0.0,1.0,1.0,27.0,3.0,39.5,0,0,43.0,1,1,13006,1,5027,704,2178,4401,78,402,1955,10755,8140,10753,3138,9493,7203,5322,9196,4706,8004,8866,14690,12373,744,9063,2497,2107,76,1208,1.0,33:07,2015,2016
2015-16,201567,Kevin Love,Kevin,1610612739,CLE,Cleveland Cavaliers,21501144,2016-04-03T00:00:00,CLE vs. CHA,W,32.2,10.0,18.0,0.556,5.0,8.0,0.625,0.0,0.0,0.0,2.0,7.0,9.0,4.0,3.0,0.0,1.0,2.0,4.0,1.0,25.0,-5.0,41.8,0,0,45.0,1,1,13006,1,5726,704,1283,6726,179,705,2699,14161,15066,14161,3138,1973,2216,3513,1969,12313,2692,639,1394,12373,1116,17477,1981,2107,76,941,1.0,32:12,2015,2016
2015-16,2544,LeBron James,LeBron,1610612739,CLE,Cleveland Cavaliers,21501144,2016-04-03T00:00:00,CLE vs. CHA,W,40.8,14.0,22.0,0.636,0.0,0.0,0.0,3.0,3.0,1.0,3.0,5.0,8.0,12.0,5.0,2.0,0.0,1.0,4.0,5.0,31.0,10.0,59.6,1,0,55.0,1,1,13006,1,517,44,346,4230,11051,17277,11051,4469,6741,1,1576,4465,2959,133,351,1588,8004,2492,1394,1539,339,4134,225,1,76,232,1.0,40:50,2015,2016
2015-16,202389,Timofey Mozgov,Timofey,1610612739,CLE,Cleveland Cavaliers,21501144,2016-04-03T00:00:00,CLE vs. CHA,W,14.4,1.0,1.0,1.0,0.0,0.0,0.0,0.0,2.0,0.0,1.0,2.0,3.0,1.0,1.0,0.0,0.0,0.0,2.0,1.0,2.0,-4.0,6.1,0,0,6.0,1,1,13006,1,20184,18695,23432,1,11051,17277,11051,14161,8140,14161,6390,13353,12520,12251,9196,12313,8004,8866,8439,12373,20822,16419,21845,2107,76,21429,1.0,14:22,2015,2016
2015-16,101112,Channing Frye,Channing,1610612739,CLE,Cleveland Cavaliers,21501144,2016-04-03T00:00:00,CLE vs. CHA,W,15.3,1.0,7.0,0.143,1.0,5.0,0.2,0.0,0.0,0.0,0.0,7.0,7.0,1.0,2.0,0.0,0.0,0.0,2.0,0.0,3.0,12.0,10.9,0,0,12.0,1,1,13006,1,19532,18695,12208,22109,5519,2959,10165,14161,15066,14161,13060,1973,3953,12251,4412,12313,8004,8866,8439,18762,19720,3172,18498,2107,76,16886,1.0,15:20,2015,2016
2015-16,2590,Mo Williams,Mo,1610612739,CLE,Cleveland Cavaliers,21501144,2016-04-03T00:00:00,CLE vs. CHA,W,13.2,2.0,4.0,0.5,2.0,3.0,0.667,0.0,0.0,0.0,0.0,1.0,1.0,1.0,0.0,1.0,0.0,0.0,0.0,0.0,6.0,3.0,11.7,0,0,12.0,1,1,13006,1,20862,14994,18073,7886,2550,6890,1955,14161,15066,14161,13060,17769,19693,12251,16943,4706,8004,8866,21108,18762,15190,9063,17903,2107,76,16886,1.0,13:13,2015,2016
2015-16,202684,Tristan Thompson,Tristan,1610612739,CLE,Cleveland Cavaliers,21501144,2016-04-03T00:00:00,CLE vs. CHA,W,28.1,1.0,2.0,0.5,0.0,0.0,0.0,2.0,6.0,0.333,5.0,1.0,6.0,0.0,1.0,2.0,0.0,0.0,1.0,3.0,4.0,12.0,16.2,0,0,14.0,1,1,13006,1,9140,18695,21813,7886,11051,17277,11051,6499,2017,13688,377,17769,5415,18354,9196,1588,8004,8866,14690,4736,18063,3172,14436,2107,76,15285,1.0,28:07,2015,2016
2015-16,202697,Iman Shumpert,Iman,1610612739,CLE,Cleveland Cavaliers,21501144,2016-04-03T00:00:00,CLE vs. CHA,W,31.8,4.0,6.0,0.667,0.0,1.0,0.0,0.0,0.0,0.0,1.0,1.0,2.0,3.0,1.0,1.0,0.0,0.0,1.0,1.0,8.0,13.0,16.9,0,0,15.0,1,1,13006,1,6048,8539,14041,2883,11051,13174,11051,14161,15066,14161,6390,17769,16063,5322,9196,4706,8004,8866,14690,12373,12541,2784,13911,2107,76,14428,1.0,31:50,2015,2016
2015-16,203521,Matthew Dellavedova,Matthew,1610612739,CLE,Cleveland Cavaliers,21501144,2016-04-03T00:00:00,CLE vs. CHA,W,31.0,2.0,7.0,0.286,2.0,3.0,0.667,0.0,0.0,0.0,1.0,4.0,5.0,9.0,3.0,0.0,0.0,1.0,4.0,1.0,6.0,1.0,22.5,0,0,22.0,1,1,13006,1,6725,14994,12208,19020,2550,6890,1955,14161,15066,14161,6390,6568,7203,508,1969,12313,8004,2492,1394,12373,15190,11010,10082,2107,76,9378,1.0,30:59,2015,2016
2015-16,2747,JR Smith,JR,1610612739,CLE,Cleveland Cavaliers,21501131,2016-04-01T00:00:00,CLE @ ATL,W,39.0,4.0,12.0,0.333,4.0,9.0,0.444,0.0,0.0,0.0,1.0,1.0,2.0,3.0,0.0,0.0,0.0,0.0,1.0,2.0,12.0,9.0,18.9,0,0,21.0,1,1,13006,1,1056,8539,5215,16528,439,402,5987,14161,15066,14161,6390,17769,16063,5322,16943,12313,8004,8866,14690,7786,8086,4633,12513,2107,76,10048,1.0,39:02,2015,2016
2015-16,202389,Timofey Mozgov,Timofey,1610612739,CLE,Cleveland Cavaliers,21501131,2016-04-01T00:00:00,CLE @ ATL,W,11.9,1.0,2.0,0.5,0.0,0.0,0.0,0.0,0.0,0.0,0.0,5.0,5.0,1.0,1.0,0.0,0.0,0.0,0.0,1.0,2.0,-15.0,8.5,0,0,8.0,1,1,13006,1,21628,18695,21813,7886,11051,17277,11051,14161,15066,14161,13060,4465,7203,12251,9196,12313,8004,8866,21108,12373,20822,23948,20215,2107,76,20022,1.0,11:55,2015,2016
2015-16,101112,Channing Frye,Channing,1610612739,CLE,Cleveland Cavaliers,21501131,2016-04-01T00:00:00,CLE @ ATL,W,13.3,2.0,6.0,0.333,1.0,4.0,0.25,1.0,2.0,0.5,0.0,1.0,1.0,0.0,1.0,0.0,0.0,0.0,1.0,2.0,6.0,1.0,6.2,0,0,8.0,1,1,13006,1,20805,14994,14041,16528,5519,4617,9116,10755,8140,10753,13060,17769,19693,18354,9196,12313,8004,8866,14690,7786,15190,11010,21696,2107,76,20022,1.0,13:18,2015,2016
2015-16,202697,Iman Shumpert,Iman,1610612739,CLE,Cleveland Cavaliers,21501131,2016-04-01T00:00:00,CLE @ ATL,W,28.9,4.0,10.0,0.4,1.0,3.0,0.333,2.0,2.0,1.0,0.0,5.0,5.0,0.0,0.0,2.0,0.0,1.0,1.0,1.0,11.0,-3.0,23.0,0,0,21.0,1,1,13006,1,8474,8539,7514,14037,5519,6890,7128,6499,8140,1,13060,4465,7203,18354,16943,1588,8004,2492,14690,12373,9124,15372,9760,2107,76,10048,1.0,28:52,2015,2016
2015-16,202681,Kyrie Irving,Kyrie,1610612739,CLE,Cleveland Cavaliers,21501131,2016-04-01T00:00:00,CLE @ ATL,W,41.6,5.0,23.0,0.217,2.0,7.0,0.286,8.0,10.0,0.8,2.0,4.0,6.0,7.0,1.0,2.0,2.0,5.0,2.0,5.0,20.0,-13.0,48.7,0,0,43.0,1,1,13006,1,362,6175,256,21052,2550,1138,8900,448,422,7601,3138,6568,5415,1118,9196,1588,932,10,8439,1539,2594,23150,890,2107,76,1208,1.0,41:39,2015,2016
2015-16,2544,LeBron James,LeBron,1610612739,CLE,Cleveland Cavaliers,21501131,2016-04-01T00:00:00,CLE @ ATL,W,44.4,12.0,26.0,0.462,1.0,5.0,0.2,4.0,5.0,0.8,3.0,13.0,16.0,9.0,3.0,3.0,1.0,1.0,4.0,6.0,29.0,6.0,70.7,1,0,63.0,1,1,13006,1,105,217,87,11689,5519,2959,10165,2791,3208,7601,1576,82,152,508,1969,501,2692,2492,1394,873,517,6628,43,1,76,79,1.0,44:25,2015,2016
2015-16,203521,Matthew Dellavedova,Matthew,1610612739,CLE,Cleveland Cavaliers,21501131,2016-04-01T00:00:00,CLE @ ATL,W,18.5,2.0,4.0,0.5,0.0,1.0,0.0,2.0,2.0,1.0,0.0,2.0,2.0,2.0,3.0,0.0,1.0,0.0,5.0,3.0,6.0,13.0,11.4,0,0,12.0,1,1,13006,1,17099,14994,18073,7886,11051,13174,11051,6499,8140,1,13060,13353,16063,8082,1969,12313,2692,8866,253,4736,15190,2784,18134,2107,76,16886,1.0,18:29,2015,2016
2015-16,201567,Kevin Love,Kevin,1610612739,CLE,Cleveland Cavaliers,21501131,2016-04-01T00:00:00,CLE @ ATL,W,33.8,5.0,11.0,0.455,3.0,9.0,0.333,2.0,4.0,0.5,0.0,6.0,6.0,4.0,3.0,1.0,0.0,1.0,5.0,3.0,15.0,8.0,28.2,0,0,30.0,1,1,13006,1,4507,6175,6284,11898,1083,402,7128,6499,4140,10753,13060,3007,5415,3513,1969,4706,8004,2492,253,4736,5598,5243,6778,2107,76,4936,1.0,33:48,2015,2016
2015-16,202684,Tristan Thompson,Tristan,1610612739,CLE,Cleveland Cavaliers,21501131,2016-04-01T00:00:00,CLE @ ATL,W,33.5,4.0,4.0,1.0,0.0,0.0,0.0,1.0,6.0,0.167,5.0,9.0,14.0,1.0,0.0,1.0,2.0,0.0,4.0,4.0,9.0,4.0,36.3,0,0,30.0,1,1,13006,1,4718,8539,18073,1,11051,17277,11051,10755,2017,14140,377,786,317,12251,16943,4706,932,8866,1394,2748,11389,8158,3380,2107,76,4936,1.0,33:32,2015,2016
2015-16,201567,Kevin Love,Kevin,1610612739,CLE,Cleveland Cavaliers,21501122,2016-03-31T00:00:00,CLE vs. BKN,W,24.9,6.0,10.0,0.6,4.0,8.0,0.5,3.0,4.0,0.75,3.0,7.0,10.0,2.0,3.0,1.0,1.0,0.0,0.0,2.0,19.0,20.0,37.0,1,0,39.0,1,1,13006,1,11762,4268,7514,4873,439,705,3313,4469,4140,8103,1576,1973,1598,8082,1969,4706,2692,8866,21108,7786,3065,876,3182,1,76,1944,1.0,24:53,2015,2016
2015-16,202681,Kyrie Irving,Kyrie,1610612739,CLE,Cleveland Cavaliers,21501122,2016-03-31T00:00:00,CLE vs. BKN,W,24.3,4.0,14.0,0.286,0.0,5.0,0.0,2.0,2.0,1.0,0.0,2.0,2.0,3.0,1.0,1.0,1.0,0.0,2.0,1.0,10.0,4.0,21.9,0,0,19.0,1,1,13006,1,12282,8539,3506,19020,11051,2959,11051,6499,8140,1,13060,13353,16063,5322,9196,4706,2692,8866,8439,12373,10151,8158,10460,2107,76,11453,1.0,24:19,2015,2016
2015-16,2747,JR Smith,JR,1610612739,CLE,Cleveland Cavaliers,21501122,2016-03-31T00:00:00,CLE vs. BKN,W,24.9,3.0,8.0,0.375,2.0,7.0,0.286,0.0,0.0,0.0,0.0,3.0,3.0,3.0,1.0,2.0,0.0,0.0,2.0,0.0,8.0,20.0,21.1,0,0,20.0,1,1,13006,1,11762,11544,10529,15466,2550,1138,8900,14161,15066,14161,13060,9493,12520,5322,9196,1588,8004,8866,8439,18762,12541,876,11012,2107,76,10747,1.0,24:53,2015,2016
2015-16,202684,Tristan Thompson,Tristan,1610612739,CLE,Cleveland Cavaliers,21501122,2016-03-31T00:00:00,CLE vs. BKN,W,23.8,2.0,4.0,0.5,0.0,0.0,0.0,0.0,0.0,0.0,2.0,4.0,6.0,0.0,1.0,2.0,1.0,0.0,1.0,1.0,4.0,21.0,19.2,0,0,16.0,1,1,13006,1,12728,14994,18073,7886,11051,17277,11051,14161,15066,14161,3138,6568,5415,18354,9196,1588,2692,8866,14690,12373,18063,743,12284,2107,76,13654,1.0,23:49,2015,2016
2015-16,202389,Timofey Mozgov,Timofey,1610612739,CLE,Cleveland Cavaliers,21501122,2016-03-31T00:00:00,CLE vs. BKN,W,17.4,4.0,6.0,0.667,0.0,0.0,0.0,2.0,3.0,0.667,2.0,5.0,7.0,0.0,1.0,0.0,2.0,0.0,3.0,3.0,10.0,6.0,23.4,0,0,21.0,1,1,13006,1,17944,8539,14041,2883,11051,17277,11051,6499,6741,9461,3138,4465,3953,18354,9196,12313,932,8866,3976,4736,10151,6628,9501,2107,76,10048,1.0,17:27,2015,2016
2015-16,2590,Mo Williams,Mo,1610612739,CLE,Cleveland Cavaliers,21501122,2016-03-31T00:00:00,CLE vs. BKN,W,9.1,2.0,5.0,0.4,1.0,2.0,0.5,0.0,0.0,0.0,0.0,1.0,1.0,1.0,2.0,0.0,0.0,1.0,0.0,0.0,5.0,-6.0,5.7,0,0,8.0,1,1,13006,1,22801,14994,16058,14037,5519,9677,3313,14161,15066,14161,13060,17769,19693,12251,4412,12313,8004,2492,21108,18762,16838,18431,22054,2107,76,20022,1.0,9:06,2015,2016
2015-16,2210,Richard Jefferson,Richard,1610612739,CLE,Cleveland Cavaliers,21501122,2016-03-31T00:00:00,CLE vs. BKN,W,12.0,2.0,4.0,0.5,1.0,3.0,0.333,0.0,0.0,0.0,0.0,0.0,0.0,0.0,0.0,0.0,0.0,0.0,0.0,0.0,5.0,-6.0,5.0,0,0,6.0,1,1,13006,1,21529,14994,18073,7886,5519,6890,7128,14161,15066,14161,13060,22257,23167,18354,16943,12313,8004,8866,21108,18762,16838,18431,22500,2107,76,21429,1.0,12:00,2015,2016
2015-16,2544,LeBron James,LeBron,1610612739,CLE,Cleveland Cavaliers,21501122,2016-03-31T00:00:00,CLE vs. BKN,W,30.7,8.0,11.0,0.727,0.0,0.0,0.0,8.0,10.0,0.8,0.0,4.0,4.0,11.0,6.0,2.0,1.0,0.0,0.0,7.0,24.0,28.0,48.3,1,0,45.0,1,1,13006,1,6970,1806,6284,2339,11051,17277,11051,448,422,7601,13060,6568,9586,211,146,1588,2692,8866,21108,469,1331,193,932,1,76,941,1.0,30:40,2015,2016
2015-16,202697,Iman Shumpert,Iman,1610612739,CLE,Cleveland Cavaliers,21501122,2016-03-31T00:00:00,CLE vs. BKN,W,19.8,1.0,4.0,0.25,0.0,2.0,0.0,4.0,5.0,0.8,0.0,8.0,8.0,2.0,1.0,1.0,0.0,1.0,1.0,3.0,6.0,20.0,20.6,0,0,18.0,1,1,13006,1,16113,18695,18073,19755,11051,9677,11051,2791,3208,7601,13060,1264,2959,8082,9196,4706,8004,2492,14690,4736,15190,876,11314,2107,76,12177,1.0,19:45,2015,2016
2015-16,203521,Matthew Dellavedova,Matthew,1610612739,CLE,Cleveland Cavaliers,21501122,2016-03-31T00:00:00,CLE vs. BKN,W,16.6,0.0,6.0,0.0,0.0,3.0,0.0,0.0,0.0,0.0,0.0,0.0,0.0,5.0,0.0,0.0,1.0,0.0,4.0,1.0,0.0,7.0,10.5,0,0,7.0,1,1,13006,1,18617,22516,14041,22516,11051,6890,11051,14161,15066,14161,13060,22257,23167,2408,16943,12313,2692,8866,1394,12373,23226,5888,18808,2107,76,20722,1.0,16:33,2015,2016
2015-16,2592,James Jones,James,1610612739,CLE,Cleveland Cavaliers,21501122,2016-03-31T00:00:00,CLE vs. BKN,W,6.7,1.0,2.0,0.5,1.0,2.0,0.5,0.0,0.0,0.0,0.0,1.0,1.0,0.0,0.0,1.0,0.0,0.0,0.0,0.0,3.0,-7.0,7.2,0,0,7.0,1,1,13006,1,23659,18695,21813,7886,5519,9677,3313,14161,15066,14161,13060,17769,19693,18354,16943,4706,8004,8866,21108,18762,19720,19310,21035,2107,76,20722,1.0,6:44,2015,2016
2015-16,203895,Jordan McRae,Jordan,1610612739,CLE,Cleveland Cavaliers,21501122,2016-03-31T00:00:00,CLE vs. BKN,W,6.7,0.0,3.0,0.0,0.0,0.0,0.0,0.0,0.0,0.0,0.0,0.0,0.0,0.0,0.0,0.0,0.0,1.0,2.0,0.0,0.0,-7.0,0.0,0,0,0.0,1,1,13006,1,23659,22516,19997,22516,11051,17277,11051,14161,15066,14161,13060,22257,23167,18354,16943,12313,8004,2492,8439,18762,23226,19310,25170,2107,76,25215,1.0,6:44,2015,2016
2015-16,101112,Channing Frye,Channing,1610612739,CLE,Cleveland Cavaliers,21501122,2016-03-31T00:00:00,CLE vs. BKN,W,23.1,5.0,10.0,0.5,3.0,6.0,0.5,0.0,0.0,0.0,2.0,6.0,8.0,2.0,1.0,0.0,0.0,1.0,2.0,1.0,13.0,0.0,24.6,0,0,26.0,1,1,13006,1,13268,6175,7514,7886,1083,1860,3313,14161,15066,14161,3138,3007,2959,8082,9196,12313,8004,2492,8439,12373,7214,12042,8724,2107,76,6962,1.0,23:07,2015,2016
2015-16,202681,Kyrie Irving,Kyrie,1610612739,CLE,Cleveland Cavaliers,21501111,2016-03-29T00:00:00,CLE vs. HOU,L,37.2,9.0,23.0,0.391,5.0,11.0,0.455,8.0,9.0,0.889,0.0,2.0,2.0,8.0,5.0,1.0,1.0,3.0,3.0,4.0,31.0,-10.0,46.4,0,0,50.0,1,13074,1,13074,1936,1155,256,15189,179,142,5967,448,664,6644,13060,13353,16063,762,351,4706,2692,154,3976,2748,339,21543,1149,2107,76,478,1.0,37:14,2015,2016
2015-16,101112,Channing Frye,Channing,1610612739,CLE,Cleveland Cavaliers,21501111,2016-03-29T00:00:00,CLE vs. HOU,L,10.4,0.0,3.0,0.0,0.0,3.0,0.0,0.0,0.0,0.0,1.0,0.0,1.0,0.0,0.0,0.0,0.0,0.0,2.0,1.0,0.0,-5.0,1.2,0,0,1.0,1,13074,1,13074,22259,22516,19997,22516,11051,6890,11051,14161,15066,14161,6390,22257,19693,18354,16943,12313,8004,8866,8439,12373,23226,17477,24661,2107,76,24654,1.0,10:26,2015,2016
2015-16,201567,Kevin Love,Kevin,1610612739,CLE,Cleveland Cavaliers,21501111,2016-03-29T00:00:00,CLE vs. HOU,L,29.5,5.0,14.0,0.357,2.0,6.0,0.333,1.0,2.0,0.5,1.0,10.0,11.0,0.0,1.0,0.0,0.0,1.0,3.0,4.0,13.0,-16.0,25.2,1,0,26.0,1,13074,1,13074,7961,6175,3506,16307,2550,1860,7128,10755,8140,10753,6390,488,1106,18354,9196,12313,8004,2492,3976,2748,7214,24301,8383,1,76,6962,1.0,29:31,2015,2016
2015-16,2590,Mo Williams,Mo,1610612739,CLE,Cleveland Cavaliers,21501111,2016-03-29T00:00:00,CLE vs. HOU,L,5.8,2.0,2.0,1.0,2.0,2.0,1.0,0.0,0.0,0.0,0.0,0.0,0.0,0.0,0.0,0.0,0.0,0.0,1.0,0.0,6.0,9.0,6.0,0,0,8.0,1,13074,1,13074,24040,14994,21813,1,2550,9677,1,14161,15066,14161,13060,22257,23167,18354,16943,12313,8004,8866,14690,18762,15190,4633,21878,2107,76,20022,1.0,5:51,2015,2016
2015-16,2210,Richard Jefferson,Richard,1610612739,CLE,Cleveland Cavaliers,21501111,2016-03-29T00:00:00,CLE vs. HOU,L,11.5,1.0,2.0,0.5,1.0,1.0,1.0,0.0,0.0,0.0,0.0,0.0,0.0,1.0,0.0,1.0,0.0,0.0,1.0,0.0,3.0,5.0,7.5,0,0,7.0,1,13074,1,13074,21825,18695,21813,7886,5519,13174,1,14161,15066,14161,13060,22257,23167,12251,16943,4706,8004,8866,14690,18762,19720,7354,20874,2107,76,20722,1.0,11:30,2015,2016
2015-16,202389,Timofey Mozgov,Timofey,1610612739,CLE,Cleveland Cavaliers,21501111,2016-03-29T00:00:00,CLE vs. HOU,L,8.7,1.0,2.0,0.5,0.0,0.0,0.0,0.0,0.0,0.0,2.0,3.0,5.0,0.0,0.0,0.0,0.0,0.0,5.0,0.0,2.0,-4.0,8.0,0,0,7.0,1,13074,1,13074,22968,18695,21813,7886,11051,17277,11051,14161,15066,14161,3138,9493,7203,18354,16943,12313,8004,8866,253,18762,20822,16419,20564,2107,76,20722,1.0,8:41,2015,2016
2015-16,202697,Iman Shumpert,Iman,1610612739,CLE,Cleveland Cavaliers,21501111,2016-03-29T00:00:00,CLE vs. HOU,L,34.7,4.0,14.0,0.286,2.0,6.0,0.333,1.0,2.0,0.5,1.0,2.0,3.0,2.0,1.0,1.0,2.0,0.0,4.0,1.0,11.0,-6.0,25.6,0,0,24.0,1,13074,1,13074,3793,8539,3506,19020,2550,1860,7128,10755,8140,10753,6390,13353,12520,8082,9196,4706,932,8866,1394,12373,9124,18431,8157,2107,76,8132,1.0,34:41,2015,2016
2015-16,2592,James Jones,James,1610612739,CLE,Cleveland Cavaliers,21501111,2016-03-29T00:00:00,CLE vs. HOU,L,8.1,2.0,5.0,0.4,2.0,5.0,0.4,4.0,4.0,1.0,0.0,1.0,1.0,0.0,0.0,1.0,0.0,0.0,0.0,3.0,10.0,15.0,14.2,0,0,15.0,1,13074,1,13074,23167,14994,16058,14037,2550,2959,6308,2791,4140,1,13060,17769,19693,18354,16943,4706,8004,8866,21108,4736,10151,2059,16003,2107,76,14428,1.0,8:03,2015,2016
2015-16,2747,JR Smith,JR,1610612739,CLE,Cleveland Cavaliers,21501111,2016-03-29T00:00:00,CLE vs. HOU,L,34.5,1.0,6.0,0.167,0.0,3.0,0.0,2.0,2.0,1.0,0.0,3.0,3.0,2.0,1.0,0.0,1.0,0.0,5.0,2.0,4.0,-9.0,12.6,0,0,11.0,1,13074,1,13074,3929,18695,14041,21747,11051,6890,11051,6499,8140,1,13060,9493,12520,8082,9196,12313,2692,8866,253,7786,18063,20888,17277,2107,76,17702,1.0,34:31,2015,2016
2015-16,202684,Tristan Thompson,Tristan,1610612739,CLE,Cleveland Cavaliers,21501111,2016-03-29T00:00:00,CLE vs. HOU,L,39.3,4.0,8.0,0.5,0.0,0.0,0.0,8.0,9.0,0.889,5.0,5.0,10.0,0.0,3.0,1.0,1.0,0.0,5.0,7.0,16.0,-2.0,31.0,1,0,30.0,1,13074,1,13074,943,8539,10529,7886,11051,17277,11051,448,664,6644,377,4465,1598,18354,1969,4706,2692,8866,253,469,4835,14281,5406,1,76,4936,1.0,39:19,2015,2016
2015-16,203521,Matthew Dellavedova,Matthew,1610612739,CLE,Cleveland Cavaliers,21501111,2016-03-29T00:00:00,CLE vs. HOU,L,20.2,2.0,7.0,0.286,0.0,3.0,0.0,0.0,0.0,0.0,0.0,2.0,2.0,8.0,0.0,0.0,0.0,1.0,2.0,2.0,4.0,-7.0,18.4,0,0,14.0,1,13074,1,13074,15713,14994,12208,19020,11051,6890,11051,14161,15066,14161,13060,13353,16063,762,16943,12313,8004,2492,8439,7786,18063,19310,12854,2107,76,15285,1.0,20:13,2015,2016
2015-16,202684,Tristan Thompson,Tristan,1610612739,CLE,Cleveland Cavaliers,21501086,2016-03-26T00:00:00,CLE @ NYK,W,22.1,0.0,0.0,0.0,0.0,0.0,0.0,6.0,8.0,0.75,2.0,5.0,7.0,0.0,0.0,0.0,1.0,0.0,4.0,4.0,6.0,5.0,17.4,0,0,15.0,1,1,13006,1,14074,22516,24912,22516,11051,17277,11051,1100,922,8103,3138,4465,3953,18354,16943,12313,2692,8866,1394,2748,15190,7354,13595,2107,76,14428,1.0,22:07,2015,2016
2015-16,203521,Matthew Dellavedova,Matthew,1610612739,CLE,Cleveland Cavaliers,21501086,2016-03-26T00:00:00,CLE @ NYK,W,30.6,3.0,8.0,0.375,3.0,6.0,0.5,1.0,1.0,1.0,0.0,4.0,4.0,2.0,2.0,0.0,0.0,0.0,3.0,1.0,10.0,5.0,15.8,0,0,19.0,1,1,13006,1,7033,11544,10529,15466,1083,1860,3313,10755,13680,1,13060,6568,9586,8082,4412,12313,8004,8866,3976,12373,10151,7354,14754,2107,76,11453,1.0,30:36,2015,2016
2015-16,202697,Iman Shumpert,Iman,1610612739,CLE,Cleveland Cavaliers,21501086,2016-03-26T00:00:00,CLE @ NYK,W,21.3,1.0,3.0,0.333,0.0,1.0,0.0,0.0,0.0,0.0,0.0,2.0,2.0,1.0,1.0,1.0,1.0,0.0,2.0,0.0,2.0,-8.0,10.9,0,0,9.0,1,1,13006,1,14782,18695,19997,16528,11051,13174,11051,14161,15066,14161,13060,13353,16063,12251,9196,4706,2692,8866,8439,18762,20822,20129,18498,2107,76,19255,1.0,21:18,2015,2016
2015-16,2210,Richard Jefferson,Richard,1610612739,CLE,Cleveland Cavaliers,21501086,2016-03-26T00:00:00,CLE @ NYK,W,11.3,1.0,3.0,0.333,0.0,2.0,0.0,0.0,0.0,0.0,1.0,1.0,2.0,0.0,1.0,2.0,0.0,0.0,2.0,2.0,2.0,-4.0,9.4,0,0,8.0,1,1,13006,1,21913,18695,19997,16528,11051,9677,11051,14161,15066,14161,6390,17769,16063,18354,9196,1588,8004,8866,8439,7786,20822,16419,19568,2107,76,20022,1.0,11:17,2015,2016
2015-16,2747,JR Smith,JR,1610612739,CLE,Cleveland Cavaliers,21501086,2016-03-26T00:00:00,CLE @ NYK,W,30.8,5.0,11.0,0.455,3.0,8.0,0.375,0.0,0.0,0.0,1.0,2.0,3.0,2.0,1.0,0.0,0.0,0.0,3.0,0.0,13.0,18.0,18.6,0,0,21.0,1,1,13006,1,6863,6175,6284,11898,1083,705,6970,14161,15066,14161,6390,13353,12520,8082,9196,12313,8004,8866,3976,18762,7214,1238,12715,2107,76,10048,1.0,30:50,2015,2016
2015-16,2590,Mo Williams,Mo,1610612739,CLE,Cleveland Cavaliers,21501086,2016-03-26T00:00:00,CLE @ NYK,W,13.3,3.0,6.0,0.5,2.0,2.0,1.0,0.0,0.0,0.0,1.0,1.0,2.0,2.0,0.0,1.0,0.0,0.0,1.0,0.0,8.0,13.0,16.4,0,0,16.0,1,1,13006,1,20825,11544,14041,7886,2550,9677,1,14161,15066,14161,6390,17769,16063,8082,16943,4706,8004,8866,14690,18762,12541,2784,14289,2107,76,13654,1.0,13:16,2015,2016
2015-16,202389,Timofey Mozgov,Timofey,1610612739,CLE,Cleveland Cavaliers,21501086,2016-03-26T00:00:00,CLE @ NYK,W,24.4,1.0,4.0,0.25,0.0,0.0,0.0,3.0,4.0,0.75,2.0,4.0,6.0,0.0,1.0,0.0,1.0,0.0,0.0,2.0,5.0,7.0,14.2,0,0,13.0,1,1,13006,1,12239,18695,18073,19755,11051,17277,11051,4469,4140,8103,3138,6568,5415,18354,9196,12313,2692,8866,21108,7786,16838,5888,16003,2107,76,16097,1.0,24:22,2015,2016
2015-16,101112,Channing Frye,Channing,1610612739,CLE,Cleveland Cavaliers,21501086,2016-03-26T00:00:00,CLE @ NYK,W,13.6,3.0,7.0,0.429,0.0,3.0,0.0,0.0,0.0,0.0,2.0,2.0,4.0,1.0,1.0,1.0,0.0,0.0,3.0,3.0,6.0,1.0,14.3,0,0,13.0,1,1,13006,1,20671,11544,12208,12903,11051,6890,11051,14161,15066,14161,3138,13353,9586,12251,9196,4706,8004,8866,3976,4736,15190,11010,15948,2107,76,16097,1.0,13:33,2015,2016
2015-16,2544,LeBron James,LeBron,1610612739,CLE,Cleveland Cavaliers,21501086,2016-03-26T00:00:00,CLE @ NYK,W,35.8,10.0,21.0,0.476,2.0,3.0,0.667,5.0,6.0,0.833,3.0,8.0,11.0,11.0,2.0,1.0,2.0,0.0,4.0,8.0,27.0,20.0,63.7,1,1,57.0,1,1,13006,1,2915,704,510,11353,2550,6890,1955,1816,2017,7124,1576,1264,1106,211,4412,4706,932,8866,1394,254,744,876,108,1,1,177,1.0,35:46,2015,2016
2015-16,201567,Kevin Love,Kevin,1610612739,CLE,Cleveland Cavaliers,21501086,2016-03-26T00:00:00,CLE @ NYK,W,34.5,10.0,19.0,0.526,4.0,9.0,0.444,4.0,6.0,0.667,3.0,9.0,12.0,2.0,0.0,0.0,0.0,0.0,1.0,3.0,28.0,13.0,45.4,1,0,46.0,1,1,13006,1,3990,704,964,7773,439,402,5987,2791,2017,9461,1576,786,752,8082,16943,12313,8004,8866,14690,4736,618,2784,1291,1,76,826,1.0,34:27,2015,2016
2015-16,203895,Jordan McRae,Jordan,1610612739,CLE,Cleveland Cavaliers,21501086,2016-03-26T00:00:00,CLE @ NYK,W,1.2,0.0,1.0,0.0,0.0,0.0,0.0,0.0,0.0,0.0,0.0,0.0,0.0,0.0,0.0,0.0,0.0,0.0,0.0,0.0,0.0,0.0,0.0,0,0,0.0,1,1,13006,1,25786,22516,23432,22516,11051,17277,11051,14161,15066,14161,13060,22257,23167,18354,16943,12313,8004,8866,21108,18762,23226,12042,25170,2107,76,25215,1.0,1:14,2015,2016
2015-16,201619,Sasha Kaun,Sasha,1610612739,CLE,Cleveland Cavaliers,21501086,2016-03-26T00:00:00,CLE @ NYK,W,1.2,0.0,0.0,0.0,0.0,0.0,0.0,0.0,0.0,0.0,0.0,0.0,0.0,0.0,0.0,0.0,0.0,0.0,0.0,0.0,0.0,0.0,0.0,0,0,0.0,1,1,13006,1,25786,22516,24912,22516,11051,17277,11051,14161,15066,14161,13060,22257,23167,18354,16943,12313,8004,8866,21108,18762,23226,12042,25170,2107,76,25215,1.0,1:14,2015,2016
2015-16,2544,LeBron James,LeBron,1610612739,CLE,Cleveland Cavaliers,21501069,2016-03-24T00:00:00,CLE @ BKN,L,35.1,13.0,16.0,0.813,1.0,2.0,0.5,3.0,4.0,0.75,1.0,5.0,6.0,5.0,4.0,1.0,0.0,0.0,2.0,5.0,30.0,-8.0,43.7,0,0,44.0,1,13074,1,13074,3487,107,2178,1399,5519,9677,3313,4469,4140,8103,6390,4465,5415,2408,841,4706,8004,8866,8439,1539,418,20129,1610,2107,76,1091,1.0,35:04,2015,2016
2015-16,203895,Jordan McRae,Jordan,1610612739,CLE,Cleveland Cavaliers,21501069,2016-03-24T00:00:00,CLE @ BKN,L,0.4,1.0,1.0,1.0,1.0,1.0,1.0,0.0,0.0,0.0,0.0,0.0,0.0,0.0,0.0,0.0,0.0,0.0,0.0,0.0,3.0,3.0,3.0,0,0,4.0,1,13074,1,13074,25990,18695,23432,1,5519,13174,1,14161,15066,14161,13060,22257,23167,18354,16943,12313,8004,8866,21108,18762,19720,9063,23648,2107,76,22829,1.0,0:23,2015,2016
2015-16,2747,JR Smith,JR,1610612739,CLE,Cleveland Cavaliers,21501069,2016-03-24T00:00:00,CLE @ BKN,L,31.6,3.0,10.0,0.3,2.0,8.0,0.25,0.0,0.0,0.0,0.0,2.0,2.0,2.0,2.0,1.0,0.0,0.0,2.0,2.0,8.0,-1.0,14.4,0,0,16.0,1,13074,1,13074,6245,11544,7514,18745,2550,705,9116,14161,15066,14161,13060,13353,16063,8082,4412,4706,8004,8866,8439,7786,12541,13184,15857,2107,76,13654,1.0,31:35,2015,2016
2015-16,203521,Matthew Dellavedova,Matthew,1610612739,CLE,Cleveland Cavaliers,21501069,2016-03-24T00:00:00,CLE @ BKN,L,16.2,1.0,3.0,0.333,1.0,2.0,0.5,0.0,0.0,0.0,0.0,2.0,2.0,4.0,3.0,0.0,1.0,1.0,2.0,1.0,3.0,-1.0,11.4,0,0,12.0,1,13074,1,13074,18865,18695,19997,16528,5519,9677,3313,14161,15066,14161,13060,13353,16063,3513,1969,12313,2692,2492,8439,12373,19720,13184,18134,2107,76,16886,1.0,16:14,2015,2016
2015-16,202681,Kyrie Irving,Kyrie,1610612739,CLE,Cleveland Cavaliers,21501069,2016-03-24T00:00:00,CLE @ BKN,L,36.2,6.0,22.0,0.273,1.0,8.0,0.125,0.0,0.0,0.0,1.0,4.0,5.0,4.0,0.0,0.0,0.0,1.0,3.0,1.0,13.0,-3.0,25.0,0,0,23.0,1,13074,1,13074,2622,4268,346,19531,5519,705,10987,14161,15066,14161,6390,6568,7203,3513,16943,12313,8004,2492,3976,12373,7214,15372,8485,2107,76,8747,1.0,36:11,2015,2016
2015-16,201567,Kevin Love,Kevin,1610612739,CLE,Cleveland Cavaliers,21501069,2016-03-24T00:00:00,CLE @ BKN,L,33.3,5.0,14.0,0.357,0.0,5.0,0.0,1.0,2.0,0.5,3.0,9.0,12.0,3.0,2.0,0.0,1.0,1.0,1.0,1.0,11.0,-8.0,30.9,1,0,28.0,1,13074,1,13074,4914,6175,3506,16307,11051,2959,11051,10755,8140,10753,1576,786,752,5322,4412,12313,2692,2492,14690,12373,9124,20129,5452,1,76,5884,1.0,33:16,2015,2016
2015-16,2210,Richard Jefferson,Richard,1610612739,CLE,Cleveland Cavaliers,21501069,2016-03-24T00:00:00,CLE @ BKN,L,10.2,2.0,3.0,0.667,2.0,3.0,0.667,0.0,0.0,0.0,0.0,3.0,3.0,0.0,1.0,0.0,0.0,0.0,2.0,0.0,6.0,-9.0,8.6,0,0,11.0,1,13074,1,13074,22370,14994,19997,2883,2550,6890,1955,14161,15066,14161,13060,9493,12520,18354,9196,12313,8004,8866,8439,18762,15190,20888,20125,2107,76,17702,1.0,10:09,2015,2016
2015-16,202389,Timofey Mozgov,Timofey,1610612739,CLE,Cleveland Cavaliers,21501069,2016-03-24T00:00:00,CLE @ BKN,L,20.4,3.0,5.0,0.6,0.0,0.0,0.0,1.0,1.0,1.0,1.0,3.0,4.0,0.0,1.0,1.0,0.0,0.0,3.0,4.0,7.0,4.0,13.8,0,0,13.0,1,13074,1,13074,15562,11544,16058,4873,11051,17277,11051,10755,13680,1,6390,9493,9586,18354,9196,4706,8004,8866,3976,2748,14029,8158,16311,2107,76,16097,1.0,20:24,2015,2016
2015-16,202684,Tristan Thompson,Tristan,1610612739,CLE,Cleveland Cavaliers,21501069,2016-03-24T00:00:00,CLE @ BKN,L,25.8,3.0,5.0,0.6,0.0,0.0,0.0,0.0,0.0,0.0,3.0,1.0,4.0,3.0,1.0,0.0,0.0,1.0,2.0,0.0,6.0,-16.0,14.3,0,0,13.0,1,13074,1,13074,10980,11544,16058,4873,11051,17277,11051,14161,15066,14161,1576,17769,9586,5322,9196,12313,8004,2492,8439,18762,15190,24301,15948,2107,76,16097,1.0,25:50,2015,2016
2015-16,202697,Iman Shumpert,Iman,1610612739,CLE,Cleveland Cavaliers,21501069,2016-03-24T00:00:00,CLE @ BKN,L,16.4,1.0,3.0,0.333,1.0,3.0,0.333,0.0,0.0,0.0,1.0,4.0,5.0,0.0,0.0,0.0,0.0,0.0,2.0,0.0,3.0,-8.0,9.0,0,0,9.0,1,13074,1,13074,18720,18695,19997,16528,5519,6890,7128,14161,15066,14161,6390,6568,7203,18354,16943,12313,8004,8866,8439,18762,19720,20129,19835,2107,76,19255,1.0,16:25,2015,2016
2015-16,101112,Channing Frye,Channing,1610612739,CLE,Cleveland Cavaliers,21501069,2016-03-24T00:00:00,CLE @ BKN,L,14.5,1.0,7.0,0.143,1.0,6.0,0.167,2.0,2.0,1.0,1.0,1.0,2.0,1.0,0.0,0.0,0.0,1.0,1.0,2.0,5.0,2.0,8.9,0,0,9.0,1,13074,1,13074,20112,18695,12208,22109,5519,1860,10673,6499,8140,1,6390,17769,16063,12251,16943,12313,8004,2492,14690,7786,16838,10013,19914,2107,76,19255,1.0,14:29,2015,2016
2015-16,202389,Timofey Mozgov,Timofey,1610612739,CLE,Cleveland Cavaliers,21501059,2016-03-23T00:00:00,CLE vs. MIL,W,20.9,5.0,6.0,0.833,0.0,0.0,0.0,0.0,0.0,0.0,1.0,2.0,3.0,2.0,1.0,0.0,1.0,0.0,1.0,2.0,10.0,12.0,18.6,0,0,17.0,1,1,13006,1,15109,6175,14041,1260,11051,17277,11051,14161,15066,14161,6390,13353,12520,8082,9196,12313,2692,8866,14690,7786,10151,3172,12715,2107,76,12877,1.0,20:56,2015,2016
2015-16,202681,Kyrie Irving,Kyrie,1610612739,CLE,Cleveland Cavaliers,21501059,2016-03-23T00:00:00,CLE vs. MIL,W,38.3,5.0,10.0,0.5,1.0,4.0,0.25,5.0,5.0,1.0,1.0,7.0,8.0,8.0,2.0,1.0,0.0,0.0,2.0,4.0,16.0,10.0,38.6,0,0,35.0,1,1,13006,1,1357,6175,7514,7886,5519,4617,9116,1816,3208,1,6390,1973,2959,762,4412,4706,8004,8866,8439,2748,4835,4134,2744,2107,76,3029,1.0,38:20,2015,2016
2015-16,2747,JR Smith,JR,1610612739,CLE,Cleveland Cavaliers,21501059,2016-03-23T00:00:00,CLE vs. MIL,W,36.7,5.0,10.0,0.5,3.0,7.0,0.429,0.0,0.0,0.0,3.0,0.0,3.0,4.0,1.0,1.0,0.0,0.0,3.0,2.0,13.0,2.0,24.6,0,0,25.0,1,1,13006,1,2285,6175,7514,7886,1083,1138,6081,14161,15066,14161,1576,22257,12520,3513,9196,4706,8004,8866,3976,7786,7214,10013,8724,2107,76,7525,1.0,36:42,2015,2016
2015-16,2544,LeBron James,LeBron,1610612739,CLE,Cleveland Cavaliers,21501059,2016-03-23T00:00:00,CLE vs. MIL,W,36.9,9.0,22.0,0.409,1.0,4.0,0.25,7.0,10.0,0.7,5.0,1.0,6.0,8.0,2.0,2.0,1.0,1.0,0.0,6.0,26.0,12.0,52.2,0,0,47.0,1,1,13006,1,2127,1155,346,14008,5519,4617,9116,705,422,9421,377,17769,5415,762,4412,1588,2692,2492,21108,873,895,3172,564,2107,76,733,1.0,36:55,2015,2016
2015-16,201567,Kevin Love,Kevin,1610612739,CLE,Cleveland Cavaliers,21501059,2016-03-23T00:00:00,CLE vs. MIL,W,31.2,8.0,14.0,0.571,4.0,10.0,0.4,4.0,5.0,0.8,2.0,8.0,10.0,4.0,4.0,1.0,2.0,0.0,3.0,4.0,24.0,14.0,47.0,1,0,48.0,1,1,13006,1,6567,1806,3506,6087,439,228,6308,2791,3208,7601,3138,1264,1598,3513,841,4706,932,8866,3976,2748,1331,2411,1078,1,76,641,1.0,31:11,2015,2016
2015-16,101112,Channing Frye,Channing,1610612739,CLE,Cleveland Cavaliers,21501059,2016-03-23T00:00:00,CLE vs. MIL,W,13.4,0.0,5.0,0.0,0.0,5.0,0.0,0.0,0.0,0.0,0.0,0.0,0.0,1.0,0.0,0.0,1.0,0.0,2.0,1.0,0.0,-3.0,4.5,0,0,3.0,1,1,13006,1,20731,22516,16058,22516,11051,2959,11051,14161,15066,14161,13060,22257,23167,12251,16943,12313,2692,8866,8439,12373,23226,15372,22773,2107,76,23463,1.0,13:25,2015,2016
2015-16,203521,Matthew Dellavedova,Matthew,1610612739,CLE,Cleveland Cavaliers,21501059,2016-03-23T00:00:00,CLE vs. MIL,W,17.6,1.0,3.0,0.333,0.0,1.0,0.0,4.0,4.0,1.0,0.0,0.0,0.0,2.0,2.0,0.0,0.0,1.0,3.0,2.0,6.0,4.0,7.0,0,0,8.0,1,1,13006,1,17834,18695,19997,16528,11051,13174,11051,2791,4140,1,13060,22257,23167,8082,4412,12313,8004,2492,3976,7786,15190,8158,21188,2107,76,20022,1.0,17:35,2015,2016
2015-16,203895,Jordan McRae,Jordan,1610612739,CLE,Cleveland Cavaliers,21501059,2016-03-23T00:00:00,CLE vs. MIL,W,0.2,0.0,0.0,0.0,0.0,0.0,0.0,0.0,0.0,0.0,0.0,0.0,0.0,0.0,0.0,0.0,0.0,0.0,0.0,0.0,0.0,-2.0,0.0,0,0,0.0,1,1,13006,1,26019,22516,24912,22516,11051,17277,11051,14161,15066,14161,13060,22257,23167,18354,16943,12313,8004,8866,21108,18762,23226,14281,25170,2107,76,25215,1.0,0:12,2015,2016
2015-16,202697,Iman Shumpert,Iman,1610612739,CLE,Cleveland Cavaliers,21501059,2016-03-23T00:00:00,CLE vs. MIL,W,14.3,1.0,4.0,0.25,1.0,3.0,0.333,2.0,2.0,1.0,0.0,2.0,2.0,0.0,0.0,1.0,1.0,1.0,1.0,2.0,5.0,1.0,13.4,0,0,12.0,1,1,13006,1,20250,18695,18073,19755,5519,6890,7128,6499,8140,1,13060,13353,16063,18354,16943,4706,2692,2492,14690,7786,16838,11010,16614,2107,76,16886,1.0,14:15,2015,2016
2015-16,202684,Tristan Thompson,Tristan,1610612739,CLE,Cleveland Cavaliers,21501059,2016-03-23T00:00:00,CLE vs. MIL,W,30.5,6.0,9.0,0.667,0.0,0.0,0.0,1.0,1.0,1.0,5.0,5.0,10.0,0.0,0.0,0.0,2.0,1.0,2.0,1.0,13.0,-5.0,31.0,1,0,27.0,1,1,13006,1,7126,4268,8964,2883,11051,17277,11051,10755,13680,1,377,4465,1598,18354,16943,12313,932,2492,8439,12373,7214,17477,5406,1,76,6398,1.0,30:28,2015,2016
2015-16,101112,Channing Frye,Channing,1610612739,CLE,Cleveland Cavaliers,21501044,2016-03-21T00:00:00,CLE vs. DEN,W,25.1,5.0,9.0,0.556,3.0,7.0,0.429,1.0,2.0,0.5,0.0,3.0,3.0,2.0,0.0,0.0,1.0,0.0,2.0,2.0,14.0,20.0,23.6,0,0,24.0,1,1,13006,1,11594,6175,8964,6726,1083,1138,6081,10755,8140,10753,13060,9493,12520,8082,16943,12313,2692,8866,8439,7786,6324,876,9377,2107,76,8132,1.0,25:06,2015,2016
2015-16,203521,Matthew Dellavedova,Matthew,1610612739,CLE,Cleveland Cavaliers,21501044,2016-03-21T00:00:00,CLE vs. DEN,W,22.5,3.0,7.0,0.429,3.0,5.0,0.6,1.0,1.0,1.0,0.0,3.0,3.0,7.0,0.0,0.0,0.0,0.0,2.0,0.0,10.0,20.0,24.1,0,0,23.0,1,1,13006,1,13757,11544,12208,12903,1083,2959,2761,10755,13680,1,13060,9493,12520,1118,16943,12313,8004,8866,8439,18762,10151,876,9068,2107,76,8747,1.0,22:31,2015,2016
2015-16,202681,Kyrie Irving,Kyrie,1610612739,CLE,Cleveland Cavaliers,21501044,2016-03-21T00:00:00,CLE vs. DEN,W,23.9,4.0,12.0,0.333,0.0,1.0,0.0,0.0,0.0,0.0,1.0,1.0,2.0,3.0,2.0,0.0,0.0,2.0,1.0,1.0,8.0,6.0,12.9,0,0,13.0,1,1,13006,1,12621,8539,5215,16528,11051,13174,11051,14161,15066,14161,6390,17769,16063,5322,4412,12313,8004,639,14690,12373,12541,6628,17049,2107,76,16097,1.0,23:56,2015,2016
2015-16,203895,Jordan McRae,Jordan,1610612739,CLE,Cleveland Cavaliers,21501044,2016-03-21T00:00:00,CLE vs. DEN,W,5.3,1.0,1.0,1.0,1.0,1.0,1.0,0.0,0.0,0.0,0.0,0.0,0.0,2.0,1.0,0.0,0.0,0.0,0.0,0.0,3.0,5.0,5.0,0,0,6.0,1,1,13006,1,24249,18695,23432,1,5519,13174,1,14161,15066,14161,13060,22257,23167,8082,9196,12313,8004,8866,21108,18762,19720,7354,22500,2107,76,21429,1.0,5:18,2015,2016
2015-16,201619,Sasha Kaun,Sasha,1610612739,CLE,Cleveland Cavaliers,21501044,2016-03-21T00:00:00,CLE vs. DEN,W,5.3,2.0,2.0,1.0,0.0,0.0,0.0,0.0,0.0,0.0,0.0,2.0,2.0,1.0,0.0,1.0,0.0,0.0,0.0,0.0,4.0,5.0,10.9,0,0,9.0,1,1,13006,1,24249,14994,21813,1,11051,17277,11051,14161,15066,14161,13060,13353,16063,12251,16943,4706,8004,8866,21108,18762,18063,7354,18498,2107,76,19255,1.0,5:18,2015,2016
2015-16,202684,Tristan Thompson,Tristan,1610612739,CLE,Cleveland Cavaliers,21501044,2016-03-21T00:00:00,CLE vs. DEN,W,21.5,4.0,5.0,0.8,0.0,0.0,0.0,0.0,0.0,0.0,1.0,6.0,7.0,1.0,0.0,2.0,1.0,1.0,3.0,0.0,8.0,2.0,26.9,0,0,22.0,1,1,13006,1,14591,8539,16058,1401,11051,17277,11051,14161,15066,14161,6390,3007,3953,12251,16943,1588,2692,2492,3976,18762,12541,10013,7438,2107,76,9378,1.0,21:30,2015,2016
2015-16,2210,Richard Jefferson,Richard,1610612739,CLE,Cleveland Cavaliers,21501044,2016-03-21T00:00:00,CLE vs. DEN,W,21.6,4.0,9.0,0.444,1.0,5.0,0.2,0.0,0.0,0.0,0.0,2.0,2.0,2.0,2.0,0.0,0.0,0.0,2.0,1.0,9.0,2.0,12.4,0,0,14.0,1,1,13006,1,14554,8539,8964,12281,5519,2959,10165,14161,15066,14161,13060,13353,16063,8082,4412,12313,8004,8866,8439,12373,11389,10013,17418,2107,76,15285,1.0,21:33,2015,2016
2015-16,202389,Timofey Mozgov,Timofey,1610612739,CLE,Cleveland Cavaliers,21501044,2016-03-21T00:00:00,CLE vs. DEN,W,21.2,3.0,4.0,0.75,0.0,0.0,0.0,3.0,3.0,1.0,2.0,2.0,4.0,0.0,2.0,2.0,0.0,0.0,1.0,2.0,9.0,26.0,17.8,0,0,17.0,1,1,13006,1,14879,11544,18073,1788,11051,17277,11051,4469,6741,1,3138,13353,9586,18354,4412,1588,8004,8866,14690,7786,11389,278,13309,2107,76,12877,1.0,21:12,2015,2016
2015-16,2544,LeBron James,LeBron,1610612739,CLE,Cleveland Cavaliers,21501044,2016-03-21T00:00:00,CLE vs. DEN,W,33.4,12.0,19.0,0.632,1.0,2.0,0.5,8.0,11.0,0.727,3.0,8.0,11.0,11.0,3.0,0.0,0.0,1.0,2.0,8.0,33.0,38.0,59.7,1,1,56.0,1,1,13006,1,4787,217,964,4376,5519,9677,3313,448,304,9266,1576,1264,1106,211,1969,12313,8004,2492,8439,254,222,17,221,1,1,202,1.0,33:26,2015,2016
2015-16,2747,JR Smith,JR,1610612739,CLE,Cleveland Cavaliers,21501044,2016-03-21T00:00:00,CLE vs. DEN,W,28.8,6.0,12.0,0.5,3.0,6.0,0.5,0.0,0.0,0.0,1.0,3.0,4.0,5.0,1.0,4.0,0.0,0.0,3.0,2.0,15.0,21.0,38.3,0,0,35.0,1,1,13006,1,8553,4268,5215,7886,1083,1860,3313,14161,15066,14161,6390,9493,9586,2408,9196,151,8004,8866,3976,7786,5598,743,2826,2107,76,3029,1.0,28:47,2015,2016
2015-16,2592,James Jones,James,1610612739,CLE,Cleveland Cavaliers,21501044,2016-03-21T00:00:00,CLE vs. DEN,W,8.3,2.0,2.0,1.0,2.0,2.0,1.0,0.0,0.0,0.0,0.0,1.0,1.0,0.0,0.0,0.0,1.0,0.0,0.0,0.0,6.0,10.0,10.2,0,0,11.0,1,1,13006,1,23105,14994,21813,1,2550,9677,1,14161,15066,14161,13060,17769,19693,18354,16943,12313,2692,8866,21108,18762,15190,4134,19003,2107,76,17702,1.0,8:15,2015,2016
2015-16,202697,Iman Shumpert,Iman,1610612739,CLE,Cleveland Cavaliers,21501044,2016-03-21T00:00:00,CLE vs. DEN,W,23.1,2.0,4.0,0.5,1.0,2.0,0.5,0.0,0.0,0.0,0.0,4.0,4.0,4.0,1.0,1.0,1.0,0.0,3.0,0.0,5.0,10.0,20.8,0,0,18.0,1,1,13006,1,13257,14994,18073,7886,5519,9677,3313,14161,15066,14161,13060,6568,9586,3513,9196,4706,2692,8866,3976,18762,16838,4134,11195,2107,76,12177,1.0,23:08,2015,2016
2015-16,202681,Kyrie Irving,Kyrie,1610612739,CLE,Cleveland Cavaliers,21501033,2016-03-19T00:00:00,CLE @ MIA,L,27.4,5.0,8.0,0.625,1.0,2.0,0.5,3.0,3.0,1.0,0.0,0.0,0.0,4.0,4.0,3.0,0.0,1.0,0.0,3.0,14.0,-21.0,25.0,0,0,25.0,1,13074,1,13074,9678,6175,10529,4401,5519,9677,3313,4469,6741,1,13060,22257,23167,3513,841,501,8004,2492,21108,4736,6324,25390,8485,2107,76,7525,1.0,27:25,2015,2016
2015-16,2544,LeBron James,LeBron,1610612739,CLE,Cleveland Cavaliers,21501033,2016-03-19T00:00:00,CLE @ MIA,L,26.6,13.0,20.0,0.65,0.0,3.0,0.0,0.0,0.0,0.0,0.0,3.0,3.0,3.0,3.0,1.0,0.0,1.0,1.0,3.0,26.0,-23.0,34.1,0,0,34.0,1,13074,1,13074,10335,107,698,4125,11051,6890,11051,14161,15066,14161,13060,9493,12520,5322,1969,4706,8004,2492,14690,4736,895,25628,4124,2107,76,3364,1.0,26:38,2015,2016
2015-16,201567,Kevin Love,Kevin,1610612739,CLE,Cleveland Cavaliers,21501033,2016-03-19T00:00:00,CLE @ MIA,L,16.3,3.0,7.0,0.429,1.0,4.0,0.25,0.0,0.0,0.0,0.0,1.0,1.0,1.0,1.0,0.0,0.0,0.0,3.0,2.0,7.0,-13.0,8.7,0,0,10.0,1,13074,1,13074,18820,11544,12208,12903,5519,4617,9116,14161,15066,14161,13060,17769,19693,12251,9196,12313,8004,8866,3976,7786,14029,23150,20045,2107,76,18488,1.0,16:18,2015,2016
2015-16,2747,JR Smith,JR,1610612739,CLE,Cleveland Cavaliers,21501033,2016-03-19T00:00:00,CLE @ MIA,L,19.2,1.0,2.0,0.5,0.0,1.0,0.0,0.0,0.0,0.0,0.0,0.0,0.0,0.0,0.0,1.0,0.0,0.0,1.0,0.0,2.0,-18.0,5.0,0,0,4.0,1,13074,1,13074,16540,18695,21813,7886,11051,13174,11051,14161,15066,14161,13060,22257,23167,18354,16943,4706,8004,8866,14690,18762,20822,24835,22500,2107,76,22829,1.0,19:11,2015,2016
2015-16,101112,Channing Frye,Channing,1610612739,CLE,Cleveland Cavaliers,21501033,2016-03-19T00:00:00,CLE @ MIA,L,16.0,1.0,2.0,0.5,1.0,2.0,0.5,0.0,0.0,0.0,0.0,4.0,4.0,0.0,1.0,0.0,0.0,0.0,2.0,0.0,3.0,-6.0,6.8,0,0,8.0,1,13074,1,13074,19075,18695,21813,7886,5519,9677,3313,14161,15066,14161,13060,6568,9586,18354,9196,12313,8004,8866,8439,18762,19720,18431,21328,2107,76,20022,1.0,15:57,2015,2016
2015-16,2210,Richard Jefferson,Richard,1610612739,CLE,Cleveland Cavaliers,21501033,2016-03-19T00:00:00,CLE @ MIA,L,29.2,7.0,10.0,0.7,3.0,4.0,0.75,3.0,3.0,1.0,0.0,4.0,4.0,1.0,0.0,1.0,0.0,0.0,4.0,1.0,20.0,-5.0,29.3,0,0,30.0,1,13074,1,13074,8222,2864,7514,2674,1083,4617,1633,4469,6741,1,13060,6568,9586,12251,16943,4706,8004,8866,1394,12373,2594,17477,6202,2107,76,4936,1.0,29:12,2015,2016
2015-16,202389,Timofey Mozgov,Timofey,1610612739,CLE,Cleveland Cavaliers,21501033,2016-03-19T00:00:00,CLE @ MIA,L,11.2,2.0,2.0,1.0,0.0,0.0,0.0,0.0,0.0,0.0,1.0,3.0,4.0,0.0,1.0,0.0,3.0,0.0,2.0,0.0,4.0,7.0,16.8,0,0,14.0,1,13074,1,13074,21955,14994,21813,1,11051,17277,11051,14161,15066,14161,6390,9493,9586,18354,9196,12313,347,8866,8439,18762,18063,5888,13996,2107,76,15285,1.0,11:10,2015,2016
2015-16,203521,Matthew Dellavedova,Matthew,1610612739,CLE,Cleveland Cavaliers,21501033,2016-03-19T00:00:00,CLE @ MIA,L,24.6,4.0,12.0,0.333,2.0,3.0,0.667,0.0,0.0,0.0,0.0,1.0,1.0,3.0,2.0,0.0,0.0,2.0,2.0,0.0,10.0,-24.0,13.7,0,0,16.0,1,13074,1,13074,12000,8539,5215,16528,2550,6890,1955,14161,15066,14161,13060,17769,19693,5322,4412,12313,8004,639,8439,18762,10151,25720,16393,2107,76,13654,1.0,24:37,2015,2016
2015-16,201619,Sasha Kaun,Sasha,1610612739,CLE,Cleveland Cavaliers,21501033,2016-03-19T00:00:00,CLE @ MIA,L,2.7,0.0,0.0,0.0,0.0,0.0,0.0,1.0,2.0,0.5,0.0,0.0,0.0,0.0,0.0,0.0,0.0,0.0,0.0,1.0,1.0,2.0,1.0,0,0,1.0,1,13074,1,13074,25260,22516,24912,22516,11051,17277,11051,10755,8140,10753,13060,22257,23167,18354,16943,12313,8004,8866,21108,12373,22968,10013,24960,2107,76,24654,1.0,2:40,2015,2016
2015-16,202697,Iman Shumpert,Iman,1610612739,CLE,Cleveland Cavaliers,21501033,2016-03-19T00:00:00,CLE @ MIA,L,22.3,1.0,4.0,0.25,0.0,2.0,0.0,2.0,2.0,1.0,1.0,2.0,3.0,4.0,0.0,0.0,0.0,0.0,2.0,1.0,4.0,-10.0,13.6,0,0,11.0,1,13074,1,13074,13917,18695,18073,19755,11051,9677,11051,6499,8140,1,6390,13353,12520,3513,16943,12313,8004,8866,8439,12373,18063,21543,16460,2107,76,17702,1.0,22:18,2015,2016
2015-16,202684,Tristan Thompson,Tristan,1610612739,CLE,Cleveland Cavaliers,21501033,2016-03-19T00:00:00,CLE @ MIA,L,18.0,1.0,2.0,0.5,0.0,0.0,0.0,0.0,0.0,0.0,1.0,1.0,2.0,1.0,0.0,0.0,0.0,1.0,4.0,0.0,2.0,-9.0,5.9,0,0,5.0,1,13074,1,13074,17540,18695,21813,7886,11051,17277,11051,14161,15066,14161,6390,17769,16063,12251,16943,12313,8004,2492,1394,18762,20822,20888,21953,2107,76,22162,1.0,17:58,2015,2016
2015-16,203895,Jordan McRae,Jordan,1610612739,CLE,Cleveland Cavaliers,21501033,2016-03-19T00:00:00,CLE @ MIA,L,15.8,0.0,3.0,0.0,0.0,0.0,0.0,1.0,2.0,0.5,0.0,3.0,3.0,2.0,2.0,0.0,0.0,0.0,1.0,2.0,1.0,8.0,5.6,0,0,6.0,1,13074,1,13074,19193,22516,19997,22516,11051,17277,11051,10755,8140,10753,13060,9493,12520,8082,4412,12313,8004,8866,14690,7786,22968,5243,22133,2107,76,21429,1.0,15:48,2015,2016
2015-16,2592,James Jones,James,1610612739,CLE,Cleveland Cavaliers,21501033,2016-03-19T00:00:00,CLE @ MIA,L,10.8,2.0,4.0,0.5,2.0,3.0,0.667,1.0,1.0,1.0,0.0,1.0,1.0,0.0,0.0,0.0,0.0,0.0,0.0,1.0,7.0,7.0,8.2,0,0,10.0,1,13074,1,13074,22117,14994,18073,7886,2550,6890,1955,10755,13680,1,13060,17769,19693,18354,16943,12313,8004,8866,21108,12373,14029,5888,20416,2107,76,18488,1.0,10:48,2015,2016
2015-16,202697,Iman Shumpert,Iman,1610612739,CLE,Cleveland Cavaliers,21501020,2016-03-18T00:00:00,CLE @ ORL,W,22.3,3.0,6.0,0.5,2.0,5.0,0.4,0.0,0.0,0.0,1.0,2.0,3.0,2.0,1.0,1.0,0.0,1.0,1.0,2.0,8.0,12.0,16.6,0,0,17.0,1,1,13006,1,13886,11544,14041,7886,2550,2959,6308,14161,15066,14161,6390,13353,12520,8082,9196,4706,8004,2492,14690,7786,12541,3172,14125,2107,76,12877,1.0,22:20,2015,2016
2015-16,201567,Kevin Love,Kevin,1610612739,CLE,Cleveland Cavaliers,21501020,2016-03-18T00:00:00,CLE @ ORL,W,23.1,5.0,10.0,0.5,3.0,5.0,0.6,1.0,2.0,0.5,1.0,5.0,6.0,2.0,3.0,0.0,0.0,0.0,3.0,3.0,14.0,-5.0,21.2,0,0,25.0,1,1,13006,1,13305,6175,7514,7886,1083,2959,2761,10755,8140,10753,6390,4465,5415,8082,1969,12313,8004,8866,3976,4736,6324,17477,10936,2107,76,7525,1.0,23:05,2015,2016
2015-16,202681,Kyrie Irving,Kyrie,1610612739,CLE,Cleveland Cavaliers,21501020,2016-03-18T00:00:00,CLE @ ORL,W,39.7,9.0,17.0,0.529,2.0,3.0,0.667,6.0,6.0,1.0,0.0,1.0,1.0,5.0,5.0,0.0,0.0,1.0,1.0,6.0,26.0,7.0,29.7,0,0,34.0,1,1,13006,1,818,1155,1681,7700,2550,6890,1955,1100,2017,1,13060,17769,19693,2408,351,12313,8004,2492,14690,873,895,5888,6006,2107,76,3364,1.0,39:42,2015,2016
2015-16,203521,Matthew Dellavedova,Matthew,1610612739,CLE,Cleveland Cavaliers,21501020,2016-03-18T00:00:00,CLE @ ORL,W,20.7,0.0,2.0,0.0,0.0,1.0,0.0,1.0,2.0,0.5,0.0,4.0,4.0,1.0,2.0,0.0,0.0,1.0,2.0,1.0,1.0,6.0,5.3,0,0,6.0,1,1,13006,1,15313,22516,21813,22516,11051,13174,11051,10755,8140,10753,13060,6568,9586,12251,4412,12313,8004,2492,8439,12373,22968,6628,22358,2107,76,21429,1.0,20:43,2015,2016
2015-16,2210,Richard Jefferson,Richard,1610612739,CLE,Cleveland Cavaliers,21501020,2016-03-18T00:00:00,CLE @ ORL,W,12.9,1.0,1.0,1.0,0.0,0.0,0.0,0.0,0.0,0.0,0.0,0.0,0.0,0.0,0.0,1.0,0.0,0.0,2.0,0.0,2.0,9.0,5.0,0,0,4.0,1,1,13006,1,21055,18695,23432,1,11051,17277,11051,14161,15066,14161,13060,22257,23167,18354,16943,4706,8004,8866,8439,18762,20822,4633,22500,2107,76,22829,1.0,12:51,2015,2016
2015-16,2747,JR Smith,JR,1610612739,CLE,Cleveland Cavaliers,21501020,2016-03-18T00:00:00,CLE @ ORL,W,23.5,3.0,7.0,0.429,2.0,5.0,0.4,0.0,0.0,0.0,0.0,0.0,0.0,2.0,1.0,0.0,0.0,0.0,2.0,1.0,8.0,-3.0,10.0,0,0,12.0,1,1,13006,1,12952,11544,12208,12903,2550,2959,6308,14161,15066,14161,13060,22257,23167,8082,9196,12313,8004,8866,8439,12373,12541,15372,19178,2107,76,16886,1.0,23:32,2015,2016
2015-16,202684,Tristan Thompson,Tristan,1610612739,CLE,Cleveland Cavaliers,21501020,2016-03-18T00:00:00,CLE @ ORL,W,27.7,3.0,6.0,0.5,0.0,0.0,0.0,5.0,9.0,0.556,4.0,11.0,15.0,1.0,2.0,4.0,2.0,0.0,2.0,5.0,11.0,14.0,46.5,1,0,39.0,1,1,13006,1,9463,11544,14041,7886,11051,17277,11051,1816,664,10714,779,281,222,12251,4412,151,932,8866,8439,1539,9124,2411,1137,1,76,1944,1.0,27:42,2015,2016
2015-16,202389,Timofey Mozgov,Timofey,1610612739,CLE,Cleveland Cavaliers,21501020,2016-03-18T00:00:00,CLE @ ORL,W,13.5,3.0,4.0,0.75,0.0,0.0,0.0,1.0,2.0,0.5,2.0,2.0,4.0,0.0,1.0,0.0,0.0,1.0,2.0,1.0,7.0,-14.0,10.8,0,0,11.0,1,1,13006,1,20709,11544,18073,1788,11051,17277,11051,10755,8140,10753,3138,13353,9586,18354,9196,12313,8004,2492,8439,12373,14029,23559,18579,2107,76,17702,1.0,13:29,2015,2016
2015-16,2544,LeBron James,LeBron,1610612739,CLE,Cleveland Cavaliers,21501020,2016-03-18T00:00:00,CLE @ ORL,W,35.7,6.0,15.0,0.4,0.0,3.0,0.0,6.0,6.0,1.0,1.0,6.0,7.0,8.0,4.0,1.0,1.0,0.0,3.0,5.0,18.0,-5.0,40.4,0,0,37.0,1,1,13006,1,2946,4268,2795,14037,11051,6890,11051,1100,2017,1,6390,3007,3953,762,841,4706,2692,8866,3976,1539,3558,17477,2274,2107,76,2442,1.0,35:44,2015,2016
2015-16,101112,Channing Frye,Channing,1610612739,CLE,Cleveland Cavaliers,21501020,2016-03-18T00:00:00,CLE @ ORL,W,20.9,5.0,8.0,0.625,4.0,6.0,0.667,0.0,0.0,0.0,0.0,1.0,1.0,2.0,0.0,0.0,1.0,0.0,3.0,0.0,14.0,9.0,21.2,0,0,23.0,1,1,13006,1,15170,6175,10529,4401,439,1860,1955,14161,15066,14161,13060,17769,19693,8082,16943,12313,2692,8866,3976,18762,6324,4633,10936,2107,76,8747,1.0,20:52,2015,2016
2015-16,202697,Iman Shumpert,Iman,1610612739,CLE,Cleveland Cavaliers,21501005,2016-03-16T00:00:00,CLE vs. DAL,W,31.7,1.0,2.0,0.5,0.0,0.0,0.0,0.0,0.0,0.0,2.0,2.0,4.0,5.0,2.0,3.0,1.0,1.0,3.0,0.0,2.0,-5.0,24.3,0,0,19.0,1,1,13006,1,6179,18695,21813,7886,11051,17277,11051,14161,15066,14161,3138,13353,9586,2408,4412,501,2692,2492,3976,18762,20822,17477,8939,2107,76,11453,1.0,31:40,2015,2016
2015-16,2747,JR Smith,JR,1610612739,CLE,Cleveland Cavaliers,21501005,2016-03-16T00:00:00,CLE vs. DAL,W,39.9,6.0,17.0,0.353,1.0,8.0,0.125,0.0,0.0,0.0,1.0,3.0,4.0,4.0,1.0,3.0,0.0,1.0,3.0,0.0,13.0,-16.0,31.8,0,0,28.0,1,1,13006,1,771,4268,1681,16428,5519,705,10987,14161,15066,14161,6390,9493,9586,3513,9196,501,8004,2492,3976,18762,7214,24301,5041,2107,76,5884,1.0,39:51,2015,2016
2015-16,202684,Tristan Thompson,Tristan,1610612739,CLE,Cleveland Cavaliers,21501005,2016-03-16T00:00:00,CLE vs. DAL,W,37.4,0.0,2.0,0.0,0.0,0.0,0.0,0.0,0.0,0.0,4.0,4.0,8.0,2.0,1.0,0.0,0.0,1.0,5.0,2.0,0.0,-17.0,11.6,0,0,10.0,1,1,13006,1,1809,22516,21813,22516,11051,17277,11051,14161,15066,14161,779,6568,2959,8082,9196,12313,8004,2492,253,7786,23226,24571,17970,2107,76,18488,1.0,37:25,2015,2016
2015-16,101112,Channing Frye,Channing,1610612739,CLE,Cleveland Cavaliers,21501005,2016-03-16T00:00:00,CLE vs. DAL,W,18.1,5.0,7.0,0.714,3.0,5.0,0.6,1.0,1.0,1.0,1.0,2.0,3.0,0.0,1.0,1.0,0.0,0.0,2.0,2.0,14.0,1.0,19.6,0,0,22.0,1,1,13006,1,17454,6175,12208,2409,1083,2959,2761,10755,13680,1,6390,13353,12520,18354,9196,4706,8004,8866,8439,7786,6324,11010,12024,2107,76,9378,1.0,18:05,2015,2016
2015-16,2210,Richard Jefferson,Richard,1610612739,CLE,Cleveland Cavaliers,21501005,2016-03-16T00:00:00,CLE vs. DAL,W,18.1,2.0,5.0,0.4,1.0,4.0,0.25,1.0,1.0,1.0,0.0,5.0,5.0,1.0,2.0,0.0,0.0,0.0,1.0,2.0,6.0,16.0,11.5,0,0,13.0,1,1,13006,1,17402,14994,16058,14037,5519,4617,9116,10755,13680,1,13060,4465,7203,12251,4412,12313,8004,8866,14690,7786,15190,1731,18079,2107,76,16097,1.0,18:08,2015,2016
2015-16,201567,Kevin Love,Kevin,1610612739,CLE,Cleveland Cavaliers,21501005,2016-03-16T00:00:00,CLE vs. DAL,W,33.6,8.0,19.0,0.421,2.0,6.0,0.333,5.0,6.0,0.833,4.0,14.0,18.0,1.0,2.0,0.0,2.0,2.0,3.0,5.0,23.0,16.0,50.1,1,0,48.0,1,1,13006,1,4665,1806,964,13615,2550,1860,7128,1816,2017,7124,779,48,62,12251,4412,12313,932,639,3976,1539,1593,1731,743,1,76,641,1.0,33:37,2015,2016
2015-16,202681,Kyrie Irving,Kyrie,1610612739,CLE,Cleveland Cavaliers,21501005,2016-03-16T00:00:00,CLE vs. DAL,W,38.5,13.0,28.0,0.464,3.0,10.0,0.3,4.0,4.0,1.0,1.0,4.0,5.0,1.0,4.0,1.0,1.0,2.0,2.0,5.0,33.0,5.0,42.5,0,0,46.0,1,1,13006,1,1266,107,33,11687,1083,228,8861,2791,4140,1,6390,6568,7203,12251,841,4706,2692,639,8439,1539,222,7354,1841,2107,76,826,1.0,38:31,2015,2016
2015-16,203521,Matthew Dellavedova,Matthew,1610612739,CLE,Cleveland Cavaliers,21501005,2016-03-16T00:00:00,CLE vs. DAL,W,22.7,4.0,8.0,0.5,0.0,4.0,0.0,0.0,1.0,0.0,0.0,1.0,1.0,7.0,3.0,1.0,0.0,0.0,0.0,2.0,8.0,5.0,19.7,0,0,18.0,1,1,13006,1,13591,8539,10529,7886,11051,4617,11051,14161,13680,14161,13060,17769,19693,1118,1969,4706,8004,8866,21108,7786,12541,7354,11962,2107,76,12177,1.0,22:44,2015,2016
2015-16,2544,LeBron James,LeBron,1610612739,CLE,Cleveland Cavaliers,21500994,2016-03-14T00:00:00,CLE @ UTA,L,36.9,10.0,20.0,0.5,2.0,6.0,0.333,1.0,2.0,0.5,6.0,6.0,12.0,3.0,3.0,1.0,0.0,1.0,0.0,4.0,23.0,6.0,41.9,1,0,42.0,1,13074,1,13074,2154,704,698,7886,2550,1860,7128,10755,8140,10753,168,3007,752,5322,1969,4706,8004,2492,21108,2748,1593,6628,1958,1,76,1376,1.0,36:53,2015,2016
2015-16,201567,Kevin Love,Kevin,1610612739,CLE,Cleveland Cavaliers,21500994,2016-03-14T00:00:00,CLE @ UTA,L,34.3,4.0,11.0,0.364,2.0,7.0,0.286,2.0,2.0,1.0,1.0,8.0,9.0,2.0,3.0,0.0,0.0,1.0,2.0,4.0,12.0,-4.0,22.8,0,0,25.0,1,13074,1,13074,4138,8539,6284,16042,2550,1138,8900,6499,8140,1,6390,1264,2216,8082,1969,12313,8004,2492,8439,2748,8086,16419,9883,2107,76,7525,1.0,34:15,2015,2016
2015-16,2747,JR Smith,JR,1610612739,CLE,Cleveland Cavaliers,21500994,2016-03-14T00:00:00,CLE @ UTA,L,29.5,2.0,12.0,0.167,1.0,8.0,0.125,0.0,0.0,0.0,0.0,1.0,1.0,1.0,1.0,1.0,0.0,1.0,2.0,1.0,5.0,-9.0,9.7,0,0,10.0,1,13074,1,13074,8002,14994,5215,21747,5519,705,10987,14161,15066,14161,13060,17769,19693,12251,9196,4706,8004,2492,8439,12373,16838,20888,19379,2107,76,18488,1.0,29:28,2015,2016
2015-16,2210,Richard Jefferson,Richard,1610612739,CLE,Cleveland Cavaliers,21500994,2016-03-14T00:00:00,CLE @ UTA,L,8.9,2.0,3.0,0.667,1.0,2.0,0.5,0.0,0.0,0.0,0.0,0.0,0.0,0.0,0.0,0.0,0.0,0.0,1.0,0.0,5.0,-7.0,5.0,0,0,6.0,1,13074,1,13074,22864,14994,19997,2883,5519,9677,3313,14161,15066,14161,13060,22257,23167,18354,16943,12313,8004,8866,14690,18762,16838,19310,22500,2107,76,21429,1.0,8:56,2015,2016
2015-16,202389,Timofey Mozgov,Timofey,1610612739,CLE,Cleveland Cavaliers,21500994,2016-03-14T00:00:00,CLE @ UTA,L,16.1,3.0,3.0,1.0,0.0,0.0,0.0,1.0,2.0,0.5,3.0,0.0,3.0,0.0,1.0,1.0,0.0,0.0,2.0,1.0,7.0,-6.0,12.6,0,0,12.0,1,13074,1,13074,18942,11544,19997,1,11051,17277,11051,10755,8140,10753,1576,22257,12520,18354,9196,4706,8004,8866,8439,12373,14029,18431,17277,2107,76,16886,1.0,16:08,2015,2016
2015-16,203521,Matthew Dellavedova,Matthew,1610612739,CLE,Cleveland Cavaliers,21500994,2016-03-14T00:00:00,CLE @ UTA,L,23.4,2.0,6.0,0.333,1.0,5.0,0.2,0.0,0.0,0.0,0.0,2.0,2.0,5.0,0.0,0.0,0.0,0.0,1.0,0.0,5.0,2.0,14.9,0,0,13.0,1,13074,1,13074,13065,14994,14041,16528,5519,2959,10165,14161,15066,14161,13060,13353,16063,2408,16943,12313,8004,8866,14690,18762,16838,10013,15463,2107,76,16097,1.0,23:22,2015,2016
2015-16,101112,Channing Frye,Channing,1610612739,CLE,Cleveland Cavaliers,21500994,2016-03-14T00:00:00,CLE @ UTA,L,18.9,3.0,6.0,0.5,1.0,3.0,0.333,0.0,0.0,0.0,0.0,4.0,4.0,2.0,0.0,0.0,2.0,1.0,3.0,2.0,7.0,-1.0,20.8,0,0,18.0,1,13074,1,13074,16764,11544,14041,7886,5519,6890,7128,14161,15066,14161,13060,6568,9586,8082,16943,12313,932,2492,3976,7786,14029,13184,11195,2107,76,12177,1.0,18:55,2015,2016
2015-16,201619,Sasha Kaun,Sasha,1610612739,CLE,Cleveland Cavaliers,21500994,2016-03-14T00:00:00,CLE @ UTA,L,0.0,0.0,0.0,0.0,0.0,0.0,0.0,1.0,2.0,0.5,0.0,0.0,0.0,0.0,0.0,0.0,0.0,0.0,0.0,0.0,1.0,1.0,1.0,0,0,1.0,1,13074,1,13074,26075,22516,24912,22516,11051,17277,11051,10755,8140,10753,13060,22257,23167,18354,16943,12313,8004,8866,21108,18762,22968,11010,24960,2107,76,24654,1.0,0:00,2015,2016
2015-16,202697,Iman Shumpert,Iman,1610612739,CLE,Cleveland Cavaliers,21500994,2016-03-14T00:00:00,CLE @ UTA,L,18.5,1.0,3.0,0.333,1.0,2.0,0.5,0.0,0.0,0.0,0.0,1.0,1.0,2.0,0.0,1.0,0.0,0.0,0.0,1.0,3.0,0.0,10.2,0,0,9.0,1,13074,1,13074,17069,18695,19997,16528,5519,9677,3313,14161,15066,14161,13060,17769,19693,8082,16943,4706,8004,8866,21108,12373,19720,12042,19003,2107,76,19255,1.0,18:32,2015,2016
2015-16,202681,Kyrie Irving,Kyrie,1610612739,CLE,Cleveland Cavaliers,21500994,2016-03-14T00:00:00,CLE @ UTA,L,33.7,7.0,23.0,0.304,1.0,10.0,0.1,0.0,0.0,0.0,2.0,2.0,4.0,3.0,0.0,2.0,1.0,0.0,2.0,0.0,15.0,-17.0,33.3,0,0,29.0,1,13074,1,13074,4609,2864,256,18740,5519,228,11043,14161,15066,14161,3138,13353,9586,5322,16943,1588,2692,8866,8439,18762,5598,24571,4423,2107,76,5404,1.0,33:41,2015,2016
2015-16,202684,Tristan Thompson,Tristan,1610612739,CLE,Cleveland Cavaliers,21500994,2016-03-14T00:00:00,CLE @ UTA,L,19.8,1.0,1.0,1.0,0.0,0.0,0.0,0.0,0.0,0.0,1.0,2.0,3.0,0.0,0.0,0.0,0.0,0.0,3.0,2.0,2.0,-10.0,5.6,0,0,5.0,1,13074,1,13074,16041,18695,23432,1,11051,17277,11051,14161,15066,14161,6390,13353,12520,18354,16943,12313,8004,8866,3976,7786,20822,21543,22133,2107,76,22162,1.0,19:50,2015,2016
2015-16,201567,Kevin Love,Kevin,1610612739,CLE,Cleveland Cavaliers,21500983,2016-03-13T00:00:00,CLE @ LAC,W,24.5,5.0,11.0,0.455,0.0,4.0,0.0,2.0,4.0,0.5,0.0,9.0,9.0,1.0,0.0,0.0,0.0,0.0,0.0,4.0,12.0,1.0,24.3,0,0,22.0,1,1,13006,1,12083,6175,6284,11898,11051,4617,11051,6499,4140,10753,13060,786,2216,12251,16943,12313,8004,8866,21108,2748,8086,11010,8939,2107,76,9378,1.0,24:32,2015,2016
2015-16,2544,LeBron James,LeBron,1610612739,CLE,Cleveland Cavaliers,21500983,2016-03-13T00:00:00,CLE @ LAC,W,30.7,9.0,15.0,0.6,3.0,4.0,0.75,6.0,7.0,0.857,1.0,5.0,6.0,5.0,2.0,1.0,0.0,1.0,2.0,6.0,27.0,16.0,42.7,0,0,43.0,1,1,13006,1,6938,1155,2795,4873,1083,4617,1633,1100,1485,6899,6390,4465,5415,2408,4412,4706,8004,2492,8439,873,744,1731,1800,2107,76,1208,1.0,30:43,2015,2016
2015-16,203895,Jordan McRae,Jordan,1610612739,CLE,Cleveland Cavaliers,21500983,2016-03-13T00:00:00,CLE @ LAC,W,3.3,0.0,1.0,0.0,0.0,0.0,0.0,0.0,0.0,0.0,0.0,1.0,1.0,1.0,0.0,0.0,1.0,0.0,1.0,0.0,0.0,1.0,5.7,0,0,4.0,1,1,13006,1,25008,22516,23432,22516,11051,17277,11051,14161,15066,14161,13060,17769,19693,12251,16943,12313,2692,8866,14690,18762,23226,11010,22054,2107,76,22829,1.0,3:17,2015,2016
2015-16,202389,Timofey Mozgov,Timofey,1610612739,CLE,Cleveland Cavaliers,21500983,2016-03-13T00:00:00,CLE @ LAC,W,14.3,1.0,4.0,0.25,0.0,0.0,0.0,0.0,0.0,0.0,0.0,3.0,3.0,1.0,1.0,1.0,0.0,0.0,1.0,0.0,2.0,-12.0,9.1,0,0,8.0,1,1,13006,1,20220,18695,18073,19755,11051,17277,11051,14161,15066,14161,13060,9493,12520,12251,9196,4706,8004,8866,14690,18762,20822,22671,19789,2107,76,20022,1.0,14:18,2015,2016
2015-16,2210,Richard Jefferson,Richard,1610612739,CLE,Cleveland Cavaliers,21500983,2016-03-13T00:00:00,CLE @ LAC,W,11.5,0.0,2.0,0.0,0.0,2.0,0.0,0.0,0.0,0.0,0.0,0.0,0.0,0.0,0.0,0.0,1.0,0.0,1.0,1.0,0.0,5.0,3.0,0,0,2.0,1,1,13006,1,21847,22516,21813,22516,11051,9677,11051,14161,15066,14161,13060,22257,23167,18354,16943,12313,2692,8866,14690,12373,23226,7354,23648,2107,76,23978,1.0,11:28,2015,2016
2015-16,101112,Channing Frye,Channing,1610612739,CLE,Cleveland Cavaliers,21500983,2016-03-13T00:00:00,CLE @ LAC,W,20.2,5.0,8.0,0.625,5.0,7.0,0.714,0.0,0.0,0.0,0.0,5.0,5.0,2.0,1.0,0.0,0.0,0.0,3.0,0.0,15.0,22.0,23.0,0,0,27.0,1,1,13006,1,15747,6175,10529,4401,179,1138,1910,14161,15066,14161,13060,4465,7203,8082,9196,12313,8004,8866,3976,18762,5598,609,9760,2107,76,6398,1.0,20:11,2015,2016
2015-16,201619,Sasha Kaun,Sasha,1610612739,CLE,Cleveland Cavaliers,21500983,2016-03-13T00:00:00,CLE @ LAC,W,2.1,0.0,1.0,0.0,0.0,0.0,0.0,0.0,0.0,0.0,1.0,1.0,2.0,0.0,1.0,0.0,0.0,1.0,0.0,0.0,0.0,-1.0,1.4,0,0,2.0,1,1,13006,1,25471,22516,23432,22516,11051,17277,11051,14161,15066,14161,6390,17769,16063,18354,9196,12313,8004,2492,21108,18762,23226,13184,24615,2107,76,23978,1.0,2:08,2015,2016
2015-16,2592,James Jones,James,1610612739,CLE,Cleveland Cavaliers,21500983,2016-03-13T00:00:00,CLE @ LAC,W,3.3,1.0,1.0,1.0,1.0,1.0,1.0,0.0,0.0,0.0,0.0,0.0,0.0,0.0,0.0,0.0,0.0,0.0,0.0,0.0,3.0,1.0,3.0,0,0,4.0,1,1,13006,1,25008,18695,23432,1,5519,13174,1,14161,15066,14161,13060,22257,23167,18354,16943,12313,8004,8866,21108,18762,19720,11010,23648,2107,76,22829,1.0,3:17,2015,2016
2015-16,202697,Iman Shumpert,Iman,1610612739,CLE,Cleveland Cavaliers,21500983,2016-03-13T00:00:00,CLE @ LAC,W,26.5,2.0,4.0,0.5,0.0,2.0,0.0,0.0,0.0,0.0,1.0,6.0,7.0,1.0,0.0,0.0,0.0,0.0,1.0,1.0,4.0,17.0,13.9,0,0,12.0,1,1,13006,1,10451,14994,18073,7886,11051,9677,11051,14161,15066,14161,6390,3007,3953,12251,16943,12313,8004,8866,14690,12373,18063,1469,16232,2107,76,16886,1.0,26:30,2015,2016
2015-16,203521,Matthew Dellavedova,Matthew,1610612739,CLE,Cleveland Cavaliers,21500983,2016-03-13T00:00:00,CLE @ LAC,W,22.8,2.0,5.0,0.4,2.0,2.0,1.0,1.0,2.0,0.5,0.0,2.0,2.0,4.0,1.0,0.0,0.0,0.0,3.0,1.0,7.0,25.0,14.4,0,0,15.0,1,1,13006,1,13553,14994,16058,14037,2550,9677,1,10755,8140,10753,13060,13353,16063,3513,9196,12313,8004,8866,3976,12373,14029,328,15857,2107,76,14428,1.0,22:46,2015,2016
2015-16,2747,JR Smith,JR,1610612739,CLE,Cleveland Cavaliers,21500983,2016-03-13T00:00:00,CLE @ LAC,W,23.3,6.0,9.0,0.667,5.0,8.0,0.625,0.0,0.0,0.0,0.0,1.0,1.0,1.0,0.0,0.0,0.0,0.0,3.0,1.0,17.0,11.0,19.7,0,0,24.0,1,1,13006,1,13109,4268,8964,2883,179,705,2699,14161,15066,14161,13060,17769,19693,12251,16943,12313,8004,8866,3976,12373,4170,3629,11962,2107,76,8132,1.0,23:19,2015,2016
2015-16,202684,Tristan Thompson,Tristan,1610612739,CLE,Cleveland Cavaliers,21500983,2016-03-13T00:00:00,CLE @ LAC,W,26.3,3.0,6.0,0.5,0.0,0.0,0.0,4.0,6.0,0.667,6.0,5.0,11.0,2.0,0.0,0.0,2.0,0.0,1.0,5.0,10.0,23.0,32.2,1,0,27.0,1,1,13006,1,10568,11544,14041,7886,11051,17277,11051,2791,2017,9461,168,4465,1106,8082,16943,12313,932,8866,14690,1539,10151,487,4846,1,76,6398,1.0,26:20,2015,2016
2015-16,202681,Kyrie Irving,Kyrie,1610612739,CLE,Cleveland Cavaliers,21500983,2016-03-13T00:00:00,CLE @ LAC,W,31.2,7.0,17.0,0.412,2.0,7.0,0.286,1.0,1.0,1.0,0.0,2.0,2.0,5.0,2.0,1.0,0.0,2.0,3.0,4.0,17.0,11.0,27.9,0,0,28.0,1,1,13006,1,6567,2864,1681,13908,2550,1138,8900,10755,13680,1,13060,13353,16063,2408,4412,4706,8004,639,3976,2748,4170,3629,6914,2107,76,5884,1.0,31:11,2015,2016
2015-16,201619,Sasha Kaun,Sasha,1610612739,CLE,Cleveland Cavaliers,21500962,2016-03-10T00:00:00,CLE @ LAL,W,1.0,0.0,0.0,0.0,0.0,0.0,0.0,0.0,0.0,0.0,0.0,0.0,0.0,0.0,0.0,0.0,0.0,0.0,0.0,0.0,0.0,-2.0,0.0,0,0,0.0,1,1,13006,1,25882,22516,24912,22516,11051,17277,11051,14161,15066,14161,13060,22257,23167,18354,16943,12313,8004,8866,21108,18762,23226,14281,25170,2107,76,25215,1.0,0:57,2015,2016
2015-16,203895,Jordan McRae,Jordan,1610612739,CLE,Cleveland Cavaliers,21500962,2016-03-10T00:00:00,CLE @ LAL,W,1.4,1.0,1.0,1.0,0.0,0.0,0.0,0.0,0.0,0.0,0.0,0.0,0.0,0.0,0.0,0.0,0.0,0.0,0.0,0.0,2.0,0.0,2.0,0,0,2.0,1,1,13006,1,25733,18695,23432,1,11051,17277,11051,14161,15066,14161,13060,22257,23167,18354,16943,12313,8004,8866,21108,18762,20822,12042,24216,2107,76,23978,1.0,1:25,2015,2016
2015-16,2747,JR Smith,JR,1610612739,CLE,Cleveland Cavaliers,21500962,2016-03-10T00:00:00,CLE @ LAL,W,33.5,5.0,10.0,0.5,4.0,7.0,0.571,3.0,4.0,0.75,0.0,2.0,2.0,2.0,0.0,2.0,1.0,0.0,4.0,3.0,17.0,7.0,31.4,0,0,31.0,1,1,13006,1,4716,6175,7514,7886,439,1138,3090,4469,4140,8103,13060,13353,16063,8082,16943,1588,2692,8866,1394,4736,4170,5888,5218,2107,76,4495,1.0,33:33,2015,2016
2015-16,203521,Matthew Dellavedova,Matthew,1610612739,CLE,Cleveland Cavaliers,21500962,2016-03-10T00:00:00,CLE @ LAL,W,16.6,4.0,9.0,0.444,3.0,5.0,0.6,0.0,0.0,0.0,0.0,1.0,1.0,1.0,1.0,0.0,0.0,2.0,3.0,0.0,11.0,-1.0,12.7,0,0,16.0,1,1,13006,1,18591,8539,8964,12281,1083,2959,2761,14161,15066,14161,13060,17769,19693,12251,9196,12313,8004,639,3976,18762,9124,13184,17201,2107,76,13654,1.0,16:35,2015,2016
2015-16,2592,James Jones,James,1610612739,CLE,Cleveland Cavaliers,21500962,2016-03-10T00:00:00,CLE @ LAL,W,18.3,2.0,5.0,0.4,1.0,3.0,0.333,0.0,0.0,0.0,1.0,1.0,2.0,0.0,0.0,0.0,0.0,0.0,0.0,2.0,5.0,-9.0,7.4,0,0,8.0,1,1,13006,1,17234,14994,16058,14037,5519,6890,7128,14161,15066,14161,6390,17769,16063,18354,16943,12313,8004,8866,21108,7786,16838,20888,20912,2107,76,20022,1.0,18:20,2015,2016
2015-16,202389,Timofey Mozgov,Timofey,1610612739,CLE,Cleveland Cavaliers,21500962,2016-03-10T00:00:00,CLE @ LAL,W,13.0,1.0,3.0,0.333,0.0,0.0,0.0,0.0,0.0,0.0,0.0,0.0,0.0,0.0,0.0,0.0,2.0,0.0,2.0,0.0,2.0,-7.0,8.0,0,0,6.0,1,1,13006,1,20989,18695,19997,16528,11051,17277,11051,14161,15066,14161,13060,22257,23167,18354,16943,12313,932,8866,8439,18762,20822,19310,20564,2107,76,21429,1.0,12:59,2015,2016
2015-16,202697,Iman Shumpert,Iman,1610612739,CLE,Cleveland Cavaliers,21500962,2016-03-10T00:00:00,CLE @ LAL,W,25.8,1.0,4.0,0.25,0.0,2.0,0.0,0.0,0.0,0.0,0.0,5.0,5.0,1.0,1.0,0.0,0.0,0.0,4.0,0.0,2.0,3.0,8.5,0,0,8.0,1,1,13006,1,11045,18695,18073,19755,11051,9677,11051,14161,15066,14161,13060,4465,7203,12251,9196,12313,8004,8866,1394,18762,20822,9063,20215,2107,76,20022,1.0,25:46,2015,2016
2015-16,101112,Channing Frye,Channing,1610612739,CLE,Cleveland Cavaliers,21500962,2016-03-10T00:00:00,CLE @ LAL,W,24.4,8.0,10.0,0.8,5.0,7.0,0.714,0.0,0.0,0.0,1.0,6.0,7.0,1.0,0.0,1.0,0.0,0.0,3.0,1.0,21.0,23.0,33.9,0,0,36.0,1,1,13006,1,12199,1806,7514,1401,179,1138,1910,14161,15066,14161,6390,3007,3953,12251,16943,4706,8004,8866,3976,12373,2210,487,4208,2107,76,2745,1.0,24:25,2015,2016
2015-16,202684,Tristan Thompson,Tristan,1610612739,CLE,Cleveland Cavaliers,21500962,2016-03-10T00:00:00,CLE @ LAL,W,34.1,3.0,5.0,0.6,0.0,0.0,0.0,4.0,6.0,0.667,4.0,10.0,14.0,1.0,1.0,1.0,0.0,0.0,0.0,5.0,10.0,21.0,30.3,1,0,27.0,1,1,13006,1,4295,11544,16058,4873,11051,17277,11051,2791,2017,9461,779,488,317,12251,9196,4706,8004,8866,21108,1539,10151,743,5702,1,76,6398,1.0,34:04,2015,2016
2015-16,2544,LeBron James,LeBron,1610612739,CLE,Cleveland Cavaliers,21500962,2016-03-10T00:00:00,CLE @ LAL,W,34.8,9.0,18.0,0.5,1.0,4.0,0.25,5.0,8.0,0.625,2.0,3.0,5.0,7.0,3.0,0.0,2.0,0.0,2.0,7.0,24.0,6.0,43.5,0,0,41.0,1,1,13006,1,3674,1155,1283,7886,5519,4617,9116,1816,922,10341,3138,9493,7203,1118,1969,12313,932,8866,8439,469,1331,6628,1646,2107,76,1537,1.0,34:50,2015,2016
2015-16,202681,Kyrie Irving,Kyrie,1610612739,CLE,Cleveland Cavaliers,21500962,2016-03-10T00:00:00,CLE @ LAL,W,37.1,11.0,20.0,0.55,2.0,7.0,0.286,2.0,2.0,1.0,1.0,1.0,2.0,9.0,2.0,0.0,1.0,2.0,2.0,4.0,26.0,19.0,42.9,0,0,41.0,1,1,13006,1,2020,393,698,7100,2550,1138,8900,6499,8140,1,6390,17769,16063,508,4412,12313,2692,639,8439,2748,895,1041,1754,2107,76,1537,1.0,37:06,2015,2016
2015-16,2544,LeBron James,LeBron,1610612739,CLE,Cleveland Cavaliers,21500957,2016-03-09T00:00:00,CLE @ SAC,W,36.6,8.0,19.0,0.421,1.0,5.0,0.2,8.0,9.0,0.889,4.0,7.0,11.0,6.0,5.0,0.0,0.0,0.0,1.0,6.0,25.0,16.0,42.2,1,0,43.0,1,1,13006,1,2366,1806,964,13615,5519,2959,10165,448,664,6644,779,1973,1106,1638,351,12313,8004,8866,14690,873,1116,1731,1892,1,76,1208,1.0,36:33,2015,2016
2015-16,2747,JR Smith,JR,1610612739,CLE,Cleveland Cavaliers,21500957,2016-03-09T00:00:00,CLE @ SAC,W,28.0,6.0,13.0,0.462,3.0,9.0,0.333,0.0,0.0,0.0,2.0,3.0,5.0,0.0,0.0,1.0,0.0,0.0,5.0,0.0,15.0,-2.0,24.0,0,0,25.0,1,1,13006,1,9212,4268,4281,11689,1083,402,7128,14161,15066,14161,3138,9493,7203,18354,16943,4706,8004,8866,253,18762,5598,14281,9121,2107,76,7525,1.0,28:01,2015,2016
2015-16,202684,Tristan Thompson,Tristan,1610612739,CLE,Cleveland Cavaliers,21500957,2016-03-09T00:00:00,CLE @ SAC,W,37.4,6.0,8.0,0.75,0.0,0.0,0.0,6.0,8.0,0.75,7.0,8.0,15.0,0.0,2.0,1.0,0.0,0.0,5.0,5.0,18.0,12.0,37.0,1,0,35.0,1,1,13006,1,1860,4268,10529,1788,11051,17277,11051,1100,922,8103,75,1264,222,18354,4412,4706,8004,8866,253,1539,3558,3172,3182,1,76,3029,1.0,37:21,2015,2016
2015-16,203521,Matthew Dellavedova,Matthew,1610612739,CLE,Cleveland Cavaliers,21500957,2016-03-09T00:00:00,CLE @ SAC,W,24.6,2.0,6.0,0.333,2.0,4.0,0.5,1.0,1.0,1.0,0.0,0.0,0.0,1.0,0.0,0.0,0.0,0.0,2.0,1.0,7.0,1.0,8.5,0,0,10.0,1,1,13006,1,12014,14994,14041,16528,2550,4617,3313,10755,13680,1,13060,22257,23167,12251,16943,12313,8004,8866,8439,12373,14029,11010,20215,2107,76,18488,1.0,24:36,2015,2016
2015-16,2210,Richard Jefferson,Richard,1610612739,CLE,Cleveland Cavaliers,21500957,2016-03-09T00:00:00,CLE @ SAC,W,11.1,0.0,2.0,0.0,0.0,2.0,0.0,1.0,2.0,0.5,1.0,1.0,2.0,1.0,0.0,0.0,0.0,0.0,2.0,1.0,1.0,-9.0,4.9,0,0,4.0,1,1,13006,1,22002,22516,21813,22516,11051,9677,11051,10755,8140,10753,6390,17769,16063,12251,16943,12313,8004,8866,8439,12373,22968,20888,22621,2107,76,22829,1.0,11:04,2015,2016
2015-16,101112,Channing Frye,Channing,1610612739,CLE,Cleveland Cavaliers,21500957,2016-03-09T00:00:00,CLE @ SAC,W,10.1,1.0,3.0,0.333,1.0,3.0,0.333,0.0,0.0,0.0,0.0,2.0,2.0,0.0,0.0,0.0,0.0,0.0,1.0,1.0,3.0,-6.0,5.4,0,0,6.0,1,1,13006,1,22415,18695,19997,16528,5519,6890,7128,14161,15066,14161,13060,13353,16063,18354,16943,12313,8004,8866,14690,12373,19720,18431,22242,2107,76,21429,1.0,10:03,2015,2016
2015-16,201567,Kevin Love,Kevin,1610612739,CLE,Cleveland Cavaliers,21500957,2016-03-09T00:00:00,CLE @ SAC,W,35.0,4.0,13.0,0.308,2.0,8.0,0.25,7.0,7.0,1.0,1.0,9.0,10.0,3.0,4.0,2.0,1.0,1.0,3.0,6.0,17.0,19.0,38.5,1,0,38.0,1,1,13006,1,3560,8539,4281,18598,2550,705,9116,705,1485,1,6390,786,1598,5322,841,1588,2692,2492,3976,873,4170,1041,2771,1,76,2174,1.0,34:58,2015,2016
2015-16,202681,Kyrie Irving,Kyrie,1610612739,CLE,Cleveland Cavaliers,21500957,2016-03-09T00:00:00,CLE @ SAC,W,38.8,11.0,22.0,0.5,3.0,10.0,0.3,5.0,6.0,0.833,0.0,1.0,1.0,4.0,2.0,1.0,0.0,1.0,0.0,6.0,30.0,8.0,38.2,0,0,40.0,1,1,13006,1,1161,393,346,7886,1083,228,8861,1816,2017,7124,13060,17769,19693,3513,4412,4706,8004,2492,21108,873,418,5243,2854,2107,76,1725,1.0,38:45,2015,2016
2015-16,202697,Iman Shumpert,Iman,1610612739,CLE,Cleveland Cavaliers,21500957,2016-03-09T00:00:00,CLE @ SAC,W,18.6,1.0,4.0,0.25,1.0,3.0,0.333,1.0,2.0,0.5,0.0,5.0,5.0,2.0,0.0,0.0,0.0,0.0,2.0,1.0,4.0,6.0,13.0,0,0,12.0,1,1,13006,1,16985,18695,18073,19755,5519,6890,7128,10755,8140,10753,13060,4465,7203,8082,16943,12313,8004,8866,8439,12373,18063,6628,16969,2107,76,16886,1.0,18:39,2015,2016
2015-16,2747,JR Smith,JR,1610612739,CLE,Cleveland Cavaliers,21500938,2016-03-07T00:00:00,CLE vs. MEM,L,34.6,2.0,11.0,0.182,1.0,8.0,0.125,1.0,2.0,0.5,1.0,4.0,5.0,1.0,1.0,0.0,1.0,0.0,3.0,2.0,6.0,-6.0,15.5,0,0,15.0,1,13074,1,13074,3901,14994,6284,21674,5519,705,10987,10755,8140,10753,6390,6568,7203,12251,9196,12313,2692,8866,3976,7786,15190,18431,15004,2107,76,14428,1.0,34:34,2015,2016
2015-16,202684,Tristan Thompson,Tristan,1610612739,CLE,Cleveland Cavaliers,21500938,2016-03-07T00:00:00,CLE vs. MEM,L,26.9,5.0,6.0,0.833,0.0,0.0,0.0,1.0,3.0,0.333,0.0,6.0,6.0,0.0,2.0,0.0,3.0,1.0,3.0,4.0,11.0,11.0,25.2,0,0,23.0,1,13074,1,13074,10085,6175,14041,1260,11051,17277,11051,10755,6741,13688,13060,3007,5415,18354,4412,12313,347,2492,3976,2748,9124,3629,8383,2107,76,8747,1.0,26:55,2015,2016
2015-16,101112,Channing Frye,Channing,1610612739,CLE,Cleveland Cavaliers,21500938,2016-03-07T00:00:00,CLE vs. MEM,L,4.9,1.0,2.0,0.5,0.0,1.0,0.0,0.0,0.0,0.0,1.0,1.0,2.0,2.0,1.0,0.0,1.0,0.0,1.0,0.0,2.0,4.0,9.4,0,0,8.0,1,13074,1,13074,24392,18695,21813,7886,11051,13174,11051,14161,15066,14161,6390,17769,16063,8082,9196,12313,2692,8866,14690,18762,20822,8158,19568,2107,76,20022,1.0,4:56,2015,2016
2015-16,2544,LeBron James,LeBron,1610612739,CLE,Cleveland Cavaliers,21500938,2016-03-07T00:00:00,CLE vs. MEM,L,37.6,11.0,19.0,0.579,2.0,4.0,0.5,4.0,5.0,0.8,2.0,7.0,9.0,5.0,4.0,1.0,0.0,4.0,2.0,6.0,28.0,-9.0,45.3,0,0,46.0,1,13074,1,13074,1683,393,964,6039,2550,4617,3313,2791,3208,7601,3138,1973,2216,2408,841,4706,8004,38,8439,873,618,20888,1310,2107,76,826,1.0,37:38,2015,2016
2015-16,202681,Kyrie Irving,Kyrie,1610612739,CLE,Cleveland Cavaliers,21500938,2016-03-07T00:00:00,CLE vs. MEM,L,37.4,9.0,16.0,0.563,3.0,7.0,0.429,6.0,7.0,0.857,0.0,2.0,2.0,5.0,7.0,4.0,1.0,1.0,4.0,3.0,27.0,2.0,44.9,0,0,47.0,1,13074,1,13074,1830,1155,2178,6644,1083,1138,6081,1100,1485,6899,13060,13353,16063,2408,59,151,2692,2492,1394,4736,744,10013,1380,2107,76,733,1.0,37:24,2015,2016
2015-16,203521,Matthew Dellavedova,Matthew,1610612739,CLE,Cleveland Cavaliers,21500938,2016-03-07T00:00:00,CLE vs. MEM,L,26.2,1.0,6.0,0.167,0.0,3.0,0.0,0.0,0.0,0.0,0.0,2.0,2.0,3.0,4.0,0.0,0.0,0.0,4.0,2.0,2.0,-6.0,4.9,0,0,7.0,1,13074,1,13074,10720,18695,14041,21747,11051,6890,11051,14161,15066,14161,13060,13353,16063,5322,841,12313,8004,8866,1394,7786,20822,18431,22621,2107,76,20722,1.0,26:10,2015,2016
2015-16,2210,Richard Jefferson,Richard,1610612739,CLE,Cleveland Cavaliers,21500938,2016-03-07T00:00:00,CLE vs. MEM,L,7.1,1.0,3.0,0.333,0.0,1.0,0.0,0.0,0.0,0.0,1.0,1.0,2.0,2.0,0.0,1.0,0.0,0.0,2.0,0.0,2.0,2.0,10.4,0,0,8.0,1,13074,1,13074,23517,18695,19997,16528,11051,13174,11051,14161,15066,14161,6390,17769,16063,8082,16943,4706,8004,8866,8439,18762,20822,10013,18859,2107,76,20022,1.0,7:07,2015,2016
2015-16,202389,Timofey Mozgov,Timofey,1610612739,CLE,Cleveland Cavaliers,21500938,2016-03-07T00:00:00,CLE vs. MEM,L,10.7,1.0,3.0,0.333,0.0,0.0,0.0,0.0,0.0,0.0,4.0,2.0,6.0,1.0,2.0,1.0,0.0,0.0,2.0,0.0,2.0,-12.0,11.7,0,0,11.0,1,13074,1,13074,22138,18695,19997,16528,11051,17277,11051,14161,15066,14161,779,13353,5415,12251,4412,4706,8004,8866,8439,18762,20822,22671,17903,2107,76,17702,1.0,10:44,2015,2016
2015-16,202697,Iman Shumpert,Iman,1610612739,CLE,Cleveland Cavaliers,21500938,2016-03-07T00:00:00,CLE vs. MEM,L,21.6,3.0,5.0,0.6,1.0,2.0,0.5,2.0,2.0,1.0,0.0,4.0,4.0,1.0,0.0,2.0,0.0,0.0,1.0,1.0,9.0,3.0,21.3,0,0,19.0,1,13074,1,13074,14548,11544,16058,4873,5519,9677,3313,6499,8140,1,13060,6568,9586,12251,16943,1588,8004,8866,14690,12373,11389,9063,10880,2107,76,11453,1.0,21:34,2015,2016
2015-16,201567,Kevin Love,Kevin,1610612739,CLE,Cleveland Cavaliers,21500938,2016-03-07T00:00:00,CLE vs. MEM,L,33.0,2.0,9.0,0.222,0.0,3.0,0.0,10.0,10.0,1.0,4.0,7.0,11.0,3.0,4.0,0.0,1.0,2.0,0.0,8.0,14.0,-4.0,30.7,1,0,30.0,1,13074,1,13074,5150,14994,8964,20877,11051,6890,11051,178,422,1,779,1973,1106,5322,841,12313,2692,639,21108,254,6324,16419,5539,1,76,4936,1.0,32:59,2015,2016
2015-16,2210,Richard Jefferson,Richard,1610612739,CLE,Cleveland Cavaliers,21500922,2016-03-05T00:00:00,CLE vs. BOS,W,5.7,1.0,3.0,0.333,0.0,1.0,0.0,0.0,0.0,0.0,0.0,2.0,2.0,1.0,1.0,0.0,0.0,0.0,0.0,0.0,2.0,4.0,4.9,0,0,5.0,1,1,13006,1,24102,18695,19997,16528,11051,13174,11051,14161,15066,14161,13060,13353,16063,12251,9196,12313,8004,8866,21108,18762,20822,8158,22621,2107,76,22162,1.0,5:41,2015,2016
2015-16,203895,Jordan McRae,Jordan,1610612739,CLE,Cleveland Cavaliers,21500922,2016-03-05T00:00:00,CLE vs. BOS,W,1.4,0.0,0.0,0.0,0.0,0.0,0.0,0.0,0.0,0.0,0.0,0.0,0.0,0.0,0.0,0.0,0.0,0.0,0.0,0.0,0.0,2.0,0.0,0,0,0.0,1,1,13006,1,25723,22516,24912,22516,11051,17277,11051,14161,15066,14161,13060,22257,23167,18354,16943,12313,8004,8866,21108,18762,23226,10013,25170,2107,76,25215,1.0,1:26,2015,2016
2015-16,201619,Sasha Kaun,Sasha,1610612739,CLE,Cleveland Cavaliers,21500922,2016-03-05T00:00:00,CLE vs. BOS,W,1.4,1.0,1.0,1.0,0.0,0.0,0.0,0.0,0.0,0.0,0.0,0.0,0.0,0.0,0.0,0.0,0.0,0.0,0.0,0.0,2.0,2.0,2.0,0,0,2.0,1,1,13006,1,25723,18695,23432,1,11051,17277,11051,14161,15066,14161,13060,22257,23167,18354,16943,12313,8004,8866,21108,18762,20822,10013,24216,2107,76,23978,1.0,1:26,2015,2016
2015-16,201567,Kevin Love,Kevin,1610612739,CLE,Cleveland Cavaliers,21500922,2016-03-05T00:00:00,CLE vs. BOS,W,30.1,1.0,6.0,0.167,0.0,3.0,0.0,8.0,9.0,0.889,1.0,3.0,4.0,3.0,1.0,1.0,0.0,0.0,1.0,7.0,10.0,8.0,21.3,0,0,19.0,1,1,13006,1,7480,18695,14041,21747,11051,6890,11051,448,664,6644,6390,9493,9586,5322,9196,4706,8004,8866,14690,469,10151,5243,10880,2107,76,11453,1.0,30:04,2015,2016
2015-16,202697,Iman Shumpert,Iman,1610612739,CLE,Cleveland Cavaliers,21500922,2016-03-05T00:00:00,CLE vs. BOS,W,34.7,4.0,8.0,0.5,2.0,4.0,0.5,2.0,2.0,1.0,6.0,10.0,16.0,4.0,2.0,2.0,0.0,0.0,5.0,1.0,12.0,26.0,41.2,1,0,38.0,1,1,13006,1,3777,8539,10529,7886,2550,4617,3313,6499,8140,1,168,488,152,3513,4412,1588,8004,8866,253,12373,8086,278,2099,1,76,2174,1.0,34:42,2015,2016
2015-16,202684,Tristan Thompson,Tristan,1610612739,CLE,Cleveland Cavaliers,21500922,2016-03-05T00:00:00,CLE vs. BOS,W,27.5,4.0,6.0,0.667,0.0,0.0,0.0,4.0,5.0,0.8,4.0,1.0,5.0,0.0,3.0,1.0,0.0,0.0,3.0,3.0,12.0,15.0,18.0,0,0,19.0,1,1,13006,1,9589,8539,14041,2883,11051,17277,11051,2791,3208,7601,779,17769,7203,18354,1969,4706,8004,8866,3976,4736,8086,2059,13164,2107,76,11453,1.0,27:32,2015,2016
2015-16,2747,JR Smith,JR,1610612739,CLE,Cleveland Cavaliers,21500922,2016-03-05T00:00:00,CLE vs. BOS,W,34.2,5.0,15.0,0.333,4.0,10.0,0.4,0.0,0.0,0.0,0.0,3.0,3.0,3.0,0.0,0.0,0.0,0.0,1.0,0.0,14.0,3.0,22.1,0,0,24.0,1,1,13006,1,4170,6175,2795,16528,439,228,6308,14161,15066,14161,13060,9493,12520,5322,16943,12313,8004,8866,14690,18762,6324,9063,10332,2107,76,8132,1.0,34:13,2015,2016
2015-16,203521,Matthew Dellavedova,Matthew,1610612739,CLE,Cleveland Cavaliers,21500922,2016-03-05T00:00:00,CLE vs. BOS,W,28.1,4.0,6.0,0.667,0.0,2.0,0.0,2.0,3.0,0.667,0.0,0.0,0.0,4.0,0.0,2.0,1.0,0.0,3.0,1.0,10.0,26.0,25.0,0,0,20.0,1,1,13006,1,9167,8539,14041,2883,11051,9677,11051,6499,6741,9461,13060,22257,23167,3513,16943,1588,2692,8866,3976,12373,10151,278,8485,2107,76,10747,1.0,28:05,2015,2016
2015-16,202389,Timofey Mozgov,Timofey,1610612739,CLE,Cleveland Cavaliers,21500922,2016-03-05T00:00:00,CLE vs. BOS,W,10.7,4.0,4.0,1.0,0.0,0.0,0.0,2.0,2.0,1.0,0.0,3.0,3.0,0.0,1.0,0.0,0.0,0.0,1.0,2.0,10.0,-7.0,12.6,0,0,13.0,1,1,13006,1,22146,8539,18073,1,11051,17277,11051,6499,8140,1,13060,9493,12520,18354,9196,12313,8004,8866,14690,7786,10151,19310,17277,2107,76,16097,1.0,10:43,2015,2016
2015-16,202681,Kyrie Irving,Kyrie,1610612739,CLE,Cleveland Cavaliers,21500922,2016-03-05T00:00:00,CLE vs. BOS,W,30.1,7.0,13.0,0.538,3.0,6.0,0.5,3.0,4.0,0.75,0.0,3.0,3.0,4.0,3.0,0.0,2.0,0.0,5.0,2.0,20.0,2.0,32.6,0,0,34.0,1,1,13006,1,7422,2864,4281,7389,1083,1860,3313,4469,4140,8103,13060,9493,12520,3513,1969,12313,932,8866,253,7786,2594,10013,4687,2107,76,3364,1.0,30:08,2015,2016
2015-16,2544,LeBron James,LeBron,1610612739,CLE,Cleveland Cavaliers,21500922,2016-03-05T00:00:00,CLE vs. BOS,W,36.0,11.0,20.0,0.55,1.0,4.0,0.25,5.0,9.0,0.556,4.0,7.0,11.0,8.0,4.0,2.0,1.0,1.0,2.0,6.0,28.0,4.0,58.2,1,0,54.0,1,1,13006,1,2759,393,698,7100,5519,4617,9116,1816,664,10714,779,1973,1106,762,841,1588,2692,2492,8439,873,618,8158,262,1,76,266,1.0,36:00,2015,2016
2015-16,2544,LeBron James,LeBron,1610612739,CLE,Cleveland Cavaliers,21500917,2016-03-04T00:00:00,CLE vs. WAS,W,30.4,7.0,18.0,0.389,1.0,4.0,0.25,4.0,4.0,1.0,1.0,12.0,13.0,8.0,1.0,3.0,0.0,1.0,1.0,2.0,19.0,15.0,54.6,1,0,47.0,1,1,13006,1,7206,2864,1283,15203,5519,4617,9116,2791,4140,1,6390,158,485,762,9196,501,8004,2492,14690,7786,3065,2059,413,1,76,733,1.0,30:23,2015,2016
2015-16,201619,Sasha Kaun,Sasha,1610612739,CLE,Cleveland Cavaliers,21500917,2016-03-04T00:00:00,CLE vs. WAS,W,4.3,1.0,1.0,1.0,0.0,0.0,0.0,0.0,1.0,0.0,1.0,2.0,3.0,0.0,0.0,0.0,1.0,0.0,1.0,1.0,2.0,-3.0,8.6,0,0,7.0,1,1,13006,1,24607,18695,23432,1,11051,17277,11051,14161,13680,14161,6390,13353,12520,18354,16943,12313,2692,8866,14690,12373,20822,15372,20125,2107,76,20722,1.0,4:19,2015,2016
2015-16,202697,Iman Shumpert,Iman,1610612739,CLE,Cleveland Cavaliers,21500917,2016-03-04T00:00:00,CLE vs. WAS,W,30.4,0.0,3.0,0.0,0.0,2.0,0.0,2.0,2.0,1.0,0.0,3.0,3.0,3.0,1.0,1.0,1.0,0.0,2.0,3.0,2.0,25.0,15.1,0,0,12.0,1,1,13006,1,7164,22516,19997,22516,11051,9677,11051,6499,8140,1,13060,9493,12520,5322,9196,4706,2692,8866,8439,4736,20822,328,15328,2107,76,16886,1.0,30:25,2015,2016
2015-16,203895,Jordan McRae,Jordan,1610612739,CLE,Cleveland Cavaliers,21500917,2016-03-04T00:00:00,CLE vs. WAS,W,5.8,2.0,4.0,0.5,1.0,2.0,0.5,0.0,0.0,0.0,0.0,0.0,0.0,0.0,1.0,0.0,0.0,0.0,1.0,0.0,5.0,-2.0,4.0,0,0,6.0,1,1,13006,1,24041,14994,18073,7886,5519,9677,3313,14161,15066,14161,13060,22257,23167,18354,9196,12313,8004,8866,14690,18762,16838,14281,23142,2107,76,21429,1.0,5:50,2015,2016
2015-16,101112,Channing Frye,Channing,1610612739,CLE,Cleveland Cavaliers,21500917,2016-03-04T00:00:00,CLE vs. WAS,W,5.7,1.0,2.0,0.5,1.0,2.0,0.5,0.0,0.0,0.0,0.0,2.0,2.0,0.0,0.0,0.0,0.0,0.0,1.0,0.0,3.0,-2.0,5.4,0,0,6.0,1,1,13006,1,24081,18695,21813,7886,5519,9677,3313,14161,15066,14161,13060,13353,16063,18354,16943,12313,8004,8866,14690,18762,19720,14281,22242,2107,76,21429,1.0,5:44,2015,2016
2015-16,202389,Timofey Mozgov,Timofey,1610612739,CLE,Cleveland Cavaliers,21500917,2016-03-04T00:00:00,CLE vs. WAS,W,19.6,7.0,11.0,0.636,0.0,0.0,0.0,0.0,1.0,0.0,3.0,2.0,5.0,0.0,0.0,0.0,0.0,1.0,2.0,2.0,14.0,17.0,20.0,0,0,19.0,1,1,13006,1,16202,2864,6284,4230,11051,17277,11051,14161,13680,14161,1576,13353,7203,18354,16943,12313,8004,2492,8439,7786,6324,1469,11752,2107,76,11453,1.0,19:38,2015,2016
2015-16,202681,Kyrie Irving,Kyrie,1610612739,CLE,Cleveland Cavaliers,21500917,2016-03-04T00:00:00,CLE vs. WAS,W,31.7,8.0,18.0,0.444,3.0,6.0,0.5,2.0,2.0,1.0,1.0,4.0,5.0,8.0,1.0,1.0,0.0,1.0,1.0,3.0,21.0,25.0,41.0,0,0,39.0,1,1,13006,1,6165,1806,1283,12281,1083,1860,3313,6499,8140,1,6390,6568,7203,762,9196,4706,8004,2492,14690,4736,2210,328,2143,2107,76,1944,1.0,31:41,2015,2016
2015-16,2747,JR Smith,JR,1610612739,CLE,Cleveland Cavaliers,21500917,2016-03-04T00:00:00,CLE vs. WAS,W,30.7,3.0,5.0,0.6,2.0,4.0,0.5,2.0,2.0,1.0,0.0,1.0,1.0,3.0,0.0,2.0,0.0,0.0,3.0,3.0,10.0,13.0,21.7,0,0,20.0,1,1,13006,1,6961,11544,16058,4873,2550,4617,3313,6499,8140,1,13060,17769,19693,5322,16943,1588,8004,8866,3976,4736,10151,2784,10592,2107,76,10747,1.0,30:41,2015,2016
2015-16,202684,Tristan Thompson,Tristan,1610612739,CLE,Cleveland Cavaliers,21500917,2016-03-04T00:00:00,CLE vs. WAS,W,22.4,4.0,9.0,0.444,0.0,0.0,0.0,2.0,2.0,1.0,2.0,5.0,7.0,0.0,0.0,1.0,2.0,0.0,1.0,4.0,10.0,10.0,27.4,0,0,23.0,1,1,13006,1,13806,8539,8964,12281,11051,17277,11051,6499,8140,1,3138,4465,3953,18354,16943,4706,932,8866,14690,2748,10151,4134,7179,2107,76,8747,1.0,22:27,2015,2016
2015-16,203521,Matthew Dellavedova,Matthew,1610612739,CLE,Cleveland Cavaliers,21500917,2016-03-04T00:00:00,CLE vs. WAS,W,21.3,5.0,10.0,0.5,2.0,3.0,0.667,0.0,0.0,0.0,0.0,3.0,3.0,1.0,2.0,1.0,0.0,1.0,3.0,0.0,12.0,14.0,18.1,0,0,20.0,1,1,13006,1,14801,6175,7514,7886,2550,6890,1955,14161,15066,14161,13060,9493,12520,12251,4412,4706,8004,2492,3976,18762,8086,2411,13090,2107,76,10747,1.0,21:17,2015,2016
2015-16,2210,Richard Jefferson,Richard,1610612739,CLE,Cleveland Cavaliers,21500917,2016-03-04T00:00:00,CLE vs. WAS,W,25.6,2.0,6.0,0.333,1.0,3.0,0.333,0.0,2.0,0.0,0.0,4.0,4.0,1.0,3.0,0.0,0.0,1.0,2.0,1.0,5.0,8.0,8.3,0,0,11.0,1,1,13006,1,11208,14994,14041,16528,5519,6890,7128,14161,8140,14161,13060,6568,9586,12251,1969,12313,8004,2492,8439,12373,16838,5243,20376,2107,76,17702,1.0,25:36,2015,2016
2015-16,2592,James Jones,James,1610612739,CLE,Cleveland Cavaliers,21500917,2016-03-04T00:00:00,CLE vs. WAS,W,12.0,2.0,3.0,0.667,1.0,1.0,1.0,0.0,0.0,0.0,0.0,1.0,1.0,0.0,0.0,0.0,1.0,0.0,1.0,0.0,5.0,5.0,9.2,0,0,9.0,1,1,13006,1,21529,14994,19997,2883,5519,13174,1,14161,15066,14161,13060,17769,19693,18354,16943,12313,2692,8866,14690,18762,16838,7354,19680,2107,76,19255,1.0,12:00,2015,2016
2015-16,2210,Richard Jefferson,Richard,1610612739,CLE,Cleveland Cavaliers,21500884,2016-02-29T00:00:00,CLE vs. IND,W,8.5,0.0,0.0,0.0,0.0,0.0,0.0,0.0,0.0,0.0,0.0,2.0,2.0,0.0,0.0,0.0,0.0,0.0,0.0,1.0,0.0,-6.0,2.4,0,0,2.0,1,1,13006,1,23028,22516,24912,22516,11051,17277,11051,14161,15066,14161,13060,13353,16063,18354,16943,12313,8004,8866,21108,12373,23226,18431,24024,2107,76,23978,1.0,8:29,2015,2016
2015-16,2747,JR Smith,JR,1610612739,CLE,Cleveland Cavaliers,21500884,2016-02-29T00:00:00,CLE vs. IND,W,33.8,4.0,14.0,0.286,3.0,10.0,0.3,0.0,0.0,0.0,1.0,2.0,3.0,0.0,0.0,1.0,0.0,1.0,1.0,0.0,11.0,10.0,17.6,0,0,19.0,1,1,13006,1,4521,8539,3506,19020,1083,228,8861,14161,15066,14161,6390,13353,12520,18354,16943,4706,8004,2492,14690,18762,9124,4134,13443,2107,76,11453,1.0,33:47,2015,2016
2015-16,202389,Timofey Mozgov,Timofey,1610612739,CLE,Cleveland Cavaliers,21500884,2016-02-29T00:00:00,CLE vs. IND,W,15.7,0.0,1.0,0.0,0.0,0.0,0.0,1.0,2.0,0.5,3.0,5.0,8.0,0.0,0.0,0.0,0.0,1.0,1.0,4.0,1.0,-6.0,10.6,0,0,9.0,1,1,13006,1,19241,22516,23432,22516,11051,17277,11051,10755,8140,10753,1576,4465,2959,18354,16943,12313,8004,2492,14690,2748,22968,18431,18723,2107,76,19255,1.0,15:44,2015,2016
2015-16,203521,Matthew Dellavedova,Matthew,1610612739,CLE,Cleveland Cavaliers,21500884,2016-02-29T00:00:00,CLE vs. IND,W,21.6,2.0,6.0,0.333,2.0,5.0,0.4,0.0,0.0,0.0,0.0,0.0,0.0,5.0,1.0,0.0,0.0,1.0,1.0,0.0,6.0,1.0,12.5,0,0,13.0,1,1,13006,1,14537,14994,14041,16528,2550,2959,6308,14161,15066,14161,13060,22257,23167,2408,9196,12313,8004,2492,14690,18762,15190,11010,17372,2107,76,16097,1.0,21:34,2015,2016
2015-16,202684,Tristan Thompson,Tristan,1610612739,CLE,Cleveland Cavaliers,21500884,2016-02-29T00:00:00,CLE vs. IND,W,31.0,6.0,7.0,0.857,0.0,0.0,0.0,2.0,3.0,0.667,3.0,8.0,11.0,0.0,0.0,0.0,1.0,0.0,2.0,5.0,14.0,7.0,30.2,1,0,27.0,1,1,13006,1,6715,4268,12208,1193,11051,17277,11051,6499,6741,9461,1576,1264,1106,18354,16943,12313,2692,8866,8439,1539,6324,5888,5751,1,76,6398,1.0,31:01,2015,2016
2015-16,201567,Kevin Love,Kevin,1610612739,CLE,Cleveland Cavaliers,21500884,2016-02-29T00:00:00,CLE vs. IND,W,40.4,4.0,14.0,0.286,1.0,5.0,0.2,4.0,4.0,1.0,1.0,7.0,8.0,6.0,1.0,0.0,1.0,4.0,3.0,2.0,13.0,2.0,33.6,0,0,30.0,1,1,13006,1,628,8539,3506,19020,5519,2959,10165,2791,4140,1,6390,1973,2959,1638,9196,12313,2692,38,3976,7786,7214,10013,4305,2107,76,4936,1.0,40:23,2015,2016
2015-16,202697,Iman Shumpert,Iman,1610612739,CLE,Cleveland Cavaliers,21500884,2016-02-29T00:00:00,CLE vs. IND,W,16.9,0.0,6.0,0.0,0.0,3.0,0.0,0.0,0.0,0.0,0.0,0.0,0.0,1.0,0.0,0.0,0.0,2.0,2.0,0.0,0.0,-4.0,1.5,0,0,1.0,1,1,13006,1,18369,22516,14041,22516,11051,6890,11051,14161,15066,14161,13060,22257,23167,12251,16943,12313,8004,639,8439,18762,23226,16419,24473,2107,76,24654,1.0,16:52,2015,2016
2015-16,2544,LeBron James,LeBron,1610612739,CLE,Cleveland Cavaliers,21500884,2016-02-29T00:00:00,CLE vs. IND,W,36.8,14.0,22.0,0.636,2.0,4.0,0.5,3.0,5.0,0.6,0.0,5.0,5.0,4.0,5.0,2.0,0.0,2.0,2.0,3.0,33.0,12.0,46.0,0,0,48.0,1,1,13006,1,2204,44,346,4230,2550,4617,3313,4469,3208,10435,13060,4465,7203,3513,351,1588,8004,639,8439,4736,222,3172,1198,2107,76,641,1.0,36:49,2015,2016
2015-16,202681,Kyrie Irving,Kyrie,1610612739,CLE,Cleveland Cavaliers,21500884,2016-02-29T00:00:00,CLE vs. IND,W,35.4,5.0,13.0,0.385,1.0,2.0,0.5,11.0,11.0,1.0,1.0,2.0,3.0,6.0,4.0,1.0,0.0,0.0,3.0,8.0,22.0,4.0,33.6,0,0,34.0,1,1,13006,1,3264,6175,4281,15266,5519,9677,3313,107,304,1,6390,13353,12520,1638,841,4706,8004,8866,3976,254,1866,8158,4305,2107,76,3364,1.0,35:21,2015,2016
2015-16,101112,Channing Frye,Channing,1610612739,CLE,Cleveland Cavaliers,21500877,2016-02-28T00:00:00,CLE @ WAS,L,24.5,0.0,5.0,0.0,0.0,4.0,0.0,0.0,0.0,0.0,0.0,6.0,6.0,2.0,0.0,0.0,0.0,0.0,5.0,0.0,0.0,0.0,10.2,0,0,8.0,1,13074,1,13074,12162,22516,16058,22516,11051,4617,11051,14161,15066,14161,13060,3007,5415,8082,16943,12313,8004,8866,253,18762,23226,12042,19003,2107,76,20022,1.0,24:27,2015,2016
2015-16,203895,Jordan McRae,Jordan,1610612739,CLE,Cleveland Cavaliers,21500877,2016-02-28T00:00:00,CLE @ WAS,L,7.0,2.0,4.0,0.5,1.0,2.0,0.5,3.0,3.0,1.0,0.0,1.0,1.0,0.0,0.0,0.0,0.0,0.0,0.0,3.0,8.0,15.0,9.2,0,0,10.0,1,13074,1,13074,23569,14994,18073,7886,5519,9677,3313,4469,6741,1,13060,17769,19693,18354,16943,12313,8004,8866,21108,4736,12541,2059,19680,2107,76,18488,1.0,6:59,2015,2016
2015-16,202389,Timofey Mozgov,Timofey,1610612739,CLE,Cleveland Cavaliers,21500877,2016-02-28T00:00:00,CLE @ WAS,L,24.8,4.0,6.0,0.667,0.0,0.0,0.0,2.0,2.0,1.0,3.0,7.0,10.0,0.0,5.0,0.0,2.0,0.0,3.0,2.0,10.0,1.0,23.0,1,0,24.0,1,13074,1,13074,11810,8539,14041,2883,11051,17277,11051,6499,8140,1,1576,1973,1598,18354,351,12313,932,8866,3976,7786,10151,11010,9760,1,76,8132,1.0,24:49,2015,2016
2015-16,202681,Kyrie Irving,Kyrie,1610612739,CLE,Cleveland Cavaliers,21500877,2016-02-28T00:00:00,CLE @ WAS,L,32.2,9.0,20.0,0.45,4.0,8.0,0.5,6.0,6.0,1.0,0.0,1.0,1.0,6.0,4.0,0.0,0.0,0.0,4.0,6.0,28.0,-22.0,34.2,0,0,39.0,1,13074,1,13074,5730,1155,698,12237,439,705,3313,1100,2017,1,13060,17769,19693,1638,841,12313,8004,8866,1394,873,618,25502,4092,2107,76,1944,1.0,32:11,2015,2016
2015-16,202697,Iman Shumpert,Iman,1610612739,CLE,Cleveland Cavaliers,21500877,2016-02-28T00:00:00,CLE @ WAS,L,34.3,4.0,12.0,0.333,1.0,6.0,0.167,3.0,4.0,0.75,1.0,4.0,5.0,3.0,1.0,3.0,0.0,1.0,3.0,3.0,12.0,-8.0,30.5,0,0,27.0,1,13074,1,13074,4099,8539,5215,16528,5519,1860,10673,4469,4140,8103,6390,6568,7203,5322,9196,501,8004,2492,3976,4736,8086,20129,5620,2107,76,6398,1.0,34:18,2015,2016
2015-16,201567,Kevin Love,Kevin,1610612739,CLE,Cleveland Cavaliers,21500877,2016-02-28T00:00:00,CLE @ WAS,L,23.6,4.0,11.0,0.364,0.0,1.0,0.0,4.0,4.0,1.0,2.0,3.0,5.0,1.0,2.0,0.0,0.0,1.0,0.0,4.0,12.0,-14.0,17.5,0,0,18.0,1,13074,1,13074,12935,8539,6284,16042,11051,13174,11051,2791,4140,1,3138,9493,7203,12251,4412,12313,8004,2492,21108,2748,8086,23559,13528,2107,76,12177,1.0,23:33,2015,2016
2015-16,2210,Richard Jefferson,Richard,1610612739,CLE,Cleveland Cavaliers,21500877,2016-02-28T00:00:00,CLE @ WAS,L,33.2,1.0,3.0,0.333,1.0,3.0,0.333,7.0,7.0,1.0,0.0,5.0,5.0,1.0,0.0,0.0,0.0,0.0,2.0,4.0,10.0,2.0,17.5,0,0,17.0,1,13074,1,13074,5003,18695,19997,16528,5519,6890,7128,705,1485,1,13060,4465,7203,12251,16943,12313,8004,8866,8439,2748,10151,10013,13528,2107,76,12877,1.0,33:09,2015,2016
2015-16,202684,Tristan Thompson,Tristan,1610612739,CLE,Cleveland Cavaliers,21500877,2016-02-28T00:00:00,CLE @ WAS,L,21.5,1.0,4.0,0.25,0.0,0.0,0.0,0.0,2.0,0.0,0.0,2.0,2.0,2.0,0.0,0.0,0.0,0.0,2.0,1.0,2.0,-16.0,7.4,0,0,6.0,1,13074,1,13074,14638,18695,18073,19755,11051,17277,11051,14161,8140,14161,13060,13353,16063,8082,16943,12313,8004,8866,8439,12373,20822,24301,20912,2107,76,21429,1.0,21:28,2015,2016
2015-16,203521,Matthew Dellavedova,Matthew,1610612739,CLE,Cleveland Cavaliers,21500877,2016-02-28T00:00:00,CLE @ WAS,L,20.9,3.0,7.0,0.429,2.0,5.0,0.4,1.0,2.0,0.5,0.0,0.0,0.0,4.0,1.0,1.0,0.0,0.0,3.0,3.0,9.0,-19.0,17.0,0,0,17.0,1,13074,1,13074,15158,11544,12208,12903,2550,2959,6308,10755,8140,10753,13060,22257,23167,3513,9196,4706,8004,8866,3976,4736,11389,25066,13855,2107,76,12877,1.0,20:53,2015,2016
2015-16,2747,JR Smith,JR,1610612739,CLE,Cleveland Cavaliers,21500877,2016-02-28T00:00:00,CLE @ WAS,L,18.2,4.0,8.0,0.5,0.0,0.0,0.0,0.0,0.0,0.0,0.0,4.0,4.0,1.0,1.0,2.0,0.0,0.0,4.0,0.0,8.0,-9.0,19.3,0,0,17.0,1,13074,1,13074,17332,8539,10529,7886,11051,17277,11051,14161,15066,14161,13060,6568,9586,12251,9196,1588,8004,8866,1394,18762,12541,20888,12228,2107,76,12877,1.0,18:13,2015,2016
2015-16,203521,Matthew Dellavedova,Matthew,1610612739,CLE,Cleveland Cavaliers,21500864,2016-02-26T00:00:00,CLE @ TOR,L,21.1,3.0,5.0,0.6,2.0,3.0,0.667,0.0,0.0,0.0,0.0,0.0,0.0,3.0,3.0,0.0,0.0,0.0,3.0,0.0,8.0,-1.0,9.5,0,0,13.0,1,13074,1,13074,14945,11544,16058,4873,2550,6890,1955,14161,15066,14161,13060,22257,23167,5322,1969,12313,8004,8866,3976,18762,12541,13184,19519,2107,76,16097,1.0,21:08,2015,2016
2015-16,2747,JR Smith,JR,1610612739,CLE,Cleveland Cavaliers,21500864,2016-02-26T00:00:00,CLE @ TOR,L,32.1,5.0,8.0,0.625,3.0,6.0,0.5,0.0,0.0,0.0,0.0,3.0,3.0,0.0,0.0,0.0,0.0,0.0,3.0,3.0,13.0,4.0,16.6,0,0,19.0,1,13074,1,13074,5781,6175,10529,4401,1083,1860,3313,14161,15066,14161,13060,9493,12520,18354,16943,12313,8004,8866,3976,4736,7214,8158,14125,2107,76,11453,1.0,32:08,2015,2016
2015-16,202389,Timofey Mozgov,Timofey,1610612739,CLE,Cleveland Cavaliers,21500864,2016-02-26T00:00:00,CLE @ TOR,L,9.3,2.0,3.0,0.667,0.0,0.0,0.0,0.0,0.0,0.0,1.0,1.0,2.0,0.0,0.0,0.0,0.0,0.0,1.0,1.0,4.0,-8.0,6.4,0,0,6.0,1,13074,1,13074,22703,14994,19997,2883,11051,17277,11051,14161,15066,14161,6390,17769,16063,18354,16943,12313,8004,8866,14690,12373,18063,20129,21589,2107,76,21429,1.0,9:19,2015,2016
2015-16,101112,Channing Frye,Channing,1610612739,CLE,Cleveland Cavaliers,21500864,2016-02-26T00:00:00,CLE @ TOR,L,12.2,1.0,4.0,0.25,1.0,2.0,0.5,0.0,0.0,0.0,1.0,2.0,3.0,0.0,0.0,1.0,0.0,0.0,3.0,0.0,3.0,1.0,9.6,0,0,9.0,1,13074,1,13074,21455,18695,18073,19755,5519,9677,3313,14161,15066,14161,6390,13353,12520,18354,16943,4706,8004,8866,3976,18762,19720,11010,19434,2107,76,19255,1.0,12:09,2015,2016
2015-16,2210,Richard Jefferson,Richard,1610612739,CLE,Cleveland Cavaliers,21500864,2016-02-26T00:00:00,CLE @ TOR,L,7.5,2.0,2.0,1.0,2.0,2.0,1.0,0.0,0.0,0.0,0.0,0.0,0.0,0.0,1.0,0.0,0.0,0.0,1.0,1.0,6.0,-12.0,5.0,0,0,8.0,1,13074,1,13074,23389,14994,21813,1,2550,9677,1,14161,15066,14161,13060,22257,23167,18354,9196,12313,8004,8866,14690,12373,15190,22671,22500,2107,76,20022,1.0,7:31,2015,2016
2015-16,202697,Iman Shumpert,Iman,1610612739,CLE,Cleveland Cavaliers,21500864,2016-02-26T00:00:00,CLE @ TOR,L,22.1,1.0,2.0,0.5,0.0,0.0,0.0,0.0,0.0,0.0,0.0,3.0,3.0,3.0,1.0,0.0,0.0,0.0,5.0,1.0,2.0,-12.0,9.1,0,0,8.0,1,13074,1,13074,14114,18695,21813,7886,11051,17277,11051,14161,15066,14161,13060,9493,12520,5322,9196,12313,8004,8866,253,12373,20822,22671,19789,2107,76,20022,1.0,22:05,2015,2016
2015-16,2544,LeBron James,LeBron,1610612739,CLE,Cleveland Cavaliers,21500864,2016-02-26T00:00:00,CLE @ TOR,L,40.5,9.0,18.0,0.5,2.0,4.0,0.5,5.0,9.0,0.556,1.0,7.0,8.0,7.0,6.0,1.0,0.0,0.0,2.0,6.0,25.0,10.0,42.1,0,0,44.0,1,13074,1,13074,607,1155,1283,7886,2550,4617,3313,1816,664,10714,6390,1973,2959,1118,146,4706,8004,8866,8439,873,1116,4134,1910,2107,76,1091,1.0,40:29,2015,2016
2015-16,202684,Tristan Thompson,Tristan,1610612739,CLE,Cleveland Cavaliers,21500864,2016-02-26T00:00:00,CLE @ TOR,L,28.9,3.0,6.0,0.5,0.0,0.0,0.0,0.0,0.0,0.0,3.0,7.0,10.0,2.0,1.0,0.0,0.0,0.0,3.0,1.0,6.0,7.0,20.0,0,0,18.0,1,13074,1,13074,8483,11544,14041,7886,11051,17277,11051,14161,15066,14161,1576,1973,1598,8082,9196,12313,8004,8866,3976,12373,15190,5888,11752,2107,76,12177,1.0,28:52,2015,2016
2015-16,201567,Kevin Love,Kevin,1610612739,CLE,Cleveland Cavaliers,21500864,2016-02-26T00:00:00,CLE @ TOR,L,35.1,5.0,15.0,0.333,2.0,5.0,0.4,8.0,10.0,0.8,3.0,6.0,9.0,5.0,0.0,1.0,0.0,0.0,3.0,8.0,20.0,3.0,41.3,0,0,38.0,1,13074,1,13074,3438,6175,2795,16528,2550,2959,6308,448,422,7601,1576,3007,2216,2408,16943,4706,8004,8866,3976,254,2594,9063,2074,2107,76,2174,1.0,35:08,2015,2016
2015-16,202681,Kyrie Irving,Kyrie,1610612739,CLE,Cleveland Cavaliers,21500864,2016-02-26T00:00:00,CLE @ TOR,L,31.2,4.0,11.0,0.364,0.0,2.0,0.0,2.0,2.0,1.0,1.0,0.0,1.0,1.0,2.0,1.0,0.0,0.0,2.0,2.0,10.0,-2.0,13.7,0,0,14.0,1,13074,1,13074,6565,8539,6284,16042,11051,9677,11051,6499,8140,1,6390,22257,19693,12251,4412,4706,8004,8866,8439,7786,10151,14281,16393,2107,76,15285,1.0,31:11,2015,2016
2015-16,2592,James Jones,James,1610612739,CLE,Cleveland Cavaliers,21500845,2016-02-24T00:00:00,CLE vs. CHA,W,1.8,0.0,1.0,0.0,0.0,1.0,0.0,0.0,0.0,0.0,0.0,0.0,0.0,0.0,0.0,0.0,0.0,0.0,0.0,0.0,0.0,-5.0,0.0,0,0,0.0,1,1,13006,1,25577,22516,23432,22516,11051,13174,11051,14161,15066,14161,13060,22257,23167,18354,16943,12313,8004,8866,21108,18762,23226,17477,25170,2107,76,25215,1.0,1:49,2015,2016
2015-16,2590,Mo Williams,Mo,1610612739,CLE,Cleveland Cavaliers,21500845,2016-02-24T00:00:00,CLE vs. CHA,W,4.0,0.0,2.0,0.0,0.0,2.0,0.0,0.0,0.0,0.0,1.0,0.0,1.0,0.0,0.0,0.0,0.0,0.0,1.0,0.0,0.0,-9.0,1.2,0,0,1.0,1,1,13006,1,24705,22516,21813,22516,11051,9677,11051,14161,15066,14161,6390,22257,19693,18354,16943,12313,8004,8866,14690,18762,23226,20888,24661,2107,76,24654,1.0,4:00,2015,2016
2015-16,2210,Richard Jefferson,Richard,1610612739,CLE,Cleveland Cavaliers,21500845,2016-02-24T00:00:00,CLE vs. CHA,W,19.8,3.0,5.0,0.6,1.0,1.0,1.0,0.0,0.0,0.0,0.0,0.0,0.0,0.0,0.0,0.0,0.0,0.0,1.0,1.0,7.0,0.0,7.0,0,0,8.0,1,1,13006,1,16099,11544,16058,4873,5519,13174,1,14161,15066,14161,13060,22257,23167,18354,16943,12313,8004,8866,14690,12373,14029,12042,21188,2107,76,20022,1.0,19:46,2015,2016
2015-16,202681,Kyrie Irving,Kyrie,1610612739,CLE,Cleveland Cavaliers,21500845,2016-02-24T00:00:00,CLE vs. CHA,W,32.2,10.0,17.0,0.588,1.0,4.0,0.25,2.0,4.0,0.5,3.0,3.0,6.0,5.0,1.0,1.0,1.0,1.0,2.0,4.0,23.0,15.0,42.7,0,0,39.0,1,1,13006,1,5762,704,1681,5799,5519,4617,9116,6499,4140,10753,1576,9493,5415,2408,9196,4706,2692,2492,8439,2748,1593,2059,1800,2107,76,1944,1.0,32:09,2015,2016
2015-16,2747,JR Smith,JR,1610612739,CLE,Cleveland Cavaliers,21500845,2016-02-24T00:00:00,CLE vs. CHA,W,34.0,6.0,11.0,0.545,2.0,3.0,0.667,2.0,2.0,1.0,0.0,5.0,5.0,2.0,0.0,3.0,0.0,0.0,1.0,3.0,16.0,12.0,34.0,0,0,31.0,1,1,13006,1,4319,4268,6284,7132,2550,6890,1955,6499,8140,1,13060,4465,7203,8082,16943,501,8004,8866,14690,4736,4835,3172,4162,2107,76,4495,1.0,34:02,2015,2016
2015-16,201567,Kevin Love,Kevin,1610612739,CLE,Cleveland Cavaliers,21500845,2016-02-24T00:00:00,CLE vs. CHA,W,26.0,4.0,11.0,0.364,0.0,3.0,0.0,0.0,0.0,0.0,0.0,2.0,2.0,2.0,2.0,2.0,0.0,1.0,3.0,1.0,8.0,12.0,17.4,0,0,16.0,1,1,13006,1,10849,8539,6284,16042,11051,6890,11051,14161,15066,14161,13060,13353,16063,8082,4412,1588,8004,2492,3976,12373,12541,3172,13595,2107,76,13654,1.0,25:60,2015,2016
2015-16,101112,Channing Frye,Channing,1610612739,CLE,Cleveland Cavaliers,21500845,2016-02-24T00:00:00,CLE vs. CHA,W,17.6,5.0,9.0,0.556,4.0,8.0,0.5,1.0,2.0,0.5,0.0,6.0,6.0,1.0,0.0,1.0,0.0,0.0,2.0,1.0,15.0,2.0,26.7,0,0,28.0,1,1,13006,1,17834,6175,8964,6726,439,705,3313,10755,8140,10753,13060,3007,5415,12251,16943,4706,8004,8866,8439,12373,5598,10013,7525,2107,76,5884,1.0,17:35,2015,2016
2015-16,203521,Matthew Dellavedova,Matthew,1610612739,CLE,Cleveland Cavaliers,21500845,2016-02-24T00:00:00,CLE vs. CHA,W,26.3,3.0,8.0,0.375,3.0,6.0,0.5,1.0,1.0,1.0,0.0,1.0,1.0,7.0,2.0,1.0,0.0,0.0,1.0,3.0,10.0,13.0,22.7,0,0,23.0,1,1,13006,1,10568,11544,10529,15466,1083,1860,3313,10755,13680,1,13060,17769,19693,1118,4412,4706,8004,8866,14690,4736,10151,2784,9938,2107,76,8747,1.0,26:20,2015,2016
2015-16,202389,Timofey Mozgov,Timofey,1610612739,CLE,Cleveland Cavaliers,21500845,2016-02-24T00:00:00,CLE vs. CHA,W,24.6,3.0,8.0,0.375,0.0,0.0,0.0,0.0,0.0,0.0,3.0,6.0,9.0,0.0,1.0,1.0,0.0,0.0,6.0,1.0,6.0,14.0,18.8,0,0,17.0,1,1,13006,1,12029,11544,10529,15466,11051,17277,11051,14161,15066,14161,1576,3007,2216,18354,9196,4706,8004,8866,1,12373,15190,2411,12588,2107,76,12877,1.0,24:36,2015,2016
2015-16,201619,Sasha Kaun,Sasha,1610612739,CLE,Cleveland Cavaliers,21500845,2016-02-24T00:00:00,CLE vs. CHA,W,0.2,0.0,0.0,0.0,0.0,0.0,0.0,0.0,0.0,0.0,0.0,0.0,0.0,0.0,0.0,0.0,0.0,0.0,0.0,0.0,0.0,0.0,0.0,0,0,0.0,1,1,13006,1,26025,22516,24912,22516,11051,17277,11051,14161,15066,14161,13060,22257,23167,18354,16943,12313,8004,8866,21108,18762,23226,12042,25170,2107,76,25215,1.0,0:10,2015,2016
2015-16,202684,Tristan Thompson,Tristan,1610612739,CLE,Cleveland Cavaliers,21500845,2016-02-24T00:00:00,CLE vs. CHA,W,23.2,3.0,6.0,0.5,0.0,0.0,0.0,0.0,0.0,0.0,4.0,6.0,10.0,2.0,1.0,0.0,0.0,0.0,2.0,0.0,6.0,-3.0,20.0,0,0,18.0,1,1,13006,1,13158,11544,14041,7886,11051,17277,11051,14161,15066,14161,779,3007,1598,8082,9196,12313,8004,8866,8439,18762,15190,15372,11752,2107,76,12177,1.0,23:15,2015,2016
2015-16,2544,LeBron James,LeBron,1610612739,CLE,Cleveland Cavaliers,21500845,2016-02-24T00:00:00,CLE vs. CHA,W,30.3,8.0,13.0,0.615,2.0,4.0,0.5,5.0,8.0,0.625,1.0,6.0,7.0,7.0,2.0,2.0,0.0,0.0,1.0,6.0,23.0,4.0,45.9,0,0,43.0,1,1,13006,1,7249,1806,4281,4722,2550,4617,3313,1816,922,10341,6390,3007,3953,1118,4412,1588,8004,8866,14690,873,1593,8158,1224,2107,76,1208,1.0,30:19,2015,2016
2015-16,202681,Kyrie Irving,Kyrie,1610612739,CLE,Cleveland Cavaliers,21500833,2016-02-22T00:00:00,CLE vs. DET,L,37.7,11.0,21.0,0.524,3.0,7.0,0.429,5.0,6.0,0.833,0.0,1.0,1.0,5.0,2.0,2.0,0.0,1.0,5.0,4.0,30.0,-8.0,42.7,0,0,43.0,1,13074,1,13074,1653,393,510,7823,1083,1138,6081,1816,2017,7124,13060,17769,19693,2408,4412,1588,8004,2492,253,2748,418,20129,1800,2107,76,1208,1.0,37:43,2015,2016
2015-16,2210,Richard Jefferson,Richard,1610612739,CLE,Cleveland Cavaliers,21500833,2016-02-22T00:00:00,CLE vs. DET,L,15.1,1.0,2.0,0.5,0.0,1.0,0.0,0.0,0.0,0.0,0.0,2.0,2.0,2.0,0.0,1.0,0.0,0.0,1.0,2.0,2.0,5.0,10.4,0,0,8.0,1,13074,1,13074,19678,18695,21813,7886,11051,13174,11051,14161,15066,14161,13060,13353,16063,8082,16943,4706,8004,8866,14690,7786,20822,7354,18859,2107,76,20022,1.0,15:08,2015,2016
2015-16,203521,Matthew Dellavedova,Matthew,1610612739,CLE,Cleveland Cavaliers,21500833,2016-02-22T00:00:00,CLE vs. DET,L,29.3,3.0,8.0,0.375,1.0,2.0,0.5,0.0,0.0,0.0,0.0,1.0,1.0,3.0,2.0,2.0,0.0,0.0,5.0,0.0,7.0,2.0,16.7,0,0,16.0,1,13074,1,13074,8096,11544,10529,15466,5519,9677,3313,14161,15066,14161,13060,17769,19693,5322,4412,1588,8004,8866,253,18762,14029,10013,14064,2107,76,13654,1.0,29:21,2015,2016
2015-16,202684,Tristan Thompson,Tristan,1610612739,CLE,Cleveland Cavaliers,21500833,2016-02-22T00:00:00,CLE vs. DET,L,21.2,0.0,2.0,0.0,0.0,0.0,0.0,0.0,0.0,0.0,2.0,4.0,6.0,0.0,1.0,0.0,1.0,0.0,1.0,0.0,0.0,-22.0,9.2,0,0,8.0,1,13074,1,13074,14862,22516,21813,22516,11051,17277,11051,14161,15066,14161,3138,6568,5415,18354,9196,12313,2692,8866,14690,18762,23226,25502,19680,2107,76,20022,1.0,21:13,2015,2016
2015-16,2747,JR Smith,JR,1610612739,CLE,Cleveland Cavaliers,21500833,2016-02-22T00:00:00,CLE vs. DET,L,36.2,3.0,7.0,0.429,1.0,3.0,0.333,0.0,0.0,0.0,1.0,3.0,4.0,0.0,2.0,0.0,0.0,1.0,2.0,0.0,7.0,-14.0,9.8,0,0,12.0,1,13074,1,13074,2604,11544,12208,12903,5519,6890,7128,14161,15066,14161,6390,9493,9586,18354,4412,12313,8004,2492,8439,18762,14029,23559,19331,2107,76,16886,1.0,36:13,2015,2016
2015-16,201619,Sasha Kaun,Sasha,1610612739,CLE,Cleveland Cavaliers,21500833,2016-02-22T00:00:00,CLE vs. DET,L,0.5,0.0,0.0,0.0,0.0,0.0,0.0,0.0,0.0,0.0,0.0,0.0,0.0,0.0,0.0,0.0,0.0,0.0,0.0,0.0,0.0,2.0,0.0,0,0,0.0,1,13074,1,13074,25984,22516,24912,22516,11051,17277,11051,14161,15066,14161,13060,22257,23167,18354,16943,12313,8004,8866,21108,18762,23226,10013,25170,2107,76,25215,1.0,0:28,2015,2016
2015-16,101112,Channing Frye,Channing,1610612739,CLE,Cleveland Cavaliers,21500833,2016-02-22T00:00:00,CLE vs. DET,L,9.1,1.0,3.0,0.333,0.0,2.0,0.0,0.0,0.0,0.0,0.0,4.0,4.0,1.0,1.0,0.0,0.0,0.0,2.0,1.0,2.0,-1.0,7.3,0,0,7.0,1,13074,1,13074,22786,18695,19997,16528,11051,9677,11051,14161,15066,14161,13060,6568,9586,12251,9196,12313,8004,8866,8439,12373,20822,13184,21024,2107,76,20722,1.0,9:09,2015,2016
2015-16,2544,LeBron James,LeBron,1610612739,CLE,Cleveland Cavaliers,21500833,2016-02-22T00:00:00,CLE vs. DET,L,37.5,5.0,18.0,0.278,0.0,4.0,0.0,2.0,2.0,1.0,1.0,7.0,8.0,5.0,6.0,3.0,0.0,1.0,2.0,3.0,12.0,-4.0,32.1,0,0,31.0,1,13074,1,13074,1762,6175,1283,19506,11051,4617,11051,6499,8140,1,6390,1973,2959,2408,146,501,8004,2492,8439,4736,8086,16419,4889,2107,76,4495,1.0,37:30,2015,2016
2015-16,201567,Kevin Love,Kevin,1610612739,CLE,Cleveland Cavaliers,21500833,2016-02-22T00:00:00,CLE vs. DET,L,35.5,8.0,15.0,0.533,3.0,7.0,0.429,5.0,5.0,1.0,0.0,7.0,7.0,3.0,2.0,0.0,0.0,0.0,2.0,4.0,24.0,-11.0,34.9,0,0,37.0,1,13074,1,13074,3107,1806,2795,7579,1083,1138,6081,1816,3208,1,13060,1973,3953,5322,4412,12313,8004,8866,8439,2748,1331,22146,3845,2107,76,2442,1.0,35:33,2015,2016
2015-16,202389,Timofey Mozgov,Timofey,1610612739,CLE,Cleveland Cavaliers,21500833,2016-02-22T00:00:00,CLE vs. DET,L,17.8,2.0,3.0,0.667,0.0,0.0,0.0,0.0,0.0,0.0,1.0,6.0,7.0,0.0,1.0,0.0,1.0,0.0,1.0,1.0,4.0,11.0,14.4,0,0,13.0,1,13074,1,13074,17713,14994,19997,2883,11051,17277,11051,14161,15066,14161,6390,3007,3953,18354,9196,12313,2692,8866,14690,12373,18063,3629,15857,2107,76,16097,1.0,17:46,2015,2016
2015-16,2592,James Jones,James,1610612739,CLE,Cleveland Cavaliers,21500824,2016-02-21T00:00:00,CLE @ OKC,W,5.8,1.0,2.0,0.5,0.0,0.0,0.0,0.0,0.0,0.0,0.0,1.0,1.0,0.0,0.0,0.0,0.0,0.0,0.0,0.0,2.0,7.0,3.2,0,0,3.0,1,1,13006,1,24074,18695,21813,7886,11051,17277,11051,14161,15066,14161,13060,17769,19693,18354,16943,12313,8004,8866,21108,18762,20822,5888,23473,2107,76,23463,1.0,5:46,2015,2016
2015-16,202389,Timofey Mozgov,Timofey,1610612739,CLE,Cleveland Cavaliers,21500824,2016-02-21T00:00:00,CLE @ OKC,W,17.6,5.0,7.0,0.714,0.0,0.0,0.0,1.0,2.0,0.5,2.0,3.0,5.0,0.0,3.0,0.0,0.0,1.0,5.0,2.0,11.0,4.0,14.0,0,0,16.0,1,1,13006,1,17816,6175,12208,2409,11051,17277,11051,10755,8140,10753,3138,9493,7203,18354,1969,12313,8004,2492,253,7786,9124,8158,16166,2107,76,13654,1.0,17:37,2015,2016
2015-16,2210,Richard Jefferson,Richard,1610612739,CLE,Cleveland Cavaliers,21500824,2016-02-21T00:00:00,CLE @ OKC,W,25.5,4.0,5.0,0.8,3.0,4.0,0.75,4.0,4.0,1.0,0.0,6.0,6.0,0.0,0.0,1.0,0.0,0.0,3.0,4.0,15.0,16.0,25.2,0,0,26.0,1,1,13006,1,11317,8539,16058,1401,1083,4617,1633,2791,4140,1,13060,3007,5415,18354,16943,4706,8004,8866,3976,2748,5598,1731,8383,2107,76,6962,1.0,25:28,2015,2016
2015-16,2544,LeBron James,LeBron,1610612739,CLE,Cleveland Cavaliers,21500824,2016-02-21T00:00:00,CLE @ OKC,W,37.5,11.0,22.0,0.5,2.0,5.0,0.4,1.0,1.0,1.0,3.0,4.0,7.0,11.0,5.0,3.0,0.0,0.0,3.0,1.0,25.0,22.0,53.9,1,0,51.0,1,1,13006,1,1762,393,346,7886,2550,2959,6308,10755,13680,1,1576,6568,3953,211,351,501,8004,8866,3976,12373,1116,609,459,1,76,407,1.0,37:30,2015,2016
2015-16,201567,Kevin Love,Kevin,1610612739,CLE,Cleveland Cavaliers,21500824,2016-02-21T00:00:00,CLE @ OKC,W,37.7,9.0,18.0,0.5,0.0,4.0,0.0,11.0,12.0,0.917,3.0,8.0,11.0,4.0,0.0,0.0,0.0,2.0,0.0,9.0,29.0,24.0,48.2,1,0,44.0,1,1,13006,1,1673,1155,1283,7886,11051,4617,11051,107,201,6529,1576,1264,1106,3513,16943,12313,8004,639,21108,138,517,395,941,1,76,1091,1.0,37:39,2015,2016
2015-16,203521,Matthew Dellavedova,Matthew,1610612739,CLE,Cleveland Cavaliers,21500824,2016-02-21T00:00:00,CLE @ OKC,W,29.1,1.0,3.0,0.333,0.0,1.0,0.0,0.0,0.0,0.0,0.0,1.0,1.0,7.0,3.0,0.0,0.0,0.0,2.0,2.0,2.0,10.0,10.7,0,0,10.0,1,1,13006,1,8291,18695,19997,16528,11051,13174,11051,14161,15066,14161,13060,17769,19693,1118,1969,12313,8004,8866,8439,7786,20822,4134,18636,2107,76,18488,1.0,29:07,2015,2016
2015-16,202681,Kyrie Irving,Kyrie,1610612739,CLE,Cleveland Cavaliers,21500824,2016-02-21T00:00:00,CLE @ OKC,W,9.3,1.0,5.0,0.2,0.0,1.0,0.0,0.0,0.0,0.0,0.0,1.0,1.0,1.0,0.0,0.0,0.0,1.0,1.0,0.0,2.0,-3.0,4.7,0,0,4.0,1,1,13006,1,22728,18695,16058,21086,11051,13174,11051,14161,15066,14161,13060,17769,19693,12251,16943,12313,8004,2492,14690,18762,20822,15372,22672,2107,76,22829,1.0,9:16,2015,2016
2015-16,201619,Sasha Kaun,Sasha,1610612739,CLE,Cleveland Cavaliers,21500824,2016-02-21T00:00:00,CLE @ OKC,W,2.7,0.0,0.0,0.0,0.0,0.0,0.0,0.0,0.0,0.0,0.0,0.0,0.0,0.0,0.0,0.0,0.0,0.0,2.0,0.0,0.0,2.0,0.0,0,0,0.0,1,1,13006,1,25266,22516,24912,22516,11051,17277,11051,14161,15066,14161,13060,22257,23167,18354,16943,12313,8004,8866,8439,18762,23226,10013,25170,2107,76,25215,1.0,2:39,2015,2016
2015-16,202684,Tristan Thompson,Tristan,1610612739,CLE,Cleveland Cavaliers,21500824,2016-02-21T00:00:00,CLE @ OKC,W,36.0,4.0,6.0,0.667,0.0,0.0,0.0,6.0,8.0,0.75,5.0,9.0,14.0,1.0,0.0,0.0,1.0,2.0,2.0,5.0,14.0,19.0,35.3,1,0,31.0,1,1,13006,1,2796,8539,14041,2883,11051,17277,11051,1100,922,8103,377,786,317,12251,16943,12313,2692,639,8439,1539,6324,1041,3719,1,76,4495,1.0,35:57,2015,2016
2015-16,2747,JR Smith,JR,1610612739,CLE,Cleveland Cavaliers,21500824,2016-02-21T00:00:00,CLE @ OKC,W,39.0,5.0,12.0,0.417,5.0,8.0,0.625,0.0,0.0,0.0,0.0,3.0,3.0,1.0,1.0,0.0,0.0,1.0,3.0,0.0,15.0,14.0,19.1,0,0,24.0,1,1,13006,1,1056,6175,5215,13673,179,705,2699,14161,15066,14161,13060,9493,12520,12251,9196,12313,8004,2492,3976,18762,5598,2411,12372,2107,76,8132,1.0,39:02,2015,2016
2015-16,201567,Kevin Love,Kevin,1610612739,CLE,Cleveland Cavaliers,21500803,2016-02-18T00:00:00,CLE vs. CHI,W,29.5,5.0,10.0,0.5,2.0,6.0,0.333,3.0,4.0,0.75,1.0,13.0,14.0,2.0,0.0,0.0,1.0,0.0,2.0,3.0,15.0,15.0,37.8,1,0,35.0,1,1,13006,1,7971,6175,7514,7886,2550,1860,7128,4469,4140,8103,6390,82,317,8082,16943,12313,2692,8866,8439,4736,5598,2059,2956,1,76,3029,1.0,29:31,2015,2016
2015-16,2544,LeBron James,LeBron,1610612739,CLE,Cleveland Cavaliers,21500803,2016-02-18T00:00:00,CLE vs. CHI,W,34.6,11.0,19.0,0.579,0.0,2.0,0.0,3.0,3.0,1.0,2.0,7.0,9.0,9.0,2.0,0.0,1.0,0.0,3.0,6.0,25.0,13.0,50.3,0,0,45.0,1,1,13006,1,3855,393,964,6039,11051,9677,11051,4469,6741,1,3138,1973,2216,508,4412,12313,2692,8866,3976,873,1116,2784,722,2107,76,941,1.0,34:37,2015,2016
2015-16,201619,Sasha Kaun,Sasha,1610612739,CLE,Cleveland Cavaliers,21500803,2016-02-18T00:00:00,CLE vs. CHI,W,2.6,0.0,0.0,0.0,0.0,0.0,0.0,0.0,0.0,0.0,0.0,0.0,0.0,0.0,0.0,0.0,0.0,0.0,1.0,0.0,0.0,-7.0,0.0,0,0,0.0,1,1,13006,1,25290,22516,24912,22516,11051,17277,11051,14161,15066,14161,13060,22257,23167,18354,16943,12313,8004,8866,14690,18762,23226,19310,25170,2107,76,25215,1.0,2:35,2015,2016
2015-16,202389,Timofey Mozgov,Timofey,1610612739,CLE,Cleveland Cavaliers,21500803,2016-02-18T00:00:00,CLE vs. CHI,W,25.8,5.0,8.0,0.625,0.0,0.0,0.0,1.0,1.0,1.0,4.0,3.0,7.0,0.0,0.0,0.0,4.0,0.0,2.0,2.0,11.0,-3.0,31.4,0,0,26.0,1,1,13006,1,10979,6175,10529,4401,11051,17277,11051,10755,13680,1,779,9493,3953,18354,16943,12313,132,8866,8439,7786,9124,15372,5218,2107,76,6962,1.0,25:50,2015,2016
2015-16,2747,JR Smith,JR,1610612739,CLE,Cleveland Cavaliers,21500803,2016-02-18T00:00:00,CLE vs. CHI,W,28.9,1.0,9.0,0.111,1.0,5.0,0.2,0.0,0.0,0.0,0.0,2.0,2.0,4.0,1.0,0.0,0.0,1.0,1.0,1.0,3.0,10.0,10.4,0,0,10.0,1,1,13006,1,8483,18695,8964,22408,5519,2959,10165,14161,15066,14161,13060,13353,16063,3513,9196,12313,8004,2492,14690,12373,19720,4134,18859,2107,76,18488,1.0,28:52,2015,2016
2015-16,203521,Matthew Dellavedova,Matthew,1610612739,CLE,Cleveland Cavaliers,21500803,2016-02-18T00:00:00,CLE vs. CHI,W,16.6,2.0,7.0,0.286,1.0,3.0,0.333,2.0,2.0,1.0,1.0,0.0,1.0,1.0,2.0,0.0,0.0,0.0,2.0,1.0,7.0,-2.0,7.7,0,0,10.0,1,1,13006,1,18605,14994,12208,19020,5519,6890,7128,6499,8140,1,6390,22257,19693,12251,4412,12313,8004,8866,8439,12373,14029,14281,20733,2107,76,18488,1.0,16:34,2015,2016
2015-16,202684,Tristan Thompson,Tristan,1610612739,CLE,Cleveland Cavaliers,21500803,2016-02-18T00:00:00,CLE vs. CHI,W,30.8,8.0,10.0,0.8,0.0,0.0,0.0,0.0,1.0,0.0,1.0,9.0,10.0,0.0,0.0,3.0,2.0,1.0,3.0,3.0,16.0,14.0,43.0,1,0,36.0,1,1,13006,1,6902,1806,7514,1401,11051,17277,11051,14161,13680,14161,6390,786,1598,18354,16943,501,932,2492,3976,4736,4835,2411,1733,1,76,2745,1.0,30:48,2015,2016
2015-16,202697,Iman Shumpert,Iman,1610612739,CLE,Cleveland Cavaliers,21500803,2016-02-18T00:00:00,CLE vs. CHI,W,25.6,2.0,6.0,0.333,1.0,2.0,0.5,0.0,0.0,0.0,1.0,6.0,7.0,1.0,2.0,2.0,0.0,2.0,3.0,0.0,5.0,3.0,18.9,0,0,18.0,1,1,13006,1,11251,14994,14041,16528,5519,9677,3313,14161,15066,14161,6390,3007,3953,12251,4412,1588,8004,639,3976,18762,16838,9063,12513,2107,76,12177,1.0,25:33,2015,2016
2015-16,2210,Richard Jefferson,Richard,1610612739,CLE,Cleveland Cavaliers,21500803,2016-02-18T00:00:00,CLE vs. CHI,W,14.2,2.0,4.0,0.5,1.0,3.0,0.333,0.0,0.0,0.0,0.0,1.0,1.0,0.0,1.0,1.0,0.0,0.0,2.0,0.0,5.0,-1.0,8.2,0,0,9.0,1,1,13006,1,20259,14994,18073,7886,5519,6890,7128,14161,15066,14161,13060,17769,19693,18354,9196,4706,8004,8866,8439,18762,16838,13184,20416,2107,76,19255,1.0,14:14,2015,2016
2015-16,202681,Kyrie Irving,Kyrie,1610612739,CLE,Cleveland Cavaliers,21500803,2016-02-18T00:00:00,CLE vs. CHI,W,31.4,6.0,18.0,0.333,1.0,3.0,0.333,6.0,6.0,1.0,1.0,0.0,1.0,4.0,2.0,2.0,0.0,0.0,3.0,3.0,19.0,13.0,30.2,0,0,29.0,1,1,13006,1,6365,4268,1283,16528,5519,6890,7128,1100,2017,1,6390,22257,19693,3513,4412,1588,8004,8866,3976,4736,3065,2784,5751,2107,76,5404,1.0,31:26,2015,2016
2015-16,202389,Timofey Mozgov,Timofey,1610612739,CLE,Cleveland Cavaliers,21500795,2016-02-10T00:00:00,CLE vs. LAL,W,18.7,3.0,3.0,1.0,0.0,0.0,0.0,0.0,2.0,0.0,1.0,4.0,5.0,0.0,0.0,1.0,0.0,0.0,1.0,4.0,6.0,-11.0,15.0,0,0,13.0,1,1,13006,1,16946,11544,19997,1,11051,17277,11051,14161,8140,14161,6390,6568,7203,18354,16943,4706,8004,8866,14690,2748,15190,22146,15404,2107,76,16097,1.0,18:42,2015,2016
2015-16,201567,Kevin Love,Kevin,1610612739,CLE,Cleveland Cavaliers,21500795,2016-02-10T00:00:00,CLE vs. LAL,W,19.7,2.0,9.0,0.222,2.0,5.0,0.4,2.0,2.0,1.0,0.0,6.0,6.0,3.0,0.0,1.0,0.0,1.0,2.0,1.0,8.0,16.0,22.7,0,0,21.0,1,1,13006,1,16187,14994,8964,20877,2550,2959,6308,6499,8140,1,13060,3007,5415,5322,16943,4706,8004,2492,8439,12373,12541,1731,9938,2107,76,10048,1.0,19:40,2015,2016
2015-16,2210,Richard Jefferson,Richard,1610612739,CLE,Cleveland Cavaliers,21500795,2016-02-10T00:00:00,CLE vs. LAL,W,15.4,2.0,3.0,0.667,2.0,3.0,0.667,0.0,0.0,0.0,0.0,1.0,1.0,0.0,0.0,0.0,0.0,0.0,0.0,0.0,6.0,-5.0,7.2,0,0,9.0,1,1,13006,1,19485,14994,19997,2883,2550,6890,1955,14161,15066,14161,13060,17769,19693,18354,16943,12313,8004,8866,21108,18762,15190,17477,21035,2107,76,19255,1.0,15:23,2015,2016
2015-16,202684,Tristan Thompson,Tristan,1610612739,CLE,Cleveland Cavaliers,21500795,2016-02-10T00:00:00,CLE vs. LAL,W,34.4,6.0,6.0,1.0,0.0,0.0,0.0,3.0,3.0,1.0,7.0,6.0,13.0,4.0,0.0,0.0,1.0,0.0,2.0,4.0,15.0,18.0,39.6,1,0,34.0,1,1,13006,1,4028,4268,14041,1,11051,17277,11051,4469,6741,1,75,3007,485,3513,16943,12313,2692,8866,8439,2748,5598,1238,2474,1,76,3364,1.0,34:24,2015,2016
2015-16,202681,Kyrie Irving,Kyrie,1610612739,CLE,Cleveland Cavaliers,21500795,2016-02-10T00:00:00,CLE vs. LAL,W,35.8,15.0,24.0,0.625,3.0,6.0,0.5,2.0,4.0,0.5,1.0,2.0,3.0,7.0,1.0,2.0,0.0,1.0,5.0,5.0,35.0,7.0,54.1,0,0,52.0,1,1,13006,1,2868,25,190,4401,1083,1860,3313,6499,4140,10753,6390,13353,12520,1118,9196,1588,8004,2492,253,1539,148,5888,447,2107,76,341,1.0,35:50,2015,2016
2015-16,2544,LeBron James,LeBron,1610612739,CLE,Cleveland Cavaliers,21500795,2016-02-10T00:00:00,CLE vs. LAL,W,36.7,12.0,22.0,0.545,3.0,6.0,0.5,2.0,5.0,0.4,1.0,6.0,7.0,11.0,1.0,1.0,0.0,0.0,1.0,4.0,29.0,16.0,55.9,1,0,52.0,1,1,13006,1,2308,217,346,7132,1083,1860,3313,6499,3208,13568,6390,3007,3953,211,9196,4706,8004,8866,14690,2748,517,1731,360,1,76,341,1.0,36:40,2015,2016
2015-16,2590,Mo Williams,Mo,1610612739,CLE,Cleveland Cavaliers,21500795,2016-02-10T00:00:00,CLE vs. LAL,W,8.9,0.0,4.0,0.0,0.0,2.0,0.0,0.0,0.0,0.0,0.0,0.0,0.0,0.0,0.0,0.0,0.0,1.0,0.0,0.0,0.0,1.0,0.0,0,0,0.0,1,1,13006,1,22870,22516,18073,22516,11051,9677,11051,14161,15066,14161,13060,22257,23167,18354,16943,12313,8004,2492,21108,18762,23226,11010,25170,2107,76,25215,1.0,8:55,2015,2016
2015-16,203099,Jared Cunningham,Jared,1610612739,CLE,Cleveland Cavaliers,21500795,2016-02-10T00:00:00,CLE vs. LAL,W,0.6,0.0,0.0,0.0,0.0,0.0,0.0,0.0,0.0,0.0,0.0,0.0,0.0,0.0,0.0,0.0,0.0,0.0,0.0,0.0,0.0,-2.0,0.0,0,0,0.0,1,1,13006,1,25951,22516,24912,22516,11051,17277,11051,14161,15066,14161,13060,22257,23167,18354,16943,12313,8004,8866,21108,18762,23226,14281,25170,2107,76,25215,1.0,0:37,2015,2016
2015-16,202697,Iman Shumpert,Iman,1610612739,CLE,Cleveland Cavaliers,21500795,2016-02-10T00:00:00,CLE vs. LAL,W,18.5,2.0,6.0,0.333,0.0,2.0,0.0,0.0,0.0,0.0,0.0,4.0,4.0,0.0,2.0,1.0,0.0,0.0,4.0,0.0,4.0,-4.0,9.8,0,0,10.0,1,1,13006,1,17124,14994,14041,16528,11051,9677,11051,14161,15066,14161,13060,6568,9586,18354,4412,4706,8004,8866,1394,18762,18063,16419,19331,2107,76,18488,1.0,18:27,2015,2016
2015-16,2760,Anderson Varejao,Anderson,1610612739,CLE,Cleveland Cavaliers,21500795,2016-02-10T00:00:00,CLE vs. LAL,W,18.6,3.0,8.0,0.375,0.0,0.0,0.0,2.0,2.0,1.0,3.0,3.0,6.0,0.0,2.0,0.0,0.0,0.0,4.0,1.0,8.0,-5.0,13.2,0,0,14.0,1,1,13006,1,17038,11544,10529,15466,11051,17277,11051,6499,8140,1,1576,9493,5415,18354,4412,12313,8004,8866,1394,12373,12541,17477,16768,2107,76,15285,1.0,18:35,2015,2016
2015-16,2747,JR Smith,JR,1610612739,CLE,Cleveland Cavaliers,21500795,2016-02-10T00:00:00,CLE vs. LAL,W,32.8,3.0,9.0,0.333,3.0,7.0,0.429,0.0,0.0,0.0,0.0,1.0,1.0,1.0,0.0,0.0,0.0,0.0,1.0,0.0,9.0,14.0,11.7,0,0,14.0,1,1,13006,1,5273,11544,8964,16528,1083,1138,6081,14161,15066,14161,13060,17769,19693,12251,16943,12313,8004,8866,14690,18762,11389,2411,17903,2107,76,15285,1.0,32:48,2015,2016
2015-16,203099,Jared Cunningham,Jared,1610612739,CLE,Cleveland Cavaliers,21500775,2016-02-08T00:00:00,CLE vs. SAC,W,3.0,0.0,1.0,0.0,0.0,1.0,0.0,0.0,0.0,0.0,0.0,0.0,0.0,0.0,2.0,1.0,0.0,0.0,0.0,1.0,0.0,-4.0,1.0,0,0,2.0,1,1,13006,1,25110,22516,23432,22516,11051,13174,11051,14161,15066,14161,13060,22257,23167,18354,4412,4706,8004,8866,21108,12373,23226,16419,24960,2107,76,23978,1.0,3:02,2015,2016
2015-16,201619,Sasha Kaun,Sasha,1610612739,CLE,Cleveland Cavaliers,21500775,2016-02-08T00:00:00,CLE vs. SAC,W,3.0,0.0,0.0,0.0,0.0,0.0,0.0,1.0,2.0,0.5,0.0,1.0,1.0,0.0,0.0,0.0,0.0,0.0,1.0,1.0,1.0,-4.0,2.2,0,0,2.0,1,1,13006,1,25110,22516,24912,22516,11051,17277,11051,10755,8140,10753,13060,17769,19693,18354,16943,12313,8004,8866,14690,12373,22968,16419,24138,2107,76,23978,1.0,3:02,2015,2016
2015-16,2760,Anderson Varejao,Anderson,1610612739,CLE,Cleveland Cavaliers,21500775,2016-02-08T00:00:00,CLE vs. SAC,W,8.8,1.0,2.0,0.5,0.0,0.0,0.0,1.0,2.0,0.5,1.0,1.0,2.0,0.0,0.0,1.0,0.0,0.0,1.0,1.0,3.0,5.0,8.4,0,0,7.0,1,1,13006,1,22911,18695,21813,7886,11051,17277,11051,10755,8140,10753,6390,17769,16063,18354,16943,4706,8004,8866,14690,12373,19720,7354,20273,2107,76,20722,1.0,8:49,2015,2016
2015-16,2590,Mo Williams,Mo,1610612739,CLE,Cleveland Cavaliers,21500775,2016-02-08T00:00:00,CLE vs. SAC,W,16.3,3.0,7.0,0.429,0.0,1.0,0.0,2.0,2.0,1.0,0.0,0.0,0.0,0.0,0.0,0.0,0.0,1.0,2.0,1.0,8.0,-1.0,8.0,0,0,8.0,1,1,13006,1,18804,11544,12208,12903,11051,13174,11051,6499,8140,1,13060,22257,23167,18354,16943,12313,8004,2492,8439,12373,12541,13184,20564,2107,76,20022,1.0,16:19,2015,2016
2015-16,202684,Tristan Thompson,Tristan,1610612739,CLE,Cleveland Cavaliers,21500775,2016-02-08T00:00:00,CLE vs. SAC,W,21.6,1.0,2.0,0.5,0.0,0.0,0.0,0.0,0.0,0.0,3.0,7.0,10.0,0.0,1.0,1.0,1.0,0.0,3.0,4.0,2.0,8.0,19.0,0,0,16.0,1,1,13006,1,14555,18695,21813,7886,11051,17277,11051,14161,15066,14161,1576,1973,1598,18354,9196,4706,2692,8866,3976,2748,20822,5243,12440,2107,76,13654,1.0,21:33,2015,2016
2015-16,201567,Kevin Love,Kevin,1610612739,CLE,Cleveland Cavaliers,21500775,2016-02-08T00:00:00,CLE vs. SAC,W,27.9,2.0,10.0,0.2,2.0,6.0,0.333,5.0,6.0,0.833,1.0,5.0,6.0,2.0,2.0,0.0,0.0,0.0,2.0,4.0,11.0,13.0,19.2,0,0,21.0,1,1,13006,1,9277,14994,7514,21086,2550,1860,7128,1816,2017,7124,6390,4465,5415,8082,4412,12313,8004,8866,8439,2748,9124,2784,12284,2107,76,10048,1.0,27:56,2015,2016
2015-16,2747,JR Smith,JR,1610612739,CLE,Cleveland Cavaliers,21500775,2016-02-08T00:00:00,CLE vs. SAC,W,30.8,8.0,18.0,0.444,6.0,13.0,0.462,0.0,0.0,0.0,1.0,3.0,4.0,2.0,0.0,1.0,0.0,1.0,2.0,0.0,22.0,23.0,32.8,0,0,36.0,1,1,13006,1,6881,1806,1283,12281,78,50,5956,14161,15066,14161,6390,9493,9586,8082,16943,4706,8004,2492,8439,18762,1866,487,4609,2107,76,2745,1.0,30:49,2015,2016
2015-16,202389,Timofey Mozgov,Timofey,1610612739,CLE,Cleveland Cavaliers,21500775,2016-02-08T00:00:00,CLE vs. SAC,W,20.8,2.0,4.0,0.5,0.0,0.0,0.0,0.0,0.0,0.0,0.0,2.0,2.0,0.0,0.0,0.0,2.0,0.0,3.0,0.0,4.0,11.0,12.4,0,0,10.0,1,1,13006,1,15257,14994,18073,7886,11051,17277,11051,14161,15066,14161,13060,13353,16063,18354,16943,12313,932,8866,3976,18762,18063,3629,17418,2107,76,18488,1.0,20:46,2015,2016
2015-16,2210,Richard Jefferson,Richard,1610612739,CLE,Cleveland Cavaliers,21500775,2016-02-08T00:00:00,CLE vs. SAC,W,17.1,4.0,6.0,0.667,2.0,4.0,0.5,0.0,0.0,0.0,1.0,3.0,4.0,0.0,1.0,1.0,0.0,0.0,1.0,1.0,10.0,4.0,16.8,0,0,18.0,1,1,13006,1,18196,8539,14041,2883,2550,4617,3313,14161,15066,14161,6390,9493,9586,18354,9196,4706,8004,8866,14690,12373,10151,8158,13996,2107,76,12177,1.0,17:06,2015,2016
2015-16,202697,Iman Shumpert,Iman,1610612739,CLE,Cleveland Cavaliers,21500775,2016-02-08T00:00:00,CLE vs. SAC,W,24.7,3.0,7.0,0.429,0.0,0.0,0.0,0.0,1.0,0.0,2.0,9.0,11.0,1.0,2.0,0.0,0.0,0.0,4.0,2.0,6.0,7.0,18.7,0,0,18.0,1,1,13006,1,11898,11544,12208,12903,11051,17277,11051,14161,13680,14161,3138,786,1106,12251,4412,12313,8004,8866,1394,7786,15190,5888,12648,2107,76,12177,1.0,24:44,2015,2016
2015-16,202681,Kyrie Irving,Kyrie,1610612739,CLE,Cleveland Cavaliers,21500775,2016-02-08T00:00:00,CLE vs. SAC,W,35.0,13.0,21.0,0.619,5.0,8.0,0.625,1.0,1.0,1.0,2.0,1.0,3.0,12.0,2.0,0.0,1.0,0.0,5.0,3.0,32.0,22.0,54.6,1,0,54.0,1,1,13006,1,3534,107,510,4708,179,705,2699,10755,13680,1,3138,17769,12520,133,4412,12313,2692,8866,253,4736,275,609,413,1,76,266,1.0,35:00,2015,2016
2015-16,2544,LeBron James,LeBron,1610612739,CLE,Cleveland Cavaliers,21500775,2016-02-08T00:00:00,CLE vs. SAC,W,30.9,8.0,16.0,0.5,1.0,2.0,0.5,4.0,5.0,0.8,1.0,9.0,10.0,10.0,4.0,2.0,1.0,2.0,1.0,5.0,21.0,16.0,53.0,1,1,48.0,1,1,13006,1,6803,1806,2178,7886,5519,9677,3313,2791,3208,7601,6390,786,1598,329,841,1588,2692,639,14690,1539,2210,1731,521,1,1,641,1.0,30:54,2015,2016
2015-16,202389,Timofey Mozgov,Timofey,1610612739,CLE,Cleveland Cavaliers,21500763,2016-02-06T00:00:00,CLE vs. NOP,W,22.2,3.0,5.0,0.6,0.0,0.0,0.0,0.0,0.0,0.0,2.0,4.0,6.0,1.0,1.0,0.0,2.0,0.0,2.0,0.0,6.0,7.0,19.7,0,0,17.0,1,1,13006,1,14035,11544,16058,4873,11051,17277,11051,14161,15066,14161,3138,6568,5415,12251,9196,12313,932,8866,8439,18762,15190,5888,11962,2107,76,12877,1.0,22:10,2015,2016
2015-16,2747,JR Smith,JR,1610612739,CLE,Cleveland Cavaliers,21500763,2016-02-06T00:00:00,CLE vs. NOP,W,33.1,7.0,18.0,0.389,6.0,16.0,0.375,0.0,0.0,0.0,0.0,4.0,4.0,3.0,0.0,1.0,0.0,0.0,1.0,0.0,20.0,20.0,32.3,0,0,35.0,1,1,13006,1,5064,2864,1283,15203,78,7,6970,14161,15066,14161,13060,6568,9586,5322,16943,4706,8004,8866,14690,18762,2594,876,4807,2107,76,3029,1.0,33:04,2015,2016
2015-16,202681,Kyrie Irving,Kyrie,1610612739,CLE,Cleveland Cavaliers,21500763,2016-02-06T00:00:00,CLE vs. NOP,W,37.1,11.0,21.0,0.524,3.0,9.0,0.333,4.0,4.0,1.0,0.0,4.0,4.0,3.0,3.0,2.0,0.0,0.0,1.0,3.0,29.0,19.0,41.3,0,0,43.0,1,1,13006,1,2046,393,510,7823,1083,402,7128,2791,4140,1,13060,6568,9586,5322,1969,1588,8004,8866,14690,4736,517,1041,2074,2107,76,1208,1.0,37:03,2015,2016
2015-16,2544,LeBron James,LeBron,1610612739,CLE,Cleveland Cavaliers,21500763,2016-02-06T00:00:00,CLE vs. NOP,W,36.7,11.0,20.0,0.55,2.0,5.0,0.4,3.0,3.0,1.0,0.0,3.0,3.0,8.0,2.0,1.0,0.0,0.0,2.0,4.0,27.0,8.0,43.6,0,0,42.0,1,1,13006,1,2285,393,698,7100,2550,2959,6308,4469,6741,1,13060,9493,12520,762,4412,4706,8004,8866,8439,2748,744,5243,1627,2107,76,1376,1.0,36:42,2015,2016
2015-16,202684,Tristan Thompson,Tristan,1610612739,CLE,Cleveland Cavaliers,21500763,2016-02-06T00:00:00,CLE vs. NOP,W,32.9,0.0,4.0,0.0,0.0,0.0,0.0,0.0,0.0,0.0,7.0,8.0,15.0,1.0,1.0,0.0,0.0,2.0,4.0,4.0,0.0,0.0,18.5,0,0,16.0,1,1,13006,1,5241,22516,18073,22516,11051,17277,11051,14161,15066,14161,75,1264,222,12251,9196,12313,8004,639,1394,2748,23226,12042,12794,2107,76,13654,1.0,32:51,2015,2016
2015-16,2210,Richard Jefferson,Richard,1610612739,CLE,Cleveland Cavaliers,21500763,2016-02-06T00:00:00,CLE vs. NOP,W,9.8,1.0,4.0,0.25,1.0,3.0,0.333,0.0,0.0,0.0,0.0,2.0,2.0,0.0,0.0,0.0,0.0,0.0,1.0,1.0,3.0,5.0,5.4,0,0,6.0,1,1,13006,1,22512,18695,18073,19755,5519,6890,7128,14161,15066,14161,13060,13353,16063,18354,16943,12313,8004,8866,14690,12373,19720,7354,22242,2107,76,21429,1.0,9:50,2015,2016
2015-16,2590,Mo Williams,Mo,1610612739,CLE,Cleveland Cavaliers,21500763,2016-02-06T00:00:00,CLE vs. NOP,W,16.4,3.0,7.0,0.429,1.0,2.0,0.5,0.0,0.0,0.0,0.0,1.0,1.0,1.0,2.0,0.0,0.0,0.0,1.0,1.0,7.0,-3.0,7.7,0,0,10.0,1,1,13006,1,18749,11544,12208,12903,5519,9677,3313,14161,15066,14161,13060,17769,19693,12251,4412,12313,8004,8866,14690,12373,14029,15372,20733,2107,76,18488,1.0,16:23,2015,2016
2015-16,203099,Jared Cunningham,Jared,1610612739,CLE,Cleveland Cavaliers,21500763,2016-02-06T00:00:00,CLE vs. NOP,W,1.4,0.0,0.0,0.0,0.0,0.0,0.0,0.0,0.0,0.0,0.0,0.0,0.0,0.0,0.0,0.0,0.0,0.0,0.0,0.0,0.0,0.0,0.0,0,0,0.0,1,1,13006,1,25723,22516,24912,22516,11051,17277,11051,14161,15066,14161,13060,22257,23167,18354,16943,12313,8004,8866,21108,18762,23226,12042,25170,2107,76,25215,1.0,1:26,2015,2016
2015-16,2760,Anderson Varejao,Anderson,1610612739,CLE,Cleveland Cavaliers,21500763,2016-02-06T00:00:00,CLE vs. NOP,W,27.4,1.0,4.0,0.25,0.0,0.0,0.0,0.0,0.0,0.0,1.0,9.0,10.0,3.0,1.0,2.0,2.0,0.0,4.0,3.0,2.0,8.0,29.5,0,0,23.0,1,1,13006,1,9678,18695,18073,19755,11051,17277,11051,14161,15066,14161,6390,786,1598,5322,9196,1588,932,8866,1394,4736,20822,5243,6103,2107,76,8747,1.0,27:25,2015,2016
2015-16,202697,Iman Shumpert,Iman,1610612739,CLE,Cleveland Cavaliers,21500763,2016-02-06T00:00:00,CLE vs. NOP,W,23.1,2.0,7.0,0.286,1.0,6.0,0.167,0.0,0.0,0.0,0.0,4.0,4.0,1.0,2.0,0.0,2.0,0.0,1.0,0.0,5.0,11.0,15.3,0,0,15.0,1,1,13006,1,13285,14994,12208,19020,5519,1860,10673,14161,15066,14161,13060,6568,9586,12251,4412,12313,932,8866,14690,18762,16838,3629,15150,2107,76,14428,1.0,23:06,2015,2016
2015-16,202681,Kyrie Irving,Kyrie,1610612739,CLE,Cleveland Cavaliers,21500755,2016-02-05T00:00:00,CLE vs. BOS,L,37.5,7.0,15.0,0.467,0.0,2.0,0.0,5.0,6.0,0.833,0.0,3.0,3.0,6.0,2.0,0.0,0.0,1.0,3.0,2.0,19.0,-4.0,29.6,0,0,28.0,1,13074,1,13074,1765,2864,2795,11551,11051,9677,11051,1816,2017,7124,13060,9493,12520,1638,4412,12313,8004,2492,3976,7786,3065,16419,6050,2107,76,5884,1.0,37:29,2015,2016
2015-16,202697,Iman Shumpert,Iman,1610612739,CLE,Cleveland Cavaliers,21500755,2016-02-05T00:00:00,CLE vs. BOS,L,34.6,1.0,6.0,0.167,1.0,5.0,0.2,1.0,2.0,0.5,3.0,5.0,8.0,3.0,1.0,5.0,1.0,0.0,4.0,1.0,4.0,5.0,35.1,0,0,28.0,1,13074,1,13074,3890,18695,14041,21747,5519,2959,10165,10755,8140,10753,1576,4465,2959,5322,9196,35,2692,8866,1394,12373,18063,7354,3777,2107,76,5884,1.0,34:34,2015,2016
2015-16,2210,Richard Jefferson,Richard,1610612739,CLE,Cleveland Cavaliers,21500755,2016-02-05T00:00:00,CLE vs. BOS,L,19.3,3.0,6.0,0.5,0.0,2.0,0.0,1.0,3.0,0.333,2.0,3.0,5.0,2.0,1.0,0.0,0.0,1.0,4.0,2.0,7.0,-4.0,15.0,0,0,14.0,1,13074,1,13074,16493,11544,14041,7886,11051,9677,11051,10755,6741,13688,3138,9493,7203,8082,9196,12313,8004,2492,1394,7786,14029,16419,15404,2107,76,15285,1.0,19:15,2015,2016
2015-16,201567,Kevin Love,Kevin,1610612739,CLE,Cleveland Cavaliers,21500755,2016-02-05T00:00:00,CLE vs. BOS,L,21.7,4.0,10.0,0.4,2.0,6.0,0.333,0.0,0.0,0.0,1.0,4.0,5.0,2.0,0.0,0.0,1.0,0.0,0.0,3.0,10.0,-2.0,22.0,0,0,21.0,1,13074,1,13074,14458,8539,7514,14037,2550,1860,7128,14161,15066,14161,6390,6568,7203,8082,16943,12313,2692,8866,21108,4736,10151,14281,10388,2107,76,10048,1.0,21:40,2015,2016
2015-16,2544,LeBron James,LeBron,1610612739,CLE,Cleveland Cavaliers,21500755,2016-02-05T00:00:00,CLE vs. BOS,L,38.1,9.0,23.0,0.391,0.0,5.0,0.0,12.0,17.0,0.706,3.0,4.0,7.0,4.0,6.0,2.0,1.0,2.0,2.0,11.0,30.0,-7.0,47.4,0,0,47.0,1,13074,1,13074,1472,1155,256,15189,11051,2959,11051,73,34,9419,1576,6568,3953,3513,146,1588,2692,639,8439,44,418,19310,1024,2107,76,733,1.0,38:05,2015,2016
2015-16,2590,Mo Williams,Mo,1610612739,CLE,Cleveland Cavaliers,21500755,2016-02-05T00:00:00,CLE vs. BOS,L,5.8,2.0,3.0,0.667,0.0,0.0,0.0,0.0,0.0,0.0,0.0,0.0,0.0,0.0,1.0,0.0,0.0,0.0,1.0,0.0,4.0,-3.0,3.0,0,0,4.0,1,13074,1,13074,24053,14994,19997,2883,11051,17277,11051,14161,15066,14161,13060,22257,23167,18354,9196,12313,8004,8866,14690,18762,18063,15372,23648,2107,76,22829,1.0,5:49,2015,2016
2015-16,202684,Tristan Thompson,Tristan,1610612739,CLE,Cleveland Cavaliers,21500755,2016-02-05T00:00:00,CLE vs. BOS,L,32.0,1.0,3.0,0.333,0.0,0.0,0.0,1.0,2.0,0.5,4.0,6.0,10.0,0.0,0.0,1.0,2.0,1.0,3.0,3.0,3.0,-4.0,24.0,0,0,19.0,1,13074,1,13074,5898,18695,19997,16528,11051,17277,11051,10755,8140,10753,779,3007,1598,18354,16943,4706,932,2492,3976,4736,19720,16419,9121,2107,76,11453,1.0,31:59,2015,2016
2015-16,202389,Timofey Mozgov,Timofey,1610612739,CLE,Cleveland Cavaliers,21500755,2016-02-05T00:00:00,CLE vs. BOS,L,17.9,3.0,6.0,0.5,0.0,0.0,0.0,0.0,3.0,0.0,1.0,5.0,6.0,3.0,0.0,0.0,0.0,0.0,2.0,3.0,6.0,8.0,17.7,0,0,15.0,1,13074,1,13074,17602,11544,14041,7886,11051,17277,11051,14161,6741,14161,6390,4465,5415,5322,16943,12313,8004,8866,8439,4736,15190,5243,13380,2107,76,14428,1.0,17:54,2015,2016
2015-16,2747,JR Smith,JR,1610612739,CLE,Cleveland Cavaliers,21500755,2016-02-05T00:00:00,CLE vs. BOS,L,33.3,7.0,15.0,0.467,5.0,10.0,0.5,1.0,2.0,0.5,1.0,2.0,3.0,1.0,3.0,0.0,1.0,0.0,6.0,2.0,20.0,6.0,25.1,0,0,31.0,1,13074,1,13074,4929,2864,2795,11551,179,228,3313,10755,8140,10753,6390,13353,12520,12251,1969,12313,2692,8866,1,7786,2594,6628,8429,2107,76,4495,1.0,33:15,2015,2016
2015-16,202389,Timofey Mozgov,Timofey,1610612739,CLE,Cleveland Cavaliers,21500735,2016-02-03T00:00:00,CLE @ CHA,L,7.4,2.0,2.0,1.0,0.0,0.0,0.0,0.0,0.0,0.0,0.0,0.0,0.0,0.0,0.0,0.0,0.0,0.0,1.0,0.0,4.0,-5.0,4.0,0,0,4.0,1,13074,1,13074,23434,14994,21813,1,11051,17277,11051,14161,15066,14161,13060,22257,23167,18354,16943,12313,8004,8866,14690,18762,18063,17477,23142,2107,76,22829,1.0,7:22,2015,2016
2015-16,2760,Anderson Varejao,Anderson,1610612739,CLE,Cleveland Cavaliers,21500735,2016-02-03T00:00:00,CLE @ CHA,L,7.0,1.0,1.0,1.0,0.0,0.0,0.0,0.0,0.0,0.0,0.0,0.0,0.0,0.0,0.0,0.0,0.0,0.0,0.0,1.0,2.0,-7.0,2.0,0,0,2.0,1,13074,1,13074,23579,18695,23432,1,11051,17277,11051,14161,15066,14161,13060,22257,23167,18354,16943,12313,8004,8866,21108,12373,20822,19310,24216,2107,76,23978,1.0,6:57,2015,2016
2015-16,2590,Mo Williams,Mo,1610612739,CLE,Cleveland Cavaliers,21500735,2016-02-03T00:00:00,CLE @ CHA,L,11.4,2.0,7.0,0.286,1.0,2.0,0.5,0.0,0.0,0.0,0.0,0.0,0.0,1.0,1.0,0.0,0.0,0.0,2.0,0.0,5.0,-5.0,5.5,0,0,7.0,1,13074,1,13074,21877,14994,12208,19020,5519,9677,3313,14161,15066,14161,13060,22257,23167,12251,9196,12313,8004,8866,8439,18762,16838,17477,22196,2107,76,20722,1.0,11:23,2015,2016
2015-16,202697,Iman Shumpert,Iman,1610612739,CLE,Cleveland Cavaliers,21500735,2016-02-03T00:00:00,CLE @ CHA,L,22.4,1.0,4.0,0.25,1.0,2.0,0.5,1.0,2.0,0.5,0.0,1.0,1.0,2.0,3.0,1.0,0.0,0.0,2.0,2.0,4.0,-1.0,8.2,0,0,10.0,1,13074,1,13074,13841,18695,18073,19755,5519,9677,3313,10755,8140,10753,13060,17769,19693,8082,1969,4706,8004,8866,8439,7786,18063,13184,20416,2107,76,18488,1.0,22:23,2015,2016
2015-16,2747,JR Smith,JR,1610612739,CLE,Cleveland Cavaliers,21500735,2016-02-03T00:00:00,CLE @ CHA,L,37.2,5.0,14.0,0.357,4.0,9.0,0.444,0.0,0.0,0.0,0.0,3.0,3.0,0.0,0.0,4.0,1.0,0.0,5.0,0.0,14.0,-8.0,32.6,0,0,31.0,1,13074,1,13074,1985,6175,3506,16307,439,402,5987,14161,15066,14161,13060,9493,12520,18354,16943,151,2692,8866,253,18762,6324,20129,4687,2107,76,4495,1.0,37:10,2015,2016
2015-16,202684,Tristan Thompson,Tristan,1610612739,CLE,Cleveland Cavaliers,21500735,2016-02-03T00:00:00,CLE @ CHA,L,34.1,2.0,4.0,0.5,0.0,0.0,0.0,0.0,0.0,0.0,2.0,2.0,4.0,0.0,0.0,0.0,0.0,1.0,2.0,1.0,4.0,-6.0,8.8,0,0,8.0,1,13074,1,13074,4253,14994,18073,7886,11051,17277,11051,14161,15066,14161,3138,13353,9586,18354,16943,12313,8004,2492,8439,12373,18063,18431,19994,2107,76,20022,1.0,34:07,2015,2016
2015-16,2210,Richard Jefferson,Richard,1610612739,CLE,Cleveland Cavaliers,21500735,2016-02-03T00:00:00,CLE @ CHA,L,8.9,1.0,1.0,1.0,1.0,1.0,1.0,0.0,0.0,0.0,0.0,1.0,1.0,1.0,0.0,0.0,0.0,0.0,1.0,0.0,3.0,0.0,5.7,0,0,6.0,1,13074,1,13074,22891,18695,23432,1,5519,13174,1,14161,15066,14161,13060,17769,19693,12251,16943,12313,8004,8866,14690,18762,19720,12042,22054,2107,76,21429,1.0,8:52,2015,2016
2015-16,201567,Kevin Love,Kevin,1610612739,CLE,Cleveland Cavaliers,21500735,2016-02-03T00:00:00,CLE @ CHA,L,36.0,4.0,12.0,0.333,2.0,7.0,0.286,2.0,2.0,1.0,1.0,11.0,12.0,1.0,1.0,2.0,2.0,0.0,1.0,1.0,12.0,0.0,38.9,1,0,35.0,1,13074,1,13074,2748,8539,5215,16528,2550,1138,8900,6499,8140,1,6390,281,752,12251,9196,1588,932,8866,14690,12373,8086,12042,2667,1,76,3029,1.0,36:01,2015,2016
2015-16,202681,Kyrie Irving,Kyrie,1610612739,CLE,Cleveland Cavaliers,21500735,2016-02-03T00:00:00,CLE @ CHA,L,36.6,10.0,17.0,0.588,1.0,4.0,0.25,5.0,5.0,1.0,0.0,1.0,1.0,5.0,1.0,1.0,0.0,1.0,4.0,3.0,26.0,-4.0,36.7,0,0,35.0,1,13074,1,13074,2326,704,1681,5799,5519,4617,9116,1816,3208,1,13060,17769,19693,2408,9196,4706,8004,2492,1394,4736,895,16419,3269,2107,76,3029,1.0,36:37,2015,2016
2015-16,2544,LeBron James,LeBron,1610612739,CLE,Cleveland Cavaliers,21500735,2016-02-03T00:00:00,CLE @ CHA,L,39.1,10.0,21.0,0.476,0.0,3.0,0.0,3.0,5.0,0.6,0.0,6.0,6.0,6.0,1.0,1.0,2.0,1.0,1.0,6.0,23.0,-9.0,47.2,0,0,41.0,1,13074,1,13074,1020,704,510,11353,11051,6890,11051,4469,3208,10435,13060,3007,5415,1638,9196,4706,932,2492,14690,873,1593,20888,1051,2107,76,1537,1.0,39:08,2015,2016
2015-16,2747,JR Smith,JR,1610612739,CLE,Cleveland Cavaliers,21500721,2016-02-01T00:00:00,CLE @ IND,W,42.1,7.0,14.0,0.5,4.0,7.0,0.571,1.0,2.0,0.5,0.0,3.0,3.0,0.0,2.0,2.0,0.0,0.0,2.0,1.0,19.0,7.0,26.6,0,0,30.0,1,1,13006,1,298,2864,3506,7886,439,1138,3090,10755,8140,10753,13060,9493,12520,18354,4412,1588,8004,8866,8439,12373,3065,5888,7566,2107,76,4936,1.0,42:06,2015,2016
2015-16,2544,LeBron James,LeBron,1610612739,CLE,Cleveland Cavaliers,21500721,2016-02-01T00:00:00,CLE @ IND,W,43.6,9.0,22.0,0.409,0.0,5.0,0.0,6.0,10.0,0.6,2.0,10.0,12.0,6.0,1.0,2.0,1.0,3.0,2.0,7.0,24.0,-1.0,55.4,1,0,48.0,1,1,13006,1,157,1155,346,14008,11051,2959,11051,1100,422,10435,3138,488,752,1638,9196,1588,2692,154,8439,469,1331,13184,379,1,76,641,1.0,43:35,2015,2016
2015-16,203521,Matthew Dellavedova,Matthew,1610612739,CLE,Cleveland Cavaliers,21500721,2016-02-01T00:00:00,CLE @ IND,W,12.1,0.0,4.0,0.0,0.0,1.0,0.0,0.0,0.0,0.0,0.0,1.0,1.0,4.0,4.0,2.0,0.0,1.0,2.0,0.0,0.0,10.0,9.2,0,0,9.0,1,1,13006,1,21468,22516,18073,22516,11051,13174,11051,14161,15066,14161,13060,17769,19693,3513,841,1588,8004,2492,8439,18762,23226,4134,19680,2107,76,19255,1.0,12:07,2015,2016
2015-16,202389,Timofey Mozgov,Timofey,1610612739,CLE,Cleveland Cavaliers,21500721,2016-02-01T00:00:00,CLE @ IND,W,12.0,3.0,4.0,0.75,0.0,0.0,0.0,0.0,0.0,0.0,0.0,2.0,2.0,0.0,0.0,0.0,0.0,0.0,3.0,0.0,6.0,-2.0,8.4,0,0,8.0,1,1,13006,1,21598,11544,18073,1788,11051,17277,11051,14161,15066,14161,13060,13353,16063,18354,16943,12313,8004,8866,3976,18762,15190,14281,20273,2107,76,20022,1.0,11:60,2015,2016
2015-16,202684,Tristan Thompson,Tristan,1610612739,CLE,Cleveland Cavaliers,21500721,2016-02-01T00:00:00,CLE @ IND,W,40.9,7.0,7.0,1.0,0.0,0.0,0.0,0.0,1.0,0.0,7.0,5.0,12.0,0.0,3.0,0.0,0.0,0.0,3.0,3.0,14.0,5.0,25.4,1,0,26.0,1,1,13006,1,503,2864,12208,1,11051,17277,11051,14161,13680,14161,75,4465,752,18354,1969,12313,8004,8866,3976,4736,6324,7354,8273,1,76,6962,1.0,40:55,2015,2016
2015-16,202697,Iman Shumpert,Iman,1610612739,CLE,Cleveland Cavaliers,21500721,2016-02-01T00:00:00,CLE @ IND,W,22.1,1.0,2.0,0.5,0.0,0.0,0.0,2.0,2.0,1.0,1.0,3.0,4.0,2.0,1.0,0.0,0.0,1.0,0.0,2.0,4.0,2.0,10.8,0,0,10.0,1,1,13006,1,14097,18695,21813,7886,11051,17277,11051,6499,8140,1,6390,9493,9586,8082,9196,12313,8004,2492,21108,7786,18063,10013,18579,2107,76,18488,1.0,22:05,2015,2016
2015-16,201567,Kevin Love,Kevin,1610612739,CLE,Cleveland Cavaliers,21500721,2016-02-01T00:00:00,CLE @ IND,W,41.8,7.0,15.0,0.467,2.0,5.0,0.4,3.0,4.0,0.75,0.0,8.0,8.0,2.0,2.0,2.0,2.0,0.0,4.0,7.0,19.0,1.0,41.6,0,0,39.0,1,1,13006,1,344,2864,2795,11551,2550,2959,6308,4469,4140,8103,13060,1264,2959,8082,4412,1588,932,8866,1394,469,3065,11010,2021,2107,76,1944,1.0,41:48,2015,2016
2015-16,2210,Richard Jefferson,Richard,1610612739,CLE,Cleveland Cavaliers,21500721,2016-02-01T00:00:00,CLE @ IND,W,9.4,0.0,0.0,0.0,0.0,0.0,0.0,0.0,0.0,0.0,0.0,0.0,0.0,1.0,0.0,0.0,0.0,0.0,1.0,0.0,0.0,6.0,1.5,0,0,1.0,1,1,13006,1,22662,22516,24912,22516,11051,17277,11051,14161,15066,14161,13060,22257,23167,12251,16943,12313,8004,8866,14690,18762,23226,6628,24473,2107,76,24654,1.0,9:25,2015,2016
2015-16,202681,Kyrie Irving,Kyrie,1610612739,CLE,Cleveland Cavaliers,21500721,2016-02-01T00:00:00,CLE @ IND,W,41.0,10.0,20.0,0.5,1.0,4.0,0.25,4.0,4.0,1.0,0.0,3.0,3.0,7.0,3.0,0.0,0.0,2.0,2.0,3.0,25.0,-3.0,36.1,0,0,36.0,1,1,13006,1,492,704,698,7886,5519,4617,9116,2791,4140,1,13060,9493,12520,1118,1969,12313,8004,639,8439,4736,1116,15372,3432,2107,76,2745,1.0,40:59,2015,2016
2015-16,201567,Kevin Love,Kevin,1610612739,CLE,Cleveland Cavaliers,21500713,2016-01-30T00:00:00,CLE vs. SAS,W,31.4,8.0,13.0,0.615,3.0,6.0,0.5,2.0,2.0,1.0,3.0,8.0,11.0,3.0,1.0,0.0,1.0,0.0,2.0,1.0,21.0,4.0,40.7,1,0,40.0,1,1,13006,1,6418,1806,4281,4722,1083,1860,3313,6499,8140,1,1576,1264,1106,5322,9196,12313,2692,8866,8439,12373,2210,8158,2199,1,76,1725,1.0,31:21,2015,2016
2015-16,202684,Tristan Thompson,Tristan,1610612739,CLE,Cleveland Cavaliers,21500713,2016-01-30T00:00:00,CLE vs. SAS,W,34.7,3.0,4.0,0.75,0.0,0.0,0.0,4.0,4.0,1.0,2.0,5.0,7.0,1.0,1.0,0.0,1.0,0.0,1.0,5.0,10.0,15.0,21.9,0,0,20.0,1,1,13006,1,3778,11544,18073,1788,11051,17277,11051,2791,4140,1,3138,4465,3953,12251,9196,12313,2692,8866,14690,1539,10151,2059,10460,2107,76,10747,1.0,34:42,2015,2016
2015-16,2747,JR Smith,JR,1610612739,CLE,Cleveland Cavaliers,21500713,2016-01-30T00:00:00,CLE vs. SAS,W,25.7,4.0,9.0,0.444,2.0,4.0,0.5,0.0,0.0,0.0,1.0,2.0,3.0,1.0,1.0,0.0,0.0,0.0,3.0,0.0,10.0,10.0,14.1,0,0,16.0,1,1,13006,1,11075,8539,8964,12281,2550,4617,3313,14161,15066,14161,6390,13353,12520,12251,9196,12313,8004,8866,3976,18762,10151,4134,16094,2107,76,13654,1.0,25:45,2015,2016
2015-16,202389,Timofey Mozgov,Timofey,1610612739,CLE,Cleveland Cavaliers,21500713,2016-01-30T00:00:00,CLE vs. SAS,W,10.6,3.0,6.0,0.5,0.0,0.0,0.0,0.0,0.0,0.0,1.0,2.0,3.0,0.0,1.0,0.0,0.0,0.0,4.0,0.0,6.0,-1.0,8.6,0,0,9.0,1,1,13006,1,22189,11544,14041,7886,11051,17277,11051,14161,15066,14161,6390,13353,12520,18354,9196,12313,8004,8866,1394,18762,15190,13184,20125,2107,76,19255,1.0,10:36,2015,2016
2015-16,2210,Richard Jefferson,Richard,1610612739,CLE,Cleveland Cavaliers,21500713,2016-01-30T00:00:00,CLE vs. SAS,W,12.7,1.0,2.0,0.5,1.0,1.0,1.0,0.0,0.0,0.0,0.0,3.0,3.0,1.0,0.0,0.0,0.0,0.0,2.0,0.0,3.0,2.0,8.1,0,0,8.0,1,1,13006,1,21175,18695,21813,7886,5519,13174,1,14161,15066,14161,13060,9493,12520,12251,16943,12313,8004,8866,8439,18762,19720,10013,20521,2107,76,20022,1.0,12:39,2015,2016
2015-16,202697,Iman Shumpert,Iman,1610612739,CLE,Cleveland Cavaliers,21500713,2016-01-30T00:00:00,CLE vs. SAS,W,27.7,1.0,3.0,0.333,0.0,2.0,0.0,0.0,0.0,0.0,0.0,5.0,5.0,2.0,0.0,0.0,0.0,0.0,2.0,1.0,2.0,9.0,11.0,0,0,9.0,1,1,13006,1,9469,18695,19997,16528,11051,9677,11051,14161,15066,14161,13060,4465,7203,8082,16943,12313,8004,8866,8439,12373,20822,4633,18430,2107,76,19255,1.0,27:41,2015,2016
2015-16,202681,Kyrie Irving,Kyrie,1610612739,CLE,Cleveland Cavaliers,21500713,2016-01-30T00:00:00,CLE vs. SAS,W,36.5,9.0,17.0,0.529,0.0,2.0,0.0,3.0,4.0,0.75,1.0,0.0,1.0,6.0,1.0,2.0,0.0,1.0,2.0,4.0,21.0,13.0,36.2,0,0,32.0,1,1,13006,1,2409,1155,1681,7700,11051,9677,11051,4469,4140,8103,6390,22257,19693,1638,9196,1588,8004,2492,8439,2748,2210,2784,3407,2107,76,4082,1.0,36:29,2015,2016
2015-16,2544,LeBron James,LeBron,1610612739,CLE,Cleveland Cavaliers,21500713,2016-01-30T00:00:00,CLE vs. SAS,W,34.2,10.0,17.0,0.588,0.0,2.0,0.0,9.0,11.0,0.818,1.0,4.0,5.0,7.0,2.0,2.0,2.0,1.0,2.0,8.0,29.0,14.0,55.5,0,0,49.0,1,1,13006,1,4226,704,1681,5799,11051,9677,11051,296,304,7565,6390,6568,7203,1118,4412,1588,932,2492,8439,254,517,2411,375,2107,76,551,1.0,34:09,2015,2016
2015-16,203521,Matthew Dellavedova,Matthew,1610612739,CLE,Cleveland Cavaliers,21500713,2016-01-30T00:00:00,CLE vs. SAS,W,24.4,6.0,10.0,0.6,3.0,5.0,0.6,0.0,0.0,0.0,1.0,4.0,5.0,3.0,2.0,0.0,0.0,0.0,3.0,0.0,15.0,9.0,23.5,0,0,26.0,1,1,13006,1,12191,4268,7514,4873,1083,2959,2761,14161,15066,14161,6390,6568,7203,5322,4412,12313,8004,8866,3976,18762,5598,4633,9452,2107,76,6962,1.0,24:26,2015,2016
2015-16,203099,Jared Cunningham,Jared,1610612739,CLE,Cleveland Cavaliers,21500713,2016-01-30T00:00:00,CLE vs. SAS,W,2.2,0.0,1.0,0.0,0.0,1.0,0.0,0.0,0.0,0.0,0.0,0.0,0.0,0.0,0.0,0.0,0.0,0.0,0.0,0.0,0.0,-5.0,0.0,0,0,0.0,1,1,13006,1,25449,22516,23432,22516,11051,13174,11051,14161,15066,14161,13060,22257,23167,18354,16943,12313,8004,8866,21108,18762,23226,17477,25170,2107,76,25215,1.0,2:12,2015,2016
2015-16,203099,Jared Cunningham,Jared,1610612739,CLE,Cleveland Cavaliers,21500699,2016-01-29T00:00:00,CLE @ DET,W,1.6,0.0,0.0,0.0,0.0,0.0,0.0,0.0,0.0,0.0,0.0,0.0,0.0,0.0,0.0,0.0,0.0,0.0,1.0,0.0,0.0,-7.0,0.0,0,0,0.0,1,1,13006,1,25639,22516,24912,22516,11051,17277,11051,14161,15066,14161,13060,22257,23167,18354,16943,12313,8004,8866,14690,18762,23226,19310,25170,2107,76,25215,1.0,1:38,2015,2016
2015-16,2210,Richard Jefferson,Richard,1610612739,CLE,Cleveland Cavaliers,21500699,2016-01-29T00:00:00,CLE @ DET,W,12.1,0.0,2.0,0.0,0.0,2.0,0.0,0.0,0.0,0.0,0.0,0.0,0.0,0.0,0.0,1.0,0.0,0.0,4.0,1.0,0.0,-9.0,3.0,0,0,2.0,1,1,13006,1,21490,22516,21813,22516,11051,9677,11051,14161,15066,14161,13060,22257,23167,18354,16943,4706,8004,8866,1394,12373,23226,20888,23648,2107,76,23978,1.0,12:04,2015,2016
2015-16,2592,James Jones,James,1610612739,CLE,Cleveland Cavaliers,21500699,2016-01-29T00:00:00,CLE @ DET,W,1.6,0.0,0.0,0.0,0.0,0.0,0.0,0.0,0.0,0.0,0.0,0.0,0.0,0.0,0.0,0.0,0.0,0.0,0.0,0.0,0.0,-7.0,0.0,0,0,0.0,1,1,13006,1,25639,22516,24912,22516,11051,17277,11051,14161,15066,14161,13060,22257,23167,18354,16943,12313,8004,8866,21108,18762,23226,19310,25170,2107,76,25215,1.0,1:38,2015,2016
2015-16,2544,LeBron James,LeBron,1610612739,CLE,Cleveland Cavaliers,21500699,2016-01-29T00:00:00,CLE @ DET,W,35.8,7.0,16.0,0.438,0.0,2.0,0.0,6.0,7.0,0.857,1.0,8.0,9.0,8.0,1.0,1.0,0.0,1.0,3.0,7.0,20.0,19.0,44.8,0,0,39.0,1,1,13006,1,2892,2864,2178,12768,11051,9677,11051,1100,1485,6899,6390,1264,2216,762,9196,4706,8004,2492,3976,469,2594,1041,1406,2107,76,1944,1.0,35:48,2015,2016
2015-16,2747,JR Smith,JR,1610612739,CLE,Cleveland Cavaliers,21500699,2016-01-29T00:00:00,CLE @ DET,W,32.7,2.0,10.0,0.2,2.0,6.0,0.333,0.0,0.0,0.0,0.0,2.0,2.0,2.0,1.0,0.0,0.0,1.0,2.0,0.0,6.0,14.0,10.4,0,0,12.0,1,1,13006,1,5384,14994,7514,21086,2550,1860,7128,14161,15066,14161,13060,13353,16063,8082,9196,12313,8004,2492,8439,18762,15190,2411,18859,2107,76,16886,1.0,32:39,2015,2016
2015-16,202389,Timofey Mozgov,Timofey,1610612739,CLE,Cleveland Cavaliers,21500699,2016-01-29T00:00:00,CLE @ DET,W,18.9,5.0,6.0,0.833,0.0,0.0,0.0,2.0,2.0,1.0,4.0,4.0,8.0,1.0,1.0,0.0,0.0,0.0,2.0,2.0,12.0,-6.0,22.1,0,0,21.0,1,1,13006,1,16777,6175,14041,1260,11051,17277,11051,6499,8140,1,779,6568,2959,12251,9196,12313,8004,8866,8439,7786,8086,18431,10332,2107,76,10048,1.0,18:54,2015,2016
2015-16,203521,Matthew Dellavedova,Matthew,1610612739,CLE,Cleveland Cavaliers,21500699,2016-01-29T00:00:00,CLE @ DET,W,20.9,1.0,4.0,0.25,1.0,1.0,1.0,2.0,2.0,1.0,2.0,1.0,3.0,4.0,1.0,1.0,0.0,0.0,3.0,1.0,5.0,-9.0,16.6,0,0,15.0,1,1,13006,1,15109,18695,18073,19755,5519,13174,1,6499,8140,1,3138,17769,12520,3513,9196,4706,8004,8866,3976,12373,16838,20888,14125,2107,76,14428,1.0,20:56,2015,2016
2015-16,202681,Kyrie Irving,Kyrie,1610612739,CLE,Cleveland Cavaliers,21500699,2016-01-29T00:00:00,CLE @ DET,W,32.4,11.0,19.0,0.579,0.0,3.0,0.0,6.0,7.0,0.857,0.0,4.0,4.0,2.0,1.0,1.0,0.0,1.0,2.0,6.0,28.0,13.0,37.8,0,0,36.0,1,1,13006,1,5566,393,964,6039,11051,6890,11051,1100,1485,6899,13060,6568,9586,8082,9196,4706,8004,2492,8439,873,618,2784,2956,2107,76,2745,1.0,32:25,2015,2016
2015-16,202684,Tristan Thompson,Tristan,1610612739,CLE,Cleveland Cavaliers,21500699,2016-01-29T00:00:00,CLE @ DET,W,31.4,3.0,5.0,0.6,0.0,0.0,0.0,5.0,5.0,1.0,3.0,11.0,14.0,0.0,1.0,0.0,1.0,1.0,2.0,3.0,11.0,16.0,29.8,1,0,27.0,1,1,13006,1,6377,11544,16058,4873,11051,17277,11051,1816,3208,1,1576,281,317,18354,9196,12313,2692,2492,8439,4736,9124,1731,5948,1,76,6398,1.0,31:25,2015,2016
2015-16,202697,Iman Shumpert,Iman,1610612739,CLE,Cleveland Cavaliers,21500699,2016-01-29T00:00:00,CLE @ DET,W,15.3,1.0,2.0,0.5,1.0,2.0,0.5,0.0,0.0,0.0,0.0,1.0,1.0,0.0,1.0,0.0,0.0,0.0,3.0,1.0,3.0,-1.0,3.2,0,0,5.0,1,1,13006,1,19559,18695,21813,7886,5519,9677,3313,14161,15066,14161,13060,17769,19693,18354,9196,12313,8004,8866,3976,12373,19720,13184,23473,2107,76,22162,1.0,15:18,2015,2016
2015-16,201567,Kevin Love,Kevin,1610612739,CLE,Cleveland Cavaliers,21500699,2016-01-29T00:00:00,CLE @ DET,W,37.3,9.0,19.0,0.474,5.0,7.0,0.714,6.0,6.0,1.0,0.0,6.0,6.0,3.0,0.0,0.0,0.0,0.0,3.0,3.0,29.0,17.0,40.7,0,0,43.0,1,1,13006,1,1925,1155,964,11390,179,1138,1910,1100,2017,1,13060,3007,5415,5322,16943,12313,8004,8866,3976,4736,517,1469,2199,2107,76,1208,1.0,37:15,2015,2016
2015-16,2544,LeBron James,LeBron,1610612739,CLE,Cleveland Cavaliers,21500684,2016-01-27T00:00:00,CLE vs. PHX,W,31.0,7.0,8.0,0.875,0.0,1.0,0.0,7.0,7.0,1.0,0.0,3.0,3.0,9.0,2.0,0.0,0.0,0.0,2.0,5.0,21.0,16.0,36.1,0,0,33.0,1,1,13006,1,6706,2864,10529,1155,11051,13174,11051,705,1485,1,13060,9493,12520,508,4412,12313,8004,8866,8439,1539,2210,1731,3432,2107,76,3722,1.0,31:01,2015,2016
2015-16,201567,Kevin Love,Kevin,1610612739,CLE,Cleveland Cavaliers,21500684,2016-01-27T00:00:00,CLE vs. PHX,W,27.5,8.0,17.0,0.471,3.0,8.0,0.375,2.0,2.0,1.0,3.0,8.0,11.0,4.0,1.0,2.0,2.0,1.0,2.0,4.0,21.0,12.0,51.2,1,0,47.0,1,1,13006,1,9601,1806,1681,11453,1083,705,6970,6499,8140,1,1576,1264,1106,3513,9196,1588,932,2492,8439,2748,2210,3172,642,1,76,733,1.0,27:30,2015,2016
2015-16,202681,Kyrie Irving,Kyrie,1610612739,CLE,Cleveland Cavaliers,21500684,2016-01-27T00:00:00,CLE vs. PHX,W,22.4,4.0,11.0,0.364,0.0,3.0,0.0,0.0,0.0,0.0,1.0,3.0,4.0,3.0,3.0,3.0,0.0,0.0,0.0,1.0,8.0,9.0,23.3,0,0,21.0,1,1,13006,1,13822,8539,6284,16042,11051,6890,11051,14161,15066,14161,6390,9493,9586,5322,1969,501,8004,8866,21108,12373,12541,4633,9567,2107,76,10048,1.0,22:25,2015,2016
2015-16,202697,Iman Shumpert,Iman,1610612739,CLE,Cleveland Cavaliers,21500684,2016-01-27T00:00:00,CLE vs. PHX,W,27.1,2.0,4.0,0.5,1.0,2.0,0.5,0.0,0.0,0.0,0.0,3.0,3.0,3.0,3.0,2.0,0.0,0.0,0.0,2.0,5.0,8.0,16.1,0,0,16.0,1,1,13006,1,9927,14994,18073,7886,5519,9677,3313,14161,15066,14161,13060,9493,12520,5322,1969,1588,8004,8866,21108,7786,16838,5243,14515,2107,76,13654,1.0,27:06,2015,2016
2015-16,202389,Timofey Mozgov,Timofey,1610612739,CLE,Cleveland Cavaliers,21500684,2016-01-27T00:00:00,CLE vs. PHX,W,15.6,5.0,7.0,0.714,0.0,0.0,0.0,0.0,0.0,0.0,0.0,1.0,1.0,1.0,0.0,0.0,0.0,0.0,3.0,0.0,10.0,7.0,12.7,0,0,12.0,1,1,13006,1,19342,6175,12208,2409,11051,17277,11051,14161,15066,14161,13060,17769,19693,12251,16943,12313,8004,8866,3976,18762,10151,5888,17201,2107,76,16886,1.0,15:37,2015,2016
2015-16,2590,Mo Williams,Mo,1610612739,CLE,Cleveland Cavaliers,21500684,2016-01-27T00:00:00,CLE vs. PHX,W,6.2,2.0,5.0,0.4,0.0,1.0,0.0,0.0,0.0,0.0,0.0,1.0,1.0,0.0,0.0,0.0,0.0,0.0,0.0,0.0,4.0,-4.0,5.2,0,0,5.0,1,1,13006,1,23882,14994,16058,14037,11051,13174,11051,14161,15066,14161,13060,17769,19693,18354,16943,12313,8004,8866,21108,18762,18063,16419,22370,2107,76,22162,1.0,6:11,2015,2016
2015-16,202684,Tristan Thompson,Tristan,1610612739,CLE,Cleveland Cavaliers,21500684,2016-01-27T00:00:00,CLE vs. PHX,W,28.4,2.0,4.0,0.5,0.0,0.0,0.0,1.0,2.0,0.5,2.0,3.0,5.0,0.0,1.0,0.0,1.0,1.0,1.0,1.0,5.0,12.0,13.0,0,0,12.0,1,1,13006,1,8879,14994,18073,7886,11051,17277,11051,10755,8140,10753,3138,9493,7203,18354,9196,12313,2692,2492,14690,12373,16838,3172,16969,2107,76,16886,1.0,28:26,2015,2016
2015-16,203521,Matthew Dellavedova,Matthew,1610612739,CLE,Cleveland Cavaliers,21500684,2016-01-27T00:00:00,CLE vs. PHX,W,19.4,1.0,6.0,0.167,1.0,5.0,0.2,0.0,0.0,0.0,1.0,2.0,3.0,7.0,1.0,0.0,0.0,0.0,3.0,1.0,3.0,17.0,16.1,0,0,14.0,1,1,13006,1,16387,18695,14041,21747,5519,2959,10165,14161,15066,14161,6390,13353,12520,1118,9196,12313,8004,8866,3976,12373,19720,1469,14515,2107,76,15285,1.0,19:24,2015,2016
2015-16,2760,Anderson Varejao,Anderson,1610612739,CLE,Cleveland Cavaliers,21500684,2016-01-27T00:00:00,CLE vs. PHX,W,11.5,3.0,4.0,0.75,0.0,0.0,0.0,0.0,0.0,0.0,2.0,1.0,3.0,0.0,1.0,1.0,0.0,0.0,0.0,0.0,6.0,2.0,11.6,0,0,11.0,1,1,13006,1,21847,11544,18073,1788,11051,17277,11051,14161,15066,14161,3138,17769,12520,18354,9196,4706,8004,8866,21108,18762,15190,10013,17970,2107,76,17702,1.0,11:28,2015,2016
2015-16,203099,Jared Cunningham,Jared,1610612739,CLE,Cleveland Cavaliers,21500684,2016-01-27T00:00:00,CLE vs. PHX,W,4.9,0.0,0.0,0.0,0.0,0.0,0.0,0.0,0.0,0.0,0.0,0.0,0.0,0.0,0.0,0.0,0.0,0.0,0.0,0.0,0.0,-4.0,0.0,0,0,0.0,1,1,13006,1,24402,22516,24912,22516,11051,17277,11051,14161,15066,14161,13060,22257,23167,18354,16943,12313,8004,8866,21108,18762,23226,16419,25170,2107,76,25215,1.0,4:54,2015,2016
2015-16,2210,Richard Jefferson,Richard,1610612739,CLE,Cleveland Cavaliers,21500684,2016-01-27T00:00:00,CLE vs. PHX,W,22.8,4.0,4.0,1.0,2.0,2.0,1.0,4.0,5.0,0.8,0.0,0.0,0.0,3.0,0.0,0.0,0.0,0.0,2.0,2.0,14.0,15.0,18.5,0,0,19.0,1,1,13006,1,13500,8539,18073,1,2550,9677,1,2791,3208,7601,13060,22257,23167,5322,16943,12313,8004,8866,8439,7786,6324,2059,12794,2107,76,11453,1.0,22:51,2015,2016
2015-16,2747,JR Smith,JR,1610612739,CLE,Cleveland Cavaliers,21500684,2016-01-27T00:00:00,CLE vs. PHX,W,23.1,7.0,11.0,0.636,4.0,6.0,0.667,0.0,0.0,0.0,1.0,2.0,3.0,4.0,1.0,4.0,0.0,0.0,4.0,1.0,18.0,20.0,38.6,0,0,37.0,1,1,13006,1,13268,2864,6284,4230,439,1860,1955,14161,15066,14161,6390,13353,12520,3513,9196,151,8004,8866,1394,12373,3558,876,2744,2107,76,2442,1.0,23:07,2015,2016
2015-16,202681,Kyrie Irving,Kyrie,1610612739,CLE,Cleveland Cavaliers,21500667,2016-01-25T00:00:00,CLE vs. MIN,W,28.0,7.0,18.0,0.389,1.0,4.0,0.25,2.0,2.0,1.0,3.0,6.0,9.0,4.0,4.0,0.0,0.0,0.0,1.0,2.0,17.0,-9.0,29.8,0,0,31.0,1,1,13006,1,9255,2864,1283,15203,5519,4617,9116,6499,8140,1,1576,3007,2216,3513,841,12313,8004,8866,14690,7786,4170,20888,5948,2107,76,4495,1.0,27:58,2015,2016
2015-16,201567,Kevin Love,Kevin,1610612739,CLE,Cleveland Cavaliers,21500667,2016-01-25T00:00:00,CLE vs. MIN,W,36.1,5.0,11.0,0.455,1.0,7.0,0.143,0.0,1.0,0.0,1.0,5.0,6.0,2.0,1.0,2.0,0.0,0.0,3.0,5.0,11.0,10.0,26.2,0,0,24.0,1,1,13006,1,2646,6175,6284,11898,5519,1138,10892,14161,13680,14161,6390,4465,5415,8082,9196,1588,8004,8866,3976,1539,9124,4134,7785,2107,76,8132,1.0,36:09,2015,2016
2015-16,202389,Timofey Mozgov,Timofey,1610612739,CLE,Cleveland Cavaliers,21500667,2016-01-25T00:00:00,CLE vs. MIN,W,15.2,2.0,2.0,1.0,0.0,0.0,0.0,0.0,0.0,0.0,0.0,3.0,3.0,0.0,1.0,0.0,0.0,0.0,2.0,1.0,4.0,-3.0,6.6,0,0,7.0,1,1,13006,1,19639,14994,21813,1,11051,17277,11051,14161,15066,14161,13060,9493,12520,18354,9196,12313,8004,8866,8439,12373,18063,15372,21445,2107,76,20722,1.0,15:10,2015,2016
2015-16,2747,JR Smith,JR,1610612739,CLE,Cleveland Cavaliers,21500667,2016-01-25T00:00:00,CLE vs. MIN,W,35.4,3.0,14.0,0.214,2.0,8.0,0.25,3.0,4.0,0.75,0.0,2.0,2.0,2.0,1.0,3.0,1.0,1.0,2.0,3.0,11.0,5.0,27.4,0,0,25.0,1,1,13006,1,3264,11544,3506,21054,2550,705,9116,4469,4140,8103,13060,13353,16063,8082,9196,501,2692,2492,8439,4736,9124,7354,7179,2107,76,7525,1.0,35:21,2015,2016
2015-16,2544,LeBron James,LeBron,1610612739,CLE,Cleveland Cavaliers,21500667,2016-01-25T00:00:00,CLE vs. MIN,W,38.0,11.0,15.0,0.733,1.0,1.0,1.0,2.0,3.0,0.667,0.0,4.0,4.0,9.0,5.0,1.0,1.0,0.0,2.0,4.0,25.0,1.0,44.3,0,0,43.0,1,1,13006,1,1496,393,2795,2323,5519,13174,1,6499,6741,9461,13060,6568,9586,508,351,4706,2692,8866,8439,2748,1116,11010,1499,2107,76,1208,1.0,38:01,2015,2016
2015-16,202684,Tristan Thompson,Tristan,1610612739,CLE,Cleveland Cavaliers,21500667,2016-01-25T00:00:00,CLE vs. MIN,W,34.1,8.0,10.0,0.8,0.0,0.0,0.0,3.0,7.0,0.429,7.0,5.0,12.0,2.0,0.0,0.0,0.0,1.0,2.0,7.0,19.0,9.0,36.4,1,0,33.0,1,1,13006,1,4292,1806,7514,1401,11051,17277,11051,4469,1485,13539,75,4465,752,8082,16943,12313,8004,2492,8439,469,3065,4633,3353,1,76,3722,1.0,34:04,2015,2016
2015-16,203521,Matthew Dellavedova,Matthew,1610612739,CLE,Cleveland Cavaliers,21500667,2016-01-25T00:00:00,CLE vs. MIN,W,25.1,6.0,12.0,0.5,4.0,8.0,0.5,2.0,2.0,1.0,1.0,3.0,4.0,7.0,2.0,1.0,0.0,0.0,2.0,1.0,18.0,16.0,34.3,0,0,35.0,1,1,13006,1,11573,4268,5215,7886,439,705,3313,6499,8140,1,6390,9493,9586,1118,4412,4706,8004,8866,8439,12373,3558,1731,4063,2107,76,3029,1.0,25:08,2015,2016
2015-16,202697,Iman Shumpert,Iman,1610612739,CLE,Cleveland Cavaliers,21500667,2016-01-25T00:00:00,CLE vs. MIN,W,22.8,3.0,7.0,0.429,2.0,3.0,0.667,1.0,1.0,1.0,0.0,3.0,3.0,2.0,1.0,0.0,1.0,0.0,3.0,1.0,9.0,4.0,17.6,0,0,18.0,1,1,13006,1,13535,11544,12208,12903,2550,6890,1955,10755,13680,1,13060,9493,12520,8082,9196,12313,2692,8866,3976,12373,11389,8158,13443,2107,76,12177,1.0,22:47,2015,2016
2015-16,2590,Mo Williams,Mo,1610612739,CLE,Cleveland Cavaliers,21500667,2016-01-25T00:00:00,CLE vs. MIN,W,5.4,0.0,0.0,0.0,0.0,0.0,0.0,0.0,0.0,0.0,0.0,0.0,0.0,2.0,0.0,0.0,0.0,0.0,1.0,0.0,0.0,2.0,3.0,0,0,2.0,1,1,13006,1,24223,22516,24912,22516,11051,17277,11051,14161,15066,14161,13060,22257,23167,8082,16943,12313,8004,8866,14690,18762,23226,10013,23648,2107,76,23978,1.0,5:22,2015,2016
2015-16,2544,LeBron James,LeBron,1610612739,CLE,Cleveland Cavaliers,21500659,2016-01-23T00:00:00,CLE vs. CHI,L,39.7,11.0,27.0,0.407,0.0,5.0,0.0,4.0,7.0,0.571,3.0,10.0,13.0,9.0,1.0,2.0,1.0,1.0,3.0,5.0,26.0,-2.0,63.1,1,0,54.0,1,13074,1,13074,807,393,50,14029,11051,2959,11051,2791,1485,10651,1576,488,485,508,9196,1588,2692,2492,3976,1539,895,14281,119,1,76,266,1.0,39:44,2015,2016
2015-16,2747,JR Smith,JR,1610612739,CLE,Cleveland Cavaliers,21500659,2016-01-23T00:00:00,CLE vs. CHI,L,38.6,7.0,17.0,0.412,2.0,7.0,0.286,2.0,4.0,0.5,1.0,10.0,11.0,1.0,0.0,0.0,1.0,1.0,2.0,3.0,18.0,-5.0,35.7,1,0,34.0,1,13074,1,13074,1221,2864,1681,13908,2550,1138,8900,6499,4140,10753,6390,488,1106,12251,16943,12313,2692,2492,8439,4736,3558,17477,3578,1,76,3364,1.0,38:36,2015,2016
2015-16,2592,James Jones,James,1610612739,CLE,Cleveland Cavaliers,21500659,2016-01-23T00:00:00,CLE vs. CHI,L,6.5,0.0,0.0,0.0,0.0,0.0,0.0,0.0,0.0,0.0,0.0,0.0,0.0,0.0,0.0,0.0,1.0,0.0,1.0,0.0,0.0,-3.0,3.0,0,0,2.0,1,13074,1,13074,23749,22516,24912,22516,11051,17277,11051,14161,15066,14161,13060,22257,23167,18354,16943,12313,2692,8866,14690,18762,23226,15372,23648,2107,76,23978,1.0,6:30,2015,2016
2015-16,203521,Matthew Dellavedova,Matthew,1610612739,CLE,Cleveland Cavaliers,21500659,2016-01-23T00:00:00,CLE vs. CHI,L,22.6,2.0,5.0,0.4,1.0,2.0,0.5,0.0,0.0,0.0,0.0,1.0,1.0,1.0,0.0,0.0,0.0,0.0,2.0,0.0,5.0,-16.0,7.7,0,0,8.0,1,13074,1,13074,13656,14994,16058,14037,5519,9677,3313,14161,15066,14161,13060,17769,19693,12251,16943,12313,8004,8866,8439,18762,16838,24301,20733,2107,76,20022,1.0,22:39,2015,2016
2015-16,202684,Tristan Thompson,Tristan,1610612739,CLE,Cleveland Cavaliers,21500659,2016-01-23T00:00:00,CLE vs. CHI,L,21.8,0.0,2.0,0.0,0.0,0.0,0.0,1.0,4.0,0.25,4.0,1.0,5.0,0.0,1.0,0.0,0.0,0.0,4.0,4.0,1.0,-19.0,6.0,0,0,6.0,1,13074,1,13074,14365,22516,21813,22516,11051,17277,11051,10755,4140,13955,779,17769,7203,18354,9196,12313,8004,8866,1394,2748,22968,25066,21878,2107,76,21429,1.0,21:46,2015,2016
2015-16,202389,Timofey Mozgov,Timofey,1610612739,CLE,Cleveland Cavaliers,21500659,2016-01-23T00:00:00,CLE vs. CHI,L,21.1,3.0,8.0,0.375,0.0,0.0,0.0,0.0,2.0,0.0,4.0,2.0,6.0,0.0,0.0,0.0,1.0,2.0,0.0,1.0,6.0,3.0,16.2,0,0,14.0,1,13074,1,13074,14960,11544,10529,15466,11051,17277,11051,14161,8140,14161,779,13353,5415,18354,16943,12313,2692,639,21108,12373,15190,9063,14436,2107,76,15285,1.0,21:07,2015,2016
2015-16,201567,Kevin Love,Kevin,1610612739,CLE,Cleveland Cavaliers,21500659,2016-01-23T00:00:00,CLE vs. CHI,L,33.1,6.0,12.0,0.5,1.0,5.0,0.2,1.0,4.0,0.25,1.0,4.0,5.0,2.0,1.0,1.0,0.0,0.0,3.0,3.0,14.0,-7.0,25.0,0,0,24.0,1,13074,1,13074,5079,4268,5215,7886,5519,2959,10165,10755,4140,13955,6390,6568,7203,8082,9196,4706,8004,8866,3976,4736,6324,19310,8485,2107,76,8132,1.0,33:03,2015,2016
2015-16,202681,Kyrie Irving,Kyrie,1610612739,CLE,Cleveland Cavaliers,21500659,2016-01-23T00:00:00,CLE vs. CHI,L,31.2,5.0,16.0,0.313,0.0,2.0,0.0,1.0,1.0,1.0,2.0,1.0,3.0,3.0,0.0,2.0,1.0,1.0,1.0,0.0,11.0,0.0,28.1,0,0,23.0,1,13074,1,13074,6565,6175,2178,18542,11051,9677,11051,10755,13680,1,3138,17769,12520,5322,16943,1588,2692,2492,14690,18762,9124,12042,6818,2107,76,8747,1.0,31:11,2015,2016
2015-16,2590,Mo Williams,Mo,1610612739,CLE,Cleveland Cavaliers,21500659,2016-01-23T00:00:00,CLE vs. CHI,L,3.0,0.0,1.0,0.0,0.0,0.0,0.0,0.0,0.0,0.0,0.0,1.0,1.0,0.0,0.0,0.0,0.0,0.0,0.0,1.0,0.0,-7.0,1.2,0,0,1.0,1,13074,1,13074,25136,22516,23432,22516,11051,17277,11051,14161,15066,14161,13060,17769,19693,18354,16943,12313,8004,8866,21108,12373,23226,19310,24661,2107,76,24654,1.0,2:58,2015,2016
2015-16,202697,Iman Shumpert,Iman,1610612739,CLE,Cleveland Cavaliers,21500659,2016-01-23T00:00:00,CLE vs. CHI,L,22.4,1.0,6.0,0.167,0.0,3.0,0.0,0.0,0.0,0.0,1.0,2.0,3.0,1.0,1.0,0.0,0.0,0.0,2.0,1.0,2.0,-9.0,6.1,0,0,6.0,1,13074,1,13074,13807,18695,14041,21747,11051,6890,11051,14161,15066,14161,6390,13353,12520,12251,9196,12313,8004,8866,8439,12373,20822,20888,21845,2107,76,21429,1.0,22:26,2015,2016
2015-16,202684,Tristan Thompson,Tristan,1610612739,CLE,Cleveland Cavaliers,21500640,2016-01-21T00:00:00,CLE vs. LAC,W,23.8,2.0,6.0,0.333,0.0,0.0,0.0,4.0,6.0,0.667,5.0,7.0,12.0,0.0,2.0,0.0,0.0,0.0,4.0,5.0,8.0,7.0,20.4,0,0,20.0,1,1,13006,1,12778,14994,14041,16528,11051,17277,11051,2791,2017,9461,377,1973,752,18354,4412,12313,8004,8866,1394,1539,12541,5888,11453,2107,76,10747,1.0,23:45,2015,2016
2015-16,203521,Matthew Dellavedova,Matthew,1610612739,CLE,Cleveland Cavaliers,21500640,2016-01-21T00:00:00,CLE vs. LAC,W,27.5,3.0,8.0,0.375,0.0,4.0,0.0,0.0,0.0,0.0,1.0,2.0,3.0,6.0,3.0,1.0,0.0,1.0,2.0,0.0,6.0,-8.0,18.6,0,0,17.0,1,1,13006,1,9616,11544,10529,15466,11051,4617,11051,14161,15066,14161,6390,13353,12520,1638,1969,4706,8004,2492,8439,18762,15190,20129,12715,2107,76,12877,1.0,27:29,2015,2016
2015-16,2747,JR Smith,JR,1610612739,CLE,Cleveland Cavaliers,21500640,2016-01-21T00:00:00,CLE vs. LAC,W,33.0,8.0,12.0,0.667,6.0,7.0,0.857,0.0,0.0,0.0,1.0,1.0,2.0,2.0,0.0,0.0,0.0,0.0,5.0,0.0,22.0,30.0,27.4,0,0,32.0,1,1,13006,1,5152,1806,5215,2883,78,1138,1500,14161,15066,14161,6390,17769,16063,8082,16943,12313,8004,8866,253,18762,1866,120,7179,2107,76,4082,1.0,32:58,2015,2016
2015-16,201567,Kevin Love,Kevin,1610612739,CLE,Cleveland Cavaliers,21500640,2016-01-21T00:00:00,CLE vs. LAC,W,33.5,4.0,10.0,0.4,3.0,6.0,0.5,7.0,8.0,0.875,2.0,14.0,16.0,2.0,5.0,1.0,0.0,0.0,3.0,7.0,18.0,11.0,38.2,1,0,41.0,1,1,13006,1,4755,8539,7514,14037,1083,1860,3313,705,922,6721,3138,48,152,8082,351,4706,8004,8866,3976,469,3558,3629,2854,1,76,1537,1.0,33:29,2015,2016
2015-16,203099,Jared Cunningham,Jared,1610612739,CLE,Cleveland Cavaliers,21500640,2016-01-21T00:00:00,CLE vs. LAC,W,2.4,0.0,0.0,0.0,0.0,0.0,0.0,0.0,0.0,0.0,0.0,0.0,0.0,0.0,0.0,0.0,0.0,0.0,0.0,0.0,0.0,-6.0,0.0,0,0,0.0,1,1,13006,1,25386,22516,24912,22516,11051,17277,11051,14161,15066,14161,13060,22257,23167,18354,16943,12313,8004,8866,21108,18762,23226,18431,25170,2107,76,25215,1.0,2:23,2015,2016
2015-16,2592,James Jones,James,1610612739,CLE,Cleveland Cavaliers,21500640,2016-01-21T00:00:00,CLE vs. LAC,W,13.4,0.0,0.0,0.0,0.0,0.0,0.0,0.0,0.0,0.0,0.0,0.0,0.0,1.0,1.0,0.0,0.0,0.0,4.0,0.0,0.0,0.0,0.5,0,0,1.0,1,1,13006,1,20756,22516,24912,22516,11051,17277,11051,14161,15066,14161,13060,22257,23167,12251,9196,12313,8004,8866,1394,18762,23226,12042,25056,2107,76,24654,1.0,13:23,2015,2016
2015-16,202697,Iman Shumpert,Iman,1610612739,CLE,Cleveland Cavaliers,21500640,2016-01-21T00:00:00,CLE vs. LAC,W,20.5,3.0,6.0,0.5,1.0,3.0,0.333,0.0,0.0,0.0,1.0,1.0,2.0,1.0,1.0,0.0,0.0,0.0,4.0,0.0,7.0,-7.0,9.9,0,0,11.0,1,1,13006,1,15477,11544,14041,7886,5519,6890,7128,14161,15066,14161,6390,17769,16063,12251,9196,12313,8004,8866,1394,18762,14029,19310,19247,2107,76,17702,1.0,20:30,2015,2016
2015-16,2544,LeBron James,LeBron,1610612739,CLE,Cleveland Cavaliers,21500640,2016-01-21T00:00:00,CLE vs. LAC,W,35.2,9.0,17.0,0.529,1.0,4.0,0.25,3.0,5.0,0.6,1.0,4.0,5.0,12.0,0.0,0.0,0.0,0.0,4.0,6.0,22.0,21.0,46.0,1,0,40.0,1,1,13006,1,3398,1155,1681,7700,5519,4617,9116,4469,3208,10435,6390,6568,7203,133,16943,12313,8004,8866,1394,873,1866,743,1198,1,76,1725,1.0,35:11,2015,2016
2015-16,202389,Timofey Mozgov,Timofey,1610612739,CLE,Cleveland Cavaliers,21500640,2016-01-21T00:00:00,CLE vs. LAC,W,22.3,5.0,6.0,0.833,0.0,0.0,0.0,1.0,2.0,0.5,2.0,3.0,5.0,1.0,0.0,2.0,2.0,0.0,2.0,1.0,11.0,2.0,30.5,0,0,25.0,1,1,13006,1,13890,6175,14041,1260,11051,17277,11051,10755,8140,10753,3138,9493,7203,12251,16943,1588,932,8866,8439,12373,9124,10013,5620,2107,76,7525,1.0,22:20,2015,2016
2015-16,202681,Kyrie Irving,Kyrie,1610612739,CLE,Cleveland Cavaliers,21500640,2016-01-21T00:00:00,CLE vs. LAC,W,28.5,8.0,18.0,0.444,2.0,4.0,0.5,3.0,3.0,1.0,1.0,1.0,2.0,4.0,1.0,1.0,0.0,2.0,3.0,2.0,21.0,15.0,31.4,0,0,31.0,1,1,13006,1,8779,1806,1283,12281,2550,4617,3313,4469,6741,1,6390,17769,16063,3513,9196,4706,8004,639,3976,7786,2210,2059,5218,2107,76,4495,1.0,28:32,2015,2016
2015-16,202697,Iman Shumpert,Iman,1610612739,CLE,Cleveland Cavaliers,21500631,2016-01-20T00:00:00,CLE @ BKN,W,30.0,2.0,7.0,0.286,1.0,3.0,0.333,1.0,2.0,0.5,1.0,2.0,3.0,1.0,1.0,2.0,2.0,0.0,0.0,2.0,6.0,15.0,22.1,0,0,19.0,1,1,13006,1,7581,14994,12208,19020,5519,6890,7128,10755,8140,10753,6390,13353,12520,12251,9196,1588,932,8866,21108,7786,15190,2059,10332,2107,76,11453,1.0,29:58,2015,2016
2015-16,203521,Matthew Dellavedova,Matthew,1610612739,CLE,Cleveland Cavaliers,21500631,2016-01-20T00:00:00,CLE @ BKN,W,20.2,3.0,3.0,1.0,0.0,0.0,0.0,2.0,2.0,1.0,0.0,3.0,3.0,3.0,0.0,0.0,0.0,0.0,2.0,2.0,8.0,15.0,16.1,0,0,14.0,1,1,13006,1,15746,11544,19997,1,11051,17277,11051,6499,8140,1,13060,9493,12520,5322,16943,12313,8004,8866,8439,7786,12541,2059,14515,2107,76,15285,1.0,20:11,2015,2016
2015-16,201567,Kevin Love,Kevin,1610612739,CLE,Cleveland Cavaliers,21500631,2016-01-20T00:00:00,CLE @ BKN,W,31.3,5.0,10.0,0.5,1.0,3.0,0.333,6.0,8.0,0.75,0.0,18.0,18.0,0.0,4.0,2.0,0.0,0.0,3.0,4.0,17.0,18.0,40.6,1,0,40.0,1,1,13006,1,6467,6175,7514,7886,5519,6890,7128,1100,922,8103,13060,3,62,18354,841,1588,8004,8866,3976,2748,4170,1238,2230,1,76,1725,1.0,31:19,2015,2016
2015-16,2544,LeBron James,LeBron,1610612739,CLE,Cleveland Cavaliers,21500631,2016-01-20T00:00:00,CLE @ BKN,W,29.0,7.0,12.0,0.583,1.0,1.0,1.0,2.0,4.0,0.5,0.0,1.0,1.0,5.0,4.0,1.0,1.0,0.0,1.0,2.0,17.0,15.0,27.7,0,0,28.0,1,1,13006,1,8342,2864,5215,5861,5519,13174,1,6499,4140,10753,13060,17769,19693,2408,841,4706,2692,8866,14690,7786,4170,2059,7008,2107,76,5884,1.0,29:03,2015,2016
2015-16,2592,James Jones,James,1610612739,CLE,Cleveland Cavaliers,21500631,2016-01-20T00:00:00,CLE @ BKN,W,16.7,0.0,3.0,0.0,0.0,3.0,0.0,0.0,0.0,0.0,0.0,1.0,1.0,0.0,0.0,1.0,0.0,0.0,1.0,0.0,0.0,-5.0,4.2,0,0,3.0,1,1,13006,1,18507,22516,19997,22516,11051,6890,11051,14161,15066,14161,13060,17769,19693,18354,16943,4706,8004,8866,14690,18762,23226,17477,22976,2107,76,23463,1.0,16:41,2015,2016
2015-16,202389,Timofey Mozgov,Timofey,1610612739,CLE,Cleveland Cavaliers,21500631,2016-01-20T00:00:00,CLE @ BKN,W,20.2,5.0,9.0,0.556,0.0,0.0,0.0,1.0,2.0,0.5,2.0,3.0,5.0,0.0,0.0,0.0,0.0,1.0,2.0,2.0,11.0,-1.0,17.0,0,0,16.0,1,1,13006,1,15713,6175,8964,6726,11051,17277,11051,10755,8140,10753,3138,9493,7203,18354,16943,12313,8004,2492,8439,7786,9124,13184,13855,2107,76,13654,1.0,20:13,2015,2016
2015-16,202681,Kyrie Irving,Kyrie,1610612739,CLE,Cleveland Cavaliers,21500631,2016-01-20T00:00:00,CLE @ BKN,W,21.3,4.0,7.0,0.571,1.0,2.0,0.5,0.0,0.0,0.0,0.0,1.0,1.0,5.0,2.0,0.0,0.0,1.0,0.0,1.0,9.0,8.0,15.7,0,0,16.0,1,1,13006,1,14801,8539,12208,6087,5519,9677,3313,14161,15066,14161,13060,17769,19693,2408,4412,12313,8004,2492,21108,12373,11389,5243,14841,2107,76,13654,1.0,21:17,2015,2016
2015-16,202684,Tristan Thompson,Tristan,1610612739,CLE,Cleveland Cavaliers,21500631,2016-01-20T00:00:00,CLE @ BKN,W,27.8,6.0,8.0,0.75,0.0,0.0,0.0,2.0,2.0,1.0,3.0,7.0,10.0,1.0,0.0,0.0,0.0,0.0,0.0,1.0,14.0,14.0,27.5,1,0,25.0,1,1,13006,1,9395,4268,10529,1788,11051,17277,11051,6499,8140,1,1576,1973,1598,12251,16943,12313,8004,8866,21108,12373,6324,2411,7137,1,76,7525,1.0,27:47,2015,2016
2015-16,2747,JR Smith,JR,1610612739,CLE,Cleveland Cavaliers,21500631,2016-01-20T00:00:00,CLE @ BKN,W,25.0,2.0,9.0,0.222,0.0,2.0,0.0,0.0,0.0,0.0,0.0,3.0,3.0,0.0,1.0,0.0,0.0,2.0,1.0,0.0,4.0,-1.0,6.6,0,0,7.0,1,1,13006,1,11698,14994,8964,20877,11051,9677,11051,14161,15066,14161,13060,9493,12520,18354,9196,12313,8004,639,14690,18762,18063,13184,21445,2107,76,20722,1.0,24:58,2015,2016
2015-16,2590,Mo Williams,Mo,1610612739,CLE,Cleveland Cavaliers,21500631,2016-01-20T00:00:00,CLE @ BKN,W,6.4,1.0,7.0,0.143,0.0,1.0,0.0,0.0,0.0,0.0,0.0,0.0,0.0,0.0,1.0,0.0,0.0,0.0,0.0,2.0,2.0,-8.0,1.0,0,0,2.0,1,1,13006,1,23794,18695,12208,22109,11051,13174,11051,14161,15066,14161,13060,22257,23167,18354,9196,12313,8004,8866,21108,7786,20822,20129,24960,2107,76,23978,1.0,6:22,2015,2016
2015-16,2210,Richard Jefferson,Richard,1610612739,CLE,Cleveland Cavaliers,21500631,2016-01-20T00:00:00,CLE @ BKN,W,9.6,1.0,2.0,0.5,1.0,2.0,0.5,0.0,0.0,0.0,0.0,0.0,0.0,0.0,0.0,0.0,0.0,0.0,1.0,0.0,3.0,-1.0,3.0,0,0,4.0,1,1,13006,1,22600,18695,21813,7886,5519,9677,3313,14161,15066,14161,13060,22257,23167,18354,16943,12313,8004,8866,14690,18762,19720,13184,23648,2107,76,22829,1.0,9:34,2015,2016
2015-16,203099,Jared Cunningham,Jared,1610612739,CLE,Cleveland Cavaliers,21500631,2016-01-20T00:00:00,CLE @ BKN,W,2.6,0.0,0.0,0.0,0.0,0.0,0.0,0.0,0.0,0.0,0.0,0.0,0.0,0.0,0.0,0.0,0.0,0.0,2.0,0.0,0.0,-4.0,0.0,0,0,0.0,1,1,13006,1,25281,22516,24912,22516,11051,17277,11051,14161,15066,14161,13060,22257,23167,18354,16943,12313,8004,8866,8439,18762,23226,16419,25170,2107,76,25215,1.0,2:37,2015,2016
2015-16,203521,Matthew Dellavedova,Matthew,1610612739,CLE,Cleveland Cavaliers,21500622,2016-01-18T00:00:00,CLE vs. GSW,L,27.8,4.0,8.0,0.5,3.0,4.0,0.75,0.0,0.0,0.0,0.0,1.0,1.0,6.0,1.0,0.0,0.0,0.0,0.0,1.0,11.0,-13.0,20.2,0,0,21.0,1,13074,1,13074,9366,8539,10529,7886,1083,4617,1633,14161,15066,14161,13060,17769,19693,1638,9196,12313,8004,8866,21108,12373,9124,23150,11610,2107,76,10048,1.0,27:49,2015,2016
2015-16,202684,Tristan Thompson,Tristan,1610612739,CLE,Cleveland Cavaliers,21500622,2016-01-18T00:00:00,CLE vs. GSW,L,12.4,0.0,1.0,0.0,0.0,0.0,0.0,2.0,2.0,1.0,1.0,1.0,2.0,0.0,0.0,0.0,0.0,0.0,4.0,1.0,2.0,-15.0,4.4,0,0,4.0,1,13074,1,13074,21356,22516,23432,22516,11051,17277,11051,6499,8140,1,6390,17769,16063,18354,16943,12313,8004,8866,1394,12373,20822,23948,22837,2107,76,22829,1.0,12:21,2015,2016
2015-16,2592,James Jones,James,1610612739,CLE,Cleveland Cavaliers,21500622,2016-01-18T00:00:00,CLE vs. GSW,L,11.2,3.0,5.0,0.6,1.0,3.0,0.333,1.0,1.0,1.0,0.0,0.0,0.0,1.0,1.0,0.0,0.0,0.0,4.0,1.0,8.0,-4.0,8.5,0,0,10.0,1,13074,1,13074,21937,11544,16058,4873,5519,6890,7128,10755,13680,1,13060,22257,23167,12251,9196,12313,8004,8866,1394,12373,12541,16419,20215,2107,76,18488,1.0,11:13,2015,2016
2015-16,202389,Timofey Mozgov,Timofey,1610612739,CLE,Cleveland Cavaliers,21500622,2016-01-18T00:00:00,CLE vs. GSW,L,14.7,3.0,6.0,0.5,0.0,0.0,0.0,0.0,0.0,0.0,1.0,2.0,3.0,0.0,1.0,0.0,1.0,1.0,5.0,1.0,6.0,-19.0,11.6,0,0,11.0,1,13074,1,13074,19960,11544,14041,7886,11051,17277,11051,14161,15066,14161,6390,13353,12520,18354,9196,12313,2692,2492,253,12373,15190,25066,17970,2107,76,17702,1.0,14:42,2015,2016
2015-16,2210,Richard Jefferson,Richard,1610612739,CLE,Cleveland Cavaliers,21500622,2016-01-18T00:00:00,CLE vs. GSW,L,18.1,1.0,1.0,1.0,1.0,1.0,1.0,3.0,4.0,0.75,0.0,3.0,3.0,0.0,1.0,0.0,1.0,0.0,1.0,2.0,6.0,-8.0,11.6,0,0,12.0,1,13074,1,13074,17477,18695,23432,1,5519,13174,1,4469,4140,8103,13060,9493,12520,18354,9196,12313,2692,8866,14690,7786,15190,20129,17970,2107,76,16886,1.0,18:03,2015,2016
2015-16,2747,JR Smith,JR,1610612739,CLE,Cleveland Cavaliers,21500622,2016-01-18T00:00:00,CLE vs. GSW,L,20.9,6.0,9.0,0.667,0.0,0.0,0.0,2.0,6.0,0.333,1.0,1.0,2.0,1.0,1.0,1.0,0.0,0.0,1.0,5.0,14.0,-31.0,19.9,0,0,19.0,1,13074,1,13074,15140,4268,8964,2883,11051,17277,11051,6499,2017,13688,6390,17769,16063,12251,9196,4706,8004,8866,14690,1539,6324,26006,11824,2107,76,11453,1.0,20:54,2015,2016
2015-16,202697,Iman Shumpert,Iman,1610612739,CLE,Cleveland Cavaliers,21500622,2016-01-18T00:00:00,CLE vs. GSW,L,29.1,4.0,6.0,0.667,0.0,1.0,0.0,2.0,3.0,0.667,0.0,2.0,2.0,0.0,3.0,0.0,0.0,0.0,6.0,2.0,10.0,-14.0,9.4,0,0,12.0,1,13074,1,13074,8286,8539,14041,2883,11051,13174,11051,6499,6741,9461,13060,13353,16063,18354,1969,12313,8004,8866,1,7786,10151,23559,19568,2107,76,16886,1.0,29:07,2015,2016
2015-16,2760,Anderson Varejao,Anderson,1610612739,CLE,Cleveland Cavaliers,21500622,2016-01-18T00:00:00,CLE vs. GSW,L,17.1,2.0,4.0,0.5,0.0,0.0,0.0,1.0,2.0,0.5,0.0,4.0,4.0,3.0,1.0,1.0,0.0,0.0,1.0,4.0,5.0,4.0,16.3,0,0,14.0,1,13074,1,13074,18182,14994,18073,7886,11051,17277,11051,10755,8140,10753,13060,6568,9586,5322,9196,4706,8004,8866,14690,2748,16838,8158,14372,2107,76,15285,1.0,17:08,2015,2016
2015-16,203099,Jared Cunningham,Jared,1610612739,CLE,Cleveland Cavaliers,21500622,2016-01-18T00:00:00,CLE vs. GSW,L,12.0,3.0,5.0,0.6,0.0,1.0,0.0,3.0,4.0,0.75,1.0,2.0,3.0,1.0,0.0,0.0,0.0,0.0,1.0,2.0,9.0,3.0,14.1,0,0,13.0,1,13074,1,13074,21529,11544,16058,4873,11051,13174,11051,4469,4140,8103,6390,13353,12520,12251,16943,12313,8004,8866,14690,7786,11389,9063,16094,2107,76,16097,1.0,12:00,2015,2016
2015-16,201567,Kevin Love,Kevin,1610612739,CLE,Cleveland Cavaliers,21500622,2016-01-18T00:00:00,CLE vs. GSW,L,21.2,1.0,5.0,0.2,1.0,3.0,0.333,0.0,0.0,0.0,1.0,5.0,6.0,2.0,1.0,0.0,1.0,0.0,1.0,0.0,3.0,-18.0,15.2,0,0,14.0,1,13074,1,13074,14849,18695,16058,21086,5519,6890,7128,14161,15066,14161,6390,4465,5415,8082,9196,12313,2692,8866,14690,18762,19720,24835,15219,2107,76,15285,1.0,21:14,2015,2016
2015-16,2544,LeBron James,LeBron,1610612739,CLE,Cleveland Cavaliers,21500622,2016-01-18T00:00:00,CLE vs. GSW,L,32.9,7.0,16.0,0.438,0.0,3.0,0.0,2.0,2.0,1.0,1.0,4.0,5.0,5.0,3.0,1.0,1.0,1.0,1.0,5.0,16.0,-34.0,32.5,0,0,30.0,1,13074,1,13074,5218,2864,2178,12768,11051,6890,11051,6499,8140,1,6390,6568,7203,2408,1969,4706,2692,2492,14690,1539,4835,26033,4726,2107,76,4936,1.0,32:53,2015,2016
2015-16,202681,Kyrie Irving,Kyrie,1610612739,CLE,Cleveland Cavaliers,21500622,2016-01-18T00:00:00,CLE vs. GSW,L,22.6,3.0,11.0,0.273,1.0,3.0,0.333,1.0,1.0,1.0,2.0,3.0,5.0,3.0,2.0,0.0,0.0,0.0,0.0,1.0,8.0,-21.0,16.5,0,0,17.0,1,13074,1,13074,13689,11544,6284,19531,5519,6890,7128,10755,13680,1,3138,9493,7203,5322,4412,12313,8004,8866,21108,12373,12541,25390,14224,2107,76,12877,1.0,22:36,2015,2016
2015-16,202681,Kyrie Irving,Kyrie,1610612739,CLE,Cleveland Cavaliers,21500601,2016-01-15T00:00:00,CLE @ HOU,W,29.6,9.0,17.0,0.529,1.0,5.0,0.2,4.0,5.0,0.8,0.0,4.0,4.0,1.0,1.0,0.0,1.0,0.0,2.0,5.0,23.0,7.0,31.3,0,0,31.0,1,1,13006,1,7919,1155,1681,7700,5519,2959,10165,2791,3208,7601,13060,6568,9586,12251,9196,12313,2692,8866,8439,1539,1593,5888,5258,2107,76,4495,1.0,29:34,2015,2016
2015-16,2544,LeBron James,LeBron,1610612739,CLE,Cleveland Cavaliers,21500601,2016-01-15T00:00:00,CLE @ HOU,W,36.4,7.0,14.0,0.5,1.0,2.0,0.5,4.0,6.0,0.667,2.0,5.0,7.0,7.0,4.0,0.0,2.0,2.0,1.0,4.0,19.0,10.0,39.9,0,0,38.0,1,1,13006,1,2484,2864,3506,7886,5519,9677,3313,2791,2017,9461,3138,4465,3953,1118,841,12313,932,639,14690,2748,3065,4134,2396,2107,76,2174,1.0,36:23,2015,2016
2015-16,202697,Iman Shumpert,Iman,1610612739,CLE,Cleveland Cavaliers,21500601,2016-01-15T00:00:00,CLE @ HOU,W,27.5,1.0,7.0,0.143,0.0,3.0,0.0,0.0,0.0,0.0,2.0,1.0,3.0,3.0,1.0,2.0,1.0,0.0,2.0,0.0,2.0,7.0,18.1,0,0,14.0,1,1,13006,1,9578,18695,12208,22109,11051,6890,11051,14161,15066,14161,3138,17769,12520,5322,9196,1588,2692,8866,8439,18762,20822,5888,13090,2107,76,15285,1.0,27:32,2015,2016
2015-16,203521,Matthew Dellavedova,Matthew,1610612739,CLE,Cleveland Cavaliers,21500601,2016-01-15T00:00:00,CLE @ HOU,W,22.9,1.0,6.0,0.167,0.0,2.0,0.0,1.0,2.0,0.5,3.0,2.0,5.0,3.0,2.0,3.0,0.0,1.0,3.0,1.0,3.0,9.0,20.5,0,0,17.0,1,1,13006,1,13429,18695,14041,21747,11051,9677,11051,10755,8140,10753,1576,13353,7203,5322,4412,501,8004,2492,3976,12373,19720,4633,11401,2107,76,12877,1.0,22:57,2015,2016
2015-16,2747,JR Smith,JR,1610612739,CLE,Cleveland Cavaliers,21500601,2016-01-15T00:00:00,CLE @ HOU,W,26.0,5.0,15.0,0.333,2.0,12.0,0.167,1.0,2.0,0.5,1.0,4.0,5.0,0.0,1.0,1.0,0.0,0.0,3.0,2.0,13.0,9.0,21.0,0,0,22.0,1,1,13006,1,10868,6175,2795,16528,2550,79,10673,10755,8140,10753,6390,6568,7203,18354,9196,4706,8004,8866,3976,7786,7214,4633,11077,2107,76,9378,1.0,25:58,2015,2016
2015-16,201567,Kevin Love,Kevin,1610612739,CLE,Cleveland Cavaliers,21500601,2016-01-15T00:00:00,CLE @ HOU,W,32.6,4.0,13.0,0.308,3.0,8.0,0.375,0.0,0.0,0.0,3.0,10.0,13.0,1.0,5.0,3.0,0.0,2.0,2.0,1.0,11.0,7.0,32.1,1,0,34.0,1,1,13006,1,5434,8539,4281,18598,1083,705,6970,14161,15066,14161,1576,488,485,12251,351,501,8004,639,8439,12373,9124,5888,4889,1,76,3364,1.0,32:35,2015,2016
2015-16,202684,Tristan Thompson,Tristan,1610612739,CLE,Cleveland Cavaliers,21500601,2016-01-15T00:00:00,CLE @ HOU,W,22.4,4.0,4.0,1.0,0.0,0.0,0.0,2.0,2.0,1.0,3.0,2.0,5.0,1.0,0.0,0.0,1.0,0.0,4.0,2.0,10.0,7.0,20.5,0,0,18.0,1,1,13006,1,13833,8539,18073,1,11051,17277,11051,6499,8140,1,1576,13353,7203,12251,16943,12313,2692,8866,1394,7786,10151,5888,11401,2107,76,12177,1.0,22:24,2015,2016
2015-16,201619,Sasha Kaun,Sasha,1610612739,CLE,Cleveland Cavaliers,21500601,2016-01-15T00:00:00,CLE @ HOU,W,2.2,0.0,0.0,0.0,0.0,0.0,0.0,0.0,2.0,0.0,1.0,0.0,1.0,0.0,0.0,0.0,0.0,0.0,0.0,1.0,0.0,-4.0,1.2,0,0,1.0,1,1,13006,1,25468,22516,24912,22516,11051,17277,11051,14161,8140,14161,6390,22257,19693,18354,16943,12313,8004,8866,21108,12373,23226,16419,24661,2107,76,24654,1.0,2:09,2015,2016
2015-16,203099,Jared Cunningham,Jared,1610612739,CLE,Cleveland Cavaliers,21500601,2016-01-15T00:00:00,CLE @ HOU,W,3.0,0.0,2.0,0.0,0.0,1.0,0.0,0.0,0.0,0.0,0.0,0.0,0.0,0.0,0.0,0.0,0.0,1.0,0.0,0.0,0.0,-6.0,0.0,0,0,0.0,1,1,13006,1,25127,22516,21813,22516,11051,13174,11051,14161,15066,14161,13060,22257,23167,18354,16943,12313,8004,2492,21108,18762,23226,18431,25170,2107,76,25215,1.0,3:00,2015,2016
2015-16,2210,Richard Jefferson,Richard,1610612739,CLE,Cleveland Cavaliers,21500601,2016-01-15T00:00:00,CLE @ HOU,W,12.2,1.0,2.0,0.5,1.0,2.0,0.5,1.0,2.0,0.5,1.0,1.0,2.0,0.0,0.0,0.0,0.0,0.0,2.0,2.0,4.0,7.0,6.4,0,0,7.0,1,1,13006,1,21415,18695,21813,7886,5519,9677,3313,10755,8140,10753,6390,17769,16063,18354,16943,12313,8004,8866,8439,7786,18063,5888,21589,2107,76,20722,1.0,12:15,2015,2016
2015-16,202389,Timofey Mozgov,Timofey,1610612739,CLE,Cleveland Cavaliers,21500601,2016-01-15T00:00:00,CLE @ HOU,W,17.6,1.0,2.0,0.5,0.0,0.0,0.0,0.0,0.0,0.0,0.0,2.0,2.0,1.0,0.0,0.0,1.0,0.0,3.0,0.0,2.0,2.0,8.9,0,0,7.0,1,1,13006,1,17834,18695,21813,7886,11051,17277,11051,14161,15066,14161,13060,13353,16063,12251,16943,12313,2692,8866,3976,18762,20822,10013,19914,2107,76,20722,1.0,17:35,2015,2016
2015-16,2760,Anderson Varejao,Anderson,1610612739,CLE,Cleveland Cavaliers,21500601,2016-01-15T00:00:00,CLE @ HOU,W,7.6,1.0,5.0,0.2,0.0,0.0,0.0,2.0,2.0,1.0,1.0,1.0,2.0,2.0,0.0,1.0,0.0,0.0,2.0,2.0,4.0,15.0,12.4,0,0,10.0,1,1,13006,1,23344,18695,16058,21086,11051,17277,11051,6499,8140,1,6390,17769,16063,8082,16943,4706,8004,8866,8439,7786,18063,2059,17418,2107,76,18488,1.0,7:39,2015,2016
2015-16,202681,Kyrie Irving,Kyrie,1610612739,CLE,Cleveland Cavaliers,21500590,2016-01-14T00:00:00,CLE @ SAS,L,32.4,6.0,17.0,0.353,2.0,5.0,0.4,2.0,2.0,1.0,0.0,2.0,2.0,4.0,3.0,1.0,0.0,2.0,1.0,1.0,16.0,-7.0,24.4,0,0,26.0,1,13074,1,13074,5552,4268,1681,16428,2550,2959,6308,6499,8140,1,13060,13353,16063,3513,1969,4706,8004,639,14690,12373,4835,19310,8867,2107,76,6962,1.0,32:26,2015,2016
2015-16,203099,Jared Cunningham,Jared,1610612739,CLE,Cleveland Cavaliers,21500590,2016-01-14T00:00:00,CLE @ SAS,L,0.3,0.0,0.0,0.0,0.0,0.0,0.0,0.0,0.0,0.0,0.0,0.0,0.0,0.0,0.0,0.0,0.0,0.0,0.0,0.0,0.0,0.0,0.0,0,0,0.0,1,13074,1,13074,26001,22516,24912,22516,11051,17277,11051,14161,15066,14161,13060,22257,23167,18354,16943,12313,8004,8866,21108,18762,23226,12042,25170,2107,76,25215,1.0,0:18,2015,2016
2015-16,2210,Richard Jefferson,Richard,1610612739,CLE,Cleveland Cavaliers,21500590,2016-01-14T00:00:00,CLE @ SAS,L,11.3,0.0,3.0,0.0,0.0,2.0,0.0,0.0,0.0,0.0,1.0,1.0,2.0,0.0,0.0,0.0,1.0,1.0,0.0,0.0,0.0,-12.0,5.4,0,0,4.0,1,13074,1,13074,21915,22516,19997,22516,11051,9677,11051,14161,15066,14161,6390,17769,16063,18354,16943,12313,2692,2492,21108,18762,23226,22671,22242,2107,76,22829,1.0,11:16,2015,2016
2015-16,202389,Timofey Mozgov,Timofey,1610612739,CLE,Cleveland Cavaliers,21500590,2016-01-14T00:00:00,CLE @ SAS,L,15.3,0.0,0.0,0.0,0.0,0.0,0.0,0.0,0.0,0.0,1.0,1.0,2.0,0.0,1.0,0.0,0.0,0.0,4.0,1.0,0.0,-6.0,1.4,0,0,2.0,1,13074,1,13074,19590,22516,24912,22516,11051,17277,11051,14161,15066,14161,6390,17769,16063,18354,9196,12313,8004,8866,1394,12373,23226,18431,24615,2107,76,23978,1.0,15:15,2015,2016
2015-16,202697,Iman Shumpert,Iman,1610612739,CLE,Cleveland Cavaliers,21500590,2016-01-14T00:00:00,CLE @ SAS,L,18.8,3.0,3.0,1.0,1.0,1.0,1.0,0.0,0.0,0.0,0.0,1.0,1.0,1.0,2.0,2.0,0.0,0.0,1.0,1.0,7.0,-13.0,13.7,0,0,14.0,1,13074,1,13074,16895,11544,19997,1,5519,13174,1,14161,15066,14161,13060,17769,19693,12251,4412,1588,8004,8866,14690,12373,14029,23150,16393,2107,76,15285,1.0,18:46,2015,2016
2015-16,2747,JR Smith,JR,1610612739,CLE,Cleveland Cavaliers,21500590,2016-01-14T00:00:00,CLE @ SAS,L,32.6,7.0,13.0,0.538,3.0,7.0,0.429,0.0,0.0,0.0,0.0,1.0,1.0,0.0,1.0,0.0,1.0,0.0,4.0,0.0,17.0,4.0,20.2,0,0,23.0,1,13074,1,13074,5447,2864,4281,7389,1083,1138,6081,14161,15066,14161,13060,17769,19693,18354,9196,12313,2692,8866,1394,18762,4170,8158,11610,2107,76,8747,1.0,32:34,2015,2016
2015-16,203521,Matthew Dellavedova,Matthew,1610612739,CLE,Cleveland Cavaliers,21500590,2016-01-14T00:00:00,CLE @ SAS,L,19.5,2.0,8.0,0.25,1.0,4.0,0.25,0.0,0.0,0.0,1.0,1.0,2.0,3.0,2.0,0.0,0.0,0.0,3.0,1.0,5.0,-2.0,9.9,0,0,11.0,1,13074,1,13074,16294,14994,10529,19755,5519,4617,9116,14161,15066,14161,6390,17769,16063,5322,4412,12313,8004,8866,3976,12373,16838,14281,19247,2107,76,17702,1.0,19:32,2015,2016
2015-16,201567,Kevin Love,Kevin,1610612739,CLE,Cleveland Cavaliers,21500590,2016-01-14T00:00:00,CLE @ SAS,L,37.2,4.0,10.0,0.4,2.0,4.0,0.5,0.0,0.0,0.0,0.0,12.0,12.0,1.0,2.0,0.0,0.0,1.0,3.0,2.0,10.0,6.0,23.9,1,0,25.0,1,13074,1,13074,1995,8539,7514,14037,2550,4617,3313,14161,15066,14161,13060,158,752,12251,4412,12313,8004,2492,3976,7786,10151,6628,9184,1,76,7525,1.0,37:09,2015,2016
2015-16,202684,Tristan Thompson,Tristan,1610612739,CLE,Cleveland Cavaliers,21500590,2016-01-14T00:00:00,CLE @ SAS,L,35.4,7.0,11.0,0.636,0.0,0.0,0.0,4.0,5.0,0.8,4.0,10.0,14.0,1.0,2.0,1.0,0.0,2.0,3.0,3.0,18.0,1.0,37.3,1,0,35.0,1,13074,1,13074,3224,2864,6284,4230,11051,17277,11051,2791,3208,7601,779,488,317,12251,4412,4706,8004,639,3976,4736,3558,11010,3105,1,76,3029,1.0,35:24,2015,2016
2015-16,2544,LeBron James,LeBron,1610612739,CLE,Cleveland Cavaliers,21500590,2016-01-14T00:00:00,CLE @ SAS,L,37.3,9.0,17.0,0.529,1.0,3.0,0.333,3.0,4.0,0.75,2.0,5.0,7.0,5.0,4.0,0.0,0.0,1.0,4.0,7.0,22.0,9.0,33.9,0,0,35.0,1,13074,1,13074,1872,1155,1681,7700,5519,6890,7128,4469,4140,8103,3138,4465,3953,2408,841,12313,8004,2492,1394,469,1866,4633,4208,2107,76,3029,1.0,37:20,2015,2016
2015-16,2210,Richard Jefferson,Richard,1610612739,CLE,Cleveland Cavaliers,21500575,2016-01-12T00:00:00,CLE @ DAL,W,13.1,1.0,4.0,0.25,0.0,2.0,0.0,0.0,0.0,0.0,0.0,3.0,3.0,1.0,0.0,0.0,0.0,1.0,2.0,0.0,2.0,5.0,7.1,0,0,6.0,1,1,13006,1,20934,18695,18073,19755,11051,9677,11051,14161,15066,14161,13060,9493,12520,12251,16943,12313,8004,2492,8439,18762,20822,7354,21141,2107,76,21429,1.0,13:04,2015,2016
2015-16,2747,JR Smith,JR,1610612739,CLE,Cleveland Cavaliers,21500575,2016-01-12T00:00:00,CLE @ DAL,W,39.7,4.0,7.0,0.571,2.0,5.0,0.4,0.0,0.0,0.0,0.0,1.0,1.0,3.0,0.0,3.0,0.0,0.0,1.0,1.0,10.0,3.0,24.7,0,0,22.0,1,1,13006,1,828,8539,12208,6087,2550,2959,6308,14161,15066,14161,13060,17769,19693,5322,16943,501,8004,8866,14690,12373,10151,9063,8673,2107,76,9378,1.0,39:40,2015,2016
2015-16,203521,Matthew Dellavedova,Matthew,1610612739,CLE,Cleveland Cavaliers,21500575,2016-01-12T00:00:00,CLE @ DAL,W,27.5,4.0,11.0,0.364,4.0,7.0,0.571,0.0,0.0,0.0,2.0,0.0,2.0,5.0,0.0,1.0,0.0,1.0,4.0,0.0,12.0,21.0,24.9,0,0,25.0,1,1,13006,1,9629,8539,6284,16042,439,1138,3090,14161,15066,14161,3138,22257,16063,2408,16943,4706,8004,2492,1394,18762,8086,743,8553,2107,76,7525,1.0,27:28,2015,2016
2015-16,2544,LeBron James,LeBron,1610612739,CLE,Cleveland Cavaliers,21500575,2016-01-12T00:00:00,CLE @ DAL,W,41.7,9.0,17.0,0.529,3.0,6.0,0.5,6.0,8.0,0.75,3.0,7.0,10.0,7.0,4.0,2.0,0.0,1.0,2.0,6.0,27.0,2.0,51.5,1,0,51.0,1,1,13006,1,354,1155,1681,7700,1083,1860,3313,1100,922,8103,1576,1973,1598,1118,841,1588,8004,2492,8439,873,744,10013,614,1,76,407,1.0,41:43,2015,2016
2015-16,201567,Kevin Love,Kevin,1610612739,CLE,Cleveland Cavaliers,21500575,2016-01-12T00:00:00,CLE @ DAL,W,37.3,5.0,19.0,0.263,3.0,9.0,0.333,2.0,2.0,1.0,6.0,5.0,11.0,0.0,0.0,0.0,2.0,0.0,3.0,2.0,15.0,-6.0,34.2,1,0,33.0,1,1,13006,1,1907,6175,964,19741,1083,402,7128,6499,8140,1,168,4465,1106,18354,16943,12313,932,8866,3976,7786,5598,18431,4092,1,76,3722,1.0,37:16,2015,2016
2015-16,202684,Tristan Thompson,Tristan,1610612739,CLE,Cleveland Cavaliers,21500575,2016-01-12T00:00:00,CLE @ DAL,W,23.0,1.0,2.0,0.5,0.0,0.0,0.0,0.0,0.0,0.0,1.0,5.0,6.0,1.0,0.0,0.0,0.0,0.0,2.0,1.0,2.0,-19.0,10.7,0,0,9.0,1,1,13006,1,13358,18695,21813,7886,11051,17277,11051,14161,15066,14161,6390,4465,5415,12251,16943,12313,8004,8866,8439,12373,20822,25066,18636,2107,76,19255,1.0,23:02,2015,2016
2015-16,202389,Timofey Mozgov,Timofey,1610612739,CLE,Cleveland Cavaliers,21500575,2016-01-12T00:00:00,CLE @ DAL,W,20.7,4.0,6.0,0.667,0.0,0.0,0.0,2.0,2.0,1.0,5.0,4.0,9.0,0.0,0.0,2.0,1.0,1.0,1.0,2.0,10.0,18.0,29.8,0,0,25.0,1,1,13006,1,15334,8539,14041,2883,11051,17277,11051,6499,8140,1,377,6568,2216,18354,16943,1588,2692,2492,14690,7786,10151,1238,5948,2107,76,7525,1.0,20:40,2015,2016
2015-16,202681,Kyrie Irving,Kyrie,1610612739,CLE,Cleveland Cavaliers,21500575,2016-01-12T00:00:00,CLE @ DAL,W,38.8,8.0,20.0,0.4,3.0,8.0,0.375,3.0,4.0,0.75,0.0,2.0,2.0,9.0,3.0,1.0,0.0,3.0,2.0,4.0,22.0,-4.0,37.9,0,0,38.0,1,1,13006,1,1127,1806,698,14037,1083,705,6970,4469,4140,8103,13060,13353,16063,508,1969,4706,8004,154,8439,2748,1866,16419,2931,2107,76,2174,1.0,38:50,2015,2016
2015-16,202697,Iman Shumpert,Iman,1610612739,CLE,Cleveland Cavaliers,21500575,2016-01-12T00:00:00,CLE @ DAL,W,23.3,4.0,11.0,0.364,2.0,7.0,0.286,0.0,0.0,0.0,0.0,2.0,2.0,2.0,2.0,3.0,1.0,0.0,4.0,0.0,10.0,-5.0,25.4,0,0,24.0,1,1,13006,1,13133,8539,6284,16042,2550,1138,8900,14161,15066,14161,13060,13353,16063,8082,4412,501,2692,8866,1394,18762,10151,17477,8273,2107,76,8132,1.0,23:17,2015,2016
2015-16,2747,JR Smith,JR,1610612739,CLE,Cleveland Cavaliers,21500559,2016-01-10T00:00:00,CLE @ PHI,W,33.9,5.0,18.0,0.278,4.0,12.0,0.333,0.0,0.0,0.0,0.0,3.0,3.0,0.0,0.0,1.0,0.0,0.0,0.0,0.0,14.0,17.0,20.6,0,0,23.0,1,1,13006,1,4438,6175,1283,19506,439,79,7128,14161,15066,14161,13060,9493,12520,18354,16943,4706,8004,8866,21108,18762,6324,1469,11314,2107,76,8747,1.0,33:53,2015,2016
2015-16,202684,Tristan Thompson,Tristan,1610612739,CLE,Cleveland Cavaliers,21500559,2016-01-10T00:00:00,CLE @ PHI,W,37.4,2.0,5.0,0.4,0.0,0.0,0.0,6.0,8.0,0.75,7.0,3.0,10.0,1.0,0.0,0.0,0.0,3.0,5.0,6.0,10.0,12.0,23.5,1,0,21.0,1,1,13006,1,1830,14994,16058,14037,11051,17277,11051,1100,922,8103,75,9493,1598,12251,16943,12313,8004,154,253,873,10151,3172,9452,1,76,10048,1.0,37:24,2015,2016
2015-16,202389,Timofey Mozgov,Timofey,1610612739,CLE,Cleveland Cavaliers,21500559,2016-01-10T00:00:00,CLE @ PHI,W,8.9,1.0,4.0,0.25,0.0,1.0,0.0,0.0,0.0,0.0,2.0,2.0,4.0,0.0,1.0,0.0,0.0,1.0,2.0,0.0,2.0,-2.0,5.8,0,0,6.0,1,1,13006,1,22877,18695,18073,19755,11051,13174,11051,14161,15066,14161,3138,13353,9586,18354,9196,12313,8004,2492,8439,18762,20822,14281,22018,2107,76,21429,1.0,8:54,2015,2016
2015-16,202697,Iman Shumpert,Iman,1610612739,CLE,Cleveland Cavaliers,21500559,2016-01-10T00:00:00,CLE @ PHI,W,16.7,1.0,5.0,0.2,0.0,2.0,0.0,0.0,0.0,0.0,0.0,2.0,2.0,0.0,0.0,0.0,1.0,1.0,0.0,0.0,2.0,-5.0,7.4,0,0,6.0,1,1,13006,1,18473,18695,16058,21086,11051,9677,11051,14161,15066,14161,13060,13353,16063,18354,16943,12313,2692,2492,21108,18762,20822,17477,20912,2107,76,21429,1.0,16:44,2015,2016
2015-16,203521,Matthew Dellavedova,Matthew,1610612739,CLE,Cleveland Cavaliers,21500559,2016-01-10T00:00:00,CLE @ PHI,W,24.8,2.0,8.0,0.25,0.0,2.0,0.0,0.0,0.0,0.0,0.0,4.0,4.0,2.0,2.0,2.0,0.0,0.0,2.0,0.0,4.0,-3.0,15.8,0,0,14.0,1,1,13006,1,11811,14994,10529,19755,11051,9677,11051,14161,15066,14161,13060,6568,9586,8082,4412,1588,8004,8866,8439,18762,18063,15372,14754,2107,76,15285,1.0,24:49,2015,2016
2015-16,202681,Kyrie Irving,Kyrie,1610612739,CLE,Cleveland Cavaliers,21500559,2016-01-10T00:00:00,CLE @ PHI,W,30.8,3.0,15.0,0.2,1.0,6.0,0.167,1.0,1.0,1.0,0.0,5.0,5.0,2.0,2.0,2.0,1.0,0.0,2.0,0.0,8.0,12.0,24.0,0,0,22.0,1,1,13006,1,6895,11544,2795,21086,5519,1860,10673,10755,13680,1,13060,4465,7203,8082,4412,1588,2692,8866,8439,18762,12541,3172,9121,2107,76,9378,1.0,30:49,2015,2016
2015-16,2544,LeBron James,LeBron,1610612739,CLE,Cleveland Cavaliers,21500559,2016-01-10T00:00:00,CLE @ PHI,W,37.0,15.0,22.0,0.682,3.0,5.0,0.6,4.0,6.0,0.667,0.0,7.0,7.0,9.0,2.0,2.0,0.0,0.0,1.0,3.0,37.0,11.0,62.9,0,0,60.0,1,1,13006,1,2075,25,346,2878,1083,2959,2761,2791,2017,9461,13060,1973,3953,508,4412,1588,8004,8866,14690,4736,96,3629,123,2107,76,119,1.0,37:00,2015,2016
2015-16,201567,Kevin Love,Kevin,1610612739,CLE,Cleveland Cavaliers,21500559,2016-01-10T00:00:00,CLE @ PHI,W,37.1,5.0,11.0,0.455,1.0,4.0,0.25,4.0,7.0,0.571,4.0,11.0,15.0,6.0,3.0,2.0,0.0,2.0,3.0,8.0,15.0,18.0,45.0,1,0,41.0,1,1,13006,1,2034,6175,6284,11898,5519,4617,9116,2791,1485,10651,779,281,222,1638,1969,1588,8004,639,3976,254,5598,1238,1357,1,76,1537,1.0,37:05,2015,2016
2015-16,203099,Jared Cunningham,Jared,1610612739,CLE,Cleveland Cavaliers,21500559,2016-01-10T00:00:00,CLE @ PHI,W,0.7,0.0,0.0,0.0,0.0,0.0,0.0,0.0,0.0,0.0,0.0,0.0,0.0,0.0,0.0,0.0,0.0,0.0,0.0,0.0,0.0,-2.0,0.0,0,0,0.0,1,1,13006,1,25926,22516,24912,22516,11051,17277,11051,14161,15066,14161,13060,22257,23167,18354,16943,12313,8004,8866,21108,18762,23226,14281,25170,2107,76,25215,1.0,0:45,2015,2016
2015-16,2210,Richard Jefferson,Richard,1610612739,CLE,Cleveland Cavaliers,21500559,2016-01-10T00:00:00,CLE @ PHI,W,12.6,1.0,2.0,0.5,0.0,0.0,0.0,1.0,1.0,1.0,0.0,1.0,1.0,0.0,0.0,0.0,0.0,0.0,1.0,1.0,3.0,-8.0,4.2,0,0,4.0,1,1,13006,1,21196,18695,21813,7886,11051,17277,11051,10755,13680,1,13060,17769,19693,18354,16943,12313,8004,8866,14690,12373,19720,20129,22976,2107,76,22829,1.0,12:37,2015,2016
2015-16,203099,Jared Cunningham,Jared,1610612739,CLE,Cleveland Cavaliers,21500543,2016-01-08T00:00:00,CLE @ MIN,W,4.7,1.0,2.0,0.5,0.0,0.0,0.0,2.0,2.0,1.0,0.0,1.0,1.0,0.0,0.0,0.0,0.0,0.0,0.0,1.0,4.0,0.0,5.2,0,0,5.0,1,1,13006,1,24471,18695,21813,7886,11051,17277,11051,6499,8140,1,13060,17769,19693,18354,16943,12313,8004,8866,21108,12373,18063,12042,22370,2107,76,22162,1.0,4:41,2015,2016
2015-16,2592,James Jones,James,1610612739,CLE,Cleveland Cavaliers,21500543,2016-01-08T00:00:00,CLE @ MIN,W,4.7,0.0,0.0,0.0,0.0,0.0,0.0,0.0,0.0,0.0,0.0,0.0,0.0,0.0,0.0,0.0,0.0,0.0,0.0,0.0,0.0,0.0,0.0,0,0,0.0,1,1,13006,1,24471,22516,24912,22516,11051,17277,11051,14161,15066,14161,13060,22257,23167,18354,16943,12313,8004,8866,21108,18762,23226,12042,25170,2107,76,25215,1.0,4:41,2015,2016
2015-16,2210,Richard Jefferson,Richard,1610612739,CLE,Cleveland Cavaliers,21500543,2016-01-08T00:00:00,CLE @ MIN,W,15.8,0.0,1.0,0.0,0.0,1.0,0.0,2.0,2.0,1.0,0.0,0.0,0.0,4.0,1.0,1.0,0.0,0.0,4.0,1.0,2.0,5.0,10.0,0,0,8.0,1,1,13006,1,19214,22516,23432,22516,11051,13174,11051,6499,8140,1,13060,22257,23167,3513,9196,4706,8004,8866,1394,12373,20822,7354,19178,2107,76,20022,1.0,15:46,2015,2016
2015-16,202389,Timofey Mozgov,Timofey,1610612739,CLE,Cleveland Cavaliers,21500543,2016-01-08T00:00:00,CLE @ MIN,W,24.0,3.0,4.0,0.75,0.0,0.0,0.0,1.0,2.0,0.5,3.0,6.0,9.0,1.0,2.0,0.0,2.0,1.0,3.0,1.0,7.0,18.0,23.3,0,0,21.0,1,1,13006,1,12601,11544,18073,1788,11051,17277,11051,10755,8140,10753,1576,3007,2216,12251,4412,12313,932,2492,3976,12373,14029,1238,9567,2107,76,10048,1.0,23:58,2015,2016
2015-16,2544,LeBron James,LeBron,1610612739,CLE,Cleveland Cavaliers,21500543,2016-01-08T00:00:00,CLE @ MIN,W,32.2,5.0,12.0,0.417,0.0,4.0,0.0,3.0,4.0,0.75,0.0,12.0,12.0,8.0,3.0,1.0,2.0,1.0,1.0,2.0,13.0,21.0,45.4,1,0,39.0,1,1,13006,1,5692,6175,5215,13673,11051,4617,11051,4469,4140,8103,13060,158,752,762,1969,4706,932,2492,14690,7786,7214,743,1291,1,76,1944,1.0,32:14,2015,2016
2015-16,202697,Iman Shumpert,Iman,1610612739,CLE,Cleveland Cavaliers,21500543,2016-01-08T00:00:00,CLE @ MIN,W,28.9,9.0,19.0,0.474,3.0,6.0,0.5,2.0,2.0,1.0,0.0,3.0,3.0,1.0,0.0,4.0,0.0,0.0,1.0,4.0,23.0,12.0,40.1,0,0,38.0,1,1,13006,1,8448,1155,964,11390,1083,1860,3313,6499,8140,1,13060,9493,12520,12251,16943,151,8004,8866,14690,2748,1593,3172,2345,2107,76,2174,1.0,28:54,2015,2016
2015-16,2747,JR Smith,JR,1610612739,CLE,Cleveland Cavaliers,21500543,2016-01-08T00:00:00,CLE @ MIN,W,19.1,10.0,12.0,0.833,5.0,6.0,0.833,2.0,2.0,1.0,0.0,0.0,0.0,0.0,0.0,2.0,0.0,0.0,4.0,4.0,27.0,14.0,33.0,0,0,36.0,1,1,13006,1,16614,704,5215,1260,179,1860,1508,6499,8140,1,13060,22257,23167,18354,16943,1588,8004,8866,1394,2748,744,2411,4537,2107,76,2745,1.0,19:06,2015,2016
2015-16,201567,Kevin Love,Kevin,1610612739,CLE,Cleveland Cavaliers,21500543,2016-01-08T00:00:00,CLE @ MIN,W,31.0,4.0,11.0,0.364,2.0,4.0,0.5,10.0,11.0,0.909,1.0,8.0,9.0,4.0,0.0,0.0,1.0,0.0,1.0,6.0,20.0,16.0,39.8,0,0,37.0,1,1,13006,1,6760,8539,6284,16042,2550,4617,3313,178,304,6555,6390,1264,2216,3513,16943,12313,2692,8866,14690,873,2594,1731,2422,2107,76,2442,1.0,30:57,2015,2016
2015-16,202681,Kyrie Irving,Kyrie,1610612739,CLE,Cleveland Cavaliers,21500543,2016-01-08T00:00:00,CLE @ MIN,W,27.0,5.0,12.0,0.417,1.0,3.0,0.333,2.0,2.0,1.0,2.0,0.0,2.0,2.0,4.0,0.0,0.0,0.0,3.0,1.0,13.0,9.0,14.4,0,0,18.0,1,1,13006,1,10015,6175,5215,13673,5519,6890,7128,6499,8140,1,3138,22257,16063,8082,841,12313,8004,8866,3976,12373,7214,4633,15857,2107,76,12177,1.0,27:00,2015,2016
2015-16,202684,Tristan Thompson,Tristan,1610612739,CLE,Cleveland Cavaliers,21500543,2016-01-08T00:00:00,CLE @ MIN,W,29.1,2.0,3.0,0.667,0.0,0.0,0.0,2.0,2.0,1.0,4.0,3.0,7.0,1.0,1.0,0.0,0.0,0.0,1.0,1.0,6.0,11.0,14.9,0,0,14.0,1,1,13006,1,8306,14994,19997,2883,11051,17277,11051,6499,8140,1,779,9493,3953,12251,9196,12313,8004,8866,14690,12373,15190,3629,15463,2107,76,15285,1.0,29:05,2015,2016
2015-16,203521,Matthew Dellavedova,Matthew,1610612739,CLE,Cleveland Cavaliers,21500543,2016-01-08T00:00:00,CLE @ MIN,W,23.6,4.0,5.0,0.8,2.0,3.0,0.667,0.0,0.0,0.0,0.0,0.0,0.0,2.0,0.0,0.0,0.0,0.0,1.0,0.0,10.0,24.0,13.0,0,0,14.0,1,1,13006,1,12870,8539,16058,1401,2550,6890,1955,14161,15066,14161,13060,22257,23167,8082,16943,12313,8004,8866,14690,18762,10151,395,16969,2107,76,15285,1.0,23:38,2015,2016
2015-16,201567,Kevin Love,Kevin,1610612739,CLE,Cleveland Cavaliers,21500527,2016-01-06T00:00:00,CLE @ WAS,W,28.7,4.0,10.0,0.4,0.0,1.0,0.0,0.0,0.0,0.0,5.0,4.0,9.0,0.0,2.0,2.0,1.0,0.0,3.0,2.0,8.0,2.0,25.8,0,0,23.0,1,1,13006,1,8676,8539,7514,14037,11051,13174,11051,14161,15066,14161,377,6568,2216,18354,4412,1588,2692,8866,3976,7786,12541,10013,8022,2107,76,8747,1.0,28:41,2015,2016
2015-16,202697,Iman Shumpert,Iman,1610612739,CLE,Cleveland Cavaliers,21500527,2016-01-06T00:00:00,CLE @ WAS,W,29.8,2.0,4.0,0.5,1.0,3.0,0.333,0.0,0.0,0.0,1.0,5.0,6.0,3.0,0.0,1.0,0.0,0.0,1.0,0.0,5.0,19.0,19.7,0,0,17.0,1,1,13006,1,7707,14994,18073,7886,5519,6890,7128,14161,15066,14161,6390,4465,5415,5322,16943,4706,8004,8866,14690,18762,16838,1041,11962,2107,76,12877,1.0,29:49,2015,2016
2015-16,203521,Matthew Dellavedova,Matthew,1610612739,CLE,Cleveland Cavaliers,21500527,2016-01-06T00:00:00,CLE @ WAS,W,28.2,1.0,5.0,0.2,1.0,2.0,0.5,0.0,0.0,0.0,3.0,1.0,4.0,4.0,1.0,0.0,0.0,0.0,2.0,1.0,3.0,1.0,12.8,0,0,12.0,1,1,13006,1,9046,18695,16058,21086,5519,9677,3313,14161,15066,14161,1576,17769,9586,3513,9196,12313,8004,8866,8439,12373,19720,11010,17129,2107,76,16886,1.0,28:15,2015,2016
2015-16,202389,Timofey Mozgov,Timofey,1610612739,CLE,Cleveland Cavaliers,21500527,2016-01-06T00:00:00,CLE @ WAS,W,4.5,1.0,3.0,0.333,0.0,0.0,0.0,0.0,0.0,0.0,1.0,1.0,2.0,0.0,1.0,0.0,0.0,0.0,2.0,0.0,2.0,-3.0,3.4,0,0,4.0,1,1,13006,1,24540,18695,19997,16528,11051,17277,11051,14161,15066,14161,6390,17769,16063,18354,9196,12313,8004,8866,8439,18762,20822,15372,23417,2107,76,22829,1.0,4:31,2015,2016
2015-16,202684,Tristan Thompson,Tristan,1610612739,CLE,Cleveland Cavaliers,21500527,2016-01-06T00:00:00,CLE @ WAS,W,35.7,4.0,7.0,0.571,0.0,0.0,0.0,4.0,6.0,0.667,1.0,2.0,3.0,1.0,0.0,0.0,0.0,1.0,3.0,4.0,12.0,-3.0,17.1,0,0,16.0,1,1,13006,1,2988,8539,12208,6087,11051,17277,11051,2791,2017,9461,6390,13353,12520,12251,16943,12313,8004,2492,3976,2748,8086,15372,13791,2107,76,13654,1.0,35:41,2015,2016
2015-16,2544,LeBron James,LeBron,1610612739,CLE,Cleveland Cavaliers,21500527,2016-01-06T00:00:00,CLE @ WAS,W,39.7,12.0,22.0,0.545,4.0,9.0,0.444,6.0,8.0,0.75,0.0,10.0,10.0,4.0,2.0,1.0,1.0,0.0,3.0,6.0,34.0,2.0,56.0,1,0,56.0,1,1,13006,1,818,217,346,7132,439,402,5987,1100,922,8103,13060,488,1598,3513,4412,4706,2692,8866,3976,873,179,10013,352,1,76,202,1.0,39:42,2015,2016
2015-16,202681,Kyrie Irving,Kyrie,1610612739,CLE,Cleveland Cavaliers,21500527,2016-01-06T00:00:00,CLE @ WAS,W,33.9,14.0,22.0,0.636,1.0,4.0,0.25,3.0,5.0,0.6,2.0,3.0,5.0,3.0,4.0,2.0,1.0,0.0,1.0,5.0,32.0,6.0,47.5,0,0,47.0,1,1,13006,1,4442,44,346,4230,5519,4617,9116,4469,3208,10435,3138,9493,7203,5322,841,1588,2692,8866,14690,1539,275,6628,1015,2107,76,733,1.0,33:53,2015,2016
2015-16,2210,Richard Jefferson,Richard,1610612739,CLE,Cleveland Cavaliers,21500527,2016-01-06T00:00:00,CLE @ WAS,W,4.5,0.0,0.0,0.0,0.0,0.0,0.0,0.0,0.0,0.0,0.0,2.0,2.0,0.0,0.0,0.0,0.0,0.0,1.0,0.0,0.0,-3.0,2.4,0,0,2.0,1,1,13006,1,24540,22516,24912,22516,11051,17277,11051,14161,15066,14161,13060,13353,16063,18354,16943,12313,8004,8866,14690,18762,23226,15372,24024,2107,76,23978,1.0,4:31,2015,2016
2015-16,203099,Jared Cunningham,Jared,1610612739,CLE,Cleveland Cavaliers,21500527,2016-01-06T00:00:00,CLE @ WAS,W,0.3,0.0,0.0,0.0,0.0,0.0,0.0,0.0,0.0,0.0,0.0,0.0,0.0,0.0,0.0,0.0,0.0,0.0,0.0,0.0,0.0,0.0,0.0,0,0,0.0,1,1,13006,1,26005,22516,24912,22516,11051,17277,11051,14161,15066,14161,13060,22257,23167,18354,16943,12313,8004,8866,21108,18762,23226,12042,25170,2107,76,25215,1.0,0:17,2015,2016
2015-16,2747,JR Smith,JR,1610612739,CLE,Cleveland Cavaliers,21500527,2016-01-06T00:00:00,CLE @ WAS,W,34.7,10.0,16.0,0.625,5.0,10.0,0.5,0.0,0.0,0.0,0.0,3.0,3.0,1.0,0.0,3.0,0.0,0.0,4.0,0.0,25.0,9.0,39.1,0,0,40.0,1,1,13006,1,3794,704,2178,4401,179,228,3313,14161,15066,14161,13060,9493,12520,12251,16943,501,8004,8866,1394,18762,1116,4633,2616,2107,76,1725,1.0,34:41,2015,2016
2015-16,202389,Timofey Mozgov,Timofey,1610612739,CLE,Cleveland Cavaliers,21500511,2016-01-04T00:00:00,CLE vs. TOR,W,16.6,2.0,2.0,1.0,0.0,0.0,0.0,0.0,0.0,0.0,1.0,2.0,3.0,0.0,2.0,0.0,0.0,0.0,4.0,0.0,4.0,10.0,5.6,0,0,7.0,1,1,13006,1,18605,14994,21813,1,11051,17277,11051,14161,15066,14161,6390,13353,12520,18354,4412,12313,8004,8866,1394,18762,18063,4134,22133,2107,76,20722,1.0,16:34,2015,2016
2015-16,203099,Jared Cunningham,Jared,1610612739,CLE,Cleveland Cavaliers,21500511,2016-01-04T00:00:00,CLE vs. TOR,W,1.8,0.0,0.0,0.0,0.0,0.0,0.0,0.0,0.0,0.0,0.0,0.0,0.0,0.0,0.0,0.0,0.0,0.0,0.0,0.0,0.0,1.0,0.0,0,0,0.0,1,1,13006,1,25600,22516,24912,22516,11051,17277,11051,14161,15066,14161,13060,22257,23167,18354,16943,12313,8004,8866,21108,18762,23226,11010,25170,2107,76,25215,1.0,1:46,2015,2016
2015-16,2210,Richard Jefferson,Richard,1610612739,CLE,Cleveland Cavaliers,21500511,2016-01-04T00:00:00,CLE vs. TOR,W,5.3,0.0,1.0,0.0,0.0,0.0,0.0,0.0,0.0,0.0,0.0,0.0,0.0,0.0,0.0,0.0,0.0,1.0,1.0,0.0,0.0,1.0,0.0,0,0,0.0,1,1,13006,1,24246,22516,23432,22516,11051,17277,11051,14161,15066,14161,13060,22257,23167,18354,16943,12313,8004,2492,14690,18762,23226,11010,25170,2107,76,25215,1.0,5:19,2015,2016
2015-16,2592,James Jones,James,1610612739,CLE,Cleveland Cavaliers,21500511,2016-01-04T00:00:00,CLE vs. TOR,W,7.6,1.0,1.0,1.0,1.0,1.0,1.0,2.0,2.0,1.0,0.0,0.0,0.0,0.0,0.0,0.0,0.0,0.0,1.0,1.0,5.0,1.0,5.0,0,0,6.0,1,1,13006,1,23360,18695,23432,1,5519,13174,1,6499,8140,1,13060,22257,23167,18354,16943,12313,8004,8866,14690,12373,16838,11010,22500,2107,76,21429,1.0,7:35,2015,2016
2015-16,201567,Kevin Love,Kevin,1610612739,CLE,Cleveland Cavaliers,21500511,2016-01-04T00:00:00,CLE vs. TOR,W,33.1,4.0,11.0,0.364,2.0,5.0,0.4,4.0,4.0,1.0,4.0,5.0,9.0,2.0,1.0,2.0,3.0,1.0,3.0,3.0,14.0,14.0,41.8,0,0,37.0,1,1,13006,1,5027,8539,6284,16042,2550,2959,6308,2791,4140,1,779,4465,2216,8082,9196,1588,347,2492,3976,4736,6324,2411,1981,2107,76,2442,1.0,33:07,2015,2016
2015-16,2747,JR Smith,JR,1610612739,CLE,Cleveland Cavaliers,21500511,2016-01-04T00:00:00,CLE vs. TOR,W,29.9,8.0,17.0,0.471,8.0,14.0,0.571,0.0,0.0,0.0,0.0,3.0,3.0,1.0,0.0,0.0,0.0,0.0,2.0,3.0,24.0,13.0,29.1,0,0,36.0,1,1,13006,1,7672,1806,1681,11453,16,28,3090,14161,15066,14161,13060,9493,12520,12251,16943,12313,8004,8866,8439,4736,1331,2784,6285,2107,76,2745,1.0,29:51,2015,2016
2015-16,2544,LeBron James,LeBron,1610612739,CLE,Cleveland Cavaliers,21500511,2016-01-04T00:00:00,CLE vs. TOR,W,30.7,7.0,11.0,0.636,1.0,2.0,0.5,5.0,8.0,0.625,0.0,2.0,2.0,7.0,2.0,3.0,0.0,1.0,1.0,4.0,20.0,11.0,39.9,0,0,36.0,1,1,13006,1,6961,2864,6284,4230,5519,9677,3313,1816,922,10341,13060,13353,16063,1118,4412,501,8004,2492,14690,2748,2594,3629,2396,2107,76,2745,1.0,30:41,2015,2016
2015-16,203521,Matthew Dellavedova,Matthew,1610612739,CLE,Cleveland Cavaliers,21500511,2016-01-04T00:00:00,CLE vs. TOR,W,24.8,3.0,4.0,0.75,2.0,3.0,0.667,3.0,3.0,1.0,0.0,3.0,3.0,4.0,3.0,0.0,0.0,0.0,2.0,1.0,11.0,6.0,17.6,0,0,20.0,1,1,13006,1,11873,11544,18073,1788,2550,6890,1955,4469,6741,1,13060,9493,12520,3513,1969,12313,8004,8866,8439,12373,9124,6628,13443,2107,76,10747,1.0,24:46,2015,2016
2015-16,202684,Tristan Thompson,Tristan,1610612739,CLE,Cleveland Cavaliers,21500511,2016-01-04T00:00:00,CLE vs. TOR,W,31.4,4.0,6.0,0.667,0.0,0.0,0.0,6.0,6.0,1.0,4.0,7.0,11.0,0.0,2.0,0.0,1.0,1.0,3.0,4.0,14.0,12.0,28.2,1,0,27.0,1,1,13006,1,6365,8539,14041,2883,11051,17277,11051,1100,2017,1,779,1973,1106,18354,4412,12313,2692,2492,3976,2748,6324,3172,6778,1,76,6398,1.0,31:26,2015,2016
2015-16,202697,Iman Shumpert,Iman,1610612739,CLE,Cleveland Cavaliers,21500511,2016-01-04T00:00:00,CLE vs. TOR,W,30.2,2.0,5.0,0.4,1.0,3.0,0.333,0.0,0.0,0.0,0.0,3.0,3.0,3.0,2.0,1.0,0.0,0.0,4.0,0.0,5.0,18.0,14.1,0,0,14.0,1,1,13006,1,7363,14994,16058,14037,5519,6890,7128,14161,15066,14161,13060,9493,12520,5322,4412,4706,8004,8866,1394,18762,16838,1238,16094,2107,76,15285,1.0,30:11,2015,2016
2015-16,202681,Kyrie Irving,Kyrie,1610612739,CLE,Cleveland Cavaliers,21500511,2016-01-04T00:00:00,CLE vs. TOR,W,28.7,10.0,16.0,0.625,2.0,5.0,0.4,3.0,3.0,1.0,2.0,4.0,6.0,8.0,1.0,0.0,0.0,1.0,1.0,3.0,25.0,23.0,43.2,0,0,41.0,1,1,13006,1,8601,704,2178,4401,2550,2959,6308,4469,6741,1,3138,6568,5415,762,9196,12313,8004,2492,14690,4736,1116,487,1699,2107,76,1537,1.0,28:44,2015,2016
2015-16,202684,Tristan Thompson,Tristan,1610612739,CLE,Cleveland Cavaliers,21500499,2016-01-02T00:00:00,CLE vs. ORL,W,28.9,4.0,6.0,0.667,0.0,0.0,0.0,2.0,8.0,0.25,6.0,6.0,12.0,0.0,0.0,0.0,0.0,0.0,0.0,5.0,10.0,17.0,24.4,1,0,22.0,1,1,13006,1,8485,8539,14041,2883,11051,17277,11051,6499,922,13955,168,3007,752,18354,16943,12313,8004,8866,21108,1539,10151,1469,8867,1,76,9378,1.0,28:51,2015,2016
2015-16,2544,LeBron James,LeBron,1610612739,CLE,Cleveland Cavaliers,21500499,2016-01-02T00:00:00,CLE vs. ORL,W,29.2,11.0,18.0,0.611,4.0,7.0,0.571,3.0,4.0,0.75,0.0,5.0,5.0,3.0,0.0,2.0,0.0,0.0,2.0,4.0,29.0,28.0,45.5,0,0,45.0,1,1,13006,1,8196,393,1283,4839,439,1138,3090,4469,4140,8103,13060,4465,7203,5322,16943,1588,8004,8866,8439,2748,517,193,1278,2107,76,941,1.0,29:13,2015,2016
2015-16,202389,Timofey Mozgov,Timofey,1610612739,CLE,Cleveland Cavaliers,21500499,2016-01-02T00:00:00,CLE vs. ORL,W,12.9,2.0,4.0,0.5,0.0,0.0,0.0,3.0,3.0,1.0,1.0,4.0,5.0,2.0,0.0,1.0,0.0,0.0,2.0,4.0,7.0,9.0,19.0,0,0,16.0,1,1,13006,1,21010,14994,18073,7886,11051,17277,11051,4469,6741,1,6390,6568,7203,8082,16943,4706,8004,8866,8439,2748,14029,4633,12440,2107,76,13654,1.0,12:57,2015,2016
2015-16,203099,Jared Cunningham,Jared,1610612739,CLE,Cleveland Cavaliers,21500499,2016-01-02T00:00:00,CLE vs. ORL,W,6.9,1.0,3.0,0.333,0.0,0.0,0.0,0.0,0.0,0.0,0.0,2.0,2.0,0.0,1.0,0.0,0.0,1.0,1.0,0.0,2.0,-3.0,3.4,0,0,4.0,1,1,13006,1,23613,18695,19997,16528,11051,17277,11051,14161,15066,14161,13060,13353,16063,18354,9196,12313,8004,2492,14690,18762,20822,15372,23417,2107,76,22829,1.0,6:51,2015,2016
2015-16,2760,Anderson Varejao,Anderson,1610612739,CLE,Cleveland Cavaliers,21500499,2016-01-02T00:00:00,CLE vs. ORL,W,6.9,0.0,1.0,0.0,0.0,0.0,0.0,0.0,0.0,0.0,0.0,3.0,3.0,1.0,0.0,0.0,0.0,0.0,1.0,1.0,0.0,-3.0,5.1,0,0,4.0,1,1,13006,1,23613,22516,23432,22516,11051,17277,11051,14161,15066,14161,13060,9493,12520,12251,16943,12313,8004,8866,14690,12373,23226,15372,22478,2107,76,22829,1.0,6:51,2015,2016
2015-16,202697,Iman Shumpert,Iman,1610612739,CLE,Cleveland Cavaliers,21500499,2016-01-02T00:00:00,CLE vs. ORL,W,21.5,1.0,3.0,0.333,1.0,2.0,0.5,0.0,0.0,0.0,0.0,2.0,2.0,1.0,0.0,0.0,0.0,0.0,2.0,1.0,3.0,20.0,6.9,0,0,7.0,1,1,13006,1,14643,18695,19997,16528,5519,9677,3313,14161,15066,14161,13060,13353,16063,12251,16943,12313,8004,8866,8439,12373,19720,876,21262,2107,76,20722,1.0,21:27,2015,2016
2015-16,2747,JR Smith,JR,1610612739,CLE,Cleveland Cavaliers,21500499,2016-01-02T00:00:00,CLE vs. ORL,W,19.7,1.0,7.0,0.143,1.0,5.0,0.2,0.0,0.0,0.0,1.0,1.0,2.0,1.0,0.0,1.0,1.0,0.0,2.0,1.0,3.0,8.0,12.9,0,0,11.0,1,1,13006,1,16148,18695,12208,22109,5519,2959,10165,14161,15066,14161,6390,17769,16063,12251,16943,4706,2692,8866,8439,12373,19720,5243,17049,2107,76,17702,1.0,19:42,2015,2016
2015-16,2210,Richard Jefferson,Richard,1610612739,CLE,Cleveland Cavaliers,21500499,2016-01-02T00:00:00,CLE vs. ORL,W,18.8,2.0,5.0,0.4,2.0,4.0,0.5,0.0,3.0,0.0,0.0,0.0,0.0,1.0,0.0,1.0,0.0,0.0,3.0,1.0,6.0,-3.0,10.5,0,0,11.0,1,1,13006,1,16885,14994,16058,14037,2550,4617,3313,14161,6741,14161,13060,22257,23167,12251,16943,4706,8004,8866,3976,12373,15190,15372,18808,2107,76,17702,1.0,18:47,2015,2016
2015-16,2590,Mo Williams,Mo,1610612739,CLE,Cleveland Cavaliers,21500499,2016-01-02T00:00:00,CLE vs. ORL,W,7.8,2.0,6.0,0.333,1.0,4.0,0.25,3.0,3.0,1.0,0.0,1.0,1.0,1.0,0.0,0.0,0.0,0.0,1.0,1.0,8.0,-2.0,10.7,0,0,11.0,1,1,13006,1,23273,14994,14041,16528,5519,4617,9116,4469,6741,1,13060,17769,19693,12251,16943,12313,8004,8866,14690,12373,12541,14281,18636,2107,76,17702,1.0,7:48,2015,2016
2015-16,2592,James Jones,James,1610612739,CLE,Cleveland Cavaliers,21500499,2016-01-02T00:00:00,CLE vs. ORL,W,18.4,3.0,6.0,0.5,1.0,4.0,0.25,3.0,3.0,1.0,2.0,1.0,3.0,1.0,0.0,0.0,0.0,0.0,0.0,2.0,10.0,8.0,15.1,0,0,15.0,1,1,13006,1,17174,11544,14041,7886,5519,4617,9116,4469,6741,1,3138,17769,12520,12251,16943,12313,8004,8866,21108,7786,10151,5243,15328,2107,76,14428,1.0,18:25,2015,2016
2015-16,202681,Kyrie Irving,Kyrie,1610612739,CLE,Cleveland Cavaliers,21500499,2016-01-02T00:00:00,CLE vs. ORL,W,21.4,4.0,12.0,0.333,0.0,4.0,0.0,5.0,7.0,0.714,1.0,1.0,2.0,5.0,1.0,0.0,0.0,1.0,1.0,4.0,13.0,16.0,21.9,0,0,20.0,1,1,13006,1,14657,8539,5215,16528,11051,4617,11051,1816,1485,9284,6390,17769,16063,2408,9196,12313,8004,2492,14690,2748,7214,1731,10460,2107,76,10747,1.0,21:26,2015,2016
2015-16,203521,Matthew Dellavedova,Matthew,1610612739,CLE,Cleveland Cavaliers,21500499,2016-01-02T00:00:00,CLE vs. ORL,W,18.8,1.0,6.0,0.167,1.0,5.0,0.2,0.0,0.0,0.0,0.0,3.0,3.0,6.0,1.0,0.0,0.0,0.0,1.0,0.0,3.0,11.0,14.6,0,0,13.0,1,1,13006,1,16895,18695,14041,21747,5519,2959,10165,14161,15066,14161,13060,9493,12520,1638,9196,12313,8004,8866,14690,18762,19720,3629,15699,2107,76,16097,1.0,18:46,2015,2016
2015-16,201567,Kevin Love,Kevin,1610612739,CLE,Cleveland Cavaliers,21500499,2016-01-02T00:00:00,CLE vs. ORL,W,28.9,2.0,5.0,0.4,1.0,2.0,0.5,5.0,8.0,0.625,1.0,12.0,13.0,2.0,1.0,1.0,0.0,0.0,1.0,5.0,10.0,19.0,30.6,1,0,28.0,1,1,13006,1,8421,14994,16058,14037,5519,9677,3313,1816,922,10341,6390,158,485,8082,9196,4706,8004,8866,14690,1539,10151,1041,5574,1,76,5884,1.0,28:56,2015,2016
2015-16,2544,LeBron James,LeBron,1610612739,CLE,Cleveland Cavaliers,21500473,2015-12-29T00:00:00,CLE @ DEN,W,34.4,13.0,24.0,0.542,1.0,3.0,0.333,7.0,8.0,0.875,3.0,3.0,6.0,2.0,5.0,2.0,1.0,0.0,2.0,7.0,34.0,3.0,48.2,0,0,49.0,1,1,13006,1,4036,107,190,7384,5519,6890,7128,705,922,6721,1576,9493,5415,8082,351,1588,2692,8866,8439,469,179,9063,941,2107,76,551,1.0,34:23,2015,2016
2015-16,2592,James Jones,James,1610612739,CLE,Cleveland Cavaliers,21500473,2015-12-29T00:00:00,CLE @ DEN,W,0.2,0.0,0.0,0.0,0.0,0.0,0.0,0.0,0.0,0.0,0.0,0.0,0.0,0.0,0.0,0.0,0.0,0.0,0.0,0.0,0.0,2.0,0.0,0,0,0.0,1,1,13006,1,26021,22516,24912,22516,11051,17277,11051,14161,15066,14161,13060,22257,23167,18354,16943,12313,8004,8866,21108,18762,23226,10013,25170,2107,76,25215,1.0,0:11,2015,2016
2015-16,202697,Iman Shumpert,Iman,1610612739,CLE,Cleveland Cavaliers,21500473,2015-12-29T00:00:00,CLE @ DEN,W,31.1,7.0,13.0,0.538,2.0,5.0,0.4,0.0,0.0,0.0,1.0,2.0,3.0,2.0,0.0,2.0,0.0,3.0,1.0,0.0,16.0,-1.0,28.6,0,0,27.0,1,1,13006,1,6656,2864,4281,7389,2550,2959,6308,14161,15066,14161,6390,13353,12520,8082,16943,1588,8004,154,14690,18762,4835,13184,6560,2107,76,6398,1.0,31:04,2015,2016
2015-16,2210,Richard Jefferson,Richard,1610612739,CLE,Cleveland Cavaliers,21500473,2015-12-29T00:00:00,CLE @ DEN,W,12.6,0.0,1.0,0.0,0.0,1.0,0.0,0.0,0.0,0.0,0.0,0.0,0.0,0.0,0.0,0.0,1.0,0.0,1.0,0.0,0.0,-4.0,3.0,0,0,2.0,1,1,13006,1,21207,22516,23432,22516,11051,13174,11051,14161,15066,14161,13060,22257,23167,18354,16943,12313,2692,8866,14690,18762,23226,16419,23648,2107,76,23978,1.0,12:36,2015,2016
2015-16,203099,Jared Cunningham,Jared,1610612739,CLE,Cleveland Cavaliers,21500473,2015-12-29T00:00:00,CLE @ DEN,W,1.9,0.0,0.0,0.0,0.0,0.0,0.0,0.0,0.0,0.0,0.0,0.0,0.0,0.0,0.0,0.0,0.0,0.0,0.0,0.0,0.0,2.0,0.0,0,0,0.0,1,1,13006,1,25564,22516,24912,22516,11051,17277,11051,14161,15066,14161,13060,22257,23167,18354,16943,12313,8004,8866,21108,18762,23226,10013,25170,2107,76,25215,1.0,1:52,2015,2016
2015-16,2747,JR Smith,JR,1610612739,CLE,Cleveland Cavaliers,21500473,2015-12-29T00:00:00,CLE @ DEN,W,25.7,4.0,11.0,0.364,1.0,6.0,0.167,2.0,2.0,1.0,0.0,2.0,2.0,3.0,0.0,2.0,0.0,0.0,1.0,1.0,11.0,5.0,23.9,0,0,21.0,1,1,13006,1,11135,8539,6284,16042,5519,1860,10673,6499,8140,1,13060,13353,16063,5322,16943,1588,8004,8866,14690,12373,9124,7354,9184,2107,76,10048,1.0,25:40,2015,2016
2015-16,202684,Tristan Thompson,Tristan,1610612739,CLE,Cleveland Cavaliers,21500473,2015-12-29T00:00:00,CLE @ DEN,W,34.7,4.0,7.0,0.571,0.0,0.0,0.0,1.0,6.0,0.167,2.0,5.0,7.0,0.0,0.0,1.0,1.0,1.0,1.0,6.0,9.0,4.0,23.4,0,0,20.0,1,1,13006,1,3826,8539,12208,6087,11051,17277,11051,10755,2017,14140,3138,4465,3953,18354,16943,4706,2692,2492,14690,873,11389,8158,9501,2107,76,10747,1.0,34:39,2015,2016
2015-16,202389,Timofey Mozgov,Timofey,1610612739,CLE,Cleveland Cavaliers,21500473,2015-12-29T00:00:00,CLE @ DEN,W,15.3,2.0,5.0,0.4,0.0,1.0,0.0,0.0,0.0,0.0,1.0,3.0,4.0,0.0,1.0,0.0,0.0,0.0,4.0,1.0,4.0,-3.0,7.8,0,0,8.0,1,1,13006,1,19590,14994,16058,14037,11051,13174,11051,14161,15066,14161,6390,9493,9586,18354,9196,12313,8004,8866,1394,12373,18063,15372,20696,2107,76,20022,1.0,15:15,2015,2016
2015-16,201567,Kevin Love,Kevin,1610612739,CLE,Cleveland Cavaliers,21500473,2015-12-29T00:00:00,CLE @ DEN,W,36.3,4.0,16.0,0.25,0.0,5.0,0.0,0.0,2.0,0.0,1.0,13.0,14.0,1.0,1.0,2.0,0.0,2.0,2.0,1.0,8.0,16.0,31.3,0,0,27.0,1,1,13006,1,2520,8539,2178,19755,11051,2959,11051,14161,8140,14161,6390,82,317,12251,9196,1588,8004,639,8439,12373,12541,1731,5258,2107,76,6398,1.0,36:20,2015,2016
2015-16,203521,Matthew Dellavedova,Matthew,1610612739,CLE,Cleveland Cavaliers,21500473,2015-12-29T00:00:00,CLE @ DEN,W,29.3,1.0,5.0,0.2,0.0,1.0,0.0,2.0,2.0,1.0,1.0,6.0,7.0,5.0,2.0,2.0,0.0,0.0,2.0,2.0,4.0,16.0,23.9,0,0,20.0,1,1,13006,1,8167,18695,16058,21086,11051,13174,11051,6499,8140,1,6390,3007,3953,2408,4412,1588,8004,8866,8439,7786,18063,1731,9184,2107,76,10747,1.0,29:15,2015,2016
2015-16,2590,Mo Williams,Mo,1610612739,CLE,Cleveland Cavaliers,21500473,2015-12-29T00:00:00,CLE @ DEN,W,18.8,3.0,4.0,0.75,0.0,0.0,0.0,1.0,2.0,0.5,0.0,1.0,1.0,4.0,3.0,1.0,0.0,0.0,2.0,1.0,7.0,-10.0,14.2,0,0,14.0,1,1,13006,1,16907,11544,18073,1788,11051,17277,11051,10755,8140,10753,13060,17769,19693,3513,1969,4706,8004,8866,8439,12373,14029,21543,16003,2107,76,15285,1.0,18:45,2015,2016
2015-16,202681,Kyrie Irving,Kyrie,1610612739,CLE,Cleveland Cavaliers,21500466,2015-12-28T00:00:00,CLE @ PHX,W,24.2,7.0,16.0,0.438,2.0,7.0,0.286,6.0,6.0,1.0,0.0,1.0,1.0,2.0,1.0,1.0,0.0,1.0,0.0,4.0,22.0,10.0,28.2,0,0,29.0,1,1,13006,1,12409,2864,2178,12768,2550,1138,8900,1100,2017,1,13060,17769,19693,8082,9196,4706,8004,2492,21108,2748,1866,4134,6778,2107,76,5404,1.0,24:10,2015,2016
2015-16,2544,LeBron James,LeBron,1610612739,CLE,Cleveland Cavaliers,21500466,2015-12-28T00:00:00,CLE @ PHX,W,35.4,4.0,10.0,0.4,1.0,5.0,0.2,5.0,9.0,0.556,0.0,4.0,4.0,7.0,2.0,2.0,1.0,0.0,3.0,6.0,14.0,3.0,36.3,0,0,32.0,1,1,13006,1,3237,8539,7514,14037,5519,2959,10165,1816,664,10714,13060,6568,9586,1118,4412,1588,2692,8866,3976,873,6324,9063,3380,2107,76,4082,1.0,35:23,2015,2016
2015-16,2592,James Jones,James,1610612739,CLE,Cleveland Cavaliers,21500466,2015-12-28T00:00:00,CLE @ PHX,W,12.9,1.0,4.0,0.25,1.0,4.0,0.25,0.0,0.0,0.0,0.0,3.0,3.0,1.0,2.0,1.0,0.0,0.0,2.0,0.0,3.0,-5.0,9.1,0,0,10.0,1,1,13006,1,21013,18695,18073,19755,5519,4617,9116,14161,15066,14161,13060,9493,12520,12251,4412,4706,8004,8866,8439,18762,19720,17477,19789,2107,76,18488,1.0,12:56,2015,2016
2015-16,202697,Iman Shumpert,Iman,1610612739,CLE,Cleveland Cavaliers,21500466,2015-12-28T00:00:00,CLE @ PHX,W,21.5,2.0,3.0,0.667,1.0,2.0,0.5,0.0,0.0,0.0,1.0,2.0,3.0,1.0,3.0,0.0,0.0,0.0,4.0,3.0,5.0,-7.0,7.1,0,0,10.0,1,1,13006,1,14624,14994,19997,2883,5519,9677,3313,14161,15066,14161,6390,13353,12520,12251,1969,12313,8004,8866,1394,4736,16838,19310,21141,2107,76,18488,1.0,21:28,2015,2016
2015-16,201567,Kevin Love,Kevin,1610612739,CLE,Cleveland Cavaliers,21500466,2015-12-28T00:00:00,CLE @ PHX,W,25.1,6.0,11.0,0.545,3.0,6.0,0.5,1.0,1.0,1.0,2.0,5.0,7.0,4.0,1.0,0.0,0.0,0.0,4.0,2.0,16.0,15.0,29.4,0,0,30.0,1,1,13006,1,11585,4268,6284,7132,1083,1860,3313,10755,13680,1,3138,4465,3953,3513,9196,12313,8004,8866,1394,7786,4835,2059,6143,2107,76,4936,1.0,25:07,2015,2016
2015-16,202684,Tristan Thompson,Tristan,1610612739,CLE,Cleveland Cavaliers,21500466,2015-12-28T00:00:00,CLE @ PHX,W,31.6,2.0,3.0,0.667,0.0,0.0,0.0,1.0,3.0,0.333,4.0,6.0,10.0,0.0,1.0,0.0,0.0,0.0,1.0,4.0,5.0,-1.0,16.0,0,0,15.0,1,1,13006,1,6238,14994,19997,2883,11051,17277,11051,10755,6741,13688,779,3007,1598,18354,9196,12313,8004,8866,14690,2748,16838,13184,14590,2107,76,14428,1.0,31:36,2015,2016
2015-16,203521,Matthew Dellavedova,Matthew,1610612739,CLE,Cleveland Cavaliers,21500466,2015-12-28T00:00:00,CLE @ PHX,W,24.0,2.0,4.0,0.5,2.0,2.0,1.0,2.0,2.0,1.0,0.0,1.0,1.0,5.0,4.0,1.0,0.0,0.0,1.0,1.0,8.0,-6.0,15.7,0,0,18.0,1,1,13006,1,12536,14994,18073,7886,2550,9677,1,6499,8140,1,13060,17769,19693,2408,841,4706,8004,8866,14690,12373,12541,18431,14841,2107,76,12177,1.0,24:01,2015,2016
2015-16,2210,Richard Jefferson,Richard,1610612739,CLE,Cleveland Cavaliers,21500466,2015-12-28T00:00:00,CLE @ PHX,W,19.0,2.0,4.0,0.5,2.0,4.0,0.5,1.0,2.0,0.5,0.0,1.0,1.0,0.0,1.0,1.0,4.0,0.0,1.0,1.0,7.0,-4.0,22.2,0,0,20.0,1,1,13006,1,16671,14994,18073,7886,2550,4617,3313,10755,8140,10753,13060,17769,19693,18354,9196,4706,132,8866,14690,12373,14029,16419,10263,2107,76,10747,1.0,19:02,2015,2016
2015-16,2747,JR Smith,JR,1610612739,CLE,Cleveland Cavaliers,21500466,2015-12-28T00:00:00,CLE @ PHX,W,30.3,5.0,11.0,0.455,5.0,11.0,0.455,2.0,2.0,1.0,2.0,1.0,3.0,1.0,2.0,1.0,0.0,0.0,1.0,2.0,17.0,15.0,23.1,0,0,28.0,1,1,13006,1,7235,6175,6284,11898,179,142,5967,6499,8140,1,3138,17769,12520,12251,4412,4706,8004,8866,14690,7786,4170,2059,9699,2107,76,5884,1.0,30:21,2015,2016
2015-16,202389,Timofey Mozgov,Timofey,1610612739,CLE,Cleveland Cavaliers,21500466,2015-12-28T00:00:00,CLE @ PHX,W,15.9,2.0,5.0,0.4,0.0,0.0,0.0,0.0,0.0,0.0,1.0,3.0,4.0,0.0,0.0,1.0,3.0,0.0,1.0,0.0,4.0,0.0,20.8,0,0,16.0,1,1,13006,1,19087,14994,16058,14037,11051,17277,11051,14161,15066,14161,6390,9493,9586,18354,16943,4706,347,8866,14690,18762,18063,12042,11195,2107,76,13654,1.0,15:56,2015,2016
2015-16,202697,Iman Shumpert,Iman,1610612739,CLE,Cleveland Cavaliers,21500453,2015-12-26T00:00:00,CLE @ POR,L,25.0,2.0,8.0,0.25,1.0,4.0,0.25,0.0,0.0,0.0,0.0,4.0,4.0,2.0,3.0,1.0,0.0,0.0,1.0,0.0,5.0,-13.0,12.8,0,0,14.0,1,13074,1,13074,11713,14994,10529,19755,5519,4617,9116,14161,15066,14161,13060,6568,9586,8082,1969,4706,8004,8866,14690,18762,16838,23150,17129,2107,76,15285,1.0,24:57,2015,2016
2015-16,203521,Matthew Dellavedova,Matthew,1610612739,CLE,Cleveland Cavaliers,21500453,2015-12-26T00:00:00,CLE @ POR,L,25.6,4.0,8.0,0.5,2.0,4.0,0.5,0.0,0.0,0.0,0.0,1.0,1.0,6.0,1.0,0.0,0.0,0.0,2.0,0.0,10.0,-16.0,19.2,0,0,19.0,1,13074,1,13074,11225,8539,10529,7886,2550,4617,3313,14161,15066,14161,13060,17769,19693,1638,9196,12313,8004,8866,8439,18762,10151,24301,12284,2107,76,11453,1.0,25:35,2015,2016
2015-16,202389,Timofey Mozgov,Timofey,1610612739,CLE,Cleveland Cavaliers,21500453,2015-12-26T00:00:00,CLE @ POR,L,14.1,1.0,4.0,0.25,0.0,0.0,0.0,0.0,0.0,0.0,2.0,2.0,4.0,0.0,1.0,0.0,1.0,1.0,2.0,2.0,2.0,-13.0,8.8,0,0,8.0,1,13074,1,13074,20346,18695,18073,19755,11051,17277,11051,14161,15066,14161,3138,13353,9586,18354,9196,12313,2692,2492,8439,7786,20822,23150,19994,2107,76,20022,1.0,14:06,2015,2016
2015-16,2544,LeBron James,LeBron,1610612739,CLE,Cleveland Cavaliers,21500453,2015-12-26T00:00:00,CLE @ POR,L,26.5,4.0,13.0,0.308,0.0,3.0,0.0,4.0,5.0,0.8,0.0,4.0,4.0,5.0,3.0,0.0,0.0,0.0,2.0,3.0,12.0,-29.0,21.3,0,0,21.0,1,13074,1,13074,10488,8539,4281,18598,11051,6890,11051,2791,3208,7601,13060,6568,9586,2408,1969,12313,8004,8866,8439,4736,8086,25978,10880,2107,76,10048,1.0,26:27,2015,2016
2015-16,203099,Jared Cunningham,Jared,1610612739,CLE,Cleveland Cavaliers,21500453,2015-12-26T00:00:00,CLE @ POR,L,12.0,2.0,4.0,0.5,0.0,0.0,0.0,2.0,4.0,0.5,0.0,0.0,0.0,2.0,0.0,1.0,0.0,0.0,0.0,2.0,6.0,2.0,12.0,0,0,10.0,1,13074,1,13074,21529,14994,18073,7886,11051,17277,11051,6499,4140,10753,13060,22257,23167,8082,16943,4706,8004,8866,21108,7786,15190,10013,17703,2107,76,18488,1.0,12:00,2015,2016
2015-16,2747,JR Smith,JR,1610612739,CLE,Cleveland Cavaliers,21500453,2015-12-26T00:00:00,CLE @ POR,L,20.9,1.0,6.0,0.167,1.0,5.0,0.2,0.0,0.0,0.0,0.0,0.0,0.0,1.0,0.0,1.0,0.0,0.0,2.0,1.0,3.0,-25.0,7.5,0,0,7.0,1,13074,1,13074,15158,18695,14041,21747,5519,2959,10165,14161,15066,14161,13060,22257,23167,12251,16943,4706,8004,8866,8439,12373,19720,25800,20874,2107,76,20722,1.0,20:53,2015,2016
2015-16,2592,James Jones,James,1610612739,CLE,Cleveland Cavaliers,21500453,2015-12-26T00:00:00,CLE @ POR,L,18.1,3.0,8.0,0.375,1.0,4.0,0.25,0.0,1.0,0.0,0.0,2.0,2.0,0.0,0.0,0.0,0.0,1.0,2.0,1.0,7.0,2.0,9.4,0,0,10.0,1,13074,1,13074,17440,11544,10529,15466,5519,4617,9116,14161,13680,14161,13060,13353,16063,18354,16943,12313,8004,2492,8439,12373,14029,10013,19568,2107,76,18488,1.0,18:06,2015,2016
2015-16,2760,Anderson Varejao,Anderson,1610612739,CLE,Cleveland Cavaliers,21500453,2015-12-26T00:00:00,CLE @ POR,L,14.1,2.0,2.0,1.0,0.0,0.0,0.0,0.0,0.0,0.0,0.0,5.0,5.0,1.0,2.0,0.0,0.0,0.0,2.0,0.0,4.0,3.0,9.5,0,0,10.0,1,13074,1,13074,20346,14994,21813,1,11051,17277,11051,14161,15066,14161,13060,4465,7203,12251,4412,12313,8004,8866,8439,18762,18063,9063,19519,2107,76,18488,1.0,14:06,2015,2016
2015-16,2210,Richard Jefferson,Richard,1610612739,CLE,Cleveland Cavaliers,21500453,2015-12-26T00:00:00,CLE @ POR,L,25.8,3.0,6.0,0.5,2.0,4.0,0.5,2.0,2.0,1.0,0.0,2.0,2.0,0.0,1.0,1.0,0.0,0.0,3.0,1.0,10.0,-1.0,14.4,0,0,16.0,1,13074,1,13074,11045,11544,14041,7886,2550,4617,3313,6499,8140,1,13060,13353,16063,18354,9196,4706,8004,8866,3976,12373,10151,13184,15857,2107,76,13654,1.0,25:46,2015,2016
2015-16,202684,Tristan Thompson,Tristan,1610612739,CLE,Cleveland Cavaliers,21500453,2015-12-26T00:00:00,CLE @ POR,L,21.9,2.0,3.0,0.667,0.0,0.0,0.0,0.0,0.0,0.0,4.0,7.0,11.0,1.0,1.0,0.0,0.0,0.0,3.0,0.0,4.0,-18.0,17.7,0,0,16.0,1,13074,1,13074,14258,14994,19997,2883,11051,17277,11051,14161,15066,14161,779,1973,1106,12251,9196,12313,8004,8866,3976,18762,18063,24835,13380,2107,76,13654,1.0,21:54,2015,2016
2015-16,201567,Kevin Love,Kevin,1610612739,CLE,Cleveland Cavaliers,21500453,2015-12-26T00:00:00,CLE @ POR,L,19.8,4.0,9.0,0.444,4.0,7.0,0.571,1.0,3.0,0.333,1.0,4.0,5.0,0.0,2.0,0.0,0.0,0.0,0.0,2.0,13.0,-21.0,17.0,0,0,22.0,1,13074,1,13074,16085,8539,8964,12281,439,1138,3090,10755,6741,13688,6390,6568,7203,18354,4412,12313,8004,8866,21108,7786,7214,25390,13855,2107,76,9378,1.0,19:47,2015,2016
2015-16,201619,Sasha Kaun,Sasha,1610612739,CLE,Cleveland Cavaliers,21500453,2015-12-26T00:00:00,CLE @ POR,L,6.0,0.0,0.0,0.0,0.0,0.0,0.0,0.0,0.0,0.0,1.0,1.0,2.0,1.0,2.0,0.0,1.0,0.0,0.0,0.0,0.0,-1.0,4.9,0,0,5.0,1,13074,1,13074,23978,22516,24912,22516,11051,17277,11051,14161,15066,14161,6390,17769,16063,12251,4412,12313,2692,8866,21108,18762,23226,13184,22621,2107,76,22162,1.0,5:58,2015,2016
2015-16,2590,Mo Williams,Mo,1610612739,CLE,Cleveland Cavaliers,21500453,2015-12-26T00:00:00,CLE @ POR,L,10.4,0.0,6.0,0.0,0.0,0.0,0.0,0.0,0.0,0.0,1.0,1.0,2.0,2.0,1.0,0.0,0.0,1.0,1.0,0.0,0.0,-15.0,4.4,0,0,4.0,1,13074,1,13074,22264,22516,14041,22516,11051,17277,11051,14161,15066,14161,6390,17769,16063,8082,9196,12313,8004,2492,14690,18762,23226,23948,22837,2107,76,22829,1.0,10:25,2015,2016
2015-16,2592,James Jones,James,1610612739,CLE,Cleveland Cavaliers,21500438,2015-12-25T00:00:00,CLE @ GSW,L,1.6,0.0,0.0,0.0,0.0,0.0,0.0,0.0,0.0,0.0,0.0,2.0,2.0,0.0,0.0,0.0,0.0,0.0,0.0,0.0,0.0,0.0,2.4,0,0,2.0,1,13074,1,13074,25669,22516,24912,22516,11051,17277,11051,14161,15066,14161,13060,13353,16063,18354,16943,12313,8004,8866,21108,18762,23226,12042,24024,2107,76,23978,1.0,1:34,2015,2016
2015-16,2590,Mo Williams,Mo,1610612739,CLE,Cleveland Cavaliers,21500438,2015-12-25T00:00:00,CLE @ GSW,L,4.7,0.0,1.0,0.0,0.0,0.0,0.0,3.0,3.0,1.0,0.0,0.0,0.0,1.0,0.0,0.0,0.0,0.0,0.0,1.0,3.0,4.0,4.5,0,0,4.0,1,13074,1,13074,24489,22516,23432,22516,11051,17277,11051,4469,6741,1,13060,22257,23167,12251,16943,12313,8004,8866,21108,12373,19720,8158,22773,2107,76,22829,1.0,4:39,2015,2016
2015-16,202389,Timofey Mozgov,Timofey,1610612739,CLE,Cleveland Cavaliers,21500438,2015-12-25T00:00:00,CLE @ GSW,L,14.4,0.0,5.0,0.0,0.0,0.0,0.0,0.0,0.0,0.0,3.0,0.0,3.0,0.0,1.0,0.0,0.0,3.0,3.0,1.0,0.0,-15.0,2.6,0,0,3.0,1,13074,1,13074,20176,22516,16058,22516,11051,17277,11051,14161,15066,14161,1576,22257,12520,18354,9196,12313,8004,154,3976,12373,23226,23948,23982,2107,76,23463,1.0,14:23,2015,2016
2015-16,202697,Iman Shumpert,Iman,1610612739,CLE,Cleveland Cavaliers,21500438,2015-12-25T00:00:00,CLE @ GSW,L,29.3,0.0,6.0,0.0,0.0,3.0,0.0,0.0,0.0,0.0,1.0,3.0,4.0,1.0,0.0,1.0,0.0,1.0,4.0,1.0,0.0,-5.0,9.3,0,0,7.0,1,13074,1,13074,8094,22516,14041,22516,11051,6890,11051,14161,15066,14161,6390,9493,9586,12251,16943,4706,8004,2492,1394,12373,23226,17477,19656,2107,76,20722,1.0,29:21,2015,2016
2015-16,202684,Tristan Thompson,Tristan,1610612739,CLE,Cleveland Cavaliers,21500438,2015-12-25T00:00:00,CLE @ GSW,L,26.8,3.0,6.0,0.5,0.0,0.0,0.0,2.0,2.0,1.0,3.0,7.0,10.0,1.0,0.0,1.0,0.0,0.0,5.0,3.0,8.0,9.0,24.5,0,0,21.0,1,13074,1,13074,10153,11544,14041,7886,11051,17277,11051,6499,8140,1,1576,1973,1598,12251,16943,4706,8004,8866,253,4736,12541,4633,8801,2107,76,10048,1.0,26:50,2015,2016
2015-16,201567,Kevin Love,Kevin,1610612739,CLE,Cleveland Cavaliers,21500438,2015-12-25T00:00:00,CLE @ GSW,L,39.3,5.0,16.0,0.313,0.0,5.0,0.0,0.0,0.0,0.0,3.0,15.0,18.0,4.0,1.0,0.0,2.0,1.0,2.0,2.0,10.0,2.0,42.6,1,0,36.0,1,13074,1,13074,956,6175,2178,18542,11051,2959,11051,14161,15066,14161,1576,22,62,3513,9196,12313,932,2492,8439,7786,10151,10013,1822,1,76,2745,1.0,39:17,2015,2016
2015-16,202681,Kyrie Irving,Kyrie,1610612739,CLE,Cleveland Cavaliers,21500438,2015-12-25T00:00:00,CLE @ GSW,L,26.2,4.0,15.0,0.267,0.0,6.0,0.0,5.0,5.0,1.0,3.0,0.0,3.0,2.0,2.0,1.0,0.0,2.0,1.0,2.0,13.0,7.0,20.6,0,0,20.0,1,13074,1,13074,10655,8539,2795,19694,11051,1860,11051,1816,3208,1,1576,22257,12520,8082,4412,4706,8004,639,14690,7786,7214,5888,11314,2107,76,10747,1.0,26:14,2015,2016
2015-16,203521,Matthew Dellavedova,Matthew,1610612739,CLE,Cleveland Cavaliers,21500438,2015-12-25T00:00:00,CLE @ GSW,L,30.5,4.0,11.0,0.364,0.0,3.0,0.0,2.0,3.0,0.667,2.0,3.0,5.0,1.0,1.0,1.0,0.0,0.0,4.0,2.0,10.0,-12.0,19.5,0,0,18.0,1,13074,1,13074,7090,8539,6284,16042,11051,6890,11051,6499,6741,9461,3138,9493,7203,12251,9196,4706,8004,8866,1394,7786,10151,22671,12096,2107,76,12177,1.0,30:31,2015,2016
2015-16,2747,JR Smith,JR,1610612739,CLE,Cleveland Cavaliers,21500438,2015-12-25T00:00:00,CLE @ GSW,L,28.6,4.0,9.0,0.444,4.0,8.0,0.5,2.0,3.0,0.667,0.0,1.0,1.0,0.0,2.0,1.0,0.0,0.0,3.0,2.0,14.0,-11.0,16.2,0,0,21.0,1,13074,1,13074,8699,8539,8964,12281,439,705,3313,6499,6741,9461,13060,17769,19693,18354,4412,4706,8004,8866,3976,7786,6324,22146,14436,2107,76,10048,1.0,28:38,2015,2016
2015-16,2544,LeBron James,LeBron,1610612739,CLE,Cleveland Cavaliers,21500438,2015-12-25T00:00:00,CLE @ GSW,L,38.5,10.0,26.0,0.385,1.0,5.0,0.2,4.0,9.0,0.444,2.0,7.0,9.0,2.0,4.0,1.0,2.0,3.0,0.0,5.0,25.0,-9.0,43.8,0,0,43.0,1,13074,1,13074,1246,704,87,15266,5519,2959,10165,2791,664,13525,3138,1973,2216,8082,841,4706,932,154,21108,1539,1116,20888,1587,2107,76,1208,1.0,38:33,2015,2016
2015-16,202681,Kyrie Irving,Kyrie,1610612739,CLE,Cleveland Cavaliers,21500424,2015-12-23T00:00:00,CLE vs. NYK,W,19.0,1.0,7.0,0.143,0.0,1.0,0.0,3.0,3.0,1.0,1.0,0.0,1.0,4.0,2.0,0.0,0.0,1.0,2.0,1.0,5.0,-5.0,10.2,0,0,10.0,1,1,13006,1,16734,18695,12208,22109,11051,13174,11051,4469,6741,1,6390,22257,19693,3513,4412,12313,8004,2492,8439,12373,16838,17477,19003,2107,76,18488,1.0,18:57,2015,2016
2015-16,202697,Iman Shumpert,Iman,1610612739,CLE,Cleveland Cavaliers,21500424,2015-12-23T00:00:00,CLE vs. NYK,W,26.5,2.0,7.0,0.286,2.0,5.0,0.4,2.0,2.0,1.0,1.0,3.0,4.0,1.0,0.0,1.0,2.0,0.0,2.0,1.0,8.0,15.0,23.3,0,0,21.0,1,1,13006,1,10451,14994,12208,19020,2550,2959,6308,6499,8140,1,6390,9493,9586,12251,16943,4706,932,8866,8439,12373,12541,2059,9567,2107,76,10048,1.0,26:30,2015,2016
2015-16,202684,Tristan Thompson,Tristan,1610612739,CLE,Cleveland Cavaliers,21500424,2015-12-23T00:00:00,CLE vs. NYK,W,29.5,2.0,5.0,0.4,0.0,0.0,0.0,6.0,6.0,1.0,7.0,7.0,14.0,0.0,0.0,0.0,0.0,1.0,1.0,4.0,10.0,7.0,26.8,1,0,24.0,1,1,13006,1,7999,14994,16058,14037,11051,17277,11051,1100,2017,1,75,1973,317,18354,16943,12313,8004,2492,14690,2748,10151,5888,7486,1,76,8132,1.0,29:28,2015,2016
2015-16,2544,LeBron James,LeBron,1610612739,CLE,Cleveland Cavaliers,21500424,2015-12-23T00:00:00,CLE vs. NYK,W,37.7,9.0,22.0,0.409,0.0,3.0,0.0,6.0,7.0,0.857,1.0,8.0,9.0,5.0,1.0,0.0,0.0,2.0,2.0,4.0,24.0,7.0,41.3,0,0,38.0,1,1,13006,1,1646,1155,346,14008,11051,6890,11051,1100,1485,6899,6390,1264,2216,2408,9196,12313,8004,639,8439,2748,1331,5888,2074,2107,76,2174,1.0,37:43,2015,2016
2015-16,201567,Kevin Love,Kevin,1610612739,CLE,Cleveland Cavaliers,21500424,2015-12-23T00:00:00,CLE vs. NYK,W,34.1,8.0,17.0,0.471,2.0,6.0,0.333,5.0,7.0,0.714,2.0,11.0,13.0,2.0,1.0,0.0,0.0,1.0,1.0,4.0,23.0,6.0,40.6,1,0,40.0,1,1,13006,1,4253,1806,1681,11453,2550,1860,7128,1816,1485,9284,3138,281,485,8082,9196,12313,8004,2492,14690,2748,1593,6628,2230,1,76,1725,1.0,34:07,2015,2016
2015-16,2747,JR Smith,JR,1610612739,CLE,Cleveland Cavaliers,21500424,2015-12-23T00:00:00,CLE vs. NYK,W,24.9,2.0,7.0,0.286,0.0,2.0,0.0,0.0,0.0,0.0,0.0,0.0,0.0,3.0,1.0,3.0,0.0,0.0,3.0,0.0,4.0,1.0,16.5,0,0,13.0,1,1,13006,1,11722,14994,12208,19020,11051,9677,11051,14161,15066,14161,13060,22257,23167,5322,9196,501,8004,8866,3976,18762,18063,11010,14224,2107,76,16097,1.0,24:56,2015,2016
2015-16,202389,Timofey Mozgov,Timofey,1610612739,CLE,Cleveland Cavaliers,21500424,2015-12-23T00:00:00,CLE vs. NYK,W,13.7,3.0,6.0,0.5,0.0,0.0,0.0,0.0,0.0,0.0,2.0,2.0,4.0,1.0,0.0,0.0,1.0,1.0,0.0,0.0,6.0,-3.0,15.3,0,0,13.0,1,1,13006,1,20597,11544,14041,7886,11051,17277,11051,14161,15066,14161,3138,13353,9586,12251,16943,12313,2692,2492,21108,18762,15190,15372,15150,2107,76,16097,1.0,13:41,2015,2016
2015-16,2210,Richard Jefferson,Richard,1610612739,CLE,Cleveland Cavaliers,21500424,2015-12-23T00:00:00,CLE vs. NYK,W,4.4,0.0,0.0,0.0,0.0,0.0,0.0,0.0,0.0,0.0,0.0,1.0,1.0,0.0,0.0,0.0,0.0,0.0,0.0,0.0,0.0,2.0,1.2,0,0,1.0,1,1,13006,1,24591,22516,24912,22516,11051,17277,11051,14161,15066,14161,13060,17769,19693,18354,16943,12313,8004,8866,21108,18762,23226,10013,24661,2107,76,24654,1.0,4:23,2015,2016
2015-16,2592,James Jones,James,1610612739,CLE,Cleveland Cavaliers,21500424,2015-12-23T00:00:00,CLE vs. NYK,W,4.5,0.0,0.0,0.0,0.0,0.0,0.0,0.0,0.0,0.0,0.0,0.0,0.0,0.0,0.0,0.0,0.0,0.0,0.0,0.0,0.0,-1.0,0.0,0,0,0.0,1,1,13006,1,24538,22516,24912,22516,11051,17277,11051,14161,15066,14161,13060,22257,23167,18354,16943,12313,8004,8866,21108,18762,23226,13184,25170,2107,76,25215,1.0,4:32,2015,2016
2015-16,2590,Mo Williams,Mo,1610612739,CLE,Cleveland Cavaliers,21500424,2015-12-23T00:00:00,CLE vs. NYK,W,14.9,2.0,4.0,0.5,0.0,1.0,0.0,0.0,0.0,0.0,0.0,2.0,2.0,0.0,1.0,1.0,1.0,1.0,2.0,2.0,4.0,-3.0,11.4,0,0,10.0,1,1,13006,1,19841,14994,18073,7886,11051,13174,11051,14161,15066,14161,13060,13353,16063,18354,9196,4706,2692,2492,8439,7786,18063,15372,18134,2107,76,18488,1.0,14:53,2015,2016
2015-16,203521,Matthew Dellavedova,Matthew,1610612739,CLE,Cleveland Cavaliers,21500424,2015-12-23T00:00:00,CLE vs. NYK,W,30.8,3.0,8.0,0.375,1.0,4.0,0.25,0.0,0.0,0.0,0.0,0.0,0.0,7.0,1.0,1.0,0.0,0.0,2.0,1.0,7.0,9.0,19.5,0,0,17.0,1,1,13006,1,6863,11544,10529,15466,5519,4617,9116,14161,15066,14161,13060,22257,23167,1118,9196,4706,8004,8866,8439,12373,14029,4633,12096,2107,76,12877,1.0,30:50,2015,2016
2015-16,201567,Kevin Love,Kevin,1610612739,CLE,Cleveland Cavaliers,21500405,2015-12-20T00:00:00,CLE vs. PHI,W,21.6,2.0,4.0,0.5,1.0,2.0,0.5,5.0,6.0,0.833,0.0,5.0,5.0,1.0,2.0,1.0,0.0,1.0,4.0,7.0,10.0,12.0,18.5,0,0,19.0,1,1,13006,1,14518,14994,18073,7886,5519,9677,3313,1816,2017,7124,13060,4465,7203,12251,4412,4706,8004,2492,1394,469,10151,3172,12794,2107,76,11453,1.0,21:36,2015,2016
2015-16,202684,Tristan Thompson,Tristan,1610612739,CLE,Cleveland Cavaliers,21500405,2015-12-20T00:00:00,CLE vs. PHI,W,21.7,2.0,4.0,0.5,0.0,0.0,0.0,2.0,2.0,1.0,2.0,4.0,6.0,1.0,0.0,0.0,1.0,0.0,2.0,2.0,6.0,36.0,17.7,0,0,15.0,1,1,13006,1,14433,14994,18073,7886,11051,17277,11051,6499,8140,1,3138,6568,5415,12251,16943,12313,2692,8866,8439,7786,15190,30,13380,2107,76,14428,1.0,21:43,2015,2016
2015-16,2210,Richard Jefferson,Richard,1610612739,CLE,Cleveland Cavaliers,21500405,2015-12-20T00:00:00,CLE vs. PHI,W,22.7,3.0,6.0,0.5,3.0,5.0,0.6,0.0,0.0,0.0,0.0,1.0,1.0,1.0,0.0,0.0,0.0,0.0,3.0,1.0,9.0,-11.0,11.7,0,0,14.0,1,1,13006,1,13622,11544,14041,7886,1083,2959,2761,14161,15066,14161,13060,17769,19693,12251,16943,12313,8004,8866,3976,12373,11389,22146,17903,2107,76,15285,1.0,22:41,2015,2016
2015-16,2544,LeBron James,LeBron,1610612739,CLE,Cleveland Cavaliers,21500405,2015-12-20T00:00:00,CLE vs. PHI,W,25.3,10.0,17.0,0.588,0.0,3.0,0.0,3.0,4.0,0.75,0.0,5.0,5.0,4.0,2.0,3.0,1.0,0.0,0.0,2.0,23.0,33.0,45.0,0,0,40.0,1,1,13006,1,11430,704,1681,5799,11051,6890,11051,4469,4140,8103,13060,4465,7203,3513,4412,501,2692,8866,21108,7786,1593,67,1357,2107,76,1725,1.0,25:19,2015,2016
2015-16,202681,Kyrie Irving,Kyrie,1610612739,CLE,Cleveland Cavaliers,21500405,2015-12-20T00:00:00,CLE vs. PHI,W,17.1,5.0,12.0,0.417,2.0,2.0,1.0,0.0,0.0,0.0,0.0,1.0,1.0,4.0,1.0,2.0,0.0,1.0,1.0,0.0,12.0,16.0,24.2,0,0,23.0,1,1,13006,1,18222,6175,5215,13673,2550,9677,1,14161,15066,14161,13060,17769,19693,3513,9196,1588,8004,2492,14690,18762,8086,1731,9009,2107,76,8747,1.0,17:04,2015,2016
2015-16,201619,Sasha Kaun,Sasha,1610612739,CLE,Cleveland Cavaliers,21500405,2015-12-20T00:00:00,CLE vs. PHI,W,5.9,2.0,3.0,0.667,0.0,0.0,0.0,0.0,0.0,0.0,2.0,0.0,2.0,0.0,1.0,0.0,0.0,0.0,1.0,0.0,4.0,-11.0,5.4,0,0,6.0,1,1,13006,1,23993,14994,19997,2883,11051,17277,11051,14161,15066,14161,3138,22257,16063,18354,9196,12313,8004,8866,14690,18762,18063,22146,22242,2107,76,21429,1.0,5:56,2015,2016
2015-16,202697,Iman Shumpert,Iman,1610612739,CLE,Cleveland Cavaliers,21500405,2015-12-20T00:00:00,CLE vs. PHI,W,15.7,1.0,5.0,0.2,0.0,1.0,0.0,1.0,2.0,0.5,0.0,2.0,2.0,4.0,0.0,1.0,0.0,0.0,0.0,2.0,3.0,3.0,14.4,0,0,11.0,1,1,13006,1,19292,18695,16058,21086,11051,13174,11051,10755,8140,10753,13060,13353,16063,3513,16943,4706,8004,8866,21108,7786,19720,9063,15857,2107,76,17702,1.0,15:40,2015,2016
2015-16,2760,Anderson Varejao,Anderson,1610612739,CLE,Cleveland Cavaliers,21500405,2015-12-20T00:00:00,CLE vs. PHI,W,12.9,0.0,4.0,0.0,0.0,0.0,0.0,0.0,0.0,0.0,1.0,2.0,3.0,1.0,0.0,1.0,0.0,0.0,3.0,2.0,0.0,-9.0,8.1,0,0,6.0,1,1,13006,1,21037,22516,18073,22516,11051,17277,11051,14161,15066,14161,6390,13353,12520,12251,16943,4706,8004,8866,3976,7786,23226,20888,20521,2107,76,21429,1.0,12:53,2015,2016
2015-16,2747,JR Smith,JR,1610612739,CLE,Cleveland Cavaliers,21500405,2015-12-20T00:00:00,CLE vs. PHI,W,21.9,3.0,5.0,0.6,1.0,1.0,1.0,1.0,1.0,1.0,0.0,2.0,2.0,4.0,0.0,1.0,0.0,0.0,1.0,1.0,8.0,29.0,19.4,0,0,17.0,1,1,13006,1,14293,11544,16058,4873,5519,13174,1,10755,13680,1,13060,13353,16063,3513,16943,4706,8004,8866,14690,12373,12541,158,12154,2107,76,12877,1.0,21:51,2015,2016
2015-16,203521,Matthew Dellavedova,Matthew,1610612739,CLE,Cleveland Cavaliers,21500405,2015-12-20T00:00:00,CLE vs. PHI,W,22.8,7.0,10.0,0.7,4.0,6.0,0.667,2.0,2.0,1.0,0.0,0.0,0.0,2.0,4.0,2.0,2.0,0.0,1.0,2.0,20.0,13.0,31.0,0,0,34.0,1,1,13006,1,13526,2864,7514,2674,439,1860,1955,6499,8140,1,13060,22257,23167,8082,841,1588,932,8866,14690,7786,2594,2784,5406,2107,76,3364,1.0,22:48,2015,2016
2015-16,2592,James Jones,James,1610612739,CLE,Cleveland Cavaliers,21500405,2015-12-20T00:00:00,CLE vs. PHI,W,15.8,1.0,5.0,0.2,0.0,2.0,0.0,0.0,0.0,0.0,0.0,5.0,5.0,1.0,0.0,0.0,1.0,0.0,1.0,0.0,2.0,-9.0,12.5,0,0,10.0,1,1,13006,1,19178,18695,16058,21086,11051,9677,11051,14161,15066,14161,13060,4465,7203,12251,16943,12313,2692,8866,14690,18762,20822,20888,17372,2107,76,18488,1.0,15:49,2015,2016
2015-16,203099,Jared Cunningham,Jared,1610612739,CLE,Cleveland Cavaliers,21500405,2015-12-20T00:00:00,CLE vs. PHI,W,12.7,1.0,4.0,0.25,0.0,2.0,0.0,1.0,2.0,0.5,0.0,1.0,1.0,1.0,0.0,0.0,0.0,0.0,0.0,2.0,3.0,-6.0,5.7,0,0,5.0,1,1,13006,1,21154,18695,18073,19755,11051,9677,11051,10755,8140,10753,13060,17769,19693,12251,16943,12313,8004,8866,21108,7786,19720,18431,22054,2107,76,22162,1.0,12:41,2015,2016
2015-16,202389,Timofey Mozgov,Timofey,1610612739,CLE,Cleveland Cavaliers,21500405,2015-12-20T00:00:00,CLE vs. PHI,W,24.0,3.0,6.0,0.5,0.0,1.0,0.0,2.0,2.0,1.0,1.0,6.0,7.0,1.0,0.0,0.0,1.0,0.0,2.0,1.0,8.0,14.0,20.9,0,0,18.0,1,1,13006,1,12584,11544,14041,7886,11051,13174,11051,6499,8140,1,6390,3007,3953,12251,16943,12313,2692,8866,8439,12373,12541,2411,11132,2107,76,12177,1.0,23:59,2015,2016
2015-16,201567,Kevin Love,Kevin,1610612739,CLE,Cleveland Cavaliers,21500384,2015-12-17T00:00:00,CLE vs. OKC,W,32.5,4.0,10.0,0.4,2.0,5.0,0.4,1.0,1.0,1.0,1.0,6.0,7.0,5.0,3.0,2.0,0.0,2.0,2.0,1.0,11.0,-10.0,29.9,0,0,29.0,1,1,13006,1,5519,8539,7514,14037,2550,2959,6308,10755,13680,1,6390,3007,3953,2408,1969,1588,8004,639,8439,12373,9124,21543,5884,2107,76,5404,1.0,32:29,2015,2016
2015-16,203521,Matthew Dellavedova,Matthew,1610612739,CLE,Cleveland Cavaliers,21500384,2015-12-17T00:00:00,CLE vs. OKC,W,38.8,3.0,10.0,0.3,3.0,6.0,0.5,2.0,2.0,1.0,2.0,3.0,5.0,10.0,1.0,0.0,0.0,0.0,3.0,3.0,11.0,1.0,31.0,1,0,29.0,1,1,13006,1,1161,11544,7514,18745,1083,1860,3313,6499,8140,1,3138,9493,7203,329,9196,12313,8004,8866,3976,4736,9124,11010,5406,1,76,5404,1.0,38:45,2015,2016
2015-16,2747,JR Smith,JR,1610612739,CLE,Cleveland Cavaliers,21500384,2015-12-17T00:00:00,CLE vs. OKC,W,24.8,5.0,12.0,0.417,1.0,5.0,0.2,0.0,0.0,0.0,0.0,3.0,3.0,0.0,0.0,1.0,0.0,1.0,4.0,2.0,11.0,-8.0,17.6,0,0,17.0,1,1,13006,1,11841,6175,5215,13673,5519,2959,10165,14161,15066,14161,13060,9493,12520,18354,16943,4706,8004,2492,1394,7786,9124,20129,13443,2107,76,12877,1.0,24:47,2015,2016
2015-16,202684,Tristan Thompson,Tristan,1610612739,CLE,Cleveland Cavaliers,21500384,2015-12-17T00:00:00,CLE vs. OKC,W,34.9,7.0,10.0,0.7,0.0,0.0,0.0,0.0,2.0,0.0,11.0,4.0,15.0,1.0,1.0,0.0,1.0,1.0,3.0,4.0,14.0,13.0,35.5,1,0,32.0,1,1,13006,1,3649,2864,7514,2674,11051,17277,11051,14161,8140,14161,4,6568,222,12251,9196,12313,2692,2492,3976,2748,6324,2784,3657,1,76,4082,1.0,34:51,2015,2016
2015-16,2544,LeBron James,LeBron,1610612739,CLE,Cleveland Cavaliers,21500384,2015-12-17T00:00:00,CLE vs. OKC,W,39.6,12.0,27.0,0.444,2.0,5.0,0.4,7.0,8.0,0.875,2.0,7.0,9.0,11.0,7.0,2.0,0.0,3.0,2.0,6.0,33.0,5.0,59.3,1,0,59.0,1,1,13006,1,843,217,50,12281,2550,2959,6308,705,922,6721,3138,1973,2216,211,59,1588,8004,154,8439,873,222,7354,230,1,76,135,1.0,39:37,2015,2016
2015-16,202389,Timofey Mozgov,Timofey,1610612739,CLE,Cleveland Cavaliers,21500384,2015-12-17T00:00:00,CLE vs. OKC,W,20.9,3.0,5.0,0.6,0.0,0.0,0.0,0.0,0.0,0.0,0.0,0.0,0.0,1.0,1.0,0.0,0.0,0.0,2.0,3.0,6.0,0.0,6.5,0,0,7.0,1,1,13006,1,15180,11544,16058,4873,11051,17277,11051,14161,15066,14161,13060,22257,23167,12251,9196,12313,8004,8866,8439,4736,15190,12042,21519,2107,76,20722,1.0,20:51,2015,2016
2015-16,203099,Jared Cunningham,Jared,1610612739,CLE,Cleveland Cavaliers,21500384,2015-12-17T00:00:00,CLE vs. OKC,W,13.4,2.0,3.0,0.667,1.0,2.0,0.5,0.0,0.0,0.0,0.0,1.0,1.0,0.0,2.0,1.0,0.0,0.0,4.0,1.0,5.0,13.0,7.2,0,0,9.0,1,1,13006,1,20731,14994,19997,2883,5519,9677,3313,14161,15066,14161,13060,17769,19693,18354,4412,4706,8004,8866,1394,12373,16838,2784,21035,2107,76,19255,1.0,13:25,2015,2016
2015-16,2760,Anderson Varejao,Anderson,1610612739,CLE,Cleveland Cavaliers,21500384,2015-12-17T00:00:00,CLE vs. OKC,W,3.6,0.0,2.0,0.0,0.0,0.0,0.0,0.0,0.0,0.0,0.0,0.0,0.0,0.0,0.0,0.0,0.0,0.0,0.0,0.0,0.0,-3.0,0.0,0,0,0.0,1,1,13006,1,24884,22516,21813,22516,11051,17277,11051,14161,15066,14161,13060,22257,23167,18354,16943,12313,8004,8866,21108,18762,23226,15372,25170,2107,76,25215,1.0,3:34,2015,2016
2015-16,2210,Richard Jefferson,Richard,1610612739,CLE,Cleveland Cavaliers,21500384,2015-12-17T00:00:00,CLE vs. OKC,W,31.7,5.0,9.0,0.556,3.0,6.0,0.5,0.0,0.0,0.0,0.0,2.0,2.0,1.0,1.0,0.0,0.0,0.0,2.0,0.0,13.0,9.0,15.9,0,0,19.0,1,1,13006,1,6156,6175,8964,6726,1083,1860,3313,14161,15066,14161,13060,13353,16063,12251,9196,12313,8004,8866,8439,18762,7214,4633,14675,2107,76,11453,1.0,31:41,2015,2016
2015-16,2544,LeBron James,LeBron,1610612739,CLE,Cleveland Cavaliers,21500367,2015-12-15T00:00:00,CLE @ BOS,W,35.7,10.0,20.0,0.5,0.0,3.0,0.0,4.0,4.0,1.0,1.0,6.0,7.0,3.0,6.0,2.0,1.0,2.0,3.0,5.0,24.0,17.0,39.9,0,0,40.0,1,1,13006,1,2974,704,698,7886,11051,6890,11051,2791,4140,1,6390,3007,3953,5322,146,1588,2692,639,3976,1539,1331,1469,2396,2107,76,1725,1.0,35:42,2015,2016
2015-16,2590,Mo Williams,Mo,1610612739,CLE,Cleveland Cavaliers,21500367,2015-12-15T00:00:00,CLE @ BOS,W,18.9,4.0,10.0,0.4,1.0,4.0,0.25,1.0,1.0,1.0,0.0,1.0,1.0,3.0,3.0,0.0,0.0,0.0,2.0,0.0,10.0,1.0,12.7,0,0,15.0,1,1,13006,1,16741,8539,7514,14037,5519,4617,9116,10755,13680,1,13060,17769,19693,5322,1969,12313,8004,8866,8439,18762,10151,11010,17201,2107,76,14428,1.0,18:57,2015,2016
2015-16,202697,Iman Shumpert,Iman,1610612739,CLE,Cleveland Cavaliers,21500367,2015-12-15T00:00:00,CLE @ BOS,W,13.5,2.0,4.0,0.5,2.0,3.0,0.667,0.0,0.0,0.0,0.0,1.0,1.0,1.0,1.0,0.0,1.0,0.0,1.0,1.0,6.0,4.0,10.7,0,0,12.0,1,1,13006,1,20687,14994,18073,7886,2550,6890,1955,14161,15066,14161,13060,17769,19693,12251,9196,12313,2692,8866,14690,12373,15190,8158,18636,2107,76,16886,1.0,13:32,2015,2016
2015-16,203521,Matthew Dellavedova,Matthew,1610612739,CLE,Cleveland Cavaliers,21500367,2015-12-15T00:00:00,CLE @ BOS,W,27.5,1.0,6.0,0.167,0.0,2.0,0.0,0.0,0.0,0.0,0.0,1.0,1.0,4.0,1.0,1.0,0.0,0.0,4.0,0.0,2.0,13.0,11.2,0,0,9.0,1,1,13006,1,9606,18695,14041,21747,11051,9677,11051,14161,15066,14161,13060,17769,19693,3513,9196,4706,8004,8866,1394,18762,20822,2784,18267,2107,76,19255,1.0,27:30,2015,2016
2015-16,202684,Tristan Thompson,Tristan,1610612739,CLE,Cleveland Cavaliers,21500367,2015-12-15T00:00:00,CLE @ BOS,W,22.4,0.0,2.0,0.0,0.0,0.0,0.0,0.0,0.0,0.0,1.0,8.0,9.0,0.0,0.0,0.0,0.0,1.0,0.0,1.0,0.0,-4.0,10.8,0,0,9.0,1,1,13006,1,13805,22516,21813,22516,11051,17277,11051,14161,15066,14161,6390,1264,2216,18354,16943,12313,8004,2492,21108,12373,23226,16419,18579,2107,76,19255,1.0,22:27,2015,2016
2015-16,2760,Anderson Varejao,Anderson,1610612739,CLE,Cleveland Cavaliers,21500367,2015-12-15T00:00:00,CLE @ BOS,W,7.1,2.0,3.0,0.667,0.0,0.0,0.0,0.0,0.0,0.0,0.0,2.0,2.0,0.0,0.0,0.0,0.0,0.0,2.0,0.0,4.0,-4.0,6.4,0,0,6.0,1,1,13006,1,23509,14994,19997,2883,11051,17277,11051,14161,15066,14161,13060,13353,16063,18354,16943,12313,8004,8866,8439,18762,18063,16419,21589,2107,76,21429,1.0,7:08,2015,2016
2015-16,201567,Kevin Love,Kevin,1610612739,CLE,Cleveland Cavaliers,21500367,2015-12-15T00:00:00,CLE @ BOS,W,34.0,7.0,16.0,0.438,3.0,7.0,0.429,3.0,4.0,0.75,1.0,7.0,8.0,5.0,2.0,1.0,2.0,2.0,0.0,2.0,20.0,20.0,44.1,0,0,42.0,1,1,13006,1,4336,2864,2178,12768,1083,1138,6081,4469,4140,8103,6390,1973,2959,2408,4412,4706,932,639,21108,7786,2594,876,1542,2107,76,1376,1.0,34:01,2015,2016
2015-16,202389,Timofey Mozgov,Timofey,1610612739,CLE,Cleveland Cavaliers,21500367,2015-12-15T00:00:00,CLE @ BOS,W,24.1,4.0,5.0,0.8,0.0,0.0,0.0,1.0,1.0,1.0,0.0,10.0,10.0,0.0,0.0,0.0,3.0,1.0,1.0,1.0,9.0,11.0,30.0,0,0,25.0,1,1,13006,1,12429,8539,16058,1401,11051,17277,11051,10755,13680,1,13060,488,1598,18354,16943,12313,347,2492,14690,12373,11389,3629,5840,2107,76,7525,1.0,24:08,2015,2016
2015-16,2747,JR Smith,JR,1610612739,CLE,Cleveland Cavaliers,21500367,2015-12-15T00:00:00,CLE @ BOS,W,35.8,4.0,9.0,0.444,1.0,3.0,0.333,0.0,0.0,0.0,3.0,3.0,6.0,0.0,0.0,1.0,0.0,0.0,4.0,1.0,9.0,8.0,19.2,0,0,18.0,1,1,13006,1,2926,8539,8964,12281,5519,6890,7128,14161,15066,14161,1576,9493,5415,18354,16943,4706,8004,8866,1394,12373,11389,5243,12284,2107,76,12177,1.0,35:46,2015,2016
2015-16,203099,Jared Cunningham,Jared,1610612739,CLE,Cleveland Cavaliers,21500367,2015-12-15T00:00:00,CLE @ BOS,W,0.3,0.0,0.0,0.0,0.0,0.0,0.0,0.0,0.0,0.0,0.0,0.0,0.0,0.0,0.0,0.0,0.0,0.0,0.0,0.0,0.0,-2.0,0.0,0,0,0.0,1,1,13006,1,26009,22516,24912,22516,11051,17277,11051,14161,15066,14161,13060,22257,23167,18354,16943,12313,8004,8866,21108,18762,23226,14281,25170,2107,76,25215,1.0,0:16,2015,2016
2015-16,2210,Richard Jefferson,Richard,1610612739,CLE,Cleveland Cavaliers,21500367,2015-12-15T00:00:00,CLE @ BOS,W,20.6,2.0,3.0,0.667,1.0,1.0,1.0,0.0,0.0,0.0,0.0,1.0,1.0,1.0,1.0,0.0,0.0,0.0,0.0,0.0,5.0,-4.0,6.7,0,0,8.0,1,1,13006,1,15422,14994,19997,2883,5519,13174,1,14161,15066,14161,13060,17769,19693,12251,9196,12313,8004,8866,21108,18762,16838,16419,21376,2107,76,20022,1.0,20:34,2015,2016
2015-16,202389,Timofey Mozgov,Timofey,1610612739,CLE,Cleveland Cavaliers,21500334,2015-12-11T00:00:00,CLE @ ORL,W,19.7,8.0,9.0,0.889,0.0,0.0,0.0,1.0,1.0,1.0,2.0,2.0,4.0,1.0,2.0,0.0,0.0,0.0,3.0,1.0,17.0,27.0,21.3,0,0,22.0,1,1,13006,1,16148,1806,8964,1133,11051,17277,11051,10755,13680,1,3138,13353,9586,12251,4412,12313,8004,8866,3976,12373,4170,229,10880,2107,76,9378,1.0,19:42,2015,2016
2015-16,2590,Mo Williams,Mo,1610612739,CLE,Cleveland Cavaliers,21500334,2015-12-11T00:00:00,CLE @ ORL,W,23.9,2.0,6.0,0.333,0.0,0.0,0.0,1.0,1.0,1.0,0.0,5.0,5.0,4.0,3.0,0.0,0.0,0.0,2.0,1.0,5.0,1.0,14.0,0,0,14.0,1,1,13006,1,12682,14994,14041,16528,11051,17277,11051,10755,13680,1,13060,4465,7203,3513,1969,12313,8004,8866,8439,12373,16838,11010,16166,2107,76,15285,1.0,23:52,2015,2016
2015-16,2592,James Jones,James,1610612739,CLE,Cleveland Cavaliers,21500334,2015-12-11T00:00:00,CLE @ ORL,W,18.4,5.0,10.0,0.5,4.0,8.0,0.5,1.0,2.0,0.5,0.0,1.0,1.0,0.0,1.0,1.0,0.0,0.0,4.0,1.0,15.0,3.0,18.2,0,0,22.0,1,1,13006,1,17212,6175,7514,7886,439,705,3313,10755,8140,10753,13060,17769,19693,18354,9196,4706,8004,8866,1394,12373,5598,9063,13004,2107,76,9378,1.0,18:22,2015,2016
2015-16,201567,Kevin Love,Kevin,1610612739,CLE,Cleveland Cavaliers,21500334,2015-12-11T00:00:00,CLE @ ORL,W,27.9,2.0,6.0,0.333,1.0,3.0,0.333,3.0,4.0,0.75,3.0,10.0,13.0,6.0,0.0,2.0,0.0,0.0,0.0,4.0,8.0,28.0,38.6,0,0,32.0,1,1,13006,1,9336,14994,14041,16528,5519,6890,7128,4469,4140,8103,1576,488,485,1638,16943,1588,8004,8866,21108,2748,12541,193,2744,2107,76,4082,1.0,27:52,2015,2016
2015-16,203521,Matthew Dellavedova,Matthew,1610612739,CLE,Cleveland Cavaliers,21500334,2015-12-11T00:00:00,CLE @ ORL,W,24.1,5.0,7.0,0.714,2.0,3.0,0.667,0.0,0.0,0.0,0.0,1.0,1.0,6.0,2.0,0.0,0.0,0.0,3.0,2.0,12.0,34.0,20.2,0,0,21.0,1,1,13006,1,12429,6175,12208,2409,2550,6890,1955,14161,15066,14161,13060,17769,19693,1638,4412,12313,8004,8866,3976,7786,8086,51,11610,2107,76,10048,1.0,24:08,2015,2016
2015-16,2544,LeBron James,LeBron,1610612739,CLE,Cleveland Cavaliers,21500334,2015-12-11T00:00:00,CLE @ ORL,W,29.4,10.0,15.0,0.667,0.0,1.0,0.0,5.0,8.0,0.625,0.0,3.0,3.0,8.0,4.0,4.0,0.0,2.0,0.0,7.0,25.0,36.0,48.6,0,0,44.0,1,1,13006,1,8043,704,2795,2883,11051,13174,11051,1816,922,10341,13060,9493,12520,762,841,151,8004,639,21108,469,1116,30,900,2107,76,1091,1.0,29:25,2015,2016
2015-16,202684,Tristan Thompson,Tristan,1610612739,CLE,Cleveland Cavaliers,21500334,2015-12-11T00:00:00,CLE @ ORL,W,19.7,1.0,3.0,0.333,0.0,0.0,0.0,0.0,0.0,0.0,1.0,5.0,6.0,0.0,0.0,1.0,0.0,0.0,0.0,1.0,2.0,11.0,12.2,0,0,10.0,1,1,13006,1,16189,18695,19997,16528,11051,17277,11051,14161,15066,14161,6390,4465,5415,18354,16943,4706,8004,8866,21108,12373,20822,3629,17566,2107,76,18488,1.0,19:39,2015,2016
2015-16,201619,Sasha Kaun,Sasha,1610612739,CLE,Cleveland Cavaliers,21500334,2015-12-11T00:00:00,CLE @ ORL,W,6.1,0.0,0.0,0.0,0.0,0.0,0.0,0.0,0.0,0.0,0.0,0.0,0.0,0.0,1.0,1.0,0.0,0.0,0.0,0.0,0.0,5.0,2.0,0,0,2.0,1,1,13006,1,23923,22516,24912,22516,11051,17277,11051,14161,15066,14161,13060,22257,23167,18354,9196,4706,8004,8866,21108,18762,23226,7354,24216,2107,76,23978,1.0,6:05,2015,2016
2015-16,2760,Anderson Varejao,Anderson,1610612739,CLE,Cleveland Cavaliers,21500334,2015-12-11T00:00:00,CLE @ ORL,W,10.4,1.0,3.0,0.333,0.0,0.0,0.0,2.0,2.0,1.0,2.0,1.0,3.0,1.0,1.0,1.0,0.0,0.0,1.0,1.0,4.0,1.0,11.1,0,0,10.0,1,1,13006,1,22264,18695,19997,16528,11051,17277,11051,6499,8140,1,3138,17769,12520,12251,9196,4706,8004,8866,14690,12373,18063,11010,18370,2107,76,18488,1.0,10:25,2015,2016
2015-16,2210,Richard Jefferson,Richard,1610612739,CLE,Cleveland Cavaliers,21500334,2015-12-11T00:00:00,CLE @ ORL,W,12.7,1.0,1.0,1.0,1.0,1.0,1.0,0.0,0.0,0.0,0.0,3.0,3.0,0.0,3.0,2.0,0.0,0.0,1.0,0.0,3.0,-6.0,9.6,0,0,11.0,1,1,13006,1,21142,18695,23432,1,5519,13174,1,14161,15066,14161,13060,9493,12520,18354,1969,1588,8004,8866,14690,18762,19720,18431,19434,2107,76,17702,1.0,12:42,2015,2016
2015-16,202697,Iman Shumpert,Iman,1610612739,CLE,Cleveland Cavaliers,21500334,2015-12-11T00:00:00,CLE @ ORL,W,24.6,5.0,7.0,0.714,2.0,3.0,0.667,2.0,3.0,0.667,0.0,3.0,3.0,0.0,0.0,0.0,0.0,0.0,2.0,3.0,14.0,19.0,17.6,0,0,19.0,1,1,13006,1,12017,6175,12208,2409,2550,6890,1955,6499,6741,9461,13060,9493,12520,18354,16943,12313,8004,8866,8439,4736,6324,1041,13443,2107,76,11453,1.0,24:36,2015,2016
2015-16,203099,Jared Cunningham,Jared,1610612739,CLE,Cleveland Cavaliers,21500334,2015-12-11T00:00:00,CLE @ ORL,W,23.2,1.0,5.0,0.2,1.0,2.0,0.5,3.0,6.0,0.5,1.0,2.0,3.0,2.0,1.0,0.0,0.0,1.0,3.0,3.0,6.0,16.0,11.6,0,0,12.0,1,1,13006,1,13196,18695,16058,21086,5519,9677,3313,4469,2017,10753,6390,13353,12520,8082,9196,12313,8004,2492,3976,4736,15190,1731,17970,2107,76,16886,1.0,23:12,2015,2016
2015-16,2544,LeBron James,LeBron,1610612739,CLE,Cleveland Cavaliers,21500313,2015-12-08T00:00:00,CLE vs. POR,W,40.3,14.0,24.0,0.583,1.0,3.0,0.333,4.0,4.0,1.0,1.0,9.0,10.0,3.0,2.0,2.0,3.0,1.0,3.0,8.0,33.0,7.0,62.5,1,0,57.0,1,1,13006,1,646,44,190,5861,5519,6890,7128,2791,4140,1,6390,786,1598,5322,4412,1588,347,2492,3976,254,222,5888,132,1,76,177,1.0,40:20,2015,2016
2015-16,201567,Kevin Love,Kevin,1610612739,CLE,Cleveland Cavaliers,21500313,2015-12-08T00:00:00,CLE vs. POR,W,29.9,5.0,12.0,0.417,0.0,1.0,0.0,8.0,10.0,0.8,2.0,2.0,4.0,4.0,1.0,4.0,0.0,1.0,0.0,8.0,18.0,-2.0,39.8,0,0,34.0,1,1,13006,1,7631,6175,5215,13673,11051,13174,11051,448,422,7601,3138,13353,9586,3513,9196,151,8004,2492,21108,254,3558,14281,2422,2107,76,3364,1.0,29:54,2015,2016
2015-16,2210,Richard Jefferson,Richard,1610612739,CLE,Cleveland Cavaliers,21500313,2015-12-08T00:00:00,CLE vs. POR,W,19.7,3.0,6.0,0.5,1.0,3.0,0.333,0.0,0.0,0.0,0.0,0.0,0.0,2.0,0.0,0.0,0.0,0.0,2.0,0.0,7.0,8.0,10.0,0,0,10.0,1,1,13006,1,16182,11544,14041,7886,5519,6890,7128,14161,15066,14161,13060,22257,23167,8082,16943,12313,8004,8866,8439,18762,14029,5243,19178,2107,76,18488,1.0,19:40,2015,2016
2015-16,202389,Timofey Mozgov,Timofey,1610612739,CLE,Cleveland Cavaliers,21500313,2015-12-08T00:00:00,CLE vs. POR,W,7.0,0.0,0.0,0.0,0.0,0.0,0.0,0.0,0.0,0.0,0.0,0.0,0.0,0.0,0.0,0.0,0.0,0.0,0.0,1.0,0.0,-12.0,0.0,0,0,0.0,1,1,13006,1,23558,22516,24912,22516,11051,17277,11051,14161,15066,14161,13060,22257,23167,18354,16943,12313,8004,8866,21108,12373,23226,22671,25170,2107,76,25215,1.0,7:01,2015,2016
2015-16,202684,Tristan Thompson,Tristan,1610612739,CLE,Cleveland Cavaliers,21500313,2015-12-08T00:00:00,CLE vs. POR,W,19.3,1.0,3.0,0.333,0.0,0.0,0.0,0.0,0.0,0.0,1.0,5.0,6.0,0.0,1.0,0.0,0.0,0.0,2.0,1.0,2.0,8.0,8.2,0,0,8.0,1,1,13006,1,16478,18695,19997,16528,11051,17277,11051,14161,15066,14161,6390,4465,5415,18354,9196,12313,8004,8866,8439,12373,20822,5243,20416,2107,76,20022,1.0,19:16,2015,2016
2015-16,203521,Matthew Dellavedova,Matthew,1610612739,CLE,Cleveland Cavaliers,21500313,2015-12-08T00:00:00,CLE vs. POR,W,36.7,7.0,12.0,0.583,3.0,5.0,0.6,0.0,0.0,0.0,0.0,3.0,3.0,3.0,1.0,1.0,0.0,0.0,4.0,2.0,17.0,4.0,27.1,0,0,28.0,1,1,13006,1,2283,2864,5215,5861,1083,2959,2761,14161,15066,14161,13060,9493,12520,5322,9196,4706,8004,8866,1394,7786,4170,8158,7339,2107,76,5884,1.0,36:43,2015,2016
2015-16,203099,Jared Cunningham,Jared,1610612739,CLE,Cleveland Cavaliers,21500313,2015-12-08T00:00:00,CLE vs. POR,W,34.5,2.0,3.0,0.667,1.0,2.0,0.5,2.0,4.0,0.5,0.0,1.0,1.0,0.0,0.0,1.0,0.0,0.0,3.0,2.0,7.0,7.0,11.2,0,0,11.0,1,1,13006,1,3925,14994,19997,2883,5519,9677,3313,6499,4140,10753,13060,17769,19693,18354,16943,4706,8004,8866,3976,7786,14029,5888,18267,2107,76,17702,1.0,34:32,2015,2016
2015-16,2590,Mo Williams,Mo,1610612739,CLE,Cleveland Cavaliers,21500313,2015-12-08T00:00:00,CLE vs. POR,W,21.4,5.0,10.0,0.5,1.0,3.0,0.333,2.0,2.0,1.0,0.0,2.0,2.0,2.0,2.0,0.0,0.0,0.0,1.0,2.0,13.0,-2.0,16.4,0,0,18.0,1,1,13006,1,14657,6175,7514,7886,5519,6890,7128,6499,8140,1,13060,13353,16063,8082,4412,12313,8004,8866,14690,7786,7214,14281,14289,2107,76,12177,1.0,21:26,2015,2016
2015-16,2747,JR Smith,JR,1610612739,CLE,Cleveland Cavaliers,21500313,2015-12-08T00:00:00,CLE vs. POR,W,25.1,3.0,9.0,0.333,2.0,4.0,0.5,0.0,0.0,0.0,1.0,1.0,2.0,2.0,0.0,2.0,0.0,0.0,2.0,1.0,8.0,7.0,19.4,0,0,18.0,1,1,13006,1,11586,11544,8964,16528,2550,4617,3313,14161,15066,14161,6390,17769,16063,8082,16943,1588,8004,8866,8439,12373,12541,5888,12154,2107,76,12177,1.0,25:07,2015,2016
2015-16,2760,Anderson Varejao,Anderson,1610612739,CLE,Cleveland Cavaliers,21500313,2015-12-08T00:00:00,CLE vs. POR,W,6.0,0.0,0.0,0.0,0.0,0.0,0.0,0.0,0.0,0.0,1.0,1.0,2.0,2.0,1.0,0.0,1.0,0.0,1.0,0.0,0.0,0.0,7.4,0,0,6.0,1,1,13006,1,23948,22516,24912,22516,11051,17277,11051,14161,15066,14161,6390,17769,16063,8082,9196,12313,2692,8866,14690,18762,23226,12042,20912,2107,76,21429,1.0,6:02,2015,2016
2015-16,201567,Kevin Love,Kevin,1610612739,CLE,Cleveland Cavaliers,21500291,2015-12-05T00:00:00,CLE @ MIA,L,22.3,2.0,11.0,0.182,0.0,4.0,0.0,1.0,1.0,1.0,3.0,5.0,8.0,2.0,3.0,0.0,0.0,1.0,2.0,1.0,5.0,-10.0,14.6,0,0,15.0,1,13074,1,13074,13936,14994,6284,21674,11051,4617,11051,10755,13680,1,1576,4465,2959,8082,1969,12313,8004,2492,8439,12373,16838,21543,15699,2107,76,14428,1.0,22:16,2015,2016
2015-16,202684,Tristan Thompson,Tristan,1610612739,CLE,Cleveland Cavaliers,21500291,2015-12-05T00:00:00,CLE @ MIA,L,22.3,3.0,4.0,0.75,0.0,0.0,0.0,0.0,2.0,0.0,2.0,4.0,6.0,0.0,0.0,1.0,0.0,0.0,4.0,2.0,6.0,-16.0,16.2,0,0,14.0,1,13074,1,13074,13890,11544,18073,1788,11051,17277,11051,14161,8140,14161,3138,6568,5415,18354,16943,4706,8004,8866,1394,7786,15190,24301,14436,2107,76,15285,1.0,22:20,2015,2016
2015-16,2592,James Jones,James,1610612739,CLE,Cleveland Cavaliers,21500291,2015-12-05T00:00:00,CLE @ MIA,L,14.5,2.0,5.0,0.4,2.0,4.0,0.5,0.0,0.0,0.0,2.0,0.0,2.0,1.0,0.0,1.0,0.0,0.0,2.0,1.0,6.0,6.0,12.9,0,0,13.0,1,13074,1,13074,20133,14994,16058,14037,2550,4617,3313,14161,15066,14161,3138,22257,16063,12251,16943,4706,8004,8866,8439,12373,15190,6628,17049,2107,76,16097,1.0,14:27,2015,2016
2015-16,2210,Richard Jefferson,Richard,1610612739,CLE,Cleveland Cavaliers,21500291,2015-12-05T00:00:00,CLE @ MIA,L,38.4,6.0,18.0,0.333,0.0,7.0,0.0,4.0,9.0,0.444,0.0,3.0,3.0,2.0,1.0,1.0,0.0,3.0,2.0,6.0,16.0,-10.0,24.6,0,0,23.0,1,13074,1,13074,1328,4268,1283,16528,11051,1138,11051,2791,664,13525,13060,9493,12520,8082,9196,4706,8004,154,8439,873,4835,21543,8724,2107,76,8747,1.0,38:23,2015,2016
2015-16,202389,Timofey Mozgov,Timofey,1610612739,CLE,Cleveland Cavaliers,21500291,2015-12-05T00:00:00,CLE @ MIA,L,21.3,4.0,6.0,0.667,0.0,0.0,0.0,0.0,0.0,0.0,0.0,4.0,4.0,0.0,1.0,2.0,0.0,0.0,1.0,2.0,8.0,-28.0,17.8,0,0,16.0,1,13074,1,13074,14819,8539,14041,2883,11051,17277,11051,14161,15066,14161,13060,6568,9586,18354,9196,1588,8004,8866,14690,7786,12541,25941,13309,2107,76,13654,1.0,21:16,2015,2016
2015-16,203521,Matthew Dellavedova,Matthew,1610612739,CLE,Cleveland Cavaliers,21500291,2015-12-05T00:00:00,CLE @ MIA,L,28.3,4.0,11.0,0.364,1.0,3.0,0.333,2.0,2.0,1.0,0.0,2.0,2.0,5.0,3.0,0.0,1.0,0.0,2.0,4.0,11.0,-15.0,20.9,0,0,21.0,1,13074,1,13074,9017,8539,6284,16042,5519,6890,7128,6499,8140,1,13060,13353,16063,2408,1969,12313,2692,8866,8439,2748,9124,23948,11132,2107,76,10048,1.0,28:17,2015,2016
2015-16,2747,JR Smith,JR,1610612739,CLE,Cleveland Cavaliers,21500291,2015-12-05T00:00:00,CLE @ MIA,L,26.7,4.0,12.0,0.333,1.0,5.0,0.2,3.0,4.0,0.75,2.0,0.0,2.0,2.0,2.0,0.0,0.0,2.0,4.0,2.0,12.0,-19.0,15.4,0,0,17.0,1,13074,1,13074,10255,8539,5215,16528,5519,2959,10165,4469,4140,8103,3138,22257,16063,8082,4412,12313,8004,639,1394,7786,8086,25066,15066,2107,76,12877,1.0,26:44,2015,2016
2015-16,203099,Jared Cunningham,Jared,1610612739,CLE,Cleveland Cavaliers,21500291,2015-12-05T00:00:00,CLE @ MIA,L,32.0,3.0,8.0,0.375,1.0,3.0,0.333,4.0,4.0,1.0,0.0,0.0,0.0,1.0,2.0,2.0,0.0,1.0,3.0,3.0,11.0,1.0,16.5,0,0,17.0,1,13074,1,13074,5851,11544,10529,15466,5519,6890,7128,2791,4140,1,13060,22257,23167,12251,4412,1588,8004,2492,3976,4736,9124,11010,14224,2107,76,12877,1.0,32:02,2015,2016
2015-16,201619,Sasha Kaun,Sasha,1610612739,CLE,Cleveland Cavaliers,21500291,2015-12-05T00:00:00,CLE @ MIA,L,8.5,1.0,2.0,0.5,0.0,0.0,0.0,2.0,2.0,1.0,2.0,1.0,3.0,0.0,1.0,0.0,0.0,1.0,1.0,1.0,4.0,10.0,6.6,0,0,7.0,1,13074,1,13074,23037,18695,21813,7886,11051,17277,11051,6499,8140,1,3138,17769,12520,18354,9196,12313,8004,2492,14690,12373,18063,4134,21445,2107,76,20722,1.0,8:27,2015,2016
2015-16,2590,Mo Williams,Mo,1610612739,CLE,Cleveland Cavaliers,21500291,2015-12-05T00:00:00,CLE @ MIA,L,11.7,2.0,7.0,0.286,1.0,2.0,0.5,0.0,0.0,0.0,0.0,0.0,0.0,1.0,1.0,0.0,0.0,1.0,4.0,1.0,5.0,-10.0,5.5,0,0,7.0,1,13074,1,13074,21729,14994,12208,19020,5519,9677,3313,14161,15066,14161,13060,22257,23167,12251,9196,12313,8004,2492,1394,12373,16838,21543,22196,2107,76,20722,1.0,11:41,2015,2016
2015-16,2760,Anderson Varejao,Anderson,1610612739,CLE,Cleveland Cavaliers,21500291,2015-12-05T00:00:00,CLE @ MIA,L,14.1,0.0,1.0,0.0,0.0,0.0,0.0,0.0,0.0,0.0,0.0,6.0,6.0,0.0,0.0,1.0,0.0,0.0,1.0,2.0,0.0,16.0,10.2,0,0,8.0,1,13074,1,13074,20337,22516,23432,22516,11051,17277,11051,14161,15066,14161,13060,3007,5415,18354,16943,4706,8004,8866,14690,7786,23226,1731,19003,2107,76,20022,1.0,14:07,2015,2016
2015-16,2760,Anderson Varejao,Anderson,1610612739,CLE,Cleveland Cavaliers,21500288,2015-12-04T00:00:00,CLE @ NOP,L,3.8,0.0,0.0,0.0,0.0,0.0,0.0,2.0,2.0,1.0,0.0,0.0,0.0,0.0,0.0,0.0,0.0,0.0,0.0,1.0,2.0,-6.0,2.0,0,0,2.0,1,13074,1,13074,24774,22516,24912,22516,11051,17277,11051,6499,8140,1,13060,22257,23167,18354,16943,12313,8004,8866,21108,12373,20822,18431,24216,2107,76,23978,1.0,3:51,2015,2016
2015-16,2210,Richard Jefferson,Richard,1610612739,CLE,Cleveland Cavaliers,21500288,2015-12-04T00:00:00,CLE @ NOP,L,14.2,0.0,1.0,0.0,0.0,0.0,0.0,0.0,0.0,0.0,2.0,2.0,4.0,0.0,0.0,2.0,0.0,0.0,4.0,0.0,0.0,-9.0,10.8,0,0,8.0,1,13074,1,13074,20267,22516,23432,22516,11051,17277,11051,14161,15066,14161,3138,13353,9586,18354,16943,1588,8004,8866,1394,18762,23226,20888,18579,2107,76,20022,1.0,14:13,2015,2016
2015-16,201567,Kevin Love,Kevin,1610612739,CLE,Cleveland Cavaliers,21500288,2015-12-04T00:00:00,CLE @ NOP,L,37.2,6.0,16.0,0.375,0.0,5.0,0.0,3.0,5.0,0.6,3.0,7.0,10.0,1.0,1.0,2.0,0.0,1.0,1.0,4.0,15.0,4.0,33.5,1,0,30.0,1,13074,1,13074,1935,4268,2178,15466,11051,2959,11051,4469,3208,10435,1576,1973,1598,12251,9196,1588,8004,2492,14690,2748,5598,8158,4348,1,76,4936,1.0,37:15,2015,2016
2015-16,2590,Mo Williams,Mo,1610612739,CLE,Cleveland Cavaliers,21500288,2015-12-04T00:00:00,CLE @ NOP,L,22.6,4.0,10.0,0.4,0.0,2.0,0.0,0.0,0.0,0.0,0.0,1.0,1.0,3.0,1.0,0.0,0.0,1.0,2.0,1.0,8.0,-13.0,12.7,0,0,12.0,1,13074,1,13074,13704,8539,7514,14037,11051,9677,11051,14161,15066,14161,13060,17769,19693,5322,9196,12313,8004,2492,8439,12373,12541,23150,17201,2107,76,16886,1.0,22:35,2015,2016
2015-16,2592,James Jones,James,1610612739,CLE,Cleveland Cavaliers,21500288,2015-12-04T00:00:00,CLE @ NOP,L,14.7,1.0,5.0,0.2,1.0,5.0,0.2,4.0,4.0,1.0,0.0,2.0,2.0,1.0,1.0,1.0,0.0,0.0,2.0,3.0,7.0,-3.0,12.9,0,0,13.0,1,13074,1,13074,19947,18695,16058,21086,5519,2959,10165,2791,4140,1,13060,13353,16063,12251,9196,4706,8004,8866,8439,4736,14029,15372,17049,2107,76,16097,1.0,14:43,2015,2016
2015-16,2747,JR Smith,JR,1610612739,CLE,Cleveland Cavaliers,21500288,2015-12-04T00:00:00,CLE @ NOP,L,36.9,6.0,14.0,0.429,6.0,13.0,0.462,0.0,0.0,0.0,0.0,4.0,4.0,0.0,1.0,0.0,0.0,0.0,5.0,4.0,18.0,1.0,21.8,0,0,28.0,1,13074,1,13074,2130,4268,3506,12903,78,50,5956,14161,15066,14161,13060,6568,9586,18354,9196,12313,8004,8866,253,2748,3558,11010,10526,2107,76,5884,1.0,36:55,2015,2016
2015-16,202684,Tristan Thompson,Tristan,1610612739,CLE,Cleveland Cavaliers,21500288,2015-12-04T00:00:00,CLE @ NOP,L,32.0,2.0,4.0,0.5,0.0,0.0,0.0,1.0,2.0,0.5,4.0,6.0,10.0,1.0,1.0,1.0,0.0,0.0,3.0,1.0,5.0,-5.0,20.5,0,0,18.0,1,13074,1,13074,5849,14994,18073,7886,11051,17277,11051,10755,8140,10753,779,3007,1598,12251,9196,4706,8004,8866,3976,12373,16838,17477,11401,2107,76,12177,1.0,32:03,2015,2016
2015-16,202389,Timofey Mozgov,Timofey,1610612739,CLE,Cleveland Cavaliers,21500288,2015-12-04T00:00:00,CLE @ NOP,L,16.6,4.0,5.0,0.8,0.0,0.0,0.0,0.0,0.0,0.0,1.0,2.0,3.0,0.0,1.0,0.0,0.0,0.0,2.0,3.0,8.0,-1.0,10.6,0,0,11.0,1,13074,1,13074,18558,8539,16058,1401,11051,17277,11051,14161,15066,14161,6390,13353,12520,18354,9196,12313,8004,8866,8439,4736,12541,13184,18723,2107,76,17702,1.0,16:37,2015,2016
2015-16,203521,Matthew Dellavedova,Matthew,1610612739,CLE,Cleveland Cavaliers,21500288,2015-12-04T00:00:00,CLE @ NOP,L,42.0,3.0,5.0,0.6,2.0,3.0,0.667,0.0,0.0,0.0,0.0,2.0,2.0,4.0,3.0,1.0,0.0,0.0,3.0,0.0,8.0,6.0,16.4,0,0,18.0,1,13074,1,13074,310,11544,16058,4873,2550,6890,1955,14161,15066,14161,13060,13353,16063,3513,1969,4706,8004,8866,3976,18762,12541,6628,14289,2107,76,12177,1.0,42:02,2015,2016
2015-16,2544,LeBron James,LeBron,1610612739,CLE,Cleveland Cavaliers,21500288,2015-12-04T00:00:00,CLE @ NOP,L,44.8,13.0,29.0,0.448,1.0,5.0,0.2,10.0,11.0,0.909,2.0,5.0,7.0,8.0,5.0,1.0,1.0,0.0,4.0,8.0,37.0,-4.0,58.4,0,0,57.0,1,13074,1,13074,89,107,17,12278,5519,2959,10165,178,304,6555,3138,4465,3953,762,351,4706,2692,8866,1394,254,96,16419,257,2107,76,177,1.0,44:47,2015,2016
2015-16,2210,Richard Jefferson,Richard,1610612739,CLE,Cleveland Cavaliers,21500262,2015-12-01T00:00:00,CLE vs. WAS,L,17.8,2.0,6.0,0.333,1.0,4.0,0.25,0.0,0.0,0.0,1.0,1.0,2.0,3.0,0.0,1.0,0.0,0.0,1.0,1.0,5.0,-7.0,14.9,0,0,13.0,1,13074,1,13074,17643,14994,14041,16528,5519,4617,9116,14161,15066,14161,6390,17769,16063,5322,16943,4706,8004,8866,14690,12373,16838,19310,15463,2107,76,16097,1.0,17:51,2015,2016
2015-16,2590,Mo Williams,Mo,1610612739,CLE,Cleveland Cavaliers,21500262,2015-12-01T00:00:00,CLE vs. WAS,L,27.9,5.0,10.0,0.5,2.0,3.0,0.667,0.0,0.0,0.0,0.0,3.0,3.0,3.0,1.0,0.0,0.0,0.0,1.0,1.0,12.0,-18.0,19.1,0,0,20.0,1,13074,1,13074,9328,6175,7514,7886,2550,6890,1955,14161,15066,14161,13060,9493,12520,5322,9196,12313,8004,8866,14690,12373,8086,24835,12372,2107,76,10747,1.0,27:52,2015,2016
2015-16,2747,JR Smith,JR,1610612739,CLE,Cleveland Cavaliers,21500262,2015-12-01T00:00:00,CLE vs. WAS,L,36.2,3.0,15.0,0.2,3.0,11.0,0.273,4.0,5.0,0.8,0.0,4.0,4.0,3.0,1.0,2.0,1.0,0.0,4.0,3.0,13.0,-2.0,30.3,0,0,29.0,1,13074,1,13074,2613,11544,2795,21086,1083,142,9103,2791,3208,7601,13060,6568,9586,5322,9196,1588,2692,8866,1394,4736,7214,14281,5702,2107,76,5404,1.0,36:12,2015,2016
2015-16,202684,Tristan Thompson,Tristan,1610612739,CLE,Cleveland Cavaliers,21500262,2015-12-01T00:00:00,CLE vs. WAS,L,27.3,2.0,6.0,0.333,0.0,0.0,0.0,2.0,4.0,0.5,3.0,8.0,11.0,0.0,2.0,0.0,0.0,0.0,2.0,2.0,6.0,8.0,17.2,0,0,17.0,1,13074,1,13074,9763,14994,14041,16528,11051,17277,11051,6499,4140,10753,1576,1264,1106,18354,4412,12313,8004,8866,8439,7786,15190,5243,13725,2107,76,12877,1.0,27:18,2015,2016
2015-16,2760,Anderson Varejao,Anderson,1610612739,CLE,Cleveland Cavaliers,21500262,2015-12-01T00:00:00,CLE vs. WAS,L,9.3,1.0,2.0,0.5,0.0,0.0,0.0,0.0,0.0,0.0,0.0,2.0,2.0,1.0,0.0,0.0,0.0,0.0,1.0,1.0,2.0,6.0,5.9,0,0,5.0,1,13074,1,13074,22692,18695,21813,7886,11051,17277,11051,14161,15066,14161,13060,13353,16063,12251,16943,12313,8004,8866,14690,12373,20822,6628,21953,2107,76,22162,1.0,9:20,2015,2016
2015-16,2544,LeBron James,LeBron,1610612739,CLE,Cleveland Cavaliers,21500262,2015-12-01T00:00:00,CLE vs. WAS,L,37.4,8.0,20.0,0.4,0.0,3.0,0.0,8.0,8.0,1.0,4.0,9.0,13.0,4.0,9.0,1.0,1.0,1.0,3.0,7.0,24.0,-12.0,42.6,1,0,45.0,1,13074,1,13074,1842,1806,698,14037,11051,6890,11051,448,922,1,779,786,485,3513,6,4706,2692,2492,3976,469,1331,22671,1822,1,76,941,1.0,37:23,2015,2016
2015-16,203099,Jared Cunningham,Jared,1610612739,CLE,Cleveland Cavaliers,21500262,2015-12-01T00:00:00,CLE vs. WAS,L,1.1,0.0,0.0,0.0,0.0,0.0,0.0,0.0,0.0,0.0,0.0,0.0,0.0,0.0,0.0,0.0,0.0,0.0,0.0,0.0,0.0,0.0,0.0,0,0,0.0,1,13074,1,13074,25833,22516,24912,22516,11051,17277,11051,14161,15066,14161,13060,22257,23167,18354,16943,12313,8004,8866,21108,18762,23226,12042,25170,2107,76,25215,1.0,1:09,2015,2016
2015-16,202389,Timofey Mozgov,Timofey,1610612739,CLE,Cleveland Cavaliers,21500262,2015-12-01T00:00:00,CLE vs. WAS,L,8.9,0.0,3.0,0.0,0.0,0.0,0.0,0.0,0.0,0.0,1.0,1.0,2.0,0.0,4.0,0.0,0.0,2.0,2.0,1.0,0.0,-12.0,-1.6,0,0,2.0,1,13074,1,13074,22870,22516,19997,22516,11051,17277,11051,14161,15066,14161,6390,17769,16063,18354,841,12313,8004,639,8439,12373,23226,22671,26058,2107,76,23978,1.0,8:55,2015,2016
2015-16,2592,James Jones,James,1610612739,CLE,Cleveland Cavaliers,21500262,2015-12-01T00:00:00,CLE vs. WAS,L,13.8,0.0,3.0,0.0,0.0,3.0,0.0,0.0,0.0,0.0,0.0,0.0,0.0,0.0,1.0,1.0,0.0,0.0,1.0,0.0,0.0,0.0,2.0,0,0,2.0,1,13074,1,13074,20504,22516,19997,22516,11051,6890,11051,14161,15066,14161,13060,22257,23167,18354,9196,4706,8004,8866,14690,18762,23226,12042,24216,2107,76,23978,1.0,13:50,2015,2016
2015-16,203521,Matthew Dellavedova,Matthew,1610612739,CLE,Cleveland Cavaliers,21500262,2015-12-01T00:00:00,CLE vs. WAS,L,27.4,5.0,9.0,0.556,3.0,3.0,1.0,2.0,2.0,1.0,0.0,2.0,2.0,1.0,0.0,2.0,1.0,2.0,3.0,2.0,15.0,1.0,27.9,0,0,27.0,1,13074,1,13074,9660,6175,8964,6726,1083,6890,1,6499,8140,1,13060,13353,16063,12251,16943,1588,2692,639,3976,7786,5598,11010,6914,2107,76,6398,1.0,27:26,2015,2016
2015-16,201567,Kevin Love,Kevin,1610612739,CLE,Cleveland Cavaliers,21500262,2015-12-01T00:00:00,CLE vs. WAS,L,32.7,2.0,9.0,0.222,0.0,3.0,0.0,4.0,4.0,1.0,1.0,7.0,8.0,0.0,0.0,1.0,0.0,0.0,0.0,5.0,8.0,-24.0,20.6,0,0,18.0,1,13074,1,13074,5315,14994,8964,20877,11051,6890,11051,2791,4140,1,6390,1973,2959,18354,16943,4706,8004,8866,21108,1539,12541,25720,11314,2107,76,12177,1.0,32:44,2015,2016
2015-16,201567,Kevin Love,Kevin,1610612739,CLE,Cleveland Cavaliers,21500240,2015-11-28T00:00:00,CLE vs. BKN,W,34.0,8.0,14.0,0.571,6.0,11.0,0.545,4.0,4.0,1.0,0.0,7.0,7.0,2.0,3.0,0.0,1.0,0.0,4.0,2.0,26.0,5.0,37.4,0,0,43.0,1,1,13006,1,4360,1806,3506,6087,78,142,3292,2791,4140,1,13060,1973,3953,8082,1969,12313,2692,8866,1394,7786,895,7354,3073,2107,76,1208,2.0,33:60,2015,2016
2015-16,2747,JR Smith,JR,1610612739,CLE,Cleveland Cavaliers,21500240,2015-11-28T00:00:00,CLE vs. BKN,W,38.8,3.0,12.0,0.25,0.0,4.0,0.0,0.0,2.0,0.0,0.0,5.0,5.0,1.0,2.0,3.0,4.0,1.0,5.0,3.0,6.0,0.0,32.5,0,0,26.0,1,1,13006,1,1151,11544,5215,19755,11051,4617,11051,14161,8140,14161,13060,4465,7203,12251,4412,501,132,2492,253,4736,15190,12042,4726,2107,76,6962,2.0,38:48,2015,2016
2015-16,2544,LeBron James,LeBron,1610612739,CLE,Cleveland Cavaliers,21500240,2015-11-28T00:00:00,CLE vs. BKN,W,35.7,10.0,22.0,0.455,1.0,6.0,0.167,5.0,6.0,0.833,2.0,7.0,9.0,5.0,2.0,1.0,0.0,0.0,0.0,5.0,26.0,-1.0,45.3,0,0,43.0,1,1,13006,1,2963,704,346,11898,5519,1860,10673,1816,2017,7124,3138,1973,2216,2408,4412,4706,8004,8866,21108,1539,895,13184,1310,2107,76,1208,2.0,35:43,2015,2016
2015-16,203099,Jared Cunningham,Jared,1610612739,CLE,Cleveland Cavaliers,21500240,2015-11-28T00:00:00,CLE vs. BKN,W,1.0,0.0,0.0,0.0,0.0,0.0,0.0,0.0,0.0,0.0,0.0,0.0,0.0,0.0,0.0,0.0,0.0,0.0,0.0,0.0,0.0,3.0,0.0,0,0,0.0,1,1,13006,1,25875,22516,24912,22516,11051,17277,11051,14161,15066,14161,13060,22257,23167,18354,16943,12313,8004,8866,21108,18762,23226,9063,25170,2107,76,25215,2.0,0:59,2015,2016
2015-16,2210,Richard Jefferson,Richard,1610612739,CLE,Cleveland Cavaliers,21500240,2015-11-28T00:00:00,CLE vs. BKN,W,17.5,0.0,2.0,0.0,0.0,1.0,0.0,0.0,0.0,0.0,0.0,1.0,1.0,1.0,0.0,1.0,2.0,0.0,0.0,2.0,0.0,-2.0,11.7,0,0,8.0,1,1,13006,1,17879,22516,21813,22516,11051,13174,11051,14161,15066,14161,13060,17769,19693,12251,16943,4706,932,8866,21108,7786,23226,14281,17903,2107,76,20022,2.0,17:32,2015,2016
2015-16,202389,Timofey Mozgov,Timofey,1610612739,CLE,Cleveland Cavaliers,21500240,2015-11-28T00:00:00,CLE vs. BKN,W,17.3,1.0,7.0,0.143,0.0,1.0,0.0,0.0,0.0,0.0,3.0,3.0,6.0,2.0,3.0,2.0,1.0,1.0,3.0,3.0,2.0,5.0,18.2,0,0,16.0,1,1,13006,1,18071,18695,12208,22109,11051,13174,11051,14161,15066,14161,1576,9493,5415,8082,1969,1588,2692,2492,3976,4736,20822,7354,13004,2107,76,13654,2.0,17:16,2015,2016
2015-16,2760,Anderson Varejao,Anderson,1610612739,CLE,Cleveland Cavaliers,21500240,2015-11-28T00:00:00,CLE vs. BKN,W,4.3,0.0,0.0,0.0,0.0,0.0,0.0,0.0,0.0,0.0,0.0,3.0,3.0,0.0,1.0,0.0,0.0,0.0,0.0,0.0,0.0,0.0,2.6,0,0,3.0,1,1,13006,1,24621,22516,24912,22516,11051,17277,11051,14161,15066,14161,13060,9493,12520,18354,9196,12313,8004,8866,21108,18762,23226,12042,23982,2107,76,23463,2.0,4:16,2015,2016
2015-16,203521,Matthew Dellavedova,Matthew,1610612739,CLE,Cleveland Cavaliers,21500240,2015-11-28T00:00:00,CLE vs. BKN,W,25.4,1.0,5.0,0.2,1.0,2.0,0.5,0.0,0.0,0.0,1.0,3.0,4.0,6.0,3.0,0.0,0.0,0.0,1.0,0.0,3.0,0.0,13.8,0,0,14.0,1,1,13006,1,11384,18695,16058,21086,5519,9677,3313,14161,15066,14161,6390,9493,9586,1638,1969,12313,8004,8866,14690,18762,19720,12042,16311,2107,76,15285,2.0,25:23,2015,2016
2015-16,202684,Tristan Thompson,Tristan,1610612739,CLE,Cleveland Cavaliers,21500240,2015-11-28T00:00:00,CLE vs. BKN,W,31.6,4.0,11.0,0.364,0.0,0.0,0.0,2.0,5.0,0.4,6.0,5.0,11.0,2.0,2.0,0.0,0.0,1.0,3.0,3.0,10.0,1.0,24.2,1,0,23.0,1,1,13006,1,6210,8539,6284,16042,11051,17277,11051,6499,3208,13568,168,4465,1106,8082,4412,12313,8004,2492,3976,4736,10151,11010,9009,1,76,8747,2.0,31:37,2015,2016
2015-16,2590,Mo Williams,Mo,1610612739,CLE,Cleveland Cavaliers,21500240,2015-11-28T00:00:00,CLE vs. BKN,W,28.4,7.0,13.0,0.538,0.0,1.0,0.0,0.0,0.0,0.0,0.0,2.0,2.0,1.0,3.0,2.0,1.0,1.0,3.0,0.0,14.0,-1.0,23.9,0,0,23.0,1,1,13006,1,8879,2864,4281,7389,11051,13174,11051,14161,15066,14161,13060,13353,16063,12251,1969,1588,2692,2492,3976,18762,6324,13184,9184,2107,76,8747,2.0,28:26,2015,2016
2015-16,2592,James Jones,James,1610612739,CLE,Cleveland Cavaliers,21500240,2015-11-28T00:00:00,CLE vs. BKN,W,6.0,1.0,1.0,1.0,1.0,1.0,1.0,0.0,0.0,0.0,0.0,1.0,1.0,0.0,0.0,0.0,2.0,0.0,0.0,0.0,3.0,0.0,10.2,0,0,9.0,1,1,13006,1,23952,18695,23432,1,5519,13174,1,14161,15066,14161,13060,17769,19693,18354,16943,12313,932,8866,21108,18762,19720,12042,19003,2107,76,19255,2.0,6:01,2015,2016
2015-16,2210,Richard Jefferson,Richard,1610612739,CLE,Cleveland Cavaliers,21500227,2015-11-27T00:00:00,CLE @ CHA,W,30.2,4.0,8.0,0.5,2.0,5.0,0.4,3.0,6.0,0.5,0.0,1.0,1.0,1.0,1.0,0.0,0.0,0.0,2.0,4.0,13.0,14.0,14.7,0,0,17.0,1,1,13006,1,7350,8539,10529,7886,2550,2959,6308,4469,2017,10753,13060,17769,19693,12251,9196,12313,8004,8866,8439,2748,7214,2411,15631,2107,76,12877,1.0,30:12,2015,2016
2015-16,202684,Tristan Thompson,Tristan,1610612739,CLE,Cleveland Cavaliers,21500227,2015-11-27T00:00:00,CLE @ CHA,W,29.6,3.0,7.0,0.429,0.0,0.0,0.0,1.0,2.0,0.5,3.0,9.0,12.0,1.0,3.0,1.0,0.0,2.0,5.0,3.0,7.0,5.0,22.9,0,0,22.0,1,1,13006,1,7891,11544,12208,12903,11051,17277,11051,10755,8140,10753,1576,786,752,12251,1969,4706,8004,639,253,4736,14029,7354,9811,2107,76,9378,1.0,29:35,2015,2016
2015-16,202389,Timofey Mozgov,Timofey,1610612739,CLE,Cleveland Cavaliers,21500227,2015-11-27T00:00:00,CLE @ CHA,W,18.4,3.0,9.0,0.333,0.0,0.0,0.0,2.0,2.0,1.0,2.0,1.0,3.0,0.0,3.0,1.0,0.0,0.0,1.0,2.0,8.0,0.0,11.6,0,0,13.0,1,1,13006,1,17163,11544,8964,16528,11051,17277,11051,6499,8140,1,3138,17769,12520,18354,1969,4706,8004,8866,14690,7786,12541,12042,17970,2107,76,16097,1.0,18:25,2015,2016
2015-16,2544,LeBron James,LeBron,1610612739,CLE,Cleveland Cavaliers,21500227,2015-11-27T00:00:00,CLE @ CHA,W,38.2,8.0,20.0,0.4,2.0,5.0,0.4,7.0,9.0,0.778,2.0,11.0,13.0,5.0,3.0,0.0,0.0,4.0,2.0,7.0,25.0,1.0,45.1,1,0,45.0,1,1,13006,1,1414,1806,698,14037,2550,2959,6308,705,664,8028,3138,281,485,2408,1969,12313,8004,38,8439,469,1116,11010,1338,1,76,941,1.0,38:13,2015,2016
2015-16,203521,Matthew Dellavedova,Matthew,1610612739,CLE,Cleveland Cavaliers,21500227,2015-11-27T00:00:00,CLE @ CHA,W,33.5,2.0,7.0,0.286,1.0,4.0,0.25,2.0,2.0,1.0,0.0,1.0,1.0,5.0,0.0,0.0,1.0,0.0,3.0,2.0,7.0,11.0,18.7,0,0,16.0,1,1,13006,1,4755,14994,12208,19020,5519,4617,9116,6499,8140,1,13060,17769,19693,2408,16943,12313,2692,8866,3976,7786,14029,3629,12648,2107,76,13654,1.0,33:29,2015,2016
2015-16,203099,Jared Cunningham,Jared,1610612739,CLE,Cleveland Cavaliers,21500227,2015-11-27T00:00:00,CLE @ CHA,W,0.1,0.0,0.0,0.0,0.0,0.0,0.0,0.0,0.0,0.0,0.0,0.0,0.0,0.0,0.0,0.0,0.0,0.0,0.0,0.0,0.0,0.0,0.0,0,0,0.0,1,1,13006,1,26036,22516,24912,22516,11051,17277,11051,14161,15066,14161,13060,22257,23167,18354,16943,12313,8004,8866,21108,18762,23226,12042,25170,2107,76,25215,1.0,0:08,2015,2016
2015-16,2592,James Jones,James,1610612739,CLE,Cleveland Cavaliers,21500227,2015-11-27T00:00:00,CLE @ CHA,W,7.8,0.0,4.0,0.0,0.0,3.0,0.0,0.0,0.0,0.0,0.0,0.0,0.0,0.0,0.0,0.0,0.0,0.0,1.0,1.0,0.0,2.0,0.0,0,0,0.0,1,1,13006,1,23261,22516,18073,22516,11051,6890,11051,14161,15066,14161,13060,22257,23167,18354,16943,12313,8004,8866,14690,12373,23226,10013,25170,2107,76,25215,1.0,7:49,2015,2016
2015-16,2590,Mo Williams,Mo,1610612739,CLE,Cleveland Cavaliers,21500227,2015-11-27T00:00:00,CLE @ CHA,W,20.8,3.0,4.0,0.75,0.0,0.0,0.0,0.0,0.0,0.0,0.0,1.0,1.0,3.0,3.0,0.0,1.0,1.0,4.0,1.0,6.0,-3.0,11.7,0,0,12.0,1,1,13006,1,15223,11544,18073,1788,11051,17277,11051,14161,15066,14161,13060,17769,19693,5322,1969,12313,2692,2492,1394,12373,15190,15372,17903,2107,76,16886,1.0,20:48,2015,2016
2015-16,2747,JR Smith,JR,1610612739,CLE,Cleveland Cavaliers,21500227,2015-11-27T00:00:00,CLE @ CHA,W,31.1,4.0,10.0,0.4,1.0,5.0,0.2,2.0,2.0,1.0,1.0,2.0,3.0,1.0,1.0,1.0,0.0,0.0,4.0,2.0,11.0,2.0,18.1,0,0,18.0,1,1,13006,1,6670,8539,7514,14037,5519,2959,10165,6499,8140,1,6390,13353,12520,12251,9196,4706,8004,8866,1394,7786,9124,10013,13090,2107,76,12177,1.0,31:03,2015,2016
2015-16,201567,Kevin Love,Kevin,1610612739,CLE,Cleveland Cavaliers,21500227,2015-11-27T00:00:00,CLE @ CHA,W,30.3,7.0,12.0,0.583,2.0,3.0,0.667,2.0,2.0,1.0,4.0,12.0,16.0,1.0,2.0,0.0,0.0,0.0,0.0,3.0,18.0,-7.0,36.7,1,0,37.0,1,1,13006,1,7262,2864,5215,5861,2550,6890,1955,6499,8140,1,779,158,152,12251,4412,12313,8004,8866,21108,4736,3558,19310,3269,1,76,2442,1.0,30:18,2015,2016
2015-16,2747,JR Smith,JR,1610612739,CLE,Cleveland Cavaliers,21500219,2015-11-25T00:00:00,CLE @ TOR,L,35.6,6.0,13.0,0.462,3.0,5.0,0.6,0.0,0.0,0.0,1.0,1.0,2.0,4.0,0.0,2.0,0.0,1.0,4.0,1.0,15.0,2.0,29.4,0,0,28.0,1,13074,1,13074,3095,4268,4281,11689,1083,2959,2761,14161,15066,14161,6390,17769,16063,3513,16943,1588,8004,2492,1394,12373,5598,10013,6143,2107,76,5884,1.0,35:33,2015,2016
2015-16,2210,Richard Jefferson,Richard,1610612739,CLE,Cleveland Cavaliers,21500219,2015-11-25T00:00:00,CLE @ TOR,L,16.4,2.0,5.0,0.4,0.0,1.0,0.0,0.0,0.0,0.0,0.0,2.0,2.0,0.0,0.0,0.0,0.0,1.0,1.0,0.0,4.0,-21.0,6.4,0,0,6.0,1,13074,1,13074,18772,14994,16058,14037,11051,13174,11051,14161,15066,14161,13060,13353,16063,18354,16943,12313,8004,2492,14690,18762,18063,25390,21589,2107,76,21429,1.0,16:21,2015,2016
2015-16,2592,James Jones,James,1610612739,CLE,Cleveland Cavaliers,21500219,2015-11-25T00:00:00,CLE @ TOR,L,15.3,2.0,3.0,0.667,2.0,3.0,0.667,0.0,0.0,0.0,0.0,2.0,2.0,1.0,0.0,0.0,0.0,0.0,1.0,0.0,6.0,6.0,9.9,0,0,11.0,1,13074,1,13074,19558,14994,19997,2883,2550,6890,1955,14161,15066,14161,13060,13353,16063,12251,16943,12313,8004,8866,14690,18762,15190,6628,19247,2107,76,17702,1.0,15:18,2015,2016
2015-16,201567,Kevin Love,Kevin,1610612739,CLE,Cleveland Cavaliers,21500219,2015-11-25T00:00:00,CLE @ TOR,L,35.2,7.0,14.0,0.5,5.0,8.0,0.625,2.0,4.0,0.5,3.0,10.0,13.0,2.0,3.0,0.0,0.0,0.0,5.0,2.0,21.0,-7.0,36.6,1,0,41.0,1,13074,1,13074,3409,2864,3506,7886,179,705,2699,6499,4140,10753,1576,488,485,8082,1969,12313,8004,8866,253,7786,2210,19310,3288,1,76,1537,1.0,35:11,2015,2016
2015-16,2760,Anderson Varejao,Anderson,1610612739,CLE,Cleveland Cavaliers,21500219,2015-11-25T00:00:00,CLE @ TOR,L,8.1,0.0,1.0,0.0,0.0,0.0,0.0,0.0,0.0,0.0,0.0,0.0,0.0,0.0,0.0,0.0,0.0,1.0,1.0,3.0,0.0,-8.0,0.0,0,0,0.0,1,13074,1,13074,23148,22516,23432,22516,11051,17277,11051,14161,15066,14161,13060,22257,23167,18354,16943,12313,8004,2492,14690,4736,23226,20129,25170,2107,76,25215,1.0,8:07,2015,2016
2015-16,2544,LeBron James,LeBron,1610612739,CLE,Cleveland Cavaliers,21500219,2015-11-25T00:00:00,CLE @ TOR,L,39.8,6.0,16.0,0.375,1.0,5.0,0.2,11.0,12.0,0.917,2.0,4.0,6.0,8.0,2.0,0.0,0.0,0.0,1.0,7.0,24.0,13.0,41.2,0,0,39.0,1,13074,1,13074,796,4268,2178,15466,5519,2959,10165,107,201,6529,3138,6568,5415,762,4412,12313,8004,8866,14690,469,1331,2784,2099,2107,76,1944,1.0,39:46,2015,2016
2015-16,2590,Mo Williams,Mo,1610612739,CLE,Cleveland Cavaliers,21500219,2015-11-25T00:00:00,CLE @ TOR,L,31.6,7.0,12.0,0.583,1.0,3.0,0.333,0.0,0.0,0.0,0.0,3.0,3.0,3.0,3.0,0.0,1.0,0.0,1.0,2.0,15.0,-1.0,23.1,0,0,24.0,1,13074,1,13074,6210,2864,5215,5861,5519,6890,7128,14161,15066,14161,13060,9493,12520,5322,1969,12313,2692,8866,14690,7786,5598,13184,9699,2107,76,8132,1.0,31:37,2015,2016
2015-16,203099,Jared Cunningham,Jared,1610612739,CLE,Cleveland Cavaliers,21500219,2015-11-25T00:00:00,CLE @ TOR,L,20.7,2.0,10.0,0.2,2.0,4.0,0.5,0.0,0.0,0.0,0.0,3.0,3.0,2.0,2.0,1.0,0.0,2.0,2.0,0.0,6.0,-5.0,13.6,0,0,15.0,1,13074,1,13074,15302,14994,7514,21086,2550,4617,3313,14161,15066,14161,13060,9493,12520,8082,4412,4706,8004,639,8439,18762,15190,17477,16460,2107,76,14428,1.0,20:43,2015,2016
2015-16,202684,Tristan Thompson,Tristan,1610612739,CLE,Cleveland Cavaliers,21500219,2015-11-25T00:00:00,CLE @ TOR,L,37.4,4.0,8.0,0.5,0.0,0.0,0.0,0.0,0.0,0.0,3.0,8.0,11.0,2.0,0.0,1.0,1.0,0.0,4.0,0.0,8.0,1.0,30.2,0,0,25.0,1,13074,1,13074,1824,8539,10529,7886,11051,17277,11051,14161,15066,14161,1576,1264,1106,8082,16943,4706,2692,8866,1394,18762,12541,11010,5751,2107,76,7525,1.0,37:24,2015,2016
2015-16,203925,Joe Harris,Joe,1610612739,CLE,Cleveland Cavaliers,21500203,2015-11-23T00:00:00,CLE vs. ORL,W,1.1,0.0,1.0,0.0,0.0,1.0,0.0,0.0,0.0,0.0,0.0,0.0,0.0,0.0,1.0,0.0,0.0,0.0,1.0,0.0,0.0,-1.0,-1.0,0,0,0.0,1,1,13006,1,25859,22516,23432,22516,11051,13174,11051,14161,15066,14161,13060,22257,23167,18354,9196,12313,8004,8866,14690,18762,23226,13184,25932,2107,76,25215,1.0,1:03,2015,2016
2015-16,2747,JR Smith,JR,1610612739,CLE,Cleveland Cavaliers,21500203,2015-11-23T00:00:00,CLE vs. ORL,W,37.8,10.0,16.0,0.625,6.0,10.0,0.6,0.0,0.0,0.0,0.0,0.0,0.0,2.0,1.0,1.0,1.0,0.0,1.0,1.0,26.0,17.0,34.0,0,0,38.0,1,1,13006,1,1625,704,2178,4401,78,228,2761,14161,15066,14161,13060,22257,23167,8082,9196,4706,2692,8866,14690,12373,895,1469,4162,2107,76,2174,1.0,37:46,2015,2016
2015-16,2760,Anderson Varejao,Anderson,1610612739,CLE,Cleveland Cavaliers,21500203,2015-11-23T00:00:00,CLE vs. ORL,W,12.6,2.0,2.0,1.0,0.0,0.0,0.0,0.0,2.0,0.0,3.0,5.0,8.0,0.0,0.0,0.0,0.0,0.0,0.0,3.0,4.0,-8.0,13.6,0,0,12.0,1,1,13006,1,21190,14994,21813,1,11051,17277,11051,14161,8140,14161,1576,4465,2959,18354,16943,12313,8004,8866,21108,4736,18063,20129,16460,2107,76,16886,1.0,12:38,2015,2016
2015-16,203521,Matthew Dellavedova,Matthew,1610612739,CLE,Cleveland Cavaliers,21500203,2015-11-23T00:00:00,CLE vs. ORL,W,23.9,5.0,8.0,0.625,4.0,6.0,0.667,1.0,1.0,1.0,0.0,0.0,0.0,9.0,0.0,1.0,0.0,0.0,1.0,0.0,15.0,15.0,31.5,0,0,30.0,1,1,13006,1,12701,6175,10529,4401,439,1860,1955,10755,13680,1,13060,22257,23167,508,16943,4706,8004,8866,14690,18762,5598,2059,5180,2107,76,4936,1.0,23:51,2015,2016
2015-16,2210,Richard Jefferson,Richard,1610612739,CLE,Cleveland Cavaliers,21500203,2015-11-23T00:00:00,CLE vs. ORL,W,19.1,3.0,5.0,0.6,0.0,0.0,0.0,1.0,1.0,1.0,0.0,1.0,1.0,2.0,1.0,0.0,0.0,1.0,1.0,1.0,7.0,-12.0,10.2,0,0,10.0,1,1,13006,1,16628,11544,16058,4873,11051,17277,11051,10755,13680,1,13060,17769,19693,8082,9196,12313,8004,2492,14690,12373,14029,22671,19003,2107,76,18488,1.0,19:05,2015,2016
2015-16,203099,Jared Cunningham,Jared,1610612739,CLE,Cleveland Cavaliers,21500203,2015-11-23T00:00:00,CLE vs. ORL,W,27.3,1.0,8.0,0.125,1.0,4.0,0.25,1.0,2.0,0.5,1.0,2.0,3.0,2.0,2.0,2.0,1.0,3.0,3.0,2.0,4.0,-6.0,17.6,0,0,16.0,1,1,13006,1,9784,18695,10529,22306,5519,4617,9116,10755,8140,10753,6390,13353,12520,8082,4412,1588,2692,154,3976,7786,18063,18431,13443,2107,76,13654,1.0,27:17,2015,2016
2015-16,2544,LeBron James,LeBron,1610612739,CLE,Cleveland Cavaliers,21500203,2015-11-23T00:00:00,CLE vs. ORL,W,35.0,7.0,14.0,0.5,0.0,2.0,0.0,1.0,5.0,0.2,0.0,6.0,6.0,13.0,2.0,1.0,0.0,1.0,0.0,5.0,15.0,29.0,42.7,1,0,36.0,1,1,13006,1,3560,2864,3506,7886,11051,9677,11051,10755,3208,14120,13060,3007,5415,88,4412,4706,8004,2492,21108,1539,5598,158,1800,1,76,2745,1.0,34:58,2015,2016
2015-16,202684,Tristan Thompson,Tristan,1610612739,CLE,Cleveland Cavaliers,21500203,2015-11-23T00:00:00,CLE vs. ORL,W,34.3,3.0,4.0,0.75,0.0,0.0,0.0,3.0,4.0,0.75,3.0,11.0,14.0,1.0,1.0,0.0,0.0,0.0,4.0,4.0,9.0,23.0,26.3,0,0,24.0,1,1,13006,1,4082,11544,18073,1788,11051,17277,11051,4469,4140,8103,1576,281,317,12251,9196,12313,8004,8866,1394,2748,11389,487,7733,2107,76,8132,1.0,34:19,2015,2016
2015-16,2592,James Jones,James,1610612739,CLE,Cleveland Cavaliers,21500203,2015-11-23T00:00:00,CLE vs. ORL,W,14.1,1.0,5.0,0.2,1.0,3.0,0.333,0.0,0.0,0.0,0.0,0.0,0.0,1.0,0.0,0.0,0.0,1.0,3.0,1.0,3.0,-11.0,4.5,0,0,5.0,1,1,13006,1,20379,18695,16058,21086,5519,6890,7128,14161,15066,14161,13060,22257,23167,12251,16943,12313,8004,2492,3976,12373,19720,22146,22773,2107,76,22162,1.0,14:03,2015,2016
2015-16,201619,Sasha Kaun,Sasha,1610612739,CLE,Cleveland Cavaliers,21500203,2015-11-23T00:00:00,CLE vs. ORL,W,1.1,0.0,0.0,0.0,0.0,0.0,0.0,0.0,0.0,0.0,1.0,0.0,1.0,0.0,0.0,0.0,0.0,0.0,0.0,0.0,0.0,-1.0,1.2,0,0,1.0,1,1,13006,1,25859,22516,24912,22516,11051,17277,11051,14161,15066,14161,6390,22257,19693,18354,16943,12313,8004,8866,21108,18762,23226,13184,24661,2107,76,24654,1.0,1:03,2015,2016
2015-16,201567,Kevin Love,Kevin,1610612739,CLE,Cleveland Cavaliers,21500203,2015-11-23T00:00:00,CLE vs. ORL,W,34.0,11.0,18.0,0.611,6.0,9.0,0.667,6.0,7.0,0.857,0.0,8.0,8.0,4.0,2.0,0.0,1.0,0.0,1.0,4.0,34.0,25.0,50.6,0,0,54.0,1,1,13006,1,4385,393,1283,4839,78,402,1955,1100,1485,6899,13060,1264,2959,3513,4412,12313,2692,8866,14690,2748,179,328,691,2107,76,266,1.0,33:57,2015,2016
2015-16,203099,Jared Cunningham,Jared,1610612739,CLE,Cleveland Cavaliers,21500191,2015-11-21T00:00:00,CLE vs. ATL,W,19.8,3.0,9.0,0.333,1.0,3.0,0.333,1.0,2.0,0.5,0.0,4.0,4.0,0.0,2.0,2.0,0.0,2.0,3.0,2.0,8.0,-12.0,16.8,0,0,17.0,1,1,13006,1,16056,11544,8964,16528,5519,6890,7128,10755,8140,10753,13060,6568,9586,18354,4412,1588,8004,639,3976,7786,12541,22671,13996,2107,76,12877,1.0,19:49,2015,2016
2015-16,2544,LeBron James,LeBron,1610612739,CLE,Cleveland Cavaliers,21500191,2015-11-21T00:00:00,CLE vs. ATL,W,33.3,8.0,15.0,0.533,1.0,2.0,0.5,2.0,2.0,1.0,2.0,9.0,11.0,8.0,3.0,0.0,2.0,1.0,1.0,3.0,19.0,17.0,47.2,1,0,43.0,1,1,13006,1,4862,1806,2795,7579,5519,9677,3313,6499,8140,1,3138,786,1106,762,1969,12313,932,2492,14690,4736,3065,1469,1051,1,76,1208,1.0,33:20,2015,2016
2015-16,202684,Tristan Thompson,Tristan,1610612739,CLE,Cleveland Cavaliers,21500191,2015-11-21T00:00:00,CLE vs. ATL,W,40.3,4.0,9.0,0.444,0.0,0.0,0.0,1.0,2.0,0.5,6.0,10.0,16.0,5.0,2.0,0.0,2.0,1.0,2.0,2.0,9.0,9.0,39.7,0,0,34.0,1,1,13006,1,651,8539,8964,12281,11051,17277,11051,10755,8140,10753,168,488,152,2408,4412,12313,932,2492,8439,7786,11389,4633,2451,2107,76,3364,1.0,40:18,2015,2016
2015-16,201567,Kevin Love,Kevin,1610612739,CLE,Cleveland Cavaliers,21500191,2015-11-21T00:00:00,CLE vs. ATL,W,31.2,9.0,15.0,0.6,2.0,7.0,0.286,5.0,6.0,0.833,2.0,9.0,11.0,2.0,3.0,1.0,1.0,0.0,4.0,6.0,25.0,11.0,44.2,1,0,44.0,1,1,13006,1,6588,1155,2795,4873,2550,1138,8900,1816,2017,7124,3138,786,1106,8082,1969,4706,2692,8866,1394,873,1116,3629,1515,1,76,1091,1.0,31:10,2015,2016
2015-16,201619,Sasha Kaun,Sasha,1610612739,CLE,Cleveland Cavaliers,21500191,2015-11-21T00:00:00,CLE vs. ATL,W,1.7,0.0,0.0,0.0,0.0,0.0,0.0,0.0,0.0,0.0,0.0,0.0,0.0,0.0,0.0,0.0,0.0,0.0,0.0,0.0,0.0,-4.0,0.0,0,0,0.0,1,1,13006,1,25631,22516,24912,22516,11051,17277,11051,14161,15066,14161,13060,22257,23167,18354,16943,12313,8004,8866,21108,18762,23226,16419,25170,2107,76,25215,1.0,1:41,2015,2016
2015-16,2210,Richard Jefferson,Richard,1610612739,CLE,Cleveland Cavaliers,21500191,2015-11-21T00:00:00,CLE vs. ATL,W,23.8,4.0,6.0,0.667,0.0,2.0,0.0,0.0,0.0,0.0,0.0,1.0,1.0,3.0,1.0,0.0,1.0,0.0,2.0,1.0,8.0,3.0,15.7,0,0,14.0,1,1,13006,1,12732,8539,14041,2883,11051,9677,11051,14161,15066,14161,13060,17769,19693,5322,9196,12313,2692,8866,8439,12373,12541,9063,14841,2107,76,15285,1.0,23:49,2015,2016
2015-16,2592,James Jones,James,1610612739,CLE,Cleveland Cavaliers,21500191,2015-11-21T00:00:00,CLE vs. ATL,W,5.0,2.0,3.0,0.667,2.0,2.0,1.0,0.0,0.0,0.0,0.0,1.0,1.0,0.0,0.0,0.0,1.0,0.0,1.0,0.0,6.0,1.0,10.2,0,0,11.0,1,1,13006,1,24370,14994,19997,2883,2550,9677,1,14161,15066,14161,13060,17769,19693,18354,16943,12313,2692,8866,14690,18762,15190,11010,19003,2107,76,17702,1.0,5:00,2015,2016
2015-16,2760,Anderson Varejao,Anderson,1610612739,CLE,Cleveland Cavaliers,21500191,2015-11-21T00:00:00,CLE vs. ATL,W,19.1,2.0,4.0,0.5,0.0,0.0,0.0,3.0,3.0,1.0,0.0,3.0,3.0,1.0,1.0,0.0,0.0,0.0,1.0,2.0,7.0,3.0,11.1,0,0,11.0,1,1,13006,1,16614,14994,18073,7886,11051,17277,11051,4469,6741,1,13060,9493,12520,12251,9196,12313,8004,8866,14690,7786,14029,9063,18370,2107,76,17702,1.0,19:06,2015,2016
2015-16,2747,JR Smith,JR,1610612739,CLE,Cleveland Cavaliers,21500191,2015-11-21T00:00:00,CLE vs. ATL,W,37.7,5.0,18.0,0.278,4.0,12.0,0.333,1.0,1.0,1.0,1.0,1.0,2.0,5.0,2.0,0.0,1.0,0.0,3.0,2.0,15.0,5.0,25.9,0,0,28.0,1,1,13006,1,1661,6175,1283,19506,439,79,7128,10755,13680,1,6390,17769,16063,2408,4412,12313,2692,8866,3976,7786,5598,7354,7960,2107,76,5884,1.0,37:41,2015,2016
2015-16,203521,Matthew Dellavedova,Matthew,1610612739,CLE,Cleveland Cavaliers,21500191,2015-11-21T00:00:00,CLE vs. ATL,W,28.1,4.0,6.0,0.667,1.0,1.0,1.0,3.0,3.0,1.0,0.0,2.0,2.0,3.0,0.0,1.0,0.0,0.0,5.0,2.0,12.0,27.0,21.9,0,0,20.0,1,1,13006,1,9158,8539,14041,2883,5519,13174,1,4469,6741,1,13060,13353,16063,5322,16943,4706,8004,8866,253,7786,8086,229,10460,2107,76,10747,1.0,28:06,2015,2016
2015-16,203099,Jared Cunningham,Jared,1610612739,CLE,Cleveland Cavaliers,21500176,2015-11-19T00:00:00,CLE vs. MIL,W,17.3,1.0,2.0,0.5,0.0,1.0,0.0,5.0,6.0,0.833,0.0,3.0,3.0,4.0,2.0,0.0,0.0,0.0,2.0,5.0,7.0,-3.0,14.6,0,0,14.0,1,1,13006,1,18061,18695,21813,7886,11051,13174,11051,1816,2017,7124,13060,9493,12520,3513,4412,12313,8004,8866,8439,1539,14029,15372,15699,2107,76,15285,1.0,17:17,2015,2016
2015-16,202389,Timofey Mozgov,Timofey,1610612739,CLE,Cleveland Cavaliers,21500176,2015-11-19T00:00:00,CLE vs. MIL,W,11.3,1.0,2.0,0.5,0.0,0.0,0.0,0.0,0.0,0.0,0.0,0.0,0.0,0.0,1.0,0.0,0.0,0.0,2.0,0.0,2.0,12.0,1.0,0,0,2.0,1,1,13006,1,21921,18695,21813,7886,11051,17277,11051,14161,15066,14161,13060,22257,23167,18354,9196,12313,8004,8866,8439,18762,20822,3172,24960,2107,76,23978,1.0,11:15,2015,2016
2015-16,2592,James Jones,James,1610612739,CLE,Cleveland Cavaliers,21500176,2015-11-19T00:00:00,CLE vs. MIL,W,11.1,3.0,5.0,0.6,2.0,4.0,0.5,1.0,2.0,0.5,0.0,0.0,0.0,1.0,0.0,0.0,0.0,0.0,0.0,1.0,9.0,-1.0,10.5,0,0,12.0,1,1,13006,1,21972,11544,16058,4873,2550,4617,3313,10755,8140,10753,13060,22257,23167,12251,16943,12313,8004,8866,21108,12373,11389,13184,18808,2107,76,16886,1.0,11:08,2015,2016
2015-16,2760,Anderson Varejao,Anderson,1610612739,CLE,Cleveland Cavaliers,21500176,2015-11-19T00:00:00,CLE vs. MIL,W,11.1,4.0,4.0,1.0,0.0,0.0,0.0,1.0,2.0,0.5,1.0,1.0,2.0,1.0,0.0,0.0,0.0,0.0,2.0,1.0,9.0,1.0,12.9,0,0,12.0,1,1,13006,1,21978,8539,18073,1,11051,17277,11051,10755,8140,10753,6390,17769,16063,12251,16943,12313,8004,8866,8439,12373,11389,11010,17049,2107,76,16886,1.0,11:07,2015,2016
2015-16,203521,Matthew Dellavedova,Matthew,1610612739,CLE,Cleveland Cavaliers,21500176,2015-11-19T00:00:00,CLE vs. MIL,W,38.5,2.0,6.0,0.333,1.0,4.0,0.25,2.0,3.0,0.667,0.0,1.0,1.0,13.0,3.0,0.0,0.0,1.0,2.0,4.0,7.0,16.0,24.7,0,0,22.0,1,1,13006,1,1272,14994,14041,16528,5519,4617,9116,6499,6741,9461,13060,17769,19693,88,1969,12313,8004,2492,8439,2748,14029,1731,8673,2107,76,9378,1.0,38:30,2015,2016
2015-16,2544,LeBron James,LeBron,1610612739,CLE,Cleveland Cavaliers,21500176,2015-11-19T00:00:00,CLE vs. MIL,W,35.0,9.0,13.0,0.692,1.0,1.0,1.0,8.0,9.0,0.889,3.0,6.0,9.0,6.0,4.0,0.0,0.0,0.0,3.0,7.0,27.0,13.0,42.8,0,0,43.0,1,1,13006,1,3549,1155,4281,2801,5519,13174,1,448,664,6644,1576,3007,2216,1638,841,12313,8004,8866,3976,469,744,2784,1776,2107,76,1208,1.0,34:59,2015,2016
2015-16,2747,JR Smith,JR,1610612739,CLE,Cleveland Cavaliers,21500176,2015-11-19T00:00:00,CLE vs. MIL,W,39.4,7.0,12.0,0.583,4.0,8.0,0.5,0.0,0.0,0.0,0.0,2.0,2.0,1.0,0.0,0.0,0.0,0.0,3.0,0.0,18.0,15.0,21.9,0,0,25.0,1,1,13006,1,916,2864,5215,5861,439,705,3313,14161,15066,14161,13060,13353,16063,12251,16943,12313,8004,8866,3976,18762,3558,2059,10460,2107,76,7525,1.0,39:25,2015,2016
2015-16,201567,Kevin Love,Kevin,1610612739,CLE,Cleveland Cavaliers,21500176,2015-11-19T00:00:00,CLE vs. MIL,W,34.4,7.0,15.0,0.467,3.0,5.0,0.6,5.0,5.0,1.0,5.0,10.0,15.0,1.0,4.0,1.0,1.0,1.0,3.0,7.0,22.0,15.0,43.5,1,0,45.0,1,1,13006,1,4038,2864,2795,11551,1083,2959,2761,1816,3208,1,377,488,222,12251,841,4706,2692,2492,3976,469,1866,2059,1646,1,76,941,1.0,34:23,2015,2016
2015-16,202684,Tristan Thompson,Tristan,1610612739,CLE,Cleveland Cavaliers,21500176,2015-11-19T00:00:00,CLE vs. MIL,W,25.6,5.0,7.0,0.714,0.0,0.0,0.0,2.0,3.0,0.667,4.0,7.0,11.0,1.0,2.0,1.0,0.0,0.0,4.0,3.0,12.0,2.0,27.7,1,0,26.0,1,1,13006,1,11178,6175,12208,2409,11051,17277,11051,6499,6741,9461,779,1973,1106,12251,4412,4706,8004,8866,1394,4736,8086,10013,7008,1,76,6962,1.0,25:38,2015,2016
2015-16,2210,Richard Jefferson,Richard,1610612739,CLE,Cleveland Cavaliers,21500176,2015-11-19T00:00:00,CLE vs. MIL,W,16.3,1.0,5.0,0.2,0.0,1.0,0.0,0.0,0.0,0.0,0.0,0.0,0.0,1.0,1.0,1.0,1.0,0.0,3.0,1.0,2.0,5.0,8.5,0,0,7.0,1,1,13006,1,18820,18695,16058,21086,11051,13174,11051,14161,15066,14161,13060,22257,23167,12251,9196,4706,2692,8866,3976,12373,20822,7354,20215,2107,76,20722,1.0,16:18,2015,2016
2015-16,2747,JR Smith,JR,1610612739,CLE,Cleveland Cavaliers,21500160,2015-11-17T00:00:00,CLE @ DET,L,36.3,6.0,10.0,0.6,3.0,6.0,0.5,0.0,2.0,0.0,1.0,0.0,1.0,0.0,0.0,2.0,1.0,0.0,5.0,1.0,15.0,-15.0,25.2,0,0,25.0,1,13074,1,13074,2579,4268,7514,4873,1083,1860,3313,14161,8140,14161,6390,22257,19693,18354,16943,1588,2692,8866,253,12373,5598,23948,8383,2107,76,7525,1.0,36:15,2015,2016
2015-16,2544,LeBron James,LeBron,1610612739,CLE,Cleveland Cavaliers,21500160,2015-11-17T00:00:00,CLE @ DET,L,39.8,11.0,21.0,0.524,4.0,7.0,0.571,4.0,5.0,0.8,0.0,6.0,6.0,3.0,4.0,0.0,0.0,1.0,3.0,6.0,30.0,-6.0,37.7,0,0,43.0,1,13074,1,13074,786,393,510,7823,439,1138,3090,2791,3208,7601,13060,3007,5415,5322,841,12313,8004,2492,3976,873,418,18431,2990,2107,76,1208,1.0,39:48,2015,2016
2015-16,201567,Kevin Love,Kevin,1610612739,CLE,Cleveland Cavaliers,21500160,2015-11-17T00:00:00,CLE @ DET,L,33.8,7.0,13.0,0.538,1.0,4.0,0.25,4.0,4.0,1.0,0.0,9.0,9.0,3.0,4.0,1.0,0.0,0.0,4.0,3.0,19.0,0.0,33.3,0,0,34.0,1,13074,1,13074,4506,2864,4281,7389,5519,4617,9116,2791,4140,1,13060,786,2216,5322,841,4706,8004,8866,1394,4736,3065,12042,4423,2107,76,3364,1.0,33:49,2015,2016
2015-16,2210,Richard Jefferson,Richard,1610612739,CLE,Cleveland Cavaliers,21500160,2015-11-17T00:00:00,CLE @ DET,L,16.5,0.0,3.0,0.0,0.0,2.0,0.0,0.0,0.0,0.0,0.0,1.0,1.0,1.0,1.0,0.0,0.0,0.0,1.0,0.0,0.0,8.0,1.7,0,0,2.0,1,13074,1,13074,18675,22516,19997,22516,11051,9677,11051,14161,15066,14161,13060,17769,19693,12251,9196,12313,8004,8866,14690,18762,23226,5243,24436,2107,76,23978,1.0,16:28,2015,2016
2015-16,203099,Jared Cunningham,Jared,1610612739,CLE,Cleveland Cavaliers,21500160,2015-11-17T00:00:00,CLE @ DET,L,2.4,0.0,1.0,0.0,0.0,0.0,0.0,0.0,0.0,0.0,0.0,0.0,0.0,0.0,0.0,0.0,0.0,0.0,0.0,0.0,0.0,5.0,0.0,0,0,0.0,1,13074,1,13074,25377,22516,23432,22516,11051,17277,11051,14161,15066,14161,13060,22257,23167,18354,16943,12313,8004,8866,21108,18762,23226,7354,25170,2107,76,25215,1.0,2:24,2015,2016
2015-16,203521,Matthew Dellavedova,Matthew,1610612739,CLE,Cleveland Cavaliers,21500160,2015-11-17T00:00:00,CLE @ DET,L,20.3,1.0,6.0,0.167,0.0,4.0,0.0,0.0,0.0,0.0,0.0,0.0,0.0,5.0,1.0,0.0,0.0,0.0,2.0,0.0,2.0,-3.0,8.5,0,0,7.0,1,13074,1,13074,15648,18695,14041,21747,11051,4617,11051,14161,15066,14161,13060,22257,23167,2408,9196,12313,8004,8866,8439,18762,20822,15372,20215,2107,76,20722,1.0,20:18,2015,2016
2015-16,202684,Tristan Thompson,Tristan,1610612739,CLE,Cleveland Cavaliers,21500160,2015-11-17T00:00:00,CLE @ DET,L,21.0,2.0,5.0,0.4,0.0,0.0,0.0,0.0,0.0,0.0,1.0,8.0,9.0,0.0,0.0,1.0,0.0,0.0,1.0,0.0,4.0,-3.0,17.8,0,0,15.0,1,13074,1,13074,15089,14994,16058,14037,11051,17277,11051,14161,15066,14161,6390,1264,2216,18354,16943,4706,8004,8866,14690,18762,18063,15372,13309,2107,76,14428,1.0,20:58,2015,2016
2015-16,202389,Timofey Mozgov,Timofey,1610612739,CLE,Cleveland Cavaliers,21500160,2015-11-17T00:00:00,CLE @ DET,L,27.5,4.0,6.0,0.667,0.0,0.0,0.0,2.0,4.0,0.5,1.0,5.0,6.0,1.0,2.0,2.0,1.0,0.0,2.0,2.0,10.0,-4.0,25.7,0,0,23.0,1,13074,1,13074,9613,8539,14041,2883,11051,17277,11051,6499,4140,10753,6390,4465,5415,12251,4412,1588,2692,8866,8439,7786,10151,16419,8088,2107,76,8747,1.0,27:30,2015,2016
2015-16,2592,James Jones,James,1610612739,CLE,Cleveland Cavaliers,21500160,2015-11-17T00:00:00,CLE @ DET,L,13.7,1.0,2.0,0.5,1.0,2.0,0.5,1.0,3.0,0.333,0.0,3.0,3.0,1.0,0.0,2.0,0.0,0.0,4.0,1.0,4.0,-3.0,15.1,0,0,13.0,1,13074,1,13074,20569,18695,21813,7886,5519,9677,3313,10755,6741,13688,13060,9493,12520,12251,16943,1588,8004,8866,1394,12373,18063,15372,15328,2107,76,16097,1.0,13:44,2015,2016
2015-16,2590,Mo Williams,Mo,1610612739,CLE,Cleveland Cavaliers,21500160,2015-11-17T00:00:00,CLE @ DET,L,28.8,6.0,13.0,0.462,2.0,8.0,0.25,1.0,2.0,0.5,0.0,5.0,5.0,7.0,2.0,0.0,0.0,0.0,3.0,2.0,15.0,-4.0,29.5,0,0,29.0,1,13074,1,13074,8550,4268,4281,11689,2550,705,9116,10755,8140,10753,13060,4465,7203,1118,4412,12313,8004,8866,3976,7786,5598,16419,6103,2107,76,5404,1.0,28:48,2015,2016
2015-16,2590,Mo Williams,Mo,1610612739,CLE,Cleveland Cavaliers,21500141,2015-11-14T00:00:00,CLE @ MIL,L,29.4,2.0,8.0,0.25,0.0,3.0,0.0,0.0,0.0,0.0,2.0,3.0,5.0,4.0,3.0,0.0,0.0,0.0,3.0,0.0,4.0,-1.0,13.0,0,0,13.0,1,13074,1,13074,8077,14994,10529,19755,11051,6890,11051,14161,15066,14161,3138,9493,7203,3513,1969,12313,8004,8866,3976,18762,18063,13184,16969,2107,76,16097,1.0,29:22,2015,2016
2015-16,203521,Matthew Dellavedova,Matthew,1610612739,CLE,Cleveland Cavaliers,21500141,2015-11-14T00:00:00,CLE @ MIL,L,28.6,0.0,3.0,0.0,0.0,1.0,0.0,0.0,0.0,0.0,0.0,2.0,2.0,7.0,4.0,2.0,0.0,0.0,2.0,1.0,0.0,-2.0,14.9,0,0,13.0,1,13074,1,13074,8712,22516,19997,22516,11051,13174,11051,14161,15066,14161,13060,13353,16063,1118,841,1588,8004,8866,8439,12373,23226,14281,15463,2107,76,16097,1.0,28:38,2015,2016
2015-16,2747,JR Smith,JR,1610612739,CLE,Cleveland Cavaliers,21500141,2015-11-14T00:00:00,CLE @ MIL,L,50.5,4.0,14.0,0.286,2.0,8.0,0.25,0.0,0.0,0.0,2.0,7.0,9.0,2.0,3.0,1.0,2.0,1.0,3.0,0.0,10.0,0.0,29.8,0,0,29.0,1,13074,1,13074,9,8539,3506,19020,2550,705,9116,14161,15066,14161,3138,1973,2216,8082,1969,4706,932,2492,3976,18762,10151,12042,5948,2107,76,5404,1.0,50:30,2015,2016
2015-16,2210,Richard Jefferson,Richard,1610612739,CLE,Cleveland Cavaliers,21500141,2015-11-14T00:00:00,CLE @ MIL,L,39.1,5.0,10.0,0.5,3.0,6.0,0.5,1.0,3.0,0.333,1.0,2.0,3.0,0.0,1.0,1.0,0.0,1.0,4.0,4.0,14.0,-1.0,19.6,0,0,22.0,1,13074,1,13074,1046,6175,7514,7886,1083,1860,3313,10755,6741,13688,6390,13353,12520,18354,9196,4706,8004,2492,1394,2748,6324,13184,12024,2107,76,9378,1.0,39:04,2015,2016
2015-16,2544,LeBron James,LeBron,1610612739,CLE,Cleveland Cavaliers,21500141,2015-11-14T00:00:00,CLE @ MIL,L,45.1,13.0,27.0,0.481,5.0,11.0,0.455,6.0,12.0,0.5,4.0,8.0,12.0,5.0,7.0,1.0,3.0,3.0,3.0,8.0,37.0,-2.0,63.9,1,0,67.0,1,13074,1,13074,81,107,50,11311,179,142,5967,1100,201,10753,779,1264,752,2408,59,4706,347,154,3976,254,96,14281,105,1,76,42,1.0,45:03,2015,2016
2015-16,201567,Kevin Love,Kevin,1610612739,CLE,Cleveland Cavaliers,21500141,2015-11-14T00:00:00,CLE @ MIL,L,44.0,8.0,18.0,0.444,4.0,9.0,0.444,4.0,6.0,0.667,2.0,12.0,14.0,2.0,2.0,1.0,0.0,2.0,2.0,8.0,24.0,-5.0,44.8,1,0,46.0,1,13074,1,13074,131,1806,1283,12281,439,402,5987,2791,2017,9461,3138,158,317,8082,4412,4706,8004,639,8439,254,1331,17477,1406,1,76,826,1.0,44:00,2015,2016
2015-16,202389,Timofey Mozgov,Timofey,1610612739,CLE,Cleveland Cavaliers,21500141,2015-11-14T00:00:00,CLE @ MIL,L,15.6,1.0,5.0,0.2,0.0,0.0,0.0,6.0,6.0,1.0,2.0,2.0,4.0,0.0,0.0,0.0,3.0,2.0,3.0,3.0,8.0,-3.0,21.8,0,0,18.0,1,13074,1,13074,19341,18695,16058,21086,11051,17277,11051,1100,2017,1,3138,13353,9586,18354,16943,12313,347,639,3976,4736,12541,15372,10526,2107,76,12177,1.0,15:37,2015,2016
2015-16,2592,James Jones,James,1610612739,CLE,Cleveland Cavaliers,21500141,2015-11-14T00:00:00,CLE @ MIL,L,3.7,0.0,0.0,0.0,0.0,0.0,0.0,0.0,0.0,0.0,0.0,0.0,0.0,0.0,0.0,0.0,0.0,0.0,0.0,1.0,0.0,-3.0,0.0,0,0,0.0,1,13074,1,13074,24814,22516,24912,22516,11051,17277,11051,14161,15066,14161,13060,22257,23167,18354,16943,12313,8004,8866,21108,12373,23226,15372,25170,2107,76,25215,1.0,3:44,2015,2016
2015-16,203099,Jared Cunningham,Jared,1610612739,CLE,Cleveland Cavaliers,21500141,2015-11-14T00:00:00,CLE @ MIL,L,3.4,0.0,0.0,0.0,0.0,0.0,0.0,0.0,0.0,0.0,0.0,0.0,0.0,0.0,0.0,0.0,0.0,0.0,1.0,0.0,0.0,3.0,0.0,0,0,0.0,1,13074,1,13074,24965,22516,24912,22516,11051,17277,11051,14161,15066,14161,13060,22257,23167,18354,16943,12313,8004,8866,14690,18762,23226,9063,25170,2107,76,25215,1.0,3:23,2015,2016
2015-16,202684,Tristan Thompson,Tristan,1610612739,CLE,Cleveland Cavaliers,21500141,2015-11-14T00:00:00,CLE @ MIL,L,25.5,3.0,4.0,0.75,0.0,0.0,0.0,0.0,0.0,0.0,0.0,4.0,4.0,0.0,0.0,0.0,0.0,0.0,3.0,0.0,6.0,-7.0,10.8,0,0,10.0,1,13074,1,13074,11292,11544,18073,1788,11051,17277,11051,14161,15066,14161,13060,6568,9586,18354,16943,12313,8004,8866,3976,18762,15190,19310,18579,2107,76,18488,1.0,25:30,2015,2016
2015-16,2760,Anderson Varejao,Anderson,1610612739,CLE,Cleveland Cavaliers,21500141,2015-11-14T00:00:00,CLE @ MIL,L,5.2,1.0,2.0,0.5,0.0,0.0,0.0,0.0,0.0,0.0,1.0,0.0,1.0,1.0,0.0,0.0,0.0,0.0,0.0,0.0,2.0,6.0,4.7,0,0,4.0,1,13074,1,13074,24315,18695,21813,7886,11051,17277,11051,14161,15066,14161,6390,22257,19693,12251,16943,12313,8004,8866,21108,18762,20822,6628,22672,2107,76,22829,1.0,5:09,2015,2016
2015-16,2590,Mo Williams,Mo,1610612739,CLE,Cleveland Cavaliers,21500130,2015-11-13T00:00:00,CLE @ NYK,W,32.0,7.0,13.0,0.538,2.0,6.0,0.333,4.0,4.0,1.0,0.0,2.0,2.0,3.0,3.0,0.0,0.0,0.0,2.0,3.0,20.0,7.0,23.9,0,0,27.0,1,1,13006,1,5860,2864,4281,7389,2550,1860,7128,2791,4140,1,13060,13353,16063,5322,1969,12313,8004,8866,8439,4736,2594,5888,9184,2107,76,6398,1.0,32:02,2015,2016
2015-16,203521,Matthew Dellavedova,Matthew,1610612739,CLE,Cleveland Cavaliers,21500130,2015-11-13T00:00:00,CLE @ NYK,W,27.6,4.0,8.0,0.5,1.0,4.0,0.25,0.0,0.0,0.0,0.0,4.0,4.0,0.0,0.0,0.0,0.0,0.0,2.0,0.0,9.0,13.0,13.8,0,0,14.0,1,1,13006,1,9507,8539,10529,7886,5519,4617,9116,14161,15066,14161,13060,6568,9586,18354,16943,12313,8004,8866,8439,18762,11389,2784,16311,2107,76,15285,1.0,27:38,2015,2016
2015-16,2747,JR Smith,JR,1610612739,CLE,Cleveland Cavaliers,21500130,2015-11-13T00:00:00,CLE @ NYK,W,26.8,3.0,10.0,0.3,2.0,7.0,0.286,0.0,2.0,0.0,1.0,4.0,5.0,0.0,1.0,0.0,0.0,0.0,0.0,2.0,8.0,-11.0,13.0,0,0,15.0,1,1,13006,1,10220,11544,7514,18745,2550,1138,8900,14161,8140,14161,6390,6568,7203,18354,9196,12313,8004,8866,21108,7786,12541,22146,16969,2107,76,14428,1.0,26:46,2015,2016
2015-16,2760,Anderson Varejao,Anderson,1610612739,CLE,Cleveland Cavaliers,21500130,2015-11-13T00:00:00,CLE @ NYK,W,3.4,0.0,3.0,0.0,0.0,0.0,0.0,0.0,0.0,0.0,2.0,1.0,3.0,0.0,0.0,0.0,0.0,1.0,0.0,0.0,0.0,-5.0,3.6,0,0,3.0,1,1,13006,1,24961,22516,19997,22516,11051,17277,11051,14161,15066,14161,3138,17769,12520,18354,16943,12313,8004,2492,21108,18762,23226,17477,23310,2107,76,23463,1.0,3:24,2015,2016
2015-16,2592,James Jones,James,1610612739,CLE,Cleveland Cavaliers,21500130,2015-11-13T00:00:00,CLE @ NYK,W,10.2,0.0,2.0,0.0,0.0,2.0,0.0,0.0,0.0,0.0,0.0,3.0,3.0,0.0,0.0,0.0,0.0,0.0,3.0,0.0,0.0,4.0,3.6,0,0,3.0,1,1,13006,1,22337,22516,21813,22516,11051,9677,11051,14161,15066,14161,13060,9493,12520,18354,16943,12313,8004,8866,3976,18762,23226,8158,23310,2107,76,23463,1.0,10:15,2015,2016
2015-16,2210,Richard Jefferson,Richard,1610612739,CLE,Cleveland Cavaliers,21500130,2015-11-13T00:00:00,CLE @ NYK,W,19.2,0.0,2.0,0.0,0.0,2.0,0.0,0.0,0.0,0.0,0.0,1.0,1.0,0.0,0.0,1.0,0.0,0.0,3.0,0.0,0.0,-7.0,4.2,0,0,3.0,1,1,13006,1,16535,22516,21813,22516,11051,9677,11051,14161,15066,14161,13060,17769,19693,18354,16943,4706,8004,8866,3976,18762,23226,19310,22976,2107,76,23463,1.0,19:12,2015,2016
2015-16,201567,Kevin Love,Kevin,1610612739,CLE,Cleveland Cavaliers,21500130,2015-11-13T00:00:00,CLE @ NYK,W,34.2,2.0,10.0,0.2,1.0,5.0,0.2,2.0,4.0,0.5,6.0,5.0,11.0,2.0,3.0,1.0,0.0,2.0,3.0,6.0,7.0,5.0,23.2,0,0,23.0,1,1,13006,1,4205,14994,7514,21086,5519,2959,10165,6499,4140,10753,168,4465,1106,8082,1969,4706,8004,639,3976,873,14029,7354,9630,2107,76,8747,1.0,34:11,2015,2016
2015-16,202389,Timofey Mozgov,Timofey,1610612739,CLE,Cleveland Cavaliers,21500130,2015-11-13T00:00:00,CLE @ NYK,W,26.6,4.0,5.0,0.8,0.0,0.0,0.0,3.0,5.0,0.6,1.0,6.0,7.0,0.0,1.0,1.0,0.0,0.0,1.0,3.0,11.0,-2.0,21.4,0,0,20.0,1,1,13006,1,10338,8539,16058,1401,11051,17277,11051,4469,3208,10435,6390,3007,3953,18354,9196,4706,8004,8866,14690,4736,9124,14281,10807,2107,76,10747,1.0,26:38,2015,2016
2015-16,202684,Tristan Thompson,Tristan,1610612739,CLE,Cleveland Cavaliers,21500130,2015-11-13T00:00:00,CLE @ NYK,W,20.5,1.0,4.0,0.25,0.0,0.0,0.0,2.0,6.0,0.333,2.0,8.0,10.0,1.0,1.0,1.0,0.0,1.0,1.0,4.0,4.0,9.0,19.5,0,0,17.0,1,1,13006,1,15463,18695,18073,19755,11051,17277,11051,6499,2017,13688,3138,1264,1598,12251,9196,4706,8004,2492,14690,2748,18063,4633,12096,2107,76,12877,1.0,20:31,2015,2016
2015-16,2544,LeBron James,LeBron,1610612739,CLE,Cleveland Cavaliers,21500130,2015-11-13T00:00:00,CLE @ NYK,W,39.4,12.0,21.0,0.571,0.0,2.0,0.0,7.0,10.0,0.7,0.0,3.0,3.0,6.0,3.0,2.0,1.0,0.0,4.0,8.0,31.0,17.0,49.6,0,0,46.0,1,1,13006,1,923,217,510,6087,11051,9677,11051,705,422,9421,13060,9493,12520,1638,1969,1588,2692,8866,1394,254,339,1469,798,2107,76,826,1.0,39:23,2015,2016
2015-16,2210,Richard Jefferson,Richard,1610612739,CLE,Cleveland Cavaliers,21500106,2015-11-10T00:00:00,CLE vs. UTA,W,25.7,2.0,6.0,0.333,0.0,3.0,0.0,3.0,6.0,0.5,0.0,2.0,2.0,1.0,0.0,1.0,1.0,0.0,3.0,4.0,7.0,3.0,16.9,0,0,14.0,1,1,13006,1,11094,14994,14041,16528,11051,6890,11051,4469,2017,10753,13060,13353,16063,12251,16943,4706,2692,8866,3976,2748,14029,9063,13911,2107,76,15285,1.0,25:43,2015,2016
2015-16,2760,Anderson Varejao,Anderson,1610612739,CLE,Cleveland Cavaliers,21500106,2015-11-10T00:00:00,CLE vs. UTA,W,5.6,1.0,3.0,0.333,0.0,0.0,0.0,0.0,0.0,0.0,0.0,1.0,1.0,0.0,0.0,0.0,1.0,0.0,1.0,0.0,2.0,9.0,6.2,0,0,5.0,1,1,13006,1,24149,18695,19997,16528,11051,17277,11051,14161,15066,14161,13060,17769,19693,18354,16943,12313,2692,8866,14690,18762,20822,4633,21696,2107,76,22162,1.0,5:33,2015,2016
2015-16,202389,Timofey Mozgov,Timofey,1610612739,CLE,Cleveland Cavaliers,21500106,2015-11-10T00:00:00,CLE vs. UTA,W,19.0,0.0,1.0,0.0,0.0,0.0,0.0,3.0,4.0,0.75,1.0,1.0,2.0,0.0,1.0,0.0,1.0,0.0,3.0,3.0,3.0,-4.0,7.4,0,0,7.0,1,1,13006,1,16681,22516,23432,22516,11051,17277,11051,4469,4140,8103,6390,17769,16063,18354,9196,12313,2692,8866,3976,4736,19720,16419,20912,2107,76,20722,1.0,19:02,2015,2016
2015-16,201567,Kevin Love,Kevin,1610612739,CLE,Cleveland Cavaliers,21500106,2015-11-10T00:00:00,CLE vs. UTA,W,40.0,6.0,16.0,0.375,4.0,10.0,0.4,6.0,6.0,1.0,2.0,6.0,8.0,3.0,2.0,2.0,0.0,0.0,2.0,4.0,22.0,3.0,40.1,0,0,41.0,1,1,13006,1,736,4268,2178,15466,439,228,6308,1100,2017,1,3138,3007,2959,5322,4412,1588,8004,8866,8439,2748,1866,9063,2345,2107,76,1537,1.0,39:59,2015,2016
2015-16,202684,Tristan Thompson,Tristan,1610612739,CLE,Cleveland Cavaliers,21500106,2015-11-10T00:00:00,CLE vs. UTA,W,27.6,2.0,5.0,0.4,0.0,0.0,0.0,4.0,5.0,0.8,4.0,3.0,7.0,0.0,1.0,0.0,3.0,0.0,2.0,4.0,8.0,5.0,24.4,0,0,21.0,1,1,13006,1,9557,14994,16058,14037,11051,17277,11051,2791,3208,7601,779,9493,3953,18354,9196,12313,347,8866,8439,2748,12541,7354,8867,2107,76,10048,1.0,27:35,2015,2016
2015-16,2590,Mo Williams,Mo,1610612739,CLE,Cleveland Cavaliers,21500106,2015-11-10T00:00:00,CLE vs. UTA,W,35.7,8.0,9.0,0.889,4.0,4.0,1.0,9.0,10.0,0.9,0.0,6.0,6.0,6.0,5.0,2.0,0.0,0.0,1.0,7.0,29.0,12.0,46.2,0,0,49.0,1,1,13006,1,2957,1806,8964,1133,439,4617,1,296,422,6587,13060,3007,5415,1638,351,1588,8004,8866,14690,469,517,3172,1175,2107,76,551,1.0,35:44,2015,2016
2015-16,2544,LeBron James,LeBron,1610612739,CLE,Cleveland Cavaliers,21500106,2015-11-10T00:00:00,CLE vs. UTA,W,37.9,11.0,19.0,0.579,1.0,3.0,0.333,8.0,12.0,0.667,3.0,4.0,7.0,8.0,5.0,2.0,0.0,0.0,2.0,10.0,31.0,4.0,52.4,0,0,51.0,1,1,13006,1,1575,393,964,6039,5519,6890,7128,448,201,9461,1576,6568,3953,762,351,1588,8004,8866,8439,76,339,8158,549,2107,76,407,1.0,37:51,2015,2016
2015-16,203521,Matthew Dellavedova,Matthew,1610612739,CLE,Cleveland Cavaliers,21500106,2015-11-10T00:00:00,CLE vs. UTA,W,23.0,4.0,7.0,0.571,1.0,1.0,1.0,0.0,0.0,0.0,0.0,1.0,1.0,3.0,0.0,2.0,0.0,0.0,3.0,1.0,9.0,-8.0,20.7,0,0,18.0,1,1,13006,1,13396,8539,12208,6087,5519,13174,1,14161,15066,14161,13060,17769,19693,5322,16943,1588,8004,8866,3976,12373,11389,20129,11252,2107,76,12177,1.0,22:59,2015,2016
2015-16,2592,James Jones,James,1610612739,CLE,Cleveland Cavaliers,21500106,2015-11-10T00:00:00,CLE vs. UTA,W,3.5,0.0,1.0,0.0,0.0,1.0,0.0,0.0,0.0,0.0,0.0,0.0,0.0,0.0,0.0,0.0,0.0,0.0,0.0,0.0,0.0,-5.0,0.0,0,0,0.0,1,1,13006,1,24946,22516,23432,22516,11051,13174,11051,14161,15066,14161,13060,22257,23167,18354,16943,12313,8004,8866,21108,18762,23226,17477,25170,2107,76,25215,1.0,3:27,2015,2016
2015-16,2747,JR Smith,JR,1610612739,CLE,Cleveland Cavaliers,21500106,2015-11-10T00:00:00,CLE vs. UTA,W,22.2,3.0,7.0,0.429,1.0,2.0,0.5,0.0,0.0,0.0,1.0,0.0,1.0,3.0,2.0,0.0,0.0,0.0,4.0,2.0,7.0,1.0,10.7,0,0,12.0,1,1,13006,1,14051,11544,12208,12903,5519,9677,3313,14161,15066,14161,6390,22257,19693,5322,4412,12313,8004,8866,1394,7786,14029,11010,18636,2107,76,16886,1.0,22:09,2015,2016
2015-16,2592,James Jones,James,1610612739,CLE,Cleveland Cavaliers,21500094,2015-11-08T00:00:00,CLE vs. IND,W,3.1,0.0,0.0,0.0,0.0,0.0,0.0,0.0,0.0,0.0,0.0,0.0,0.0,0.0,1.0,0.0,0.0,0.0,2.0,0.0,0.0,1.0,-1.0,0,0,0.0,1,1,13006,1,25093,22516,24912,22516,11051,17277,11051,14161,15066,14161,13060,22257,23167,18354,9196,12313,8004,8866,8439,18762,23226,11010,25932,2107,76,25215,1.0,3:05,2015,2016
2015-16,2544,LeBron James,LeBron,1610612739,CLE,Cleveland Cavaliers,21500094,2015-11-08T00:00:00,CLE vs. IND,W,35.0,10.0,23.0,0.435,0.0,3.0,0.0,9.0,14.0,0.643,0.0,6.0,6.0,4.0,2.0,0.0,0.0,1.0,0.0,7.0,29.0,1.0,40.2,0,0,39.0,1,1,13006,1,3522,704,256,12885,11051,6890,11051,296,103,10328,13060,3007,5415,3513,4412,12313,8004,2492,21108,469,517,11010,2323,2107,76,1944,1.0,35:01,2015,2016
2015-16,2590,Mo Williams,Mo,1610612739,CLE,Cleveland Cavaliers,21500094,2015-11-08T00:00:00,CLE vs. IND,W,37.7,4.0,15.0,0.267,2.0,5.0,0.4,0.0,0.0,0.0,1.0,4.0,5.0,8.0,2.0,0.0,0.0,1.0,2.0,0.0,10.0,11.0,26.0,0,0,25.0,1,1,13006,1,1646,8539,2795,19694,2550,2959,6308,14161,15066,14161,6390,6568,7203,762,4412,12313,8004,2492,8439,18762,10151,3629,7910,2107,76,7525,1.0,37:43,2015,2016
2015-16,2210,Richard Jefferson,Richard,1610612739,CLE,Cleveland Cavaliers,21500094,2015-11-08T00:00:00,CLE vs. IND,W,30.3,2.0,6.0,0.333,1.0,3.0,0.333,0.0,0.0,0.0,1.0,0.0,1.0,1.0,1.0,2.0,0.0,0.0,4.0,0.0,5.0,-7.0,12.7,0,0,12.0,1,1,13006,1,7302,14994,14041,16528,5519,6890,7128,14161,15066,14161,6390,22257,19693,12251,9196,1588,8004,8866,1394,18762,16838,19310,17201,2107,76,16886,1.0,30:15,2015,2016
2015-16,203099,Jared Cunningham,Jared,1610612739,CLE,Cleveland Cavaliers,21500094,2015-11-08T00:00:00,CLE vs. IND,W,8.9,2.0,5.0,0.4,1.0,3.0,0.333,0.0,0.0,0.0,0.0,0.0,0.0,0.0,0.0,0.0,0.0,0.0,0.0,1.0,5.0,-7.0,5.0,0,0,6.0,1,1,13006,1,22887,14994,16058,14037,5519,6890,7128,14161,15066,14161,13060,22257,23167,18354,16943,12313,8004,8866,21108,12373,16838,19310,22500,2107,76,21429,1.0,8:53,2015,2016
2015-16,203521,Matthew Dellavedova,Matthew,1610612739,CLE,Cleveland Cavaliers,21500094,2015-11-08T00:00:00,CLE vs. IND,W,32.6,2.0,3.0,0.667,1.0,2.0,0.5,0.0,0.0,0.0,0.0,3.0,3.0,9.0,2.0,1.0,0.0,0.0,3.0,1.0,5.0,13.0,23.1,0,0,20.0,1,1,13006,1,5434,14994,19997,2883,5519,9677,3313,14161,15066,14161,13060,9493,12520,508,4412,4706,8004,8866,3976,12373,16838,2784,9699,2107,76,10747,1.0,32:35,2015,2016
2015-16,202684,Tristan Thompson,Tristan,1610612739,CLE,Cleveland Cavaliers,21500094,2015-11-08T00:00:00,CLE vs. IND,W,30.5,7.0,8.0,0.875,0.0,0.0,0.0,2.0,4.0,0.5,3.0,5.0,8.0,1.0,0.0,2.0,0.0,0.0,3.0,3.0,16.0,6.0,33.1,0,0,29.0,1,1,13006,1,7140,2864,10529,1155,11051,17277,11051,6499,4140,10753,1576,4465,2959,12251,16943,1588,8004,8866,3976,4736,4835,6628,4505,2107,76,5404,1.0,30:27,2015,2016
2015-16,202389,Timofey Mozgov,Timofey,1610612739,CLE,Cleveland Cavaliers,21500094,2015-11-08T00:00:00,CLE vs. IND,W,23.0,2.0,5.0,0.4,1.0,2.0,0.5,4.0,5.0,0.8,2.0,4.0,6.0,0.0,0.0,0.0,1.0,2.0,3.0,7.0,9.0,-12.0,19.2,0,0,18.0,1,1,13006,1,13399,14994,16058,14037,5519,9677,3313,2791,3208,7601,3138,6568,5415,18354,16943,12313,2692,639,3976,469,11389,22671,12284,2107,76,12177,1.0,22:58,2015,2016
2015-16,201567,Kevin Love,Kevin,1610612739,CLE,Cleveland Cavaliers,21500094,2015-11-08T00:00:00,CLE vs. IND,W,39.0,9.0,18.0,0.5,2.0,6.0,0.333,2.0,2.0,1.0,4.0,15.0,19.0,2.0,2.0,0.0,3.0,0.0,3.0,1.0,22.0,14.0,54.8,1,0,51.0,1,1,13006,1,1055,1155,1283,7886,2550,1860,7128,6499,8140,1,779,22,37,8082,4412,12313,347,8866,3976,12373,1866,2411,404,1,76,407,1.0,39:03,2015,2016
2015-16,2590,Mo Williams,Mo,1610612739,CLE,Cleveland Cavaliers,21500078,2015-11-06T00:00:00,CLE vs. PHI,W,30.5,8.0,12.0,0.667,0.0,2.0,0.0,0.0,0.0,0.0,0.0,2.0,2.0,8.0,2.0,2.0,0.0,0.0,2.0,1.0,16.0,2.0,34.4,0,0,30.0,1,1,13006,1,7072,1806,5215,2883,11051,9677,11051,14161,15066,14161,13060,13353,16063,762,4412,1588,8004,8866,8439,12373,4835,10013,4029,2107,76,4936,1.0,30:33,2015,2016
2015-16,201567,Kevin Love,Kevin,1610612739,CLE,Cleveland Cavaliers,21500078,2015-11-06T00:00:00,CLE vs. PHI,W,33.8,5.0,16.0,0.313,2.0,10.0,0.2,0.0,0.0,0.0,5.0,9.0,14.0,2.0,5.0,2.0,0.0,1.0,2.0,2.0,12.0,14.0,32.8,1,0,34.0,1,1,13006,1,4519,6175,2178,18542,2550,228,10165,14161,15066,14161,377,786,317,8082,351,1588,8004,2492,8439,7786,8086,2411,4609,1,76,3364,1.0,33:47,2015,2016
2015-16,2544,LeBron James,LeBron,1610612739,CLE,Cleveland Cavaliers,21500078,2015-11-06T00:00:00,CLE vs. PHI,W,36.3,12.0,22.0,0.545,3.0,5.0,0.6,4.0,6.0,0.667,0.0,4.0,4.0,13.0,2.0,2.0,0.0,1.0,1.0,6.0,31.0,24.0,59.3,1,0,55.0,1,1,13006,1,2520,217,346,7132,1083,2959,2761,2791,2017,9461,13060,6568,9586,88,4412,1588,8004,2492,14690,873,339,395,230,1,76,232,1.0,36:20,2015,2016
2015-16,203521,Matthew Dellavedova,Matthew,1610612739,CLE,Cleveland Cavaliers,21500078,2015-11-06T00:00:00,CLE vs. PHI,W,25.9,4.0,11.0,0.364,1.0,2.0,0.5,2.0,2.0,1.0,0.0,1.0,1.0,1.0,2.0,1.0,0.0,1.0,4.0,1.0,11.0,-15.0,14.7,0,0,16.0,1,1,13006,1,10932,8539,6284,16042,5519,9677,3313,6499,8140,1,13060,17769,19693,12251,4412,4706,8004,2492,1394,12373,9124,23948,15631,2107,76,13654,1.0,25:54,2015,2016
2015-16,2760,Anderson Varejao,Anderson,1610612739,CLE,Cleveland Cavaliers,21500078,2015-11-06T00:00:00,CLE vs. PHI,W,6.9,1.0,1.0,1.0,0.0,0.0,0.0,0.0,0.0,0.0,0.0,0.0,0.0,0.0,1.0,1.0,0.0,0.0,1.0,1.0,2.0,-4.0,4.0,0,0,4.0,1,1,13006,1,23588,18695,23432,1,11051,17277,11051,14161,15066,14161,13060,22257,23167,18354,9196,4706,8004,8866,14690,12373,20822,16419,23142,2107,76,22829,1.0,6:55,2015,2016
2015-16,2592,James Jones,James,1610612739,CLE,Cleveland Cavaliers,21500078,2015-11-06T00:00:00,CLE vs. PHI,W,12.6,1.0,6.0,0.167,1.0,4.0,0.25,0.0,0.0,0.0,2.0,2.0,4.0,2.0,1.0,0.0,0.0,0.0,1.0,0.0,3.0,-4.0,9.8,0,0,10.0,1,1,13006,1,21218,18695,14041,21747,5519,4617,9116,14161,15066,14161,3138,13353,9586,8082,9196,12313,8004,8866,14690,18762,19720,16419,19331,2107,76,18488,1.0,12:35,2015,2016
2015-16,203099,Jared Cunningham,Jared,1610612739,CLE,Cleveland Cavaliers,21500078,2015-11-06T00:00:00,CLE vs. PHI,W,20.2,0.0,1.0,0.0,0.0,0.0,0.0,0.0,0.0,0.0,0.0,1.0,1.0,1.0,1.0,1.0,0.0,1.0,2.0,0.0,0.0,16.0,4.7,0,0,4.0,1,1,13006,1,15710,22516,23432,22516,11051,17277,11051,14161,15066,14161,13060,17769,19693,12251,9196,4706,8004,2492,8439,18762,23226,1731,22672,2107,76,22829,1.0,20:13,2015,2016
2015-16,202684,Tristan Thompson,Tristan,1610612739,CLE,Cleveland Cavaliers,21500078,2015-11-06T00:00:00,CLE vs. PHI,W,23.1,1.0,1.0,1.0,0.0,0.0,0.0,1.0,2.0,0.5,2.0,9.0,11.0,0.0,0.0,0.0,0.0,0.0,2.0,3.0,3.0,-3.0,16.2,0,0,14.0,1,1,13006,1,13280,18695,23432,1,11051,17277,11051,10755,8140,10753,3138,786,1106,18354,16943,12313,8004,8866,8439,4736,19720,15372,14436,2107,76,15285,1.0,23:07,2015,2016
2015-16,202389,Timofey Mozgov,Timofey,1610612739,CLE,Cleveland Cavaliers,21500078,2015-11-06T00:00:00,CLE vs. PHI,W,18.9,6.0,7.0,0.857,0.0,0.0,0.0,1.0,2.0,0.5,2.0,4.0,6.0,0.0,1.0,0.0,0.0,0.0,2.0,3.0,13.0,12.0,19.2,0,0,19.0,1,1,13006,1,16820,4268,12208,1193,11051,17277,11051,10755,8140,10753,3138,6568,5415,18354,9196,12313,8004,8866,8439,4736,7214,3172,12284,2107,76,11453,1.0,18:51,2015,2016
2015-16,203925,Joe Harris,Joe,1610612739,CLE,Cleveland Cavaliers,21500078,2015-11-06T00:00:00,CLE vs. PHI,W,2.7,0.0,0.0,0.0,0.0,0.0,0.0,0.0,0.0,0.0,0.0,1.0,1.0,0.0,0.0,0.0,0.0,0.0,0.0,0.0,0.0,-4.0,1.2,0,0,1.0,1,1,13006,1,25257,22516,24912,22516,11051,17277,11051,14161,15066,14161,13060,17769,19693,18354,16943,12313,8004,8866,21108,18762,23226,16419,24661,2107,76,24654,1.0,2:41,2015,2016
2015-16,2210,Richard Jefferson,Richard,1610612739,CLE,Cleveland Cavaliers,21500078,2015-11-06T00:00:00,CLE vs. PHI,W,29.1,7.0,11.0,0.636,3.0,3.0,1.0,0.0,0.0,0.0,0.0,1.0,1.0,2.0,2.0,0.0,0.0,0.0,3.0,1.0,17.0,-8.0,19.2,0,0,23.0,1,1,13006,1,8315,2864,6284,4230,1083,6890,1,14161,15066,14161,13060,17769,19693,8082,4412,12313,8004,8866,3976,12373,4170,20129,12284,2107,76,8747,1.0,29:04,2015,2016
2015-16,203521,Matthew Dellavedova,Matthew,1610612739,CLE,Cleveland Cavaliers,21500063,2015-11-04T00:00:00,CLE vs. NYK,W,27.4,2.0,7.0,0.286,1.0,1.0,1.0,0.0,0.0,0.0,1.0,2.0,3.0,7.0,3.0,0.0,0.0,0.0,2.0,1.0,5.0,13.0,16.1,0,0,16.0,1,1,13006,1,9678,14994,12208,19020,5519,13174,1,14161,15066,14161,6390,13353,12520,1118,1969,12313,8004,8866,8439,12373,16838,2784,14515,2107,76,13654,1.0,27:25,2015,2016
2015-16,202389,Timofey Mozgov,Timofey,1610612739,CLE,Cleveland Cavaliers,21500063,2015-11-04T00:00:00,CLE vs. NYK,W,21.9,3.0,6.0,0.5,0.0,0.0,0.0,4.0,4.0,1.0,0.0,3.0,3.0,2.0,0.0,0.0,0.0,1.0,1.0,2.0,10.0,-7.0,16.6,0,0,15.0,1,1,13006,1,14245,11544,14041,7886,11051,17277,11051,2791,4140,1,13060,9493,12520,8082,16943,12313,8004,2492,14690,7786,10151,19310,14125,2107,76,14428,1.0,21:55,2015,2016
2015-16,2592,James Jones,James,1610612739,CLE,Cleveland Cavaliers,21500063,2015-11-04T00:00:00,CLE vs. NYK,W,11.1,1.0,3.0,0.333,0.0,2.0,0.0,3.0,3.0,1.0,0.0,0.0,0.0,0.0,0.0,0.0,0.0,0.0,1.0,1.0,5.0,-3.0,5.0,0,0,5.0,1,1,13006,1,22005,18695,19997,16528,11051,9677,11051,4469,6741,1,13060,22257,23167,18354,16943,12313,8004,8866,14690,12373,16838,15372,22500,2107,76,22162,1.0,11:03,2015,2016
2015-16,2210,Richard Jefferson,Richard,1610612739,CLE,Cleveland Cavaliers,21500063,2015-11-04T00:00:00,CLE vs. NYK,W,35.3,2.0,6.0,0.333,1.0,5.0,0.2,4.0,6.0,0.667,0.0,4.0,4.0,3.0,1.0,0.0,0.0,0.0,2.0,4.0,9.0,1.0,17.3,0,0,17.0,1,1,13006,1,3321,14994,14041,16528,5519,2959,10165,2791,2017,9461,13060,6568,9586,5322,9196,12313,8004,8866,8439,2748,11389,11010,13671,2107,76,12877,1.0,35:17,2015,2016
2015-16,2590,Mo Williams,Mo,1610612739,CLE,Cleveland Cavaliers,21500063,2015-11-04T00:00:00,CLE vs. NYK,W,36.1,8.0,19.0,0.421,2.0,8.0,0.25,4.0,4.0,1.0,0.0,6.0,6.0,4.0,1.0,0.0,0.0,1.0,2.0,1.0,22.0,3.0,34.2,0,0,34.0,1,1,13006,1,2693,1806,964,13615,2550,705,9116,2791,4140,1,13060,3007,5415,3513,9196,12313,8004,2492,8439,12373,1866,9063,4092,2107,76,3364,1.0,36:05,2015,2016
2015-16,2544,LeBron James,LeBron,1610612739,CLE,Cleveland Cavaliers,21500063,2015-11-04T00:00:00,CLE vs. NYK,W,35.1,9.0,23.0,0.391,1.0,5.0,0.2,4.0,7.0,0.571,2.0,3.0,5.0,3.0,3.0,4.0,1.0,4.0,1.0,7.0,23.0,14.0,45.5,0,0,42.0,1,1,13006,1,3488,1155,256,15189,5519,2959,10165,2791,1485,10651,3138,9493,7203,5322,1969,151,2692,38,14690,469,1593,2411,1278,2107,76,1376,1.0,35:04,2015,2016
2015-16,202684,Tristan Thompson,Tristan,1610612739,CLE,Cleveland Cavaliers,21500063,2015-11-04T00:00:00,CLE vs. NYK,W,25.6,4.0,6.0,0.667,0.0,0.0,0.0,2.0,2.0,1.0,4.0,9.0,13.0,1.0,1.0,0.0,1.0,1.0,1.0,2.0,10.0,15.0,29.1,1,0,26.0,1,1,13006,1,11220,8539,14041,2883,11051,17277,11051,6499,8140,1,779,786,485,12251,9196,12313,2692,2492,14690,7786,10151,2059,6285,1,76,6962,1.0,25:36,2015,2016
2015-16,201567,Kevin Love,Kevin,1610612739,CLE,Cleveland Cavaliers,21500063,2015-11-04T00:00:00,CLE vs. NYK,W,32.4,4.0,13.0,0.308,2.0,6.0,0.333,1.0,2.0,0.5,2.0,10.0,12.0,1.0,1.0,0.0,0.0,0.0,0.0,2.0,11.0,10.0,25.9,1,0,26.0,1,1,13006,1,5603,8539,4281,18598,2550,1860,7128,10755,8140,10753,3138,488,752,12251,9196,12313,8004,8866,21108,7786,9124,4134,7960,1,76,6962,1.0,32:21,2015,2016
2015-16,203099,Jared Cunningham,Jared,1610612739,CLE,Cleveland Cavaliers,21500063,2015-11-04T00:00:00,CLE vs. NYK,W,10.1,0.0,0.0,0.0,0.0,0.0,0.0,1.0,4.0,0.25,0.0,0.0,0.0,0.0,0.0,0.0,0.0,0.0,1.0,3.0,1.0,-1.0,1.0,0,0,1.0,1,1,13006,1,22380,22516,24912,22516,11051,17277,11051,10755,4140,13955,13060,22257,23167,18354,16943,12313,8004,8866,14690,4736,22968,13184,24960,2107,76,24654,1.0,10:09,2015,2016
2015-16,2760,Anderson Varejao,Anderson,1610612739,CLE,Cleveland Cavaliers,21500063,2015-11-04T00:00:00,CLE vs. NYK,W,5.1,0.0,0.0,0.0,0.0,0.0,0.0,0.0,0.0,0.0,0.0,2.0,2.0,0.0,1.0,1.0,0.0,0.0,1.0,0.0,0.0,5.0,4.4,0,0,4.0,1,1,13006,1,24334,22516,24912,22516,11051,17277,11051,14161,15066,14161,13060,13353,16063,18354,9196,4706,8004,8866,14690,18762,23226,7354,22837,2107,76,22829,1.0,5:05,2015,2016
2015-16,201567,Kevin Love,Kevin,1610612739,CLE,Cleveland Cavaliers,21500046,2015-11-02T00:00:00,CLE @ PHI,W,28.6,7.0,14.0,0.5,0.0,4.0,0.0,1.0,1.0,1.0,1.0,7.0,8.0,2.0,2.0,0.0,0.0,1.0,2.0,2.0,15.0,24.0,25.6,0,0,25.0,1,1,13006,1,8763,2864,3506,7886,11051,4617,11051,10755,13680,1,6390,1973,2959,8082,4412,12313,8004,2492,8439,7786,5598,395,8157,2107,76,7525,1.0,28:34,2015,2016
2015-16,2544,LeBron James,LeBron,1610612739,CLE,Cleveland Cavaliers,21500046,2015-11-02T00:00:00,CLE @ PHI,W,33.3,9.0,19.0,0.474,0.0,3.0,0.0,4.0,4.0,1.0,0.0,9.0,9.0,11.0,3.0,4.0,2.0,1.0,3.0,2.0,22.0,21.0,64.3,1,0,54.0,1,1,13006,1,4862,1155,964,11390,11051,6890,11051,2791,4140,1,13060,786,2216,211,1969,151,932,2492,3976,7786,1866,743,99,1,76,266,1.0,33:20,2015,2016
2015-16,203521,Matthew Dellavedova,Matthew,1610612739,CLE,Cleveland Cavaliers,21500046,2015-11-02T00:00:00,CLE @ PHI,W,34.4,5.0,8.0,0.625,1.0,3.0,0.333,1.0,2.0,0.5,3.0,2.0,5.0,9.0,3.0,0.0,0.0,0.0,2.0,5.0,12.0,8.0,28.5,0,0,27.0,1,1,13006,1,4053,6175,10529,4401,5519,6890,7128,10755,8140,10753,1576,13353,7203,508,1969,12313,8004,8866,8439,1539,8086,5243,6613,2107,76,6398,1.0,34:22,2015,2016
2015-16,202684,Tristan Thompson,Tristan,1610612739,CLE,Cleveland Cavaliers,21500046,2015-11-02T00:00:00,CLE @ PHI,W,26.3,4.0,7.0,0.571,0.0,0.0,0.0,0.0,2.0,0.0,0.0,9.0,9.0,1.0,0.0,0.0,3.0,1.0,2.0,2.0,8.0,5.0,29.3,0,0,24.0,1,1,13006,1,10598,8539,12208,6087,11051,17277,11051,14161,8140,14161,13060,786,2216,12251,16943,12313,347,2492,8439,7786,12541,7354,6202,2107,76,8132,1.0,26:18,2015,2016
2015-16,2747,JR Smith,JR,1610612739,CLE,Cleveland Cavaliers,21500046,2015-11-02T00:00:00,CLE @ PHI,W,5.0,0.0,1.0,0.0,0.0,0.0,0.0,0.0,0.0,0.0,0.0,0.0,0.0,0.0,2.0,0.0,0.0,0.0,2.0,0.0,0.0,-1.0,-2.0,0,0,0.0,1,1,13006,1,24385,22516,23432,22516,11051,17277,11051,14161,15066,14161,13060,22257,23167,18354,4412,12313,8004,8866,8439,18762,23226,13184,26061,2107,76,25215,1.0,4:57,2015,2016
2015-16,2760,Anderson Varejao,Anderson,1610612739,CLE,Cleveland Cavaliers,21500046,2015-11-02T00:00:00,CLE @ PHI,W,4.0,0.0,1.0,0.0,0.0,1.0,0.0,0.0,0.0,0.0,0.0,0.0,0.0,0.0,2.0,0.0,0.0,0.0,0.0,0.0,0.0,-9.0,-2.0,0,0,0.0,1,1,13006,1,24716,22516,23432,22516,11051,13174,11051,14161,15066,14161,13060,22257,23167,18354,4412,12313,8004,8866,21108,18762,23226,20888,26061,2107,76,25215,1.0,3:59,2015,2016
2015-16,203925,Joe Harris,Joe,1610612739,CLE,Cleveland Cavaliers,21500046,2015-11-02T00:00:00,CLE @ PHI,W,4.7,0.0,1.0,0.0,0.0,1.0,0.0,0.0,0.0,0.0,0.0,0.0,0.0,1.0,0.0,0.0,0.0,0.0,0.0,0.0,0.0,-14.0,1.5,0,0,1.0,1,1,13006,1,24490,22516,23432,22516,11051,13174,11051,14161,15066,14161,13060,22257,23167,12251,16943,12313,8004,8866,21108,18762,23226,23559,24473,2107,76,24654,1.0,4:39,2015,2016
2015-16,2592,James Jones,James,1610612739,CLE,Cleveland Cavaliers,21500046,2015-11-02T00:00:00,CLE @ PHI,W,15.1,4.0,6.0,0.667,4.0,5.0,0.8,0.0,0.0,0.0,0.0,1.0,1.0,0.0,0.0,0.0,0.0,1.0,0.0,0.0,12.0,-5.0,13.2,0,0,17.0,1,1,13006,1,19718,8539,14041,2883,439,2959,1538,14161,15066,14161,13060,17769,19693,18354,16943,12313,8004,2492,21108,18762,8086,17477,16768,2107,76,12877,1.0,15:03,2015,2016
2015-16,2210,Richard Jefferson,Richard,1610612739,CLE,Cleveland Cavaliers,21500046,2015-11-02T00:00:00,CLE @ PHI,W,21.7,2.0,4.0,0.5,1.0,2.0,0.5,2.0,2.0,1.0,0.0,1.0,1.0,0.0,0.0,0.0,0.0,0.0,2.0,1.0,7.0,-4.0,8.2,0,0,9.0,1,1,13006,1,14424,14994,18073,7886,5519,9677,3313,6499,8140,1,13060,17769,19693,18354,16943,12313,8004,8866,8439,12373,14029,16419,20416,2107,76,19255,1.0,21:43,2015,2016
2015-16,203099,Jared Cunningham,Jared,1610612739,CLE,Cleveland Cavaliers,21500046,2015-11-02T00:00:00,CLE @ PHI,W,17.1,1.0,3.0,0.333,0.0,0.0,0.0,2.0,4.0,0.5,0.0,2.0,2.0,0.0,0.0,0.0,0.0,1.0,2.0,2.0,4.0,-8.0,6.4,0,0,6.0,1,1,13006,1,18230,18695,19997,16528,11051,17277,11051,6499,4140,10753,13060,13353,16063,18354,16943,12313,8004,2492,8439,7786,18063,20129,21589,2107,76,21429,1.0,17:03,2015,2016
2015-16,2590,Mo Williams,Mo,1610612739,CLE,Cleveland Cavaliers,21500046,2015-11-02T00:00:00,CLE @ PHI,W,27.9,8.0,10.0,0.8,2.0,3.0,0.667,3.0,3.0,1.0,0.0,1.0,1.0,3.0,2.0,1.0,0.0,0.0,2.0,1.0,21.0,19.0,27.7,0,0,29.0,1,1,13006,1,9277,1806,7514,1401,2550,6890,1955,4469,6741,1,13060,17769,19693,5322,4412,4706,8004,8866,8439,12373,2210,1041,7008,2107,76,5404,1.0,27:56,2015,2016
2015-16,202389,Timofey Mozgov,Timofey,1610612739,CLE,Cleveland Cavaliers,21500046,2015-11-02T00:00:00,CLE @ PHI,W,22.1,2.0,7.0,0.286,0.0,0.0,0.0,2.0,2.0,1.0,3.0,4.0,7.0,1.0,2.0,0.0,4.0,0.0,2.0,3.0,6.0,-1.0,25.9,0,0,22.0,1,1,13006,1,14084,14994,12208,19020,11051,17277,11051,6499,8140,1,1576,6568,3953,12251,4412,12313,132,8866,8439,4736,15190,13184,7960,2107,76,9378,1.0,22:06,2015,2016
2015-16,2544,LeBron James,LeBron,1610612739,CLE,Cleveland Cavaliers,21500021,2015-10-30T00:00:00,CLE vs. MIA,W,33.9,13.0,19.0,0.684,0.0,2.0,0.0,3.0,5.0,0.6,2.0,3.0,5.0,4.0,4.0,1.0,0.0,0.0,3.0,3.0,29.0,7.0,40.0,0,0,40.0,1,1,13006,1,4396,107,964,2872,11051,9677,11051,4469,3208,10435,3138,9493,7203,3513,841,4706,8004,8866,3976,4736,517,5888,2364,2107,76,1725,1.0,33:56,2015,2016
2015-16,203521,Matthew Dellavedova,Matthew,1610612739,CLE,Cleveland Cavaliers,21500021,2015-10-30T00:00:00,CLE vs. MIA,W,27.0,1.0,5.0,0.2,1.0,4.0,0.25,2.0,2.0,1.0,1.0,4.0,5.0,10.0,0.0,1.0,0.0,0.0,0.0,2.0,5.0,23.0,29.0,0,0,23.0,1,1,13006,1,10043,18695,16058,21086,5519,4617,9116,6499,8140,1,6390,6568,7203,329,16943,4706,8004,8866,21108,7786,16838,487,6346,2107,76,8747,1.0,26:58,2015,2016
2015-16,202389,Timofey Mozgov,Timofey,1610612739,CLE,Cleveland Cavaliers,21500021,2015-10-30T00:00:00,CLE vs. MIA,W,18.1,4.0,6.0,0.667,0.0,0.0,0.0,1.0,1.0,1.0,1.0,4.0,5.0,0.0,1.0,0.0,1.0,1.0,2.0,1.0,9.0,0.0,17.0,0,0,16.0,1,1,13006,1,17465,8539,14041,2883,11051,17277,11051,10755,13680,1,6390,6568,7203,18354,9196,12313,2692,2492,8439,12373,11389,12042,13855,2107,76,13654,1.0,18:04,2015,2016
2015-16,2590,Mo Williams,Mo,1610612739,CLE,Cleveland Cavaliers,21500021,2015-10-30T00:00:00,CLE vs. MIA,W,25.8,2.0,10.0,0.2,0.0,4.0,0.0,2.0,2.0,1.0,0.0,0.0,0.0,3.0,1.0,1.0,0.0,2.0,3.0,1.0,6.0,-4.0,12.5,0,0,11.0,1,1,13006,1,11011,14994,7514,21086,11051,4617,11051,6499,8140,1,13060,22257,23167,5322,9196,4706,8004,639,3976,12373,15190,16419,17372,2107,76,17702,1.0,25:48,2015,2016
2015-16,2760,Anderson Varejao,Anderson,1610612739,CLE,Cleveland Cavaliers,21500021,2015-10-30T00:00:00,CLE vs. MIA,W,15.8,1.0,2.0,0.5,0.0,0.0,0.0,0.0,0.0,0.0,2.0,6.0,8.0,0.0,0.0,0.0,0.0,0.0,1.0,3.0,2.0,11.0,11.6,0,0,10.0,1,1,13006,1,19160,18695,21813,7886,11051,17277,11051,14161,15066,14161,3138,3007,2959,18354,16943,12313,8004,8866,14690,4736,20822,3629,17970,2107,76,18488,1.0,15:50,2015,2016
2015-16,2210,Richard Jefferson,Richard,1610612739,CLE,Cleveland Cavaliers,21500021,2015-10-30T00:00:00,CLE vs. MIA,W,24.4,2.0,7.0,0.286,1.0,3.0,0.333,0.0,0.0,0.0,0.0,0.0,0.0,0.0,3.0,1.0,0.0,0.0,1.0,1.0,5.0,9.0,5.0,0,0,8.0,1,1,13006,1,12221,14994,12208,19020,5519,6890,7128,14161,15066,14161,13060,22257,23167,18354,1969,4706,8004,8866,14690,12373,16838,4633,22500,2107,76,20022,1.0,24:23,2015,2016
2015-16,203099,Jared Cunningham,Jared,1610612739,CLE,Cleveland Cavaliers,21500021,2015-10-30T00:00:00,CLE vs. MIA,W,9.2,2.0,4.0,0.5,0.0,1.0,0.0,0.0,0.0,0.0,0.0,0.0,0.0,2.0,0.0,0.0,0.0,0.0,1.0,0.0,4.0,2.0,7.0,0,0,6.0,1,1,13006,1,22759,14994,18073,7886,11051,13174,11051,14161,15066,14161,13060,22257,23167,8082,16943,12313,8004,8866,14690,18762,18063,10013,21188,2107,76,21429,1.0,9:12,2015,2016
2015-16,2747,JR Smith,JR,1610612739,CLE,Cleveland Cavaliers,21500021,2015-10-30T00:00:00,CLE vs. MIA,W,22.2,1.0,8.0,0.125,0.0,3.0,0.0,0.0,0.0,0.0,0.0,2.0,2.0,0.0,2.0,0.0,1.0,0.0,4.0,0.0,2.0,-3.0,5.4,0,0,6.0,1,1,13006,1,13971,18695,10529,22306,11051,6890,11051,14161,15066,14161,13060,13353,16063,18354,4412,12313,2692,8866,1394,18762,20822,15372,22242,2107,76,21429,1.0,22:15,2015,2016
2015-16,201567,Kevin Love,Kevin,1610612739,CLE,Cleveland Cavaliers,21500021,2015-10-30T00:00:00,CLE vs. MIA,W,33.1,6.0,15.0,0.4,3.0,7.0,0.429,9.0,9.0,1.0,6.0,8.0,14.0,5.0,0.0,0.0,1.0,2.0,2.0,6.0,24.0,3.0,51.3,1,0,48.0,1,1,13006,1,5027,4268,2795,14037,1083,1138,6081,296,664,1,168,1264,317,2408,16943,12313,2692,639,8439,873,1331,9063,631,1,76,641,1.0,33:07,2015,2016
2015-16,202684,Tristan Thompson,Tristan,1610612739,CLE,Cleveland Cavaliers,21500021,2015-10-30T00:00:00,CLE vs. MIA,W,26.1,6.0,9.0,0.667,0.0,0.0,0.0,1.0,2.0,0.5,2.0,7.0,9.0,1.0,0.0,0.0,1.0,2.0,1.0,3.0,13.0,14.0,28.3,0,0,25.0,1,1,13006,1,10803,4268,8964,2883,11051,17277,11051,10755,8140,10753,3138,1973,2216,12251,16943,12313,2692,639,14690,4736,7214,2411,6720,2107,76,7525,1.0,26:03,2015,2016
2015-16,2592,James Jones,James,1610612739,CLE,Cleveland Cavaliers,21500021,2015-10-30T00:00:00,CLE vs. MIA,W,1.5,0.0,0.0,0.0,0.0,0.0,0.0,0.0,0.0,0.0,0.0,1.0,1.0,0.0,0.0,0.0,0.0,0.0,0.0,0.0,0.0,-4.0,1.2,0,0,1.0,1,1,13006,1,25706,22516,24912,22516,11051,17277,11051,14161,15066,14161,13060,17769,19693,18354,16943,12313,8004,8866,21108,18762,23226,16419,24661,2107,76,24654,1.0,1:28,2015,2016
2015-16,201619,Sasha Kaun,Sasha,1610612739,CLE,Cleveland Cavaliers,21500021,2015-10-30T00:00:00,CLE vs. MIA,W,1.5,0.0,0.0,0.0,0.0,0.0,0.0,0.0,0.0,0.0,0.0,0.0,0.0,0.0,0.0,0.0,0.0,0.0,1.0,0.0,0.0,-4.0,0.0,0,0,0.0,1,1,13006,1,25706,22516,24912,22516,11051,17277,11051,14161,15066,14161,13060,22257,23167,18354,16943,12313,8004,8866,14690,18762,23226,16419,25170,2107,76,25215,1.0,1:28,2015,2016
2015-16,203925,Joe Harris,Joe,1610612739,CLE,Cleveland Cavaliers,21500021,2015-10-30T00:00:00,CLE vs. MIA,W,1.5,1.0,1.0,1.0,1.0,1.0,1.0,0.0,0.0,0.0,0.0,0.0,0.0,0.0,0.0,0.0,0.0,0.0,0.0,0.0,3.0,-4.0,3.0,0,0,4.0,1,1,13006,1,25706,18695,23432,1,5519,13174,1,14161,15066,14161,13060,22257,23167,18354,16943,12313,8004,8866,21108,18762,19720,16419,23648,2107,76,22829,1.0,1:28,2015,2016
2015-16,2592,James Jones,James,1610612739,CLE,Cleveland Cavaliers,21500011,2015-10-28T00:00:00,CLE @ MEM,W,5.3,1.0,2.0,0.5,1.0,1.0,1.0,0.0,0.0,0.0,0.0,0.0,0.0,0.0,1.0,0.0,0.0,0.0,1.0,0.0,3.0,2.0,2.0,0,0,4.0,1,1,13006,1,24274,18695,21813,7886,5519,13174,1,14161,15066,14161,13060,22257,23167,18354,9196,12313,8004,8866,14690,18762,19720,10013,24216,2107,76,22829,1.0,5:15,2015,2016
2015-16,2747,JR Smith,JR,1610612739,CLE,Cleveland Cavaliers,21500011,2015-10-28T00:00:00,CLE @ MEM,W,33.9,4.0,10.0,0.4,1.0,2.0,0.5,0.0,0.0,0.0,2.0,5.0,7.0,7.0,1.0,1.0,0.0,0.0,2.0,0.0,9.0,16.0,29.9,0,0,26.0,1,1,13006,1,4471,8539,7514,14037,5519,9677,3313,14161,15066,14161,3138,4465,3953,1118,9196,4706,8004,8866,8439,18762,11389,1731,5884,2107,76,6962,1.0,33:51,2015,2016
2015-16,203925,Joe Harris,Joe,1610612739,CLE,Cleveland Cavaliers,21500011,2015-10-28T00:00:00,CLE @ MEM,W,5.3,0.0,1.0,0.0,0.0,1.0,0.0,0.0,0.0,0.0,0.0,2.0,2.0,1.0,0.0,0.0,0.0,0.0,0.0,0.0,0.0,2.0,3.9,0,0,3.0,1,1,13006,1,24274,22516,23432,22516,11051,13174,11051,14161,15066,14161,13060,13353,16063,12251,16943,12313,8004,8866,21108,18762,23226,10013,23225,2107,76,23463,1.0,5:15,2015,2016
2015-16,201619,Sasha Kaun,Sasha,1610612739,CLE,Cleveland Cavaliers,21500011,2015-10-28T00:00:00,CLE @ MEM,W,6.0,0.0,0.0,0.0,0.0,0.0,0.0,0.0,0.0,0.0,1.0,0.0,1.0,1.0,1.0,1.0,1.0,0.0,3.0,0.0,0.0,1.0,7.7,0,0,6.0,1,1,13006,1,23966,22516,24912,22516,11051,17277,11051,14161,15066,14161,6390,22257,19693,12251,9196,4706,2692,8866,3976,18762,23226,11010,20733,2107,76,21429,1.0,5:59,2015,2016
2015-16,2590,Mo Williams,Mo,1610612739,CLE,Cleveland Cavaliers,21500011,2015-10-28T00:00:00,CLE @ MEM,W,22.6,3.0,8.0,0.375,3.0,6.0,0.5,0.0,0.0,0.0,0.0,2.0,2.0,5.0,2.0,0.0,0.0,1.0,1.0,0.0,9.0,1.0,16.9,0,0,19.0,1,1,13006,1,13661,11544,10529,15466,1083,1860,3313,14161,15066,14161,13060,13353,16063,2408,4412,12313,8004,2492,14690,18762,11389,11010,13911,2107,76,11453,1.0,22:38,2015,2016
2015-16,201567,Kevin Love,Kevin,1610612739,CLE,Cleveland Cavaliers,21500011,2015-10-28T00:00:00,CLE @ MEM,W,28.9,7.0,14.0,0.5,2.0,7.0,0.286,1.0,1.0,1.0,2.0,11.0,13.0,3.0,3.0,0.0,0.0,0.0,2.0,1.0,17.0,18.0,34.1,1,0,35.0,1,1,13006,1,8490,2864,3506,7886,2550,1138,8900,10755,13680,1,3138,281,485,5322,1969,12313,8004,8866,8439,12373,4170,1238,4124,1,76,3029,1.0,28:51,2015,2016
2015-16,2210,Richard Jefferson,Richard,1610612739,CLE,Cleveland Cavaliers,21500011,2015-10-28T00:00:00,CLE @ MEM,W,18.3,5.0,6.0,0.833,3.0,3.0,1.0,1.0,1.0,1.0,0.0,3.0,3.0,0.0,2.0,0.0,0.0,0.0,3.0,1.0,14.0,19.0,15.6,0,0,20.0,1,1,13006,1,17234,6175,14041,1260,1083,6890,1,10755,13680,1,13060,9493,12520,18354,4412,12313,8004,8866,3976,12373,6324,1041,14916,2107,76,10747,1.0,18:20,2015,2016
2015-16,2760,Anderson Varejao,Anderson,1610612739,CLE,Cleveland Cavaliers,21500011,2015-10-28T00:00:00,CLE @ MEM,W,10.9,2.0,6.0,0.333,0.0,0.0,0.0,0.0,0.0,0.0,2.0,3.0,5.0,2.0,1.0,0.0,0.0,0.0,2.0,1.0,4.0,17.0,12.0,0,0,11.0,1,1,13006,1,22086,14994,14041,16528,11051,17277,11051,14161,15066,14161,3138,9493,7203,8082,9196,12313,8004,8866,8439,12373,18063,1469,17703,2107,76,17702,1.0,10:52,2015,2016
2015-16,202389,Timofey Mozgov,Timofey,1610612739,CLE,Cleveland Cavaliers,21500011,2015-10-28T00:00:00,CLE @ MEM,W,25.1,4.0,8.0,0.5,0.0,1.0,0.0,1.0,1.0,1.0,1.0,3.0,4.0,0.0,2.0,0.0,0.0,1.0,2.0,4.0,9.0,3.0,11.8,0,0,13.0,1,1,13006,1,11619,8539,10529,7886,11051,13174,11051,10755,13680,1,6390,9493,9586,18354,4412,12313,8004,2492,8439,2748,11389,9063,17832,2107,76,16097,1.0,25:04,2015,2016
2015-16,203099,Jared Cunningham,Jared,1610612739,CLE,Cleveland Cavaliers,21500011,2015-10-28T00:00:00,CLE @ MEM,W,15.2,4.0,5.0,0.8,1.0,1.0,1.0,3.0,4.0,0.75,0.0,1.0,1.0,1.0,1.0,0.0,1.0,0.0,2.0,2.0,12.0,13.0,16.7,0,0,17.0,1,1,13006,1,19653,8539,16058,1401,5519,13174,1,4469,4140,8103,13060,17769,19693,12251,9196,12313,2692,8866,8439,7786,8086,2784,14064,2107,76,12877,1.0,15:09,2015,2016
2015-16,2544,LeBron James,LeBron,1610612739,CLE,Cleveland Cavaliers,21500011,2015-10-28T00:00:00,CLE @ MEM,W,30.8,4.0,13.0,0.308,0.0,3.0,0.0,4.0,8.0,0.5,1.0,6.0,7.0,5.0,3.0,3.0,0.0,0.0,1.0,5.0,12.0,10.0,33.9,0,0,30.0,1,1,13006,1,6897,8539,4281,18598,11051,6890,11051,2791,922,10753,6390,3007,3953,2408,1969,501,8004,8866,14690,1539,8086,4134,4208,2107,76,4936,1.0,30:48,2015,2016
2015-16,202684,Tristan Thompson,Tristan,1610612739,CLE,Cleveland Cavaliers,21500011,2015-10-28T00:00:00,CLE @ MEM,W,20.0,2.0,2.0,1.0,0.0,0.0,0.0,1.0,2.0,0.5,3.0,5.0,8.0,1.0,2.0,0.0,0.0,0.0,4.0,2.0,5.0,19.0,14.1,0,0,14.0,1,1,13006,1,15922,14994,21813,1,11051,17277,11051,10755,8140,10753,1576,4465,2959,12251,4412,12313,8004,8866,1394,7786,16838,1041,16094,2107,76,15285,1.0,19:59,2015,2016
2015-16,203521,Matthew Dellavedova,Matthew,1610612739,CLE,Cleveland Cavaliers,21500011,2015-10-28T00:00:00,CLE @ MEM,W,18.0,5.0,9.0,0.556,2.0,4.0,0.5,0.0,0.0,0.0,0.0,1.0,1.0,3.0,0.0,2.0,0.0,1.0,2.0,2.0,12.0,29.0,23.7,0,0,22.0,1,1,13006,1,17523,6175,8964,6726,2550,4617,3313,14161,15066,14161,13060,17769,19693,5322,16943,1588,8004,2492,8439,7786,8086,158,9329,2107,76,9378,1.0,17:59,2015,2016
2015-16,203521,Matthew Dellavedova,Matthew,1610612739,CLE,Cleveland Cavaliers,21500002,2015-10-27T00:00:00,CLE @ CHI,L,20.2,3.0,8.0,0.375,0.0,2.0,0.0,0.0,0.0,0.0,1.0,3.0,4.0,4.0,1.0,0.0,0.0,0.0,1.0,1.0,6.0,1.0,15.8,0,0,14.0,1,13074,1,13074,15729,11544,10529,15466,11051,9677,11051,14161,15066,14161,6390,9493,9586,3513,9196,12313,8004,8866,14690,12373,15190,11010,14754,2107,76,15285,1.0,20:12,2015,2016
2015-16,201567,Kevin Love,Kevin,1610612739,CLE,Cleveland Cavaliers,21500002,2015-10-27T00:00:00,CLE @ CHI,L,34.8,6.0,17.0,0.353,3.0,7.0,0.429,3.0,3.0,1.0,4.0,4.0,8.0,4.0,2.0,0.0,2.0,4.0,0.0,6.0,18.0,1.0,37.6,0,0,37.0,1,13074,1,13074,3676,4268,1681,16428,1083,1138,6081,4469,6741,1,779,6568,2959,3513,4412,12313,932,38,21108,873,3558,11010,3018,2107,76,2442,1.0,34:49,2015,2016
2015-16,2590,Mo Williams,Mo,1610612739,CLE,Cleveland Cavaliers,21500002,2015-10-27T00:00:00,CLE @ CHI,L,37.2,7.0,15.0,0.467,3.0,7.0,0.429,2.0,3.0,0.667,0.0,4.0,4.0,7.0,1.0,1.0,1.0,0.0,2.0,4.0,19.0,5.0,39.3,0,0,37.0,1,13074,1,13074,1995,2864,2795,11551,1083,1138,6081,6499,6741,9461,13060,6568,9586,1118,9196,4706,2692,8866,8439,2748,3065,7354,2563,2107,76,2442,1.0,37:09,2015,2016
2015-16,2747,JR Smith,JR,1610612739,CLE,Cleveland Cavaliers,21500002,2015-10-27T00:00:00,CLE @ CHI,L,30.5,3.0,10.0,0.3,0.0,2.0,0.0,2.0,4.0,0.5,1.0,4.0,5.0,3.0,0.0,1.0,0.0,1.0,4.0,3.0,8.0,0.0,21.5,0,0,18.0,1,13074,1,13074,7141,11544,7514,18745,11051,9677,11051,6499,4140,10753,6390,6568,7203,5322,16943,4706,8004,2492,1394,4736,12541,12042,10755,2107,76,12177,1.0,30:27,2015,2016
2015-16,203099,Jared Cunningham,Jared,1610612739,CLE,Cleveland Cavaliers,21500002,2015-10-27T00:00:00,CLE @ CHI,L,3.2,0.0,2.0,0.0,0.0,0.0,0.0,0.0,0.0,0.0,0.0,0.0,0.0,0.0,0.0,0.0,0.0,1.0,0.0,0.0,0.0,-8.0,0.0,0,0,0.0,1,13074,1,13074,25054,22516,21813,22516,11051,17277,11051,14161,15066,14161,13060,22257,23167,18354,16943,12313,8004,2492,21108,18762,23226,20129,25170,2107,76,25215,1.0,3:11,2015,2016
2015-16,2592,James Jones,James,1610612739,CLE,Cleveland Cavaliers,21500002,2015-10-27T00:00:00,CLE @ CHI,L,3.8,0.0,2.0,0.0,0.0,2.0,0.0,0.0,0.0,0.0,0.0,0.0,0.0,0.0,0.0,0.0,1.0,0.0,1.0,0.0,0.0,-7.0,3.0,0,0,2.0,1,13074,1,13074,24784,22516,21813,22516,11051,9677,11051,14161,15066,14161,13060,22257,23167,18354,16943,12313,2692,8866,14690,18762,23226,19310,23648,2107,76,23978,1.0,3:49,2015,2016
2015-16,202389,Timofey Mozgov,Timofey,1610612739,CLE,Cleveland Cavaliers,21500002,2015-10-27T00:00:00,CLE @ CHI,L,20.9,2.0,6.0,0.333,0.0,0.0,0.0,1.0,2.0,0.5,2.0,3.0,5.0,2.0,3.0,0.0,2.0,2.0,2.0,2.0,5.0,-1.0,17.0,0,0,16.0,1,13074,1,13074,15140,14994,14041,16528,11051,17277,11051,10755,8140,10753,3138,9493,7203,8082,1969,12313,932,639,8439,7786,16838,13184,13855,2107,76,13654,1.0,20:54,2015,2016
2015-16,2760,Anderson Varejao,Anderson,1610612739,CLE,Cleveland Cavaliers,21500002,2015-10-27T00:00:00,CLE @ CHI,L,11.6,0.0,1.0,0.0,0.0,0.0,0.0,2.0,2.0,1.0,1.0,1.0,2.0,0.0,0.0,0.0,1.0,0.0,1.0,1.0,2.0,9.0,7.4,0,0,6.0,1,13074,1,13074,21797,22516,23432,22516,11051,17277,11051,6499,8140,1,6390,17769,16063,18354,16943,12313,2692,8866,14690,12373,20822,4633,20912,2107,76,21429,1.0,11:33,2015,2016
2015-16,202684,Tristan Thompson,Tristan,1610612739,CLE,Cleveland Cavaliers,21500002,2015-10-27T00:00:00,CLE @ CHI,L,24.9,1.0,4.0,0.25,0.0,0.0,0.0,0.0,0.0,0.0,2.0,10.0,12.0,0.0,1.0,1.0,0.0,0.0,4.0,2.0,2.0,-6.0,18.4,0,0,16.0,1,13074,1,13074,11737,18695,18073,19755,11051,17277,11051,14161,15066,14161,3138,488,752,18354,9196,4706,8004,8866,1394,7786,20822,18431,12854,2107,76,13654,1.0,24:55,2015,2016
2015-16,2544,LeBron James,LeBron,1610612739,CLE,Cleveland Cavaliers,21500002,2015-10-27T00:00:00,CLE @ CHI,L,36.1,12.0,22.0,0.545,1.0,5.0,0.2,0.0,3.0,0.0,0.0,10.0,10.0,5.0,1.0,1.0,0.0,2.0,3.0,3.0,25.0,1.0,46.5,1,0,43.0,1,13074,1,13074,2697,217,346,7132,5519,2959,10165,14161,6741,14161,13060,488,1598,2408,9196,4706,8004,639,3976,4736,1116,11010,1137,1,76,1208,1.0,36:04,2015,2016
2015-16,2210,Richard Jefferson,Richard,1610612739,CLE,Cleveland Cavaliers,21500002,2015-10-27T00:00:00,CLE @ CHI,L,17.0,4.0,7.0,0.571,2.0,4.0,0.5,0.0,0.0,0.0,0.0,0.0,0.0,1.0,1.0,1.0,0.0,0.0,3.0,0.0,10.0,-5.0,13.5,0,0,15.0,1,13074,1,13074,18307,8539,12208,6087,2550,4617,3313,14161,15066,14161,13060,22257,23167,12251,9196,4706,8004,8866,3976,18762,10151,17477,16552,2107,76,14428,1.0,16:57,2015,2016
