group_set,player_id,player_name,nickname,team_id,team_abbreviation,age,gp,w,l,w_pct,min,fgm,fga,fg_pct,fg3m,fg3a,fg3_pct,ftm,fta,ft_pct,oreb,dreb,reb,ast,tov,stl,blk,blka,pf,pfd,pts,plus_minus,nba_fantasy_pts,dd2,td3,wnba_fantasy_pts,gp_rank,w_rank,l_rank,w_pct_rank,min_rank,fgm_rank,fga_rank,fg_pct_rank,fg3m_rank,fg3a_rank,fg3_pct_rank,ftm_rank,fta_rank,ft_pct_rank,oreb_rank,dreb_rank,reb_rank,ast_rank,tov_rank,stl_rank,blk_rank,blka_rank,pf_rank,pfd_rank,pts_rank,plus_minus_rank,nba_fantasy_pts_rank,dd2_rank,td3_rank,wnba_fantasy_pts_rank,team
Players,1626162,Kelly Oubre Jr.,Kelly,1610612755,PHI,28.0,5,1,4,0.2,21.45833333333333,4,7,0.571,0,1,0.0,0,0,0.0,1,0,1,0,0,0,0,1,6,0,8,-17,9.2,0,0,9.0,30,47,105,74,26,19,22,24,40,36,40,45,48,45,22,66,50,51,40,33,27,97,115,53,32,115,47,32,5,43,PHI
Players,203954,Joel Embiid,Joel,1610612755,PHI,30.0,5,1,4,0.2,26.071666666666665,4,14,0.286,0,4,0.0,6,7,0.857,2,2,4,3,1,3,1,2,5,5,14,-13,34.3,4,1,29.0,30,47,105,74,15,19,11,59,40,15,40,8,7,24,7,27,17,9,18,2,8,109,110,5,15,108,8,4,2,15,PHI
Players,201587,Nicolas Batum,Nicolas,1610612755,PHI,35.0,5,1,4,0.2,19.375,0,3,0.0,0,2,0.0,0,0,0.0,2,2,4,2,1,0,1,0,4,0,0,2,9.8,0,0,8.0,30,47,105,74,33,65,40,65,40,27,40,45,48,45,7,27,17,15,18,33,8,1,108,53,72,34,44,32,5,45,PHI
Players,1627741,Buddy Hield,Buddy,1610612755,PHI,31.0,1,0,1,0.0,1.935,0,1,0.0,0,1,0.0,0,0,0.0,0,1,1,0,0,0,0,0,0,0,0,-1,1.2,0,0,1.0,87,79,15,79,95,65,63,65,40,36,40,45,48,45,48,38,50,51,40,33,27,1,1,53,72,55,84,32,5,83,PHI
Players,1630178,Tyrese Maxey,Tyrese,1610612755,PHI,23.0,5,1,4,0.2,26.256666666666668,8,15,0.533,3,5,0.6,7,8,0.875,0,4,4,2,4,0,0,1,2,5,26,-13,29.8,1,0,35.0,30,47,105,74,14,5,7,30,3,9,15,3,6,23,48,11,17,15,4,33,27,97,80,5,3,108,14,17,5,7,PHI
Players,200768,Kyle Lowry,Kyle,1610612755,PHI,38.0,3,0,3,0.0,13.118333333333334,0,1,0.0,0,1,0.0,3,6,0.5,2,2,4,0,0,0,0,0,2,4,3,-13,7.8,0,0,7.0,47,79,91,79,36,65,63,65,40,36,40,19,12,40,7,27,17,51,40,33,27,1,80,14,46,108,52,32,5,49,PHI
Players,202699,Tobias Harris,Tobias,1610612755,PHI,31.0,5,1,4,0.2,23.06833333333333,0,2,0.0,0,1,0.0,2,2,1.0,1,3,4,1,0,0,0,0,3,1,2,-10,8.3,0,0,7.0,30,47,105,74,23,65,46,65,40,36,40,27,30,1,22,19,17,23,40,33,27,1,99,36,58,105,50,32,5,49,PHI
