group_set,player_id,player_name,nickname,team_id,team_abbreviation,age,gp,w,l,w_pct,min,fgm,fga,fg_pct,fg3m,fg3a,fg3_pct,ftm,fta,ft_pct,oreb,dreb,reb,ast,tov,stl,blk,blka,pf,pfd,pts,plus_minus,nba_fantasy_pts,dd2,td3,wnba_fantasy_pts,gp_rank,w_rank,l_rank,w_pct_rank,min_rank,fgm_rank,fga_rank,fg_pct_rank,fg3m_rank,fg3a_rank,fg3_pct_rank,ftm_rank,fta_rank,ft_pct_rank,oreb_rank,dreb_rank,reb_rank,ast_rank,tov_rank,stl_rank,blk_rank,blka_rank,pf_rank,pfd_rank,pts_rank,plus_minus_rank,nba_fantasy_pts_rank,dd2_rank,td3_rank,wnba_fantasy_pts_rank,team
Players,201566,Russell Westbrook,Russell,1610612746,LAC,35.0,2,1,1,0.5,1.94,0,0,0.0,0,0,0.0,0,0,0.0,0,0,0,0,0,0,0,0,0,0,0,-8,0.0,0,0,0.0,61,47,15,41,94,65,83,65,40,65,40,45,48,45,48,66,77,51,40,33,27,1,1,53,72,95,92,32,5,92,LAC
Players,1629611,Terance Mann,Terance,1610612746,LAC,27.0,2,1,1,0.5,5.326666666666667,0,0,0.0,0,0,0.0,0,0,0.0,0,0,0,0,0,0,0,0,0,0,0,6,0.0,0,0,0.0,61,47,15,41,80,65,83,65,40,65,40,45,48,45,48,66,77,51,40,33,27,1,1,53,72,26,92,32,5,92,LAC
Players,202331,Paul George,Paul,1610612746,LAC,34.0,2,1,1,0.5,7.035,1,1,1.0,1,1,1.0,3,5,0.6,0,0,0,1,0,0,1,0,1,2,6,1,10.5,0,0,10.0,61,47,15,41,69,41,63,1,17,36,1,19,17,38,48,66,77,23,40,33,8,1,50,27,36,42,42,32,5,40,LAC
Players,1629599,Amir Coffey,Amir,1610612746,LAC,27.0,1,1,0,1.0,1.7066666666666668,0,0,0.0,0,0,0.0,0,0,0.0,0,0,0,0,0,0,0,0,1,0,0,-4,0.0,0,0,0.0,87,47,1,1,96,65,83,65,40,65,40,45,48,45,48,66,77,51,40,33,27,1,50,53,72,82,92,32,5,92,LAC
Players,1626181,Norman Powell,Norman,1610612746,LAC,31.0,2,1,1,0.5,5.528333333333333,0,0,0.0,0,0,0.0,0,0,0.0,0,0,0,0,0,0,0,0,0,0,0,5,0.0,0,0,0.0,61,47,15,41,78,65,83,65,40,65,40,45,48,45,48,66,77,51,40,33,27,1,1,53,72,30,92,32,5,92,LAC
Players,202695,Kawhi Leonard,Kawhi,1610612746,LAC,33.0,1,0,1,0.0,2.05,1,1,1.0,0,0,0.0,0,0,0.0,0,0,0,0,0,0,0,0,1,0,2,-7,2.0,0,0,2.0,87,79,15,79,93,41,63,1,40,65,40,45,48,45,48,66,77,51,40,33,27,1,50,53,58,91,79,32,5,76,LAC
Players,1627826,Ivica Zubac,Ivica,1610612746,LAC,27.0,2,1,1,0.5,4.553333333333334,1,1,1.0,0,0,0.0,0,0,0.0,0,2,2,0,0,0,0,0,0,0,2,11,4.4,1,0,4.0,61,47,15,41,83,41,63,1,40,65,40,45,48,45,48,27,41,51,40,33,27,1,1,53,58,15,66,17,5,68,LAC
Players,201935,James Harden,James,1610612746,LAC,34.0,2,1,1,0.5,7.035,5,6,0.833,0,0,0.0,3,3,1.0,0,1,1,1,0,0,0,0,2,2,13,1,15.7,0,0,15.0,61,47,15,41,69,11,27,16,40,65,40,19,26,1,48,38,50,23,40,33,27,1,80,27,20,42,31,32,5,29,LAC
