group_set,player_id,player,nickname,team_id,team,age,gp,w,l,w_pct,min,fgm,fga,fg_pct,fg3m,fg3a,fg3_pct,ftm,fta,ft_pct,oreb,dreb,reb,ast,tov,stl,blk,blka,pf,pfd,pts,plus_minus,nba_fantasy_pts,dd2,td3,wnba_fantasy_pts,gp_rank,w_rank,l_rank,w_pct_rank,min_rank,fgm_rank,fga_rank,fg_pct_rank,fg3m_rank,fg3a_rank,fg3_pct_rank,ftm_rank,fta_rank,ft_pct_rank,oreb_rank,dreb_rank,reb_rank,ast_rank,tov_rank,stl_rank,blk_rank,blka_rank,pf_rank,pfd_rank,pts_rank,plus_minus_rank,nba_fantasy_pts_rank,dd2_rank,td3_rank,wnba_fantasy_pts_rank
Players,1631260,AJ Green,AJ,1610612749,MIL,25.0,1,0,1,0.0,9.9,1,1,1.0,1,1,1.0,0,0,0.0,0,0,0,0,0,0,0,0,1,0,3,-1,3.0,0,0,4.0,100,84,10,84,51,49,77,1,17,50,1,48,50,48,42,69,77,49,44,26,28,1,57,59,50,55,75,40,5,65
Players,1626171,Bobby Portis,Bobby,1610612749,MIL,30.0,2,0,2,0.0,12.166666666666666,0,2,0.0,0,1,0.0,0,0,0.0,1,0,1,1,0,0,0,1,1,0,0,-4,2.7,2,0,2.0,76,84,66,84,42,70,58,70,47,50,47,48,50,48,15,69,48,24,44,26,28,102,57,59,79,81,82,11,5,80
Players,203081,Damian Lillard,Damian,1610612749,MIL,34.0,1,0,1,0.0,2.2666666666666666,1,1,1.0,1,1,1.0,0,0,0.0,0,0,0,0,0,0,0,0,0,0,3,-3,3.0,0,0,4.0,100,84,10,84,101,49,77,1,17,50,1,48,50,48,42,69,77,49,44,26,28,1,1,59,50,75,75,40,5,65
Players,1629018,Gary Trent Jr.,Gary,1610612749,MIL,26.0,2,0,2,0.0,12.166666666666666,5,8,0.625,5,7,0.714,0,0,0.0,0,1,1,0,2,0,0,1,1,0,15,-4,14.2,0,0,21.0,76,84,66,84,42,11,18,26,1,4,17,48,50,48,42,40,48,49,8,26,28,102,57,59,11,81,31,40,5,20
Players,203507,Giannis Antetokounmpo,Giannis,1610612749,MIL,30.0,2,0,2,0.0,12.166666666666666,2,6,0.333,0,1,0.0,1,3,0.333,1,6,7,3,1,0,1,0,1,2,5,-4,19.9,2,1,17.0,76,84,66,84,42,30,25,50,47,50,47,34,21,46,15,5,7,9,14,26,8,1,57,20,38,81,22,11,1,26
Players,1629645,Kevin Porter Jr.,Kevin,1610612749,MIL,25.0,1,0,1,0.0,9.9,0,2,0.0,0,1,0.0,0,0,0.0,0,0,0,2,1,0,0,0,0,0,0,-1,2.0,0,0,2.0,100,84,10,84,51,70,58,70,47,50,47,48,50,48,42,69,77,14,14,26,28,1,1,59,79,55,88,40,5,80
Players,1628398,Kyle Kuzma,Kyle,1610612749,MIL,29.0,1,0,1,0.0,2.2666666666666666,0,0,0.0,0,0,0.0,0,0,0.0,1,0,1,0,0,0,0,0,0,0,0,-3,1.2,0,0,1.0,100,84,10,84,101,70,92,70,47,70,47,48,50,48,15,69,48,49,44,26,28,1,1,59,79,75,95,40,5,92
