group_set,player_id,player,nickname,team_id,team,age,gp,w,l,w_pct,min,fgm,fga,fg_pct,fg3m,fg3a,fg3_pct,ftm,fta,ft_pct,oreb,dreb,reb,ast,tov,stl,blk,blka,pf,pfd,pts,plus_minus,nba_fantasy_pts,dd2,td3,wnba_fantasy_pts,gp_rank,w_rank,l_rank,w_pct_rank,min_rank,fgm_rank,fga_rank,fg_pct_rank,fg3m_rank,fg3a_rank,fg3_pct_rank,ftm_rank,fta_rank,ft_pct_rank,oreb_rank,dreb_rank,reb_rank,ast_rank,tov_rank,stl_rank,blk_rank,blka_rank,pf_rank,pfd_rank,pts_rank,plus_minus_rank,nba_fantasy_pts_rank,dd2_rank,td3_rank,wnba_fantasy_pts_rank
Players,1641748,Andre Jackson Jr.,Andre,1610612749,MIL,22.0,1,0,1,0.0,0.1083333333333333,0,0,0.0,0,0,0.0,0,0,0.0,0,0,0,0,0,0,0,0,0,0,0,-3,0.0,0,0,0.0,87,79,15,79,113,65,83,65,40,65,40,45,48,45,48,66,77,51,40,33,27,1,1,53,72,74,92,32,5,92
Players,1626171,Bobby Portis,Bobby,1610612749,MIL,29.0,1,0,1,0.0,10.233333333333333,1,1,1.0,1,1,1.0,0,0,0.0,0,2,2,0,0,0,1,0,0,0,3,-1,8.4,1,0,8.0,87,79,15,79,46,41,63,1,17,36,1,45,48,45,48,27,41,51,40,33,8,1,1,53,46,55,49,17,5,45
Players,201572,Brook Lopez,Brook,1610612749,MIL,36.0,1,0,1,0.0,10.148333333333332,0,2,0.0,0,0,0.0,0,0,0.0,0,0,0,1,0,0,0,1,0,0,0,2,1.5,0,0,1.0,87,79,15,79,48,65,46,65,40,65,40,45,48,45,48,66,77,23,40,33,27,97,1,53,72,34,82,32,5,83
Players,203081,Damian Lillard,Damian,1610612749,MIL,33.0,1,0,1,0.0,10.125,0,2,0.0,0,1,0.0,2,2,1.0,0,1,1,1,0,1,0,0,1,2,2,2,7.7,0,0,6.0,87,79,15,79,49,65,46,65,40,36,40,27,30,1,48,38,50,23,40,9,27,1,50,27,58,34,53,32,5,56
Players,203114,Khris Middleton,Khris,1610612749,MIL,32.0,1,0,1,0.0,10.233333333333333,5,9,0.556,2,3,0.667,2,2,1.0,0,3,3,1,1,0,0,0,2,1,14,-1,18.1,1,0,20.0,87,79,15,79,46,11,16,27,9,21,14,27,30,1,48,19,29,23,18,33,27,1,80,36,15,55,26,17,5,24
Players,1626192,Pat Connaughton,Pat,1610612749,MIL,31.0,1,0,1,0.0,0.24,0,0,0.0,0,0,0.0,0,0,0.0,0,0,0,0,0,0,0,0,0,0,0,0,0.0,0,0,0.0,87,79,15,79,108,65,83,65,40,65,40,45,48,45,48,66,77,51,40,33,27,1,1,53,72,46,92,32,5,92
Players,201976,Patrick Beverley,Patrick,1610612749,MIL,35.0,1,0,1,0.0,10.078333333333331,0,0,0.0,0,0,0.0,0,0,0.0,0,0,0,0,0,0,0,0,3,0,0,-4,0.0,0,0,0.0,87,79,15,79,50,65,83,65,40,65,40,45,48,45,48,66,77,51,40,33,27,1,99,53,72,82,92,32,5,92
