group_set,player_id,player_name,nickname,team_id,team_abbreviation,age,gp,w,l,w_pct,min,fgm,fga,fg_pct,fg3m,fg3a,fg3_pct,ftm,fta,ft_pct,oreb,dreb,reb,ast,tov,stl,blk,blka,pf,pfd,pts,plus_minus,nba_fantasy_pts,dd2,td3,wnba_fantasy_pts,gp_rank,w_rank,l_rank,w_pct_rank,min_rank,fgm_rank,fga_rank,fg_pct_rank,fg3m_rank,fg3a_rank,fg3_pct_rank,ftm_rank,fta_rank,ft_pct_rank,oreb_rank,dreb_rank,reb_rank,ast_rank,tov_rank,stl_rank,blk_rank,blka_rank,pf_rank,pfd_rank,pts_rank,plus_minus_rank,nba_fantasy_pts_rank,dd2_rank,td3_rank,wnba_fantasy_pts_rank,team
Players,2544,LeBron James,LeBron,1610612747,LAL,40.0,3,0,3,0.0,10.5,1,4,0.25,1,3,0.333,0,0,0.0,0,0,0,1,1,0,2,0,1,1,3,-20,9.5,2,0,9.0,56,84,89,84,45,49,36,60,17,20,31,48,50,48,42,69,77,24,14,26,2,1,57,39,50,126,43,11,5,43,LAL
Players,1629029,Luka Dončić,Luka,1610612747,LAL,26.0,3,0,3,0.0,10.5,1,5,0.2,0,2,0.0,0,0,0.0,0,1,1,2,0,0,0,0,1,1,2,-20,6.2,0,0,5.0,56,84,89,84,45,49,30,66,47,34,47,48,50,48,42,40,48,14,44,26,28,1,57,39,65,126,54,40,5,57,LAL
Players,1629216,Gabe Vincent,Gabe,1610612747,LAL,28.0,1,0,1,0.0,1.4166666666666667,0,0,0.0,0,0,0.0,0,0,0.0,0,0,0,0,0,0,0,0,0,0,0,-4,0.0,0,0,0.0,100,84,10,84,111,70,92,70,47,70,47,48,50,48,42,69,77,49,44,26,28,1,1,59,79,81,106,40,5,106,LAL
Players,1630559,Austin Reaves,Austin,1610612747,LAL,27.0,3,0,3,0.0,10.5,1,4,0.25,1,4,0.25,0,1,0.0,0,3,3,1,0,0,0,0,1,1,3,-20,8.1,0,0,8.0,56,84,89,84,45,49,36,60,17,14,39,48,41,48,42,21,30,24,44,26,28,1,57,39,50,126,49,40,5,48,LAL
Players,1629060,Rui Hachimura,Rui,1610612747,LAL,27.0,3,0,3,0.0,10.5,1,2,0.5,1,2,0.5,0,0,0.0,1,0,1,0,0,0,0,0,3,0,3,-20,4.2,0,0,5.0,56,84,89,84,45,49,58,30,17,34,23,48,50,48,15,69,48,49,44,26,28,1,115,59,50,126,66,40,5,57,LAL
Players,1627827,Dorian Finney-Smith,Dorian,1610612747,LAL,32.0,2,0,2,0.0,7.333333333333333,1,1,1.0,1,1,1.0,0,0,0.0,0,1,1,0,0,0,0,0,0,0,3,-14,4.2,0,0,5.0,76,84,66,84,59,49,77,1,17,50,1,48,50,48,42,40,48,49,44,26,28,1,1,59,50,122,66,40,5,57,LAL
Players,1628467,Maxi Kleber,Maxi,1610612747,LAL,33.0,1,0,1,0.0,1.75,0,0,0.0,0,0,0.0,0,0,0.0,0,0,0,0,1,0,0,0,0,1,0,-2,-1.0,0,0,0.0,100,84,10,84,108,70,92,70,47,70,47,48,50,48,42,69,77,49,14,26,28,1,1,39,79,69,127,40,5,106,LAL
