group_set,player_id,player_name,nickname,team_id,team_abbreviation,age,gp,w,l,w_pct,min,pts_off_tov,pts_2nd_chance,pts_fb,pts_paint,opp_pts_off_tov,opp_pts_2nd_chance,opp_pts_fb,opp_pts_paint,blk,blka,pf,pfd,nba_fantasy_pts,gp_rank,w_rank,l_rank,w_pct_rank,min_rank,pts_off_tov_rank,pts_2nd_chance_rank,pts_fb_rank,pts_paint_rank,opp_pts_off_tov_rank,opp_pts_2nd_chance_rank,opp_pts_fb_rank,opp_pts_paint_rank,blk_rank,blka_rank,pf_rank,pfd_rank,nba_fantasy_pts_rank,team
Players,1628401,Derrick White,Derrick,1610612738,BOS,27.0,7,4,3,0.571,20.08,0,0,0,2,7,4,0,8,0,0,3,0,8.5,12,10,99,46,19,27,25,9,27,122,90,1,70,28,1,118,57,50,BOS
Players,1628369,Jayson Tatum,Jayson,1610612738,BOS,24.0,12,7,5,0.583,29.616666666666667,0,2,0,6,13,6,3,16,0,0,2,4,18.0,1,1,133,43,8,27,13,9,7,131,117,119,115,28,1,99,6,19,BOS
Players,1627759,Jaylen Brown,Jaylen,1610612738,BOS,25.0,12,7,5,0.583,32.541666666666664,0,0,2,4,13,6,3,16,1,0,5,4,23.8,1,1,133,43,3,27,25,5,13,131,117,119,115,5,1,135,6,10,BOS
Players,1628464,Daniel Theis,Daniel,1610612738,BOS,30.0,1,1,0,1.0,0.6333333333333333,0,0,0,0,0,0,0,0,0,0,1,0,0.0,106,63,1,1,115,27,25,9,54,1,1,1,1,28,1,60,57,104,BOS
Players,1629684,Grant Williams,Grant,1610612738,BOS,23.0,8,4,4,0.5,14.4,0,0,0,0,12,2,3,8,1,0,3,0,5.4,8,10,123,51,31,27,25,9,54,129,47,119,70,5,1,118,57,69,BOS
Players,203935,Marcus Smart,Marcus,1610612738,BOS,28.0,11,6,5,0.545,31.78833333333333,3,0,0,4,15,6,3,16,1,2,2,11,25.8,4,4,133,50,4,5,25,9,13,135,117,119,115,5,130,99,2,8,BOS
Players,201143,Al Horford,Al,1610612738,BOS,36.0,12,7,5,0.583,31.02166666666667,3,6,3,8,15,4,3,14,0,2,4,0,33.8,1,1,133,43,5,5,2,2,5,135,90,119,110,28,130,131,57,4,BOS
Players,1629057,Robert Williams III,Robert,1610612738,BOS,24.0,2,0,2,0.0,1.6933333333333334,0,0,0,0,0,2,0,2,0,0,0,0,1.2,80,105,62,105,108,27,25,9,54,1,47,1,27,28,1,1,57,95,BOS
Players,1630202,Payton Pritchard,Payton,1610612738,BOS,24.0,3,2,1,0.667,1.4166666666666667,0,0,0,0,0,0,0,0,0,0,0,0,0.0,57,40,21,29,109,27,25,9,54,1,1,1,1,28,1,1,57,104,BOS
