group_set,player_id,player_name,nickname,team_id,team_abbreviation,age,gp,w,l,w_pct,min,fgm,fga,fg_pct,fg3m,fg3a,fg3_pct,ftm,fta,ft_pct,oreb,dreb,reb,ast,tov,stl,blk,blka,pf,pfd,pts,plus_minus,nba_fantasy_pts,dd2,td3,wnba_fantasy_pts,gp_rank,w_rank,l_rank,w_pct_rank,min_rank,fgm_rank,fga_rank,fg_pct_rank,fg3m_rank,fg3a_rank,fg3_pct_rank,ftm_rank,fta_rank,ft_pct_rank,oreb_rank,dreb_rank,reb_rank,ast_rank,tov_rank,stl_rank,blk_rank,blka_rank,pf_rank,pfd_rank,pts_rank,plus_minus_rank,nba_fantasy_pts_rank,dd2_rank,td3_rank,wnba_fantasy_pts_rank,team
Players,202355,Hassan Whiteside,Hassan,1610612757,POR,31.0,1,1,0,1.0,1.9333333333333331,0,0,0.0,0,0,0.0,0,0,0.0,0,1,1,0,0,0,2,0,1,0,0,1,7.2,0,0,5.0,97,51,1,1,105,69,89,69,44,69,44,48,50,48,40,46,57,42,48,36,3,1,38,62,76,48,54,39,6,62,POR
Players,1629018,Gary Trent Jr.,Gary,1610612757,POR,21.0,2,1,1,0.5,4.681666666666667,2,2,1.0,2,2,1.0,0,0,0.0,0,1,1,0,0,0,0,0,1,0,6,6,7.2,0,0,9.0,80,51,11,45,82,27,55,1,5,39,1,48,50,48,40,46,57,42,48,36,25,1,38,62,33,26,54,39,6,44,POR
Players,1629014,Anfernee Simons,Anfernee,1610612757,POR,21.0,1,0,1,0.0,0.9,0,0,0.0,0,0,0.0,0,0,0.0,0,0,0,1,0,0,0,0,0,0,0,-1,1.5,0,0,1.0,97,95,11,95,109,69,89,69,44,69,44,48,50,48,40,76,82,27,48,36,25,1,1,62,76,59,81,39,6,84,POR
Players,203468,CJ McCollum,CJ,1610612757,POR,28.0,2,1,1,0.5,5.415,0,2,0.0,0,0,0.0,0,0,0.0,0,1,1,0,1,0,0,0,1,0,0,6,0.2,0,0,1.0,80,51,11,45,78,69,55,69,44,69,44,48,50,48,40,46,57,42,20,36,25,1,38,62,76,26,91,39,6,84,POR
Players,2546,Carmelo Anthony,Carmelo,1610612757,POR,36.0,2,1,1,0.5,5.415,1,1,1.0,1,1,1.0,0,0,0.0,0,2,2,1,0,0,0,0,0,0,3,6,6.9,1,0,7.0,80,51,11,45,78,43,73,1,20,51,1,48,50,48,40,31,38,27,48,36,25,1,1,62,49,26,57,18,6,54,POR
Players,1629117,Wenyen Gabriel,Wenyen,1610612757,POR,23.0,1,1,0,1.0,0.7333333333333333,0,0,0.0,0,0,0.0,0,0,0.0,0,0,0,0,0,0,0,0,0,0,0,0,0.0,0,0,0.0,97,51,1,1,112,69,89,69,44,69,44,48,50,48,40,76,82,42,48,36,25,1,1,62,76,51,93,39,6,93,POR
Players,203081,Damian Lillard,Damian,1610612757,POR,29.0,1,1,0,1.0,4.515,1,3,0.333,1,3,0.333,0,0,0.0,0,1,1,2,0,0,0,0,0,1,3,7,7.2,0,0,7.0,97,51,1,1,85,43,43,48,20,26,23,48,50,48,40,46,57,13,48,36,25,1,1,39,49,20,54,39,6,54,POR
Players,203994,Jusuf Nurkić,Jusuf,1610612757,POR,25.0,2,1,1,0.5,3.4816666666666665,1,1,1.0,0,0,0.0,0,0,0.0,0,1,1,0,2,0,0,0,1,1,2,5,1.2,2,0,3.0,80,51,11,45,92,43,73,1,44,69,44,48,50,48,40,46,57,42,10,36,25,1,38,39,61,32,84,10,6,69,POR
