group_set,player_id,player,nickname,team_id,team,age,gp,w,l,w_pct,min,fgm,fga,fg_pct,fg3m,fg3a,fg3_pct,ftm,fta,ft_pct,oreb,dreb,reb,ast,tov,stl,blk,blka,pf,pfd,pts,plus_minus,nba_fantasy_pts,dd2,td3,wnba_fantasy_pts,gp_rank,w_rank,l_rank,w_pct_rank,min_rank,fgm_rank,fga_rank,fg_pct_rank,fg3m_rank,fg3a_rank,fg3_pct_rank,ftm_rank,fta_rank,ft_pct_rank,oreb_rank,dreb_rank,reb_rank,ast_rank,tov_rank,stl_rank,blk_rank,blka_rank,pf_rank,pfd_rank,pts_rank,plus_minus_rank,nba_fantasy_pts_rank,dd2_rank,td3_rank,wnba_fantasy_pts_rank
Players,203932,Aaron Gordon,Aaron,1610612743,DEN,27.0,12,8,4,0.667,35.91,6,8,0.75,0,0,0.0,2,5,0.4,4,3,7,1,1,0,1,1,6,4,14,17,25.9,1,0,24.0,1,1,114,21,7,8,18,16,39,75,39,23,15,56,1,20,7,33,24,39,6,108,126,12,15,3,14,22,5,15
Players,1628971,Bruce Brown,Bruce,1610612743,DEN,26.0,8,5,3,0.625,15.476666666666668,1,2,0.5,0,1,0.0,4,4,1.0,1,5,6,0,1,1,1,0,0,2,6,15,18.2,0,0,16.0,15,11,98,35,38,50,63,30,39,49,39,13,16,1,18,8,13,54,24,9,6,1,1,22,35,5,31,41,5,32
Players,1631128,Christian Braun,Christian,1610612743,DEN,22.0,1,0,1,0.0,0.0216666666666666,0,0,0.0,0,0,0.0,0,0,0.0,0,0,0,0,0,0,0,0,0,0,0,-2,0.0,0,0,0.0,97,92,14,92,130,75,96,75,39,75,39,59,60,59,46,73,83,54,42,39,26,1,1,67,89,72,108,41,5,108
Players,1627750,Jamal Murray,Jamal,1610612743,DEN,26.0,12,8,4,0.667,35.931666666666665,4,11,0.364,1,6,0.167,11,13,0.846,0,2,2,8,1,1,0,0,2,6,20,15,36.4,2,0,33.0,1,1,114,21,5,14,9,54,21,8,37,2,2,36,46,30,36,2,24,9,26,1,91,5,6,5,5,12,5,6
Players,203484,Kentavious Caldwell-Pope,Kentavious,1610612743,DEN,30.0,11,7,4,0.636,27.75333333333333,4,5,0.8,2,3,0.667,2,2,1.0,0,4,4,1,0,1,1,0,1,1,12,7,24.3,0,0,23.0,4,4,114,32,17,14,32,13,8,21,9,23,32,1,46,12,20,33,42,9,6,1,50,36,18,24,19,41,5,18
Players,1629008,Michael Porter Jr.,Michael,1610612743,DEN,25.0,11,7,4,0.636,28.633333333333333,2,5,0.4,1,3,0.333,0,0,0.0,0,4,4,0,0,1,1,0,6,0,5,8,15.8,5,0,14.0,4,4,114,32,15,31,32,48,21,21,26,59,60,59,46,12,20,54,42,9,6,1,126,67,46,22,35,5,5,35
Players,203999,Nikola Jokić,Nikola,1610612743,DEN,28.0,12,8,4,0.667,35.931666666666665,11,28,0.393,1,6,0.167,10,13,0.769,4,7,11,9,3,2,0,2,3,12,33,15,62.7,11,6,58.0,1,1,114,21,5,2,1,53,21,8,37,3,2,39,1,4,4,1,5,4,26,125,113,2,2,5,1,1,1,2
