group_set,player_id,player,nickname,team_id,team,age,gp,w,l,w_pct,min,pts_off_tov,pts_2nd_chance,pts_fb,pts_paint,opp_pts_off_tov,opp_pts_2nd_chance,opp_pts_fb,opp_pts_paint,blk,blka,pf,pfd,nba_fantasy_pts,gp_rank,w_rank,l_rank,w_pct_rank,min_rank,pts_off_tov_rank,pts_2nd_chance_rank,pts_fb_rank,pts_paint_rank,opp_pts_off_tov_rank,opp_pts_2nd_chance_rank,opp_pts_fb_rank,opp_pts_paint_rank,blk_rank,blka_rank,pf_rank,pfd_rank,nba_fantasy_pts_rank
Players,201143,Al Horford,Al,1610612738,BOS,37.0,11,5,6,0.455,39.306666666666665,0,7,0,4,15,15,3,22,4,0,7,1,36.3,4,11,128,68,2,38,1,23,17,128,128,81,121,1,1,129,36,6
Players,1628401,Derrick White,Derrick,1610612738,BOS,28.0,6,2,4,0.333,12.463333333333331,0,2,0,2,0,8,0,4,0,0,3,3,5.2,22,37,114,76,48,38,15,23,28,1,111,1,37,26,1,113,15,74
Players,1629684,Grant Williams,Grant,1610612738,BOS,24.0,3,2,1,0.667,5.666666666666667,2,0,0,2,4,0,0,2,0,1,0,0,3.2,61,37,14,21,78,18,37,23,28,60,1,1,18,26,108,1,67,82
Players,1627759,Jaylen Brown,Jaylen,1610612738,BOS,26.0,10,4,6,0.4,39.09333333333333,0,1,0,0,15,15,3,22,0,2,2,1,20.9,9,14,128,71,3,38,35,23,57,128,128,81,121,26,125,91,36,24
Players,1628369,Jayson Tatum,Jayson,1610612738,BOS,25.0,11,5,6,0.455,39.52666666666666,0,0,0,6,15,15,3,22,1,3,3,8,46.4,4,11,128,68,1,38,37,23,14,128,128,81,121,6,131,113,3,3
Players,1627763,Malcolm Brogdon,Malcolm,1610612738,BOS,30.0,8,3,5,0.375,21.49,0,0,0,0,6,7,3,16,1,0,6,1,11.7,15,22,127,75,24,38,37,23,57,88,89,81,93,6,1,126,36,44
Players,203935,Marcus Smart,Marcus,1610612738,BOS,29.0,10,4,6,0.4,35.55,6,0,3,12,15,15,3,22,0,0,4,7,32.5,9,14,128,71,8,3,37,3,2,128,128,81,121,26,1,119,4,8
Players,1629057,Robert Williams III,Robert,1610612738,BOS,25.0,4,2,2,0.5,4.536666666666667,0,2,0,8,5,0,0,0,0,0,0,1,11.6,38,37,56,47,94,38,15,23,7,79,1,1,1,26,1,1,36,45
