group_set,player_id,player,nickname,team_id,team,age,gp,w,l,w_pct,min,fgm,fga,fg_pct,fg3m,fg3a,fg3_pct,ftm,fta,ft_pct,oreb,dreb,reb,ast,tov,stl,blk,blka,pf,pfd,pts,plus_minus,nba_fantasy_pts,dd2,td3,wnba_fantasy_pts,gp_rank,w_rank,l_rank,w_pct_rank,min_rank,fgm_rank,fga_rank,fg_pct_rank,fg3m_rank,fg3a_rank,fg3_pct_rank,ftm_rank,fta_rank,ft_pct_rank,oreb_rank,dreb_rank,reb_rank,ast_rank,tov_rank,stl_rank,blk_rank,blka_rank,pf_rank,pfd_rank,pts_rank,plus_minus_rank,nba_fantasy_pts_rank,dd2_rank,td3_rank,wnba_fantasy_pts_rank
Players,1627827,Dorian Finney-Smith,Dorian,1610612742,DAL,28.0,4,3,1,0.75,12.001666666666669,1,1,1.0,1,1,1.0,0,0,0.0,1,3,4,4,0,1,0,0,2,1,3,17,16.8,0,0,14.0,36,19,23,27,42,38,70,1,13,46,1,46,47,46,13,16,14,4,27,3,20,1,93,27,46,6,17,44,5,22
Players,203939,Dwight Powell,Dwight,1610612742,DAL,29.0,1,1,0,1.0,2.0416666666666665,0,0,0.0,0,0,0.0,0,0,0.0,1,0,1,0,1,0,0,0,1,0,0,0,0.2,0,0,1.0,97,54,1,1,100,73,91,73,36,66,36,46,47,46,13,73,56,39,11,22,20,1,58,63,85,56,105,44,5,95
Players,1626196,Josh Richardson,Josh,1610612742,DAL,27.0,2,2,0,1.0,0.82,0,0,0.0,0,0,0.0,5,5,1.0,0,1,1,0,0,0,0,0,0,3,5,5,6.2,0,0,6.0,75,35,1,1,111,73,91,73,36,66,36,9,10,1,40,44,56,39,27,22,20,1,1,11,31,33,56,44,5,55
Players,204001,Kristaps Porziņģis,Kristaps,1610612742,DAL,25.0,4,3,1,0.75,11.181666666666668,1,2,0.5,0,0,0.0,2,2,1.0,0,2,2,1,0,1,0,0,0,1,4,12,10.9,0,0,9.0,36,19,23,27,46,38,51,30,36,66,36,20,22,1,40,28,36,22,27,3,20,1,1,27,39,19,34,44,5,39
Players,1629029,Luka Dončić,Luka,1610612742,DAL,22.0,4,3,1,0.75,12.001666666666669,2,10,0.2,1,3,0.333,0,0,0.0,0,1,1,2,1,1,0,0,0,1,5,17,11.2,3,1,11.0,36,19,23,27,42,24,9,69,13,14,26,46,47,46,40,44,56,9,11,3,20,1,1,27,31,6,32,11,1,27
Players,1628467,Maxi Kleber,Maxi,1610612742,DAL,29.0,4,3,1,0.75,9.96,0,1,0.0,0,1,0.0,0,0,0.0,1,1,2,0,0,0,0,0,0,0,0,17,2.4,0,0,2.0,36,19,23,27,53,73,70,73,36,46,36,46,47,46,13,44,36,39,27,22,20,1,1,63,85,6,81,44,5,81
Players,203501,Tim Hardaway Jr.,Tim,1610612742,DAL,29.0,4,3,1,0.75,12.001666666666669,4,7,0.571,3,5,0.6,2,2,1.0,1,1,2,0,1,0,0,1,1,3,13,17,14.4,0,0,18.0,36,19,23,27,42,10,14,29,3,7,11,20,22,1,13,44,36,39,11,22,20,113,58,11,9,6,20,44,5,14
