group_set,player_id,player,nickname,team_id,team,age,gp,w,l,w_pct,min,pts_off_tov,pts_2nd_chance,pts_fb,pts_paint,opp_pts_off_tov,opp_pts_2nd_chance,opp_pts_fb,opp_pts_paint,blk,blka,pf,pfd,nba_fantasy_pts,gp_rank,w_rank,l_rank,w_pct_rank,min_rank,pts_off_tov_rank,pts_2nd_chance_rank,pts_fb_rank,pts_paint_rank,opp_pts_off_tov_rank,opp_pts_2nd_chance_rank,opp_pts_fb_rank,opp_pts_paint_rank,blk_rank,blka_rank,pf_rank,pfd_rank,nba_fantasy_pts_rank
Players,201933,Blake Griffin,Blake,1610612751,BKN,33.0,1,0,1,0.0,1.961666666666667,0,0,0,0,0,2,0,4,0,0,1,0,0.0,106,105,21,105,107,27,25,9,54,1,47,1,42,28,1,60,57,104
Players,1628971,Bruce Brown,Bruce,1610612751,BKN,25.0,4,0,4,0.0,7.868333333333333,0,0,0,0,2,4,0,14,0,0,2,0,0.0,41,105,123,105,74,27,25,9,54,74,90,1,110,28,1,99,57,104
Players,201609,Goran Dragic,Goran,1610612751,BKN,36.0,2,0,2,0.0,4.1866666666666665,0,0,0,0,0,2,0,10,0,0,1,0,0.0,80,105,62,105,102,27,25,9,54,1,47,1,90,28,1,60,57,104
Players,201142,Kevin Durant,Kevin,1610612751,BKN,33.0,4,0,4,0.0,9.635,2,0,0,0,2,4,0,16,0,0,2,4,8.2,41,105,123,105,65,12,25,9,54,74,90,1,115,28,1,99,6,51
Players,202681,Kyrie Irving,Kyrie,1610612751,BKN,30.0,3,0,3,0.0,9.555,0,0,0,0,2,4,0,16,1,0,1,1,10.4,57,105,99,105,66,27,25,9,54,74,90,1,115,5,1,60,32,43
Players,1629651,Nic Claxton,Nic,1610612751,BKN,23.0,3,0,3,0.0,6.846666666666667,0,0,0,0,2,2,0,10,0,0,0,1,0.0,57,105,99,105,78,27,25,9,54,74,47,1,90,28,1,1,32,104
Players,201988,Patty Mills,Patty,1610612751,BKN,33.0,2,0,2,0.0,0.19,0,0,0,0,0,0,0,0,0,0,1,0,0.0,80,105,62,105,122,27,25,9,54,1,1,1,1,28,1,60,57,104
Players,203552,Seth Curry,Seth,1610612751,BKN,31.0,4,0,4,0.0,7.931666666666667,0,0,0,0,2,2,0,10,0,0,0,0,2.4,41,105,123,105,73,27,25,9,54,74,47,1,90,28,1,1,57,90
