group_set,player_id,player_name,nickname,team_id,team_abbreviation,age,gp,w,l,w_pct,min,fgm,fga,fg_pct,fg3m,fg3a,fg3_pct,ftm,fta,ft_pct,oreb,dreb,reb,ast,tov,stl,blk,blka,pf,pfd,pts,plus_minus,nba_fantasy_pts,dd2,td3,wnba_fantasy_pts,gp_rank,w_rank,l_rank,w_pct_rank,min_rank,fgm_rank,fga_rank,fg_pct_rank,fg3m_rank,fg3a_rank,fg3_pct_rank,ftm_rank,fta_rank,ft_pct_rank,oreb_rank,dreb_rank,reb_rank,ast_rank,tov_rank,stl_rank,blk_rank,blka_rank,pf_rank,pfd_rank,pts_rank,plus_minus_rank,nba_fantasy_pts_rank,dd2_rank,td3_rank,wnba_fantasy_pts_rank,team
Players,1629651,Nic Claxton,Nic,1610612751,BKN,23.0,3,0,3,0.0,6.846666666666667,0,0,0.0,0,0,0.0,0,2,0.0,0,0,0,0,0,0,0,0,0,1,0,-9,0.0,0,0,0.0,57,105,99,105,78,75,93,75,42,69,42,42,25,42,38,84,88,55,40,28,28,1,1,32,83,120,104,37,2,104,BKN
Players,202681,Kyrie Irving,Kyrie,1610612751,BKN,30.0,3,0,3,0.0,9.555,2,6,0.333,1,1,1.0,0,0,0.0,0,2,2,0,0,0,1,0,1,1,5,-14,10.4,0,0,10.0,57,105,99,105,66,30,26,58,13,41,1,42,45,42,38,21,31,55,40,28,5,1,60,32,39,135,43,37,2,39,BKN
Players,1628971,Bruce Brown,Bruce,1610612751,BKN,25.0,4,0,4,0.0,7.868333333333333,0,0,0.0,0,0,0.0,0,0,0.0,0,0,0,0,0,0,0,0,2,0,0,-12,0.0,0,0,0.0,41,105,123,105,74,75,93,75,42,69,42,42,45,42,38,84,88,55,40,28,28,1,99,57,83,131,104,37,2,104,BKN
Players,201988,Patty Mills,Patty,1610612751,BKN,33.0,2,0,2,0.0,0.19,0,0,0.0,0,0,0.0,0,0,0.0,0,0,0,0,0,0,0,0,1,0,0,-3,0.0,0,0,0.0,80,105,62,105,122,75,93,75,42,69,42,42,45,42,38,84,88,55,40,28,28,1,60,57,83,87,104,37,2,104,BKN
Players,201609,Goran Dragic,Goran,1610612751,BKN,36.0,2,0,2,0.0,4.1866666666666665,0,1,0.0,0,1,0.0,0,0,0.0,0,0,0,0,0,0,0,0,1,0,0,-10,0.0,0,0,0.0,80,105,62,105,102,75,70,75,42,41,42,42,45,42,38,84,88,55,40,28,28,1,60,57,83,125,104,37,2,104,BKN
Players,201142,Kevin Durant,Kevin,1610612751,BKN,33.0,4,0,4,0.0,9.635,2,6,0.333,0,3,0.0,1,2,0.5,0,1,1,0,1,1,0,0,2,4,5,-15,8.2,0,0,8.0,41,105,123,105,65,30,26,58,42,21,42,31,25,31,38,43,53,55,8,2,28,1,99,6,39,136,51,37,2,51,BKN
Players,201933,Blake Griffin,Blake,1610612751,BKN,33.0,1,0,1,0.0,1.961666666666667,0,0,0.0,0,0,0.0,0,0,0.0,0,0,0,0,0,0,0,0,1,0,0,-2,0.0,0,0,0.0,106,105,21,105,107,75,93,75,42,69,42,42,45,42,38,84,88,55,40,28,28,1,60,57,83,78,104,37,2,104,BKN
Players,203552,Seth Curry,Seth,1610612751,BKN,31.0,4,0,4,0.0,7.931666666666667,0,0,0.0,0,0,0.0,0,0,0.0,0,2,2,0,0,0,0,0,0,0,0,-10,2.4,0,0,2.0,41,105,123,105,73,75,93,75,42,69,42,42,45,42,38,21,31,55,40,28,28,1,1,57,83,125,90,37,2,88,BKN
