group_set,player_id,player_name,nickname,team_id,team_abbreviation,age,gp,w,l,w_pct,min,fgm,fga,fg_pct,fg3m,fg3a,fg3_pct,ftm,fta,ft_pct,oreb,dreb,reb,ast,tov,stl,blk,blka,pf,pfd,pts,plus_minus,nba_fantasy_pts,dd2,td3,wnba_fantasy_pts,gp_rank,w_rank,l_rank,w_pct_rank,min_rank,fgm_rank,fga_rank,fg_pct_rank,fg3m_rank,fg3a_rank,fg3_pct_rank,ftm_rank,fta_rank,ft_pct_rank,oreb_rank,dreb_rank,reb_rank,ast_rank,tov_rank,stl_rank,blk_rank,blka_rank,pf_rank,pfd_rank,pts_rank,plus_minus_rank,nba_fantasy_pts_rank,dd2_rank,td3_rank,wnba_fantasy_pts_rank,team
Players,1629013,Landry Shamet,Landry,1610612746,LAC,22.0,2,2,0,1.0,8.2,1,1,1.0,1,1,1.0,0,0,0.0,0,0,0,0,0,1,0,0,0,1,3,8,6.0,0,0,6.0,71,36,1,1,56,51,66,1,19,39,1,47,47,47,43,66,72,54,48,10,28,1,1,35,56,25,60,42,5,58,LAC
Players,101150,Lou Williams,Lou,1610612746,LAC,32.0,2,2,0,1.0,8.385,5,6,0.833,1,1,1.0,3,5,0.6,1,0,1,1,1,0,0,1,0,3,14,6,15.7,2,0,17.0,71,36,1,1,54,14,30,17,19,39,1,17,12,38,27,66,49,28,26,38,28,98,1,17,15,29,34,12,5,30,LAC
Players,203210,JaMychal Green,JaMychal,1610612746,LAC,29.0,2,2,0,1.0,3.183333333333333,0,0,0.0,0,0,0.0,0,0,0.0,0,0,0,0,0,0,0,0,2,0,0,0,0.0,0,0,0.0,71,36,1,1,95,70,91,70,43,72,43,47,47,47,43,66,72,54,48,38,28,1,81,56,74,48,92,42,5,93,LAC
Players,202066,Garrett Temple,Garrett,1610612746,LAC,33.0,1,1,0,1.0,0.265,0,0,0.0,0,0,0.0,0,0,0.0,0,0,0,0,0,0,0,0,0,0,0,2,0.0,0,0,0.0,99,58,1,1,112,70,91,70,43,72,43,47,47,47,43,66,72,54,48,38,28,1,1,56,74,39,92,42,5,93,LAC
Players,201976,Patrick Beverley,Patrick,1610612746,LAC,30.0,2,2,0,1.0,4.3,0,1,0.0,0,1,0.0,0,0,0.0,0,0,0,0,1,1,0,0,1,1,0,2,2.0,1,0,2.0,71,36,1,1,92,70,66,70,43,39,43,47,47,47,43,66,72,54,26,10,28,1,56,35,74,39,84,18,5,83,LAC
Players,201568,Danilo Gallinari,Danilo,1610612746,LAC,30.0,2,2,0,1.0,5.8,0,1,0.0,0,1,0.0,0,0,0.0,0,0,0,0,0,0,0,0,0,0,0,6,0.0,0,0,0.0,71,36,1,1,77,70,66,70,43,39,43,47,47,47,43,66,72,54,48,38,28,1,1,56,74,29,92,42,5,93,LAC
Players,1628983,Shai Gilgeous-Alexander,Shai,1610612746,LAC,20.0,2,2,0,1.0,4.8,0,0,0.0,0,0,0.0,0,0,0.0,0,0,0,2,0,1,0,0,0,0,0,6,6.0,0,0,4.0,71,36,1,1,91,70,91,70,43,72,43,47,47,47,43,66,72,17,48,10,28,1,1,56,74,29,60,42,5,67,LAC
Players,1626149,Montrezl Harrell,Montrezl,1610612746,LAC,25.0,2,2,0,1.0,8.316666666666666,2,2,1.0,0,0,0.0,4,4,1.0,0,4,4,0,1,0,1,0,1,3,8,10,14.8,1,0,14.0,71,36,1,1,55,33,56,1,43,72,43,12,15,1,43,16,27,54,26,38,10,1,56,17,33,15,35,18,5,35,LAC
