group_set,player_id,player,nickname,team_id,team,age,gp,w,l,w_pct,min,fgm,fga,fg_pct,fg3m,fg3a,fg3_pct,ftm,fta,ft_pct,oreb,dreb,reb,ast,tov,stl,blk,blka,pf,pfd,pts,plus_minus,nba_fantasy_pts,dd2,td3,wnba_fantasy_pts,gp_rank,w_rank,l_rank,w_pct_rank,min_rank,fgm_rank,fga_rank,fg_pct_rank,fg3m_rank,fg3a_rank,fg3_pct_rank,ftm_rank,fta_rank,ft_pct_rank,oreb_rank,dreb_rank,reb_rank,ast_rank,tov_rank,stl_rank,blk_rank,blka_rank,pf_rank,pfd_rank,pts_rank,plus_minus_rank,nba_fantasy_pts_rank,dd2_rank,td3_rank,wnba_fantasy_pts_rank
Players,201143,Al Horford,Al,1610612738,BOS,38.0,6,6,0,1.0,24.15333333333333,2,5,0.4,2,5,0.4,0,0,0.0,0,5,5,1,1,0,1,0,0,0,6,26,15.5,0,0,16.0,19,1,1,1,18,34,32,48,9,9,27,45,48,45,48,5,12,23,18,33,8,1,1,53,36,2,33,32,5,28
Players,1628401,Derrick White,Derrick,1610612738,BOS,29.0,6,6,0,1.0,24.15333333333333,4,8,0.5,3,5,0.6,3,3,1.0,2,1,3,5,0,1,2,1,3,3,14,26,34.1,0,0,31.0,19,1,1,1,18,19,19,31,3,9,15,19,26,1,7,38,29,5,40,9,2,97,99,21,15,2,9,32,5,13
Players,1627759,Jaylen Brown,Jaylen,1610612738,BOS,27.0,6,6,0,1.0,24.15333333333333,7,13,0.538,2,4,0.5,2,2,1.0,1,4,5,1,1,2,1,1,0,5,18,26,33.5,0,0,32.0,19,1,1,1,18,8,13,29,9,15,19,27,30,1,22,11,12,23,18,5,8,97,1,5,11,2,10,32,5,10
Players,1628369,Jayson Tatum,Jayson,1610612738,BOS,26.0,6,6,0,1.0,23.786666666666665,5,17,0.294,1,7,0.143,5,5,1.0,3,5,8,3,3,2,0,2,3,5,16,28,33.1,5,0,32.0,19,1,1,1,22,11,5,58,17,6,38,11,17,1,3,5,4,9,5,5,27,109,99,5,14,1,11,3,5,10
Players,201950,Jrue Holiday,Jrue,1610612738,BOS,34.0,6,6,0,1.0,23.836666666666662,3,3,1.0,0,0,0.0,6,6,1.0,2,1,3,3,1,1,0,0,1,6,12,26,22.1,1,0,20.0,19,1,1,1,21,25,40,1,40,65,40,8,12,1,7,38,29,9,18,9,27,1,50,3,22,2,22,17,5,24
Players,1630214,Xavier Tillman,Xavier,1610612738,BOS,25.0,2,2,0,1.0,0.6833333333333333,0,0,0.0,0,0,0.0,0,0,0.0,0,0,0,0,0,0,0,0,0,0,0,-2,0.0,0,0,0.0,61,35,1,1,102,65,83,65,40,65,40,45,48,45,48,66,77,51,40,33,27,1,1,53,72,61,92,32,5,92
