season,player_id,player,nickname,team_id,team,team_name,game_id,game_date,matchup,wl,min,fgm,fga,fg_pct,fg3m,fg3a,fg3_pct,ftm,fta,ft_pct,oreb,dreb,reb,ast,tov,stl,blk,blka,pf,pfd,pts,plus_minus,nba_fantasy_pts,dd2,td3,wnba_fantasy_pts,gp_rank,w_rank,l_rank,w_pct_rank,min_rank,fgm_rank,fga_rank,fg_pct_rank,fg3m_rank,fg3a_rank,fg3_pct_rank,ftm_rank,fta_rank,ft_pct_rank,oreb_rank,dreb_rank,reb_rank,ast_rank,tov_rank,stl_rank,blk_rank,blka_rank,pf_rank,pfd_rank,pts_rank,plus_minus_rank,nba_fantasy_pts_rank,dd2_rank,td3_rank,wnba_fantasy_pts_rank,available_flag,min_sec,season_start,season_end
,1641854,Craig Porter Jr.,Craig,1610612739,CLE,,22401189,,,,42.8,7.0,19.0,0.368,4.0,9.0,0.444,2.0,4.0,0.5,1.0,4.0,5.0,5.0,7.0,0.0,2.0,6.0,2.0,2.0,20.0,-22.0,32.5,0,0,38.0,1,13222,1,13222,175,3730,1432,16823,1130,1295,7211,6020,3754,10625,6876,6429,7268,3273,46,12854,808,2,7392,6956,3676,25445,5950,2246,150,3270,1,,2024,2025
,202684,Tristan Thompson,Tristan,1610612739,CLE,,22401189,,,,42.7,1.0,4.0,0.25,0.0,0.0,0.0,1.0,6.0,0.167,2.0,18.0,20.0,1.0,3.0,1.0,2.0,0.0,3.0,4.0,3.0,-25.0,34.5,0,0,30.0,1,13222,1,13222,182,19033,18231,20233,15070,20945,15070,10215,1898,13500,3306,5,21,14293,2037,5025,808,8846,3404,2493,19913,25842,5098,2246,150,6431,1,,2024,2025
,1641772,Nae'Qwan Tomlin,Nae'Qwan,1610612739,CLE,,22401189,,,,46.8,8.0,21.0,0.381,2.0,8.0,0.25,6.0,8.0,0.75,6.0,6.0,12.0,2.0,1.0,0.0,1.0,2.0,6.0,6.0,24.0,9.0,43.4,1,0,42.0,1,13222,1,13222,26,2561,817,16250,4949,2050,11902,1180,912,8186,185,2943,760,9909,8788,12854,2537,601,1,792,2129,5125,2393,1,150,2239,1,,2024,2025
,1641734,Emoni Bates,Emoni,1610612739,CLE,,22401189,,,,41.8,9.0,19.0,0.474,7.0,15.0,0.467,0.0,0.0,0.0,0.0,6.0,6.0,2.0,2.0,0.0,1.0,0.0,2.0,0.0,25.0,-22.0,36.2,0,0,42.0,1,13222,1,13222,267,1688,1432,12072,76,51,7108,13505,14344,13505,14058,2943,5362,9909,4442,12854,2537,8846,7392,17725,1828,25445,4424,2246,150,2239,1,,2024,2025
,1642281,Jaylon Tyson,Jaylon,1610612739,CLE,,22401189,,,,46.0,12.0,25.0,0.48,4.0,12.0,0.333,3.0,4.0,0.75,3.0,4.0,7.0,4.0,5.0,3.0,1.0,1.0,3.0,6.0,31.0,0.0,52.4,0,0,54.0,1,13222,1,13222,35,421,226,11962,1130,299,9209,4159,3754,8186,1615,6429,3946,4780,387,473,2537,2383,3404,792,685,12240,888,2246,150,548,1,,2024,2025
,1629750,Javonte Green,Javonte,1610612739,CLE,,22401189,,,,19.8,4.0,12.0,0.333,0.0,5.0,0.0,0.0,0.0,0.0,2.0,1.0,3.0,2.0,0.0,2.0,1.0,0.0,5.0,2.0,8.0,17.0,23.6,0,0,19.0,1,13222,1,13222,16192,9611,5979,17395,15070,6354,15070,13505,14344,13505,3306,17569,12778,9909,16469,1671,2537,8846,217,6956,13544,1948,10799,2246,150,12913,1,,2024,2025
,1628386,Jarrett Allen,Jarrett,1610612739,CLE,,22401189,,,,0.7,0.0,1.0,0.0,0.0,1.0,0.0,0.0,0.0,0.0,0.0,0.0,0.0,1.0,0.0,0.0,0.0,0.0,1.0,0.0,0.0,2.0,1.5,0,0,1.0,1,13222,1,13222,26167,22635,23259,22635,15070,17631,15070,13505,14344,13505,14058,22137,23286,14293,16469,12854,8263,8846,13332,17725,23200,10285,24554,2246,150,24667,1,,2024,2025
,1631247,Luke Travers,Luke,1610612739,CLE,,22401189,,,,27.7,2.0,9.0,0.222,0.0,5.0,0.0,0.0,0.0,0.0,3.0,5.0,8.0,2.0,3.0,0.0,0.0,1.0,1.0,0.0,4.0,-1.0,13.6,0,0,14.0,1,13222,1,13222,9821,15612,9700,21205,15070,6354,15070,13505,14344,13505,1615,4392,2934,9909,2037,12854,8263,2383,13332,17725,18599,13450,17296,2246,150,16370,1,,2024,2025
,1629643,Chuma Okeke,Chuma,1610612739,CLE,,22401189,,,,21.9,1.0,5.0,0.2,1.0,5.0,0.2,0.0,0.0,0.0,1.0,3.0,4.0,2.0,0.0,0.0,1.0,0.0,0.0,0.0,3.0,2.0,13.8,0,0,12.0,1,13222,1,13222,14613,19033,16437,21401,8896,6354,13429,13505,14344,13505,6876,9417,9701,9909,16469,12854,2537,8846,20257,17725,19913,10285,17150,2246,150,17796,1,,2024,2025
,1629750,Javonte Green,Javonte,1610612739,CLE,,22401175,,,,7.3,1.0,4.0,0.25,0.0,2.0,0.0,0.0,0.0,0.0,0.0,2.0,2.0,0.0,0.0,0.0,0.0,0.0,0.0,0.0,2.0,-4.0,4.4,0,0,4.0,1,1,13086,1,23075,19033,18231,20233,15070,14411,15070,13505,14344,13505,14058,13151,16273,19908,16469,12854,8263,8846,20257,17725,21232,16449,23001,2246,150,22929,1,,2024,2025
,1629731,Dean Wade,Dean,1610612739,CLE,,22401175,,,,26.7,0.0,2.0,0.0,0.0,1.0,0.0,1.0,2.0,0.5,0.0,2.0,2.0,0.0,1.0,0.0,0.0,0.0,2.0,1.0,1.0,2.0,2.4,0,0,3.0,1,1,13086,1,10564,22635,21660,22635,15070,17631,15070,10215,7446,10625,14058,13151,16273,19908,8788,12854,8263,8846,7392,11254,22996,10285,24155,2246,150,23533,1,,2024,2025
,1630171,Isaac Okoro,Isaac,1610612739,CLE,,22401175,,,,27.4,6.0,9.0,0.667,3.0,3.0,1.0,0.0,0.0,0.0,2.0,3.0,5.0,1.0,0.0,1.0,0.0,0.0,4.0,0.0,15.0,9.0,25.5,0,0,26.0,1,1,13086,1,9997,5250,9700,3281,2458,11494,1,13505,14344,13505,3306,9417,7268,14293,16469,5025,8263,8846,1150,17725,6813,5125,9681,2246,150,8551,1,,2024,2025
,1641854,Craig Porter Jr.,Craig,1610612739,CLE,,22401175,,,,21.2,4.0,5.0,0.8,0.0,0.0,0.0,3.0,3.0,1.0,3.0,2.0,5.0,1.0,2.0,1.0,0.0,0.0,2.0,2.0,11.0,-13.0,19.5,0,0,19.0,1,1,13086,1,15170,9611,16437,1688,15070,20945,15070,4159,6038,1,1615,13151,7268,14293,4442,5025,8263,8846,7392,6956,10323,22771,13445,2246,150,12913,1,,2024,2025
,1630596,Evan Mobley,Evan,1610612739,CLE,,22401175,,,,35.2,3.0,10.0,0.3,1.0,5.0,0.2,9.0,14.0,0.643,4.0,6.0,10.0,2.0,2.0,1.0,0.0,0.0,2.0,7.0,16.0,-5.0,32.0,1,0,31.0,1,1,13086,1,3348,12449,8304,19363,8896,6354,13429,318,68,10250,785,2943,1549,9909,4442,5025,8263,8846,7392,426,6070,17436,6182,1,150,5932,1,,2024,2025
,1629622,Max Strus,Max,1610612739,CLE,,22401175,,,,34.8,7.0,15.0,0.467,5.0,12.0,0.417,0.0,0.0,0.0,0.0,5.0,5.0,3.0,5.0,0.0,2.0,1.0,2.0,1.0,19.0,-4.0,30.5,0,0,36.0,1,1,13086,1,3585,3730,3491,12249,492,299,7826,13505,14344,13505,14058,4392,7268,6913,387,12854,808,2383,7392,11254,4202,16449,6930,2246,150,3901,1,,2024,2025
,1642281,Jaylon Tyson,Jaylon,1610612739,CLE,,22401175,,,,21.8,3.0,9.0,0.333,1.0,3.0,0.333,0.0,0.0,0.0,1.0,4.0,5.0,1.0,1.0,1.0,0.0,1.0,3.0,0.0,7.0,3.0,16.5,0,0,16.0,1,1,13086,1,14669,12449,9700,17395,8896,11494,9209,13505,14344,13505,6876,6429,7268,14293,8788,5025,8263,2383,3404,17725,14857,9394,15409,2246,150,14948,1,,2024,2025
,1628386,Jarrett Allen,Jarrett,1610612739,CLE,,22401175,,,,32.8,4.0,6.0,0.667,0.0,0.0,0.0,3.0,4.0,0.75,3.0,10.0,13.0,2.0,1.0,1.0,0.0,0.0,1.0,2.0,11.0,21.0,31.6,1,0,28.0,1,1,13086,1,5298,9611,14618,3281,15070,20945,15070,4159,3754,8186,1615,483,534,9909,8788,5025,8263,8846,13332,6956,10323,1041,6373,1,150,7475,1,,2024,2025
,1629636,Darius Garland,Darius,1610612739,CLE,,22401175,,,,32.8,10.0,17.0,0.588,1.0,5.0,0.2,5.0,7.0,0.714,0.0,2.0,2.0,13.0,3.0,2.0,0.0,0.0,1.0,5.0,26.0,21.0,50.9,1,0,46.0,1,1,13086,1,5314,1099,2289,6229,8896,6354,13429,1817,1377,9244,14058,13151,16273,90,2037,1671,8263,8846,13332,1447,1579,1041,1061,1,150,1461,1,,2024,2025
,1629631,De'Andre Hunter,De'Andre,1610612739,CLE,,22401168,,,,31.6,9.0,19.0,0.474,3.0,7.0,0.429,2.0,2.0,1.0,1.0,10.0,11.0,2.0,3.0,2.0,1.0,1.0,3.0,2.0,23.0,18.0,45.2,1,0,45.0,1,13222,1,13222,6299,1688,1432,12072,2458,3100,7394,6020,7446,1,6876,483,1106,9909,2037,1671,2537,2383,3404,6956,2434,1677,1968,1,150,1626,1,,2024,2025
,1630241,Sam Merrill,Sam,1610612739,CLE,,22401168,,,,29.0,5.0,9.0,0.556,5.0,8.0,0.625,0.0,0.0,0.0,0.0,3.0,3.0,4.0,0.0,1.0,1.0,2.0,3.0,2.0,15.0,-2.0,30.6,0,0,31.0,1,13222,1,13222,8713,7242,9700,7248,492,2050,2868,13505,14344,13505,14058,9417,12778,4780,16469,5025,2537,601,3404,6956,6813,14448,6876,2246,150,5932,1,,2024,2025
,1629660,Ty Jerome,Ty,1610612739,CLE,,22401168,,,,25.7,9.0,16.0,0.563,4.0,6.0,0.667,2.0,2.0,1.0,1.0,1.0,2.0,6.0,2.0,0.0,1.0,0.0,1.0,4.0,24.0,13.0,36.4,0,0,38.0,1,13222,1,13222,11386,1688,2836,7127,1130,4502,1957,6020,7446,1,6876,17569,16273,2199,4442,12854,2537,8846,13332,2493,2129,3250,4356,2246,150,3270,1,,2024,2025
,1628386,Jarrett Allen,Jarrett,1610612739,CLE,,22401168,,,,15.9,1.0,4.0,0.25,0.0,0.0,0.0,1.0,2.0,0.5,3.0,7.0,10.0,1.0,0.0,0.0,0.0,1.0,0.0,1.0,3.0,-3.0,16.5,0,0,14.0,1,13222,1,13222,18998,19033,18231,20233,15070,20945,15070,10215,7446,10625,1615,1947,1549,14293,16469,12854,8263,2383,20257,11254,19913,15511,15409,2246,150,16370,1,,2024,2025
,202684,Tristan Thompson,Tristan,1610612739,CLE,,22401168,,,,20.0,3.0,8.0,0.375,0.0,0.0,0.0,1.0,2.0,0.5,4.0,8.0,12.0,0.0,0.0,0.0,0.0,1.0,2.0,2.0,7.0,-5.0,21.4,0,0,19.0,1,13222,1,13222,16026,12449,11288,16299,15070,20945,15070,10215,7446,10625,785,1271,760,19908,16469,12854,8263,2383,7392,6956,14857,17436,12139,2246,150,12913,1,,2024,2025
,1629750,Javonte Green,Javonte,1610612739,CLE,,22401168,,,,21.7,1.0,3.0,0.333,0.0,1.0,0.0,1.0,2.0,0.5,0.0,2.0,2.0,2.0,1.0,1.0,0.0,1.0,2.0,1.0,3.0,-14.0,10.4,0,0,9.0,1,13222,1,13222,14776,19033,19992,17395,15070,17631,15070,10215,7446,10625,14058,13151,16273,9909,8788,5025,8263,2383,7392,11254,19913,23203,19434,2246,150,19766,1,,2024,2025
,1642281,Jaylon Tyson,Jaylon,1610612739,CLE,,22401168,,,,8.3,0.0,4.0,0.0,0.0,0.0,0.0,0.0,0.0,0.0,0.0,1.0,1.0,0.0,0.0,0.0,0.0,1.0,0.0,1.0,0.0,-9.0,1.2,0,0,1.0,1,13222,1,13222,22703,22635,18231,22635,15070,20945,15070,13505,14344,13505,14058,17569,19889,19908,16469,12854,8263,2383,20257,11254,23200,20535,24725,2246,150,24667,1,,2024,2025
,1629731,Dean Wade,Dean,1610612739,CLE,,22401168,,,,29.2,3.0,7.0,0.429,2.0,5.0,0.4,0.0,0.0,0.0,0.0,4.0,4.0,4.0,1.0,2.0,0.0,0.0,1.0,0.0,8.0,6.0,23.8,0,0,22.0,1,13222,1,13222,8521,12449,12910,13735,4949,6354,7874,13505,14344,13505,14058,6429,9701,4780,8788,1671,8263,8846,13332,17725,13544,7002,10678,2246,150,10998,1,,2024,2025
,1641854,Craig Porter Jr.,Craig,1610612739,CLE,,22401168,,,,27.6,7.0,17.0,0.412,1.0,4.0,0.25,1.0,2.0,0.5,2.0,1.0,3.0,3.0,4.0,0.0,0.0,4.0,0.0,1.0,16.0,-13.0,20.1,0,0,23.0,1,13222,1,13222,9899,3730,2289,14791,8896,8688,11902,10215,7446,10625,3306,17569,12778,6913,877,12854,8263,31,20257,11254,6070,22771,13013,2246,150,10339,1,,2024,2025
,1630171,Isaac Okoro,Isaac,1610612739,CLE,,22401168,,,,31.1,5.0,11.0,0.455,2.0,6.0,0.333,1.0,1.0,1.0,0.0,2.0,2.0,2.0,0.0,0.0,0.0,0.0,4.0,2.0,13.0,-1.0,18.4,0,0,19.0,1,13222,1,13222,6807,7242,7071,12676,4949,4502,9209,10215,12810,1,14058,13151,16273,9909,16469,12854,8263,8846,1150,6956,8426,13450,14145,2246,150,12913,1,,2024,2025
,1629622,Max Strus,Max,1610612739,CLE,,22401147,,,,25.4,3.0,7.0,0.429,3.0,7.0,0.429,0.0,0.0,0.0,0.0,5.0,5.0,4.0,1.0,0.0,0.0,0.0,3.0,0.0,9.0,15.0,20.0,0,0,21.0,1,1,13086,1,11699,12449,12910,13735,2458,3100,7394,13505,14344,13505,14058,4392,7268,4780,8788,12854,8263,8846,3404,17725,12445,2549,13097,2246,150,11621,1,,2024,2025
,1629631,De'Andre Hunter,De'Andre,1610612739,CLE,,22401147,,,,26.7,7.0,15.0,0.467,2.0,8.0,0.25,1.0,4.0,0.25,0.0,3.0,3.0,4.0,1.0,3.0,0.0,0.0,0.0,3.0,17.0,13.0,34.6,0,0,32.0,1,1,13086,1,10565,3730,3491,12249,4949,2050,11902,10215,3754,13358,14058,9417,12778,4780,8788,473,8263,8846,20257,4218,5360,3250,5046,2246,150,5433,1,,2024,2025
,1629731,Dean Wade,Dean,1610612739,CLE,,22401147,,,,20.8,3.0,5.0,0.6,3.0,4.0,0.75,0.0,0.0,0.0,0.0,3.0,3.0,1.0,0.0,1.0,0.0,0.0,3.0,0.0,9.0,11.0,17.1,0,0,18.0,1,1,13086,1,15419,12449,16437,5394,2458,8688,1542,13505,14344,13505,14058,9417,12778,14293,16469,5025,8263,8846,3404,17725,12445,4119,15010,2246,150,13589,1,,2024,2025
,1630241,Sam Merrill,Sam,1610612739,CLE,,22401147,,,,21.6,3.0,5.0,0.6,3.0,5.0,0.6,0.0,0.0,0.0,0.0,2.0,2.0,3.0,1.0,3.0,0.0,0.0,1.0,2.0,9.0,7.0,23.9,0,0,23.0,1,1,13086,1,14874,12449,16437,5394,2458,6354,2992,13505,14344,13505,14058,13151,16273,6913,8788,473,8263,8846,13332,6956,12445,6330,10610,2246,150,10339,1,,2024,2025
,1641734,Emoni Bates,Emoni,1610612739,CLE,,22401147,,,,3.4,1.0,2.0,0.5,1.0,2.0,0.5,0.0,0.0,0.0,0.0,0.0,0.0,2.0,0.0,0.0,0.0,0.0,0.0,0.0,3.0,4.0,6.0,0,0,6.0,1,1,13086,1,24757,19033,21660,8526,8896,14411,3944,13505,14344,13505,14058,22137,23286,9909,16469,12854,8263,8846,20257,17725,19913,8479,22098,2246,150,21698,1,,2024,2025
,1629660,Ty Jerome,Ty,1610612739,CLE,,22401147,,,,21.4,7.0,11.0,0.636,3.0,4.0,0.75,1.0,1.0,1.0,0.0,0.0,0.0,5.0,2.0,0.0,0.0,0.0,3.0,1.0,18.0,15.0,23.5,0,0,26.0,1,1,13086,1,15006,3730,7071,4689,2458,8688,1542,10215,12810,1,14058,22137,23286,3273,4442,12854,8263,8846,3404,11254,4762,2549,10865,2246,150,8551,1,,2024,2025
,1631247,Luke Travers,Luke,1610612739,CLE,,22401147,,,,3.4,0.0,0.0,0.0,0.0,0.0,0.0,0.0,0.0,0.0,0.0,0.0,0.0,1.0,0.0,0.0,0.0,0.0,0.0,0.0,0.0,4.0,1.5,0,0,1.0,1,1,13086,1,24757,22635,24836,22635,15070,20945,15070,13505,14344,13505,14058,22137,23286,14293,16469,12854,8263,8846,20257,17725,23200,8479,24554,2246,150,24667,1,,2024,2025
,1628386,Jarrett Allen,Jarrett,1610612739,CLE,,22401147,,,,29.1,5.0,8.0,0.625,0.0,0.0,0.0,2.0,4.0,0.5,6.0,3.0,9.0,3.0,2.0,3.0,2.0,2.0,1.0,4.0,12.0,8.0,40.3,0,0,34.0,1,1,13086,1,8594,7242,11288,4899,15070,20945,15070,6020,3754,10625,185,9417,2169,6913,4442,473,808,601,13332,2493,9299,5660,3140,2246,150,4638,1,,2024,2025
,1630596,Evan Mobley,Evan,1610612739,CLE,,22401147,,,,29.1,8.0,18.0,0.444,3.0,6.0,0.5,2.0,2.0,1.0,6.0,6.0,12.0,7.0,4.0,2.0,1.0,1.0,1.0,2.0,21.0,11.0,50.9,1,0,49.0,1,1,13086,1,8631,2561,1822,13045,2458,4502,3944,6020,7446,1,185,2943,760,1463,877,1671,2537,2383,13332,6956,3254,4119,1061,1,150,1048,1,,2024,2025
,1629636,Darius Garland,Darius,1610612739,CLE,,22401147,,,,29.1,10.0,17.0,0.588,6.0,10.0,0.6,2.0,2.0,1.0,1.0,1.0,2.0,5.0,1.0,1.0,0.0,0.0,1.0,2.0,28.0,8.0,39.9,0,0,43.0,1,1,13086,1,8594,1099,2289,6229,202,829,2992,6020,7446,1,6876,17569,16273,3273,8788,5025,8263,8846,13332,6956,1156,5660,3245,2246,150,2014,1,,2024,2025
,1629643,Chuma Okeke,Chuma,1610612739,CLE,,22401147,,,,3.4,1.0,2.0,0.5,0.0,1.0,0.0,0.0,0.0,0.0,0.0,0.0,0.0,0.0,0.0,0.0,0.0,0.0,0.0,0.0,2.0,4.0,2.0,0,0,2.0,1,1,13086,1,24757,19033,21660,8526,15070,17631,15070,13505,14344,13505,14058,22137,23286,19908,16469,12854,8263,8846,20257,17725,21232,8479,24331,2246,150,24066,1,,2024,2025
,1629750,Javonte Green,Javonte,1610612739,CLE,,22401147,,,,3.4,0.0,0.0,0.0,0.0,0.0,0.0,0.0,0.0,0.0,0.0,2.0,2.0,0.0,0.0,0.0,0.0,0.0,0.0,0.0,0.0,4.0,2.4,0,0,2.0,1,1,13086,1,24757,22635,24836,22635,15070,20945,15070,13505,14344,13505,14058,13151,16273,19908,16469,12854,8263,8846,20257,17725,23200,8479,24155,2246,150,24066,1,,2024,2025
,1630171,Isaac Okoro,Isaac,1610612739,CLE,,22401147,,,,19.9,1.0,5.0,0.2,0.0,2.0,0.0,0.0,0.0,0.0,1.0,4.0,5.0,0.0,0.0,0.0,0.0,0.0,1.0,0.0,2.0,2.0,8.0,0,0,7.0,1,1,13086,1,16140,19033,16437,21401,15070,14411,15070,13505,14344,13505,6876,6429,7268,19908,16469,12854,8263,8846,13332,17725,21232,10285,20938,2246,150,21087,1,,2024,2025
,1642281,Jaylon Tyson,Jaylon,1610612739,CLE,,22401147,,,,3.4,2.0,5.0,0.4,1.0,1.0,1.0,0.0,0.0,0.0,2.0,0.0,2.0,0.0,0.0,0.0,0.0,0.0,1.0,1.0,5.0,4.0,7.4,0,0,8.0,1,1,13086,1,24757,15612,16437,14933,8896,17631,1,13505,14344,13505,3306,22137,16273,19908,16469,12854,8263,8846,13332,11254,17323,8479,21277,2246,150,20457,1,,2024,2025
,1629631,De'Andre Hunter,De'Andre,1610612739,CLE,,22401138,,,,22.3,4.0,9.0,0.444,3.0,7.0,0.429,0.0,0.0,0.0,0.0,2.0,2.0,0.0,1.0,2.0,2.0,0.0,2.0,0.0,11.0,-28.0,24.4,0,0,24.0,1,13222,1,13222,14279,9611,9700,13045,2458,3100,7394,13505,14344,13505,14058,13151,16273,19908,8788,1671,808,8846,7392,17725,10323,26056,10331,2246,150,9719,1,,2024,2025
,1630596,Evan Mobley,Evan,1610612739,CLE,,22401138,,,,33.0,7.0,14.0,0.5,0.0,4.0,0.0,2.0,5.0,0.4,3.0,6.0,9.0,4.0,1.0,3.0,2.0,1.0,1.0,3.0,16.0,-4.0,46.8,0,0,39.0,1,13222,1,13222,5189,3730,4240,8526,15070,8688,15070,6020,2872,13061,1615,2943,2169,4780,8788,473,808,2383,13332,4218,6070,16449,1659,2246,150,2984,1,,2024,2025
,1629660,Ty Jerome,Ty,1610612739,CLE,,22401138,,,,23.1,9.0,13.0,0.692,1.0,4.0,0.25,1.0,1.0,1.0,1.0,3.0,4.0,2.0,3.0,1.0,0.0,0.0,0.0,1.0,20.0,-11.0,27.8,0,0,29.0,1,13222,1,13222,13659,1688,5079,3171,8896,8688,11902,10215,12810,1,6876,9417,9701,9909,2037,5025,8263,8846,20257,11254,3676,21738,8309,2246,150,6953,1,,2024,2025
,1628386,Jarrett Allen,Jarrett,1610612739,CLE,,22401138,,,,31.4,7.0,9.0,0.778,0.0,0.0,0.0,3.0,4.0,0.75,2.0,3.0,5.0,4.0,4.0,0.0,0.0,0.0,4.0,3.0,17.0,-7.0,25.0,0,0,26.0,1,13222,1,13222,6466,3730,9700,1994,15070,20945,15070,4159,3754,8186,3306,9417,7268,4780,877,12854,8263,8846,1150,4218,5360,19141,9980,2246,150,8551,1,,2024,2025
,1629731,Dean Wade,Dean,1610612739,CLE,,22401138,,,,3.5,1.0,2.0,0.5,1.0,2.0,0.5,0.0,0.0,0.0,0.0,0.0,0.0,0.0,0.0,0.0,0.0,0.0,0.0,0.0,3.0,6.0,3.0,0,0,4.0,1,13222,1,13222,24719,19033,21660,8526,8896,14411,3944,13505,14344,13505,14058,22137,23286,19908,16469,12854,8263,8846,20257,17725,19913,7002,23760,2246,150,22929,1,,2024,2025
,1630241,Sam Merrill,Sam,1610612739,CLE,,22401138,,,,16.1,0.0,3.0,0.0,0.0,3.0,0.0,0.0,0.0,0.0,1.0,1.0,2.0,0.0,0.0,0.0,1.0,0.0,3.0,0.0,0.0,-4.0,5.4,0,0,4.0,1,13222,1,13222,18879,22635,19992,22635,15070,11494,15070,13505,14344,13505,6876,17569,16273,19908,16469,12854,2537,8846,3404,17725,23200,16449,22453,2246,150,22929,1,,2024,2025
,1629622,Max Strus,Max,1610612739,CLE,,22401138,,,,28.5,4.0,6.0,0.667,2.0,4.0,0.5,1.0,2.0,0.5,3.0,3.0,6.0,7.0,0.0,0.0,0.0,0.0,3.0,2.0,11.0,6.0,28.7,0,0,26.0,1,13222,1,13222,9085,9611,14618,3281,4949,8688,3944,10215,7446,10625,1615,9417,5362,1463,16469,12854,8263,8846,3404,6956,10323,7002,7835,2246,150,8551,1,,2024,2025
,1629636,Darius Garland,Darius,1610612739,CLE,,22401138,,,,31.6,4.0,13.0,0.308,1.0,7.0,0.143,0.0,0.0,0.0,0.0,3.0,3.0,7.0,3.0,1.0,0.0,0.0,0.0,0.0,9.0,-9.0,23.1,0,0,22.0,1,13222,1,13222,6376,9611,5079,19226,8896,3100,14649,13505,14344,13505,14058,9417,12778,1463,2037,5025,8263,8846,20257,17725,12445,20535,11107,2246,150,10998,1,,2024,2025
,1628378,Donovan Mitchell,Donovan,1610612739,CLE,,22401138,,,,33.0,7.0,16.0,0.438,1.0,6.0,0.167,4.0,7.0,0.571,1.0,5.0,6.0,6.0,3.0,2.0,0.0,2.0,3.0,5.0,19.0,-4.0,38.2,0,0,36.0,1,13222,1,13222,5145,3730,2836,13558,8896,4502,14236,2676,1377,10536,6876,4392,5362,2199,2037,1671,8263,601,3404,1447,4202,16449,3746,2246,150,3901,1,,2024,2025
,1630171,Isaac Okoro,Isaac,1610612739,CLE,,22401138,,,,17.6,3.0,3.0,1.0,1.0,1.0,1.0,0.0,0.0,0.0,2.0,0.0,2.0,1.0,1.0,2.0,0.0,0.0,1.0,0.0,7.0,20.0,15.9,0,0,15.0,1,13222,1,13222,17854,12449,19992,1,8896,17631,1,13505,14344,13505,3306,22137,16273,14293,8788,1671,8263,8846,13332,17725,14857,1243,15803,2246,150,15689,1,,2024,2025
,1629631,De'Andre Hunter,De'Andre,1610612739,CLE,,22401124,,,,28.9,7.0,16.0,0.438,4.0,8.0,0.5,0.0,0.0,0.0,0.0,7.0,7.0,3.0,1.0,0.0,0.0,1.0,4.0,0.0,18.0,-4.0,29.9,0,0,32.0,1,1,13086,1,8729,3730,2836,13558,1130,2050,3944,13505,14344,13505,14058,1947,3946,6913,8788,12854,8263,2383,1150,17725,4762,16449,7218,2246,150,5433,1,,2024,2025
,1630596,Evan Mobley,Evan,1610612739,CLE,,22401124,,,,37.0,10.0,13.0,0.769,4.0,6.0,0.667,1.0,2.0,0.5,2.0,10.0,12.0,5.0,2.0,1.0,3.0,1.0,4.0,1.0,25.0,-3.0,56.9,1,0,54.0,1,1,13086,1,2019,1099,5079,2080,1130,4502,1957,10215,7446,10625,3306,483,760,3273,4442,5025,252,2383,1150,11254,1828,15511,517,1,150,548,1,,2024,2025
,1629636,Darius Garland,Darius,1610612739,CLE,,22401124,,,,33.6,6.0,16.0,0.375,4.0,9.0,0.444,3.0,4.0,0.75,0.0,2.0,2.0,7.0,3.0,1.0,0.0,0.0,1.0,4.0,19.0,-14.0,31.9,0,0,34.0,1,1,13086,1,4603,5250,2836,16299,1130,1295,7211,4159,3754,8186,14058,13151,16273,1463,2037,5025,8263,8846,13332,2493,4202,23203,6220,2246,150,4638,1,,2024,2025
,1628378,Donovan Mitchell,Donovan,1610612739,CLE,,22401124,,,,33.6,8.0,18.0,0.444,6.0,11.0,0.545,4.0,6.0,0.667,1.0,2.0,3.0,7.0,4.0,1.0,1.0,1.0,0.0,5.0,26.0,5.0,42.1,0,0,46.0,1,1,13086,1,4641,2561,1822,13045,202,499,3863,2676,1898,9425,6876,13151,12778,1463,877,5025,2537,2383,20257,1447,1579,7737,2685,2246,150,1461,1,,2024,2025
,1641854,Craig Porter Jr.,Craig,1610612739,CLE,,22401124,,,,6.2,0.0,0.0,0.0,0.0,0.0,0.0,2.0,2.0,1.0,0.0,1.0,1.0,1.0,0.0,0.0,0.0,0.0,0.0,1.0,2.0,7.0,4.7,0,0,4.0,1,1,13086,1,23541,22635,24836,22635,15070,20945,15070,6020,7446,1,14058,17569,19889,14293,16469,12854,8263,8846,20257,11254,21232,6330,22851,2246,150,22929,1,,2024,2025
,1630241,Sam Merrill,Sam,1610612739,CLE,,22401124,,,,24.1,3.0,7.0,0.429,3.0,7.0,0.429,0.0,0.0,0.0,0.0,2.0,2.0,2.0,3.0,2.0,0.0,0.0,2.0,2.0,9.0,4.0,17.4,0,0,20.0,1,1,13086,1,12800,12449,12910,13735,2458,3100,7394,13505,14344,13505,14058,13151,16273,9909,2037,1671,8263,8846,7392,6956,12445,8479,14816,2246,150,12254,1,,2024,2025
,1629750,Javonte Green,Javonte,1610612739,CLE,,22401124,,,,9.4,1.0,4.0,0.25,0.0,3.0,0.0,0.0,0.0,0.0,0.0,3.0,3.0,0.0,0.0,0.0,0.0,0.0,0.0,0.0,2.0,5.0,5.6,0,0,5.0,1,1,13086,1,22312,19033,18231,20233,15070,11494,15070,13505,14344,13505,14058,9417,12778,19908,16469,12854,8263,8846,20257,17725,21232,7737,22365,2246,150,22358,1,,2024,2025
,1628386,Jarrett Allen,Jarrett,1610612739,CLE,,22401124,,,,15.5,2.0,2.0,1.0,0.0,0.0,0.0,0.0,0.0,0.0,0.0,4.0,4.0,3.0,1.0,0.0,0.0,0.0,0.0,0.0,4.0,9.0,12.3,0,0,11.0,1,1,13086,1,19251,15612,21660,1,15070,20945,15070,13505,14344,13505,14058,6429,9701,6913,8788,12854,8263,8846,20257,17725,18599,5125,18201,2246,150,18464,1,,2024,2025
,1629622,Max Strus,Max,1610612739,CLE,,22401124,,,,32.0,1.0,5.0,0.2,1.0,5.0,0.2,0.0,0.0,0.0,3.0,3.0,6.0,3.0,1.0,1.0,0.0,0.0,1.0,2.0,3.0,-10.0,16.7,0,0,15.0,1,1,13086,1,5995,19033,16437,21401,8896,6354,13429,13505,14344,13505,1615,9417,5362,6913,8788,5025,8263,8846,13332,6956,19913,21147,15274,2246,150,15689,1,,2024,2025
,1630171,Isaac Okoro,Isaac,1610612739,CLE,,22401124,,,,19.8,3.0,6.0,0.5,0.0,2.0,0.0,0.0,0.0,0.0,1.0,3.0,4.0,0.0,0.0,0.0,0.0,1.0,1.0,0.0,6.0,6.0,10.8,0,0,10.0,1,1,13086,1,16206,12449,14618,8526,15070,14411,15070,13505,14344,13505,6876,9417,9701,19908,16469,12854,8263,2383,13332,17725,15937,7002,19193,2246,150,19152,1,,2024,2025
,1629750,Javonte Green,Javonte,1610612739,CLE,,22401103,,,,5.3,0.0,3.0,0.0,0.0,2.0,0.0,0.0,0.0,0.0,0.0,0.0,0.0,0.0,0.0,1.0,0.0,0.0,1.0,0.0,0.0,-2.0,3.0,0,0,2.0,1,1,13086,1,23889,22635,19992,22635,15070,14411,15070,13505,14344,13505,14058,22137,23286,19908,16469,5025,8263,8846,13332,17725,23200,14448,23760,2246,150,24066,1,,2024,2025
,1642281,Jaylon Tyson,Jaylon,1610612739,CLE,,22401103,,,,2.2,0.0,0.0,0.0,0.0,0.0,0.0,0.0,0.0,0.0,0.0,1.0,1.0,1.0,1.0,0.0,0.0,0.0,0.0,0.0,0.0,0.0,1.7,0,0,2.0,1,1,13086,1,25376,22635,24836,22635,15070,20945,15070,13505,14344,13505,14058,17569,19889,14293,8788,12854,8263,8846,20257,17725,23200,12240,24512,2246,150,24066,1,,2024,2025
,1629631,De'Andre Hunter,De'Andre,1610612739,CLE,,22401103,,,,25.6,6.0,11.0,0.545,2.0,5.0,0.4,2.0,2.0,1.0,0.0,2.0,2.0,0.0,0.0,1.0,0.0,0.0,1.0,2.0,16.0,18.0,21.4,0,0,22.0,1,1,13086,1,11516,5250,7071,7695,4949,6354,7874,6020,7446,1,14058,13151,16273,19908,16469,5025,8263,8846,13332,6956,6070,1677,12139,2246,150,10998,1,,2024,2025
,1630596,Evan Mobley,Evan,1610612739,CLE,,22401103,,,,30.2,4.0,11.0,0.364,1.0,4.0,0.25,4.0,4.0,1.0,1.0,3.0,4.0,4.0,2.0,1.0,1.0,1.0,4.0,2.0,13.0,20.0,27.8,0,0,26.0,1,1,13086,1,7604,9611,7071,16861,8896,8688,11902,2676,3754,1,6876,9417,9701,4780,4442,5025,2537,2383,1150,6956,8426,1243,8309,2246,150,8551,1,,2024,2025
,1631247,Luke Travers,Luke,1610612739,CLE,,22401103,,,,2.2,0.0,0.0,0.0,0.0,0.0,0.0,0.0,0.0,0.0,0.0,0.0,0.0,0.0,0.0,0.0,0.0,0.0,1.0,0.0,0.0,0.0,0.0,0,0,0.0,1,1,13086,1,25376,22635,24836,22635,15070,20945,15070,13505,14344,13505,14058,22137,23286,19908,16469,12854,8263,8846,13332,17725,23200,12240,25228,2246,150,25259,1,,2024,2025
,1641772,Nae'Qwan Tomlin,Nae'Qwan,1610612739,CLE,,22401103,,,,2.2,1.0,3.0,0.333,0.0,0.0,0.0,0.0,0.0,0.0,2.0,1.0,3.0,0.0,0.0,0.0,0.0,1.0,1.0,0.0,2.0,0.0,5.6,0,0,5.0,1,1,13086,1,25376,19033,19992,17395,15070,20945,15070,13505,14344,13505,3306,17569,12778,19908,16469,12854,8263,2383,13332,17725,21232,12240,22365,2246,150,22358,1,,2024,2025
,1641854,Craig Porter Jr.,Craig,1610612739,CLE,,22401103,,,,6.2,0.0,0.0,0.0,0.0,0.0,0.0,1.0,2.0,0.5,0.0,0.0,0.0,0.0,0.0,0.0,0.0,0.0,0.0,1.0,1.0,-3.0,1.0,0,0,1.0,1,1,13086,1,23504,22635,24836,22635,15070,20945,15070,10215,7446,10625,14058,22137,23286,19908,16469,12854,8263,8846,20257,11254,22996,15511,25049,2246,150,24667,1,,2024,2025
,1641734,Emoni Bates,Emoni,1610612739,CLE,,22401103,,,,2.2,1.0,3.0,0.333,1.0,2.0,0.5,0.0,0.0,0.0,0.0,1.0,1.0,0.0,0.0,0.0,0.0,0.0,0.0,0.0,3.0,0.0,4.2,0,0,5.0,1,1,13086,1,25376,19033,19992,17395,8896,14411,3944,13505,14344,13505,14058,17569,19889,19908,16469,12854,8263,8846,20257,17725,19913,12240,23095,2246,150,22358,1,,2024,2025
,1630241,Sam Merrill,Sam,1610612739,CLE,,22401103,,,,22.5,2.0,4.0,0.5,1.0,3.0,0.333,0.0,0.0,0.0,1.0,3.0,4.0,3.0,1.0,0.0,0.0,0.0,1.0,0.0,5.0,8.0,13.3,0,0,13.0,1,1,13086,1,14083,15612,18231,8526,8896,11494,9209,13505,14344,13505,6876,9417,9701,6913,8788,12854,8263,8846,13332,17725,17323,5660,17520,2246,150,17050,1,,2024,2025
,1628386,Jarrett Allen,Jarrett,1610612739,CLE,,22401103,,,,32.3,10.0,11.0,0.909,0.0,0.0,0.0,1.0,2.0,0.5,3.0,5.0,8.0,0.0,2.0,1.0,1.0,0.0,3.0,6.0,21.0,10.0,34.6,0,0,33.0,1,1,13086,1,5701,1099,7071,1292,15070,20945,15070,10215,7446,10625,1615,4392,2934,19908,4442,5025,2537,8846,3404,792,3254,4588,5046,2246,150,5036,1,,2024,2025
,1628378,Donovan Mitchell,Donovan,1610612739,CLE,,22401103,,,,30.2,10.0,18.0,0.556,3.0,7.0,0.429,4.0,4.0,1.0,1.0,5.0,6.0,5.0,2.0,1.0,3.0,0.0,3.0,6.0,27.0,20.0,51.7,0,0,49.0,1,1,13086,1,7604,1099,1822,7248,2458,3100,7394,2676,3754,1,6876,4392,5362,3273,4442,5025,252,8846,3404,792,1351,1243,953,2246,150,1048,1,,2024,2025
,1630171,Isaac Okoro,Isaac,1610612739,CLE,,22401103,,,,23.4,5.0,10.0,0.5,1.0,6.0,0.167,0.0,0.0,0.0,2.0,4.0,6.0,2.0,1.0,2.0,0.0,0.0,0.0,1.0,11.0,13.0,26.2,0,0,24.0,1,1,13086,1,13419,7242,8304,8526,8896,4502,14236,13505,14344,13505,3306,6429,5362,9909,8788,1671,8263,8846,20257,11254,10323,3250,9269,2246,150,9719,1,,2024,2025
,1629636,Darius Garland,Darius,1610612739,CLE,,22401103,,,,32.3,8.0,15.0,0.533,1.0,4.0,0.25,0.0,0.0,0.0,3.0,1.0,4.0,6.0,1.0,1.0,0.0,0.0,3.0,0.0,17.0,10.0,32.8,0,0,30.0,1,1,13086,1,5701,2561,3491,8140,8896,8688,11902,13505,14344,13505,1615,17569,9701,2199,8788,5025,8263,8846,3404,17725,5360,4588,5807,2246,150,6431,1,,2024,2025
,1629622,Max Strus,Max,1610612739,CLE,,22401103,,,,23.3,3.0,5.0,0.6,2.0,4.0,0.5,0.0,0.0,0.0,2.0,3.0,5.0,2.0,3.0,0.0,0.0,0.0,0.0,1.0,8.0,1.0,14.0,0,0,17.0,1,1,13086,1,13450,12449,16437,5394,4949,8688,3944,13505,14344,13505,3306,9417,7268,9909,2037,12854,8263,8846,20257,11254,13544,11263,17013,2246,150,14250,1,,2024,2025
,1629636,Darius Garland,Darius,1610612739,CLE,,22401081,,,,32.1,5.0,14.0,0.357,2.0,5.0,0.4,7.0,8.0,0.875,2.0,2.0,4.0,7.0,1.0,0.0,0.0,0.0,1.0,5.0,19.0,-2.0,33.3,0,0,32.0,1,1,13086,1,5915,7242,4240,17140,4949,6354,7874,752,912,6931,3306,13151,9701,1463,8788,12854,8263,8846,13332,1447,4202,14448,5573,2246,150,5433,1,,2024,2025
,1629631,De'Andre Hunter,De'Andre,1610612739,CLE,,22401081,,,,21.4,4.0,9.0,0.444,2.0,6.0,0.333,0.0,0.0,0.0,0.0,1.0,1.0,3.0,1.0,1.0,0.0,0.0,4.0,0.0,10.0,11.0,17.7,0,0,18.0,1,1,13086,1,14990,9611,9700,13045,4949,4502,9209,13505,14344,13505,14058,17569,19889,6913,8788,5025,8263,8846,1150,17725,11377,4119,14610,2246,150,13589,1,,2024,2025
,1629622,Max Strus,Max,1610612739,CLE,,22401081,,,,23.7,1.0,4.0,0.25,0.0,3.0,0.0,1.0,2.0,0.5,2.0,1.0,3.0,6.0,3.0,0.0,0.0,0.0,4.0,1.0,3.0,0.0,12.6,0,0,12.0,1,1,13086,1,13171,19033,18231,20233,15070,11494,15070,10215,7446,10625,3306,17569,12778,2199,2037,12854,8263,8846,1150,11254,19913,12240,17974,2246,150,17796,1,,2024,2025
,1628378,Donovan Mitchell,Donovan,1610612739,CLE,,22401081,,,,36.6,9.0,19.0,0.474,2.0,9.0,0.222,4.0,4.0,1.0,1.0,11.0,12.0,7.0,2.0,4.0,0.0,1.0,2.0,3.0,24.0,15.0,58.9,1,0,53.0,1,1,13086,1,2279,1688,1432,12072,4949,1295,13288,2676,3754,1,6876,283,760,1463,4442,123,8263,2383,7392,4218,2129,2549,394,1,150,632,1,,2024,2025
,1630596,Evan Mobley,Evan,1610612739,CLE,,22401081,,,,36.6,8.0,16.0,0.5,3.0,6.0,0.5,3.0,3.0,1.0,1.0,6.0,7.0,4.0,3.0,0.0,3.0,2.0,0.0,2.0,22.0,15.0,42.4,0,0,42.0,1,1,13086,1,2279,2561,2836,8526,2458,4502,3944,4159,6038,1,6876,2943,3946,4780,2037,12854,252,601,20257,6956,2824,2549,2620,2246,150,2239,1,,2024,2025
,1628386,Jarrett Allen,Jarrett,1610612739,CLE,,22401081,,,,31.2,11.0,12.0,0.917,0.0,0.0,0.0,3.0,6.0,0.5,3.0,9.0,12.0,3.0,0.0,2.0,0.0,1.0,1.0,5.0,25.0,0.0,49.9,1,0,44.0,1,1,13086,1,6679,704,5979,1287,15070,20945,15070,4159,1898,10625,1615,796,760,6913,16469,1671,8263,2383,13332,1447,1828,12240,1196,1,150,1816,1,,2024,2025
,1630171,Isaac Okoro,Isaac,1610612739,CLE,,22401081,,,,11.1,4.0,5.0,0.8,3.0,4.0,0.75,0.0,0.0,0.0,0.0,0.0,0.0,0.0,0.0,0.0,0.0,0.0,1.0,0.0,11.0,-10.0,11.0,0,0,14.0,1,1,13086,1,21658,9611,16437,1688,2458,8688,1542,13505,14344,13505,14058,22137,23286,19908,16469,12854,8263,8846,13332,17725,10323,21147,19045,2246,150,16370,1,,2024,2025
,1629750,Javonte Green,Javonte,1610612739,CLE,,22401081,,,,5.1,1.0,1.0,1.0,0.0,0.0,0.0,0.0,0.0,0.0,0.0,0.0,0.0,0.0,0.0,2.0,0.0,0.0,0.0,0.0,2.0,2.0,8.0,0,0,6.0,1,1,13086,1,23973,19033,23259,1,15070,20945,15070,13505,14344,13505,14058,22137,23286,19908,16469,1671,8263,8846,20257,17725,21232,10285,20938,2246,150,21698,1,,2024,2025
,1629731,Dean Wade,Dean,1610612739,CLE,,22401081,,,,20.0,2.0,6.0,0.333,1.0,5.0,0.2,0.0,0.0,0.0,0.0,2.0,2.0,1.0,0.0,1.0,0.0,0.0,2.0,0.0,5.0,-1.0,11.9,0,0,11.0,1,1,13086,1,16013,15612,14618,17395,8896,6354,13429,13505,14344,13505,14058,13151,16273,14293,16469,5025,8263,8846,7392,17725,17323,13450,18455,2246,150,18464,1,,2024,2025
,1630241,Sam Merrill,Sam,1610612739,CLE,,22401081,,,,22.3,2.0,7.0,0.286,2.0,7.0,0.286,0.0,0.0,0.0,1.0,3.0,4.0,2.0,0.0,1.0,0.0,0.0,2.0,1.0,6.0,-5.0,16.8,0,0,16.0,1,1,13086,1,14287,15612,12910,19630,4949,3100,11433,13505,14344,13505,6876,9417,9701,9909,16469,5025,8263,8846,7392,11254,15937,17436,15212,2246,150,14948,1,,2024,2025
,202684,Tristan Thompson,Tristan,1610612739,CLE,,22401067,,,,1.2,1.0,1.0,1.0,0.0,0.0,0.0,0.0,0.0,0.0,0.0,0.0,0.0,0.0,0.0,0.0,0.0,0.0,0.0,0.0,2.0,2.0,2.0,0,0,2.0,1,13222,1,13222,25970,19033,23259,1,15070,20945,15070,13505,14344,13505,14058,22137,23286,19908,16469,12854,8263,8846,20257,17725,21232,10285,24331,2246,150,24066,1,,2024,2025
,1630171,Isaac Okoro,Isaac,1610612739,CLE,,22401067,,,,24.8,1.0,2.0,0.5,0.0,1.0,0.0,5.0,8.0,0.625,1.0,2.0,3.0,0.0,0.0,0.0,0.0,0.0,4.0,4.0,7.0,-9.0,10.6,0,0,10.0,1,13222,1,13222,12187,19033,21660,8526,15070,17631,15070,1817,912,10271,6876,13151,12778,19908,16469,12854,8263,8846,1150,2493,14857,20535,19303,2246,150,19152,1,,2024,2025
,1629731,Dean Wade,Dean,1610612739,CLE,,22401067,,,,18.6,3.0,5.0,0.6,2.0,4.0,0.5,2.0,3.0,0.667,1.0,1.0,2.0,1.0,1.0,0.0,0.0,0.0,2.0,3.0,10.0,8.0,12.9,0,0,15.0,1,13222,1,13222,17123,12449,16437,5394,4949,8688,3944,6020,6038,9425,6876,17569,16273,14293,8788,12854,8263,8846,7392,4218,11377,5660,17766,2246,150,15689,1,,2024,2025
,1628386,Jarrett Allen,Jarrett,1610612739,CLE,,22401067,,,,19.3,4.0,7.0,0.571,0.0,0.0,0.0,0.0,0.0,0.0,2.0,2.0,4.0,0.0,0.0,0.0,1.0,3.0,0.0,1.0,8.0,-13.0,15.8,0,0,14.0,1,13222,1,13222,16596,9611,12910,6538,15070,20945,15070,13505,14344,13505,3306,13151,9701,19908,16469,12854,2537,131,20257,11254,13544,22771,15862,2246,150,16370,1,,2024,2025
,1629750,Javonte Green,Javonte,1610612739,CLE,,22401067,,,,12.6,0.0,1.0,0.0,0.0,1.0,0.0,1.0,2.0,0.5,0.0,4.0,4.0,0.0,1.0,0.0,0.0,0.0,4.0,1.0,1.0,11.0,4.8,0,0,5.0,1,13222,1,13222,20927,22635,23259,22635,15070,17631,15070,10215,7446,10625,14058,6429,9701,19908,8788,12854,8263,8846,1150,11254,22996,4119,22836,2246,150,22358,1,,2024,2025
,1629631,De'Andre Hunter,De'Andre,1610612739,CLE,,22401067,,,,19.5,3.0,7.0,0.429,0.0,2.0,0.0,5.0,6.0,0.833,1.0,2.0,3.0,0.0,2.0,1.0,0.0,0.0,3.0,3.0,11.0,-6.0,15.6,0,0,16.0,1,13222,1,13222,16419,12449,12910,13735,15070,14411,15070,1817,1898,7275,6876,13151,12778,19908,4442,5025,8263,8846,3404,4218,10323,18298,15972,2246,150,14948,1,,2024,2025
,1630596,Evan Mobley,Evan,1610612739,CLE,,22401067,,,,32.6,3.0,10.0,0.3,2.0,6.0,0.333,1.0,2.0,0.5,0.0,6.0,6.0,4.0,3.0,0.0,2.0,0.0,1.0,2.0,9.0,-23.0,25.2,0,0,25.0,1,13222,1,13222,5509,12449,8304,19363,4949,4502,9209,10215,7446,10625,14058,2943,5362,4780,2037,12854,808,8846,13332,6956,12445,25627,9847,2246,150,9137,1,,2024,2025
,1641854,Craig Porter Jr.,Craig,1610612739,CLE,,22401067,,,,20.9,3.0,5.0,0.6,1.0,2.0,0.5,2.0,2.0,1.0,2.0,3.0,5.0,2.0,0.0,3.0,0.0,0.0,2.0,1.0,9.0,2.0,27.0,0,0,23.0,1,13222,1,13222,15366,12449,16437,5394,8896,14411,3944,6020,7446,1,3306,9417,7268,9909,16469,473,8263,8846,7392,11254,12445,10285,8803,2246,150,10339,1,,2024,2025
,1630241,Sam Merrill,Sam,1610612739,CLE,,22401067,,,,20.4,2.0,5.0,0.4,2.0,5.0,0.4,0.0,0.0,0.0,1.0,3.0,4.0,0.0,0.0,3.0,0.0,0.0,3.0,1.0,6.0,-3.0,19.8,0,0,18.0,1,13222,1,13222,15684,15612,16437,14933,4949,6354,7874,13505,14344,13505,6876,9417,9701,19908,16469,473,8263,8846,3404,11254,15937,15511,13241,2246,150,13589,1,,2024,2025
,1628378,Donovan Mitchell,Donovan,1610612739,CLE,,22401067,,,,35.7,12.0,24.0,0.5,3.0,8.0,0.375,11.0,13.0,0.846,2.0,3.0,5.0,3.0,3.0,1.0,0.0,1.0,5.0,11.0,38.0,-16.0,48.5,0,0,51.0,1,13222,1,13222,2928,421,331,8526,2458,2050,8800,116,123,7255,3306,9417,7268,6913,2037,5025,8263,2383,217,24,167,23938,1413,2246,150,822,1,,2024,2025
,1629636,Darius Garland,Darius,1610612739,CLE,,22401067,,,,34.5,7.0,17.0,0.412,5.0,11.0,0.455,2.0,2.0,1.0,1.0,4.0,5.0,6.0,4.0,1.0,0.0,1.0,3.0,2.0,21.0,-8.0,35.0,0,0,39.0,1,13222,1,13222,3866,3730,2289,14791,492,499,7148,6020,7446,1,6876,6429,7268,2199,877,5025,8263,2383,3404,6956,3254,19855,4885,2246,150,2984,1,,2024,2025
,1629622,Max Strus,Max,1610612739,CLE,,22401059,,,,28.7,7.0,10.0,0.7,4.0,7.0,0.571,0.0,0.0,0.0,1.0,3.0,4.0,4.0,2.0,0.0,0.0,0.0,3.0,0.0,18.0,-2.0,26.8,0,0,30.0,1,1,13086,1,8903,3730,8304,3045,1130,3100,3506,13505,14344,13505,6876,9417,9701,4780,4442,12854,8263,8846,3404,17725,4762,14448,8917,2246,150,6431,1,,2024,2025
,1629731,Dean Wade,Dean,1610612739,CLE,,22401059,,,,24.6,1.0,5.0,0.2,1.0,5.0,0.2,0.0,0.0,0.0,1.0,2.0,3.0,0.0,0.0,0.0,0.0,0.0,0.0,0.0,3.0,-6.0,6.6,0,0,7.0,1,1,13086,1,12377,19033,16437,21401,8896,6354,13429,13505,14344,13505,6876,13151,12778,19908,16469,12854,8263,8846,20257,17725,19913,18298,21766,2246,150,21087,1,,2024,2025
,1630171,Isaac Okoro,Isaac,1610612739,CLE,,22401059,,,,19.3,4.0,7.0,0.571,1.0,2.0,0.5,0.0,0.0,0.0,0.0,4.0,4.0,1.0,0.0,0.0,0.0,0.0,1.0,0.0,9.0,10.0,15.3,0,0,15.0,1,1,13086,1,16596,9611,12910,6538,8896,14411,3944,13505,14344,13505,14058,6429,9701,14293,16469,12854,8263,8846,13332,17725,12445,4588,16175,2246,150,15689,1,,2024,2025
,1630241,Sam Merrill,Sam,1610612739,CLE,,22401059,,,,24.2,5.0,13.0,0.385,3.0,9.0,0.333,0.0,0.0,0.0,0.0,2.0,2.0,2.0,1.0,0.0,1.0,1.0,3.0,1.0,13.0,6.0,20.4,0,0,22.0,1,1,13086,1,12695,7242,5079,16070,2458,1295,9209,13505,14344,13505,14058,13151,16273,9909,8788,12854,2537,2383,3404,11254,8426,7002,12816,2246,150,10998,1,,2024,2025
,1629750,Javonte Green,Javonte,1610612739,CLE,,22401059,,,,8.6,1.0,4.0,0.25,1.0,2.0,0.5,0.0,0.0,0.0,2.0,3.0,5.0,1.0,0.0,1.0,0.0,0.0,0.0,0.0,3.0,15.0,13.5,0,0,12.0,1,1,13086,1,22608,19033,18231,20233,8896,14411,3944,13505,14344,13505,3306,9417,7268,14293,16469,5025,8263,8846,20257,17725,19913,2549,17367,2246,150,17796,1,,2024,2025
,202684,Tristan Thompson,Tristan,1610612739,CLE,,22401059,,,,8.2,0.0,1.0,0.0,0.0,0.0,0.0,0.0,0.0,0.0,2.0,2.0,4.0,0.0,0.0,0.0,1.0,0.0,1.0,0.0,0.0,0.0,7.8,0,0,6.0,1,1,13086,1,22729,22635,23259,22635,15070,20945,15070,13505,14344,13505,3306,13151,9701,19908,16469,12854,2537,8846,13332,17725,23200,12240,21048,2246,150,21698,1,,2024,2025
,1628378,Donovan Mitchell,Donovan,1610612739,CLE,,22401059,,,,35.3,8.0,18.0,0.444,4.0,9.0,0.444,5.0,5.0,1.0,3.0,5.0,8.0,14.0,1.0,1.0,1.0,0.0,1.0,5.0,25.0,6.0,60.6,1,0,55.0,1,1,13086,1,3274,2561,1822,13045,1130,1295,7211,1817,2872,1,1615,4392,2934,60,8788,5025,2537,8846,13332,1447,1828,7002,304,1,150,474,1,,2024,2025
,1629636,Darius Garland,Darius,1610612739,CLE,,22401059,,,,30.0,4.0,15.0,0.267,2.0,7.0,0.286,0.0,0.0,0.0,2.0,2.0,4.0,9.0,4.0,2.0,0.0,1.0,1.0,3.0,10.0,1.0,30.3,0,0,29.0,1,1,13086,1,7781,9611,3491,20170,4949,3100,11433,13505,14344,13505,3306,13151,9701,635,877,1671,8263,2383,13332,4218,11377,11263,7033,2246,150,6953,1,,2024,2025
,1628386,Jarrett Allen,Jarrett,1610612739,CLE,,22401059,,,,30.0,10.0,11.0,0.909,0.0,0.0,0.0,9.0,11.0,0.818,3.0,12.0,15.0,0.0,2.0,1.0,1.0,1.0,1.0,8.0,29.0,1.0,51.0,1,0,48.0,1,1,13086,1,7781,1099,7071,1292,15070,20945,15070,318,294,7652,1615,169,224,19908,4442,5025,2537,2383,13332,220,994,11263,1041,1,150,1176,1,,2024,2025
,1629631,De'Andre Hunter,De'Andre,1610612739,CLE,,22401059,,,,31.1,6.0,15.0,0.4,1.0,7.0,0.143,1.0,2.0,0.5,0.0,7.0,7.0,2.0,3.0,2.0,1.0,0.0,3.0,3.0,14.0,9.0,31.4,0,0,30.0,1,1,13086,1,6760,5250,3491,14933,8896,3100,14649,10215,7446,10625,14058,1947,3946,9909,2037,1671,2537,8846,3404,4218,7553,5125,6467,2246,150,6431,1,,2024,2025
,1630241,Sam Merrill,Sam,1610612739,CLE,,22401051,,,,29.6,5.0,7.0,0.714,4.0,6.0,0.667,0.0,0.0,0.0,0.0,2.0,2.0,3.0,0.0,0.0,0.0,0.0,2.0,0.0,14.0,1.0,20.9,0,0,23.0,1,1,13086,1,8100,7242,12910,2752,1130,4502,1957,13505,14344,13505,14058,13151,16273,6913,16469,12854,8263,8846,7392,17725,7553,11263,12468,2246,150,10339,1,,2024,2025
,1629660,Ty Jerome,Ty,1610612739,CLE,,22401051,,,,20.9,9.0,15.0,0.6,4.0,5.0,0.8,3.0,3.0,1.0,0.0,2.0,2.0,3.0,0.0,0.0,0.0,0.0,1.0,2.0,25.0,5.0,31.9,0,0,34.0,1,1,13086,1,15355,1688,3491,5394,1130,6354,1389,4159,6038,1,14058,13151,16273,6913,16469,12854,8263,8846,13332,6956,1828,7737,6220,2246,150,4638,1,,2024,2025
,1629636,Darius Garland,Darius,1610612739,CLE,,22401051,,,,33.1,11.0,19.0,0.579,1.0,3.0,0.333,4.0,4.0,1.0,0.0,5.0,5.0,8.0,4.0,1.0,0.0,0.0,2.0,3.0,27.0,5.0,44.0,0,0,43.0,1,1,13086,1,5096,704,1432,6486,8896,11494,9209,2676,3754,1,14058,4392,7268,963,877,5025,8263,8846,7392,4218,1351,7737,2236,2246,150,2014,1,,2024,2025
,1630596,Evan Mobley,Evan,1610612739,CLE,,22401051,,,,33.4,8.0,15.0,0.533,0.0,2.0,0.0,5.0,7.0,0.714,1.0,11.0,12.0,4.0,3.0,0.0,4.0,0.0,3.0,4.0,21.0,5.0,50.4,1,0,45.0,1,1,13086,1,4841,2561,3491,8140,15070,14411,15070,1817,1377,9244,6876,283,760,4780,2037,12854,85,8846,3404,2493,3254,7737,1125,1,150,1626,1,,2024,2025
,1628386,Jarrett Allen,Jarrett,1610612739,CLE,,22401051,,,,28.5,6.0,11.0,0.545,0.0,0.0,0.0,2.0,3.0,0.667,3.0,5.0,8.0,2.0,3.0,1.0,0.0,1.0,4.0,3.0,14.0,8.0,26.6,0,0,26.0,1,1,13086,1,9103,5250,7071,7695,15070,20945,15070,6020,6038,9425,1615,4392,2934,9909,2037,5025,8263,2383,1150,4218,7553,5660,9031,2246,150,8551,1,,2024,2025
,1629750,Javonte Green,Javonte,1610612739,CLE,,22401051,,,,7.0,0.0,0.0,0.0,0.0,0.0,0.0,0.0,0.0,0.0,0.0,2.0,2.0,1.0,1.0,0.0,0.0,0.0,2.0,0.0,0.0,2.0,2.9,0,0,3.0,1,1,13086,1,23169,22635,24836,22635,15070,20945,15070,13505,14344,13505,14058,13151,16273,14293,8788,12854,8263,8846,7392,17725,23200,10285,23981,2246,150,23533,1,,2024,2025
,1629631,De'Andre Hunter,De'Andre,1610612739,CLE,,22401051,,,,23.2,5.0,10.0,0.5,1.0,3.0,0.333,0.0,0.0,0.0,2.0,1.0,3.0,0.0,0.0,1.0,0.0,2.0,2.0,1.0,11.0,7.0,17.6,0,0,17.0,1,1,13086,1,13583,7242,8304,8526,8896,11494,9209,13505,14344,13505,3306,17569,12778,19908,16469,5025,8263,601,7392,11254,10323,6330,14672,2246,150,14250,1,,2024,2025
,1630171,Isaac Okoro,Isaac,1610612739,CLE,,22401051,,,,16.6,1.0,3.0,0.333,0.0,2.0,0.0,0.0,0.0,0.0,2.0,2.0,4.0,3.0,0.0,1.0,0.0,0.0,1.0,0.0,2.0,7.0,14.3,0,0,11.0,1,1,13086,1,18552,19033,19992,17395,15070,14411,15070,13505,14344,13505,3306,13151,9701,6913,16469,5025,8263,8846,13332,17725,21232,6330,16842,2246,150,18464,1,,2024,2025
,1629622,Max Strus,Max,1610612739,CLE,,22401051,,,,26.9,2.0,6.0,0.333,1.0,4.0,0.25,0.0,0.0,0.0,0.0,2.0,2.0,3.0,0.0,0.0,0.0,0.0,1.0,1.0,5.0,7.0,11.9,0,0,11.0,1,1,13086,1,10388,15612,14618,17395,8896,8688,11902,13505,14344,13505,14058,13151,16273,6913,16469,12854,8263,8846,13332,11254,17323,6330,18455,2246,150,18464,1,,2024,2025
,1629731,Dean Wade,Dean,1610612739,CLE,,22401051,,,,20.8,1.0,2.0,0.5,1.0,2.0,0.5,0.0,0.0,0.0,1.0,0.0,1.0,1.0,0.0,0.0,2.0,0.0,0.0,1.0,3.0,8.0,11.7,0,0,10.0,1,1,13086,1,15405,19033,21660,8526,8896,14411,3944,13505,14344,13505,6876,22137,19889,14293,16469,12854,808,8846,20257,11254,19913,5660,18589,2246,150,19152,1,,2024,2025
,1628378,Donovan Mitchell,Donovan,1610612739,CLE,,22401030,,,,21.1,5.0,13.0,0.385,0.0,5.0,0.0,6.0,9.0,0.667,0.0,3.0,3.0,4.0,1.0,2.0,0.0,0.0,2.0,4.0,16.0,20.0,30.6,0,0,27.0,1,1,13086,1,15206,7242,5079,16070,15070,6354,15070,1180,643,9425,14058,9417,12778,4780,8788,1671,8263,8846,7392,2493,6070,1243,6876,2246,150,7999,1,,2024,2025
,202684,Tristan Thompson,Tristan,1610612739,CLE,,22401030,,,,4.3,3.0,3.0,1.0,0.0,0.0,0.0,0.0,0.0,0.0,1.0,2.0,3.0,1.0,0.0,0.0,0.0,0.0,0.0,0.0,6.0,4.0,11.1,0,0,10.0,1,1,13086,1,24333,12449,19992,1,15070,20945,15070,13505,14344,13505,6876,13151,12778,14293,16469,12854,8263,8846,20257,17725,15937,8479,18988,2246,150,19152,1,,2024,2025
,1630241,Sam Merrill,Sam,1610612739,CLE,,22401030,,,,24.8,2.0,9.0,0.222,2.0,9.0,0.222,0.0,0.0,0.0,2.0,3.0,5.0,5.0,0.0,1.0,1.0,1.0,0.0,2.0,6.0,8.0,25.5,0,0,22.0,1,1,13086,1,12147,15612,9700,21205,4949,1295,13288,13505,14344,13505,3306,9417,7268,3273,16469,5025,2537,2383,20257,6956,15937,5660,9681,2246,150,10998,1,,2024,2025
,1630596,Evan Mobley,Evan,1610612739,CLE,,22401030,,,,21.1,4.0,10.0,0.4,0.0,4.0,0.0,3.0,5.0,0.6,4.0,7.0,11.0,1.0,1.0,0.0,3.0,0.0,1.0,4.0,11.0,20.0,33.7,1,0,29.0,1,1,13086,1,15206,9611,8304,14933,15070,8688,15070,4159,2872,10343,785,1947,1106,14293,8788,12854,252,8846,13332,2493,10323,1243,5417,1,150,6953,1,,2024,2025
,1641854,Craig Porter Jr.,Craig,1610612739,CLE,,22401030,,,,9.7,1.0,2.0,0.5,0.0,0.0,0.0,0.0,0.0,0.0,0.0,0.0,0.0,3.0,0.0,0.0,0.0,0.0,2.0,0.0,2.0,4.0,6.5,0,0,5.0,1,1,13086,1,22227,19033,21660,8526,15070,20945,15070,13505,14344,13505,14058,22137,23286,6913,16469,12854,8263,8846,7392,17725,21232,8479,21818,2246,150,22358,1,,2024,2025
,1630171,Isaac Okoro,Isaac,1610612739,CLE,,22401030,,,,19.8,1.0,4.0,0.25,0.0,2.0,0.0,4.0,4.0,1.0,0.0,0.0,0.0,0.0,0.0,1.0,0.0,1.0,2.0,3.0,6.0,8.0,9.0,0,0,8.0,1,1,13086,1,16221,19033,18231,20233,15070,14411,15070,2676,3754,1,14058,22137,23286,19908,16469,5025,8263,2383,7392,4218,15937,5660,20341,2246,150,20457,1,,2024,2025
,1629622,Max Strus,Max,1610612739,CLE,,22401030,,,,18.5,3.0,6.0,0.5,1.0,4.0,0.25,0.0,0.0,0.0,0.0,3.0,3.0,2.0,1.0,0.0,0.0,0.0,0.0,1.0,7.0,20.0,12.6,0,0,13.0,1,1,13086,1,17225,12449,14618,8526,8896,8688,11902,13505,14344,13505,14058,9417,12778,9909,8788,12854,8263,8846,20257,11254,14857,1243,17974,2246,150,17050,1,,2024,2025
,1629631,De'Andre Hunter,De'Andre,1610612739,CLE,,22401030,,,,22.0,5.0,10.0,0.5,2.0,6.0,0.333,3.0,3.0,1.0,2.0,4.0,6.0,0.0,0.0,0.0,0.0,0.0,2.0,3.0,15.0,0.0,22.2,0,0,23.0,1,1,13086,1,14502,7242,8304,8526,4949,4502,9209,4159,6038,1,3306,6429,5362,19908,16469,12854,8263,8846,7392,4218,6813,12240,11623,2246,150,10339,1,,2024,2025
,1629660,Ty Jerome,Ty,1610612739,CLE,,22401030,,,,20.0,4.0,6.0,0.667,3.0,4.0,0.75,1.0,2.0,0.5,1.0,2.0,3.0,3.0,0.0,1.0,0.0,0.0,2.0,1.0,12.0,-5.0,23.1,0,0,23.0,1,1,13086,1,16042,9611,14618,3281,2458,8688,1542,10215,7446,10625,6876,13151,12778,6913,16469,5025,8263,8846,7392,11254,9299,17436,11107,2246,150,10339,1,,2024,2025
,1629750,Javonte Green,Javonte,1610612739,CLE,,22401030,,,,9.0,2.0,4.0,0.5,0.0,1.0,0.0,0.0,1.0,0.0,0.0,0.0,0.0,0.0,0.0,1.0,0.0,0.0,1.0,1.0,4.0,4.0,7.0,0,0,6.0,1,1,13086,1,22470,15612,18231,8526,15070,17631,15070,13505,12810,13505,14058,22137,23286,19908,16469,5025,8263,8846,13332,11254,18599,8479,21542,2246,150,21698,1,,2024,2025
,1629731,Dean Wade,Dean,1610612739,CLE,,22401030,,,,17.4,2.0,5.0,0.4,1.0,4.0,0.25,0.0,0.0,0.0,1.0,3.0,4.0,1.0,0.0,0.0,1.0,0.0,0.0,0.0,5.0,0.0,14.3,0,0,13.0,1,1,13086,1,18004,15612,16437,14933,8896,8688,11902,13505,14344,13505,6876,9417,9701,14293,16469,12854,2537,8846,20257,17725,17323,12240,16842,2246,150,17050,1,,2024,2025
,1628386,Jarrett Allen,Jarrett,1610612739,CLE,,22401030,,,,26.2,8.0,11.0,0.727,0.0,1.0,0.0,2.0,5.0,0.4,3.0,3.0,6.0,4.0,1.0,1.0,1.0,2.0,2.0,4.0,18.0,31.0,36.2,0,0,32.0,1,1,13086,1,10987,2561,7071,2666,15070,17631,15070,6020,2872,13061,1615,9417,5362,4780,8788,5025,2537,601,7392,2493,4762,149,4424,2246,150,5433,1,,2024,2025
,1629636,Darius Garland,Darius,1610612739,CLE,,22401030,,,,26.2,4.0,13.0,0.308,2.0,8.0,0.25,2.0,2.0,1.0,0.0,7.0,7.0,4.0,2.0,2.0,1.0,1.0,2.0,1.0,12.0,31.0,33.4,0,0,31.0,1,1,13086,1,10987,9611,5079,19226,4949,2050,11902,6020,7446,1,14058,1947,3946,4780,4442,1671,2537,2383,7392,11254,9299,149,5535,2246,150,5932,1,,2024,2025
,1630596,Evan Mobley,Evan,1610612739,CLE,,22401021,,,,30.8,7.0,14.0,0.5,2.0,4.0,0.5,0.0,2.0,0.0,4.0,8.0,12.0,5.0,1.0,1.0,2.0,1.0,0.0,2.0,16.0,-9.0,45.9,1,0,41.0,1,13222,1,13222,7069,3730,4240,8526,4949,8688,3944,13505,7446,13505,785,1271,760,3273,8788,5025,808,2383,20257,6956,6070,20535,1838,1,150,2498,1,,2024,2025
,1628386,Jarrett Allen,Jarrett,1610612739,CLE,,22401021,,,,22.5,3.0,4.0,0.75,0.0,0.0,0.0,0.0,0.0,0.0,2.0,4.0,6.0,1.0,1.0,0.0,2.0,0.0,0.0,1.0,6.0,-9.0,19.7,0,0,17.0,1,13222,1,13222,14137,12449,18231,2107,15070,20945,15070,13505,14344,13505,3306,6429,5362,14293,8788,12854,808,8846,20257,11254,15937,20535,13310,2246,150,14250,1,,2024,2025
,1628378,Donovan Mitchell,Donovan,1610612739,CLE,,22401021,,,,30.7,2.0,18.0,0.111,0.0,8.0,0.0,3.0,4.0,0.75,0.0,4.0,4.0,3.0,0.0,2.0,0.0,1.0,0.0,4.0,7.0,-9.0,22.3,0,0,18.0,1,13222,1,13222,7112,15612,1822,22520,15070,2050,15070,4159,3754,8186,14058,6429,9701,6913,16469,1671,8263,2383,20257,2493,14857,20535,11570,2246,150,13589,1,,2024,2025
,1629660,Ty Jerome,Ty,1610612739,CLE,,22401021,,,,19.0,5.0,8.0,0.625,2.0,5.0,0.4,4.0,4.0,1.0,1.0,0.0,1.0,5.0,2.0,2.0,1.0,0.0,1.0,3.0,16.0,-9.0,31.7,0,0,30.0,1,13222,1,13222,16793,7242,11288,4899,4949,6354,7874,2676,3754,1,6876,22137,19889,3273,4442,1671,2537,8846,13332,4218,6070,20535,6320,2246,150,6431,1,,2024,2025
,1629622,Max Strus,Max,1610612739,CLE,,22401021,,,,23.5,3.0,5.0,0.6,3.0,4.0,0.75,0.0,0.0,0.0,3.0,1.0,4.0,1.0,1.0,1.0,0.0,1.0,4.0,1.0,9.0,-9.0,17.3,0,0,19.0,1,13222,1,13222,13320,12449,16437,5394,2458,8688,1542,13505,14344,13505,1615,17569,9701,14293,8788,5025,8263,2383,1150,11254,12445,20535,14888,2246,150,12913,1,,2024,2025
,1630171,Isaac Okoro,Isaac,1610612739,CLE,,22401021,,,,13.8,3.0,6.0,0.5,2.0,5.0,0.4,2.0,2.0,1.0,1.0,0.0,1.0,1.0,0.0,0.0,0.0,0.0,1.0,1.0,10.0,5.0,12.7,0,0,14.0,1,13222,1,13222,20303,12449,14618,8526,4949,6354,7874,6020,7446,1,6876,22137,19889,14293,16469,12854,8263,8846,13332,11254,11377,7737,17905,2246,150,16370,1,,2024,2025
,1629731,Dean Wade,Dean,1610612739,CLE,,22401021,,,,16.0,2.0,3.0,0.667,2.0,3.0,0.667,0.0,0.0,0.0,0.0,0.0,0.0,0.0,0.0,0.0,0.0,0.0,0.0,0.0,6.0,-14.0,6.0,0,0,8.0,1,13222,1,13222,18947,15612,19992,3281,4949,11494,1957,13505,14344,13505,14058,22137,23286,19908,16469,12854,8263,8846,20257,17725,15937,23203,22098,2246,150,20457,1,,2024,2025
,1629750,Javonte Green,Javonte,1610612739,CLE,,22401021,,,,7.0,1.0,5.0,0.2,1.0,2.0,0.5,0.0,0.0,0.0,3.0,0.0,3.0,1.0,0.0,1.0,0.0,0.0,2.0,0.0,3.0,-2.0,11.1,0,0,10.0,1,13222,1,13222,23162,19033,16437,21401,8896,14411,3944,13505,14344,13505,1615,22137,12778,14293,16469,5025,8263,8846,7392,17725,19913,14448,18988,2246,150,19152,1,,2024,2025
,1629631,De'Andre Hunter,De'Andre,1610612739,CLE,,22401021,,,,22.0,6.0,8.0,0.75,3.0,5.0,0.6,2.0,2.0,1.0,0.0,1.0,1.0,1.0,0.0,0.0,0.0,0.0,2.0,2.0,17.0,3.0,19.7,0,0,22.0,1,13222,1,13222,14474,5250,11288,2107,2458,6354,2992,6020,7446,1,14058,17569,19889,14293,16469,12854,8263,8846,7392,6956,5360,9394,13310,2246,150,10998,1,,2024,2025
,1629636,Darius Garland,Darius,1610612739,CLE,,22401021,,,,36.9,8.0,16.0,0.5,2.0,5.0,0.4,0.0,0.0,0.0,0.0,5.0,5.0,6.0,5.0,0.0,0.0,0.0,2.0,2.0,18.0,-4.0,28.0,0,0,31.0,1,13222,1,13222,2048,2561,2836,8526,4949,6354,7874,13505,14344,13505,14058,4392,7268,2199,387,12854,8263,8846,7392,6956,4762,16449,8197,2246,150,5932,1,,2024,2025
,1630241,Sam Merrill,Sam,1610612739,CLE,,22401021,,,,17.8,2.0,7.0,0.286,0.0,4.0,0.0,0.0,0.0,0.0,2.0,5.0,7.0,0.0,1.0,4.0,0.0,0.0,0.0,0.0,4.0,2.0,23.4,0,0,19.0,1,13222,1,13222,17729,15612,12910,19630,15070,8688,15070,13505,14344,13505,3306,4392,3946,19908,8788,123,8263,8846,20257,17725,18599,10285,10921,2246,150,12913,1,,2024,2025
,1630171,Isaac Okoro,Isaac,1610612739,CLE,,22401009,,,,15.6,2.0,3.0,0.667,1.0,2.0,0.5,0.0,0.0,0.0,0.0,0.0,0.0,0.0,1.0,1.0,1.0,0.0,1.0,0.0,5.0,-6.0,10.0,0,0,10.0,1,13222,1,13222,19184,15612,19992,3281,8896,14411,3944,13505,14344,13505,14058,22137,23286,19908,8788,5025,2537,8846,13332,17725,17323,18298,19706,2246,150,19152,1,,2024,2025
,1629660,Ty Jerome,Ty,1610612739,CLE,,22401009,,,,26.4,7.0,15.0,0.467,0.0,5.0,0.0,0.0,0.0,0.0,1.0,0.0,1.0,6.0,2.0,1.0,0.0,0.0,1.0,1.0,14.0,-10.0,25.2,0,0,23.0,1,13222,1,13222,10825,3730,3491,12249,15070,6354,15070,13505,14344,13505,6876,22137,19889,2199,4442,5025,8263,8846,13332,11254,7553,21147,9847,2246,150,10339,1,,2024,2025
,1628386,Jarrett Allen,Jarrett,1610612739,CLE,,22401009,,,,29.8,4.0,5.0,0.8,0.0,0.0,0.0,2.0,4.0,0.5,1.0,4.0,5.0,2.0,2.0,1.0,0.0,0.0,1.0,4.0,10.0,3.0,20.0,0,0,19.0,1,13222,1,13222,8001,9611,16437,1688,15070,20945,15070,6020,3754,10625,6876,6429,7268,9909,4442,5025,8263,8846,13332,2493,11377,9394,13097,2246,150,12913,1,,2024,2025
,1641854,Craig Porter Jr.,Craig,1610612739,CLE,,22401009,,,,7.6,0.0,0.0,0.0,0.0,0.0,0.0,1.0,2.0,0.5,0.0,0.0,0.0,0.0,0.0,0.0,0.0,0.0,1.0,2.0,1.0,4.0,1.0,0,0,1.0,1,13222,1,13222,22951,22635,24836,22635,15070,20945,15070,10215,7446,10625,14058,22137,23286,19908,16469,12854,8263,8846,13332,6956,22996,8479,25049,2246,150,24667,1,,2024,2025
,1630241,Sam Merrill,Sam,1610612739,CLE,,22401009,,,,12.4,0.0,0.0,0.0,0.0,0.0,0.0,0.0,0.0,0.0,1.0,0.0,1.0,4.0,1.0,0.0,0.0,0.0,0.0,0.0,0.0,-14.0,6.2,0,0,5.0,1,13222,1,13222,21042,22635,24836,22635,15070,20945,15070,13505,14344,13505,6876,22137,19889,4780,8788,12854,8263,8846,20257,17725,23200,23203,21956,2246,150,22358,1,,2024,2025
,1629631,De'Andre Hunter,De'Andre,1610612739,CLE,,22401009,,,,30.7,3.0,8.0,0.375,2.0,5.0,0.4,0.0,0.0,0.0,0.0,4.0,4.0,3.0,0.0,1.0,0.0,0.0,1.0,2.0,8.0,-12.0,20.3,0,0,19.0,1,13222,1,13222,7120,12449,11288,16299,4949,6354,7874,13505,14344,13505,14058,6429,9701,6913,16469,5025,8263,8846,13332,6956,13544,22309,12888,2246,150,12913,1,,2024,2025
,1630596,Evan Mobley,Evan,1610612739,CLE,,22401009,,,,31.6,13.0,18.0,0.722,4.0,5.0,0.8,1.0,1.0,1.0,3.0,7.0,10.0,2.0,2.0,1.0,0.0,0.0,2.0,2.0,31.0,3.0,47.0,1,0,49.0,1,13222,1,13222,6365,245,1822,2738,1130,6354,1389,10215,12810,1,1615,1947,1549,9909,4442,5025,8263,8846,7392,6956,685,9394,1630,1,150,1048,1,,2024,2025
,1629622,Max Strus,Max,1610612739,CLE,,22401009,,,,29.6,5.0,10.0,0.5,1.0,5.0,0.2,1.0,2.0,0.5,1.0,3.0,4.0,2.0,1.0,1.0,0.0,1.0,3.0,1.0,12.0,-4.0,21.8,0,0,21.0,1,13222,1,13222,8100,7242,8304,8526,8896,6354,13429,10215,7446,10625,6876,9417,9701,9909,8788,5025,8263,2383,3404,11254,9299,16449,11881,2246,150,11621,1,,2024,2025
,1628378,Donovan Mitchell,Donovan,1610612739,CLE,,22401009,,,,33.3,8.0,17.0,0.471,1.0,6.0,0.167,9.0,9.0,1.0,0.0,5.0,5.0,4.0,3.0,1.0,0.0,0.0,2.0,8.0,26.0,-1.0,38.0,0,0,38.0,1,13222,1,13222,4899,2561,2289,12143,8896,4502,14236,318,643,1,14058,4392,7268,4780,2037,5025,8263,8846,7392,220,1579,13450,3812,2246,150,3270,1,,2024,2025
,1629731,Dean Wade,Dean,1610612739,CLE,,22401009,,,,23.0,4.0,8.0,0.5,4.0,6.0,0.667,0.0,0.0,0.0,1.0,6.0,7.0,1.0,0.0,0.0,0.0,0.0,2.0,0.0,12.0,17.0,21.9,0,0,24.0,1,13222,1,13222,13721,9611,11288,8526,1130,4502,1957,13505,14344,13505,6876,2943,3946,14293,16469,12854,8263,8846,7392,17725,9299,1948,11822,2246,150,9719,1,,2024,2025
,1630171,Isaac Okoro,Isaac,1610612739,CLE,,22400997,,,,12.2,1.0,4.0,0.25,1.0,3.0,0.333,0.0,0.0,0.0,0.0,0.0,0.0,2.0,2.0,1.0,0.0,1.0,2.0,0.0,3.0,7.0,7.0,0,0,8.0,1,13222,1,13222,21156,19033,18231,20233,8896,11494,9209,13505,14344,13505,14058,22137,23286,9909,4442,5025,8263,2383,7392,17725,19913,6330,21542,2246,150,20457,1,,2024,2025
,1629636,Darius Garland,Darius,1610612739,CLE,,22400997,,,,31.8,6.0,14.0,0.429,2.0,6.0,0.333,3.0,3.0,1.0,2.0,3.0,5.0,8.0,2.0,2.0,0.0,1.0,1.0,5.0,17.0,8.0,39.0,0,0,36.0,1,13222,1,13222,6172,5250,4240,13735,4949,4502,9209,4159,6038,1,3306,9417,7268,963,4442,1671,8263,2383,13332,1447,5360,5660,3499,2246,150,3901,1,,2024,2025
,1629631,De'Andre Hunter,De'Andre,1610612739,CLE,,22400997,,,,20.0,7.0,10.0,0.7,3.0,6.0,0.5,0.0,1.0,0.0,0.0,1.0,1.0,0.0,0.0,0.0,0.0,0.0,4.0,1.0,17.0,-3.0,18.2,0,0,21.0,1,13222,1,13222,16010,3730,8304,3045,2458,4502,3944,13505,12810,13505,14058,17569,19889,19908,16469,12854,8263,8846,1150,11254,5360,15511,14270,2246,150,11621,1,,2024,2025
,1628386,Jarrett Allen,Jarrett,1610612739,CLE,,22400997,,,,31.8,4.0,7.0,0.571,0.0,0.0,0.0,0.0,2.0,0.0,3.0,5.0,8.0,1.0,0.0,1.0,0.0,1.0,2.0,5.0,8.0,8.0,22.1,0,0,19.0,1,13222,1,13222,6172,9611,12910,6538,15070,20945,15070,13505,7446,13505,1615,4392,2934,14293,16469,5025,8263,2383,7392,1447,13544,5660,11691,2246,150,12913,1,,2024,2025
,1629750,Javonte Green,Javonte,1610612739,CLE,,22400997,,,,1.3,0.0,0.0,0.0,0.0,0.0,0.0,0.0,0.0,0.0,0.0,0.0,0.0,0.0,0.0,0.0,0.0,0.0,0.0,0.0,0.0,0.0,0.0,0,0,0.0,1,13222,1,13222,25922,22635,24836,22635,15070,20945,15070,13505,14344,13505,14058,22137,23286,19908,16469,12854,8263,8846,20257,17725,23200,12240,25228,2246,150,25259,1,,2024,2025
,1642281,Jaylon Tyson,Jaylon,1610612739,CLE,,22400997,,,,1.3,0.0,0.0,0.0,0.0,0.0,0.0,0.0,0.0,0.0,0.0,0.0,0.0,0.0,0.0,0.0,0.0,0.0,0.0,0.0,0.0,0.0,0.0,0,0,0.0,1,13222,1,13222,25922,22635,24836,22635,15070,20945,15070,13505,14344,13505,14058,22137,23286,19908,16469,12854,8263,8846,20257,17725,23200,12240,25228,2246,150,25259,1,,2024,2025
,1641854,Craig Porter Jr.,Craig,1610612739,CLE,,22400997,,,,1.3,0.0,0.0,0.0,0.0,0.0,0.0,0.0,0.0,0.0,0.0,0.0,0.0,0.0,0.0,0.0,0.0,0.0,0.0,0.0,0.0,0.0,0.0,0,0,0.0,1,13222,1,13222,25922,22635,24836,22635,15070,20945,15070,13505,14344,13505,14058,22137,23286,19908,16469,12854,8263,8846,20257,17725,23200,12240,25228,2246,150,25259,1,,2024,2025
,1629660,Ty Jerome,Ty,1610612739,CLE,,22400997,,,,19.5,4.0,9.0,0.444,0.0,4.0,0.0,2.0,5.0,0.4,0.0,0.0,0.0,4.0,0.0,0.0,0.0,0.0,0.0,4.0,10.0,-14.0,16.0,0,0,14.0,1,13222,1,13222,16401,9611,9700,13045,15070,8688,15070,6020,2872,13061,14058,22137,23286,4780,16469,12854,8263,8846,20257,2493,11377,23203,15742,2246,150,16370,1,,2024,2025
,1629731,Dean Wade,Dean,1610612739,CLE,,22400997,,,,15.8,1.0,1.0,1.0,0.0,0.0,0.0,0.0,0.0,0.0,1.0,2.0,3.0,1.0,0.0,1.0,0.0,0.0,2.0,1.0,2.0,-6.0,10.1,0,0,8.0,1,13222,1,13222,19040,19033,23259,1,15070,20945,15070,13505,14344,13505,6876,13151,12778,14293,16469,5025,8263,8846,7392,11254,21232,18298,19649,2246,150,20457,1,,2024,2025
,1630241,Sam Merrill,Sam,1610612739,CLE,,22400997,,,,13.9,1.0,3.0,0.333,1.0,3.0,0.333,0.0,0.0,0.0,1.0,0.0,1.0,0.0,1.0,0.0,0.0,0.0,2.0,0.0,3.0,-17.0,3.2,0,0,5.0,1,13222,1,13222,20260,19033,19992,17395,8896,11494,9209,13505,14344,13505,6876,22137,19889,19908,8788,12854,8263,8846,7392,17725,19913,24263,23585,2246,150,22358,1,,2024,2025
,1630596,Evan Mobley,Evan,1610612739,CLE,,22400997,,,,31.2,7.0,12.0,0.583,0.0,2.0,0.0,3.0,6.0,0.5,0.0,3.0,3.0,1.0,1.0,1.0,0.0,0.0,4.0,3.0,17.0,-27.0,24.1,0,0,23.0,1,13222,1,13222,6684,3730,5979,6296,15070,14411,15070,4159,1898,10625,14058,9417,12778,14293,8788,5025,8263,8846,1150,4218,5360,25999,10511,2246,150,10339,1,,2024,2025
,1628378,Donovan Mitchell,Donovan,1610612739,CLE,,22400997,,,,33.6,5.0,18.0,0.278,2.0,9.0,0.222,6.0,6.0,1.0,1.0,3.0,4.0,11.0,2.0,0.0,0.0,2.0,1.0,3.0,18.0,-19.0,37.3,1,0,35.0,1,13222,1,13222,4683,7242,1822,20025,4949,1295,13288,1180,1898,1,6876,9417,9701,232,4442,12854,8263,601,13332,4218,4762,24841,4065,1,150,4250,1,,2024,2025
,1629622,Max Strus,Max,1610612739,CLE,,22400997,,,,26.4,8.0,12.0,0.667,5.0,8.0,0.625,3.0,3.0,1.0,2.0,2.0,4.0,1.0,0.0,0.0,0.0,0.0,3.0,4.0,24.0,-2.0,30.3,0,0,34.0,1,13222,1,13222,10827,2561,5979,3281,492,2050,2868,4159,6038,1,3306,13151,9701,14293,16469,12854,8263,8846,3404,2493,2129,14448,7033,2246,150,4638,1,,2024,2025
,1629631,De'Andre Hunter,De'Andre,1610612739,CLE,,22400979,,,,29.2,2.0,11.0,0.182,1.0,5.0,0.2,4.0,4.0,1.0,3.0,2.0,5.0,1.0,1.0,1.0,0.0,0.0,4.0,3.0,9.0,-5.0,18.5,0,0,18.0,1,13222,1,13222,8521,15612,7071,21891,8896,6354,13429,2676,3754,1,1615,13151,7268,14293,8788,5025,8263,8846,1150,4218,12445,17436,14086,2246,150,13589,1,,2024,2025
,1628378,Donovan Mitchell,Donovan,1610612739,CLE,,22400979,,,,34.2,9.0,28.0,0.321,3.0,14.0,0.214,2.0,2.0,1.0,3.0,3.0,6.0,5.0,3.0,1.0,0.0,1.0,3.0,2.0,23.0,3.0,37.7,0,0,39.0,1,13222,1,13222,4083,1688,82,19138,2458,97,13424,6020,7446,1,1615,9417,5362,3273,2037,5025,8263,2383,3404,6956,2434,9394,3913,2246,150,2984,1,,2024,2025
,1629660,Ty Jerome,Ty,1610612739,CLE,,22400979,,,,24.7,5.0,9.0,0.556,1.0,2.0,0.5,1.0,4.0,0.25,1.0,0.0,1.0,1.0,3.0,0.0,0.0,0.0,0.0,2.0,12.0,-9.0,11.7,0,0,15.0,1,13222,1,13222,12289,7242,9700,7248,8896,14411,3944,10215,3754,13358,6876,22137,19889,14293,2037,12854,8263,8846,20257,6956,9299,20535,18589,2246,150,15689,1,,2024,2025
,202684,Tristan Thompson,Tristan,1610612739,CLE,,22400979,,,,10.7,0.0,1.0,0.0,0.0,0.0,0.0,0.0,0.0,0.0,1.0,2.0,3.0,1.0,0.0,0.0,0.0,1.0,3.0,1.0,0.0,3.0,5.1,0,0,4.0,1,13222,1,13222,21852,22635,23259,22635,15070,20945,15070,13505,14344,13505,6876,13151,12778,14293,16469,12854,8263,2383,3404,11254,23200,9394,22656,2246,150,22929,1,,2024,2025
,1630171,Isaac Okoro,Isaac,1610612739,CLE,,22400979,,,,7.9,1.0,2.0,0.5,0.0,1.0,0.0,0.0,0.0,0.0,1.0,1.0,2.0,0.0,0.0,0.0,0.0,0.0,1.0,0.0,2.0,-13.0,4.4,0,0,4.0,1,13222,1,13222,22842,19033,21660,8526,15070,17631,15070,13505,14344,13505,6876,17569,16273,19908,16469,12854,8263,8846,13332,17725,21232,22771,23001,2246,150,22929,1,,2024,2025
,1629731,Dean Wade,Dean,1610612739,CLE,,22400979,,,,21.9,1.0,2.0,0.5,1.0,2.0,0.5,0.0,0.0,0.0,2.0,4.0,6.0,0.0,1.0,3.0,0.0,0.0,2.0,0.0,3.0,-4.0,18.2,0,0,16.0,1,13222,1,13222,14561,19033,21660,8526,8896,14411,3944,13505,14344,13505,3306,6429,5362,19908,8788,473,8263,8846,7392,17725,19913,16449,14270,2246,150,14948,1,,2024,2025
,1629636,Darius Garland,Darius,1610612739,CLE,,22400979,,,,33.1,8.0,16.0,0.5,2.0,5.0,0.4,1.0,2.0,0.5,1.0,5.0,6.0,4.0,5.0,2.0,0.0,1.0,2.0,2.0,19.0,1.0,33.2,0,0,35.0,1,13222,1,13222,5093,2561,2836,8526,4949,6354,7874,10215,7446,10625,6876,4392,5362,4780,387,1671,8263,2383,7392,6956,4202,11263,5623,2246,150,4250,1,,2024,2025
,1630241,Sam Merrill,Sam,1610612739,CLE,,22400979,,,,18.8,2.0,8.0,0.25,1.0,7.0,0.143,0.0,0.0,0.0,0.0,1.0,1.0,2.0,0.0,0.0,0.0,0.0,1.0,0.0,5.0,0.0,9.2,0,0,9.0,1,13222,1,13222,16954,15612,11288,20233,8896,3100,14649,13505,14344,13505,14058,17569,19889,9909,16469,12854,8263,8846,13332,17725,17323,12240,20210,2246,150,19766,1,,2024,2025
,1628386,Jarrett Allen,Jarrett,1610612739,CLE,,22400979,,,,32.3,8.0,11.0,0.727,0.0,0.0,0.0,4.0,6.0,0.667,3.0,9.0,12.0,2.0,0.0,0.0,1.0,0.0,4.0,7.0,20.0,-3.0,40.4,1,0,36.0,1,13222,1,13222,5701,2561,7071,2666,15070,20945,15070,2676,1898,9425,1615,796,760,9909,16469,12854,2537,8846,1150,426,3676,15511,3114,1,150,3901,1,,2024,2025
,1629622,Max Strus,Max,1610612739,CLE,,22400979,,,,27.2,4.0,8.0,0.5,1.0,4.0,0.25,1.0,2.0,0.5,1.0,5.0,6.0,5.0,0.0,0.0,0.0,0.0,2.0,3.0,10.0,2.0,24.7,0,0,22.0,1,13222,1,13222,10176,9611,11288,8526,8896,8688,11902,10215,7446,10625,6876,4392,5362,3273,16469,12854,8263,8846,7392,4218,11377,10285,10161,2246,150,10998,1,,2024,2025
,1629622,Max Strus,Max,1610612739,CLE,,22400962,,,,22.1,2.0,4.0,0.5,2.0,4.0,0.5,3.0,3.0,1.0,0.0,4.0,4.0,5.0,0.0,1.0,0.0,0.0,0.0,3.0,9.0,7.0,24.3,0,0,22.0,1,1,13086,1,14414,15612,18231,8526,4949,8688,3944,4159,6038,1,14058,6429,9701,3273,16469,5025,8263,8846,20257,4218,12445,6330,10409,2246,150,10998,1,,2024,2025
,1630171,Isaac Okoro,Isaac,1610612739,CLE,,22400962,,,,20.8,3.0,4.0,0.75,1.0,2.0,0.5,0.0,0.0,0.0,1.0,2.0,3.0,2.0,2.0,0.0,0.0,0.0,2.0,0.0,7.0,7.0,11.6,0,0,13.0,1,1,13086,1,15426,12449,18231,2107,8896,14411,3944,13505,14344,13505,6876,13151,12778,9909,4442,12854,8263,8846,7392,17725,14857,6330,18658,2246,150,17050,1,,2024,2025
,1629731,Dean Wade,Dean,1610612739,CLE,,22400962,,,,22.6,1.0,4.0,0.25,0.0,3.0,0.0,0.0,0.0,0.0,1.0,3.0,4.0,0.0,0.0,0.0,0.0,0.0,0.0,0.0,2.0,-1.0,6.8,0,0,6.0,1,1,13086,1,14002,19033,18231,20233,15070,11494,15070,13505,14344,13505,6876,9417,9701,19908,16469,12854,8263,8846,20257,17725,21232,13450,21674,2246,150,21698,1,,2024,2025
,202684,Tristan Thompson,Tristan,1610612739,CLE,,22400962,,,,4.0,0.0,0.0,0.0,0.0,0.0,0.0,0.0,0.0,0.0,0.0,0.0,0.0,0.0,0.0,0.0,0.0,0.0,0.0,0.0,0.0,-11.0,0.0,0,0,0.0,1,1,13086,1,24489,22635,24836,22635,15070,20945,15070,13505,14344,13505,14058,22137,23286,19908,16469,12854,8263,8846,20257,17725,23200,21738,25228,2246,150,25259,1,,2024,2025
,1642281,Jaylon Tyson,Jaylon,1610612739,CLE,,22400962,,,,4.0,0.0,4.0,0.0,0.0,3.0,0.0,2.0,2.0,1.0,1.0,0.0,1.0,0.0,0.0,0.0,0.0,0.0,0.0,1.0,2.0,-11.0,3.2,0,0,3.0,1,1,13086,1,24489,22635,18231,22635,15070,11494,15070,6020,7446,1,6876,22137,19889,19908,16469,12854,8263,8846,20257,11254,21232,21738,23585,2246,150,23533,1,,2024,2025
,1628386,Jarrett Allen,Jarrett,1610612739,CLE,,22400962,,,,25.4,6.0,7.0,0.857,0.0,0.0,0.0,4.0,8.0,0.5,0.0,6.0,6.0,3.0,2.0,1.0,1.0,0.0,3.0,4.0,16.0,10.0,31.7,0,0,29.0,1,1,13086,1,11682,5250,12910,1412,15070,20945,15070,2676,912,10625,14058,2943,5362,6913,4442,5025,2537,8846,3404,2493,6070,4588,6320,2246,150,6953,1,,2024,2025
,1629636,Darius Garland,Darius,1610612739,CLE,,22400962,,,,29.8,7.0,17.0,0.412,3.0,11.0,0.273,3.0,3.0,1.0,0.0,2.0,2.0,9.0,3.0,4.0,0.0,1.0,1.0,5.0,20.0,17.0,44.9,0,0,42.0,1,1,13086,1,7964,3730,2289,14791,2458,499,11838,4159,6038,1,14058,13151,16273,635,2037,123,8263,2383,13332,1447,3676,1948,2040,2246,150,2239,1,,2024,2025
,1630596,Evan Mobley,Evan,1610612739,CLE,,22400962,,,,31.6,9.0,16.0,0.563,3.0,6.0,0.5,1.0,2.0,0.5,2.0,9.0,11.0,3.0,2.0,1.0,2.0,1.0,0.0,2.0,22.0,16.0,46.7,1,0,45.0,1,1,13086,1,6299,1688,2836,7127,2458,4502,3944,10215,7446,10625,3306,796,1106,6913,4442,5025,808,2383,20257,6956,2824,2243,1683,1,150,1626,1,,2024,2025
,1629631,De'Andre Hunter,De'Andre,1610612739,CLE,,22400962,,,,22.8,4.0,6.0,0.667,3.0,5.0,0.6,7.0,8.0,0.875,0.0,5.0,5.0,1.0,1.0,1.0,0.0,0.0,5.0,4.0,18.0,11.0,27.5,0,0,29.0,1,1,13086,1,13887,9611,14618,3281,2458,6354,2992,752,912,6931,14058,4392,7268,14293,8788,5025,8263,8846,217,2493,4762,4119,8499,2246,150,6953,1,,2024,2025
,1630241,Sam Merrill,Sam,1610612739,CLE,,22400962,,,,21.9,5.0,7.0,0.714,4.0,5.0,0.8,0.0,0.0,0.0,1.0,0.0,1.0,2.0,2.0,0.0,0.0,1.0,1.0,0.0,14.0,13.0,16.2,0,0,21.0,1,1,13086,1,14561,7242,12910,2752,1130,6354,1389,13505,14344,13505,6876,22137,19889,9909,4442,12854,8263,2383,13332,17725,7553,3250,15608,2246,150,11621,1,,2024,2025
,1629660,Ty Jerome,Ty,1610612739,CLE,,22400962,,,,16.6,4.0,8.0,0.5,1.0,4.0,0.25,3.0,3.0,1.0,0.0,2.0,2.0,5.0,3.0,0.0,0.0,0.0,3.0,2.0,12.0,5.0,18.9,0,0,20.0,1,1,13086,1,18538,9611,11288,8526,8896,8688,11902,4159,6038,1,14058,13151,16273,3273,2037,12854,8263,8846,3404,6956,9299,7737,13828,2246,150,12254,1,,2024,2025
,1629750,Javonte Green,Javonte,1610612739,CLE,,22400962,,,,14.4,3.0,10.0,0.3,2.0,8.0,0.25,2.0,2.0,1.0,2.0,2.0,4.0,2.0,0.0,1.0,0.0,0.0,2.0,3.0,10.0,-7.0,20.8,0,0,20.0,1,1,13086,1,19928,12449,8304,19363,4949,2050,11902,6020,7446,1,3306,13151,9701,9909,16469,5025,8263,8846,7392,4218,11377,19141,12548,2246,150,12254,1,,2024,2025
,1641854,Craig Porter Jr.,Craig,1610612739,CLE,,22400962,,,,4.0,0.0,1.0,0.0,0.0,0.0,0.0,1.0,2.0,0.5,0.0,0.0,0.0,0.0,0.0,0.0,1.0,0.0,0.0,1.0,1.0,-11.0,4.0,0,0,3.0,1,1,13086,1,24489,22635,23259,22635,15070,20945,15070,10215,7446,10625,14058,22137,23286,19908,16469,12854,2537,8846,20257,11254,22996,21738,23284,2246,150,23533,1,,2024,2025
,1629636,Darius Garland,Darius,1610612739,CLE,,22400940,,,,36.4,11.0,24.0,0.458,3.0,11.0,0.273,5.0,5.0,1.0,0.0,4.0,4.0,8.0,3.0,4.0,0.0,0.0,0.0,3.0,30.0,12.0,55.8,0,0,53.0,1,1,13086,1,2379,704,331,12650,2458,499,11838,1817,2872,1,14058,6429,9701,963,2037,123,8263,8846,20257,4218,830,3654,598,2246,150,632,1,,2024,2025
,1628386,Jarrett Allen,Jarrett,1610612739,CLE,,22400940,,,,34.1,7.0,12.0,0.583,0.0,0.0,0.0,9.0,11.0,0.818,6.0,7.0,13.0,1.0,1.0,0.0,3.0,1.0,1.0,9.0,23.0,9.0,48.1,1,0,43.0,1,1,13086,1,4190,3730,5979,6296,15070,20945,15070,318,294,7652,185,1947,534,14293,8788,12854,252,2383,13332,121,2434,5125,1467,1,150,2014,1,,2024,2025
,1630596,Evan Mobley,Evan,1610612739,CLE,,22400940,,,,34.3,9.0,13.0,0.692,1.0,3.0,0.333,2.0,2.0,1.0,2.0,7.0,9.0,6.0,4.0,0.0,1.0,0.0,1.0,1.0,21.0,2.0,39.8,0,0,39.0,1,1,13086,1,3991,1688,5079,3171,8896,11494,9209,6020,7446,1,3306,1947,2169,2199,877,12854,2537,8846,13332,11254,3254,10285,3267,2246,150,2984,1,,2024,2025
,1629622,Max Strus,Max,1610612739,CLE,,22400940,,,,30.8,2.0,10.0,0.2,2.0,9.0,0.222,4.0,4.0,1.0,0.0,5.0,5.0,4.0,2.0,0.0,0.0,0.0,1.0,3.0,10.0,-8.0,20.0,0,0,21.0,1,1,13086,1,7055,15612,8304,21401,4949,1295,13288,2676,3754,1,14058,4392,7268,4780,4442,12854,8263,8846,13332,4218,11377,19855,13097,2246,150,11621,1,,2024,2025
,1630171,Isaac Okoro,Isaac,1610612739,CLE,,22400940,,,,32.7,3.0,10.0,0.3,0.0,5.0,0.0,0.0,2.0,0.0,3.0,2.0,5.0,0.0,1.0,2.0,0.0,1.0,4.0,1.0,6.0,7.0,17.0,0,0,15.0,1,1,13086,1,5374,12449,8304,19363,15070,6354,15070,13505,7446,13505,1615,13151,7268,19908,8788,1671,8263,2383,1150,11254,15937,6330,15071,2246,150,15689,1,,2024,2025
,1629750,Javonte Green,Javonte,1610612739,CLE,,22400940,,,,6.5,1.0,3.0,0.333,1.0,1.0,1.0,0.0,0.0,0.0,0.0,1.0,1.0,0.0,0.0,0.0,0.0,0.0,0.0,1.0,3.0,-8.0,4.2,0,0,5.0,1,1,13086,1,23380,19033,19992,17395,8896,17631,1,13505,14344,13505,14058,17569,19889,19908,16469,12854,8263,8846,20257,11254,19913,19855,23095,2246,150,22358,1,,2024,2025
,1629731,Dean Wade,Dean,1610612739,CLE,,22400940,,,,24.2,1.0,4.0,0.25,1.0,4.0,0.25,0.0,0.0,0.0,0.0,1.0,1.0,1.0,1.0,1.0,0.0,1.0,1.0,0.0,3.0,8.0,7.7,0,0,8.0,1,1,13086,1,12762,19033,18231,20233,8896,8688,11902,13505,14344,13505,14058,17569,19889,14293,8788,5025,8263,2383,13332,17725,19913,5660,21084,2246,150,20457,1,,2024,2025
,1641854,Craig Porter Jr.,Craig,1610612739,CLE,,22400940,,,,14.3,3.0,6.0,0.5,1.0,3.0,0.333,0.0,0.0,0.0,1.0,3.0,4.0,3.0,1.0,0.0,0.0,0.0,0.0,1.0,7.0,-6.0,15.3,0,0,15.0,1,1,13086,1,20016,12449,14618,8526,8896,11494,9209,13505,14344,13505,6876,9417,9701,6913,8788,12854,8263,8846,20257,11254,14857,18298,16175,2246,150,15689,1,,2024,2025
,1630241,Sam Merrill,Sam,1610612739,CLE,,22400940,,,,26.7,2.0,7.0,0.286,1.0,6.0,0.167,1.0,1.0,1.0,0.0,6.0,6.0,0.0,1.0,0.0,0.0,0.0,2.0,2.0,6.0,9.0,12.2,0,0,13.0,1,1,13086,1,10538,15612,12910,19630,8896,4502,14236,10215,12810,1,14058,2943,5362,19908,8788,12854,8263,8846,7392,6956,15937,5125,18251,2246,150,17050,1,,2024,2025
,1629622,Max Strus,Max,1610612739,CLE,,22400922,,,,22.3,6.0,11.0,0.545,5.0,9.0,0.556,0.0,0.0,0.0,4.0,5.0,9.0,2.0,2.0,1.0,0.0,0.0,2.0,0.0,17.0,17.0,31.8,0,0,35.0,1,1,13086,1,14312,5250,7071,7695,492,1295,3747,13505,14344,13505,785,4392,2169,9909,4442,5025,8263,8846,7392,17725,5360,1948,6263,2246,150,4250,1,,2024,2025
,1629631,De'Andre Hunter,De'Andre,1610612739,CLE,,22400922,,,,18.7,2.0,6.0,0.333,1.0,4.0,0.25,1.0,2.0,0.5,1.0,2.0,3.0,2.0,0.0,0.0,0.0,0.0,1.0,2.0,6.0,-2.0,12.6,0,0,12.0,1,1,13086,1,17057,15612,14618,17395,8896,8688,11902,10215,7446,10625,6876,13151,12778,9909,16469,12854,8263,8846,13332,6956,15937,14448,17974,2246,150,17796,1,,2024,2025
,1629636,Darius Garland,Darius,1610612739,CLE,,22400922,,,,28.6,4.0,13.0,0.308,1.0,8.0,0.125,4.0,4.0,1.0,1.0,4.0,5.0,5.0,3.0,0.0,0.0,0.0,2.0,3.0,13.0,11.0,23.5,0,0,24.0,1,1,13086,1,9035,9611,5079,19226,8896,2050,14886,2676,3754,1,6876,6429,7268,3273,2037,12854,8263,8846,7392,4218,8426,4119,10865,2246,150,9719,1,,2024,2025
,1629731,Dean Wade,Dean,1610612739,CLE,,22400922,,,,15.2,3.0,3.0,1.0,3.0,3.0,1.0,0.0,0.0,0.0,0.0,3.0,3.0,1.0,0.0,1.0,0.0,0.0,1.0,0.0,9.0,23.0,17.1,0,0,18.0,1,1,13086,1,19426,12449,19992,1,2458,11494,1,13505,14344,13505,14058,9417,12778,14293,16469,5025,8263,8846,13332,17725,12445,736,15010,2246,150,13589,1,,2024,2025
,1630596,Evan Mobley,Evan,1610612739,CLE,,22400922,,,,28.3,5.0,10.0,0.5,2.0,4.0,0.5,1.0,2.0,0.5,2.0,5.0,7.0,2.0,3.0,3.0,1.0,1.0,1.0,2.0,13.0,3.0,33.4,0,0,32.0,1,1,13086,1,9285,7242,8304,8526,4949,8688,3944,10215,7446,10625,3306,4392,3946,9909,2037,473,2537,2383,13332,6956,8426,9394,5535,2246,150,5433,1,,2024,2025
,1628386,Jarrett Allen,Jarrett,1610612739,CLE,,22400922,,,,30.5,5.0,6.0,0.833,0.0,0.0,0.0,1.0,2.0,0.5,2.0,4.0,6.0,3.0,1.0,3.0,1.0,0.0,3.0,2.0,11.0,9.0,33.7,0,0,28.0,1,1,13086,1,7363,7242,14618,1514,15070,20945,15070,10215,7446,10625,3306,6429,5362,6913,8788,473,2537,8846,3404,6956,10323,5125,5417,2246,150,7475,1,,2024,2025
,202684,Tristan Thompson,Tristan,1610612739,CLE,,22400922,,,,3.1,1.0,3.0,0.333,0.0,0.0,0.0,0.0,0.0,0.0,1.0,1.0,2.0,0.0,0.0,0.0,0.0,0.0,0.0,0.0,2.0,-7.0,4.4,0,0,4.0,1,1,13086,1,24957,19033,19992,17395,15070,20945,15070,13505,14344,13505,6876,17569,16273,19908,16469,12854,8263,8846,20257,17725,21232,19141,23001,2246,150,22929,1,,2024,2025
,1629660,Ty Jerome,Ty,1610612739,CLE,,22400922,,,,18.4,3.0,9.0,0.333,1.0,3.0,0.333,2.0,2.0,1.0,0.0,1.0,1.0,1.0,0.0,1.0,0.0,0.0,3.0,1.0,9.0,7.0,14.7,0,0,14.0,1,1,13086,1,17292,12449,9700,17395,8896,11494,9209,6020,7446,1,14058,17569,19889,14293,16469,5025,8263,8846,3404,11254,12445,6330,16557,2246,150,16370,1,,2024,2025
,1642281,Jaylon Tyson,Jaylon,1610612739,CLE,,22400922,,,,3.1,0.0,1.0,0.0,0.0,0.0,0.0,0.0,0.0,0.0,0.0,0.0,0.0,1.0,0.0,0.0,0.0,0.0,0.0,0.0,0.0,-7.0,1.5,0,0,1.0,1,1,13086,1,24957,22635,23259,22635,15070,20945,15070,13505,14344,13505,14058,22137,23286,14293,16469,12854,8263,8846,20257,17725,23200,19141,24554,2246,150,24667,1,,2024,2025
,1641854,Craig Porter Jr.,Craig,1610612739,CLE,,22400922,,,,3.1,0.0,0.0,0.0,0.0,0.0,0.0,0.0,0.0,0.0,0.0,0.0,0.0,0.0,1.0,0.0,0.0,0.0,0.0,0.0,0.0,-7.0,-1.0,0,0,0.0,1,1,13086,1,24957,22635,24836,22635,15070,20945,15070,13505,14344,13505,14058,22137,23286,19908,8788,12854,8263,8846,20257,17725,23200,19141,26163,2246,150,25259,1,,2024,2025
,1629750,Javonte Green,Javonte,1610612739,CLE,,22400922,,,,3.1,1.0,2.0,0.5,1.0,2.0,0.5,0.0,0.0,0.0,0.0,0.0,0.0,0.0,0.0,0.0,0.0,0.0,0.0,1.0,3.0,-7.0,3.0,0,0,4.0,1,1,13086,1,24957,19033,21660,8526,8896,14411,3944,13505,14344,13505,14058,22137,23286,19908,16469,12854,8263,8846,20257,11254,19913,19141,23760,2246,150,22929,1,,2024,2025
,1628378,Donovan Mitchell,Donovan,1610612739,CLE,,22400922,,,,29.9,4.0,15.0,0.267,1.0,7.0,0.143,6.0,7.0,0.857,1.0,4.0,5.0,6.0,4.0,1.0,0.0,1.0,0.0,4.0,15.0,2.0,29.0,0,0,29.0,1,1,13086,1,7889,9611,3491,20170,8896,3100,14649,1180,1377,7071,6876,6429,7268,2199,877,5025,8263,2383,20257,2493,6813,10285,7650,2246,150,6953,1,,2024,2025
,1630241,Sam Merrill,Sam,1610612739,CLE,,22400922,,,,19.9,3.0,6.0,0.5,3.0,5.0,0.6,0.0,0.0,0.0,0.0,2.0,2.0,1.0,0.0,1.0,0.0,0.0,1.0,0.0,9.0,7.0,15.9,0,0,17.0,1,1,13086,1,16074,12449,14618,8526,2458,6354,2992,13505,14344,13505,14058,13151,16273,14293,16469,5025,8263,8846,13332,17725,12445,6330,15803,2246,150,14250,1,,2024,2025
,1630171,Isaac Okoro,Isaac,1610612739,CLE,,22400922,,,,16.1,2.0,3.0,0.667,1.0,2.0,0.5,0.0,0.0,0.0,1.0,0.0,1.0,1.0,1.0,0.0,0.0,0.0,1.0,0.0,5.0,11.0,6.7,0,0,8.0,1,1,13086,1,18872,15612,19992,3281,8896,14411,3944,13505,14344,13505,6876,22137,19889,14293,8788,12854,8263,8846,13332,17725,17323,4119,21709,2246,150,20457,1,,2024,2025
,1630241,Sam Merrill,Sam,1610612739,CLE,,22400904,,,,19.1,4.0,4.0,1.0,4.0,4.0,1.0,0.0,0.0,0.0,0.0,1.0,1.0,0.0,0.0,0.0,0.0,0.0,2.0,1.0,12.0,5.0,13.2,0,0,17.0,1,1,13086,1,16749,9611,18231,1,1130,8688,1,13505,14344,13505,14058,17569,19889,19908,16469,12854,8263,8846,7392,11254,9299,7737,17566,2246,150,14250,1,,2024,2025
,1628378,Donovan Mitchell,Donovan,1610612739,CLE,,22400904,,,,36.0,6.0,19.0,0.316,0.0,6.0,0.0,12.0,18.0,0.667,0.0,3.0,3.0,1.0,3.0,0.0,1.0,2.0,2.0,9.0,24.0,1.0,29.1,0,0,30.0,1,1,13086,1,2713,5250,1432,19148,15070,4502,15070,69,11,9425,14058,9417,12778,14293,2037,12854,2537,601,7392,121,2129,11263,7610,2246,150,6431,1,,2024,2025
,1629622,Max Strus,Max,1610612739,CLE,,22400904,,,,21.6,0.0,3.0,0.0,0.0,3.0,0.0,3.0,3.0,1.0,1.0,2.0,3.0,1.0,1.0,0.0,0.0,0.0,1.0,1.0,3.0,-14.0,7.1,0,0,7.0,1,1,13086,1,14812,22635,19992,22635,15070,11494,15070,4159,6038,1,6876,13151,12778,14293,8788,12854,8263,8846,13332,11254,19913,23203,21498,2246,150,21087,1,,2024,2025
,1629660,Ty Jerome,Ty,1610612739,CLE,,22400904,,,,17.0,2.0,4.0,0.5,0.0,0.0,0.0,2.0,2.0,1.0,0.0,5.0,5.0,3.0,2.0,0.0,0.0,1.0,1.0,2.0,6.0,9.0,14.5,0,0,14.0,1,1,13086,1,18243,15612,18231,8526,15070,20945,15070,6020,7446,1,14058,4392,7268,6913,4442,12854,8263,2383,13332,6956,15937,5125,16714,2246,150,16370,1,,2024,2025
,1629731,Dean Wade,Dean,1610612739,CLE,,22400904,,,,11.3,0.0,3.0,0.0,0.0,3.0,0.0,0.0,0.0,0.0,0.0,3.0,3.0,1.0,0.0,0.0,0.0,0.0,2.0,1.0,0.0,-5.0,5.1,0,0,4.0,1,1,13086,1,21593,22635,19992,22635,15070,11494,15070,13505,14344,13505,14058,9417,12778,14293,16469,12854,8263,8846,7392,11254,23200,17436,22656,2246,150,22929,1,,2024,2025
,1630171,Isaac Okoro,Isaac,1610612739,CLE,,22400904,,,,13.3,2.0,4.0,0.5,1.0,3.0,0.333,0.0,0.0,0.0,2.0,0.0,2.0,0.0,1.0,0.0,0.0,0.0,3.0,2.0,5.0,-14.0,6.4,0,0,8.0,1,1,13086,1,20623,15612,18231,8526,8896,11494,9209,13505,14344,13505,3306,22137,16273,19908,8788,12854,8263,8846,3404,6956,17323,23203,21876,2246,150,20457,1,,2024,2025
,1628386,Jarrett Allen,Jarrett,1610612739,CLE,,22400904,,,,31.9,4.0,10.0,0.4,0.0,0.0,0.0,6.0,6.0,1.0,3.0,8.0,11.0,0.0,1.0,5.0,1.0,0.0,0.0,4.0,14.0,-4.0,44.2,1,0,37.0,1,1,13086,1,6059,9611,8304,14933,15070,20945,15070,1180,1898,1,1615,1271,1106,19908,8788,33,2537,8846,20257,2493,7553,16449,2189,1,150,3591,1,,2024,2025
,1629631,De'Andre Hunter,De'Andre,1610612739,CLE,,22400904,,,,24.8,4.0,6.0,0.667,2.0,4.0,0.5,5.0,6.0,0.833,1.0,5.0,6.0,4.0,2.0,0.0,0.0,0.0,3.0,3.0,15.0,17.0,26.2,0,0,27.0,1,1,13086,1,12199,9611,14618,3281,4949,8688,3944,1817,1898,7275,6876,4392,5362,4780,4442,12854,8263,8846,3404,4218,6813,1948,9269,2246,150,7999,1,,2024,2025
,1629636,Darius Garland,Darius,1610612739,CLE,,22400904,,,,31.3,4.0,10.0,0.4,3.0,6.0,0.5,9.0,9.0,1.0,0.0,1.0,1.0,2.0,2.0,1.0,0.0,0.0,5.0,6.0,20.0,4.0,25.2,0,0,28.0,1,1,13086,1,6590,9611,8304,14933,2458,4502,3944,318,643,1,14058,17569,19889,9909,4442,5025,8263,8846,217,792,3676,8479,9847,2246,150,7475,1,,2024,2025
,1630596,Evan Mobley,Evan,1610612739,CLE,,22400904,,,,33.8,6.0,13.0,0.462,1.0,5.0,0.2,6.0,7.0,0.857,2.0,8.0,10.0,4.0,1.0,1.0,2.0,0.0,0.0,4.0,19.0,6.0,45.0,1,0,40.0,1,1,13086,1,4481,5250,5079,12428,8896,6354,13429,1180,1377,7071,3306,1271,1549,4780,8788,5025,808,8846,20257,2493,4202,7002,2012,1,150,2744,1,,2024,2025
,1628378,Donovan Mitchell,Donovan,1610612739,CLE,,22400893,,,,35.7,8.0,17.0,0.471,4.0,11.0,0.364,6.0,7.0,0.857,1.0,6.0,7.0,5.0,5.0,2.0,0.0,0.0,2.0,4.0,26.0,-3.0,42.9,0,0,46.0,1,1,13086,1,2928,2561,2289,12143,1130,499,9100,1180,1377,7071,6876,2943,3946,3273,387,1671,8263,8846,7392,2493,1579,15511,2507,2246,150,1461,1,,2024,2025
,1629636,Darius Garland,Darius,1610612739,CLE,,22400893,,,,31.9,5.0,12.0,0.417,3.0,9.0,0.333,2.0,2.0,1.0,1.0,2.0,3.0,10.0,2.0,1.0,0.0,0.0,1.0,2.0,15.0,2.0,34.6,1,0,33.0,1,1,13086,1,6086,7242,5979,14532,2458,1295,9209,6020,7446,1,6876,13151,12778,386,4442,5025,8263,8846,13332,6956,6813,10285,5046,1,150,5036,1,,2024,2025
,1630596,Evan Mobley,Evan,1610612739,CLE,,22400893,,,,35.5,7.0,10.0,0.7,0.0,0.0,0.0,2.0,7.0,0.286,4.0,9.0,13.0,3.0,3.0,0.0,1.0,0.0,3.0,5.0,16.0,12.0,36.1,1,0,34.0,1,1,13086,1,3054,3730,8304,3045,15070,20945,15070,6020,1377,13350,785,796,534,6913,2037,12854,2537,8846,3404,1447,6070,3654,4469,1,150,4638,1,,2024,2025
,1630171,Isaac Okoro,Isaac,1610612739,CLE,,22400893,,,,10.1,3.0,5.0,0.6,1.0,2.0,0.5,0.0,0.0,0.0,1.0,1.0,2.0,1.0,0.0,1.0,0.0,0.0,1.0,0.0,7.0,1.0,13.9,0,0,13.0,1,1,13086,1,22090,12449,16437,5394,8896,14411,3944,13505,14344,13505,6876,17569,16273,14293,16469,5025,8263,8846,13332,17725,14857,11263,17066,2246,150,17050,1,,2024,2025
,1629731,Dean Wade,Dean,1610612739,CLE,,22400893,,,,11.0,1.0,2.0,0.5,0.0,0.0,0.0,0.0,0.0,0.0,0.0,0.0,0.0,1.0,1.0,0.0,0.0,0.0,2.0,1.0,2.0,-2.0,2.5,0,0,3.0,1,1,13086,1,21693,19033,21660,8526,15070,20945,15070,13505,14344,13505,14058,22137,23286,14293,8788,12854,8263,8846,7392,11254,21232,14448,24132,2246,150,23533,1,,2024,2025
,1629622,Max Strus,Max,1610612739,CLE,,22400893,,,,26.0,4.0,8.0,0.5,3.0,7.0,0.429,0.0,0.0,0.0,0.0,2.0,2.0,2.0,0.0,1.0,0.0,0.0,3.0,1.0,11.0,5.0,19.4,0,0,20.0,1,1,13086,1,11159,9611,11288,8526,2458,3100,7394,13505,14344,13505,14058,13151,16273,9909,16469,5025,8263,8846,3404,11254,10323,7737,13495,2246,150,12254,1,,2024,2025
,1628386,Jarrett Allen,Jarrett,1610612739,CLE,,22400893,,,,25.5,2.0,6.0,0.333,0.0,0.0,0.0,0.0,0.0,0.0,0.0,8.0,8.0,1.0,1.0,0.0,2.0,1.0,2.0,0.0,4.0,-12.0,20.1,0,0,17.0,1,1,13086,1,11624,15612,14618,17395,15070,20945,15070,13505,14344,13505,14058,1271,2934,14293,8788,12854,808,2383,7392,17725,18599,22309,13013,2246,150,14250,1,,2024,2025
,1629631,De'Andre Hunter,De'Andre,1610612739,CLE,,22400893,,,,24.1,6.0,12.0,0.5,0.0,4.0,0.0,4.0,4.0,1.0,2.0,3.0,5.0,2.0,0.0,0.0,1.0,1.0,3.0,4.0,16.0,18.0,28.0,0,0,25.0,1,1,13086,1,12774,5250,5979,8526,15070,8688,15070,2676,3754,1,3306,9417,7268,9909,16469,12854,2537,2383,3404,2493,6070,1677,8197,2246,150,9137,1,,2024,2025
,1630241,Sam Merrill,Sam,1610612739,CLE,,22400893,,,,15.9,1.0,3.0,0.333,1.0,2.0,0.5,0.0,0.0,0.0,0.0,2.0,2.0,0.0,0.0,1.0,0.0,0.0,2.0,0.0,3.0,3.0,8.4,0,0,8.0,1,1,13086,1,18986,19033,19992,17395,8896,14411,3944,13505,14344,13505,14058,13151,16273,19908,16469,5025,8263,8846,7392,17725,19913,9394,20717,2246,150,20457,1,,2024,2025
,1629660,Ty Jerome,Ty,1610612739,CLE,,22400893,,,,24.4,4.0,12.0,0.333,2.0,5.0,0.4,2.0,2.0,1.0,1.0,4.0,5.0,1.0,1.0,1.0,0.0,0.0,0.0,2.0,12.0,1.0,21.5,0,0,22.0,1,1,13086,1,12590,9611,5979,17395,4949,6354,7874,6020,7446,1,6876,6429,7268,14293,8788,5025,8263,8846,20257,6956,9299,11263,12085,2246,150,10998,1,,2024,2025
,1629636,Darius Garland,Darius,1610612739,CLE,,22400886,,,,30.2,7.0,22.0,0.318,5.0,11.0,0.455,0.0,0.0,0.0,0.0,3.0,3.0,7.0,1.0,1.0,0.0,2.0,0.0,0.0,19.0,22.0,35.1,0,0,36.0,1,1,13086,1,7621,3730,626,19142,492,499,7148,13505,14344,13505,14058,9417,12778,1463,8788,5025,8263,601,20257,17725,4202,894,4839,2246,150,3901,1,,2024,2025
,1629622,Max Strus,Max,1610612739,CLE,,22400886,,,,24.6,4.0,7.0,0.571,3.0,6.0,0.5,0.0,0.0,0.0,2.0,1.0,3.0,5.0,0.0,0.0,0.0,0.0,2.0,1.0,11.0,26.0,22.1,0,0,22.0,1,1,13086,1,12389,9611,12910,6538,2458,4502,3944,13505,14344,13505,3306,17569,12778,3273,16469,12854,8263,8846,7392,11254,10323,449,11691,2246,150,10998,1,,2024,2025
,1629660,Ty Jerome,Ty,1610612739,CLE,,22400886,,,,22.9,3.0,10.0,0.3,1.0,6.0,0.167,9.0,9.0,1.0,1.0,2.0,3.0,2.0,2.0,0.0,0.0,2.0,2.0,5.0,16.0,-10.0,20.6,0,0,22.0,1,1,13086,1,13780,12449,8304,19363,8896,4502,14236,318,643,1,6876,13151,12778,9909,4442,12854,8263,601,7392,1447,6070,21147,12684,2246,150,10998,1,,2024,2025
,1629631,De'Andre Hunter,De'Andre,1610612739,CLE,,22400886,,,,23.7,2.0,7.0,0.286,0.0,2.0,0.0,2.0,2.0,1.0,0.0,5.0,5.0,0.0,0.0,0.0,1.0,0.0,0.0,1.0,6.0,12.0,15.0,0,0,13.0,1,1,13086,1,13171,15612,12910,19630,15070,14411,15070,6020,7446,1,14058,4392,7268,19908,16469,12854,2537,8846,20257,11254,15937,3654,16368,2246,150,17050,1,,2024,2025
,1630171,Isaac Okoro,Isaac,1610612739,CLE,,22400886,,,,20.5,2.0,4.0,0.5,0.0,1.0,0.0,0.0,0.0,0.0,0.0,1.0,1.0,1.0,0.0,0.0,0.0,0.0,3.0,1.0,4.0,8.0,6.7,0,0,6.0,1,1,13086,1,15662,15612,18231,8526,15070,17631,15070,13505,14344,13505,14058,17569,19889,14293,16469,12854,8263,8846,3404,11254,18599,5660,21709,2246,150,21698,1,,2024,2025
,1630241,Sam Merrill,Sam,1610612739,CLE,,22400886,,,,15.1,4.0,6.0,0.667,3.0,5.0,0.6,0.0,0.0,0.0,0.0,2.0,2.0,0.0,0.0,0.0,2.0,0.0,0.0,0.0,11.0,-4.0,19.4,0,0,20.0,1,1,13086,1,19484,9611,14618,3281,2458,6354,2992,13505,14344,13505,14058,13151,16273,19908,16469,12854,808,8846,20257,17725,10323,16449,13495,2246,150,12254,1,,2024,2025
,1641854,Craig Porter Jr.,Craig,1610612739,CLE,,22400886,,,,2.4,0.0,0.0,0.0,0.0,0.0,0.0,0.0,0.0,0.0,0.0,0.0,0.0,0.0,0.0,0.0,0.0,0.0,0.0,0.0,0.0,3.0,0.0,0,0,0.0,1,1,13086,1,25270,22635,24836,22635,15070,20945,15070,13505,14344,13505,14058,22137,23286,19908,16469,12854,8263,8846,20257,17725,23200,9394,25228,2246,150,25259,1,,2024,2025
,1629731,Dean Wade,Dean,1610612739,CLE,,22400886,,,,19.9,2.0,7.0,0.286,2.0,7.0,0.286,0.0,0.0,0.0,2.0,2.0,4.0,0.0,2.0,0.0,1.0,0.0,1.0,0.0,6.0,-5.0,11.8,0,0,14.0,1,1,13086,1,16094,15612,12910,19630,4949,3100,11433,13505,14344,13505,3306,13151,9701,19908,4442,12854,2537,8846,13332,17725,15937,17436,18542,2246,150,16370,1,,2024,2025
,1642281,Jaylon Tyson,Jaylon,1610612739,CLE,,22400886,,,,2.4,1.0,2.0,0.5,0.0,1.0,0.0,0.0,0.0,0.0,0.0,0.0,0.0,1.0,0.0,0.0,0.0,0.0,0.0,0.0,2.0,3.0,3.5,0,0,3.0,1,1,13086,1,25270,19033,21660,8526,15070,17631,15070,13505,14344,13505,14058,22137,23286,14293,16469,12854,8263,8846,20257,17725,21232,9394,23487,2246,150,23533,1,,2024,2025
,1628386,Jarrett Allen,Jarrett,1610612739,CLE,,22400886,,,,30.2,10.0,11.0,0.909,0.0,0.0,0.0,5.0,5.0,1.0,3.0,14.0,17.0,3.0,1.0,2.0,0.0,1.0,1.0,4.0,25.0,22.0,54.9,1,0,49.0,1,1,13086,1,7621,1099,7071,1292,15070,20945,15070,1817,2872,1,1615,50,104,6913,8788,1671,8263,2383,13332,2493,1828,894,667,1,150,1048,1,,2024,2025
,1628378,Donovan Mitchell,Donovan,1610612739,CLE,,22400886,,,,27.8,7.0,17.0,0.412,1.0,6.0,0.167,13.0,14.0,0.929,1.0,6.0,7.0,5.0,1.0,1.0,0.0,1.0,3.0,7.0,28.0,6.0,45.9,0,0,43.0,1,1,13086,1,9742,3730,2289,14791,8896,4502,14236,38,68,6719,6876,2943,3946,3273,8788,5025,8263,2383,3404,426,1156,7002,1838,2246,150,2014,1,,2024,2025
,1629750,Javonte Green,Javonte,1610612739,CLE,,22400886,,,,18.1,4.0,5.0,0.8,2.0,3.0,0.667,1.0,3.0,0.333,1.0,5.0,6.0,2.0,1.0,0.0,0.0,0.0,2.0,2.0,11.0,24.0,20.2,0,0,21.0,1,1,13086,1,17498,9611,16437,1688,4949,11494,1957,10215,6038,13132,6876,4392,5362,9909,8788,12854,8263,8846,7392,6956,10323,634,12950,2246,150,11621,1,,2024,2025
,202684,Tristan Thompson,Tristan,1610612739,CLE,,22400886,,,,2.4,0.0,0.0,0.0,0.0,0.0,0.0,0.0,0.0,0.0,1.0,1.0,2.0,1.0,0.0,0.0,0.0,0.0,0.0,0.0,0.0,3.0,3.9,0,0,3.0,1,1,13086,1,25270,22635,24836,22635,15070,20945,15070,13505,14344,13505,6876,17569,16273,14293,16469,12854,8263,8846,20257,17725,23200,9394,23345,2246,150,23533,1,,2024,2025
,1630241,Sam Merrill,Sam,1610612739,CLE,,22400867,,,,20.8,3.0,7.0,0.429,3.0,7.0,0.429,0.0,0.0,0.0,1.0,1.0,2.0,1.0,0.0,1.0,0.0,0.0,1.0,1.0,9.0,18.0,15.9,0,0,17.0,1,1,13086,1,15417,12449,12910,13735,2458,3100,7394,13505,14344,13505,6876,17569,16273,14293,16469,5025,8263,8846,13332,11254,12445,1677,15803,2246,150,14250,1,,2024,2025
,1629731,Dean Wade,Dean,1610612739,CLE,,22400867,,,,20.1,2.0,3.0,0.667,1.0,2.0,0.5,0.0,0.0,0.0,0.0,1.0,1.0,1.0,0.0,0.0,0.0,0.0,1.0,0.0,5.0,9.0,7.7,0,0,8.0,1,1,13086,1,15982,15612,19992,3281,8896,14411,3944,13505,14344,13505,14058,17569,19889,14293,16469,12854,8263,8846,13332,17725,17323,5125,21084,2246,150,20457,1,,2024,2025
,1641854,Craig Porter Jr.,Craig,1610612739,CLE,,22400867,,,,4.7,0.0,0.0,0.0,0.0,0.0,0.0,0.0,0.0,0.0,0.0,1.0,1.0,2.0,1.0,0.0,1.0,0.0,0.0,0.0,0.0,1.0,6.2,0,0,5.0,1,1,13086,1,24123,22635,24836,22635,15070,20945,15070,13505,14344,13505,14058,17569,19889,9909,8788,12854,2537,8846,20257,17725,23200,11263,21956,2246,150,22358,1,,2024,2025
,1629636,Darius Garland,Darius,1610612739,CLE,,22400867,,,,39.1,4.0,16.0,0.25,2.0,7.0,0.286,3.0,4.0,0.75,1.0,1.0,2.0,7.0,2.0,1.0,0.0,0.0,4.0,4.0,13.0,-10.0,26.9,0,0,26.0,1,1,13086,1,842,9611,2836,20233,4949,3100,11433,4159,3754,8186,6876,17569,16273,1463,4442,5025,8263,8846,1150,2493,8426,21147,8865,2246,150,8551,1,,2024,2025
,1630171,Isaac Okoro,Isaac,1610612739,CLE,,22400867,,,,18.6,1.0,3.0,0.333,1.0,3.0,0.333,0.0,0.0,0.0,1.0,2.0,3.0,0.0,0.0,0.0,1.0,0.0,2.0,0.0,3.0,-2.0,9.6,0,0,9.0,1,1,13086,1,17121,19033,19992,17395,8896,11494,9209,13505,14344,13505,6876,13151,12778,19908,16469,12854,2537,8846,7392,17725,19913,14448,19963,2246,150,19766,1,,2024,2025
,1628386,Jarrett Allen,Jarrett,1610612739,CLE,,22400867,,,,26.0,5.0,7.0,0.714,0.0,0.0,0.0,2.0,2.0,1.0,3.0,7.0,10.0,4.0,2.0,1.0,2.0,0.0,2.0,2.0,12.0,-12.0,37.0,1,0,32.0,1,1,13086,1,11157,7242,12910,2752,15070,20945,15070,6020,7446,1,1615,1947,1549,4780,4442,5025,808,8846,7392,6956,9299,22309,4162,1,150,5433,1,,2024,2025
,1629622,Max Strus,Max,1610612739,CLE,,22400867,,,,36.4,5.0,15.0,0.333,4.0,11.0,0.364,0.0,0.0,0.0,2.0,6.0,8.0,3.0,2.0,2.0,0.0,0.0,5.0,0.0,14.0,0.0,32.1,0,0,33.0,1,1,13086,1,2419,7242,3491,17395,1130,499,9100,13505,14344,13505,3306,2943,2934,6913,4442,1671,8263,8846,217,17725,7553,12240,6133,2246,150,5036,1,,2024,2025
,1629631,De'Andre Hunter,De'Andre,1610612739,CLE,,22400867,,,,31.5,8.0,15.0,0.533,5.0,9.0,0.556,11.0,12.0,0.917,2.0,5.0,7.0,0.0,1.0,1.0,0.0,0.0,4.0,6.0,32.0,3.0,42.4,0,0,46.0,1,1,13086,1,6391,2561,3491,8140,492,1295,3747,116,194,6748,3306,4392,3946,19908,8788,5025,8263,8846,1150,792,582,9394,2620,2246,150,1461,1,,2024,2025
,1629660,Ty Jerome,Ty,1610612739,CLE,,22400867,,,,35.5,8.0,17.0,0.471,2.0,4.0,0.5,7.0,7.0,1.0,1.0,4.0,5.0,6.0,1.0,6.0,0.0,0.0,2.0,5.0,25.0,14.0,57.0,0,0,50.0,1,1,13086,1,3080,2561,2289,12143,4949,8688,3944,752,1377,1,6876,6429,7268,2199,8788,8,8263,8846,7392,1447,1828,2867,507,2246,150,943,1,,2024,2025
,1630596,Evan Mobley,Evan,1610612739,CLE,,22400867,,,,32.3,6.0,14.0,0.429,1.0,3.0,0.333,7.0,10.0,0.7,2.0,6.0,8.0,3.0,4.0,0.0,1.0,1.0,6.0,8.0,20.0,-1.0,33.1,0,0,34.0,1,1,13086,1,5753,5250,4240,13735,8896,11494,9209,752,423,9366,3306,2943,2934,6913,877,12854,2537,2383,1,220,3676,13450,5673,2246,150,4638,1,,2024,2025
,1629636,Darius Garland,Darius,1610612739,CLE,,22400852,,,,31.5,9.0,23.0,0.391,2.0,7.0,0.286,0.0,0.0,0.0,1.0,2.0,3.0,7.0,1.0,0.0,0.0,2.0,0.0,4.0,20.0,-17.0,33.1,0,0,32.0,1,1,13086,1,6389,1688,455,15984,4949,3100,11433,13505,14344,13505,6876,13151,12778,1463,8788,12854,8263,601,20257,2493,3676,24263,5673,2246,150,5433,1,,2024,2025
,1629631,De'Andre Hunter,De'Andre,1610612739,CLE,,22400852,,,,28.9,4.0,6.0,0.667,3.0,3.0,1.0,1.0,2.0,0.5,0.0,5.0,5.0,1.0,1.0,0.0,1.0,0.0,1.0,2.0,12.0,21.0,21.5,0,0,23.0,1,1,13086,1,8805,9611,14618,3281,2458,11494,1,10215,7446,10625,14058,4392,7268,14293,8788,12854,2537,8846,13332,6956,9299,1041,12085,2246,150,10339,1,,2024,2025
,1628378,Donovan Mitchell,Donovan,1610612739,CLE,,22400852,,,,35.1,13.0,26.0,0.5,5.0,12.0,0.417,10.0,11.0,0.909,0.0,3.0,3.0,5.0,2.0,1.0,0.0,0.0,1.0,6.0,41.0,0.0,53.1,0,0,56.0,1,1,13086,1,3358,245,155,8526,492,299,7826,183,294,6764,14058,9417,12778,3273,4442,5025,8263,8846,13332,792,86,12240,815,2246,150,408,1,,2024,2025
,1629622,Max Strus,Max,1610612739,CLE,,22400852,,,,21.6,1.0,3.0,0.333,0.0,2.0,0.0,0.0,0.0,0.0,1.0,3.0,4.0,2.0,0.0,0.0,0.0,0.0,2.0,1.0,2.0,-19.0,9.8,0,0,8.0,1,1,13086,1,14834,19033,19992,17395,15070,14411,15070,13505,14344,13505,6876,9417,9701,9909,16469,12854,8263,8846,7392,11254,21232,24841,19853,2246,150,20457,1,,2024,2025
,1629660,Ty Jerome,Ty,1610612739,CLE,,22400852,,,,21.1,3.0,10.0,0.3,2.0,3.0,0.667,0.0,0.0,0.0,1.0,3.0,4.0,3.0,0.0,1.0,0.0,3.0,0.0,0.0,8.0,34.0,20.3,0,0,19.0,1,1,13086,1,15194,12449,8304,19363,4949,11494,1957,13505,14344,13505,6876,9417,9701,6913,16469,5025,8263,131,20257,17725,13544,70,12888,2246,150,12913,1,,2024,2025
,1630241,Sam Merrill,Sam,1610612739,CLE,,22400852,,,,17.7,1.0,1.0,1.0,1.0,1.0,1.0,0.0,0.0,0.0,2.0,1.0,3.0,0.0,0.0,1.0,0.0,0.0,1.0,1.0,3.0,22.0,9.6,0,0,9.0,1,1,13086,1,17752,19033,23259,1,8896,17631,1,13505,14344,13505,3306,17569,12778,19908,16469,5025,8263,8846,13332,11254,19913,894,19963,2246,150,19766,1,,2024,2025
,1628386,Jarrett Allen,Jarrett,1610612739,CLE,,22400852,,,,23.7,4.0,4.0,1.0,0.0,0.0,0.0,2.0,2.0,1.0,3.0,1.0,4.0,1.0,1.0,1.0,0.0,0.0,2.0,2.0,10.0,-23.0,18.3,0,0,17.0,1,1,13086,1,13138,9611,18231,1,15070,20945,15070,6020,7446,1,1615,17569,9701,14293,8788,5025,8263,8846,7392,6956,11377,25627,14218,2246,150,14250,1,,2024,2025
,1630171,Isaac Okoro,Isaac,1610612739,CLE,,22400852,,,,12.1,2.0,4.0,0.5,1.0,3.0,0.333,0.0,0.0,0.0,0.0,3.0,3.0,0.0,0.0,0.0,1.0,0.0,1.0,0.0,5.0,3.0,11.6,0,0,11.0,1,1,13086,1,21175,15612,18231,8526,8896,11494,9209,13505,14344,13505,14058,9417,12778,19908,16469,12854,2537,8846,13332,17725,17323,9394,18658,2246,150,18464,1,,2024,2025
,1629731,Dean Wade,Dean,1610612739,CLE,,22400852,,,,19.2,2.0,5.0,0.4,1.0,3.0,0.333,0.0,0.0,0.0,1.0,2.0,3.0,1.0,0.0,0.0,0.0,0.0,2.0,0.0,5.0,12.0,10.1,0,0,10.0,1,1,13086,1,16698,15612,16437,14933,8896,11494,9209,13505,14344,13505,6876,13151,12778,14293,16469,12854,8263,8846,7392,17725,17323,3654,19649,2246,150,19152,1,,2024,2025
,1630596,Evan Mobley,Evan,1610612739,CLE,,22400852,,,,29.0,6.0,12.0,0.5,2.0,5.0,0.4,3.0,4.0,0.75,5.0,7.0,12.0,3.0,2.0,0.0,1.0,0.0,4.0,3.0,17.0,2.0,36.9,1,0,36.0,1,1,13086,1,8713,5250,5979,8526,4949,6354,7874,4159,3754,8186,389,1947,760,6913,4442,12854,2537,8846,1150,4218,5360,10285,4187,1,150,3901,1,,2024,2025
,202684,Tristan Thompson,Tristan,1610612739,CLE,,22400830,,,,3.9,1.0,1.0,1.0,0.0,0.0,0.0,0.0,0.0,0.0,1.0,0.0,1.0,0.0,0.0,0.0,0.0,0.0,0.0,0.0,2.0,2.0,3.2,0,0,3.0,1,1,13086,1,24555,19033,23259,1,15070,20945,15070,13505,14344,13505,6876,22137,19889,19908,16469,12854,8263,8846,20257,17725,21232,10285,23585,2246,150,23533,1,,2024,2025
,1642281,Jaylon Tyson,Jaylon,1610612739,CLE,,22400830,,,,8.4,2.0,3.0,0.667,0.0,0.0,0.0,0.0,0.0,0.0,1.0,1.0,2.0,1.0,0.0,0.0,0.0,1.0,1.0,0.0,4.0,11.0,7.9,0,0,7.0,1,1,13086,1,22666,15612,19992,3281,15070,20945,15070,13505,14344,13505,6876,17569,16273,14293,16469,12854,8263,2383,13332,17725,18599,4119,21005,2246,150,21087,1,,2024,2025
,1641854,Craig Porter Jr.,Craig,1610612739,CLE,,22400830,,,,11.2,1.0,3.0,0.333,0.0,1.0,0.0,0.0,0.0,0.0,0.0,2.0,2.0,5.0,1.0,0.0,1.0,0.0,0.0,1.0,2.0,8.0,13.9,0,0,11.0,1,1,13086,1,21631,19033,19992,17395,15070,17631,15070,13505,14344,13505,14058,13151,16273,3273,8788,12854,2537,8846,20257,11254,21232,5660,17066,2246,150,18464,1,,2024,2025
,1630171,Isaac Okoro,Isaac,1610612739,CLE,,22400830,,,,23.7,2.0,4.0,0.5,2.0,2.0,1.0,2.0,2.0,1.0,2.0,2.0,4.0,2.0,0.0,1.0,1.0,1.0,2.0,2.0,8.0,25.0,21.8,0,0,20.0,1,1,13086,1,13186,15612,18231,8526,4949,14411,1,6020,7446,1,3306,13151,9701,9909,16469,5025,2537,2383,7392,6956,13544,535,11881,2246,150,12254,1,,2024,2025
,1629731,Dean Wade,Dean,1610612739,CLE,,22400830,,,,19.5,2.0,3.0,0.667,1.0,1.0,1.0,0.0,0.0,0.0,1.0,6.0,7.0,2.0,1.0,2.0,0.0,1.0,2.0,0.0,5.0,23.0,21.4,0,0,19.0,1,1,13086,1,16431,15612,19992,3281,8896,17631,1,13505,14344,13505,6876,2943,3946,9909,8788,1671,8263,2383,7392,17725,17323,736,12139,2246,150,12913,1,,2024,2025
,1641772,Nae'Qwan Tomlin,Nae'Qwan,1610612739,CLE,,22400830,,,,3.9,1.0,3.0,0.333,0.0,0.0,0.0,0.0,0.0,0.0,0.0,2.0,2.0,0.0,0.0,0.0,0.0,1.0,0.0,0.0,2.0,2.0,4.4,0,0,4.0,1,1,13086,1,24555,19033,19992,17395,15070,20945,15070,13505,14344,13505,14058,13151,16273,19908,16469,12854,8263,2383,20257,17725,21232,10285,23001,2246,150,22929,1,,2024,2025
,1628378,Donovan Mitchell,Donovan,1610612739,CLE,,22400830,,,,23.2,5.0,12.0,0.417,1.0,4.0,0.25,0.0,0.0,0.0,1.0,2.0,3.0,5.0,2.0,0.0,0.0,0.0,1.0,1.0,11.0,16.0,20.1,0,0,20.0,1,1,13086,1,13518,7242,5979,14532,8896,8688,11902,13505,14344,13505,6876,13151,12778,3273,4442,12854,8263,8846,13332,11254,10323,2243,13013,2246,150,12254,1,,2024,2025
,1629631,De'Andre Hunter,De'Andre,1610612739,CLE,,22400830,,,,26.8,5.0,8.0,0.625,4.0,5.0,0.8,3.0,4.0,0.75,0.0,3.0,3.0,2.0,0.0,0.0,0.0,1.0,1.0,4.0,17.0,19.0,23.6,0,0,26.0,1,1,13086,1,10526,7242,11288,4899,1130,6354,1389,4159,3754,8186,14058,9417,12778,9909,16469,12854,8263,2383,13332,2493,5360,1456,10799,2246,150,8551,1,,2024,2025
,1630241,Sam Merrill,Sam,1610612739,CLE,,22400830,,,,18.8,1.0,4.0,0.25,1.0,4.0,0.25,2.0,2.0,1.0,0.0,2.0,2.0,1.0,0.0,0.0,0.0,1.0,2.0,1.0,5.0,18.0,8.9,0,0,9.0,1,1,13086,1,16980,19033,18231,20233,8896,8688,11902,6020,7446,1,14058,13151,16273,14293,16469,12854,8263,2383,7392,11254,17323,1677,20412,2246,150,19766,1,,2024,2025
,1629622,Max Strus,Max,1610612739,CLE,,22400830,,,,20.9,6.0,9.0,0.667,5.0,7.0,0.714,0.0,0.0,0.0,1.0,0.0,1.0,2.0,1.0,1.0,0.0,1.0,1.0,0.0,17.0,14.0,23.2,0,0,27.0,1,1,13086,1,15335,5250,9700,3281,492,3100,1861,13505,14344,13505,6876,22137,19889,9909,8788,5025,8263,2383,13332,17725,5360,2867,11052,2246,150,7999,1,,2024,2025
,1630596,Evan Mobley,Evan,1610612739,CLE,,22400830,,,,27.8,6.0,9.0,0.667,1.0,2.0,0.5,4.0,6.0,0.667,1.0,7.0,8.0,2.0,3.0,0.0,2.0,1.0,0.0,4.0,17.0,19.0,32.6,0,0,32.0,1,1,13086,1,9716,5250,9700,3281,8896,14411,3944,2676,1898,9425,6876,1947,2934,9909,2037,12854,808,2383,20257,2493,5360,1456,5903,2246,150,5433,1,,2024,2025
,1629750,Javonte Green,Javonte,1610612739,CLE,,22400830,,,,6.3,2.0,2.0,1.0,0.0,0.0,0.0,0.0,0.0,0.0,0.0,3.0,3.0,0.0,0.0,0.0,0.0,0.0,0.0,0.0,4.0,8.0,7.6,0,0,7.0,1,1,13086,1,23456,15612,21660,1,15070,20945,15070,13505,14344,13505,14058,9417,12778,19908,16469,12854,8263,8846,20257,17725,18599,5660,21158,2246,150,21087,1,,2024,2025
,1628386,Jarrett Allen,Jarrett,1610612739,CLE,,22400830,,,,24.7,4.0,7.0,0.571,0.0,0.0,0.0,0.0,0.0,0.0,1.0,6.0,7.0,1.0,0.0,0.0,1.0,0.0,0.0,0.0,8.0,15.0,20.9,0,0,18.0,1,1,13086,1,12326,9611,12910,6538,15070,20945,15070,13505,14344,13505,6876,2943,3946,14293,16469,12854,2537,8846,20257,17725,13544,2549,12468,2246,150,13589,1,,2024,2025
,1629660,Ty Jerome,Ty,1610612739,CLE,,22400830,,,,21.1,7.0,12.0,0.583,4.0,6.0,0.667,2.0,2.0,1.0,0.0,2.0,2.0,2.0,3.0,1.0,0.0,0.0,3.0,1.0,20.0,20.0,25.4,0,0,30.0,1,1,13086,1,15206,3730,5979,6296,1130,4502,1957,6020,7446,1,14058,13151,16273,9909,2037,5025,8263,8846,3404,11254,3676,1243,9733,2246,150,6431,1,,2024,2025
,1629731,Dean Wade,Dean,1610612739,CLE,,22400819,,,,17.4,0.0,3.0,0.0,0.0,3.0,0.0,0.0,0.0,0.0,3.0,3.0,6.0,0.0,1.0,0.0,0.0,0.0,3.0,0.0,0.0,0.0,6.2,0,0,6.0,1,1,13086,1,18042,22635,19992,22635,15070,11494,15070,13505,14344,13505,1615,9417,5362,19908,8788,12854,8263,8846,3404,17725,23200,12240,21956,2246,150,21698,1,,2024,2025
,1628378,Donovan Mitchell,Donovan,1610612739,CLE,,22400819,,,,35.2,11.0,23.0,0.478,4.0,8.0,0.5,7.0,11.0,0.636,2.0,0.0,2.0,6.0,1.0,0.0,0.0,0.0,4.0,5.0,33.0,1.0,43.4,0,0,45.0,1,1,13086,1,3332,704,455,11986,1130,2050,3944,752,294,10256,3306,22137,16273,2199,8788,12854,8263,8846,1150,1447,488,11263,2393,2246,150,1626,1,,2024,2025
,1629660,Ty Jerome,Ty,1610612739,CLE,,22400819,,,,22.6,9.0,16.0,0.563,3.0,7.0,0.429,5.0,6.0,0.833,2.0,3.0,5.0,4.0,1.0,2.0,0.0,0.0,4.0,5.0,26.0,4.0,43.0,0,0,42.0,1,1,13086,1,14011,1688,2836,7127,2458,3100,7394,1817,1898,7275,3306,9417,7268,4780,8788,1671,8263,8846,1150,1447,1579,8479,2476,2246,150,2239,1,,2024,2025
,1630596,Evan Mobley,Evan,1610612739,CLE,,22400819,,,,36.0,10.0,20.0,0.5,1.0,8.0,0.125,4.0,6.0,0.667,4.0,9.0,13.0,8.0,3.0,0.0,3.0,1.0,1.0,6.0,25.0,9.0,58.6,1,0,53.0,1,1,13086,1,2671,1099,1105,8526,8896,2050,14886,2676,1898,9425,785,796,534,963,2037,12854,252,2383,13332,792,1828,5125,413,1,150,632,1,,2024,2025
,1628386,Jarrett Allen,Jarrett,1610612739,CLE,,22400819,,,,31.2,6.0,8.0,0.75,0.0,0.0,0.0,1.0,4.0,0.25,3.0,7.0,10.0,1.0,3.0,1.0,0.0,2.0,3.0,4.0,13.0,7.0,26.5,1,0,26.0,1,1,13086,1,6743,5250,11288,2107,15070,20945,15070,10215,3754,13358,1615,1947,1549,14293,2037,5025,8263,601,3404,2493,8426,6330,9093,1,150,8551,1,,2024,2025
,1630171,Isaac Okoro,Isaac,1610612739,CLE,,22400819,,,,19.1,2.0,5.0,0.4,1.0,4.0,0.25,1.0,2.0,0.5,1.0,3.0,4.0,0.0,0.0,0.0,1.0,0.0,0.0,1.0,6.0,-1.0,13.8,0,0,13.0,1,1,13086,1,16773,15612,16437,14933,8896,8688,11902,10215,7446,10625,6876,9417,9701,19908,16469,12854,2537,8846,20257,11254,15937,13450,17150,2246,150,17050,1,,2024,2025
,1630241,Sam Merrill,Sam,1610612739,CLE,,22400819,,,,18.0,1.0,4.0,0.25,1.0,4.0,0.25,0.0,0.0,0.0,1.0,0.0,1.0,1.0,2.0,1.0,0.0,0.0,4.0,1.0,3.0,-2.0,6.7,0,0,8.0,1,1,13086,1,17566,19033,18231,20233,8896,8688,11902,13505,14344,13505,6876,22137,19889,14293,4442,5025,8263,8846,1150,11254,19913,14448,21709,2246,150,20457,1,,2024,2025
,1641854,Craig Porter Jr.,Craig,1610612739,CLE,,22400819,,,,4.7,0.0,2.0,0.0,0.0,1.0,0.0,0.0,0.0,0.0,0.0,0.0,0.0,0.0,0.0,1.0,0.0,1.0,0.0,0.0,0.0,-1.0,3.0,0,0,2.0,1,1,13086,1,24147,22635,21660,22635,15070,17631,15070,13505,14344,13505,14058,22137,23286,19908,16469,5025,8263,2383,20257,17725,23200,13450,23760,2246,150,24066,1,,2024,2025
,1629631,De'Andre Hunter,De'Andre,1610612739,CLE,,22400819,,,,25.3,4.0,10.0,0.4,0.0,4.0,0.0,4.0,4.0,1.0,2.0,6.0,8.0,2.0,2.0,0.0,0.0,1.0,3.0,2.0,12.0,2.0,22.6,0,0,22.0,1,1,13086,1,11712,9611,8304,14933,15070,8688,15070,2676,3754,1,3306,2943,2934,9909,4442,12854,8263,2383,3404,6956,9299,10285,11392,2246,150,10998,1,,2024,2025
,1629622,Max Strus,Max,1610612739,CLE,,22400819,,,,30.6,3.0,8.0,0.375,3.0,8.0,0.375,2.0,2.0,1.0,4.0,4.0,8.0,3.0,1.0,0.0,1.0,0.0,3.0,2.0,11.0,11.0,27.1,0,0,27.0,1,1,13086,1,7239,12449,11288,16299,2458,2050,8800,6020,7446,1,785,6429,2934,6913,8788,12854,2537,8846,3404,6956,10323,4119,8739,2246,150,7999,1,,2024,2025
,1641772,Nae'Qwan Tomlin,Nae'Qwan,1610612739,CLE,,22400797,,,,7.5,2.0,4.0,0.5,0.0,2.0,0.0,1.0,1.0,1.0,1.0,2.0,3.0,0.0,1.0,0.0,0.0,0.0,1.0,1.0,5.0,2.0,7.6,0,0,8.0,1,1,13086,1,23006,15612,18231,8526,15070,14411,15070,10215,12810,1,6876,13151,12778,19908,8788,12854,8263,8846,13332,11254,17323,10285,21158,2246,150,20457,1,,2024,2025
,202684,Tristan Thompson,Tristan,1610612739,CLE,,22400797,,,,7.5,0.0,1.0,0.0,0.0,0.0,0.0,0.0,0.0,0.0,0.0,4.0,4.0,0.0,1.0,0.0,0.0,0.0,1.0,0.0,0.0,2.0,3.8,0,0,4.0,1,1,13086,1,23006,22635,23259,22635,15070,20945,15070,13505,14344,13505,14058,6429,9701,19908,8788,12854,8263,8846,13332,17725,23200,10285,23409,2246,150,22929,1,,2024,2025
,1642281,Jaylon Tyson,Jaylon,1610612739,CLE,,22400797,,,,7.5,2.0,3.0,0.667,0.0,1.0,0.0,0.0,0.0,0.0,0.0,0.0,0.0,3.0,1.0,1.0,0.0,0.0,0.0,0.0,4.0,2.0,10.5,0,0,9.0,1,1,13086,1,23006,15612,19992,3281,15070,17631,15070,13505,14344,13505,14058,22137,23286,6913,8788,5025,8263,8846,20257,17725,18599,10285,19388,2246,150,19766,1,,2024,2025
,1628386,Jarrett Allen,Jarrett,1610612739,CLE,,22400797,,,,19.7,5.0,6.0,0.833,0.0,0.0,0.0,0.0,0.0,0.0,1.0,2.0,3.0,0.0,0.0,0.0,0.0,1.0,0.0,1.0,10.0,20.0,13.6,0,0,13.0,1,1,13086,1,16262,7242,14618,1514,15070,20945,15070,13505,14344,13505,6876,13151,12778,19908,16469,12854,8263,2383,20257,11254,11377,1243,17296,2246,150,17050,1,,2024,2025
,1629731,Dean Wade,Dean,1610612739,CLE,,22400797,,,,14.8,1.0,2.0,0.5,0.0,1.0,0.0,0.0,0.0,0.0,0.0,2.0,2.0,2.0,1.0,0.0,0.0,0.0,2.0,0.0,2.0,11.0,6.4,0,0,6.0,1,1,13086,1,19733,19033,21660,8526,15070,17631,15070,13505,14344,13505,14058,13151,16273,9909,8788,12854,8263,8846,7392,17725,21232,4119,21876,2246,150,21698,1,,2024,2025
,1630171,Isaac Okoro,Isaac,1610612739,CLE,,22400797,,,,18.4,3.0,6.0,0.5,0.0,2.0,0.0,0.0,0.0,0.0,1.0,4.0,5.0,1.0,1.0,0.0,0.0,0.0,1.0,0.0,6.0,10.0,12.5,0,0,12.0,1,1,13086,1,17266,12449,14618,8526,15070,14411,15070,13505,14344,13505,6876,6429,7268,14293,8788,12854,8263,8846,13332,17725,15937,4588,18057,2246,150,17796,1,,2024,2025
,1629622,Max Strus,Max,1610612739,CLE,,22400797,,,,21.3,2.0,4.0,0.5,1.0,3.0,0.333,0.0,0.0,0.0,0.0,2.0,2.0,8.0,2.0,1.0,0.0,0.0,1.0,0.0,5.0,21.0,20.4,0,0,18.0,1,1,13086,1,15078,15612,18231,8526,8896,11494,9209,13505,14344,13505,14058,13151,16273,963,4442,5025,8263,8846,13332,17725,17323,1041,12816,2246,150,13589,1,,2024,2025
,1630596,Evan Mobley,Evan,1610612739,CLE,,22400797,,,,24.8,9.0,11.0,0.818,1.0,1.0,1.0,2.0,2.0,1.0,2.0,6.0,8.0,4.0,2.0,3.0,1.0,0.0,1.0,1.0,21.0,23.0,46.6,0,0,42.0,1,1,13086,1,12199,1688,7071,1653,8896,17631,1,6020,7446,1,3306,2943,2934,4780,4442,473,2537,8846,13332,11254,3254,736,1701,2246,150,2239,1,,2024,2025
,1628378,Donovan Mitchell,Donovan,1610612739,CLE,,22400797,,,,26.1,10.0,15.0,0.667,5.0,7.0,0.714,2.0,3.0,0.667,0.0,3.0,3.0,5.0,1.0,1.0,1.0,0.0,2.0,2.0,27.0,22.0,43.1,0,0,44.0,1,1,13086,1,11053,1099,3491,3281,492,3100,1861,6020,6038,9425,14058,9417,12778,3273,8788,5025,2537,8846,7392,6956,1351,894,2456,2246,150,1816,1,,2024,2025
,1641854,Craig Porter Jr.,Craig,1610612739,CLE,,22400797,,,,12.0,5.0,6.0,0.833,3.0,3.0,1.0,0.0,0.0,0.0,3.0,3.0,6.0,3.0,2.0,0.0,0.0,1.0,1.0,0.0,13.0,6.0,22.7,0,0,25.0,1,1,13086,1,21228,7242,14618,1514,2458,11494,1,13505,14344,13505,1615,9417,5362,6913,4442,12854,8263,2383,13332,17725,8426,7002,11343,2246,150,9137,1,,2024,2025
,1630241,Sam Merrill,Sam,1610612739,CLE,,22400797,,,,17.3,2.0,4.0,0.5,1.0,3.0,0.333,0.0,0.0,0.0,1.0,3.0,4.0,4.0,0.0,3.0,0.0,0.0,2.0,0.0,5.0,13.0,24.8,0,0,20.0,1,1,13086,1,18060,15612,18231,8526,8896,11494,9209,13505,14344,13505,6876,9417,9701,4780,16469,473,8263,8846,7392,17725,17323,3250,10102,2246,150,12254,1,,2024,2025
,1629660,Ty Jerome,Ty,1610612739,CLE,,22400797,,,,19.0,7.0,11.0,0.636,3.0,4.0,0.75,2.0,3.0,0.667,2.0,1.0,3.0,2.0,1.0,2.0,0.0,1.0,1.0,2.0,19.0,15.0,30.6,0,0,31.0,1,1,13086,1,16837,3730,7071,4689,2458,8688,1542,6020,6038,9425,3306,17569,12778,9909,8788,1671,8263,2383,13332,6956,4202,2549,6876,2246,150,5932,1,,2024,2025
,1629636,Darius Garland,Darius,1610612739,CLE,,22400797,,,,25.0,2.0,12.0,0.167,1.0,6.0,0.167,4.0,6.0,0.667,0.0,4.0,4.0,5.0,1.0,1.0,0.0,0.0,0.0,4.0,9.0,25.0,23.3,0,0,21.0,1,1,13086,1,12028,15612,5979,21938,8896,4502,14236,2676,1898,9425,14058,6429,9701,3273,8788,5025,8263,8846,20257,2493,12445,535,10979,2246,150,11621,1,,2024,2025
,1629631,De'Andre Hunter,De'Andre,1610612739,CLE,,22400797,,,,19.2,6.0,7.0,0.857,4.0,4.0,1.0,0.0,0.0,0.0,0.0,0.0,0.0,1.0,1.0,0.0,0.0,0.0,2.0,1.0,16.0,13.0,16.5,0,0,21.0,1,1,13086,1,16650,5250,12910,1412,1130,8688,1,13505,14344,13505,14058,22137,23286,14293,8788,12854,8263,8846,7392,11254,6070,3250,15409,2246,150,11621,1,,2024,2025
,1628386,Jarrett Allen,Jarrett,1610612739,CLE,,22400791,,,,24.8,8.0,9.0,0.889,0.0,0.0,0.0,0.0,2.0,0.0,7.0,13.0,20.0,0.0,2.0,1.0,1.0,1.0,4.0,2.0,16.0,15.0,44.0,1,0,40.0,1,1,13086,1,12187,2561,9700,1318,15070,20945,15070,13505,7446,13505,83,82,21,19908,4442,5025,2537,2383,1150,6956,6070,2549,2236,1,150,2744,1,,2024,2025
,1628378,Donovan Mitchell,Donovan,1610612739,CLE,,22400791,,,,30.3,8.0,21.0,0.381,3.0,9.0,0.333,7.0,10.0,0.7,3.0,2.0,5.0,2.0,4.0,1.0,0.0,1.0,0.0,6.0,26.0,4.0,34.0,0,0,38.0,1,1,13086,1,7529,2561,817,16250,2458,1295,9209,752,423,9366,1615,13151,7268,9909,877,5025,8263,2383,20257,792,1579,8479,5290,2246,150,3270,1,,2024,2025
,1641854,Craig Porter Jr.,Craig,1610612739,CLE,,22400791,,,,3.6,1.0,2.0,0.5,0.0,0.0,0.0,0.0,0.0,0.0,0.0,0.0,0.0,1.0,0.0,0.0,0.0,1.0,0.0,0.0,2.0,-6.0,3.5,0,0,3.0,1,1,13086,1,24652,19033,21660,8526,15070,20945,15070,13505,14344,13505,14058,22137,23286,14293,16469,12854,8263,2383,20257,17725,21232,18298,23487,2246,150,23533,1,,2024,2025
,1631247,Luke Travers,Luke,1610612739,CLE,,22400791,,,,3.1,0.0,2.0,0.0,0.0,0.0,0.0,0.0,0.0,0.0,1.0,1.0,2.0,0.0,0.0,0.0,0.0,1.0,0.0,0.0,0.0,-6.0,2.4,0,0,2.0,1,1,13086,1,24935,22635,21660,22635,15070,20945,15070,13505,14344,13505,6876,17569,16273,19908,16469,12854,8263,2383,20257,17725,23200,18298,24155,2246,150,24066,1,,2024,2025
,1630171,Isaac Okoro,Isaac,1610612739,CLE,,22400791,,,,16.8,2.0,4.0,0.5,1.0,2.0,0.5,0.0,0.0,0.0,1.0,0.0,1.0,1.0,1.0,0.0,0.0,0.0,2.0,0.0,5.0,16.0,6.7,0,0,8.0,1,1,13086,1,18406,15612,18231,8526,8896,14411,3944,13505,14344,13505,6876,22137,19889,14293,8788,12854,8263,8846,7392,17725,17323,2243,21709,2246,150,20457,1,,2024,2025
,1629622,Max Strus,Max,1610612739,CLE,,22400791,,,,24.4,2.0,10.0,0.2,1.0,8.0,0.125,0.0,0.0,0.0,0.0,2.0,2.0,1.0,0.0,0.0,0.0,1.0,5.0,1.0,5.0,-1.0,8.9,0,0,9.0,1,1,13086,1,12606,15612,8304,21401,8896,2050,14886,13505,14344,13505,14058,13151,16273,14293,16469,12854,8263,2383,217,11254,17323,13450,20412,2246,150,19766,1,,2024,2025
,202684,Tristan Thompson,Tristan,1610612739,CLE,,22400791,,,,3.1,0.0,0.0,0.0,0.0,0.0,0.0,0.0,0.0,0.0,0.0,0.0,0.0,0.0,0.0,0.0,0.0,0.0,0.0,0.0,0.0,-6.0,0.0,0,0,0.0,1,1,13086,1,24935,22635,24836,22635,15070,20945,15070,13505,14344,13505,14058,22137,23286,19908,16469,12854,8263,8846,20257,17725,23200,18298,25228,2246,150,25259,1,,2024,2025
,1630241,Sam Merrill,Sam,1610612739,CLE,,22400791,,,,25.1,1.0,6.0,0.167,0.0,5.0,0.0,0.0,0.0,0.0,0.0,1.0,1.0,0.0,0.0,1.0,0.0,0.0,1.0,1.0,2.0,26.0,6.2,0,0,5.0,1,1,13086,1,11883,19033,14618,21938,15070,6354,15070,13505,14344,13505,14058,17569,19889,19908,16469,5025,8263,8846,13332,11254,21232,449,21956,2246,150,22358,1,,2024,2025
,1642281,Jaylon Tyson,Jaylon,1610612739,CLE,,22400791,,,,3.1,0.0,1.0,0.0,0.0,0.0,0.0,0.0,0.0,0.0,0.0,0.0,0.0,0.0,0.0,0.0,0.0,0.0,1.0,0.0,0.0,-6.0,0.0,0,0,0.0,1,1,13086,1,24935,22635,23259,22635,15070,20945,15070,13505,14344,13505,14058,22137,23286,19908,16469,12854,8263,8846,13332,17725,23200,18298,25228,2246,150,25259,1,,2024,2025
,1641772,Nae'Qwan Tomlin,Nae'Qwan,1610612739,CLE,,22400791,,,,3.1,1.0,1.0,1.0,0.0,0.0,0.0,1.0,2.0,0.5,0.0,1.0,1.0,0.0,0.0,0.0,0.0,0.0,1.0,1.0,3.0,-6.0,4.2,0,0,4.0,1,1,13086,1,24935,19033,23259,1,15070,20945,15070,10215,7446,10625,14058,17569,19889,19908,16469,12854,8263,8846,13332,11254,19913,18298,23095,2246,150,22929,1,,2024,2025
,1629636,Darius Garland,Darius,1610612739,CLE,,22400791,,,,28.6,6.0,12.0,0.5,2.0,6.0,0.333,4.0,4.0,1.0,1.0,1.0,2.0,9.0,2.0,3.0,0.0,1.0,3.0,5.0,18.0,10.0,40.9,0,0,37.0,1,1,13086,1,9073,5250,5979,8526,4949,4502,9209,2676,3754,1,6876,17569,16273,635,4442,473,8263,2383,3404,1447,4762,4588,2993,2246,150,3591,1,,2024,2025
,1629631,De'Andre Hunter,De'Andre,1610612739,CLE,,22400791,,,,26.5,3.0,10.0,0.3,2.0,4.0,0.5,1.0,2.0,0.5,0.0,4.0,4.0,1.0,1.0,0.0,1.0,3.0,0.0,1.0,9.0,8.0,17.3,0,0,18.0,1,1,13086,1,10724,12449,8304,19363,4949,8688,3944,10215,7446,10625,14058,6429,9701,14293,8788,12854,2537,131,20257,11254,12445,5660,14888,2246,150,13589,1,,2024,2025
,1629660,Ty Jerome,Ty,1610612739,CLE,,22400791,,,,17.2,2.0,4.0,0.5,1.0,1.0,1.0,1.0,2.0,0.5,0.0,1.0,1.0,3.0,3.0,1.0,0.0,1.0,2.0,1.0,6.0,8.0,11.7,0,0,13.0,1,1,13086,1,18154,15612,18231,8526,8896,17631,1,10215,7446,10625,14058,17569,19889,6913,2037,5025,8263,2383,7392,11254,15937,5660,18589,2246,150,17050,1,,2024,2025
,1630596,Evan Mobley,Evan,1610612739,CLE,,22400791,,,,30.4,6.0,12.0,0.5,1.0,4.0,0.25,5.0,5.0,1.0,4.0,9.0,13.0,1.0,3.0,1.0,3.0,0.0,1.0,5.0,18.0,9.0,44.1,1,0,41.0,1,1,13086,1,7443,5250,5979,8526,8896,8688,11902,1817,2872,1,785,796,534,14293,2037,5025,252,8846,13332,1447,4762,5125,2211,1,150,2498,1,,2024,2025
,1642281,Jaylon Tyson,Jaylon,1610612739,CLE,,22400774,,,,17.1,3.0,3.0,1.0,2.0,2.0,1.0,0.0,0.0,0.0,0.0,0.0,0.0,1.0,2.0,0.0,0.0,0.0,1.0,0.0,8.0,-7.0,7.5,0,0,11.0,1,1,13086,1,18188,12449,19992,1,4949,14411,1,13505,14344,13505,14058,22137,23286,14293,4442,12854,8263,8846,13332,17725,13544,19141,21215,2246,150,18464,1,,2024,2025
,1630596,Evan Mobley,Evan,1610612739,CLE,,22400774,,,,27.5,6.0,11.0,0.545,0.0,1.0,0.0,0.0,2.0,0.0,4.0,11.0,15.0,5.0,2.0,0.0,2.0,2.0,5.0,1.0,12.0,20.0,41.5,1,0,36.0,1,1,13086,1,9922,5250,7071,7695,15070,17631,15070,13505,7446,13505,785,283,224,3273,4442,12854,808,601,217,11254,9299,1243,2846,1,150,3901,1,,2024,2025
,1641734,Emoni Bates,Emoni,1610612739,CLE,,22400774,,,,3.5,1.0,2.0,0.5,1.0,1.0,1.0,0.0,0.0,0.0,0.0,0.0,0.0,0.0,0.0,1.0,0.0,0.0,0.0,0.0,3.0,-1.0,6.0,0,0,6.0,1,1,13086,1,24704,19033,21660,8526,8896,17631,1,13505,14344,13505,14058,22137,23286,19908,16469,5025,8263,8846,20257,17725,19913,13450,22098,2246,150,21698,1,,2024,2025
,202684,Tristan Thompson,Tristan,1610612739,CLE,,22400774,,,,3.5,2.0,4.0,0.5,0.0,0.0,0.0,0.0,0.0,0.0,0.0,1.0,1.0,1.0,0.0,0.0,0.0,1.0,0.0,0.0,4.0,-1.0,6.7,0,0,6.0,1,1,13086,1,24704,15612,18231,8526,15070,20945,15070,13505,14344,13505,14058,17569,19889,14293,16469,12854,8263,2383,20257,17725,18599,13450,21709,2246,150,21698,1,,2024,2025
,1628386,Jarrett Allen,Jarrett,1610612739,CLE,,22400774,,,,28.2,5.0,6.0,0.833,0.0,1.0,0.0,3.0,3.0,1.0,2.0,8.0,10.0,3.0,2.0,1.0,2.0,0.0,2.0,2.0,13.0,28.0,36.5,1,0,32.0,1,1,13086,1,9395,7242,14618,1514,15070,17631,15070,4159,6038,1,3306,1271,1549,6913,4442,5025,808,8846,7392,6956,8426,303,4329,1,150,5433,1,,2024,2025
,1629636,Darius Garland,Darius,1610612739,CLE,,22400774,,,,27.4,7.0,15.0,0.467,1.0,8.0,0.125,0.0,0.0,0.0,1.0,1.0,2.0,8.0,1.0,3.0,0.0,0.0,1.0,2.0,15.0,26.0,37.4,0,0,32.0,1,1,13086,1,10001,3730,3491,12249,8896,2050,14886,13505,14344,13505,6876,17569,16273,963,8788,473,8263,8846,13332,6956,6813,449,4025,2246,150,5433,1,,2024,2025
,1629622,Max Strus,Max,1610612739,CLE,,22400774,,,,26.0,4.0,11.0,0.364,4.0,10.0,0.4,2.0,2.0,1.0,0.0,5.0,5.0,6.0,1.0,1.0,0.0,1.0,1.0,1.0,14.0,33.0,31.0,0,0,31.0,1,1,13086,1,11133,9611,7071,16861,1130,829,7874,6020,7446,1,14058,4392,7268,2199,8788,5025,8263,2383,13332,11254,7553,92,6686,2246,150,5932,1,,2024,2025
,1630241,Sam Merrill,Sam,1610612739,CLE,,22400774,,,,26.1,6.0,13.0,0.462,4.0,10.0,0.4,0.0,0.0,0.0,0.0,2.0,2.0,0.0,0.0,2.0,0.0,0.0,1.0,0.0,16.0,-2.0,24.4,0,0,26.0,1,1,13086,1,11073,5250,5079,12428,1130,829,7874,13505,14344,13505,14058,13151,16273,19908,16469,1671,8263,8846,13332,17725,6070,14448,10331,2246,150,8551,1,,2024,2025
,1631247,Luke Travers,Luke,1610612739,CLE,,22400774,,,,3.5,0.0,1.0,0.0,0.0,0.0,0.0,0.0,0.0,0.0,2.0,1.0,3.0,0.0,1.0,0.0,0.0,1.0,0.0,0.0,0.0,-1.0,2.6,0,0,3.0,1,1,13086,1,24704,22635,23259,22635,15070,20945,15070,13505,14344,13505,3306,17569,12778,19908,8788,12854,8263,2383,20257,17725,23200,13450,24109,2246,150,23533,1,,2024,2025
,1628378,Donovan Mitchell,Donovan,1610612739,CLE,,22400774,,,,29.3,6.0,16.0,0.375,2.0,9.0,0.222,7.0,8.0,0.875,3.0,3.0,6.0,5.0,2.0,0.0,0.0,0.0,2.0,5.0,21.0,16.0,33.7,0,0,34.0,1,1,13086,1,8428,5250,2836,16299,4949,1295,13288,752,912,6931,1615,9417,5362,3273,4442,12854,8263,8846,7392,1447,3254,2243,5417,2246,150,4638,1,,2024,2025
,1629631,De'Andre Hunter,De'Andre,1610612739,CLE,,22400774,,,,27.0,6.0,12.0,0.5,4.0,9.0,0.444,2.0,2.0,1.0,0.0,5.0,5.0,0.0,1.0,1.0,0.0,0.0,4.0,1.0,18.0,4.0,26.0,0,0,29.0,1,1,13086,1,10359,5250,5979,8526,1130,1295,7211,6020,7446,1,14058,4392,7268,19908,8788,5025,8263,8846,1150,11254,4762,8479,9390,2246,150,6953,1,,2024,2025
,1641854,Craig Porter Jr.,Craig,1610612739,CLE,,22400774,,,,20.9,2.0,5.0,0.4,0.0,2.0,0.0,3.0,3.0,1.0,1.0,3.0,4.0,5.0,1.0,2.0,0.0,0.0,2.0,2.0,7.0,0.0,24.3,0,0,20.0,1,1,13086,1,15383,15612,16437,14933,15070,14411,15070,4159,6038,1,6876,9417,9701,3273,8788,1671,8263,8846,7392,6956,14857,12240,10409,2246,150,12254,1,,2024,2025
,1628378,Donovan Mitchell,Donovan,1610612739,CLE,,22400755,,,,32.4,10.0,14.0,0.714,2.0,5.0,0.4,1.0,3.0,0.333,0.0,3.0,3.0,8.0,2.0,2.0,0.0,0.0,1.0,3.0,23.0,15.0,42.6,0,0,40.0,1,1,13086,1,5691,1099,4240,2752,4949,6354,7874,10215,6038,13132,14058,9417,12778,963,4442,1671,8263,8846,13332,4218,2434,2549,2568,2246,150,2744,1,,2024,2025
,1629636,Darius Garland,Darius,1610612739,CLE,,22400755,,,,26.8,6.0,14.0,0.429,4.0,6.0,0.667,1.0,1.0,1.0,0.0,1.0,1.0,3.0,4.0,0.0,0.0,2.0,1.0,2.0,17.0,21.0,18.7,0,0,25.0,1,1,13086,1,10465,5250,4240,13735,1130,4502,1957,10215,12810,1,14058,17569,19889,6913,877,12854,8263,601,13332,6956,5360,1041,13957,2246,150,9137,1,,2024,2025
,202684,Tristan Thompson,Tristan,1610612739,CLE,,22400755,,,,4.8,0.0,0.0,0.0,0.0,0.0,0.0,0.0,0.0,0.0,0.0,5.0,5.0,1.0,0.0,0.0,1.0,0.0,1.0,0.0,0.0,-5.0,10.5,0,0,8.0,1,1,13086,1,24115,22635,24836,22635,15070,20945,15070,13505,14344,13505,14058,4392,7268,14293,16469,12854,2537,8846,13332,17725,23200,17436,19388,2246,150,20457,1,,2024,2025
,1641734,Emoni Bates,Emoni,1610612739,CLE,,22400755,,,,4.8,1.0,5.0,0.2,1.0,4.0,0.25,0.0,0.0,0.0,0.0,0.0,0.0,0.0,0.0,0.0,0.0,0.0,0.0,0.0,3.0,-5.0,3.0,0,0,4.0,1,1,13086,1,24115,19033,16437,21401,8896,8688,11902,13505,14344,13505,14058,22137,23286,19908,16469,12854,8263,8846,20257,17725,19913,17436,23760,2246,150,22929,1,,2024,2025
,1631247,Luke Travers,Luke,1610612739,CLE,,22400755,,,,6.4,0.0,1.0,0.0,0.0,1.0,0.0,0.0,0.0,0.0,1.0,0.0,1.0,0.0,2.0,0.0,0.0,1.0,1.0,0.0,0.0,-3.0,-0.8,0,0,1.0,1,1,13086,1,23402,22635,23259,22635,15070,17631,15070,13505,14344,13505,6876,22137,19889,19908,4442,12854,8263,2383,13332,17725,23200,15511,26157,2246,150,24667,1,,2024,2025
,1629660,Ty Jerome,Ty,1610612739,CLE,,22400755,,,,24.2,4.0,8.0,0.5,2.0,6.0,0.333,5.0,5.0,1.0,1.0,1.0,2.0,4.0,1.0,1.0,0.0,0.0,0.0,5.0,15.0,14.0,25.4,0,0,25.0,1,1,13086,1,12726,9611,11288,8526,4949,4502,9209,1817,2872,1,6876,17569,16273,4780,8788,5025,8263,8846,20257,1447,6813,2867,9733,2246,150,9137,1,,2024,2025
,1630241,Sam Merrill,Sam,1610612739,CLE,,22400755,,,,28.8,3.0,8.0,0.375,3.0,8.0,0.375,0.0,0.0,0.0,1.0,5.0,6.0,0.0,1.0,2.0,0.0,0.0,4.0,0.0,9.0,18.0,21.2,0,0,22.0,1,1,13086,1,8852,12449,11288,16299,2458,2050,8800,13505,14344,13505,6876,4392,5362,19908,8788,1671,8263,8846,1150,17725,12445,1677,12273,2246,150,10998,1,,2024,2025
,1642281,Jaylon Tyson,Jaylon,1610612739,CLE,,22400755,,,,14.0,2.0,4.0,0.5,1.0,1.0,1.0,0.0,0.0,0.0,3.0,2.0,5.0,1.0,2.0,0.0,0.0,0.0,5.0,0.0,5.0,16.0,10.5,0,0,12.0,1,1,13086,1,20207,15612,18231,8526,8896,17631,1,13505,14344,13505,1615,13151,7268,14293,4442,12854,8263,8846,217,17725,17323,2243,19388,2246,150,17796,1,,2024,2025
,1641854,Craig Porter Jr.,Craig,1610612739,CLE,,22400755,,,,16.6,1.0,6.0,0.167,0.0,4.0,0.0,0.0,0.0,0.0,0.0,2.0,2.0,1.0,2.0,1.0,0.0,0.0,0.0,1.0,2.0,-2.0,6.9,0,0,7.0,1,1,13086,1,18569,19033,14618,21938,15070,8688,15070,13505,14344,13505,14058,13151,16273,14293,4442,5025,8263,8846,20257,11254,21232,14448,21599,2246,150,21087,1,,2024,2025
,1628386,Jarrett Allen,Jarrett,1610612739,CLE,,22400755,,,,26.8,6.0,8.0,0.75,0.0,0.0,0.0,2.0,2.0,1.0,4.0,9.0,13.0,3.0,1.0,1.0,0.0,1.0,3.0,1.0,14.0,21.0,36.1,1,0,32.0,1,1,13086,1,10465,5250,11288,2107,15070,20945,15070,6020,7446,1,785,796,534,6913,8788,5025,8263,2383,3404,11254,7553,1041,4469,1,150,5433,1,,2024,2025
,1629631,De'Andre Hunter,De'Andre,1610612739,CLE,,22400755,,,,23.0,3.0,7.0,0.429,3.0,4.0,0.75,3.0,4.0,0.75,0.0,1.0,1.0,0.0,0.0,1.0,0.0,1.0,5.0,2.0,12.0,0.0,16.2,0,0,18.0,1,1,13086,1,13753,12449,12910,13735,2458,8688,1542,4159,3754,8186,14058,17569,19889,19908,16469,5025,8263,2383,217,6956,9299,12240,15608,2246,150,13589,1,,2024,2025
,1630596,Evan Mobley,Evan,1610612739,CLE,,22400755,,,,31.6,12.0,19.0,0.632,1.0,4.0,0.25,3.0,5.0,0.6,4.0,6.0,10.0,6.0,1.0,2.0,4.0,1.0,3.0,5.0,28.0,15.0,66.0,1,0,57.0,1,1,13086,1,6334,421,1432,4871,8896,8688,11902,4159,2872,10343,785,2943,1549,2199,8788,1671,85,2383,3404,1447,1156,2549,144,1,150,347,1,,2024,2025
,1628386,Jarrett Allen,Jarrett,1610612739,CLE,,22400735,,,,27.0,4.0,7.0,0.571,0.0,0.0,0.0,4.0,4.0,1.0,2.0,10.0,12.0,4.0,2.0,0.0,2.0,0.0,3.0,2.0,12.0,7.0,36.4,1,0,32.0,1,1,13086,1,10349,9611,12910,6538,15070,20945,15070,2676,3754,1,3306,483,760,4780,4442,12854,808,8846,3404,6956,9299,6330,4356,1,150,5433,1,,2024,2025
,1628378,Donovan Mitchell,Donovan,1610612739,CLE,,22400735,,,,34.1,12.0,26.0,0.462,4.0,11.0,0.364,5.0,5.0,1.0,0.0,1.0,1.0,5.0,3.0,2.0,0.0,0.0,3.0,3.0,33.0,11.0,44.7,0,0,47.0,1,1,13086,1,4140,421,155,12428,1130,499,9100,1817,2872,1,14058,17569,19889,3273,2037,1671,8263,8846,3404,4218,488,4119,2077,2246,150,1314,1,,2024,2025
,1642281,Jaylon Tyson,Jaylon,1610612739,CLE,,22400735,,,,20.5,2.0,2.0,1.0,0.0,0.0,0.0,3.0,3.0,1.0,4.0,1.0,5.0,3.0,1.0,1.0,0.0,0.0,3.0,2.0,7.0,5.0,19.5,0,0,17.0,1,1,13086,1,15662,15612,21660,1,15070,20945,15070,4159,6038,1,785,17569,7268,6913,8788,5025,8263,8846,3404,6956,14857,7737,13445,2246,150,14250,1,,2024,2025
,1641854,Craig Porter Jr.,Craig,1610612739,CLE,,22400735,,,,22.8,1.0,3.0,0.333,0.0,0.0,0.0,0.0,0.0,0.0,2.0,2.0,4.0,5.0,0.0,3.0,0.0,1.0,0.0,0.0,2.0,7.0,23.3,0,0,17.0,1,1,13086,1,13894,19033,19992,17395,15070,20945,15070,13505,14344,13505,3306,13151,9701,3273,16469,473,8263,2383,20257,17725,21232,6330,10979,2246,150,14250,1,,2024,2025
,1630596,Evan Mobley,Evan,1610612739,CLE,,22400735,,,,33.6,10.0,16.0,0.625,0.0,3.0,0.0,7.0,8.0,0.875,2.0,5.0,7.0,1.0,3.0,1.0,1.0,1.0,1.0,4.0,27.0,13.0,39.9,0,0,39.0,1,1,13086,1,4618,1099,2836,4899,15070,11494,15070,752,912,6931,3306,4392,3946,14293,2037,5025,2537,2383,13332,2493,1351,3250,3245,2246,150,2984,1,,2024,2025
,1629636,Darius Garland,Darius,1610612739,CLE,,22400735,,,,32.0,8.0,15.0,0.533,5.0,8.0,0.625,2.0,3.0,0.667,2.0,3.0,5.0,5.0,4.0,1.0,0.0,0.0,3.0,5.0,23.0,8.0,35.5,0,0,40.0,1,1,13086,1,6020,2561,3491,8140,492,2050,2868,6020,6038,9425,3306,9417,7268,3273,877,5025,8263,8846,3404,1447,2434,5660,4709,2246,150,2744,1,,2024,2025
,1629660,Ty Jerome,Ty,1610612739,CLE,,22400735,,,,25.2,5.0,12.0,0.417,2.0,5.0,0.4,1.0,1.0,1.0,1.0,4.0,5.0,3.0,1.0,1.0,0.0,0.0,4.0,1.0,13.0,9.0,25.5,0,0,25.0,1,1,13086,1,11859,7242,5979,14532,4949,6354,7874,10215,12810,1,6876,6429,7268,6913,8788,5025,8263,8846,1150,11254,8426,5125,9681,2246,150,9137,1,,2024,2025
,1629622,Max Strus,Max,1610612739,CLE,,22400735,,,,31.0,6.0,11.0,0.545,5.0,9.0,0.556,0.0,0.0,0.0,1.0,4.0,5.0,3.0,0.0,0.0,0.0,0.0,1.0,0.0,17.0,9.0,27.5,0,0,30.0,1,1,13086,1,6873,5250,7071,7695,492,1295,3747,13505,14344,13505,6876,6429,7268,6913,16469,12854,8263,8846,13332,17725,5360,5125,8499,2246,150,6431,1,,2024,2025
,202684,Tristan Thompson,Tristan,1610612739,CLE,,22400735,,,,8.7,0.0,0.0,0.0,0.0,0.0,0.0,0.0,0.0,0.0,1.0,1.0,2.0,1.0,0.0,0.0,0.0,0.0,0.0,0.0,0.0,-11.0,3.9,0,0,3.0,1,1,13086,1,22551,22635,24836,22635,15070,20945,15070,13505,14344,13505,6876,17569,16273,14293,16469,12854,8263,8846,20257,17725,23200,21738,23345,2246,150,23533,1,,2024,2025
,1641734,Emoni Bates,Emoni,1610612739,CLE,,22400735,,,,5.2,0.0,2.0,0.0,0.0,2.0,0.0,0.0,0.0,0.0,0.0,0.0,0.0,2.0,0.0,0.0,0.0,0.0,2.0,0.0,0.0,-8.0,3.0,0,0,2.0,1,1,13086,1,23915,22635,21660,22635,15070,14411,15070,13505,14344,13505,14058,22137,23286,9909,16469,12854,8263,8846,7392,17725,23200,19855,23760,2246,150,24066,1,,2024,2025
,1629622,Max Strus,Max,1610612739,CLE,,22400718,,,,28.0,5.0,12.0,0.417,3.0,10.0,0.3,2.0,2.0,1.0,2.0,4.0,6.0,2.0,2.0,1.0,1.0,0.0,2.0,2.0,15.0,-1.0,29.2,0,0,30.0,1,1,13086,1,9517,7242,5979,14532,2458,829,11319,6020,7446,1,3306,6429,5362,9909,4442,5025,2537,8846,7392,6956,6813,13450,7560,2246,150,6431,1,,2024,2025
,1641854,Craig Porter Jr.,Craig,1610612739,CLE,,22400718,,,,15.7,6.0,7.0,0.857,3.0,4.0,0.75,1.0,2.0,0.5,0.0,0.0,0.0,1.0,1.0,0.0,0.0,0.0,1.0,1.0,16.0,1.0,16.5,0,0,20.0,1,1,13086,1,19151,5250,12910,1412,2458,8688,1542,10215,7446,10625,14058,22137,23286,14293,8788,12854,8263,8846,13332,11254,6070,11263,15409,2246,150,12254,1,,2024,2025
,1629636,Darius Garland,Darius,1610612739,CLE,,22400718,,,,31.5,8.0,18.0,0.444,4.0,7.0,0.571,5.0,6.0,0.833,1.0,2.0,3.0,5.0,5.0,0.0,1.0,1.0,3.0,3.0,25.0,-6.0,34.1,0,0,39.0,1,1,13086,1,6417,2561,1822,13045,1130,3100,3506,1817,1898,7275,6876,13151,12778,3273,387,12854,2537,2383,3404,4218,1828,18298,5238,2246,150,2984,1,,2024,2025
,1627777,Georges Niang,Georges,1610612739,CLE,,22400718,,,,23.0,3.0,7.0,0.429,1.0,4.0,0.25,0.0,0.0,0.0,1.0,4.0,5.0,1.0,1.0,0.0,0.0,1.0,4.0,0.0,7.0,2.0,13.5,0,0,14.0,1,1,13086,1,13719,12449,12910,13735,8896,8688,11902,13505,14344,13505,6876,6429,7268,14293,8788,12854,8263,2383,1150,17725,14857,10285,17367,2246,150,16370,1,,2024,2025
,1627747,Caris LeVert,Caris,1610612739,CLE,,22400718,,,,21.0,0.0,8.0,0.0,0.0,3.0,0.0,0.0,0.0,0.0,0.0,2.0,2.0,0.0,2.0,1.0,0.0,1.0,2.0,0.0,0.0,-5.0,3.4,0,0,4.0,1,1,13086,1,15296,22635,11288,22635,15070,11494,15070,13505,14344,13505,14058,13151,16273,19908,4442,5025,8263,2383,7392,17725,23200,17436,23550,2246,150,22929,1,,2024,2025
,1642281,Jaylon Tyson,Jaylon,1610612739,CLE,,22400718,,,,8.7,0.0,2.0,0.0,0.0,1.0,0.0,0.0,0.0,0.0,1.0,1.0,2.0,1.0,1.0,0.0,0.0,0.0,0.0,0.0,0.0,0.0,2.9,0,0,3.0,1,1,13086,1,22573,22635,21660,22635,15070,17631,15070,13505,14344,13505,6876,17569,16273,14293,8788,12854,8263,8846,20257,17725,23200,12240,23981,2246,150,23533,1,,2024,2025
,1629660,Ty Jerome,Ty,1610612739,CLE,,22400718,,,,18.7,5.0,7.0,0.714,0.0,0.0,0.0,3.0,3.0,1.0,0.0,4.0,4.0,5.0,4.0,0.0,0.0,0.0,1.0,3.0,13.0,12.0,21.3,0,0,22.0,1,1,13086,1,17013,7242,12910,2752,15070,20945,15070,4159,6038,1,14058,6429,9701,3273,877,12854,8263,8846,13332,4218,8426,3654,12222,2246,150,10998,1,,2024,2025
,1630241,Sam Merrill,Sam,1610612739,CLE,,22400718,,,,27.0,2.0,4.0,0.5,2.0,4.0,0.5,0.0,0.0,0.0,0.0,2.0,2.0,0.0,1.0,1.0,0.0,0.0,4.0,2.0,6.0,8.0,10.4,0,0,12.0,1,1,13086,1,10332,15612,18231,8526,4949,8688,3944,13505,14344,13505,14058,13151,16273,19908,8788,5025,8263,8846,1150,6956,15937,5660,19434,2246,150,17796,1,,2024,2025
,1630596,Evan Mobley,Evan,1610612739,CLE,,22400718,,,,34.6,10.0,16.0,0.625,3.0,5.0,0.6,7.0,8.0,0.875,2.0,7.0,9.0,7.0,2.0,0.0,4.0,2.0,4.0,5.0,30.0,5.0,61.3,0,0,57.0,1,1,13086,1,3812,1099,2836,4899,2458,6354,2992,752,912,6931,3306,1947,2169,1463,4442,12854,85,601,1150,1447,830,7737,279,2246,150,347,1,,2024,2025
,1628386,Jarrett Allen,Jarrett,1610612739,CLE,,22400718,,,,31.8,2.0,4.0,0.5,0.0,0.0,0.0,2.0,3.0,0.667,4.0,9.0,13.0,6.0,4.0,3.0,1.0,0.0,1.0,5.0,6.0,-1.0,38.6,0,0,33.0,1,1,13086,1,6136,15612,18231,8526,15070,20945,15070,6020,6038,9425,785,796,534,2199,877,473,2537,8846,13332,1447,15937,13450,3638,2246,150,5036,1,,2024,2025
,1628378,Donovan Mitchell,Donovan,1610612739,CLE,,22400710,,,,36.2,12.0,25.0,0.48,4.0,14.0,0.286,3.0,3.0,1.0,1.0,9.0,10.0,6.0,5.0,2.0,0.0,2.0,2.0,4.0,31.0,-5.0,53.0,1,0,55.0,1,13222,1,13222,2569,421,226,11962,1130,97,11433,4159,6038,1,6876,796,1549,2199,387,1671,8263,601,7392,2493,685,17436,826,1,150,474,1,,2024,2025
,1628386,Jarrett Allen,Jarrett,1610612739,CLE,,22400710,,,,32.5,6.0,11.0,0.545,0.0,0.0,0.0,5.0,5.0,1.0,6.0,12.0,18.0,2.0,1.0,0.0,1.0,1.0,2.0,3.0,17.0,8.0,43.6,1,0,39.0,1,13222,1,13222,5539,5250,7071,7695,15070,20945,15070,1817,2872,1,185,169,65,9909,8788,12854,2537,2383,7392,4218,5360,5660,2329,1,150,2984,1,,2024,2025
,1630241,Sam Merrill,Sam,1610612739,CLE,,22400710,,,,23.7,3.0,5.0,0.6,3.0,5.0,0.6,3.0,3.0,1.0,1.0,1.0,2.0,1.0,0.0,1.0,0.0,0.0,1.0,1.0,12.0,7.0,18.9,0,0,20.0,1,13222,1,13222,13186,12449,16437,5394,2458,6354,2992,4159,6038,1,6876,17569,16273,14293,16469,5025,8263,8846,13332,11254,9299,6330,13828,2246,150,12254,1,,2024,2025
,1630596,Evan Mobley,Evan,1610612739,CLE,,22400710,,,,27.9,3.0,14.0,0.214,0.0,4.0,0.0,1.0,2.0,0.5,3.0,2.0,5.0,2.0,1.0,0.0,0.0,2.0,2.0,1.0,7.0,-9.0,15.0,0,0,14.0,1,13222,1,13222,9653,12449,4240,21369,15070,8688,15070,10215,7446,10625,1615,13151,7268,9909,8788,12854,8263,601,7392,11254,14857,20535,16368,2246,150,16370,1,,2024,2025
,1627777,Georges Niang,Georges,1610612739,CLE,,22400710,,,,25.1,1.0,3.0,0.333,1.0,3.0,0.333,3.0,4.0,0.75,0.0,2.0,2.0,0.0,0.0,0.0,0.0,0.0,5.0,3.0,6.0,-13.0,8.4,0,0,9.0,1,13222,1,13222,11882,19033,19992,17395,8896,11494,9209,4159,3754,8186,14058,13151,16273,19908,16469,12854,8263,8846,217,4218,15937,22771,20717,2246,150,19766,1,,2024,2025
,1629622,Max Strus,Max,1610612739,CLE,,22400710,,,,28.7,1.0,4.0,0.25,0.0,2.0,0.0,0.0,0.0,0.0,0.0,6.0,6.0,1.0,1.0,1.0,0.0,0.0,6.0,0.0,2.0,5.0,12.7,0,0,11.0,1,13222,1,13222,8886,19033,18231,20233,15070,14411,15070,13505,14344,13505,14058,2943,5362,14293,8788,5025,8263,8846,1,17725,21232,7737,17905,2246,150,18464,1,,2024,2025
,1629660,Ty Jerome,Ty,1610612739,CLE,,22400710,,,,15.3,2.0,4.0,0.5,0.0,0.0,0.0,1.0,1.0,1.0,1.0,3.0,4.0,0.0,0.0,0.0,0.0,0.0,1.0,2.0,5.0,-11.0,9.8,0,0,9.0,1,13222,1,13222,19361,15612,18231,8526,15070,20945,15070,10215,12810,1,6876,9417,9701,19908,16469,12854,8263,8846,13332,6956,17323,21738,19853,2246,150,19766,1,,2024,2025
,1629636,Darius Garland,Darius,1610612739,CLE,,22400710,,,,34.0,8.0,20.0,0.4,3.0,8.0,0.375,6.0,8.0,0.75,0.0,1.0,1.0,3.0,3.0,2.0,0.0,1.0,4.0,6.0,25.0,6.0,33.7,0,0,36.0,1,13222,1,13222,4244,2561,1105,14933,2458,2050,8800,1180,912,8186,14058,17569,19889,6913,2037,1671,8263,2383,1150,792,1828,7002,5417,2246,150,3901,1,,2024,2025
,1627747,Caris LeVert,Caris,1610612739,CLE,,22400710,,,,16.6,0.0,5.0,0.0,0.0,3.0,0.0,0.0,0.0,0.0,2.0,1.0,3.0,3.0,2.0,0.0,0.0,0.0,0.0,1.0,0.0,-23.0,6.1,0,0,6.0,1,13222,1,13222,18528,22635,16437,22635,15070,11494,15070,13505,14344,13505,3306,17569,12778,6913,4442,12854,8263,8846,20257,11254,23200,25627,22072,2246,150,21698,1,,2024,2025
,1628386,Jarrett Allen,Jarrett,1610612739,CLE,,22400696,,,,19.9,6.0,8.0,0.75,0.0,1.0,0.0,2.0,2.0,1.0,0.0,9.0,9.0,0.0,0.0,0.0,2.0,0.0,0.0,1.0,14.0,22.0,30.8,0,0,27.0,1,1,13086,1,16109,5250,11288,2107,15070,17631,15070,6020,7446,1,14058,796,2169,19908,16469,12854,808,8846,20257,11254,7553,894,6777,2246,150,7999,1,,2024,2025
,1629636,Darius Garland,Darius,1610612739,CLE,,22400696,,,,23.4,6.0,8.0,0.75,3.0,4.0,0.75,2.0,2.0,1.0,0.0,3.0,3.0,10.0,2.0,2.0,0.0,0.0,2.0,1.0,17.0,32.0,39.6,1,0,37.0,1,1,13086,1,13381,5250,11288,2107,2458,8688,1542,6020,7446,1,14058,9417,12778,386,4442,1671,8263,8846,7392,11254,5360,119,3331,1,150,3591,1,,2024,2025
,1630241,Sam Merrill,Sam,1610612739,CLE,,22400696,,,,22.8,9.0,14.0,0.643,9.0,13.0,0.692,0.0,0.0,0.0,0.0,1.0,1.0,0.0,1.0,0.0,0.0,1.0,0.0,0.0,27.0,1.0,27.2,0,0,37.0,1,1,13086,1,13875,1688,4240,4607,10,166,1954,13505,14344,13505,14058,17569,19889,19908,8788,12854,8263,2383,20257,17725,1351,11263,8688,2246,150,3591,1,,2024,2025
,1629622,Max Strus,Max,1610612739,CLE,,22400696,,,,19.5,3.0,5.0,0.6,2.0,4.0,0.5,1.0,2.0,0.5,0.0,3.0,3.0,4.0,0.0,1.0,1.0,0.0,1.0,1.0,9.0,29.0,24.6,0,0,22.0,1,1,13086,1,16462,12449,16437,5394,4949,8688,3944,10215,7446,10625,14058,9417,12778,4780,16469,5025,2537,8846,13332,11254,12445,246,10214,2246,150,10998,1,,2024,2025
,202684,Tristan Thompson,Tristan,1610612739,CLE,,22400696,,,,17.0,0.0,3.0,0.0,0.0,1.0,0.0,0.0,2.0,0.0,1.0,8.0,9.0,3.0,0.0,0.0,0.0,0.0,4.0,1.0,0.0,-6.0,15.3,0,0,12.0,1,1,13086,1,18255,22635,19992,22635,15070,17631,15070,13505,7446,13505,6876,1271,2169,6913,16469,12854,8263,8846,1150,11254,23200,18298,16175,2246,150,17796,1,,2024,2025
,1642281,Jaylon Tyson,Jaylon,1610612739,CLE,,22400696,,,,18.1,3.0,7.0,0.429,1.0,1.0,1.0,1.0,1.0,1.0,1.0,3.0,4.0,2.0,0.0,0.0,0.0,1.0,0.0,1.0,8.0,-2.0,15.8,0,0,15.0,1,1,13086,1,17512,12449,12910,13735,8896,17631,1,10215,12810,1,6876,9417,9701,9909,16469,12854,8263,2383,20257,11254,13544,14448,15862,2246,150,15689,1,,2024,2025
,1628378,Donovan Mitchell,Donovan,1610612739,CLE,,22400696,,,,23.7,4.0,9.0,0.444,2.0,5.0,0.4,2.0,2.0,1.0,0.0,6.0,6.0,6.0,2.0,0.0,0.0,1.0,2.0,2.0,12.0,47.0,26.2,0,0,26.0,1,1,13086,1,13171,9611,9700,13045,4949,6354,7874,6020,7446,1,14058,2943,5362,2199,4442,12854,8263,2383,7392,6956,9299,2,9269,2246,150,8551,1,,2024,2025
,1627747,Caris LeVert,Caris,1610612739,CLE,,22400696,,,,23.3,4.0,8.0,0.5,2.0,4.0,0.5,0.0,0.0,0.0,0.0,0.0,0.0,5.0,0.0,1.0,0.0,0.0,1.0,0.0,10.0,26.0,20.5,0,0,19.0,1,1,13086,1,13450,9611,11288,8526,4949,8688,3944,13505,14344,13505,14058,22137,23286,3273,16469,5025,8263,8846,13332,17725,11377,449,12748,2246,150,12913,1,,2024,2025
,1629660,Ty Jerome,Ty,1610612739,CLE,,22400696,,,,26.6,5.0,12.0,0.417,2.0,4.0,0.5,0.0,0.0,0.0,1.0,2.0,3.0,5.0,2.0,3.0,0.0,0.0,2.0,1.0,12.0,12.0,30.1,0,0,28.0,1,1,13086,1,10618,7242,5979,14532,4949,8688,3944,13505,14344,13505,6876,13151,12778,3273,4442,473,8263,8846,7392,11254,9299,3654,7114,2246,150,7475,1,,2024,2025
,1630596,Evan Mobley,Evan,1610612739,CLE,,22400696,,,,23.7,8.0,12.0,0.667,2.0,3.0,0.667,4.0,5.0,0.8,0.0,11.0,11.0,3.0,0.0,0.0,4.0,0.0,2.0,3.0,22.0,47.0,51.7,1,0,46.0,1,1,13086,1,13171,2561,5979,3281,4949,11494,1957,2676,2872,7681,14058,283,1106,6913,16469,12854,85,8846,7392,4218,2824,2,953,1,150,1461,1,,2024,2025
,1627777,Georges Niang,Georges,1610612739,CLE,,22400696,,,,22.1,5.0,7.0,0.714,3.0,5.0,0.6,0.0,0.0,0.0,0.0,2.0,2.0,1.0,1.0,0.0,1.0,0.0,3.0,0.0,13.0,7.0,18.9,0,0,21.0,1,1,13086,1,14414,7242,12910,2752,2458,6354,2992,13505,14344,13505,14058,13151,16273,14293,8788,12854,2537,8846,3404,17725,8426,6330,13828,2246,150,11621,1,,2024,2025
,1629660,Ty Jerome,Ty,1610612739,CLE,,22400675,,,,26.1,9.0,11.0,0.818,1.0,2.0,0.5,1.0,1.0,1.0,0.0,2.0,2.0,6.0,1.0,2.0,0.0,0.0,1.0,2.0,20.0,21.0,36.4,0,0,33.0,1,1,13086,1,11112,1688,7071,1653,8896,14411,3944,10215,12810,1,14058,13151,16273,2199,8788,1671,8263,8846,13332,6956,3676,1041,4356,2246,150,5036,1,,2024,2025
,1630596,Evan Mobley,Evan,1610612739,CLE,,22400675,,,,27.1,7.0,12.0,0.583,0.0,2.0,0.0,2.0,2.0,1.0,2.0,8.0,10.0,4.0,1.0,1.0,1.0,0.0,0.0,3.0,16.0,19.0,39.0,1,0,34.0,1,1,13086,1,10256,3730,5979,6296,15070,14411,15070,6020,7446,1,3306,1271,1549,4780,8788,5025,2537,8846,20257,4218,6070,1456,3499,1,150,4638,1,,2024,2025
,1629636,Darius Garland,Darius,1610612739,CLE,,22400675,,,,30.3,11.0,20.0,0.55,2.0,6.0,0.333,2.0,2.0,1.0,0.0,2.0,2.0,7.0,3.0,2.0,0.0,0.0,4.0,2.0,26.0,7.0,41.9,0,0,41.0,1,1,13086,1,7479,704,1105,7655,4949,4502,9209,6020,7446,1,14058,13151,16273,1463,2037,1671,8263,8846,1150,6956,1579,6330,2742,2246,150,2498,1,,2024,2025
,1630241,Sam Merrill,Sam,1610612739,CLE,,22400675,,,,23.7,2.0,6.0,0.333,0.0,4.0,0.0,0.0,0.0,0.0,2.0,1.0,3.0,4.0,1.0,2.0,1.0,0.0,3.0,0.0,4.0,11.0,21.6,0,0,17.0,1,1,13086,1,13138,15612,14618,17395,15070,8688,15070,13505,14344,13505,3306,17569,12778,4780,8788,1671,2537,8846,3404,17725,18599,4119,12003,2246,150,14250,1,,2024,2025
,1629622,Max Strus,Max,1610612739,CLE,,22400675,,,,20.6,4.0,5.0,0.8,3.0,4.0,0.75,0.0,0.0,0.0,1.0,4.0,5.0,3.0,3.0,1.0,0.0,0.0,1.0,0.0,11.0,9.0,21.5,0,0,24.0,1,1,13086,1,15578,9611,16437,1688,2458,8688,1542,13505,14344,13505,6876,6429,7268,6913,2037,5025,8263,8846,13332,17725,10323,5125,12085,2246,150,9719,1,,2024,2025
,1628386,Jarrett Allen,Jarrett,1610612739,CLE,,22400675,,,,30.6,3.0,3.0,1.0,0.0,0.0,0.0,3.0,4.0,0.75,3.0,12.0,15.0,2.0,0.0,0.0,0.0,0.0,1.0,4.0,9.0,5.0,30.0,0,0,26.0,1,1,13086,1,7274,12449,19992,1,15070,20945,15070,4159,3754,8186,1615,169,224,9909,16469,12854,8263,8846,13332,2493,12445,7737,7167,2246,150,8551,1,,2024,2025
,1627777,Georges Niang,Georges,1610612739,CLE,,22400675,,,,17.9,2.0,6.0,0.333,2.0,6.0,0.333,4.0,4.0,1.0,1.0,2.0,3.0,0.0,0.0,0.0,0.0,0.0,4.0,3.0,10.0,25.0,13.6,0,0,15.0,1,1,13086,1,17642,15612,14618,17395,4949,4502,9209,2676,3754,1,6876,13151,12778,19908,16469,12854,8263,8846,1150,4218,11377,535,17296,2246,150,15689,1,,2024,2025
,1630550,JT Thor,JT,1610612739,CLE,,22400675,,,,3.7,0.0,1.0,0.0,0.0,1.0,0.0,0.0,0.0,0.0,0.0,0.0,0.0,0.0,0.0,0.0,0.0,0.0,0.0,0.0,0.0,2.0,0.0,0,0,0.0,1,1,13086,1,24623,22635,23259,22635,15070,17631,15070,13505,14344,13505,14058,22137,23286,19908,16469,12854,8263,8846,20257,17725,23200,10285,25228,2246,150,25259,1,,2024,2025
,202684,Tristan Thompson,Tristan,1610612739,CLE,,22400675,,,,3.7,0.0,0.0,0.0,0.0,0.0,0.0,0.0,0.0,0.0,0.0,3.0,3.0,0.0,0.0,0.0,0.0,0.0,0.0,0.0,0.0,2.0,3.6,0,0,3.0,1,1,13086,1,24623,22635,24836,22635,15070,20945,15070,13505,14344,13505,14058,9417,12778,19908,16469,12854,8263,8846,20257,17725,23200,10285,23446,2246,150,23533,1,,2024,2025
,1641854,Craig Porter Jr.,Craig,1610612739,CLE,,22400675,,,,8.6,1.0,1.0,1.0,0.0,0.0,0.0,0.0,0.0,0.0,0.0,0.0,0.0,1.0,1.0,0.0,0.0,0.0,1.0,0.0,2.0,-3.0,2.5,0,0,3.0,1,1,13086,1,22608,19033,23259,1,15070,20945,15070,13505,14344,13505,14058,22137,23286,14293,8788,12854,8263,8846,13332,17725,21232,15511,24132,2246,150,23533,1,,2024,2025
,1641734,Emoni Bates,Emoni,1610612739,CLE,,22400675,,,,3.7,0.0,1.0,0.0,0.0,1.0,0.0,0.0,0.0,0.0,0.0,0.0,0.0,1.0,0.0,0.0,0.0,0.0,0.0,0.0,0.0,2.0,1.5,0,0,1.0,1,1,13086,1,24623,22635,23259,22635,15070,17631,15070,13505,14344,13505,14058,22137,23286,14293,16469,12854,8263,8846,20257,17725,23200,10285,24554,2246,150,24667,1,,2024,2025
,1628378,Donovan Mitchell,Donovan,1610612739,CLE,,22400675,,,,27.4,8.0,16.0,0.5,4.0,10.0,0.4,4.0,5.0,0.8,0.0,1.0,1.0,6.0,1.0,1.0,0.0,1.0,1.0,3.0,24.0,17.0,36.2,0,0,37.0,1,1,13086,1,10062,2561,2836,8526,1130,829,7874,2676,2872,7681,14058,17569,19889,2199,8788,5025,8263,2383,13332,4218,2129,1948,4424,2246,150,3591,1,,2024,2025
,1642281,Jaylon Tyson,Jaylon,1610612739,CLE,,22400675,,,,16.8,6.0,9.0,0.667,1.0,3.0,0.333,2.0,2.0,1.0,1.0,4.0,5.0,0.0,0.0,0.0,1.0,0.0,3.0,1.0,15.0,-7.0,24.0,0,0,23.0,1,1,13086,1,18416,5250,9700,3281,8896,11494,9209,6020,7446,1,6876,6429,7268,19908,16469,12854,2537,8846,3404,11254,6813,19141,10563,2246,150,10339,1,,2024,2025
,1642281,Jaylon Tyson,Jaylon,1610612739,CLE,,22400667,,,,29.7,2.0,7.0,0.286,0.0,3.0,0.0,0.0,0.0,0.0,3.0,2.0,5.0,4.0,1.0,0.0,0.0,0.0,3.0,0.0,4.0,15.0,15.0,0,0,13.0,1,1,13086,1,8039,15612,12910,19630,15070,11494,15070,13505,14344,13505,1615,13151,7268,4780,8788,12854,8263,8846,3404,17725,18599,2549,16368,2246,150,17050,1,,2024,2025
,1630596,Evan Mobley,Evan,1610612739,CLE,,22400667,,,,31.3,10.0,15.0,0.667,0.0,2.0,0.0,2.0,3.0,0.667,4.0,11.0,15.0,2.0,1.0,0.0,1.0,0.0,4.0,3.0,22.0,11.0,45.0,1,0,41.0,1,1,13086,1,6594,1099,3491,3281,15070,14411,15070,6020,6038,9425,785,283,224,9909,8788,12854,2537,8846,1150,4218,2824,4119,2012,1,150,2498,1,,2024,2025
,1629660,Ty Jerome,Ty,1610612739,CLE,,22400667,,,,29.7,9.0,18.0,0.5,2.0,8.0,0.25,0.0,0.0,0.0,2.0,1.0,3.0,7.0,2.0,1.0,0.0,1.0,2.0,0.0,20.0,14.0,35.1,0,0,34.0,1,1,13086,1,8089,1688,1822,8526,4949,2050,11902,13505,14344,13505,3306,17569,12778,1463,4442,5025,8263,2383,7392,17725,3676,2867,4839,2246,150,4638,1,,2024,2025
,1628378,Donovan Mitchell,Donovan,1610612739,CLE,,22400667,,,,30.4,14.0,23.0,0.609,5.0,11.0,0.455,1.0,1.0,1.0,0.0,1.0,1.0,6.0,1.0,2.0,0.0,1.0,3.0,1.0,34.0,11.0,49.2,0,0,50.0,1,1,13086,1,7425,141,455,5384,492,499,7148,10215,12810,1,14058,17569,19889,2199,8788,1671,8263,2383,3404,11254,394,4119,1293,2246,150,943,1,,2024,2025
,202684,Tristan Thompson,Tristan,1610612739,CLE,,22400667,,,,5.8,1.0,2.0,0.5,0.0,0.0,0.0,0.0,0.0,0.0,1.0,1.0,2.0,0.0,0.0,0.0,0.0,0.0,0.0,0.0,2.0,-2.0,4.4,0,0,4.0,1,1,13086,1,23675,19033,21660,8526,15070,20945,15070,13505,14344,13505,6876,17569,16273,19908,16469,12854,8263,8846,20257,17725,21232,14448,23001,2246,150,22929,1,,2024,2025
,1641734,Emoni Bates,Emoni,1610612739,CLE,,22400667,,,,1.3,0.0,1.0,0.0,0.0,1.0,0.0,0.0,0.0,0.0,0.0,0.0,0.0,0.0,0.0,0.0,0.0,0.0,0.0,0.0,0.0,0.0,0.0,0,0,0.0,1,1,13086,1,25930,22635,23259,22635,15070,17631,15070,13505,14344,13505,14058,22137,23286,19908,16469,12854,8263,8846,20257,17725,23200,12240,25228,2246,150,25259,1,,2024,2025
,1641854,Craig Porter Jr.,Craig,1610612739,CLE,,22400667,,,,21.0,4.0,7.0,0.571,1.0,2.0,0.5,0.0,0.0,0.0,1.0,3.0,4.0,2.0,1.0,1.0,1.0,1.0,1.0,0.0,9.0,5.0,21.8,0,0,20.0,1,1,13086,1,15267,9611,12910,6538,8896,14411,3944,13505,14344,13505,6876,9417,9701,9909,8788,5025,2537,2383,13332,17725,12445,7737,11881,2246,150,12254,1,,2024,2025
,1629622,Max Strus,Max,1610612739,CLE,,22400667,,,,33.2,3.0,11.0,0.273,2.0,9.0,0.222,0.0,0.0,0.0,0.0,3.0,3.0,6.0,0.0,3.0,0.0,1.0,2.0,0.0,8.0,15.0,29.6,0,0,25.0,1,1,13086,1,4963,12449,7071,20048,4949,1295,13288,13505,14344,13505,14058,9417,12778,2199,16469,473,8263,2383,7392,17725,13544,2549,7359,2246,150,9137,1,,2024,2025
,1627777,Georges Niang,Georges,1610612739,CLE,,22400667,,,,28.4,6.0,9.0,0.667,3.0,6.0,0.5,0.0,0.0,0.0,0.0,4.0,4.0,1.0,0.0,1.0,0.0,0.0,2.0,0.0,15.0,11.0,24.3,0,0,25.0,1,1,13086,1,9184,5250,9700,3281,2458,4502,3944,13505,14344,13505,14058,6429,9701,14293,16469,5025,8263,8846,7392,17725,6813,4119,10409,2246,150,9137,1,,2024,2025
,1628386,Jarrett Allen,Jarrett,1610612739,CLE,,22400667,,,,29.2,5.0,7.0,0.714,0.0,0.0,0.0,2.0,2.0,1.0,2.0,8.0,10.0,1.0,1.0,2.0,0.0,0.0,0.0,1.0,12.0,20.0,30.5,1,0,27.0,1,1,13086,1,8496,7242,12910,2752,15070,20945,15070,6020,7446,1,3306,1271,1549,14293,8788,1671,8263,8846,20257,11254,9299,1243,6930,1,150,7999,1,,2024,2025
,202684,Tristan Thompson,Tristan,1610612739,CLE,,22400649,,,,3.4,0.0,1.0,0.0,0.0,0.0,0.0,0.0,0.0,0.0,0.0,1.0,1.0,0.0,0.0,0.0,0.0,0.0,0.0,0.0,0.0,0.0,1.2,0,0,1.0,1,1,13086,1,24790,22635,23259,22635,15070,20945,15070,13505,14344,13505,14058,17569,19889,19908,16469,12854,8263,8846,20257,17725,23200,12240,24725,2246,150,24667,1,,2024,2025
,1627777,Georges Niang,Georges,1610612739,CLE,,22400649,,,,19.7,1.0,9.0,0.111,1.0,6.0,0.167,0.0,0.0,0.0,1.0,2.0,3.0,0.0,2.0,0.0,0.0,1.0,5.0,0.0,3.0,0.0,4.6,0,0,7.0,1,1,13086,1,16285,19033,9700,22520,8896,4502,14236,13505,14344,13505,6876,13151,12778,19908,4442,12854,8263,2383,217,17725,19913,12240,22915,2246,150,21087,1,,2024,2025
,1642281,Jaylon Tyson,Jaylon,1610612739,CLE,,22400649,,,,14.0,1.0,4.0,0.25,1.0,4.0,0.25,2.0,2.0,1.0,0.0,2.0,2.0,2.0,0.0,0.0,0.0,0.0,1.0,1.0,5.0,4.0,10.4,0,0,10.0,1,1,13086,1,20214,19033,18231,20233,8896,8688,11902,6020,7446,1,14058,13151,16273,9909,16469,12854,8263,8846,13332,11254,17323,8479,19434,2246,150,19152,1,,2024,2025
,1629660,Ty Jerome,Ty,1610612739,CLE,,22400649,,,,23.3,7.0,11.0,0.636,1.0,3.0,0.333,0.0,0.0,0.0,1.0,1.0,2.0,3.0,0.0,0.0,0.0,0.0,1.0,0.0,15.0,2.0,21.9,0,0,21.0,1,1,13086,1,13494,3730,7071,4689,8896,11494,9209,13505,14344,13505,6876,17569,16273,6913,16469,12854,8263,8846,13332,17725,6813,10285,11822,2246,150,11621,1,,2024,2025
,1630596,Evan Mobley,Evan,1610612739,CLE,,22400649,,,,28.0,4.0,9.0,0.444,0.0,2.0,0.0,3.0,5.0,0.6,5.0,9.0,14.0,3.0,0.0,2.0,2.0,0.0,0.0,2.0,11.0,12.0,44.3,1,0,36.0,1,1,13086,1,9582,9611,9700,13045,15070,14411,15070,4159,2872,10343,389,796,349,6913,16469,1671,808,8846,20257,6956,10323,3654,2165,1,150,3901,1,,2024,2025
,1629636,Darius Garland,Darius,1610612739,CLE,,22400649,,,,31.5,8.0,19.0,0.421,3.0,11.0,0.273,3.0,3.0,1.0,1.0,4.0,5.0,7.0,3.0,0.0,0.0,1.0,0.0,3.0,22.0,18.0,35.5,0,0,37.0,1,1,13086,1,6437,2561,1432,14442,2458,499,11838,4159,6038,1,6876,6429,7268,1463,2037,12854,8263,2383,20257,4218,2824,1677,4709,2246,150,3591,1,,2024,2025
,1641854,Craig Porter Jr.,Craig,1610612739,CLE,,22400649,,,,6.3,0.0,0.0,0.0,0.0,0.0,0.0,0.0,0.0,0.0,0.0,1.0,1.0,0.0,0.0,0.0,0.0,0.0,0.0,0.0,0.0,2.0,1.2,0,0,1.0,1,1,13086,1,23477,22635,24836,22635,15070,20945,15070,13505,14344,13505,14058,17569,19889,19908,16469,12854,8263,8846,20257,17725,23200,10285,24725,2246,150,24667,1,,2024,2025
,1629622,Max Strus,Max,1610612739,CLE,,22400649,,,,26.2,4.0,9.0,0.444,2.0,7.0,0.286,0.0,0.0,0.0,1.0,7.0,8.0,2.0,1.0,1.0,1.0,0.0,2.0,2.0,10.0,20.0,27.6,0,0,26.0,1,1,13086,1,11004,9611,9700,13045,4949,3100,11433,13505,14344,13505,6876,1947,2934,9909,8788,5025,2537,8846,7392,6956,11377,1243,8435,2246,150,8551,1,,2024,2025
,1630241,Sam Merrill,Sam,1610612739,CLE,,22400649,,,,22.8,3.0,6.0,0.5,2.0,5.0,0.4,0.0,0.0,0.0,0.0,4.0,4.0,0.0,0.0,0.0,0.0,0.0,1.0,1.0,8.0,5.0,12.8,0,0,14.0,1,1,13086,1,13863,12449,14618,8526,4949,6354,7874,13505,14344,13505,14058,6429,9701,19908,16469,12854,8263,8846,13332,11254,13544,7737,17849,2246,150,16370,1,,2024,2025
,1641734,Emoni Bates,Emoni,1610612739,CLE,,22400649,,,,3.4,0.0,1.0,0.0,0.0,0.0,0.0,0.0,0.0,0.0,0.0,0.0,0.0,1.0,0.0,0.0,0.0,0.0,0.0,0.0,0.0,0.0,1.5,0,0,1.0,1,1,13086,1,24790,22635,23259,22635,15070,20945,15070,13505,14344,13505,14058,22137,23286,14293,16469,12854,8263,8846,20257,17725,23200,12240,24554,2246,150,24667,1,,2024,2025
,1628378,Donovan Mitchell,Donovan,1610612739,CLE,,22400649,,,,30.9,6.0,12.0,0.5,2.0,6.0,0.333,7.0,7.0,1.0,0.0,2.0,2.0,6.0,1.0,1.0,0.0,0.0,0.0,4.0,21.0,16.0,34.4,0,0,33.0,1,1,13086,1,6960,5250,5979,8526,4949,4502,9209,752,1377,1,14058,13151,16273,2199,8788,5025,8263,8846,20257,2493,3254,2243,5127,2246,150,5036,1,,2024,2025
,1628386,Jarrett Allen,Jarrett,1610612739,CLE,,22400649,,,,30.8,6.0,10.0,0.6,0.0,0.0,0.0,3.0,6.0,0.5,3.0,8.0,11.0,4.0,2.0,1.0,1.0,2.0,3.0,4.0,15.0,16.0,38.2,1,0,34.0,1,1,13086,1,7055,5250,8304,5394,15070,20945,15070,4159,1898,10625,1615,1271,1106,4780,4442,5025,2537,601,3404,2493,6813,2243,3746,1,150,4638,1,,2024,2025
,1629636,Darius Garland,Darius,1610612739,CLE,,22400640,,,,36.0,14.0,22.0,0.636,4.0,7.0,0.571,7.0,7.0,1.0,3.0,0.0,3.0,9.0,3.0,0.0,0.0,1.0,2.0,6.0,39.0,1.0,53.1,0,0,55.0,1,13222,1,13222,2659,141,626,4689,1130,3100,3506,752,1377,1,1615,22137,12778,635,2037,12854,8263,2383,7392,792,140,11263,815,2246,150,474,1,,2024,2025
,1628378,Donovan Mitchell,Donovan,1610612739,CLE,,22400640,,,,37.1,11.0,27.0,0.407,4.0,11.0,0.364,7.0,9.0,0.778,1.0,3.0,4.0,7.0,1.0,2.0,1.0,1.0,5.0,6.0,33.0,-1.0,56.3,0,0,54.0,1,13222,1,13222,1911,704,111,14925,1130,499,9100,752,643,8092,6876,9417,9701,1463,8788,1671,2537,2383,217,792,488,13450,557,2246,150,548,1,,2024,2025
,1627777,Georges Niang,Georges,1610612739,CLE,,22400640,,,,28.5,7.0,9.0,0.778,6.0,7.0,0.857,1.0,2.0,0.5,0.0,4.0,4.0,1.0,0.0,1.0,0.0,1.0,4.0,3.0,21.0,-1.0,30.3,0,0,34.0,1,13222,1,13222,9099,3730,9700,1994,202,3100,1329,10215,7446,10625,14058,6429,9701,14293,16469,5025,8263,2383,1150,4218,3254,13450,7033,2246,150,4638,1,,2024,2025
,1628386,Jarrett Allen,Jarrett,1610612739,CLE,,22400640,,,,28.9,4.0,5.0,0.8,0.0,0.0,0.0,0.0,0.0,0.0,1.0,4.0,5.0,2.0,1.0,0.0,1.0,0.0,4.0,3.0,8.0,8.0,19.0,0,0,17.0,1,13222,1,13222,8737,9611,16437,1688,15070,20945,15070,13505,14344,13505,6876,6429,7268,9909,8788,12854,2537,8846,1150,4218,13544,5660,13770,2246,150,14250,1,,2024,2025
,202684,Tristan Thompson,Tristan,1610612739,CLE,,22400640,,,,5.2,0.0,0.0,0.0,0.0,0.0,0.0,0.0,0.0,0.0,0.0,0.0,0.0,0.0,1.0,0.0,0.0,0.0,4.0,0.0,0.0,3.0,-1.0,0,0,0.0,1,13222,1,13222,23920,22635,24836,22635,15070,20945,15070,13505,14344,13505,14058,22137,23286,19908,8788,12854,8263,8846,1150,17725,23200,9394,26163,2246,150,25259,1,,2024,2025
,1629622,Max Strus,Max,1610612739,CLE,,22400640,,,,34.8,6.0,8.0,0.75,2.0,4.0,0.5,0.0,0.0,0.0,1.0,8.0,9.0,3.0,0.0,0.0,0.0,0.0,5.0,0.0,14.0,4.0,29.3,0,0,28.0,1,13222,1,13222,3595,5250,11288,2107,4949,8688,3944,13505,14344,13505,6876,1271,2169,6913,16469,12854,8263,8846,217,17725,7553,8479,7503,2246,150,7475,1,,2024,2025
,1630596,Evan Mobley,Evan,1610612739,CLE,,22400640,,,,29.0,3.0,8.0,0.375,0.0,2.0,0.0,1.0,4.0,0.25,1.0,7.0,8.0,1.0,2.0,0.0,2.0,1.0,2.0,3.0,7.0,-9.0,22.1,0,0,20.0,1,13222,1,13222,8697,12449,11288,16299,15070,14411,15070,10215,3754,13358,6876,1947,2934,14293,4442,12854,808,2383,7392,4218,14857,20535,11691,2246,150,12254,1,,2024,2025
,1641854,Craig Porter Jr.,Craig,1610612739,CLE,,22400640,,,,5.4,0.0,1.0,0.0,0.0,0.0,0.0,0.0,0.0,0.0,0.0,1.0,1.0,0.0,2.0,0.0,1.0,0.0,0.0,0.0,0.0,1.0,2.2,0,0,3.0,1,13222,1,13222,23840,22635,23259,22635,15070,20945,15070,13505,14344,13505,14058,17569,19889,19908,4442,12854,2537,8846,20257,17725,23200,11263,24267,2246,150,23533,1,,2024,2025
,1630241,Sam Merrill,Sam,1610612739,CLE,,22400640,,,,17.4,1.0,3.0,0.333,1.0,3.0,0.333,0.0,0.0,0.0,1.0,1.0,2.0,2.0,0.0,1.0,0.0,0.0,2.0,0.0,3.0,-16.0,11.4,0,0,10.0,1,13222,1,13222,17972,19033,19992,17395,8896,11494,9209,13505,14344,13505,6876,17569,16273,9909,16469,5025,8263,8846,7392,17725,19913,23938,18783,2246,150,19152,1,,2024,2025
,1629660,Ty Jerome,Ty,1610612739,CLE,,22400640,,,,17.7,1.0,8.0,0.125,0.0,5.0,0.0,4.0,4.0,1.0,2.0,2.0,4.0,3.0,1.0,0.0,0.0,0.0,2.0,2.0,6.0,-10.0,14.3,0,0,13.0,1,13222,1,13222,17817,19033,11288,22420,15070,6354,15070,2676,3754,1,3306,13151,9701,6913,8788,12854,8263,8846,7392,6956,15937,21147,16842,2246,150,17050,1,,2024,2025
,1629622,Max Strus,Max,1610612739,CLE,,22400631,,,,27.4,2.0,7.0,0.286,2.0,5.0,0.4,0.0,0.0,0.0,2.0,5.0,7.0,2.0,0.0,1.0,2.0,0.0,3.0,0.0,6.0,2.0,26.4,0,0,23.0,1,13222,1,13222,10009,15612,12910,19630,4949,6354,7874,13505,14344,13505,3306,4392,3946,9909,16469,5025,808,8846,3404,17725,15937,10285,9150,2246,150,10339,1,,2024,2025
,1628386,Jarrett Allen,Jarrett,1610612739,CLE,,22400631,,,,33.9,4.0,8.0,0.5,0.0,0.0,0.0,0.0,2.0,0.0,3.0,7.0,10.0,1.0,3.0,1.0,1.0,1.0,2.0,2.0,8.0,3.0,24.5,0,0,23.0,1,13222,1,13222,4377,9611,11288,8526,15070,20945,15070,13505,7446,13505,1615,1947,1549,14293,2037,5025,2537,2383,7392,6956,13544,9394,10279,2246,150,10339,1,,2024,2025
,1629660,Ty Jerome,Ty,1610612739,CLE,,22400631,,,,33.3,11.0,14.0,0.786,8.0,8.0,1.0,3.0,4.0,0.75,0.0,3.0,3.0,3.0,3.0,2.0,0.0,1.0,1.0,2.0,33.0,-1.0,44.1,0,0,51.0,1,13222,1,13222,4870,704,4240,1975,27,2050,1,4159,3754,8186,14058,9417,12778,6913,2037,1671,8263,2383,13332,6956,488,13450,2211,2246,150,822,1,,2024,2025
,1628378,Donovan Mitchell,Donovan,1610612739,CLE,,22400631,,,,33.4,12.0,23.0,0.522,7.0,15.0,0.467,6.0,8.0,0.75,1.0,2.0,3.0,7.0,4.0,3.0,0.0,2.0,3.0,6.0,37.0,3.0,56.1,0,0,60.0,1,13222,1,13222,4812,421,455,8473,76,51,7108,1180,912,8186,6876,13151,12778,1463,877,473,8263,601,3404,792,202,9394,569,2246,150,236,1,,2024,2025
,1629636,Darius Garland,Darius,1610612739,CLE,,22400631,,,,32.4,10.0,21.0,0.476,4.0,10.0,0.4,2.0,2.0,1.0,0.0,1.0,1.0,7.0,2.0,1.0,0.0,2.0,3.0,2.0,26.0,-4.0,38.7,0,0,40.0,1,13222,1,13222,5670,1099,817,12010,1130,829,7874,6020,7446,1,14058,17569,19889,1463,4442,5025,8263,601,3404,6956,1579,16449,3605,2246,150,2744,1,,2024,2025
,1627777,Georges Niang,Georges,1610612739,CLE,,22400631,,,,17.8,2.0,6.0,0.333,1.0,4.0,0.25,0.0,0.0,0.0,0.0,3.0,3.0,2.0,1.0,1.0,0.0,0.0,3.0,0.0,5.0,-17.0,13.6,0,0,13.0,1,13222,1,13222,17694,15612,14618,17395,8896,8688,11902,13505,14344,13505,14058,9417,12778,9909,8788,5025,8263,8846,3404,17725,17323,24263,17296,2246,150,17050,1,,2024,2025
,202684,Tristan Thompson,Tristan,1610612739,CLE,,22400631,,,,9.9,0.0,0.0,0.0,0.0,0.0,0.0,0.0,0.0,0.0,2.0,2.0,4.0,2.0,2.0,0.0,1.0,0.0,2.0,0.0,0.0,-3.0,8.8,0,0,8.0,1,13222,1,13222,22128,22635,24836,22635,15070,20945,15070,13505,14344,13505,3306,13151,9701,9909,4442,12854,2537,8846,7392,17725,23200,15511,20489,2246,150,20457,1,,2024,2025
,1642281,Jaylon Tyson,Jaylon,1610612739,CLE,,22400631,,,,13.5,1.0,2.0,0.5,1.0,2.0,0.5,0.0,0.0,0.0,0.0,2.0,2.0,0.0,0.0,0.0,1.0,0.0,0.0,1.0,3.0,3.0,8.4,0,0,8.0,1,13222,1,13222,20469,19033,21660,8526,8896,14411,3944,13505,14344,13505,14058,13151,16273,19908,16469,12854,2537,8846,20257,11254,19913,9394,20717,2246,150,20457,1,,2024,2025
,1630241,Sam Merrill,Sam,1610612739,CLE,,22400631,,,,18.6,2.0,6.0,0.333,2.0,6.0,0.333,3.0,3.0,1.0,1.0,1.0,2.0,2.0,1.0,0.0,0.0,0.0,1.0,3.0,9.0,6.0,13.4,0,0,15.0,1,13222,1,13222,17123,15612,14618,17395,4949,4502,9209,4159,6038,1,6876,17569,16273,9909,8788,12854,8263,8846,13332,4218,12445,7002,17421,2246,150,15689,1,,2024,2025
,1629731,Dean Wade,Dean,1610612739,CLE,,22400631,,,,19.7,1.0,3.0,0.333,0.0,2.0,0.0,0.0,0.0,0.0,1.0,1.0,2.0,4.0,0.0,1.0,0.0,0.0,2.0,0.0,2.0,-7.0,13.4,0,0,10.0,1,13222,1,13222,16240,19033,19992,17395,15070,14411,15070,13505,14344,13505,6876,17569,16273,4780,16469,5025,8263,8846,7392,17725,21232,19141,17421,2246,150,19152,1,,2024,2025
,1629731,Dean Wade,Dean,1610612739,CLE,,22400615,,,,30.6,3.0,8.0,0.375,2.0,7.0,0.286,0.0,0.0,0.0,2.0,6.0,8.0,3.0,0.0,2.0,1.0,0.0,5.0,0.0,8.0,10.0,31.1,0,0,27.0,1,13222,1,13222,7240,12449,11288,16299,4949,3100,11433,13505,14344,13505,3306,2943,2934,6913,16469,1671,2537,8846,217,17725,13544,4588,6628,2246,150,7999,1,,2024,2025
,1630241,Sam Merrill,Sam,1610612739,CLE,,22400615,,,,22.9,3.0,9.0,0.333,1.0,6.0,0.167,0.0,0.0,0.0,3.0,2.0,5.0,3.0,1.0,0.0,0.0,1.0,2.0,1.0,7.0,0.0,16.5,0,0,16.0,1,13222,1,13222,13816,12449,9700,17395,8896,4502,14236,13505,14344,13505,1615,13151,7268,6913,8788,12854,8263,2383,7392,11254,14857,12240,15409,2246,150,14948,1,,2024,2025
,1628378,Donovan Mitchell,Donovan,1610612739,CLE,,22400615,,,,35.1,7.0,21.0,0.333,1.0,8.0,0.125,4.0,5.0,0.8,2.0,1.0,3.0,3.0,1.0,0.0,1.0,1.0,2.0,5.0,19.0,19.0,29.1,0,0,28.0,1,13222,1,13222,3418,3730,817,17395,8896,2050,14886,2676,2872,7681,3306,17569,12778,6913,8788,12854,2537,2383,7392,1447,4202,1456,7610,2246,150,7475,1,,2024,2025
,1629622,Max Strus,Max,1610612739,CLE,,22400615,,,,22.8,2.0,6.0,0.333,1.0,3.0,0.333,0.0,0.0,0.0,1.0,0.0,1.0,5.0,1.0,1.0,0.0,1.0,2.0,1.0,5.0,0.0,15.7,0,0,14.0,1,13222,1,13222,13894,15612,14618,17395,8896,11494,9209,13505,14344,13505,6876,22137,19889,3273,8788,5025,8263,2383,7392,11254,17323,12240,15924,2246,150,16370,1,,2024,2025
,202684,Tristan Thompson,Tristan,1610612739,CLE,,22400615,,,,13.0,0.0,1.0,0.0,0.0,0.0,0.0,0.0,0.0,0.0,2.0,1.0,3.0,3.0,0.0,0.0,0.0,1.0,2.0,1.0,0.0,-6.0,8.1,0,0,6.0,1,13222,1,13222,20745,22635,23259,22635,15070,20945,15070,13505,14344,13505,3306,17569,12778,6913,16469,12854,8263,2383,7392,11254,23200,18298,20889,2246,150,21698,1,,2024,2025
,1627777,Georges Niang,Georges,1610612739,CLE,,22400615,,,,20.4,3.0,7.0,0.429,2.0,4.0,0.5,0.0,0.0,0.0,2.0,3.0,5.0,0.0,1.0,0.0,0.0,1.0,2.0,0.0,8.0,-12.0,13.0,0,0,15.0,1,13222,1,13222,15713,12449,12910,13735,4949,8688,3944,13505,14344,13505,3306,9417,7268,19908,8788,12854,8263,2383,7392,17725,13544,22309,17709,2246,150,15689,1,,2024,2025
,1642281,Jaylon Tyson,Jaylon,1610612739,CLE,,22400615,,,,5.1,0.0,1.0,0.0,0.0,0.0,0.0,0.0,0.0,0.0,0.0,1.0,1.0,0.0,0.0,1.0,0.0,0.0,0.0,0.0,0.0,-13.0,4.2,0,0,3.0,1,13222,1,13222,23973,22635,23259,22635,15070,20945,15070,13505,14344,13505,14058,17569,19889,19908,16469,5025,8263,8846,20257,17725,23200,22771,23095,2246,150,23533,1,,2024,2025
,1629636,Darius Garland,Darius,1610612739,CLE,,22400615,,,,33.3,10.0,21.0,0.476,3.0,6.0,0.5,3.0,8.0,0.375,1.0,1.0,2.0,5.0,3.0,3.0,0.0,0.0,0.0,5.0,26.0,-7.0,41.9,0,0,42.0,1,13222,1,13222,4911,1099,817,12010,2458,4502,3944,4159,912,13124,6876,17569,16273,3273,2037,473,8263,8846,20257,1447,1579,19141,2742,2246,150,2239,1,,2024,2025
,1628386,Jarrett Allen,Jarrett,1610612739,CLE,,22400615,,,,32.2,7.0,11.0,0.636,0.0,0.0,0.0,3.0,3.0,1.0,5.0,8.0,13.0,3.0,3.0,2.0,3.0,0.0,3.0,6.0,17.0,2.0,49.1,1,0,43.0,1,13222,1,13222,5832,3730,7071,4689,15070,20945,15070,4159,6038,1,389,1271,534,6913,2037,1671,252,8846,3404,792,5360,10285,1312,1,150,2014,1,,2024,2025
,1629660,Ty Jerome,Ty,1610612739,CLE,,22400615,,,,24.8,6.0,12.0,0.5,3.0,7.0,0.429,3.0,3.0,1.0,2.0,2.0,4.0,0.0,3.0,3.0,0.0,0.0,0.0,1.0,18.0,2.0,28.8,0,0,31.0,1,13222,1,13222,12165,5250,5979,8526,2458,3100,7394,4159,6038,1,3306,13151,9701,19908,2037,473,8263,8846,20257,11254,4762,10285,7764,2246,150,5932,1,,2024,2025
,1629636,Darius Garland,Darius,1610612739,CLE,,22400603,,,,24.7,6.0,13.0,0.462,3.0,5.0,0.6,1.0,2.0,0.5,1.0,1.0,2.0,7.0,2.0,3.0,0.0,0.0,0.0,2.0,16.0,14.0,35.9,0,0,34.0,1,1,13086,1,12233,5250,5079,12428,2458,6354,2992,10215,7446,10625,6876,17569,16273,1463,4442,473,8263,8846,20257,6956,6070,2867,4556,2246,150,4638,1,,2024,2025
,1628378,Donovan Mitchell,Donovan,1610612739,CLE,,22400603,,,,29.6,11.0,25.0,0.44,4.0,9.0,0.444,7.0,7.0,1.0,3.0,2.0,5.0,5.0,0.0,1.0,0.0,1.0,2.0,7.0,33.0,28.0,49.5,0,0,49.0,1,1,13086,1,8180,704,226,13537,1130,1295,7211,752,1377,1,1615,13151,7268,3273,16469,5025,8263,2383,7392,426,488,303,1247,2246,150,1048,1,,2024,2025
,1628386,Jarrett Allen,Jarrett,1610612739,CLE,,22400603,,,,22.1,5.0,6.0,0.833,0.0,0.0,0.0,2.0,3.0,0.667,5.0,6.0,11.0,2.0,1.0,0.0,0.0,0.0,1.0,2.0,12.0,13.0,27.2,1,0,25.0,1,1,13086,1,14414,7242,14618,1514,15070,20945,15070,6020,6038,9425,389,2943,1106,9909,8788,12854,8263,8846,13332,6956,9299,3250,8688,1,150,9137,1,,2024,2025
,1627777,Georges Niang,Georges,1610612739,CLE,,22400603,,,,23.2,3.0,6.0,0.5,2.0,3.0,0.667,0.0,0.0,0.0,0.0,6.0,6.0,1.0,0.0,0.0,0.0,0.0,3.0,0.0,8.0,18.0,16.7,0,0,17.0,1,1,13086,1,13518,12449,14618,8526,4949,11494,1957,13505,14344,13505,14058,2943,5362,14293,16469,12854,8263,8846,3404,17725,13544,1677,15274,2246,150,14250,1,,2024,2025
,1641854,Craig Porter Jr.,Craig,1610612739,CLE,,22400603,,,,6.4,1.0,1.0,1.0,1.0,1.0,1.0,0.0,0.0,0.0,0.0,1.0,1.0,0.0,0.0,0.0,0.0,0.0,0.0,0.0,3.0,-6.0,4.2,0,0,5.0,1,1,13086,1,23428,19033,23259,1,8896,17631,1,13505,14344,13505,14058,17569,19889,19908,16469,12854,8263,8846,20257,17725,19913,18298,23095,2246,150,22358,1,,2024,2025
,1630241,Sam Merrill,Sam,1610612739,CLE,,22400603,,,,21.8,3.0,9.0,0.333,2.0,6.0,0.333,2.0,2.0,1.0,1.0,1.0,2.0,1.0,0.0,2.0,0.0,1.0,0.0,2.0,10.0,20.0,19.9,0,0,19.0,1,1,13086,1,14648,12449,9700,17395,4949,4502,9209,6020,7446,1,6876,17569,16273,14293,16469,1671,8263,2383,20257,6956,11377,1243,13170,2246,150,12913,1,,2024,2025
,1630550,JT Thor,JT,1610612739,CLE,,22400603,,,,6.2,0.0,2.0,0.0,0.0,1.0,0.0,0.0,0.0,0.0,0.0,0.0,0.0,1.0,2.0,0.0,0.0,0.0,2.0,0.0,0.0,-6.0,-0.5,0,0,1.0,1,1,13086,1,23541,22635,21660,22635,15070,17631,15070,13505,14344,13505,14058,22137,23286,14293,4442,12854,8263,8846,7392,17725,23200,18298,26149,2246,150,24667,1,,2024,2025
,1641734,Emoni Bates,Emoni,1610612739,CLE,,22400603,,,,5.6,0.0,2.0,0.0,0.0,2.0,0.0,0.0,0.0,0.0,0.0,0.0,0.0,0.0,0.0,0.0,0.0,0.0,0.0,0.0,0.0,-4.0,0.0,0,0,0.0,1,1,13086,1,23743,22635,21660,22635,15070,14411,15070,13505,14344,13505,14058,22137,23286,19908,16469,12854,8263,8846,20257,17725,23200,16449,25228,2246,150,25259,1,,2024,2025
,1629660,Ty Jerome,Ty,1610612739,CLE,,22400603,,,,20.0,3.0,9.0,0.333,1.0,4.0,0.25,1.0,2.0,0.5,0.0,1.0,1.0,1.0,1.0,1.0,0.0,1.0,2.0,1.0,8.0,16.0,12.7,0,0,13.0,1,1,13086,1,16040,12449,9700,17395,8896,8688,11902,10215,7446,10625,14058,17569,19889,14293,8788,5025,8263,2383,7392,11254,13544,2243,17905,2246,150,17050,1,,2024,2025
,1629731,Dean Wade,Dean,1610612739,CLE,,22400603,,,,18.6,3.0,8.0,0.375,1.0,3.0,0.333,1.0,1.0,1.0,2.0,3.0,5.0,2.0,0.0,0.0,0.0,2.0,3.0,2.0,8.0,14.0,17.0,0,0,16.0,1,1,13086,1,17095,12449,11288,16299,8896,11494,9209,10215,12810,1,3306,9417,7268,9909,16469,12854,8263,601,3404,6956,13544,2867,15071,2246,150,14948,1,,2024,2025
,1642281,Jaylon Tyson,Jaylon,1610612739,CLE,,22400603,,,,15.4,3.0,4.0,0.75,2.0,3.0,0.667,2.0,2.0,1.0,1.0,4.0,5.0,2.0,0.0,1.0,0.0,0.0,1.0,2.0,10.0,0.0,22.0,0,0,21.0,1,1,13086,1,19327,12449,18231,2107,4949,11494,1957,6020,7446,1,6876,6429,7268,9909,16469,5025,8263,8846,13332,6956,11377,12240,11755,2246,150,11621,1,,2024,2025
,1629622,Max Strus,Max,1610612739,CLE,,22400603,,,,20.6,3.0,8.0,0.375,3.0,8.0,0.375,0.0,0.0,0.0,0.0,2.0,2.0,2.0,1.0,1.0,0.0,0.0,1.0,0.0,9.0,10.0,16.4,0,0,18.0,1,1,13086,1,15578,12449,11288,16299,2458,2050,8800,13505,14344,13505,14058,13151,16273,9909,8788,5025,8263,8846,13332,17725,12445,4588,15467,2246,150,13589,1,,2024,2025
,202684,Tristan Thompson,Tristan,1610612739,CLE,,22400603,,,,25.9,0.0,2.0,0.0,0.0,1.0,0.0,1.0,4.0,0.25,2.0,8.0,10.0,3.0,1.0,1.0,1.0,0.0,3.0,2.0,1.0,13.0,22.5,0,0,18.0,1,1,13086,1,11244,22635,21660,22635,15070,17631,15070,10215,3754,13358,3306,1271,1549,6913,8788,5025,2537,8846,3404,6956,22996,3250,11461,2246,150,13589,1,,2024,2025
,1629622,Max Strus,Max,1610612739,CLE,,22400590,,,,27.7,2.0,7.0,0.286,1.0,5.0,0.2,0.0,0.0,0.0,2.0,4.0,6.0,3.0,0.0,0.0,0.0,1.0,0.0,1.0,5.0,6.0,16.7,0,0,15.0,1,1,13086,1,9787,15612,12910,19630,8896,6354,13429,13505,14344,13505,3306,6429,5362,6913,16469,12854,8263,2383,20257,11254,17323,7002,15274,2246,150,15689,1,,2024,2025
,1629660,Ty Jerome,Ty,1610612739,CLE,,22400590,,,,21.7,5.0,7.0,0.714,2.0,2.0,1.0,3.0,4.0,0.75,0.0,4.0,4.0,4.0,1.0,1.0,0.0,1.0,1.0,3.0,15.0,28.0,27.8,0,0,27.0,1,1,13086,1,14727,7242,12910,2752,4949,14411,1,4159,3754,8186,14058,6429,9701,4780,8788,5025,8263,2383,13332,4218,6813,303,8309,2246,150,7999,1,,2024,2025
,1630241,Sam Merrill,Sam,1610612739,CLE,,22400590,,,,6.7,0.0,2.0,0.0,0.0,2.0,0.0,0.0,0.0,0.0,0.0,1.0,1.0,0.0,0.0,0.0,0.0,0.0,1.0,1.0,0.0,1.0,1.2,0,0,1.0,1,1,13086,1,23303,22635,21660,22635,15070,14411,15070,13505,14344,13505,14058,17569,19889,19908,16469,12854,8263,8846,13332,11254,23200,11263,24725,2246,150,24667,1,,2024,2025
,1629731,Dean Wade,Dean,1610612739,CLE,,22400590,,,,27.1,3.0,8.0,0.375,2.0,7.0,0.286,0.0,0.0,0.0,2.0,3.0,5.0,2.0,0.0,1.0,0.0,0.0,5.0,0.0,8.0,-16.0,20.0,0,0,19.0,1,1,13086,1,10256,12449,11288,16299,4949,3100,11433,13505,14344,13505,3306,9417,7268,9909,16469,5025,8263,8846,217,17725,13544,23938,13097,2246,150,12913,1,,2024,2025
,1627747,Caris LeVert,Caris,1610612739,CLE,,22400590,,,,25.2,1.0,6.0,0.167,0.0,3.0,0.0,0.0,0.0,0.0,1.0,3.0,4.0,3.0,1.0,0.0,0.0,0.0,2.0,0.0,2.0,-5.0,10.3,0,0,9.0,1,1,13086,1,11804,19033,14618,21938,15070,11494,15070,13505,14344,13505,6876,9417,9701,6913,8788,12854,8263,8846,7392,17725,21232,17436,19532,2246,150,19766,1,,2024,2025
,1629636,Darius Garland,Darius,1610612739,CLE,,22400590,,,,33.2,8.0,19.0,0.421,5.0,10.0,0.5,8.0,8.0,1.0,2.0,3.0,5.0,6.0,1.0,0.0,0.0,1.0,1.0,7.0,29.0,-14.0,43.0,0,0,45.0,1,1,13086,1,4987,2561,1432,14442,492,829,3944,481,912,1,3306,9417,7268,2199,8788,12854,8263,2383,13332,426,994,23203,2476,2246,150,1626,1,,2024,2025
,1628378,Donovan Mitchell,Donovan,1610612739,CLE,,22400590,,,,33.6,12.0,27.0,0.444,4.0,15.0,0.267,8.0,9.0,0.889,2.0,6.0,8.0,7.0,3.0,1.0,0.0,0.0,2.0,5.0,36.0,10.0,56.1,0,0,57.0,1,1,13086,1,4641,421,111,13045,1130,51,11897,481,643,6857,3306,2943,2934,1463,2037,5025,8263,8846,7392,1447,261,4588,569,2246,150,347,1,,2024,2025
,1627777,Georges Niang,Georges,1610612739,CLE,,22400590,,,,29.1,5.0,7.0,0.714,3.0,4.0,0.75,2.0,2.0,1.0,3.0,7.0,10.0,1.0,0.0,1.0,0.0,0.0,3.0,1.0,15.0,9.0,31.5,1,0,31.0,1,1,13086,1,8620,7242,12910,2752,2458,8688,1542,6020,7446,1,1615,1947,1549,14293,16469,5025,8263,8846,3404,11254,6813,5125,6420,1,150,5932,1,,2024,2025
,1628386,Jarrett Allen,Jarrett,1610612739,CLE,,22400590,,,,35.7,6.0,9.0,0.667,0.0,0.0,0.0,2.0,2.0,1.0,1.0,3.0,4.0,1.0,1.0,0.0,1.0,1.0,3.0,1.0,14.0,16.0,22.3,0,0,21.0,1,1,13086,1,2904,5250,9700,3281,15070,20945,15070,6020,7446,1,6876,9417,9701,14293,8788,12854,2537,2383,3404,11254,7553,2243,11570,2246,150,11621,1,,2024,2025
,1629660,Ty Jerome,Ty,1610612739,CLE,,22400574,,,,16.3,4.0,5.0,0.8,2.0,3.0,0.667,2.0,2.0,1.0,1.0,2.0,3.0,4.0,1.0,0.0,0.0,0.0,2.0,1.0,12.0,6.0,20.6,0,0,21.0,1,13222,1,13222,18753,9611,16437,1688,4949,11494,1957,6020,7446,1,6876,13151,12778,4780,8788,12854,8263,8846,7392,11254,9299,7002,12684,2246,150,11621,1,,2024,2025
,1627747,Caris LeVert,Caris,1610612739,CLE,,22400574,,,,19.8,3.0,5.0,0.6,0.0,1.0,0.0,3.0,5.0,0.6,0.0,3.0,3.0,3.0,3.0,0.0,1.0,0.0,0.0,3.0,9.0,-27.0,17.1,0,0,17.0,1,13222,1,13222,16192,12449,16437,5394,15070,17631,15070,4159,2872,10343,14058,9417,12778,6913,2037,12854,2537,8846,20257,4218,12445,25999,15010,2246,150,14250,1,,2024,2025
,1627777,Georges Niang,Georges,1610612739,CLE,,22400574,,,,14.4,2.0,7.0,0.286,0.0,3.0,0.0,1.0,1.0,1.0,0.0,2.0,2.0,1.0,1.0,0.0,0.0,1.0,0.0,1.0,5.0,-30.0,7.9,0,0,8.0,1,13222,1,13222,19942,15612,12910,19630,15070,11494,15070,10215,12810,1,14058,13151,16273,14293,8788,12854,8263,2383,20257,11254,17323,26139,21005,2246,150,20457,1,,2024,2025
,1628386,Jarrett Allen,Jarrett,1610612739,CLE,,22400574,,,,16.4,6.0,6.0,1.0,0.0,0.0,0.0,1.0,1.0,1.0,3.0,4.0,7.0,0.0,2.0,0.0,0.0,0.0,1.0,5.0,13.0,-18.0,19.4,0,0,20.0,1,13222,1,13222,18676,5250,14618,1,15070,20945,15070,10215,12810,1,1615,6429,3946,19908,4442,12854,8263,8846,13332,1447,8426,24566,13495,2246,150,12254,1,,2024,2025
,1628378,Donovan Mitchell,Donovan,1610612739,CLE,,22400574,,,,20.7,3.0,15.0,0.2,1.0,4.0,0.25,1.0,2.0,0.5,0.0,2.0,2.0,2.0,0.0,1.0,0.0,2.0,0.0,1.0,8.0,-28.0,16.4,0,0,15.0,1,13222,1,13222,15504,12449,3491,21401,8896,8688,11902,10215,7446,10625,14058,13151,16273,9909,16469,5025,8263,601,20257,11254,13544,26056,15467,2246,150,15689,1,,2024,2025
,1629731,Dean Wade,Dean,1610612739,CLE,,22400574,,,,24.6,2.0,4.0,0.5,2.0,4.0,0.5,0.0,0.0,0.0,1.0,4.0,5.0,1.0,2.0,0.0,0.0,0.0,0.0,0.0,6.0,-10.0,11.5,0,0,14.0,1,13222,1,13222,12423,15612,18231,8526,4949,8688,3944,13505,14344,13505,6876,6429,7268,14293,4442,12854,8263,8846,20257,17725,15937,21147,18735,2246,150,16370,1,,2024,2025
,1641854,Craig Porter Jr.,Craig,1610612739,CLE,,22400574,,,,7.1,3.0,3.0,1.0,1.0,1.0,1.0,1.0,1.0,1.0,1.0,0.0,1.0,3.0,1.0,0.0,1.0,0.0,1.0,1.0,8.0,12.0,15.7,0,0,15.0,1,13222,1,13222,23144,12449,19992,1,8896,17631,1,10215,12810,1,6876,22137,19889,6913,8788,12854,2537,8846,13332,11254,13544,3654,15924,2246,150,15689,1,,2024,2025
,1629622,Max Strus,Max,1610612739,CLE,,22400574,,,,20.0,1.0,4.0,0.25,1.0,4.0,0.25,0.0,0.0,0.0,0.0,3.0,3.0,1.0,3.0,0.0,0.0,0.0,1.0,0.0,3.0,-30.0,5.1,0,0,8.0,1,13222,1,13222,16058,19033,18231,20233,8896,8688,11902,13505,14344,13505,14058,9417,12778,14293,2037,12854,8263,8846,13332,17725,19913,26139,22656,2246,150,20457,1,,2024,2025
,202684,Tristan Thompson,Tristan,1610612739,CLE,,22400574,,,,12.0,2.0,3.0,0.667,0.0,0.0,0.0,0.0,0.0,0.0,1.0,6.0,7.0,2.0,0.0,0.0,1.0,1.0,0.0,1.0,4.0,18.0,18.4,0,0,15.0,1,13222,1,13222,21228,15612,19992,3281,15070,20945,15070,13505,14344,13505,6876,2943,3946,9909,16469,12854,2537,2383,20257,11254,18599,1677,14145,2246,150,15689,1,,2024,2025
,1642281,Jaylon Tyson,Jaylon,1610612739,CLE,,22400574,,,,12.0,2.0,6.0,0.333,1.0,2.0,0.5,0.0,0.0,0.0,2.0,4.0,6.0,1.0,1.0,0.0,0.0,1.0,0.0,1.0,5.0,18.0,12.7,0,0,13.0,1,13222,1,13222,21228,15612,14618,17395,8896,14411,3944,13505,14344,13505,3306,6429,5362,14293,8788,12854,8263,2383,20257,11254,17323,1677,17905,2246,150,17050,1,,2024,2025
,1630241,Sam Merrill,Sam,1610612739,CLE,,22400574,,,,12.0,3.0,6.0,0.5,3.0,6.0,0.5,0.0,0.0,0.0,0.0,2.0,2.0,3.0,0.0,1.0,0.0,0.0,0.0,0.0,9.0,18.0,18.9,0,0,19.0,1,13222,1,13222,21228,12449,14618,8526,2458,4502,3944,13505,14344,13505,14058,13151,16273,6913,16469,5025,8263,8846,20257,17725,12445,1677,13828,2246,150,12913,1,,2024,2025
,1630596,Evan Mobley,Evan,1610612739,CLE,,22400574,,,,18.3,2.0,7.0,0.286,0.0,2.0,0.0,1.0,1.0,1.0,1.0,2.0,3.0,1.0,2.0,0.0,1.0,0.0,0.0,2.0,5.0,-24.0,11.1,0,0,11.0,1,13222,1,13222,17380,15612,12910,19630,15070,14411,15070,10215,12810,1,6876,13151,12778,14293,4442,12854,2537,8846,20257,6956,17323,25745,18988,2246,150,18464,1,,2024,2025
,1630171,Isaac Okoro,Isaac,1610612739,CLE,,22400574,,,,22.7,2.0,9.0,0.222,1.0,8.0,0.125,2.0,2.0,1.0,0.0,3.0,3.0,1.0,2.0,0.0,0.0,0.0,4.0,1.0,7.0,13.0,10.1,0,0,12.0,1,13222,1,13222,13953,15612,9700,21205,8896,2050,14886,6020,7446,1,14058,9417,12778,14293,4442,12854,8263,8846,1150,11254,14857,3250,19649,2246,150,17796,1,,2024,2025
,1629636,Darius Garland,Darius,1610612739,CLE,,22400574,,,,24.0,7.0,10.0,0.7,1.0,4.0,0.25,5.0,6.0,0.833,1.0,1.0,2.0,9.0,3.0,0.0,1.0,0.0,2.0,3.0,20.0,-18.0,35.9,0,0,34.0,1,13222,1,13222,12929,3730,8304,3045,8896,8688,11902,1817,1898,7275,6876,17569,16273,635,2037,12854,2537,8846,7392,4218,3676,24566,4556,2246,150,4638,1,,2024,2025
,1629622,Max Strus,Max,1610612739,CLE,,22400554,,,,21.8,4.0,8.0,0.5,4.0,7.0,0.571,1.0,2.0,0.5,0.0,4.0,4.0,4.0,0.0,1.0,1.0,0.0,2.0,1.0,13.0,5.0,29.8,0,0,29.0,1,1,13086,1,14648,9611,11288,8526,1130,3100,3506,10215,7446,10625,14058,6429,9701,4780,16469,5025,2537,8846,7392,11254,8426,7737,7257,2246,150,6953,1,,2024,2025
,1628378,Donovan Mitchell,Donovan,1610612739,CLE,,22400554,,,,31.3,12.0,23.0,0.522,3.0,9.0,0.333,8.0,8.0,1.0,2.0,7.0,9.0,3.0,2.0,2.0,0.0,0.0,3.0,4.0,35.0,13.0,54.3,0,0,54.0,1,1,13086,1,6594,421,455,8473,2458,1295,9209,481,912,1,3306,1947,2169,6913,4442,1671,8263,8846,3404,2493,314,3250,718,2246,150,548,1,,2024,2025
,1630596,Evan Mobley,Evan,1610612739,CLE,,22400554,,,,32.6,8.0,12.0,0.667,3.0,4.0,0.75,3.0,5.0,0.6,3.0,10.0,13.0,1.0,1.0,0.0,1.0,1.0,1.0,4.0,22.0,11.0,41.1,1,0,41.0,1,1,13086,1,5509,2561,5979,3281,2458,8688,1542,4159,2872,10343,1615,483,534,14293,8788,12854,2537,2383,13332,2493,2824,4119,2944,1,150,2498,1,,2024,2025
,1629731,Dean Wade,Dean,1610612739,CLE,,22400554,,,,21.5,0.0,3.0,0.0,0.0,3.0,0.0,0.0,0.0,0.0,1.0,2.0,3.0,0.0,0.0,0.0,1.0,0.0,3.0,0.0,0.0,12.0,6.6,0,0,5.0,1,1,13086,1,14962,22635,19992,22635,15070,11494,15070,13505,14344,13505,6876,13151,12778,19908,16469,12854,2537,8846,3404,17725,23200,3654,21766,2246,150,22358,1,,2024,2025
,1641854,Craig Porter Jr.,Craig,1610612739,CLE,,22400554,,,,1.5,0.0,0.0,0.0,0.0,0.0,0.0,0.0,0.0,0.0,0.0,0.0,0.0,0.0,1.0,0.0,0.0,0.0,0.0,0.0,0.0,-4.0,-1.0,0,0,0.0,1,1,13086,1,25817,22635,24836,22635,15070,20945,15070,13505,14344,13505,14058,22137,23286,19908,8788,12854,8263,8846,20257,17725,23200,16449,26163,2246,150,25259,1,,2024,2025
,1630241,Sam Merrill,Sam,1610612739,CLE,,22400554,,,,12.2,1.0,5.0,0.2,1.0,5.0,0.2,0.0,0.0,0.0,1.0,0.0,1.0,0.0,1.0,0.0,0.0,1.0,0.0,0.0,3.0,-7.0,3.2,0,0,5.0,1,1,13086,1,21171,19033,16437,21401,8896,6354,13429,13505,14344,13505,6876,22137,19889,19908,8788,12854,8263,2383,20257,17725,19913,19141,23585,2246,150,22358,1,,2024,2025
,1642281,Jaylon Tyson,Jaylon,1610612739,CLE,,22400554,,,,1.5,0.0,0.0,0.0,0.0,0.0,0.0,0.0,0.0,0.0,0.0,0.0,0.0,0.0,0.0,0.0,0.0,0.0,0.0,0.0,0.0,-4.0,0.0,0,0,0.0,1,1,13086,1,25817,22635,24836,22635,15070,20945,15070,13505,14344,13505,14058,22137,23286,19908,16469,12854,8263,8846,20257,17725,23200,16449,25228,2246,150,25259,1,,2024,2025
,1630171,Isaac Okoro,Isaac,1610612739,CLE,,22400554,,,,6.7,0.0,3.0,0.0,0.0,1.0,0.0,0.0,0.0,0.0,0.0,1.0,1.0,1.0,0.0,1.0,0.0,1.0,2.0,0.0,0.0,2.0,5.7,0,0,4.0,1,1,13086,1,23282,22635,19992,22635,15070,17631,15070,13505,14344,13505,14058,17569,19889,14293,16469,5025,8263,2383,7392,17725,23200,10285,22263,2246,150,22929,1,,2024,2025
,1628386,Jarrett Allen,Jarrett,1610612739,CLE,,22400554,,,,32.0,5.0,6.0,0.833,0.0,0.0,0.0,6.0,6.0,1.0,0.0,9.0,9.0,2.0,1.0,1.0,1.0,0.0,2.0,4.0,16.0,9.0,34.8,0,0,31.0,1,1,13086,1,5961,7242,14618,1514,15070,20945,15070,1180,1898,1,14058,796,2169,9909,8788,5025,2537,8846,7392,2493,6070,5125,4962,2246,150,5932,1,,2024,2025
,1627777,Georges Niang,Georges,1610612739,CLE,,22400554,,,,17.4,3.0,5.0,0.6,1.0,3.0,0.333,0.0,0.0,0.0,2.0,1.0,3.0,0.0,1.0,0.0,0.0,0.0,2.0,0.0,7.0,-3.0,9.6,0,0,11.0,1,1,13086,1,18012,12449,16437,5394,8896,11494,9209,13505,14344,13505,3306,17569,12778,19908,8788,12854,8263,8846,7392,17725,14857,15511,19963,2246,150,18464,1,,2024,2025
,1627747,Caris LeVert,Caris,1610612739,CLE,,22400554,,,,26.8,1.0,6.0,0.167,1.0,4.0,0.25,4.0,4.0,1.0,4.0,1.0,5.0,7.0,3.0,2.0,2.0,0.0,0.0,2.0,7.0,9.0,32.5,0,0,28.0,1,1,13086,1,10526,19033,14618,21938,8896,8688,11902,2676,3754,1,785,17569,7268,1463,2037,1671,808,8846,20257,6956,14857,5125,5950,2246,150,7475,1,,2024,2025
,1629636,Darius Garland,Darius,1610612739,CLE,,22400554,,,,34.9,9.0,18.0,0.5,2.0,8.0,0.25,4.0,6.0,0.667,1.0,0.0,1.0,7.0,4.0,1.0,0.0,0.0,3.0,3.0,24.0,7.0,34.7,0,0,36.0,1,1,13086,1,3538,1688,1822,8526,4949,2050,11902,2676,1898,9425,6876,22137,19889,1463,877,5025,8263,8846,3404,4218,2129,6330,5004,2246,150,3901,1,,2024,2025
,1630171,Isaac Okoro,Isaac,1610612739,CLE,,22400543,,,,18.2,1.0,5.0,0.2,0.0,2.0,0.0,1.0,2.0,0.5,0.0,0.0,0.0,2.0,0.0,0.0,1.0,1.0,2.0,2.0,3.0,-3.0,9.0,0,0,7.0,1,13222,1,13222,17469,19033,16437,21401,15070,14411,15070,10215,7446,10625,14058,22137,23286,9909,16469,12854,2537,2383,7392,6956,19913,15511,20341,2246,150,21087,1,,2024,2025
,1641854,Craig Porter Jr.,Craig,1610612739,CLE,,22400543,,,,2.7,1.0,1.0,1.0,0.0,0.0,0.0,0.0,0.0,0.0,0.0,0.0,0.0,0.0,0.0,0.0,0.0,0.0,0.0,0.0,2.0,2.0,2.0,0,0,2.0,1,13222,1,13222,25094,19033,23259,1,15070,20945,15070,13505,14344,13505,14058,22137,23286,19908,16469,12854,8263,8846,20257,17725,21232,10285,24331,2246,150,24066,1,,2024,2025
,1630241,Sam Merrill,Sam,1610612739,CLE,,22400543,,,,11.8,1.0,5.0,0.2,1.0,5.0,0.2,0.0,0.0,0.0,0.0,2.0,2.0,5.0,0.0,0.0,0.0,0.0,1.0,0.0,3.0,0.0,12.9,0,0,11.0,1,13222,1,13222,21382,19033,16437,21401,8896,6354,13429,13505,14344,13505,14058,13151,16273,3273,16469,12854,8263,8846,13332,17725,19913,12240,17766,2246,150,18464,1,,2024,2025
,1642281,Jaylon Tyson,Jaylon,1610612739,CLE,,22400543,,,,2.7,0.0,1.0,0.0,0.0,0.0,0.0,0.0,0.0,0.0,0.0,0.0,0.0,1.0,0.0,0.0,0.0,1.0,0.0,0.0,0.0,2.0,1.5,0,0,1.0,1,13222,1,13222,25094,22635,23259,22635,15070,20945,15070,13505,14344,13505,14058,22137,23286,14293,16469,12854,8263,2383,20257,17725,23200,10285,24554,2246,150,24667,1,,2024,2025
,1627747,Caris LeVert,Caris,1610612739,CLE,,22400543,,,,22.5,0.0,3.0,0.0,0.0,2.0,0.0,2.0,2.0,1.0,0.0,4.0,4.0,2.0,1.0,0.0,1.0,0.0,2.0,1.0,2.0,-19.0,11.8,0,0,10.0,1,13222,1,13222,14153,22635,19992,22635,15070,14411,15070,6020,7446,1,14058,6429,9701,9909,8788,12854,2537,8846,7392,11254,21232,24841,18542,2246,150,19152,1,,2024,2025
,1628386,Jarrett Allen,Jarrett,1610612739,CLE,,22400543,,,,25.4,3.0,6.0,0.5,0.0,0.0,0.0,5.0,6.0,0.833,3.0,6.0,9.0,3.0,1.0,0.0,1.0,0.0,1.0,6.0,11.0,-8.0,28.3,0,0,25.0,1,13222,1,13222,11666,12449,14618,8526,15070,20945,15070,1817,1898,7275,1615,2943,2169,6913,8788,12854,2537,8846,13332,792,10323,19855,8055,2246,150,9137,1,,2024,2025
,202684,Tristan Thompson,Tristan,1610612739,CLE,,22400543,,,,2.7,2.0,2.0,1.0,0.0,0.0,0.0,0.0,0.0,0.0,0.0,0.0,0.0,0.0,0.0,0.0,0.0,0.0,0.0,0.0,4.0,2.0,4.0,0,0,4.0,1,13222,1,13222,25094,15612,21660,1,15070,20945,15070,13505,14344,13505,14058,22137,23286,19908,16469,12854,8263,8846,20257,17725,18599,10285,23284,2246,150,22929,1,,2024,2025
,1629622,Max Strus,Max,1610612739,CLE,,22400543,,,,23.0,1.0,6.0,0.167,1.0,5.0,0.2,0.0,0.0,0.0,0.0,4.0,4.0,1.0,2.0,0.0,0.0,1.0,2.0,1.0,3.0,-23.0,7.3,0,0,9.0,1,13222,1,13222,13753,19033,14618,21938,8896,6354,13429,13505,14344,13505,14058,6429,9701,14293,4442,12854,8263,2383,7392,11254,19913,25627,21377,2246,150,19766,1,,2024,2025
,1629636,Darius Garland,Darius,1610612739,CLE,,22400543,,,,29.0,7.0,16.0,0.438,3.0,9.0,0.333,3.0,3.0,1.0,0.0,1.0,1.0,7.0,4.0,0.0,0.0,1.0,3.0,4.0,20.0,-3.0,27.7,0,0,31.0,1,13222,1,13222,8656,3730,2836,13558,2458,1295,9209,4159,6038,1,14058,17569,19889,1463,877,12854,8263,2383,3404,2493,3676,15511,8387,2246,150,5932,1,,2024,2025
,1627777,Georges Niang,Georges,1610612739,CLE,,22400543,,,,19.6,3.0,6.0,0.5,1.0,4.0,0.25,0.0,0.0,0.0,0.0,0.0,0.0,0.0,2.0,1.0,1.0,0.0,2.0,1.0,7.0,-12.0,11.0,0,0,12.0,1,13222,1,13222,16357,12449,14618,8526,8896,8688,11902,13505,14344,13505,14058,22137,23286,19908,4442,5025,2537,8846,7392,11254,14857,22309,19045,2246,150,17796,1,,2024,2025
,1630596,Evan Mobley,Evan,1610612739,CLE,,22400543,,,,30.8,6.0,10.0,0.6,1.0,2.0,0.5,3.0,3.0,1.0,0.0,12.0,12.0,1.0,0.0,0.0,1.0,1.0,1.0,3.0,16.0,-3.0,34.9,1,0,32.0,1,13222,1,13222,7013,5250,8304,5394,8896,14411,3944,4159,6038,1,14058,169,760,14293,16469,12854,2537,2383,13332,4218,6070,15511,4924,1,150,5433,1,,2024,2025
,1628378,Donovan Mitchell,Donovan,1610612739,CLE,,22400543,,,,30.8,7.0,17.0,0.412,3.0,7.0,0.429,2.0,2.0,1.0,2.0,1.0,3.0,1.0,3.0,2.0,0.0,2.0,2.0,3.0,19.0,-3.0,27.1,0,0,30.0,1,13222,1,13222,7013,3730,2289,14791,2458,3100,7394,6020,7446,1,3306,17569,12778,14293,2037,1671,8263,601,7392,4218,4202,15511,8739,2246,150,6431,1,,2024,2025
,1629731,Dean Wade,Dean,1610612739,CLE,,22400543,,,,20.8,1.0,5.0,0.2,1.0,5.0,0.2,0.0,0.0,0.0,1.0,8.0,9.0,1.0,0.0,1.0,0.0,0.0,2.0,1.0,3.0,-7.0,18.3,0,0,16.0,1,13222,1,13222,15414,19033,16437,21401,8896,6354,13429,13505,14344,13505,6876,1271,2169,14293,16469,5025,8263,8846,7392,11254,19913,19141,14218,2246,150,14948,1,,2024,2025
,1627747,Caris LeVert,Caris,1610612739,CLE,,22400517,,,,36.4,6.0,12.0,0.5,4.0,9.0,0.444,2.0,2.0,1.0,1.0,2.0,3.0,5.0,1.0,0.0,1.0,0.0,1.0,2.0,18.0,1.0,31.1,0,0,32.0,1,1,13086,1,2379,5250,5979,8526,1130,1295,7211,6020,7446,1,6876,13151,12778,3273,8788,12854,2537,8846,13332,6956,4762,11263,6628,2246,150,5433,1,,2024,2025
,1629622,Max Strus,Max,1610612739,CLE,,22400517,,,,24.9,4.0,7.0,0.571,4.0,7.0,0.571,0.0,0.0,0.0,1.0,1.0,2.0,3.0,2.0,1.0,0.0,0.0,0.0,2.0,12.0,-2.0,19.9,0,0,23.0,1,1,13086,1,12062,9611,12910,6538,1130,3100,3506,13505,14344,13505,6876,17569,16273,6913,4442,5025,8263,8846,20257,6956,9299,14448,13170,2246,150,10339,1,,2024,2025
,1628386,Jarrett Allen,Jarrett,1610612739,CLE,,22400517,,,,28.5,8.0,9.0,0.889,0.0,0.0,0.0,2.0,4.0,0.5,6.0,9.0,15.0,3.0,0.0,1.0,2.0,0.0,1.0,3.0,18.0,8.0,49.5,1,0,42.0,1,1,13086,1,9119,2561,9700,1318,15070,20945,15070,6020,3754,10625,185,796,224,6913,16469,5025,808,8846,13332,4218,4762,5660,1247,1,150,2239,1,,2024,2025
,1629636,Darius Garland,Darius,1610612739,CLE,,22400517,,,,35.6,14.0,22.0,0.636,4.0,7.0,0.571,8.0,9.0,0.889,0.0,2.0,2.0,9.0,3.0,2.0,0.0,1.0,0.0,4.0,40.0,18.0,58.9,0,0,59.0,1,1,13086,1,2975,141,626,4689,1130,3100,3506,481,643,6857,14058,13151,16273,635,2037,1671,8263,2383,20257,2493,111,1677,394,2246,150,279,1,,2024,2025
,1630596,Evan Mobley,Evan,1610612739,CLE,,22400517,,,,32.2,7.0,11.0,0.636,3.0,5.0,0.6,4.0,6.0,0.667,4.0,7.0,11.0,6.0,2.0,1.0,0.0,0.0,1.0,3.0,21.0,-1.0,44.2,1,0,43.0,1,1,13086,1,5792,3730,7071,4689,2458,6354,2992,2676,1898,9425,785,1947,1106,2199,4442,5025,8263,8846,13332,4218,3254,13450,2189,1,150,2014,1,,2024,2025
,1629660,Ty Jerome,Ty,1610612739,CLE,,22400517,,,,20.1,2.0,5.0,0.4,0.0,1.0,0.0,4.0,4.0,1.0,2.0,0.0,2.0,1.0,1.0,2.0,0.0,0.0,0.0,3.0,8.0,-12.0,16.9,0,0,15.0,1,1,13086,1,15932,15612,16437,14933,15070,17631,15070,2676,3754,1,3306,22137,16273,14293,8788,1671,8263,8846,20257,4218,13544,22309,15134,2246,150,15689,1,,2024,2025
,1630241,Sam Merrill,Sam,1610612739,CLE,,22400517,,,,12.6,1.0,4.0,0.25,0.0,2.0,0.0,0.0,0.0,0.0,0.0,0.0,0.0,0.0,0.0,0.0,0.0,0.0,4.0,0.0,2.0,13.0,2.0,0,0,2.0,1,1,13086,1,20955,19033,18231,20233,15070,14411,15070,13505,14344,13505,14058,22137,23286,19908,16469,12854,8263,8846,1150,17725,21232,3250,24331,2246,150,24066,1,,2024,2025
,1627777,Georges Niang,Georges,1610612739,CLE,,22400517,,,,13.4,3.0,8.0,0.375,2.0,5.0,0.4,0.0,0.0,0.0,0.0,0.0,0.0,1.0,1.0,0.0,0.0,1.0,2.0,0.0,8.0,-13.0,8.5,0,0,11.0,1,1,13086,1,20517,12449,11288,16299,4949,6354,7874,13505,14344,13505,14058,22137,23286,14293,8788,12854,8263,2383,7392,17725,13544,22771,20671,2246,150,18464,1,,2024,2025
,1630171,Isaac Okoro,Isaac,1610612739,CLE,,22400517,,,,7.5,0.0,5.0,0.0,0.0,4.0,0.0,0.0,0.0,0.0,1.0,1.0,2.0,1.0,0.0,0.0,0.0,0.0,1.0,0.0,0.0,6.0,3.9,0,0,3.0,1,1,13086,1,22982,22635,16437,22635,15070,8688,15070,13505,14344,13505,6876,17569,16273,14293,16469,12854,8263,8846,13332,17725,23200,7002,23345,2246,150,23533,1,,2024,2025
,1629731,Dean Wade,Dean,1610612739,CLE,,22400517,,,,28.7,2.0,6.0,0.333,1.0,5.0,0.2,0.0,0.0,0.0,1.0,4.0,5.0,2.0,1.0,1.0,0.0,0.0,1.0,0.0,5.0,12.0,16.0,0,0,15.0,1,1,13086,1,8973,15612,14618,17395,8896,6354,13429,13505,14344,13505,6876,6429,7268,9909,8788,5025,8263,8846,13332,17725,17323,3654,15742,2246,150,15689,1,,2024,2025
,1629636,Darius Garland,Darius,1610612739,CLE,,22400509,,,,32.3,7.0,15.0,0.467,2.0,6.0,0.333,2.0,2.0,1.0,0.0,1.0,1.0,7.0,2.0,0.0,0.0,0.0,2.0,3.0,18.0,7.0,27.7,0,0,28.0,1,1,13086,1,5711,3730,3491,12249,4949,4502,9209,6020,7446,1,14058,17569,19889,1463,4442,12854,8263,8846,7392,4218,4762,6330,8387,2246,150,7475,1,,2024,2025
,1629660,Ty Jerome,Ty,1610612739,CLE,,22400509,,,,11.8,6.0,7.0,0.857,0.0,0.0,0.0,3.0,4.0,0.75,1.0,1.0,2.0,1.0,3.0,2.0,0.0,0.0,1.0,2.0,15.0,2.0,21.9,0,0,22.0,1,1,13086,1,21388,5250,12910,1412,15070,20945,15070,4159,3754,8186,6876,17569,16273,14293,2037,1671,8263,8846,13332,6956,6813,10285,11822,2246,150,10998,1,,2024,2025
,1628378,Donovan Mitchell,Donovan,1610612739,CLE,,22400509,,,,35.2,3.0,16.0,0.188,2.0,7.0,0.286,3.0,4.0,0.75,1.0,5.0,6.0,4.0,1.0,0.0,0.0,2.0,4.0,4.0,11.0,8.0,23.2,0,0,23.0,1,1,13086,1,3348,12449,2836,21885,4949,3100,11433,4159,3754,8186,6876,4392,5362,4780,8788,12854,8263,601,1150,2493,10323,5660,11052,2246,150,10339,1,,2024,2025
,1629731,Dean Wade,Dean,1610612739,CLE,,22400509,,,,20.6,4.0,5.0,0.8,3.0,4.0,0.75,0.0,0.0,0.0,0.0,3.0,3.0,1.0,2.0,0.0,0.0,0.0,3.0,0.0,11.0,0.0,14.1,0,0,18.0,1,1,13086,1,15592,9611,16437,1688,2458,8688,1542,13505,14344,13505,14058,9417,12778,14293,4442,12854,8263,8846,3404,17725,10323,12240,16945,2246,150,13589,1,,2024,2025
,1630171,Isaac Okoro,Isaac,1610612739,CLE,,22400509,,,,13.0,0.0,2.0,0.0,0.0,2.0,0.0,0.0,0.0,0.0,0.0,0.0,0.0,1.0,0.0,1.0,0.0,0.0,1.0,1.0,0.0,12.0,4.5,0,0,3.0,1,1,13086,1,20734,22635,21660,22635,15070,14411,15070,13505,14344,13505,14058,22137,23286,14293,16469,5025,8263,8846,13332,11254,23200,3654,22935,2246,150,23533,1,,2024,2025
,1627747,Caris LeVert,Caris,1610612739,CLE,,22400509,,,,19.7,3.0,9.0,0.333,2.0,5.0,0.4,0.0,0.0,0.0,0.0,2.0,2.0,2.0,0.0,0.0,0.0,0.0,1.0,0.0,8.0,-9.0,13.4,0,0,14.0,1,1,13086,1,16273,12449,9700,17395,4949,6354,7874,13505,14344,13505,14058,13151,16273,9909,16469,12854,8263,8846,13332,17725,13544,20535,17421,2246,150,16370,1,,2024,2025
,1630596,Evan Mobley,Evan,1610612739,CLE,,22400509,,,,35.2,8.0,13.0,0.615,0.0,3.0,0.0,5.0,7.0,0.714,2.0,8.0,10.0,7.0,3.0,1.0,1.0,1.0,2.0,7.0,21.0,8.0,46.5,1,0,42.0,1,1,13086,1,3348,2561,5079,5246,15070,11494,15070,1817,1377,9244,3306,1271,1549,1463,2037,5025,2537,2383,7392,426,3254,5660,1723,1,150,2239,1,,2024,2025
,1628386,Jarrett Allen,Jarrett,1610612739,CLE,,22400509,,,,32.1,9.0,11.0,0.818,0.0,0.0,0.0,7.0,10.0,0.7,7.0,4.0,11.0,6.0,0.0,3.0,1.0,2.0,1.0,7.0,25.0,7.0,59.2,1,0,50.0,1,1,13086,1,5890,1688,7071,1653,15070,20945,15070,752,423,9366,83,6429,1106,2199,16469,473,2537,601,13332,426,1828,6330,379,1,150,943,1,,2024,2025
,1629622,Max Strus,Max,1610612739,CLE,,22400509,,,,26.3,6.0,7.0,0.857,5.0,6.0,0.833,0.0,0.0,0.0,1.0,2.0,3.0,5.0,3.0,0.0,0.0,0.0,2.0,0.0,17.0,1.0,25.1,0,0,30.0,1,1,13086,1,10915,5250,12910,1412,492,4502,1341,13505,14344,13505,6876,13151,12778,3273,2037,12854,8263,8846,7392,17725,5360,11263,9905,2246,150,6431,1,,2024,2025
,1627777,Georges Niang,Georges,1610612739,CLE,,22400509,,,,14.0,1.0,5.0,0.2,1.0,3.0,0.333,0.0,0.0,0.0,0.0,2.0,2.0,2.0,1.0,0.0,0.0,0.0,3.0,0.0,3.0,-1.0,7.4,0,0,8.0,1,1,13086,1,20214,19033,16437,21401,8896,11494,9209,13505,14344,13505,14058,13151,16273,9909,8788,12854,8263,8846,3404,17725,19913,13450,21277,2246,150,20457,1,,2024,2025
,1628378,Donovan Mitchell,Donovan,1610612739,CLE,,22400488,,,,29.3,8.0,16.0,0.5,3.0,7.0,0.429,0.0,0.0,0.0,0.0,3.0,3.0,4.0,1.0,0.0,0.0,0.0,2.0,1.0,19.0,3.0,27.6,0,0,29.0,1,1,13086,1,8428,2561,2836,8526,2458,3100,7394,13505,14344,13505,14058,9417,12778,4780,8788,12854,8263,8846,7392,11254,4202,9394,8435,2246,150,6953,1,,2024,2025
,1627777,Georges Niang,Georges,1610612739,CLE,,22400488,,,,18.4,4.0,7.0,0.571,2.0,5.0,0.4,0.0,0.0,0.0,0.0,2.0,2.0,3.0,3.0,0.0,0.0,0.0,5.0,0.0,10.0,6.0,13.9,0,0,17.0,1,1,13086,1,17314,9611,12910,6538,4949,6354,7874,13505,14344,13505,14058,13151,16273,6913,2037,12854,8263,8846,217,17725,11377,7002,17066,2246,150,14250,1,,2024,2025
,1630596,Evan Mobley,Evan,1610612739,CLE,,22400488,,,,31.4,6.0,13.0,0.462,1.0,6.0,0.167,4.0,5.0,0.8,1.0,4.0,5.0,1.0,1.0,1.0,2.0,1.0,1.0,7.0,17.0,10.0,32.5,0,0,30.0,1,1,13086,1,6506,5250,5079,12428,8896,4502,14236,2676,2872,7681,6876,6429,7268,14293,8788,5025,808,2383,13332,426,5360,4588,5950,2246,150,6431,1,,2024,2025
,1642281,Jaylon Tyson,Jaylon,1610612739,CLE,,22400488,,,,3.1,0.0,2.0,0.0,0.0,1.0,0.0,0.0,0.0,0.0,0.0,1.0,1.0,0.0,0.0,0.0,0.0,0.0,0.0,0.0,0.0,-9.0,1.2,0,0,1.0,1,1,13086,1,24957,22635,21660,22635,15070,17631,15070,13505,14344,13505,14058,17569,19889,19908,16469,12854,8263,8846,20257,17725,23200,20535,24725,2246,150,24667,1,,2024,2025
,202684,Tristan Thompson,Tristan,1610612739,CLE,,22400488,,,,3.1,0.0,1.0,0.0,0.0,0.0,0.0,0.0,2.0,0.0,0.0,0.0,0.0,0.0,0.0,0.0,0.0,0.0,0.0,1.0,0.0,-9.0,0.0,0,0,0.0,1,1,13086,1,24957,22635,23259,22635,15070,20945,15070,13505,7446,13505,14058,22137,23286,19908,16469,12854,8263,8846,20257,11254,23200,20535,25228,2246,150,25259,1,,2024,2025
,1629622,Max Strus,Max,1610612739,CLE,,22400488,,,,24.8,3.0,9.0,0.333,1.0,5.0,0.2,2.0,2.0,1.0,0.0,3.0,3.0,4.0,1.0,0.0,1.0,0.0,0.0,4.0,9.0,24.0,20.6,0,0,19.0,1,1,13086,1,12199,12449,9700,17395,8896,6354,13429,6020,7446,1,14058,9417,12778,4780,8788,12854,2537,8846,20257,2493,12445,634,12684,2246,150,12913,1,,2024,2025
,1630550,JT Thor,JT,1610612739,CLE,,22400488,,,,3.1,0.0,0.0,0.0,0.0,0.0,0.0,0.0,0.0,0.0,0.0,0.0,0.0,0.0,1.0,0.0,0.0,0.0,0.0,0.0,0.0,-9.0,-1.0,0,0,0.0,1,1,13086,1,24957,22635,24836,22635,15070,20945,15070,13505,14344,13505,14058,22137,23286,19908,8788,12854,8263,8846,20257,17725,23200,20535,26163,2246,150,25259,1,,2024,2025
,1641854,Craig Porter Jr.,Craig,1610612739,CLE,,22400488,,,,3.1,0.0,0.0,0.0,0.0,0.0,0.0,0.0,0.0,0.0,0.0,0.0,0.0,0.0,0.0,0.0,0.0,0.0,0.0,0.0,0.0,-9.0,0.0,0,0,0.0,1,1,13086,1,24957,22635,24836,22635,15070,20945,15070,13505,14344,13505,14058,22137,23286,19908,16469,12854,8263,8846,20257,17725,23200,20535,25228,2246,150,25259,1,,2024,2025
,1627747,Caris LeVert,Caris,1610612739,CLE,,22400488,,,,24.7,1.0,6.0,0.167,0.0,3.0,0.0,0.0,0.0,0.0,1.0,4.0,5.0,6.0,2.0,1.0,0.0,1.0,2.0,0.0,2.0,-1.0,18.0,0,0,15.0,1,1,13086,1,12289,19033,14618,21938,15070,11494,15070,13505,14344,13505,6876,6429,7268,2199,4442,5025,8263,2383,7392,17725,21232,13450,14409,2246,150,15689,1,,2024,2025
,1629731,Dean Wade,Dean,1610612739,CLE,,22400488,,,,21.8,2.0,4.0,0.5,2.0,4.0,0.5,0.0,0.0,0.0,1.0,3.0,4.0,2.0,0.0,0.0,0.0,0.0,2.0,0.0,6.0,17.0,13.8,0,0,14.0,1,1,13086,1,14684,15612,18231,8526,4949,8688,3944,13505,14344,13505,6876,9417,9701,9909,16469,12854,8263,8846,7392,17725,15937,1948,17150,2246,150,16370,1,,2024,2025
,1628386,Jarrett Allen,Jarrett,1610612739,CLE,,22400488,,,,28.1,9.0,10.0,0.9,0.0,0.0,0.0,1.0,2.0,0.5,5.0,6.0,11.0,2.0,1.0,0.0,2.0,0.0,0.0,1.0,19.0,5.0,40.2,1,0,36.0,1,1,13086,1,9459,1688,8304,1303,15070,20945,15070,10215,7446,10625,389,2943,1106,9909,8788,12854,808,8846,20257,11254,4202,7737,3162,1,150,3901,1,,2024,2025
,1629636,Darius Garland,Darius,1610612739,CLE,,22400488,,,,29.3,8.0,14.0,0.571,4.0,7.0,0.571,5.0,5.0,1.0,0.0,3.0,3.0,2.0,2.0,1.0,0.0,1.0,3.0,4.0,25.0,9.0,32.6,0,0,36.0,1,1,13086,1,8428,2561,4240,6538,1130,3100,3506,1817,2872,1,14058,9417,12778,9909,4442,5025,8263,2383,3404,2493,1828,5125,5903,2246,150,3901,1,,2024,2025
,1629660,Ty Jerome,Ty,1610612739,CLE,,22400488,,,,20.2,3.0,10.0,0.3,2.0,5.0,0.4,0.0,0.0,0.0,1.0,3.0,4.0,5.0,0.0,2.0,0.0,1.0,2.0,0.0,8.0,13.0,26.3,0,0,23.0,1,1,13086,1,15891,12449,8304,19363,4949,6354,7874,13505,14344,13505,6876,9417,9701,3273,16469,1671,8263,2383,7392,17725,13544,3250,9203,2246,150,10339,1,,2024,2025
,1628378,Donovan Mitchell,Donovan,1610612739,CLE,,22400474,,,,26.7,5.0,11.0,0.455,2.0,7.0,0.286,3.0,3.0,1.0,0.0,0.0,0.0,6.0,2.0,2.0,0.0,0.0,1.0,3.0,15.0,3.0,28.0,0,0,27.0,1,1,13086,1,10540,7242,7071,12676,4949,3100,11433,4159,6038,1,14058,22137,23286,2199,4442,1671,8263,8846,13332,4218,6813,9394,8197,2246,150,7999,1,,2024,2025
,1628386,Jarrett Allen,Jarrett,1610612739,CLE,,22400474,,,,22.4,5.0,10.0,0.5,0.0,0.0,0.0,1.0,2.0,0.5,3.0,6.0,9.0,0.0,0.0,0.0,1.0,2.0,4.0,1.0,11.0,5.0,24.8,0,0,22.0,1,1,13086,1,14231,7242,8304,8526,15070,20945,15070,10215,7446,10625,1615,2943,2169,19908,16469,12854,2537,601,1150,11254,10323,7737,10102,2246,150,10998,1,,2024,2025
,1627747,Caris LeVert,Caris,1610612739,CLE,,22400474,,,,25.5,7.0,15.0,0.467,2.0,7.0,0.286,1.0,3.0,0.333,0.0,4.0,4.0,2.0,0.0,2.0,1.0,2.0,1.0,2.0,17.0,15.0,33.8,0,0,31.0,1,1,13086,1,11598,3730,3491,12249,4949,3100,11433,10215,6038,13132,14058,6429,9701,9909,16469,1671,2537,601,13332,6956,5360,2549,5376,2246,150,5932,1,,2024,2025
,1627777,Georges Niang,Georges,1610612739,CLE,,22400474,,,,20.2,6.0,9.0,0.667,3.0,5.0,0.6,0.0,0.0,0.0,0.0,2.0,2.0,3.0,2.0,0.0,0.0,0.0,1.0,0.0,15.0,9.0,19.9,0,0,23.0,1,1,13086,1,15836,5250,9700,3281,2458,6354,2992,13505,14344,13505,14058,13151,16273,6913,4442,12854,8263,8846,13332,17725,6813,5125,13170,2246,150,10339,1,,2024,2025
,1641854,Craig Porter Jr.,Craig,1610612739,CLE,,22400474,,,,4.1,0.0,1.0,0.0,0.0,0.0,0.0,2.0,2.0,1.0,0.0,0.0,0.0,0.0,0.0,0.0,1.0,0.0,1.0,1.0,2.0,-7.0,5.0,0,0,4.0,1,1,13086,1,24422,22635,23259,22635,15070,20945,15070,6020,7446,1,14058,22137,23286,19908,16469,12854,2537,8846,13332,11254,21232,19141,22690,2246,150,22929,1,,2024,2025
,1642281,Jaylon Tyson,Jaylon,1610612739,CLE,,22400474,,,,4.1,0.0,1.0,0.0,0.0,1.0,0.0,0.0,0.0,0.0,0.0,2.0,2.0,1.0,1.0,0.0,0.0,0.0,1.0,0.0,0.0,-7.0,2.9,0,0,3.0,1,1,13086,1,24422,22635,23259,22635,15070,17631,15070,13505,14344,13505,14058,13151,16273,14293,8788,12854,8263,8846,13332,17725,23200,19141,23981,2246,150,23533,1,,2024,2025
,1630550,JT Thor,JT,1610612739,CLE,,22400474,,,,4.1,1.0,2.0,0.5,0.0,0.0,0.0,1.0,2.0,0.5,2.0,0.0,2.0,0.0,1.0,0.0,0.0,0.0,0.0,1.0,3.0,-7.0,4.4,0,0,5.0,1,1,13086,1,24422,19033,21660,8526,15070,20945,15070,10215,7446,10625,3306,22137,16273,19908,8788,12854,8263,8846,20257,11254,19913,19141,23001,2246,150,22358,1,,2024,2025
,1629622,Max Strus,Max,1610612739,CLE,,22400474,,,,24.4,1.0,5.0,0.2,0.0,4.0,0.0,0.0,0.0,0.0,3.0,3.0,6.0,7.0,0.0,0.0,0.0,0.0,1.0,2.0,2.0,12.0,19.7,0,0,15.0,1,1,13086,1,12541,19033,16437,21401,15070,8688,15070,13505,14344,13505,1615,9417,5362,1463,16469,12854,8263,8846,13332,6956,21232,3654,13310,2246,150,15689,1,,2024,2025
,1629636,Darius Garland,Darius,1610612739,CLE,,22400474,,,,28.9,6.0,12.0,0.5,2.0,5.0,0.4,2.0,2.0,1.0,0.0,4.0,4.0,9.0,1.0,1.0,0.0,0.0,1.0,2.0,16.0,24.0,36.3,0,0,33.0,1,1,13086,1,8775,5250,5979,8526,4949,6354,7874,6020,7446,1,14058,6429,9701,635,8788,5025,8263,8846,13332,6956,6070,634,4387,2246,150,5036,1,,2024,2025
,1630596,Evan Mobley,Evan,1610612739,CLE,,22400474,,,,29.5,14.0,21.0,0.667,3.0,6.0,0.5,3.0,4.0,0.75,2.0,8.0,10.0,4.0,0.0,0.0,2.0,0.0,3.0,4.0,34.0,32.0,58.0,1,0,55.0,1,1,13086,1,8189,141,817,3281,2458,4502,3944,4159,3754,8186,3306,1271,1549,4780,16469,12854,808,8846,3404,2493,394,119,451,1,150,474,1,,2024,2025
,1629660,Ty Jerome,Ty,1610612739,CLE,,22400474,,,,19.5,3.0,5.0,0.6,1.0,2.0,0.5,2.0,2.0,1.0,0.0,2.0,2.0,5.0,0.0,0.0,0.0,0.0,1.0,1.0,9.0,-6.0,18.9,0,0,17.0,1,1,13086,1,16447,12449,16437,5394,8896,14411,3944,6020,7446,1,14058,13151,16273,3273,16469,12854,8263,8846,13332,11254,12445,18298,13828,2246,150,14250,1,,2024,2025
,1629731,Dean Wade,Dean,1610612739,CLE,,22400474,,,,26.4,4.0,5.0,0.8,2.0,3.0,0.667,0.0,0.0,0.0,0.0,3.0,3.0,1.0,0.0,0.0,2.0,0.0,5.0,0.0,10.0,-6.0,21.1,0,0,20.0,1,1,13086,1,10812,9611,16437,1688,4949,11494,1957,13505,14344,13505,14058,9417,12778,14293,16469,12854,808,8846,217,17725,11377,18298,12342,2246,150,12254,1,,2024,2025
,202684,Tristan Thompson,Tristan,1610612739,CLE,,22400474,,,,4.1,0.0,1.0,0.0,0.0,0.0,0.0,0.0,0.0,0.0,0.0,2.0,2.0,0.0,0.0,0.0,0.0,0.0,0.0,0.0,0.0,-7.0,2.4,0,0,2.0,1,1,13086,1,24422,22635,23259,22635,15070,20945,15070,13505,14344,13505,14058,13151,16273,19908,16469,12854,8263,8846,20257,17725,23200,19141,24155,2246,150,24066,1,,2024,2025
,1630596,Evan Mobley,Evan,1610612739,CLE,,22400454,,,,31.7,8.0,14.0,0.571,2.0,4.0,0.5,2.0,2.0,1.0,1.0,5.0,6.0,1.0,2.0,1.0,1.0,0.0,1.0,1.0,20.0,7.0,32.7,0,0,33.0,1,1,13086,1,6258,2561,4240,6538,4949,8688,3944,6020,7446,1,6876,4392,5362,14293,4442,5025,2537,8846,13332,11254,3676,6330,5860,2246,150,5036,1,,2024,2025
,1628386,Jarrett Allen,Jarrett,1610612739,CLE,,22400454,,,,31.3,12.0,14.0,0.857,0.0,0.0,0.0,3.0,4.0,0.75,3.0,11.0,14.0,1.0,1.0,1.0,3.0,0.0,0.0,3.0,27.0,12.0,56.3,1,0,50.0,1,1,13086,1,6607,421,4240,1412,15070,20945,15070,4159,3754,8186,1615,283,349,14293,8788,5025,252,8846,20257,4218,1351,3654,557,1,150,943,1,,2024,2025
,1628378,Donovan Mitchell,Donovan,1610612739,CLE,,22400454,,,,32.2,8.0,20.0,0.4,6.0,13.0,0.462,4.0,5.0,0.8,1.0,3.0,4.0,4.0,3.0,0.0,0.0,1.0,0.0,2.0,26.0,9.0,33.8,0,0,40.0,1,1,13086,1,5816,2561,1105,14933,202,166,7119,2676,2872,7681,6876,9417,9701,4780,2037,12854,8263,2383,20257,6956,1579,5125,5376,2246,150,2744,1,,2024,2025
,1629622,Max Strus,Max,1610612739,CLE,,22400454,,,,26.4,5.0,9.0,0.556,4.0,8.0,0.5,1.0,1.0,1.0,1.0,2.0,3.0,4.0,0.0,0.0,2.0,0.0,5.0,3.0,15.0,5.0,30.6,0,0,30.0,1,1,13086,1,10812,7242,9700,7248,1130,2050,3944,10215,12810,1,6876,13151,12778,4780,16469,12854,808,8846,217,4218,6813,7737,6876,2246,150,6431,1,,2024,2025
,1629636,Darius Garland,Darius,1610612739,CLE,,22400454,,,,32.1,5.0,16.0,0.313,2.0,8.0,0.25,2.0,2.0,1.0,0.0,2.0,2.0,14.0,3.0,2.0,1.0,1.0,1.0,1.0,14.0,10.0,43.4,1,0,38.0,1,1,13086,1,5928,7242,2836,19175,4949,2050,11902,6020,7446,1,14058,13151,16273,60,2037,1671,2537,2383,13332,11254,7553,4588,2393,1,150,3270,1,,2024,2025
,1629660,Ty Jerome,Ty,1610612739,CLE,,22400454,,,,14.0,2.0,6.0,0.333,1.0,3.0,0.333,0.0,0.0,0.0,1.0,5.0,6.0,2.0,1.0,0.0,0.0,1.0,1.0,0.0,5.0,6.0,14.2,0,0,14.0,1,1,13086,1,20220,15612,14618,17395,8896,11494,9209,13505,14344,13505,6876,4392,5362,9909,8788,12854,8263,2383,13332,17725,17323,7002,16896,2246,150,16370,1,,2024,2025
,1627777,Georges Niang,Georges,1610612739,CLE,,22400454,,,,18.2,3.0,5.0,0.6,2.0,3.0,0.667,1.0,2.0,0.5,1.0,2.0,3.0,1.0,0.0,0.0,0.0,0.0,1.0,1.0,9.0,-3.0,14.1,0,0,15.0,1,1,13086,1,17428,12449,16437,5394,4949,11494,1957,10215,7446,10625,6876,13151,12778,14293,16469,12854,8263,8846,13332,11254,12445,15511,16945,2246,150,15689,1,,2024,2025
,1629731,Dean Wade,Dean,1610612739,CLE,,22400454,,,,24.1,1.0,4.0,0.25,0.0,3.0,0.0,1.0,1.0,1.0,2.0,7.0,9.0,2.0,0.0,0.0,0.0,0.0,2.0,1.0,3.0,9.0,16.8,0,0,14.0,1,1,13086,1,12839,19033,18231,20233,15070,11494,15070,10215,12810,1,3306,1947,2169,9909,16469,12854,8263,8846,7392,11254,19913,5125,15212,2246,150,16370,1,,2024,2025
,1630241,Sam Merrill,Sam,1610612739,CLE,,22400454,,,,7.6,0.0,1.0,0.0,0.0,1.0,0.0,0.0,0.0,0.0,0.0,0.0,0.0,1.0,0.0,0.0,0.0,0.0,2.0,0.0,0.0,1.0,1.5,0,0,1.0,1,1,13086,1,22969,22635,23259,22635,15070,17631,15070,13505,14344,13505,14058,22137,23286,14293,16469,12854,8263,8846,7392,17725,23200,11263,24554,2246,150,24667,1,,2024,2025
,1627747,Caris LeVert,Caris,1610612739,CLE,,22400454,,,,22.6,1.0,4.0,0.25,1.0,3.0,0.333,0.0,0.0,0.0,0.0,1.0,1.0,2.0,1.0,1.0,1.0,0.0,2.0,0.0,3.0,4.0,12.2,0,0,11.0,1,1,13086,1,14029,19033,18231,20233,8896,11494,9209,13505,14344,13505,14058,17569,19889,9909,8788,5025,2537,8846,7392,17725,19913,8479,18251,2246,150,18464,1,,2024,2025
,1629636,Darius Garland,Darius,1610612739,CLE,,22400446,,,,28.6,10.0,17.0,0.588,3.0,8.0,0.375,2.0,4.0,0.5,0.0,3.0,3.0,8.0,0.0,2.0,0.0,0.0,2.0,4.0,25.0,23.0,46.6,0,0,43.0,1,1,13086,1,9061,1099,2289,6229,2458,2050,8800,6020,3754,10625,14058,9417,12778,963,16469,1671,8263,8846,7392,2493,1828,736,1701,2246,150,2014,1,,2024,2025
,202684,Tristan Thompson,Tristan,1610612739,CLE,,22400446,,,,4.1,1.0,1.0,1.0,0.0,0.0,0.0,0.0,0.0,0.0,1.0,1.0,2.0,0.0,1.0,0.0,0.0,0.0,0.0,0.0,2.0,-4.0,3.4,0,0,4.0,1,1,13086,1,24444,19033,23259,1,15070,20945,15070,13505,14344,13505,6876,17569,16273,19908,8788,12854,8263,8846,20257,17725,21232,16449,23550,2246,150,22929,1,,2024,2025
,1627777,Georges Niang,Georges,1610612739,CLE,,22400446,,,,19.8,1.0,3.0,0.333,1.0,2.0,0.5,0.0,0.0,0.0,0.0,3.0,3.0,5.0,1.0,1.0,0.0,0.0,4.0,1.0,3.0,5.0,16.1,0,0,14.0,1,1,13086,1,16186,19033,19992,17395,8896,14411,3944,13505,14344,13505,14058,9417,12778,3273,8788,5025,8263,8846,1150,11254,19913,7737,15681,2246,150,16370,1,,2024,2025
,1641854,Craig Porter Jr.,Craig,1610612739,CLE,,22400446,,,,4.1,1.0,2.0,0.5,0.0,0.0,0.0,0.0,0.0,0.0,0.0,1.0,1.0,0.0,0.0,0.0,0.0,0.0,0.0,0.0,2.0,-4.0,3.2,0,0,3.0,1,1,13086,1,24444,19033,21660,8526,15070,20945,15070,13505,14344,13505,14058,17569,19889,19908,16469,12854,8263,8846,20257,17725,21232,16449,23585,2246,150,23533,1,,2024,2025
,1642281,Jaylon Tyson,Jaylon,1610612739,CLE,,22400446,,,,4.1,0.0,1.0,0.0,0.0,0.0,0.0,0.0,0.0,0.0,1.0,2.0,3.0,0.0,0.0,0.0,0.0,0.0,0.0,0.0,0.0,-4.0,3.6,0,0,3.0,1,1,13086,1,24444,22635,23259,22635,15070,20945,15070,13505,14344,13505,6876,13151,12778,19908,16469,12854,8263,8846,20257,17725,23200,16449,23446,2246,150,23533,1,,2024,2025
,1630550,JT Thor,JT,1610612739,CLE,,22400446,,,,4.1,1.0,2.0,0.5,0.0,1.0,0.0,0.0,0.0,0.0,0.0,1.0,1.0,0.0,0.0,0.0,0.0,0.0,0.0,0.0,2.0,-4.0,3.2,0,0,3.0,1,1,13086,1,24444,19033,21660,8526,15070,17631,15070,13505,14344,13505,14058,17569,19889,19908,16469,12854,8263,8846,20257,17725,21232,16449,23585,2246,150,23533,1,,2024,2025
,1629660,Ty Jerome,Ty,1610612739,CLE,,22400446,,,,19.6,3.0,10.0,0.3,2.0,5.0,0.4,2.0,2.0,1.0,1.0,1.0,2.0,4.0,0.0,1.0,0.0,3.0,2.0,5.0,10.0,12.0,21.4,0,0,20.0,1,1,13086,1,16360,12449,8304,19363,4949,6354,7874,6020,7446,1,6876,17569,16273,4780,16469,5025,8263,131,7392,1447,11377,3654,12139,2246,150,12254,1,,2024,2025
,1629731,Dean Wade,Dean,1610612739,CLE,,22400446,,,,25.3,4.0,7.0,0.571,2.0,5.0,0.4,0.0,0.0,0.0,3.0,10.0,13.0,0.0,0.0,1.0,2.0,0.0,3.0,0.0,10.0,22.0,34.6,1,0,31.0,1,1,13086,1,11727,9611,12910,6538,4949,6354,7874,13505,14344,13505,1615,483,534,19908,16469,5025,808,8846,3404,17725,11377,894,5046,1,150,5932,1,,2024,2025
,1627747,Caris LeVert,Caris,1610612739,CLE,,22400446,,,,21.1,3.0,9.0,0.333,2.0,4.0,0.5,1.0,2.0,0.5,0.0,1.0,1.0,1.0,2.0,2.0,0.0,0.0,0.0,1.0,9.0,4.0,15.7,0,0,17.0,1,1,13086,1,15255,12449,9700,17395,4949,8688,3944,10215,7446,10625,14058,17569,19889,14293,4442,1671,8263,8846,20257,11254,12445,8479,15924,2246,150,14250,1,,2024,2025
,1630241,Sam Merrill,Sam,1610612739,CLE,,22400446,,,,13.8,2.0,4.0,0.5,1.0,2.0,0.5,0.0,0.0,0.0,1.0,1.0,2.0,0.0,1.0,0.0,0.0,0.0,4.0,0.0,5.0,7.0,6.4,0,0,8.0,1,1,13086,1,20333,15612,18231,8526,8896,14411,3944,13505,14344,13505,6876,17569,16273,19908,8788,12854,8263,8846,1150,17725,17323,6330,21876,2246,150,20457,1,,2024,2025
,1629622,Max Strus,Max,1610612739,CLE,,22400446,,,,18.9,1.0,6.0,0.167,1.0,5.0,0.2,0.0,0.0,0.0,0.0,4.0,4.0,1.0,3.0,1.0,0.0,1.0,0.0,2.0,3.0,-2.0,9.3,0,0,11.0,1,1,13086,1,16915,19033,14618,21938,8896,6354,13429,13505,14344,13505,14058,6429,9701,14293,2037,5025,8263,2383,20257,6956,19913,14448,20177,2246,150,18464,1,,2024,2025
,1628386,Jarrett Allen,Jarrett,1610612739,CLE,,22400446,,,,24.7,6.0,9.0,0.667,0.0,0.0,0.0,0.0,0.0,0.0,3.0,6.0,9.0,1.0,1.0,1.0,2.0,2.0,5.0,0.0,12.0,22.0,32.3,0,0,28.0,1,1,13086,1,12256,5250,9700,3281,15070,20945,15070,13505,14344,13505,1615,2943,2169,14293,8788,5025,808,601,217,17725,9299,894,6039,2246,150,7475,1,,2024,2025
,1628378,Donovan Mitchell,Donovan,1610612739,CLE,,22400446,,,,27.4,9.0,19.0,0.474,5.0,11.0,0.455,0.0,0.0,0.0,0.0,3.0,3.0,4.0,1.0,0.0,0.0,2.0,0.0,0.0,23.0,8.0,31.6,0,0,35.0,1,1,13086,1,10062,1688,1432,12072,492,499,7148,13505,14344,13505,14058,9417,12778,4780,8788,12854,8263,601,20257,17725,2434,5660,6373,2246,150,4250,1,,2024,2025
,1630596,Evan Mobley,Evan,1610612739,CLE,,22400446,,,,24.7,2.0,6.0,0.333,1.0,4.0,0.25,2.0,2.0,1.0,1.0,6.0,7.0,1.0,6.0,1.0,2.0,0.0,5.0,1.0,7.0,5.0,19.9,0,0,22.0,1,1,13086,1,12303,15612,14618,17395,8896,8688,11902,6020,7446,1,6876,2943,3946,14293,150,5025,808,8846,217,11254,14857,7737,13170,2246,150,10998,1,,2024,2025
,1627747,Caris LeVert,Caris,1610612739,CLE,,22400424,,,,23.1,5.0,10.0,0.5,3.0,4.0,0.75,0.0,0.0,0.0,1.0,2.0,3.0,3.0,0.0,0.0,1.0,0.0,1.0,0.0,13.0,3.0,24.1,0,0,24.0,1,1,13086,1,13631,7242,8304,8526,2458,8688,1542,13505,14344,13505,6876,13151,12778,6913,16469,12854,2537,8846,13332,17725,8426,9394,10511,2246,150,9719,1,,2024,2025
,1642281,Jaylon Tyson,Jaylon,1610612739,CLE,,22400424,,,,1.6,0.0,0.0,0.0,0.0,0.0,0.0,0.0,0.0,0.0,0.0,1.0,1.0,1.0,0.0,0.0,0.0,0.0,0.0,0.0,0.0,-2.0,2.7,0,0,2.0,1,1,13086,1,25718,22635,24836,22635,15070,20945,15070,13505,14344,13505,14058,17569,19889,14293,16469,12854,8263,8846,20257,17725,23200,14448,24005,2246,150,24066,1,,2024,2025
,1629660,Ty Jerome,Ty,1610612739,CLE,,22400424,,,,7.3,1.0,6.0,0.167,0.0,3.0,0.0,0.0,1.0,0.0,0.0,0.0,0.0,4.0,0.0,1.0,0.0,1.0,0.0,2.0,2.0,15.0,11.0,0,0,8.0,1,1,13086,1,23056,19033,14618,21938,15070,11494,15070,13505,12810,13505,14058,22137,23286,4780,16469,5025,8263,2383,20257,6956,21232,2549,19045,2246,150,20457,1,,2024,2025
,1630241,Sam Merrill,Sam,1610612739,CLE,,22400424,,,,18.7,3.0,4.0,0.75,3.0,4.0,0.75,0.0,0.0,0.0,0.0,3.0,3.0,0.0,0.0,0.0,2.0,0.0,1.0,1.0,9.0,10.0,18.6,0,0,19.0,1,1,13086,1,17057,12449,18231,2107,2458,8688,1542,13505,14344,13505,14058,9417,12778,19908,16469,12854,808,8846,13332,11254,12445,4588,14008,2246,150,12913,1,,2024,2025
,1627777,Georges Niang,Georges,1610612739,CLE,,22400424,,,,16.0,1.0,5.0,0.2,1.0,3.0,0.333,0.0,0.0,0.0,0.0,1.0,1.0,3.0,0.0,0.0,0.0,1.0,1.0,0.0,3.0,-4.0,8.7,0,0,8.0,1,1,13086,1,18936,19033,16437,21401,8896,11494,9209,13505,14344,13505,14058,17569,19889,6913,16469,12854,8263,2383,13332,17725,19913,16449,20527,2246,150,20457,1,,2024,2025
,1629622,Max Strus,Max,1610612739,CLE,,22400424,,,,23.8,2.0,6.0,0.333,1.0,4.0,0.25,0.0,0.0,0.0,1.0,4.0,5.0,1.0,1.0,1.0,0.0,0.0,4.0,2.0,5.0,-5.0,14.5,0,0,14.0,1,1,13086,1,13062,15612,14618,17395,8896,8688,11902,13505,14344,13505,6876,6429,7268,14293,8788,5025,8263,8846,1150,6956,17323,17436,16714,2246,150,16370,1,,2024,2025
,1629731,Dean Wade,Dean,1610612739,CLE,,22400424,,,,25.8,3.0,4.0,0.75,3.0,4.0,0.75,2.0,2.0,1.0,1.0,2.0,3.0,5.0,1.0,0.0,2.0,1.0,1.0,1.0,11.0,19.0,27.1,0,0,26.0,1,1,13086,1,11331,12449,18231,2107,2458,8688,1542,6020,7446,1,6876,13151,12778,3273,8788,12854,808,2383,13332,11254,10323,1456,8739,2246,150,8551,1,,2024,2025
,1628378,Donovan Mitchell,Donovan,1610612739,CLE,,22400424,,,,30.4,10.0,17.0,0.588,6.0,12.0,0.5,7.0,7.0,1.0,2.0,3.0,5.0,6.0,3.0,1.0,0.0,0.0,2.0,4.0,33.0,4.0,48.0,0,0,52.0,1,1,13086,1,7456,1099,2289,6229,202,299,3944,752,1377,1,3306,9417,7268,2199,2037,5025,8263,8846,7392,2493,488,8479,1485,2246,150,734,1,,2024,2025
,1628386,Jarrett Allen,Jarrett,1610612739,CLE,,22400424,,,,30.8,10.0,13.0,0.769,0.0,0.0,0.0,2.0,2.0,1.0,3.0,7.0,10.0,4.0,2.0,3.0,1.0,0.0,2.0,2.0,22.0,18.0,50.0,1,0,44.0,1,1,13086,1,7026,1099,5079,2080,15070,20945,15070,6020,7446,1,1615,1947,1549,4780,4442,473,2537,8846,7392,6956,2824,1677,1173,1,150,1816,1,,2024,2025
,1629636,Darius Garland,Darius,1610612739,CLE,,22400424,,,,31.5,10.0,18.0,0.556,2.0,8.0,0.25,3.0,4.0,0.75,0.0,2.0,2.0,7.0,2.0,4.0,0.0,0.0,1.0,2.0,25.0,13.0,47.9,0,0,44.0,1,1,13086,1,6410,1099,1822,7248,4949,2050,11902,4159,3754,8186,14058,13151,16273,1463,4442,123,8263,8846,13332,6956,1828,3250,1501,2246,150,1816,1,,2024,2025
,1630596,Evan Mobley,Evan,1610612739,CLE,,22400424,,,,31.1,9.0,13.0,0.692,4.0,6.0,0.667,4.0,6.0,0.667,1.0,4.0,5.0,6.0,1.0,0.0,1.0,0.0,4.0,6.0,26.0,-1.0,43.0,0,0,43.0,1,1,13086,1,6839,1688,5079,3171,1130,4502,1957,2676,1898,9425,6876,6429,7268,2199,8788,12854,2537,8846,1150,792,1579,13450,2476,2246,150,2014,1,,2024,2025
,1629622,Max Strus,Max,1610612739,CLE,,22400392,,,,21.8,1.0,3.0,0.333,0.0,2.0,0.0,0.0,0.0,0.0,2.0,4.0,6.0,2.0,0.0,0.0,0.0,0.0,3.0,1.0,2.0,-4.0,12.2,0,0,10.0,1,1,13086,1,14713,19033,19992,17395,15070,14411,15070,13505,14344,13505,3306,6429,5362,9909,16469,12854,8263,8846,3404,11254,21232,16449,18251,2246,150,19152,1,,2024,2025
,1627777,Georges Niang,Georges,1610612739,CLE,,22400392,,,,21.3,3.0,8.0,0.375,2.0,6.0,0.333,0.0,0.0,0.0,1.0,6.0,7.0,3.0,2.0,1.0,0.0,1.0,4.0,2.0,8.0,-1.0,21.9,0,0,22.0,1,1,13086,1,15114,12449,11288,16299,4949,4502,9209,13505,14344,13505,6876,2943,3946,6913,4442,5025,8263,2383,1150,6956,13544,13450,11822,2246,150,10998,1,,2024,2025
,1627747,Caris LeVert,Caris,1610612739,CLE,,22400392,,,,23.9,3.0,6.0,0.5,1.0,3.0,0.333,4.0,5.0,0.8,1.0,2.0,3.0,1.0,0.0,0.0,0.0,0.0,3.0,2.0,11.0,6.0,16.1,0,0,16.0,1,1,13086,1,12962,12449,14618,8526,8896,11494,9209,2676,2872,7681,6876,13151,12778,14293,16469,12854,8263,8846,3404,6956,10323,7002,15681,2246,150,14948,1,,2024,2025
,1628386,Jarrett Allen,Jarrett,1610612739,CLE,,22400392,,,,26.9,2.0,6.0,0.333,0.0,0.0,0.0,3.0,4.0,0.75,2.0,4.0,6.0,2.0,1.0,0.0,0.0,1.0,1.0,2.0,7.0,10.0,16.2,0,0,15.0,1,1,13086,1,10430,15612,14618,17395,15070,20945,15070,4159,3754,8186,3306,6429,5362,9909,8788,12854,8263,2383,13332,6956,14857,4588,15608,2246,150,15689,1,,2024,2025
,1630596,Evan Mobley,Evan,1610612739,CLE,,22400392,,,,33.7,9.0,17.0,0.529,3.0,5.0,0.6,1.0,2.0,0.5,2.0,8.0,10.0,4.0,2.0,1.0,3.0,2.0,2.0,3.0,22.0,17.0,50.0,1,0,47.0,1,1,13086,1,4549,1688,2289,8281,2458,6354,2992,10215,7446,10625,3306,1271,1549,4780,4442,5025,252,601,7392,4218,2824,1948,1173,1,150,1314,1,,2024,2025
,1628378,Donovan Mitchell,Donovan,1610612739,CLE,,22400392,,,,33.7,7.0,15.0,0.467,4.0,8.0,0.5,4.0,5.0,0.8,0.0,3.0,3.0,7.0,1.0,3.0,0.0,0.0,2.0,2.0,22.0,17.0,44.1,0,0,42.0,1,1,13086,1,4549,3730,3491,12249,1130,2050,3944,2676,2872,7681,14058,9417,12778,1463,8788,473,8263,8846,7392,6956,2824,1948,2211,2246,150,2239,1,,2024,2025
,1629636,Darius Garland,Darius,1610612739,CLE,,22400392,,,,32.7,8.0,14.0,0.571,3.0,6.0,0.5,4.0,5.0,0.8,1.0,2.0,3.0,8.0,2.0,1.0,0.0,1.0,1.0,5.0,23.0,21.0,39.6,0,0,39.0,1,1,13086,1,5409,2561,4240,6538,2458,4502,3944,2676,2872,7681,6876,13151,12778,963,4442,5025,8263,2383,13332,1447,2434,1041,3331,2246,150,2984,1,,2024,2025
,1630241,Sam Merrill,Sam,1610612739,CLE,,22400392,,,,24.0,6.0,12.0,0.5,6.0,11.0,0.545,2.0,2.0,1.0,1.0,0.0,1.0,4.0,1.0,3.0,0.0,0.0,2.0,2.0,20.0,2.0,35.2,0,0,37.0,1,1,13086,1,12929,5250,5979,8526,202,499,3863,6020,7446,1,6876,22137,19889,4780,8788,473,8263,8846,7392,6956,3676,10285,4806,2246,150,3591,1,,2024,2025
,1629660,Ty Jerome,Ty,1610612739,CLE,,22400392,,,,13.9,2.0,7.0,0.286,1.0,5.0,0.2,0.0,0.0,0.0,0.0,0.0,0.0,2.0,0.0,0.0,0.0,0.0,3.0,0.0,5.0,-7.0,8.0,0,0,8.0,1,1,13086,1,20244,15612,12910,19630,8896,6354,13429,13505,14344,13505,14058,22137,23286,9909,16469,12854,8263,8846,3404,17725,17323,19141,20938,2246,150,20457,1,,2024,2025
,1642281,Jaylon Tyson,Jaylon,1610612739,CLE,,22400392,,,,8.2,2.0,3.0,0.667,0.0,0.0,0.0,0.0,0.0,0.0,0.0,1.0,1.0,0.0,0.0,1.0,0.0,0.0,2.0,1.0,4.0,-6.0,8.2,0,0,7.0,1,1,13086,1,22729,15612,19992,3281,15070,20945,15070,13505,14344,13505,14058,17569,19889,19908,16469,5025,8263,8846,7392,11254,18599,18298,20807,2246,150,21087,1,,2024,2025
,1630241,Sam Merrill,Sam,1610612739,CLE,,22400380,,,,8.4,0.0,2.0,0.0,0.0,2.0,0.0,0.0,0.0,0.0,1.0,0.0,1.0,0.0,0.0,0.0,0.0,0.0,1.0,0.0,0.0,6.0,1.2,0,0,1.0,1,1,13086,1,22661,22635,21660,22635,15070,14411,15070,13505,14344,13505,6876,22137,19889,19908,16469,12854,8263,8846,13332,17725,23200,7002,24725,2246,150,24667,1,,2024,2025
,202684,Tristan Thompson,Tristan,1610612739,CLE,,22400380,,,,5.3,0.0,0.0,0.0,0.0,0.0,0.0,1.0,2.0,0.5,1.0,1.0,2.0,0.0,0.0,0.0,0.0,0.0,1.0,1.0,1.0,-4.0,3.4,0,0,3.0,1,1,13086,1,23889,22635,24836,22635,15070,20945,15070,10215,7446,10625,6876,17569,16273,19908,16469,12854,8263,8846,13332,11254,22996,16449,23550,2246,150,23533,1,,2024,2025
,1641854,Craig Porter Jr.,Craig,1610612739,CLE,,22400380,,,,5.3,1.0,3.0,0.333,0.0,0.0,0.0,0.0,0.0,0.0,1.0,0.0,1.0,1.0,0.0,0.0,0.0,1.0,1.0,0.0,2.0,-4.0,4.7,0,0,4.0,1,1,13086,1,23889,19033,19992,17395,15070,20945,15070,13505,14344,13505,6876,22137,19889,14293,16469,12854,8263,2383,13332,17725,21232,16449,22851,2246,150,22929,1,,2024,2025
,1628386,Jarrett Allen,Jarrett,1610612739,CLE,,22400380,,,,24.8,2.0,5.0,0.4,0.0,0.0,0.0,2.0,3.0,0.667,1.0,5.0,6.0,2.0,2.0,1.0,0.0,1.0,1.0,5.0,6.0,7.0,17.2,0,0,16.0,1,1,13086,1,12187,15612,16437,14933,15070,20945,15070,6020,6038,9425,6876,4392,5362,9909,4442,5025,8263,2383,13332,1447,15937,6330,14950,2246,150,14948,1,,2024,2025
,1627747,Caris LeVert,Caris,1610612739,CLE,,22400380,,,,21.9,5.0,11.0,0.455,2.0,6.0,0.333,0.0,0.0,0.0,0.0,1.0,1.0,3.0,3.0,2.0,0.0,1.0,1.0,0.0,12.0,36.0,20.7,0,0,22.0,1,1,13086,1,14543,7242,7071,12676,4949,4502,9209,13505,14344,13505,14058,17569,19889,6913,2037,1671,8263,2383,13332,17725,9299,40,12614,2246,150,10998,1,,2024,2025
,1629660,Ty Jerome,Ty,1610612739,CLE,,22400380,,,,24.0,4.0,11.0,0.364,3.0,7.0,0.429,0.0,0.0,0.0,2.0,2.0,4.0,4.0,1.0,0.0,0.0,0.0,2.0,0.0,11.0,20.0,20.8,0,0,22.0,1,1,13086,1,12946,9611,7071,16861,2458,3100,7394,13505,14344,13505,3306,13151,9701,4780,8788,12854,8263,8846,7392,17725,10323,1243,12548,2246,150,10998,1,,2024,2025
,1627777,Georges Niang,Georges,1610612739,CLE,,22400380,,,,27.4,5.0,9.0,0.556,3.0,5.0,0.6,0.0,0.0,0.0,1.0,4.0,5.0,2.0,0.0,0.0,0.0,0.0,5.0,0.0,13.0,18.0,22.0,0,0,23.0,1,1,13086,1,10061,7242,9700,7248,2458,6354,2992,13505,14344,13505,6876,6429,7268,9909,16469,12854,8263,8846,217,17725,8426,1677,11755,2246,150,10339,1,,2024,2025
,1642281,Jaylon Tyson,Jaylon,1610612739,CLE,,22400380,,,,14.2,3.0,5.0,0.6,1.0,1.0,1.0,1.0,2.0,0.5,2.0,1.0,3.0,1.0,0.0,0.0,0.0,0.0,2.0,1.0,8.0,16.0,13.1,0,0,13.0,1,1,13086,1,20077,12449,16437,5394,8896,17631,1,10215,7446,10625,3306,17569,12778,14293,16469,12854,8263,8846,7392,11254,13544,2243,17641,2246,150,17050,1,,2024,2025
,1628378,Donovan Mitchell,Donovan,1610612739,CLE,,22400380,,,,27.9,7.0,16.0,0.438,4.0,10.0,0.4,1.0,1.0,1.0,0.0,4.0,4.0,5.0,4.0,0.0,0.0,0.0,0.0,3.0,19.0,8.0,27.3,0,0,32.0,1,1,13086,1,9625,3730,2836,13558,1130,829,7874,10215,12810,1,14058,6429,9701,3273,877,12854,8263,8846,20257,4218,4202,5660,8623,2246,150,5433,1,,2024,2025
,1629731,Dean Wade,Dean,1610612739,CLE,,22400380,,,,24.9,2.0,3.0,0.667,2.0,3.0,0.667,0.0,0.0,0.0,0.0,4.0,4.0,2.0,0.0,2.0,0.0,0.0,1.0,1.0,6.0,15.0,19.8,0,0,18.0,1,1,13086,1,12119,15612,19992,3281,4949,11494,1957,13505,14344,13505,14058,6429,9701,9909,16469,1671,8263,8846,13332,11254,15937,2549,13241,2246,150,13589,1,,2024,2025
,1629636,Darius Garland,Darius,1610612739,CLE,,22400380,,,,25.9,9.0,11.0,0.818,6.0,7.0,0.857,2.0,2.0,1.0,1.0,4.0,5.0,4.0,2.0,1.0,0.0,0.0,2.0,2.0,26.0,7.0,39.0,0,0,43.0,1,1,13086,1,11230,1688,7071,1653,202,3100,1329,6020,7446,1,6876,6429,7268,4780,4442,5025,8263,8846,7392,6956,1579,6330,3499,2246,150,2014,1,,2024,2025
,1630596,Evan Mobley,Evan,1610612739,CLE,,22400380,,,,30.2,10.0,14.0,0.714,1.0,2.0,0.5,1.0,5.0,0.2,3.0,10.0,13.0,7.0,1.0,2.0,1.0,0.0,1.0,3.0,22.0,10.0,56.1,1,0,49.0,1,1,13086,1,7604,1099,4240,2752,8896,14411,3944,10215,2872,13489,1615,483,534,1463,8788,1671,2537,8846,13332,4218,2824,4588,569,1,150,1048,1,,2024,2025
,1629731,Dean Wade,Dean,1610612739,CLE,,22400374,,,,20.9,5.0,6.0,0.833,4.0,5.0,0.8,1.0,1.0,1.0,0.0,5.0,5.0,2.0,0.0,2.0,0.0,0.0,2.0,1.0,15.0,19.0,30.0,0,0,30.0,1,1,13086,1,15335,7242,14618,1514,1130,6354,1389,10215,12810,1,14058,4392,7268,9909,16469,1671,8263,8846,7392,11254,6813,1456,7167,2246,150,6431,1,,2024,2025
,1628378,Donovan Mitchell,Donovan,1610612739,CLE,,22400374,,,,27.2,9.0,15.0,0.6,3.0,7.0,0.429,6.0,8.0,0.75,0.0,4.0,4.0,6.0,0.0,2.0,0.0,0.0,1.0,6.0,27.0,21.0,46.8,0,0,44.0,1,1,13086,1,10176,1688,3491,5394,2458,3100,7394,1180,912,8186,14058,6429,9701,2199,16469,1671,8263,8846,13332,792,1351,1041,1659,2246,150,1816,1,,2024,2025
,1629636,Darius Garland,Darius,1610612739,CLE,,22400374,,,,24.7,6.0,15.0,0.4,4.0,6.0,0.667,0.0,0.0,0.0,2.0,2.0,4.0,5.0,3.0,1.0,0.0,2.0,0.0,0.0,16.0,16.0,28.3,0,0,31.0,1,1,13086,1,12303,5250,3491,14933,1130,4502,1957,13505,14344,13505,3306,13151,9701,3273,2037,5025,8263,601,20257,17725,6070,2243,8055,2246,150,5932,1,,2024,2025
,1642281,Jaylon Tyson,Jaylon,1610612739,CLE,,22400374,,,,9.2,0.0,1.0,0.0,0.0,1.0,0.0,0.0,0.0,0.0,0.0,0.0,0.0,0.0,3.0,0.0,0.0,0.0,1.0,0.0,0.0,-10.0,-3.0,0,0,0.0,1,1,13086,1,22375,22635,23259,22635,15070,17631,15070,13505,14344,13505,14058,22137,23286,19908,2037,12854,8263,8846,13332,17725,23200,21147,26305,2246,150,25259,1,,2024,2025
,1630596,Evan Mobley,Evan,1610612739,CLE,,22400374,,,,27.2,6.0,10.0,0.6,0.0,2.0,0.0,3.0,3.0,1.0,2.0,5.0,7.0,4.0,2.0,0.0,0.0,0.0,2.0,4.0,15.0,21.0,27.4,0,0,26.0,1,1,13086,1,10176,5250,8304,5394,15070,14411,15070,4159,6038,1,3306,4392,3946,4780,4442,12854,8263,8846,7392,2493,6813,1041,8559,2246,150,8551,1,,2024,2025
,1629622,Max Strus,Max,1610612739,CLE,,22400374,,,,19.1,3.0,8.0,0.375,3.0,8.0,0.375,0.0,0.0,0.0,0.0,0.0,0.0,2.0,0.0,0.0,0.0,0.0,2.0,0.0,9.0,20.0,12.0,0,0,14.0,1,1,13086,1,16737,12449,11288,16299,2458,2050,8800,13505,14344,13505,14058,22137,23286,9909,16469,12854,8263,8846,7392,17725,12445,1243,18398,2246,150,16370,1,,2024,2025
,202684,Tristan Thompson,Tristan,1610612739,CLE,,22400374,,,,9.2,0.0,3.0,0.0,0.0,0.0,0.0,2.0,2.0,1.0,2.0,4.0,6.0,0.0,0.0,0.0,0.0,0.0,0.0,1.0,2.0,-10.0,9.2,0,0,8.0,1,1,13086,1,22375,22635,19992,22635,15070,20945,15070,6020,7446,1,3306,6429,5362,19908,16469,12854,8263,8846,20257,11254,21232,21147,20210,2246,150,20457,1,,2024,2025
,1641854,Craig Porter Jr.,Craig,1610612739,CLE,,22400374,,,,7.7,0.0,0.0,0.0,0.0,0.0,0.0,0.0,0.0,0.0,0.0,1.0,1.0,1.0,0.0,0.0,0.0,0.0,0.0,0.0,0.0,-8.0,2.7,0,0,2.0,1,1,13086,1,22922,22635,24836,22635,15070,20945,15070,13505,14344,13505,14058,17569,19889,14293,16469,12854,8263,8846,20257,17725,23200,19855,24005,2246,150,24066,1,,2024,2025
,1627777,Georges Niang,Georges,1610612739,CLE,,22400374,,,,16.7,2.0,4.0,0.5,1.0,2.0,0.5,0.0,0.0,0.0,0.0,2.0,2.0,1.0,0.0,1.0,0.0,0.0,0.0,1.0,5.0,13.0,11.9,0,0,11.0,1,1,13086,1,18502,15612,18231,8526,8896,14411,3944,13505,14344,13505,14058,13151,16273,14293,16469,5025,8263,8846,20257,11254,17323,3250,18455,2246,150,18464,1,,2024,2025
,1630241,Sam Merrill,Sam,1610612739,CLE,,22400374,,,,19.2,2.0,6.0,0.333,1.0,5.0,0.2,0.0,0.0,0.0,0.0,3.0,3.0,1.0,2.0,0.0,0.0,1.0,0.0,2.0,5.0,0.0,8.1,0,0,10.0,1,1,13086,1,16714,15612,14618,17395,8896,6354,13429,13505,14344,13505,14058,9417,12778,14293,4442,12854,8263,2383,20257,6956,17323,12240,20889,2246,150,19152,1,,2024,2025
,1627747,Caris LeVert,Caris,1610612739,CLE,,22400374,,,,18.5,3.0,7.0,0.429,1.0,4.0,0.25,0.0,0.0,0.0,0.0,2.0,2.0,4.0,2.0,1.0,0.0,0.0,1.0,0.0,7.0,18.0,16.4,0,0,16.0,1,1,13086,1,17225,12449,12910,13735,8896,8688,11902,13505,14344,13505,14058,13151,16273,4780,4442,5025,8263,8846,13332,17725,14857,1677,15467,2246,150,14948,1,,2024,2025
,1629660,Ty Jerome,Ty,1610612739,CLE,,22400374,,,,15.8,5.0,10.0,0.5,3.0,7.0,0.429,0.0,0.0,0.0,2.0,2.0,4.0,4.0,2.0,2.0,0.0,1.0,0.0,0.0,13.0,-1.0,27.8,0,0,28.0,1,1,13086,1,19079,7242,8304,8526,2458,3100,7394,13505,14344,13505,3306,13151,9701,4780,4442,1671,8263,2383,20257,17725,8426,13450,8309,2246,150,7475,1,,2024,2025
,1628386,Jarrett Allen,Jarrett,1610612739,CLE,,22400374,,,,24.7,5.0,6.0,0.833,0.0,0.0,0.0,0.0,0.0,0.0,1.0,9.0,10.0,0.0,1.0,2.0,0.0,0.0,1.0,2.0,10.0,16.0,27.0,1,0,24.0,1,1,13086,1,12303,7242,14618,1514,15070,20945,15070,13505,14344,13505,6876,796,1549,19908,8788,1671,8263,8846,13332,6956,11377,2243,8803,1,150,9719,1,,2024,2025
,1628386,Jarrett Allen,Jarrett,1610612739,CLE,,22401224,,,,23.7,5.0,5.0,1.0,0.0,0.0,0.0,2.0,3.0,0.667,3.0,5.0,8.0,4.0,1.0,2.0,0.0,0.0,2.0,5.0,12.0,17.0,32.6,0,0,28.0,1,1,13086,1,13126,7242,16437,1,15070,20945,15070,6020,6038,9425,1615,4392,2934,4780,8788,1671,8263,8846,7392,1447,9299,1948,5903,2246,150,7475,1,,2024,2025
,1630241,Sam Merrill,Sam,1610612739,CLE,,22401224,,,,24.1,1.0,8.0,0.125,1.0,8.0,0.125,4.0,4.0,1.0,0.0,0.0,0.0,3.0,0.0,1.0,0.0,0.0,2.0,3.0,7.0,2.0,14.5,0,0,13.0,1,1,13086,1,12811,19033,11288,22420,8896,2050,14886,2676,3754,1,14058,22137,23286,6913,16469,5025,8263,8846,7392,4218,14857,10285,16714,2246,150,17050,1,,2024,2025
,1629636,Darius Garland,Darius,1610612739,CLE,,22401224,,,,24.0,4.0,6.0,0.667,2.0,4.0,0.5,1.0,1.0,1.0,0.0,0.0,0.0,6.0,6.0,1.0,1.0,0.0,1.0,3.0,11.0,4.0,20.0,0,0,23.0,1,1,13086,1,12899,9611,14618,3281,4949,8688,3944,10215,12810,1,14058,22137,23286,2199,150,5025,2537,8846,13332,4218,10323,8479,13097,2246,150,10339,1,,2024,2025
,1630171,Isaac Okoro,Isaac,1610612739,CLE,,22401224,,,,19.5,4.0,5.0,0.8,2.0,3.0,0.667,2.0,2.0,1.0,1.0,0.0,1.0,1.0,0.0,1.0,0.0,0.0,2.0,1.0,12.0,20.0,17.7,0,0,18.0,1,1,13086,1,16401,9611,16437,1688,4949,11494,1957,6020,7446,1,6876,22137,19889,14293,16469,5025,8263,8846,7392,11254,9299,1243,14610,2246,150,13589,1,,2024,2025
,202684,Tristan Thompson,Tristan,1610612739,CLE,,22401224,,,,7.2,0.0,4.0,0.0,0.0,0.0,0.0,1.0,2.0,0.5,1.0,3.0,4.0,0.0,1.0,0.0,1.0,0.0,0.0,2.0,1.0,-6.0,7.8,0,0,7.0,1,1,13086,1,23090,22635,18231,22635,15070,20945,15070,10215,7446,10625,6876,9417,9701,19908,8788,12854,2537,8846,20257,6956,22996,18298,21048,2246,150,21087,1,,2024,2025
,1630596,Evan Mobley,Evan,1610612739,CLE,,22401224,,,,23.0,7.0,9.0,0.778,1.0,1.0,1.0,6.0,6.0,1.0,1.0,4.0,5.0,2.0,2.0,1.0,0.0,0.0,3.0,4.0,21.0,14.0,31.0,0,0,31.0,1,1,13086,1,13699,3730,9700,1994,8896,17631,1,1180,1898,1,6876,6429,7268,9909,4442,5025,8263,8846,3404,2493,3254,2867,6686,2246,150,5932,1,,2024,2025
,1629731,Dean Wade,Dean,1610612739,CLE,,22401224,,,,22.9,1.0,2.0,0.5,1.0,2.0,0.5,0.0,0.0,0.0,1.0,6.0,7.0,0.0,0.0,1.0,1.0,0.0,1.0,0.0,3.0,19.0,17.4,0,0,15.0,1,1,13086,1,13803,19033,21660,8526,8896,14411,3944,13505,14344,13505,6876,2943,3946,19908,16469,5025,2537,8846,13332,17725,19913,1456,14816,2246,150,15689,1,,2024,2025
,1627777,Georges Niang,Georges,1610612739,CLE,,22401224,,,,24.7,7.0,10.0,0.7,2.0,5.0,0.4,1.0,1.0,1.0,4.0,5.0,9.0,2.0,3.0,0.0,0.0,1.0,3.0,1.0,17.0,28.0,27.8,0,0,30.0,1,1,13086,1,12256,3730,8304,3045,4949,6354,7874,10215,12810,1,785,4392,2169,9909,2037,12854,8263,2383,3404,11254,5360,303,8309,2246,150,6431,1,,2024,2025
,1629660,Ty Jerome,Ty,1610612739,CLE,,22401224,,,,16.1,2.0,7.0,0.286,1.0,5.0,0.2,0.0,0.0,0.0,0.0,3.0,3.0,6.0,2.0,1.0,0.0,0.0,0.0,2.0,5.0,11.0,18.6,0,0,17.0,1,1,13086,1,18846,15612,12910,19630,8896,6354,13429,13505,14344,13505,14058,9417,12778,2199,4442,5025,8263,8846,20257,6956,17323,4119,14008,2246,150,14250,1,,2024,2025
,1627747,Caris LeVert,Caris,1610612739,CLE,,22401224,,,,19.0,6.0,10.0,0.6,6.0,9.0,0.667,1.0,2.0,0.5,0.0,1.0,1.0,4.0,1.0,2.0,2.0,0.0,1.0,1.0,19.0,15.0,37.2,0,0,38.0,1,1,13086,1,16868,5250,8304,5394,202,1295,1957,10215,7446,10625,14058,17569,19889,4780,8788,1671,808,8846,13332,11254,4202,2549,4094,2246,150,3270,1,,2024,2025
,1628378,Donovan Mitchell,Donovan,1610612739,CLE,,22401224,,,,30.4,6.0,14.0,0.429,3.0,10.0,0.3,3.0,4.0,0.75,0.0,3.0,3.0,5.0,1.0,4.0,0.0,1.0,2.0,4.0,18.0,29.0,40.1,0,0,37.0,1,1,13086,1,7443,5250,4240,13735,2458,829,11319,4159,3754,8186,14058,9417,12778,3273,8788,123,8263,2383,7392,2493,4762,246,3193,2246,150,3591,1,,2024,2025
,1630550,JT Thor,JT,1610612739,CLE,,22401224,,,,5.4,0.0,1.0,0.0,0.0,0.0,0.0,4.0,4.0,1.0,1.0,0.0,1.0,0.0,0.0,0.0,1.0,0.0,2.0,2.0,4.0,-8.0,8.2,0,0,7.0,1,1,13086,1,23824,22635,23259,22635,15070,20945,15070,2676,3754,1,6876,22137,19889,19908,16469,12854,2537,8846,7392,6956,18599,19855,20807,2246,150,21087,1,,2024,2025
,1629636,Darius Garland,Darius,1610612739,CLE,,22401208,,,,33.4,6.0,17.0,0.353,3.0,10.0,0.3,9.0,10.0,0.9,0.0,5.0,5.0,8.0,4.0,2.0,0.0,1.0,0.0,6.0,24.0,4.0,44.0,0,0,44.0,1,1,13086,1,4824,5250,2289,17268,2458,829,11319,318,423,6805,14058,4392,7268,963,877,1671,8263,2383,20257,792,2129,8479,2236,2246,150,1816,1,,2024,2025
,1627747,Caris LeVert,Caris,1610612739,CLE,,22401208,,,,27.8,3.0,9.0,0.333,0.0,3.0,0.0,8.0,12.0,0.667,2.0,3.0,5.0,6.0,2.0,1.0,1.0,2.0,1.0,7.0,14.0,11.0,33.0,0,0,29.0,1,1,13086,1,9757,12449,9700,17395,15070,11494,15070,481,194,9425,3306,9417,7268,2199,4442,5025,2537,601,13332,426,7553,4119,5723,2246,150,6953,1,,2024,2025
,1628378,Donovan Mitchell,Donovan,1610612739,CLE,,22401208,,,,34.3,7.0,18.0,0.389,4.0,11.0,0.364,2.0,3.0,0.667,0.0,6.0,6.0,6.0,1.0,1.0,0.0,0.0,1.0,3.0,20.0,4.0,38.2,0,0,38.0,1,1,13086,1,3991,3730,1822,16009,1130,499,9100,6020,6038,9425,14058,2943,5362,2199,8788,5025,8263,8846,13332,4218,3676,8479,3746,2246,150,3270,1,,2024,2025
,1628386,Jarrett Allen,Jarrett,1610612739,CLE,,22401208,,,,33.4,7.0,9.0,0.778,0.0,0.0,0.0,7.0,10.0,0.7,3.0,8.0,11.0,2.0,1.0,1.0,1.0,0.0,0.0,8.0,21.0,8.0,42.2,1,0,38.0,1,1,13086,1,4841,3730,9700,1994,15070,20945,15070,752,423,9366,1615,1271,1106,9909,8788,5025,2537,8846,20257,220,3254,5660,2664,1,150,3270,1,,2024,2025
,1629660,Ty Jerome,Ty,1610612739,CLE,,22401208,,,,10.2,1.0,3.0,0.333,0.0,1.0,0.0,0.0,0.0,0.0,0.0,0.0,0.0,1.0,1.0,3.0,0.0,0.0,1.0,0.0,2.0,-2.0,11.5,0,0,9.0,1,1,13086,1,22028,19033,19992,17395,15070,17631,15070,13505,14344,13505,14058,22137,23286,14293,8788,473,8263,8846,13332,17725,21232,14448,18735,2246,150,19766,1,,2024,2025
,202684,Tristan Thompson,Tristan,1610612739,CLE,,22401208,,,,11.0,0.0,1.0,0.0,0.0,0.0,0.0,0.0,2.0,0.0,1.0,2.0,3.0,0.0,0.0,0.0,1.0,1.0,3.0,1.0,0.0,4.0,6.6,0,0,5.0,1,1,13086,1,21715,22635,23259,22635,15070,20945,15070,13505,7446,13505,6876,13151,12778,19908,16469,12854,2537,2383,3404,11254,23200,8479,21766,2246,150,22358,1,,2024,2025
,1629731,Dean Wade,Dean,1610612739,CLE,,22401208,,,,19.1,1.0,8.0,0.125,0.0,7.0,0.0,0.0,1.0,0.0,5.0,2.0,7.0,0.0,0.0,0.0,1.0,0.0,2.0,1.0,2.0,-4.0,13.4,0,0,11.0,1,1,13086,1,16737,19033,11288,22420,15070,3100,15070,13505,12810,13505,389,13151,3946,19908,16469,12854,2537,8846,7392,11254,21232,16449,17421,2246,150,18464,1,,2024,2025
,1630241,Sam Merrill,Sam,1610612739,CLE,,22401208,,,,24.1,3.0,10.0,0.3,3.0,9.0,0.333,0.0,0.0,0.0,2.0,4.0,6.0,2.0,0.0,1.0,0.0,1.0,2.0,0.0,9.0,4.0,22.2,0,0,22.0,1,1,13086,1,12844,12449,8304,19363,2458,1295,9209,13505,14344,13505,3306,6429,5362,9909,16469,5025,8263,2383,7392,17725,12445,8479,11623,2246,150,10998,1,,2024,2025
,1627777,Georges Niang,Georges,1610612739,CLE,,22401208,,,,22.2,4.0,8.0,0.5,2.0,5.0,0.4,0.0,0.0,0.0,2.0,3.0,5.0,1.0,0.0,0.0,0.0,0.0,2.0,0.0,10.0,5.0,17.5,0,0,18.0,1,1,13086,1,14372,9611,11288,8526,4949,6354,7874,13505,14344,13505,3306,9417,7268,14293,16469,12854,8263,8846,7392,17725,11377,7737,14759,2246,150,13589,1,,2024,2025
,1630171,Isaac Okoro,Isaac,1610612739,CLE,,22401208,,,,24.7,4.0,8.0,0.5,3.0,4.0,0.75,2.0,2.0,1.0,1.0,1.0,2.0,1.0,2.0,1.0,1.0,2.0,2.0,2.0,13.0,16.0,20.9,0,0,23.0,1,1,13086,1,12303,9611,11288,8526,2458,8688,1542,6020,7446,1,6876,17569,16273,14293,4442,5025,2537,601,7392,6956,8426,2243,12468,2246,150,10339,1,,2024,2025
,1629636,Darius Garland,Darius,1610612739,CLE,,22400351,,,,32.4,9.0,19.0,0.474,2.0,6.0,0.333,3.0,4.0,0.75,0.0,5.0,5.0,5.0,2.0,0.0,0.0,1.0,1.0,2.0,23.0,-11.0,34.5,0,0,35.0,1,13222,1,13222,5657,1688,1432,12072,4949,4502,9209,4159,3754,8186,14058,4392,7268,3273,4442,12854,8263,2383,13332,6956,2434,21738,5098,2246,150,4250,1,,2024,2025
,1627747,Caris LeVert,Caris,1610612739,CLE,,22400351,,,,28.9,5.0,7.0,0.714,2.0,2.0,1.0,1.0,1.0,1.0,0.0,2.0,2.0,4.0,0.0,0.0,0.0,0.0,4.0,1.0,13.0,-4.0,21.4,0,0,21.0,1,13222,1,13222,8758,7242,12910,2752,4949,14411,1,10215,12810,1,14058,13151,16273,4780,16469,12854,8263,8846,1150,11254,8426,16449,12139,2246,150,11621,1,,2024,2025
,1629660,Ty Jerome,Ty,1610612739,CLE,,22400351,,,,21.3,4.0,11.0,0.364,0.0,2.0,0.0,6.0,6.0,1.0,2.0,2.0,4.0,6.0,0.0,0.0,0.0,2.0,3.0,3.0,14.0,-4.0,27.8,0,0,24.0,1,13222,1,13222,15078,9611,7071,16861,15070,14411,15070,1180,1898,1,3306,13151,9701,2199,16469,12854,8263,601,3404,4218,7553,16449,8309,2246,150,9719,1,,2024,2025
,1630596,Evan Mobley,Evan,1610612739,CLE,,22400351,,,,11.8,2.0,4.0,0.5,0.0,1.0,0.0,0.0,0.0,0.0,0.0,3.0,3.0,0.0,1.0,1.0,0.0,0.0,0.0,0.0,4.0,-11.0,9.6,0,0,9.0,1,13222,1,13222,21388,15612,18231,8526,15070,17631,15070,13505,14344,13505,14058,9417,12778,19908,8788,5025,8263,8846,20257,17725,18599,21738,19963,2246,150,19766,1,,2024,2025
,1630241,Sam Merrill,Sam,1610612739,CLE,,22400351,,,,20.7,3.0,6.0,0.5,2.0,5.0,0.4,2.0,2.0,1.0,0.0,0.0,0.0,2.0,1.0,0.0,0.0,0.0,4.0,1.0,10.0,-5.0,12.0,0,0,14.0,1,13222,1,13222,15504,12449,14618,8526,4949,6354,7874,6020,7446,1,14058,22137,23286,9909,8788,12854,8263,8846,1150,11254,11377,17436,18398,2246,150,16370,1,,2024,2025
,1627777,Georges Niang,Georges,1610612739,CLE,,22400351,,,,31.5,5.0,7.0,0.714,3.0,4.0,0.75,2.0,2.0,1.0,2.0,4.0,6.0,2.0,1.0,1.0,0.0,0.0,2.0,2.0,15.0,11.0,27.2,0,0,28.0,1,13222,1,13222,6434,7242,12910,2752,2458,8688,1542,6020,7446,1,3306,6429,5362,9909,8788,5025,8263,8846,7392,6956,6813,4119,8688,2246,150,7475,1,,2024,2025
,1629731,Dean Wade,Dean,1610612739,CLE,,22400351,,,,29.1,3.0,7.0,0.429,3.0,7.0,0.429,2.0,2.0,1.0,1.0,7.0,8.0,0.0,0.0,1.0,1.0,0.0,1.0,2.0,11.0,-9.0,26.6,0,0,26.0,1,13222,1,13222,8609,12449,12910,13735,2458,3100,7394,6020,7446,1,6876,1947,2934,19908,16469,5025,2537,8846,13332,6956,10323,20535,9031,2246,150,8551,1,,2024,2025
,1628386,Jarrett Allen,Jarrett,1610612739,CLE,,22400351,,,,28.6,3.0,7.0,0.429,0.0,0.0,0.0,0.0,0.0,0.0,0.0,7.0,7.0,1.0,1.0,0.0,0.0,0.0,2.0,0.0,6.0,-11.0,14.9,0,0,14.0,1,13222,1,13222,8997,12449,12910,13735,15070,20945,15070,13505,14344,13505,14058,1947,3946,14293,8788,12854,8263,8846,7392,17725,15937,21738,16417,2246,150,16370,1,,2024,2025
,1642281,Jaylon Tyson,Jaylon,1610612739,CLE,,22400351,,,,1.7,0.0,0.0,0.0,0.0,0.0,0.0,0.0,0.0,0.0,0.0,0.0,0.0,0.0,0.0,0.0,0.0,0.0,0.0,0.0,0.0,5.0,0.0,0,0,0.0,1,13222,1,13222,25691,22635,24836,22635,15070,20945,15070,13505,14344,13505,14058,22137,23286,19908,16469,12854,8263,8846,20257,17725,23200,7737,25228,2246,150,25259,1,,2024,2025
,1631247,Luke Travers,Luke,1610612739,CLE,,22400351,,,,1.7,0.0,0.0,0.0,0.0,0.0,0.0,0.0,0.0,0.0,0.0,0.0,0.0,0.0,0.0,0.0,0.0,0.0,0.0,0.0,0.0,5.0,0.0,0,0,0.0,1,13222,1,13222,25691,22635,24836,22635,15070,20945,15070,13505,14344,13505,14058,22137,23286,19908,16469,12854,8263,8846,20257,17725,23200,7737,25228,2246,150,25259,1,,2024,2025
,1628378,Donovan Mitchell,Donovan,1610612739,CLE,,22400351,,,,30.8,5.0,16.0,0.313,1.0,5.0,0.2,1.0,1.0,1.0,0.0,1.0,1.0,5.0,3.0,2.0,0.0,1.0,1.0,4.0,12.0,-16.0,23.7,0,0,23.0,1,13222,1,13222,7013,7242,2836,19175,8896,6354,13429,10215,12810,1,14058,17569,19889,3273,2037,1671,8263,2383,13332,2493,9299,23938,10748,2246,150,10339,1,,2024,2025
,1630550,JT Thor,JT,1610612739,CLE,,22400351,,,,1.7,2.0,2.0,1.0,1.0,1.0,1.0,0.0,0.0,0.0,0.0,0.0,0.0,0.0,0.0,0.0,0.0,0.0,0.0,0.0,5.0,5.0,5.0,0,0,6.0,1,13222,1,13222,25691,15612,21660,1,8896,17631,1,13505,14344,13505,14058,22137,23286,19908,16469,12854,8263,8846,20257,17725,17323,7737,22690,2246,150,21698,1,,2024,2025
,1627777,Georges Niang,Georges,1610612739,CLE,,22400340,,,,18.3,1.0,2.0,0.5,0.0,1.0,0.0,1.0,2.0,0.5,0.0,6.0,6.0,3.0,1.0,0.0,0.0,0.0,2.0,1.0,3.0,6.0,13.7,0,0,12.0,1,1,13086,1,17330,19033,21660,8526,15070,17631,15070,10215,7446,10625,14058,2943,5362,6913,8788,12854,8263,8846,7392,11254,19913,7002,17224,2246,150,17796,1,,2024,2025
,1627747,Caris LeVert,Caris,1610612739,CLE,,22400340,,,,24.0,2.0,3.0,0.667,0.0,1.0,0.0,3.0,4.0,0.75,0.0,3.0,3.0,4.0,2.0,1.0,1.0,0.0,1.0,3.0,7.0,19.0,20.6,0,0,18.0,1,1,13086,1,12946,15612,19992,3281,15070,17631,15070,4159,3754,8186,14058,9417,12778,4780,4442,5025,2537,8846,13332,4218,14857,1456,12684,2246,150,13589,1,,2024,2025
,1630596,Evan Mobley,Evan,1610612739,CLE,,22400340,,,,34.3,16.0,23.0,0.696,6.0,8.0,0.75,3.0,4.0,0.75,3.0,7.0,10.0,2.0,3.0,1.0,3.0,1.0,4.0,4.0,41.0,19.0,65.0,1,0,67.0,1,1,13086,1,4042,43,455,3165,202,2050,1542,4159,3754,8186,1615,1947,1549,9909,2037,5025,252,2383,1150,2493,86,1456,169,1,150,78,1,,2024,2025
,1629731,Dean Wade,Dean,1610612739,CLE,,22400340,,,,23.9,2.0,8.0,0.25,2.0,6.0,0.333,1.0,2.0,0.5,2.0,2.0,4.0,3.0,0.0,3.0,0.0,2.0,1.0,1.0,7.0,1.0,25.3,0,0,22.0,1,1,13086,1,13031,15612,11288,20233,4949,4502,9209,10215,7446,10625,3306,13151,9701,6913,16469,473,8263,601,13332,11254,14857,11263,9796,2246,150,10998,1,,2024,2025
,1628378,Donovan Mitchell,Donovan,1610612739,CLE,,22400340,,,,36.1,6.0,12.0,0.5,5.0,10.0,0.5,1.0,2.0,0.5,1.0,7.0,8.0,8.0,3.0,0.0,0.0,0.0,2.0,4.0,18.0,22.0,36.6,0,0,39.0,1,1,13086,1,2581,5250,5979,8526,492,829,3944,10215,7446,10625,6876,1947,2934,963,2037,12854,8263,8846,7392,2493,4762,894,4288,2246,150,2984,1,,2024,2025
,1642281,Jaylon Tyson,Jaylon,1610612739,CLE,,22400340,,,,4.9,0.0,1.0,0.0,0.0,1.0,0.0,0.0,0.0,0.0,0.0,0.0,0.0,0.0,0.0,0.0,0.0,0.0,1.0,0.0,0.0,-9.0,0.0,0,0,0.0,1,1,13086,1,24032,22635,23259,22635,15070,17631,15070,13505,14344,13505,14058,22137,23286,19908,16469,12854,8263,8846,13332,17725,23200,20535,25228,2246,150,25259,1,,2024,2025
,1630241,Sam Merrill,Sam,1610612739,CLE,,22400340,,,,20.2,2.0,6.0,0.333,0.0,3.0,0.0,2.0,2.0,1.0,1.0,0.0,1.0,0.0,0.0,1.0,0.0,0.0,3.0,2.0,6.0,-2.0,10.2,0,0,9.0,1,1,13086,1,15838,15612,14618,17395,15070,11494,15070,6020,7446,1,6876,22137,19889,19908,16469,5025,8263,8846,3404,6956,15937,14448,19567,2246,150,19766,1,,2024,2025
,1629636,Darius Garland,Darius,1610612739,CLE,,22400340,,,,33.0,7.0,16.0,0.438,1.0,7.0,0.143,3.0,3.0,1.0,1.0,1.0,2.0,5.0,2.0,0.0,1.0,1.0,3.0,3.0,18.0,14.0,28.9,0,0,28.0,1,1,13086,1,5158,3730,2836,13558,8896,3100,14649,4159,6038,1,6876,17569,16273,3273,4442,12854,2537,2383,3404,4218,4762,2867,7702,2246,150,7475,1,,2024,2025
,1629660,Ty Jerome,Ty,1610612739,CLE,,22400340,,,,12.4,2.0,5.0,0.4,0.0,1.0,0.0,1.0,1.0,1.0,3.0,0.0,3.0,0.0,0.0,0.0,0.0,0.0,3.0,4.0,5.0,-14.0,8.6,0,0,8.0,1,1,13086,1,21047,15612,16437,14933,15070,17631,15070,10215,12810,1,1615,22137,12778,19908,16469,12854,8263,8846,3404,2493,17323,23203,20607,2246,150,20457,1,,2024,2025
,1628386,Jarrett Allen,Jarrett,1610612739,CLE,,22400340,,,,33.0,4.0,8.0,0.5,0.0,0.0,0.0,3.0,4.0,0.75,3.0,7.0,10.0,3.0,0.0,0.0,1.0,1.0,0.0,5.0,11.0,14.0,30.5,1,0,26.0,1,1,13086,1,5158,9611,11288,8526,15070,20945,15070,4159,3754,8186,1615,1947,1549,6913,16469,12854,2537,2383,20257,1447,10323,2867,6930,1,150,8551,1,,2024,2025
,1629636,Darius Garland,Darius,1610612739,CLE,,22400325,,,,33.3,9.0,20.0,0.45,3.0,10.0,0.3,3.0,3.0,1.0,0.0,0.0,0.0,4.0,1.0,0.0,0.0,0.0,3.0,3.0,24.0,-1.0,29.0,0,0,31.0,1,1,13086,1,4943,1688,1105,12982,2458,829,11319,4159,6038,1,14058,22137,23286,4780,8788,12854,8263,8846,3404,4218,2129,13450,7650,2246,150,5932,1,,2024,2025
,1629731,Dean Wade,Dean,1610612739,CLE,,22400325,,,,18.7,2.0,5.0,0.4,1.0,4.0,0.25,0.0,1.0,0.0,0.0,6.0,6.0,1.0,1.0,0.0,0.0,0.0,0.0,1.0,5.0,-8.0,12.7,0,0,13.0,1,1,13086,1,17048,15612,16437,14933,8896,8688,11902,13505,12810,13505,14058,2943,5362,14293,8788,12854,8263,8846,20257,11254,17323,19855,17905,2246,150,17050,1,,2024,2025
,1630241,Sam Merrill,Sam,1610612739,CLE,,22400325,,,,20.6,3.0,8.0,0.375,2.0,7.0,0.286,0.0,0.0,0.0,0.0,5.0,5.0,2.0,1.0,1.0,0.0,0.0,2.0,0.0,8.0,12.0,19.0,0,0,19.0,1,1,13086,1,15607,12449,11288,16299,4949,3100,11433,13505,14344,13505,14058,4392,7268,9909,8788,5025,8263,8846,7392,17725,13544,3654,13770,2246,150,12913,1,,2024,2025
,1627747,Caris LeVert,Caris,1610612739,CLE,,22400325,,,,27.0,7.0,11.0,0.636,5.0,6.0,0.833,2.0,4.0,0.5,0.0,3.0,3.0,6.0,1.0,1.0,0.0,1.0,0.0,2.0,21.0,17.0,35.6,0,0,37.0,1,1,13086,1,10372,3730,7071,4689,492,4502,1341,6020,3754,10625,14058,9417,12778,2199,8788,5025,8263,2383,20257,6956,3254,1948,4667,2246,150,3591,1,,2024,2025
,1629660,Ty Jerome,Ty,1610612739,CLE,,22400325,,,,12.0,2.0,4.0,0.5,0.0,1.0,0.0,0.0,0.0,0.0,0.0,2.0,2.0,1.0,1.0,0.0,0.0,1.0,1.0,0.0,4.0,-11.0,6.9,0,0,7.0,1,1,13086,1,21220,15612,18231,8526,15070,17631,15070,13505,14344,13505,14058,13151,16273,14293,8788,12854,8263,2383,13332,17725,18599,21738,21599,2246,150,21087,1,,2024,2025
,1630171,Isaac Okoro,Isaac,1610612739,CLE,,22400325,,,,11.6,1.0,2.0,0.5,1.0,2.0,0.5,0.0,0.0,0.0,0.0,0.0,0.0,2.0,0.0,0.0,0.0,0.0,3.0,0.0,3.0,-5.0,6.0,0,0,6.0,1,1,13086,1,21438,19033,21660,8526,8896,14411,3944,13505,14344,13505,14058,22137,23286,9909,16469,12854,8263,8846,3404,17725,19913,17436,22098,2246,150,21698,1,,2024,2025
,1627777,Georges Niang,Georges,1610612739,CLE,,22400325,,,,16.4,2.0,4.0,0.5,1.0,3.0,0.333,0.0,0.0,0.0,0.0,4.0,4.0,0.0,2.0,0.0,1.0,0.0,2.0,0.0,5.0,17.0,10.8,0,0,12.0,1,1,13086,1,18676,15612,18231,8526,8896,11494,9209,13505,14344,13505,14058,6429,9701,19908,4442,12854,2537,8846,7392,17725,17323,1948,19193,2246,150,17796,1,,2024,2025
,1628386,Jarrett Allen,Jarrett,1610612739,CLE,,22400325,,,,35.4,3.0,5.0,0.6,0.0,0.0,0.0,2.0,2.0,1.0,4.0,11.0,15.0,6.0,2.0,2.0,0.0,1.0,1.0,2.0,8.0,5.0,39.0,0,0,33.0,1,1,13086,1,3176,12449,16437,5394,15070,20945,15070,6020,7446,1,785,283,224,2199,4442,1671,8263,2383,13332,6956,13544,7737,3499,2246,150,5036,1,,2024,2025
,1628378,Donovan Mitchell,Donovan,1610612739,CLE,,22400325,,,,32.9,11.0,24.0,0.458,6.0,10.0,0.6,0.0,0.0,0.0,1.0,2.0,3.0,6.0,5.0,2.0,2.0,2.0,4.0,0.0,28.0,21.0,47.6,0,0,51.0,1,1,13086,1,5210,704,331,12650,202,829,2992,13505,14344,13505,6876,13151,12778,2199,387,1671,808,601,1150,17725,1156,1041,1533,2246,150,822,1,,2024,2025
,1630596,Evan Mobley,Evan,1610612739,CLE,,22400325,,,,32.3,7.0,11.0,0.636,3.0,5.0,0.6,3.0,6.0,0.5,4.0,5.0,9.0,4.0,1.0,3.0,0.0,0.0,1.0,5.0,20.0,13.0,44.8,0,0,42.0,1,1,13086,1,5778,3730,7071,4689,2458,6354,2992,4159,1898,10625,785,4392,2169,4780,8788,473,8263,8846,13332,1447,3676,3250,2057,2246,150,2239,1,,2024,2025
,1630241,Sam Merrill,Sam,1610612739,CLE,,22400051,,,,23.1,5.0,10.0,0.5,4.0,9.0,0.444,0.0,0.0,0.0,1.0,2.0,3.0,6.0,0.0,2.0,1.0,0.0,3.0,0.0,14.0,16.0,35.6,0,0,33.0,1,1,13086,1,13659,7242,8304,8526,1130,1295,7211,13505,14344,13505,6876,13151,12778,2199,16469,1671,2537,8846,3404,17725,7553,2243,4667,2246,150,5036,1,,2024,2025
,1628378,Donovan Mitchell,Donovan,1610612739,CLE,,22400051,,,,28.0,6.0,15.0,0.4,4.0,8.0,0.5,3.0,3.0,1.0,0.0,5.0,5.0,7.0,1.0,3.0,0.0,2.0,2.0,1.0,19.0,27.0,43.5,0,0,41.0,1,1,13086,1,9556,5250,3491,14933,1130,2050,3944,4159,6038,1,14058,4392,7268,1463,8788,473,8263,601,7392,11254,4202,370,2369,2246,150,2498,1,,2024,2025
,1630171,Isaac Okoro,Isaac,1610612739,CLE,,22400051,,,,30.3,3.0,8.0,0.375,2.0,5.0,0.4,1.0,1.0,1.0,2.0,3.0,5.0,3.0,1.0,1.0,1.0,0.0,2.0,2.0,9.0,22.0,24.5,0,0,23.0,1,1,13086,1,7488,12449,11288,16299,4949,6354,7874,10215,12810,1,3306,9417,7268,6913,8788,5025,2537,8846,7392,6956,12445,894,10279,2246,150,10339,1,,2024,2025
,202684,Tristan Thompson,Tristan,1610612739,CLE,,22400051,,,,5.7,3.0,4.0,0.75,0.0,1.0,0.0,0.0,0.0,0.0,1.0,2.0,3.0,1.0,1.0,0.0,0.0,0.0,0.0,0.0,6.0,4.0,10.1,0,0,10.0,1,1,13086,1,23709,12449,18231,2107,15070,17631,15070,13505,14344,13505,6876,13151,12778,14293,8788,12854,8263,8846,20257,17725,15937,8479,19649,2246,150,19152,1,,2024,2025
,1630596,Evan Mobley,Evan,1610612739,CLE,,22400051,,,,31.0,6.0,12.0,0.5,1.0,2.0,0.5,6.0,8.0,0.75,1.0,9.0,10.0,2.0,2.0,0.0,2.0,3.0,2.0,5.0,19.0,23.0,38.0,1,0,36.0,1,1,13086,1,6853,5250,5979,8526,8896,14411,3944,1180,912,8186,6876,796,1549,9909,4442,12854,808,131,7392,1447,4202,736,3812,1,150,3901,1,,2024,2025
,1628386,Jarrett Allen,Jarrett,1610612739,CLE,,22400051,,,,24.8,5.0,6.0,0.833,0.0,1.0,0.0,1.0,2.0,0.5,1.0,2.0,3.0,1.0,2.0,2.0,0.0,0.0,2.0,1.0,11.0,17.0,20.1,0,0,19.0,1,1,13086,1,12187,7242,14618,1514,15070,17631,15070,10215,7446,10625,6876,13151,12778,14293,4442,1671,8263,8846,7392,11254,10323,1948,13013,2246,150,12913,1,,2024,2025
,1642281,Jaylon Tyson,Jaylon,1610612739,CLE,,22400051,,,,5.7,1.0,3.0,0.333,0.0,1.0,0.0,0.0,0.0,0.0,1.0,1.0,2.0,1.0,0.0,0.0,0.0,1.0,0.0,0.0,2.0,4.0,5.9,0,0,5.0,1,1,13086,1,23709,19033,19992,17395,15070,17631,15070,13505,14344,13505,6876,17569,16273,14293,16469,12854,8263,2383,20257,17725,21232,8479,22177,2246,150,22358,1,,2024,2025
,1641854,Craig Porter Jr.,Craig,1610612739,CLE,,22400051,,,,5.7,1.0,1.0,1.0,0.0,0.0,0.0,0.0,0.0,0.0,0.0,0.0,0.0,2.0,0.0,0.0,0.0,0.0,0.0,0.0,2.0,4.0,5.0,0,0,4.0,1,1,13086,1,23709,19033,23259,1,15070,20945,15070,13505,14344,13505,14058,22137,23286,9909,16469,12854,8263,8846,20257,17725,21232,8479,22690,2246,150,22929,1,,2024,2025
,1629636,Darius Garland,Darius,1610612739,CLE,,22400051,,,,16.7,4.0,7.0,0.571,2.0,5.0,0.4,2.0,2.0,1.0,0.0,0.0,0.0,3.0,2.0,1.0,0.0,0.0,3.0,3.0,12.0,16.0,17.5,0,0,19.0,1,1,13086,1,18477,9611,12910,6538,4949,6354,7874,6020,7446,1,14058,22137,23286,6913,4442,5025,8263,8846,3404,4218,9299,2243,14759,2246,150,12913,1,,2024,2025
,1629731,Dean Wade,Dean,1610612739,CLE,,22400051,,,,18.7,0.0,5.0,0.0,0.0,5.0,0.0,0.0,2.0,0.0,0.0,6.0,6.0,1.0,0.0,1.0,0.0,0.0,1.0,2.0,0.0,1.0,11.7,0,0,9.0,1,1,13086,1,17035,22635,16437,22635,15070,6354,15070,13505,7446,13505,14058,2943,5362,14293,16469,5025,8263,8846,13332,6956,23200,11263,18589,2246,150,19766,1,,2024,2025
,1627777,Georges Niang,Georges,1610612739,CLE,,22400051,,,,26.1,6.0,9.0,0.667,2.0,5.0,0.4,0.0,0.0,0.0,0.0,6.0,6.0,1.0,0.0,0.0,0.0,0.0,5.0,0.0,14.0,17.0,22.7,0,0,23.0,1,1,13086,1,11126,5250,9700,3281,4949,6354,7874,13505,14344,13505,14058,2943,5362,14293,16469,12854,8263,8846,217,17725,7553,1948,11343,2246,150,10339,1,,2024,2025
,1627747,Caris LeVert,Caris,1610612739,CLE,,22400051,,,,24.3,3.0,9.0,0.333,1.0,4.0,0.25,3.0,7.0,0.429,0.0,2.0,2.0,3.0,2.0,1.0,0.0,2.0,0.0,7.0,10.0,4.0,17.9,0,0,18.0,1,1,13086,1,12619,12449,9700,17395,8896,8688,11902,4159,1377,13040,14058,13151,16273,6913,4442,5025,8263,601,20257,426,11377,8479,14467,2246,150,13589,1,,2024,2025
,1642281,Jaylon Tyson,Jaylon,1610612739,CLE,,22400307,,,,4.0,0.0,0.0,0.0,0.0,0.0,0.0,0.0,0.0,0.0,0.0,1.0,1.0,0.0,0.0,0.0,0.0,0.0,2.0,0.0,0.0,-3.0,1.2,0,0,1.0,1,1,13086,1,24514,22635,24836,22635,15070,20945,15070,13505,14344,13505,14058,17569,19889,19908,16469,12854,8263,8846,7392,17725,23200,15511,24725,2246,150,24667,1,,2024,2025
,1628386,Jarrett Allen,Jarrett,1610612739,CLE,,22400307,,,,31.7,4.0,6.0,0.667,0.0,0.0,0.0,0.0,1.0,0.0,2.0,8.0,10.0,0.0,1.0,1.0,0.0,1.0,2.0,2.0,8.0,-6.0,22.0,0,0,20.0,1,1,13086,1,6208,9611,14618,3281,15070,20945,15070,13505,12810,13505,3306,1271,1549,19908,8788,5025,8263,2383,7392,6956,13544,18298,11755,2246,150,12254,1,,2024,2025
,1627747,Caris LeVert,Caris,1610612739,CLE,,22400307,,,,23.4,6.0,11.0,0.545,1.0,4.0,0.25,0.0,0.0,0.0,0.0,6.0,6.0,1.0,5.0,1.0,0.0,1.0,1.0,0.0,13.0,4.0,19.7,0,0,23.0,1,1,13086,1,13374,5250,7071,7695,8896,8688,11902,13505,14344,13505,14058,2943,5362,14293,387,5025,8263,2383,13332,17725,8426,8479,13310,2246,150,10339,1,,2024,2025
,1629660,Ty Jerome,Ty,1610612739,CLE,,22400307,,,,11.3,1.0,4.0,0.25,0.0,3.0,0.0,4.0,4.0,1.0,0.0,0.0,0.0,1.0,1.0,0.0,0.0,0.0,1.0,2.0,6.0,-4.0,6.5,0,0,7.0,1,1,13086,1,21601,19033,18231,20233,15070,11494,15070,2676,3754,1,14058,22137,23286,14293,8788,12854,8263,8846,13332,6956,15937,16449,21818,2246,150,21087,1,,2024,2025
,1630596,Evan Mobley,Evan,1610612739,CLE,,22400307,,,,35.4,4.0,13.0,0.308,0.0,2.0,0.0,1.0,2.0,0.5,1.0,9.0,10.0,4.0,5.0,1.0,3.0,2.0,3.0,2.0,9.0,7.0,34.0,0,0,31.0,1,1,13086,1,3176,9611,5079,19226,15070,14411,15070,10215,7446,10625,6876,796,1549,4780,387,5025,252,601,3404,6956,12445,6330,5290,2246,150,5932,1,,2024,2025
,1627777,Georges Niang,Georges,1610612739,CLE,,22400307,,,,21.9,4.0,6.0,0.667,3.0,3.0,1.0,2.0,2.0,1.0,1.0,1.0,2.0,1.0,1.0,0.0,0.0,0.0,0.0,1.0,13.0,8.0,15.9,0,0,19.0,1,1,13086,1,14595,9611,14618,3281,2458,11494,1,6020,7446,1,6876,17569,16273,14293,8788,12854,8263,8846,20257,11254,8426,5660,15803,2246,150,12913,1,,2024,2025
,1630241,Sam Merrill,Sam,1610612739,CLE,,22400307,,,,20.7,1.0,5.0,0.2,1.0,5.0,0.2,0.0,0.0,0.0,0.0,1.0,1.0,2.0,1.0,0.0,1.0,0.0,0.0,0.0,3.0,16.0,9.2,0,0,9.0,1,1,13086,1,15520,19033,16437,21401,8896,6354,13429,13505,14344,13505,14058,17569,19889,9909,8788,12854,2537,8846,20257,17725,19913,2243,20210,2246,150,19766,1,,2024,2025
,1630171,Isaac Okoro,Isaac,1610612739,CLE,,22400307,,,,24.0,2.0,2.0,1.0,2.0,2.0,1.0,0.0,0.0,0.0,1.0,1.0,2.0,2.0,0.0,0.0,2.0,0.0,4.0,0.0,6.0,-9.0,17.4,0,0,16.0,1,1,13086,1,12864,15612,21660,1,4949,14411,1,13505,14344,13505,6876,17569,16273,9909,16469,12854,808,8846,1150,17725,15937,20535,14816,2246,150,14948,1,,2024,2025
,1628378,Donovan Mitchell,Donovan,1610612739,CLE,,22400307,,,,35.4,12.0,21.0,0.571,6.0,11.0,0.545,5.0,8.0,0.625,1.0,6.0,7.0,3.0,3.0,2.0,1.0,1.0,3.0,5.0,35.0,7.0,53.9,0,0,57.0,1,1,13086,1,3176,421,817,6538,202,499,3863,1817,912,10271,6876,2943,3946,6913,2037,1671,2537,2383,3404,1447,314,6330,747,2246,150,347,1,,2024,2025
,1629636,Darius Garland,Darius,1610612739,CLE,,22400307,,,,32.3,5.0,12.0,0.417,4.0,6.0,0.667,8.0,8.0,1.0,0.0,5.0,5.0,8.0,0.0,0.0,0.0,1.0,4.0,7.0,22.0,0.0,40.0,0,0,39.0,1,1,13086,1,5701,7242,5979,14532,1130,4502,1957,481,912,1,14058,4392,7268,963,16469,12854,8263,2383,1150,426,2824,12240,3218,2246,150,2984,1,,2024,2025
,1629660,Ty Jerome,Ty,1610612739,CLE,,22400041,,,,17.7,3.0,7.0,0.429,0.0,1.0,0.0,1.0,1.0,1.0,0.0,3.0,3.0,1.0,2.0,3.0,0.0,0.0,3.0,2.0,7.0,-8.0,19.1,0,0,17.0,1,13222,1,13222,17752,12449,12910,13735,15070,17631,15070,10215,12810,1,14058,9417,12778,14293,4442,473,8263,8846,3404,6956,14857,19855,13700,2246,150,14250,1,,2024,2025
,1630241,Sam Merrill,Sam,1610612739,CLE,,22400041,,,,19.9,2.0,7.0,0.286,2.0,7.0,0.286,1.0,2.0,0.5,0.0,0.0,0.0,1.0,0.0,0.0,0.0,0.0,3.0,2.0,7.0,-6.0,8.5,0,0,10.0,1,13222,1,13222,16089,15612,12910,19630,4949,3100,11433,10215,7446,10625,14058,22137,23286,14293,16469,12854,8263,8846,3404,6956,14857,18298,20671,2246,150,19152,1,,2024,2025
,1628386,Jarrett Allen,Jarrett,1610612739,CLE,,22400041,,,,25.2,3.0,3.0,1.0,0.0,0.0,0.0,0.0,0.0,0.0,0.0,5.0,5.0,0.0,1.0,0.0,0.0,0.0,2.0,1.0,6.0,-9.0,11.0,0,0,11.0,1,13222,1,13222,11803,12449,19992,1,15070,20945,15070,13505,14344,13505,14058,4392,7268,19908,8788,12854,8263,8846,7392,11254,15937,20535,19045,2246,150,18464,1,,2024,2025
,1628378,Donovan Mitchell,Donovan,1610612739,CLE,,22400041,,,,35.1,5.0,23.0,0.217,2.0,10.0,0.2,0.0,0.0,0.0,2.0,9.0,11.0,6.0,2.0,2.0,0.0,1.0,3.0,2.0,12.0,-13.0,38.2,1,0,35.0,1,13222,1,13222,3418,7242,455,21368,4949,829,13429,13505,14344,13505,3306,796,1106,2199,4442,1671,8263,2383,3404,6956,9299,22771,3746,1,150,4250,1,,2024,2025
,1627747,Caris LeVert,Caris,1610612739,CLE,,22400041,,,,20.3,2.0,5.0,0.4,2.0,3.0,0.667,2.0,2.0,1.0,0.0,1.0,1.0,2.0,1.0,0.0,0.0,0.0,2.0,1.0,8.0,-10.0,11.2,0,0,13.0,1,13222,1,13222,15810,15612,16437,14933,4949,11494,1957,6020,7446,1,14058,17569,19889,9909,8788,12854,8263,8846,7392,11254,13544,21147,18904,2246,150,17050,1,,2024,2025
,1641854,Craig Porter Jr.,Craig,1610612739,CLE,,22400041,,,,2.2,0.0,0.0,0.0,0.0,0.0,0.0,0.0,0.0,0.0,0.0,0.0,0.0,0.0,0.0,0.0,0.0,0.0,0.0,0.0,0.0,-2.0,0.0,0,0,0.0,1,13222,1,13222,25338,22635,24836,22635,15070,20945,15070,13505,14344,13505,14058,22137,23286,19908,16469,12854,8263,8846,20257,17725,23200,14448,25228,2246,150,25259,1,,2024,2025
,1642281,Jaylon Tyson,Jaylon,1610612739,CLE,,22400041,,,,11.0,1.0,1.0,1.0,0.0,0.0,0.0,1.0,2.0,0.5,3.0,0.0,3.0,0.0,1.0,1.0,0.0,0.0,2.0,2.0,3.0,-2.0,8.6,0,0,8.0,1,13222,1,13222,21728,19033,23259,1,15070,20945,15070,10215,7446,10625,1615,22137,12778,19908,8788,5025,8263,8846,7392,6956,19913,14448,20607,2246,150,20457,1,,2024,2025
,1630171,Isaac Okoro,Isaac,1610612739,CLE,,22400041,,,,18.3,0.0,5.0,0.0,0.0,2.0,0.0,2.0,2.0,1.0,1.0,0.0,1.0,1.0,2.0,1.0,0.0,2.0,2.0,2.0,2.0,-12.0,5.7,0,0,6.0,1,13222,1,13222,17330,22635,16437,22635,15070,14411,15070,6020,7446,1,6876,22137,19889,14293,4442,5025,8263,601,7392,6956,21232,22309,22263,2246,150,21698,1,,2024,2025
,1627777,Georges Niang,Georges,1610612739,CLE,,22400041,,,,20.5,1.0,6.0,0.167,0.0,4.0,0.0,1.0,2.0,0.5,0.0,1.0,1.0,2.0,1.0,0.0,0.0,0.0,0.0,1.0,3.0,-8.0,6.2,0,0,6.0,1,13222,1,13222,15651,19033,14618,21938,15070,8688,15070,10215,7446,10625,14058,17569,19889,9909,8788,12854,8263,8846,20257,11254,19913,19855,21956,2246,150,21698,1,,2024,2025
,1629636,Darius Garland,Darius,1610612739,CLE,,22400041,,,,33.0,11.0,19.0,0.579,5.0,8.0,0.625,2.0,2.0,1.0,1.0,2.0,3.0,5.0,2.0,1.0,0.0,1.0,3.0,4.0,29.0,-4.0,41.1,0,0,44.0,1,13222,1,13222,5136,704,1432,6486,492,2050,2868,6020,7446,1,6876,13151,12778,3273,4442,5025,8263,2383,3404,2493,994,16449,2944,2246,150,1816,1,,2024,2025
,1630596,Evan Mobley,Evan,1610612739,CLE,,22400041,,,,36.8,10.0,17.0,0.588,0.0,3.0,0.0,4.0,4.0,1.0,4.0,8.0,12.0,3.0,1.0,1.0,0.0,1.0,2.0,3.0,24.0,-6.0,44.9,1,0,41.0,1,13222,1,13222,2130,1099,2289,6229,15070,11494,15070,2676,3754,1,785,1271,760,6913,8788,5025,8263,2383,7392,4218,2129,18298,2040,1,150,2498,1,,2024,2025
,1630596,Evan Mobley,Evan,1610612739,CLE,,22400287,,,,36.6,7.0,15.0,0.467,1.0,3.0,0.333,7.0,10.0,0.7,4.0,8.0,12.0,5.0,0.0,4.0,3.0,3.0,2.0,8.0,22.0,0.0,64.9,1,0,54.0,1,13222,1,13222,2294,3730,3491,12249,8896,11494,9209,752,423,9366,785,1271,760,3273,16469,123,252,131,7392,220,2824,12240,173,1,150,548,1,,2024,2025
,1628378,Donovan Mitchell,Donovan,1610612739,CLE,,22400287,,,,36.4,10.0,24.0,0.417,4.0,14.0,0.286,6.0,8.0,0.75,0.0,4.0,4.0,7.0,3.0,2.0,1.0,1.0,3.0,5.0,30.0,0.0,51.3,0,0,51.0,1,13222,1,13222,2394,1099,331,14532,1130,97,11433,1180,912,8186,14058,6429,9701,1463,2037,1671,2537,2383,3404,1447,830,12240,1006,2246,150,822,1,,2024,2025
,1630241,Sam Merrill,Sam,1610612739,CLE,,22400287,,,,16.9,4.0,8.0,0.5,2.0,6.0,0.333,0.0,0.0,0.0,1.0,1.0,2.0,0.0,1.0,0.0,1.0,0.0,2.0,0.0,10.0,-8.0,14.4,0,0,16.0,1,13222,1,13222,18315,9611,11288,8526,4949,4502,9209,13505,14344,13505,6876,17569,16273,19908,8788,12854,2537,8846,7392,17725,11377,19855,16758,2246,150,14948,1,,2024,2025
,1629660,Ty Jerome,Ty,1610612739,CLE,,22400287,,,,24.1,3.0,8.0,0.375,2.0,5.0,0.4,0.0,0.0,0.0,0.0,0.0,0.0,6.0,3.0,3.0,0.0,0.0,3.0,1.0,8.0,-17.0,23.0,0,0,22.0,1,13222,1,13222,12838,12449,11288,16299,4949,6354,7874,13505,14344,13505,14058,22137,23286,2199,2037,473,8263,8846,3404,11254,13544,24263,11172,2246,150,10998,1,,2024,2025
,1628386,Jarrett Allen,Jarrett,1610612739,CLE,,22400287,,,,31.7,6.0,7.0,0.857,0.0,0.0,0.0,5.0,7.0,0.714,2.0,8.0,10.0,1.0,1.0,1.0,0.0,1.0,2.0,4.0,17.0,-12.0,32.5,1,0,30.0,1,13222,1,13222,6257,5250,12910,1412,15070,20945,15070,1817,1377,9244,3306,1271,1549,14293,8788,5025,8263,2383,7392,2493,5360,22309,5950,1,150,6431,1,,2024,2025
,1630171,Isaac Okoro,Isaac,1610612739,CLE,,22400287,,,,22.7,3.0,8.0,0.375,2.0,5.0,0.4,0.0,0.0,0.0,2.0,2.0,4.0,3.0,0.0,0.0,0.0,0.0,1.0,0.0,8.0,-3.0,17.3,0,0,17.0,1,13222,1,13222,13922,12449,11288,16299,4949,6354,7874,13505,14344,13505,3306,13151,9701,6913,16469,12854,8263,8846,13332,17725,13544,15511,14888,2246,150,14250,1,,2024,2025
,1641854,Craig Porter Jr.,Craig,1610612739,CLE,,22400287,,,,7.1,0.0,1.0,0.0,0.0,1.0,0.0,0.0,0.0,0.0,0.0,0.0,0.0,0.0,0.0,0.0,0.0,0.0,0.0,0.0,0.0,4.0,0.0,0,0,0.0,1,13222,1,13222,23116,22635,23259,22635,15070,17631,15070,13505,14344,13505,14058,22137,23286,19908,16469,12854,8263,8846,20257,17725,23200,8479,25228,2246,150,25259,1,,2024,2025
,1642281,Jaylon Tyson,Jaylon,1610612739,CLE,,22400287,,,,10.7,1.0,2.0,0.5,0.0,0.0,0.0,0.0,0.0,0.0,0.0,2.0,2.0,1.0,0.0,0.0,0.0,1.0,2.0,0.0,2.0,-3.0,5.9,0,0,5.0,1,13222,1,13222,21833,19033,21660,8526,15070,20945,15070,13505,14344,13505,14058,13151,16273,14293,16469,12854,8263,2383,7392,17725,21232,15511,22177,2246,150,22358,1,,2024,2025
,1627777,Georges Niang,Georges,1610612739,CLE,,22400287,,,,21.2,3.0,8.0,0.375,2.0,7.0,0.286,0.0,0.0,0.0,2.0,6.0,8.0,1.0,3.0,0.0,0.0,0.0,3.0,0.0,8.0,-2.0,16.1,0,0,19.0,1,13222,1,13222,15154,12449,11288,16299,4949,3100,11433,13505,14344,13505,3306,2943,2934,14293,2037,12854,8263,8846,3404,17725,13544,14448,15681,2246,150,12913,1,,2024,2025
,1629636,Darius Garland,Darius,1610612739,CLE,,22400287,,,,32.6,7.0,14.0,0.5,2.0,7.0,0.286,3.0,3.0,1.0,1.0,1.0,2.0,7.0,1.0,1.0,0.0,0.0,3.0,3.0,19.0,-14.0,33.9,0,0,32.0,1,13222,1,13222,5509,3730,4240,8526,4949,3100,11433,4159,6038,1,6876,17569,16273,1463,8788,5025,8263,8846,3404,4218,4202,23203,5341,2246,150,5433,1,,2024,2025
,1629636,Darius Garland,Darius,1610612739,CLE,,22400275,,,,30.9,6.0,14.0,0.429,4.0,7.0,0.571,0.0,0.0,0.0,1.0,2.0,3.0,6.0,2.0,1.0,0.0,2.0,4.0,2.0,16.0,15.0,29.6,0,0,31.0,1,1,13086,1,6926,5250,4240,13735,1130,3100,3506,13505,14344,13505,6876,13151,12778,2199,4442,5025,8263,601,1150,6956,6070,2549,7359,2246,150,5932,1,,2024,2025
,1628378,Donovan Mitchell,Donovan,1610612739,CLE,,22400275,,,,34.6,10.0,18.0,0.556,5.0,9.0,0.556,1.0,1.0,1.0,0.0,4.0,4.0,1.0,3.0,1.0,0.0,0.0,2.0,2.0,26.0,10.0,32.3,0,0,38.0,1,1,13086,1,3744,1099,1822,7248,492,1295,3747,10215,12810,1,14058,6429,9701,14293,2037,5025,8263,8846,7392,6956,1579,4588,6039,2246,150,3270,1,,2024,2025
,1641854,Craig Porter Jr.,Craig,1610612739,CLE,,22400275,,,,5.5,1.0,1.0,1.0,0.0,0.0,0.0,0.0,1.0,0.0,0.0,0.0,0.0,0.0,2.0,1.0,0.0,0.0,0.0,1.0,2.0,-5.0,3.0,0,0,4.0,1,1,13086,1,23781,19033,23259,1,15070,20945,15070,13505,12810,13505,14058,22137,23286,19908,4442,5025,8263,8846,20257,11254,21232,17436,23760,2246,150,22929,1,,2024,2025
,1630171,Isaac Okoro,Isaac,1610612739,CLE,,22400275,,,,28.7,4.0,4.0,1.0,2.0,2.0,1.0,0.0,1.0,0.0,2.0,4.0,6.0,4.0,0.0,1.0,1.0,0.0,1.0,1.0,10.0,12.0,29.2,0,0,26.0,1,1,13086,1,8903,9611,18231,1,4949,14411,1,13505,12810,13505,3306,6429,5362,4780,16469,5025,2537,8846,13332,11254,11377,3654,7560,2246,150,8551,1,,2024,2025
,1631247,Luke Travers,Luke,1610612739,CLE,,22400275,,,,0.7,0.0,0.0,0.0,0.0,0.0,0.0,0.0,0.0,0.0,0.0,0.0,0.0,0.0,0.0,0.0,0.0,0.0,0.0,0.0,0.0,2.0,0.0,0,0,0.0,1,1,13086,1,26155,22635,24836,22635,15070,20945,15070,13505,14344,13505,14058,22137,23286,19908,16469,12854,8263,8846,20257,17725,23200,10285,25228,2246,150,25259,1,,2024,2025
,1642281,Jaylon Tyson,Jaylon,1610612739,CLE,,22400275,,,,6.9,0.0,2.0,0.0,0.0,1.0,0.0,0.0,0.0,0.0,1.0,0.0,1.0,0.0,0.0,1.0,0.0,0.0,1.0,0.0,0.0,-5.0,4.2,0,0,3.0,1,1,13086,1,23233,22635,21660,22635,15070,17631,15070,13505,14344,13505,6876,22137,19889,19908,16469,5025,8263,8846,13332,17725,23200,17436,23095,2246,150,23533,1,,2024,2025
,1627777,Georges Niang,Georges,1610612739,CLE,,22400275,,,,19.3,1.0,13.0,0.077,0.0,8.0,0.0,0.0,0.0,0.0,0.0,4.0,4.0,1.0,1.0,0.0,0.0,1.0,3.0,0.0,2.0,3.0,7.3,0,0,7.0,1,1,13086,1,16594,19033,5079,22628,15070,2050,15070,13505,14344,13505,14058,6429,9701,14293,8788,12854,8263,2383,3404,17725,21232,9394,21377,2246,150,21087,1,,2024,2025
,1630596,Evan Mobley,Evan,1610612739,CLE,,22400275,,,,32.8,6.0,11.0,0.545,0.0,2.0,0.0,2.0,2.0,1.0,3.0,8.0,11.0,4.0,2.0,1.0,1.0,0.0,3.0,1.0,14.0,12.0,37.2,1,0,33.0,1,1,13086,1,5324,5250,7071,7695,15070,14411,15070,6020,7446,1,1615,1271,1106,4780,4442,5025,2537,8846,3404,11254,7553,3654,4094,1,150,5036,1,,2024,2025
,1629660,Ty Jerome,Ty,1610612739,CLE,,22400275,,,,28.4,9.0,14.0,0.643,4.0,8.0,0.5,4.0,4.0,1.0,0.0,3.0,3.0,6.0,3.0,4.0,1.0,0.0,4.0,4.0,26.0,12.0,50.6,0,0,49.0,1,1,13086,1,9221,1688,4240,4607,1130,2050,3944,2676,3754,1,14058,9417,12778,2199,2037,123,2537,8846,1150,2493,1579,3654,1103,2246,150,1048,1,,2024,2025
,1628386,Jarrett Allen,Jarrett,1610612739,CLE,,22400275,,,,32.3,10.0,14.0,0.714,0.0,0.0,0.0,3.0,5.0,0.6,6.0,7.0,13.0,2.0,0.0,1.0,1.0,1.0,2.0,5.0,23.0,11.0,47.6,1,0,42.0,1,1,13086,1,5711,1099,4240,2752,15070,20945,15070,4159,2872,10343,185,1947,534,9909,16469,5025,2537,2383,7392,1447,2434,4119,1533,1,150,2239,1,,2024,2025
,1630241,Sam Merrill,Sam,1610612739,CLE,,22400275,,,,19.8,1.0,6.0,0.167,1.0,4.0,0.25,0.0,0.0,0.0,1.0,3.0,4.0,3.0,0.0,0.0,0.0,1.0,1.0,2.0,3.0,3.0,12.3,0,0,11.0,1,1,13086,1,16206,19033,14618,21938,8896,8688,11902,13505,14344,13505,6876,9417,9701,6913,16469,12854,8263,2383,13332,6956,19913,9394,18201,2246,150,18464,1,,2024,2025
,1628378,Donovan Mitchell,Donovan,1610612739,CLE,,22400252,,,,19.6,4.0,10.0,0.4,1.0,5.0,0.2,1.0,2.0,0.5,0.0,2.0,2.0,2.0,0.0,2.0,0.0,0.0,1.0,1.0,10.0,12.0,21.4,0,0,19.0,1,1,13086,1,16326,9611,8304,14933,8896,6354,13429,10215,7446,10625,14058,13151,16273,9909,16469,1671,8263,8846,13332,11254,11377,3654,12139,2246,150,12913,1,,2024,2025
,202684,Tristan Thompson,Tristan,1610612739,CLE,,22400252,,,,21.1,4.0,7.0,0.571,0.0,0.0,0.0,0.0,0.0,0.0,2.0,7.0,9.0,2.0,0.0,0.0,2.0,0.0,4.0,0.0,8.0,-1.0,27.8,0,0,23.0,1,1,13086,1,15243,9611,12910,6538,15070,20945,15070,13505,14344,13505,3306,1947,2169,9909,16469,12854,808,8846,1150,17725,13544,13450,8309,2246,150,10339,1,,2024,2025
,1630596,Evan Mobley,Evan,1610612739,CLE,,22400252,,,,17.9,3.0,9.0,0.333,1.0,2.0,0.5,2.0,2.0,1.0,2.0,5.0,7.0,1.0,1.0,0.0,3.0,1.0,0.0,1.0,9.0,17.0,26.9,0,0,24.0,1,1,13086,1,17663,12449,9700,17395,8896,14411,3944,6020,7446,1,3306,4392,3946,14293,8788,12854,252,2383,20257,11254,12445,1948,8865,2246,150,9719,1,,2024,2025
,1630550,JT Thor,JT,1610612739,CLE,,22400252,,,,12.8,4.0,4.0,1.0,2.0,2.0,1.0,2.0,2.0,1.0,0.0,2.0,2.0,0.0,2.0,2.0,1.0,0.0,2.0,1.0,12.0,-3.0,21.4,0,0,22.0,1,1,13086,1,20848,9611,18231,1,4949,14411,1,6020,7446,1,14058,13151,16273,19908,4442,1671,2537,8846,7392,11254,9299,15511,12139,2246,150,10998,1,,2024,2025
,1627777,Georges Niang,Georges,1610612739,CLE,,22400252,,,,21.8,6.0,14.0,0.429,6.0,12.0,0.5,2.0,2.0,1.0,0.0,4.0,4.0,2.0,1.0,1.0,0.0,0.0,2.0,1.0,20.0,19.0,29.8,0,0,34.0,1,1,13086,1,14646,5250,4240,13735,202,299,3944,6020,7446,1,14058,6429,9701,9909,8788,5025,8263,8846,7392,11254,3676,1456,7257,2246,150,4638,1,,2024,2025
,1629660,Ty Jerome,Ty,1610612739,CLE,,22400252,,,,23.3,10.0,19.0,0.526,7.0,12.0,0.583,2.0,2.0,1.0,1.0,2.0,3.0,1.0,2.0,0.0,0.0,0.0,1.0,2.0,29.0,28.0,32.1,0,0,40.0,1,1,13086,1,13481,1099,1432,8379,76,299,3489,6020,7446,1,6876,13151,12778,14293,4442,12854,8263,8846,13332,6956,994,303,6133,2246,150,2744,1,,2024,2025
,1628386,Jarrett Allen,Jarrett,1610612739,CLE,,22400252,,,,21.1,7.0,7.0,1.0,0.0,0.0,0.0,2.0,2.0,1.0,6.0,5.0,11.0,4.0,0.0,0.0,1.0,0.0,1.0,3.0,16.0,27.0,38.2,1,0,33.0,1,1,13086,1,15255,3730,12910,1,15070,20945,15070,6020,7446,1,185,4392,1106,4780,16469,12854,2537,8846,13332,4218,6070,370,3746,1,150,5036,1,,2024,2025
,1631247,Luke Travers,Luke,1610612739,CLE,,22400252,,,,30.2,2.0,6.0,0.333,0.0,3.0,0.0,0.0,0.0,0.0,0.0,2.0,2.0,3.0,1.0,1.0,0.0,0.0,0.0,0.0,4.0,5.0,12.9,0,0,11.0,1,1,13086,1,7621,15612,14618,17395,15070,11494,15070,13505,14344,13505,14058,13151,16273,6913,8788,5025,8263,8846,20257,17725,18599,7737,17766,2246,150,18464,1,,2024,2025
,1642281,Jaylon Tyson,Jaylon,1610612739,CLE,,22400252,,,,37.4,7.0,12.0,0.583,1.0,4.0,0.25,1.0,2.0,0.5,5.0,6.0,11.0,7.0,1.0,2.0,0.0,1.0,3.0,2.0,16.0,20.0,44.7,1,0,39.0,1,1,13086,1,1748,3730,5979,6296,8896,8688,11902,10215,7446,10625,389,2943,1106,1463,8788,1671,8263,2383,3404,6956,6070,1243,2077,1,150,2984,1,,2024,2025
,1641854,Craig Porter Jr.,Craig,1610612739,CLE,,22400252,,,,35.0,2.0,5.0,0.4,0.0,2.0,0.0,0.0,0.0,0.0,0.0,1.0,1.0,7.0,3.0,2.0,2.0,1.0,2.0,0.0,4.0,16.0,24.7,0,0,20.0,1,1,13086,1,3489,15612,16437,14933,15070,14411,15070,13505,14344,13505,14058,17569,19889,1463,2037,1671,808,2383,7392,17725,18599,2243,10161,2246,150,12254,1,,2024,2025
,1629636,Darius Garland,Darius,1610612739,CLE,,22400021,,,,31.1,3.0,21.0,0.143,0.0,6.0,0.0,2.0,2.0,1.0,0.0,2.0,2.0,7.0,2.0,1.0,1.0,3.0,0.0,2.0,8.0,-9.0,24.9,0,0,21.0,1,13222,1,13222,6822,12449,817,22260,15070,4502,15070,6020,7446,1,14058,13151,16273,1463,4442,5025,2537,131,20257,6956,13544,20535,10031,2246,150,11621,1,,2024,2025
,1641854,Craig Porter Jr.,Craig,1610612739,CLE,,22400021,,,,25.4,6.0,8.0,0.75,3.0,3.0,1.0,0.0,0.0,0.0,0.0,3.0,3.0,3.0,0.0,0.0,0.0,0.0,1.0,0.0,15.0,12.0,23.1,0,0,24.0,1,13222,1,13222,11651,5250,11288,2107,2458,11494,1,13505,14344,13505,14058,9417,12778,6913,16469,12854,8263,8846,13332,17725,6813,3654,11107,2246,150,9719,1,,2024,2025
,1627777,Georges Niang,Georges,1610612739,CLE,,22400021,,,,29.6,5.0,8.0,0.625,1.0,3.0,0.333,0.0,0.0,0.0,2.0,2.0,4.0,3.0,0.0,0.0,0.0,1.0,4.0,2.0,11.0,15.0,20.3,0,0,19.0,1,13222,1,13222,8126,7242,11288,4899,8896,11494,9209,13505,14344,13505,3306,13151,9701,6913,16469,12854,8263,2383,1150,6956,10323,2549,12888,2246,150,12913,1,,2024,2025
,1628386,Jarrett Allen,Jarrett,1610612739,CLE,,22400021,,,,28.3,5.0,6.0,0.833,0.0,0.0,0.0,0.0,0.0,0.0,3.0,8.0,11.0,2.0,0.0,1.0,0.0,0.0,1.0,3.0,10.0,-16.0,29.2,1,0,25.0,1,13222,1,13222,9297,7242,14618,1514,15070,20945,15070,13505,14344,13505,1615,1271,1106,9909,16469,5025,8263,8846,13332,4218,11377,23938,7560,1,150,9137,1,,2024,2025
,1629660,Ty Jerome,Ty,1610612739,CLE,,22400021,,,,28.4,4.0,5.0,0.8,0.0,0.0,0.0,2.0,2.0,1.0,0.0,1.0,1.0,5.0,1.0,1.0,0.0,0.0,3.0,1.0,10.0,12.0,20.7,0,0,18.0,1,13222,1,13222,9212,9611,16437,1688,15070,20945,15070,6020,7446,1,14058,17569,19889,3273,8788,5025,8263,8846,3404,11254,11377,3654,12614,2246,150,13589,1,,2024,2025
,1630241,Sam Merrill,Sam,1610612739,CLE,,22400021,,,,19.0,2.0,3.0,0.667,2.0,3.0,0.667,0.0,0.0,0.0,0.0,1.0,1.0,1.0,0.0,0.0,1.0,0.0,1.0,0.0,6.0,-10.0,11.7,0,0,12.0,1,13222,1,13222,16792,15612,19992,3281,4949,11494,1957,13505,14344,13505,14058,17569,19889,14293,16469,12854,2537,8846,13332,17725,15937,21147,18589,2246,150,17796,1,,2024,2025
,1630596,Evan Mobley,Evan,1610612739,CLE,,22400021,,,,38.0,8.0,13.0,0.615,1.0,3.0,0.333,5.0,5.0,1.0,6.0,5.0,11.0,6.0,3.0,1.0,1.0,0.0,1.0,4.0,22.0,-5.0,47.2,1,0,44.0,1,13222,1,13222,1375,2561,5079,5246,8896,11494,9209,1817,2872,1,185,4392,1106,2199,2037,5025,2537,8846,13332,2493,2824,17436,1597,1,150,1816,1,,2024,2025
,1628378,Donovan Mitchell,Donovan,1610612739,CLE,,22400021,,,,40.2,13.0,29.0,0.448,3.0,11.0,0.273,6.0,8.0,0.75,1.0,7.0,8.0,3.0,1.0,0.0,0.0,0.0,4.0,7.0,35.0,-14.0,48.1,0,0,49.0,1,13222,1,13222,528,245,56,13041,2458,499,11838,1180,912,8186,6876,1947,2934,6913,8788,12854,8263,8846,1150,426,314,23203,1467,2246,150,1048,1,,2024,2025
,1629636,Darius Garland,Darius,1610612739,CLE,,22400236,,,,30.5,7.0,16.0,0.438,2.0,5.0,0.4,9.0,9.0,1.0,0.0,5.0,5.0,12.0,2.0,0.0,0.0,2.0,2.0,5.0,25.0,12.0,47.0,1,0,44.0,1,1,13086,1,7367,3730,2836,13558,4949,6354,7874,318,643,1,14058,4392,7268,139,4442,12854,8263,601,7392,1447,1828,3654,1630,1,150,1816,1,,2024,2025
,1631247,Luke Travers,Luke,1610612739,CLE,,22400236,,,,1.6,0.0,0.0,0.0,0.0,0.0,0.0,0.0,0.0,0.0,0.0,1.0,1.0,0.0,1.0,0.0,0.0,0.0,0.0,0.0,0.0,1.0,0.2,0,0,1.0,1,1,13086,1,25750,22635,24836,22635,15070,20945,15070,13505,14344,13505,14058,17569,19889,19908,8788,12854,8263,8846,20257,17725,23200,11263,25158,2246,150,24667,1,,2024,2025
,1629731,Dean Wade,Dean,1610612739,CLE,,22400236,,,,14.7,1.0,2.0,0.5,1.0,2.0,0.5,0.0,0.0,0.0,0.0,4.0,4.0,0.0,1.0,0.0,0.0,0.0,2.0,1.0,3.0,3.0,6.8,0,0,8.0,1,1,13086,1,19747,19033,21660,8526,8896,14411,3944,13505,14344,13505,14058,6429,9701,19908,8788,12854,8263,8846,7392,11254,19913,9394,21674,2246,150,20457,1,,2024,2025
,1630171,Isaac Okoro,Isaac,1610612739,CLE,,22400236,,,,13.8,3.0,4.0,0.75,0.0,1.0,0.0,0.0,0.0,0.0,0.0,0.0,0.0,1.0,1.0,0.0,0.0,0.0,1.0,0.0,6.0,10.0,6.5,0,0,7.0,1,1,13086,1,20310,12449,18231,2107,15070,17631,15070,13505,14344,13505,14058,22137,23286,14293,8788,12854,8263,8846,13332,17725,15937,4588,21818,2246,150,21087,1,,2024,2025
,1627747,Caris LeVert,Caris,1610612739,CLE,,22400236,,,,31.7,1.0,5.0,0.2,0.0,3.0,0.0,2.0,2.0,1.0,2.0,2.0,4.0,2.0,2.0,0.0,0.0,0.0,5.0,1.0,4.0,-6.0,9.8,0,0,10.0,1,1,13086,1,6279,19033,16437,21401,15070,11494,15070,6020,7446,1,3306,13151,9701,9909,4442,12854,8263,8846,217,11254,18599,18298,19853,2246,150,19152,1,,2024,2025
,1630596,Evan Mobley,Evan,1610612739,CLE,,22400236,,,,34.4,9.0,12.0,0.75,2.0,3.0,0.667,3.0,3.0,1.0,1.0,10.0,11.0,0.0,4.0,0.0,1.0,0.0,2.0,5.0,23.0,20.0,35.2,1,0,38.0,1,1,13086,1,3913,1688,5979,2107,4949,11494,1957,4159,6038,1,6876,483,1106,19908,877,12854,2537,8846,7392,1447,2434,1243,4806,1,150,3270,1,,2024,2025
,1629660,Ty Jerome,Ty,1610612739,CLE,,22400236,,,,31.5,9.0,15.0,0.6,4.0,7.0,0.571,2.0,2.0,1.0,0.0,2.0,2.0,8.0,2.0,0.0,0.0,1.0,0.0,4.0,24.0,14.0,36.4,0,0,38.0,1,1,13086,1,6406,1688,3491,5394,1130,3100,3506,6020,7446,1,14058,13151,16273,963,4442,12854,8263,2383,20257,2493,2129,2867,4356,2246,150,3270,1,,2024,2025
,1628386,Jarrett Allen,Jarrett,1610612739,CLE,,22400236,,,,31.4,6.0,7.0,0.857,0.0,0.0,0.0,9.0,10.0,0.9,4.0,11.0,15.0,0.0,2.0,1.0,1.0,1.0,0.0,6.0,21.0,9.0,43.0,1,0,40.0,1,1,13086,1,6521,5250,12910,1412,15070,20945,15070,318,423,6805,785,283,224,19908,4442,5025,2537,2383,20257,792,3254,5125,2476,1,150,2744,1,,2024,2025
,1627777,Georges Niang,Georges,1610612739,CLE,,22400236,,,,26.0,5.0,11.0,0.455,3.0,7.0,0.429,0.0,0.0,0.0,1.0,1.0,2.0,1.0,4.0,0.0,1.0,1.0,1.0,0.0,13.0,6.0,15.9,0,0,21.0,1,1,13086,1,11159,7242,7071,12676,2458,3100,7394,13505,14344,13505,6876,17569,16273,14293,877,12854,2537,2383,13332,17725,8426,7002,15803,2246,150,11621,1,,2024,2025
,1642281,Jaylon Tyson,Jaylon,1610612739,CLE,,22400236,,,,1.6,0.0,0.0,0.0,0.0,0.0,0.0,0.0,0.0,0.0,0.0,0.0,0.0,0.0,0.0,0.0,0.0,0.0,0.0,0.0,0.0,1.0,0.0,0,0,0.0,1,1,13086,1,25750,22635,24836,22635,15070,20945,15070,13505,14344,13505,14058,22137,23286,19908,16469,12854,8263,8846,20257,17725,23200,11263,25228,2246,150,25259,1,,2024,2025
,1630550,JT Thor,JT,1610612739,CLE,,22400236,,,,1.6,1.0,1.0,1.0,0.0,0.0,0.0,0.0,0.0,0.0,0.0,0.0,0.0,0.0,0.0,0.0,1.0,0.0,0.0,0.0,2.0,1.0,5.0,0,0,4.0,1,1,13086,1,25750,19033,23259,1,15070,20945,15070,13505,14344,13505,14058,22137,23286,19908,16469,12854,2537,8846,20257,17725,21232,11263,22690,2246,150,22929,1,,2024,2025
,1641854,Craig Porter Jr.,Craig,1610612739,CLE,,22400236,,,,21.4,2.0,4.0,0.5,1.0,2.0,0.5,2.0,2.0,1.0,1.0,3.0,4.0,2.0,1.0,2.0,0.0,1.0,2.0,1.0,7.0,-1.0,19.8,0,0,18.0,1,1,13086,1,15018,15612,18231,8526,8896,14411,3944,6020,7446,1,6876,9417,9701,9909,8788,1671,8263,2383,7392,11254,14857,13450,13241,2246,150,13589,1,,2024,2025
,1630171,Isaac Okoro,Isaac,1610612739,CLE,,22400013,,,,26.1,2.0,4.0,0.5,0.0,2.0,0.0,0.0,0.0,0.0,0.0,1.0,1.0,3.0,0.0,2.0,1.0,0.0,2.0,1.0,4.0,3.0,18.7,0,0,14.0,1,1,13086,1,11109,15612,18231,8526,15070,14411,15070,13505,14344,13505,14058,17569,19889,6913,16469,1671,2537,8846,7392,11254,18599,9394,13957,2246,150,16370,1,,2024,2025
,1627777,Georges Niang,Georges,1610612739,CLE,,22400013,,,,24.8,5.0,8.0,0.625,4.0,7.0,0.571,0.0,0.0,0.0,0.0,8.0,8.0,0.0,1.0,1.0,0.0,0.0,3.0,0.0,14.0,7.0,25.6,0,0,28.0,1,1,13086,1,12142,7242,11288,4899,1130,3100,3506,13505,14344,13505,14058,1271,2934,19908,8788,5025,8263,8846,3404,17725,7553,6330,9621,2246,150,7475,1,,2024,2025
,1629731,Dean Wade,Dean,1610612739,CLE,,22400013,,,,28.8,1.0,5.0,0.2,1.0,5.0,0.2,2.0,2.0,1.0,1.0,2.0,3.0,1.0,1.0,3.0,1.0,0.0,1.0,1.0,5.0,20.0,21.1,0,0,18.0,1,1,13086,1,8818,19033,16437,21401,8896,6354,13429,6020,7446,1,6876,13151,12778,14293,8788,473,2537,8846,13332,11254,17323,1243,12342,2246,150,13589,1,,2024,2025
,1629660,Ty Jerome,Ty,1610612739,CLE,,22400013,,,,19.2,3.0,8.0,0.375,1.0,4.0,0.25,0.0,0.0,0.0,1.0,3.0,4.0,4.0,0.0,0.0,0.0,1.0,2.0,1.0,7.0,11.0,17.8,0,0,16.0,1,1,13086,1,16678,12449,11288,16299,8896,8688,11902,13505,14344,13505,6876,9417,9701,4780,16469,12854,8263,2383,7392,11254,14857,4119,14543,2246,150,14948,1,,2024,2025
,1627747,Caris LeVert,Caris,1610612739,CLE,,22400013,,,,26.1,7.0,10.0,0.7,4.0,5.0,0.8,4.0,5.0,0.8,1.0,2.0,3.0,8.0,2.0,0.0,0.0,1.0,2.0,3.0,22.0,18.0,35.6,0,0,37.0,1,1,13086,1,11112,3730,8304,3045,1130,6354,1389,2676,2872,7681,6876,13151,12778,963,4442,12854,8263,2383,7392,4218,2824,1677,4667,2246,150,3591,1,,2024,2025
,1628386,Jarrett Allen,Jarrett,1610612739,CLE,,22400013,,,,36.6,11.0,15.0,0.733,0.0,0.0,0.0,2.0,2.0,1.0,1.0,9.0,10.0,3.0,2.0,3.0,2.0,1.0,0.0,3.0,24.0,9.0,53.5,1,0,47.0,1,1,13086,1,2292,704,3491,2644,15070,20945,15070,6020,7446,1,6876,796,1549,6913,4442,473,808,2383,20257,4218,2129,5125,781,1,150,1314,1,,2024,2025
,1629636,Darius Garland,Darius,1610612739,CLE,,22400013,,,,34.2,9.0,18.0,0.5,4.0,7.0,0.571,7.0,7.0,1.0,0.0,3.0,3.0,9.0,5.0,1.0,0.0,0.0,2.0,5.0,29.0,18.0,44.1,0,0,47.0,1,1,13086,1,4128,1688,1822,8526,1130,3100,3506,752,1377,1,14058,9417,12778,635,387,5025,8263,8846,7392,1447,994,1677,2211,2246,150,1314,1,,2024,2025
,1628378,Donovan Mitchell,Donovan,1610612739,CLE,,22400013,,,,34.1,12.0,23.0,0.522,7.0,13.0,0.538,6.0,7.0,0.857,0.0,7.0,7.0,4.0,1.0,1.0,2.0,1.0,2.0,5.0,37.0,11.0,59.4,0,0,61.0,1,1,13086,1,4167,421,455,8473,76,166,3915,1180,1377,7071,14058,1947,3946,4780,8788,5025,808,2383,7392,1447,202,4119,364,2246,150,202,1,,2024,2025
,1641854,Craig Porter Jr.,Craig,1610612739,CLE,,22400013,,,,5.6,0.0,1.0,0.0,0.0,0.0,0.0,0.0,0.0,0.0,0.0,1.0,1.0,1.0,0.0,0.0,0.0,0.0,1.0,0.0,0.0,-5.0,2.7,0,0,2.0,1,1,13086,1,23734,22635,23259,22635,15070,20945,15070,13505,14344,13505,14058,17569,19889,14293,16469,12854,8263,8846,13332,17725,23200,17436,24005,2246,150,24066,1,,2024,2025
,202684,Tristan Thompson,Tristan,1610612739,CLE,,22400013,,,,4.5,1.0,1.0,1.0,0.0,0.0,0.0,0.0,1.0,0.0,0.0,0.0,0.0,0.0,1.0,0.0,0.0,0.0,1.0,1.0,2.0,-2.0,1.0,0,0,2.0,1,1,13086,1,24213,19033,23259,1,15070,20945,15070,13505,12810,13505,14058,22137,23286,19908,8788,12854,8263,8846,13332,11254,21232,14448,25049,2246,150,24066,1,,2024,2025
,1628378,Donovan Mitchell,Donovan,1610612739,CLE,,22400220,,,,34.4,9.0,21.0,0.429,5.0,13.0,0.385,0.0,0.0,0.0,2.0,11.0,13.0,9.0,0.0,2.0,0.0,0.0,1.0,2.0,23.0,13.0,58.1,1,0,54.0,1,1,13086,1,3934,1688,817,13735,492,166,8766,13505,14344,13505,3306,283,534,635,16469,1671,8263,8846,13332,6956,2434,3250,446,1,150,548,1,,2024,2025
,1630596,Evan Mobley,Evan,1610612739,CLE,,22400220,,,,34.2,4.0,8.0,0.5,0.0,0.0,0.0,6.0,6.0,1.0,2.0,5.0,7.0,1.0,4.0,1.0,0.0,1.0,1.0,4.0,14.0,17.0,22.9,0,0,24.0,1,1,13086,1,4097,9611,11288,8526,15070,20945,15070,1180,1898,1,3306,4392,3946,14293,877,5025,8263,2383,13332,2493,7553,1948,11219,2246,150,9719,1,,2024,2025
,1629636,Darius Garland,Darius,1610612739,CLE,,22400220,,,,34.4,10.0,16.0,0.625,1.0,4.0,0.25,4.0,5.0,0.8,2.0,3.0,5.0,6.0,3.0,0.0,0.0,1.0,2.0,2.0,25.0,11.0,37.0,0,0,37.0,1,1,13086,1,3950,1099,2836,4899,8896,8688,11902,2676,2872,7681,3306,9417,7268,2199,2037,12854,8263,2383,7392,6956,1828,4119,4162,2246,150,3591,1,,2024,2025
,1628386,Jarrett Allen,Jarrett,1610612739,CLE,,22400220,,,,32.1,5.0,8.0,0.625,0.0,0.0,0.0,1.0,2.0,0.5,1.0,11.0,12.0,1.0,0.0,1.0,0.0,0.0,0.0,1.0,11.0,5.0,29.9,1,0,26.0,1,1,13086,1,5890,7242,11288,4899,15070,20945,15070,10215,7446,10625,6876,283,760,14293,16469,5025,8263,8846,20257,11254,10323,7737,7218,1,150,8551,1,,2024,2025
,1629731,Dean Wade,Dean,1610612739,CLE,,22400220,,,,20.0,2.0,5.0,0.4,2.0,5.0,0.4,0.0,0.0,0.0,2.0,0.0,2.0,1.0,0.0,0.0,0.0,0.0,2.0,0.0,6.0,-3.0,9.9,0,0,11.0,1,1,13086,1,16013,15612,16437,14933,4949,6354,7874,13505,14344,13505,3306,22137,16273,14293,16469,12854,8263,8846,7392,17725,15937,15511,19759,2246,150,18464,1,,2024,2025
,1630171,Isaac Okoro,Isaac,1610612739,CLE,,22400220,,,,20.1,3.0,6.0,0.5,3.0,6.0,0.5,0.0,0.0,0.0,0.0,2.0,2.0,0.0,0.0,2.0,0.0,0.0,3.0,0.0,9.0,6.0,17.4,0,0,18.0,1,1,13086,1,15932,12449,14618,8526,2458,4502,3944,13505,14344,13505,14058,13151,16273,19908,16469,1671,8263,8846,3404,17725,12445,7002,14816,2246,150,13589,1,,2024,2025
,1627777,Georges Niang,Georges,1610612739,CLE,,22400220,,,,15.9,3.0,8.0,0.375,2.0,6.0,0.333,0.0,0.0,0.0,0.0,1.0,1.0,0.0,0.0,1.0,0.0,0.0,1.0,0.0,8.0,-2.0,12.2,0,0,13.0,1,1,13086,1,19006,12449,11288,16299,4949,4502,9209,13505,14344,13505,14058,17569,19889,19908,16469,5025,8263,8846,13332,17725,13544,14448,18251,2246,150,17050,1,,2024,2025
,1627747,Caris LeVert,Caris,1610612739,CLE,,22400220,,,,25.0,2.0,8.0,0.25,1.0,4.0,0.25,2.0,2.0,1.0,0.0,3.0,3.0,3.0,1.0,1.0,1.0,0.0,1.0,2.0,7.0,6.0,20.1,0,0,18.0,1,1,13086,1,12017,15612,11288,20233,8896,8688,11902,6020,7446,1,14058,9417,12778,6913,8788,5025,2537,8846,13332,6956,14857,7002,13013,2246,150,13589,1,,2024,2025
,1629660,Ty Jerome,Ty,1610612739,CLE,,22400220,,,,13.5,3.0,4.0,0.75,2.0,2.0,1.0,0.0,0.0,0.0,0.0,0.0,0.0,2.0,2.0,0.0,0.0,0.0,3.0,0.0,8.0,-8.0,9.0,0,0,12.0,1,1,13086,1,20511,12449,18231,2107,4949,14411,1,13505,14344,13505,14058,22137,23286,9909,4442,12854,8263,8846,3404,17725,13544,19855,20341,2246,150,17796,1,,2024,2025
,1641854,Craig Porter Jr.,Craig,1610612739,CLE,,22400220,,,,10.5,1.0,1.0,1.0,0.0,0.0,0.0,1.0,2.0,0.5,0.0,1.0,1.0,2.0,1.0,0.0,0.0,0.0,0.0,2.0,3.0,-5.0,6.2,0,0,6.0,1,1,13086,1,21908,19033,23259,1,15070,20945,15070,10215,7446,10625,14058,17569,19889,9909,8788,12854,8263,8846,20257,6956,19913,17436,21956,2246,150,21698,1,,2024,2025
,1628386,Jarrett Allen,Jarrett,1610612739,CLE,,22400212,,,,26.3,3.0,7.0,0.429,0.0,0.0,0.0,3.0,4.0,0.75,1.0,4.0,5.0,2.0,0.0,0.0,1.0,1.0,0.0,2.0,9.0,-23.0,21.0,0,0,18.0,1,1,13086,1,10915,12449,12910,13735,15070,20945,15070,4159,3754,8186,6876,6429,7268,9909,16469,12854,2537,2383,20257,6956,12445,25627,12407,2246,150,13589,1,,2024,2025
,1630596,Evan Mobley,Evan,1610612739,CLE,,22400212,,,,31.4,6.0,10.0,0.6,0.0,1.0,0.0,3.0,3.0,1.0,5.0,6.0,11.0,2.0,3.0,0.0,0.0,2.0,0.0,3.0,15.0,11.0,28.2,1,0,28.0,1,1,13086,1,6506,5250,8304,5394,15070,17631,15070,4159,6038,1,389,2943,1106,9909,2037,12854,8263,601,20257,4218,6813,4119,8103,1,150,7475,1,,2024,2025
,1629660,Ty Jerome,Ty,1610612739,CLE,,22400212,,,,21.3,5.0,9.0,0.556,2.0,5.0,0.4,0.0,0.0,0.0,2.0,2.0,4.0,6.0,2.0,3.0,0.0,0.0,3.0,0.0,12.0,21.0,32.8,0,0,30.0,1,1,13086,1,15114,7242,9700,7248,4949,6354,7874,13505,14344,13505,3306,13151,9701,2199,4442,473,8263,8846,3404,17725,9299,1041,5807,2246,150,6431,1,,2024,2025
,1628378,Donovan Mitchell,Donovan,1610612739,CLE,,22400212,,,,34.6,12.0,26.0,0.462,7.0,16.0,0.438,5.0,6.0,0.833,1.0,7.0,8.0,2.0,0.0,4.0,0.0,0.0,2.0,4.0,36.0,7.0,60.6,0,0,61.0,1,1,13086,1,3812,421,155,12428,76,31,7390,1817,1898,7275,6876,1947,2934,9909,16469,123,8263,8846,7392,2493,261,6330,304,2246,150,202,1,,2024,2025
,1629636,Darius Garland,Darius,1610612739,CLE,,22400212,,,,29.9,7.0,17.0,0.412,1.0,5.0,0.2,2.0,3.0,0.667,1.0,1.0,2.0,5.0,1.0,4.0,0.0,1.0,2.0,2.0,17.0,-14.0,37.9,0,0,33.0,1,1,13086,1,7868,3730,2289,14791,8896,6354,13429,6020,6038,9425,6876,17569,16273,3273,8788,123,8263,2383,7392,6956,5360,23203,3843,2246,150,5036,1,,2024,2025
,1627777,Georges Niang,Georges,1610612739,CLE,,22400212,,,,16.6,5.0,10.0,0.5,1.0,5.0,0.2,1.0,1.0,1.0,2.0,3.0,5.0,0.0,0.0,1.0,0.0,0.0,2.0,1.0,12.0,15.0,21.0,0,0,20.0,1,1,13086,1,18517,7242,8304,8526,8896,6354,13429,10215,12810,1,3306,9417,7268,19908,16469,5025,8263,8846,7392,11254,9299,2549,12407,2246,150,12254,1,,2024,2025
,1627747,Caris LeVert,Caris,1610612739,CLE,,22400212,,,,24.2,3.0,7.0,0.429,2.0,4.0,0.5,4.0,5.0,0.8,0.0,2.0,2.0,3.0,1.0,1.0,0.0,0.0,0.0,4.0,12.0,1.0,20.9,0,0,21.0,1,1,13086,1,12762,12449,12910,13735,4949,8688,3944,2676,2872,7681,14058,13151,16273,6913,8788,5025,8263,8846,20257,2493,9299,11263,12468,2246,150,11621,1,,2024,2025
,1630171,Isaac Okoro,Isaac,1610612739,CLE,,22400212,,,,18.9,1.0,3.0,0.333,1.0,2.0,0.5,0.0,0.0,0.0,0.0,1.0,1.0,1.0,0.0,1.0,0.0,0.0,1.0,0.0,3.0,-11.0,8.7,0,0,8.0,1,1,13086,1,16913,19033,19992,17395,8896,14411,3944,13505,14344,13505,14058,17569,19889,14293,16469,5025,8263,8846,13332,17725,19913,21738,20527,2246,150,20457,1,,2024,2025
,1630241,Sam Merrill,Sam,1610612739,CLE,,22400212,,,,18.3,0.0,5.0,0.0,0.0,5.0,0.0,0.0,0.0,0.0,0.0,1.0,1.0,3.0,1.0,0.0,0.0,0.0,3.0,0.0,0.0,11.0,4.7,0,0,4.0,1,1,13086,1,17395,22635,16437,22635,15070,6354,15070,13505,14344,13505,14058,17569,19889,6913,8788,12854,8263,8846,3404,17725,23200,4119,22851,2246,150,22929,1,,2024,2025
,1629731,Dean Wade,Dean,1610612739,CLE,,22400212,,,,18.7,1.0,3.0,0.333,1.0,2.0,0.5,0.0,2.0,0.0,0.0,4.0,4.0,2.0,0.0,0.0,2.0,1.0,0.0,1.0,3.0,12.0,16.8,0,0,14.0,1,1,13086,1,17048,19033,19992,17395,8896,14411,3944,13505,7446,13505,14058,6429,9701,9909,16469,12854,808,2383,20257,11254,19913,3654,15212,2246,150,16370,1,,2024,2025
,1629636,Darius Garland,Darius,1610612739,CLE,,22400199,,,,32.3,8.0,11.0,0.727,2.0,5.0,0.4,2.0,2.0,1.0,0.0,1.0,1.0,6.0,3.0,1.0,0.0,0.0,3.0,2.0,20.0,-2.0,30.2,0,0,31.0,1,1,13086,1,5765,2561,7071,2666,4949,6354,7874,6020,7446,1,14058,17569,19889,2199,2037,5025,8263,8846,3404,6956,3676,14448,7080,2246,150,5932,1,,2024,2025
,1628378,Donovan Mitchell,Donovan,1610612739,CLE,,22400199,,,,34.5,5.0,12.0,0.417,4.0,6.0,0.667,8.0,8.0,1.0,0.0,1.0,1.0,1.0,1.0,1.0,0.0,0.0,2.0,3.0,22.0,4.0,26.7,0,0,30.0,1,1,13086,1,3822,7242,5979,14532,1130,4502,1957,481,912,1,14058,17569,19889,14293,8788,5025,8263,8846,7392,4218,2824,8479,8980,2246,150,6431,1,,2024,2025
,1629660,Ty Jerome,Ty,1610612739,CLE,,22400199,,,,18.1,2.0,4.0,0.5,0.0,1.0,0.0,0.0,0.0,0.0,0.0,1.0,1.0,5.0,1.0,2.0,0.0,0.0,1.0,0.0,4.0,16.0,17.7,0,0,14.0,1,1,13086,1,17522,15612,18231,8526,15070,17631,15070,13505,14344,13505,14058,17569,19889,3273,8788,1671,8263,8846,13332,17725,18599,2243,14610,2246,150,16370,1,,2024,2025
,1627777,Georges Niang,Georges,1610612739,CLE,,22400199,,,,14.7,4.0,6.0,0.667,0.0,1.0,0.0,0.0,0.0,0.0,0.0,2.0,2.0,1.0,1.0,0.0,1.0,0.0,3.0,0.0,8.0,9.0,13.9,0,0,13.0,1,1,13086,1,19758,9611,14618,3281,15070,17631,15070,13505,14344,13505,14058,13151,16273,14293,8788,12854,2537,8846,3404,17725,13544,5125,17066,2246,150,17050,1,,2024,2025
,1627747,Caris LeVert,Caris,1610612739,CLE,,22400199,,,,31.4,6.0,11.0,0.545,0.0,4.0,0.0,0.0,0.0,0.0,0.0,2.0,2.0,6.0,1.0,1.0,2.0,0.0,2.0,1.0,12.0,19.0,31.4,0,0,26.0,1,1,13086,1,6521,5250,7071,7695,15070,8688,15070,13505,14344,13505,14058,13151,16273,2199,8788,5025,808,8846,7392,11254,9299,1456,6467,2246,150,8551,1,,2024,2025
,1630171,Isaac Okoro,Isaac,1610612739,CLE,,22400199,,,,14.9,1.0,5.0,0.2,0.0,3.0,0.0,1.0,2.0,0.5,0.0,1.0,1.0,1.0,0.0,0.0,0.0,0.0,1.0,1.0,3.0,-20.0,5.7,0,0,5.0,1,1,13086,1,19625,19033,16437,21401,15070,11494,15070,10215,7446,10625,14058,17569,19889,14293,16469,12854,8263,8846,13332,11254,19913,25087,22263,2246,150,22358,1,,2024,2025
,1630241,Sam Merrill,Sam,1610612739,CLE,,22400199,,,,20.0,2.0,4.0,0.5,2.0,4.0,0.5,0.0,0.0,0.0,0.0,2.0,2.0,2.0,0.0,1.0,0.0,0.0,2.0,0.0,6.0,2.0,14.4,0,0,14.0,1,1,13086,1,16022,15612,18231,8526,4949,8688,3944,13505,14344,13505,14058,13151,16273,9909,16469,5025,8263,8846,7392,17725,15937,10285,16758,2246,150,16370,1,,2024,2025
,1629731,Dean Wade,Dean,1610612739,CLE,,22400199,,,,17.7,1.0,4.0,0.25,1.0,3.0,0.333,0.0,0.0,0.0,0.0,4.0,4.0,1.0,0.0,1.0,0.0,0.0,1.0,1.0,3.0,3.0,12.3,0,0,11.0,1,1,13086,1,17749,19033,18231,20233,8896,11494,9209,13505,14344,13505,14058,6429,9701,14293,16469,5025,8263,8846,13332,11254,19913,9394,18201,2246,150,18464,1,,2024,2025
,1628386,Jarrett Allen,Jarrett,1610612739,CLE,,22400199,,,,21.1,1.0,6.0,0.167,0.0,0.0,0.0,2.0,2.0,1.0,1.0,2.0,3.0,0.0,3.0,1.0,1.0,2.0,2.0,2.0,4.0,-14.0,10.6,0,0,11.0,1,1,13086,1,15206,19033,14618,21938,15070,20945,15070,6020,7446,1,6876,13151,12778,19908,2037,5025,2537,601,7392,6956,18599,23203,19303,2246,150,18464,1,,2024,2025
,1630596,Evan Mobley,Evan,1610612739,CLE,,22400199,,,,35.3,10.0,11.0,0.909,1.0,1.0,1.0,2.0,5.0,0.4,3.0,13.0,16.0,1.0,4.0,4.0,1.0,0.0,1.0,4.0,23.0,8.0,54.7,1,0,51.0,1,1,13086,1,3274,1099,7071,1292,8896,17631,1,6020,2872,13061,1615,82,145,14293,877,123,2537,8846,13332,2493,2434,5660,685,1,150,822,1,,2024,2025
,1629636,Darius Garland,Darius,1610612739,CLE,,22400188,,,,30.3,9.0,17.0,0.529,6.0,11.0,0.545,3.0,4.0,0.75,0.0,3.0,3.0,6.0,4.0,3.0,0.0,1.0,0.0,4.0,27.0,30.0,44.6,0,0,48.0,1,1,13086,1,7510,1688,2289,8281,202,499,3863,4159,3754,8186,14058,9417,12778,2199,877,473,8263,2383,20257,2493,1351,199,2106,2246,150,1176,1,,2024,2025
,1628386,Jarrett Allen,Jarrett,1610612739,CLE,,22400188,,,,30.3,5.0,7.0,0.714,0.0,0.0,0.0,3.0,5.0,0.6,4.0,8.0,12.0,3.0,3.0,0.0,1.0,0.0,1.0,3.0,13.0,30.0,31.9,1,0,30.0,1,1,13086,1,7510,7242,12910,2752,15070,20945,15070,4159,2872,10343,785,1271,760,6913,2037,12854,2537,8846,13332,4218,8426,199,6220,1,150,6431,1,,2024,2025
,1629660,Ty Jerome,Ty,1610612739,CLE,,22400188,,,,21.3,7.0,8.0,0.875,3.0,3.0,1.0,3.0,3.0,1.0,1.0,0.0,1.0,3.0,3.0,0.0,0.0,0.0,2.0,2.0,20.0,13.0,22.7,0,0,27.0,1,1,13086,1,15114,3730,11288,1353,2458,11494,1,4159,6038,1,6876,22137,19889,6913,2037,12854,8263,8846,7392,6956,3676,3250,11343,2246,150,7999,1,,2024,2025
,1630171,Isaac Okoro,Isaac,1610612739,CLE,,22400188,,,,26.5,6.0,10.0,0.6,4.0,6.0,0.667,0.0,0.0,0.0,1.0,0.0,1.0,4.0,0.0,0.0,1.0,2.0,2.0,2.0,16.0,32.0,26.2,0,0,27.0,1,1,13086,1,10724,5250,8304,5394,1130,4502,1957,13505,14344,13505,6876,22137,19889,4780,16469,12854,2537,601,7392,6956,6070,119,9269,2246,150,7999,1,,2024,2025
,1630596,Evan Mobley,Evan,1610612739,CLE,,22400188,,,,26.4,7.0,12.0,0.583,0.0,3.0,0.0,9.0,10.0,0.9,0.0,4.0,4.0,4.0,2.0,1.0,2.0,0.0,0.0,7.0,23.0,7.0,40.8,0,0,37.0,1,1,13086,1,10788,3730,5979,6296,15070,11494,15070,318,423,6805,14058,6429,9701,4780,4442,5025,808,8846,20257,426,2434,6330,3016,2246,150,3591,1,,2024,2025
,1629731,Dean Wade,Dean,1610612739,CLE,,22400188,,,,18.3,1.0,1.0,1.0,1.0,1.0,1.0,0.0,0.0,0.0,1.0,5.0,6.0,2.0,0.0,0.0,2.0,0.0,1.0,1.0,3.0,2.0,19.2,0,0,16.0,1,1,13086,1,17330,19033,23259,1,8896,17631,1,13505,14344,13505,6876,4392,5362,9909,16469,12854,808,8846,13332,11254,19913,10285,13638,2246,150,14948,1,,2024,2025
,1630241,Sam Merrill,Sam,1610612739,CLE,,22400188,,,,14.6,1.0,4.0,0.25,1.0,4.0,0.25,2.0,2.0,1.0,0.0,2.0,2.0,1.0,0.0,0.0,0.0,0.0,0.0,1.0,5.0,-3.0,8.9,0,0,9.0,1,1,13086,1,19826,19033,18231,20233,8896,8688,11902,6020,7446,1,14058,13151,16273,14293,16469,12854,8263,8846,20257,11254,17323,15511,20412,2246,150,19766,1,,2024,2025
,1642281,Jaylon Tyson,Jaylon,1610612739,CLE,,22400188,,,,3.4,0.0,2.0,0.0,0.0,2.0,0.0,0.0,0.0,0.0,0.0,0.0,0.0,0.0,1.0,0.0,0.0,0.0,0.0,0.0,0.0,-9.0,-1.0,0,0,0.0,1,1,13086,1,24743,22635,21660,22635,15070,14411,15070,13505,14344,13505,14058,22137,23286,19908,8788,12854,8263,8846,20257,17725,23200,20535,26163,2246,150,25259,1,,2024,2025
,1627747,Caris LeVert,Caris,1610612739,CLE,,22400188,,,,21.2,2.0,5.0,0.4,2.0,3.0,0.667,2.0,2.0,1.0,2.0,5.0,7.0,4.0,1.0,3.0,1.0,0.0,0.0,1.0,8.0,16.0,33.4,0,0,29.0,1,1,13086,1,15144,15612,16437,14933,4949,11494,1957,6020,7446,1,3306,4392,3946,4780,8788,473,2537,8846,20257,11254,13544,2243,5535,2246,150,6953,1,,2024,2025
,202684,Tristan Thompson,Tristan,1610612739,CLE,,22400188,,,,3.4,0.0,1.0,0.0,0.0,0.0,0.0,0.0,0.0,0.0,0.0,0.0,0.0,0.0,0.0,0.0,0.0,1.0,0.0,0.0,0.0,-9.0,0.0,0,0,0.0,1,1,13086,1,24743,22635,23259,22635,15070,20945,15070,13505,14344,13505,14058,22137,23286,19908,16469,12854,8263,2383,20257,17725,23200,20535,25228,2246,150,25259,1,,2024,2025
,1627777,Georges Niang,Georges,1610612739,CLE,,22400188,,,,14.4,3.0,4.0,0.75,1.0,2.0,0.5,0.0,0.0,0.0,0.0,2.0,2.0,1.0,1.0,0.0,0.0,0.0,2.0,0.0,7.0,-12.0,9.9,0,0,11.0,1,1,13086,1,19961,12449,18231,2107,8896,14411,3944,13505,14344,13505,14058,13151,16273,14293,8788,12854,8263,8846,7392,17725,14857,22309,19759,2246,150,18464,1,,2024,2025
,1641854,Craig Porter Jr.,Craig,1610612739,CLE,,22400188,,,,3.4,1.0,1.0,1.0,0.0,0.0,0.0,0.0,0.0,0.0,0.0,0.0,0.0,1.0,0.0,0.0,0.0,0.0,0.0,0.0,2.0,-9.0,3.5,0,0,3.0,1,1,13086,1,24743,19033,23259,1,15070,20945,15070,13505,14344,13505,14058,22137,23286,14293,16469,12854,8263,8846,20257,17725,21232,20535,23487,2246,150,23533,1,,2024,2025
,1628378,Donovan Mitchell,Donovan,1610612739,CLE,,22400188,,,,26.4,4.0,13.0,0.308,2.0,7.0,0.286,2.0,2.0,1.0,0.0,5.0,5.0,4.0,4.0,0.0,0.0,0.0,4.0,3.0,12.0,7.0,20.0,0,0,23.0,1,1,13086,1,10788,9611,5079,19226,4949,3100,11433,6020,7446,1,14058,4392,7268,4780,877,12854,8263,8846,1150,4218,9299,6330,13097,2246,150,10339,1,,2024,2025
,1641854,Craig Porter Jr.,Craig,1610612739,CLE,,22400175,,,,5.2,2.0,3.0,0.667,1.0,1.0,1.0,0.0,0.0,0.0,0.0,1.0,1.0,0.0,1.0,0.0,2.0,1.0,1.0,0.0,5.0,4.0,11.2,0,0,11.0,1,1,13086,1,23905,15612,19992,3281,8896,17631,1,13505,14344,13505,14058,17569,19889,19908,8788,12854,808,2383,13332,17725,17323,8479,18904,2246,150,18464,1,,2024,2025
,1629636,Darius Garland,Darius,1610612739,CLE,,22400175,,,,30.0,5.0,10.0,0.5,4.0,6.0,0.667,0.0,0.0,0.0,0.0,1.0,1.0,9.0,3.0,1.0,1.0,0.0,2.0,4.0,14.0,14.0,31.7,0,0,32.0,1,1,13086,1,7811,7242,8304,8526,1130,4502,1957,13505,14344,13505,14058,17569,19889,635,2037,5025,2537,8846,7392,2493,7553,2867,6320,2246,150,5433,1,,2024,2025
,1627747,Caris LeVert,Caris,1610612739,CLE,,22400175,,,,27.8,7.0,13.0,0.538,2.0,4.0,0.5,0.0,0.0,0.0,2.0,4.0,6.0,6.0,1.0,1.0,0.0,2.0,0.0,0.0,16.0,6.0,34.2,0,0,32.0,1,1,13086,1,9729,3730,5079,7978,4949,8688,3944,13505,14344,13505,3306,6429,5362,2199,8788,5025,8263,601,20257,17725,6070,7002,5198,2246,150,5433,1,,2024,2025
,1627777,Georges Niang,Georges,1610612739,CLE,,22400175,,,,21.1,4.0,8.0,0.5,1.0,5.0,0.2,0.0,0.0,0.0,0.0,2.0,2.0,2.0,0.0,0.0,1.0,0.0,2.0,0.0,9.0,-7.0,17.4,0,0,16.0,1,1,13086,1,15204,9611,11288,8526,8896,6354,13429,13505,14344,13505,14058,13151,16273,9909,16469,12854,2537,8846,7392,17725,12445,19141,14816,2246,150,14948,1,,2024,2025
,1628378,Donovan Mitchell,Donovan,1610612739,CLE,,22400175,,,,33.7,10.0,20.0,0.5,3.0,9.0,0.333,6.0,6.0,1.0,0.0,4.0,4.0,3.0,2.0,1.0,1.0,1.0,1.0,4.0,29.0,4.0,42.3,0,0,43.0,1,1,13086,1,4517,1099,1105,8526,2458,1295,9209,1180,1898,1,14058,6429,9701,6913,4442,5025,2537,2383,13332,2493,994,8479,2645,2246,150,2014,1,,2024,2025
,1630596,Evan Mobley,Evan,1610612739,CLE,,22400175,,,,28.5,7.0,16.0,0.438,0.0,1.0,0.0,1.0,3.0,0.333,5.0,4.0,9.0,3.0,1.0,0.0,3.0,3.0,6.0,2.0,15.0,-7.0,38.3,0,0,33.0,1,1,13086,1,9103,3730,2836,13558,15070,17631,15070,10215,6038,13132,389,6429,2169,6913,8788,12854,252,131,1,6956,6813,19141,3719,2246,150,5036,1,,2024,2025
,1628386,Jarrett Allen,Jarrett,1610612739,CLE,,22400175,,,,34.8,7.0,10.0,0.7,0.0,0.0,0.0,2.0,2.0,1.0,2.0,12.0,14.0,2.0,0.0,1.0,2.0,0.0,5.0,1.0,16.0,24.0,44.8,1,0,38.0,1,1,13086,1,3612,3730,8304,3045,15070,20945,15070,6020,7446,1,3306,169,349,9909,16469,5025,808,8846,217,11254,6070,634,2057,1,150,3270,1,,2024,2025
,1629660,Ty Jerome,Ty,1610612739,CLE,,22400175,,,,15.8,4.0,7.0,0.571,2.0,2.0,1.0,1.0,2.0,0.5,1.0,2.0,3.0,5.0,1.0,2.0,0.0,1.0,1.0,2.0,11.0,1.0,27.1,0,0,25.0,1,1,13086,1,19061,9611,12910,6538,4949,14411,1,10215,7446,10625,6876,13151,12778,3273,8788,1671,8263,2383,13332,6956,10323,11263,8739,2246,150,9137,1,,2024,2025
,1630241,Sam Merrill,Sam,1610612739,CLE,,22400175,,,,19.2,3.0,6.0,0.5,3.0,6.0,0.5,0.0,0.0,0.0,1.0,1.0,2.0,0.0,2.0,0.0,0.0,0.0,3.0,1.0,9.0,0.0,9.4,0,0,14.0,1,1,13086,1,16665,12449,14618,8526,2458,4502,3944,13505,14344,13505,6876,17569,16273,19908,4442,12854,8263,8846,3404,11254,12445,12240,20083,2246,150,16370,1,,2024,2025
,1630171,Isaac Okoro,Isaac,1610612739,CLE,,22400175,,,,23.9,3.0,3.0,1.0,1.0,1.0,1.0,0.0,0.0,0.0,1.0,3.0,4.0,3.0,0.0,0.0,0.0,0.0,0.0,0.0,7.0,6.0,16.3,0,0,15.0,1,1,13086,1,13027,12449,19992,1,8896,17631,1,13505,14344,13505,6876,9417,9701,6913,16469,12854,8263,8846,20257,17725,14857,7002,15551,2246,150,15689,1,,2024,2025
,1630171,Isaac Okoro,Isaac,1610612739,CLE,,22400154,,,,26.3,2.0,5.0,0.4,1.0,3.0,0.333,0.0,0.0,0.0,2.0,1.0,3.0,2.0,1.0,1.0,0.0,1.0,4.0,0.0,5.0,20.0,13.6,0,0,13.0,1,1,13086,1,10896,15612,16437,14933,8896,11494,9209,13505,14344,13505,3306,17569,12778,9909,8788,5025,8263,2383,1150,17725,17323,1243,17296,2246,150,17050,1,,2024,2025
,1628378,Donovan Mitchell,Donovan,1610612739,CLE,,22400154,,,,31.1,5.0,15.0,0.333,3.0,7.0,0.429,1.0,2.0,0.5,0.0,4.0,4.0,4.0,4.0,2.0,0.0,1.0,0.0,4.0,14.0,3.0,26.8,0,0,29.0,1,1,13086,1,6807,7242,3491,17395,2458,3100,7394,10215,7446,10625,14058,6429,9701,4780,877,1671,8263,2383,20257,2493,7553,9394,8917,2246,150,6953,1,,2024,2025
,1641854,Craig Porter Jr.,Craig,1610612739,CLE,,22400154,,,,5.5,0.0,0.0,0.0,0.0,0.0,0.0,0.0,0.0,0.0,0.0,0.0,0.0,0.0,1.0,0.0,0.0,0.0,0.0,0.0,0.0,2.0,-1.0,0,0,0.0,1,1,13086,1,23802,22635,24836,22635,15070,20945,15070,13505,14344,13505,14058,22137,23286,19908,8788,12854,8263,8846,20257,17725,23200,10285,26163,2246,150,25259,1,,2024,2025
,1631247,Luke Travers,Luke,1610612739,CLE,,22400154,,,,3.5,0.0,0.0,0.0,0.0,0.0,0.0,0.0,0.0,0.0,0.0,1.0,1.0,0.0,0.0,0.0,0.0,0.0,3.0,0.0,0.0,-2.0,1.2,0,0,1.0,1,1,13086,1,24728,22635,24836,22635,15070,20945,15070,13505,14344,13505,14058,17569,19889,19908,16469,12854,8263,8846,3404,17725,23200,14448,24725,2246,150,24667,1,,2024,2025
,1629660,Ty Jerome,Ty,1610612739,CLE,,22400154,,,,18.7,3.0,4.0,0.75,0.0,1.0,0.0,0.0,1.0,0.0,0.0,0.0,0.0,1.0,0.0,2.0,0.0,0.0,0.0,2.0,6.0,-15.0,13.5,0,0,11.0,1,1,13086,1,17015,12449,18231,2107,15070,17631,15070,13505,12810,13505,14058,22137,23286,14293,16469,1671,8263,8846,20257,6956,15937,23599,17367,2246,150,18464,1,,2024,2025
,1630596,Evan Mobley,Evan,1610612739,CLE,,22400154,,,,31.9,6.0,15.0,0.4,1.0,3.0,0.333,4.0,6.0,0.667,1.0,4.0,5.0,3.0,0.0,0.0,3.0,1.0,1.0,5.0,17.0,1.0,36.5,0,0,32.0,1,1,13086,1,6101,5250,3491,14933,8896,11494,9209,2676,1898,9425,6876,6429,7268,6913,16469,12854,252,2383,13332,1447,5360,11263,4329,2246,150,5433,1,,2024,2025
,1628386,Jarrett Allen,Jarrett,1610612739,CLE,,22400154,,,,34.7,7.0,14.0,0.5,0.0,0.0,0.0,0.0,2.0,0.0,1.0,14.0,15.0,6.0,0.0,2.0,1.0,2.0,0.0,2.0,14.0,6.0,50.0,1,0,41.0,1,1,13086,1,3686,3730,4240,8526,15070,20945,15070,13505,7446,13505,6876,50,224,2199,16469,1671,2537,601,20257,6956,7553,7002,1173,1,150,2498,1,,2024,2025
,1629636,Darius Garland,Darius,1610612739,CLE,,22400154,,,,34.8,15.0,22.0,0.682,7.0,11.0,0.636,2.0,2.0,1.0,1.0,1.0,2.0,8.0,2.0,0.0,0.0,0.0,1.0,2.0,39.0,7.0,51.4,0,0,56.0,1,1,13086,1,3654,82,626,3269,76,499,2842,6020,7446,1,6876,17569,16273,963,4442,12854,8263,8846,13332,6956,140,6330,992,2246,150,408,1,,2024,2025
,1627777,Georges Niang,Georges,1610612739,CLE,,22400154,,,,26.3,3.0,6.0,0.5,3.0,6.0,0.5,0.0,0.0,0.0,0.0,4.0,4.0,2.0,0.0,1.0,0.0,0.0,5.0,0.0,9.0,-1.0,19.8,0,0,20.0,1,1,13086,1,10887,12449,14618,8526,2458,4502,3944,13505,14344,13505,14058,6429,9701,9909,16469,5025,8263,8846,217,17725,12445,13450,13241,2246,150,12254,1,,2024,2025
,1630241,Sam Merrill,Sam,1610612739,CLE,,22400154,,,,27.3,5.0,10.0,0.5,2.0,6.0,0.333,0.0,0.0,0.0,0.0,5.0,5.0,2.0,2.0,2.0,0.0,1.0,1.0,0.0,12.0,-11.0,25.0,0,0,25.0,1,1,13086,1,10096,7242,8304,8526,4949,4502,9209,13505,14344,13505,14058,4392,7268,9909,4442,1671,8263,2383,13332,17725,9299,21738,9980,2246,150,9137,1,,2024,2025
,1628378,Donovan Mitchell,Donovan,1610612739,CLE,,22400145,,,,34.5,11.0,25.0,0.44,4.0,8.0,0.5,4.0,4.0,1.0,2.0,1.0,3.0,4.0,1.0,0.0,0.0,1.0,1.0,4.0,30.0,-8.0,38.6,0,0,41.0,1,1,13086,1,3818,704,226,13537,1130,2050,3944,2676,3754,1,3306,17569,12778,4780,8788,12854,8263,2383,13332,2493,830,19855,3638,2246,150,2498,1,,2024,2025
,1629636,Darius Garland,Darius,1610612739,CLE,,22400145,,,,33.6,5.0,13.0,0.385,1.0,5.0,0.2,0.0,0.0,0.0,2.0,1.0,3.0,10.0,0.0,0.0,0.0,0.0,2.0,1.0,11.0,-2.0,29.6,1,0,25.0,1,1,13086,1,4680,7242,5079,16070,8896,6354,13429,13505,14344,13505,3306,17569,12778,386,16469,12854,8263,8846,7392,11254,10323,14448,7359,1,150,9137,1,,2024,2025
,1628386,Jarrett Allen,Jarrett,1610612739,CLE,,22400145,,,,32.4,6.0,10.0,0.6,0.0,0.0,0.0,3.0,6.0,0.5,2.0,10.0,12.0,1.0,2.0,1.0,0.0,1.0,2.0,6.0,15.0,-12.0,31.9,1,0,30.0,1,1,13086,1,5633,5250,8304,5394,15070,20945,15070,4159,1898,10625,3306,483,760,14293,4442,5025,8263,2383,7392,792,6813,22309,6220,1,150,6431,1,,2024,2025
,1630171,Isaac Okoro,Isaac,1610612739,CLE,,22400145,,,,28.1,4.0,5.0,0.8,3.0,4.0,0.75,2.0,2.0,1.0,2.0,6.0,8.0,1.0,0.0,1.0,0.0,0.0,5.0,3.0,13.0,12.0,27.1,0,0,27.0,1,1,13086,1,9459,9611,16437,1688,2458,8688,1542,6020,7446,1,3306,2943,2934,14293,16469,5025,8263,8846,217,4218,8426,3654,8739,2246,150,7999,1,,2024,2025
,1629660,Ty Jerome,Ty,1610612739,CLE,,22400145,,,,8.8,1.0,2.0,0.5,0.0,0.0,0.0,1.0,1.0,1.0,0.0,2.0,2.0,3.0,0.0,0.0,0.0,0.0,1.0,1.0,3.0,2.0,9.9,0,0,8.0,1,1,13086,1,22540,19033,21660,8526,15070,20945,15070,10215,12810,1,14058,13151,16273,6913,16469,12854,8263,8846,13332,11254,19913,10285,19759,2246,150,20457,1,,2024,2025
,1630596,Evan Mobley,Evan,1610612739,CLE,,22400145,,,,31.6,7.0,13.0,0.538,0.0,1.0,0.0,0.0,0.0,0.0,1.0,6.0,7.0,5.0,1.0,0.0,0.0,1.0,4.0,2.0,14.0,-2.0,28.9,0,0,26.0,1,1,13086,1,6350,3730,5079,7978,15070,17631,15070,13505,14344,13505,6876,2943,3946,3273,8788,12854,8263,2383,1150,6956,7553,14448,7702,2246,150,8551,1,,2024,2025
,1630241,Sam Merrill,Sam,1610612739,CLE,,22400145,,,,22.1,6.0,10.0,0.6,5.0,9.0,0.556,0.0,0.0,0.0,0.0,1.0,1.0,1.0,0.0,0.0,1.0,0.0,0.0,3.0,17.0,6.0,22.7,0,0,26.0,1,1,13086,1,14442,5250,8304,5394,492,1295,3747,13505,14344,13505,14058,17569,19889,14293,16469,12854,2537,8846,20257,4218,5360,7002,11343,2246,150,8551,1,,2024,2025
,1641854,Craig Porter Jr.,Craig,1610612739,CLE,,22400145,,,,5.4,0.0,0.0,0.0,0.0,0.0,0.0,0.0,0.0,0.0,0.0,1.0,1.0,2.0,0.0,0.0,0.0,0.0,0.0,0.0,0.0,6.0,4.2,0,0,3.0,1,1,13086,1,23813,22635,24836,22635,15070,20945,15070,13505,14344,13505,14058,17569,19889,9909,16469,12854,8263,8846,20257,17725,23200,7002,23095,2246,150,23533,1,,2024,2025
,1627777,Georges Niang,Georges,1610612739,CLE,,22400145,,,,20.7,1.0,5.0,0.2,0.0,4.0,0.0,1.0,2.0,0.5,0.0,4.0,4.0,2.0,2.0,0.0,1.0,0.0,2.0,3.0,3.0,-3.0,11.8,0,0,11.0,1,1,13086,1,15511,19033,16437,21401,15070,8688,15070,10215,7446,10625,14058,6429,9701,9909,4442,12854,2537,8846,7392,4218,19913,15511,18542,2246,150,18464,1,,2024,2025
,1629731,Dean Wade,Dean,1610612739,CLE,,22400145,,,,22.8,3.0,8.0,0.375,2.0,7.0,0.286,0.0,0.0,0.0,1.0,3.0,4.0,2.0,1.0,1.0,0.0,0.0,3.0,0.0,8.0,6.0,17.8,0,0,18.0,1,1,13086,1,13846,12449,11288,16299,4949,3100,11433,13505,14344,13505,6876,9417,9701,9909,8788,5025,8263,8846,3404,17725,13544,7002,14543,2246,150,13589,1,,2024,2025
,1628386,Jarrett Allen,Jarrett,1610612739,CLE,,22400133,,,,28.5,1.0,3.0,0.333,0.0,0.0,0.0,0.0,0.0,0.0,2.0,9.0,11.0,1.0,2.0,1.0,1.0,0.0,2.0,1.0,2.0,12.0,20.7,0,0,18.0,1,1,13086,1,9147,19033,19992,17395,15070,20945,15070,13505,14344,13505,3306,796,1106,14293,4442,5025,2537,8846,7392,11254,21232,3654,12614,2246,150,13589,1,,2024,2025
,1630596,Evan Mobley,Evan,1610612739,CLE,,22400133,,,,29.8,6.0,11.0,0.545,1.0,3.0,0.333,1.0,1.0,1.0,1.0,11.0,12.0,3.0,3.0,1.0,1.0,0.0,1.0,4.0,14.0,9.0,35.9,1,0,34.0,1,1,13086,1,8001,5250,7071,7695,8896,11494,9209,10215,12810,1,6876,283,760,6913,2037,5025,2537,8846,13332,2493,7553,5125,4556,1,150,4638,1,,2024,2025
,1629660,Ty Jerome,Ty,1610612739,CLE,,22400133,,,,21.0,3.0,9.0,0.333,1.0,3.0,0.333,2.0,2.0,1.0,0.0,6.0,6.0,2.0,0.0,2.0,0.0,0.0,0.0,1.0,9.0,3.0,25.2,0,0,22.0,1,1,13086,1,15303,12449,9700,17395,8896,11494,9209,6020,7446,1,14058,2943,5362,9909,16469,1671,8263,8846,20257,11254,12445,9394,9847,2246,150,10998,1,,2024,2025
,1631247,Luke Travers,Luke,1610612739,CLE,,22400133,,,,4.0,1.0,1.0,1.0,0.0,0.0,0.0,2.0,2.0,1.0,1.0,1.0,2.0,2.0,0.0,0.0,1.0,0.0,0.0,1.0,4.0,-5.0,12.4,0,0,10.0,1,1,13086,1,24503,19033,23259,1,15070,20945,15070,6020,7446,1,6876,17569,16273,9909,16469,12854,2537,8846,20257,11254,18599,17436,18115,2246,150,19152,1,,2024,2025
,1628378,Donovan Mitchell,Donovan,1610612739,CLE,,22400133,,,,22.1,9.0,15.0,0.6,2.0,5.0,0.4,2.0,2.0,1.0,0.0,3.0,3.0,1.0,1.0,0.0,0.0,1.0,5.0,3.0,22.0,1.0,26.1,0,0,28.0,1,1,13086,1,14445,1688,3491,5394,4949,6354,7874,6020,7446,1,14058,9417,12778,14293,8788,12854,8263,2383,217,4218,2824,11263,9334,2246,150,7475,1,,2024,2025
,1629636,Darius Garland,Darius,1610612739,CLE,,22400133,,,,28.5,8.0,16.0,0.5,3.0,9.0,0.333,6.0,6.0,1.0,1.0,2.0,3.0,4.0,3.0,1.0,1.0,0.0,5.0,3.0,25.0,10.0,37.6,0,0,39.0,1,1,13086,1,9084,2561,2836,8526,2458,1295,9209,1180,1898,1,6876,13151,12778,4780,2037,5025,2537,8846,217,4218,1828,4588,3953,2246,150,2984,1,,2024,2025
,202684,Tristan Thompson,Tristan,1610612739,CLE,,22400133,,,,4.0,2.0,2.0,1.0,0.0,0.0,0.0,0.0,0.0,0.0,0.0,0.0,0.0,0.0,0.0,0.0,0.0,0.0,0.0,0.0,4.0,-5.0,4.0,0,0,4.0,1,1,13086,1,24503,15612,21660,1,15070,20945,15070,13505,14344,13505,14058,22137,23286,19908,16469,12854,8263,8846,20257,17725,18599,17436,23284,2246,150,22929,1,,2024,2025
,1627777,Georges Niang,Georges,1610612739,CLE,,22400133,,,,16.1,3.0,5.0,0.6,1.0,2.0,0.5,0.0,0.0,0.0,0.0,3.0,3.0,2.0,1.0,0.0,0.0,1.0,2.0,0.0,7.0,10.0,12.6,0,0,13.0,1,1,13086,1,18846,12449,16437,5394,8896,14411,3944,13505,14344,13505,14058,9417,12778,9909,8788,12854,8263,2383,7392,17725,14857,4588,17974,2246,150,17050,1,,2024,2025
,1630171,Isaac Okoro,Isaac,1610612739,CLE,,22400133,,,,19.4,3.0,7.0,0.429,2.0,4.0,0.5,1.0,2.0,0.5,1.0,0.0,1.0,0.0,0.0,1.0,0.0,1.0,0.0,1.0,9.0,-7.0,13.2,0,0,14.0,1,1,13086,1,16535,12449,12910,13735,4949,8688,3944,10215,7446,10625,6876,22137,19889,19908,16469,5025,8263,2383,20257,11254,12445,19141,17566,2246,150,16370,1,,2024,2025
,1627747,Caris LeVert,Caris,1610612739,CLE,,22400133,,,,22.3,5.0,12.0,0.417,2.0,7.0,0.286,1.0,2.0,0.5,0.0,3.0,3.0,7.0,2.0,0.0,0.0,0.0,2.0,1.0,13.0,18.0,25.1,0,0,25.0,1,1,13086,1,14245,7242,5979,14532,4949,3100,11433,10215,7446,10625,14058,9417,12778,1463,4442,12854,8263,8846,7392,11254,8426,1677,9905,2246,150,9137,1,,2024,2025
,1629731,Dean Wade,Dean,1610612739,CLE,,22400133,,,,24.4,1.0,3.0,0.333,1.0,2.0,0.5,2.0,3.0,0.667,1.0,2.0,3.0,2.0,0.0,0.0,0.0,1.0,1.0,2.0,5.0,4.0,11.6,0,0,11.0,1,1,13086,1,12586,19033,19992,17395,8896,14411,3944,6020,6038,9425,6876,13151,12778,9909,16469,12854,8263,2383,13332,6956,17323,8479,18658,2246,150,18464,1,,2024,2025
,1630241,Sam Merrill,Sam,1610612739,CLE,,22400133,,,,20.1,2.0,3.0,0.667,2.0,3.0,0.667,0.0,0.0,0.0,0.0,2.0,2.0,1.0,0.0,0.0,0.0,0.0,3.0,0.0,6.0,5.0,9.9,0,0,11.0,1,1,13086,1,15970,15612,19992,3281,4949,11494,1957,13505,14344,13505,14058,13151,16273,14293,16469,12854,8263,8846,3404,17725,15937,7737,19759,2246,150,18464,1,,2024,2025
,202684,Tristan Thompson,Tristan,1610612739,CLE,,22400118,,,,5.3,2.0,2.0,1.0,0.0,0.0,0.0,0.0,1.0,0.0,0.0,3.0,3.0,1.0,1.0,0.0,0.0,0.0,0.0,1.0,4.0,2.0,8.1,0,0,8.0,1,1,13086,1,23875,15612,21660,1,15070,20945,15070,13505,12810,13505,14058,9417,12778,14293,8788,12854,8263,8846,20257,11254,18599,10285,20889,2246,150,20457,1,,2024,2025
,1642281,Jaylon Tyson,Jaylon,1610612739,CLE,,22400118,,,,5.3,0.0,0.0,0.0,0.0,0.0,0.0,0.0,0.0,0.0,0.0,1.0,1.0,1.0,0.0,0.0,0.0,0.0,0.0,0.0,0.0,2.0,2.7,0,0,2.0,1,1,13086,1,23875,22635,24836,22635,15070,20945,15070,13505,14344,13505,14058,17569,19889,14293,16469,12854,8263,8846,20257,17725,23200,10285,24005,2246,150,24066,1,,2024,2025
,1627747,Caris LeVert,Caris,1610612739,CLE,,22400118,,,,21.8,6.0,8.0,0.75,4.0,6.0,0.667,0.0,0.0,0.0,0.0,0.0,0.0,6.0,1.0,1.0,0.0,0.0,2.0,0.0,16.0,20.0,27.0,0,0,28.0,1,1,13086,1,14630,5250,11288,2107,1130,4502,1957,13505,14344,13505,14058,22137,23286,2199,8788,5025,8263,8846,7392,17725,6070,1243,8803,2246,150,7475,1,,2024,2025
,1630241,Sam Merrill,Sam,1610612739,CLE,,22400118,,,,21.3,1.0,4.0,0.25,1.0,4.0,0.25,0.0,0.0,0.0,0.0,0.0,0.0,3.0,0.0,2.0,0.0,0.0,2.0,0.0,3.0,25.0,13.5,0,0,11.0,1,1,13086,1,15095,19033,18231,20233,8896,8688,11902,13505,14344,13505,14058,22137,23286,6913,16469,1671,8263,8846,7392,17725,19913,535,17367,2246,150,18464,1,,2024,2025
,1629636,Darius Garland,Darius,1610612739,CLE,,22400118,,,,22.2,5.0,14.0,0.357,2.0,7.0,0.286,0.0,0.0,0.0,0.0,0.0,0.0,10.0,2.0,2.0,0.0,0.0,3.0,0.0,12.0,16.0,31.0,1,0,28.0,1,1,13086,1,14357,7242,4240,17140,4949,3100,11433,13505,14344,13505,14058,22137,23286,386,4442,1671,8263,8846,3404,17725,9299,2243,6686,1,150,7475,1,,2024,2025
,1630171,Isaac Okoro,Isaac,1610612739,CLE,,22400118,,,,20.0,1.0,3.0,0.333,1.0,2.0,0.5,0.0,0.0,0.0,0.0,0.0,0.0,0.0,0.0,1.0,0.0,0.0,5.0,0.0,3.0,4.0,6.0,0,0,6.0,1,1,13086,1,16026,19033,19992,17395,8896,14411,3944,13505,14344,13505,14058,22137,23286,19908,16469,5025,8263,8846,217,17725,19913,8479,22098,2246,150,21698,1,,2024,2025
,1627777,Georges Niang,Georges,1610612739,CLE,,22400118,,,,21.6,2.0,4.0,0.5,1.0,3.0,0.333,0.0,0.0,0.0,1.0,1.0,2.0,2.0,2.0,1.0,0.0,0.0,3.0,0.0,5.0,13.0,11.4,0,0,12.0,1,1,13086,1,14889,15612,18231,8526,8896,11494,9209,13505,14344,13505,6876,17569,16273,9909,4442,5025,8263,8846,3404,17725,17323,3250,18783,2246,150,17796,1,,2024,2025
,1628386,Jarrett Allen,Jarrett,1610612739,CLE,,22400118,,,,30.7,9.0,12.0,0.75,0.0,0.0,0.0,2.0,2.0,1.0,3.0,14.0,17.0,1.0,0.0,0.0,2.0,0.0,0.0,3.0,20.0,14.0,47.9,1,0,42.0,1,1,13086,1,7151,1688,5979,2107,15070,20945,15070,6020,7446,1,1615,50,104,14293,16469,12854,808,8846,20257,4218,3676,2867,1501,1,150,2239,1,,2024,2025
,1628378,Donovan Mitchell,Donovan,1610612739,CLE,,22400118,,,,30.5,10.0,20.0,0.5,4.0,10.0,0.4,0.0,0.0,0.0,1.0,2.0,3.0,7.0,2.0,3.0,0.0,0.0,3.0,0.0,24.0,5.0,45.1,0,0,44.0,1,1,13086,1,7367,1099,1105,8526,1130,829,7874,13505,14344,13505,6876,13151,12778,1463,4442,473,8263,8846,3404,17725,2129,7737,1991,2246,150,1816,1,,2024,2025
,1629660,Ty Jerome,Ty,1610612739,CLE,,22400118,,,,16.3,5.0,7.0,0.714,2.0,3.0,0.667,2.0,2.0,1.0,0.0,2.0,2.0,4.0,0.0,1.0,0.0,0.0,1.0,1.0,14.0,-5.0,25.4,0,0,24.0,1,1,13086,1,18704,7242,12910,2752,4949,11494,1957,6020,7446,1,14058,13151,16273,4780,16469,5025,8263,8846,13332,11254,7553,17436,9733,2246,150,9719,1,,2024,2025
,1630596,Evan Mobley,Evan,1610612739,CLE,,22400118,,,,18.8,12.0,16.0,0.75,0.0,0.0,0.0,1.0,1.0,1.0,1.0,4.0,5.0,0.0,3.0,0.0,0.0,0.0,5.0,1.0,25.0,13.0,28.0,0,0,30.0,1,1,13086,1,17005,421,2836,2107,15070,20945,15070,10215,12810,1,6876,6429,7268,19908,2037,12854,8263,8846,217,11254,1828,3250,8197,2246,150,6431,1,,2024,2025
,1629731,Dean Wade,Dean,1610612739,CLE,,22400118,,,,26.5,3.0,7.0,0.429,2.0,6.0,0.333,0.0,2.0,0.0,0.0,3.0,3.0,2.0,1.0,3.0,0.0,0.0,2.0,1.0,8.0,11.0,22.6,0,0,21.0,1,1,13086,1,10776,12449,12910,13735,4949,4502,9209,13505,7446,13505,14058,9417,12778,9909,8788,473,8263,8846,7392,11254,13544,4119,11392,2246,150,11621,1,,2024,2025
,1629636,Darius Garland,Darius,1610612739,CLE,,22400106,,,,32.8,12.0,19.0,0.632,5.0,8.0,0.625,5.0,5.0,1.0,1.0,2.0,3.0,3.0,3.0,2.0,2.0,0.0,3.0,4.0,34.0,7.0,51.1,0,0,53.0,1,1,13086,1,5364,421,1432,4871,492,2050,2868,1817,2872,1,6876,13151,12778,6913,2037,1671,808,8846,3404,2493,394,6330,1028,2246,150,632,1,,2024,2025
,1628386,Jarrett Allen,Jarrett,1610612739,CLE,,22400106,,,,31.4,5.0,7.0,0.714,0.0,0.0,0.0,5.0,7.0,0.714,5.0,10.0,15.0,1.0,2.0,1.0,0.0,0.0,2.0,7.0,15.0,2.0,35.5,1,0,33.0,1,1,13086,1,6506,7242,12910,2752,15070,20945,15070,1817,1377,9244,389,483,224,14293,4442,5025,8263,8846,7392,426,6813,10285,4709,1,150,5036,1,,2024,2025
,1630596,Evan Mobley,Evan,1610612739,CLE,,22400106,,,,35.8,7.0,12.0,0.583,1.0,1.0,1.0,2.0,2.0,1.0,0.0,8.0,8.0,1.0,1.0,0.0,3.0,1.0,4.0,2.0,17.0,14.0,36.1,0,0,33.0,1,1,13086,1,2822,3730,5979,6296,8896,17631,1,6020,7446,1,14058,1271,2934,14293,8788,12854,252,2383,1150,6956,5360,2867,4469,2246,150,5036,1,,2024,2025
,1628378,Donovan Mitchell,Donovan,1610612739,CLE,,22400106,,,,33.3,9.0,17.0,0.529,3.0,8.0,0.375,4.0,4.0,1.0,0.0,2.0,2.0,5.0,4.0,0.0,0.0,1.0,3.0,4.0,25.0,7.0,30.9,0,0,35.0,1,1,13086,1,4942,1688,2289,8281,2458,2050,8800,2676,3754,1,14058,13151,16273,3273,877,12854,8263,2383,3404,2493,1828,6330,6734,2246,150,4250,1,,2024,2025
,1627747,Caris LeVert,Caris,1610612739,CLE,,22400106,,,,26.3,1.0,4.0,0.25,0.0,2.0,0.0,3.0,4.0,0.75,1.0,3.0,4.0,3.0,2.0,2.0,0.0,1.0,1.0,3.0,5.0,19.0,18.3,0,0,16.0,1,1,13086,1,10912,19033,18231,20233,15070,14411,15070,4159,3754,8186,6876,9417,9701,6913,4442,1671,8263,2383,13332,4218,17323,1456,14218,2246,150,14948,1,,2024,2025
,1630171,Isaac Okoro,Isaac,1610612739,CLE,,22400106,,,,9.2,0.0,2.0,0.0,0.0,1.0,0.0,0.0,0.0,0.0,0.0,0.0,0.0,1.0,0.0,1.0,0.0,0.0,0.0,0.0,0.0,-15.0,4.5,0,0,3.0,1,1,13086,1,22390,22635,21660,22635,15070,17631,15070,13505,14344,13505,14058,22137,23286,14293,16469,5025,8263,8846,20257,17725,23200,23599,22935,2246,150,23533,1,,2024,2025
,1630241,Sam Merrill,Sam,1610612739,CLE,,22400106,,,,21.8,2.0,5.0,0.4,2.0,5.0,0.4,0.0,0.0,0.0,0.0,2.0,2.0,2.0,0.0,1.0,0.0,0.0,3.0,0.0,6.0,9.0,14.4,0,0,14.0,1,1,13086,1,14628,15612,16437,14933,4949,6354,7874,13505,14344,13505,14058,13151,16273,9909,16469,5025,8263,8846,3404,17725,15937,5125,16758,2246,150,16370,1,,2024,2025
,1629731,Dean Wade,Dean,1610612739,CLE,,22400106,,,,28.3,0.0,5.0,0.0,0.0,5.0,0.0,1.0,2.0,0.5,1.0,2.0,3.0,4.0,0.0,0.0,0.0,0.0,1.0,1.0,1.0,-14.0,10.6,0,0,8.0,1,1,13086,1,9338,22635,16437,22635,15070,6354,15070,10215,7446,10625,6876,13151,12778,4780,16469,12854,8263,8846,13332,11254,22996,23203,19303,2246,150,20457,1,,2024,2025
,1627777,Georges Niang,Georges,1610612739,CLE,,22400106,,,,14.5,2.0,6.0,0.333,1.0,4.0,0.25,0.0,0.0,0.0,1.0,3.0,4.0,1.0,0.0,1.0,0.0,0.0,2.0,0.0,5.0,14.0,14.3,0,0,13.0,1,1,13086,1,19863,15612,14618,17395,8896,8688,11902,13505,14344,13505,6876,9417,9701,14293,16469,5025,8263,8846,7392,17725,17323,2867,16842,2246,150,17050,1,,2024,2025
,1629660,Ty Jerome,Ty,1610612739,CLE,,22400106,,,,6.7,1.0,5.0,0.2,0.0,2.0,0.0,0.0,0.0,0.0,0.0,0.0,0.0,0.0,1.0,2.0,0.0,0.0,1.0,0.0,2.0,-13.0,7.0,0,0,6.0,1,1,13086,1,23293,19033,16437,21401,15070,14411,15070,13505,14344,13505,14058,22137,23286,19908,8788,1671,8263,8846,13332,17725,21232,22771,21542,2246,150,21698,1,,2024,2025
,1641854,Craig Porter Jr.,Craig,1610612739,CLE,,22400090,,,,3.4,0.0,0.0,0.0,0.0,0.0,0.0,0.0,0.0,0.0,0.0,2.0,2.0,1.0,0.0,0.0,2.0,0.0,0.0,0.0,0.0,-1.0,9.9,0,0,7.0,1,1,13086,1,24790,22635,24836,22635,15070,20945,15070,13505,14344,13505,14058,13151,16273,14293,16469,12854,808,8846,20257,17725,23200,13450,19759,2246,150,21087,1,,2024,2025
,202684,Tristan Thompson,Tristan,1610612739,CLE,,22400090,,,,5.3,0.0,0.0,0.0,0.0,0.0,0.0,0.0,4.0,0.0,0.0,1.0,1.0,0.0,1.0,0.0,0.0,0.0,1.0,2.0,0.0,-3.0,0.2,0,0,1.0,1,1,13086,1,23861,22635,24836,22635,15070,20945,15070,13505,3754,13505,14058,17569,19889,19908,8788,12854,8263,8846,13332,6956,23200,15511,25158,2246,150,24667,1,,2024,2025
,1628386,Jarrett Allen,Jarrett,1610612739,CLE,,22400090,,,,25.1,10.0,10.0,1.0,0.0,0.0,0.0,3.0,4.0,0.75,1.0,4.0,5.0,1.0,0.0,1.0,2.0,0.0,1.0,4.0,23.0,13.0,39.5,0,0,35.0,1,1,13086,1,11944,1099,8304,1,15070,20945,15070,4159,3754,8186,6876,6429,7268,14293,16469,5025,808,8846,13332,2493,2434,3250,3365,2246,150,4250,1,,2024,2025
,1629660,Ty Jerome,Ty,1610612739,CLE,,22400090,,,,15.2,4.0,6.0,0.667,1.0,1.0,1.0,5.0,6.0,0.833,1.0,1.0,2.0,3.0,1.0,1.0,0.0,0.0,1.0,3.0,14.0,-4.0,22.9,0,0,22.0,1,1,13086,1,19456,9611,14618,3281,8896,17631,1,1817,1898,7275,6876,17569,16273,6913,8788,5025,8263,8846,13332,4218,7553,16449,11219,2246,150,10998,1,,2024,2025
,1629731,Dean Wade,Dean,1610612739,CLE,,22400090,,,,18.8,1.0,4.0,0.25,0.0,3.0,0.0,0.0,0.0,0.0,0.0,5.0,5.0,1.0,0.0,1.0,0.0,0.0,3.0,0.0,2.0,15.0,12.5,0,0,10.0,1,1,13086,1,17005,19033,18231,20233,15070,11494,15070,13505,14344,13505,14058,4392,7268,14293,16469,5025,8263,8846,3404,17725,21232,2549,18057,2246,150,19152,1,,2024,2025
,1628378,Donovan Mitchell,Donovan,1610612739,CLE,,22400090,,,,29.3,11.0,18.0,0.611,6.0,11.0,0.545,2.0,3.0,0.667,1.0,3.0,4.0,5.0,5.0,4.0,0.0,1.0,1.0,3.0,30.0,18.0,49.3,0,0,53.0,1,1,13086,1,8400,704,1822,5351,202,499,3863,6020,6038,9425,6876,9417,9701,3273,387,123,8263,2383,13332,4218,830,1677,1277,2246,150,632,1,,2024,2025
,1630596,Evan Mobley,Evan,1610612739,CLE,,22400090,,,,32.3,4.0,13.0,0.308,0.0,2.0,0.0,5.0,7.0,0.714,1.0,12.0,13.0,4.0,2.0,0.0,2.0,2.0,4.0,4.0,13.0,14.0,38.6,1,0,34.0,1,1,13086,1,5727,9611,5079,19226,15070,14411,15070,1817,1377,9244,6876,169,534,4780,4442,12854,808,601,1150,2493,8426,2867,3638,1,150,4638,1,,2024,2025
,1629636,Darius Garland,Darius,1610612739,CLE,,22400090,,,,23.9,9.0,11.0,0.818,4.0,5.0,0.8,1.0,1.0,1.0,0.0,2.0,2.0,5.0,4.0,2.0,0.0,0.0,4.0,2.0,23.0,17.0,34.9,0,0,38.0,1,1,13086,1,12961,1688,7071,1653,1130,6354,1389,10215,12810,1,14058,13151,16273,3273,877,1671,8263,8846,1150,6956,2434,1948,4924,2246,150,3270,1,,2024,2025
,1630171,Isaac Okoro,Isaac,1610612739,CLE,,22400090,,,,18.9,0.0,4.0,0.0,0.0,1.0,0.0,3.0,5.0,0.6,3.0,2.0,5.0,1.0,1.0,2.0,2.0,3.0,2.0,2.0,3.0,4.0,21.5,0,0,17.0,1,1,13086,1,16903,22635,18231,22635,15070,17631,15070,4159,2872,10343,1615,13151,7268,14293,8788,1671,808,131,7392,6956,19913,8479,12085,2246,150,14250,1,,2024,2025
,1627777,Georges Niang,Georges,1610612739,CLE,,22400090,,,,21.2,1.0,7.0,0.143,1.0,6.0,0.167,0.0,0.0,0.0,3.0,3.0,6.0,1.0,0.0,1.0,0.0,1.0,2.0,0.0,3.0,7.0,14.7,0,0,13.0,1,1,13086,1,15129,19033,12910,22260,8896,4502,14236,13505,14344,13505,1615,9417,5362,14293,16469,5025,8263,2383,7392,17725,19913,6330,16557,2246,150,17050,1,,2024,2025
,1642281,Jaylon Tyson,Jaylon,1610612739,CLE,,22400090,,,,7.9,1.0,3.0,0.333,1.0,1.0,1.0,0.0,0.0,0.0,0.0,1.0,1.0,0.0,1.0,0.0,0.0,1.0,5.0,0.0,3.0,-3.0,3.2,0,0,5.0,1,1,13086,1,22842,19033,19992,17395,8896,17631,1,13505,14344,13505,14058,17569,19889,19908,8788,12854,8263,2383,217,17725,19913,15511,23585,2246,150,22358,1,,2024,2025
,1630241,Sam Merrill,Sam,1610612739,CLE,,22400090,,,,19.6,3.0,8.0,0.375,3.0,7.0,0.429,2.0,2.0,1.0,1.0,1.0,2.0,1.0,1.0,1.0,0.0,1.0,2.0,3.0,11.0,12.0,16.9,0,0,19.0,1,1,13086,1,16344,12449,11288,16299,2458,3100,7394,6020,7446,1,6876,17569,16273,14293,8788,5025,8263,2383,7392,4218,10323,3654,15134,2246,150,12913,1,,2024,2025
,1627747,Caris LeVert,Caris,1610612739,CLE,,22400090,,,,19.2,3.0,4.0,0.75,2.0,2.0,1.0,2.0,2.0,1.0,0.0,0.0,0.0,4.0,0.0,0.0,2.0,0.0,1.0,2.0,10.0,6.0,22.0,0,0,20.0,1,1,13086,1,16683,12449,18231,2107,4949,14411,1,6020,7446,1,14058,22137,23286,4780,16469,12854,808,8846,13332,6956,11377,7002,11755,2246,150,12254,1,,2024,2025
,1642281,Jaylon Tyson,Jaylon,1610612739,CLE,,22400080,,,,1.3,0.0,0.0,0.0,0.0,0.0,0.0,0.0,0.0,0.0,0.0,0.0,0.0,0.0,0.0,0.0,0.0,0.0,0.0,0.0,0.0,0.0,0.0,0,0,0.0,1,1,13086,1,25922,22635,24836,22635,15070,20945,15070,13505,14344,13505,14058,22137,23286,19908,16469,12854,8263,8846,20257,17725,23200,12240,25228,2246,150,25259,1,,2024,2025
,1641854,Craig Porter Jr.,Craig,1610612739,CLE,,22400080,,,,1.3,0.0,0.0,0.0,0.0,0.0,0.0,0.0,0.0,0.0,0.0,0.0,0.0,0.0,0.0,0.0,0.0,0.0,0.0,0.0,0.0,0.0,0.0,0,0,0.0,1,1,13086,1,25922,22635,24836,22635,15070,20945,15070,13505,14344,13505,14058,22137,23286,19908,16469,12854,8263,8846,20257,17725,23200,12240,25228,2246,150,25259,1,,2024,2025
,1630241,Sam Merrill,Sam,1610612739,CLE,,22400080,,,,15.8,0.0,4.0,0.0,0.0,4.0,0.0,0.0,0.0,0.0,0.0,1.0,1.0,2.0,0.0,1.0,0.0,0.0,1.0,1.0,0.0,2.0,7.2,0,0,5.0,1,1,13086,1,19061,22635,18231,22635,15070,8688,15070,13505,14344,13505,14058,17569,19889,9909,16469,5025,8263,8846,13332,11254,23200,10285,21393,2246,150,22358,1,,2024,2025
,1627777,Georges Niang,Georges,1610612739,CLE,,22400080,,,,15.3,1.0,3.0,0.333,1.0,2.0,0.5,0.0,0.0,0.0,0.0,5.0,5.0,0.0,1.0,0.0,0.0,1.0,2.0,0.0,3.0,-4.0,8.0,0,0,9.0,1,1,13086,1,19359,19033,19992,17395,8896,14411,3944,13505,14344,13505,14058,4392,7268,19908,8788,12854,8263,2383,7392,17725,19913,16449,20938,2246,150,19766,1,,2024,2025
,1629636,Darius Garland,Darius,1610612739,CLE,,22400080,,,,33.0,5.0,11.0,0.455,3.0,7.0,0.429,0.0,0.0,0.0,0.0,2.0,2.0,6.0,3.0,1.0,0.0,0.0,2.0,0.0,13.0,0.0,24.4,0,0,26.0,1,1,13086,1,5117,7242,7071,12676,2458,3100,7394,13505,14344,13505,14058,13151,16273,2199,2037,5025,8263,8846,7392,17725,8426,12240,10331,2246,150,8551,1,,2024,2025
,1630171,Isaac Okoro,Isaac,1610612739,CLE,,22400080,,,,18.0,2.0,2.0,1.0,0.0,0.0,0.0,0.0,0.0,0.0,1.0,1.0,2.0,3.0,0.0,0.0,0.0,0.0,3.0,1.0,4.0,10.0,10.9,0,0,9.0,1,1,13086,1,17566,15612,21660,1,15070,20945,15070,13505,14344,13505,6876,17569,16273,6913,16469,12854,8263,8846,3404,11254,18599,4588,19118,2246,150,19766,1,,2024,2025
,1628378,Donovan Mitchell,Donovan,1610612739,CLE,,22400080,,,,30.1,8.0,21.0,0.381,1.0,8.0,0.125,2.0,4.0,0.5,1.0,1.0,2.0,5.0,2.0,0.0,0.0,1.0,3.0,7.0,19.0,11.0,26.9,0,0,27.0,1,1,13086,1,7664,2561,817,16250,8896,2050,14886,6020,3754,10625,6876,17569,16273,3273,4442,12854,8263,2383,3404,426,4202,4119,8865,2246,150,7999,1,,2024,2025
,1627747,Caris LeVert,Caris,1610612739,CLE,,22400080,,,,19.6,4.0,7.0,0.571,1.0,2.0,0.5,0.0,2.0,0.0,1.0,2.0,3.0,2.0,0.0,3.0,1.0,0.0,1.0,2.0,9.0,7.0,27.6,0,0,23.0,1,1,13086,1,16331,9611,12910,6538,8896,14411,3944,13505,7446,13505,6876,13151,12778,9909,16469,473,2537,8846,13332,6956,12445,6330,8435,2246,150,10339,1,,2024,2025
,1629731,Dean Wade,Dean,1610612739,CLE,,22400080,,,,26.8,7.0,9.0,0.778,5.0,7.0,0.714,0.0,1.0,0.0,0.0,5.0,5.0,1.0,0.0,2.0,0.0,0.0,2.0,1.0,19.0,14.0,32.5,0,0,34.0,1,1,13086,1,10503,3730,9700,1994,492,3100,1861,13505,12810,13505,14058,4392,7268,14293,16469,1671,8263,8846,7392,11254,4202,2867,5950,2246,150,4638,1,,2024,2025
,1628386,Jarrett Allen,Jarrett,1610612739,CLE,,22400080,,,,31.2,5.0,7.0,0.714,0.0,0.0,0.0,7.0,8.0,0.875,0.0,11.0,11.0,2.0,1.0,1.0,1.0,1.0,0.0,6.0,17.0,3.0,38.2,1,0,34.0,1,1,13086,1,6684,7242,12910,2752,15070,20945,15070,752,912,6931,14058,283,1106,9909,8788,5025,2537,2383,20257,792,5360,9394,3746,1,150,4638,1,,2024,2025
,1630596,Evan Mobley,Evan,1610612739,CLE,,22400080,,,,31.7,6.0,12.0,0.5,2.0,3.0,0.667,2.0,2.0,1.0,1.0,5.0,6.0,3.0,4.0,4.0,2.0,1.0,1.0,1.0,16.0,8.0,41.7,0,0,39.0,1,1,13086,1,6208,5250,5979,8526,4949,11494,1957,6020,7446,1,6876,4392,5362,6913,877,123,808,2383,13332,11254,6070,5660,2795,2246,150,2984,1,,2024,2025
,1629660,Ty Jerome,Ty,1610612739,CLE,,22400080,,,,15.8,4.0,6.0,0.667,0.0,1.0,0.0,5.0,6.0,0.833,1.0,1.0,2.0,4.0,1.0,1.0,0.0,1.0,0.0,3.0,13.0,9.0,23.4,0,0,21.0,1,1,13086,1,19040,9611,14618,3281,15070,17631,15070,1817,1898,7275,6876,17569,16273,4780,8788,5025,8263,2383,20257,4218,8426,5125,10921,2246,150,11621,1,,2024,2025
,1630596,Evan Mobley,Evan,1610612739,CLE,,22400067,,,,27.0,9.0,14.0,0.643,1.0,2.0,0.5,6.0,6.0,1.0,4.0,5.0,9.0,3.0,1.0,2.0,3.0,1.0,2.0,5.0,25.0,31.0,54.3,0,0,48.0,1,1,13086,1,10372,1688,4240,4607,8896,14411,3944,1180,1898,1,785,4392,2169,6913,8788,1671,252,2383,7392,1447,1828,149,718,2246,150,1176,1,,2024,2025
,1628378,Donovan Mitchell,Donovan,1610612739,CLE,,22400067,,,,27.7,7.0,14.0,0.5,2.0,5.0,0.4,5.0,7.0,0.714,0.0,2.0,2.0,3.0,2.0,3.0,1.0,0.0,2.0,7.0,21.0,31.0,37.9,0,0,36.0,1,1,13086,1,9822,3730,4240,8526,4949,6354,7874,1817,1377,9244,14058,13151,16273,6913,4442,473,2537,8846,7392,426,3254,149,3843,2246,150,3901,1,,2024,2025
,1629731,Dean Wade,Dean,1610612739,CLE,,22400067,,,,19.7,2.0,5.0,0.4,1.0,3.0,0.333,0.0,0.0,0.0,1.0,7.0,8.0,1.0,0.0,2.0,0.0,0.0,3.0,0.0,5.0,8.0,22.1,0,0,19.0,1,1,13086,1,16262,15612,16437,14933,8896,11494,9209,13505,14344,13505,6876,1947,2934,14293,16469,1671,8263,8846,3404,17725,17323,5660,11691,2246,150,12913,1,,2024,2025
,1642281,Jaylon Tyson,Jaylon,1610612739,CLE,,22400067,,,,6.7,1.0,1.0,1.0,1.0,1.0,1.0,1.0,2.0,0.5,0.0,2.0,2.0,1.0,2.0,0.0,0.0,0.0,2.0,1.0,4.0,2.0,5.9,0,0,8.0,1,1,13086,1,23297,19033,23259,1,8896,17631,1,10215,7446,10625,14058,13151,16273,14293,4442,12854,8263,8846,7392,11254,18599,10285,22177,2246,150,20457,1,,2024,2025
,202684,Tristan Thompson,Tristan,1610612739,CLE,,22400067,,,,8.5,1.0,2.0,0.5,0.0,0.0,0.0,0.0,0.0,0.0,0.0,1.0,1.0,0.0,0.0,0.0,0.0,0.0,0.0,0.0,2.0,-1.0,3.2,0,0,3.0,1,1,13086,1,22629,19033,21660,8526,15070,20945,15070,13505,14344,13505,14058,17569,19889,19908,16469,12854,8263,8846,20257,17725,21232,13450,23585,2246,150,23533,1,,2024,2025
,1630241,Sam Merrill,Sam,1610612739,CLE,,22400067,,,,16.1,2.0,4.0,0.5,1.0,3.0,0.333,2.0,2.0,1.0,0.0,0.0,0.0,1.0,0.0,0.0,0.0,0.0,4.0,1.0,7.0,13.0,8.5,0,0,9.0,1,1,13086,1,18879,15612,18231,8526,8896,11494,9209,6020,7446,1,14058,22137,23286,14293,16469,12854,8263,8846,1150,11254,14857,3250,20671,2246,150,19766,1,,2024,2025
,1630171,Isaac Okoro,Isaac,1610612739,CLE,,22400067,,,,19.0,1.0,2.0,0.5,0.0,0.0,0.0,1.0,2.0,0.5,0.0,2.0,2.0,2.0,1.0,0.0,1.0,1.0,1.0,3.0,3.0,9.0,10.4,0,0,9.0,1,1,13086,1,16794,19033,21660,8526,15070,20945,15070,10215,7446,10625,14058,13151,16273,9909,8788,12854,2537,2383,13332,4218,19913,5125,19434,2246,150,19766,1,,2024,2025
,1627777,Georges Niang,Georges,1610612739,CLE,,22400067,,,,18.6,4.0,5.0,0.8,3.0,4.0,0.75,0.0,0.0,0.0,0.0,1.0,1.0,0.0,1.0,0.0,0.0,1.0,1.0,0.0,11.0,14.0,11.2,0,0,15.0,1,1,13086,1,17147,9611,16437,1688,2458,8688,1542,13505,14344,13505,14058,17569,19889,19908,8788,12854,8263,2383,13332,17725,10323,2867,18904,2246,150,15689,1,,2024,2025
,1641854,Craig Porter Jr.,Craig,1610612739,CLE,,22400067,,,,8.5,2.0,5.0,0.4,0.0,2.0,0.0,0.0,0.0,0.0,0.0,0.0,0.0,1.0,0.0,0.0,0.0,1.0,0.0,0.0,4.0,-1.0,5.5,0,0,5.0,1,1,13086,1,22629,15612,16437,14933,15070,14411,15070,13505,14344,13505,14058,22137,23286,14293,16469,12854,8263,2383,20257,17725,18599,13450,22411,2246,150,22358,1,,2024,2025
,1627747,Caris LeVert,Caris,1610612739,CLE,,22400067,,,,20.6,8.0,9.0,0.889,2.0,2.0,1.0,1.0,2.0,0.5,0.0,1.0,1.0,4.0,0.0,0.0,0.0,0.0,1.0,1.0,19.0,19.0,26.2,0,0,26.0,1,1,13086,1,15533,2561,9700,1318,4949,14411,1,10215,7446,10625,14058,17569,19889,4780,16469,12854,8263,8846,13332,11254,4202,1456,9269,2246,150,8551,1,,2024,2025
,1629636,Darius Garland,Darius,1610612739,CLE,,22400067,,,,22.7,3.0,12.0,0.25,1.0,6.0,0.167,0.0,0.0,0.0,0.0,1.0,1.0,6.0,2.0,0.0,0.0,1.0,4.0,0.0,7.0,1.0,15.2,0,0,15.0,1,1,13086,1,13953,12449,5979,20233,8896,4502,14236,13505,14344,13505,14058,17569,19889,2199,4442,12854,8263,2383,1150,17725,14857,11263,16224,2246,150,15689,1,,2024,2025
,1629660,Ty Jerome,Ty,1610612739,CLE,,22400067,,,,19.0,6.0,7.0,0.857,2.0,2.0,1.0,0.0,0.0,0.0,1.0,1.0,2.0,6.0,2.0,2.0,0.0,1.0,1.0,1.0,14.0,16.0,29.4,0,0,28.0,1,1,13086,1,16868,5250,12910,1412,4949,14411,1,13505,14344,13505,6876,17569,16273,2199,4442,1671,8263,2383,13332,11254,7553,2243,7455,2246,150,7475,1,,2024,2025
,1628386,Jarrett Allen,Jarrett,1610612739,CLE,,22400067,,,,26.1,5.0,7.0,0.714,0.0,0.0,0.0,4.0,5.0,0.8,2.0,5.0,7.0,1.0,1.0,1.0,4.0,0.0,1.0,5.0,14.0,8.0,37.9,0,0,32.0,1,1,13086,1,11099,7242,12910,2752,15070,20945,15070,2676,2872,7681,3306,4392,3946,14293,8788,5025,85,8846,13332,1447,7553,5660,3843,2246,150,5433,1,,2024,2025
