season,player_id,player,nickname,team_id,team,team_name,game_id,game_date,matchup,wl,min,pts_off_tov,pts_2nd_chance,pts_fb,pts_paint,opp_pts_off_tov,opp_pts_2nd_chance,opp_pts_fb,opp_pts_paint,blk,blka,pf,pfd,nba_fantasy_pts,gp_rank,w_rank,l_rank,w_pct_rank,min_rank,pts_off_tov_rank,pts_2nd_chance_rank,pts_fb_rank,pts_paint_rank,opp_pts_off_tov_rank,opp_pts_2nd_chance_rank,opp_pts_fb_rank,opp_pts_paint_rank,blk_rank,blka_rank,pf_rank,pfd_rank,nba_fantasy_pts_rank,available_flag,min_sec,season_start,season_end
2015-16,2760,Anderson Varejao,Anderson,1610612744,GSW,Golden State Warriors,21501227,2016-04-13T00:00:00,GSW vs. MEM,W,1.9,0.0,0.0,0.0,0.0,0.0,0.0,0.0,0.0,0.0,0.0,0.0,0.0,3.6,1,1,1,1,25544,12059,10158,9917,18861,1,1,1,25429,8004,1,1,18762,23310,1.0,1:56,2015,2016
2015-16,203084,Harrison Barnes,Harrison,1610612744,GSW,Golden State Warriors,21501227,2016-04-13T00:00:00,GSW vs. MEM,W,30.5,0.0,2.0,0.0,2.0,13.0,17.0,4.0,28.0,0.0,0.0,2.0,3.0,21.7,1,1,1,1,7090,12059,4731,9917,12984,21300,25429,8806,5824,8004,1,11390,4736,10592,1.0,30:31,2015,2016
2015-16,201939,Stephen Curry,Stephen,1610612744,GSW,Golden State Warriors,21501227,2016-04-13T00:00:00,GSW vs. MEM,W,29.8,5.0,4.0,20.0,10.0,8.0,18.0,8.0,34.0,0.0,0.0,2.0,7.0,63.8,1,1,1,1,7749,1603,1596,1,1840,13914,25634,17194,2701,8004,1,11390,469,106,1.0,29:46,2015,2016
2015-16,202691,Klay Thompson,Klay,1610612744,GSW,Golden State Warriors,21501227,2016-04-13T00:00:00,GSW vs. MEM,W,28.4,3.0,0.0,8.0,2.0,13.0,18.0,4.0,32.0,1.0,0.0,1.0,0.0,24.4,1,1,1,1,8969,4307,10158,280,12984,21300,25634,8806,3535,2692,1,4972,18762,8867,1.0,28:21,2015,2016
2015-16,203949,James Michael McAdoo,James Michael,1610612744,GSW,Golden State Warriors,21501227,2016-04-13T00:00:00,GSW vs. MEM,W,2.9,0.0,0.0,0.0,0.0,0.0,0.0,0.0,0.0,1.0,0.0,0.0,0.0,3.0,1,1,1,1,25151,12059,10158,9917,18861,1,1,1,25429,2692,1,1,18762,23648,1.0,2:56,2015,2016
2015-16,201575,Brandon Rush,Brandon,1610612744,GSW,Golden State Warriors,21501227,2016-04-13T00:00:00,GSW vs. MEM,W,4.3,3.0,0.0,0.0,0.0,2.0,0.0,0.0,4.0,0.0,0.0,0.0,0.0,3.0,1,1,1,1,24612,4307,10158,9917,18861,2619,1,1,23698,8004,1,1,18762,23648,1.0,4:18,2015,2016
2015-16,203110,Draymond Green,Draymond,1610612744,GSW,Golden State Warriors,21501227,2016-04-13T00:00:00,GSW vs. MEM,W,29.8,0.0,1.0,2.0,4.0,8.0,18.0,8.0,34.0,1.0,0.0,1.0,1.0,33.3,1,1,1,1,7738,12059,9709,4675,8599,13914,25634,17194,2701,2692,1,4972,12373,4423,1.0,29:47,2015,2016
2015-16,2738,Andre Iguodala,Andre,1610612744,GSW,Golden State Warriors,21501227,2016-04-13T00:00:00,GSW vs. MEM,W,28.5,0.0,0.0,0.0,2.0,8.0,8.0,10.0,26.0,0.0,0.0,1.0,2.0,19.3,1,1,1,1,8804,12059,10158,9917,12984,13914,17345,20169,7214,8004,1,4972,7786,12228,1.0,28:31,2015,2016
2015-16,101106,Andrew Bogut,Andrew,1610612744,GSW,Golden State Warriors,21501227,2016-04-13T00:00:00,GSW vs. MEM,W,18.9,2.0,0.0,0.0,4.0,8.0,15.0,2.0,20.0,2.0,0.0,3.0,0.0,14.3,1,1,1,1,16777,6026,10158,9917,8599,13914,24781,4025,11929,932,1,17641,18762,15948,1.0,18:54,2015,2016
2015-16,2733,Shaun Livingston,Shaun,1610612744,GSW,Golden State Warriors,21501227,2016-04-13T00:00:00,GSW vs. MEM,W,21.4,0.0,0.0,2.0,2.0,7.0,5.0,6.0,18.0,0.0,0.0,1.0,1.0,25.6,1,1,1,1,14708,12059,10158,4675,12984,12242,11469,13388,13577,8004,1,4972,12373,8157,1.0,21:23,2015,2016
2015-16,203105,Festus Ezeli,Festus,1610612744,GSW,Golden State Warriors,21501227,2016-04-13T00:00:00,GSW vs. MEM,W,13.4,0.0,2.0,0.0,4.0,2.0,3.0,6.0,10.0,1.0,0.0,0.0,0.0,14.2,1,1,1,1,20761,12059,4731,9917,8599,2619,7138,13388,20209,2692,1,1,18762,16003,1.0,13:22,2015,2016
2015-16,2571,Leandro Barbosa,Leandro,1610612744,GSW,Golden State Warriors,21501227,2016-04-13T00:00:00,GSW vs. MEM,W,18.2,0.0,0.0,0.0,2.0,9.0,3.0,2.0,12.0,1.0,1.0,1.0,1.0,14.7,1,1,1,1,17329,12059,10158,9917,12984,15771,7138,4025,18637,2692,17214,4972,12373,15631,1.0,18:14,2015,2016
2015-16,201578,Marreese Speights,Marreese,1610612744,GSW,Golden State Warriors,21501227,2016-04-13T00:00:00,GSW vs. MEM,W,12.0,6.0,2.0,2.0,6.0,7.0,0.0,0.0,12.0,0.0,0.0,2.0,3.0,22.8,1,1,1,1,21520,878,4731,4675,5299,12242,1,1,18637,8004,1,11390,4736,9883,1.0,12:01,2015,2016
2015-16,203105,Festus Ezeli,Festus,1610612744,GSW,Golden State Warriors,21501201,2016-04-10T00:00:00,GSW @ SAS,W,6.4,0.0,0.0,0.0,0.0,3.0,0.0,0.0,4.0,0.0,0.0,0.0,1.0,10.2,1,1,1,1,23775,12059,10158,9917,18861,5109,1,1,23698,8004,1,1,12373,19003,1.0,6:25,2015,2016
2015-16,203110,Draymond Green,Draymond,1610612744,GSW,Golden State Warriors,21501201,2016-04-10T00:00:00,GSW @ SAS,W,33.3,2.0,2.0,0.0,6.0,8.0,11.0,6.0,24.0,1.0,0.0,4.0,3.0,23.8,1,1,1,1,4896,6026,4731,9917,5299,13914,21814,13388,8723,2692,1,22104,4736,9261,1.0,33:17,2015,2016
2015-16,203084,Harrison Barnes,Harrison,1610612744,GSW,Golden State Warriors,21501201,2016-04-10T00:00:00,GSW @ SAS,W,33.3,3.0,0.0,4.0,2.0,8.0,7.0,6.0,30.0,0.0,1.0,1.0,2.0,14.6,1,1,1,1,4899,4307,10158,1913,12984,13914,15642,13388,4541,8004,17214,4972,7786,15699,1.0,33:17,2015,2016
2015-16,101106,Andrew Bogut,Andrew,1610612744,GSW,Golden State Warriors,21501201,2016-04-10T00:00:00,GSW @ SAS,W,22.7,2.0,2.0,0.0,2.0,6.0,5.0,4.0,16.0,0.0,0.0,2.0,2.0,10.3,1,1,1,1,13582,6026,4731,9917,12984,10028,11469,8806,15259,8004,1,11390,7786,18965,1.0,22:44,2015,2016
2015-16,201575,Brandon Rush,Brandon,1610612744,GSW,Golden State Warriors,21501201,2016-04-10T00:00:00,GSW @ SAS,W,10.3,0.0,0.0,0.0,0.0,3.0,4.0,0.0,2.0,0.0,1.0,0.0,0.0,5.8,1,1,1,1,22330,12059,10158,9917,18861,5109,8458,1,24614,8004,17214,1,18762,22018,1.0,10:16,2015,2016
2015-16,2733,Shaun Livingston,Shaun,1610612744,GSW,Golden State Warriors,21501201,2016-04-10T00:00:00,GSW @ SAS,W,22.0,0.0,0.0,0.0,2.0,5.0,5.0,2.0,14.0,1.0,0.0,4.0,0.0,13.4,1,1,1,1,14176,12059,10158,9917,12984,8403,11469,4025,17019,2692,1,22104,18762,16614,1.0,21:59,2015,2016
2015-16,201939,Stephen Curry,Stephen,1610612744,GSW,Golden State Warriors,21501201,2016-04-10T00:00:00,GSW @ SAS,W,35.4,4.0,4.0,5.0,12.0,11.0,11.0,6.0,24.0,0.0,0.0,4.0,8.0,52.5,1,1,1,1,3262,2460,1596,1277,988,18886,21814,13388,8723,8004,1,22104,254,544,1.0,35:22,2015,2016
2015-16,2738,Andre Iguodala,Andre,1610612744,GSW,Golden State Warriors,21501201,2016-04-10T00:00:00,GSW @ SAS,W,28.5,0.0,0.0,0.0,0.0,5.0,9.0,2.0,18.0,1.0,2.0,1.0,1.0,21.9,1,1,1,1,8851,12059,10158,9917,18861,8403,19144,4025,13577,2692,23588,4972,12373,10460,1.0,28:29,2015,2016
2015-16,202691,Klay Thompson,Klay,1610612744,GSW,Golden State Warriors,21501201,2016-04-10T00:00:00,GSW @ SAS,W,34.9,2.0,0.0,7.0,8.0,6.0,8.0,4.0,26.0,1.0,1.0,2.0,0.0,28.2,1,1,1,1,3621,6026,10158,454,3109,10028,17345,8806,7214,2692,17214,11390,18762,6778,1.0,34:53,2015,2016
2015-16,201578,Marreese Speights,Marreese,1610612744,GSW,Golden State Warriors,21501201,2016-04-10T00:00:00,GSW @ SAS,W,8.4,0.0,0.0,0.0,2.0,0.0,3.0,0.0,6.0,2.0,0.0,0.0,1.0,18.0,1,1,1,1,23060,12059,10158,9917,12984,1,7138,1,22724,932,1,1,12373,13164,1.0,8:23,2015,2016
2015-16,203546,Ian Clark,Ian,1610612744,GSW,Golden State Warriors,21501201,2016-04-10T00:00:00,GSW @ SAS,W,4.9,0.0,0.0,0.0,0.0,0.0,2.0,0.0,6.0,0.0,0.0,0.0,0.0,3.0,1,1,1,1,24401,12059,10158,9917,18861,1,3734,1,22724,8004,1,1,18762,23648,1.0,4:54,2015,2016
2015-16,2738,Andre Iguodala,Andre,1610612744,GSW,Golden State Warriors,21501190,2016-04-09T00:00:00,GSW @ MEM,W,26.8,0.0,2.0,3.0,2.0,7.0,10.0,5.0,24.0,0.0,0.0,1.0,0.0,10.0,1,1,1,1,10232,12059,4731,3302,12984,12242,20509,11593,8723,8004,1,4972,18762,19178,1.0,26:46,2015,2016
2015-16,2733,Shaun Livingston,Shaun,1610612744,GSW,Golden State Warriors,21501190,2016-04-09T00:00:00,GSW @ MEM,W,16.4,2.0,0.0,0.0,2.0,8.0,9.0,3.0,20.0,1.0,0.0,1.0,2.0,14.4,1,1,1,1,18698,6026,10158,9917,12984,13914,19144,7328,11929,2692,1,4972,7786,15857,1.0,16:26,2015,2016
2015-16,2760,Anderson Varejao,Anderson,1610612744,GSW,Golden State Warriors,21501190,2016-04-09T00:00:00,GSW @ MEM,W,5.0,0.0,0.0,0.0,0.0,3.0,0.0,6.0,6.0,0.0,0.0,0.0,0.0,6.0,1,1,1,1,24354,12059,10158,9917,18861,5109,1,13388,22724,8004,1,1,18762,21878,1.0,5:02,2015,2016
2015-16,203546,Ian Clark,Ian,1610612744,GSW,Golden State Warriors,21501190,2016-04-09T00:00:00,GSW @ MEM,W,3.8,0.0,0.0,0.0,0.0,2.0,7.0,0.0,8.0,0.0,0.0,0.0,0.0,1.5,1,1,1,1,24805,12059,10158,9917,18861,2619,15642,1,21543,8004,1,1,18762,24473,1.0,3:47,2015,2016
2015-16,203110,Draymond Green,Draymond,1610612744,GSW,Golden State Warriors,21501190,2016-04-09T00:00:00,GSW @ MEM,W,35.2,0.0,2.0,0.0,16.0,6.0,8.0,7.0,32.0,3.0,0.0,2.0,3.0,50.2,1,1,1,1,3388,12059,4731,9917,275,10028,17345,15538,3535,347,1,11390,4736,733,1.0,35:12,2015,2016
2015-16,202691,Klay Thompson,Klay,1610612744,GSW,Golden State Warriors,21501190,2016-04-09T00:00:00,GSW @ MEM,W,35.5,6.0,2.0,5.0,8.0,7.0,10.0,2.0,34.0,1.0,0.0,0.0,3.0,35.5,1,1,1,1,3184,878,4731,1277,3109,12242,20509,4025,2701,2692,1,1,4736,3657,1.0,35:27,2015,2016
2015-16,2571,Leandro Barbosa,Leandro,1610612744,GSW,Golden State Warriors,21501190,2016-04-09T00:00:00,GSW @ MEM,W,13.9,0.0,0.0,0.0,0.0,5.0,4.0,6.0,16.0,0.0,0.0,2.0,0.0,-1.0,1,1,1,1,20499,12059,10158,9917,18861,8403,8458,13388,15259,8004,1,11390,18762,25932,1.0,13:51,2015,2016
2015-16,203105,Festus Ezeli,Festus,1610612744,GSW,Golden State Warriors,21501190,2016-04-09T00:00:00,GSW @ MEM,W,18.4,0.0,0.0,0.0,6.0,2.0,0.0,2.0,14.0,0.0,1.0,0.0,4.0,15.3,1,1,1,1,17200,12059,10158,9917,5299,2619,1,4025,17019,8004,17214,1,2748,15150,1.0,18:23,2015,2016
2015-16,201939,Stephen Curry,Stephen,1610612744,GSW,Golden State Warriors,21501190,2016-04-09T00:00:00,GSW @ MEM,W,34.0,0.0,0.0,5.0,6.0,4.0,8.0,5.0,30.0,0.0,1.0,1.0,1.0,40.8,1,1,1,1,4362,12059,10158,1277,5299,6141,17345,11593,4541,8004,17214,4972,12373,2181,1.0,33:59,2015,2016
2015-16,201575,Brandon Rush,Brandon,1610612744,GSW,Golden State Warriors,21501190,2016-04-09T00:00:00,GSW @ MEM,W,10.0,0.0,0.0,0.0,0.0,3.0,7.0,1.0,8.0,1.0,0.0,2.0,0.0,2.0,1,1,1,1,22449,12059,10158,9917,18861,5109,15642,3646,21543,2692,1,11390,18762,24216,1.0,9:59,2015,2016
2015-16,203084,Harrison Barnes,Harrison,1610612744,GSW,Golden State Warriors,21501190,2016-04-09T00:00:00,GSW @ MEM,W,30.5,0.0,0.0,0.0,2.0,8.0,13.0,3.0,32.0,0.0,1.0,4.0,0.0,17.9,1,1,1,1,7117,12059,10158,9917,12984,13914,23668,7328,3535,8004,17214,22104,18762,13229,1.0,30:29,2015,2016
2015-16,201578,Marreese Speights,Marreese,1610612744,GSW,Golden State Warriors,21501190,2016-04-09T00:00:00,GSW @ MEM,W,10.7,0.0,2.0,0.0,2.0,5.0,9.0,0.0,16.0,1.0,1.0,1.0,3.0,14.0,1,1,1,1,22173,12059,4731,9917,12984,8403,19144,1,15259,2692,17214,4972,4736,16166,1.0,10:39,2015,2016
2015-16,202691,Klay Thompson,Klay,1610612744,GSW,Golden State Warriors,21501177,2016-04-07T00:00:00,GSW vs. SAS,W,35.1,2.0,5.0,0.0,4.0,20.0,6.0,8.0,30.0,0.0,0.0,4.0,1.0,28.6,1,1,1,1,3464,6026,995,9917,8599,25338,13237,17194,4541,8004,1,22104,12373,6560,1.0,35:06,2015,2016
2015-16,2733,Shaun Livingston,Shaun,1610612744,GSW,Golden State Warriors,21501177,2016-04-07T00:00:00,GSW vs. SAS,W,19.3,0.0,0.0,0.0,6.0,8.0,0.0,13.0,22.0,0.0,0.0,1.0,1.0,17.7,1,1,1,1,16494,12059,10158,9917,5299,13914,1,23048,10265,8004,1,4972,12373,13380,1.0,19:15,2015,2016
2015-16,101106,Andrew Bogut,Andrew,1610612744,GSW,Golden State Warriors,21501177,2016-04-07T00:00:00,GSW vs. SAS,W,21.5,0.0,2.0,0.0,6.0,13.0,4.0,6.0,16.0,2.0,0.0,4.0,1.0,31.7,1,1,1,1,14572,12059,4731,9917,5299,21300,8458,13388,15259,932,1,22104,12373,5088,1.0,21:32,2015,2016
2015-16,201939,Stephen Curry,Stephen,1610612744,GSW,Golden State Warriors,21501177,2016-04-07T00:00:00,GSW vs. SAS,W,36.3,2.0,0.0,7.0,14.0,23.0,6.0,13.0,30.0,0.0,1.0,2.0,2.0,49.5,1,1,1,1,2557,6026,10158,454,542,25803,13237,23048,4541,8004,17214,11390,7786,811,1.0,36:17,2015,2016
2015-16,203084,Harrison Barnes,Harrison,1610612744,GSW,Golden State Warriors,21501177,2016-04-07T00:00:00,GSW vs. SAS,W,32.7,2.0,0.0,2.0,4.0,18.0,6.0,11.0,26.0,0.0,0.0,3.0,3.0,29.1,1,1,1,1,5370,6026,10158,4675,8599,24749,13237,21342,7214,8004,1,17641,4736,6285,1.0,32:40,2015,2016
2015-16,203110,Draymond Green,Draymond,1610612744,GSW,Golden State Warriors,21501177,2016-04-07T00:00:00,GSW vs. SAS,W,33.8,3.0,0.0,9.0,10.0,18.0,4.0,7.0,30.0,0.0,0.0,2.0,1.0,34.7,1,1,1,1,4508,4307,10158,184,1840,24749,8458,15538,4541,8004,1,11390,12373,3935,1.0,33:48,2015,2016
2015-16,203546,Ian Clark,Ian,1610612744,GSW,Golden State Warriors,21501177,2016-04-07T00:00:00,GSW vs. SAS,W,1.2,0.0,0.0,0.0,0.0,3.0,0.0,5.0,4.0,0.0,0.0,0.0,0.0,1.2,1,1,1,1,25786,12059,10158,9917,18861,5109,1,11593,23698,8004,1,1,18762,24661,1.0,1:14,2015,2016
2015-16,2738,Andre Iguodala,Andre,1610612744,GSW,Golden State Warriors,21501177,2016-04-07T00:00:00,GSW vs. SAS,W,20.8,2.0,0.0,2.0,4.0,12.0,4.0,11.0,22.0,0.0,1.0,0.0,0.0,12.9,1,1,1,1,15197,6026,10158,4675,8599,20178,8458,21342,10265,8004,17214,1,18762,17049,1.0,20:50,2015,2016
2015-16,203105,Festus Ezeli,Festus,1610612744,GSW,Golden State Warriors,21501177,2016-04-07T00:00:00,GSW vs. SAS,W,7.9,0.0,0.0,0.0,4.0,3.0,0.0,5.0,6.0,0.0,0.0,0.0,1.0,7.6,1,1,1,1,23242,12059,10158,9917,8599,5109,1,11593,22724,8004,1,1,12373,20803,1.0,7:52,2015,2016
2015-16,201578,Marreese Speights,Marreese,1610612744,GSW,Golden State Warriors,21501177,2016-04-07T00:00:00,GSW vs. SAS,W,10.2,2.0,0.0,0.0,0.0,3.0,0.0,8.0,16.0,0.0,0.0,0.0,1.0,7.7,1,1,1,1,22370,6026,10158,9917,18861,5109,1,17194,15259,8004,1,1,12373,20733,1.0,10:09,2015,2016
2015-16,2571,Leandro Barbosa,Leandro,1610612744,GSW,Golden State Warriors,21501177,2016-04-07T00:00:00,GSW vs. SAS,W,14.8,0.0,0.0,0.0,0.0,6.0,0.0,13.0,18.0,0.0,0.0,3.0,0.0,3.2,1,1,1,1,19916,12059,10158,9917,18861,10028,1,23048,13577,8004,1,17641,18762,23473,1.0,14:46,2015,2016
2015-16,201575,Brandon Rush,Brandon,1610612744,GSW,Golden State Warriors,21501177,2016-04-07T00:00:00,GSW vs. SAS,W,6.5,0.0,0.0,3.0,0.0,3.0,0.0,5.0,10.0,0.0,0.0,3.0,0.0,4.2,1,1,1,1,23739,12059,10158,3302,18861,5109,1,11593,20209,8004,1,17641,18762,22976,1.0,6:31,2015,2016
2015-16,2571,Leandro Barbosa,Leandro,1610612744,GSW,Golden State Warriors,21501163,2016-04-05T00:00:00,GSW vs. MIN,L,12.6,2.0,0.0,2.0,2.0,9.0,0.0,15.0,12.0,0.0,2.0,1.0,1.0,6.4,1,13074,13074,13074,21190,6026,10158,4675,12984,15771,1,24242,18637,8004,23588,4972,12373,21589,1.0,12:38,2015,2016
2015-16,203105,Festus Ezeli,Festus,1610612744,GSW,Golden State Warriors,21501163,2016-04-05T00:00:00,GSW vs. MIN,L,4.6,0.0,0.0,0.0,0.0,5.0,0.0,4.0,4.0,0.0,0.0,1.0,0.0,1.2,1,13074,13074,13074,24519,12059,10158,9917,18861,8403,1,8806,23698,8004,1,4972,18762,24661,1.0,4:34,2015,2016
2015-16,201575,Brandon Rush,Brandon,1610612744,GSW,Golden State Warriors,21501163,2016-04-05T00:00:00,GSW vs. MIN,L,10.2,0.0,0.0,0.0,0.0,9.0,4.0,11.0,18.0,0.0,0.0,0.0,0.0,3.6,1,13074,13074,13074,22348,12059,10158,9917,18861,15771,8458,21342,13577,8004,1,1,18762,23310,1.0,10:12,2015,2016
2015-16,201578,Marreese Speights,Marreese,1610612744,GSW,Golden State Warriors,21501163,2016-04-05T00:00:00,GSW vs. MIN,L,8.5,0.0,2.0,0.0,6.0,6.0,4.0,8.0,18.0,0.0,0.0,0.0,0.0,5.2,1,13074,13074,13074,23024,12059,4731,9917,5299,10028,8458,17194,13577,8004,1,1,18762,22370,1.0,8:31,2015,2016
2015-16,2738,Andre Iguodala,Andre,1610612744,GSW,Golden State Warriors,21501163,2016-04-05T00:00:00,GSW vs. MIN,L,18.8,0.0,0.0,0.0,4.0,15.0,3.0,16.0,18.0,0.0,0.0,2.0,0.0,5.2,1,13074,13074,13074,16895,12059,10158,9917,8599,23079,7138,24641,13577,8004,1,11390,18762,22370,1.0,18:46,2015,2016
2015-16,201939,Stephen Curry,Stephen,1610612744,GSW,Golden State Warriors,21501163,2016-04-05T00:00:00,GSW vs. MIN,L,42.6,5.0,0.0,11.0,6.0,24.0,7.0,24.0,40.0,0.0,1.0,4.0,7.0,56.7,1,13074,13074,13074,242,1603,10158,69,5299,25890,15642,25937,983,8004,17214,22104,469,327,1.0,42:35,2015,2016
2015-16,101106,Andrew Bogut,Andrew,1610612744,GSW,Golden State Warriors,21501163,2016-04-05T00:00:00,GSW vs. MIN,L,32.0,2.0,4.0,0.0,10.0,13.0,2.0,16.0,24.0,2.0,1.0,5.0,0.0,43.5,1,13074,13074,13074,5926,6026,1596,9917,1840,21300,3734,24641,8723,932,17214,24686,18762,1646,1.0,31:58,2015,2016
2015-16,203110,Draymond Green,Draymond,1610612744,GSW,Golden State Warriors,21501163,2016-04-05T00:00:00,GSW vs. MIN,L,38.8,6.0,2.0,4.0,10.0,22.0,5.0,13.0,28.0,2.0,0.0,6.0,3.0,41.7,1,13074,13074,13074,1142,878,4731,1913,1840,25683,11469,23048,5824,932,1,25827,4736,2002,1.0,38:48,2015,2016
2015-16,2733,Shaun Livingston,Shaun,1610612744,GSW,Golden State Warriors,21501163,2016-04-05T00:00:00,GSW vs. MIN,L,21.5,2.0,3.0,0.0,6.0,14.0,8.0,10.0,28.0,0.0,0.0,4.0,3.0,20.1,1,13074,13074,13074,14600,6026,3104,9917,5299,22292,17345,20169,5824,8004,1,22104,4736,11685,1.0,21:29,2015,2016
2015-16,202691,Klay Thompson,Klay,1610612744,GSW,Golden State Warriors,21501163,2016-04-05T00:00:00,GSW vs. MIN,L,40.4,7.0,0.0,5.0,14.0,22.0,11.0,13.0,42.0,1.0,1.0,4.0,1.0,35.1,1,13074,13074,13074,634,548,10158,1277,542,25683,21814,23048,670,2692,17214,22104,12373,3777,1.0,40:22,2015,2016
2015-16,203084,Harrison Barnes,Harrison,1610612744,GSW,Golden State Warriors,21501163,2016-04-05T00:00:00,GSW vs. MIN,L,35.1,6.0,2.0,5.0,6.0,16.0,11.0,10.0,38.0,0.0,1.0,2.0,0.0,25.0,1,13074,13074,13074,3450,878,4731,1277,5299,23774,21814,20169,1422,8004,17214,11390,18762,8485,1.0,35:07,2015,2016
2015-16,2733,Shaun Livingston,Shaun,1610612744,GSW,Golden State Warriors,21501152,2016-04-03T00:00:00,GSW vs. POR,W,21.0,0.0,0.0,2.0,6.0,6.0,6.0,2.0,8.0,0.0,0.0,2.0,0.0,14.6,1,1,1,1,15021,12059,10158,4675,5299,10028,13237,4025,21543,8004,1,11390,18762,15699,1.0,21:02,2015,2016
2015-16,202691,Klay Thompson,Klay,1610612744,GSW,Golden State Warriors,21501152,2016-04-03T00:00:00,GSW vs. POR,W,34.9,7.0,0.0,5.0,8.0,18.0,6.0,15.0,30.0,2.0,1.0,2.0,2.0,35.1,1,1,1,1,3613,548,10158,1277,3109,24749,13237,24242,4541,932,17214,11390,7786,3777,1.0,34:54,2015,2016
2015-16,203949,James Michael McAdoo,James Michael,1610612744,GSW,Golden State Warriors,21501152,2016-04-03T00:00:00,GSW vs. POR,W,10.1,0.0,0.0,2.0,4.0,2.0,2.0,0.0,10.0,1.0,0.0,3.0,0.0,11.2,1,1,1,1,22392,12059,10158,4675,8599,2619,3734,1,20209,2692,1,17641,18762,18267,1.0,10:06,2015,2016
2015-16,203546,Ian Clark,Ian,1610612744,GSW,Golden State Warriors,21501152,2016-04-03T00:00:00,GSW vs. POR,W,3.2,0.0,0.0,0.0,0.0,0.0,0.0,2.0,2.0,0.0,0.0,1.0,0.0,1.5,1,1,1,1,25063,12059,10158,9917,18861,1,1,4025,24614,8004,1,4972,18762,24473,1.0,3:11,2015,2016
2015-16,203110,Draymond Green,Draymond,1610612744,GSW,Golden State Warriors,21501152,2016-04-03T00:00:00,GSW vs. POR,W,35.4,0.0,4.0,4.0,14.0,12.0,14.0,13.0,34.0,3.0,2.0,3.0,5.0,63.0,1,1,1,1,3224,12059,1596,1913,542,20178,24300,23048,2701,347,23588,17641,1539,121,1.0,35:24,2015,2016
2015-16,201939,Stephen Curry,Stephen,1610612744,GSW,Golden State Warriors,21501152,2016-04-03T00:00:00,GSW vs. POR,W,34.6,0.0,2.0,6.0,6.0,16.0,14.0,13.0,34.0,1.0,0.0,2.0,4.0,61.7,1,1,1,1,3875,12059,4731,740,5299,23774,24300,23048,2701,2692,1,11390,2748,154,1.0,34:35,2015,2016
2015-16,203105,Festus Ezeli,Festus,1610612744,GSW,Golden State Warriors,21501152,2016-04-03T00:00:00,GSW vs. POR,W,9.3,0.0,0.0,0.0,2.0,5.0,3.0,2.0,12.0,0.0,0.0,1.0,1.0,4.6,1,1,1,1,22735,12059,10158,9917,12984,8403,7138,4025,18637,8004,1,4972,12373,22734,1.0,9:15,2015,2016
2015-16,2760,Anderson Varejao,Anderson,1610612744,GSW,Golden State Warriors,21501152,2016-04-03T00:00:00,GSW vs. POR,W,6.8,0.0,0.0,0.0,0.0,2.0,6.0,2.0,10.0,0.0,0.0,1.0,2.0,2.2,1,1,1,1,23627,12059,10158,9917,18861,2619,13237,4025,20209,8004,1,4972,7786,24138,1.0,6:50,2015,2016
2015-16,201578,Marreese Speights,Marreese,1610612744,GSW,Golden State Warriors,21501152,2016-04-03T00:00:00,GSW vs. POR,W,13.4,0.0,0.0,2.0,0.0,8.0,0.0,2.0,6.0,0.0,1.0,2.0,2.0,13.1,1,1,1,1,20760,12059,10158,4675,18861,13914,1,4025,22724,8004,17214,11390,7786,16874,1.0,13:22,2015,2016
2015-16,2571,Leandro Barbosa,Leandro,1610612744,GSW,Golden State Warriors,21501152,2016-04-03T00:00:00,GSW vs. POR,W,23.0,4.0,0.0,2.0,6.0,7.0,8.0,9.0,14.0,0.0,0.0,1.0,0.0,18.3,1,1,1,1,13380,2460,10158,4675,5299,12242,17345,18829,17019,8004,1,4972,18762,12952,1.0,22:59,2015,2016
2015-16,201575,Brandon Rush,Brandon,1610612744,GSW,Golden State Warriors,21501152,2016-04-03T00:00:00,GSW vs. POR,W,15.4,0.0,0.0,3.0,0.0,9.0,3.0,9.0,8.0,1.0,0.0,3.0,0.0,18.3,1,1,1,1,19474,12059,10158,3302,18861,15771,7138,18829,21543,2692,1,17641,18762,12952,1.0,15:24,2015,2016
2015-16,203084,Harrison Barnes,Harrison,1610612744,GSW,Golden State Warriors,21501152,2016-04-03T00:00:00,GSW vs. POR,W,33.0,0.0,0.0,2.0,2.0,15.0,8.0,6.0,32.0,0.0,0.0,2.0,0.0,16.0,1,1,1,1,5152,12059,10158,4675,12984,23079,17345,13388,3535,8004,1,11390,18762,14590,1.0,32:58,2015,2016
2015-16,2571,Leandro Barbosa,Leandro,1610612744,GSW,Golden State Warriors,21501136,2016-04-01T00:00:00,GSW vs. BOS,L,17.2,0.0,0.0,0.0,2.0,7.0,10.0,9.0,20.0,0.0,0.0,0.0,1.0,15.4,1,13074,13074,13074,18141,12059,10158,9917,12984,12242,20509,18829,11929,8004,1,1,12373,15066,1.0,17:11,2015,2016
2015-16,201578,Marreese Speights,Marreese,1610612744,GSW,Golden State Warriors,21501136,2016-04-01T00:00:00,GSW vs. BOS,L,11.4,0.0,0.0,0.0,2.0,2.0,6.0,0.0,12.0,1.0,0.0,2.0,2.0,17.6,1,13074,13074,13074,21877,12059,10158,9917,12984,2619,13237,1,18637,2692,1,11390,7786,13443,1.0,11:23,2015,2016
2015-16,201939,Stephen Curry,Stephen,1610612744,GSW,Golden State Warriors,21501136,2016-04-01T00:00:00,GSW vs. BOS,L,36.6,6.0,3.0,2.0,2.0,25.0,8.0,16.0,36.0,0.0,0.0,2.0,2.0,38.0,1,13074,13074,13074,2326,878,3104,4675,12984,25944,17345,24641,1943,8004,1,11390,7786,2903,1.0,36:37,2015,2016
2015-16,203084,Harrison Barnes,Harrison,1610612744,GSW,Golden State Warriors,21501136,2016-04-01T00:00:00,GSW vs. BOS,L,35.0,3.0,0.0,3.0,2.0,19.0,6.0,12.0,38.0,0.0,0.0,2.0,0.0,31.6,1,13074,13074,13074,3566,4307,10158,3302,12984,25074,13237,22259,1422,8004,1,11390,18762,5130,1.0,34:58,2015,2016
2015-16,2733,Shaun Livingston,Shaun,1610612744,GSW,Golden State Warriors,21501136,2016-04-01T00:00:00,GSW vs. BOS,L,19.9,2.0,2.0,0.0,2.0,6.0,8.0,4.0,20.0,1.0,0.0,4.0,1.0,13.4,1,13074,13074,13074,15962,6026,4731,9917,12984,10028,17345,8806,11929,2692,1,22104,12373,16614,1.0,19:56,2015,2016
2015-16,203110,Draymond Green,Draymond,1610612744,GSW,Golden State Warriors,21501136,2016-04-01T00:00:00,GSW vs. BOS,L,36.6,0.0,2.0,3.0,4.0,25.0,8.0,16.0,36.0,2.0,0.0,3.0,4.0,57.3,1,13074,13074,13074,2326,12059,4731,3302,8599,25944,17345,24641,1943,932,1,17641,2748,301,1.0,36:37,2015,2016
2015-16,2760,Anderson Varejao,Anderson,1610612744,GSW,Golden State Warriors,21501136,2016-04-01T00:00:00,GSW vs. BOS,L,10.3,0.0,2.0,0.0,4.0,5.0,2.0,7.0,8.0,0.0,0.0,4.0,2.0,10.1,1,13074,13074,13074,22318,12059,4731,9917,8599,8403,3734,15538,21543,8004,1,22104,7786,19105,1.0,10:19,2015,2016
2015-16,202691,Klay Thompson,Klay,1610612744,GSW,Golden State Warriors,21501136,2016-04-01T00:00:00,GSW vs. BOS,L,37.1,4.0,0.0,3.0,8.0,22.0,12.0,9.0,40.0,0.0,1.0,1.0,2.0,25.1,1,13074,13074,13074,2046,2460,10158,3302,3109,25683,22832,18829,983,8004,17214,4972,7786,8429,1.0,37:03,2015,2016
2015-16,203546,Ian Clark,Ian,1610612744,GSW,Golden State Warriors,21501136,2016-04-01T00:00:00,GSW vs. BOS,L,9.3,0.0,0.0,0.0,0.0,2.0,2.0,0.0,4.0,1.0,0.0,1.0,0.0,2.0,1,13074,13074,13074,22735,12059,10158,9917,18861,2619,3734,1,23698,2692,1,4972,18762,24216,1.0,9:15,2015,2016
2015-16,101106,Andrew Bogut,Andrew,1610612744,GSW,Golden State Warriors,21501136,2016-04-01T00:00:00,GSW vs. BOS,L,18.3,0.0,2.0,0.0,4.0,13.0,2.0,5.0,18.0,1.0,0.0,4.0,0.0,12.8,1,13074,13074,13074,17232,12059,4731,9917,8599,21300,3734,11593,13577,2692,1,22104,18762,17129,1.0,18:20,2015,2016
2015-16,201575,Brandon Rush,Brandon,1610612744,GSW,Golden State Warriors,21501136,2016-04-01T00:00:00,GSW vs. BOS,L,8.4,0.0,0.0,0.0,0.0,9.0,6.0,2.0,8.0,1.0,0.0,1.0,0.0,4.4,1,13074,13074,13074,23071,12059,10158,9917,18861,15771,13237,4025,21543,2692,1,4972,18762,22837,1.0,8:21,2015,2016
2015-16,203546,Ian Clark,Ian,1610612744,GSW,Golden State Warriors,21501119,2016-03-30T00:00:00,GSW @ UTA,W,9.4,3.0,0.0,0.0,2.0,3.0,4.0,1.0,8.0,0.0,0.0,1.0,0.0,6.2,1,1,1,1,22682,4307,10158,9917,12984,5109,8458,3646,21543,8004,1,4972,18762,21696,1.0,9:22,2015,2016
2015-16,201578,Marreese Speights,Marreese,1610612744,GSW,Golden State Warriors,21501119,2016-03-30T00:00:00,GSW @ UTA,W,12.0,0.0,2.0,0.0,2.0,3.0,7.0,2.0,10.0,1.0,0.0,3.0,2.0,5.2,1,1,1,1,21529,12059,4731,9917,12984,5109,15642,4025,20209,2692,1,17641,7786,22370,1.0,12:00,2015,2016
2015-16,201575,Brandon Rush,Brandon,1610612744,GSW,Golden State Warriors,21501119,2016-03-30T00:00:00,GSW @ UTA,W,8.7,0.0,0.0,0.0,0.0,5.0,5.0,2.0,10.0,0.0,0.0,0.0,1.0,0.2,1,1,1,1,22968,12059,10158,9917,18861,8403,11469,4025,20209,8004,1,1,12373,25103,1.0,8:41,2015,2016
2015-16,202691,Klay Thompson,Klay,1610612744,GSW,Golden State Warriors,21501119,2016-03-30T00:00:00,GSW @ UTA,W,38.8,2.0,5.0,5.0,4.0,13.0,14.0,1.0,28.0,0.0,0.0,1.0,2.0,24.3,1,1,1,1,1132,6026,995,1277,8599,21300,24300,3646,5824,8004,1,4972,7786,8939,1.0,38:50,2015,2016
2015-16,203084,Harrison Barnes,Harrison,1610612744,GSW,Golden State Warriors,21501119,2016-03-30T00:00:00,GSW @ UTA,W,42.2,2.0,1.0,2.0,4.0,14.0,16.0,3.0,26.0,0.0,0.0,2.0,4.0,29.7,1,1,1,1,293,6026,9709,4675,8599,22292,25155,7328,7214,8004,1,11390,2748,6006,1.0,42:10,2015,2016
2015-16,203110,Draymond Green,Draymond,1610612744,GSW,Golden State Warriors,21501119,2016-03-30T00:00:00,GSW @ UTA,W,42.9,6.0,0.0,2.0,8.0,13.0,17.0,1.0,28.0,3.0,0.0,3.0,3.0,36.6,1,1,1,1,211,878,10158,4675,3109,21300,25429,3646,5824,347,1,17641,4736,3288,1.0,42:54,2015,2016
2015-16,201939,Stephen Curry,Stephen,1610612744,GSW,Golden State Warriors,21501119,2016-03-30T00:00:00,GSW @ UTA,W,42.3,3.0,3.0,6.0,8.0,16.0,16.0,5.0,32.0,0.0,2.0,4.0,6.0,46.4,1,1,1,1,278,4307,3104,740,3109,23774,25155,11593,3535,8004,23588,22104,873,1149,1.0,42:16,2015,2016
2015-16,2733,Shaun Livingston,Shaun,1610612744,GSW,Golden State Warriors,21501119,2016-03-30T00:00:00,GSW @ UTA,W,28.2,0.0,0.0,0.0,0.0,11.0,14.0,4.0,22.0,1.0,0.0,2.0,3.0,26.2,1,1,1,1,9065,12059,10158,9917,18861,18886,24300,8806,10265,2692,1,11390,4736,7785,1.0,28:13,2015,2016
2015-16,2760,Anderson Varejao,Anderson,1610612744,GSW,Golden State Warriors,21501119,2016-03-30T00:00:00,GSW @ UTA,W,9.3,0.0,0.0,0.0,0.0,3.0,5.0,2.0,12.0,0.0,0.0,1.0,0.0,2.7,1,1,1,1,22703,12059,10158,9917,18861,5109,11469,4025,18637,8004,1,4972,18762,23884,1.0,9:19,2015,2016
2015-16,101106,Andrew Bogut,Andrew,1610612744,GSW,Golden State Warriors,21501119,2016-03-30T00:00:00,GSW @ UTA,W,17.1,0.0,0.0,0.0,4.0,8.0,4.0,0.0,12.0,1.0,0.0,4.0,2.0,13.0,1,1,1,1,18210,12059,10158,9917,8599,13914,8458,1,18637,2692,1,22104,7786,16969,1.0,17:05,2015,2016
2015-16,2571,Leandro Barbosa,Leandro,1610612744,GSW,Golden State Warriors,21501119,2016-03-30T00:00:00,GSW @ UTA,W,14.2,2.0,0.0,2.0,2.0,6.0,8.0,4.0,12.0,0.0,0.0,0.0,0.0,14.2,1,1,1,1,20306,6026,10158,4675,12984,10028,17345,8806,18637,8004,1,1,18762,16003,1.0,14:10,2015,2016
2015-16,2733,Shaun Livingston,Shaun,1610612744,GSW,Golden State Warriors,21501112,2016-03-29T00:00:00,GSW vs. WAS,W,20.5,0.0,0.0,4.0,4.0,5.0,4.0,5.0,16.0,0.0,0.0,2.0,1.0,14.8,1,1,1,1,15494,12059,10158,1913,8599,8403,8458,11593,15259,8004,1,11390,12373,15561,1.0,20:29,2015,2016
2015-16,203546,Ian Clark,Ian,1610612744,GSW,Golden State Warriors,21501112,2016-03-29T00:00:00,GSW vs. WAS,W,17.1,0.0,2.0,0.0,2.0,5.0,7.0,2.0,20.0,1.0,0.0,1.0,0.0,10.4,1,1,1,1,18196,12059,4731,9917,12984,8403,15642,4025,11929,2692,1,4972,18762,18859,1.0,17:06,2015,2016
2015-16,203949,James Michael McAdoo,James Michael,1610612744,GSW,Golden State Warriors,21501112,2016-03-29T00:00:00,GSW vs. WAS,W,5.2,0.0,0.0,0.0,2.0,2.0,4.0,4.0,14.0,1.0,0.0,1.0,2.0,6.0,1,1,1,1,24313,12059,10158,9917,12984,2619,8458,8806,17019,2692,1,4972,7786,21878,1.0,5:10,2015,2016
2015-16,203084,Harrison Barnes,Harrison,1610612744,GSW,Golden State Warriors,21501112,2016-03-29T00:00:00,GSW vs. WAS,W,34.8,4.0,0.0,2.0,6.0,11.0,8.0,6.0,32.0,0.0,1.0,2.0,3.0,29.8,1,1,1,1,3713,2460,10158,4675,5299,18886,17345,13388,3535,8004,17214,11390,4736,5948,1.0,34:47,2015,2016
2015-16,2760,Anderson Varejao,Anderson,1610612744,GSW,Golden State Warriors,21501112,2016-03-29T00:00:00,GSW vs. WAS,W,8.8,1.0,0.0,0.0,0.0,8.0,0.0,3.0,6.0,0.0,2.0,1.0,3.0,11.4,1,1,1,1,22932,11535,10158,9917,18861,13914,1,7328,22724,8004,23588,4972,4736,18134,1.0,8:46,2015,2016
2015-16,203110,Draymond Green,Draymond,1610612744,GSW,Golden State Warriors,21501112,2016-03-29T00:00:00,GSW vs. WAS,W,36.3,3.0,0.0,4.0,2.0,14.0,8.0,11.0,38.0,2.0,0.0,3.0,2.0,54.7,1,1,1,1,2520,4307,10158,1913,12984,22292,17345,21342,1422,932,1,17641,7786,406,1.0,36:20,2015,2016
2015-16,201939,Stephen Curry,Stephen,1610612744,GSW,Golden State Warriors,21501112,2016-03-29T00:00:00,GSW vs. WAS,W,34.7,8.0,3.0,5.0,6.0,14.0,5.0,11.0,32.0,0.0,2.0,3.0,2.0,54.9,1,1,1,1,3772,308,3104,1277,5299,22292,11469,21342,3535,8004,23588,17641,7786,401,1.0,34:43,2015,2016
2015-16,101106,Andrew Bogut,Andrew,1610612744,GSW,Golden State Warriors,21501112,2016-03-29T00:00:00,GSW vs. WAS,W,18.8,0.0,0.0,2.0,2.0,6.0,6.0,4.0,18.0,0.0,1.0,1.0,2.0,9.2,1,1,1,1,16840,12059,10158,4675,12984,10028,13237,8806,13577,8004,17214,4972,7786,19680,1.0,18:50,2015,2016
2015-16,202691,Klay Thompson,Klay,1610612744,GSW,Golden State Warriors,21501112,2016-03-29T00:00:00,GSW vs. WAS,W,31.6,5.0,2.0,5.0,6.0,8.0,12.0,8.0,38.0,1.0,1.0,3.0,0.0,26.3,1,1,1,1,6194,1603,4731,1277,5299,13914,22832,17194,1422,2692,17214,17641,18762,7733,1.0,31:38,2015,2016
2015-16,201578,Marreese Speights,Marreese,1610612744,GSW,Golden State Warriors,21501112,2016-03-29T00:00:00,GSW vs. WAS,W,10.2,2.0,0.0,0.0,6.0,1.0,2.0,2.0,10.0,1.0,0.0,4.0,3.0,12.9,1,1,1,1,22342,6026,10158,9917,5299,2356,3734,4025,20209,2692,1,22104,4736,17049,1.0,10:13,2015,2016
2015-16,2571,Leandro Barbosa,Leandro,1610612744,GSW,Golden State Warriors,21501112,2016-03-29T00:00:00,GSW vs. WAS,W,22.0,2.0,0.0,2.0,4.0,11.0,4.0,9.0,26.0,0.0,0.0,2.0,1.0,13.1,1,1,1,1,14175,6026,10158,4675,8599,18886,8458,18829,7214,8004,1,11390,12373,16874,1.0,21:60,2015,2016
2015-16,203546,Ian Clark,Ian,1610612744,GSW,Golden State Warriors,21501094,2016-03-27T00:00:00,GSW vs. PHI,W,20.5,3.0,0.0,0.0,4.0,7.0,3.0,7.0,18.0,0.0,0.0,1.0,2.0,12.4,1,1,1,1,15465,4307,10158,9917,8599,12242,7138,15538,13577,8004,1,4972,7786,17418,1.0,20:31,2015,2016
2015-16,203084,Harrison Barnes,Harrison,1610612744,GSW,Golden State Warriors,21501094,2016-03-27T00:00:00,GSW vs. PHI,W,32.4,0.0,0.0,2.0,6.0,10.0,10.0,6.0,30.0,0.0,0.0,0.0,3.0,16.9,1,1,1,1,5604,12059,10158,4675,5299,17370,20509,13388,4541,8004,1,1,4736,13911,1.0,32:21,2015,2016
2015-16,201578,Marreese Speights,Marreese,1610612744,GSW,Golden State Warriors,21501094,2016-03-27T00:00:00,GSW vs. PHI,W,19.9,0.0,4.0,0.0,10.0,10.0,2.0,7.0,22.0,0.0,0.0,3.0,4.0,27.9,1,1,1,1,15982,12059,1596,9917,1840,17370,3734,15538,10265,8004,1,17641,2748,6914,1.0,19:55,2015,2016
2015-16,202691,Klay Thompson,Klay,1610612744,GSW,Golden State Warriors,21501094,2016-03-27T00:00:00,GSW vs. PHI,W,38.5,0.0,11.0,6.0,10.0,15.0,7.0,11.0,36.0,1.0,0.0,0.0,4.0,43.4,1,1,1,1,1289,12059,19,740,1840,23079,15642,21342,1943,2692,1,1,2748,1662,1.0,38:28,2015,2016
2015-16,203110,Draymond Green,Draymond,1610612744,GSW,Golden State Warriors,21501094,2016-03-27T00:00:00,GSW vs. PHI,W,35.9,0.0,0.0,3.0,4.0,11.0,12.0,4.0,34.0,3.0,1.0,2.0,4.0,50.7,1,1,1,1,2819,12059,10158,3302,8599,18886,22832,8806,2701,347,17214,11390,2748,677,1.0,35:55,2015,2016
2015-16,201939,Stephen Curry,Stephen,1610612744,GSW,Golden State Warriors,21501094,2016-03-27T00:00:00,GSW vs. PHI,W,33.2,4.0,2.0,4.0,4.0,11.0,12.0,4.0,34.0,0.0,1.0,0.0,2.0,43.6,1,1,1,1,4966,2460,4731,1913,8599,18886,22832,8806,2701,8004,17214,1,7786,1627,1.0,33:12,2015,2016
2015-16,2571,Leandro Barbosa,Leandro,1610612744,GSW,Golden State Warriors,21501094,2016-03-27T00:00:00,GSW vs. PHI,W,23.5,0.0,0.0,0.0,2.0,10.0,5.0,7.0,22.0,0.0,1.0,4.0,1.0,14.2,1,1,1,1,13005,12059,10158,9917,12984,17370,11469,15538,10265,8004,17214,22104,12373,16003,1.0,23:27,2015,2016
2015-16,203949,James Michael McAdoo,James Michael,1610612744,GSW,Golden State Warriors,21501094,2016-03-27T00:00:00,GSW vs. PHI,W,6.5,2.0,0.0,0.0,4.0,2.0,2.0,4.0,10.0,0.0,0.0,2.0,0.0,5.7,1,1,1,1,23734,6026,10158,9917,8599,2619,3734,8806,20209,8004,1,11390,18762,22054,1.0,6:32,2015,2016
2015-16,101106,Andrew Bogut,Andrew,1610612744,GSW,Golden State Warriors,21501094,2016-03-27T00:00:00,GSW vs. PHI,W,13.2,0.0,0.0,0.0,0.0,6.0,3.0,2.0,8.0,0.0,0.0,3.0,0.0,8.0,1,1,1,1,20852,12059,10158,9917,18861,10028,7138,4025,21543,8004,1,17641,18762,20564,1.0,13:14,2015,2016
2015-16,201575,Brandon Rush,Brandon,1610612744,GSW,Golden State Warriors,21501094,2016-03-27T00:00:00,GSW vs. PHI,W,16.4,0.0,0.0,3.0,0.0,8.0,4.0,3.0,16.0,0.0,0.0,0.0,0.0,16.0,1,1,1,1,18720,12059,10158,3302,18861,13914,8458,7328,15259,8004,1,1,18762,14590,1.0,16:25,2015,2016
2015-16,101106,Andrew Bogut,Andrew,1610612744,GSW,Golden State Warriors,21501080,2016-03-25T00:00:00,GSW vs. DAL,W,18.1,0.0,4.0,0.0,4.0,4.0,3.0,0.0,14.0,1.0,0.0,4.0,1.0,11.4,1,1,1,1,17438,12059,1596,9917,8599,6141,7138,1,17019,2692,1,22104,12373,18134,1.0,18:07,2015,2016
2015-16,2571,Leandro Barbosa,Leandro,1610612744,GSW,Golden State Warriors,21501080,2016-03-25T00:00:00,GSW vs. DAL,W,19.7,0.0,0.0,0.0,2.0,4.0,9.0,1.0,12.0,1.0,0.0,2.0,0.0,10.7,1,1,1,1,16122,12059,10158,9917,12984,6141,19144,3646,18637,2692,1,11390,18762,18636,1.0,19:44,2015,2016
2015-16,203949,James Michael McAdoo,James Michael,1610612744,GSW,Golden State Warriors,21501080,2016-03-25T00:00:00,GSW vs. DAL,W,1.0,0.0,0.0,0.0,0.0,0.0,3.0,0.0,2.0,0.0,0.0,1.0,0.0,0.0,1,1,1,1,25881,12059,10158,9917,18861,1,7138,1,24614,8004,1,4972,18762,25170,1.0,0:57,2015,2016
2015-16,202691,Klay Thompson,Klay,1610612744,GSW,Golden State Warriors,21501080,2016-03-25T00:00:00,GSW vs. DAL,W,35.0,3.0,4.0,19.0,6.0,7.0,16.0,0.0,26.0,1.0,3.0,1.0,4.0,52.5,1,1,1,1,3534,4307,1596,4,5299,12242,25155,1,7214,2692,25441,4972,2748,544,1.0,35:00,2015,2016
2015-16,203110,Draymond Green,Draymond,1610612744,GSW,Golden State Warriors,21501080,2016-03-25T00:00:00,GSW vs. DAL,W,35.2,0.0,2.0,5.0,8.0,9.0,11.0,1.0,24.0,2.0,1.0,1.0,2.0,53.4,1,1,1,1,3398,12059,4731,1277,3109,15771,21814,3646,8723,932,17214,4972,7786,499,1.0,35:11,2015,2016
2015-16,201939,Stephen Curry,Stephen,1610612744,GSW,Golden State Warriors,21501080,2016-03-25T00:00:00,GSW vs. DAL,W,35.2,2.0,3.0,15.0,6.0,9.0,11.0,1.0,24.0,0.0,0.0,0.0,9.0,63.6,1,1,1,1,3398,6026,3104,9,5299,15771,21814,3646,8723,8004,1,1,138,114,1.0,35:11,2015,2016
2015-16,2760,Anderson Varejao,Anderson,1610612744,GSW,Golden State Warriors,21501080,2016-03-25T00:00:00,GSW vs. DAL,W,10.0,0.0,0.0,0.0,0.0,2.0,2.0,1.0,6.0,2.0,0.0,1.0,1.0,11.9,1,1,1,1,22429,12059,10158,9917,18861,2619,3734,3646,22724,932,1,4972,12373,17760,1.0,10:01,2015,2016
2015-16,203084,Harrison Barnes,Harrison,1610612744,GSW,Golden State Warriors,21501080,2016-03-25T00:00:00,GSW vs. DAL,W,34.0,2.0,0.0,2.0,6.0,9.0,17.0,0.0,22.0,0.0,2.0,3.0,0.0,22.4,1,1,1,1,4362,6026,10158,4675,5299,15771,25429,1,10265,8004,23588,17641,18762,10131,1.0,33:59,2015,2016
2015-16,203546,Ian Clark,Ian,1610612744,GSW,Golden State Warriors,21501080,2016-03-25T00:00:00,GSW vs. DAL,W,2.5,3.0,0.0,0.0,0.0,2.0,3.0,0.0,2.0,0.0,0.0,1.0,0.0,3.0,1,1,1,1,25350,4307,10158,9917,18861,2619,7138,1,24614,8004,1,4972,18762,23648,1.0,2:27,2015,2016
2015-16,2733,Shaun Livingston,Shaun,1610612744,GSW,Golden State Warriors,21501080,2016-03-25T00:00:00,GSW vs. DAL,W,21.3,2.0,0.0,4.0,4.0,5.0,13.0,1.0,16.0,1.0,0.0,2.0,0.0,16.4,1,1,1,1,14763,6026,10158,1913,8599,8403,23668,3646,15259,2692,1,11390,18762,14289,1.0,21:19,2015,2016
2015-16,201575,Brandon Rush,Brandon,1610612744,GSW,Golden State Warriors,21501080,2016-03-25T00:00:00,GSW vs. DAL,W,15.9,0.0,0.0,0.0,0.0,2.0,6.0,0.0,6.0,1.0,0.0,0.0,0.0,8.1,1,1,1,1,19118,12059,10158,9917,18861,2619,13237,1,22724,2692,1,1,18762,20521,1.0,15:54,2015,2016
2015-16,201578,Marreese Speights,Marreese,1610612744,GSW,Golden State Warriors,21501080,2016-03-25T00:00:00,GSW vs. DAL,W,12.2,2.0,0.0,2.0,0.0,2.0,6.0,0.0,6.0,1.0,0.0,0.0,2.0,14.6,1,1,1,1,21445,6026,10158,4675,18861,2619,13237,1,22724,2692,1,1,7786,15699,1.0,12:10,2015,2016
2015-16,101106,Andrew Bogut,Andrew,1610612744,GSW,Golden State Warriors,21501066,2016-03-23T00:00:00,GSW vs. LAC,W,20.2,0.0,2.0,0.0,4.0,5.0,4.0,9.0,20.0,2.0,0.0,3.0,1.0,28.0,1,1,1,1,15713,12059,4731,9917,8599,8403,8458,18829,11929,932,1,17641,12373,6864,1.0,20:13,2015,2016
2015-16,2733,Shaun Livingston,Shaun,1610612744,GSW,Golden State Warriors,21501066,2016-03-23T00:00:00,GSW vs. LAC,W,26.3,0.0,3.0,0.0,4.0,7.0,2.0,8.0,22.0,0.0,1.0,2.0,4.0,22.5,1,1,1,1,10598,12059,3104,9917,8599,12242,3734,17194,10265,8004,17214,11390,2748,10082,1.0,26:18,2015,2016
2015-16,201578,Marreese Speights,Marreese,1610612744,GSW,Golden State Warriors,21501066,2016-03-23T00:00:00,GSW vs. LAC,W,11.9,0.0,0.0,0.0,0.0,2.0,0.0,2.0,10.0,2.0,1.0,3.0,1.0,17.5,1,1,1,1,21628,12059,10158,9917,18861,2619,1,4025,20209,932,17214,17641,12373,13528,1.0,11:55,2015,2016
2015-16,203110,Draymond Green,Draymond,1610612744,GSW,Golden State Warriors,21501066,2016-03-23T00:00:00,GSW vs. LAC,W,37.4,2.0,0.0,8.0,8.0,6.0,6.0,15.0,34.0,0.0,1.0,4.0,5.0,34.4,1,1,1,1,1857,6026,10158,280,3109,10028,13237,24242,2701,8004,17214,22104,1539,4029,1.0,37:22,2015,2016
2015-16,201939,Stephen Curry,Stephen,1610612744,GSW,Golden State Warriors,21501066,2016-03-23T00:00:00,GSW vs. LAC,W,37.4,2.0,3.0,4.0,16.0,6.0,6.0,15.0,34.0,0.0,0.0,3.0,4.0,53.3,1,1,1,1,1797,6026,3104,1913,275,10028,13237,24242,2701,8004,1,17641,2748,504,1.0,37:26,2015,2016
2015-16,2571,Leandro Barbosa,Leandro,1610612744,GSW,Golden State Warriors,21501066,2016-03-23T00:00:00,GSW vs. LAC,W,14.9,4.0,0.0,4.0,2.0,4.0,0.0,4.0,14.0,0.0,2.0,1.0,1.0,13.2,1,1,1,1,19828,2460,10158,1913,12984,6141,1,8806,17019,8004,23588,4972,12373,16768,1.0,14:54,2015,2016
2015-16,203949,James Michael McAdoo,James Michael,1610612744,GSW,Golden State Warriors,21501066,2016-03-23T00:00:00,GSW vs. LAC,W,0.1,0.0,0.0,0.0,0.0,0.0,0.0,0.0,0.0,0.0,0.0,0.0,0.0,0.0,1,1,1,1,26050,12059,10158,9917,18861,1,1,1,25429,8004,1,1,18762,25170,1.0,0:04,2015,2016
2015-16,201575,Brandon Rush,Brandon,1610612744,GSW,Golden State Warriors,21501066,2016-03-23T00:00:00,GSW vs. LAC,W,18.1,0.0,0.0,0.0,0.0,7.0,1.0,7.0,20.0,1.0,0.0,2.0,0.0,8.1,1,1,1,1,17454,12059,10158,9917,18861,12242,3393,15538,11929,2692,1,11390,18762,20521,1.0,18:05,2015,2016
2015-16,203084,Harrison Barnes,Harrison,1610612744,GSW,Golden State Warriors,21501066,2016-03-23T00:00:00,GSW vs. LAC,W,37.3,4.0,0.0,1.0,2.0,7.0,5.0,12.0,34.0,0.0,0.0,0.0,4.0,20.2,1,1,1,1,1890,2460,10158,9347,12984,12242,11469,22259,2701,8004,1,1,2748,11610,1.0,37:18,2015,2016
2015-16,202691,Klay Thompson,Klay,1610612744,GSW,Golden State Warriors,21501066,2016-03-23T00:00:00,GSW vs. LAC,W,36.4,0.0,6.0,2.0,8.0,6.0,6.0,13.0,32.0,0.0,2.0,2.0,2.0,41.3,1,1,1,1,2452,12059,481,4675,3109,10028,13237,23048,3535,8004,23588,11390,7786,2074,1.0,36:25,2015,2016
2015-16,203546,Ian Clark,Ian,1610612744,GSW,Golden State Warriors,21501050,2016-03-21T00:00:00,GSW @ MIN,W,7.9,0.0,0.0,0.0,0.0,2.0,5.0,0.0,0.0,1.0,0.0,0.0,1.0,7.4,1,1,1,1,23242,12059,10158,9917,18861,2619,11469,1,25429,2692,1,1,12373,20912,1.0,7:52,2015,2016
2015-16,2733,Shaun Livingston,Shaun,1610612744,GSW,Golden State Warriors,21501050,2016-03-21T00:00:00,GSW @ MIN,W,19.4,0.0,0.0,2.0,4.0,10.0,6.0,0.0,12.0,2.0,1.0,2.0,0.0,31.4,1,1,1,1,16420,12059,10158,4675,8599,17370,13237,1,18637,932,17214,11390,18762,5218,1.0,19:21,2015,2016
2015-16,202691,Klay Thompson,Klay,1610612744,GSW,Golden State Warriors,21501050,2016-03-21T00:00:00,GSW @ MIN,W,30.0,3.0,0.0,3.0,0.0,16.0,5.0,20.0,24.0,0.0,2.0,2.0,1.0,27.0,1,1,1,1,7507,4307,10158,3302,18861,23774,11469,25599,8723,8004,23588,11390,12373,7385,1.0,30:02,2015,2016
2015-16,203084,Harrison Barnes,Harrison,1610612744,GSW,Golden State Warriors,21501050,2016-03-21T00:00:00,GSW @ MIN,W,31.3,0.0,0.0,2.0,6.0,16.0,9.0,18.0,24.0,0.0,0.0,1.0,1.0,20.4,1,1,1,1,6470,12059,10158,4675,5299,23774,19144,25228,8723,8004,1,4972,12373,11453,1.0,31:18,2015,2016
2015-16,203110,Draymond Green,Draymond,1610612744,GSW,Golden State Warriors,21501050,2016-03-21T00:00:00,GSW @ MIN,W,36.6,6.0,6.0,1.0,20.0,18.0,4.0,20.0,30.0,3.0,0.0,4.0,6.0,57.8,1,1,1,1,2356,878,481,9347,59,24749,8458,25599,4541,347,1,22104,873,275,1.0,36:34,2015,2016
2015-16,201939,Stephen Curry,Stephen,1610612744,GSW,Golden State Warriors,21501050,2016-03-21T00:00:00,GSW @ MIN,W,34.8,2.0,2.0,0.0,6.0,18.0,4.0,20.0,30.0,1.0,0.0,4.0,5.0,50.9,1,1,1,1,3666,6026,4731,9917,5299,24749,8458,25599,4541,2692,1,22104,1539,664,1.0,34:50,2015,2016
2015-16,203949,James Michael McAdoo,James Michael,1610612744,GSW,Golden State Warriors,21501050,2016-03-21T00:00:00,GSW @ MIN,W,17.6,5.0,2.0,3.0,6.0,5.0,0.0,18.0,16.0,0.0,2.0,2.0,2.0,17.2,1,1,1,1,17847,1603,4731,3302,5299,8403,1,25228,15259,8004,23588,11390,7786,13725,1.0,17:34,2015,2016
2015-16,201578,Marreese Speights,Marreese,1610612744,GSW,Golden State Warriors,21501050,2016-03-21T00:00:00,GSW @ MIN,W,13.4,0.0,2.0,0.0,2.0,4.0,4.0,0.0,4.0,3.0,0.0,2.0,0.0,22.4,1,1,1,1,20731,12059,4731,9917,12984,6141,8458,1,23698,347,1,11390,18762,10131,1.0,13:25,2015,2016
2015-16,2571,Leandro Barbosa,Leandro,1610612744,GSW,Golden State Warriors,21501050,2016-03-21T00:00:00,GSW @ MIN,W,18.3,5.0,2.0,2.0,8.0,8.0,6.0,0.0,12.0,0.0,0.0,0.0,1.0,10.7,1,1,1,1,17234,1603,4731,4675,3109,13914,13237,1,18637,8004,1,1,12373,18636,1.0,18:20,2015,2016
2015-16,201575,Brandon Rush,Brandon,1610612744,GSW,Golden State Warriors,21501050,2016-03-21T00:00:00,GSW @ MIN,W,20.4,2.0,0.0,0.0,2.0,5.0,7.0,2.0,16.0,0.0,0.0,2.0,0.0,10.6,1,1,1,1,15547,6026,10158,9917,12984,8403,15642,4025,15259,8004,1,11390,18762,18723,1.0,20:25,2015,2016
2015-16,2760,Anderson Varejao,Anderson,1610612744,GSW,Golden State Warriors,21501050,2016-03-21T00:00:00,GSW @ MIN,W,10.3,0.0,0.0,0.0,4.0,8.0,5.0,2.0,12.0,0.0,0.0,1.0,3.0,5.5,1,1,1,1,22308,12059,10158,9917,8599,13914,11469,4025,18637,8004,1,4972,4736,22196,1.0,10:19,2015,2016
2015-16,201939,Stephen Curry,Stephen,1610612744,GSW,Golden State Warriors,21501036,2016-03-19T00:00:00,GSW @ SAS,L,37.6,5.0,3.0,2.0,6.0,3.0,20.0,4.0,28.0,0.0,2.0,0.0,7.0,34.2,1,13074,13074,13074,1701,1603,3104,4675,5299,5109,25875,8806,5824,8004,23588,1,469,4092,1.0,37:36,2015,2016
2015-16,2571,Leandro Barbosa,Leandro,1610612744,GSW,Golden State Warriors,21501036,2016-03-19T00:00:00,GSW @ SAS,L,13.9,0.0,0.0,2.0,0.0,3.0,7.0,0.0,4.0,0.0,0.0,2.0,2.0,14.3,1,13074,13074,13074,20491,12059,10158,4675,18861,5109,15642,1,23698,8004,1,11390,7786,15948,1.0,13:52,2015,2016
2015-16,203546,Ian Clark,Ian,1610612744,GSW,Golden State Warriors,21501036,2016-03-19T00:00:00,GSW @ SAS,L,6.3,0.0,0.0,0.0,2.0,2.0,4.0,0.0,8.0,0.0,0.0,1.0,0.0,2.0,1,13074,13074,13074,23817,12059,10158,9917,12984,2619,8458,1,21543,8004,1,4972,18762,24216,1.0,6:20,2015,2016
2015-16,203110,Draymond Green,Draymond,1610612744,GSW,Golden State Warriors,21501036,2016-03-19T00:00:00,GSW @ SAS,L,39.3,4.0,5.0,2.0,8.0,4.0,18.0,4.0,30.0,1.0,0.0,3.0,6.0,36.8,1,13074,13074,13074,962,2460,995,4675,3109,6141,25634,8806,4541,2692,1,17641,873,3241,1.0,39:16,2015,2016
2015-16,203949,James Michael McAdoo,James Michael,1610612744,GSW,Golden State Warriors,21501036,2016-03-19T00:00:00,GSW @ SAS,L,8.6,0.0,2.0,0.0,4.0,1.0,10.0,2.0,8.0,0.0,0.0,3.0,0.0,6.7,1,13074,13074,13074,23004,12059,4731,9917,8599,2356,20509,4025,21543,8004,1,17641,18762,21376,1.0,8:34,2015,2016
2015-16,201578,Marreese Speights,Marreese,1610612744,GSW,Golden State Warriors,21501036,2016-03-19T00:00:00,GSW @ SAS,L,10.9,0.0,0.0,0.0,0.0,2.0,5.0,0.0,4.0,0.0,1.0,2.0,0.0,7.2,1,13074,13074,13074,22062,12059,10158,9917,18861,2619,11469,1,23698,8004,17214,11390,18762,21035,1.0,10:56,2015,2016
2015-16,203084,Harrison Barnes,Harrison,1610612744,GSW,Golden State Warriors,21501036,2016-03-19T00:00:00,GSW @ SAS,L,30.2,0.0,2.0,0.0,2.0,6.0,14.0,2.0,28.0,0.0,3.0,5.0,0.0,19.9,1,13074,13074,13074,7383,12059,4731,9917,12984,10028,24300,4025,5824,8004,25441,24686,18762,11824,1.0,30:10,2015,2016
2015-16,202691,Klay Thompson,Klay,1610612744,GSW,Golden State Warriors,21501036,2016-03-19T00:00:00,GSW @ SAS,L,38.2,0.0,0.0,0.0,6.0,6.0,17.0,4.0,32.0,1.0,0.0,2.0,2.0,26.5,1,13074,13074,13074,1424,12059,10158,9917,5299,10028,25429,8806,3535,2692,1,11390,7786,7627,1.0,38:12,2015,2016
2015-16,2760,Anderson Varejao,Anderson,1610612744,GSW,Golden State Warriors,21501036,2016-03-19T00:00:00,GSW @ SAS,L,6.1,0.0,0.0,0.0,0.0,3.0,3.0,0.0,6.0,0.0,0.0,1.0,1.0,2.7,1,13074,13074,13074,23912,12059,10158,9917,18861,5109,7138,1,22724,8004,1,4972,12373,23884,1.0,6:07,2015,2016
2015-16,201575,Brandon Rush,Brandon,1610612744,GSW,Golden State Warriors,21501036,2016-03-19T00:00:00,GSW @ SAS,L,27.3,0.0,0.0,5.0,4.0,2.0,10.0,4.0,26.0,0.0,0.0,0.0,0.0,16.6,1,13074,13074,13074,9784,12059,10158,1277,8599,2619,20509,8806,7214,8004,1,1,18762,14125,1.0,27:17,2015,2016
2015-16,2733,Shaun Livingston,Shaun,1610612744,GSW,Golden State Warriors,21501036,2016-03-19T00:00:00,GSW @ SAS,L,21.7,2.0,0.0,0.0,0.0,3.0,12.0,0.0,6.0,1.0,0.0,2.0,1.0,27.5,1,13074,13074,13074,14458,6026,10158,9917,18861,5109,22832,1,22724,2692,1,11390,12373,7137,1.0,21:40,2015,2016
2015-16,203084,Harrison Barnes,Harrison,1610612744,GSW,Golden State Warriors,21501026,2016-03-18T00:00:00,GSW @ DAL,W,36.2,5.0,0.0,6.0,10.0,10.0,12.0,18.0,42.0,1.0,0.0,2.0,4.0,35.0,1,1,1,1,2595,1603,10158,740,1840,17370,22832,25228,670,2692,1,11390,2748,3813,1.0,36:14,2015,2016
2015-16,203110,Draymond Green,Draymond,1610612744,GSW,Golden State Warriors,21501026,2016-03-18T00:00:00,GSW @ DAL,W,36.1,5.0,0.0,0.0,6.0,15.0,4.0,18.0,38.0,1.0,1.0,2.0,5.0,33.8,1,1,1,1,2657,1603,10158,9917,5299,23079,8458,25228,1422,2692,17214,11390,1539,4244,1.0,36:07,2015,2016
2015-16,201578,Marreese Speights,Marreese,1610612744,GSW,Golden State Warriors,21501026,2016-03-18T00:00:00,GSW @ DAL,W,17.2,2.0,2.0,0.0,2.0,0.0,0.0,2.0,16.0,1.0,0.0,2.0,0.0,24.0,1,1,1,1,18123,6026,4731,9917,12984,1,1,4025,15259,2692,1,11390,18762,9121,1.0,17:12,2015,2016
2015-16,201939,Stephen Curry,Stephen,1610612744,GSW,Golden State Warriors,21501026,2016-03-18T00:00:00,GSW @ DAL,W,34.3,6.0,7.0,7.0,12.0,15.0,4.0,18.0,36.0,0.0,2.0,2.0,2.0,61.8,1,1,1,1,4082,878,292,454,988,23079,8458,25228,1943,8004,23588,11390,7786,151,1.0,34:19,2015,2016
2015-16,202691,Klay Thompson,Klay,1610612744,GSW,Golden State Warriors,21501026,2016-03-18T00:00:00,GSW @ DAL,W,33.8,3.0,3.0,5.0,2.0,15.0,12.0,16.0,38.0,1.0,2.0,3.0,1.0,55.2,1,1,1,1,4484,4307,3104,1277,12984,23079,22832,24641,1422,2692,23588,17641,12373,387,1.0,33:50,2015,2016
2015-16,201575,Brandon Rush,Brandon,1610612744,GSW,Golden State Warriors,21501026,2016-03-18T00:00:00,GSW @ DAL,W,14.7,0.0,0.0,0.0,0.0,5.0,8.0,0.0,16.0,1.0,0.0,2.0,0.0,6.9,1,1,1,1,19947,12059,10158,9917,18861,8403,17345,1,15259,2692,1,11390,18762,21262,1.0,14:43,2015,2016
2015-16,2760,Anderson Varejao,Anderson,1610612744,GSW,Golden State Warriors,21501026,2016-03-18T00:00:00,GSW @ DAL,W,9.4,0.0,0.0,0.0,0.0,2.0,8.0,0.0,6.0,1.0,0.0,3.0,0.0,4.4,1,1,1,1,22663,12059,10158,9917,18861,2619,17345,1,22724,2692,1,17641,18762,22837,1.0,9:25,2015,2016
2015-16,203949,James Michael McAdoo,James Michael,1610612744,GSW,Golden State Warriors,21501026,2016-03-18T00:00:00,GSW @ DAL,W,11.6,0.0,2.0,0.0,2.0,13.0,0.0,9.0,10.0,0.0,1.0,2.0,1.0,7.1,1,1,1,1,21794,12059,4731,9917,12984,21300,1,18829,20209,8004,17214,11390,12373,21141,1.0,11:34,2015,2016
2015-16,203546,Ian Clark,Ian,1610612744,GSW,Golden State Warriors,21501026,2016-03-18T00:00:00,GSW @ DAL,W,2.6,0.0,0.0,0.0,0.0,0.0,3.0,0.0,2.0,0.0,0.0,0.0,0.0,4.2,1,1,1,1,25276,12059,10158,9917,18861,1,7138,1,24614,8004,1,1,18762,22976,1.0,2:38,2015,2016
2015-16,101106,Andrew Bogut,Andrew,1610612744,GSW,Golden State Warriors,21501026,2016-03-18T00:00:00,GSW @ DAL,W,8.6,0.0,0.0,0.0,0.0,0.0,4.0,7.0,10.0,0.0,0.0,1.0,1.0,3.4,1,1,1,1,23003,12059,10158,9917,18861,1,8458,15538,20209,8004,1,4972,12373,23417,1.0,8:35,2015,2016
2015-16,2733,Shaun Livingston,Shaun,1610612744,GSW,Golden State Warriors,21501026,2016-03-18T00:00:00,GSW @ DAL,W,18.0,0.0,0.0,0.0,0.0,0.0,5.0,0.0,16.0,0.0,2.0,0.0,0.0,17.9,1,1,1,1,17523,12059,10158,9917,18861,1,11469,1,15259,8004,23588,1,18762,13229,1.0,17:59,2015,2016
2015-16,2571,Leandro Barbosa,Leandro,1610612744,GSW,Golden State Warriors,21501026,2016-03-18T00:00:00,GSW @ DAL,W,17.4,0.0,0.0,2.0,2.0,0.0,0.0,2.0,20.0,1.0,0.0,2.0,1.0,12.2,1,1,1,1,17960,12059,10158,4675,12984,1,1,4025,11929,2692,1,11390,12373,17566,1.0,17:24,2015,2016
2015-16,201578,Marreese Speights,Marreese,1610612744,GSW,Golden State Warriors,21501011,2016-03-16T00:00:00,GSW vs. NYK,W,15.6,0.0,0.0,2.0,2.0,2.0,2.0,2.0,10.0,1.0,0.0,1.0,1.0,20.6,1,1,1,1,19334,12059,10158,4675,12984,2619,3734,4025,20209,2692,1,4972,12373,11314,1.0,15:37,2015,2016
2015-16,203949,James Michael McAdoo,James Michael,1610612744,GSW,Golden State Warriors,21501011,2016-03-16T00:00:00,GSW vs. NYK,W,7.6,0.0,3.0,0.0,2.0,2.0,2.0,2.0,4.0,0.0,1.0,2.0,0.0,11.7,1,1,1,1,23350,12059,3104,9917,12984,2619,3734,4025,23698,8004,17214,11390,18762,17903,1.0,7:37,2015,2016
2015-16,203084,Harrison Barnes,Harrison,1610612744,GSW,Golden State Warriors,21501011,2016-03-16T00:00:00,GSW vs. NYK,W,31.6,0.0,2.0,2.0,4.0,2.0,6.0,3.0,20.0,0.0,0.0,1.0,2.0,15.7,1,1,1,1,6245,12059,4731,4675,8599,2619,13237,7328,11929,8004,1,4972,7786,14841,1.0,31:35,2015,2016
2015-16,202691,Klay Thompson,Klay,1610612744,GSW,Golden State Warriors,21501011,2016-03-16T00:00:00,GSW vs. NYK,W,26.0,0.0,3.0,2.0,4.0,5.0,12.0,0.0,16.0,1.0,0.0,0.0,0.0,29.4,1,1,1,1,10813,12059,3104,4675,8599,8403,22832,1,15259,2692,1,1,18762,6143,1.0,26:02,2015,2016
2015-16,201939,Stephen Curry,Stephen,1610612744,GSW,Golden State Warriors,21501011,2016-03-16T00:00:00,GSW vs. NYK,W,28.4,2.0,3.0,12.0,4.0,7.0,10.0,5.0,16.0,0.0,0.0,2.0,2.0,45.2,1,1,1,1,8966,6026,3104,42,8599,12242,20509,11593,15259,8004,1,11390,7786,1324,1.0,28:21,2015,2016
2015-16,203110,Draymond Green,Draymond,1610612744,GSW,Golden State Warriors,21501011,2016-03-16T00:00:00,GSW vs. NYK,W,28.6,0.0,2.0,0.0,6.0,7.0,10.0,5.0,16.0,2.0,1.0,2.0,1.0,39.2,1,1,1,1,8718,12059,4731,9917,5299,12242,20509,11593,15259,932,17214,11390,12373,2590,1.0,28:37,2015,2016
2015-16,101106,Andrew Bogut,Andrew,1610612744,GSW,Golden State Warriors,21501011,2016-03-16T00:00:00,GSW vs. NYK,W,22.4,2.0,2.0,0.0,10.0,5.0,10.0,3.0,10.0,1.0,0.0,4.0,0.0,28.4,1,1,1,1,13854,6026,4731,9917,1840,8403,20509,7328,20209,2692,1,22104,18762,6663,1.0,22:22,2015,2016
2015-16,201575,Brandon Rush,Brandon,1610612744,GSW,Golden State Warriors,21501011,2016-03-16T00:00:00,GSW vs. NYK,W,20.1,0.0,2.0,0.0,4.0,5.0,10.0,2.0,16.0,1.0,1.0,0.0,0.0,16.8,1,1,1,1,15851,12059,4731,9917,8599,8403,20509,4025,15259,2692,17214,1,18762,13996,1.0,20:05,2015,2016
2015-16,203546,Ian Clark,Ian,1610612744,GSW,Golden State Warriors,21501011,2016-03-16T00:00:00,GSW vs. NYK,W,11.9,0.0,2.0,0.0,0.0,2.0,4.0,2.0,10.0,0.0,0.0,0.0,0.0,10.2,1,1,1,1,21659,12059,4731,9917,18861,2619,8458,4025,20209,8004,1,1,18762,19003,1.0,11:52,2015,2016
2015-16,2571,Leandro Barbosa,Leandro,1610612744,GSW,Golden State Warriors,21501011,2016-03-16T00:00:00,GSW vs. NYK,W,22.0,0.0,0.0,4.0,4.0,4.0,2.0,7.0,16.0,0.0,0.0,0.0,2.0,14.8,1,1,1,1,14199,12059,10158,1913,8599,6141,3734,15538,15259,8004,1,1,7786,15561,1.0,21:58,2015,2016
2015-16,2733,Shaun Livingston,Shaun,1610612744,GSW,Golden State Warriors,21501011,2016-03-16T00:00:00,GSW vs. NYK,W,15.9,0.0,0.0,2.0,2.0,2.0,0.0,2.0,14.0,0.0,0.0,1.0,0.0,12.8,1,1,1,1,19125,12059,10158,4675,12984,2619,1,4025,17019,8004,1,4972,18762,17129,1.0,15:53,2015,2016
2015-16,2760,Anderson Varejao,Anderson,1610612744,GSW,Golden State Warriors,21501011,2016-03-16T00:00:00,GSW vs. NYK,W,10.0,0.0,0.0,0.0,4.0,2.0,2.0,2.0,12.0,2.0,0.0,0.0,3.0,13.0,1,1,1,1,22439,12059,10158,9917,8599,2619,3734,4025,18637,932,1,1,4736,16969,1.0,10:01,2015,2016
2015-16,2733,Shaun Livingston,Shaun,1610612744,GSW,Golden State Warriors,21500996,2016-03-14T00:00:00,GSW vs. NOP,W,15.8,0.0,0.0,2.0,2.0,4.0,6.0,2.0,16.0,0.0,0.0,4.0,1.0,10.2,1,1,1,1,19178,12059,10158,4675,12984,6141,13237,4025,15259,8004,1,22104,12373,19003,1.0,15:49,2015,2016
2015-16,202691,Klay Thompson,Klay,1610612744,GSW,Golden State Warriors,21500996,2016-03-14T00:00:00,GSW vs. NOP,W,26.1,2.0,2.0,2.0,6.0,8.0,10.0,4.0,24.0,1.0,0.0,0.0,1.0,19.4,1,1,1,1,10743,6026,4731,4675,5299,13914,20509,8806,8723,2692,1,1,12373,12154,1.0,26:07,2015,2016
2015-16,2760,Anderson Varejao,Anderson,1610612744,GSW,Golden State Warriors,21500996,2016-03-14T00:00:00,GSW vs. NOP,W,7.0,0.0,2.0,0.0,4.0,8.0,6.0,2.0,12.0,0.0,0.0,2.0,2.0,10.6,1,1,1,1,23558,12059,4731,9917,8599,13914,13237,4025,18637,8004,1,11390,7786,18723,1.0,7:01,2015,2016
2015-16,203084,Harrison Barnes,Harrison,1610612744,GSW,Golden State Warriors,21500996,2016-03-14T00:00:00,GSW vs. NOP,W,31.9,0.0,0.0,0.0,2.0,6.0,8.0,4.0,30.0,1.0,0.0,2.0,2.0,24.6,1,1,1,1,6033,12059,10158,9917,12984,10028,17345,8806,4541,2692,1,11390,7786,8724,1.0,31:51,2015,2016
2015-16,201939,Stephen Curry,Stephen,1610612744,GSW,Golden State Warriors,21500996,2016-03-14T00:00:00,GSW vs. NOP,W,31.3,0.0,0.0,4.0,12.0,6.0,14.0,2.0,20.0,0.0,0.0,1.0,2.0,45.5,1,1,1,1,6470,12059,10158,1913,988,10028,24300,4025,11929,8004,1,4972,7786,1278,1.0,31:18,2015,2016
2015-16,203546,Ian Clark,Ian,1610612744,GSW,Golden State Warriors,21500996,2016-03-14T00:00:00,GSW vs. NOP,W,9.2,0.0,0.0,0.0,0.0,4.0,7.0,2.0,14.0,0.0,1.0,0.0,0.0,9.5,1,1,1,1,22767,12059,10158,9917,18861,6141,15642,4025,17019,8004,17214,1,18762,19519,1.0,9:11,2015,2016
2015-16,101106,Andrew Bogut,Andrew,1610612744,GSW,Golden State Warriors,21500996,2016-03-14T00:00:00,GSW vs. NOP,W,15.5,2.0,0.0,2.0,2.0,0.0,8.0,2.0,10.0,1.0,0.0,4.0,2.0,15.3,1,1,1,1,19433,6026,10158,4675,12984,1,17345,4025,20209,2692,1,22104,7786,15150,1.0,15:28,2015,2016
2015-16,201578,Marreese Speights,Marreese,1610612744,GSW,Golden State Warriors,21500996,2016-03-14T00:00:00,GSW vs. NOP,W,18.4,0.0,0.0,1.0,0.0,6.0,5.0,2.0,16.0,0.0,1.0,4.0,3.0,26.9,1,1,1,1,17200,12059,10158,9347,18861,10028,11469,4025,15259,8004,17214,22104,4736,7438,1.0,18:23,2015,2016
2015-16,201575,Brandon Rush,Brandon,1610612744,GSW,Golden State Warriors,21500996,2016-03-14T00:00:00,GSW vs. NOP,W,18.4,0.0,0.0,3.0,2.0,12.0,9.0,4.0,24.0,0.0,0.0,0.0,0.0,12.2,1,1,1,1,17163,12059,10158,3302,12984,20178,19144,8806,8723,8004,1,1,18762,17566,1.0,18:25,2015,2016
2015-16,2571,Leandro Barbosa,Leandro,1610612744,GSW,Golden State Warriors,21500996,2016-03-14T00:00:00,GSW vs. NOP,W,21.9,4.0,0.0,2.0,2.0,6.0,11.0,2.0,20.0,0.0,0.0,2.0,0.0,13.1,1,1,1,1,14272,2460,10158,4675,12984,10028,21814,4025,11929,8004,1,11390,18762,16874,1.0,21:53,2015,2016
2015-16,203949,James Michael McAdoo,James Michael,1610612744,GSW,Golden State Warriors,21500996,2016-03-14T00:00:00,GSW vs. NOP,W,13.3,5.0,5.0,2.0,10.0,4.0,7.0,2.0,14.0,0.0,0.0,2.0,1.0,16.5,1,1,1,1,20825,1603,995,4675,1840,6141,15642,4025,17019,8004,1,11390,12373,14224,1.0,13:16,2015,2016
2015-16,203110,Draymond Green,Draymond,1610612744,GSW,Golden State Warriors,21500996,2016-03-14T00:00:00,GSW vs. NOP,W,31.3,0.0,0.0,2.0,8.0,6.0,14.0,2.0,20.0,3.0,1.0,1.0,5.0,39.4,1,1,1,1,6470,12059,10158,4675,3109,10028,24300,4025,11929,347,17214,4972,1539,2530,1.0,31:18,2015,2016
2015-16,2571,Leandro Barbosa,Leandro,1610612744,GSW,Golden State Warriors,21500981,2016-03-12T00:00:00,GSW vs. PHX,W,18.3,0.0,0.0,2.0,0.0,0.0,8.0,14.0,10.0,1.0,0.0,1.0,2.0,11.6,1,1,1,1,17234,12059,10158,4675,18861,1,17345,23710,20209,2692,1,4972,7786,17970,1.0,18:20,2015,2016
2015-16,203110,Draymond Green,Draymond,1610612744,GSW,Golden State Warriors,21500981,2016-03-12T00:00:00,GSW vs. PHX,W,37.1,2.0,0.0,5.0,6.0,10.0,10.0,20.0,36.0,1.0,1.0,3.0,6.0,38.8,1,1,1,1,2004,6026,10158,1277,5299,17370,20509,25599,1943,2692,17214,17641,873,2692,1.0,37:09,2015,2016
2015-16,201578,Marreese Speights,Marreese,1610612744,GSW,Golden State Warriors,21500981,2016-03-12T00:00:00,GSW vs. PHX,W,17.9,2.0,4.0,3.0,10.0,0.0,8.0,16.0,14.0,1.0,0.0,2.0,4.0,44.8,1,1,1,1,17578,6026,1596,3302,1840,1,17345,24641,17019,2692,1,11390,2748,1406,1.0,17:55,2015,2016
2015-16,201939,Stephen Curry,Stephen,1610612744,GSW,Golden State Warriors,21500981,2016-03-12T00:00:00,GSW vs. PHX,W,35.0,0.0,4.0,11.0,10.0,10.0,10.0,9.0,32.0,0.0,1.0,4.0,5.0,46.6,1,1,1,1,3549,12059,1596,69,1840,17370,20509,18829,3535,8004,17214,22104,1539,1122,1.0,34:59,2015,2016
2015-16,101106,Andrew Bogut,Andrew,1610612744,GSW,Golden State Warriors,21500981,2016-03-12T00:00:00,GSW vs. PHX,W,19.7,0.0,0.0,0.0,4.0,8.0,5.0,8.0,22.0,4.0,0.0,2.0,1.0,23.5,1,1,1,1,16189,12059,10158,9917,8599,13914,11469,17194,10265,132,1,11390,12373,9452,1.0,19:39,2015,2016
2015-16,202691,Klay Thompson,Klay,1610612744,GSW,Golden State Warriors,21500981,2016-03-12T00:00:00,GSW vs. PHX,W,37.3,2.0,0.0,6.0,0.0,13.0,9.0,23.0,38.0,0.0,1.0,4.0,5.0,34.7,1,1,1,1,1897,6026,10158,740,18861,21300,19144,25880,1422,8004,17214,22104,1539,3935,1.0,37:17,2015,2016
2015-16,203084,Harrison Barnes,Harrison,1610612744,GSW,Golden State Warriors,21500981,2016-03-12T00:00:00,GSW vs. PHX,W,35.1,4.0,0.0,2.0,6.0,10.0,10.0,16.0,32.0,0.0,0.0,5.0,2.0,23.8,1,1,1,1,3482,2460,10158,4675,5299,17370,20509,24641,3535,8004,1,24686,7786,9261,1.0,35:05,2015,2016
2015-16,2733,Shaun Livingston,Shaun,1610612744,GSW,Golden State Warriors,21500981,2016-03-12T00:00:00,GSW vs. PHX,W,21.4,3.0,0.0,3.0,4.0,2.0,8.0,13.0,14.0,1.0,0.0,1.0,2.0,25.6,1,1,1,1,14657,4307,10158,3302,8599,2619,17345,23048,17019,2692,1,4972,7786,8157,1.0,21:26,2015,2016
2015-16,201575,Brandon Rush,Brandon,1610612744,GSW,Golden State Warriors,21500981,2016-03-12T00:00:00,GSW vs. PHX,W,8.4,0.0,0.0,0.0,0.0,6.0,5.0,3.0,8.0,1.0,0.0,0.0,1.0,4.0,1,1,1,1,23059,12059,10158,9917,18861,10028,11469,7328,21543,2692,1,1,12373,23142,1.0,8:23,2015,2016
2015-16,2760,Anderson Varejao,Anderson,1610612744,GSW,Golden State Warriors,21500981,2016-03-12T00:00:00,GSW vs. PHX,W,5.3,0.0,0.0,0.0,0.0,3.0,2.0,0.0,6.0,0.0,0.0,1.0,2.0,0.0,1,1,1,1,24263,12059,10158,9917,18861,5109,3734,1,22724,8004,1,4972,7786,25170,1.0,5:17,2015,2016
2015-16,203546,Ian Clark,Ian,1610612744,GSW,Golden State Warriors,21500981,2016-03-12T00:00:00,GSW vs. PHX,W,4.5,0.0,0.0,0.0,0.0,3.0,0.0,8.0,8.0,0.0,0.0,2.0,0.0,-1.0,1,1,1,1,24544,12059,10158,9917,18861,5109,1,17194,21543,8004,1,11390,18762,25932,1.0,4:30,2015,2016
2015-16,203546,Ian Clark,Ian,1610612744,GSW,Golden State Warriors,21500971,2016-03-11T00:00:00,GSW vs. POR,W,5.9,0.0,0.0,0.0,0.0,0.0,0.0,0.0,4.0,0.0,0.0,2.0,1.0,8.8,1,1,1,1,24017,12059,10158,9917,18861,1,1,1,23698,8004,1,11390,12373,19994,1.0,5:52,2015,2016
2015-16,2733,Shaun Livingston,Shaun,1610612744,GSW,Golden State Warriors,21500971,2016-03-11T00:00:00,GSW vs. POR,W,14.5,0.0,0.0,0.0,2.0,0.0,6.0,0.0,14.0,2.0,0.0,0.0,1.0,9.2,1,1,1,1,20104,12059,10158,9917,12984,1,13237,1,17019,932,1,1,12373,19680,1.0,14:30,2015,2016
2015-16,201575,Brandon Rush,Brandon,1610612744,GSW,Golden State Warriors,21500971,2016-03-11T00:00:00,GSW vs. POR,W,16.1,0.0,0.0,0.0,0.0,5.0,5.0,0.0,12.0,0.0,0.0,0.0,1.0,9.1,1,1,1,1,18959,12059,10158,9917,18861,8403,11469,1,18637,8004,1,1,12373,19789,1.0,16:06,2015,2016
2015-16,2571,Leandro Barbosa,Leandro,1610612744,GSW,Golden State Warriors,21500971,2016-03-11T00:00:00,GSW vs. POR,W,16.4,0.0,0.0,0.0,0.0,2.0,3.0,0.0,12.0,0.0,0.0,1.0,1.0,3.5,1,1,1,1,18749,12059,10158,9917,18861,2619,7138,1,18637,8004,1,4972,12373,23351,1.0,16:23,2015,2016
2015-16,203949,James Michael McAdoo,James Michael,1610612744,GSW,Golden State Warriors,21500971,2016-03-11T00:00:00,GSW vs. POR,W,8.5,0.0,1.0,0.0,0.0,0.0,0.0,0.0,4.0,0.0,0.0,0.0,2.0,6.6,1,1,1,1,23019,12059,9709,9917,18861,1,1,1,23698,8004,1,1,7786,21445,1.0,8:31,2015,2016
2015-16,202691,Klay Thompson,Klay,1610612744,GSW,Golden State Warriors,21500971,2016-03-11T00:00:00,GSW vs. POR,W,31.6,3.0,3.0,2.0,2.0,5.0,11.0,0.0,16.0,0.0,1.0,1.0,1.0,43.0,1,1,1,1,6210,4307,3104,4675,12984,8403,21814,1,15259,8004,17214,4972,12373,1733,1.0,31:37,2015,2016
2015-16,101106,Andrew Bogut,Andrew,1610612744,GSW,Golden State Warriors,21500971,2016-03-11T00:00:00,GSW vs. POR,W,18.0,0.0,0.0,0.0,4.0,5.0,5.0,0.0,6.0,2.0,0.0,3.0,0.0,30.3,1,1,1,1,17499,12059,10158,9917,8599,8403,11469,1,22724,932,1,17641,18762,5702,1.0,18:01,2015,2016
2015-16,201939,Stephen Curry,Stephen,1610612744,GSW,Golden State Warriors,21500971,2016-03-11T00:00:00,GSW vs. POR,W,29.4,0.0,2.0,5.0,8.0,7.0,11.0,0.0,14.0,0.0,2.0,2.0,2.0,46.6,1,1,1,1,8021,12059,4731,1277,3109,12242,21814,1,17019,8004,23588,11390,7786,1122,1.0,29:26,2015,2016
2015-16,203110,Draymond Green,Draymond,1610612744,GSW,Golden State Warriors,21500971,2016-03-11T00:00:00,GSW vs. POR,W,32.6,0.0,5.0,2.0,6.0,7.0,11.0,0.0,16.0,1.0,1.0,2.0,5.0,50.1,1,1,1,1,5447,12059,995,4675,5299,12242,21814,1,15259,2692,17214,11390,1539,743,1.0,32:34,2015,2016
2015-16,2738,Andre Iguodala,Andre,1610612744,GSW,Golden State Warriors,21500971,2016-03-11T00:00:00,GSW vs. POR,W,14.8,4.0,0.0,1.0,0.0,2.0,0.0,0.0,8.0,0.0,0.0,1.0,3.0,13.4,1,1,1,1,19927,2460,10158,9347,18861,2619,1,1,21543,8004,1,4972,4736,16614,1.0,14:45,2015,2016
2015-16,203084,Harrison Barnes,Harrison,1610612744,GSW,Golden State Warriors,21500971,2016-03-11T00:00:00,GSW vs. POR,W,29.9,0.0,1.0,2.0,0.0,0.0,12.0,0.0,18.0,1.0,0.0,3.0,5.0,19.2,1,1,1,1,7672,12059,9709,4675,18861,1,22832,1,13577,2692,1,17641,1539,12284,1.0,29:51,2015,2016
2015-16,2760,Anderson Varejao,Anderson,1610612744,GSW,Golden State Warriors,21500971,2016-03-11T00:00:00,GSW vs. POR,W,11.5,2.0,0.0,2.0,4.0,0.0,3.0,0.0,8.0,0.0,0.0,2.0,0.0,12.7,1,1,1,1,21840,6026,10158,4675,8599,1,7138,1,21543,8004,1,11390,18762,17201,1.0,11:29,2015,2016
2015-16,201578,Marreese Speights,Marreese,1610612744,GSW,Golden State Warriors,21500971,2016-03-11T00:00:00,GSW vs. POR,W,10.9,0.0,0.0,0.0,0.0,2.0,3.0,0.0,8.0,0.0,0.0,3.0,1.0,2.2,1,1,1,1,22069,12059,10158,9917,18861,2619,7138,1,21543,8004,1,17641,12373,24138,1.0,10:55,2015,2016
2015-16,203084,Harrison Barnes,Harrison,1610612744,GSW,Golden State Warriors,21500958,2016-03-09T00:00:00,GSW vs. UTA,W,29.4,0.0,0.0,0.0,4.0,4.0,15.0,4.0,26.0,0.0,0.0,2.0,3.0,14.7,1,1,1,1,8044,12059,10158,9917,8599,6141,24781,8806,7214,8004,1,11390,4736,15631,1.0,29:25,2015,2016
2015-16,2571,Leandro Barbosa,Leandro,1610612744,GSW,Golden State Warriors,21500958,2016-03-09T00:00:00,GSW vs. UTA,W,19.7,6.0,0.0,6.0,8.0,8.0,5.0,6.0,16.0,0.0,0.0,4.0,2.0,19.0,1,1,1,1,16171,878,10158,740,3109,13914,11469,13388,15259,8004,1,22104,7786,12440,1.0,19:41,2015,2016
2015-16,203546,Ian Clark,Ian,1610612744,GSW,Golden State Warriors,21500958,2016-03-09T00:00:00,GSW vs. UTA,W,4.6,0.0,0.0,0.0,0.0,5.0,2.0,2.0,4.0,0.0,0.0,1.0,0.0,5.9,1,1,1,1,24512,12059,10158,9917,18861,8403,3734,4025,23698,8004,1,4972,18762,21953,1.0,4:35,2015,2016
2015-16,201939,Stephen Curry,Stephen,1610612744,GSW,Golden State Warriors,21500958,2016-03-09T00:00:00,GSW vs. UTA,W,31.5,2.0,0.0,2.0,2.0,4.0,14.0,2.0,30.0,0.0,1.0,2.0,3.0,36.6,1,1,1,1,6301,6026,10158,4675,12984,6141,24300,4025,4541,8004,17214,11390,4736,3288,1.0,31:31,2015,2016
2015-16,203110,Draymond Green,Draymond,1610612744,GSW,Golden State Warriors,21500958,2016-03-09T00:00:00,GSW vs. UTA,W,34.8,2.0,0.0,2.0,10.0,3.0,12.0,2.0,30.0,3.0,1.0,3.0,1.0,44.9,1,1,1,1,3666,6026,10158,4675,1840,5109,22832,4025,4541,347,17214,17641,12373,1380,1.0,34:50,2015,2016
2015-16,203949,James Michael McAdoo,James Michael,1610612744,GSW,Golden State Warriors,21500958,2016-03-09T00:00:00,GSW vs. UTA,W,3.8,0.0,0.0,0.0,0.0,5.0,2.0,2.0,4.0,0.0,0.0,2.0,0.0,0.5,1,1,1,1,24798,12059,10158,9917,18861,8403,3734,4025,23698,8004,1,11390,18762,25056,1.0,3:48,2015,2016
2015-16,201575,Brandon Rush,Brandon,1610612744,GSW,Golden State Warriors,21500958,2016-03-09T00:00:00,GSW vs. UTA,W,3.8,0.0,0.0,0.0,2.0,5.0,2.0,2.0,4.0,0.0,0.0,0.0,0.0,5.2,1,1,1,1,24798,12059,10158,9917,12984,8403,3734,4025,23698,8004,1,1,18762,22370,1.0,3:48,2015,2016
2015-16,2738,Andre Iguodala,Andre,1610612744,GSW,Golden State Warriors,21500958,2016-03-09T00:00:00,GSW vs. UTA,W,21.9,0.0,0.0,2.0,2.0,4.0,5.0,6.0,18.0,0.0,0.0,0.0,0.0,15.3,1,1,1,1,14245,12059,10158,4675,12984,6141,11469,13388,13577,8004,1,1,18762,15150,1.0,21:55,2015,2016
2015-16,2760,Anderson Varejao,Anderson,1610612744,GSW,Golden State Warriors,21500958,2016-03-09T00:00:00,GSW vs. UTA,W,13.3,2.0,0.0,2.0,4.0,7.0,3.0,2.0,8.0,0.0,1.0,3.0,2.0,16.0,1,1,1,1,20838,6026,10158,4675,8599,12242,7138,4025,21543,8004,17214,17641,7786,14590,1.0,13:15,2015,2016
2015-16,2733,Shaun Livingston,Shaun,1610612744,GSW,Golden State Warriors,21500958,2016-03-09T00:00:00,GSW vs. UTA,W,17.3,2.0,2.0,0.0,0.0,7.0,1.0,4.0,8.0,1.0,0.0,1.0,0.0,16.2,1,1,1,1,18084,6026,4731,9917,18861,12242,3393,8806,21543,2692,1,4972,18762,14436,1.0,17:15,2015,2016
2015-16,201578,Marreese Speights,Marreese,1610612744,GSW,Golden State Warriors,21500958,2016-03-09T00:00:00,GSW vs. UTA,W,15.4,7.0,2.0,0.0,4.0,4.0,2.0,4.0,10.0,0.0,1.0,3.0,3.0,28.0,1,1,1,1,19514,548,4731,9917,8599,6141,3734,8806,20209,8004,17214,17641,4736,6864,1.0,15:21,2015,2016
2015-16,202691,Klay Thompson,Klay,1610612744,GSW,Golden State Warriors,21500958,2016-03-09T00:00:00,GSW vs. UTA,W,30.2,3.0,0.0,2.0,6.0,4.0,13.0,2.0,24.0,0.0,0.0,0.0,0.0,27.7,1,1,1,1,7399,4307,10158,4675,5299,6141,23668,4025,8723,8004,1,1,18762,7008,1.0,30:09,2015,2016
2015-16,101106,Andrew Bogut,Andrew,1610612744,GSW,Golden State Warriors,21500958,2016-03-09T00:00:00,GSW vs. UTA,W,14.5,4.0,0.0,0.0,6.0,0.0,9.0,2.0,18.0,3.0,0.0,2.0,2.0,21.8,1,1,1,1,20133,2460,10158,9917,5299,1,19144,4025,13577,347,1,11390,7786,10526,1.0,14:27,2015,2016
2015-16,201939,Stephen Curry,Stephen,1610612744,GSW,Golden State Warriors,21500943,2016-03-07T00:00:00,GSW vs. ORL,W,37.3,6.0,2.0,7.0,14.0,20.0,2.0,23.0,32.0,0.0,0.0,3.0,7.0,68.1,1,1,1,1,1872,878,4731,454,542,25338,3734,25880,3535,8004,1,17641,469,65,1.0,37:20,2015,2016
2015-16,101106,Andrew Bogut,Andrew,1610612744,GSW,Golden State Warriors,21500943,2016-03-07T00:00:00,GSW vs. ORL,W,22.5,0.0,0.0,0.0,4.0,17.0,0.0,16.0,22.0,2.0,0.0,6.0,0.0,35.0,1,1,1,1,13736,12059,10158,9917,8599,24337,1,24641,10265,932,1,25827,18762,3813,1.0,22:32,2015,2016
2015-16,203084,Harrison Barnes,Harrison,1610612744,GSW,Golden State Warriors,21500943,2016-03-07T00:00:00,GSW vs. ORL,W,31.4,4.0,5.0,1.0,4.0,18.0,3.0,13.0,30.0,0.0,1.0,1.0,5.0,14.9,1,1,1,1,6415,2460,995,9347,8599,24749,7138,23048,4541,8004,17214,4972,1539,15463,1.0,31:22,2015,2016
2015-16,203110,Draymond Green,Draymond,1610612744,GSW,Golden State Warriors,21500943,2016-03-07T00:00:00,GSW vs. ORL,W,34.8,0.0,0.0,0.0,0.0,17.0,2.0,21.0,32.0,3.0,0.0,2.0,3.0,34.8,1,1,1,1,3676,12059,10158,9917,18861,24337,3734,25725,3535,347,1,11390,4736,3891,1.0,34:49,2015,2016
2015-16,202691,Klay Thompson,Klay,1610612744,GSW,Golden State Warriors,21500943,2016-03-07T00:00:00,GSW vs. ORL,W,36.3,2.0,2.0,7.0,10.0,22.0,2.0,21.0,36.0,0.0,0.0,4.0,0.0,35.2,1,1,1,1,2534,6026,4731,454,1840,25683,3734,25725,1943,8004,1,22104,18762,3745,1.0,36:19,2015,2016
2015-16,203949,James Michael McAdoo,James Michael,1610612744,GSW,Golden State Warriors,21500943,2016-03-07T00:00:00,GSW vs. ORL,W,5.8,0.0,2.0,3.0,2.0,5.0,2.0,3.0,4.0,0.0,1.0,1.0,3.0,6.2,1,1,1,1,24055,12059,4731,3302,12984,8403,3734,7328,23698,8004,17214,4972,4736,21696,1.0,5:48,2015,2016
2015-16,201578,Marreese Speights,Marreese,1610612744,GSW,Golden State Warriors,21500943,2016-03-07T00:00:00,GSW vs. ORL,W,6.1,0.0,0.0,0.0,0.0,1.0,1.0,2.0,2.0,1.0,0.0,1.0,1.0,5.5,1,1,1,1,23940,12059,10158,9917,18861,2356,3393,4025,24614,2692,1,4972,12373,22196,1.0,6:03,2015,2016
2015-16,2760,Anderson Varejao,Anderson,1610612744,GSW,Golden State Warriors,21500943,2016-03-07T00:00:00,GSW vs. ORL,W,4.2,0.0,0.0,0.0,0.0,0.0,0.0,2.0,2.0,0.0,0.0,1.0,0.0,2.4,1,1,1,1,24635,12059,10158,9917,18861,1,1,4025,24614,8004,1,4972,18762,24024,1.0,4:13,2015,2016
2015-16,201575,Brandon Rush,Brandon,1610612744,GSW,Golden State Warriors,21500943,2016-03-07T00:00:00,GSW vs. ORL,W,20.1,3.0,0.0,3.0,2.0,6.0,1.0,8.0,14.0,0.0,0.0,2.0,0.0,12.7,1,1,1,1,15834,4307,10158,3302,12984,10028,3393,17194,17019,8004,1,11390,18762,17201,1.0,20:06,2015,2016
2015-16,2571,Leandro Barbosa,Leandro,1610612744,GSW,Golden State Warriors,21500943,2016-03-07T00:00:00,GSW vs. ORL,W,15.4,2.0,0.0,4.0,6.0,3.0,1.0,4.0,8.0,0.0,0.0,3.0,0.0,12.9,1,1,1,1,19514,6026,10158,1913,5299,5109,3393,8806,21543,8004,1,17641,18762,17049,1.0,15:21,2015,2016
2015-16,2733,Shaun Livingston,Shaun,1610612744,GSW,Golden State Warriors,21500943,2016-03-07T00:00:00,GSW vs. ORL,W,21.0,0.0,2.0,2.0,6.0,6.0,1.0,10.0,16.0,1.0,1.0,0.0,2.0,18.4,1,1,1,1,15083,12059,4731,4675,5299,10028,3393,20169,15259,2692,17214,1,7786,12854,1.0,20:58,2015,2016
2015-16,203546,Ian Clark,Ian,1610612744,GSW,Golden State Warriors,21500943,2016-03-07T00:00:00,GSW vs. ORL,W,5.2,0.0,0.0,2.0,2.0,0.0,0.0,2.0,2.0,0.0,0.0,2.0,0.0,9.4,1,1,1,1,24315,12059,10158,4675,12984,1,1,4025,24614,8004,1,11390,18762,19568,1.0,5:09,2015,2016
2015-16,201578,Marreese Speights,Marreese,1610612744,GSW,Golden State Warriors,21500931,2016-03-06T00:00:00,GSW @ LAL,L,11.1,0.0,0.0,0.0,2.0,11.0,7.0,2.0,14.0,1.0,0.0,0.0,0.0,9.1,1,13074,13074,13074,21978,12059,10158,9917,12984,18886,15642,4025,17019,2692,1,1,18762,19789,1.0,11:07,2015,2016
2015-16,203546,Ian Clark,Ian,1610612744,GSW,Golden State Warriors,21500931,2016-03-06T00:00:00,GSW @ LAL,L,9.3,3.0,6.0,0.0,2.0,11.0,7.0,4.0,18.0,0.0,0.0,3.0,0.0,9.7,1,13074,13074,13074,22735,4307,481,9917,12984,18886,15642,8806,13577,8004,1,17641,18762,19379,1.0,9:15,2015,2016
2015-16,203110,Draymond Green,Draymond,1610612744,GSW,Golden State Warriors,21500931,2016-03-06T00:00:00,GSW @ LAL,L,32.5,0.0,0.0,2.0,2.0,9.0,12.0,10.0,38.0,1.0,1.0,5.0,4.0,30.5,1,13074,13074,13074,5482,12059,10158,4675,12984,15771,22832,20169,1422,2692,17214,24686,2748,5620,1.0,32:31,2015,2016
2015-16,201575,Brandon Rush,Brandon,1610612744,GSW,Golden State Warriors,21500931,2016-03-06T00:00:00,GSW @ LAL,L,21.0,0.0,2.0,2.0,4.0,11.0,12.0,4.0,22.0,1.0,0.0,2.0,1.0,11.8,1,13074,13074,13074,15069,12059,4731,4675,8599,18886,22832,8806,10265,2692,1,11390,12373,17832,1.0,20:59,2015,2016
2015-16,203949,James Michael McAdoo,James Michael,1610612744,GSW,Golden State Warriors,21500931,2016-03-06T00:00:00,GSW @ LAL,L,7.0,0.0,2.0,3.0,4.0,6.0,4.0,2.0,10.0,0.0,0.0,0.0,2.0,12.4,1,13074,13074,13074,23569,12059,4731,3302,8599,10028,8458,4025,20209,8004,1,1,7786,17418,1.0,6:59,2015,2016
2015-16,201939,Stephen Curry,Stephen,1610612744,GSW,Golden State Warriors,21500931,2016-03-06T00:00:00,GSW @ LAL,L,34.3,5.0,0.0,6.0,10.0,11.0,12.0,12.0,38.0,0.0,1.0,2.0,7.0,30.2,1,13074,13074,13074,4106,1603,10158,740,1840,18886,22832,22259,1422,8004,17214,11390,469,5751,1.0,34:17,2015,2016
2015-16,101106,Andrew Bogut,Andrew,1610612744,GSW,Golden State Warriors,21500931,2016-03-06T00:00:00,GSW @ LAL,L,19.6,2.0,0.0,0.0,4.0,7.0,5.0,8.0,18.0,0.0,0.0,1.0,1.0,28.9,1,13074,13074,13074,16263,6026,10158,9917,8599,12242,11469,17194,13577,8004,1,4972,12373,6414,1.0,19:34,2015,2016
2015-16,2733,Shaun Livingston,Shaun,1610612744,GSW,Golden State Warriors,21500931,2016-03-06T00:00:00,GSW @ LAL,L,14.8,0.0,0.0,0.0,4.0,7.0,5.0,5.0,16.0,0.0,0.0,2.0,1.0,14.1,1,13074,13074,13074,19927,12059,10158,9917,8599,12242,11469,11593,15259,8004,1,11390,12373,16094,1.0,14:45,2015,2016
2015-16,202691,Klay Thompson,Klay,1610612744,GSW,Golden State Warriors,21500931,2016-03-06T00:00:00,GSW @ LAL,L,29.6,4.0,0.0,5.0,12.0,11.0,7.0,15.0,32.0,0.0,1.0,0.0,2.0,27.8,1,13074,13074,13074,7891,2460,10158,1277,988,18886,15642,24242,3535,8004,17214,1,7786,6950,1.0,29:35,2015,2016
2015-16,2571,Leandro Barbosa,Leandro,1610612744,GSW,Golden State Warriors,21500931,2016-03-06T00:00:00,GSW @ LAL,L,21.0,2.0,2.0,2.0,6.0,11.0,12.0,5.0,20.0,0.0,2.0,2.0,2.0,9.9,1,13074,13074,13074,15039,6026,4731,4675,5299,18886,22832,11593,11929,8004,23588,11390,7786,19247,1.0,21:01,2015,2016
2015-16,203084,Harrison Barnes,Harrison,1610612744,GSW,Golden State Warriors,21500931,2016-03-06T00:00:00,GSW @ LAL,L,28.5,0.0,0.0,0.0,4.0,13.0,7.0,13.0,24.0,0.0,1.0,1.0,3.0,10.0,1,13074,13074,13074,8818,12059,10158,9917,8599,21300,15642,23048,8723,8004,17214,4972,4736,19178,1.0,28:31,2015,2016
2015-16,2760,Anderson Varejao,Anderson,1610612744,GSW,Golden State Warriors,21500931,2016-03-06T00:00:00,GSW @ LAL,L,11.4,0.0,2.0,0.0,4.0,2.0,5.0,5.0,10.0,0.0,0.0,2.0,1.0,11.4,1,13074,13074,13074,21858,12059,4731,9917,8599,2619,11469,11593,20209,8004,1,11390,12373,18134,1.0,11:26,2015,2016
2015-16,203084,Harrison Barnes,Harrison,1610612744,GSW,Golden State Warriors,21500911,2016-03-03T00:00:00,GSW vs. OKC,W,31.2,0.0,0.0,0.0,6.0,5.0,10.0,18.0,46.0,0.0,0.0,0.0,0.0,31.9,1,1,1,1,6567,12059,10158,9917,5299,8403,20509,25228,298,8004,1,1,18762,4984,1.0,31:11,2015,2016
2015-16,203110,Draymond Green,Draymond,1610612744,GSW,Golden State Warriors,21500911,2016-03-03T00:00:00,GSW vs. OKC,W,35.0,5.0,3.0,5.0,10.0,5.0,6.0,18.0,38.0,0.0,0.0,4.0,2.0,39.1,1,1,1,1,3534,1603,3104,1277,1840,8403,13237,25228,1422,8004,1,22104,7786,2616,1.0,35:00,2015,2016
2015-16,101106,Andrew Bogut,Andrew,1610612744,GSW,Golden State Warriors,21500911,2016-03-03T00:00:00,GSW vs. OKC,W,26.5,2.0,2.0,0.0,4.0,0.0,4.0,14.0,30.0,1.0,0.0,3.0,3.0,22.2,1,1,1,1,10488,6026,4731,9917,8599,1,8458,23710,4541,2692,1,17641,4736,10263,1.0,26:27,2015,2016
2015-16,202691,Klay Thompson,Klay,1610612744,GSW,Golden State Warriors,21500911,2016-03-03T00:00:00,GSW vs. OKC,W,34.5,4.0,0.0,8.0,16.0,2.0,12.0,22.0,48.0,0.0,2.0,1.0,0.0,31.9,1,1,1,1,3961,2460,10158,280,275,2619,22832,25811,192,8004,23588,4972,18762,4984,1.0,34:29,2015,2016
2015-16,2733,Shaun Livingston,Shaun,1610612744,GSW,Golden State Warriors,21500911,2016-03-03T00:00:00,GSW vs. OKC,W,20.5,0.0,0.0,0.0,2.0,5.0,12.0,14.0,28.0,0.0,0.0,2.0,3.0,34.4,1,1,1,1,15477,12059,10158,9917,12984,8403,22832,23710,5824,8004,1,11390,4736,4029,1.0,20:30,2015,2016
2015-16,201578,Marreese Speights,Marreese,1610612744,GSW,Golden State Warriors,21500911,2016-03-03T00:00:00,GSW vs. OKC,W,11.8,2.0,0.0,0.0,0.0,5.0,8.0,7.0,20.0,1.0,0.0,1.0,1.0,19.3,1,1,1,1,21677,6026,10158,9917,18861,8403,17345,15538,11929,2692,1,4972,12373,12228,1.0,11:49,2015,2016
2015-16,201939,Stephen Curry,Stephen,1610612744,GSW,Golden State Warriors,21500911,2016-03-03T00:00:00,GSW vs. OKC,W,37.2,3.0,3.0,3.0,12.0,7.0,8.0,22.0,44.0,1.0,1.0,2.0,5.0,48.8,1,1,1,1,1973,4307,3104,3302,988,12242,17345,25811,454,2692,17214,11390,1539,881,1.0,37:11,2015,2016
2015-16,2760,Anderson Varejao,Anderson,1610612744,GSW,Golden State Warriors,21500911,2016-03-03T00:00:00,GSW vs. OKC,W,6.0,0.0,0.0,0.0,2.0,5.0,2.0,0.0,2.0,0.0,0.0,2.0,2.0,5.4,1,1,1,1,23966,12059,10158,9917,12984,8403,3734,1,24614,8004,1,11390,7786,22242,1.0,5:59,2015,2016
2015-16,2571,Leandro Barbosa,Leandro,1610612744,GSW,Golden State Warriors,21500911,2016-03-03T00:00:00,GSW vs. OKC,W,13.5,0.0,0.0,2.0,2.0,8.0,2.0,3.0,10.0,0.0,0.0,2.0,1.0,9.4,1,1,1,1,20693,12059,10158,4675,12984,13914,3734,7328,20209,8004,1,11390,12373,19568,1.0,13:31,2015,2016
2015-16,2738,Andre Iguodala,Andre,1610612744,GSW,Golden State Warriors,21500911,2016-03-03T00:00:00,GSW vs. OKC,W,14.3,2.0,0.0,2.0,2.0,8.0,6.0,3.0,16.0,0.0,1.0,2.0,1.0,7.7,1,1,1,1,20202,6026,10158,4675,12984,13914,13237,7328,15259,8004,17214,11390,12373,20733,1.0,14:20,2015,2016
2015-16,201575,Brandon Rush,Brandon,1610612744,GSW,Golden State Warriors,21500911,2016-03-03T00:00:00,GSW vs. OKC,W,9.6,0.0,0.0,0.0,0.0,0.0,0.0,4.0,8.0,0.0,0.0,1.0,0.0,2.4,1,1,1,1,22607,12059,10158,9917,18861,1,1,8806,21543,8004,1,4972,18762,24024,1.0,9:33,2015,2016
2015-16,203949,James Michael McAdoo,James Michael,1610612744,GSW,Golden State Warriors,21500895,2016-03-01T00:00:00,GSW vs. ATL,W,4.7,0.0,2.0,0.0,2.0,5.0,0.0,0.0,2.0,0.0,2.0,0.0,0.0,3.4,1,1,1,1,24484,12059,4731,9917,12984,8403,1,1,24614,8004,23588,1,18762,23417,1.0,4:41,2015,2016
2015-16,2760,Anderson Varejao,Anderson,1610612744,GSW,Golden State Warriors,21500895,2016-03-01T00:00:00,GSW vs. ATL,W,4.5,0.0,2.0,0.0,2.0,0.0,0.0,4.0,6.0,0.0,0.0,0.0,0.0,4.7,1,1,1,1,24530,12059,4731,9917,12984,1,1,8806,22724,8004,1,1,18762,22672,1.0,4:32,2015,2016
2015-16,201578,Marreese Speights,Marreese,1610612744,GSW,Golden State Warriors,21500895,2016-03-01T00:00:00,GSW vs. ATL,W,12.7,0.0,0.0,0.0,2.0,2.0,3.0,3.0,12.0,1.0,0.0,0.0,1.0,15.7,1,1,1,1,21161,12059,10158,9917,12984,2619,7138,7328,18637,2692,1,1,12373,14841,1.0,12:40,2015,2016
2015-16,202691,Klay Thompson,Klay,1610612744,GSW,Golden State Warriors,21500895,2016-03-01T00:00:00,GSW vs. ATL,W,39.3,0.0,2.0,3.0,4.0,18.0,7.0,7.0,18.0,0.0,1.0,3.0,3.0,41.7,1,1,1,1,934,12059,4731,3302,8599,24749,15642,15538,13577,8004,17214,17641,4736,2002,1.0,39:21,2015,2016
2015-16,203110,Draymond Green,Draymond,1610612744,GSW,Golden State Warriors,21500895,2016-03-01T00:00:00,GSW vs. ATL,W,42.5,3.0,0.0,0.0,8.0,16.0,7.0,10.0,20.0,1.0,1.0,5.0,4.0,54.1,1,1,1,1,253,4307,10158,9917,3109,23774,15642,20169,11929,2692,17214,24686,2748,447,1.0,42:28,2015,2016
2015-16,203084,Harrison Barnes,Harrison,1610612744,GSW,Golden State Warriors,21500895,2016-03-01T00:00:00,GSW vs. ATL,W,41.3,4.0,4.0,6.0,12.0,13.0,7.0,9.0,26.0,0.0,0.0,4.0,2.0,22.6,1,1,1,1,432,2460,1596,740,988,21300,15642,18829,7214,8004,1,22104,7786,10000,1.0,41:17,2015,2016
2015-16,101106,Andrew Bogut,Andrew,1610612744,GSW,Golden State Warriors,21500895,2016-03-01T00:00:00,GSW vs. ATL,W,31.1,0.0,5.0,2.0,16.0,11.0,4.0,7.0,16.0,1.0,0.0,3.0,3.0,39.4,1,1,1,1,6628,12059,995,4675,275,18886,8458,15538,15259,2692,1,17641,4736,2530,1.0,31:07,2015,2016
2015-16,2571,Leandro Barbosa,Leandro,1610612744,GSW,Golden State Warriors,21500895,2016-03-01T00:00:00,GSW vs. ATL,W,16.9,2.0,0.0,4.0,0.0,2.0,0.0,9.0,20.0,0.0,0.0,0.0,1.0,19.4,1,1,1,1,18368,6026,10158,1913,18861,2619,1,18829,11929,8004,1,1,12373,12154,1.0,16:52,2015,2016
2015-16,2733,Shaun Livingston,Shaun,1610612744,GSW,Golden State Warriors,21500895,2016-03-01T00:00:00,GSW vs. ATL,W,34.4,0.0,2.0,0.0,6.0,9.0,4.0,9.0,26.0,0.0,0.0,3.0,1.0,23.7,1,1,1,1,4012,12059,4731,9917,5299,15771,8458,18829,7214,8004,1,17641,12373,9329,1.0,34:25,2015,2016
2015-16,201575,Brandon Rush,Brandon,1610612744,GSW,Golden State Warriors,21500895,2016-03-01T00:00:00,GSW vs. ATL,W,22.3,0.0,0.0,0.0,0.0,7.0,0.0,9.0,26.0,0.0,0.0,2.0,0.0,12.6,1,1,1,1,13954,12059,10158,9917,18861,12242,1,18829,7214,8004,1,11390,18762,17277,1.0,22:15,2015,2016
2015-16,203546,Ian Clark,Ian,1610612744,GSW,Golden State Warriors,21500895,2016-03-01T00:00:00,GSW vs. ATL,W,15.4,2.0,0.0,3.0,0.0,7.0,3.0,3.0,8.0,0.0,1.0,2.0,2.0,5.9,1,1,1,1,19497,6026,10158,3302,18861,12242,7138,7328,21543,8004,17214,11390,7786,21953,1.0,15:22,2015,2016
2015-16,201939,Stephen Curry,Stephen,1610612744,GSW,Golden State Warriors,21500874,2016-02-27T00:00:00,GSW @ OKC,W,37.7,11.0,3.0,2.0,4.0,11.0,8.0,13.0,44.0,0.0,2.0,1.0,5.0,61.6,1,1,1,1,1660,55,3104,4675,8599,18886,17345,23048,454,8004,23588,4972,1539,159,1.0,37:41,2015,2016
2015-16,202691,Klay Thompson,Klay,1610612744,GSW,Golden State Warriors,21500874,2016-02-27T00:00:00,GSW @ OKC,W,39.4,3.0,3.0,5.0,10.0,13.0,15.0,14.0,52.0,1.0,0.0,3.0,4.0,45.1,1,1,1,1,908,4307,3104,1277,1840,21300,24781,23710,59,2692,1,17641,2748,1338,1.0,39:26,2015,2016
2015-16,2738,Andre Iguodala,Andre,1610612744,GSW,Golden State Warriors,21500874,2016-02-27T00:00:00,GSW @ OKC,W,33.5,4.0,0.0,4.0,8.0,6.0,10.0,15.0,36.0,0.0,0.0,4.0,1.0,24.2,1,1,1,1,4728,2460,10158,1913,3109,10028,20509,24242,1943,8004,1,22104,12373,9009,1.0,33:31,2015,2016
2015-16,203110,Draymond Green,Draymond,1610612744,GSW,Golden State Warriors,21500874,2016-02-27T00:00:00,GSW @ OKC,W,44.1,0.0,0.0,0.0,0.0,15.0,13.0,16.0,50.0,4.0,1.0,4.0,4.0,66.8,1,1,1,1,123,12059,10158,9917,18861,23079,23668,24641,107,132,17214,22104,2748,76,1.0,44:07,2015,2016
2015-16,201578,Marreese Speights,Marreese,1610612744,GSW,Golden State Warriors,21500874,2016-02-27T00:00:00,GSW @ OKC,W,12.3,2.0,0.0,2.0,4.0,2.0,4.0,7.0,8.0,0.0,1.0,1.0,1.0,10.7,1,1,1,1,21410,6026,10158,4675,8599,2619,8458,15538,21543,8004,17214,4972,12373,18636,1.0,12:15,2015,2016
2015-16,101106,Andrew Bogut,Andrew,1610612744,GSW,Golden State Warriors,21500874,2016-02-27T00:00:00,GSW @ OKC,W,17.3,0.0,0.0,0.0,4.0,11.0,3.0,7.0,26.0,1.0,0.0,2.0,1.0,5.0,1,1,1,1,18030,12059,10158,9917,8599,18886,7138,15538,7214,2692,1,11390,12373,22500,1.0,17:20,2015,2016
2015-16,2571,Leandro Barbosa,Leandro,1610612744,GSW,Golden State Warriors,21500874,2016-02-27T00:00:00,GSW @ OKC,W,13.6,0.0,0.0,0.0,2.0,2.0,0.0,4.0,8.0,0.0,0.0,1.0,0.0,7.0,1,1,1,1,20662,12059,10158,9917,12984,2619,1,8806,21543,8004,1,4972,18762,21188,1.0,13:34,2015,2016
2015-16,201575,Brandon Rush,Brandon,1610612744,GSW,Golden State Warriors,21500874,2016-02-27T00:00:00,GSW @ OKC,W,3.4,0.0,0.0,0.0,0.0,4.0,0.0,2.0,8.0,0.0,0.0,0.0,0.0,0.0,1,1,1,1,24986,12059,10158,9917,18861,6141,1,4025,21543,8004,1,1,18762,25170,1.0,3:21,2015,2016
2015-16,2760,Anderson Varejao,Anderson,1610612744,GSW,Golden State Warriors,21500874,2016-02-27T00:00:00,GSW @ OKC,W,10.7,0.0,0.0,0.0,0.0,0.0,2.0,2.0,10.0,0.0,0.0,2.0,3.0,4.2,1,1,1,1,22173,12059,10158,9917,18861,1,3734,4025,20209,8004,1,11390,4736,22976,1.0,10:39,2015,2016
2015-16,2733,Shaun Livingston,Shaun,1610612744,GSW,Golden State Warriors,21500874,2016-02-27T00:00:00,GSW @ OKC,W,19.3,2.0,0.0,2.0,4.0,4.0,9.0,5.0,20.0,0.0,0.0,1.0,1.0,15.6,1,1,1,1,16440,6026,10158,4675,8599,6141,19144,11593,11929,8004,1,4972,12373,14916,1.0,19:20,2015,2016
2015-16,203084,Harrison Barnes,Harrison,1610612744,GSW,Golden State Warriors,21500874,2016-02-27T00:00:00,GSW @ OKC,W,33.8,2.0,2.0,0.0,4.0,7.0,11.0,5.0,38.0,1.0,0.0,3.0,1.0,11.7,1,1,1,1,4536,6026,4731,9917,8599,12242,21814,11593,1422,2692,1,17641,12373,17903,1.0,33:46,2015,2016
2015-16,201575,Brandon Rush,Brandon,1610612744,GSW,Golden State Warriors,21500855,2016-02-25T00:00:00,GSW @ ORL,W,2.0,0.0,0.0,0.0,0.0,4.0,0.0,2.0,2.0,0.0,0.0,0.0,0.0,4.2,1,1,1,1,25506,12059,10158,9917,18861,6141,1,4025,24614,8004,1,1,18762,22976,1.0,2:02,2015,2016
2015-16,2738,Andre Iguodala,Andre,1610612744,GSW,Golden State Warriors,21500855,2016-02-25T00:00:00,GSW @ ORL,W,26.3,0.0,0.0,0.0,2.0,12.0,8.0,4.0,24.0,0.0,0.0,1.0,1.0,20.3,1,1,1,1,10613,12059,10158,9917,12984,20178,17345,8806,8723,8004,1,4972,12373,11534,1.0,26:17,2015,2016
2015-16,2733,Shaun Livingston,Shaun,1610612744,GSW,Golden State Warriors,21500855,2016-02-25T00:00:00,GSW @ ORL,W,15.1,0.0,0.0,0.0,0.0,2.0,4.0,2.0,12.0,0.0,0.0,2.0,1.0,12.3,1,1,1,1,19706,12059,10158,9917,18861,2619,8458,4025,18637,8004,1,11390,12373,17524,1.0,15:04,2015,2016
2015-16,203110,Draymond Green,Draymond,1610612744,GSW,Golden State Warriors,21500855,2016-02-25T00:00:00,GSW @ ORL,W,31.9,1.0,1.0,4.0,8.0,15.0,10.0,8.0,38.0,0.0,1.0,3.0,5.0,35.8,1,1,1,1,6018,11535,9709,1913,3109,23079,20509,17194,1422,8004,17214,17641,1539,3541,1.0,31:52,2015,2016
2015-16,201939,Stephen Curry,Stephen,1610612744,GSW,Golden State Warriors,21500855,2016-02-25T00:00:00,GSW @ ORL,W,34.0,9.0,0.0,19.0,14.0,15.0,10.0,8.0,38.0,1.0,0.0,1.0,3.0,69.4,1,1,1,1,4319,171,10158,4,542,23079,20509,17194,1422,2692,1,4972,4736,50,1.0,34:02,2015,2016
2015-16,2760,Anderson Varejao,Anderson,1610612744,GSW,Golden State Warriors,21500855,2016-02-25T00:00:00,GSW @ ORL,W,13.8,0.0,0.0,2.0,4.0,9.0,2.0,4.0,16.0,0.0,0.0,4.0,1.0,17.5,1,1,1,1,20547,12059,10158,4675,8599,15771,3734,8806,15259,8004,1,22104,12373,13528,1.0,13:46,2015,2016
2015-16,101106,Andrew Bogut,Andrew,1610612744,GSW,Golden State Warriors,21500855,2016-02-25T00:00:00,GSW @ ORL,W,21.8,2.0,4.0,0.0,12.0,12.0,10.0,6.0,24.0,2.0,0.0,5.0,1.0,33.8,1,1,1,1,14316,6026,1596,9917,988,20178,20509,13388,8723,932,1,24686,12373,4244,1.0,21:49,2015,2016
2015-16,202691,Klay Thompson,Klay,1610612744,GSW,Golden State Warriors,21500855,2016-02-25T00:00:00,GSW @ ORL,W,29.1,2.0,0.0,7.0,6.0,12.0,12.0,6.0,30.0,1.0,0.0,1.0,0.0,14.9,1,1,1,1,8269,6026,10158,454,5299,20178,22832,13388,4541,2692,1,4972,18762,15463,1.0,29:08,2015,2016
2015-16,201578,Marreese Speights,Marreese,1610612744,GSW,Golden State Warriors,21500855,2016-02-25T00:00:00,GSW @ ORL,W,11.5,0.0,2.0,2.0,0.0,4.0,0.0,4.0,6.0,0.0,0.0,2.0,2.0,18.1,1,1,1,1,21825,12059,4731,4675,18861,6141,1,8806,22724,8004,1,11390,7786,13090,1.0,11:30,2015,2016
2015-16,203084,Harrison Barnes,Harrison,1610612744,GSW,Golden State Warriors,21500855,2016-02-25T00:00:00,GSW @ ORL,W,33.6,2.0,0.0,0.0,4.0,7.0,12.0,8.0,30.0,0.0,2.0,1.0,3.0,16.5,1,1,1,1,4668,6026,10158,9917,8599,12242,22832,17194,4541,8004,23588,4972,4736,14224,1.0,33:36,2015,2016
2015-16,2571,Leandro Barbosa,Leandro,1610612744,GSW,Golden State Warriors,21500855,2016-02-25T00:00:00,GSW @ ORL,W,16.8,2.0,0.0,2.0,6.0,5.0,2.0,4.0,16.0,0.0,0.0,1.0,0.0,6.4,1,1,1,1,18393,6026,10158,4675,5299,8403,3734,8806,15259,8004,1,4972,18762,21589,1.0,16:50,2015,2016
2015-16,1626172,Kevon Looney,Kevon,1610612744,GSW,Golden State Warriors,21500855,2016-02-25T00:00:00,GSW @ ORL,W,2.0,0.0,2.0,0.0,2.0,4.0,0.0,2.0,2.0,0.0,1.0,0.0,0.0,1.0,1,1,1,1,25506,12059,4731,9917,12984,6141,1,4025,24614,8004,17214,1,18762,24960,1.0,2:02,2015,2016
2015-16,203546,Ian Clark,Ian,1610612744,GSW,Golden State Warriors,21500855,2016-02-25T00:00:00,GSW @ ORL,W,2.0,0.0,0.0,0.0,0.0,4.0,0.0,2.0,2.0,0.0,0.0,0.0,0.0,1.7,1,1,1,1,25506,12059,10158,9917,18861,6141,1,4025,24614,8004,1,1,18762,24436,1.0,2:02,2015,2016
2015-16,2760,Anderson Varejao,Anderson,1610612744,GSW,Golden State Warriors,21500848,2016-02-24T00:00:00,GSW @ MIA,W,10.1,0.0,0.0,0.0,0.0,0.0,2.0,0.0,14.0,0.0,0.0,3.0,2.0,6.1,1,1,1,1,22408,12059,10158,9917,18861,1,3734,1,17019,8004,1,17641,7786,21845,1.0,10:05,2015,2016
2015-16,201575,Brandon Rush,Brandon,1610612744,GSW,Golden State Warriors,21500848,2016-02-24T00:00:00,GSW @ MIA,W,7.8,0.0,0.0,0.0,0.0,2.0,2.0,2.0,4.0,0.0,0.0,0.0,1.0,7.1,1,1,1,1,23273,12059,10158,9917,18861,2619,3734,4025,23698,8004,1,1,12373,21141,1.0,7:48,2015,2016
2015-16,2738,Andre Iguodala,Andre,1610612744,GSW,Golden State Warriors,21500848,2016-02-24T00:00:00,GSW @ MIA,W,28.2,2.0,0.0,2.0,2.0,2.0,10.0,2.0,34.0,0.0,0.0,2.0,1.0,11.5,1,1,1,1,9065,6026,10158,4675,12984,2619,20509,4025,2701,8004,1,11390,12373,18079,1.0,28:13,2015,2016
2015-16,201939,Stephen Curry,Stephen,1610612744,GSW,Golden State Warriors,21500848,2016-02-24T00:00:00,GSW @ MIA,W,35.6,6.0,7.0,6.0,10.0,7.0,10.0,7.0,42.0,1.0,1.0,0.0,6.0,59.9,1,1,1,1,3071,878,292,740,1840,12242,20509,15538,670,2692,17214,1,873,210,1.0,35:35,2015,2016
2015-16,202691,Klay Thompson,Klay,1610612744,GSW,Golden State Warriors,21500848,2016-02-24T00:00:00,GSW @ MIA,W,33.9,4.0,5.0,2.0,10.0,7.0,12.0,7.0,34.0,0.0,0.0,2.0,1.0,47.6,1,1,1,1,4429,2460,995,4675,1840,12242,22832,15538,2701,8004,1,11390,12373,1003,1.0,33:54,2015,2016
2015-16,203084,Harrison Barnes,Harrison,1610612744,GSW,Golden State Warriors,21500848,2016-02-24T00:00:00,GSW @ MIA,W,27.5,2.0,2.0,0.0,2.0,5.0,6.0,5.0,32.0,0.0,1.0,3.0,4.0,20.5,1,1,1,1,9602,6026,4731,9917,12984,8403,13237,11593,3535,8004,17214,17641,2748,11401,1.0,27:30,2015,2016
2015-16,101106,Andrew Bogut,Andrew,1610612744,GSW,Golden State Warriors,21500848,2016-02-24T00:00:00,GSW @ MIA,W,29.5,2.0,0.0,0.0,2.0,5.0,10.0,5.0,28.0,0.0,0.0,6.0,0.0,17.3,1,1,1,1,7958,6026,10158,9917,12984,8403,20509,11593,5824,8004,1,25827,18762,13671,1.0,29:32,2015,2016
2015-16,203110,Draymond Green,Draymond,1610612744,GSW,Golden State Warriors,21500848,2016-02-24T00:00:00,GSW @ MIA,W,35.9,0.0,2.0,0.0,6.0,7.0,12.0,7.0,36.0,1.0,3.0,3.0,3.0,27.7,1,1,1,1,2805,12059,4731,9917,5299,12242,22832,15538,1943,2692,25441,17641,4736,7008,1.0,35:56,2015,2016
2015-16,2733,Shaun Livingston,Shaun,1610612744,GSW,Golden State Warriors,21500848,2016-02-24T00:00:00,GSW @ MIA,W,17.4,0.0,0.0,2.0,2.0,0.0,4.0,0.0,10.0,0.0,2.0,3.0,3.0,10.2,1,1,1,1,18002,12059,10158,4675,12984,1,8458,1,20209,8004,23588,17641,4736,19003,1.0,17:21,2015,2016
2015-16,2571,Leandro Barbosa,Leandro,1610612744,GSW,Golden State Warriors,21500848,2016-02-24T00:00:00,GSW @ MIA,W,14.1,0.0,0.0,0.0,4.0,0.0,2.0,0.0,16.0,0.0,1.0,2.0,2.0,10.2,1,1,1,1,20346,12059,10158,9917,8599,1,3734,1,15259,8004,17214,11390,7786,19003,1.0,14:06,2015,2016
2015-16,101106,Andrew Bogut,Andrew,1610612744,GSW,Golden State Warriors,21500836,2016-02-22T00:00:00,GSW @ ATL,W,29.3,2.0,0.0,0.0,2.0,5.0,6.0,3.0,14.0,5.0,0.0,3.0,2.0,39.2,1,1,1,1,8165,6026,10158,9917,12984,8403,13237,7328,17019,59,1,17641,7786,2590,1.0,29:16,2015,2016
2015-16,203084,Harrison Barnes,Harrison,1610612744,GSW,Golden State Warriors,21500836,2016-02-22T00:00:00,GSW @ ATL,W,29.6,3.0,0.0,3.0,2.0,10.0,10.0,0.0,26.0,0.0,0.0,2.0,1.0,22.3,1,1,1,1,7879,4307,10158,3302,12984,17370,20509,1,7214,8004,1,11390,12373,10208,1.0,29:37,2015,2016
2015-16,2738,Andre Iguodala,Andre,1610612744,GSW,Golden State Warriors,21500836,2016-02-22T00:00:00,GSW @ ATL,W,24.5,2.0,2.0,0.0,4.0,7.0,7.0,8.0,18.0,0.0,0.0,1.0,2.0,19.6,1,1,1,1,12102,6026,4731,9917,8599,12242,15642,17194,13577,8004,1,4972,7786,12024,1.0,24:31,2015,2016
2015-16,201939,Stephen Curry,Stephen,1610612744,GSW,Golden State Warriors,21500836,2016-02-22T00:00:00,GSW @ ATL,W,35.8,14.0,2.0,9.0,14.0,8.0,9.0,8.0,24.0,0.0,1.0,2.0,7.0,62.2,1,1,1,1,2892,6,4731,184,542,13914,19144,17194,8723,8004,17214,11390,469,140,1.0,35:48,2015,2016
2015-16,2733,Shaun Livingston,Shaun,1610612744,GSW,Golden State Warriors,21500836,2016-02-22T00:00:00,GSW @ ATL,W,20.3,0.0,0.0,2.0,2.0,3.0,4.0,0.0,14.0,2.0,0.0,2.0,2.0,10.7,1,1,1,1,15631,12059,10158,4675,12984,5109,8458,1,17019,932,1,11390,7786,18636,1.0,20:19,2015,2016
2015-16,201578,Marreese Speights,Marreese,1610612744,GSW,Golden State Warriors,21500836,2016-02-22T00:00:00,GSW @ ATL,W,7.9,0.0,0.0,0.0,2.0,3.0,4.0,0.0,10.0,0.0,1.0,1.0,1.0,1.2,1,1,1,1,23242,12059,10158,9917,12984,5109,8458,1,20209,8004,17214,4972,12373,24661,1.0,7:52,2015,2016
2015-16,201575,Brandon Rush,Brandon,1610612744,GSW,Golden State Warriors,21500836,2016-02-22T00:00:00,GSW @ ATL,W,6.4,0.0,0.0,0.0,0.0,0.0,3.0,5.0,6.0,0.0,0.0,0.0,0.0,0.0,1,1,1,1,23794,12059,10158,9917,18861,1,7138,11593,22724,8004,1,1,18762,25170,1.0,6:22,2015,2016
2015-16,2571,Leandro Barbosa,Leandro,1610612744,GSW,Golden State Warriors,21500836,2016-02-22T00:00:00,GSW @ ATL,W,11.2,0.0,0.0,0.0,0.0,1.0,3.0,8.0,8.0,0.0,0.0,1.0,0.0,13.2,1,1,1,1,21966,12059,10158,9917,18861,2356,7138,17194,21543,8004,1,4972,18762,16768,1.0,11:09,2015,2016
2015-16,202691,Klay Thompson,Klay,1610612744,GSW,Golden State Warriors,21500836,2016-02-22T00:00:00,GSW @ ATL,W,36.9,6.0,3.0,7.0,10.0,10.0,10.0,0.0,26.0,0.0,2.0,3.0,1.0,41.9,1,1,1,1,2180,878,3104,454,1840,17370,20509,1,7214,8004,23588,17641,12373,1958,1.0,36:51,2015,2016
2015-16,203110,Draymond Green,Draymond,1610612744,GSW,Golden State Warriors,21500836,2016-02-22T00:00:00,GSW @ ATL,W,38.3,0.0,0.0,2.0,4.0,8.0,9.0,8.0,24.0,1.0,3.0,2.0,1.0,41.3,1,1,1,1,1390,12059,10158,4675,8599,13914,19144,17194,8723,2692,25441,11390,12373,2074,1.0,38:16,2015,2016
2015-16,1626172,Kevon Looney,Kevon,1610612744,GSW,Golden State Warriors,21500822,2016-02-20T00:00:00,GSW @ LAC,W,1.6,0.0,0.0,0.0,0.0,6.0,3.0,6.0,0.0,0.0,0.0,1.0,0.0,0.0,1,1,1,1,25675,12059,10158,9917,18861,10028,7138,13388,25429,8004,1,4972,18762,25170,1.0,1:34,2015,2016
2015-16,2733,Shaun Livingston,Shaun,1610612744,GSW,Golden State Warriors,21500822,2016-02-20T00:00:00,GSW @ LAC,W,14.0,2.0,0.0,0.0,2.0,0.0,2.0,0.0,14.0,1.0,0.0,3.0,0.0,9.1,1,1,1,1,20389,6026,10158,9917,12984,1,3734,1,17019,2692,1,17641,18762,19789,1.0,14:02,2015,2016
2015-16,201578,Marreese Speights,Marreese,1610612744,GSW,Golden State Warriors,21500822,2016-02-20T00:00:00,GSW @ LAC,W,8.7,0.0,2.0,0.0,4.0,5.0,6.0,4.0,6.0,0.0,0.0,2.0,2.0,3.2,1,1,1,1,22958,12059,4731,9917,8599,8403,13237,8806,22724,8004,1,11390,7786,23473,1.0,8:42,2015,2016
2015-16,201574,Jason Thompson,Jason,1610612744,GSW,Golden State Warriors,21500822,2016-02-20T00:00:00,GSW @ LAC,W,1.6,0.0,0.0,0.0,0.0,6.0,3.0,6.0,0.0,0.0,0.0,0.0,0.0,0.0,1,1,1,1,25675,12059,10158,9917,18861,10028,7138,13388,25429,8004,1,1,18762,25170,1.0,1:34,2015,2016
2015-16,203546,Ian Clark,Ian,1610612744,GSW,Golden State Warriors,21500822,2016-02-20T00:00:00,GSW @ LAC,W,3.0,0.0,0.0,0.0,0.0,6.0,3.0,6.0,0.0,0.0,0.0,0.0,0.0,-1.0,1,1,1,1,25147,12059,10158,9917,18861,10028,7138,13388,25429,8004,1,1,18762,25932,1.0,2:58,2015,2016
2015-16,2571,Leandro Barbosa,Leandro,1610612744,GSW,Golden State Warriors,21500822,2016-02-20T00:00:00,GSW @ LAC,W,13.4,2.0,0.0,2.0,2.0,9.0,8.0,6.0,10.0,0.0,0.0,4.0,0.0,1.0,1,1,1,1,20759,6026,10158,4675,12984,15771,17345,13388,20209,8004,1,22104,18762,24960,1.0,13:23,2015,2016
2015-16,201939,Stephen Curry,Stephen,1610612744,GSW,Golden State Warriors,21500822,2016-02-20T00:00:00,GSW @ LAC,W,35.5,0.0,3.0,4.0,4.0,15.0,13.0,13.0,36.0,0.0,1.0,2.0,10.0,46.1,1,1,1,1,3136,12059,3104,1913,8599,23079,23668,23048,1943,8004,17214,11390,76,1185,1.0,35:30,2015,2016
2015-16,202691,Klay Thompson,Klay,1610612744,GSW,Golden State Warriors,21500822,2016-02-20T00:00:00,GSW @ LAC,W,39.5,5.0,5.0,9.0,14.0,10.0,7.0,9.0,38.0,0.0,0.0,1.0,4.0,53.9,1,1,1,1,879,1603,995,184,542,17370,15642,18829,1422,8004,1,4972,2748,459,1.0,39:31,2015,2016
2015-16,203110,Draymond Green,Draymond,1610612744,GSW,Golden State Warriors,21500822,2016-02-20T00:00:00,GSW @ LAC,W,37.7,0.0,0.0,4.0,18.0,10.0,9.0,9.0,40.0,0.0,1.0,2.0,1.0,44.2,1,1,1,1,1636,12059,10158,1913,131,17370,19144,18829,983,8004,17214,11390,12373,1515,1.0,37:44,2015,2016
2015-16,2738,Andre Iguodala,Andre,1610612744,GSW,Golden State Warriors,21500822,2016-02-20T00:00:00,GSW @ LAC,W,29.0,3.0,2.0,3.0,4.0,13.0,10.0,9.0,26.0,0.0,0.0,1.0,3.0,22.3,1,1,1,1,8346,4307,4731,3302,8599,21300,20509,18829,7214,8004,1,4972,4736,10208,1.0,29:02,2015,2016
2015-16,203084,Harrison Barnes,Harrison,1610612744,GSW,Golden State Warriors,21500822,2016-02-20T00:00:00,GSW @ LAC,W,29.0,4.0,2.0,8.0,4.0,12.0,8.0,13.0,28.0,0.0,0.0,3.0,3.0,25.5,1,1,1,1,8412,2460,4731,280,8599,20178,17345,23048,5824,8004,1,17641,4736,8230,1.0,28:57,2015,2016
2015-16,201575,Brandon Rush,Brandon,1610612744,GSW,Golden State Warriors,21500822,2016-02-20T00:00:00,GSW @ LAC,W,27.0,0.0,2.0,2.0,6.0,13.0,18.0,14.0,32.0,1.0,0.0,0.0,1.0,21.5,1,1,1,1,9980,12059,4731,4675,5299,21300,25634,23710,3535,2692,1,1,12373,10755,1.0,27:03,2015,2016
2015-16,2571,Leandro Barbosa,Leandro,1610612744,GSW,Golden State Warriors,21500815,2016-02-19T00:00:00,GSW @ POR,L,19.5,1.0,1.0,2.0,2.0,8.0,8.0,14.0,18.0,0.0,1.0,0.0,3.0,10.7,1,13074,13074,13074,16287,11535,9709,4675,12984,13914,17345,23710,13577,8004,17214,1,4736,18636,1.0,19:33,2015,2016
2015-16,2733,Shaun Livingston,Shaun,1610612744,GSW,Golden State Warriors,21500815,2016-02-19T00:00:00,GSW @ POR,L,15.3,0.0,0.0,0.0,0.0,7.0,7.0,5.0,18.0,0.0,0.0,1.0,0.0,0.7,1,13074,13074,13074,19578,12059,10158,9917,18861,12242,15642,11593,13577,8004,1,4972,18762,25042,1.0,15:16,2015,2016
2015-16,203546,Ian Clark,Ian,1610612744,GSW,Golden State Warriors,21500815,2016-02-19T00:00:00,GSW @ POR,L,7.6,0.0,0.0,0.0,2.0,2.0,0.0,2.0,4.0,0.0,1.0,1.0,1.0,9.2,1,13074,13074,13074,23372,12059,10158,9917,12984,2619,1,4025,23698,8004,17214,4972,12373,19680,1.0,7:33,2015,2016
2015-16,201939,Stephen Curry,Stephen,1610612744,GSW,Golden State Warriors,21500815,2016-02-19T00:00:00,GSW @ POR,L,26.3,3.0,0.0,2.0,8.0,10.0,4.0,7.0,26.0,0.0,0.0,4.0,0.0,45.1,1,13074,13074,13074,10595,4307,10158,4675,3109,17370,8458,15538,7214,8004,1,22104,18762,1338,1.0,26:18,2015,2016
2015-16,201574,Jason Thompson,Jason,1610612744,GSW,Golden State Warriors,21500815,2016-02-19T00:00:00,GSW @ POR,L,6.4,0.0,0.0,0.0,0.0,0.0,0.0,2.0,2.0,0.0,0.0,0.0,2.0,7.4,1,13074,13074,13074,23803,12059,10158,9917,18861,1,1,4025,24614,8004,1,1,7786,20912,1.0,6:21,2015,2016
2015-16,1626172,Kevon Looney,Kevon,1610612744,GSW,Golden State Warriors,21500815,2016-02-19T00:00:00,GSW @ POR,L,8.8,0.0,2.0,0.0,2.0,2.0,0.0,2.0,6.0,0.0,0.0,0.0,0.0,11.6,1,13074,13074,13074,22911,12059,4731,9917,12984,2619,1,4025,22724,8004,1,1,18762,17970,1.0,8:49,2015,2016
2015-16,203110,Draymond Green,Draymond,1610612744,GSW,Golden State Warriors,21500815,2016-02-19T00:00:00,GSW @ POR,L,31.1,3.0,5.0,0.0,6.0,15.0,8.0,6.0,36.0,0.0,1.0,3.0,4.0,31.4,1,13074,13074,13074,6616,4307,995,9917,5299,23079,17345,13388,1943,8004,17214,17641,2748,5218,1.0,31:08,2015,2016
2015-16,202691,Klay Thompson,Klay,1610612744,GSW,Golden State Warriors,21500815,2016-02-19T00:00:00,GSW @ POR,L,28.5,0.0,2.0,2.0,10.0,7.0,3.0,0.0,30.0,0.0,0.0,1.0,3.0,30.1,1,13074,13074,13074,8853,12059,4731,4675,1840,12242,7138,1,4541,8004,1,4972,4736,5794,1.0,28:28,2015,2016
2015-16,101106,Andrew Bogut,Andrew,1610612744,GSW,Golden State Warriors,21500815,2016-02-19T00:00:00,GSW @ POR,L,14.0,0.0,0.0,0.0,2.0,6.0,4.0,0.0,16.0,3.0,1.0,3.0,0.0,13.6,1,13074,13074,13074,20389,12059,10158,9917,12984,10028,8458,1,15259,347,17214,17641,18762,16460,1.0,14:02,2015,2016
2015-16,2738,Andre Iguodala,Andre,1610612744,GSW,Golden State Warriors,21500815,2016-02-19T00:00:00,GSW @ POR,L,23.2,2.0,0.0,2.0,2.0,8.0,10.0,12.0,26.0,1.0,0.0,3.0,2.0,12.4,1,13074,13074,13074,13231,6026,10158,4675,12984,13914,20509,22259,7214,2692,1,17641,7786,17418,1.0,23:10,2015,2016
2015-16,203084,Harrison Barnes,Harrison,1610612744,GSW,Golden State Warriors,21500815,2016-02-19T00:00:00,GSW @ POR,L,28.8,2.0,3.0,0.0,2.0,7.0,6.0,6.0,30.0,0.0,0.0,0.0,2.0,13.1,1,13074,13074,13074,8572,6026,3104,9917,12984,12242,13237,13388,4541,8004,1,1,7786,16874,1.0,28:46,2015,2016
2015-16,201578,Marreese Speights,Marreese,1610612744,GSW,Golden State Warriors,21500815,2016-02-19T00:00:00,GSW @ POR,L,12.8,0.0,2.0,0.0,2.0,2.0,3.0,8.0,12.0,0.0,0.0,1.0,3.0,18.7,1,13074,13074,13074,21103,12059,4731,9917,12984,2619,7138,17194,18637,8004,1,4972,4736,12648,1.0,12:45,2015,2016
2015-16,201575,Brandon Rush,Brandon,1610612744,GSW,Golden State Warriors,21500815,2016-02-19T00:00:00,GSW @ POR,L,17.9,0.0,0.0,0.0,0.0,11.0,2.0,6.0,16.0,0.0,0.0,0.0,1.0,7.9,1,13074,13074,13074,17632,12059,10158,9917,18861,18886,3734,13388,15259,8004,1,1,12373,20646,1.0,17:51,2015,2016
2015-16,202691,Klay Thompson,Klay,1610612744,GSW,Golden State Warriors,21500799,2016-02-10T00:00:00,GSW @ PHX,W,33.3,9.0,6.0,5.0,4.0,8.0,12.0,13.0,38.0,0.0,1.0,2.0,1.0,42.1,1,1,1,1,4914,171,481,1277,8599,13914,22832,23048,1422,8004,17214,11390,12373,1910,1.0,33:16,2015,2016
2015-16,2733,Shaun Livingston,Shaun,1610612744,GSW,Golden State Warriors,21500799,2016-02-10T00:00:00,GSW @ PHX,W,17.2,1.0,0.0,6.0,0.0,5.0,10.0,1.0,12.0,0.0,1.0,2.0,3.0,15.6,1,1,1,1,18141,11535,10158,740,18861,8403,20509,3646,18637,8004,17214,11390,4736,14916,1.0,17:11,2015,2016
2015-16,101106,Andrew Bogut,Andrew,1610612744,GSW,Golden State Warriors,21500799,2016-02-10T00:00:00,GSW @ PHX,W,23.1,2.0,0.0,0.0,4.0,6.0,8.0,6.0,24.0,3.0,0.0,2.0,0.0,32.8,1,1,1,1,13300,6026,10158,9917,8599,10028,17345,13388,8723,347,1,11390,18762,4609,1.0,23:06,2015,2016
2015-16,203084,Harrison Barnes,Harrison,1610612744,GSW,Golden State Warriors,21500799,2016-02-10T00:00:00,GSW @ PHX,W,30.8,0.0,0.0,0.0,2.0,9.0,12.0,5.0,28.0,1.0,0.0,4.0,2.0,17.7,1,1,1,1,6906,12059,10158,9917,12984,15771,22832,11593,5824,2692,1,22104,7786,13380,1.0,30:47,2015,2016
2015-16,201939,Stephen Curry,Stephen,1610612744,GSW,Golden State Warriors,21500799,2016-02-10T00:00:00,GSW @ PHX,W,30.1,3.0,4.0,5.0,6.0,4.0,8.0,8.0,30.0,1.0,1.0,1.0,5.0,54.3,1,1,1,1,7448,4307,1596,1277,5299,6141,17345,17194,4541,2692,17214,4972,1539,428,1.0,30:06,2015,2016
2015-16,201578,Marreese Speights,Marreese,1610612744,GSW,Golden State Warriors,21500799,2016-02-10T00:00:00,GSW @ PHX,W,16.5,2.0,2.0,5.0,6.0,3.0,6.0,0.0,12.0,1.0,1.0,1.0,2.0,23.0,1,1,1,1,18629,6026,4731,1277,5299,5109,13237,1,18637,2692,17214,4972,7786,9760,1.0,16:32,2015,2016
2015-16,201574,Jason Thompson,Jason,1610612744,GSW,Golden State Warriors,21500799,2016-02-10T00:00:00,GSW @ PHX,W,3.5,0.0,0.0,0.0,0.0,0.0,2.0,7.0,4.0,0.0,0.0,2.0,0.0,1.5,1,1,1,1,24935,12059,10158,9917,18861,1,3734,15538,23698,8004,1,11390,18762,24473,1.0,3:28,2015,2016
2015-16,2738,Andre Iguodala,Andre,1610612744,GSW,Golden State Warriors,21500799,2016-02-10T00:00:00,GSW @ PHX,W,20.5,0.0,0.0,0.0,2.0,5.0,10.0,2.0,12.0,0.0,0.0,0.0,0.0,7.9,1,1,1,1,15477,12059,10158,9917,12984,8403,20509,4025,18637,8004,1,1,18762,20646,1.0,20:30,2015,2016
2015-16,201575,Brandon Rush,Brandon,1610612744,GSW,Golden State Warriors,21500799,2016-02-10T00:00:00,GSW @ PHX,W,15.6,0.0,0.0,2.0,0.0,0.0,8.0,9.0,22.0,0.0,0.0,1.0,3.0,12.5,1,1,1,1,19322,12059,10158,4675,18861,1,17345,18829,10265,8004,1,4972,4736,17372,1.0,15:38,2015,2016
2015-16,2571,Leandro Barbosa,Leandro,1610612744,GSW,Golden State Warriors,21500799,2016-02-10T00:00:00,GSW @ PHX,W,15.1,0.0,0.0,2.0,10.0,1.0,6.0,4.0,10.0,1.0,1.0,4.0,1.0,16.2,1,1,1,1,19706,12059,10158,4675,1840,2356,13237,8806,20209,2692,17214,22104,12373,14436,1.0,15:04,2015,2016
2015-16,1626172,Kevon Looney,Kevon,1610612744,GSW,Golden State Warriors,21500799,2016-02-10T00:00:00,GSW @ PHX,W,2.2,0.0,0.0,0.0,0.0,0.0,0.0,6.0,4.0,0.0,0.0,0.0,0.0,3.0,1,1,1,1,25449,12059,10158,9917,18861,1,1,13388,23698,8004,1,1,18762,23648,1.0,2:12,2015,2016
2015-16,203110,Draymond Green,Draymond,1610612744,GSW,Golden State Warriors,21500799,2016-02-10T00:00:00,GSW @ PHX,W,28.4,5.0,0.0,2.0,0.0,4.0,8.0,8.0,28.0,0.0,1.0,3.0,6.0,20.7,1,1,1,1,8969,1603,10158,4675,18861,6141,17345,17194,5824,8004,17214,17641,873,11252,1.0,28:21,2015,2016
2015-16,203546,Ian Clark,Ian,1610612744,GSW,Golden State Warriors,21500799,2016-02-10T00:00:00,GSW @ PHX,W,3.8,0.0,0.0,0.0,0.0,0.0,0.0,6.0,6.0,0.0,0.0,0.0,0.0,4.7,1,1,1,1,24784,12059,10158,9917,18861,1,1,13388,22724,8004,1,1,18762,22672,1.0,3:49,2015,2016
2015-16,2738,Andre Iguodala,Andre,1610612744,GSW,Golden State Warriors,21500788,2016-02-09T00:00:00,GSW vs. HOU,W,31.1,0.0,3.0,0.0,4.0,6.0,12.0,12.0,30.0,0.0,0.0,0.0,2.0,27.2,1,1,1,1,6656,12059,3104,9917,8599,10028,22832,22259,4541,8004,1,1,7786,7289,1.0,31:04,2015,2016
2015-16,203084,Harrison Barnes,Harrison,1610612744,GSW,Golden State Warriors,21500788,2016-02-09T00:00:00,GSW vs. HOU,W,31.7,0.0,2.0,0.0,6.0,8.0,7.0,14.0,24.0,0.0,1.0,1.0,3.0,29.4,1,1,1,1,6115,12059,4731,9917,5299,13914,15642,23710,8723,8004,17214,4972,4736,6143,1.0,31:44,2015,2016
2015-16,203110,Draymond Green,Draymond,1610612744,GSW,Golden State Warriors,21500788,2016-02-09T00:00:00,GSW vs. HOU,W,31.6,2.0,4.0,0.0,4.0,11.0,15.0,21.0,24.0,0.0,1.0,5.0,3.0,24.3,1,1,1,1,6235,6026,1596,9917,8599,18886,24781,25725,8723,8004,17214,24686,4736,8939,1.0,31:36,2015,2016
2015-16,2733,Shaun Livingston,Shaun,1610612744,GSW,Golden State Warriors,21500788,2016-02-09T00:00:00,GSW vs. HOU,W,15.9,0.0,2.0,0.0,2.0,1.0,9.0,5.0,10.0,0.0,0.0,4.0,2.0,11.4,1,1,1,1,19087,12059,4731,9917,12984,2356,19144,11593,20209,8004,1,22104,7786,18134,1.0,15:56,2015,2016
2015-16,101106,Andrew Bogut,Andrew,1610612744,GSW,Golden State Warriors,21500788,2016-02-09T00:00:00,GSW vs. HOU,W,28.7,0.0,4.0,3.0,10.0,10.0,15.0,16.0,24.0,6.0,0.0,4.0,4.0,52.7,1,1,1,1,8647,12059,1596,3302,1840,17370,24781,24641,8723,19,1,22104,2748,536,1.0,28:42,2015,2016
2015-16,201939,Stephen Curry,Stephen,1610612744,GSW,Golden State Warriors,21500788,2016-02-09T00:00:00,GSW vs. HOU,W,37.7,9.0,0.0,10.0,10.0,12.0,20.0,20.0,32.0,0.0,0.0,2.0,2.0,56.5,1,1,1,1,1661,171,10158,118,1840,20178,25875,25599,3535,8004,1,11390,7786,332,1.0,37:41,2015,2016
2015-16,201578,Marreese Speights,Marreese,1610612744,GSW,Golden State Warriors,21500788,2016-02-09T00:00:00,GSW vs. HOU,W,12.1,0.0,0.0,3.0,4.0,2.0,5.0,2.0,12.0,0.0,0.0,4.0,3.0,17.8,1,1,1,1,21472,12059,10158,3302,8599,2619,11469,4025,18637,8004,1,22104,4736,13309,1.0,12:07,2015,2016
2015-16,202691,Klay Thompson,Klay,1610612744,GSW,Golden State Warriors,21500788,2016-02-09T00:00:00,GSW vs. HOU,W,34.9,2.0,0.0,4.0,6.0,13.0,17.0,23.0,28.0,0.0,1.0,2.0,2.0,17.9,1,1,1,1,3649,6026,10158,1913,5299,21300,25429,25880,5824,8004,17214,11390,7786,13229,1.0,34:51,2015,2016
2015-16,2571,Leandro Barbosa,Leandro,1610612744,GSW,Golden State Warriors,21500788,2016-02-09T00:00:00,GSW vs. HOU,W,13.2,2.0,0.0,4.0,4.0,0.0,5.0,0.0,12.0,0.0,1.0,1.0,1.0,6.4,1,1,1,1,20894,6026,10158,1913,8599,1,11469,1,18637,8004,17214,4972,12373,21589,1.0,13:09,2015,2016
2015-16,201575,Brandon Rush,Brandon,1610612744,GSW,Golden State Warriors,21500788,2016-02-09T00:00:00,GSW vs. HOU,W,3.2,0.0,0.0,0.0,0.0,2.0,5.0,2.0,4.0,0.0,0.0,3.0,0.0,1.2,1,1,1,1,25064,12059,10158,9917,18861,2619,11469,4025,23698,8004,1,17641,18762,24661,1.0,3:10,2015,2016
2015-16,201578,Marreese Speights,Marreese,1610612744,GSW,Golden State Warriors,21500769,2016-02-06T00:00:00,GSW vs. OKC,W,17.2,2.0,2.0,2.0,6.0,7.0,10.0,9.0,20.0,1.0,1.0,2.0,1.0,22.4,1,1,1,1,18127,6026,4731,4675,5299,12242,20509,18829,11929,2692,17214,11390,12373,10131,1.0,17:12,2015,2016
2015-16,2733,Shaun Livingston,Shaun,1610612744,GSW,Golden State Warriors,21500769,2016-02-06T00:00:00,GSW vs. OKC,W,15.5,2.0,0.0,2.0,4.0,6.0,6.0,2.0,16.0,0.0,1.0,1.0,2.0,17.2,1,1,1,1,19414,6026,10158,4675,8599,10028,13237,4025,15259,8004,17214,4972,7786,13725,1.0,15:29,2015,2016
2015-16,203084,Harrison Barnes,Harrison,1610612744,GSW,Golden State Warriors,21500769,2016-02-06T00:00:00,GSW vs. OKC,W,36.0,2.0,5.0,3.0,8.0,8.0,10.0,19.0,34.0,0.0,0.0,4.0,2.0,23.8,1,1,1,1,2785,6026,995,3302,3109,13914,20509,25435,2701,8004,1,22104,7786,9261,1.0,35:58,2015,2016
2015-16,203110,Draymond Green,Draymond,1610612744,GSW,Golden State Warriors,21500769,2016-02-06T00:00:00,GSW vs. OKC,W,35.6,0.0,3.0,2.0,6.0,9.0,12.0,17.0,34.0,0.0,0.0,5.0,4.0,35.0,1,1,1,1,3047,12059,3104,4675,5299,15771,22832,24967,2701,8004,1,24686,2748,3813,1.0,35:37,2015,2016
2015-16,201939,Stephen Curry,Stephen,1610612744,GSW,Golden State Warriors,21500769,2016-02-06T00:00:00,GSW vs. OKC,W,37.7,4.0,5.0,6.0,12.0,9.0,12.0,23.0,36.0,0.0,1.0,2.0,5.0,54.2,1,1,1,1,1654,2460,995,740,988,15771,22832,25880,1943,8004,17214,11390,1539,432,1.0,37:42,2015,2016
2015-16,201575,Brandon Rush,Brandon,1610612744,GSW,Golden State Warriors,21500769,2016-02-06T00:00:00,GSW vs. OKC,W,0.9,0.0,0.0,0.0,0.0,0.0,0.0,2.0,2.0,0.0,0.0,0.0,0.0,0.0,1,1,1,1,25903,12059,10158,9917,18861,1,1,4025,24614,8004,1,1,18762,25170,1.0,0:52,2015,2016
2015-16,2571,Leandro Barbosa,Leandro,1610612744,GSW,Golden State Warriors,21500769,2016-02-06T00:00:00,GSW vs. OKC,W,13.7,3.0,2.0,5.0,6.0,0.0,0.0,8.0,8.0,0.0,0.0,0.0,2.0,20.7,1,1,1,1,20569,4307,4731,1277,5299,1,1,17194,21543,8004,1,1,7786,11252,1.0,13:44,2015,2016
2015-16,202691,Klay Thompson,Klay,1610612744,GSW,Golden State Warriors,21500769,2016-02-06T00:00:00,GSW vs. OKC,W,34.3,2.0,0.0,0.0,10.0,13.0,16.0,15.0,40.0,0.0,2.0,3.0,1.0,20.8,1,1,1,1,4122,6026,10158,9917,1840,21300,25155,24242,983,8004,23588,17641,12373,11195,1.0,34:16,2015,2016
2015-16,101106,Andrew Bogut,Andrew,1610612744,GSW,Golden State Warriors,21500769,2016-02-06T00:00:00,GSW vs. OKC,W,19.7,2.0,0.0,2.0,2.0,4.0,2.0,8.0,20.0,2.0,0.0,4.0,1.0,15.7,1,1,1,1,16148,6026,10158,4675,12984,6141,3734,17194,11929,932,1,22104,12373,14841,1.0,19:42,2015,2016
2015-16,2738,Andre Iguodala,Andre,1610612744,GSW,Golden State Warriors,21500769,2016-02-06T00:00:00,GSW vs. OKC,W,29.5,0.0,0.0,2.0,4.0,9.0,12.0,12.0,30.0,1.0,0.0,2.0,0.0,20.4,1,1,1,1,8002,12059,10158,4675,8599,15771,22832,22259,4541,2692,1,11390,18762,11453,1.0,29:28,2015,2016
2015-16,201939,Stephen Curry,Stephen,1610612744,GSW,Golden State Warriors,21500739,2016-02-03T00:00:00,GSW @ WAS,W,35.7,5.0,0.0,8.0,14.0,19.0,6.0,31.0,40.0,0.0,1.0,3.0,5.0,64.4,1,1,1,1,2988,1603,10158,280,542,25074,13237,26065,983,8004,17214,17641,1539,98,1.0,35:41,2015,2016
2015-16,203110,Draymond Green,Draymond,1610612744,GSW,Golden State Warriors,21500739,2016-02-03T00:00:00,GSW @ WAS,W,34.0,2.0,0.0,0.0,4.0,19.0,6.0,29.0,36.0,5.0,0.0,5.0,5.0,56.0,1,1,1,1,4338,6026,10158,9917,8599,25074,13237,26054,1943,59,1,24686,1539,352,1.0,34:01,2015,2016
2015-16,101106,Andrew Bogut,Andrew,1610612744,GSW,Golden State Warriors,21500739,2016-02-03T00:00:00,GSW @ WAS,W,18.6,2.0,2.0,0.0,2.0,8.0,3.0,18.0,18.0,0.0,0.0,4.0,3.0,19.7,1,1,1,1,17007,6026,4731,9917,12984,13914,7138,25228,13577,8004,1,22104,4736,11962,1.0,18:37,2015,2016
2015-16,201575,Brandon Rush,Brandon,1610612744,GSW,Golden State Warriors,21500739,2016-02-03T00:00:00,GSW @ WAS,W,13.1,0.0,0.0,1.0,0.0,6.0,3.0,8.0,20.0,0.0,0.0,1.0,1.0,15.3,1,1,1,1,20910,12059,10158,9347,18861,10028,7138,17194,11929,8004,1,4972,12373,15150,1.0,13:07,2015,2016
2015-16,202691,Klay Thompson,Klay,1610612744,GSW,Golden State Warriors,21500739,2016-02-03T00:00:00,GSW @ WAS,W,33.2,3.0,3.0,2.0,4.0,19.0,3.0,31.0,36.0,0.0,0.0,1.0,1.0,30.8,1,1,1,1,5003,4307,3104,4675,8599,25074,7138,26065,1943,8004,1,4972,12373,5493,1.0,33:09,2015,2016
2015-16,201578,Marreese Speights,Marreese,1610612744,GSW,Golden State Warriors,21500739,2016-02-03T00:00:00,GSW @ WAS,W,12.0,0.0,0.0,0.0,2.0,5.0,0.0,7.0,18.0,0.0,1.0,0.0,0.0,15.2,1,1,1,1,21606,12059,10158,9917,12984,8403,1,15538,13577,8004,17214,1,18762,15219,1.0,11:58,2015,2016
2015-16,2733,Shaun Livingston,Shaun,1610612744,GSW,Golden State Warriors,21500739,2016-02-03T00:00:00,GSW @ WAS,W,15.0,1.0,0.0,1.0,2.0,5.0,0.0,8.0,18.0,0.0,0.0,2.0,1.0,21.9,1,1,1,1,19728,11535,10158,9347,12984,8403,1,17194,13577,8004,1,11390,12373,10460,1.0,15:02,2015,2016
2015-16,2738,Andre Iguodala,Andre,1610612744,GSW,Golden State Warriors,21500739,2016-02-03T00:00:00,GSW @ WAS,W,28.9,1.0,6.0,0.0,2.0,14.0,3.0,19.0,36.0,0.0,1.0,4.0,4.0,22.7,1,1,1,1,8463,11535,481,9917,12984,22292,7138,25435,1943,8004,17214,22104,2748,9938,1.0,28:53,2015,2016
2015-16,2571,Leandro Barbosa,Leandro,1610612744,GSW,Golden State Warriors,21500739,2016-02-03T00:00:00,GSW @ WAS,W,14.9,2.0,2.0,2.0,0.0,5.0,3.0,7.0,20.0,0.0,0.0,2.0,1.0,8.2,1,1,1,1,19864,6026,4731,4675,18861,8403,7138,15538,11929,8004,1,11390,12373,20416,1.0,14:51,2015,2016
2015-16,203084,Harrison Barnes,Harrison,1610612744,GSW,Golden State Warriors,21500739,2016-02-03T00:00:00,GSW @ WAS,W,34.7,0.0,2.0,4.0,0.0,20.0,3.0,32.0,38.0,0.0,1.0,2.0,1.0,18.1,1,1,1,1,3794,12059,4731,1913,18861,25338,7138,26071,1422,8004,17214,11390,12373,13090,1.0,34:41,2015,2016
2015-16,2733,Shaun Livingston,Shaun,1610612744,GSW,Golden State Warriors,21500718,2016-01-31T00:00:00,GSW @ NYK,W,16.4,0.0,0.0,0.0,4.0,0.0,6.0,2.0,16.0,0.0,0.0,1.0,1.0,20.5,1,1,1,1,18699,12059,10158,9917,8599,1,13237,4025,15259,8004,1,4972,12373,11401,1.0,16:26,2015,2016
2015-16,101106,Andrew Bogut,Andrew,1610612744,GSW,Golden State Warriors,21500718,2016-01-31T00:00:00,GSW @ NYK,W,14.0,0.0,0.0,0.0,0.0,6.0,3.0,2.0,4.0,0.0,0.0,4.0,0.0,17.4,1,1,1,1,20399,12059,10158,9917,18861,10028,7138,4025,23698,8004,1,22104,18762,13595,1.0,14:01,2015,2016
2015-16,202691,Klay Thompson,Klay,1610612744,GSW,Golden State Warriors,21500718,2016-01-31T00:00:00,GSW @ NYK,W,32.1,5.0,0.0,3.0,10.0,6.0,7.0,6.0,14.0,0.0,1.0,5.0,2.0,38.2,1,1,1,1,5810,1603,10158,3302,1840,10028,15642,13388,17019,8004,17214,24686,7786,2854,1.0,32:05,2015,2016
2015-16,201939,Stephen Curry,Stephen,1610612744,GSW,Golden State Warriors,21500718,2016-01-31T00:00:00,GSW @ NYK,W,32.0,0.0,0.0,0.0,2.0,10.0,9.0,4.0,16.0,0.0,2.0,1.0,1.0,29.8,1,1,1,1,5899,12059,10158,9917,12984,17370,19144,8806,15259,8004,23588,4972,12373,5948,1.0,31:59,2015,2016
2015-16,203110,Draymond Green,Draymond,1610612744,GSW,Golden State Warriors,21500718,2016-01-31T00:00:00,GSW @ NYK,W,37.2,0.0,2.0,2.0,12.0,8.0,7.0,4.0,16.0,2.0,0.0,2.0,4.0,55.0,1,1,1,1,1995,12059,4731,4675,988,13914,15642,8806,15259,932,1,11390,2748,395,1.0,37:09,2015,2016
2015-16,2571,Leandro Barbosa,Leandro,1610612744,GSW,Golden State Warriors,21500718,2016-01-31T00:00:00,GSW @ NYK,W,20.4,2.0,0.0,5.0,0.0,4.0,8.0,4.0,22.0,0.0,0.0,0.0,3.0,10.9,1,1,1,1,15542,6026,10158,1277,18861,6141,17345,8806,10265,8004,1,1,4736,18498,1.0,20:26,2015,2016
2015-16,203084,Harrison Barnes,Harrison,1610612744,GSW,Golden State Warriors,21500718,2016-01-31T00:00:00,GSW @ NYK,W,31.1,3.0,0.0,2.0,2.0,6.0,13.0,4.0,20.0,0.0,1.0,3.0,1.0,11.1,1,1,1,1,6655,4307,10158,4675,12984,10028,23668,8806,11929,8004,17214,17641,12373,18370,1.0,31:04,2015,2016
2015-16,201575,Brandon Rush,Brandon,1610612744,GSW,Golden State Warriors,21500718,2016-01-31T00:00:00,GSW @ NYK,W,15.3,0.0,0.0,0.0,0.0,2.0,6.0,4.0,16.0,2.0,0.0,1.0,0.0,12.6,1,1,1,1,19565,12059,10158,9917,18861,2619,13237,8806,15259,932,1,4972,18762,17277,1.0,15:18,2015,2016
2015-16,201578,Marreese Speights,Marreese,1610612744,GSW,Golden State Warriors,21500718,2016-01-31T00:00:00,GSW @ NYK,W,11.0,0.0,0.0,0.0,0.0,2.0,4.0,4.0,16.0,0.0,0.0,2.0,1.0,16.0,1,1,1,1,22028,12059,10158,9917,18861,2619,8458,8806,15259,8004,1,11390,12373,14590,1.0,11:00,2015,2016
2015-16,2738,Andre Iguodala,Andre,1610612744,GSW,Golden State Warriors,21500718,2016-01-31T00:00:00,GSW @ NYK,W,23.3,0.0,0.0,0.0,0.0,6.0,8.0,0.0,14.0,0.0,0.0,2.0,4.0,16.8,1,1,1,1,13126,12059,10158,9917,18861,10028,17345,1,17019,8004,1,11390,2748,13996,1.0,23:17,2015,2016
2015-16,203546,Ian Clark,Ian,1610612744,GSW,Golden State Warriors,21500718,2016-01-31T00:00:00,GSW @ NYK,W,4.1,0.0,0.0,0.0,0.0,0.0,2.0,4.0,8.0,0.0,0.0,0.0,2.0,4.0,1,1,1,1,24686,12059,10158,9917,18861,1,3734,8806,21543,8004,1,1,7786,23142,1.0,4:04,2015,2016
2015-16,201574,Jason Thompson,Jason,1610612744,GSW,Golden State Warriors,21500718,2016-01-31T00:00:00,GSW @ NYK,W,3.2,0.0,0.0,0.0,0.0,0.0,2.0,2.0,8.0,1.0,0.0,0.0,1.0,4.0,1,1,1,1,25054,12059,10158,9917,18861,1,3734,4025,21543,2692,1,1,12373,23142,1.0,3:11,2015,2016
2015-16,201574,Jason Thompson,Jason,1610612744,GSW,Golden State Warriors,21500707,2016-01-30T00:00:00,GSW @ PHI,W,10.7,0.0,0.0,0.0,2.0,2.0,2.0,2.0,6.0,0.0,0.0,4.0,0.0,3.7,1,1,1,1,22173,12059,10158,9917,12984,2619,3734,4025,22724,8004,1,22104,18762,23278,1.0,10:39,2015,2016
2015-16,203084,Harrison Barnes,Harrison,1610612744,GSW,Golden State Warriors,21500707,2016-01-30T00:00:00,GSW @ PHI,W,34.4,0.0,0.0,2.0,0.0,16.0,0.0,17.0,34.0,0.0,2.0,0.0,1.0,27.2,1,1,1,1,4038,12059,10158,4675,18861,23774,1,24967,2701,8004,23588,1,12373,7289,1.0,34:23,2015,2016
2015-16,203110,Draymond Green,Draymond,1610612744,GSW,Golden State Warriors,21500707,2016-01-30T00:00:00,GSW @ PHI,W,32.8,0.0,2.0,6.0,10.0,18.0,9.0,17.0,36.0,1.0,0.0,3.0,3.0,41.1,1,1,1,1,5252,12059,4731,740,1840,24749,19144,24967,1943,2692,1,17641,4736,2123,1.0,32:50,2015,2016
2015-16,2571,Leandro Barbosa,Leandro,1610612744,GSW,Golden State Warriors,21500707,2016-01-30T00:00:00,GSW @ PHI,W,15.1,0.0,0.0,0.0,4.0,4.0,9.0,6.0,18.0,0.0,0.0,1.0,1.0,15.1,1,1,1,1,19680,12059,10158,9917,8599,6141,19144,13388,13577,8004,1,4972,12373,15328,1.0,15:07,2015,2016
2015-16,101106,Andrew Bogut,Andrew,1610612744,GSW,Golden State Warriors,21500707,2016-01-30T00:00:00,GSW @ PHI,W,25.8,0.0,2.0,0.0,8.0,12.0,4.0,13.0,26.0,2.0,0.0,4.0,1.0,39.2,1,1,1,1,10993,12059,4731,9917,3109,20178,8458,23048,7214,932,1,22104,12373,2590,1.0,25:49,2015,2016
2015-16,201939,Stephen Curry,Stephen,1610612744,GSW,Golden State Warriors,21500707,2016-01-30T00:00:00,GSW @ PHI,W,34.2,0.0,3.0,5.0,8.0,18.0,9.0,17.0,36.0,2.0,1.0,3.0,0.0,39.0,1,1,1,1,4190,12059,3104,1277,3109,24749,19144,24967,1943,932,17214,17641,18762,2642,1.0,34:12,2015,2016
2015-16,201578,Marreese Speights,Marreese,1610612744,GSW,Golden State Warriors,21500707,2016-01-30T00:00:00,GSW @ PHI,W,11.9,0.0,0.0,0.0,4.0,4.0,5.0,4.0,14.0,0.0,0.0,1.0,0.0,17.7,1,1,1,1,21644,12059,10158,9917,8599,6141,11469,8806,17019,8004,1,4972,18762,13380,1.0,11:53,2015,2016
2015-16,202691,Klay Thompson,Klay,1610612744,GSW,Golden State Warriors,21500707,2016-01-30T00:00:00,GSW @ PHI,W,32.9,11.0,6.0,2.0,18.0,16.0,2.0,15.0,30.0,0.0,1.0,1.0,0.0,33.9,1,1,1,1,5218,55,481,4675,131,23774,3734,24242,4541,8004,17214,4972,18762,4208,1.0,32:53,2015,2016
2015-16,2733,Shaun Livingston,Shaun,1610612744,GSW,Golden State Warriors,21500707,2016-01-30T00:00:00,GSW @ PHI,W,16.3,0.0,0.0,0.0,2.0,4.0,2.0,6.0,14.0,0.0,0.0,0.0,0.0,10.2,1,1,1,1,18820,12059,10158,9917,12984,6141,3734,13388,17019,8004,1,1,18762,19003,1.0,16:18,2015,2016
2015-16,203546,Ian Clark,Ian,1610612744,GSW,Golden State Warriors,21500707,2016-01-30T00:00:00,GSW @ PHI,W,15.0,0.0,2.0,0.0,4.0,2.0,4.0,4.0,12.0,1.0,0.0,1.0,2.0,9.7,1,1,1,1,19752,12059,4731,9917,8599,2619,8458,8806,18637,2692,1,4972,7786,19379,1.0,15:00,2015,2016
2015-16,201575,Brandon Rush,Brandon,1610612744,GSW,Golden State Warriors,21500707,2016-01-30T00:00:00,GSW @ PHI,W,10.9,0.0,0.0,0.0,0.0,4.0,9.0,4.0,14.0,1.0,0.0,0.0,0.0,8.1,1,1,1,1,22062,12059,10158,9917,18861,6141,19144,8806,17019,2692,1,1,18762,20521,1.0,10:56,2015,2016
2015-16,2571,Leandro Barbosa,Leandro,1610612744,GSW,Golden State Warriors,21500691,2016-01-27T00:00:00,GSW vs. DAL,W,22.2,0.0,0.0,4.0,4.0,2.0,11.0,2.0,28.0,0.0,0.0,1.0,2.0,10.2,1,1,1,1,13979,12059,10158,1913,8599,2619,21814,4025,5824,8004,1,4972,7786,19003,1.0,22:14,2015,2016
2015-16,203110,Draymond Green,Draymond,1610612744,GSW,Golden State Warriors,21500691,2016-01-27T00:00:00,GSW vs. DAL,W,23.8,0.0,0.0,2.0,4.0,5.0,5.0,5.0,18.0,0.0,0.0,5.0,1.0,14.6,1,1,1,1,12715,12059,10158,4675,8599,8403,11469,11593,13577,8004,1,24686,12373,15699,1.0,23:50,2015,2016
2015-16,201575,Brandon Rush,Brandon,1610612744,GSW,Golden State Warriors,21500691,2016-01-27T00:00:00,GSW vs. DAL,W,23.1,0.0,0.0,0.0,2.0,4.0,11.0,2.0,24.0,1.0,0.0,1.0,0.0,14.8,1,1,1,1,13324,12059,10158,9917,12984,6141,21814,4025,8723,2692,1,4972,18762,15561,1.0,23:04,2015,2016
2015-16,201578,Marreese Speights,Marreese,1610612744,GSW,Golden State Warriors,21500691,2016-01-27T00:00:00,GSW vs. DAL,W,9.5,0.0,0.0,0.0,8.0,4.0,2.0,0.0,8.0,0.0,0.0,1.0,3.0,14.5,1,1,1,1,22628,12059,10158,9917,3109,6141,3734,1,21543,8004,1,4972,4736,15799,1.0,9:30,2015,2016
2015-16,202691,Klay Thompson,Klay,1610612744,GSW,Golden State Warriors,21500691,2016-01-27T00:00:00,GSW vs. DAL,W,31.6,4.0,3.0,6.0,14.0,9.0,0.0,5.0,34.0,2.0,0.0,1.0,5.0,57.5,1,1,1,1,6271,2460,3104,740,542,15771,1,11593,2701,932,1,4972,1539,290,1.0,31:33,2015,2016
2015-16,203546,Ian Clark,Ian,1610612744,GSW,Golden State Warriors,21500691,2016-01-27T00:00:00,GSW vs. DAL,W,4.0,0.0,0.0,0.0,0.0,2.0,4.0,0.0,8.0,0.0,0.0,2.0,0.0,1.5,1,1,1,1,24705,12059,10158,9917,18861,2619,8458,1,21543,8004,1,11390,18762,24473,1.0,4:00,2015,2016
2015-16,201574,Jason Thompson,Jason,1610612744,GSW,Golden State Warriors,21500691,2016-01-27T00:00:00,GSW vs. DAL,W,3.5,0.0,0.0,0.0,4.0,2.0,4.0,0.0,6.0,0.0,0.0,0.0,0.0,7.2,1,1,1,1,24935,12059,10158,9917,8599,2619,8458,1,22724,8004,1,1,18762,21035,1.0,3:28,2015,2016
2015-16,1626172,Kevon Looney,Kevon,1610612744,GSW,Golden State Warriors,21500691,2016-01-27T00:00:00,GSW vs. DAL,W,6.0,0.0,0.0,0.0,0.0,0.0,4.0,0.0,10.0,0.0,0.0,1.0,0.0,4.4,1,1,1,1,23966,12059,10158,9917,18861,1,8458,1,20209,8004,1,4972,18762,22837,1.0,5:59,2015,2016
2015-16,2733,Shaun Livingston,Shaun,1610612744,GSW,Golden State Warriors,21500691,2016-01-27T00:00:00,GSW vs. DAL,W,16.0,0.0,0.0,2.0,6.0,2.0,2.0,4.0,20.0,0.0,0.0,2.0,2.0,16.4,1,1,1,1,19060,12059,10158,4675,5299,2619,3734,8806,11929,8004,1,11390,7786,14289,1.0,15:58,2015,2016
2015-16,203084,Harrison Barnes,Harrison,1610612744,GSW,Golden State Warriors,21500691,2016-01-27T00:00:00,GSW vs. DAL,W,27.7,0.0,2.0,0.0,4.0,7.0,0.0,7.0,32.0,0.0,0.0,0.0,3.0,21.4,1,1,1,1,9469,12059,4731,9917,8599,12242,1,15538,3535,8004,1,1,4736,10807,1.0,27:41,2015,2016
2015-16,101106,Andrew Bogut,Andrew,1610612744,GSW,Golden State Warriors,21500691,2016-01-27T00:00:00,GSW vs. DAL,W,17.9,2.0,2.0,0.0,4.0,5.0,0.0,3.0,14.0,0.0,0.0,1.0,1.0,18.3,1,1,1,1,17564,6026,4731,9917,8599,8403,1,7328,17019,8004,1,4972,12373,12952,1.0,17:56,2015,2016
2015-16,2738,Andre Iguodala,Andre,1610612744,GSW,Golden State Warriors,21500691,2016-01-27T00:00:00,GSW vs. DAL,W,23.0,0.0,2.0,4.0,4.0,4.0,7.0,2.0,26.0,0.0,0.0,1.0,3.0,19.8,1,1,1,1,13383,12059,4731,1913,8599,6141,15642,4025,7214,8004,1,4972,4736,11883,1.0,22:59,2015,2016
2015-16,201939,Stephen Curry,Stephen,1610612744,GSW,Golden State Warriors,21500691,2016-01-27T00:00:00,GSW vs. DAL,W,31.8,4.0,0.0,5.0,2.0,9.0,5.0,5.0,32.0,1.0,0.0,2.0,1.0,41.9,1,1,1,1,6074,2460,10158,1277,12984,15771,11469,11593,3535,2692,1,11390,12373,1958,1.0,31:48,2015,2016
2015-16,2571,Leandro Barbosa,Leandro,1610612744,GSW,Golden State Warriors,21500675,2016-01-25T00:00:00,GSW vs. SAS,W,20.3,0.0,0.0,0.0,2.0,9.0,7.0,5.0,14.0,0.0,0.0,2.0,0.0,6.9,1,1,1,1,15679,12059,10158,9917,12984,15771,15642,11593,17019,8004,1,11390,18762,21262,1.0,20:15,2015,2016
2015-16,203546,Ian Clark,Ian,1610612744,GSW,Golden State Warriors,21500675,2016-01-25T00:00:00,GSW vs. SAS,W,7.0,0.0,0.0,0.0,0.0,7.0,6.0,6.0,10.0,0.0,0.0,0.0,1.0,0.7,1,1,1,1,23569,12059,10158,9917,18861,12242,13237,13388,20209,8004,1,1,12373,25042,1.0,6:59,2015,2016
2015-16,101106,Andrew Bogut,Andrew,1610612744,GSW,Golden State Warriors,21500675,2016-01-25T00:00:00,GSW vs. SAS,W,17.3,0.0,0.0,0.0,4.0,2.0,3.0,0.0,8.0,1.0,0.0,4.0,0.0,15.6,1,1,1,1,18071,12059,10158,9917,8599,2619,7138,1,21543,2692,1,22104,18762,14916,1.0,17:16,2015,2016
2015-16,203105,Festus Ezeli,Festus,1610612744,GSW,Golden State Warriors,21500675,2016-01-25T00:00:00,GSW vs. SAS,W,10.1,0.0,2.0,0.0,4.0,6.0,0.0,2.0,6.0,0.0,0.0,1.0,1.0,12.0,1,1,1,1,22398,12059,4731,9917,8599,10028,1,4025,22724,8004,1,4972,12373,17703,1.0,10:06,2015,2016
2015-16,201578,Marreese Speights,Marreese,1610612744,GSW,Golden State Warriors,21500675,2016-01-25T00:00:00,GSW vs. SAS,W,18.7,0.0,0.0,0.0,2.0,7.0,7.0,5.0,20.0,1.0,1.0,5.0,2.0,26.4,1,1,1,1,16946,12059,10158,9917,12984,12242,15642,11593,11929,2692,17214,24686,7786,7672,1.0,18:42,2015,2016
2015-16,202691,Klay Thompson,Klay,1610612744,GSW,Golden State Warriors,21500675,2016-01-25T00:00:00,GSW vs. SAS,W,25.4,0.0,2.0,0.0,6.0,7.0,3.0,2.0,18.0,0.0,1.0,3.0,2.0,15.3,1,1,1,1,11345,12059,4731,9917,5299,12242,7138,4025,13577,8004,17214,17641,7786,15150,1.0,25:26,2015,2016
2015-16,201939,Stephen Curry,Stephen,1610612744,GSW,Golden State Warriors,21500675,2016-01-25T00:00:00,GSW vs. SAS,W,28.4,20.0,3.0,6.0,10.0,7.0,3.0,4.0,12.0,0.0,2.0,0.0,6.0,57.9,1,1,1,1,8969,1,3104,740,1840,12242,7138,8806,18637,8004,23588,1,873,269,1.0,28:21,2015,2016
2015-16,203110,Draymond Green,Draymond,1610612744,GSW,Golden State Warriors,21500675,2016-01-25T00:00:00,GSW vs. SAS,W,26.9,0.0,4.0,0.0,6.0,7.0,3.0,2.0,12.0,1.0,0.0,2.0,4.0,38.8,1,1,1,1,10099,12059,1596,9917,5299,12242,7138,4025,18637,2692,1,11390,2748,2692,1.0,26:54,2015,2016
2015-16,201575,Brandon Rush,Brandon,1610612744,GSW,Golden State Warriors,21500675,2016-01-25T00:00:00,GSW vs. SAS,W,17.5,5.0,2.0,8.0,4.0,10.0,6.0,8.0,22.0,0.0,0.0,0.0,0.0,22.9,1,1,1,1,17934,1603,4731,280,8599,17370,13237,17194,10265,8004,1,1,18762,9811,1.0,17:27,2015,2016
2015-16,2738,Andre Iguodala,Andre,1610612744,GSW,Golden State Warriors,21500675,2016-01-25T00:00:00,GSW vs. SAS,W,23.1,3.0,0.0,3.0,4.0,8.0,1.0,4.0,18.0,0.0,0.0,0.0,3.0,19.5,1,1,1,1,13268,4307,10158,3302,8599,13914,3393,8806,13577,8004,1,1,4736,12096,1.0,23:07,2015,2016
2015-16,201574,Jason Thompson,Jason,1610612744,GSW,Golden State Warriors,21500675,2016-01-25T00:00:00,GSW vs. SAS,W,7.0,2.0,0.0,0.0,2.0,7.0,6.0,6.0,10.0,0.0,0.0,1.0,1.0,9.9,1,1,1,1,23569,6026,10158,9917,12984,12242,13237,13388,20209,8004,1,4972,12373,19247,1.0,6:59,2015,2016
2015-16,2733,Shaun Livingston,Shaun,1610612744,GSW,Golden State Warriors,21500675,2016-01-25T00:00:00,GSW vs. SAS,W,17.5,2.0,0.0,2.0,8.0,8.0,1.0,3.0,18.0,0.0,0.0,1.0,1.0,21.4,1,1,1,1,17916,6026,10158,4675,3109,13914,3393,7328,13577,8004,1,4972,12373,10807,1.0,17:28,2015,2016
2015-16,203084,Harrison Barnes,Harrison,1610612744,GSW,Golden State Warriors,21500675,2016-01-25T00:00:00,GSW vs. SAS,W,21.0,0.0,0.0,0.0,0.0,10.0,4.0,3.0,12.0,0.0,0.0,6.0,0.0,6.2,1,1,1,1,15054,12059,10158,9917,18861,17370,8458,7328,18637,8004,1,25827,18762,21696,1.0,21:00,2015,2016
2015-16,2571,Leandro Barbosa,Leandro,1610612744,GSW,Golden State Warriors,21500652,2016-01-22T00:00:00,GSW vs. IND,W,14.4,4.0,2.0,4.0,8.0,12.0,8.0,6.0,20.0,0.0,0.0,2.0,2.0,14.2,1,1,1,1,20163,2460,4731,1913,3109,20178,17345,13388,11929,8004,1,11390,7786,16003,1.0,14:24,2015,2016
2015-16,101106,Andrew Bogut,Andrew,1610612744,GSW,Golden State Warriors,21500652,2016-01-22T00:00:00,GSW vs. IND,W,19.2,0.0,2.0,0.0,2.0,4.0,7.0,4.0,18.0,3.0,1.0,1.0,0.0,19.7,1,1,1,1,16514,12059,4731,9917,12984,6141,15642,8806,13577,347,17214,4972,18762,11962,1.0,19:13,2015,2016
2015-16,203084,Harrison Barnes,Harrison,1610612744,GSW,Golden State Warriors,21500652,2016-01-22T00:00:00,GSW vs. IND,W,35.3,0.0,6.0,0.0,4.0,18.0,14.0,13.0,48.0,0.0,2.0,5.0,3.0,25.7,1,1,1,1,3285,12059,481,9917,8599,24749,24300,23048,192,8004,23588,24686,4736,8088,1.0,35:20,2015,2016
2015-16,203110,Draymond Green,Draymond,1610612744,GSW,Golden State Warriors,21500652,2016-01-22T00:00:00,GSW vs. IND,W,35.8,4.0,2.0,9.0,20.0,15.0,11.0,15.0,44.0,0.0,0.0,4.0,3.0,47.2,1,1,1,1,2892,2460,4731,184,59,23079,21814,24242,454,8004,1,22104,4736,1051,1.0,35:48,2015,2016
2015-16,201939,Stephen Curry,Stephen,1610612744,GSW,Golden State Warriors,21500652,2016-01-22T00:00:00,GSW vs. IND,W,36.8,9.0,6.0,11.0,6.0,17.0,15.0,17.0,42.0,0.0,0.0,1.0,6.0,70.0,1,1,1,1,2204,171,481,69,5299,24337,24781,24967,670,8004,1,4972,873,45,1.0,36:49,2015,2016
2015-16,203105,Festus Ezeli,Festus,1610612744,GSW,Golden State Warriors,21500652,2016-01-22T00:00:00,GSW vs. IND,W,11.1,0.0,0.0,0.0,0.0,9.0,8.0,5.0,16.0,1.0,0.0,3.0,1.0,10.9,1,1,1,1,21985,12059,10158,9917,18861,15771,17345,11593,15259,2692,1,17641,12373,18498,1.0,11:06,2015,2016
2015-16,201575,Brandon Rush,Brandon,1610612744,GSW,Golden State Warriors,21500652,2016-01-22T00:00:00,GSW vs. IND,W,1.3,0.0,0.0,0.0,0.0,0.0,0.0,0.0,2.0,0.0,0.0,0.0,0.0,0.0,1,1,1,1,25768,12059,10158,9917,18861,1,1,1,24614,8004,1,1,18762,25170,1.0,1:18,2015,2016
2015-16,201578,Marreese Speights,Marreese,1610612744,GSW,Golden State Warriors,21500652,2016-01-22T00:00:00,GSW vs. IND,W,5.6,0.0,0.0,0.0,0.0,2.0,0.0,1.0,4.0,0.0,0.0,3.0,0.0,7.2,1,1,1,1,24144,12059,10158,9917,18861,2619,1,3646,23698,8004,1,17641,18762,21035,1.0,5:35,2015,2016
2015-16,203546,Ian Clark,Ian,1610612744,GSW,Golden State Warriors,21500652,2016-01-22T00:00:00,GSW vs. IND,W,1.3,0.0,0.0,0.0,2.0,0.0,0.0,0.0,2.0,0.0,0.0,1.0,0.0,2.0,1,1,1,1,25768,12059,10158,9917,12984,1,1,1,24614,8004,1,4972,18762,24216,1.0,1:18,2015,2016
2015-16,202691,Klay Thompson,Klay,1610612744,GSW,Golden State Warriors,21500652,2016-01-22T00:00:00,GSW vs. IND,W,34.9,2.0,6.0,0.0,4.0,13.0,11.0,12.0,40.0,0.0,0.0,0.0,2.0,26.1,1,1,1,1,3640,6026,481,9917,8599,21300,21814,22259,983,8004,1,1,7786,7836,1.0,34:52,2015,2016
2015-16,2738,Andre Iguodala,Andre,1610612744,GSW,Golden State Warriors,21500652,2016-01-22T00:00:00,GSW vs. IND,W,28.7,2.0,2.0,4.0,6.0,19.0,15.0,16.0,34.0,0.0,0.0,3.0,1.0,15.3,1,1,1,1,8647,6026,4731,1913,5299,25074,24781,24641,2701,8004,1,17641,12373,15150,1.0,28:42,2015,2016
2015-16,2733,Shaun Livingston,Shaun,1610612744,GSW,Golden State Warriors,21500652,2016-01-22T00:00:00,GSW vs. IND,W,15.6,0.0,0.0,0.0,4.0,6.0,6.0,1.0,20.0,0.0,1.0,1.0,2.0,12.2,1,1,1,1,19356,12059,10158,9917,8599,10028,13237,3646,11929,8004,17214,4972,7786,17566,1.0,15:35,2015,2016
2015-16,201575,Brandon Rush,Brandon,1610612744,GSW,Golden State Warriors,21500634,2016-01-20T00:00:00,GSW @ CHI,W,12.1,0.0,0.0,0.0,2.0,4.0,6.0,5.0,14.0,0.0,0.0,1.0,0.0,3.5,1,1,1,1,21500,12059,10158,9917,12984,6141,13237,11593,17019,8004,1,4972,18762,23351,1.0,12:03,2015,2016
2015-16,201574,Jason Thompson,Jason,1610612744,GSW,Golden State Warriors,21500634,2016-01-20T00:00:00,GSW @ CHI,W,3.9,0.0,0.0,0.0,0.0,0.0,2.0,0.0,6.0,1.0,0.0,0.0,1.0,9.1,1,1,1,1,24754,12059,10158,9917,18861,1,3734,1,22724,2692,1,1,12373,19789,1.0,3:53,2015,2016
2015-16,2733,Shaun Livingston,Shaun,1610612744,GSW,Golden State Warriors,21500634,2016-01-20T00:00:00,GSW @ CHI,W,16.2,0.0,0.0,2.0,10.0,4.0,9.0,5.0,26.0,0.0,0.0,0.0,3.0,24.5,1,1,1,1,18913,12059,10158,4675,1840,6141,19144,11593,7214,8004,1,1,4736,8801,1.0,16:10,2015,2016
2015-16,201939,Stephen Curry,Stephen,1610612744,GSW,Golden State Warriors,21500634,2016-01-20T00:00:00,GSW @ CHI,W,33.8,2.0,8.0,4.0,4.0,7.0,11.0,3.0,22.0,1.0,1.0,2.0,4.0,56.9,1,1,1,1,4550,6026,137,1913,8599,12242,21814,7328,10265,2692,17214,11390,2748,319,1.0,33:45,2015,2016
2015-16,202691,Klay Thompson,Klay,1610612744,GSW,Golden State Warriors,21500634,2016-01-20T00:00:00,GSW @ CHI,W,32.1,2.0,0.0,0.0,8.0,9.0,13.0,8.0,30.0,3.0,1.0,2.0,2.0,36.5,1,1,1,1,5785,6026,10158,9917,3109,15771,23668,17194,4541,347,17214,11390,7786,3326,1.0,32:07,2015,2016
2015-16,2738,Andre Iguodala,Andre,1610612744,GSW,Golden State Warriors,21500634,2016-01-20T00:00:00,GSW @ CHI,W,23.8,0.0,0.0,4.0,4.0,9.0,12.0,3.0,24.0,1.0,0.0,1.0,1.0,22.9,1,1,1,1,12744,12059,10158,1913,8599,15771,22832,7328,8723,2692,1,4972,12373,9811,1.0,23:48,2015,2016
2015-16,101106,Andrew Bogut,Andrew,1610612744,GSW,Golden State Warriors,21500634,2016-01-20T00:00:00,GSW @ CHI,W,20.2,2.0,2.0,2.0,6.0,5.0,4.0,3.0,14.0,3.0,0.0,3.0,0.0,34.4,1,1,1,1,15729,6026,4731,4675,5299,8403,8458,7328,17019,347,1,17641,18762,4029,1.0,20:12,2015,2016
2015-16,203084,Harrison Barnes,Harrison,1610612744,GSW,Golden State Warriors,21500634,2016-01-20T00:00:00,GSW @ CHI,W,32.6,5.0,2.0,2.0,4.0,7.0,13.0,8.0,26.0,0.0,0.0,1.0,0.0,23.1,1,1,1,1,5424,1603,4731,4675,8599,12242,23668,17194,7214,8004,1,4972,18762,9699,1.0,32:36,2015,2016
2015-16,203110,Draymond Green,Draymond,1610612744,GSW,Golden State Warriors,21500634,2016-01-20T00:00:00,GSW @ CHI,W,29.2,0.0,2.0,0.0,6.0,8.0,11.0,3.0,28.0,0.0,0.0,3.0,1.0,34.5,1,1,1,1,8254,12059,4731,9917,5299,13914,21814,7328,5824,8004,1,17641,12373,3997,1.0,29:09,2015,2016
2015-16,2571,Leandro Barbosa,Leandro,1610612744,GSW,Golden State Warriors,21500634,2016-01-20T00:00:00,GSW @ CHI,W,15.9,2.0,0.0,0.0,8.0,2.0,6.0,0.0,16.0,0.0,0.0,3.0,4.0,21.2,1,1,1,1,19125,6026,10158,9917,3109,2619,13237,1,15259,8004,1,17641,2748,10936,1.0,15:53,2015,2016
2015-16,203546,Ian Clark,Ian,1610612744,GSW,Golden State Warriors,21500634,2016-01-20T00:00:00,GSW @ CHI,W,3.9,0.0,0.0,4.0,4.0,0.0,2.0,0.0,6.0,0.0,0.0,0.0,0.0,8.2,1,1,1,1,24754,12059,10158,1913,8599,1,3734,1,22724,8004,1,1,18762,20416,1.0,3:53,2015,2016
2015-16,203105,Festus Ezeli,Festus,1610612744,GSW,Golden State Warriors,21500634,2016-01-20T00:00:00,GSW @ CHI,W,9.8,0.0,1.0,0.0,2.0,0.0,2.0,0.0,6.0,0.0,0.0,0.0,1.0,8.0,1,1,1,1,22543,12059,9709,9917,12984,1,3734,1,22724,8004,1,1,12373,20564,1.0,9:45,2015,2016
2015-16,201578,Marreese Speights,Marreese,1610612744,GSW,Golden State Warriors,21500634,2016-01-20T00:00:00,GSW @ CHI,W,6.8,0.0,0.0,3.0,0.0,0.0,4.0,2.0,12.0,0.0,2.0,1.0,0.0,6.2,1,1,1,1,23644,12059,10158,3302,18861,1,8458,4025,18637,8004,23588,4972,18762,21696,1.0,6:46,2015,2016
2015-16,2733,Shaun Livingston,Shaun,1610612744,GSW,Golden State Warriors,21500622,2016-01-18T00:00:00,GSW @ CLE,W,14.9,0.0,0.0,0.0,2.0,6.0,2.0,0.0,14.0,0.0,0.0,1.0,0.0,14.2,1,1,1,1,19853,12059,10158,9917,12984,10028,3734,1,17019,8004,1,4972,18762,16003,1.0,14:52,2015,2016
2015-16,101106,Andrew Bogut,Andrew,1610612744,GSW,Golden State Warriors,21500622,2016-01-18T00:00:00,GSW @ CLE,W,15.4,0.0,0.0,0.0,4.0,0.0,2.0,0.0,12.0,0.0,0.0,3.0,1.0,11.2,1,1,1,1,19514,12059,10158,9917,8599,1,3734,1,18637,8004,1,17641,12373,18267,1.0,15:21,2015,2016
2015-16,203546,Ian Clark,Ian,1610612744,GSW,Golden State Warriors,21500622,2016-01-18T00:00:00,GSW @ CLE,W,12.4,0.0,0.0,0.0,0.0,4.0,2.0,0.0,12.0,0.0,0.0,0.0,0.0,11.4,1,1,1,1,21322,12059,10158,9917,18861,6141,3734,1,18637,8004,1,1,18762,18134,1.0,12:25,2015,2016
2015-16,201574,Jason Thompson,Jason,1610612744,GSW,Golden State Warriors,21500622,2016-01-18T00:00:00,GSW @ CLE,W,6.7,0.0,0.0,0.0,0.0,2.0,0.0,0.0,2.0,0.0,0.0,3.0,2.0,6.1,1,1,1,1,23659,12059,10158,9917,18861,2619,1,1,24614,8004,1,17641,7786,21845,1.0,6:44,2015,2016
2015-16,201939,Stephen Curry,Stephen,1610612744,GSW,Golden State Warriors,21500622,2016-01-18T00:00:00,GSW @ CLE,W,28.1,10.0,0.0,4.0,10.0,2.0,2.0,2.0,24.0,0.0,0.0,3.0,5.0,55.0,1,1,1,1,9190,99,10158,1913,1840,2619,3734,4025,8723,8004,1,17641,1539,395,1.0,28:03,2015,2016
2015-16,203110,Draymond Green,Draymond,1610612744,GSW,Golden State Warriors,21500622,2016-01-18T00:00:00,GSW @ CLE,W,31.3,0.0,0.0,0.0,6.0,0.0,2.0,0.0,26.0,2.0,2.0,2.0,8.0,44.4,1,1,1,1,6512,12059,10158,9917,5299,1,3734,1,7214,932,23588,11390,254,1474,1.0,31:16,2015,2016
2015-16,203105,Festus Ezeli,Festus,1610612744,GSW,Golden State Warriors,21500622,2016-01-18T00:00:00,GSW @ CLE,W,15.8,0.0,0.0,0.0,4.0,4.0,0.0,2.0,14.0,0.0,0.0,6.0,1.0,4.4,1,1,1,1,19193,12059,10158,9917,8599,6141,1,4025,17019,8004,1,25827,12373,22837,1.0,15:48,2015,2016
2015-16,201578,Marreese Speights,Marreese,1610612744,GSW,Golden State Warriors,21500622,2016-01-18T00:00:00,GSW @ CLE,W,9.3,0.0,0.0,0.0,0.0,2.0,2.0,0.0,8.0,0.0,0.0,0.0,1.0,5.2,1,1,1,1,22728,12059,10158,9917,18861,2619,3734,1,21543,8004,1,1,12373,22370,1.0,9:16,2015,2016
2015-16,203084,Harrison Barnes,Harrison,1610612744,GSW,Golden State Warriors,21500622,2016-01-18T00:00:00,GSW @ CLE,W,27.4,0.0,0.0,0.0,2.0,6.0,4.0,2.0,28.0,0.0,0.0,1.0,2.0,12.4,1,1,1,1,9678,12059,10158,9917,12984,10028,8458,4025,5824,8004,1,4972,7786,17418,1.0,27:25,2015,2016
2015-16,2738,Andre Iguodala,Andre,1610612744,GSW,Golden State Warriors,21500622,2016-01-18T00:00:00,GSW @ CLE,W,24.1,7.0,0.0,6.0,6.0,6.0,0.0,2.0,18.0,0.0,0.0,1.0,2.0,30.1,1,1,1,1,12453,548,10158,740,5299,10028,1,4025,13577,8004,1,4972,7786,5794,1.0,24:06,2015,2016
2015-16,201575,Brandon Rush,Brandon,1610612744,GSW,Golden State Warriors,21500622,2016-01-18T00:00:00,GSW @ CLE,W,9.8,0.0,0.0,3.0,0.0,2.0,2.0,0.0,8.0,0.0,1.0,1.0,0.0,8.1,1,1,1,1,22537,12059,10158,3302,18861,2619,3734,1,21543,8004,17214,4972,18762,20521,1.0,9:46,2015,2016
2015-16,2571,Leandro Barbosa,Leandro,1610612744,GSW,Golden State Warriors,21500622,2016-01-18T00:00:00,GSW @ CLE,W,19.1,2.0,2.0,2.0,2.0,2.0,0.0,2.0,12.0,0.0,1.0,1.0,1.0,21.2,1,1,1,1,16592,6026,4731,4675,12984,2619,1,4025,18637,8004,17214,4972,12373,10936,1.0,19:08,2015,2016
2015-16,202691,Klay Thompson,Klay,1610612744,GSW,Golden State Warriors,21500622,2016-01-18T00:00:00,GSW @ CLE,W,25.8,2.0,0.0,2.0,2.0,4.0,2.0,0.0,22.0,0.0,0.0,3.0,2.0,21.2,1,1,1,1,10980,6026,10158,4675,12984,6141,3734,1,10265,8004,1,17641,7786,10936,1.0,25:50,2015,2016
2015-16,203110,Draymond Green,Draymond,1610612744,GSW,Golden State Warriors,21500605,2016-01-16T00:00:00,GSW @ DET,L,36.0,3.0,0.0,1.0,0.0,17.0,11.0,9.0,32.0,2.0,3.0,2.0,5.0,31.5,1,13074,13074,13074,2759,4307,10158,9347,18861,24337,21814,18829,3535,932,25441,11390,1539,5180,1.0,36:00,2015,2016
2015-16,202691,Klay Thompson,Klay,1610612744,GSW,Golden State Warriors,21500605,2016-01-16T00:00:00,GSW @ DET,L,32.0,3.0,2.0,5.0,8.0,14.0,11.0,9.0,32.0,0.0,0.0,1.0,6.0,30.7,1,13074,13074,13074,5851,4307,4731,1277,3109,22292,21814,18829,3535,8004,1,4972,873,5539,1.0,32:02,2015,2016
2015-16,203084,Harrison Barnes,Harrison,1610612744,GSW,Golden State Warriors,21500605,2016-01-16T00:00:00,GSW @ DET,L,29.8,0.0,0.0,0.0,2.0,8.0,11.0,9.0,40.0,0.0,3.0,2.0,1.0,11.6,1,13074,13074,13074,7691,12059,10158,9917,12984,13914,21814,18829,983,8004,25441,11390,12373,17970,1.0,29:50,2015,2016
2015-16,101106,Andrew Bogut,Andrew,1610612744,GSW,Golden State Warriors,21500605,2016-01-16T00:00:00,GSW @ DET,L,19.8,0.0,4.0,0.0,6.0,8.0,7.0,9.0,20.0,2.0,0.0,4.0,1.0,17.2,1,13074,13074,13074,16085,12059,1596,9917,5299,13914,15642,18829,11929,932,1,22104,12373,13725,1.0,19:47,2015,2016
2015-16,201939,Stephen Curry,Stephen,1610612744,GSW,Golden State Warriors,21500605,2016-01-16T00:00:00,GSW @ DET,L,36.9,8.0,0.0,5.0,6.0,17.0,11.0,9.0,34.0,0.0,2.0,1.0,5.0,57.9,1,13074,13074,13074,2130,308,10158,1277,5299,24337,21814,18829,2701,8004,23588,4972,1539,269,1.0,36:55,2015,2016
2015-16,203105,Festus Ezeli,Festus,1610612744,GSW,Golden State Warriors,21500605,2016-01-16T00:00:00,GSW @ DET,L,23.3,2.0,3.0,0.0,8.0,8.0,2.0,2.0,24.0,5.0,0.0,1.0,3.0,36.0,1,13074,13074,13074,13092,6026,3104,9917,3109,13914,3734,4025,8723,59,1,4972,4736,3463,1.0,23:20,2015,2016
2015-16,201575,Brandon Rush,Brandon,1610612744,GSW,Golden State Warriors,21500605,2016-01-16T00:00:00,GSW @ DET,L,9.1,0.0,0.0,0.0,0.0,2.0,2.0,2.0,8.0,0.0,0.0,0.0,0.0,3.0,1,13074,13074,13074,22787,12059,10158,9917,18861,2619,3734,4025,21543,8004,1,1,18762,23648,1.0,9:08,2015,2016
2015-16,2733,Shaun Livingston,Shaun,1610612744,GSW,Golden State Warriors,21500605,2016-01-16T00:00:00,GSW @ DET,L,14.5,0.0,2.0,3.0,4.0,5.0,4.0,2.0,20.0,0.0,0.0,1.0,1.0,9.4,1,13074,13074,13074,20093,12059,4731,3302,8599,8403,8458,4025,11929,8004,1,4972,12373,19568,1.0,14:31,2015,2016
2015-16,203546,Ian Clark,Ian,1610612744,GSW,Golden State Warriors,21500605,2016-01-16T00:00:00,GSW @ DET,L,2.8,0.0,0.0,0.0,0.0,0.0,0.0,0.0,2.0,0.0,0.0,0.0,0.0,0.0,1,13074,13074,13074,25189,12059,10158,9917,18861,1,1,1,24614,8004,1,1,18762,25170,1.0,2:49,2015,2016
2015-16,2738,Andre Iguodala,Andre,1610612744,GSW,Golden State Warriors,21500605,2016-01-16T00:00:00,GSW @ DET,L,22.4,0.0,0.0,0.0,0.0,11.0,4.0,2.0,22.0,0.0,0.0,2.0,0.0,9.5,1,13074,13074,13074,13822,12059,10158,9917,18861,18886,8458,4025,10265,8004,1,11390,18762,19519,1.0,22:25,2015,2016
2015-16,2571,Leandro Barbosa,Leandro,1610612744,GSW,Golden State Warriors,21500605,2016-01-16T00:00:00,GSW @ DET,L,13.2,0.0,0.0,0.0,2.0,5.0,2.0,2.0,16.0,0.0,3.0,2.0,0.0,4.6,1,13074,13074,13074,20862,12059,10158,9917,12984,8403,3734,4025,15259,8004,25441,11390,18762,22734,1.0,13:13,2015,2016
2015-16,203546,Ian Clark,Ian,1610612744,GSW,Golden State Warriors,21500592,2016-01-14T00:00:00,GSW vs. LAL,W,4.3,0.0,0.0,0.0,6.0,2.0,2.0,2.0,2.0,0.0,0.0,0.0,0.0,11.0,1,1,1,1,24603,12059,10158,9917,5299,2619,3734,4025,24614,8004,1,1,18762,18430,1.0,4:20,2015,2016
2015-16,203084,Harrison Barnes,Harrison,1610612744,GSW,Golden State Warriors,21500592,2016-01-14T00:00:00,GSW vs. LAL,W,29.1,2.0,0.0,2.0,6.0,20.0,16.0,6.0,32.0,1.0,1.0,3.0,1.0,31.2,1,1,1,1,8315,6026,10158,4675,5299,25338,25155,13388,3535,2692,17214,17641,12373,5304,1.0,29:04,2015,2016
2015-16,2738,Andre Iguodala,Andre,1610612744,GSW,Golden State Warriors,21500592,2016-01-14T00:00:00,GSW vs. LAL,W,22.8,0.0,0.0,0.0,0.0,13.0,12.0,4.0,26.0,1.0,0.0,0.0,1.0,19.8,1,1,1,1,13537,12059,10158,9917,18861,21300,22832,8806,7214,2692,1,1,12373,11883,1.0,22:47,2015,2016
2015-16,203110,Draymond Green,Draymond,1610612744,GSW,Golden State Warriors,21500592,2016-01-14T00:00:00,GSW vs. LAL,W,27.0,2.0,2.0,2.0,4.0,7.0,8.0,4.0,30.0,0.0,1.0,1.0,2.0,30.3,1,1,1,1,9980,6026,4731,4675,8599,12242,17345,8806,4541,8004,17214,4972,7786,5702,1.0,27:03,2015,2016
2015-16,201939,Stephen Curry,Stephen,1610612744,GSW,Golden State Warriors,21500592,2016-01-14T00:00:00,GSW vs. LAL,W,29.5,8.0,0.0,11.0,2.0,9.0,10.0,4.0,30.0,0.0,0.0,3.0,3.0,37.7,1,1,1,1,7961,308,10158,69,12984,15771,20509,8806,4541,8004,1,17641,4736,2990,1.0,29:31,2015,2016
2015-16,201575,Brandon Rush,Brandon,1610612744,GSW,Golden State Warriors,21500592,2016-01-14T00:00:00,GSW vs. LAL,W,19.9,0.0,0.0,0.0,0.0,11.0,6.0,4.0,20.0,0.0,0.0,1.0,0.0,13.1,1,1,1,1,15982,12059,10158,9917,18861,18886,13237,8806,11929,8004,1,4972,18762,16874,1.0,19:55,2015,2016
2015-16,2571,Leandro Barbosa,Leandro,1610612744,GSW,Golden State Warriors,21500592,2016-01-14T00:00:00,GSW vs. LAL,W,20.4,2.0,3.0,2.0,4.0,15.0,8.0,4.0,18.0,0.0,0.0,2.0,3.0,16.0,1,1,1,1,15600,6026,3104,4675,8599,23079,17345,8806,13577,8004,1,11390,4736,14590,1.0,20:21,2015,2016
2015-16,101106,Andrew Bogut,Andrew,1610612744,GSW,Golden State Warriors,21500592,2016-01-14T00:00:00,GSW vs. LAL,W,21.5,2.0,2.0,2.0,6.0,4.0,2.0,2.0,16.0,1.0,0.0,1.0,0.0,19.6,1,1,1,1,14643,6026,4731,4675,5299,6141,3734,4025,15259,2692,1,4972,18762,12024,1.0,21:27,2015,2016
2015-16,203105,Festus Ezeli,Festus,1610612744,GSW,Golden State Warriors,21500592,2016-01-14T00:00:00,GSW vs. LAL,W,19.9,0.0,0.0,0.0,6.0,17.0,10.0,4.0,18.0,0.0,0.0,2.0,2.0,19.4,1,1,1,1,16029,12059,10158,9917,5299,24337,20509,8806,13577,8004,1,11390,7786,12154,1.0,19:51,2015,2016
2015-16,2733,Shaun Livingston,Shaun,1610612744,GSW,Golden State Warriors,21500592,2016-01-14T00:00:00,GSW vs. LAL,W,18.6,2.0,0.0,5.0,8.0,15.0,8.0,2.0,20.0,0.0,0.0,2.0,4.0,23.2,1,1,1,1,17055,6026,10158,1277,3109,23079,17345,4025,11929,8004,1,11390,2748,9630,1.0,18:33,2015,2016
2015-16,202691,Klay Thompson,Klay,1610612744,GSW,Golden State Warriors,21500592,2016-01-14T00:00:00,GSW vs. LAL,W,27.1,3.0,2.0,6.0,2.0,7.0,8.0,4.0,28.0,1.0,1.0,2.0,3.0,19.1,1,1,1,1,9897,4307,4731,740,12984,12242,17345,8806,5824,2692,17214,11390,4736,12372,1.0,27:08,2015,2016
2015-16,203105,Festus Ezeli,Festus,1610612744,GSW,Golden State Warriors,21500583,2016-01-13T00:00:00,GSW @ DEN,L,6.9,0.0,0.0,0.0,4.0,2.0,2.0,4.0,8.0,1.0,0.0,2.0,1.0,10.0,1,13074,13074,13074,23603,12059,10158,9917,8599,2619,3734,8806,21543,2692,1,11390,12373,19178,1.0,6:53,2015,2016
2015-16,201939,Stephen Curry,Stephen,1610612744,GSW,Golden State Warriors,21500583,2016-01-13T00:00:00,GSW @ DEN,L,39.8,6.0,3.0,5.0,14.0,11.0,11.0,5.0,38.0,1.0,0.0,1.0,5.0,61.5,1,13074,13074,13074,785,878,3104,1277,542,18886,21814,11593,1422,2692,1,4972,1539,163,1.0,39:48,2015,2016
2015-16,202691,Klay Thompson,Klay,1610612744,GSW,Golden State Warriors,21500583,2016-01-13T00:00:00,GSW @ DEN,L,36.6,0.0,0.0,0.0,4.0,9.0,9.0,3.0,32.0,0.0,0.0,2.0,5.0,24.3,1,13074,13074,13074,2356,12059,10158,9917,8599,15771,19144,7328,3535,8004,1,11390,1539,8939,1.0,36:34,2015,2016
2015-16,101106,Andrew Bogut,Andrew,1610612744,GSW,Golden State Warriors,21500583,2016-01-13T00:00:00,GSW @ DEN,L,31.7,0.0,0.0,0.0,14.0,6.0,9.0,0.0,30.0,3.0,0.0,3.0,1.0,36.4,1,13074,13074,13074,6140,12059,10158,9917,542,10028,19144,1,4541,347,1,17641,12373,3353,1.0,31:42,2015,2016
2015-16,203084,Harrison Barnes,Harrison,1610612744,GSW,Golden State Warriors,21500583,2016-01-13T00:00:00,GSW @ DEN,L,31.3,7.0,5.0,2.0,8.0,7.0,9.0,7.0,30.0,0.0,1.0,3.0,1.0,29.1,1,13074,13074,13074,6457,548,995,4675,3109,12242,19144,15538,4541,8004,17214,17641,12373,6285,1.0,31:19,2015,2016
2015-16,2733,Shaun Livingston,Shaun,1610612744,GSW,Golden State Warriors,21500583,2016-01-13T00:00:00,GSW @ DEN,L,15.9,0.0,0.0,0.0,0.0,4.0,2.0,4.0,16.0,0.0,0.0,2.0,1.0,6.9,1,13074,13074,13074,19097,12059,10158,9917,18861,6141,3734,8806,15259,8004,1,11390,12373,21262,1.0,15:56,2015,2016
2015-16,201574,Jason Thompson,Jason,1610612744,GSW,Golden State Warriors,21500583,2016-01-13T00:00:00,GSW @ DEN,L,12.8,0.0,0.0,2.0,2.0,2.0,4.0,0.0,12.0,1.0,1.0,3.0,1.0,13.3,1,13074,13074,13074,21076,12059,10158,4675,12984,2619,8458,1,18637,2692,17214,17641,12373,16712,1.0,12:49,2015,2016
2015-16,2738,Andre Iguodala,Andre,1610612744,GSW,Golden State Warriors,21500583,2016-01-13T00:00:00,GSW @ DEN,L,31.8,0.0,0.0,0.0,2.0,7.0,9.0,7.0,32.0,2.0,0.0,5.0,0.0,26.2,1,13074,13074,13074,6106,12059,10158,9917,12984,12242,19144,15538,3535,932,1,24686,18762,7785,1.0,31:45,2015,2016
2015-16,201575,Brandon Rush,Brandon,1610612744,GSW,Golden State Warriors,21500583,2016-01-13T00:00:00,GSW @ DEN,L,18.9,0.0,0.0,2.0,4.0,6.0,4.0,2.0,16.0,0.0,0.0,3.0,0.0,7.9,1,13074,13074,13074,16786,12059,10158,4675,8599,10028,8458,4025,15259,8004,1,17641,18762,20646,1.0,18:54,2015,2016
2015-16,2571,Leandro Barbosa,Leandro,1610612744,GSW,Golden State Warriors,21500583,2016-01-13T00:00:00,GSW @ DEN,L,8.7,5.0,0.0,2.0,0.0,0.0,4.0,2.0,10.0,0.0,0.0,1.0,1.0,7.9,1,13074,13074,13074,22975,1603,10158,4675,18861,1,8458,4025,20209,8004,1,4972,12373,20646,1.0,8:40,2015,2016
2015-16,201578,Marreese Speights,Marreese,1610612744,GSW,Golden State Warriors,21500583,2016-01-13T00:00:00,GSW @ DEN,L,5.7,0.0,0.0,0.0,0.0,1.0,2.0,1.0,6.0,3.0,1.0,0.0,2.0,17.8,1,13074,13074,13074,24112,12059,10158,9917,18861,2356,3734,3646,22724,347,17214,1,7786,13309,1.0,5:40,2015,2016
2015-16,202691,Klay Thompson,Klay,1610612744,GSW,Golden State Warriors,21500568,2016-01-11T00:00:00,GSW vs. MIA,W,34.5,2.0,3.0,3.0,6.0,6.0,10.0,5.0,36.0,0.0,0.0,2.0,2.0,31.4,1,1,1,1,3917,6026,3104,3302,5299,10028,20509,11593,1943,8004,1,11390,7786,5218,1.0,34:33,2015,2016
2015-16,101106,Andrew Bogut,Andrew,1610612744,GSW,Golden State Warriors,21500568,2016-01-11T00:00:00,GSW vs. MIA,W,21.0,0.0,0.0,2.0,8.0,4.0,4.0,3.0,20.0,1.0,0.0,3.0,1.0,22.3,1,1,1,1,15021,12059,10158,4675,3109,6141,8458,7328,11929,2692,1,17641,12373,10208,1.0,21:02,2015,2016
2015-16,203084,Harrison Barnes,Harrison,1610612744,GSW,Golden State Warriors,21500568,2016-01-11T00:00:00,GSW vs. MIA,W,26.9,2.0,2.0,0.0,2.0,4.0,6.0,0.0,20.0,0.0,1.0,2.0,3.0,22.7,1,1,1,1,10099,6026,4731,9917,12984,6141,13237,1,11929,8004,17214,11390,4736,9938,1.0,26:54,2015,2016
2015-16,203110,Draymond Green,Draymond,1610612744,GSW,Golden State Warriors,21500568,2016-01-11T00:00:00,GSW vs. MIA,W,35.6,0.0,2.0,8.0,16.0,6.0,10.0,5.0,36.0,0.0,1.0,2.0,6.0,46.4,1,1,1,1,3047,12059,4731,280,275,10028,20509,11593,1943,8004,17214,11390,873,1149,1.0,35:37,2015,2016
2015-16,201939,Stephen Curry,Stephen,1610612744,GSW,Golden State Warriors,21500568,2016-01-11T00:00:00,GSW vs. MIA,W,37.6,9.0,3.0,9.0,8.0,6.0,10.0,5.0,36.0,0.0,2.0,2.0,4.0,44.4,1,1,1,1,1715,171,3104,184,3109,10028,20509,11593,1943,8004,23588,11390,2748,1474,1.0,37:34,2015,2016
2015-16,2733,Shaun Livingston,Shaun,1610612744,GSW,Golden State Warriors,21500568,2016-01-11T00:00:00,GSW vs. MIA,W,17.1,0.0,0.0,0.0,2.0,2.0,0.0,0.0,12.0,0.0,0.0,3.0,0.0,14.8,1,1,1,1,18210,12059,10158,9917,12984,2619,1,1,18637,8004,1,17641,18762,15561,1.0,17:05,2015,2016
2015-16,2738,Andre Iguodala,Andre,1610612744,GSW,Golden State Warriors,21500568,2016-01-11T00:00:00,GSW vs. MIA,W,30.2,2.0,0.0,0.0,4.0,6.0,8.0,5.0,30.0,0.0,0.0,1.0,1.0,16.5,1,1,1,1,7363,6026,10158,9917,8599,10028,17345,11593,4541,8004,1,4972,12373,14224,1.0,30:11,2015,2016
2015-16,201575,Brandon Rush,Brandon,1610612744,GSW,Golden State Warriors,21500568,2016-01-11T00:00:00,GSW vs. MIA,W,16.4,1.0,0.0,1.0,0.0,2.0,2.0,2.0,16.0,0.0,0.0,0.0,1.0,2.2,1,1,1,1,18770,11535,10158,9347,18861,2619,3734,4025,15259,8004,1,1,12373,24138,1.0,16:21,2015,2016
2015-16,201578,Marreese Speights,Marreese,1610612744,GSW,Golden State Warriors,21500568,2016-01-11T00:00:00,GSW vs. MIA,W,5.7,0.0,2.0,0.0,2.0,2.0,0.0,0.0,4.0,0.0,0.0,1.0,0.0,7.2,1,1,1,1,24095,12059,4731,9917,12984,2619,1,1,23698,8004,1,4972,18762,21035,1.0,5:42,2015,2016
2015-16,203546,Ian Clark,Ian,1610612744,GSW,Golden State Warriors,21500568,2016-01-11T00:00:00,GSW vs. MIA,W,9.6,0.0,0.0,0.0,2.0,2.0,0.0,0.0,6.0,0.0,0.0,2.0,0.0,5.0,1,1,1,1,22607,12059,10158,9917,12984,2619,1,1,22724,8004,1,11390,18762,22500,1.0,9:33,2015,2016
2015-16,203105,Festus Ezeli,Festus,1610612744,GSW,Golden State Warriors,21500568,2016-01-11T00:00:00,GSW vs. MIA,W,5.5,0.0,0.0,0.0,0.0,0.0,0.0,0.0,4.0,0.0,0.0,0.0,1.0,3.4,1,1,1,1,24180,12059,10158,9917,18861,1,1,1,23698,8004,1,1,12373,23417,1.0,5:28,2015,2016
2015-16,203546,Ian Clark,Ian,1610612744,GSW,Golden State Warriors,21500556,2016-01-09T00:00:00,GSW @ SAC,W,7.3,0.0,0.0,0.0,0.0,5.0,0.0,3.0,6.0,0.0,0.0,1.0,0.0,-0.8,1,1,1,1,23478,12059,10158,9917,18861,8403,1,7328,22724,8004,1,4972,18762,25914,1.0,7:16,2015,2016
2015-16,203110,Draymond Green,Draymond,1610612744,GSW,Golden State Warriors,21500556,2016-01-09T00:00:00,GSW @ SAC,W,34.0,0.0,0.0,4.0,6.0,14.0,8.0,18.0,34.0,2.0,1.0,3.0,7.0,49.8,1,1,1,1,4332,12059,10158,1913,5299,22292,17345,25228,2701,932,17214,17641,469,775,1.0,34:02,2015,2016
2015-16,201939,Stephen Curry,Stephen,1610612744,GSW,Golden State Warriors,21500556,2016-01-09T00:00:00,GSW @ SAC,W,37.9,0.0,3.0,3.0,6.0,14.0,6.0,24.0,40.0,1.0,0.0,3.0,7.0,63.7,1,1,1,1,1555,12059,3104,3302,5299,22292,13237,25937,983,2692,1,17641,469,108,1.0,37:54,2015,2016
2015-16,202691,Klay Thompson,Klay,1610612744,GSW,Golden State Warriors,21500556,2016-01-09T00:00:00,GSW @ SAC,W,34.6,0.0,4.0,4.0,12.0,14.0,8.0,18.0,34.0,1.0,0.0,1.0,3.0,29.8,1,1,1,1,3853,12059,1596,1913,988,22292,17345,25228,2701,2692,1,4972,4736,5948,1.0,34:37,2015,2016
2015-16,201575,Brandon Rush,Brandon,1610612744,GSW,Golden State Warriors,21500556,2016-01-09T00:00:00,GSW @ SAC,W,19.3,3.0,0.0,2.0,2.0,4.0,2.0,11.0,18.0,1.0,0.0,1.0,1.0,19.9,1,1,1,1,16480,4307,10158,4675,12984,6141,3734,21342,13577,2692,1,4972,12373,11824,1.0,19:16,2015,2016
2015-16,101106,Andrew Bogut,Andrew,1610612744,GSW,Golden State Warriors,21500556,2016-01-09T00:00:00,GSW @ SAC,W,22.6,0.0,2.0,0.0,2.0,11.0,4.0,18.0,30.0,0.0,1.0,5.0,1.0,19.7,1,1,1,1,13722,12059,4731,9917,12984,18886,8458,25228,4541,8004,17214,24686,12373,11962,1.0,22:34,2015,2016
2015-16,2733,Shaun Livingston,Shaun,1610612744,GSW,Golden State Warriors,21500556,2016-01-09T00:00:00,GSW @ SAC,W,15.7,0.0,0.0,0.0,0.0,8.0,2.0,11.0,18.0,1.0,0.0,2.0,0.0,17.6,1,1,1,1,19279,12059,10158,9917,18861,13914,3734,21342,13577,2692,1,11390,18762,13443,1.0,15:41,2015,2016
2015-16,203105,Festus Ezeli,Festus,1610612744,GSW,Golden State Warriors,21500556,2016-01-09T00:00:00,GSW @ SAC,W,16.0,0.0,0.0,0.0,8.0,5.0,4.0,5.0,18.0,1.0,1.0,4.0,1.0,22.7,1,1,1,1,19058,12059,10158,9917,3109,8403,8458,11593,13577,2692,17214,22104,12373,9938,1.0,15:59,2015,2016
2015-16,2738,Andre Iguodala,Andre,1610612744,GSW,Golden State Warriors,21500556,2016-01-09T00:00:00,GSW @ SAC,W,28.5,2.0,0.0,2.0,8.0,12.0,6.0,17.0,34.0,1.0,0.0,3.0,1.0,22.4,1,1,1,1,8833,6026,10158,4675,3109,20178,13237,24967,2701,2692,1,17641,12373,10131,1.0,28:30,2015,2016
2015-16,203084,Harrison Barnes,Harrison,1610612744,GSW,Golden State Warriors,21500556,2016-01-09T00:00:00,GSW @ SAC,W,24.2,2.0,0.0,3.0,4.0,8.0,0.0,10.0,18.0,0.0,0.0,2.0,1.0,14.3,1,1,1,1,12379,6026,10158,3302,8599,13914,1,20169,13577,8004,1,11390,12373,15948,1.0,24:12,2015,2016
2015-16,203546,Ian Clark,Ian,1610612744,GSW,Golden State Warriors,21500548,2016-01-08T00:00:00,GSW @ POR,W,17.0,3.0,0.0,0.0,0.0,4.0,0.0,6.0,18.0,1.0,0.0,0.0,0.0,14.8,1,1,1,1,18254,4307,10158,9917,18861,6141,1,13388,13577,2692,1,1,18762,15561,1.0,17:01,2015,2016
2015-16,203084,Harrison Barnes,Harrison,1610612744,GSW,Golden State Warriors,21500548,2016-01-08T00:00:00,GSW @ POR,W,22.6,0.0,3.0,0.0,0.0,6.0,3.0,8.0,24.0,0.0,0.0,1.0,1.0,14.5,1,1,1,1,13726,12059,3104,9917,18861,10028,7138,17194,8723,8004,1,4972,12373,15799,1.0,22:33,2015,2016
2015-16,201575,Brandon Rush,Brandon,1610612744,GSW,Golden State Warriors,21500548,2016-01-08T00:00:00,GSW @ POR,W,29.2,2.0,2.0,2.0,6.0,6.0,5.0,5.0,16.0,1.0,0.0,1.0,0.0,29.8,1,1,1,1,8241,6026,4731,4675,5299,10028,11469,11593,15259,2692,1,4972,18762,5948,1.0,29:10,2015,2016
2015-16,201939,Stephen Curry,Stephen,1610612744,GSW,Golden State Warriors,21500548,2016-01-08T00:00:00,GSW @ POR,W,28.8,0.0,0.0,4.0,6.0,7.0,8.0,3.0,12.0,0.0,2.0,2.0,4.0,45.1,1,1,1,1,8509,12059,10158,1913,5299,12242,17345,7328,18637,8004,23588,11390,2748,1338,1.0,28:50,2015,2016
2015-16,202691,Klay Thompson,Klay,1610612744,GSW,Golden State Warriors,21500548,2016-01-08T00:00:00,GSW @ POR,W,32.4,2.0,0.0,0.0,6.0,9.0,8.0,5.0,22.0,0.0,0.0,1.0,2.0,50.7,1,1,1,1,5604,6026,10158,9917,5299,15771,17345,11593,10265,8004,1,4972,7786,677,1.0,32:21,2015,2016
2015-16,203110,Draymond Green,Draymond,1610612744,GSW,Golden State Warriors,21500548,2016-01-08T00:00:00,GSW @ POR,W,33.2,0.0,2.0,4.0,8.0,7.0,8.0,5.0,16.0,1.0,0.0,3.0,3.0,42.6,1,1,1,1,4979,12059,4731,1913,3109,12242,17345,11593,15259,2692,1,17641,4736,1822,1.0,33:11,2015,2016
2015-16,203105,Festus Ezeli,Festus,1610612744,GSW,Golden State Warriors,21500548,2016-01-08T00:00:00,GSW @ POR,W,6.7,0.0,0.0,0.0,2.0,2.0,0.0,2.0,10.0,1.0,0.0,0.0,1.0,7.6,1,1,1,1,23671,12059,10158,9917,12984,2619,1,4025,20209,2692,1,1,12373,20803,1.0,6:43,2015,2016
2015-16,2738,Andre Iguodala,Andre,1610612744,GSW,Golden State Warriors,21500548,2016-01-08T00:00:00,GSW @ POR,W,19.1,2.0,0.0,2.0,0.0,9.0,0.0,8.0,18.0,0.0,0.0,5.0,3.0,8.3,1,1,1,1,16628,6026,10158,4675,18861,15771,1,17194,13577,8004,1,24686,4736,20376,1.0,19:05,2015,2016
2015-16,201578,Marreese Speights,Marreese,1610612744,GSW,Golden State Warriors,21500548,2016-01-08T00:00:00,GSW @ POR,W,14.6,4.0,2.0,0.0,0.0,6.0,0.0,6.0,18.0,0.0,1.0,2.0,1.0,17.0,1,1,1,1,20010,2460,4731,9917,18861,10028,1,13388,13577,8004,17214,11390,12373,13855,1.0,14:38,2015,2016
2015-16,2733,Shaun Livingston,Shaun,1610612744,GSW,Golden State Warriors,21500548,2016-01-08T00:00:00,GSW @ POR,W,18.8,0.0,0.0,0.0,2.0,4.0,3.0,6.0,20.0,0.0,1.0,2.0,1.0,13.7,1,1,1,1,16860,12059,10158,9917,12984,6141,7138,13388,11929,8004,17214,11390,12373,16393,1.0,18:49,2015,2016
2015-16,101106,Andrew Bogut,Andrew,1610612744,GSW,Golden State Warriors,21500548,2016-01-08T00:00:00,GSW @ POR,W,17.7,0.0,0.0,0.0,4.0,5.0,5.0,1.0,6.0,1.0,0.0,3.0,1.0,13.5,1,1,1,1,17790,12059,10158,9917,8599,8403,11469,3646,22724,2692,1,17641,12373,16552,1.0,17:39,2015,2016
2015-16,202691,Klay Thompson,Klay,1610612744,GSW,Golden State Warriors,21500524,2016-01-05T00:00:00,GSW @ LAL,W,34.4,5.0,0.0,12.0,4.0,5.0,6.0,8.0,22.0,1.0,0.0,1.0,6.0,41.9,1,1,1,1,4012,1603,10158,42,8599,8403,13237,17194,10265,2692,1,4972,873,1958,1.0,34:25,2015,2016
2015-16,203546,Ian Clark,Ian,1610612744,GSW,Golden State Warriors,21500524,2016-01-05T00:00:00,GSW @ LAL,W,21.9,0.0,0.0,0.0,2.0,2.0,11.0,10.0,28.0,4.0,0.0,1.0,1.0,29.8,1,1,1,1,14280,12059,10158,9917,12984,2619,21814,20169,5824,132,1,4972,12373,5948,1.0,21:52,2015,2016
2015-16,201575,Brandon Rush,Brandon,1610612744,GSW,Golden State Warriors,21500524,2016-01-05T00:00:00,GSW @ LAL,W,33.3,0.0,2.0,0.0,2.0,5.0,15.0,12.0,32.0,0.0,2.0,1.0,0.0,24.8,1,1,1,1,4914,12059,4731,9917,12984,8403,24781,22259,3535,8004,23588,4972,18762,8614,1.0,33:16,2015,2016
2015-16,201578,Marreese Speights,Marreese,1610612744,GSW,Golden State Warriors,21500524,2016-01-05T00:00:00,GSW @ LAL,W,23.8,0.0,2.0,0.0,4.0,2.0,11.0,8.0,28.0,1.0,1.0,2.0,2.0,30.0,1,1,1,1,12758,12059,4731,9917,8599,2619,21814,17194,5824,2692,17214,11390,7786,5840,1.0,23:47,2015,2016
2015-16,203110,Draymond Green,Draymond,1610612744,GSW,Golden State Warriors,21500524,2016-01-05T00:00:00,GSW @ LAL,W,27.7,0.0,0.0,2.0,2.0,5.0,8.0,6.0,12.0,1.0,1.0,2.0,5.0,31.9,1,1,1,1,9469,12059,10158,4675,12984,8403,17345,13388,18637,2692,17214,11390,1539,4984,1.0,27:41,2015,2016
2015-16,101106,Andrew Bogut,Andrew,1610612744,GSW,Golden State Warriors,21500524,2016-01-05T00:00:00,GSW @ LAL,W,17.9,0.0,2.0,2.0,6.0,5.0,4.0,6.0,8.0,1.0,0.0,2.0,0.0,16.8,1,1,1,1,17632,12059,4731,4675,5299,8403,8458,13388,21543,2692,1,11390,18762,13996,1.0,17:51,2015,2016
2015-16,201939,Stephen Curry,Stephen,1610612744,GSW,Golden State Warriors,21500524,2016-01-05T00:00:00,GSW @ LAL,W,26.1,0.0,0.0,0.0,4.0,5.0,6.0,6.0,12.0,0.0,0.0,2.0,1.0,33.2,1,1,1,1,10736,12059,10158,9917,8599,8403,13237,13388,18637,8004,1,11390,12373,4462,1.0,26:08,2015,2016
2015-16,203084,Harrison Barnes,Harrison,1610612744,GSW,Golden State Warriors,21500524,2016-01-05T00:00:00,GSW @ LAL,W,22.8,2.0,0.0,0.0,4.0,4.0,9.0,12.0,26.0,0.0,0.0,2.0,1.0,25.1,1,1,1,1,13515,6026,10158,9917,8599,6141,19144,22259,7214,8004,1,11390,12373,8429,1.0,22:49,2015,2016
2015-16,2738,Andre Iguodala,Andre,1610612744,GSW,Golden State Warriors,21500524,2016-01-05T00:00:00,GSW @ LAL,W,20.0,2.0,0.0,2.0,2.0,0.0,8.0,6.0,16.0,0.0,0.0,0.0,0.0,12.7,1,1,1,1,15922,6026,10158,4675,12984,1,17345,13388,15259,8004,1,1,18762,17201,1.0,19:59,2015,2016
2015-16,201574,Jason Thompson,Jason,1610612744,GSW,Golden State Warriors,21500524,2016-01-05T00:00:00,GSW @ LAL,W,12.2,2.0,0.0,0.0,4.0,2.0,7.0,6.0,16.0,1.0,0.0,4.0,0.0,10.6,1,1,1,1,21429,6026,10158,9917,8599,2619,15642,13388,15259,2692,1,22104,18762,18723,1.0,12:12,2015,2016
2015-16,2733,Shaun Livingston,Shaun,1610612744,GSW,Golden State Warriors,21500520,2016-01-04T00:00:00,GSW vs. CHA,W,8.2,0.0,0.0,0.0,0.0,2.0,2.0,0.0,8.0,0.0,0.0,0.0,2.0,1.5,1,1,1,1,23109,12059,10158,9917,18861,2619,3734,1,21543,8004,1,1,7786,24473,1.0,8:14,2015,2016
2015-16,203546,Ian Clark,Ian,1610612744,GSW,Golden State Warriors,21500520,2016-01-04T00:00:00,GSW vs. CHA,W,17.9,0.0,0.0,0.0,0.0,6.0,3.0,2.0,18.0,0.0,0.0,1.0,0.0,10.7,1,1,1,1,17617,12059,10158,9917,18861,10028,7138,4025,13577,8004,1,4972,18762,18636,1.0,17:52,2015,2016
2015-16,201939,Stephen Curry,Stephen,1610612744,GSW,Golden State Warriors,21500520,2016-01-04T00:00:00,GSW vs. CHA,W,31.9,0.0,0.0,10.0,10.0,8.0,8.0,11.0,26.0,0.0,0.0,4.0,1.0,43.6,1,1,1,1,6033,12059,10158,118,1840,13914,17345,21342,7214,8004,1,22104,12373,1627,1.0,31:51,2015,2016
2015-16,203110,Draymond Green,Draymond,1610612744,GSW,Golden State Warriors,21500520,2016-01-04T00:00:00,GSW vs. CHA,W,37.5,2.0,2.0,5.0,8.0,10.0,10.0,11.0,30.0,2.0,1.0,3.0,1.0,53.0,1,1,1,1,1778,6026,4731,1277,3109,17370,20509,21342,4541,932,17214,17641,12373,521,1.0,37:28,2015,2016
2015-16,202691,Klay Thompson,Klay,1610612744,GSW,Golden State Warriors,21500520,2016-01-04T00:00:00,GSW vs. CHA,W,37.4,6.0,5.0,5.0,4.0,8.0,7.0,9.0,28.0,1.0,0.0,2.0,3.0,41.5,1,1,1,1,1860,878,995,1277,8599,13914,15642,18829,5824,2692,1,11390,4736,2038,1.0,37:21,2015,2016
2015-16,2738,Andre Iguodala,Andre,1610612744,GSW,Golden State Warriors,21500520,2016-01-04T00:00:00,GSW vs. CHA,W,23.9,0.0,0.0,0.0,0.0,8.0,5.0,4.0,24.0,1.0,0.0,2.0,1.0,11.6,1,1,1,1,12650,12059,10158,9917,18861,13914,11469,8806,8723,2692,1,11390,12373,17970,1.0,23:54,2015,2016
2015-16,203084,Harrison Barnes,Harrison,1610612744,GSW,Golden State Warriors,21500520,2016-01-04T00:00:00,GSW vs. CHA,W,19.6,2.0,0.0,0.0,0.0,4.0,0.0,4.0,16.0,1.0,0.0,1.0,0.0,15.2,1,1,1,1,16211,6026,10158,9917,18861,6141,1,8806,15259,2692,1,4972,18762,15219,1.0,19:37,2015,2016
2015-16,101106,Andrew Bogut,Andrew,1610612744,GSW,Golden State Warriors,21500520,2016-01-04T00:00:00,GSW vs. CHA,W,29.6,0.0,0.0,2.0,2.0,6.0,10.0,11.0,24.0,2.0,0.0,4.0,0.0,17.7,1,1,1,1,7908,12059,10158,4675,12984,10028,20509,21342,8723,932,1,22104,18762,13380,1.0,29:34,2015,2016
2015-16,201575,Brandon Rush,Brandon,1610612744,GSW,Golden State Warriors,21500520,2016-01-04T00:00:00,GSW vs. CHA,W,17.6,3.0,3.0,3.0,0.0,2.0,5.0,3.0,18.0,1.0,0.0,0.0,0.0,17.2,1,1,1,1,17860,4307,3104,3302,18861,2619,11469,7328,13577,2692,1,1,18762,13725,1.0,17:33,2015,2016
2015-16,201578,Marreese Speights,Marreese,1610612744,GSW,Golden State Warriors,21500520,2016-01-04T00:00:00,GSW vs. CHA,W,16.6,6.0,2.0,0.0,4.0,6.0,0.0,0.0,18.0,1.0,0.0,2.0,4.0,19.4,1,1,1,1,18576,878,4731,9917,8599,10028,1,1,13577,2692,1,11390,2748,12154,1.0,16:36,2015,2016
2015-16,2733,Shaun Livingston,Shaun,1610612744,GSW,Golden State Warriors,21500504,2016-01-02T00:00:00,GSW vs. DEN,W,25.2,0.0,0.0,0.0,4.0,7.0,7.0,12.0,32.0,2.0,0.0,5.0,2.0,17.5,1,1,1,1,11510,12059,10158,9917,8599,12242,15642,22259,3535,932,1,24686,7786,13528,1.0,25:14,2015,2016
2015-16,101106,Andrew Bogut,Andrew,1610612744,GSW,Golden State Warriors,21500504,2016-01-02T00:00:00,GSW vs. DEN,W,24.8,0.0,0.0,0.0,2.0,10.0,4.0,2.0,30.0,2.0,0.0,6.0,1.0,16.9,1,1,1,1,11828,12059,10158,9917,12984,17370,8458,4025,4541,932,1,25827,12373,13911,1.0,24:48,2015,2016
2015-16,203546,Ian Clark,Ian,1610612744,GSW,Golden State Warriors,21500504,2016-01-02T00:00:00,GSW vs. DEN,W,37.3,0.0,0.0,0.0,12.0,15.0,15.0,14.0,46.0,0.0,0.0,2.0,0.0,14.7,1,1,1,1,1879,12059,10158,9917,988,23079,24781,23710,298,8004,1,11390,18762,15631,1.0,37:20,2015,2016
2015-16,2738,Andre Iguodala,Andre,1610612744,GSW,Golden State Warriors,21500504,2016-01-02T00:00:00,GSW vs. DEN,W,43.2,0.0,0.0,0.0,4.0,15.0,15.0,12.0,46.0,0.0,0.0,1.0,2.0,24.6,1,1,1,1,193,12059,10158,9917,8599,23079,24781,22259,298,8004,1,4972,7786,8724,1.0,43:10,2015,2016
2015-16,203110,Draymond Green,Draymond,1610612744,GSW,Golden State Warriors,21500504,2016-01-02T00:00:00,GSW vs. DEN,W,43.8,7.0,0.0,0.0,10.0,16.0,10.0,6.0,50.0,1.0,0.0,4.0,7.0,82.4,1,1,1,1,144,548,10158,9917,1840,23774,20509,13388,107,2692,1,22104,469,3,1.0,43:50,2015,2016
2015-16,202691,Klay Thompson,Klay,1610612744,GSW,Golden State Warriors,21500504,2016-01-02T00:00:00,GSW vs. DEN,W,46.0,4.0,0.0,5.0,12.0,16.0,12.0,6.0,54.0,0.0,0.0,0.0,2.0,43.9,1,1,1,1,61,2460,10158,1277,988,23774,22832,13388,35,8004,1,1,7786,1573,1.0,45:58,2015,2016
2015-16,201939,Stephen Curry,Stephen,1610612744,GSW,Golden State Warriors,21500504,2016-01-02T00:00:00,GSW vs. DEN,W,14.4,2.0,0.0,2.0,2.0,5.0,4.0,0.0,14.0,0.0,0.0,1.0,1.0,16.2,1,1,1,1,20176,6026,10158,4675,12984,8403,8458,1,17019,8004,1,4972,12373,14436,1.0,14:23,2015,2016
2015-16,201578,Marreese Speights,Marreese,1610612744,GSW,Golden State Warriors,21500504,2016-01-02T00:00:00,GSW vs. DEN,W,18.0,2.0,3.0,0.0,2.0,4.0,11.0,10.0,24.0,0.0,0.0,1.0,4.0,15.6,1,1,1,1,17497,6026,3104,9917,12984,6141,21814,20169,8723,8004,1,4972,2748,14916,1.0,18:02,2015,2016
2015-16,201574,Jason Thompson,Jason,1610612744,GSW,Golden State Warriors,21500504,2016-01-02T00:00:00,GSW vs. DEN,W,12.3,0.0,0.0,3.0,4.0,2.0,7.0,8.0,14.0,0.0,0.0,2.0,4.0,15.6,1,1,1,1,21400,12059,10158,3302,8599,2619,15642,17194,17019,8004,1,11390,2748,14916,1.0,12:16,2015,2016
2015-16,201578,Marreese Speights,Marreese,1610612744,GSW,Golden State Warriors,21500485,2015-12-31T00:00:00,GSW @ HOU,W,11.2,0.0,0.0,0.0,0.0,8.0,2.0,10.0,12.0,0.0,1.0,1.0,3.0,7.0,1,1,1,1,21965,12059,10158,9917,18861,13914,3734,20169,18637,8004,17214,4972,4736,21188,1.0,11:09,2015,2016
2015-16,101106,Andrew Bogut,Andrew,1610612744,GSW,Golden State Warriors,21500485,2015-12-31T00:00:00,GSW @ HOU,W,36.3,0.0,0.0,0.0,8.0,17.0,4.0,11.0,22.0,1.0,0.0,5.0,2.0,21.7,1,1,1,1,2544,12059,10158,9917,3109,24337,8458,21342,10265,2692,1,24686,7786,10592,1.0,36:18,2015,2016
2015-16,2733,Shaun Livingston,Shaun,1610612744,GSW,Golden State Warriors,21500485,2015-12-31T00:00:00,GSW @ HOU,W,33.5,0.0,0.0,4.0,8.0,14.0,2.0,10.0,24.0,0.0,2.0,2.0,1.0,31.3,1,1,1,1,4777,12059,10158,1913,3109,22292,3734,20169,8723,8004,23588,11390,12373,5258,1.0,33:28,2015,2016
2015-16,202691,Klay Thompson,Klay,1610612744,GSW,Golden State Warriors,21500485,2015-12-31T00:00:00,GSW @ HOU,W,40.0,4.0,5.0,0.0,10.0,20.0,4.0,14.0,26.0,1.0,0.0,5.0,2.0,45.4,1,1,1,1,730,2460,995,9917,1840,25338,8458,23710,7214,2692,1,24686,7786,1291,1.0,40:00,2015,2016
2015-16,203110,Draymond Green,Draymond,1610612744,GSW,Golden State Warriors,21500485,2015-12-31T00:00:00,GSW @ HOU,W,37.6,2.0,0.0,2.0,4.0,20.0,6.0,18.0,28.0,2.0,0.0,1.0,3.0,57.2,1,1,1,1,1681,6026,10158,4675,8599,25338,13237,25228,5824,932,1,4972,4736,306,1.0,37:39,2015,2016
2015-16,2738,Andre Iguodala,Andre,1610612744,GSW,Golden State Warriors,21500485,2015-12-31T00:00:00,GSW @ HOU,W,32.5,5.0,7.0,4.0,8.0,21.0,4.0,15.0,18.0,1.0,0.0,2.0,7.0,33.6,1,1,1,1,5503,1603,292,1913,3109,25535,8458,24242,13577,2692,1,11390,469,4305,1.0,32:30,2015,2016
2015-16,203546,Ian Clark,Ian,1610612744,GSW,Golden State Warriors,21500485,2015-12-31T00:00:00,GSW @ HOU,W,25.7,0.0,0.0,3.0,4.0,15.0,4.0,13.0,22.0,0.0,0.0,4.0,1.0,18.6,1,1,1,1,11078,12059,10158,3302,8599,23079,8458,23048,10265,8004,1,22104,12373,12715,1.0,25:44,2015,2016
2015-16,203949,James Michael McAdoo,James Michael,1610612744,GSW,Golden State Warriors,21500485,2015-12-31T00:00:00,GSW @ HOU,W,9.5,3.0,0.0,3.0,4.0,5.0,0.0,3.0,6.0,0.0,1.0,0.0,3.0,18.1,1,1,1,1,22654,4307,10158,3302,8599,8403,1,7328,22724,8004,17214,1,4736,13090,1.0,9:27,2015,2016
2015-16,201575,Brandon Rush,Brandon,1610612744,GSW,Golden State Warriors,21500485,2015-12-31T00:00:00,GSW @ HOU,W,13.8,0.0,0.0,0.0,2.0,5.0,4.0,11.0,12.0,0.0,1.0,0.0,0.0,6.2,1,1,1,1,20557,12059,10158,9917,12984,8403,8458,21342,18637,8004,17214,1,18762,21696,1.0,13:45,2015,2016
2015-16,203949,James Michael McAdoo,James Michael,1610612744,GSW,Golden State Warriors,21500480,2015-12-30T00:00:00,GSW @ DAL,L,15.9,0.0,0.0,0.0,0.0,7.0,4.0,5.0,16.0,0.0,0.0,2.0,1.0,6.0,1,13074,13074,13074,19087,12059,10158,9917,18861,12242,8458,11593,15259,8004,1,11390,12373,21878,1.0,15:56,2015,2016
2015-16,101106,Andrew Bogut,Andrew,1610612744,GSW,Golden State Warriors,21500480,2015-12-30T00:00:00,GSW @ DAL,L,23.5,0.0,2.0,0.0,6.0,10.0,17.0,14.0,22.0,0.0,0.0,3.0,2.0,24.5,1,13074,13074,13074,12968,12059,4731,9917,5299,17370,25429,23710,10265,8004,1,17641,7786,8801,1.0,23:30,2015,2016
2015-16,202691,Klay Thompson,Klay,1610612744,GSW,Golden State Warriors,21500480,2015-12-30T00:00:00,GSW @ DAL,L,34.0,5.0,0.0,4.0,4.0,14.0,19.0,16.0,34.0,0.0,0.0,1.0,2.0,12.2,1,13074,13074,13074,4385,1603,10158,1913,8599,22292,25786,24641,2701,8004,1,4972,7786,17566,1.0,33:57,2015,2016
2015-16,2733,Shaun Livingston,Shaun,1610612744,GSW,Golden State Warriors,21500480,2015-12-30T00:00:00,GSW @ DAL,L,20.7,0.0,0.0,0.0,0.0,5.0,17.0,12.0,20.0,0.0,0.0,2.0,1.0,15.2,1,13074,13074,13074,15334,12059,10158,9917,18861,8403,25429,22259,11929,8004,1,11390,12373,15219,1.0,20:40,2015,2016
2015-16,203546,Ian Clark,Ian,1610612744,GSW,Golden State Warriors,21500480,2015-12-30T00:00:00,GSW @ DAL,L,23.8,6.0,5.0,2.0,4.0,13.0,6.0,9.0,24.0,0.0,0.0,3.0,1.0,22.0,1,13074,13074,13074,12769,878,995,4675,8599,21300,13237,18829,8723,8004,1,17641,12373,10388,1.0,23:46,2015,2016
2015-16,203110,Draymond Green,Draymond,1610612744,GSW,Golden State Warriors,21500480,2015-12-30T00:00:00,GSW @ DAL,L,31.0,0.0,3.0,4.0,4.0,14.0,17.0,16.0,28.0,0.0,0.0,3.0,3.0,31.8,1,13074,13074,13074,6760,12059,3104,1913,8599,22292,25429,24641,5824,8004,1,17641,4736,5041,1.0,30:57,2015,2016
2015-16,201575,Brandon Rush,Brandon,1610612744,GSW,Golden State Warriors,21500480,2015-12-30T00:00:00,GSW @ DAL,L,35.4,0.0,0.0,3.0,0.0,13.0,16.0,17.0,34.0,0.0,0.0,1.0,0.0,16.7,1,13074,13074,13074,3196,12059,10158,3302,18861,21300,25155,24967,2701,8004,1,4972,18762,14064,1.0,35:26,2015,2016
2015-16,201578,Marreese Speights,Marreese,1610612744,GSW,Golden State Warriors,21500480,2015-12-30T00:00:00,GSW @ DAL,L,21.2,2.0,4.0,0.0,4.0,8.0,3.0,7.0,20.0,0.0,2.0,1.0,3.0,18.0,1,13074,13074,13074,14897,6026,1596,9917,8599,13914,7138,15538,11929,8004,23588,4972,4736,13164,1.0,21:11,2015,2016
2015-16,2738,Andre Iguodala,Andre,1610612744,GSW,Golden State Warriors,21500480,2015-12-30T00:00:00,GSW @ DAL,L,24.5,5.0,0.0,5.0,4.0,16.0,12.0,6.0,28.0,0.0,0.0,0.0,3.0,23.7,1,13074,13074,13074,12138,1603,10158,1277,8599,23774,22832,13388,5824,8004,1,1,4736,9329,1.0,24:29,2015,2016
2015-16,201574,Jason Thompson,Jason,1610612744,GSW,Golden State Warriors,21500480,2015-12-30T00:00:00,GSW @ DAL,L,10.1,0.0,0.0,0.0,0.0,5.0,4.0,3.0,4.0,0.0,2.0,2.0,3.0,10.3,1,13074,13074,13074,22382,12059,10158,9917,18861,8403,8458,7328,23698,8004,23588,11390,4736,18965,1.0,10:08,2015,2016
2015-16,101106,Andrew Bogut,Andrew,1610612744,GSW,Golden State Warriors,21500468,2015-12-28T00:00:00,GSW vs. SAC,W,14.4,0.0,0.0,0.0,4.0,5.0,0.0,2.0,12.0,2.0,0.0,3.0,1.0,22.0,1,1,1,1,20163,12059,10158,9917,8599,8403,1,4025,18637,932,1,17641,12373,10388,1.0,14:24,2015,2016
2015-16,2733,Shaun Livingston,Shaun,1610612744,GSW,Golden State Warriors,21500468,2015-12-28T00:00:00,GSW vs. SAC,W,26.1,2.0,2.0,0.0,8.0,9.0,8.0,17.0,22.0,0.0,1.0,1.0,0.0,22.3,1,1,1,1,10772,6026,4731,9917,3109,15771,17345,24967,10265,8004,17214,4972,18762,10208,1.0,26:05,2015,2016
2015-16,203546,Ian Clark,Ian,1610612744,GSW,Golden State Warriors,21500468,2015-12-28T00:00:00,GSW vs. SAC,W,22.1,5.0,0.0,4.0,6.0,3.0,8.0,15.0,14.0,1.0,0.0,2.0,0.0,25.8,1,1,1,1,14094,1603,10158,1913,5299,5109,17345,24242,17019,2692,1,11390,18762,8022,1.0,22:06,2015,2016
2015-16,201939,Stephen Curry,Stephen,1610612744,GSW,Golden State Warriors,21500468,2015-12-28T00:00:00,GSW vs. SAC,W,30.4,0.0,3.0,12.0,2.0,18.0,2.0,22.0,24.0,0.0,0.0,3.0,6.0,58.8,1,1,1,1,7208,12059,3104,42,12984,24749,3734,25811,8723,8004,1,17641,873,243,1.0,30:22,2015,2016
2015-16,203949,James Michael McAdoo,James Michael,1610612744,GSW,Golden State Warriors,21500468,2015-12-28T00:00:00,GSW vs. SAC,W,16.8,1.0,0.0,3.0,6.0,3.0,8.0,9.0,12.0,3.0,1.0,0.0,2.0,24.7,1,1,1,1,18435,11535,10158,3302,5299,5109,17345,18829,18637,347,17214,1,7786,8673,1.0,16:47,2015,2016
2015-16,201574,Jason Thompson,Jason,1610612744,GSW,Golden State Warriors,21500468,2015-12-28T00:00:00,GSW vs. SAC,W,8.2,0.0,2.0,0.0,2.0,3.0,5.0,5.0,8.0,0.0,0.0,4.0,2.0,8.9,1,1,1,1,23129,12059,4731,9917,12984,5109,11469,11593,21543,8004,1,22104,7786,19914,1.0,8:09,2015,2016
2015-16,201575,Brandon Rush,Brandon,1610612744,GSW,Golden State Warriors,21500468,2015-12-28T00:00:00,GSW vs. SAC,W,13.3,0.0,0.0,3.0,0.0,5.0,3.0,4.0,14.0,1.0,0.0,6.0,0.0,13.1,1,1,1,1,20817,12059,10158,3302,18861,8403,7138,8806,17019,2692,1,25827,18762,16874,1.0,13:17,2015,2016
2015-16,203105,Festus Ezeli,Festus,1610612744,GSW,Golden State Warriors,21500468,2015-12-28T00:00:00,GSW vs. SAC,W,11.7,2.0,0.0,2.0,4.0,9.0,2.0,14.0,6.0,0.0,0.0,0.0,1.0,7.9,1,1,1,1,21737,6026,10158,4675,8599,15771,3734,23710,22724,8004,1,1,12373,20646,1.0,11:40,2015,2016
2015-16,203110,Draymond Green,Draymond,1610612744,GSW,Golden State Warriors,21500468,2015-12-28T00:00:00,GSW vs. SAC,W,31.2,2.0,2.0,2.0,4.0,18.0,2.0,22.0,24.0,0.0,1.0,2.0,4.0,40.6,1,1,1,1,6536,6026,4731,4675,8599,24749,3734,25811,8723,8004,17214,11390,2748,2230,1.0,31:13,2015,2016
2015-16,2738,Andre Iguodala,Andre,1610612744,GSW,Golden State Warriors,21500468,2015-12-28T00:00:00,GSW vs. SAC,W,29.0,0.0,0.0,0.0,0.0,13.0,5.0,24.0,14.0,0.0,0.0,1.0,1.0,20.2,1,1,1,1,8400,12059,10158,9917,18861,21300,11469,25937,17019,8004,1,4972,12373,11610,1.0,28:58,2015,2016
2015-16,202691,Klay Thompson,Klay,1610612744,GSW,Golden State Warriors,21500468,2015-12-28T00:00:00,GSW vs. SAC,W,37.0,10.0,0.0,4.0,6.0,19.0,7.0,21.0,30.0,1.0,1.0,3.0,4.0,40.0,1,1,1,1,2089,99,10158,1913,5299,25074,15642,25725,4541,2692,17214,17641,2748,2364,1.0,36:59,2015,2016
2015-16,201575,Brandon Rush,Brandon,1610612744,GSW,Golden State Warriors,21500438,2015-12-25T00:00:00,GSW vs. CLE,W,17.7,0.0,0.0,0.0,0.0,7.0,6.0,0.0,14.0,0.0,0.0,1.0,0.0,5.6,1,1,1,1,17777,12059,10158,9917,18861,12242,13237,1,17019,8004,1,4972,18762,22133,1.0,17:40,2015,2016
2015-16,203949,James Michael McAdoo,James Michael,1610612744,GSW,Golden State Warriors,21500438,2015-12-25T00:00:00,GSW vs. CLE,W,3.0,0.0,0.0,0.0,0.0,2.0,2.0,0.0,4.0,0.0,0.0,0.0,0.0,1.2,1,1,1,1,25129,12059,10158,9917,18861,2619,3734,1,23698,8004,1,1,18762,24661,1.0,2:59,2015,2016
2015-16,2571,Leandro Barbosa,Leandro,1610612744,GSW,Golden State Warriors,21500438,2015-12-25T00:00:00,GSW vs. CLE,W,5.2,0.0,0.0,0.0,0.0,2.0,0.0,2.0,8.0,0.0,0.0,2.0,0.0,1.2,1,1,1,1,24286,12059,10158,9917,18861,2619,1,4025,21543,8004,1,11390,18762,24661,1.0,5:13,2015,2016
2015-16,203110,Draymond Green,Draymond,1610612744,GSW,Golden State Warriors,21500438,2015-12-25T00:00:00,GSW vs. CLE,W,38.7,5.0,2.0,6.0,12.0,10.0,12.0,2.0,34.0,2.0,2.0,2.0,5.0,52.5,1,1,1,1,1178,1603,4731,740,988,17370,22832,4025,2701,932,23588,11390,1539,544,1.0,38:43,2015,2016
2015-16,201939,Stephen Curry,Stephen,1610612744,GSW,Golden State Warriors,21500438,2015-12-25T00:00:00,GSW vs. CLE,W,36.6,2.0,3.0,2.0,10.0,10.0,12.0,2.0,30.0,0.0,0.0,3.0,4.0,40.9,1,1,1,1,2347,6026,3104,4675,1840,17370,22832,4025,4541,8004,1,17641,2748,2166,1.0,36:35,2015,2016
2015-16,203105,Festus Ezeli,Festus,1610612744,GSW,Golden State Warriors,21500438,2015-12-25T00:00:00,GSW vs. CLE,W,17.5,0.0,0.0,0.0,2.0,4.0,4.0,2.0,22.0,2.0,0.0,1.0,4.0,11.8,1,1,1,1,17902,12059,10158,9917,12984,6141,8458,4025,10265,932,1,4972,2748,17832,1.0,17:29,2015,2016
2015-16,2738,Andre Iguodala,Andre,1610612744,GSW,Golden State Warriors,21500438,2015-12-25T00:00:00,GSW vs. CLE,W,30.2,2.0,0.0,2.0,0.0,5.0,6.0,4.0,30.0,1.0,0.0,1.0,3.0,19.9,1,1,1,1,7350,6026,10158,4675,18861,8403,13237,8806,4541,2692,1,4972,4736,11824,1.0,30:12,2015,2016
2015-16,202691,Klay Thompson,Klay,1610612744,GSW,Golden State Warriors,21500438,2015-12-25T00:00:00,GSW vs. CLE,W,36.0,0.0,6.0,0.0,8.0,14.0,12.0,4.0,34.0,1.0,1.0,1.0,5.0,28.7,1,1,1,1,2773,12059,481,9917,3109,22292,22832,8806,2701,2692,17214,4972,1539,6514,1.0,35:59,2015,2016
2015-16,2733,Shaun Livingston,Shaun,1610612744,GSW,Golden State Warriors,21500438,2015-12-25T00:00:00,GSW vs. CLE,W,22.0,2.0,0.0,4.0,10.0,4.0,6.0,2.0,26.0,0.0,0.0,5.0,0.0,21.6,1,1,1,1,14143,6026,10158,1913,1840,6141,13237,4025,7214,8004,1,24686,18762,10666,1.0,22:02,2015,2016
2015-16,203546,Ian Clark,Ian,1610612744,GSW,Golden State Warriors,21500438,2015-12-25T00:00:00,GSW vs. CLE,W,4.9,0.0,0.0,0.0,0.0,2.0,2.0,0.0,6.0,0.0,1.0,0.0,0.0,3.0,1,1,1,1,24407,12059,10158,9917,18861,2619,3734,1,22724,8004,17214,1,18762,23648,1.0,4:53,2015,2016
2015-16,201578,Marreese Speights,Marreese,1610612744,GSW,Golden State Warriors,21500438,2015-12-25T00:00:00,GSW vs. CLE,W,4.4,0.0,0.0,0.0,0.0,2.0,0.0,2.0,6.0,0.0,0.0,2.0,0.0,2.0,1,1,1,1,24581,12059,10158,9917,18861,2619,1,4025,22724,8004,1,11390,18762,24216,1.0,4:24,2015,2016
2015-16,101106,Andrew Bogut,Andrew,1610612744,GSW,Golden State Warriors,21500438,2015-12-25T00:00:00,GSW vs. CLE,W,23.8,0.0,0.0,0.0,4.0,8.0,8.0,0.0,16.0,4.0,0.0,1.0,1.0,25.9,1,1,1,1,12712,12059,10158,9917,8599,13914,17345,1,15259,132,1,4972,12373,7960,1.0,23:51,2015,2016
2015-16,201575,Brandon Rush,Brandon,1610612744,GSW,Golden State Warriors,21500434,2015-12-23T00:00:00,GSW vs. UTA,W,13.9,0.0,0.0,3.0,0.0,2.0,6.0,0.0,10.0,1.0,0.0,0.0,0.0,10.4,1,1,1,1,20442,12059,10158,3302,18861,2619,13237,1,20209,2692,1,1,18762,18859,1.0,13:56,2015,2016
2015-16,202691,Klay Thompson,Klay,1610612744,GSW,Golden State Warriors,21500434,2015-12-23T00:00:00,GSW vs. UTA,W,34.4,7.0,0.0,7.0,2.0,2.0,15.0,2.0,26.0,0.0,1.0,0.0,4.0,22.9,1,1,1,1,4001,548,10158,454,12984,2619,24781,4025,7214,8004,17214,1,2748,9811,1.0,34:26,2015,2016
2015-16,2733,Shaun Livingston,Shaun,1610612744,GSW,Golden State Warriors,21500434,2015-12-23T00:00:00,GSW vs. UTA,W,18.3,0.0,0.0,0.0,6.0,5.0,9.0,2.0,16.0,1.0,1.0,2.0,2.0,19.2,1,1,1,1,17292,12059,10158,9917,5299,8403,19144,4025,15259,2692,17214,11390,7786,12284,1.0,18:16,2015,2016
2015-16,203105,Festus Ezeli,Festus,1610612744,GSW,Golden State Warriors,21500434,2015-12-23T00:00:00,GSW vs. UTA,W,15.1,2.0,0.0,0.0,4.0,5.0,9.0,2.0,14.0,4.0,0.0,2.0,1.0,25.3,1,1,1,1,19706,6026,10158,9917,8599,8403,19144,4025,17019,132,1,11390,12373,8340,1.0,15:04,2015,2016
2015-16,101106,Andrew Bogut,Andrew,1610612744,GSW,Golden State Warriors,21500434,2015-12-23T00:00:00,GSW vs. UTA,W,26.9,2.0,4.0,2.0,8.0,2.0,8.0,0.0,18.0,1.0,0.0,2.0,1.0,33.6,1,1,1,1,10099,6026,1596,4675,3109,2619,17345,1,13577,2692,1,11390,12373,4305,1.0,26:54,2015,2016
2015-16,203949,James Michael McAdoo,James Michael,1610612744,GSW,Golden State Warriors,21500434,2015-12-23T00:00:00,GSW vs. UTA,W,7.0,0.0,0.0,0.0,0.0,3.0,2.0,0.0,6.0,0.0,0.0,0.0,1.0,1.2,1,1,1,1,23579,12059,10158,9917,18861,5109,3734,1,22724,8004,1,1,12373,24661,1.0,6:57,2015,2016
2015-16,203546,Ian Clark,Ian,1610612744,GSW,Golden State Warriors,21500434,2015-12-23T00:00:00,GSW vs. UTA,W,7.6,2.0,2.0,0.0,0.0,0.0,2.0,0.0,8.0,0.0,0.0,0.0,1.0,6.0,1,1,1,1,23364,6026,4731,9917,18861,1,3734,1,21543,8004,1,1,12373,21878,1.0,7:34,2015,2016
2015-16,201939,Stephen Curry,Stephen,1610612744,GSW,Golden State Warriors,21500434,2015-12-23T00:00:00,GSW vs. UTA,W,34.2,4.0,2.0,2.0,2.0,4.0,10.0,0.0,22.0,0.0,1.0,2.0,2.0,41.5,1,1,1,1,4170,2460,4731,4675,12984,6141,20509,1,10265,8004,17214,11390,7786,2038,1.0,34:13,2015,2016
2015-16,203110,Draymond Green,Draymond,1610612744,GSW,Golden State Warriors,21500434,2015-12-23T00:00:00,GSW vs. UTA,W,37.8,5.0,2.0,4.0,12.0,4.0,12.0,2.0,26.0,2.0,0.0,1.0,4.0,40.8,1,1,1,1,1629,1603,4731,1913,988,6141,22832,4025,7214,932,1,4972,2748,2181,1.0,37:45,2015,2016
2015-16,2738,Andre Iguodala,Andre,1610612744,GSW,Golden State Warriors,21500434,2015-12-23T00:00:00,GSW vs. UTA,W,29.3,2.0,2.0,4.0,2.0,5.0,13.0,2.0,28.0,0.0,0.0,1.0,2.0,13.2,1,1,1,1,8167,6026,4731,1913,12984,8403,23668,4025,5824,8004,1,4972,7786,16768,1.0,29:15,2015,2016
2015-16,2571,Leandro Barbosa,Leandro,1610612744,GSW,Golden State Warriors,21500434,2015-12-23T00:00:00,GSW vs. UTA,W,15.7,2.0,2.0,4.0,6.0,3.0,9.0,0.0,16.0,0.0,0.0,1.0,0.0,17.9,1,1,1,1,19292,6026,4731,1913,5299,5109,19144,1,15259,8004,1,4972,18762,13229,1.0,15:40,2015,2016
2015-16,203105,Festus Ezeli,Festus,1610612744,GSW,Golden State Warriors,21500397,2015-12-18T00:00:00,GSW vs. MIL,W,26.9,0.0,6.0,2.0,12.0,12.0,9.0,7.0,34.0,0.0,0.0,3.0,4.0,34.0,1,1,1,1,10099,12059,481,4675,988,20178,19144,15538,2701,8004,1,17641,2748,4162,1.0,26:54,2015,2016
2015-16,201575,Brandon Rush,Brandon,1610612744,GSW,Golden State Warriors,21500397,2015-12-18T00:00:00,GSW vs. MIL,W,24.8,0.0,0.0,2.0,2.0,8.0,7.0,8.0,30.0,0.0,0.0,0.0,0.0,19.0,1,1,1,1,11811,12059,10158,4675,12984,13914,15642,17194,4541,8004,1,1,18762,12440,1.0,24:49,2015,2016
2015-16,201574,Jason Thompson,Jason,1610612744,GSW,Golden State Warriors,21500397,2015-12-18T00:00:00,GSW vs. MIL,W,3.7,0.0,0.0,0.0,2.0,0.0,0.0,2.0,4.0,0.0,0.0,2.0,0.0,2.0,1,1,1,1,24854,12059,10158,9917,12984,1,1,4025,23698,8004,1,11390,18762,24216,1.0,3:39,2015,2016
2015-16,101106,Andrew Bogut,Andrew,1610612744,GSW,Golden State Warriors,21500397,2015-12-18T00:00:00,GSW vs. MIL,W,5.3,0.0,0.0,0.0,0.0,4.0,1.0,4.0,6.0,0.0,0.0,2.0,0.0,1.7,1,1,1,1,24241,12059,10158,9917,18861,6141,3393,8806,22724,8004,1,11390,18762,24436,1.0,5:20,2015,2016
2015-16,203110,Draymond Green,Draymond,1610612744,GSW,Golden State Warriors,21500397,2015-12-18T00:00:00,GSW vs. MIL,W,40.3,4.0,2.0,4.0,10.0,16.0,10.0,15.0,48.0,0.0,3.0,4.0,8.0,44.8,1,1,1,1,653,2460,4731,1913,1840,23774,20509,24242,192,8004,25441,22104,254,1406,1.0,40:17,2015,2016
2015-16,201939,Stephen Curry,Stephen,1610612744,GSW,Golden State Warriors,21500397,2015-12-18T00:00:00,GSW vs. MIL,W,39.3,4.0,2.0,3.0,8.0,16.0,10.0,15.0,48.0,0.0,2.0,2.0,7.0,51.5,1,1,1,1,936,2460,4731,3302,3109,23774,20509,24242,192,8004,23588,11390,469,614,1.0,39:20,2015,2016
2015-16,202691,Klay Thompson,Klay,1610612744,GSW,Golden State Warriors,21500397,2015-12-18T00:00:00,GSW vs. MIL,W,36.8,3.0,2.0,8.0,10.0,10.0,9.0,10.0,38.0,3.0,0.0,2.0,6.0,44.6,1,1,1,1,2238,4307,4731,280,1840,17370,19144,20169,1422,347,1,11390,873,1438,1.0,36:47,2015,2016
2015-16,2738,Andre Iguodala,Andre,1610612744,GSW,Golden State Warriors,21500397,2015-12-18T00:00:00,GSW vs. MIL,W,19.5,3.0,0.0,0.0,0.0,11.0,5.0,7.0,24.0,0.0,1.0,1.0,0.0,5.0,1,1,1,1,16348,4307,10158,9917,18861,18886,11469,15538,8723,8004,17214,4972,18762,22500,1.0,19:28,2015,2016
2015-16,2571,Leandro Barbosa,Leandro,1610612744,GSW,Golden State Warriors,21500397,2015-12-18T00:00:00,GSW vs. MIL,W,8.7,2.0,2.0,2.0,4.0,3.0,4.0,0.0,10.0,0.0,0.0,2.0,1.0,4.0,1,1,1,1,22975,6026,4731,4675,8599,5109,8458,1,20209,8004,1,11390,12373,23142,1.0,8:40,2015,2016
2015-16,201578,Marreese Speights,Marreese,1610612744,GSW,Golden State Warriors,21500397,2015-12-18T00:00:00,GSW vs. MIL,W,11.0,0.0,2.0,0.0,4.0,3.0,6.0,0.0,14.0,0.0,0.0,1.0,2.0,7.6,1,1,1,1,22013,12059,4731,9917,8599,5109,13237,1,17019,8004,1,4972,7786,20803,1.0,11:02,2015,2016
2015-16,203949,James Michael McAdoo,James Michael,1610612744,GSW,Golden State Warriors,21500397,2015-12-18T00:00:00,GSW vs. MIL,W,7.3,0.0,2.0,2.0,4.0,3.0,2.0,2.0,10.0,1.0,0.0,2.0,0.0,12.6,1,1,1,1,23470,12059,4731,4675,8599,5109,3734,4025,20209,2692,1,11390,18762,17277,1.0,7:17,2015,2016
2015-16,2733,Shaun Livingston,Shaun,1610612744,GSW,Golden State Warriors,21500397,2015-12-18T00:00:00,GSW vs. MIL,W,16.5,2.0,0.0,0.0,2.0,9.0,7.0,5.0,24.0,0.0,1.0,1.0,1.0,13.9,1,1,1,1,18690,6026,10158,9917,12984,15771,15642,11593,8723,8004,17214,4972,12373,16232,1.0,16:27,2015,2016
2015-16,2733,Shaun Livingston,Shaun,1610612744,GSW,Golden State Warriors,21500381,2015-12-16T00:00:00,GSW vs. PHX,W,17.4,0.0,0.0,0.0,0.0,2.0,6.0,2.0,14.0,1.0,0.0,0.0,1.0,15.4,1,1,1,1,17986,12059,10158,9917,18861,2619,13237,4025,17019,2692,1,1,12373,15066,1.0,17:22,2015,2016
2015-16,203105,Festus Ezeli,Festus,1610612744,GSW,Golden State Warriors,21500381,2015-12-16T00:00:00,GSW vs. PHX,W,14.6,1.0,0.0,0.0,6.0,2.0,0.0,8.0,12.0,0.0,1.0,1.0,3.0,12.0,1,1,1,1,20073,11535,10158,9917,5299,2619,1,17194,18637,8004,17214,4972,4736,17703,1.0,14:33,2015,2016
2015-16,2571,Leandro Barbosa,Leandro,1610612744,GSW,Golden State Warriors,21500381,2015-12-16T00:00:00,GSW vs. PHX,W,13.4,2.0,0.0,4.0,4.0,2.0,6.0,2.0,12.0,1.0,0.0,0.0,0.0,17.5,1,1,1,1,20761,6026,10158,1913,8599,2619,13237,4025,18637,2692,1,1,18762,13528,1.0,13:22,2015,2016
2015-16,201939,Stephen Curry,Stephen,1610612744,GSW,Golden State Warriors,21500381,2015-12-16T00:00:00,GSW vs. PHX,W,29.6,13.0,0.0,10.0,12.0,7.0,8.0,11.0,24.0,0.0,0.0,4.0,3.0,37.9,1,1,1,1,7891,13,10158,118,988,12242,17345,21342,8723,8004,1,22104,4736,2931,1.0,29:35,2015,2016
2015-16,101106,Andrew Bogut,Andrew,1610612744,GSW,Golden State Warriors,21500381,2015-12-16T00:00:00,GSW vs. PHX,W,21.4,0.0,0.0,0.0,0.0,5.0,8.0,5.0,16.0,1.0,0.0,4.0,1.0,21.9,1,1,1,1,14657,12059,10158,9917,18861,8403,17345,11593,15259,2692,1,22104,12373,10460,1.0,21:26,2015,2016
2015-16,202691,Klay Thompson,Klay,1610612744,GSW,Golden State Warriors,21500381,2015-12-16T00:00:00,GSW vs. PHX,W,30.5,4.0,0.0,12.0,12.0,7.0,8.0,11.0,24.0,0.0,0.0,0.0,3.0,51.6,1,1,1,1,7077,2460,10158,42,988,12242,17345,21342,8723,8004,1,1,4736,604,1.0,30:32,2015,2016
2015-16,203110,Draymond Green,Draymond,1610612744,GSW,Golden State Warriors,21500381,2015-12-16T00:00:00,GSW vs. PHX,W,31.0,2.0,0.0,4.0,6.0,7.0,8.0,11.0,24.0,1.0,1.0,1.0,2.0,60.2,1,1,1,1,6692,6026,10158,1913,5299,12242,17345,21342,8723,2692,17214,4972,7786,203,1.0,31:02,2015,2016
2015-16,201578,Marreese Speights,Marreese,1610612744,GSW,Golden State Warriors,21500381,2015-12-16T00:00:00,GSW vs. PHX,W,12.0,2.0,2.0,0.0,6.0,8.0,6.0,9.0,16.0,0.0,1.0,5.0,4.0,11.4,1,1,1,1,21529,6026,4731,9917,5299,13914,13237,18829,15259,8004,17214,24686,2748,18134,1.0,12:00,2015,2016
2015-16,201575,Brandon Rush,Brandon,1610612744,GSW,Golden State Warriors,21500381,2015-12-16T00:00:00,GSW vs. PHX,W,30.4,3.0,0.0,0.0,0.0,13.0,10.0,12.0,28.0,0.0,0.0,2.0,0.0,16.6,1,1,1,1,7208,4307,10158,9917,18861,21300,20509,22259,5824,8004,1,11390,18762,14125,1.0,30:22,2015,2016
2015-16,2738,Andre Iguodala,Andre,1610612744,GSW,Golden State Warriors,21500381,2015-12-16T00:00:00,GSW vs. PHX,W,25.2,2.0,0.0,2.0,4.0,4.0,6.0,8.0,20.0,0.0,1.0,0.0,2.0,13.0,1,1,1,1,11499,6026,10158,4675,8599,6141,13237,17194,11929,8004,17214,1,7786,16969,1.0,25:14,2015,2016
2015-16,203546,Ian Clark,Ian,1610612744,GSW,Golden State Warriors,21500381,2015-12-16T00:00:00,GSW vs. PHX,W,6.3,0.0,0.0,0.0,0.0,6.0,4.0,7.0,8.0,0.0,0.0,0.0,0.0,2.7,1,1,1,1,23817,12059,10158,9917,18861,10028,8458,15538,21543,8004,1,1,18762,23884,1.0,6:20,2015,2016
2015-16,203949,James Michael McAdoo,James Michael,1610612744,GSW,Golden State Warriors,21500381,2015-12-16T00:00:00,GSW vs. PHX,W,4.1,0.0,2.0,0.0,2.0,6.0,0.0,7.0,6.0,0.0,0.0,0.0,0.0,2.0,1,1,1,1,24675,12059,4731,9917,12984,10028,1,15538,22724,8004,1,1,18762,24216,1.0,4:06,2015,2016
2015-16,201574,Jason Thompson,Jason,1610612744,GSW,Golden State Warriors,21500381,2015-12-16T00:00:00,GSW vs. PHX,W,4.1,0.0,0.0,0.0,0.0,6.0,0.0,7.0,6.0,0.0,0.0,0.0,1.0,3.6,1,1,1,1,24675,12059,10158,9917,18861,10028,1,15538,22724,8004,1,1,12373,23310,1.0,4:06,2015,2016
2015-16,201575,Brandon Rush,Brandon,1610612744,GSW,Golden State Warriors,21500351,2015-12-12T00:00:00,GSW @ MIL,L,18.1,0.0,0.0,1.0,2.0,11.0,11.0,8.0,22.0,1.0,0.0,2.0,1.0,10.4,1,13074,13074,13074,17402,12059,10158,9347,12984,18886,21814,17194,10265,2692,1,11390,12373,18859,1.0,18:08,2015,2016
2015-16,2733,Shaun Livingston,Shaun,1610612744,GSW,Golden State Warriors,21500351,2015-12-12T00:00:00,GSW @ MIL,L,24.4,0.0,0.0,2.0,4.0,10.0,2.0,8.0,32.0,0.0,0.0,0.0,2.0,14.2,1,13074,13074,13074,12199,12059,10158,4675,8599,17370,3734,17194,3535,8004,1,1,7786,16003,1.0,24:25,2015,2016
2015-16,2738,Andre Iguodala,Andre,1610612744,GSW,Golden State Warriors,21500351,2015-12-12T00:00:00,GSW @ MIL,L,27.6,2.0,0.0,0.0,2.0,11.0,5.0,12.0,38.0,0.0,1.0,2.0,2.0,25.3,1,13074,13074,13074,9571,6026,10158,9917,12984,18886,11469,22259,1422,8004,17214,11390,7786,8340,1.0,27:33,2015,2016
2015-16,203110,Draymond Green,Draymond,1610612744,GSW,Golden State Warriors,21500351,2015-12-12T00:00:00,GSW @ MIL,L,36.4,4.0,6.0,5.0,16.0,16.0,13.0,14.0,44.0,1.0,1.0,4.0,4.0,44.7,1,13074,13074,13074,2452,2460,481,1277,275,23774,23668,23710,454,2692,17214,22104,2748,1419,1.0,36:25,2015,2016
2015-16,201939,Stephen Curry,Stephen,1610612744,GSW,Golden State Warriors,21500351,2015-12-12T00:00:00,GSW @ MIL,L,35.2,4.0,2.0,5.0,12.0,16.0,13.0,14.0,44.0,0.0,1.0,2.0,8.0,44.9,1,13074,13074,13074,3371,2460,4731,1277,988,23774,23668,23710,454,8004,17214,11390,254,1380,1.0,35:14,2015,2016
2015-16,101106,Andrew Bogut,Andrew,1610612744,GSW,Golden State Warriors,21500351,2015-12-12T00:00:00,GSW @ MIL,L,22.0,0.0,2.0,0.0,2.0,12.0,13.0,8.0,24.0,5.0,0.0,1.0,0.0,29.9,1,13074,13074,13074,14199,12059,4731,9917,12984,20178,23668,17194,8723,59,1,4972,18762,5884,1.0,21:58,2015,2016
2015-16,2571,Leandro Barbosa,Leandro,1610612744,GSW,Golden State Warriors,21500351,2015-12-12T00:00:00,GSW @ MIL,L,12.8,0.0,0.0,0.0,2.0,8.0,2.0,6.0,16.0,0.0,0.0,1.0,0.0,0.0,1,13074,13074,13074,21093,12059,10158,9917,12984,13914,3734,13388,15259,8004,1,4972,18762,25170,1.0,12:46,2015,2016
2015-16,203949,James Michael McAdoo,James Michael,1610612744,GSW,Golden State Warriors,21500351,2015-12-12T00:00:00,GSW @ MIL,L,1.0,0.0,0.0,0.0,0.0,2.0,0.0,2.0,2.0,0.0,0.0,0.0,0.0,0.0,1,13074,13074,13074,25862,12059,10158,9917,18861,2619,1,4025,24614,8004,1,1,18762,25170,1.0,1:02,2015,2016
2015-16,201578,Marreese Speights,Marreese,1610612744,GSW,Golden State Warriors,21500351,2015-12-12T00:00:00,GSW @ MIL,L,5.5,0.0,0.0,0.0,2.0,6.0,0.0,4.0,6.0,0.0,0.0,0.0,0.0,4.4,1,13074,13074,13074,24160,12059,10158,9917,12984,10028,1,8806,22724,8004,1,1,18762,22837,1.0,5:30,2015,2016
2015-16,203546,Ian Clark,Ian,1610612744,GSW,Golden State Warriors,21500351,2015-12-12T00:00:00,GSW @ MIL,L,1.0,0.0,0.0,0.0,0.0,2.0,0.0,2.0,2.0,0.0,0.0,0.0,0.0,0.0,1,13074,13074,13074,25862,12059,10158,9917,18861,2619,1,4025,24614,8004,1,1,18762,25170,1.0,1:02,2015,2016
2015-16,201574,Jason Thompson,Jason,1610612744,GSW,Golden State Warriors,21500351,2015-12-12T00:00:00,GSW @ MIL,L,5.1,0.0,0.0,0.0,0.0,0.0,2.0,0.0,8.0,1.0,0.0,1.0,0.0,3.0,1,13074,13074,13074,24346,12059,10158,9917,18861,1,3734,1,21543,2692,1,4972,18762,23648,1.0,5:03,2015,2016
2015-16,203105,Festus Ezeli,Festus,1610612744,GSW,Golden State Warriors,21500351,2015-12-12T00:00:00,GSW @ MIL,L,20.5,5.0,5.0,5.0,10.0,10.0,2.0,10.0,24.0,0.0,1.0,3.0,5.0,26.6,1,13074,13074,13074,15526,1603,995,1277,1840,17370,3734,20169,8723,8004,17214,17641,1539,7566,1.0,20:27,2015,2016
2015-16,202691,Klay Thompson,Klay,1610612744,GSW,Golden State Warriors,21500351,2015-12-12T00:00:00,GSW @ MIL,L,30.5,4.0,3.0,3.0,4.0,16.0,12.0,12.0,38.0,0.0,0.0,4.0,2.0,19.9,1,13074,13074,13074,7141,2460,3104,3302,8599,23774,22832,22259,1422,8004,1,22104,7786,11824,1.0,30:27,2015,2016
2015-16,203105,Festus Ezeli,Festus,1610612744,GSW,Golden State Warriors,21500336,2015-12-11T00:00:00,GSW @ BOS,W,27.5,0.0,2.0,3.0,6.0,13.0,0.0,4.0,26.0,1.0,1.0,1.0,7.0,30.4,1,1,1,1,9612,12059,4731,3302,5299,21300,1,8806,7214,2692,17214,4972,469,5661,1.0,27:30,2015,2016
2015-16,101106,Andrew Bogut,Andrew,1610612744,GSW,Golden State Warriors,21500336,2015-12-11T00:00:00,GSW @ BOS,W,23.3,0.0,0.0,0.0,2.0,3.0,7.0,8.0,20.0,3.0,0.0,4.0,2.0,22.3,1,1,1,1,13132,12059,10158,9917,12984,5109,15642,17194,11929,347,1,22104,7786,10208,1.0,23:17,2015,2016
2015-16,2738,Andre Iguodala,Andre,1610612744,GSW,Golden State Warriors,21500336,2015-12-11T00:00:00,GSW @ BOS,W,43.9,2.0,2.0,4.0,8.0,19.0,7.0,6.0,40.0,0.0,0.0,1.0,1.0,36.5,1,1,1,1,141,6026,4731,1913,3109,25074,15642,13388,983,8004,1,4972,12373,3326,1.0,43:51,2015,2016
2015-16,201939,Stephen Curry,Stephen,1610612744,GSW,Golden State Warriors,21500336,2015-12-11T00:00:00,GSW @ BOS,W,46.9,2.0,2.0,4.0,6.0,18.0,8.0,10.0,36.0,0.0,3.0,4.0,9.0,61.2,1,1,1,1,40,6026,4731,1913,5299,24749,17345,20169,1943,8004,25441,22104,138,175,1.0,46:55,2015,2016
2015-16,203110,Draymond Green,Draymond,1610612744,GSW,Golden State Warriors,21500336,2015-12-11T00:00:00,GSW @ BOS,W,49.6,3.0,2.0,2.0,12.0,21.0,11.0,10.0,36.0,5.0,1.0,5.0,7.0,77.2,1,1,1,1,13,4307,4731,4675,988,25535,21814,20169,1943,59,17214,24686,469,12,1.0,49:38,2015,2016
2015-16,2733,Shaun Livingston,Shaun,1610612744,GSW,Golden State Warriors,21500336,2015-12-11T00:00:00,GSW @ BOS,W,34.8,4.0,4.0,0.0,4.0,13.0,5.0,6.0,38.0,2.0,0.0,2.0,2.0,25.1,1,1,1,1,3713,2460,1596,9917,8599,21300,11469,13388,1422,932,1,11390,7786,8429,1.0,34:47,2015,2016
2015-16,203949,James Michael McAdoo,James Michael,1610612744,GSW,Golden State Warriors,21500336,2015-12-11T00:00:00,GSW @ BOS,W,5.4,0.0,2.0,0.0,4.0,3.0,4.0,0.0,2.0,0.0,0.0,2.0,0.0,6.4,1,1,1,1,24200,12059,4731,9917,8599,5109,8458,1,24614,8004,1,11390,18762,21589,1.0,5:26,2015,2016
2015-16,203546,Ian Clark,Ian,1610612744,GSW,Golden State Warriors,21500336,2015-12-11T00:00:00,GSW @ BOS,W,19.2,0.0,0.0,0.0,6.0,8.0,9.0,8.0,8.0,0.0,2.0,1.0,0.0,8.6,1,1,1,1,16525,12059,10158,9917,5299,13914,19144,17194,21543,8004,23588,4972,18762,20125,1.0,19:12,2015,2016
2015-16,2571,Leandro Barbosa,Leandro,1610612744,GSW,Golden State Warriors,21500336,2015-12-11T00:00:00,GSW @ BOS,W,16.7,0.0,0.0,4.0,6.0,4.0,0.0,6.0,24.0,0.0,1.0,2.0,1.0,7.7,1,1,1,1,18506,12059,10158,1913,5299,6141,1,13388,8723,8004,17214,11390,12373,20733,1.0,16:41,2015,2016
2015-16,201575,Brandon Rush,Brandon,1610612744,GSW,Golden State Warriors,21500336,2015-12-11T00:00:00,GSW @ BOS,W,16.1,4.0,0.0,4.0,4.0,3.0,4.0,8.0,14.0,0.0,0.0,0.0,0.0,8.8,1,1,1,1,18959,2460,10158,1913,8599,5109,8458,17194,17019,8004,1,1,18762,19994,1.0,16:06,2015,2016
2015-16,201578,Marreese Speights,Marreese,1610612744,GSW,Golden State Warriors,21500336,2015-12-11T00:00:00,GSW @ BOS,W,6.6,0.0,0.0,0.0,0.0,0.0,0.0,4.0,16.0,0.0,1.0,0.0,1.0,7.2,1,1,1,1,23703,12059,10158,9917,18861,1,1,8806,15259,8004,17214,1,12373,21035,1.0,6:38,2015,2016
2015-16,2733,Shaun Livingston,Shaun,1610612744,GSW,Golden State Warriors,21500314,2015-12-08T00:00:00,GSW @ IND,W,22.4,0.0,0.0,0.0,0.0,10.0,16.0,10.0,30.0,0.0,0.0,2.0,1.0,10.4,1,1,1,1,13839,12059,10158,9917,18861,17370,25155,20169,4541,8004,1,11390,12373,18859,1.0,22:24,2015,2016
2015-16,2738,Andre Iguodala,Andre,1610612744,GSW,Golden State Warriors,21500314,2015-12-08T00:00:00,GSW @ IND,W,32.8,2.0,0.0,2.0,4.0,11.0,16.0,10.0,28.0,1.0,1.0,1.0,1.0,35.1,1,1,1,1,5296,6026,10158,4675,8599,18886,25155,20169,5824,2692,17214,4972,12373,3777,1.0,32:46,2015,2016
2015-16,201939,Stephen Curry,Stephen,1610612744,GSW,Golden State Warriors,21500314,2015-12-08T00:00:00,GSW @ IND,W,35.7,3.0,0.0,8.0,12.0,15.0,12.0,20.0,38.0,0.0,0.0,1.0,5.0,57.4,1,1,1,1,3014,4307,10158,280,988,23079,22832,25599,1422,8004,1,4972,1539,296,1.0,35:39,2015,2016
2015-16,101106,Andrew Bogut,Andrew,1610612744,GSW,Golden State Warriors,21500314,2015-12-08T00:00:00,GSW @ IND,W,23.4,0.0,2.0,0.0,14.0,8.0,2.0,13.0,16.0,2.0,0.0,3.0,2.0,35.5,1,1,1,1,13064,12059,4731,9917,542,13914,3734,23048,15259,932,1,17641,7786,3657,1.0,23:22,2015,2016
2015-16,202691,Klay Thompson,Klay,1610612744,GSW,Golden State Warriors,21500314,2015-12-08T00:00:00,GSW @ IND,W,34.5,10.0,3.0,5.0,2.0,15.0,8.0,17.0,36.0,1.0,1.0,2.0,2.0,55.4,1,1,1,1,3986,99,3104,1277,12984,23079,17345,24967,1943,2692,17214,11390,7786,379,1.0,34:28,2015,2016
2015-16,201578,Marreese Speights,Marreese,1610612744,GSW,Golden State Warriors,21500314,2015-12-08T00:00:00,GSW @ IND,W,0.6,0.0,0.0,0.0,0.0,2.0,0.0,2.0,2.0,0.0,0.0,0.0,0.0,0.0,1,1,1,1,25953,12059,10158,9917,18861,2619,1,4025,24614,8004,1,1,18762,25170,1.0,0:37,2015,2016
2015-16,203546,Ian Clark,Ian,1610612744,GSW,Golden State Warriors,21500314,2015-12-08T00:00:00,GSW @ IND,W,12.4,0.0,0.0,0.0,2.0,5.0,6.0,3.0,10.0,0.0,0.0,3.0,0.0,5.0,1,1,1,1,21358,12059,10158,9917,12984,8403,13237,7328,20209,8004,1,17641,18762,22500,1.0,12:21,2015,2016
2015-16,201575,Brandon Rush,Brandon,1610612744,GSW,Golden State Warriors,21500314,2015-12-08T00:00:00,GSW @ IND,W,24.5,0.0,2.0,0.0,2.0,11.0,10.0,14.0,26.0,1.0,1.0,1.0,0.0,20.1,1,1,1,1,12077,12059,4731,9917,12984,18886,20509,23710,7214,2692,17214,4972,18762,11685,1.0,24:33,2015,2016
2015-16,203110,Draymond Green,Draymond,1610612744,GSW,Golden State Warriors,21500314,2015-12-08T00:00:00,GSW @ IND,W,35.7,0.0,2.0,0.0,8.0,15.0,12.0,20.0,38.0,1.0,0.0,4.0,3.0,26.8,1,1,1,1,3014,12059,4731,9917,3109,23079,22832,25599,1422,2692,1,22104,4736,7486,1.0,35:39,2015,2016
2015-16,203105,Festus Ezeli,Festus,1610612744,GSW,Golden State Warriors,21500314,2015-12-08T00:00:00,GSW @ IND,W,18.2,2.0,2.0,0.0,10.0,8.0,8.0,6.0,16.0,0.0,0.0,2.0,4.0,17.0,1,1,1,1,17345,6026,4731,9917,1840,13914,17345,13388,15259,8004,1,11390,2748,13855,1.0,18:12,2015,2016
2015-16,2738,Andre Iguodala,Andre,1610612744,GSW,Golden State Warriors,21500300,2015-12-06T00:00:00,GSW @ BKN,W,24.6,2.0,2.0,0.0,2.0,6.0,5.0,6.0,18.0,0.0,0.0,3.0,0.0,30.3,1,1,1,1,12050,6026,4731,9917,12984,10028,11469,13388,13577,8004,1,17641,18762,5702,1.0,24:34,2015,2016
2015-16,203105,Festus Ezeli,Festus,1610612744,GSW,Golden State Warriors,21500300,2015-12-06T00:00:00,GSW @ BKN,W,19.6,1.0,0.0,3.0,10.0,6.0,5.0,6.0,18.0,4.0,0.0,1.0,5.0,31.5,1,1,1,1,16236,11535,10158,3302,1840,10028,11469,13388,13577,132,1,4972,1539,5180,1.0,19:35,2015,2016
2015-16,203110,Draymond Green,Draymond,1610612744,GSW,Golden State Warriors,21500300,2015-12-06T00:00:00,GSW @ BKN,W,34.4,6.0,1.0,7.0,10.0,10.0,5.0,7.0,40.0,0.0,1.0,1.0,5.0,45.3,1,1,1,1,4053,878,9709,454,1840,17370,11469,15538,983,8004,17214,4972,1539,1310,1.0,34:22,2015,2016
2015-16,201939,Stephen Curry,Stephen,1610612744,GSW,Golden State Warriors,21500300,2015-12-06T00:00:00,GSW @ BKN,W,32.2,7.0,0.0,7.0,10.0,10.0,2.0,7.0,34.0,0.0,0.0,2.0,3.0,36.0,1,1,1,1,5692,548,10158,454,1840,17370,3734,15538,2701,8004,1,11390,4736,3463,1.0,32:14,2015,2016
2015-16,202691,Klay Thompson,Klay,1610612744,GSW,Golden State Warriors,21500300,2015-12-06T00:00:00,GSW @ BKN,W,32.2,0.0,0.0,5.0,10.0,10.0,5.0,7.0,38.0,2.0,0.0,1.0,1.0,37.1,1,1,1,1,5730,12059,10158,1277,1840,17370,11469,15538,1422,932,1,4972,12373,3151,1.0,32:11,2015,2016
2015-16,2733,Shaun Livingston,Shaun,1610612744,GSW,Golden State Warriors,21500300,2015-12-06T00:00:00,GSW @ BKN,W,19.9,0.0,0.0,0.0,2.0,8.0,5.0,7.0,20.0,0.0,0.0,1.0,0.0,14.4,1,1,1,1,16019,12059,10158,9917,12984,13914,11469,15538,11929,8004,1,4972,18762,15857,1.0,19:52,2015,2016
2015-16,201578,Marreese Speights,Marreese,1610612744,GSW,Golden State Warriors,21500300,2015-12-06T00:00:00,GSW @ BKN,W,12.6,0.0,0.0,3.0,2.0,0.0,2.0,0.0,6.0,0.0,0.0,3.0,1.0,8.4,1,1,1,1,21233,12059,10158,3302,12984,1,3734,1,22724,8004,1,17641,12373,20273,1.0,12:34,2015,2016
2015-16,2571,Leandro Barbosa,Leandro,1610612744,GSW,Golden State Warriors,21500300,2015-12-06T00:00:00,GSW @ BKN,W,14.7,2.0,6.0,0.0,2.0,8.0,2.0,5.0,14.0,1.0,0.0,1.0,2.0,21.1,1,1,1,1,19960,6026,481,9917,12984,13914,3734,11593,17019,2692,1,4972,7786,11012,1.0,14:42,2015,2016
2015-16,101106,Andrew Bogut,Andrew,1610612744,GSW,Golden State Warriors,21500300,2015-12-06T00:00:00,GSW @ BKN,W,15.9,0.0,0.0,0.0,0.0,2.0,2.0,0.0,16.0,2.0,0.0,2.0,1.0,12.8,1,1,1,1,19139,12059,10158,9917,18861,2619,3734,1,15259,932,1,11390,12373,17129,1.0,15:52,2015,2016
2015-16,203949,James Michael McAdoo,James Michael,1610612744,GSW,Golden State Warriors,21500300,2015-12-06T00:00:00,GSW @ BKN,W,2.2,0.0,0.0,0.0,0.0,2.0,0.0,0.0,4.0,0.0,0.0,0.0,0.0,0.0,1,1,1,1,25453,12059,10158,9917,18861,2619,1,1,23698,8004,1,1,18762,25170,1.0,2:11,2015,2016
2015-16,203546,Ian Clark,Ian,1610612744,GSW,Golden State Warriors,21500300,2015-12-06T00:00:00,GSW @ BKN,W,8.6,0.0,0.0,0.0,0.0,6.0,0.0,4.0,18.0,0.0,1.0,2.0,0.0,-1.0,1,1,1,1,23001,12059,10158,9917,18861,10028,1,8806,13577,8004,17214,11390,18762,25932,1.0,8:35,2015,2016
2015-16,201574,Jason Thompson,Jason,1610612744,GSW,Golden State Warriors,21500300,2015-12-06T00:00:00,GSW @ BKN,W,2.2,0.0,0.0,0.0,0.0,2.0,0.0,0.0,4.0,0.0,0.0,0.0,0.0,3.2,1,1,1,1,25453,12059,10158,9917,18861,2619,1,1,23698,8004,1,1,18762,23473,1.0,2:11,2015,2016
2015-16,201575,Brandon Rush,Brandon,1610612744,GSW,Golden State Warriors,21500300,2015-12-06T00:00:00,GSW @ BKN,W,21.1,0.0,0.0,0.0,0.0,10.0,2.0,6.0,40.0,0.0,0.0,1.0,0.0,9.6,1,1,1,1,14970,12059,10158,9917,18861,17370,3734,13388,983,8004,1,4972,18762,19434,1.0,21:07,2015,2016
2015-16,201578,Marreese Speights,Marreese,1610612744,GSW,Golden State Warriors,21500290,2015-12-05T00:00:00,GSW @ TOR,W,11.9,0.0,0.0,0.0,0.0,7.0,13.0,3.0,16.0,1.0,0.0,2.0,2.0,9.4,1,1,1,1,21628,12059,10158,9917,18861,12242,23668,7328,15259,2692,1,11390,7786,19568,1.0,11:55,2015,2016
2015-16,2571,Leandro Barbosa,Leandro,1610612744,GSW,Golden State Warriors,21500290,2015-12-05T00:00:00,GSW @ TOR,W,11.2,0.0,0.0,0.0,2.0,5.0,9.0,3.0,14.0,0.0,0.0,2.0,0.0,4.2,1,1,1,1,21945,12059,10158,9917,12984,8403,19144,7328,17019,8004,1,11390,18762,22976,1.0,11:12,2015,2016
2015-16,202691,Klay Thompson,Klay,1610612744,GSW,Golden State Warriors,21500290,2015-12-05T00:00:00,GSW @ TOR,W,35.4,0.0,3.0,8.0,0.0,13.0,15.0,9.0,42.0,0.0,1.0,4.0,4.0,30.3,1,1,1,1,3196,12059,3104,280,18861,21300,24781,18829,670,8004,17214,22104,2748,5702,1.0,35:26,2015,2016
2015-16,201939,Stephen Curry,Stephen,1610612744,GSW,Golden State Warriors,21500290,2015-12-05T00:00:00,GSW @ TOR,W,37.8,3.0,9.0,6.0,10.0,11.0,12.0,9.0,48.0,0.0,1.0,4.0,4.0,53.9,1,1,1,1,1578,4307,77,740,1840,18886,22832,18829,192,8004,17214,22104,2748,459,1.0,37:51,2015,2016
2015-16,201575,Brandon Rush,Brandon,1610612744,GSW,Golden State Warriors,21500290,2015-12-05T00:00:00,GSW @ TOR,W,13.7,0.0,0.0,0.0,0.0,7.0,2.0,2.0,6.0,0.0,0.0,0.0,0.0,13.5,1,1,1,1,20589,12059,10158,9917,18861,12242,3734,4025,22724,8004,1,1,18762,16552,1.0,13:42,2015,2016
2015-16,203110,Draymond Green,Draymond,1610612744,GSW,Golden State Warriors,21500290,2015-12-05T00:00:00,GSW @ TOR,W,39.3,2.0,2.0,4.0,10.0,13.0,14.0,9.0,50.0,1.0,0.0,4.0,8.0,37.8,1,1,1,1,954,6026,4731,1913,1840,21300,24300,18829,107,2692,1,22104,254,2956,1.0,39:18,2015,2016
2015-16,203105,Festus Ezeli,Festus,1610612744,GSW,Golden State Warriors,21500290,2015-12-05T00:00:00,GSW @ TOR,W,27.1,2.0,1.0,0.0,4.0,11.0,6.0,9.0,20.0,1.0,1.0,4.0,8.0,26.0,1,1,1,1,9927,6026,9709,9917,8599,18886,13237,18829,11929,2692,17214,22104,254,7910,1.0,27:06,2015,2016
2015-16,2733,Shaun Livingston,Shaun,1610612744,GSW,Golden State Warriors,21500290,2015-12-05T00:00:00,GSW @ TOR,W,26.4,2.0,2.0,0.0,4.0,11.0,19.0,9.0,44.0,1.0,0.0,2.0,0.0,9.9,1,1,1,1,10518,6026,4731,9917,8599,18886,25786,18829,454,2692,1,11390,18762,19247,1.0,26:25,2015,2016
2015-16,203949,James Michael McAdoo,James Michael,1610612744,GSW,Golden State Warriors,21500290,2015-12-05T00:00:00,GSW @ TOR,W,3.3,0.0,0.0,0.0,0.0,0.0,0.0,1.0,2.0,0.0,0.0,1.0,1.0,2.4,1,1,1,1,24999,12059,10158,9917,18861,1,1,3646,24614,8004,1,4972,12373,24024,1.0,3:19,2015,2016
2015-16,2738,Andre Iguodala,Andre,1610612744,GSW,Golden State Warriors,21500290,2015-12-05T00:00:00,GSW @ TOR,W,28.8,0.0,0.0,0.0,0.0,7.0,19.0,4.0,46.0,1.0,0.0,1.0,0.0,16.2,1,1,1,1,8553,12059,10158,9917,18861,12242,25786,8806,298,2692,1,4972,18762,14436,1.0,28:47,2015,2016
2015-16,203546,Ian Clark,Ian,1610612744,GSW,Golden State Warriors,21500290,2015-12-05T00:00:00,GSW @ TOR,W,5.0,0.0,0.0,0.0,2.0,5.0,6.0,2.0,2.0,0.0,0.0,0.0,0.0,2.0,1,1,1,1,24375,12059,10158,9917,12984,8403,13237,4025,24614,8004,1,1,18762,24216,1.0,4:59,2015,2016
2015-16,202691,Klay Thompson,Klay,1610612744,GSW,Golden State Warriors,21500268,2015-12-02T00:00:00,GSW @ CHA,W,29.1,0.0,6.0,4.0,4.0,17.0,6.0,12.0,28.0,1.0,3.0,3.0,2.0,28.6,1,1,1,1,8295,12059,481,1913,8599,24337,13237,22259,5824,2692,25441,17641,7786,6560,1.0,29:06,2015,2016
2015-16,201578,Marreese Speights,Marreese,1610612744,GSW,Golden State Warriors,21500268,2015-12-02T00:00:00,GSW @ CHA,W,11.2,0.0,0.0,0.0,0.0,2.0,3.0,3.0,8.0,0.0,1.0,2.0,1.0,14.1,1,1,1,1,21925,12059,10158,9917,18861,2619,7138,7328,21543,8004,17214,11390,12373,16094,1.0,11:14,2015,2016
2015-16,2738,Andre Iguodala,Andre,1610612744,GSW,Golden State Warriors,21500268,2015-12-02T00:00:00,GSW @ CHA,W,19.1,3.0,3.0,0.0,0.0,5.0,5.0,5.0,12.0,1.0,0.0,2.0,0.0,22.1,1,1,1,1,16614,4307,3104,9917,18861,8403,11469,11593,18637,2692,1,11390,18762,10332,1.0,19:06,2015,2016
2015-16,201575,Brandon Rush,Brandon,1610612744,GSW,Golden State Warriors,21500268,2015-12-02T00:00:00,GSW @ CHA,W,20.5,0.0,0.0,3.0,2.0,15.0,4.0,12.0,18.0,1.0,0.0,0.0,0.0,14.8,1,1,1,1,15511,12059,10158,3302,12984,23079,8458,22259,13577,2692,1,1,18762,15561,1.0,20:28,2015,2016
2015-16,101106,Andrew Bogut,Andrew,1610612744,GSW,Golden State Warriors,21500268,2015-12-02T00:00:00,GSW @ CHA,W,22.8,0.0,2.0,0.0,4.0,13.0,6.0,8.0,18.0,1.0,0.0,0.0,1.0,23.2,1,1,1,1,13503,12059,4731,9917,8599,21300,13237,17194,13577,2692,1,1,12373,9630,1.0,22:50,2015,2016
2015-16,203110,Draymond Green,Draymond,1610612744,GSW,Golden State Warriors,21500268,2015-12-02T00:00:00,GSW @ CHA,W,30.8,2.0,0.0,2.0,4.0,16.0,8.0,10.0,26.0,3.0,0.0,2.0,3.0,34.7,1,1,1,1,6881,6026,10158,4675,8599,23774,17345,20169,7214,347,1,11390,4736,3935,1.0,30:49,2015,2016
2015-16,201939,Stephen Curry,Stephen,1610612744,GSW,Golden State Warriors,21500268,2015-12-02T00:00:00,GSW @ CHA,W,30.8,7.0,3.0,8.0,12.0,16.0,8.0,10.0,26.0,0.0,0.0,2.0,3.0,46.1,1,1,1,1,6881,548,3104,280,988,23774,17345,20169,7214,8004,1,11390,4736,1185,1.0,30:49,2015,2016
2015-16,2571,Leandro Barbosa,Leandro,1610612744,GSW,Golden State Warriors,21500268,2015-12-02T00:00:00,GSW @ CHA,W,11.2,0.0,0.0,0.0,0.0,2.0,3.0,3.0,8.0,0.0,0.0,2.0,1.0,5.0,1,1,1,1,21925,12059,10158,9917,18861,2619,7138,7328,21543,8004,1,11390,12373,22500,1.0,11:14,2015,2016
2015-16,201574,Jason Thompson,Jason,1610612744,GSW,Golden State Warriors,21500268,2015-12-02T00:00:00,GSW @ CHA,W,6.0,0.0,0.0,0.0,0.0,8.0,0.0,6.0,6.0,1.0,0.0,1.0,0.0,6.8,1,1,1,1,23989,12059,10158,9917,18861,13914,1,13388,22724,2692,1,4972,18762,21328,1.0,5:57,2015,2016
2015-16,203949,James Michael McAdoo,James Michael,1610612744,GSW,Golden State Warriors,21500268,2015-12-02T00:00:00,GSW @ CHA,W,9.0,0.0,0.0,0.0,6.0,8.0,0.0,6.0,10.0,1.0,2.0,3.0,0.0,7.0,1,1,1,1,22835,12059,10158,9917,5299,13914,1,13388,20209,2692,23588,17641,18762,21188,1.0,9:00,2015,2016
2015-16,203546,Ian Clark,Ian,1610612744,GSW,Golden State Warriors,21500268,2015-12-02T00:00:00,GSW @ CHA,W,8.3,0.0,0.0,2.0,2.0,8.0,2.0,4.0,6.0,0.0,0.0,0.0,0.0,3.4,1,1,1,1,23083,12059,10158,4675,12984,13914,3734,8806,22724,8004,1,1,18762,23417,1.0,8:19,2015,2016
2015-16,203105,Festus Ezeli,Festus,1610612744,GSW,Golden State Warriors,21500268,2015-12-02T00:00:00,GSW @ CHA,W,16.2,0.0,4.0,3.0,6.0,5.0,5.0,5.0,12.0,0.0,1.0,3.0,2.0,15.2,1,1,1,1,18913,12059,1596,3302,5299,8403,11469,11593,18637,8004,17214,17641,7786,15219,1.0,16:10,2015,2016
2015-16,2733,Shaun Livingston,Shaun,1610612744,GSW,Golden State Warriors,21500268,2015-12-02T00:00:00,GSW @ CHA,W,25.0,2.0,0.0,0.0,2.0,15.0,5.0,11.0,22.0,0.0,0.0,3.0,0.0,20.1,1,1,1,1,11698,6026,10158,9917,12984,23079,11469,21342,10265,8004,1,17641,18762,11685,1.0,24:58,2015,2016
2015-16,203949,James Michael McAdoo,James Michael,1610612744,GSW,Golden State Warriors,21500259,2015-11-30T00:00:00,GSW @ UTA,W,3.3,0.0,0.0,0.0,0.0,0.0,0.0,2.0,6.0,0.0,0.0,0.0,0.0,0.0,1,1,1,1,24999,12059,10158,9917,18861,1,1,4025,22724,8004,1,1,18762,25170,1.0,3:19,2015,2016
2015-16,201575,Brandon Rush,Brandon,1610612744,GSW,Golden State Warriors,21500259,2015-11-30T00:00:00,GSW @ UTA,W,12.4,0.0,3.0,0.0,0.0,7.0,5.0,0.0,8.0,0.0,0.0,1.0,0.0,4.4,1,1,1,1,21347,12059,3104,9917,18861,12242,11469,1,21543,8004,1,4972,18762,22837,1.0,12:22,2015,2016
2015-16,203105,Festus Ezeli,Festus,1610612744,GSW,Golden State Warriors,21500259,2015-11-30T00:00:00,GSW @ UTA,W,23.7,2.0,2.0,0.0,6.0,4.0,6.0,2.0,24.0,0.0,0.0,3.0,1.0,15.2,1,1,1,1,12804,6026,4731,9917,5299,6141,13237,4025,8723,8004,1,17641,12373,15219,1.0,23:43,2015,2016
2015-16,203110,Draymond Green,Draymond,1610612744,GSW,Golden State Warriors,21500259,2015-11-30T00:00:00,GSW @ UTA,W,38.3,2.0,6.0,0.0,16.0,9.0,14.0,2.0,32.0,0.0,1.0,2.0,5.0,41.4,1,1,1,1,1366,6026,481,9917,275,15771,24300,4025,3535,8004,17214,11390,1539,2060,1.0,38:19,2015,2016
2015-16,2738,Andre Iguodala,Andre,1610612744,GSW,Golden State Warriors,21500259,2015-11-30T00:00:00,GSW @ UTA,W,26.5,0.0,0.0,0.0,0.0,7.0,10.0,6.0,32.0,1.0,0.0,2.0,2.0,7.4,1,1,1,1,10448,12059,10158,9917,18861,12242,20509,13388,3535,2692,1,11390,7786,20912,1.0,26:31,2015,2016
2015-16,201939,Stephen Curry,Stephen,1610612744,GSW,Golden State Warriors,21500259,2015-11-30T00:00:00,GSW @ UTA,W,37.3,2.0,2.0,3.0,6.0,9.0,14.0,2.0,32.0,0.0,0.0,2.0,3.0,44.7,1,1,1,1,1910,6026,4731,3302,5299,15771,24300,4025,3535,8004,1,11390,4736,1419,1.0,37:16,2015,2016
2015-16,202691,Klay Thompson,Klay,1610612744,GSW,Golden State Warriors,21500259,2015-11-30T00:00:00,GSW @ UTA,W,35.8,3.0,2.0,0.0,2.0,9.0,16.0,2.0,36.0,2.0,0.0,1.0,1.0,35.0,1,1,1,1,2892,4307,4731,9917,12984,15771,25155,4025,1943,932,1,4972,12373,3813,1.0,35:48,2015,2016
2015-16,101106,Andrew Bogut,Andrew,1610612744,GSW,Golden State Warriors,21500259,2015-11-30T00:00:00,GSW @ UTA,W,21.8,0.0,4.0,0.0,4.0,10.0,12.0,2.0,18.0,1.0,0.0,6.0,1.0,14.3,1,1,1,1,14302,12059,1596,9917,8599,17370,22832,4025,13577,2692,1,25827,12373,15948,1.0,21:50,2015,2016
2015-16,201578,Marreese Speights,Marreese,1610612744,GSW,Golden State Warriors,21500259,2015-11-30T00:00:00,GSW @ UTA,W,4.4,0.0,0.0,0.0,0.0,5.0,2.0,2.0,4.0,0.0,0.0,0.0,0.0,2.2,1,1,1,1,24596,12059,10158,9917,18861,8403,3734,4025,23698,8004,1,1,18762,24138,1.0,4:21,2015,2016
2015-16,203546,Ian Clark,Ian,1610612744,GSW,Golden State Warriors,21500259,2015-11-30T00:00:00,GSW @ UTA,W,6.1,3.0,3.0,0.0,0.0,0.0,0.0,2.0,8.0,1.0,0.0,1.0,0.0,16.2,1,1,1,1,23906,4307,3104,9917,18861,1,1,4025,21543,2692,1,4972,18762,14436,1.0,6:08,2015,2016
2015-16,2733,Shaun Livingston,Shaun,1610612744,GSW,Golden State Warriors,21500259,2015-11-30T00:00:00,GSW @ UTA,W,19.3,0.0,0.0,2.0,2.0,5.0,4.0,4.0,16.0,0.0,1.0,1.0,2.0,10.6,1,1,1,1,16444,12059,10158,4675,12984,8403,8458,8806,15259,8004,17214,4972,7786,18723,1.0,19:19,2015,2016
2015-16,2571,Leandro Barbosa,Leandro,1610612744,GSW,Golden State Warriors,21500259,2015-11-30T00:00:00,GSW @ UTA,W,11.1,0.0,0.0,0.0,2.0,5.0,7.0,4.0,14.0,0.0,0.0,0.0,1.0,6.1,1,1,1,1,22001,12059,10158,9917,12984,8403,15642,8806,17019,8004,1,1,12373,21845,1.0,11:04,2015,2016
2015-16,202691,Klay Thompson,Klay,1610612744,GSW,Golden State Warriors,21500245,2015-11-28T00:00:00,GSW vs. SAC,W,26.0,3.0,0.0,8.0,4.0,9.0,13.0,8.0,28.0,0.0,0.0,1.0,0.0,19.0,1,1,1,1,10840,4307,10158,280,8599,15771,23668,17194,5824,8004,1,4972,18762,12440,1.0,26:00,2015,2016
2015-16,201575,Brandon Rush,Brandon,1610612744,GSW,Golden State Warriors,21500245,2015-11-28T00:00:00,GSW vs. SAC,W,19.5,8.0,2.0,0.0,2.0,11.0,9.0,15.0,20.0,0.0,1.0,1.0,1.0,19.1,1,1,1,1,16350,308,4731,9917,12984,18886,19144,24242,11929,8004,17214,4972,12373,12372,1.0,19:27,2015,2016
2015-16,203110,Draymond Green,Draymond,1610612744,GSW,Golden State Warriors,21500245,2015-11-28T00:00:00,GSW vs. SAC,W,35.7,0.0,2.0,1.0,8.0,9.0,19.0,12.0,42.0,4.0,0.0,4.0,7.0,56.2,1,1,1,1,2963,12059,4731,9347,3109,15771,25786,22259,670,132,1,22104,469,342,1.0,35:43,2015,2016
2015-16,203105,Festus Ezeli,Festus,1610612744,GSW,Golden State Warriors,21500245,2015-11-28T00:00:00,GSW vs. SAC,W,18.0,0.0,3.0,2.0,8.0,2.0,8.0,4.0,18.0,0.0,1.0,2.0,3.0,24.7,1,1,1,1,17523,12059,3104,4675,3109,2619,17345,8806,13577,8004,17214,11390,4736,8673,1.0,17:59,2015,2016
2015-16,201574,Jason Thompson,Jason,1610612744,GSW,Golden State Warriors,21500245,2015-11-28T00:00:00,GSW vs. SAC,W,5.9,0.0,0.0,0.0,0.0,4.0,0.0,11.0,4.0,0.0,1.0,0.0,0.0,3.9,1,1,1,1,24010,12059,10158,9917,18861,6141,1,21342,23698,8004,17214,1,18762,23225,1.0,5:53,2015,2016
2015-16,203546,Ian Clark,Ian,1610612744,GSW,Golden State Warriors,21500245,2015-11-28T00:00:00,GSW vs. SAC,W,8.7,0.0,3.0,2.0,0.0,4.0,0.0,11.0,4.0,0.0,1.0,0.0,1.0,9.7,1,1,1,1,22975,12059,3104,4675,18861,6141,1,21342,23698,8004,17214,1,12373,19379,1.0,8:40,2015,2016
2015-16,201578,Marreese Speights,Marreese,1610612744,GSW,Golden State Warriors,21500245,2015-11-28T00:00:00,GSW vs. SAC,W,16.7,2.0,0.0,2.0,10.0,4.0,8.0,15.0,14.0,0.0,3.0,0.0,3.0,20.5,1,1,1,1,18521,6026,10158,4675,1840,6141,17345,24242,17019,8004,25441,1,4736,11401,1.0,16:40,2015,2016
2015-16,201939,Stephen Curry,Stephen,1610612744,GSW,Golden State Warriors,21500245,2015-11-28T00:00:00,GSW vs. SAC,W,29.8,4.0,0.0,2.0,2.0,9.0,16.0,6.0,32.0,0.0,0.0,1.0,6.0,40.8,1,1,1,1,7723,2460,10158,4675,12984,15771,25155,13388,3535,8004,1,4972,873,2181,1.0,29:48,2015,2016
2015-16,101106,Andrew Bogut,Andrew,1610612744,GSW,Golden State Warriors,21500245,2015-11-28T00:00:00,GSW vs. SAC,W,19.5,0.0,0.0,0.0,4.0,7.0,11.0,4.0,18.0,2.0,0.0,3.0,1.0,17.8,1,1,1,1,16294,12059,10158,9917,8599,12242,21814,8806,13577,932,1,17641,12373,13309,1.0,19:32,2015,2016
2015-16,2733,Shaun Livingston,Shaun,1610612744,GSW,Golden State Warriors,21500245,2015-11-28T00:00:00,GSW vs. SAC,W,17.0,0.0,2.0,0.0,6.0,0.0,10.0,6.0,18.0,0.0,0.0,0.0,1.0,13.9,1,1,1,1,18273,12059,4731,9917,5299,1,20509,13388,13577,8004,1,1,12373,16232,1.0,17:00,2015,2016
2015-16,2571,Leandro Barbosa,Leandro,1610612744,GSW,Golden State Warriors,21500245,2015-11-28T00:00:00,GSW vs. SAC,W,21.2,2.0,3.0,2.0,0.0,4.0,9.0,17.0,18.0,0.0,0.0,5.0,1.0,16.9,1,1,1,1,14862,6026,3104,4675,18861,6141,19144,24967,13577,8004,1,24686,12373,13911,1.0,21:13,2015,2016
2015-16,2738,Andre Iguodala,Andre,1610612744,GSW,Golden State Warriors,21500245,2015-11-28T00:00:00,GSW vs. SAC,W,22.1,0.0,0.0,0.0,0.0,2.0,12.0,6.0,24.0,1.0,0.0,2.0,0.0,14.1,1,1,1,1,14099,12059,10158,9917,18861,2619,22832,13388,8723,2692,1,11390,18762,16094,1.0,22:05,2015,2016
2015-16,203546,Ian Clark,Ian,1610612744,GSW,Golden State Warriors,21500236,2015-11-27T00:00:00,GSW @ PHX,W,13.1,2.0,0.0,2.0,4.0,10.0,0.0,13.0,16.0,0.0,0.0,3.0,0.0,13.4,1,1,1,1,20910,6026,10158,4675,8599,17370,1,23048,15259,8004,1,17641,18762,16614,1.0,13:07,2015,2016
2015-16,203105,Festus Ezeli,Festus,1610612744,GSW,Golden State Warriors,21500236,2015-11-27T00:00:00,GSW @ PHX,W,16.6,0.0,2.0,0.0,4.0,9.0,2.0,10.0,24.0,3.0,1.0,3.0,1.0,27.8,1,1,1,1,18605,12059,4731,9917,8599,15771,3734,20169,8723,347,17214,17641,12373,6950,1.0,16:34,2015,2016
2015-16,2571,Leandro Barbosa,Leandro,1610612744,GSW,Golden State Warriors,21500236,2015-11-27T00:00:00,GSW @ PHX,W,23.2,0.0,3.0,2.0,6.0,14.0,3.0,11.0,28.0,1.0,0.0,1.0,1.0,27.6,1,1,1,1,13244,12059,3104,4675,5299,22292,7138,21342,5824,2692,1,4972,12373,7080,1.0,23:09,2015,2016
2015-16,101106,Andrew Bogut,Andrew,1610612744,GSW,Golden State Warriors,21500236,2015-11-27T00:00:00,GSW @ PHX,W,13.0,0.0,0.0,3.0,6.0,4.0,5.0,3.0,4.0,2.0,0.0,4.0,1.0,17.4,1,1,1,1,20962,12059,10158,3302,5299,6141,11469,7328,23698,932,1,22104,12373,13595,1.0,13:01,2015,2016
2015-16,203110,Draymond Green,Draymond,1610612744,GSW,Golden State Warriors,21500236,2015-11-27T00:00:00,GSW @ PHX,W,33.2,0.0,2.0,0.0,4.0,21.0,7.0,18.0,40.0,2.0,0.0,4.0,4.0,46.0,1,1,1,1,4959,12059,4731,9917,8599,25535,15642,25228,983,932,1,22104,2748,1198,1.0,33:13,2015,2016
2015-16,201939,Stephen Curry,Stephen,1610612744,GSW,Golden State Warriors,21500236,2015-11-27T00:00:00,GSW @ PHX,W,30.7,12.0,12.0,6.0,4.0,18.0,7.0,15.0,34.0,0.0,0.0,2.0,13.0,60.2,1,1,1,1,6988,27,6,740,8599,24749,15642,24242,2701,8004,1,11390,14,203,1.0,30:39,2015,2016
2015-16,2733,Shaun Livingston,Shaun,1610612744,GSW,Golden State Warriors,21500236,2015-11-27T00:00:00,GSW @ PHX,W,20.6,0.0,0.0,0.0,0.0,15.0,3.0,10.0,32.0,0.0,0.0,2.0,2.0,10.9,1,1,1,1,15386,12059,10158,9917,18861,23079,7138,20169,3535,8004,1,11390,7786,18498,1.0,20:36,2015,2016
2015-16,201574,Jason Thompson,Jason,1610612744,GSW,Golden State Warriors,21500236,2015-11-27T00:00:00,GSW @ PHX,W,4.2,0.0,0.0,0.0,0.0,3.0,0.0,7.0,6.0,0.0,0.0,1.0,1.0,3.9,1,1,1,1,24632,12059,10158,9917,18861,5109,1,15538,22724,8004,1,4972,12373,23225,1.0,4:14,2015,2016
2015-16,201575,Brandon Rush,Brandon,1610612744,GSW,Golden State Warriors,21500236,2015-11-27T00:00:00,GSW @ PHX,W,14.5,1.0,0.0,0.0,0.0,9.0,3.0,9.0,16.0,0.0,0.0,2.0,1.0,9.6,1,1,1,1,20126,11535,10158,9917,18861,15771,7138,18829,15259,8004,1,11390,12373,19434,1.0,14:28,2015,2016
2015-16,202691,Klay Thompson,Klay,1610612744,GSW,Golden State Warriors,21500236,2015-11-27T00:00:00,GSW @ PHX,W,26.8,3.0,0.0,2.0,2.0,21.0,7.0,17.0,32.0,1.0,0.0,4.0,0.0,18.4,1,1,1,1,10220,4307,10158,4675,12984,25535,15642,24967,3535,2692,1,22104,18762,12854,1.0,26:46,2015,2016
2015-16,2738,Andre Iguodala,Andre,1610612744,GSW,Golden State Warriors,21500236,2015-11-27T00:00:00,GSW @ PHX,W,23.3,0.0,0.0,2.0,6.0,16.0,8.0,7.0,32.0,0.0,0.0,0.0,0.0,16.0,1,1,1,1,13116,12059,10158,4675,5299,23774,17345,15538,3535,8004,1,1,18762,14590,1.0,23:18,2015,2016
2015-16,203084,Harrison Barnes,Harrison,1610612744,GSW,Golden State Warriors,21500236,2015-11-27T00:00:00,GSW @ PHX,W,20.9,0.0,2.0,0.0,6.0,10.0,5.0,10.0,26.0,0.0,1.0,0.0,2.0,20.4,1,1,1,1,15125,12059,4731,9917,5299,17370,11469,20169,7214,8004,17214,1,7786,11453,1.0,20:55,2015,2016
2015-16,201575,Brandon Rush,Brandon,1610612744,GSW,Golden State Warriors,21500214,2015-11-24T00:00:00,GSW vs. LAL,W,8.0,0.0,0.0,0.0,0.0,0.0,4.0,1.0,6.0,0.0,0.0,0.0,0.0,3.2,1,1,1,1,23174,12059,10158,9917,18861,1,8458,3646,22724,8004,1,1,18762,23473,1.0,8:01,2015,2016
2015-16,203110,Draymond Green,Draymond,1610612744,GSW,Golden State Warriors,21500214,2015-11-24T00:00:00,GSW vs. LAL,W,30.3,2.0,2.0,0.0,10.0,6.0,6.0,6.0,18.0,2.0,0.0,0.0,1.0,40.9,1,1,1,1,7284,6026,4731,9917,1840,10028,13237,13388,13577,932,1,1,12373,2166,1.0,30:16,2015,2016
2015-16,201939,Stephen Curry,Stephen,1610612744,GSW,Golden State Warriors,21500214,2015-11-24T00:00:00,GSW vs. LAL,W,30.2,0.0,0.0,6.0,10.0,6.0,6.0,6.0,18.0,0.0,0.0,1.0,0.0,48.3,1,1,1,1,7398,12059,10158,740,1840,10028,13237,13388,13577,8004,1,4972,18762,932,1.0,30:10,2015,2016
2015-16,2571,Leandro Barbosa,Leandro,1610612744,GSW,Golden State Warriors,21500214,2015-11-24T00:00:00,GSW vs. LAL,W,16.9,6.0,3.0,6.0,10.0,5.0,4.0,6.0,14.0,0.0,0.0,0.0,0.0,24.7,1,1,1,1,18331,878,3104,740,1840,8403,8458,13388,17019,8004,1,1,18762,8673,1.0,16:56,2015,2016
2015-16,2738,Andre Iguodala,Andre,1610612744,GSW,Golden State Warriors,21500214,2015-11-24T00:00:00,GSW vs. LAL,W,22.0,2.0,0.0,2.0,4.0,11.0,6.0,7.0,18.0,0.0,0.0,0.0,1.0,25.8,1,1,1,1,14179,6026,10158,4675,8599,18886,13237,15538,13577,8004,1,1,12373,8022,1.0,21:59,2015,2016
2015-16,203105,Festus Ezeli,Festus,1610612744,GSW,Golden State Warriors,21500214,2015-11-24T00:00:00,GSW vs. LAL,W,16.0,2.0,1.0,0.0,8.0,7.0,2.0,3.0,12.0,0.0,0.0,3.0,4.0,18.9,1,1,1,1,19050,6026,9709,9917,3109,12242,3734,7328,18637,8004,1,17641,2748,12513,1.0,15:59,2015,2016
2015-16,203546,Ian Clark,Ian,1610612744,GSW,Golden State Warriors,21500214,2015-11-24T00:00:00,GSW vs. LAL,W,6.1,0.0,0.0,0.0,0.0,0.0,2.0,1.0,2.0,0.0,0.0,0.0,0.0,9.9,1,1,1,1,23940,12059,10158,9917,18861,1,3734,3646,24614,8004,1,1,18762,19247,1.0,6:03,2015,2016
2015-16,101106,Andrew Bogut,Andrew,1610612744,GSW,Golden State Warriors,21500214,2015-11-24T00:00:00,GSW vs. LAL,W,20.9,0.0,0.0,0.0,8.0,2.0,2.0,9.0,12.0,2.0,1.0,2.0,2.0,25.4,1,1,1,1,15125,12059,10158,9917,3109,2619,3734,18829,18637,932,17214,11390,7786,8273,1.0,20:55,2015,2016
2015-16,202691,Klay Thompson,Klay,1610612744,GSW,Golden State Warriors,21500214,2015-11-24T00:00:00,GSW vs. LAL,W,27.7,3.0,0.0,2.0,2.0,4.0,6.0,9.0,16.0,1.0,0.0,0.0,3.0,19.6,1,1,1,1,9469,4307,10158,4675,12984,6141,13237,18829,15259,2692,1,1,4736,12024,1.0,27:41,2015,2016
2015-16,201574,Jason Thompson,Jason,1610612744,GSW,Golden State Warriors,21500214,2015-11-24T00:00:00,GSW vs. LAL,W,12.0,1.0,3.0,0.0,2.0,0.0,4.0,1.0,10.0,1.0,0.0,2.0,1.0,12.9,1,1,1,1,21529,11535,3104,9917,12984,1,8458,3646,20209,2692,1,11390,12373,17049,1.0,12:00,2015,2016
2015-16,201578,Marreese Speights,Marreese,1610612744,GSW,Golden State Warriors,21500214,2015-11-24T00:00:00,GSW vs. LAL,W,11.8,0.0,0.0,0.0,0.0,5.0,2.0,9.0,6.0,0.0,1.0,2.0,0.0,2.4,1,1,1,1,21693,12059,10158,9917,18861,8403,3734,18829,22724,8004,17214,11390,18762,24024,1.0,11:47,2015,2016
2015-16,203084,Harrison Barnes,Harrison,1610612744,GSW,Golden State Warriors,21500214,2015-11-24T00:00:00,GSW vs. LAL,W,23.1,0.0,3.0,3.0,0.0,2.0,4.0,9.0,14.0,0.0,0.0,1.0,2.0,10.9,1,1,1,1,13334,12059,3104,3302,18861,2619,8458,18829,17019,8004,1,4972,7786,18498,1.0,23:03,2015,2016
2015-16,2733,Shaun Livingston,Shaun,1610612744,GSW,Golden State Warriors,21500214,2015-11-24T00:00:00,GSW vs. LAL,W,15.2,0.0,2.0,0.0,2.0,7.0,2.0,8.0,14.0,0.0,0.0,2.0,1.0,10.7,1,1,1,1,19627,12059,4731,9917,12984,12242,3734,17194,17019,8004,1,11390,12373,18636,1.0,15:11,2015,2016
2015-16,2571,Leandro Barbosa,Leandro,1610612744,GSW,Golden State Warriors,21500200,2015-11-22T00:00:00,GSW @ DEN,W,17.9,0.0,0.0,3.0,0.0,6.0,3.0,6.0,16.0,0.0,0.0,1.0,0.0,14.7,1,1,1,1,17604,12059,10158,3302,18861,10028,7138,13388,15259,8004,1,4972,18762,15631,1.0,17:53,2015,2016
2015-16,203084,Harrison Barnes,Harrison,1610612744,GSW,Golden State Warriors,21500200,2015-11-22T00:00:00,GSW @ DEN,W,33.0,4.0,2.0,5.0,8.0,11.0,7.0,16.0,36.0,0.0,1.0,2.0,4.0,33.6,1,1,1,1,5167,2460,4731,1277,3109,18886,15642,24641,1943,8004,17214,11390,2748,4305,1.0,32:57,2015,2016
2015-16,203949,James Michael McAdoo,James Michael,1610612744,GSW,Golden State Warriors,21500200,2015-11-22T00:00:00,GSW @ DEN,W,4.9,2.0,2.0,2.0,2.0,4.0,0.0,0.0,6.0,0.0,1.0,0.0,1.0,10.6,1,1,1,1,24390,6026,4731,4675,12984,6141,1,1,22724,8004,17214,1,12373,18723,1.0,4:56,2015,2016
2015-16,201578,Marreese Speights,Marreese,1610612744,GSW,Golden State Warriors,21500200,2015-11-22T00:00:00,GSW @ DEN,W,6.4,0.0,2.0,2.0,4.0,4.0,0.0,0.0,2.0,0.0,0.0,2.0,2.0,11.2,1,1,1,1,23783,12059,4731,4675,8599,6141,1,1,24614,8004,1,11390,7786,18267,1.0,6:23,2015,2016
2015-16,2738,Andre Iguodala,Andre,1610612744,GSW,Golden State Warriors,21500200,2015-11-22T00:00:00,GSW @ DEN,W,26.5,2.0,0.0,2.0,4.0,13.0,2.0,16.0,22.0,1.0,0.0,4.0,0.0,35.6,1,1,1,1,10422,6026,10158,4675,8599,21300,3734,24641,10265,2692,1,22104,18762,3615,1.0,26:32,2015,2016
2015-16,202691,Klay Thompson,Klay,1610612744,GSW,Golden State Warriors,21500200,2015-11-22T00:00:00,GSW @ DEN,W,31.6,2.0,0.0,0.0,2.0,13.0,9.0,16.0,38.0,1.0,0.0,2.0,3.0,37.1,1,1,1,1,6210,6026,10158,9917,12984,21300,19144,24641,1422,2692,1,11390,4736,3151,1.0,31:37,2015,2016
2015-16,203546,Ian Clark,Ian,1610612744,GSW,Golden State Warriors,21500200,2015-11-22T00:00:00,GSW @ DEN,W,8.8,2.0,0.0,2.0,4.0,10.0,2.0,7.0,18.0,1.0,0.0,2.0,0.0,8.7,1,1,1,1,22911,6026,10158,4675,8599,17370,3734,15538,13577,2692,1,11390,18762,20045,1.0,8:49,2015,2016
2015-16,203110,Draymond Green,Draymond,1610612744,GSW,Golden State Warriors,21500200,2015-11-22T00:00:00,GSW @ DEN,W,31.3,0.0,0.0,2.0,4.0,10.0,7.0,18.0,34.0,1.0,0.0,5.0,1.0,26.4,1,1,1,1,6498,12059,10158,4675,8599,17370,15642,25228,2701,2692,1,24686,12373,7672,1.0,31:16,2015,2016
2015-16,101106,Andrew Bogut,Andrew,1610612744,GSW,Golden State Warriors,21500200,2015-11-22T00:00:00,GSW @ DEN,W,17.8,2.0,2.0,0.0,8.0,4.0,4.0,8.0,22.0,3.0,1.0,3.0,1.0,27.2,1,1,1,1,17667,6026,4731,9917,3109,6141,8458,17194,10265,347,17214,17641,12373,7289,1.0,17:48,2015,2016
2015-16,203105,Festus Ezeli,Festus,1610612744,GSW,Golden State Warriors,21500200,2015-11-22T00:00:00,GSW @ DEN,W,12.4,0.0,0.0,0.0,2.0,4.0,2.0,10.0,10.0,1.0,0.0,3.0,2.0,13.2,1,1,1,1,21347,12059,10158,9917,12984,6141,3734,20169,20209,2692,1,17641,7786,16768,1.0,12:22,2015,2016
2015-16,2733,Shaun Livingston,Shaun,1610612744,GSW,Golden State Warriors,21500200,2015-11-22T00:00:00,GSW @ DEN,W,21.8,2.0,0.0,2.0,4.0,8.0,3.0,8.0,18.0,0.0,0.0,1.0,0.0,16.1,1,1,1,1,14302,6026,10158,4675,8599,13914,7138,17194,13577,8004,1,4972,18762,14515,1.0,21:50,2015,2016
2015-16,201939,Stephen Curry,Stephen,1610612744,GSW,Golden State Warriors,21500200,2015-11-22T00:00:00,GSW @ DEN,W,27.6,4.0,3.0,5.0,6.0,8.0,6.0,15.0,28.0,0.0,0.0,0.0,1.0,39.3,1,1,1,1,9520,2460,3104,1277,5299,13914,13237,24242,5824,8004,1,1,12373,2563,1.0,27:37,2015,2016
2015-16,101106,Andrew Bogut,Andrew,1610612744,GSW,Golden State Warriors,21500187,2015-11-20T00:00:00,GSW vs. CHI,W,18.4,0.0,2.0,0.0,2.0,9.0,9.0,2.0,22.0,3.0,0.0,4.0,1.0,21.8,1,1,1,1,17200,12059,4731,9917,12984,15771,19144,4025,10265,347,1,22104,12373,10526,1.0,18:23,2015,2016
2015-16,203110,Draymond Green,Draymond,1610612744,GSW,Golden State Warriors,21500187,2015-11-20T00:00:00,GSW vs. CHI,W,35.1,0.0,2.0,2.0,6.0,11.0,11.0,5.0,30.0,0.0,0.0,0.0,4.0,24.3,1,1,1,1,3440,12059,4731,4675,5299,18886,21814,11593,4541,8004,1,1,2748,8939,1.0,35:08,2015,2016
2015-16,201939,Stephen Curry,Stephen,1610612744,GSW,Golden State Warriors,21500187,2015-11-20T00:00:00,GSW vs. CHI,W,36.1,2.0,3.0,6.0,10.0,11.0,11.0,5.0,28.0,0.0,0.0,2.0,7.0,45.0,1,1,1,1,2686,6026,3104,740,1840,18886,21814,11593,5824,8004,1,11390,469,1357,1.0,36:05,2015,2016
2015-16,2733,Shaun Livingston,Shaun,1610612744,GSW,Golden State Warriors,21500187,2015-11-20T00:00:00,GSW vs. CHI,W,12.5,0.0,0.0,2.0,4.0,3.0,0.0,3.0,6.0,0.0,0.0,1.0,0.0,10.1,1,1,1,1,21300,12059,10158,4675,8599,5109,1,7328,22724,8004,1,4972,18762,19105,1.0,12:27,2015,2016
2015-16,203084,Harrison Barnes,Harrison,1610612744,GSW,Golden State Warriors,21500187,2015-11-20T00:00:00,GSW vs. CHI,W,31.8,3.0,0.0,0.0,0.0,9.0,9.0,2.0,26.0,0.0,1.0,0.0,2.0,34.3,1,1,1,1,6061,4307,10158,9917,18861,15771,19144,4025,7214,8004,17214,1,7786,4063,1.0,31:49,2015,2016
2015-16,202691,Klay Thompson,Klay,1610612744,GSW,Golden State Warriors,21500187,2015-11-20T00:00:00,GSW vs. CHI,W,36.0,0.0,3.0,2.0,4.0,14.0,11.0,5.0,28.0,1.0,0.0,3.0,2.0,25.1,1,1,1,1,2748,12059,3104,4675,8599,22292,21814,11593,5824,2692,1,17641,7786,8429,1.0,36:01,2015,2016
2015-16,203105,Festus Ezeli,Festus,1610612744,GSW,Golden State Warriors,21500187,2015-11-20T00:00:00,GSW vs. CHI,W,23.4,2.0,3.0,0.0,6.0,6.0,2.0,6.0,12.0,2.0,0.0,3.0,1.0,25.3,1,1,1,1,13052,6026,3104,9917,5299,10028,3734,13388,18637,932,1,17641,12373,8340,1.0,23:23,2015,2016
2015-16,2738,Andre Iguodala,Andre,1610612744,GSW,Golden State Warriors,21500187,2015-11-20T00:00:00,GSW vs. CHI,W,28.6,2.0,2.0,3.0,6.0,13.0,2.0,6.0,12.0,0.0,0.0,1.0,1.0,21.5,1,1,1,1,8733,6026,4731,3302,5299,21300,3734,13388,18637,8004,1,4972,12373,10755,1.0,28:36,2015,2016
2015-16,203546,Ian Clark,Ian,1610612744,GSW,Golden State Warriors,21500187,2015-11-20T00:00:00,GSW vs. CHI,W,2.7,0.0,0.0,0.0,0.0,3.0,0.0,0.0,4.0,0.0,0.0,1.0,0.0,2.7,1,1,1,1,25260,12059,10158,9917,18861,5109,1,1,23698,8004,1,4972,18762,23884,1.0,2:40,2015,2016
2015-16,203949,James Michael McAdoo,James Michael,1610612744,GSW,Golden State Warriors,21500187,2015-11-20T00:00:00,GSW vs. CHI,W,6.7,0.0,0.0,2.0,2.0,3.0,0.0,3.0,0.0,0.0,0.0,0.0,1.0,4.2,1,1,1,1,23684,12059,10158,4675,12984,5109,1,7328,25429,8004,1,1,12373,22976,1.0,6:41,2015,2016
2015-16,2571,Leandro Barbosa,Leandro,1610612744,GSW,Golden State Warriors,21500187,2015-11-20T00:00:00,GSW vs. CHI,W,8.8,3.0,0.0,3.0,0.0,3.0,0.0,3.0,2.0,0.0,1.0,0.0,0.0,4.5,1,1,1,1,22924,4307,10158,3302,18861,5109,1,7328,24614,8004,17214,1,18762,22773,1.0,8:47,2015,2016
2015-16,203949,James Michael McAdoo,James Michael,1610612744,GSW,Golden State Warriors,21500177,2015-11-19T00:00:00,GSW @ LAC,W,0.6,0.0,0.0,0.0,0.0,0.0,0.0,0.0,2.0,0.0,0.0,0.0,0.0,0.0,1,1,1,1,25955,12059,10158,9917,18861,1,1,1,24614,8004,1,1,18762,25170,1.0,0:36,2015,2016
2015-16,2738,Andre Iguodala,Andre,1610612744,GSW,Golden State Warriors,21500177,2015-11-19T00:00:00,GSW @ LAC,W,30.9,3.0,0.0,0.0,0.0,11.0,11.0,8.0,22.0,0.0,0.0,0.0,0.0,20.3,1,1,1,1,6838,4307,10158,9917,18861,18886,21814,17194,10265,8004,1,1,18762,11534,1.0,30:52,2015,2016
2015-16,203110,Draymond Green,Draymond,1610612744,GSW,Golden State Warriors,21500177,2015-11-19T00:00:00,GSW @ LAC,W,30.0,0.0,2.0,5.0,6.0,18.0,3.0,9.0,18.0,1.0,0.0,4.0,3.0,42.7,1,1,1,1,7525,12059,4731,1277,5299,24749,7138,18829,13577,2692,1,22104,4736,1800,1.0,30:01,2015,2016
2015-16,202691,Klay Thompson,Klay,1610612744,GSW,Golden State Warriors,21500177,2015-11-19T00:00:00,GSW @ LAC,W,39.0,2.0,1.0,2.0,2.0,26.0,9.0,11.0,32.0,0.0,0.0,2.0,8.0,29.6,1,1,1,1,1078,6026,9709,4675,12984,25979,19144,21342,3535,8004,1,11390,254,6050,1.0,38:59,2015,2016
2015-16,203084,Harrison Barnes,Harrison,1610612744,GSW,Golden State Warriors,21500177,2015-11-19T00:00:00,GSW @ LAC,W,35.1,2.0,0.0,2.0,8.0,19.0,9.0,11.0,30.0,0.0,0.0,1.0,1.0,29.9,1,1,1,1,3440,6026,10158,4675,3109,25074,19144,21342,4541,8004,1,4972,12373,5884,1.0,35:08,2015,2016
2015-16,201939,Stephen Curry,Stephen,1610612744,GSW,Golden State Warriors,21500177,2015-11-19T00:00:00,GSW @ LAC,W,36.8,2.0,6.0,4.0,8.0,26.0,5.0,13.0,30.0,0.0,1.0,2.0,6.0,61.2,1,1,1,1,2251,6026,481,1913,3109,25979,11469,23048,4541,8004,17214,11390,873,175,1.0,36:46,2015,2016
2015-16,201578,Marreese Speights,Marreese,1610612744,GSW,Golden State Warriors,21500177,2015-11-19T00:00:00,GSW @ LAC,W,12.2,0.0,3.0,0.0,0.0,6.0,6.0,4.0,12.0,0.0,0.0,2.0,3.0,10.5,1,1,1,1,21426,12059,3104,9917,18861,10028,13237,8806,18637,8004,1,11390,4736,18808,1.0,12:12,2015,2016
2015-16,203105,Festus Ezeli,Festus,1610612744,GSW,Golden State Warriors,21500177,2015-11-19T00:00:00,GSW @ LAC,W,21.3,0.0,0.0,0.0,2.0,17.0,6.0,9.0,14.0,2.0,0.0,3.0,4.0,18.3,1,1,1,1,14783,12059,10158,9917,12984,24337,13237,18829,17019,932,1,17641,2748,12952,1.0,21:18,2015,2016
2015-16,201575,Brandon Rush,Brandon,1610612744,GSW,Golden State Warriors,21500177,2015-11-19T00:00:00,GSW @ LAC,W,6.0,0.0,0.0,0.0,0.0,4.0,0.0,2.0,4.0,0.0,0.0,0.0,0.0,2.7,1,1,1,1,23966,12059,10158,9917,18861,6141,1,4025,23698,8004,1,1,18762,23884,1.0,5:59,2015,2016
2015-16,101106,Andrew Bogut,Andrew,1610612744,GSW,Golden State Warriors,21500177,2015-11-19T00:00:00,GSW @ LAC,W,20.4,0.0,0.0,0.0,2.0,11.0,2.0,6.0,20.0,0.0,0.0,2.0,0.0,6.2,1,1,1,1,15574,12059,10158,9917,12984,18886,3734,13388,11929,8004,1,11390,18762,21696,1.0,20:24,2015,2016
2015-16,203546,Ian Clark,Ian,1610612744,GSW,Golden State Warriors,21500177,2015-11-19T00:00:00,GSW @ LAC,W,5.2,0.0,0.0,0.0,0.0,0.0,2.0,2.0,4.0,1.0,0.0,1.0,0.0,5.7,1,1,1,1,24278,12059,10158,9917,18861,1,3734,4025,23698,2692,1,4972,18762,22054,1.0,5:14,2015,2016
2015-16,201574,Jason Thompson,Jason,1610612744,GSW,Golden State Warriors,21500177,2015-11-19T00:00:00,GSW @ LAC,W,2.5,0.0,0.0,0.0,0.0,2.0,2.0,0.0,2.0,0.0,1.0,3.0,0.0,1.2,1,1,1,1,25315,12059,10158,9917,18861,2619,3734,1,24614,8004,17214,17641,18762,24661,1.0,2:31,2015,2016
2015-16,202691,Klay Thompson,Klay,1610612744,GSW,Golden State Warriors,21500164,2015-11-17T00:00:00,GSW vs. TOR,W,34.3,4.0,3.0,0.0,6.0,19.0,12.0,14.0,40.0,0.0,0.0,3.0,2.0,24.7,1,1,1,1,4099,2460,3104,9917,5299,25074,22832,23710,983,8004,1,17641,7786,8673,1.0,34:18,2015,2016
2015-16,201939,Stephen Curry,Stephen,1610612744,GSW,Golden State Warriors,21500164,2015-11-17T00:00:00,GSW vs. TOR,W,39.6,7.0,6.0,7.0,10.0,20.0,14.0,12.0,48.0,0.0,1.0,1.0,7.0,51.9,1,1,1,1,857,548,481,454,1840,25338,24300,22259,192,8004,17214,4972,469,576,1.0,39:35,2015,2016
2015-16,203084,Harrison Barnes,Harrison,1610612744,GSW,Golden State Warriors,21500164,2015-11-17T00:00:00,GSW vs. TOR,W,32.1,0.0,0.0,2.0,2.0,14.0,8.0,10.0,40.0,0.0,0.0,3.0,0.0,13.3,1,1,1,1,5811,12059,10158,4675,12984,22292,17345,20169,983,8004,1,17641,18762,16712,1.0,32:05,2015,2016
2015-16,201578,Marreese Speights,Marreese,1610612744,GSW,Golden State Warriors,21500164,2015-11-17T00:00:00,GSW vs. TOR,W,5.2,3.0,0.0,0.0,2.0,3.0,2.0,0.0,4.0,0.0,0.0,3.0,1.0,5.4,1,1,1,1,24297,4307,10158,9917,12984,5109,3734,1,23698,8004,1,17641,12373,22242,1.0,5:11,2015,2016
2015-16,2738,Andre Iguodala,Andre,1610612744,GSW,Golden State Warriors,21500164,2015-11-17T00:00:00,GSW vs. TOR,W,32.0,2.0,0.0,4.0,4.0,15.0,10.0,11.0,32.0,0.0,0.0,4.0,1.0,20.1,1,1,1,1,5883,6026,10158,1913,8599,23079,20509,21342,3535,8004,1,22104,12373,11685,1.0,32:00,2015,2016
2015-16,101106,Andrew Bogut,Andrew,1610612744,GSW,Golden State Warriors,21500164,2015-11-17T00:00:00,GSW vs. TOR,W,17.4,0.0,2.0,3.0,10.0,13.0,2.0,9.0,16.0,1.0,0.0,5.0,4.0,27.2,1,1,1,1,18004,12059,4731,3302,1840,21300,3734,18829,15259,2692,1,24686,2748,7289,1.0,17:21,2015,2016
2015-16,203110,Draymond Green,Draymond,1610612744,GSW,Golden State Warriors,21500164,2015-11-17T00:00:00,GSW vs. TOR,W,35.2,2.0,0.0,5.0,4.0,19.0,12.0,14.0,40.0,1.0,0.0,4.0,3.0,30.3,1,1,1,1,3430,6026,10158,1277,8599,25074,22832,23710,983,2692,1,22104,4736,5702,1.0,35:09,2015,2016
2015-16,203546,Ian Clark,Ian,1610612744,GSW,Golden State Warriors,21500164,2015-11-17T00:00:00,GSW vs. TOR,W,6.3,1.0,3.0,1.0,0.0,2.0,0.0,2.0,6.0,0.0,0.0,0.0,2.0,8.0,1,1,1,1,23817,11535,3104,9347,18861,2619,1,4025,22724,8004,1,1,7786,20564,1.0,6:20,2015,2016
2015-16,2571,Leandro Barbosa,Leandro,1610612744,GSW,Golden State Warriors,21500164,2015-11-17T00:00:00,GSW vs. TOR,W,15.8,4.0,0.0,4.0,2.0,7.0,2.0,4.0,14.0,0.0,1.0,3.0,1.0,16.7,1,1,1,1,19205,2460,10158,1913,12984,12242,3734,8806,17019,8004,17214,17641,12373,14064,1.0,15:47,2015,2016
2015-16,203105,Festus Ezeli,Festus,1610612744,GSW,Golden State Warriors,21500164,2015-11-17T00:00:00,GSW vs. TOR,W,22.2,0.0,0.0,0.0,6.0,8.0,8.0,4.0,30.0,4.0,0.0,3.0,4.0,32.7,1,1,1,1,13979,12059,10158,9917,5299,13914,17345,8806,4541,132,1,17641,2748,4649,1.0,22:14,2015,2016
2015-16,203110,Draymond Green,Draymond,1610612744,GSW,Golden State Warriors,21500144,2015-11-14T00:00:00,GSW vs. BKN,W,42.0,2.0,5.0,3.0,8.0,21.0,8.0,16.0,38.0,4.0,2.0,4.0,0.0,60.0,1,1,1,1,312,6026,995,3302,3109,25535,17345,24641,1422,132,23588,22104,18762,207,1.0,42:01,2015,2016
2015-16,201939,Stephen Curry,Stephen,1610612744,GSW,Golden State Warriors,21500144,2015-11-14T00:00:00,GSW vs. BKN,W,43.7,0.0,0.0,10.0,10.0,23.0,8.0,20.0,40.0,0.0,0.0,1.0,2.0,45.6,1,1,1,1,150,12059,10158,118,1840,25803,17345,25599,983,8004,1,4972,7786,1263,1.0,43:45,2015,2016
2015-16,101106,Andrew Bogut,Andrew,1610612744,GSW,Golden State Warriors,21500144,2015-11-14T00:00:00,GSW vs. BKN,W,31.9,2.0,4.0,0.0,10.0,16.0,6.0,13.0,30.0,3.0,0.0,4.0,2.0,50.6,1,1,1,1,5994,6026,1596,9917,1840,23774,13237,23048,4541,347,1,22104,7786,691,1.0,31:53,2015,2016
2015-16,2738,Andre Iguodala,Andre,1610612744,GSW,Golden State Warriors,21500144,2015-11-14T00:00:00,GSW vs. BKN,W,37.9,4.0,0.0,4.0,4.0,16.0,4.0,15.0,30.0,0.0,0.0,2.0,2.0,34.2,1,1,1,1,1559,2460,10158,1913,8599,23774,8458,24242,4541,8004,1,11390,7786,4092,1.0,37:53,2015,2016
2015-16,2733,Shaun Livingston,Shaun,1610612744,GSW,Golden State Warriors,21500144,2015-11-14T00:00:00,GSW vs. BKN,W,30.0,4.0,0.0,2.0,4.0,12.0,4.0,9.0,20.0,0.0,0.0,5.0,3.0,10.2,1,1,1,1,7586,2460,10158,4675,8599,20178,8458,18829,11929,8004,1,24686,4736,19003,1.0,29:57,2015,2016
2015-16,201575,Brandon Rush,Brandon,1610612744,GSW,Golden State Warriors,21500144,2015-11-14T00:00:00,GSW vs. BKN,W,20.8,2.0,0.0,5.0,2.0,11.0,6.0,11.0,28.0,1.0,0.0,0.0,0.0,18.8,1,1,1,1,15257,6026,10158,1277,12984,18886,13237,21342,5824,2692,1,1,18762,12588,1.0,20:46,2015,2016
2015-16,203546,Ian Clark,Ian,1610612744,GSW,Golden State Warriors,21500144,2015-11-14T00:00:00,GSW vs. BKN,W,9.3,2.0,0.0,0.0,2.0,0.0,2.0,0.0,8.0,0.0,0.0,1.0,0.0,2.0,1,1,1,1,22735,6026,10158,9917,12984,1,3734,1,21543,8004,1,4972,18762,24216,1.0,9:15,2015,2016
2015-16,203084,Harrison Barnes,Harrison,1610612744,GSW,Golden State Warriors,21500144,2015-11-14T00:00:00,GSW vs. BKN,W,31.4,4.0,2.0,2.0,4.0,11.0,8.0,9.0,28.0,0.0,0.0,1.0,3.0,18.6,1,1,1,1,6418,2460,4731,4675,8599,18886,17345,18829,5824,8004,1,4972,4736,12715,1.0,31:21,2015,2016
2015-16,203105,Festus Ezeli,Festus,1610612744,GSW,Golden State Warriors,21500144,2015-11-14T00:00:00,GSW vs. BKN,W,18.2,0.0,0.0,1.0,2.0,5.0,4.0,7.0,18.0,2.0,2.0,1.0,1.0,16.5,1,1,1,1,17384,12059,10158,9347,12984,8403,8458,15538,13577,932,23588,4972,12373,14224,1.0,18:10,2015,2016
2015-16,101106,Andrew Bogut,Andrew,1610612744,GSW,Golden State Warriors,21500125,2015-11-12T00:00:00,GSW @ MIN,W,21.1,0.0,2.0,0.0,4.0,8.0,11.0,2.0,24.0,3.0,0.0,2.0,0.0,25.2,1,1,1,1,15010,12059,4731,9917,8599,13914,21814,4025,8723,347,1,11390,18762,8383,1.0,21:03,2015,2016
2015-16,203084,Harrison Barnes,Harrison,1610612744,GSW,Golden State Warriors,21500125,2015-11-12T00:00:00,GSW @ MIN,W,34.7,6.0,2.0,0.0,8.0,9.0,24.0,6.0,32.0,1.0,0.0,3.0,1.0,25.3,1,1,1,1,3794,878,4731,9917,3109,15771,26041,13388,3535,2692,1,17641,12373,8340,1.0,34:41,2015,2016
2015-16,201939,Stephen Curry,Stephen,1610612744,GSW,Golden State Warriors,21500125,2015-11-12T00:00:00,GSW @ MIN,W,37.7,9.0,3.0,8.0,6.0,11.0,18.0,10.0,36.0,0.0,0.0,3.0,8.0,61.0,1,1,1,1,1654,171,3104,280,5299,18886,25634,20169,1943,8004,1,17641,254,182,1.0,37:42,2015,2016
2015-16,203110,Draymond Green,Draymond,1610612744,GSW,Golden State Warriors,21500125,2015-11-12T00:00:00,GSW @ MIN,W,35.1,2.0,4.0,0.0,8.0,11.0,16.0,10.0,34.0,2.0,0.0,3.0,6.0,60.6,1,1,1,1,3496,6026,1596,9917,3109,18886,25155,20169,2701,932,1,17641,873,191,1.0,35:03,2015,2016
2015-16,203546,Ian Clark,Ian,1610612744,GSW,Golden State Warriors,21500125,2015-11-12T00:00:00,GSW @ MIN,W,3.7,0.0,3.0,0.0,0.0,2.0,5.0,0.0,4.0,0.0,1.0,2.0,0.0,8.7,1,1,1,1,24849,12059,3104,9917,18861,2619,11469,1,23698,8004,17214,11390,18762,20045,1.0,3:40,2015,2016
2015-16,203949,James Michael McAdoo,James Michael,1610612744,GSW,Golden State Warriors,21500125,2015-11-12T00:00:00,GSW @ MIN,W,2.4,0.0,0.0,0.0,0.0,2.0,0.0,2.0,2.0,0.0,0.0,0.0,0.0,0.0,1,1,1,1,25371,12059,10158,9917,18861,2619,1,4025,24614,8004,1,1,18762,25170,1.0,2:25,2015,2016
2015-16,2738,Andre Iguodala,Andre,1610612744,GSW,Golden State Warriors,21500125,2015-11-12T00:00:00,GSW @ MIN,W,29.6,3.0,0.0,0.0,0.0,15.0,18.0,10.0,38.0,0.0,0.0,3.0,0.0,19.8,1,1,1,1,7866,4307,10158,9917,18861,23079,25634,20169,1422,8004,1,17641,18762,11883,1.0,29:37,2015,2016
2015-16,2733,Shaun Livingston,Shaun,1610612744,GSW,Golden State Warriors,21500125,2015-11-12T00:00:00,GSW @ MIN,W,22.4,0.0,0.0,2.0,2.0,4.0,16.0,4.0,28.0,0.0,0.0,4.0,2.0,13.7,1,1,1,1,13841,12059,10158,4675,12984,6141,25155,8806,5824,8004,1,22104,7786,16393,1.0,22:23,2015,2016
2015-16,203105,Festus Ezeli,Festus,1610612744,GSW,Golden State Warriors,21500125,2015-11-12T00:00:00,GSW @ MIN,W,16.0,0.0,2.0,2.0,10.0,0.0,11.0,6.0,16.0,0.0,0.0,4.0,1.0,16.9,1,1,1,1,19017,12059,4731,4675,1840,1,21814,13388,15259,8004,1,22104,12373,13911,1.0,16:01,2015,2016
2015-16,202691,Klay Thompson,Klay,1610612744,GSW,Golden State Warriors,21500125,2015-11-12T00:00:00,GSW @ MIN,W,37.4,0.0,0.0,3.0,4.0,13.0,21.0,10.0,36.0,1.0,0.0,1.0,0.0,22.4,1,1,1,1,1809,12059,10158,3302,8599,21300,25962,20169,1943,2692,1,4972,18762,10131,1.0,37:25,2015,2016
2015-16,203084,Harrison Barnes,Harrison,1610612744,GSW,Golden State Warriors,21500120,2015-11-11T00:00:00,GSW @ MEM,W,31.6,6.0,2.0,2.0,10.0,7.0,7.0,6.0,22.0,1.0,2.0,5.0,5.0,38.3,1,1,1,1,6265,878,4731,4675,1840,12242,15642,13388,10265,2692,23588,24686,1539,2826,1.0,31:34,2015,2016
2015-16,203110,Draymond Green,Draymond,1610612744,GSW,Golden State Warriors,21500120,2015-11-11T00:00:00,GSW @ MEM,W,28.0,0.0,4.0,0.0,2.0,16.0,4.0,4.0,20.0,2.0,1.0,6.0,4.0,23.2,1,1,1,1,9211,12059,1596,9917,12984,23774,8458,8806,11929,932,17214,25827,2748,9630,1.0,28:01,2015,2016
2015-16,202691,Klay Thompson,Klay,1610612744,GSW,Golden State Warriors,21500120,2015-11-11T00:00:00,GSW @ MEM,W,34.6,2.0,2.0,0.0,0.0,17.0,4.0,6.0,22.0,2.0,1.0,3.0,1.0,25.4,1,1,1,1,3855,6026,4731,9917,18861,24337,8458,13388,10265,932,17214,17641,12373,8273,1.0,34:37,2015,2016
2015-16,101106,Andrew Bogut,Andrew,1610612744,GSW,Golden State Warriors,21500120,2015-11-11T00:00:00,GSW @ MEM,W,15.0,0.0,0.0,0.0,0.0,7.0,5.0,4.0,6.0,0.0,0.0,5.0,1.0,9.9,1,1,1,1,19782,12059,10158,9917,18861,12242,11469,8806,22724,8004,1,24686,12373,19247,1.0,14:58,2015,2016
2015-16,201939,Stephen Curry,Stephen,1610612744,GSW,Golden State Warriors,21500120,2015-11-11T00:00:00,GSW @ MEM,W,34.5,10.0,0.0,10.0,12.0,14.0,6.0,4.0,24.0,1.0,1.0,1.0,6.0,55.5,1,1,1,1,3944,99,10158,118,988,22292,13237,8806,8723,2692,17214,4972,873,375,1.0,34:30,2015,2016
2015-16,203105,Festus Ezeli,Festus,1610612744,GSW,Golden State Warriors,21500120,2015-11-11T00:00:00,GSW @ MEM,W,20.2,0.0,0.0,0.0,2.0,9.0,0.0,4.0,14.0,0.0,0.0,4.0,3.0,11.0,1,1,1,1,15713,12059,10158,9917,12984,15771,1,8806,17019,8004,1,22104,4736,18430,1.0,20:13,2015,2016
2015-16,201578,Marreese Speights,Marreese,1610612744,GSW,Golden State Warriors,21500120,2015-11-11T00:00:00,GSW @ MEM,W,5.4,0.0,0.0,0.0,0.0,4.0,6.0,0.0,8.0,2.0,0.0,2.0,0.0,6.0,1,1,1,1,24208,12059,10158,9917,18861,6141,13237,1,21543,932,1,11390,18762,21878,1.0,5:25,2015,2016
2015-16,203949,James Michael McAdoo,James Michael,1610612744,GSW,Golden State Warriors,21500120,2015-11-11T00:00:00,GSW @ MEM,W,4.0,0.0,0.0,0.0,0.0,5.0,0.0,2.0,2.0,0.0,0.0,0.0,0.0,1.5,1,1,1,1,24700,12059,10158,9917,18861,8403,1,4025,24614,8004,1,1,18762,24473,1.0,4:01,2015,2016
2015-16,2571,Leandro Barbosa,Leandro,1610612744,GSW,Golden State Warriors,21500120,2015-11-11T00:00:00,GSW @ MEM,W,13.8,2.0,0.0,2.0,2.0,3.0,5.0,2.0,8.0,0.0,0.0,0.0,1.0,9.0,1,1,1,1,20504,6026,10158,4675,12984,5109,11469,4025,21543,8004,1,1,12373,19835,1.0,13:50,2015,2016
2015-16,203546,Ian Clark,Ian,1610612744,GSW,Golden State Warriors,21500120,2015-11-11T00:00:00,GSW @ MEM,W,2.3,0.0,0.0,0.0,0.0,5.0,0.0,2.0,2.0,0.0,0.0,0.0,0.0,-0.8,1,1,1,1,25401,12059,10158,9917,18861,8403,1,4025,24614,8004,1,1,18762,25914,1.0,2:21,2015,2016
2015-16,201574,Jason Thompson,Jason,1610612744,GSW,Golden State Warriors,21500120,2015-11-11T00:00:00,GSW @ MEM,W,1.0,0.0,0.0,0.0,0.0,0.0,0.0,0.0,0.0,0.0,0.0,0.0,0.0,2.0,1,1,1,1,25874,12059,10158,9917,18861,1,1,1,25429,8004,1,1,18762,24216,1.0,0:60,2015,2016
2015-16,2733,Shaun Livingston,Shaun,1610612744,GSW,Golden State Warriors,21500120,2015-11-11T00:00:00,GSW @ MEM,W,22.8,0.0,0.0,0.0,4.0,9.0,11.0,2.0,14.0,0.0,0.0,1.0,0.0,12.0,1,1,1,1,13570,12059,10158,9917,8599,15771,21814,4025,17019,8004,1,4972,18762,17703,1.0,22:45,2015,2016
2015-16,2738,Andre Iguodala,Andre,1610612744,GSW,Golden State Warriors,21500120,2015-11-11T00:00:00,GSW @ MEM,W,26.8,5.0,0.0,2.0,2.0,14.0,7.0,4.0,18.0,0.0,0.0,3.0,5.0,20.2,1,1,1,1,10235,1603,10158,4675,12984,22292,15642,8806,13577,8004,1,17641,1539,11610,1.0,26:45,2015,2016
2015-16,2571,Leandro Barbosa,Leandro,1610612744,GSW,Golden State Warriors,21500104,2015-11-09T00:00:00,GSW vs. DET,W,13.6,0.0,0.0,0.0,2.0,2.0,6.0,0.0,12.0,0.0,0.0,2.0,0.0,20.5,1,1,1,1,20633,12059,10158,9917,12984,2619,13237,1,18637,8004,1,11390,18762,11401,1.0,13:37,2015,2016
2015-16,203110,Draymond Green,Draymond,1610612744,GSW,Golden State Warriors,21500104,2015-11-09T00:00:00,GSW vs. DET,W,33.0,4.0,0.0,4.0,6.0,9.0,14.0,13.0,36.0,2.0,0.0,0.0,0.0,48.5,1,1,1,1,5152,2460,10158,1913,5299,15771,24300,23048,1943,932,1,1,18762,909,1.0,32:58,2015,2016
2015-16,201939,Stephen Curry,Stephen,1610612744,GSW,Golden State Warriors,21500104,2015-11-09T00:00:00,GSW vs. DET,W,36.8,5.0,3.0,6.0,8.0,11.0,14.0,13.0,40.0,0.0,1.0,1.0,5.0,39.5,1,1,1,1,2190,1603,3104,740,3109,18886,24300,23048,983,8004,17214,4972,1539,2497,1.0,36:50,2015,2016
2015-16,202691,Klay Thompson,Klay,1610612744,GSW,Golden State Warriors,21500104,2015-11-09T00:00:00,GSW vs. DET,W,32.3,2.0,5.0,11.0,8.0,8.0,16.0,13.0,38.0,0.0,0.0,1.0,0.0,33.1,1,1,1,1,5650,6026,995,69,3109,13914,25155,23048,1422,8004,1,4972,18762,4505,1.0,32:18,2015,2016
2015-16,2738,Andre Iguodala,Andre,1610612744,GSW,Golden State Warriors,21500104,2015-11-09T00:00:00,GSW vs. DET,W,29.4,5.0,0.0,5.0,6.0,9.0,6.0,13.0,32.0,0.0,1.0,2.0,2.0,23.0,1,1,1,1,8059,1603,10158,1277,5299,15771,13237,23048,3535,8004,17214,11390,7786,9760,1.0,29:24,2015,2016
2015-16,203084,Harrison Barnes,Harrison,1610612744,GSW,Golden State Warriors,21500104,2015-11-09T00:00:00,GSW vs. DET,W,28.4,0.0,0.0,7.0,4.0,8.0,10.0,2.0,30.0,0.0,0.0,1.0,2.0,14.4,1,1,1,1,8878,12059,10158,454,8599,13914,20509,4025,4541,8004,1,4972,7786,15857,1.0,28:26,2015,2016
2015-16,101106,Andrew Bogut,Andrew,1610612744,GSW,Golden State Warriors,21500104,2015-11-09T00:00:00,GSW vs. DET,W,19.0,0.0,4.0,0.0,8.0,3.0,4.0,0.0,16.0,0.0,0.0,3.0,2.0,20.8,1,1,1,1,16722,12059,1596,9917,3109,5109,8458,1,15259,8004,1,17641,7786,11195,1.0,18:58,2015,2016
2015-16,203105,Festus Ezeli,Festus,1610612744,GSW,Golden State Warriors,21500104,2015-11-09T00:00:00,GSW vs. DET,W,23.1,0.0,2.0,0.0,4.0,8.0,10.0,11.0,30.0,2.0,1.0,4.0,3.0,18.4,1,1,1,1,13266,12059,4731,9917,8599,13914,20509,21342,4541,932,17214,22104,4736,12854,1.0,23:08,2015,2016
2015-16,203949,James Michael McAdoo,James Michael,1610612744,GSW,Golden State Warriors,21500104,2015-11-09T00:00:00,GSW vs. DET,W,1.0,0.0,0.0,0.0,0.0,0.0,0.0,0.0,2.0,0.0,0.0,0.0,0.0,1.5,1,1,1,1,25870,12059,10158,9917,18861,1,1,1,24614,8004,1,1,18762,24473,1.0,1:01,2015,2016
2015-16,201578,Marreese Speights,Marreese,1610612744,GSW,Golden State Warriors,21500104,2015-11-09T00:00:00,GSW vs. DET,W,4.0,0.0,0.0,0.0,0.0,2.0,4.0,0.0,4.0,0.0,0.0,2.0,0.0,5.6,1,1,1,1,24716,12059,10158,9917,18861,2619,8458,1,23698,8004,1,11390,18762,22133,1.0,3:59,2015,2016
2015-16,2733,Shaun Livingston,Shaun,1610612744,GSW,Golden State Warriors,21500104,2015-11-09T00:00:00,GSW vs. DET,W,19.4,2.0,0.0,2.0,2.0,5.0,6.0,0.0,20.0,0.0,0.0,2.0,0.0,11.4,1,1,1,1,16420,6026,10158,4675,12984,8403,13237,1,11929,8004,1,11390,18762,18134,1.0,19:21,2015,2016
2015-16,201574,Jason Thompson,Jason,1610612744,GSW,Golden State Warriors,21500092,2015-11-07T00:00:00,GSW @ SAC,W,6.9,0.0,2.0,0.0,2.0,0.0,0.0,0.0,6.0,0.0,0.0,1.0,0.0,5.6,1,1,1,1,23589,12059,4731,9917,12984,1,1,1,22724,8004,1,4972,18762,22133,1.0,6:55,2015,2016
2015-16,201939,Stephen Curry,Stephen,1610612744,GSW,Golden State Warriors,21500092,2015-11-07T00:00:00,GSW @ SAC,W,39.1,8.0,5.0,4.0,10.0,20.0,7.0,16.0,42.0,0.0,0.0,1.0,5.0,35.7,1,1,1,1,1020,308,995,1913,1840,25338,15642,24641,670,8004,1,4972,1539,3578,1.0,39:08,2015,2016
2015-16,201578,Marreese Speights,Marreese,1610612744,GSW,Golden State Warriors,21500092,2015-11-07T00:00:00,GSW @ SAC,W,3.2,0.0,0.0,0.0,0.0,0.0,2.0,2.0,6.0,0.0,0.0,0.0,0.0,5.0,1,1,1,1,25064,12059,10158,9917,18861,1,3734,4025,22724,8004,1,1,18762,22500,1.0,3:10,2015,2016
2015-16,203105,Festus Ezeli,Festus,1610612744,GSW,Golden State Warriors,21500092,2015-11-07T00:00:00,GSW @ SAC,W,21.7,2.0,2.0,2.0,6.0,8.0,4.0,2.0,24.0,1.0,1.0,0.0,3.0,26.4,1,1,1,1,14438,6026,4731,4675,5299,13914,8458,4025,8723,2692,17214,1,4736,7672,1.0,21:42,2015,2016
2015-16,203084,Harrison Barnes,Harrison,1610612744,GSW,Golden State Warriors,21500092,2015-11-07T00:00:00,GSW @ SAC,W,31.9,2.0,2.0,4.0,6.0,10.0,2.0,10.0,40.0,0.0,2.0,3.0,5.0,27.4,1,1,1,1,6031,6026,4731,1913,5299,17370,3734,20169,983,8004,23588,17641,1539,7179,1.0,31:51,2015,2016
2015-16,202691,Klay Thompson,Klay,1610612744,GSW,Golden State Warriors,21500092,2015-11-07T00:00:00,GSW @ SAC,W,35.7,3.0,2.0,0.0,4.0,20.0,7.0,16.0,40.0,1.0,0.0,4.0,0.0,26.1,1,1,1,1,3014,4307,4731,9917,8599,25338,15642,24641,983,2692,1,22104,18762,7836,1.0,35:39,2015,2016
2015-16,2571,Leandro Barbosa,Leandro,1610612744,GSW,Golden State Warriors,21500092,2015-11-07T00:00:00,GSW @ SAC,W,12.1,2.0,0.0,2.0,2.0,0.0,4.0,2.0,16.0,0.0,0.0,1.0,0.0,15.3,1,1,1,1,21500,6026,10158,4675,12984,1,8458,4025,15259,8004,1,4972,18762,15150,1.0,12:03,2015,2016
2015-16,2738,Andre Iguodala,Andre,1610612744,GSW,Golden State Warriors,21500092,2015-11-07T00:00:00,GSW @ SAC,W,33.7,10.0,2.0,4.0,8.0,15.0,7.0,12.0,36.0,0.0,0.0,0.0,0.0,38.2,1,1,1,1,4617,99,4731,1913,3109,23079,15642,22259,1943,8004,1,1,18762,2854,1.0,33:40,2015,2016
2015-16,2733,Shaun Livingston,Shaun,1610612744,GSW,Golden State Warriors,21500092,2015-11-07T00:00:00,GSW @ SAC,W,18.0,2.0,2.0,2.0,4.0,10.0,5.0,4.0,18.0,0.0,0.0,2.0,0.0,13.7,1,1,1,1,17489,6026,4731,4675,8599,17370,11469,8806,13577,8004,1,11390,18762,16393,1.0,18:02,2015,2016
2015-16,203110,Draymond Green,Draymond,1610612744,GSW,Golden State Warriors,21500092,2015-11-07T00:00:00,GSW @ SAC,W,37.8,0.0,2.0,2.0,6.0,17.0,7.0,16.0,42.0,0.0,0.0,3.0,6.0,32.3,1,1,1,1,1590,12059,4731,4675,5299,24337,15642,24641,670,8004,1,17641,873,4807,1.0,37:50,2015,2016
2015-16,202691,Klay Thompson,Klay,1610612744,GSW,Golden State Warriors,21500083,2015-11-06T00:00:00,GSW vs. DEN,W,30.2,5.0,0.0,8.0,4.0,15.0,6.0,12.0,30.0,0.0,1.0,0.0,0.0,31.7,1,1,1,1,7336,1603,10158,280,8599,23079,13237,22259,4541,8004,17214,1,18762,5088,1.0,30:13,2015,2016
2015-16,203105,Festus Ezeli,Festus,1610612744,GSW,Golden State Warriors,21500083,2015-11-06T00:00:00,GSW vs. DEN,W,17.9,0.0,2.0,2.0,14.0,10.0,2.0,6.0,18.0,2.0,0.0,4.0,2.0,33.4,1,1,1,1,17617,12059,4731,4675,542,17370,3734,13388,13577,932,1,22104,7786,4384,1.0,17:52,2015,2016
2015-16,2738,Andre Iguodala,Andre,1610612744,GSW,Golden State Warriors,21500083,2015-11-06T00:00:00,GSW vs. DEN,W,23.1,0.0,0.0,0.0,2.0,8.0,1.0,11.0,20.0,1.0,0.0,2.0,1.0,23.9,1,1,1,1,13268,12059,10158,9917,12984,13914,3393,21342,11929,2692,1,11390,12373,9184,1.0,23:07,2015,2016
2015-16,2733,Shaun Livingston,Shaun,1610612744,GSW,Golden State Warriors,21500083,2015-11-06T00:00:00,GSW vs. DEN,W,18.6,0.0,0.0,2.0,2.0,8.0,3.0,7.0,12.0,1.0,0.0,2.0,0.0,9.8,1,1,1,1,17042,12059,10158,4675,12984,13914,7138,15538,18637,2692,1,11390,18762,19331,1.0,18:34,2015,2016
2015-16,203949,James Michael McAdoo,James Michael,1610612744,GSW,Golden State Warriors,21500083,2015-11-06T00:00:00,GSW vs. DEN,W,9.9,0.0,0.0,3.0,2.0,4.0,2.0,6.0,6.0,0.0,2.0,0.0,2.0,9.9,1,1,1,1,22492,12059,10158,3302,12984,6141,3734,13388,22724,8004,23588,1,7786,19247,1.0,9:54,2015,2016
2015-16,201939,Stephen Curry,Stephen,1610612744,GSW,Golden State Warriors,21500083,2015-11-06T00:00:00,GSW vs. DEN,W,34.7,9.0,3.0,6.0,8.0,13.0,5.0,12.0,34.0,1.0,0.0,1.0,6.0,65.4,1,1,1,1,3826,171,3104,740,3109,21300,11469,22259,2701,2692,1,4972,873,89,1.0,34:39,2015,2016
2015-16,203110,Draymond Green,Draymond,1610612744,GSW,Golden State Warriors,21500083,2015-11-06T00:00:00,GSW vs. DEN,W,33.1,0.0,7.0,0.0,6.0,15.0,6.0,12.0,32.0,1.0,0.0,3.0,3.0,35.8,1,1,1,1,5079,12059,292,9917,5299,23079,13237,22259,3535,2692,1,17641,4736,3541,1.0,33:03,2015,2016
2015-16,201578,Marreese Speights,Marreese,1610612744,GSW,Golden State Warriors,21500083,2015-11-06T00:00:00,GSW vs. DEN,W,13.6,0.0,1.0,0.0,2.0,10.0,1.0,9.0,16.0,0.0,1.0,2.0,3.0,11.2,1,1,1,1,20648,12059,9709,9917,12984,17370,3393,18829,15259,8004,17214,11390,4736,18267,1.0,13:35,2015,2016
2015-16,201574,Jason Thompson,Jason,1610612744,GSW,Golden State Warriors,21500083,2015-11-06T00:00:00,GSW vs. DEN,W,7.1,0.0,0.0,2.0,2.0,3.0,2.0,4.0,8.0,0.0,0.0,2.0,0.0,1.2,1,1,1,1,23542,12059,10158,4675,12984,5109,3734,8806,21543,8004,1,11390,18762,24661,1.0,7:03,2015,2016
2015-16,201575,Brandon Rush,Brandon,1610612744,GSW,Golden State Warriors,21500083,2015-11-06T00:00:00,GSW vs. DEN,W,1.8,0.0,0.0,0.0,0.0,2.0,0.0,2.0,2.0,0.0,0.0,0.0,0.0,0.0,1,1,1,1,25600,12059,10158,9917,18861,2619,1,4025,24614,8004,1,1,18762,25170,1.0,1:46,2015,2016
2015-16,203546,Ian Clark,Ian,1610612744,GSW,Golden State Warriors,21500083,2015-11-06T00:00:00,GSW vs. DEN,W,7.5,0.0,0.0,0.0,0.0,3.0,2.0,4.0,8.0,0.0,1.0,0.0,0.0,4.7,1,1,1,1,23384,12059,10158,9917,18861,5109,3734,8806,21543,8004,17214,1,18762,22672,1.0,7:31,2015,2016
2015-16,203084,Harrison Barnes,Harrison,1610612744,GSW,Golden State Warriors,21500083,2015-11-06T00:00:00,GSW vs. DEN,W,31.0,6.0,7.0,8.0,6.0,16.0,3.0,13.0,26.0,0.0,0.0,3.0,2.0,31.5,1,1,1,1,6727,878,292,280,5299,23774,7138,23048,7214,8004,1,17641,7786,5180,1.0,30:59,2015,2016
2015-16,2571,Leandro Barbosa,Leandro,1610612744,GSW,Golden State Warriors,21500083,2015-11-06T00:00:00,GSW vs. DEN,W,11.7,0.0,3.0,0.0,0.0,8.0,2.0,7.0,8.0,0.0,0.0,3.0,1.0,12.1,1,1,1,1,21713,12059,3104,9917,18861,13914,3734,15538,21543,8004,1,17641,12373,17639,1.0,11:44,2015,2016
2015-16,203949,James Michael McAdoo,James Michael,1610612744,GSW,Golden State Warriors,21500069,2015-11-04T00:00:00,GSW vs. LAC,W,0.2,0.0,0.0,0.0,0.0,0.0,0.0,0.0,0.0,0.0,0.0,0.0,0.0,0.0,1,1,1,1,26025,12059,10158,9917,18861,1,1,1,25429,8004,1,1,18762,25170,1.0,0:10,2015,2016
2015-16,203110,Draymond Green,Draymond,1610612744,GSW,Golden State Warriors,21500069,2015-11-04T00:00:00,GSW vs. LAC,W,39.2,0.0,1.0,5.0,4.0,7.0,10.0,16.0,40.0,0.0,2.0,5.0,6.0,26.5,1,1,1,1,1002,12059,9709,1277,8599,12242,20509,24641,983,8004,23588,24686,873,7627,1.0,39:10,2015,2016
2015-16,201939,Stephen Curry,Stephen,1610612744,GSW,Golden State Warriors,21500069,2015-11-04T00:00:00,GSW vs. LAC,W,32.6,8.0,3.0,0.0,0.0,6.0,10.0,7.0,34.0,0.0,1.0,3.0,4.0,46.0,1,1,1,1,5396,308,3104,9917,18861,10028,20509,15538,2701,8004,17214,17641,2748,1198,1.0,32:38,2015,2016
2015-16,202691,Klay Thompson,Klay,1610612744,GSW,Golden State Warriors,21500069,2015-11-04T00:00:00,GSW vs. LAC,W,32.5,2.0,2.0,4.0,4.0,7.0,10.0,12.0,36.0,1.0,0.0,2.0,2.0,36.5,1,1,1,1,5538,6026,4731,1913,8599,12242,20509,22259,1943,2692,1,11390,7786,3326,1.0,32:27,2015,2016
2015-16,203084,Harrison Barnes,Harrison,1610612744,GSW,Golden State Warriors,21500069,2015-11-04T00:00:00,GSW vs. LAC,W,35.7,0.0,3.0,4.0,6.0,13.0,10.0,13.0,38.0,1.0,0.0,1.0,4.0,33.3,1,1,1,1,3014,12059,3104,1913,5299,21300,20509,23048,1422,2692,1,4972,2748,4423,1.0,35:39,2015,2016
2015-16,2733,Shaun Livingston,Shaun,1610612744,GSW,Golden State Warriors,21500069,2015-11-04T00:00:00,GSW vs. LAC,W,17.3,0.0,0.0,0.0,0.0,7.0,3.0,14.0,18.0,0.0,0.0,4.0,0.0,10.1,1,1,1,1,18032,12059,10158,9917,18861,12242,7138,23710,13577,8004,1,22104,18762,19105,1.0,17:19,2015,2016
2015-16,203105,Festus Ezeli,Festus,1610612744,GSW,Golden State Warriors,21500069,2015-11-04T00:00:00,GSW vs. LAC,W,22.9,2.0,0.0,2.0,12.0,5.0,5.0,10.0,26.0,2.0,1.0,3.0,1.0,25.8,1,1,1,1,13494,6026,10158,4675,988,8403,11469,20169,7214,932,17214,17641,12373,8022,1.0,22:51,2015,2016
2015-16,201578,Marreese Speights,Marreese,1610612744,GSW,Golden State Warriors,21500069,2015-11-04T00:00:00,GSW vs. LAC,W,14.7,4.0,2.0,2.0,2.0,6.0,3.0,7.0,12.0,1.0,0.0,0.0,3.0,15.0,1,1,1,1,19995,2460,4731,4675,12984,10028,7138,15538,18637,2692,1,1,4736,15404,1.0,14:39,2015,2016
2015-16,2738,Andre Iguodala,Andre,1610612744,GSW,Golden State Warriors,21500069,2015-11-04T00:00:00,GSW vs. LAC,W,31.7,2.0,0.0,6.0,0.0,8.0,11.0,11.0,28.0,0.0,0.0,3.0,4.0,21.5,1,1,1,1,6164,6026,10158,740,18861,13914,21814,21342,5824,8004,1,17641,2748,10755,1.0,31:41,2015,2016
2015-16,2571,Leandro Barbosa,Leandro,1610612744,GSW,Golden State Warriors,21500069,2015-11-04T00:00:00,GSW vs. LAC,W,13.4,0.0,0.0,2.0,6.0,6.0,3.0,5.0,8.0,0.0,0.0,1.0,2.0,10.7,1,1,1,1,20727,12059,10158,4675,5299,10028,7138,11593,21543,8004,1,4972,7786,18636,1.0,13:26,2015,2016
2015-16,201575,Brandon Rush,Brandon,1610612744,GSW,Golden State Warriors,21500051,2015-11-02T00:00:00,GSW vs. MEM,W,13.4,0.0,0.0,0.0,0.0,3.0,2.0,3.0,8.0,0.0,0.0,1.0,2.0,10.2,1,1,1,1,20761,12059,10158,9917,18861,5109,3734,7328,21543,8004,1,4972,7786,19003,1.0,13:22,2015,2016
2015-16,203084,Harrison Barnes,Harrison,1610612744,GSW,Golden State Warriors,21500051,2015-11-02T00:00:00,GSW vs. MEM,W,20.2,2.0,2.0,4.0,2.0,4.0,6.0,3.0,12.0,0.0,0.0,0.0,2.0,19.6,1,1,1,1,15778,6026,4731,1913,12984,6141,13237,7328,18637,8004,1,1,7786,12024,1.0,20:09,2015,2016
2015-16,203949,James Michael McAdoo,James Michael,1610612744,GSW,Golden State Warriors,21500051,2015-11-02T00:00:00,GSW vs. MEM,W,16.5,2.0,1.0,2.0,8.0,5.0,2.0,3.0,12.0,0.0,1.0,1.0,4.0,18.9,1,1,1,1,18675,6026,9709,4675,3109,8403,3734,7328,18637,8004,17214,4972,2748,12513,1.0,16:28,2015,2016
2015-16,201939,Stephen Curry,Stephen,1610612744,GSW,Golden State Warriors,21500051,2015-11-02T00:00:00,GSW vs. MEM,W,28.4,5.0,0.0,20.0,8.0,6.0,6.0,9.0,14.0,1.0,0.0,2.0,5.0,47.1,1,1,1,1,8915,1603,10158,1,3109,10028,13237,18829,17019,2692,1,11390,1539,1066,1.0,28:24,2015,2016
2015-16,202691,Klay Thompson,Klay,1610612744,GSW,Golden State Warriors,21500051,2015-11-02T00:00:00,GSW vs. MEM,W,26.5,5.0,0.0,2.0,2.0,6.0,6.0,6.0,12.0,2.0,1.0,0.0,0.0,29.4,1,1,1,1,10488,1603,10158,4675,12984,10028,13237,13388,18637,932,17214,1,18762,6143,1.0,26:27,2015,2016
2015-16,2571,Leandro Barbosa,Leandro,1610612744,GSW,Golden State Warriors,21500051,2015-11-02T00:00:00,GSW vs. MEM,W,14.9,0.0,0.0,0.0,0.0,3.0,4.0,1.0,12.0,1.0,1.0,2.0,3.0,9.0,1,1,1,1,19816,12059,10158,9917,18861,5109,8458,3646,18637,2692,17214,11390,4736,19835,1.0,14:55,2015,2016
2015-16,203110,Draymond Green,Draymond,1610612744,GSW,Golden State Warriors,21500051,2015-11-02T00:00:00,GSW vs. MEM,W,27.0,0.0,0.0,3.0,2.0,6.0,6.0,6.0,12.0,3.0,0.0,2.0,1.0,40.8,1,1,1,1,10052,12059,10158,3302,12984,10028,13237,13388,18637,347,1,11390,12373,2181,1.0,26:57,2015,2016
2015-16,201578,Marreese Speights,Marreese,1610612744,GSW,Golden State Warriors,21500051,2015-11-02T00:00:00,GSW vs. MEM,W,18.9,0.0,0.0,0.0,2.0,2.0,6.0,3.0,14.0,0.0,3.0,4.0,1.0,15.1,1,1,1,1,16790,12059,10158,9917,12984,2619,13237,7328,17019,8004,25441,22104,12373,15328,1.0,18:53,2015,2016
2015-16,203105,Festus Ezeli,Festus,1610612744,GSW,Golden State Warriors,21500051,2015-11-02T00:00:00,GSW vs. MEM,W,20.4,0.0,6.0,2.0,8.0,4.0,4.0,4.0,10.0,3.0,1.0,2.0,3.0,31.0,1,1,1,1,15535,12059,481,4675,3109,6141,8458,8806,20209,347,17214,11390,4736,5406,1.0,20:26,2015,2016
2015-16,203546,Ian Clark,Ian,1610612744,GSW,Golden State Warriors,21500051,2015-11-02T00:00:00,GSW vs. MEM,W,12.0,0.0,2.0,3.0,2.0,3.0,2.0,1.0,8.0,0.0,0.0,0.0,3.0,20.1,1,1,1,1,21529,12059,4731,3302,12984,5109,3734,3646,21543,8004,1,1,4736,11685,1.0,12:00,2015,2016
2015-16,201574,Jason Thompson,Jason,1610612744,GSW,Golden State Warriors,21500051,2015-11-02T00:00:00,GSW vs. MEM,W,10.2,0.0,0.0,0.0,2.0,1.0,0.0,1.0,6.0,1.0,0.0,1.0,0.0,17.8,1,1,1,1,22361,12059,10158,9917,12984,2356,1,3646,22724,2692,1,4972,18762,13309,1.0,10:10,2015,2016
2015-16,2733,Shaun Livingston,Shaun,1610612744,GSW,Golden State Warriors,21500051,2015-11-02T00:00:00,GSW vs. MEM,W,10.3,0.0,0.0,0.0,2.0,0.0,2.0,3.0,8.0,1.0,0.0,0.0,0.0,12.4,1,1,1,1,22308,12059,10158,9917,12984,1,3734,7328,21543,2692,1,1,18762,17418,1.0,10:19,2015,2016
2015-16,2738,Andre Iguodala,Andre,1610612744,GSW,Golden State Warriors,21500051,2015-11-02T00:00:00,GSW vs. MEM,W,21.5,0.0,2.0,0.0,4.0,2.0,4.0,7.0,12.0,1.0,0.0,0.0,0.0,22.6,1,1,1,1,14591,12059,4731,9917,8599,2619,8458,15538,18637,2692,1,1,18762,10000,1.0,21:30,2015,2016
2015-16,2733,Shaun Livingston,Shaun,1610612744,GSW,Golden State Warriors,21500035,2015-10-31T00:00:00,GSW @ NOP,W,21.8,0.0,0.0,0.0,0.0,8.0,12.0,0.0,22.0,0.0,0.0,2.0,1.0,11.7,1,1,1,1,14302,12059,10158,9917,18861,13914,22832,1,10265,8004,1,11390,12373,17903,1.0,21:50,2015,2016
2015-16,202691,Klay Thompson,Klay,1610612744,GSW,Golden State Warriors,21500035,2015-10-31T00:00:00,GSW @ NOP,W,27.3,0.0,0.0,5.0,6.0,5.0,7.0,9.0,34.0,1.0,0.0,4.0,3.0,27.1,1,1,1,1,9750,12059,10158,1277,5299,8403,15642,18829,2701,2692,1,22104,4736,7339,1.0,27:20,2015,2016
2015-16,2738,Andre Iguodala,Andre,1610612744,GSW,Golden State Warriors,21500035,2015-10-31T00:00:00,GSW @ NOP,W,29.5,4.0,1.0,4.0,4.0,9.0,16.0,5.0,30.0,0.0,0.0,3.0,1.0,23.9,1,1,1,1,7975,2460,9709,1913,8599,15771,25155,11593,4541,8004,1,17641,12373,9184,1.0,29:30,2015,2016
2015-16,201939,Stephen Curry,Stephen,1610612744,GSW,Golden State Warriors,21500035,2015-10-31T00:00:00,GSW @ NOP,W,35.6,9.0,0.0,7.0,10.0,3.0,15.0,9.0,40.0,0.0,0.0,3.0,7.0,81.3,1,1,1,1,3031,171,10158,454,1840,5109,24781,18829,983,8004,1,17641,469,5,1.0,35:38,2015,2016
2015-16,203110,Draymond Green,Draymond,1610612744,GSW,Golden State Warriors,21500035,2015-10-31T00:00:00,GSW @ NOP,W,37.2,2.0,0.0,3.0,6.0,7.0,15.0,9.0,42.0,1.0,1.0,4.0,3.0,37.2,1,1,1,1,1973,6026,10158,3302,5299,12242,24781,18829,670,2692,17214,22104,4736,3130,1.0,37:11,2015,2016
2015-16,201578,Marreese Speights,Marreese,1610612744,GSW,Golden State Warriors,21500035,2015-10-31T00:00:00,GSW @ NOP,W,14.5,0.0,0.0,0.0,0.0,6.0,6.0,0.0,16.0,1.0,0.0,1.0,2.0,10.2,1,1,1,1,20109,12059,10158,9917,18861,10028,13237,1,15259,2692,1,4972,7786,19003,1.0,14:29,2015,2016
2015-16,201575,Brandon Rush,Brandon,1610612744,GSW,Golden State Warriors,21500035,2015-10-31T00:00:00,GSW @ NOP,W,10.9,5.0,0.0,0.0,0.0,4.0,2.0,0.0,14.0,0.0,0.0,0.0,0.0,14.3,1,1,1,1,22091,1603,10158,9917,18861,6141,3734,1,17019,8004,1,1,18762,15948,1.0,10:51,2015,2016
2015-16,203105,Festus Ezeli,Festus,1610612744,GSW,Golden State Warriors,21500035,2015-10-31T00:00:00,GSW @ NOP,W,15.1,0.0,0.0,0.0,0.0,0.0,5.0,4.0,20.0,1.0,1.0,3.0,4.0,14.5,1,1,1,1,19706,12059,10158,9917,18861,1,11469,8806,11929,2692,17214,17641,2748,15799,1.0,15:04,2015,2016
2015-16,203084,Harrison Barnes,Harrison,1610612744,GSW,Golden State Warriors,21500035,2015-10-31T00:00:00,GSW @ NOP,W,32.2,2.0,0.0,0.0,4.0,7.0,13.0,9.0,38.0,0.0,2.0,2.0,1.0,21.4,1,1,1,1,5704,6026,10158,9917,8599,12242,23668,18829,1422,8004,23588,11390,12373,10807,1.0,32:14,2015,2016
2015-16,2571,Leandro Barbosa,Leandro,1610612744,GSW,Golden State Warriors,21500035,2015-10-31T00:00:00,GSW @ NOP,W,11.9,2.0,0.0,5.0,6.0,6.0,4.0,0.0,14.0,0.0,0.0,2.0,1.0,9.0,1,1,1,1,21661,6026,10158,1277,5299,10028,8458,1,17019,8004,1,11390,12373,19835,1.0,11:51,2015,2016
2015-16,203546,Ian Clark,Ian,1610612744,GSW,Golden State Warriors,21500035,2015-10-31T00:00:00,GSW @ NOP,W,0.5,0.0,0.0,0.0,0.0,0.0,0.0,0.0,2.0,0.0,0.0,0.0,0.0,0.0,1,1,1,1,25974,12059,10158,9917,18861,1,1,1,24614,8004,1,1,18762,25170,1.0,0:30,2015,2016
2015-16,203949,James Michael McAdoo,James Michael,1610612744,GSW,Golden State Warriors,21500035,2015-10-31T00:00:00,GSW @ NOP,W,3.5,0.0,0.0,0.0,0.0,0.0,0.0,0.0,8.0,0.0,0.0,0.0,0.0,0.0,1,1,1,1,24905,12059,10158,9917,18861,1,1,1,21543,8004,1,1,18762,25170,1.0,3:32,2015,2016
2015-16,201575,Brandon Rush,Brandon,1610612744,GSW,Golden State Warriors,21500030,2015-10-30T00:00:00,GSW @ HOU,W,5.9,0.0,0.0,0.0,2.0,2.0,4.0,4.0,8.0,0.0,1.0,0.0,0.0,4.4,1,1,1,1,24002,12059,10158,9917,12984,2619,8458,8806,21543,8004,17214,1,18762,22837,1.0,5:54,2015,2016
2015-16,2733,Shaun Livingston,Shaun,1610612744,GSW,Golden State Warriors,21500030,2015-10-30T00:00:00,GSW @ HOU,W,20.0,0.0,0.0,0.0,0.0,2.0,9.0,2.0,18.0,0.0,1.0,0.0,2.0,5.2,1,1,1,1,15922,12059,10158,9917,18861,2619,19144,4025,13577,8004,17214,1,7786,22370,1.0,19:59,2015,2016
2015-16,203546,Ian Clark,Ian,1610612744,GSW,Golden State Warriors,21500030,2015-10-30T00:00:00,GSW @ HOU,W,4.6,0.0,0.0,0.0,0.0,2.0,4.0,4.0,8.0,0.0,1.0,1.0,0.0,5.0,1,1,1,1,24510,12059,10158,9917,18861,2619,8458,8806,21543,8004,17214,4972,18762,22500,1.0,4:36,2015,2016
2015-16,203949,James Michael McAdoo,James Michael,1610612744,GSW,Golden State Warriors,21500030,2015-10-30T00:00:00,GSW @ HOU,W,7.4,0.0,0.0,0.0,0.0,2.0,4.0,4.0,10.0,0.0,0.0,3.0,1.0,4.7,1,1,1,1,23421,12059,10158,9917,18861,2619,8458,8806,20209,8004,1,17641,12373,22672,1.0,7:24,2015,2016
2015-16,2738,Andre Iguodala,Andre,1610612744,GSW,Golden State Warriors,21500030,2015-10-30T00:00:00,GSW @ HOU,W,29.8,5.0,2.0,2.0,6.0,4.0,13.0,2.0,26.0,0.0,0.0,0.0,2.0,31.2,1,1,1,1,7738,1603,4731,4675,5299,6141,23668,4025,7214,8004,1,1,7786,5304,1.0,29:47,2015,2016
2015-16,201939,Stephen Curry,Stephen,1610612744,GSW,Golden State Warriors,21500030,2015-10-30T00:00:00,GSW @ HOU,W,27.4,7.0,2.0,10.0,10.0,7.0,8.0,7.0,24.0,0.0,0.0,4.0,2.0,44.4,1,1,1,1,9695,548,4731,118,1840,12242,17345,15538,8723,8004,1,22104,7786,1474,1.0,27:24,2015,2016
2015-16,203110,Draymond Green,Draymond,1610612744,GSW,Golden State Warriors,21500030,2015-10-30T00:00:00,GSW @ HOU,W,31.2,2.0,3.0,0.0,4.0,7.0,8.0,7.0,22.0,1.0,3.0,2.0,6.0,35.9,1,1,1,1,6527,6026,3104,9917,8599,12242,17345,15538,10265,2692,25441,11390,873,3505,1.0,31:14,2015,2016
2015-16,203105,Festus Ezeli,Festus,1610612744,GSW,Golden State Warriors,21500030,2015-10-30T00:00:00,GSW @ HOU,W,24.7,1.0,0.0,1.0,8.0,7.0,4.0,7.0,14.0,2.0,2.0,2.0,2.0,22.9,1,1,1,1,11927,11535,10158,9347,3109,12242,8458,15538,17019,932,23588,11390,7786,9811,1.0,24:42,2015,2016
2015-16,202691,Klay Thompson,Klay,1610612744,GSW,Golden State Warriors,21500030,2015-10-30T00:00:00,GSW @ HOU,W,24.1,2.0,0.0,4.0,4.0,5.0,0.0,7.0,14.0,0.0,0.0,3.0,1.0,14.4,1,1,1,1,12508,6026,10158,1913,8599,8403,1,15538,17019,8004,1,17641,12373,15857,1.0,24:03,2015,2016
2015-16,201578,Marreese Speights,Marreese,1610612744,GSW,Golden State Warriors,21500030,2015-10-30T00:00:00,GSW @ HOU,W,12.7,0.0,4.0,0.0,8.0,0.0,9.0,2.0,16.0,1.0,0.0,3.0,2.0,23.3,1,1,1,1,21161,12059,1596,9917,3109,1,19144,4025,15259,2692,1,17641,7786,9567,1.0,12:40,2015,2016
2015-16,203084,Harrison Barnes,Harrison,1610612744,GSW,Golden State Warriors,21500030,2015-10-30T00:00:00,GSW @ HOU,W,26.5,2.0,0.0,0.0,6.0,3.0,7.0,9.0,20.0,0.0,0.0,2.0,2.0,21.0,1,1,1,1,10474,6026,10158,9917,5299,5109,15642,18829,11929,8004,1,11390,7786,11077,1.0,26:28,2015,2016
2015-16,2571,Leandro Barbosa,Leandro,1610612744,GSW,Golden State Warriors,21500030,2015-10-30T00:00:00,GSW @ HOU,W,19.4,0.0,0.0,0.0,0.0,2.0,13.0,6.0,20.0,0.0,0.0,3.0,0.0,18.4,1,1,1,1,16399,12059,10158,9917,18861,2619,23668,13388,11929,8004,1,17641,18762,12854,1.0,19:23,2015,2016
2015-16,201574,Jason Thompson,Jason,1610612744,GSW,Golden State Warriors,21500030,2015-10-30T00:00:00,GSW @ HOU,W,6.4,0.0,2.0,0.0,2.0,2.0,2.0,4.0,10.0,0.0,1.0,1.0,0.0,7.6,1,1,1,1,23770,12059,4731,9917,12984,2619,3734,8806,20209,8004,17214,4972,18762,20803,1.0,6:26,2015,2016
2015-16,201578,Marreese Speights,Marreese,1610612744,GSW,Golden State Warriors,21500003,2015-10-27T00:00:00,GSW vs. NOP,W,10.7,2.0,2.0,0.0,2.0,13.0,4.0,5.0,10.0,1.0,0.0,1.0,3.0,17.5,1,1,1,1,22153,6026,4731,9917,12984,21300,8458,11593,20209,2692,1,4972,4736,13528,1.0,10:42,2015,2016
2015-16,101106,Andrew Bogut,Andrew,1610612744,GSW,Golden State Warriors,21500003,2015-10-27T00:00:00,GSW vs. NOP,W,18.7,0.0,4.0,0.0,12.0,8.0,2.0,7.0,14.0,2.0,0.0,2.0,1.0,31.5,1,1,1,1,16946,12059,1596,9917,988,13914,3734,15538,17019,932,1,11390,12373,5180,1.0,18:42,2015,2016
2015-16,2733,Shaun Livingston,Shaun,1610612744,GSW,Golden State Warriors,21500003,2015-10-27T00:00:00,GSW vs. NOP,W,21.3,0.0,4.0,0.0,4.0,15.0,4.0,5.0,10.0,1.0,0.0,1.0,0.0,15.6,1,1,1,1,14743,12059,1596,9917,8599,23079,8458,11593,20209,2692,1,4972,18762,14916,1.0,21:20,2015,2016
2015-16,203949,James Michael McAdoo,James Michael,1610612744,GSW,Golden State Warriors,21500003,2015-10-27T00:00:00,GSW vs. NOP,W,2.5,0.0,0.0,0.0,0.0,4.0,2.0,0.0,2.0,0.0,0.0,4.0,1.0,3.0,1,1,1,1,25313,12059,10158,9917,18861,6141,3734,1,24614,8004,1,22104,12373,23648,1.0,2:31,2015,2016
2015-16,202691,Klay Thompson,Klay,1610612744,GSW,Golden State Warriors,21500003,2015-10-27T00:00:00,GSW vs. NOP,W,26.4,2.0,0.0,0.0,6.0,18.0,4.0,16.0,30.0,1.0,0.0,5.0,2.0,18.5,1,1,1,1,10505,6026,10158,9917,5299,24749,8458,24641,4541,2692,1,24686,7786,12794,1.0,26:26,2015,2016
2015-16,203105,Festus Ezeli,Festus,1610612744,GSW,Golden State Warriors,21500003,2015-10-27T00:00:00,GSW vs. NOP,W,17.0,0.0,0.0,0.0,12.0,10.0,2.0,8.0,16.0,1.0,2.0,2.0,3.0,24.3,1,1,1,1,18268,12059,10158,9917,988,17370,3734,17194,15259,2692,23588,11390,4736,8939,1.0,17:01,2015,2016
2015-16,203110,Draymond Green,Draymond,1610612744,GSW,Golden State Warriors,21500003,2015-10-27T00:00:00,GSW vs. NOP,W,29.4,5.0,0.0,0.0,0.0,11.0,4.0,13.0,26.0,0.0,0.0,5.0,8.0,24.6,1,1,1,1,8021,1603,10158,9917,18861,18886,8458,23048,7214,8004,1,24686,254,8724,1.0,29:26,2015,2016
2015-16,201939,Stephen Curry,Stephen,1610612744,GSW,Golden State Warriors,21500003,2015-10-27T00:00:00,GSW vs. NOP,W,35.6,10.0,8.0,11.0,14.0,16.0,4.0,13.0,30.0,0.0,1.0,1.0,6.0,61.7,1,1,1,1,3047,99,137,69,542,23774,8458,23048,4541,8004,17214,4972,873,154,1.0,35:37,2015,2016
2015-16,203084,Harrison Barnes,Harrison,1610612744,GSW,Golden State Warriors,21500003,2015-10-27T00:00:00,GSW vs. NOP,W,32.7,5.0,3.0,0.0,2.0,12.0,4.0,11.0,28.0,0.0,0.0,3.0,2.0,25.3,1,1,1,1,5344,1603,3104,9917,12984,20178,8458,21342,5824,8004,1,17641,7786,8340,1.0,32:42,2015,2016
2015-16,2571,Leandro Barbosa,Leandro,1610612744,GSW,Golden State Warriors,21500003,2015-10-27T00:00:00,GSW vs. NOP,W,20.5,0.0,0.0,0.0,0.0,18.0,4.0,5.0,14.0,1.0,0.0,3.0,0.0,10.2,1,1,1,1,15477,12059,10158,9917,18861,24749,8458,11593,17019,2692,1,17641,18762,19003,1.0,20:30,2015,2016
2015-16,2738,Andre Iguodala,Andre,1610612744,GSW,Golden State Warriors,21500003,2015-10-27T00:00:00,GSW vs. NOP,W,23.4,2.0,0.0,2.0,2.0,18.0,4.0,7.0,18.0,0.0,0.0,2.0,0.0,14.5,1,1,1,1,13052,6026,10158,4675,12984,24749,8458,15538,13577,8004,1,11390,18762,15799,1.0,23:23,2015,2016
2015-16,201575,Brandon Rush,Brandon,1610612744,GSW,Golden State Warriors,21500003,2015-10-27T00:00:00,GSW vs. NOP,W,1.7,0.0,0.0,0.0,0.0,2.0,2.0,0.0,2.0,0.0,0.0,0.0,0.0,0.0,1,1,1,1,25633,12059,10158,9917,18861,2619,3734,1,24614,8004,1,1,18762,25170,1.0,1:40,2015,2016
