group_set,player_id,player_name,nickname,team_id,team_abbreviation,age,gp,w,l,w_pct,min,fgm,fga,fg_pct,fg3m,fg3a,fg3_pct,ftm,fta,ft_pct,oreb,dreb,reb,ast,tov,stl,blk,blka,pf,pfd,pts,plus_minus,nba_fantasy_pts,dd2,td3,wnba_fantasy_pts,gp_rank,w_rank,l_rank,w_pct_rank,min_rank,fgm_rank,fga_rank,fg_pct_rank,fg3m_rank,fg3a_rank,fg3_pct_rank,ftm_rank,fta_rank,ft_pct_rank,oreb_rank,dreb_rank,reb_rank,ast_rank,tov_rank,stl_rank,blk_rank,blka_rank,pf_rank,pfd_rank,pts_rank,plus_minus_rank,nba_fantasy_pts_rank,dd2_rank,td3_rank,wnba_fantasy_pts_rank,team
Players,201569,Eric Gordon,Eric,1610612756,PHX,35.0,1,0,1,0.0,3.485,0,0,0.0,0,0,0.0,0,0,0.0,0,0,0,0,0,0,0,0,0,0,0,-8,0.0,0,0,0.0,87,79,15,79,86,65,83,65,40,65,40,45,48,45,48,66,77,51,40,33,27,1,1,53,72,95,92,32,5,92,PHX
Players,1629642,Nassir Little,Nassir,1610612756,PHX,24.0,1,0,1,0.0,0.0483333333333333,0,0,0.0,0,0,0.0,0,0,0.0,0,0,0,0,0,0,0,0,0,0,0,-2,0.0,0,0,0.0,87,79,15,79,116,65,83,65,40,65,40,45,48,45,48,66,77,51,40,33,27,1,1,53,72,61,92,32,5,92,PHX
Players,1629006,Josh Okogie,Josh,1610612756,PHX,25.0,1,0,1,0.0,0.1533333333333333,0,0,0.0,0,0,0.0,0,0,0.0,0,0,0,0,0,0,0,0,0,0,0,-3,0.0,0,0,0.0,87,79,15,79,111,65,83,65,40,65,40,45,48,45,48,66,77,51,40,33,27,1,1,53,72,74,92,32,5,92,PHX
Players,203994,Jusuf Nurkić,Jusuf,1610612756,PHX,29.0,1,0,1,0.0,0.0816666666666666,0,0,0.0,0,0,0.0,0,1,0.0,1,0,1,0,0,0,0,0,1,0,0,-1,1.2,0,0,1.0,87,79,15,79,114,65,83,65,40,65,40,45,44,45,22,66,50,51,40,33,27,1,50,53,72,55,84,32,5,83,PHX
Players,203078,Bradley Beal,Bradley,1610612756,PHX,31.0,1,0,1,0.0,3.25,1,2,0.5,0,1,0.0,0,0,0.0,0,0,0,1,3,0,0,0,1,0,2,-4,0.5,0,0,3.0,87,79,15,79,90,41,46,31,40,36,40,45,48,45,48,66,77,23,5,33,27,1,50,53,58,82,91,32,5,72,PHX
Players,201142,Kevin Durant,Kevin,1610612756,PHX,35.0,1,0,1,0.0,3.485,0,0,0.0,0,0,0.0,0,0,0.0,1,0,1,0,0,0,0,0,0,2,0,-8,1.2,0,0,1.0,87,79,15,79,86,65,83,65,40,65,40,45,48,45,22,66,50,51,40,33,27,1,1,27,72,95,84,32,5,83,PHX
Players,1626220,Royce O'Neale,Royce,1610612756,PHX,31.0,1,0,1,0.0,3.485,1,2,0.5,1,2,0.5,0,0,0.0,0,1,1,0,0,0,0,0,0,0,3,-8,4.2,0,0,5.0,87,79,15,79,86,41,46,31,17,27,19,45,48,45,48,38,50,51,40,33,27,1,1,53,46,95,68,32,5,62,PHX
Players,1626164,Devin Booker,Devin,1610612756,PHX,27.0,1,0,1,0.0,3.4366666666666665,0,1,0.0,0,0,0.0,4,4,1.0,0,0,0,0,0,1,0,1,1,1,4,-6,7.0,0,0,6.0,87,79,15,79,89,65,63,65,40,65,40,16,22,1,48,66,77,51,40,9,27,97,50,36,40,87,57,32,5,56,PHX
