group_set,player_id,player,nickname,team_id,team,age,gp,w,l,w_pct,min,fgm,fga,fg_pct,fg3m,fg3a,fg3_pct,ftm,fta,ft_pct,oreb,dreb,reb,ast,tov,stl,blk,blka,pf,pfd,pts,plus_minus,nba_fantasy_pts,dd2,td3,wnba_fantasy_pts,gp_rank,w_rank,l_rank,w_pct_rank,min_rank,fgm_rank,fga_rank,fg_pct_rank,fg3m_rank,fg3a_rank,fg3_pct_rank,ftm_rank,fta_rank,ft_pct_rank,oreb_rank,dreb_rank,reb_rank,ast_rank,tov_rank,stl_rank,blk_rank,blka_rank,pf_rank,pfd_rank,pts_rank,plus_minus_rank,nba_fantasy_pts_rank,dd2_rank,td3_rank,wnba_fantasy_pts_rank
Players,1626246,Boban Marjanović,Boban,1610612742,DAL,31.0,1,1,0,1.0,0.0033333333333333,0,0,0.0,0,0,0.0,0,0,0.0,0,0,0,0,0,0,0,0,0,0,0,0,0.0,0,0,0.0,97,51,1,1,123,69,89,69,44,69,44,48,50,48,40,76,82,42,48,36,25,1,1,62,76,51,93,39,6,93
Players,1627827,Dorian Finney-Smith,Dorian,1610612742,DAL,27.0,2,1,1,0.5,12.758333333333333,2,2,1.0,0,0,0.0,0,0,0.0,1,2,3,1,0,0,0,0,1,0,4,-8,9.1,0,0,8.0,80,51,11,45,50,27,55,1,44,69,44,48,50,48,16,31,28,27,48,36,25,1,38,62,45,92,47,39,6,48
Players,1629029,Luka Dončić,Luka,1610612742,DAL,21.0,2,1,1,0.5,12.758333333333333,5,9,0.556,3,5,0.6,0,0,0.0,0,4,4,2,2,0,0,0,1,2,13,-8,18.8,1,1,22.0,80,51,11,45,50,15,23,23,4,14,13,48,50,48,40,16,21,13,10,36,25,1,38,30,19,92,25,18,3,21
Players,1628467,Maxi Kleber,Maxi,1610612742,DAL,28.0,2,1,1,0.5,12.758333333333333,0,3,0.0,0,3,0.0,0,0,0.0,0,2,2,1,0,0,0,0,0,0,0,-8,3.9,0,0,3.0,80,51,11,45,50,69,43,69,44,26,44,48,50,48,40,31,38,27,48,36,25,1,1,62,76,92,67,39,6,69
Players,203077,Michael Kidd-Gilchrist,Michael,1610612742,DAL,26.0,1,1,0,1.0,0.5883333333333334,0,0,0.0,0,0,0.0,0,0,0.0,0,0,0,0,0,0,0,0,0,0,0,-3,0.0,0,0,0.0,97,51,1,1,113,69,89,69,44,69,44,48,50,48,40,76,82,42,48,36,25,1,1,62,76,69,93,39,6,93
Players,203552,Seth Curry,Seth,1610612742,DAL,29.0,2,1,1,0.5,6.083333333333333,0,2,0.0,0,1,0.0,0,0,0.0,0,0,0,0,0,0,0,0,1,0,0,-7,0.0,0,0,0.0,80,51,11,45,75,69,55,69,44,51,44,48,50,48,40,76,82,42,48,36,25,1,38,62,76,87,93,39,6,93
Players,203501,Tim Hardaway Jr.,Tim,1610612742,DAL,28.0,2,1,1,0.5,12.258333333333333,1,2,0.5,1,2,0.5,2,3,0.667,0,1,1,0,1,0,0,0,1,1,5,-8,5.2,0,0,7.0,80,51,11,45,54,43,55,28,20,39,14,25,23,35,40,46,57,42,20,36,25,1,38,39,37,92,62,39,6,54
Players,203504,Trey Burke,Trey,1610612742,DAL,27.0,2,1,1,0.5,6.583333333333333,2,5,0.4,1,1,1.0,0,0,0.0,1,0,1,0,0,1,0,1,1,1,5,2,9.2,0,0,9.0,80,51,11,45,72,27,34,42,20,51,1,48,50,48,16,76,57,42,48,9,25,97,38,39,37,44,45,39,6,44
