group_set,player_id,player,nickname,team_id,team,age,gp,w,l,w_pct,min,fgm,fga,fg_pct,fg3m,fg3a,fg3_pct,ftm,fta,ft_pct,oreb,dreb,reb,ast,tov,stl,blk,blka,pf,pfd,pts,plus_minus,nba_fantasy_pts,dd2,td3,wnba_fantasy_pts,gp_rank,w_rank,l_rank,w_pct_rank,min_rank,fgm_rank,fga_rank,fg_pct_rank,fg3m_rank,fg3a_rank,fg3_pct_rank,ftm_rank,fta_rank,ft_pct_rank,oreb_rank,dreb_rank,reb_rank,ast_rank,tov_rank,stl_rank,blk_rank,blka_rank,pf_rank,pfd_rank,pts_rank,plus_minus_rank,nba_fantasy_pts_rank,dd2_rank,td3_rank,wnba_fantasy_pts_rank
Players,1629001,De'Anthony Melton,De'Anthony,1610612763,MEM,23.0,1,0,1,0.0,1.7866666666666666,1,2,0.5,0,0,0.0,0,0,0.0,1,0,1,0,0,0,0,0,0,0,2,-3,3.2,0,0,3.0,97,100,23,100,101,38,51,30,36,66,36,46,47,46,13,73,56,39,27,22,20,1,1,63,61,88,76,44,5,76
Players,1630217,Desmond Bane,Desmond,1610612763,MEM,23.0,1,0,1,0.0,1.0,0,0,0.0,0,0,0.0,0,0,0.0,0,0,0,0,0,0,0,0,0,0,0,-1,0.0,0,0,0.0,97,100,23,100,108,73,91,73,36,66,36,46,47,46,40,73,81,39,27,22,20,1,1,63,85,66,106,44,5,106
Players,1628415,Dillon Brooks,Dillon,1610612763,MEM,25.0,3,1,2,0.333,5.71,1,5,0.2,0,3,0.0,0,0,0.0,0,0,0,0,0,0,0,0,0,0,2,-8,2.0,0,0,2.0,53,54,69,74,75,38,26,69,36,14,36,46,47,46,40,73,81,39,27,22,20,1,1,63,61,104,89,44,5,81
Players,1628960,Grayson Allen,Grayson,1610612763,MEM,25.0,3,1,2,0.333,5.71,0,0,0.0,0,0,0.0,0,0,0.0,0,1,1,0,0,0,0,0,1,0,0,-8,1.2,0,0,1.0,53,54,69,74,75,73,91,73,36,66,36,46,47,46,40,44,56,39,27,22,20,1,58,63,85,104,98,44,5,95
Players,1629630,Ja Morant,Ja,1610612763,MEM,21.0,3,1,2,0.333,5.71,3,7,0.429,0,0,0.0,2,2,1.0,1,1,2,0,1,0,0,2,0,2,8,-8,9.4,1,0,10.0,53,54,69,74,75,16,14,46,36,66,36,20,22,1,13,44,36,39,11,22,20,131,1,17,23,104,40,23,5,34
Players,1628991,Jaren Jackson Jr.,Jaren,1610612763,MEM,21.0,1,0,1,0.0,0.0533333333333333,0,0,0.0,0,0,0.0,0,0,0.0,0,0,0,0,0,0,0,0,0,0,0,-1,0.0,0,0,0.0,97,100,23,100,130,73,91,73,36,66,36,46,47,46,40,73,81,39,27,22,20,1,1,63,85,66,106,44,5,106
Players,202685,Jonas Valančiūnas,Jonas,1610612763,MEM,29.0,3,1,2,0.333,5.656666666666666,0,0,0.0,0,0,0.0,0,0,0.0,2,1,3,0,0,0,0,0,2,0,0,-7,3.6,3,0,3.0,53,54,69,74,78,73,91,73,36,66,36,46,47,46,6,44,25,39,27,22,20,1,93,63,85,101,75,11,5,76
Players,203937,Kyle Anderson,Kyle,1610612763,MEM,27.0,2,1,1,0.5,2.9233333333333333,0,0,0.0,0,0,0.0,0,0,0.0,0,0,0,1,0,0,0,0,2,0,0,-4,1.5,1,0,1.0,75,54,23,52,93,73,91,73,36,66,36,46,47,46,40,73,81,22,27,22,20,1,93,63,85,95,95,23,5,95
