season,player_id,player,nickname,team_id,team,team_name,game_id,game_date,matchup,wl,min,pts_off_tov,pts_2nd_chance,pts_fb,pts_paint,opp_pts_off_tov,opp_pts_2nd_chance,opp_pts_fb,opp_pts_paint,blk,blka,pf,pfd,nba_fantasy_pts,gp_rank,w_rank,l_rank,w_pct_rank,min_rank,pts_off_tov_rank,pts_2nd_chance_rank,pts_fb_rank,pts_paint_rank,opp_pts_off_tov_rank,opp_pts_2nd_chance_rank,opp_pts_fb_rank,opp_pts_paint_rank,blk_rank,blka_rank,pf_rank,pfd_rank,nba_fantasy_pts_rank,available_flag,min_sec,season_start,season_end
2018-19,1628518,Amile Jefferson,Amile,1610612753,ORL,Orlando Magic,21801222,2019-04-10T00:00:00,ORL @ CHA,W,50.4,4.1,4.1,0.0,12.2,4.1,4.1,12.2,49.0,0.0,2.0,6.1,0.0,36.5,1,1,1,1,3887,7969,6522,10121,7570,2935,4069,13471,11441,8286,21288,19571,18923,15495,1,24:41,2018,2019
2018-19,1628411,Wes Iwundu,Wes,1610612753,ORL,Orlando Magic,21801222,2019-04-10T00:00:00,ORL @ CHA,W,51.6,0.0,0.0,0.0,4.3,8.5,10.6,12.8,72.3,4.3,2.1,2.1,2.1,53.2,1,1,1,1,2057,12104,10185,10121,17051,5953,11395,14023,1421,1530,21493,7789,15945,6786,1,24:15,2018,2019
2018-19,203082,Terrence Ross,Terrence,1610612753,ORL,Orlando Magic,21801222,2019-04-10T00:00:00,ORL @ CHA,W,48.9,9.8,3.3,4.9,16.4,6.6,3.3,13.1,45.9,0.0,0.0,1.6,3.3,77.4,1,1,1,1,7115,1655,7962,5267,4368,4318,3534,14390,13669,8286,1,6374,12433,1082,1,29:51,2018,2019
2018-19,203487,Michael Carter-Williams,Michael,1610612753,ORL,Orlando Magic,21801222,2019-04-10T00:00:00,ORL @ CHA,W,49.0,0.0,4.4,0.0,13.3,4.4,0.0,4.4,35.6,0.0,0.0,6.7,6.7,58.4,1,1,1,1,6818,12104,5993,10121,6546,3093,1,5054,20484,8286,1,20553,4889,4832,1,22:04,2018,2019
2018-19,201571,D.J. Augustin,D.J.,1610612753,ORL,Orlando Magic,21801222,2019-04-10T00:00:00,ORL @ CHA,W,52.5,0.0,0.0,0.0,13.6,10.2,11.9,16.9,78.0,0.0,1.7,3.4,1.7,37.8,1,1,1,1,1235,12104,10185,10121,6437,7486,13063,18223,830,8286,20114,11907,17310,14778,1,30:59,2018,2019
2018-19,1626185,Jarell Martin,Jarell,1610612753,ORL,Orlando Magic,21801222,2019-04-10T00:00:00,ORL @ CHA,W,51.8,0.0,0.0,0.0,5.1,5.1,5.1,5.1,41.0,0.0,0.0,5.1,0.0,18.2,1,1,1,1,1845,12104,10185,10121,15989,3424,4881,5632,17075,8286,1,17143,18923,23337,1,20:12,2018,2019
2018-19,203920,Khem Birch,Khem,1610612753,ORL,Orlando Magic,21801222,2019-04-10T00:00:00,ORL @ CHA,W,53.0,0.0,0.0,0.0,9.1,13.6,11.4,13.6,77.3,0.0,0.0,11.4,4.5,34.5,1,1,1,1,980,12104,10185,10121,10829,11334,12379,14919,878,8286,1,24766,8971,16513,1,23:19,2018,2019
2018-19,203932,Aaron Gordon,Aaron,1610612753,ORL,Orlando Magic,21801222,2019-04-10T00:00:00,ORL @ CHA,W,52.3,3.2,9.5,0.0,22.2,9.5,11.1,15.9,76.2,0.0,0.0,1.6,3.2,60.2,1,1,1,1,1414,9804,1556,10121,1710,6817,11892,17180,959,8286,1,6180,12755,4253,1,32:56,2018,2019
2018-19,203095,Evan Fournier,Evan,1610612753,ORL,Orlando Magic,21801222,2019-04-10T00:00:00,ORL @ CHA,W,52.0,1.6,3.3,1.6,16.4,13.1,8.2,16.4,72.1,0.0,1.6,1.6,4.9,34.3,1,1,1,1,1655,11938,7962,9992,4368,10727,8244,17686,1464,8286,19869,6374,8227,16679,1,31:43,2018,2019
2018-19,201571,D.J. Augustin,D.J.,1610612753,ORL,Orlando Magic,21801203,2019-04-07T00:00:00,ORL @ BOS,W,49.0,6.2,0.0,6.2,9.2,21.5,3.1,6.2,30.8,0.0,1.5,3.1,4.6,59.8,1,1,1,1,6851,4739,10185,3768,10761,19613,3408,6657,22653,8286,19336,10883,8903,4381,1,31:52,2018,2019
2018-19,203095,Evan Fournier,Evan,1610612753,ORL,Orlando Magic,21801203,2019-04-07T00:00:00,ORL @ BOS,W,46.6,0.0,0.0,0.0,13.0,18.2,2.6,11.7,31.2,0.0,0.0,1.3,7.8,48.7,1,1,1,1,14742,12104,10185,10121,6930,16399,3197,12843,22556,8286,1,5134,3472,8884,1,35:52,2018,2019
2018-19,203082,Terrence Ross,Terrence,1610612753,ORL,Orlando Magic,21801203,2019-04-07T00:00:00,ORL @ BOS,W,44.6,10.3,5.2,10.3,0.0,12.1,6.9,8.6,55.2,1.7,0.0,0.0,5.2,62.2,1,1,1,1,20506,1430,4987,1156,19484,9533,6690,9379,7182,5664,1,1,7684,3691,1,25:52,2018,2019
2018-19,203487,Michael Carter-Williams,Michael,1610612753,ORL,Orlando Magic,21801203,2019-04-07T00:00:00,ORL @ BOS,W,41.4,0.0,0.0,0.0,0.0,5.1,5.1,12.8,61.5,2.6,0.0,5.1,7.7,62.3,1,1,1,1,24902,12104,10185,10121,19484,3424,4881,14078,4011,3618,1,17143,3498,3669,1,16:08,2018,2019
2018-19,1626185,Jarell Martin,Jarell,1610612753,ORL,Orlando Magic,21801203,2019-04-07T00:00:00,ORL @ BOS,W,41.7,0.0,0.0,0.0,0.0,0.0,0.0,75.0,0.0,0.0,0.0,25.0,0.0,0.0,1,1,1,1,24706,12104,10185,10121,19484,1,1,26074,25578,8286,1,25968,18923,25271,1,1:40,2018,2019
2018-19,1628411,Wes Iwundu,Wes,1610612753,ORL,Orlando Magic,21801203,2019-04-07T00:00:00,ORL @ BOS,W,43.7,4.8,0.0,4.8,4.8,9.5,4.8,4.8,57.1,0.0,0.0,2.4,0.0,11.7,1,1,1,1,22373,6777,10185,5463,16476,6817,4558,5302,5939,8286,1,8418,18923,24539,1,18:21,2018,2019
2018-19,1628371,Jonathan Isaac,Jonathan,1610612753,ORL,Orlando Magic,21801203,2019-04-07T00:00:00,ORL @ BOS,W,49.4,13.6,0.0,6.8,0.0,20.5,0.0,9.1,27.3,2.3,2.3,0.0,4.5,35.5,1,1,1,1,5849,595,10185,3142,19484,18748,1,9806,23775,4206,21835,1,8971,16045,1,21:45,2018,2019
2018-19,203920,Khem Birch,Khem,1610612753,ORL,Orlando Magic,21801203,2019-04-07T00:00:00,ORL @ BOS,W,43.8,0.0,6.3,0.0,12.5,6.3,6.3,15.6,68.8,0.0,0.0,3.1,0.0,20.0,1,1,1,1,22148,12104,3724,10121,7253,4059,6034,16934,2015,8286,1,10984,18923,22775,1,14:01,2018,2019
2018-19,203932,Aaron Gordon,Aaron,1610612753,ORL,Orlando Magic,21801203,2019-04-07T00:00:00,ORL @ BOS,W,46.0,0.0,2.3,2.3,13.6,15.9,4.5,4.5,45.5,2.3,0.0,3.4,1.1,36.8,1,1,1,1,16602,12104,9834,9797,6375,14023,4384,5126,13913,4206,1,11991,18892,15342,1,40:30,2018,2019
2018-19,202696,Nikola Vučević,Nikola,1610612753,ORL,Orlando Magic,21801203,2019-04-07T00:00:00,ORL @ BOS,W,47.2,5.6,5.6,0.0,27.8,19.4,2.8,5.6,30.6,2.8,2.8,4.2,1.4,71.4,1,1,1,1,12646,5490,4451,10121,696,17758,3268,6053,22804,3186,23085,14339,18421,1796,1,33:59,2018,2019
2018-19,203920,Khem Birch,Khem,1610612753,ORL,Orlando Magic,21801181,2019-04-05T00:00:00,ORL vs. ATL,W,44.2,0.0,0.0,0.0,19.4,32.3,6.5,12.9,58.1,6.5,6.5,3.2,0.0,61.6,1,1,1,1,21291,12104,10185,10121,2801,24394,6222,14168,5592,551,25739,11331,18923,3844,1,13:43,2018,2019
2018-19,1628518,Amile Jefferson,Amile,1610612753,ORL,Orlando Magic,21801181,2019-04-05T00:00:00,ORL vs. ATL,W,43.2,0.0,18.2,0.0,36.4,0.0,45.5,18.2,54.5,0.0,0.0,0.0,0.0,36.4,1,1,1,1,23210,12104,230,10121,184,1,25864,19142,7496,8286,1,1,18923,15575,1,4:45,2018,2019
2018-19,203095,Evan Fournier,Evan,1610612753,ORL,Orlando Magic,21801181,2019-04-05T00:00:00,ORL vs. ATL,W,42.5,0.0,3.2,0.0,25.4,15.9,12.7,15.9,38.1,0.0,0.0,3.2,4.8,48.1,1,1,1,1,24041,12104,8160,10121,1037,13982,14092,17180,19014,8286,1,11205,8493,9190,1,26:46,2018,2019
2018-19,1626170,Jerian Grant,Jerian,1610612753,ORL,Orlando Magic,21801181,2019-04-05T00:00:00,ORL vs. ATL,W,43.2,0.0,0.0,0.0,0.0,0.0,45.5,18.2,54.5,0.0,0.0,9.1,0.0,81.8,1,1,1,1,23210,12104,10185,10121,19484,1,25864,19142,7496,8286,1,23450,18923,731,1,4:45,2018,2019
2018-19,203932,Aaron Gordon,Aaron,1610612753,ORL,Orlando Magic,21801181,2019-04-05T00:00:00,ORL vs. ATL,W,43.3,4.7,3.1,4.7,6.3,23.4,7.8,14.1,46.9,1.6,0.0,3.1,1.6,52.7,1,1,1,1,22927,6925,8258,5595,14369,21021,7778,15412,12949,6305,1,10984,17811,7022,1,27:44,2018,2019
2018-19,1626185,Jarell Martin,Jarell,1610612753,ORL,Orlando Magic,21801181,2019-04-05T00:00:00,ORL vs. ATL,W,41.8,0.0,0.0,0.0,7.4,14.8,25.9,22.2,59.3,0.0,0.0,22.2,0.0,51.9,1,1,1,1,24648,12104,10185,10121,12872,12716,24121,21828,5053,8286,1,25923,18923,7359,1,11:17,2018,2019
2018-19,201571,D.J. Augustin,D.J.,1610612753,ORL,Orlando Magic,21801181,2019-04-05T00:00:00,ORL vs. ATL,W,42.2,0.0,0.0,7.7,9.2,18.5,15.4,18.5,46.2,0.0,0.0,1.5,3.1,46.3,1,1,1,1,24321,12104,10185,2433,10761,16811,17095,19481,13377,8286,1,6006,13076,10074,1,27:26,2018,2019
2018-19,1628371,Jonathan Isaac,Jonathan,1610612753,ORL,Orlando Magic,21801181,2019-04-05T00:00:00,ORL vs. ATL,W,44.7,7.7,0.0,11.5,15.4,19.2,19.2,19.2,50.0,1.9,0.0,7.7,7.7,65.8,1,1,1,1,20332,3057,10185,835,4942,17548,20795,20037,10251,5019,1,22104,3498,2826,1,23:14,2018,2019
2018-19,202696,Nikola Vučević,Nikola,1610612753,ORL,Orlando Magic,21801181,2019-04-05T00:00:00,ORL vs. ATL,W,42.2,5.7,7.1,4.3,20.0,17.1,14.3,17.1,45.7,0.0,0.0,4.3,7.1,64.6,1,1,1,1,24331,5287,2937,6187,2454,15371,15801,18359,13761,8286,1,14823,4186,3099,1,29:32,2018,2019
2018-19,203082,Terrence Ross,Terrence,1610612753,ORL,Orlando Magic,21801181,2019-04-05T00:00:00,ORL vs. ATL,W,42.5,9.2,4.6,13.8,3.1,23.1,10.8,13.8,52.3,0.0,0.0,1.5,3.1,51.4,1,1,1,1,23966,1982,5768,458,18651,20723,11560,15185,9054,8286,1,6006,13076,7578,1,27:39,2018,2019
2018-19,1628982,Melvin Frazier Jr.,Melvin,1610612753,ORL,Orlando Magic,21801181,2019-04-05T00:00:00,ORL vs. ATL,W,43.2,18.2,0.0,18.2,18.2,0.0,45.5,18.2,54.5,0.0,0.0,0.0,9.1,18.2,1,1,1,1,23210,208,10185,168,3242,1,25864,19142,7496,8286,1,1,2174,23341,1,4:45,2018,2019
2018-19,1628411,Wes Iwundu,Wes,1610612753,ORL,Orlando Magic,21801181,2019-04-05T00:00:00,ORL vs. ATL,W,41.5,7.0,0.0,0.0,4.7,27.9,9.3,14.0,60.5,0.0,2.3,4.7,2.3,32.8,1,1,1,1,24856,3765,10185,10121,16601,23178,9646,15298,4481,8286,21953,15840,15414,17450,1,17:50,2018,2019
2018-19,203487,Michael Carter-Williams,Michael,1610612753,ORL,Orlando Magic,21801181,2019-04-05T00:00:00,ORL vs. ATL,W,43.8,0.0,0.0,0.0,4.3,21.3,14.9,12.8,55.3,0.0,2.1,2.1,4.3,49.4,1,1,1,1,22234,12104,10185,10121,17051,19385,16652,14023,7119,8286,21493,7789,9715,8576,1,20:34,2018,2019
2018-19,203095,Evan Fournier,Evan,1610612753,ORL,Orlando Magic,21801166,2019-04-03T00:00:00,ORL vs. NYK,W,46.3,0.0,2.6,6.6,10.5,25.0,2.6,18.4,47.4,1.3,1.3,1.3,5.3,39.9,1,1,1,1,15586,12104,9316,3349,9221,21732,3206,19428,12576,7530,17938,5184,7418,13638,1,35:13,2018,2019
2018-19,202696,Nikola Vučević,Nikola,1610612753,ORL,Orlando Magic,21801166,2019-04-03T00:00:00,ORL vs. NYK,W,48.9,9.0,9.0,0.0,29.9,25.4,14.9,16.4,56.7,1.5,0.0,6.0,7.5,73.3,1,1,1,1,7339,2155,1826,10121,509,22142,16690,17708,6345,6630,1,19251,3857,1547,1,32:44,2018,2019
2018-19,203082,Terrence Ross,Terrence,1610612753,ORL,Orlando Magic,21801166,2019-04-03T00:00:00,ORL vs. NYK,W,46.3,5.9,0.0,9.8,11.8,7.8,15.7,9.8,47.1,0.0,2.0,0.0,0.0,73.1,1,1,1,1,15791,5049,10185,1354,7934,5342,17528,10680,12759,8286,21076,1,18923,1571,1,23:36,2018,2019
2018-19,1628411,Wes Iwundu,Wes,1610612753,ORL,Orlando Magic,21801166,2019-04-03T00:00:00,ORL vs. NYK,W,49.4,0.0,0.0,0.0,7.7,15.4,26.9,7.7,53.8,0.0,0.0,0.0,0.0,33.1,1,1,1,1,5878,12104,10185,10121,12505,13323,24366,8268,8021,8286,1,1,18923,17309,1,12:51,2018,2019
2018-19,201571,D.J. Augustin,D.J.,1610612753,ORL,Orlando Magic,21801166,2019-04-03T00:00:00,ORL vs. NYK,W,48.8,0.0,3.2,0.0,3.2,27.0,11.1,17.5,57.1,0.0,0.0,1.6,3.2,33.0,1,1,1,1,7399,12104,8160,10121,18504,22826,11892,18624,5939,8286,1,6180,12755,17335,1,30:46,2018,2019
2018-19,203487,Michael Carter-Williams,Michael,1610612753,ORL,Orlando Magic,21801166,2019-04-03T00:00:00,ORL vs. NYK,W,47.5,0.0,4.0,0.0,4.0,12.0,16.0,10.0,44.0,2.0,0.0,6.0,2.0,46.4,1,1,1,1,11619,12104,6642,10121,17358,9445,17803,10811,15005,4810,1,19320,16285,10025,1,23:45,2018,2019
2018-19,203932,Aaron Gordon,Aaron,1610612753,ORL,Orlando Magic,21801166,2019-04-03T00:00:00,ORL vs. NYK,W,46.1,1.1,3.4,0.0,9.2,21.8,10.3,18.4,48.3,1.1,1.1,2.3,4.6,46.4,1,1,1,1,16431,12095,7641,10121,10819,19851,11010,19422,11950,8135,17301,8251,8963,10012,1,40:05,2018,2019
2018-19,1628371,Jonathan Isaac,Jonathan,1610612753,ORL,Orlando Magic,21801166,2019-04-03T00:00:00,ORL vs. NYK,W,47.7,0.0,7.4,0.0,11.1,27.8,13.0,20.4,63.0,3.7,1.9,5.6,1.9,38.5,1,1,1,1,11122,12104,2757,10121,8584,23111,14433,20877,3580,1968,20718,18164,16722,14372,1,25:44,2018,2019
2018-19,203920,Khem Birch,Khem,1610612753,ORL,Orlando Magic,21801166,2019-04-03T00:00:00,ORL vs. NYK,W,44.9,0.0,8.8,0.0,17.6,11.8,5.9,14.7,41.2,2.9,2.9,5.9,2.9,47.1,1,1,1,1,19792,12104,1885,10121,3612,9126,5638,16032,16960,2904,23412,18925,13449,9698,1,15:16,2018,2019
2018-19,1626170,Jerian Grant,Jerian,1610612753,ORL,Orlando Magic,21801156,2019-04-01T00:00:00,ORL @ TOR,L,41.1,0.0,0.0,0.0,0.0,0.0,14.3,0.0,42.9,0.0,0.0,7.1,7.1,22.9,1,13078,13078,13078,25065,12104,10185,10121,19484,1,15801,1,15698,8286,1,21332,4186,21943,1,5:45,2018,2019
2018-19,202696,Nikola Vučević,Nikola,1610612753,ORL,Orlando Magic,21801156,2019-04-01T00:00:00,ORL @ TOR,L,49.0,0.0,3.8,0.0,11.3,7.5,24.5,17.0,15.1,0.0,1.9,3.8,1.9,58.7,1,13078,13078,13078,6852,12104,7060,10121,8459,5098,23662,18248,25391,8286,20838,13094,16605,4751,1,25:59,2018,2019
2018-19,1628411,Wes Iwundu,Wes,1610612753,ORL,Orlando Magic,21801156,2019-04-01T00:00:00,ORL @ TOR,L,46.6,4.5,4.5,4.5,13.6,0.0,11.4,6.8,27.3,0.0,0.0,4.5,0.0,46.8,1,13078,13078,13078,14588,7119,5814,5783,6375,1,12379,7374,23775,8286,1,15477,18923,9809,1,20:31,2018,2019
2018-19,1628371,Jonathan Isaac,Jonathan,1610612753,ORL,Orlando Magic,21801156,2019-04-01T00:00:00,ORL @ TOR,L,46.9,0.0,0.0,4.8,3.2,15.9,22.2,12.7,34.9,4.8,0.0,4.8,4.8,52.1,1,13078,13078,13078,13813,12104,10185,5463,18504,13982,22628,13963,20823,1203,1,16069,8493,7267,1,29:32,2018,2019
2018-19,203095,Evan Fournier,Evan,1610612753,ORL,Orlando Magic,21801156,2019-04-01T00:00:00,ORL @ TOR,L,47.3,9.4,0.0,6.3,12.5,15.6,21.9,17.2,31.3,0.0,0.0,4.7,4.7,48.1,1,13078,13078,13078,12181,1889,10185,3640,7253,13689,22509,18416,22514,8286,1,15963,8725,9177,1,30:18,2018,2019
2018-19,1628518,Amile Jefferson,Amile,1610612753,ORL,Orlando Magic,21801156,2019-04-01T00:00:00,ORL @ TOR,L,41.1,0.0,14.3,0.0,14.3,0.0,14.3,0.0,42.9,7.1,0.0,7.1,14.3,115.0,1,13078,13078,13078,25065,12104,492,10121,5765,1,15801,1,15698,405,1,21332,311,73,1,5:45,2018,2019
2018-19,1626185,Jarell Martin,Jarell,1610612753,ORL,Orlando Magic,21801156,2019-04-01T00:00:00,ORL @ TOR,L,41.1,21.4,0.0,21.4,0.0,0.0,14.3,0.0,42.9,0.0,0.0,0.0,14.3,44.3,1,13078,13078,13078,25065,126,10185,86,19484,1,15801,1,15698,8286,1,1,311,11114,1,5:45,2018,2019
2018-19,203920,Khem Birch,Khem,1610612753,ORL,Orlando Magic,21801156,2019-04-01T00:00:00,ORL @ TOR,L,44.0,5.4,0.0,5.4,27.0,16.2,10.8,5.4,48.6,2.7,5.4,2.7,5.4,56.2,1,13078,13078,13078,21855,5753,10185,4589,784,14360,11591,5921,11657,3332,25491,9489,7179,5574,1,16:16,2018,2019
2018-19,203487,Michael Carter-Williams,Michael,1610612753,ORL,Orlando Magic,21801156,2019-04-01T00:00:00,ORL @ TOR,L,43.8,0.0,0.0,6.9,13.8,10.3,17.2,3.4,41.4,0.0,1.7,6.9,3.4,44.8,1,13078,13078,13078,22165,12104,10185,3024,6219,7632,19093,4320,16829,8286,20230,21040,11895,10837,1,25:24,2018,2019
2018-19,203932,Aaron Gordon,Aaron,1610612753,ORL,Orlando Magic,21801156,2019-04-01T00:00:00,ORL @ TOR,L,47.9,3.4,0.0,3.4,6.9,10.3,22.4,19.0,17.2,5.2,1.7,0.0,1.7,40.2,1,13078,13078,13078,10200,9215,10185,7621,13519,7632,22839,19865,25274,1011,20230,1,17196,13426,1,27:48,2018,2019
2018-19,201571,D.J. Augustin,D.J.,1610612753,ORL,Orlando Magic,21801156,2019-04-01T00:00:00,ORL @ TOR,L,48.1,0.0,0.0,0.0,0.0,8.5,19.1,19.1,17.0,0.0,2.1,6.4,6.4,32.8,1,13078,13078,13078,9699,12104,10185,10121,19484,5953,20741,19985,25288,8286,21493,20113,5432,17463,1,22:36,2018,2019
2018-19,203082,Terrence Ross,Terrence,1610612753,ORL,Orlando Magic,21801156,2019-04-01T00:00:00,ORL @ TOR,L,46.0,5.7,0.0,5.7,0.0,7.5,13.2,0.0,37.7,0.0,3.8,1.9,0.0,33.8,1,13078,13078,13078,16818,5389,10185,4307,19484,5098,14681,1,19290,8286,24542,7153,18923,16935,1,24:21,2018,2019
2018-19,1628411,Wes Iwundu,Wes,1610612753,ORL,Orlando Magic,21801140,2019-03-30T00:00:00,ORL @ IND,W,46.9,11.9,0.0,4.8,9.5,4.8,11.9,7.1,38.1,0.0,0.0,2.4,0.0,34.3,1,1,1,1,13705,921,10185,5463,10380,3234,13099,7669,19014,8286,1,8418,18923,16653,1,19:42,2018,2019
2018-19,202696,Nikola Vučević,Nikola,1610612753,ORL,Orlando Magic,21801140,2019-03-30T00:00:00,ORL @ IND,W,50.8,1.6,0.0,0.0,9.7,22.6,12.9,8.1,64.5,0.0,1.6,3.2,8.1,44.2,1,1,1,1,3088,11951,10185,10121,10287,20422,14331,8773,3101,8286,19733,11331,3181,11164,1,31:31,2018,2019
2018-19,203082,Terrence Ross,Terrence,1610612753,ORL,Orlando Magic,21801140,2019-03-30T00:00:00,ORL @ IND,W,49.1,0.0,0.0,10.3,0.0,6.9,13.8,6.9,55.2,0.0,0.0,5.2,5.2,39.5,1,1,1,1,6678,12104,10185,1156,19484,4568,15352,7440,7182,8286,1,17295,7684,13839,1,28:28,2018,2019
2018-19,203920,Khem Birch,Khem,1610612753,ORL,Orlando Magic,21801140,2019-03-30T00:00:00,ORL @ IND,W,49.2,6.1,0.0,0.0,24.2,6.1,18.2,12.1,66.7,3.0,3.0,6.1,3.0,76.7,1,1,1,1,6323,4843,10185,10121,1273,3950,19859,13319,2265,2745,23561,19419,13155,1143,1,16:15,2018,2019
2018-19,201571,D.J. Augustin,D.J.,1610612753,ORL,Orlando Magic,21801140,2019-03-30T00:00:00,ORL @ IND,W,50.7,3.3,0.0,8.3,13.3,23.3,16.7,8.3,66.7,0.0,0.0,3.3,0.0,51.3,1,1,1,1,3303,9439,10185,2025,6546,20935,18356,8979,2265,8286,1,11674,18923,7603,1,30:25,2018,2019
2018-19,1628371,Jonathan Isaac,Jonathan,1610612753,ORL,Orlando Magic,21801140,2019-03-30T00:00:00,ORL @ IND,W,49.1,5.6,5.6,0.0,3.7,22.2,20.4,9.3,63.0,0.0,0.0,0.0,3.7,50.2,1,1,1,1,6723,5490,4451,10121,17746,20041,21655,10075,3580,8286,1,1,11197,8142,1,26:30,2018,2019
2018-19,203095,Evan Fournier,Evan,1610612753,ORL,Orlando Magic,21801140,2019-03-30T00:00:00,ORL @ IND,W,48.9,7.7,0.0,3.1,3.1,24.6,23.1,13.8,76.9,0.0,1.5,3.1,1.5,40.9,1,1,1,1,7075,3057,10185,8328,18651,21676,23086,15185,888,8286,19336,10883,17893,13012,1,31:49,2018,2019
2018-19,203932,Aaron Gordon,Aaron,1610612753,ORL,Orlando Magic,21801140,2019-03-30T00:00:00,ORL @ IND,W,49.0,6.5,7.8,0.0,10.4,18.2,19.5,7.8,70.1,0.0,0.0,3.9,5.2,65.6,1,1,1,1,6848,4326,2509,10121,9465,16399,21008,8439,1785,8286,1,13515,7635,2870,1,37:45,2018,2019
2018-19,203487,Michael Carter-Williams,Michael,1610612753,ORL,Orlando Magic,21801140,2019-03-30T00:00:00,ORL @ IND,W,47.5,8.1,8.1,0.0,16.2,5.4,18.9,10.8,59.5,5.4,0.0,2.7,5.4,67.3,1,1,1,1,11590,2731,2276,10121,4447,3576,20564,11792,4965,909,1,9489,7179,2508,1,17:35,2018,2019
2018-19,203932,Aaron Gordon,Aaron,1610612753,ORL,Orlando Magic,21801122,2019-03-28T00:00:00,ORL @ DET,L,51.5,0.0,0.0,3.2,15.9,25.4,14.3,14.3,57.1,0.0,3.2,4.8,7.9,47.0,1,13078,13078,13078,2175,12104,10185,8134,4692,22155,15801,15487,5939,8286,23804,16069,3305,9737,1,32:27,2018,2019
2018-19,1628371,Jonathan Isaac,Jonathan,1610612753,ORL,Orlando Magic,21801122,2019-03-28T00:00:00,ORL @ DET,L,54.0,3.8,3.8,3.8,7.5,26.4,11.3,18.9,56.6,0.0,3.8,3.8,0.0,42.6,1,13078,13078,13078,568,8565,7060,7051,12740,22584,12320,19800,6414,8286,24542,13094,18923,12038,1,28:37,2018,2019
2018-19,201571,D.J. Augustin,D.J.,1610612753,ORL,Orlando Magic,21801122,2019-03-28T00:00:00,ORL @ DET,L,50.5,6.5,3.2,3.2,16.1,25.8,8.1,14.5,48.4,1.6,1.6,1.6,3.2,51.3,1,13078,13078,13078,3718,4343,8063,8032,4514,22323,8103,15878,11902,6085,19733,6276,12535,7628,1,31:17,2018,2019
2018-19,1628518,Amile Jefferson,Amile,1610612753,ORL,Orlando Magic,21801122,2019-03-28T00:00:00,ORL @ DET,L,45.0,40.0,0.0,0.0,40.0,60.0,40.0,0.0,40.0,20.0,0.0,0.0,0.0,124.0,1,13078,13078,13078,19481,19,10185,10121,100,25933,25721,1,17499,10,1,1,18923,47,1,2:15,2018,2019
2018-19,202696,Nikola Vučević,Nikola,1610612753,ORL,Orlando Magic,21801122,2019-03-28T00:00:00,ORL @ DET,L,51.0,9.2,9.2,0.0,15.4,24.6,13.8,13.8,55.4,0.0,0.0,4.6,1.5,48.3,1,13078,13078,13078,2822,1982,1707,10121,4942,21676,15442,15185,7096,8286,1,15756,17893,9096,1,33:10,2018,2019
2018-19,203920,Khem Birch,Khem,1610612753,ORL,Orlando Magic,21801122,2019-03-28T00:00:00,ORL @ DET,L,56.1,13.0,0.0,0.0,17.4,13.0,17.4,21.7,43.5,4.3,4.3,8.7,13.0,60.9,1,13078,13078,13078,214,693,10185,10121,3741,10637,19216,21637,15314,1453,24999,23188,522,4028,1,12:54,2018,2019
2018-19,203487,Michael Carter-Williams,Michael,1610612753,ORL,Orlando Magic,21801122,2019-03-28T00:00:00,ORL @ DET,L,57.9,0.0,0.0,0.0,0.0,12.0,32.0,20.0,64.0,4.0,8.0,4.0,4.0,43.2,1,13078,13078,13078,115,12104,10185,10121,19484,9445,25239,20456,3243,1708,25884,13764,10365,11725,1,14:28,2018,2019
2018-19,1626185,Jarell Martin,Jarell,1610612753,ORL,Orlando Magic,21801122,2019-03-28T00:00:00,ORL @ DET,L,45.0,0.0,0.0,0.0,0.0,60.0,40.0,0.0,40.0,0.0,0.0,0.0,0.0,24.0,1,13078,13078,13078,19481,12104,10185,10121,19484,25933,25721,1,17499,8286,1,1,18923,21535,1,2:15,2018,2019
2018-19,203095,Evan Fournier,Evan,1610612753,ORL,Orlando Magic,21801122,2019-03-28T00:00:00,ORL @ DET,L,53.9,0.0,3.7,0.0,14.8,29.6,16.7,25.9,66.7,0.0,1.9,1.9,5.6,30.9,1,13078,13078,13078,601,12104,7177,10121,5426,23735,18356,23475,2265,8286,20718,7051,6812,18432,1,29:07,2018,2019
2018-19,1626170,Jerian Grant,Jerian,1610612753,ORL,Orlando Magic,21801122,2019-03-28T00:00:00,ORL @ DET,L,45.0,0.0,0.0,0.0,0.0,60.0,40.0,0.0,40.0,0.0,0.0,0.0,0.0,30.0,1,13078,13078,13078,19481,12104,10185,10121,19484,25933,25721,1,17499,8286,1,1,18923,18783,1,2:15,2018,2019
2018-19,1628411,Wes Iwundu,Wes,1610612753,ORL,Orlando Magic,21801122,2019-03-28T00:00:00,ORL @ DET,L,48.3,0.0,0.0,0.0,0.0,25.0,15.0,10.0,35.0,0.0,0.0,0.0,2.5,29.8,1,13078,13078,13078,8937,12104,10185,10121,19484,21732,16737,10811,20777,8286,1,1,14903,19013,1,19:20,2018,2019
2018-19,203082,Terrence Ross,Terrence,1610612753,ORL,Orlando Magic,21801122,2019-03-28T00:00:00,ORL @ DET,L,51.5,3.2,1.6,3.2,9.7,11.3,21.0,8.1,41.9,0.0,0.0,1.6,3.2,29.7,1,13078,13078,13078,2221,9686,10049,8032,10287,8643,22004,8773,16414,8286,1,6276,12535,19038,1,31:55,2018,2019
2018-19,202696,Nikola Vučević,Nikola,1610612753,ORL,Orlando Magic,21801109,2019-03-26T00:00:00,ORL @ MIA,W,50.6,8.8,2.9,0.0,20.6,13.2,7.4,5.9,38.2,1.5,0.0,2.9,7.4,80.4,1,1,1,1,3391,2226,8647,10121,2309,10873,7257,6353,18983,6743,1,10377,3981,828,1,34:26,2018,2019
2018-19,203487,Michael Carter-Williams,Michael,1610612753,ORL,Orlando Magic,21801109,2019-03-26T00:00:00,ORL @ MIA,W,42.5,0.0,0.0,0.0,0.0,14.0,2.3,20.9,51.2,2.3,0.0,0.0,7.0,47.0,1,1,1,1,23956,12104,10185,10121,19484,11726,3135,21204,9786,4100,1,1,4492,9739,1,18:18,2018,2019
2018-19,203920,Khem Birch,Khem,1610612753,ORL,Orlando Magic,21801109,2019-03-26T00:00:00,ORL @ MIA,W,48.0,3.7,0.0,3.7,7.4,14.8,0.0,33.3,59.3,0.0,0.0,3.7,7.4,37.4,1,1,1,1,9901,8705,10185,7172,12872,12716,1,24982,5053,8286,1,12806,3894,14995,1,12:58,2018,2019
2018-19,203932,Aaron Gordon,Aaron,1610612753,ORL,Orlando Magic,21801109,2019-03-26T00:00:00,ORL @ MIA,W,46.0,0.0,5.0,0.0,7.5,13.8,2.5,12.5,45.0,0.0,0.0,2.5,1.3,37.5,1,1,1,1,16743,12104,5186,10121,12837,11510,3172,13623,14264,8286,1,8762,18761,14914,1,36:47,2018,2019
2018-19,1628371,Jonathan Isaac,Jonathan,1610612753,ORL,Orlando Magic,21801109,2019-03-26T00:00:00,ORL @ MIA,W,52.4,3.6,3.6,5.5,14.5,10.9,9.1,5.5,47.3,3.6,0.0,3.6,0.0,65.8,1,1,1,1,1318,8848,7302,4539,5647,8246,9262,5997,12656,2062,1,12625,18923,2817,1,28:49,2018,2019
2018-19,203082,Terrence Ross,Terrence,1610612753,ORL,Orlando Magic,21801109,2019-03-26T00:00:00,ORL @ MIA,W,47.4,0.0,0.0,4.7,0.0,14.1,1.6,20.3,37.5,1.6,0.0,3.1,1.6,33.3,1,1,1,1,12060,12104,10185,5595,19484,11851,3067,20839,19367,6305,1,10984,17811,17228,1,30:20,2018,2019
2018-19,1628411,Wes Iwundu,Wes,1610612753,ORL,Orlando Magic,21801109,2019-03-26T00:00:00,ORL @ MIA,W,46.9,0.0,0.0,0.0,0.0,6.1,9.1,24.2,42.4,0.0,0.0,12.1,0.0,7.3,1,1,1,1,13618,12104,10185,10121,19484,3950,9262,22845,16061,8286,1,24960,18923,24948,1,15:29,2018,2019
2018-19,201571,D.J. Augustin,D.J.,1610612753,ORL,Orlando Magic,21801109,2019-03-26T00:00:00,ORL @ MIA,W,49.7,0.0,8.2,3.3,3.3,11.5,6.6,6.6,39.3,0.0,0.0,4.9,11.5,49.7,1,1,1,1,5317,12104,2229,7932,18346,8869,6367,7075,18358,8286,1,16609,959,8432,1,30:18,2018,2019
2018-19,203095,Evan Fournier,Evan,1610612753,ORL,Orlando Magic,21801109,2019-03-26T00:00:00,ORL @ MIA,W,47.2,0.0,0.0,0.0,5.8,15.9,5.8,7.2,46.4,0.0,1.4,4.3,4.3,29.4,1,1,1,1,12563,12104,10185,10121,15052,14067,5591,7841,13315,8286,18787,14921,9421,19172,1,32:35,2018,2019
2018-19,203082,Terrence Ross,Terrence,1610612753,ORL,Orlando Magic,21801103,2019-03-25T00:00:00,ORL vs. PHI,W,48.4,0.0,0.0,0.0,0.0,7.7,15.4,1.9,50.0,0.0,0.0,1.9,1.9,34.8,1,1,1,1,8606,12104,10185,10121,19484,5167,17095,3642,10251,8286,1,7269,16509,16402,1,25:11,2018,2019
2018-19,1628518,Amile Jefferson,Amile,1610612753,ORL,Orlando Magic,21801103,2019-03-25T00:00:00,ORL vs. PHI,W,43.3,0.0,0.0,25.0,25.0,12.5,0.0,37.5,50.0,0.0,0.0,0.0,0.0,43.8,1,1,1,1,22927,12104,10185,44,1068,9872,1,25472,10251,8286,1,1,18923,11433,1,3:28,2018,2019
2018-19,1626185,Jarell Martin,Jarell,1610612753,ORL,Orlando Magic,21801103,2019-03-25T00:00:00,ORL vs. PHI,W,45.4,0.0,0.0,0.0,0.0,12.5,0.0,37.5,50.0,0.0,0.0,25.0,0.0,15.0,1,1,1,1,18420,12104,10185,10121,19484,9872,1,25472,10251,8286,1,25968,18923,23999,1,3:38,2018,2019
2018-19,202696,Nikola Vučević,Nikola,1610612753,ORL,Orlando Magic,21801103,2019-03-25T00:00:00,ORL vs. PHI,W,53.4,16.7,3.7,0.0,25.9,13.0,20.4,0.0,51.9,0.0,1.9,0.0,5.6,87.4,1,1,1,1,791,278,7177,10121,944,10576,21655,1,9318,8286,20718,1,6812,453,1,28:49,2018,2019
2018-19,203487,Michael Carter-Williams,Michael,1610612753,ORL,Orlando Magic,21801103,2019-03-25T00:00:00,ORL vs. PHI,W,46.9,4.8,9.5,4.8,19.0,9.5,14.3,2.4,42.9,2.4,0.0,4.8,7.1,85.0,1,1,1,1,13666,6777,1556,5463,2901,6817,15801,3700,15698,3993,1,16069,4186,548,1,19:42,2018,2019
2018-19,1628411,Wes Iwundu,Wes,1610612753,ORL,Orlando Magic,21801103,2019-03-25T00:00:00,ORL vs. PHI,W,46.3,0.0,0.0,0.0,0.0,7.1,19.0,7.1,47.6,0.0,0.0,4.8,2.4,13.3,1,1,1,1,15818,12104,10185,10121,19484,4717,20637,7669,12396,8286,1,16069,15272,24282,1,19:26,2018,2019
2018-19,1628371,Jonathan Isaac,Jonathan,1610612753,ORL,Orlando Magic,21801103,2019-03-25T00:00:00,ORL vs. PHI,W,52.8,4.2,0.0,4.2,4.2,14.6,22.9,0.0,58.3,2.1,0.0,2.1,0.0,37.1,1,1,1,1,1076,7802,10185,6384,17162,12477,23039,1,5475,4628,1,7685,18923,15180,1,25:20,2018,2019
2018-19,201571,D.J. Augustin,D.J.,1610612753,ORL,Orlando Magic,21801103,2019-03-25T00:00:00,ORL vs. PHI,W,54.0,0.0,0.0,0.0,4.3,15.2,19.6,0.0,52.2,0.0,0.0,0.0,2.2,31.3,1,1,1,1,573,12104,10185,10121,16944,13213,21066,1,9101,8286,1,1,15824,18250,1,24:50,2018,2019
2018-19,1626170,Jerian Grant,Jerian,1610612753,ORL,Orlando Magic,21801103,2019-03-25T00:00:00,ORL vs. PHI,W,43.3,0.0,37.5,0.0,0.0,12.5,0.0,37.5,50.0,0.0,0.0,0.0,0.0,68.8,1,1,1,1,22927,12104,32,10121,19484,9872,1,25472,10251,8286,1,1,18923,2210,1,3:28,2018,2019
2018-19,1628505,Troy Caupain,Troy,1610612753,ORL,Orlando Magic,21801103,2019-03-25T00:00:00,ORL vs. PHI,W,43.3,0.0,0.0,0.0,0.0,12.5,0.0,37.5,50.0,0.0,0.0,0.0,0.0,58.8,1,1,1,1,22927,12104,10185,10121,19484,9872,1,25472,10251,8286,1,1,18923,4723,1,3:28,2018,2019
2018-19,203920,Khem Birch,Khem,1610612753,ORL,Orlando Magic,21801103,2019-03-25T00:00:00,ORL vs. PHI,W,46.2,5.9,8.8,8.8,11.8,11.8,11.8,2.9,41.2,0.0,0.0,14.7,17.6,51.5,1,1,1,1,15949,5049,1885,1781,7934,9126,12825,3967,16960,8286,1,25494,115,7541,1,15:43,2018,2019
2018-19,203932,Aaron Gordon,Aaron,1610612753,ORL,Orlando Magic,21801103,2019-03-25T00:00:00,ORL vs. PHI,W,50.4,5.7,2.9,2.9,8.6,15.7,15.7,1.4,42.9,0.0,1.4,4.3,2.9,41.6,1,1,1,1,3873,5287,8809,8799,11483,13806,17578,3602,15698,8286,18654,14823,13694,12646,1,35:16,2018,2019
2018-19,203095,Evan Fournier,Evan,1610612753,ORL,Orlando Magic,21801103,2019-03-25T00:00:00,ORL vs. PHI,W,52.8,6.7,0.0,10.0,26.7,15.0,11.7,1.7,43.3,0.0,0.0,3.3,1.7,65.8,1,1,1,1,1066,4048,10185,1235,817,12930,12743,3621,15442,8286,1,11674,17396,2811,1,31:41,2018,2019
2018-19,203095,Evan Fournier,Evan,1610612753,ORL,Orlando Magic,21801080,2019-03-22T00:00:00,ORL vs. MEM,W,48.7,3.7,0.0,4.9,12.3,4.9,9.9,22.2,44.4,1.2,0.0,6.2,6.2,58.8,1,1,1,1,7685,8705,10185,5249,7488,3355,10428,21828,14511,7887,1,19722,5783,4721,1,39:29,2018,2019
2018-19,202696,Nikola Vučević,Nikola,1610612753,ORL,Orlando Magic,21801080,2019-03-22T00:00:00,ORL vs. MEM,W,51.6,2.5,0.0,0.0,27.5,5.0,11.3,22.5,47.5,2.5,3.8,2.5,5.0,57.9,1,1,1,1,2075,11414,10185,10121,734,3361,12221,22079,12515,3747,24537,8762,7979,5014,1,41:16,2018,2019
2018-19,203082,Terrence Ross,Terrence,1610612753,ORL,Orlando Magic,21801080,2019-03-22T00:00:00,ORL vs. MEM,W,47.4,6.7,0.0,4.0,5.3,5.3,9.3,9.3,34.7,0.0,0.0,1.3,1.3,53.9,1,1,1,1,11903,4048,10185,6659,15758,3558,9712,10176,20956,8286,1,5246,18586,6526,1,35:35,2018,2019
2018-19,201571,D.J. Augustin,D.J.,1610612753,ORL,Orlando Magic,21801080,2019-03-22T00:00:00,ORL vs. MEM,W,51.0,2.4,0.0,9.6,14.5,4.8,10.8,21.7,48.2,0.0,1.2,1.2,3.6,47.2,1,1,1,1,2806,11559,10185,1427,5749,3279,11698,21632,12050,8286,17450,4946,11535,9613,1,42:22,2018,2019
2018-19,203487,Michael Carter-Williams,Michael,1610612753,ORL,Orlando Magic,21801080,2019-03-22T00:00:00,ORL vs. MEM,W,46.6,0.0,0.0,0.0,0.0,6.1,9.1,9.1,24.2,3.0,0.0,0.0,9.1,51.5,1,1,1,1,14554,12104,10185,10121,19484,3950,9262,9806,24460,2745,1,1,2174,7517,1,15:24,2018,2019
2018-19,1628371,Jonathan Isaac,Jonathan,1610612753,ORL,Orlando Magic,21801080,2019-03-22T00:00:00,ORL vs. MEM,W,52.1,0.0,0.0,3.8,7.5,7.5,13.2,34.0,60.4,1.9,0.0,1.9,3.8,55.1,1,1,1,1,1558,12104,10185,7051,12740,5098,14681,25155,4528,5114,1,7153,11066,5999,1,27:37,2018,2019
2018-19,1628411,Wes Iwundu,Wes,1610612753,ORL,Orlando Magic,21801080,2019-03-22T00:00:00,ORL vs. MEM,W,51.2,8.3,0.0,8.3,0.0,8.3,16.7,33.3,41.7,0.0,4.2,4.2,4.2,29.6,1,1,1,1,2561,2511,10185,2025,19484,5716,18356,24982,16588,8286,24873,14339,9906,19088,1,12:17,2018,2019
2018-19,203932,Aaron Gordon,Aaron,1610612753,ORL,Orlando Magic,21801080,2019-03-22T00:00:00,ORL vs. MEM,W,48.5,0.0,0.0,4.9,4.9,4.9,12.3,14.8,39.5,0.0,1.2,1.2,3.7,15.6,1,1,1,1,8332,12104,10185,5249,16301,3355,13661,16119,18242,8286,17555,4991,11197,23903,1,39:18,2018,2019
2018-19,203920,Khem Birch,Khem,1610612753,ORL,Orlando Magic,21801080,2019-03-22T00:00:00,ORL vs. MEM,W,43.5,7.4,0.0,0.0,0.0,7.4,11.1,11.1,29.6,0.0,0.0,14.8,7.4,23.7,1,1,1,1,22772,3338,10185,10121,19484,4953,11892,12037,23102,8286,1,25506,3894,21655,1,11:44,2018,2019
2018-19,203920,Khem Birch,Khem,1610612753,ORL,Orlando Magic,21801066,2019-03-20T00:00:00,ORL vs. NOP,W,47.3,0.0,0.0,0.0,10.8,13.5,13.5,8.1,43.2,2.7,0.0,2.7,8.1,59.2,1,1,1,1,12481,12104,10185,10121,8967,11213,15059,8811,15492,3332,1,9489,3107,4578,1,17:29,2018,2019
2018-19,1628371,Jonathan Isaac,Jonathan,1610612753,ORL,Orlando Magic,21801066,2019-03-20T00:00:00,ORL vs. NOP,W,47.1,0.0,3.3,0.0,13.1,18.0,9.8,21.3,45.9,6.6,0.0,1.6,3.3,60.7,1,1,1,1,12960,12104,7962,10121,6821,16320,10354,21423,13669,536,1,6374,12433,4102,1,28:44,2018,2019
2018-19,1626185,Jarell Martin,Jarell,1610612753,ORL,Orlando Magic,21801066,2019-03-20T00:00:00,ORL vs. NOP,W,43.1,0.0,0.0,0.0,0.0,0.0,0.0,33.3,53.3,0.0,0.0,13.3,0.0,24.0,1,1,1,1,23303,12104,10185,10121,19484,1,1,24982,8298,8286,1,25248,18923,21535,1,6:28,2018,2019
2018-19,203932,Aaron Gordon,Aaron,1610612753,ORL,Orlando Magic,21801066,2019-03-20T00:00:00,ORL vs. NOP,W,47.4,10.9,3.1,7.8,9.4,15.6,10.9,7.8,46.9,1.6,0.0,1.6,1.6,72.5,1,1,1,1,12027,1222,8258,2402,10590,13689,11795,8460,12949,6305,1,6091,17811,1634,1,30:20,2018,2019
2018-19,202696,Nikola Vučević,Nikola,1610612753,ORL,Orlando Magic,21801066,2019-03-20T00:00:00,ORL vs. NOP,W,47.6,0.0,3.7,0.0,14.8,16.7,7.4,18.5,44.4,5.6,1.9,1.9,5.6,85.0,1,1,1,1,11233,12104,7177,10121,5426,14686,7281,19501,14511,822,20718,7051,6812,548,1,25:43,2018,2019
2018-19,1628982,Melvin Frazier Jr.,Melvin,1610612753,ORL,Orlando Magic,21801066,2019-03-20T00:00:00,ORL vs. NOP,W,40.0,0.0,0.0,0.0,0.0,0.0,0.0,41.7,50.0,0.0,0.0,16.7,0.0,10.0,1,1,1,1,25416,12104,10185,10121,19484,1,1,25742,10251,8286,1,25642,18923,24703,1,4:48,2018,2019
2018-19,203095,Evan Fournier,Evan,1610612753,ORL,Orlando Magic,21801066,2019-03-20T00:00:00,ORL vs. NOP,W,45.6,4.8,0.0,9.7,12.9,16.1,14.5,12.9,41.9,0.0,0.0,1.6,3.2,52.4,1,1,1,1,17878,6709,10185,1396,6969,14255,16244,14168,16414,8286,1,6276,12535,7112,1,28:17,2018,2019
2018-19,1626170,Jerian Grant,Jerian,1610612753,ORL,Orlando Magic,21801066,2019-03-20T00:00:00,ORL vs. NOP,W,44.0,23.1,0.0,0.0,0.0,0.0,0.0,38.5,46.2,0.0,0.0,0.0,0.0,70.8,1,1,1,1,21829,98,10185,10121,19484,1,1,25560,13377,8286,1,1,18923,1890,1,5:43,2018,2019
2018-19,1628411,Wes Iwundu,Wes,1610612753,ORL,Orlando Magic,21801066,2019-03-20T00:00:00,ORL vs. NOP,W,46.2,0.0,4.1,0.0,4.1,8.2,0.0,20.4,44.9,0.0,2.0,4.1,2.0,24.9,1,1,1,1,16160,12104,6522,10121,17261,5637,1,20894,14338,8286,21288,14138,16182,21167,1,22:37,2018,2019
2018-19,203487,Michael Carter-Williams,Michael,1610612753,ORL,Orlando Magic,21801066,2019-03-20T00:00:00,ORL vs. NOP,W,47.6,0.0,0.0,0.0,10.5,7.9,13.2,7.9,36.8,2.6,0.0,2.6,2.6,36.8,1,1,1,1,11190,12104,10185,10121,9221,5382,14627,8550,19784,3476,1,9221,14486,15329,1,18:06,2018,2019
2018-19,1628518,Amile Jefferson,Amile,1610612753,ORL,Orlando Magic,21801066,2019-03-20T00:00:00,ORL vs. NOP,W,40.0,0.0,16.7,0.0,16.7,0.0,0.0,41.7,50.0,0.0,0.0,0.0,0.0,36.7,1,1,1,1,25416,12104,308,10121,4075,1,1,25742,10251,8286,1,1,18923,15402,1,4:48,2018,2019
2018-19,201571,D.J. Augustin,D.J.,1610612753,ORL,Orlando Magic,21801066,2019-03-20T00:00:00,ORL vs. NOP,W,46.5,0.0,5.8,3.8,11.5,21.2,7.7,19.2,50.0,0.0,0.0,1.9,1.9,56.0,1,1,1,1,14987,12104,4249,6917,8237,19281,7588,20037,10251,8286,1,7269,16509,5673,1,24:11,2018,2019
2018-19,203082,Terrence Ross,Terrence,1610612753,ORL,Orlando Magic,21801066,2019-03-20T00:00:00,ORL vs. NOP,W,47.4,0.0,12.5,0.0,8.3,14.6,10.4,16.7,37.5,0.0,0.0,2.1,2.1,45.0,1,1,1,1,11915,12104,751,10121,11678,12477,11114,17785,19367,8286,1,7685,16070,10713,1,22:46,2018,2019
2018-19,203487,Michael Carter-Williams,Michael,1610612753,ORL,Orlando Magic,21801046,2019-03-17T00:00:00,ORL vs. ATL,W,43.8,5.6,0.0,0.0,0.0,19.4,5.6,8.3,55.6,0.0,0.0,8.3,16.7,31.4,1,1,1,1,22243,5490,10185,10121,19484,17758,5275,8979,6946,8286,1,22792,131,18201,2,15:45,2018,2019
2018-19,1628411,Wes Iwundu,Wes,1610612753,ORL,Orlando Magic,21801046,2019-03-17T00:00:00,ORL vs. ATL,W,46.5,7.3,9.1,0.0,3.6,12.7,3.6,16.4,47.3,3.6,1.8,0.0,7.3,57.1,1,1,1,1,15079,3491,1723,10121,17848,10276,3760,17646,12656,2062,20595,1,4085,5269,2,25:34,2018,2019
2018-19,202696,Nikola Vučević,Nikola,1610612753,ORL,Orlando Magic,21801046,2019-03-17T00:00:00,ORL vs. ATL,W,45.1,7.9,2.6,0.0,21.1,5.3,5.3,15.8,39.5,0.0,1.3,2.6,5.3,82.2,1,1,1,1,19171,2915,9316,10121,2131,3499,5006,17069,18256,8286,17938,9221,7418,703,2,34:18,2018,2019
2018-19,201571,D.J. Augustin,D.J.,1610612753,ORL,Orlando Magic,21801046,2019-03-17T00:00:00,ORL vs. ATL,W,44.8,6.9,0.0,0.0,0.0,5.6,5.6,16.7,41.7,0.0,1.4,4.2,4.2,44.3,1,1,1,1,20059,3798,10185,10121,19484,3656,5275,17785,16588,8286,18405,14339,9906,11112,2,32:15,2018,2019
2018-19,203932,Aaron Gordon,Aaron,1610612753,ORL,Orlando Magic,21801046,2019-03-17T00:00:00,ORL vs. ATL,W,42.9,3.4,2.2,11.2,11.2,12.4,6.7,16.9,49.4,0.0,0.0,1.1,5.6,41.7,1,1,1,1,23520,9433,9861,904,8575,9864,6584,18152,11105,8286,1,4860,6807,12575,2,38:13,2018,2019
2018-19,203082,Terrence Ross,Terrence,1610612753,ORL,Orlando Magic,21801046,2019-03-17T00:00:00,ORL vs. ATL,W,43.7,0.0,0.0,0.0,0.0,12.5,3.6,19.6,53.6,0.0,0.0,1.8,1.8,29.1,1,1,1,1,22311,12104,10185,10121,19484,9872,3714,20341,8218,8286,1,6858,16977,19313,2,24:29,2018,2019
2018-19,203095,Evan Fournier,Evan,1610612753,ORL,Orlando Magic,21801046,2019-03-17T00:00:00,ORL vs. ATL,W,43.8,0.0,0.0,3.0,9.0,6.0,6.0,9.0,41.8,0.0,0.0,4.5,3.0,34.0,1,1,1,1,22139,12104,10185,8524,11067,3915,5789,9760,16541,8286,1,15372,13356,16787,2,29:21,2018,2019
2018-19,203920,Khem Birch,Khem,1610612753,ORL,Orlando Magic,21801046,2019-03-17T00:00:00,ORL vs. ATL,W,44.2,0.0,0.0,0.0,6.5,22.6,6.5,9.7,64.5,0.0,0.0,3.2,9.7,24.5,1,1,1,1,21398,12104,10185,10121,14089,20422,6222,10517,3101,8286,1,11331,1835,21354,2,13:42,2018,2019
2018-19,1628371,Jonathan Isaac,Jonathan,1610612753,ORL,Orlando Magic,21801046,2019-03-17T00:00:00,ORL vs. ATL,W,45.5,0.0,0.0,0.0,0.0,6.9,6.9,6.9,37.9,1.7,0.0,1.7,1.7,14.8,1,1,1,1,18235,12104,10185,10121,19484,4568,6690,7440,19168,5664,1,6660,17196,24063,2,26:23,2018,2019
2018-19,1628505,Troy Caupain,Troy,1610612753,ORL,Orlando Magic,21801021,2019-03-14T00:00:00,ORL vs. CLE,W,48.1,0.0,50.0,0.0,0.0,0.0,0.0,0.0,33.3,0.0,0.0,0.0,0.0,50.0,1,1,1,1,9787,12104,13,10121,19484,1,1,1,21413,8286,1,1,18923,8189,1,2:53,2018,2019
2018-19,203082,Terrence Ross,Terrence,1610612753,ORL,Orlando Magic,21801021,2019-03-14T00:00:00,ORL vs. CLE,W,49.2,1.9,3.8,1.9,0.0,7.5,11.3,3.8,45.3,1.9,0.0,0.0,1.9,60.0,1,1,1,1,6316,11850,7060,9920,19484,5098,12320,4552,14074,5114,1,1,16605,4273,1,26:06,2018,2019
2018-19,203932,Aaron Gordon,Aaron,1610612753,ORL,Orlando Magic,21801021,2019-03-14T00:00:00,ORL vs. CLE,W,47.1,16.4,3.3,4.9,13.1,6.6,6.6,13.1,49.2,1.6,1.6,1.6,9.8,62.6,1,1,1,1,12927,329,7962,5267,6821,4318,6367,14390,11302,5983,19869,6374,1755,3599,1,28:44,2018,2019
2018-19,202696,Nikola Vučević,Nikola,1610612753,ORL,Orlando Magic,21801021,2019-03-14T00:00:00,ORL vs. CLE,W,48.8,7.3,7.3,0.0,32.7,14.5,14.5,14.5,58.2,0.0,0.0,0.0,3.6,73.1,1,1,1,1,7358,3491,2892,10121,324,12436,16278,15914,5559,8286,1,1,11440,1575,1,26:52,2018,2019
2018-19,1626185,Jarell Martin,Jarell,1610612753,ORL,Orlando Magic,21801021,2019-03-14T00:00:00,ORL vs. CLE,W,51.5,0.0,0.0,0.0,0.0,0.0,0.0,0.0,25.0,0.0,0.0,25.0,0.0,90.0,1,1,1,1,2244,12104,10185,10121,19484,1,1,1,24202,8286,1,25968,18923,356,1,4:07,2018,2019
2018-19,1628982,Melvin Frazier Jr.,Melvin,1610612753,ORL,Orlando Magic,21801021,2019-03-14T00:00:00,ORL vs. CLE,W,48.1,0.0,0.0,0.0,0.0,0.0,0.0,0.0,33.3,0.0,0.0,0.0,16.7,61.7,1,1,1,1,9787,12104,10185,10121,19484,1,1,1,21413,8286,1,1,131,3823,1,2:53,2018,2019
2018-19,201571,D.J. Augustin,D.J.,1610612753,ORL,Orlando Magic,21801021,2019-03-14T00:00:00,ORL vs. CLE,W,48.7,7.5,7.5,3.8,11.3,15.1,15.1,15.1,60.4,0.0,3.8,0.0,3.8,75.7,1,1,1,1,7757,3240,2672,7051,8459,13085,16876,16413,4528,8286,24542,1,11066,1264,1,25:49,2018,2019
2018-19,203920,Khem Birch,Khem,1610612753,ORL,Orlando Magic,21801021,2019-03-14T00:00:00,ORL vs. CLE,W,49.3,16.2,2.7,5.4,32.4,5.4,5.4,0.0,43.2,0.0,0.0,5.4,2.7,88.4,1,1,1,1,6117,335,9163,4589,341,3576,5157,1,15492,8286,1,17846,14241,414,1,18:15,2018,2019
2018-19,1628411,Wes Iwundu,Wes,1610612753,ORL,Orlando Magic,21801021,2019-03-14T00:00:00,ORL vs. CLE,W,51.1,0.0,0.0,0.0,0.0,19.5,14.6,4.9,58.5,0.0,0.0,4.9,2.4,16.1,1,1,1,1,2653,12104,10185,10121,19484,17836,16368,5416,5406,8286,1,16476,15084,23800,1,20:58,2018,2019
2018-19,1626170,Jerian Grant,Jerian,1610612753,ORL,Orlando Magic,21801021,2019-03-14T00:00:00,ORL vs. CLE,W,49.3,0.0,0.0,0.0,0.0,4.4,4.4,0.0,40.0,0.0,0.0,4.4,0.0,31.3,1,1,1,1,6182,12104,10185,10121,19484,3093,4314,1,17499,8286,1,15254,18923,18229,1,22:11,2018,2019
2018-19,203095,Evan Fournier,Evan,1610612753,ORL,Orlando Magic,21801021,2019-03-14T00:00:00,ORL vs. CLE,W,48.9,0.0,3.3,10.0,6.7,10.0,10.0,10.0,56.7,0.0,1.7,6.7,1.7,37.2,1,1,1,1,7086,12104,7846,1235,13803,7237,10444,10811,6379,8286,19991,20553,17396,15138,1,29:22,2018,2019
2018-19,1628371,Jonathan Isaac,Jonathan,1610612753,ORL,Orlando Magic,21801021,2019-03-14T00:00:00,ORL vs. CLE,W,48.2,1.7,0.0,3.3,6.7,13.3,13.3,10.0,53.3,0.0,0.0,0.0,5.0,25.7,1,1,1,1,9226,11925,10185,7810,13803,10924,14755,10811,8298,8286,1,1,7979,20839,1,28:57,2018,2019
2018-19,1628518,Amile Jefferson,Amile,1610612753,ORL,Orlando Magic,21801021,2019-03-14T00:00:00,ORL vs. CLE,W,48.1,0.0,0.0,0.0,0.0,0.0,0.0,0.0,33.3,16.7,0.0,16.7,0.0,70.0,1,1,1,1,9787,12104,10185,10121,19484,1,1,1,21413,31,1,25642,18923,1987,1,2:53,2018,2019
2018-19,203920,Khem Birch,Khem,1610612753,ORL,Orlando Magic,21801015,2019-03-13T00:00:00,ORL @ WAS,L,45.6,0.0,13.8,0.0,13.8,17.2,34.5,6.9,75.9,0.0,3.4,0.0,6.9,58.3,1,13078,13078,13078,17847,12104,562,10121,6219,15462,25467,7440,995,8286,24160,1,4592,4881,1,13:14,2018,2019
2018-19,203932,Aaron Gordon,Aaron,1610612753,ORL,Orlando Magic,21801015,2019-03-13T00:00:00,ORL @ WAS,L,50.5,0.0,4.5,0.0,3.0,10.4,17.9,7.5,56.7,1.5,0.0,1.5,4.5,50.4,1,13078,13078,13078,3624,12104,5952,10121,18783,7753,19702,8096,6345,6630,1,5824,9185,8018,1,33:51,2018,2019
2018-19,1628371,Jonathan Isaac,Jonathan,1610612753,ORL,Orlando Magic,21801015,2019-03-13T00:00:00,ORL @ WAS,L,50.6,0.0,0.0,3.7,7.4,7.4,14.8,7.4,59.3,0.0,1.9,5.6,3.7,45.6,1,13078,13078,13078,3436,12104,10185,7172,12872,4953,16533,7994,5053,8286,20718,18164,11197,10436,1,27:20,2018,2019
2018-19,202696,Nikola Vučević,Nikola,1610612753,ORL,Orlando Magic,21801015,2019-03-13T00:00:00,ORL @ WAS,L,54.3,3.1,6.3,0.0,28.1,6.3,9.4,6.3,56.3,1.6,0.0,4.7,4.7,66.9,1,13078,13078,13078,486,9918,3724,10121,661,4059,9735,6704,6569,6305,1,15963,8725,2608,1,34:46,2018,2019
2018-19,201571,D.J. Augustin,D.J.,1610612753,ORL,Orlando Magic,21801015,2019-03-13T00:00:00,ORL @ WAS,L,52.7,0.0,0.0,0.0,3.2,6.3,12.7,6.3,57.1,0.0,0.0,1.6,0.0,44.0,1,13078,13078,13078,1109,12104,10185,10121,18504,4166,14092,6844,5939,8286,1,6180,18923,11306,1,33:13,2018,2019
2018-19,1628411,Wes Iwundu,Wes,1610612753,ORL,Orlando Magic,21801015,2019-03-13T00:00:00,ORL @ WAS,L,50.0,4.7,0.0,4.7,4.7,16.3,9.3,2.3,65.1,0.0,0.0,2.3,2.3,28.8,1,13078,13078,13078,4732,6965,10185,5640,16601,14452,9646,3689,2944,8286,1,8264,15414,19431,1,21:29,2018,2019
2018-19,203082,Terrence Ross,Terrence,1610612753,ORL,Orlando Magic,21801015,2019-03-13T00:00:00,ORL @ WAS,L,50.7,0.0,0.0,0.0,6.9,12.1,17.2,3.4,69.0,1.7,0.0,1.7,1.7,24.3,1,13078,13078,13078,3318,12104,10185,10121,13519,9533,19093,4320,1972,5664,1,6660,17196,21432,1,29:24,2018,2019
2018-19,1626170,Jerian Grant,Jerian,1610612753,ORL,Orlando Magic,21801015,2019-03-13T00:00:00,ORL @ WAS,L,49.3,0.0,0.0,0.0,13.3,16.7,26.7,6.7,73.3,0.0,0.0,6.7,0.0,15.0,1,13078,13078,13078,6236,12104,10185,10121,6546,14686,24289,7147,1286,8286,1,20553,18923,23999,1,14:47,2018,2019
2018-19,203095,Evan Fournier,Evan,1610612753,ORL,Orlando Magic,21801015,2019-03-13T00:00:00,ORL @ WAS,L,51.5,4.8,0.0,0.0,0.0,3.2,22.6,9.7,58.1,0.0,0.0,4.8,1.6,28.7,1,13078,13078,13078,2178,6709,10185,10121,19484,2606,22906,10517,5592,8286,1,16380,17611,19481,1,31:56,2018,2019
2018-19,203932,Aaron Gordon,Aaron,1610612753,ORL,Orlando Magic,21800996,2019-03-10T00:00:00,ORL @ MEM,L,47.7,3.1,4.6,3.1,12.3,9.2,10.8,10.8,40.0,0.0,1.5,3.1,7.7,43.7,1,13078,13078,13078,10992,10032,5768,8328,7509,6577,11560,11754,17499,8286,19336,10883,3498,11480,1,30:60,2018,2019
2018-19,201571,D.J. Augustin,D.J.,1610612753,ORL,Orlando Magic,21800996,2019-03-10T00:00:00,ORL @ MEM,L,46.8,0.0,0.0,0.0,0.0,16.4,11.9,6.0,44.8,0.0,1.5,0.0,0.0,29.6,1,13078,13078,13078,13983,12104,10185,10121,19484,14588,13143,6475,14434,8286,19047,1,18923,19105,1,31:22,2018,2019
2018-19,203082,Terrence Ross,Terrence,1610612753,ORL,Orlando Magic,21800996,2019-03-10T00:00:00,ORL @ MEM,L,46.6,0.0,0.0,5.0,3.3,8.3,1.7,8.3,26.7,3.3,1.7,6.7,1.7,53.3,1,13078,13078,13078,14604,12104,10185,5122,18263,5716,3073,8979,23890,2369,19991,20553,17396,6712,1,27:58,2018,2019
2018-19,202696,Nikola Vučević,Nikola,1610612753,ORL,Orlando Magic,21800996,2019-03-10T00:00:00,ORL @ MEM,L,47.5,2.7,5.5,2.7,21.9,15.1,11.0,5.5,41.1,1.4,0.0,4.1,5.5,63.7,1,13078,13078,13078,11775,10872,4596,9042,1891,13058,11838,6021,17046,7237,1,14244,7058,3300,1,34:39,2018,2019
2018-19,1626170,Jerian Grant,Jerian,1610612753,ORL,Orlando Magic,21800996,2019-03-10T00:00:00,ORL @ MEM,L,48.9,17.6,0.0,0.0,0.0,0.0,0.0,14.7,23.5,0.0,0.0,2.9,0.0,48.5,1,13078,13078,13078,7154,242,10185,10121,19484,1,1,16032,24532,8286,1,10377,18923,8971,1,16:38,2018,2019
2018-19,1628411,Wes Iwundu,Wes,1610612753,ORL,Orlando Magic,21800996,2019-03-10T00:00:00,ORL @ MEM,L,48.5,0.0,0.0,7.7,0.0,16.9,9.2,10.8,33.8,0.0,1.5,6.2,7.7,31.4,1,13078,13078,13078,8447,12104,10185,2433,19484,15140,9570,11754,21349,8286,19336,19656,3498,18205,1,31:31,2018,2019
2018-19,203920,Khem Birch,Khem,1610612753,ORL,Orlando Magic,21800996,2019-03-10T00:00:00,ORL @ MEM,L,47.7,0.0,7.1,7.1,21.4,0.0,0.0,17.9,28.6,0.0,0.0,7.1,7.1,57.5,1,13078,13078,13078,11030,12104,2937,2804,2020,1,1,18925,23342,8286,1,21332,4186,5119,1,13:21,2018,2019
2018-19,1626185,Jarell Martin,Jarell,1610612753,ORL,Orlando Magic,21800996,2019-03-10T00:00:00,ORL @ MEM,L,47.7,0.0,0.0,0.0,0.0,0.0,0.0,14.3,14.3,0.0,0.0,7.1,7.1,38.6,1,13078,13078,13078,10838,12104,10185,10121,19484,1,1,15487,25409,8286,1,21332,4186,14335,1,6:41,2018,2019
2018-19,1628371,Jonathan Isaac,Jonathan,1610612753,ORL,Orlando Magic,21800996,2019-03-10T00:00:00,ORL @ MEM,L,47.3,4.3,1.4,2.9,0.0,15.7,11.4,5.7,42.9,1.4,1.4,5.7,5.7,31.0,1,13078,13078,13078,12215,7607,10103,8799,19484,13806,12436,6211,15698,6941,18654,18616,6579,18379,1,33:08,2018,2019
2018-19,203095,Evan Fournier,Evan,1610612753,ORL,Orlando Magic,21800996,2019-03-10T00:00:00,ORL @ MEM,L,52.7,0.0,0.0,0.0,0.0,0.0,7.7,7.7,69.2,0.0,3.8,7.7,0.0,20.4,1,13078,13078,13078,1129,12104,10185,10121,19484,1,7588,8268,1916,8286,24587,22104,18923,22726,1,13:42,2018,2019
2018-19,1628371,Jonathan Isaac,Jonathan,1610612753,ORL,Orlando Magic,21800978,2019-03-08T00:00:00,ORL vs. DAL,W,51.0,0.0,6.7,0.0,6.7,13.3,3.3,30.0,70.0,1.7,0.0,0.0,3.3,52.2,1,1,1,1,2858,12104,3326,10121,13803,10924,3577,24517,1789,5885,1,1,12212,7224,1,30:36,2018,2019
2018-19,202696,Nikola Vučević,Nikola,1610612753,ORL,Orlando Magic,21800978,2019-03-08T00:00:00,ORL vs. DAL,W,49.6,10.0,8.6,4.3,20.0,18.6,5.7,25.7,68.6,1.4,2.9,2.9,2.9,72.3,1,1,1,1,5515,1532,2012,6187,2454,16893,5454,23423,2054,6941,23255,10063,13694,1666,1,34:42,2018,2019
2018-19,203932,Aaron Gordon,Aaron,1610612753,ORL,Orlando Magic,21800978,2019-03-08T00:00:00,ORL vs. DAL,W,48.3,0.0,0.0,3.0,15.2,24.2,3.0,21.2,54.5,4.5,0.0,4.5,7.6,54.1,1,1,1,1,9102,12104,10185,8411,5212,21484,3386,21351,7496,1322,1,15477,3727,6427,1,31:52,2018,2019
2018-19,203920,Khem Birch,Khem,1610612753,ORL,Orlando Magic,21800978,2019-03-08T00:00:00,ORL vs. DAL,W,45.9,0.0,6.9,0.0,6.9,24.1,0.0,6.9,27.6,0.0,0.0,13.8,6.9,47.9,1,1,1,1,17111,12104,3155,10121,13519,21419,1,7440,23699,8286,1,25346,4592,9259,1,13:18,2018,2019
2018-19,203082,Terrence Ross,Terrence,1610612753,ORL,Orlando Magic,21800978,2019-03-08T00:00:00,ORL vs. DAL,W,47.4,3.4,0.0,0.0,3.4,27.1,3.4,6.8,44.1,0.0,0.0,0.0,0.0,53.6,1,1,1,1,11919,9330,10185,10121,18208,22880,3609,7329,14955,8286,1,1,18923,6643,1,27:59,2018,2019
2018-19,1626170,Jerian Grant,Jerian,1610612753,ORL,Orlando Magic,21800978,2019-03-08T00:00:00,ORL vs. DAL,W,46.9,0.0,0.0,7.1,0.0,21.4,0.0,4.8,33.3,0.0,0.0,4.8,2.4,43.8,1,1,1,1,13666,12104,10185,2804,19484,19459,1,5302,21413,8286,1,16069,15272,11405,1,19:42,2018,2019
2018-19,1628411,Wes Iwundu,Wes,1610612753,ORL,Orlando Magic,21800978,2019-03-08T00:00:00,ORL vs. DAL,W,52.0,0.0,5.0,0.0,5.0,17.5,5.0,15.0,50.0,0.0,2.5,5.0,0.0,36.8,1,1,1,1,1607,12104,5186,10121,16152,15740,4772,16303,10251,8286,22375,16734,18923,15380,1,20:49,2018,2019
2018-19,203095,Evan Fournier,Evan,1610612753,ORL,Orlando Magic,21800978,2019-03-08T00:00:00,ORL vs. DAL,W,48.9,3.0,0.0,0.0,6.0,19.4,6.0,26.9,65.7,0.0,0.0,4.5,0.0,28.7,1,1,1,1,7339,10249,10185,10121,14798,17730,5789,23772,2796,8286,1,15372,18923,19512,1,32:44,2018,2019
2018-19,201571,D.J. Augustin,D.J.,1610612753,ORL,Orlando Magic,21800978,2019-03-08T00:00:00,ORL vs. DAL,W,50.5,3.6,0.0,3.6,7.1,19.6,7.1,32.1,75.0,0.0,0.0,3.6,5.4,36.1,1,1,1,1,3599,8979,10185,7414,13212,17951,6932,24876,1043,8286,1,12387,7303,15729,1,28:18,2018,2019
2018-19,1628515,Isaiah Briscoe,Isaiah,1610612753,ORL,Orlando Magic,21800960,2019-03-05T00:00:00,ORL @ PHI,L,51.0,0.0,0.0,0.0,3.9,9.8,9.8,19.6,39.2,0.0,0.0,5.9,0.0,31.8,1,13078,13078,13078,2896,12104,10185,10121,17449,7125,10312,20319,18428,8286,1,18925,18923,17995,1,26:00,2018,2019
2018-19,1628371,Jonathan Isaac,Jonathan,1610612753,ORL,Orlando Magic,21800960,2019-03-05T00:00:00,ORL @ PHI,L,45.9,0.0,0.0,2.9,5.7,11.4,12.9,8.6,42.9,1.4,1.4,2.9,0.0,36.4,1,13078,13078,13078,17119,12104,10185,8799,15115,8769,14294,9312,15698,6941,18654,10063,18923,15541,1,32:06,2018,2019
2018-19,201571,D.J. Augustin,D.J.,1610612753,ORL,Orlando Magic,21800960,2019-03-05T00:00:00,ORL @ PHI,L,44.3,0.0,0.0,0.0,12.3,12.3,10.8,9.2,43.1,0.0,0.0,3.1,4.6,35.2,1,13078,13078,13078,21135,12104,10185,10121,7509,9798,11560,10046,15632,8286,1,10883,8903,16164,1,28:49,2018,2019
2018-19,1628411,Wes Iwundu,Wes,1610612753,ORL,Orlando Magic,21800960,2019-03-05T00:00:00,ORL @ PHI,L,49.9,0.0,0.0,0.0,0.0,12.2,4.9,19.5,29.3,0.0,2.4,7.3,2.4,21.2,1,13078,13078,13078,4906,12104,10185,10121,19484,9676,4670,20258,23221,8286,22222,21701,15084,22506,1,20:27,2018,2019
2018-19,203920,Khem Birch,Khem,1610612753,ORL,Orlando Magic,21800960,2019-03-05T00:00:00,ORL @ PHI,L,47.8,0.0,13.3,0.0,20.0,16.7,0.0,26.7,33.3,0.0,0.0,0.0,0.0,32.0,1,13078,13078,13078,10702,12104,620,10121,2454,14686,1,23701,21413,8286,1,1,18923,17852,1,14:20,2018,2019
2018-19,202696,Nikola Vučević,Nikola,1610612753,ORL,Orlando Magic,21800960,2019-03-05T00:00:00,ORL @ PHI,L,46.1,0.0,5.5,0.0,11.0,11.0,12.3,8.2,41.1,0.0,1.4,2.7,2.7,41.6,1,13078,13078,13078,16296,12104,4596,10121,8838,8322,13632,8946,17046,8286,18281,9670,14154,12604,1,33:40,2018,2019
2018-19,203095,Evan Fournier,Evan,1610612753,ORL,Orlando Magic,21800960,2019-03-05T00:00:00,ORL @ PHI,L,44.8,9.2,0.0,6.6,5.3,17.1,5.3,11.8,39.5,0.0,0.0,3.9,1.3,41.3,1,13078,13078,13078,19929,2007,10185,3349,15810,15352,5006,13010,18256,8286,1,13692,18637,12796,1,34:05,2018,2019
2018-19,1626185,Jarell Martin,Jarell,1610612753,ORL,Orlando Magic,21800960,2019-03-05T00:00:00,ORL @ PHI,L,45.7,0.0,0.0,7.7,7.7,19.2,0.0,19.2,30.8,3.8,0.0,0.0,3.8,55.0,1,13078,13078,13078,17599,12104,10185,2433,12505,17548,1,20037,22653,1850,1,1,10811,6022,1,11:53,2018,2019
2018-19,203932,Aaron Gordon,Aaron,1610612753,ORL,Orlando Magic,21800960,2019-03-05T00:00:00,ORL @ PHI,L,47.2,0.0,2.4,7.3,2.4,9.8,11.0,14.6,39.0,0.0,1.2,1.2,6.1,45.5,1,13078,13078,13078,12785,12104,9650,2714,19388,7067,11880,15972,18522,8286,17499,4969,5910,10477,1,38:40,2018,2019
2018-19,201571,D.J. Augustin,D.J.,1610612753,ORL,Orlando Magic,21800948,2019-03-03T00:00:00,ORL @ CLE,L,48.8,0.0,0.0,0.0,10.0,8.3,18.3,3.3,36.7,0.0,0.0,0.0,6.7,50.8,1,13078,13078,13078,7568,12104,10185,10121,9823,5716,20114,4237,19873,8286,1,1,4889,7833,1,29:16,2018,2019
2018-19,202696,Nikola Vučević,Nikola,1610612753,ORL,Orlando Magic,21800948,2019-03-03T00:00:00,ORL @ CLE,L,49.7,8.3,8.3,0.0,27.8,6.9,19.4,2.8,36.1,2.8,0.0,2.8,4.2,85.6,1,13078,13078,13078,5368,2511,2094,10121,696,4641,20969,3850,20193,3186,1,9774,9906,530,1,35:45,2018,2019
2018-19,1628371,Jonathan Isaac,Jonathan,1610612753,ORL,Orlando Magic,21800948,2019-03-03T00:00:00,ORL @ CLE,L,49.4,3.9,0.0,3.9,3.9,7.8,11.8,7.8,54.9,2.0,0.0,2.0,5.9,34.9,1,13078,13078,13078,5820,8277,10185,6800,17449,5342,12825,8492,7376,4912,1,7362,6209,16356,1,25:13,2018,2019
2018-19,203920,Khem Birch,Khem,1610612753,ORL,Orlando Magic,21800948,2019-03-03T00:00:00,ORL @ CLE,L,45.4,3.7,7.4,0.0,7.4,18.5,0.0,14.8,59.3,0.0,0.0,3.7,7.4,28.9,1,13078,13078,13078,18559,8705,2757,10121,12872,16837,1,16119,5053,8286,1,12806,3894,19401,1,12:15,2018,2019
2018-19,1628411,Wes Iwundu,Wes,1610612753,ORL,Orlando Magic,21800948,2019-03-03T00:00:00,ORL @ CLE,L,48.2,0.0,0.0,0.0,14.3,14.3,10.7,7.1,57.1,0.0,3.6,3.6,3.6,23.9,1,13078,13078,13078,9474,12104,10185,10121,5765,11954,11470,7669,5939,8286,24299,12387,11558,21586,1,13:29,2018,2019
2018-19,203095,Evan Fournier,Evan,1610612753,ORL,Orlando Magic,21800948,2019-03-03T00:00:00,ORL @ CLE,L,50.0,4.3,4.3,4.3,0.0,8.6,15.7,5.7,37.1,0.0,0.0,5.7,0.0,29.9,1,13078,13078,13078,4531,7607,6193,6187,19484,6018,17578,6211,19633,8286,1,18616,18923,18954,1,35:02,2018,2019
2018-19,203932,Aaron Gordon,Aaron,1610612753,ORL,Orlando Magic,21800948,2019-03-03T00:00:00,ORL @ CLE,L,50.7,2.5,2.5,2.5,14.8,7.4,17.3,4.9,39.5,1.2,0.0,3.7,0.0,37.2,1,13078,13078,13078,3306,11470,9611,9586,5426,4953,19154,5510,18242,7887,1,12806,18923,15143,1,41:04,2018,2019
2018-19,203082,Terrence Ross,Terrence,1610612753,ORL,Orlando Magic,21800948,2019-03-03T00:00:00,ORL @ CLE,L,49.5,0.0,3.4,0.0,0.0,16.9,13.6,6.8,40.7,0.0,0.0,3.4,0.0,11.2,1,13078,13078,13078,5706,12104,7759,10121,19484,15183,15133,7329,17333,8286,1,11907,18923,24586,1,29:12,2018,2019
2018-19,1628515,Isaiah Briscoe,Isaiah,1610612753,ORL,Orlando Magic,21800948,2019-03-03T00:00:00,ORL @ CLE,L,49.3,5.3,0.0,0.0,10.5,13.2,7.9,10.5,52.6,0.0,2.6,7.9,5.3,28.2,1,13078,13078,13078,6174,5955,10185,10121,9221,10766,7875,11446,8777,8286,22731,22431,7418,19790,1,18:44,2018,2019
2018-19,1628411,Wes Iwundu,Wes,1610612753,ORL,Orlando Magic,21800936,2019-03-02T00:00:00,ORL @ IND,W,51.2,5.9,0.0,0.0,5.9,5.9,0.0,0.0,17.6,0.0,0.0,5.9,2.9,26.8,1,1,1,1,2513,5049,10185,10121,14876,3824,1,1,25249,8286,1,18925,13449,20402,1,17:25,2018,2019
2018-19,203082,Terrence Ross,Terrence,1610612753,ORL,Orlando Magic,21800936,2019-03-02T00:00:00,ORL @ IND,W,50.5,0.0,0.0,11.1,11.1,16.7,5.6,7.4,48.1,0.0,1.9,3.7,3.7,57.6,1,1,1,1,3719,12104,10185,905,8584,14686,5275,7994,12060,8286,20718,12806,11197,5100,1,27:15,2018,2019
2018-19,1626170,Jerian Grant,Jerian,1610612753,ORL,Orlando Magic,21800936,2019-03-02T00:00:00,ORL @ IND,W,51.7,8.3,8.3,8.3,8.3,8.3,0.0,0.0,33.3,4.2,4.2,4.2,4.2,62.5,1,1,1,1,1919,2511,2094,2025,11678,5716,1,1,21413,1565,24873,14339,9906,3617,1,12:25,2018,2019
2018-19,1628371,Jonathan Isaac,Jonathan,1610612753,ORL,Orlando Magic,21800936,2019-03-02T00:00:00,ORL @ IND,W,51.4,5.6,7.4,5.6,7.4,16.7,3.7,13.0,44.4,1.9,0.0,1.9,1.9,54.8,1,1,1,1,2355,5490,2757,4384,12872,14686,3795,14238,14511,5223,1,7051,16722,6126,1,27:44,2018,2019
2018-19,202696,Nikola Vučević,Nikola,1610612753,ORL,Orlando Magic,21800936,2019-03-02T00:00:00,ORL @ IND,W,50.9,3.2,11.1,0.0,31.7,22.2,7.9,14.3,44.4,1.6,0.0,3.2,6.3,79.5,1,1,1,1,3038,9804,1046,10121,380,20041,7920,15487,14511,6189,1,11205,5489,900,1,32:03,2018,2019
2018-19,203095,Evan Fournier,Evan,1610612753,ORL,Orlando Magic,21800936,2019-03-02T00:00:00,ORL @ IND,W,49.8,2.8,5.6,5.6,2.8,19.7,7.0,15.5,64.8,0.0,2.8,5.6,4.2,47.9,1,1,1,1,5129,10666,4416,4344,19025,18044,6899,16822,3041,8286,23204,18462,9820,9286,1,35:20,2018,2019
2018-19,203932,Aaron Gordon,Aaron,1610612753,ORL,Orlando Magic,21800936,2019-03-02T00:00:00,ORL @ IND,W,48.5,4.0,0.0,0.0,8.0,18.7,6.7,14.7,56.0,1.3,1.3,2.7,1.3,40.8,1,1,1,1,8281,8107,10185,10121,12118,17010,6427,16016,6711,7439,18037,9397,18586,13070,1,36:24,2018,2019
2018-19,201571,D.J. Augustin,D.J.,1610612753,ORL,Orlando Magic,21800936,2019-03-02T00:00:00,ORL @ IND,W,48.1,5.6,0.0,5.6,5.6,19.4,0.0,19.4,61.1,0.0,2.8,2.8,2.8,40.0,1,1,1,1,9728,5490,10185,4384,15361,17758,1,20209,4227,8286,23085,9774,13963,13452,1,17:18,2018,2019
2018-19,203920,Khem Birch,Khem,1610612753,ORL,Orlando Magic,21800936,2019-03-02T00:00:00,ORL @ IND,W,51.5,0.0,3.2,0.0,19.4,6.5,0.0,6.5,64.5,3.2,0.0,3.2,3.2,48.7,1,1,1,1,2259,12104,8063,10121,2801,4222,1,6920,3101,2495,1,11331,12535,8879,1,15:57,2018,2019
2018-19,1628515,Isaiah Briscoe,Isaiah,1610612753,ORL,Orlando Magic,21800936,2019-03-02T00:00:00,ORL @ IND,W,51.8,0.0,5.7,0.0,11.4,20.0,14.3,11.4,51.4,0.0,0.0,11.4,5.7,17.7,1,1,1,1,1798,12104,4283,10121,8307,18113,15801,12512,9602,8286,1,24781,6579,23433,1,18:09,2018,2019
2018-19,203082,Terrence Ross,Terrence,1610612753,ORL,Orlando Magic,21800923,2019-02-28T00:00:00,ORL vs. GSW,W,44.4,5.0,0.0,10.0,3.3,11.7,13.3,0.0,46.7,0.0,0.0,5.0,1.7,48.8,1,1,1,1,20937,6380,10185,1235,18263,9072,14755,1,13078,8286,1,16734,17396,8818,1,26:39,2018,2019
2018-19,1628411,Wes Iwundu,Wes,1610612753,ORL,Orlando Magic,21800923,2019-02-28T00:00:00,ORL vs. GSW,W,45.6,3.4,0.0,3.4,3.4,12.1,25.9,8.6,48.3,0.0,1.7,0.0,5.2,16.9,1,1,1,1,17830,9215,10185,7621,18120,9533,24107,9379,11950,8286,20230,1,7684,23598,1,26:28,2018,2019
2018-19,202696,Nikola Vučević,Nikola,1610612753,ORL,Orlando Magic,21800923,2019-02-28T00:00:00,ORL vs. GSW,W,46.4,3.1,0.0,4.6,9.2,16.9,16.9,10.8,49.2,3.1,1.5,3.1,3.1,62.5,1,1,1,1,15421,10032,10185,5731,10761,15140,18794,11754,11254,2707,19336,10883,13076,3636,1,30:09,2018,2019
2018-19,201571,D.J. Augustin,D.J.,1610612753,ORL,Orlando Magic,21800923,2019-02-28T00:00:00,ORL vs. GSW,W,46.5,0.0,0.0,0.0,13.8,13.8,12.1,12.1,51.7,3.4,0.0,3.4,1.7,45.7,1,1,1,1,14925,12104,10185,10121,6219,11533,13296,13273,9425,2249,1,12015,17196,10379,1,26:59,2018,2019
2018-19,203920,Khem Birch,Khem,1610612753,ORL,Orlando Magic,21800923,2019-02-28T00:00:00,ORL vs. GSW,W,45.8,0.0,0.0,5.1,15.4,10.3,10.3,0.0,51.3,2.6,0.0,2.6,5.1,33.1,1,1,1,1,17382,12104,10185,4970,4942,7549,10872,1,9709,3618,1,8971,7755,17309,1,17:51,2018,2019
2018-19,203095,Evan Fournier,Evan,1610612753,ORL,Orlando Magic,21800923,2019-02-28T00:00:00,ORL vs. GSW,W,46.0,0.0,0.0,4.8,3.2,12.9,11.3,11.3,48.4,1.6,1.6,1.6,0.0,26.5,1,1,1,1,16781,12104,10185,5401,18421,10463,12279,12368,11902,6085,19733,6276,18923,20532,1,28:30,2018,2019
2018-19,1628371,Jonathan Isaac,Jonathan,1610612753,ORL,Orlando Magic,21800923,2019-02-28T00:00:00,ORL vs. GSW,W,47.4,7.3,3.6,3.6,18.2,20.0,23.6,9.1,58.2,1.8,0.0,5.5,1.8,30.5,1,1,1,1,11930,3491,7302,7300,3242,18113,23356,9806,5559,5321,1,18014,16847,18611,1,26:05,2018,2019
2018-19,1628515,Isaiah Briscoe,Isaiah,1610612753,ORL,Orlando Magic,21800923,2019-02-28T00:00:00,ORL vs. GSW,W,44.6,0.0,0.0,0.0,12.8,14.9,17.0,0.0,46.8,2.1,0.0,2.1,2.1,50.6,1,1,1,1,20575,12104,10185,10121,7106,12836,18866,1,12986,4525,1,7789,15945,7938,1,20:57,2018,2019
2018-19,203932,Aaron Gordon,Aaron,1610612753,ORL,Orlando Magic,21800923,2019-02-28T00:00:00,ORL vs. GSW,W,46.0,0.0,2.5,2.5,12.7,15.2,2.5,5.1,48.1,1.3,0.0,1.3,3.8,56.3,1,1,1,1,16566,12104,9514,9494,7226,13200,3182,5602,12108,7756,1,5054,11025,5524,1,36:22,2018,2019
2018-19,201571,D.J. Augustin,D.J.,1610612753,ORL,Orlando Magic,21800908,2019-02-26T00:00:00,ORL @ NYK,L,48.5,4.9,3.3,0.0,6.6,18.0,16.4,6.6,42.6,0.0,1.6,8.2,3.3,45.9,1,13078,13078,13078,8347,6562,7962,10121,13996,16320,18254,7075,15955,8286,19869,22761,12433,10259,1,29:36,2018,2019
2018-19,202696,Nikola Vučević,Nikola,1610612753,ORL,Orlando Magic,21800908,2019-02-26T00:00:00,ORL @ NYK,L,47.8,2.8,2.8,0.0,25.0,15.3,16.7,11.1,47.2,4.2,0.0,2.8,0.0,82.2,1,13078,13078,13078,10641,10763,9003,10121,1068,13282,18356,12037,12714,1565,1,9774,18923,704,1,34:25,2018,2019
2018-19,203932,Aaron Gordon,Aaron,1610612753,ORL,Orlando Magic,21800908,2019-02-26T00:00:00,ORL @ NYK,L,47.7,2.9,5.9,0.0,17.6,17.6,8.8,11.8,52.9,1.5,2.9,5.9,11.8,59.4,1,13078,13078,13078,11060,10363,4093,10121,3612,15875,9008,12855,8601,6743,23412,18925,847,4512,1,32:25,2018,2019
2018-19,1628371,Jonathan Isaac,Jonathan,1610612753,ORL,Orlando Magic,21800908,2019-02-26T00:00:00,ORL @ NYK,L,49.0,6.2,0.0,3.1,6.2,16.9,18.5,12.3,46.2,4.6,3.1,3.1,0.0,49.5,1,13078,13078,13078,6925,4739,10185,8328,14543,15140,20231,13542,13377,1307,23662,10883,18923,8493,1,31:51,2018,2019
2018-19,203095,Evan Fournier,Evan,1610612753,ORL,Orlando Magic,21800908,2019-02-26T00:00:00,ORL @ NYK,L,48.0,2.6,2.6,3.9,7.8,16.9,15.6,10.4,46.8,0.0,0.0,2.6,3.9,49.4,1,13078,13078,13078,9884,11226,9390,6882,12459,15098,17429,11347,13048,8286,1,9138,10771,8583,1,36:59,2018,2019
2018-19,203920,Khem Birch,Khem,1610612753,ORL,Orlando Magic,21800908,2019-02-26T00:00:00,ORL @ NYK,L,48.5,0.0,3.6,0.0,0.0,14.3,0.0,14.3,64.3,0.0,0.0,0.0,3.6,28.6,1,13078,13078,13078,8345,12104,7418,10121,19484,11954,1,15487,3166,8286,1,1,11558,19535,1,13:35,2018,2019
2018-19,1626170,Jerian Grant,Jerian,1610612753,ORL,Orlando Magic,21800908,2019-02-26T00:00:00,ORL @ NYK,L,47.0,0.0,0.0,0.0,0.0,10.3,5.1,20.5,66.7,0.0,0.0,2.6,2.6,3.1,1,13078,13078,13078,13478,12104,10185,10121,19484,7549,4881,20939,2265,8286,1,8971,14709,25171,1,18:19,2018,2019
2018-19,203082,Terrence Ross,Terrence,1610612753,ORL,Orlando Magic,21800908,2019-02-26T00:00:00,ORL @ NYK,L,50.3,0.0,0.0,0.0,0.0,10.3,5.1,10.3,66.7,0.0,2.6,7.7,0.0,8.7,1,13078,13078,13078,3933,12104,10185,10121,19484,7549,4881,11179,2265,8286,22538,22104,18923,24848,1,19:38,2018,2019
2018-19,1628411,Wes Iwundu,Wes,1610612753,ORL,Orlando Magic,21800908,2019-02-26T00:00:00,ORL @ NYK,L,47.4,0.0,0.0,0.0,4.1,10.2,8.2,16.3,57.1,0.0,2.0,4.1,0.0,22.4,1,13078,13078,13078,12132,12104,10185,10121,17261,7511,8194,17612,5939,8286,21288,14138,18923,22088,1,23:13,2018,2019
2018-19,203932,Aaron Gordon,Aaron,1610612753,ORL,Orlando Magic,21800894,2019-02-24T00:00:00,ORL @ TOR,W,48.2,3.2,0.0,4.8,3.2,16.1,12.9,6.5,45.2,0.0,1.6,1.6,4.8,36.1,1,1,1,1,9333,9686,10185,5401,18421,14255,14331,6920,14143,8286,19733,6276,8397,15700,1,29:53,2018,2019
2018-19,202696,Nikola Vučević,Nikola,1610612753,ORL,Orlando Magic,21800894,2019-02-24T00:00:00,ORL @ TOR,W,46.4,3.0,3.0,0.0,18.2,10.6,10.6,15.2,42.4,1.5,0.0,1.5,3.0,79.4,1,1,1,1,15331,10128,8458,10121,3242,7929,11362,16453,16061,6512,1,5909,13155,910,1,30:38,2018,2019
2018-19,203082,Terrence Ross,Terrence,1610612753,ORL,Orlando Magic,21800894,2019-02-24T00:00:00,ORL @ TOR,W,48.9,8.2,6.6,0.0,13.1,4.9,11.5,19.7,52.5,0.0,0.0,3.3,4.9,62.8,1,1,1,1,7115,2674,3469,10121,6821,3341,12530,20364,8944,8286,1,11559,8227,3551,1,29:51,2018,2019
2018-19,1628371,Jonathan Isaac,Jonathan,1610612753,ORL,Orlando Magic,21800894,2019-02-24T00:00:00,ORL @ TOR,W,46.6,7.6,4.5,6.1,6.1,10.6,10.6,15.2,45.5,3.0,1.5,4.5,3.0,42.7,1,1,1,1,14786,3207,5814,3844,14629,7929,11362,16453,13913,2745,19198,15477,13155,11983,1,30:44,2018,2019
2018-19,201571,D.J. Augustin,D.J.,1610612753,ORL,Orlando Magic,21800894,2019-02-24T00:00:00,ORL @ TOR,W,47.4,3.5,0.0,0.0,7.0,12.3,8.8,12.3,45.6,0.0,0.0,0.0,5.3,52.6,1,1,1,1,12114,9088,10185,10121,13413,9765,8964,13501,13847,8286,1,1,7418,7028,1,27:00,2018,2019
2018-19,203920,Khem Birch,Khem,1610612753,ORL,Orlando Magic,21800894,2019-02-24T00:00:00,ORL @ TOR,W,48.2,0.0,0.0,0.0,11.1,8.3,13.9,11.1,55.6,2.8,0.0,11.1,2.8,50.8,1,1,1,1,9221,12104,10185,10121,8584,5716,15484,12037,6946,3186,1,24564,13963,7833,1,17:22,2018,2019
2018-19,203095,Evan Fournier,Evan,1610612753,ORL,Orlando Magic,21800894,2019-02-24T00:00:00,ORL @ TOR,W,48.8,3.1,4.7,0.0,3.1,15.6,15.6,10.9,50.0,1.6,0.0,4.7,1.6,25.2,1,1,1,1,7580,9918,5652,10121,18584,13689,17453,11972,10251,6305,1,15963,17811,21035,1,31:13,2018,2019
2018-19,1626170,Jerian Grant,Jerian,1610612753,ORL,Orlando Magic,21800894,2019-02-24T00:00:00,ORL @ TOR,W,46.7,4.4,0.0,4.4,4.4,6.7,15.6,15.6,48.9,2.2,0.0,2.2,6.7,60.2,1,1,1,1,14443,7335,10185,5961,16825,4359,17393,16882,11483,4311,1,8019,4889,4232,1,21:00,2018,2019
2018-19,1628411,Wes Iwundu,Wes,1610612753,ORL,Orlando Magic,21800894,2019-02-24T00:00:00,ORL @ TOR,W,47.5,0.0,4.3,4.3,8.5,0.0,8.5,19.1,46.8,4.3,0.0,2.1,4.3,34.3,1,1,1,1,11708,12104,6232,6239,11550,1,8613,19985,12986,1530,1,7789,9715,16684,1,22:19,2018,2019
2018-19,203920,Khem Birch,Khem,1610612753,ORL,Orlando Magic,21800875,2019-02-22T00:00:00,ORL vs. CHI,L,46.7,0.0,11.1,0.0,11.1,27.8,5.6,11.1,55.6,2.8,0.0,11.1,2.8,41.7,1,13078,13078,13078,14295,12104,1046,10121,8584,23111,5275,12037,6946,3186,1,24564,13963,12576,1,16:49,2018,2019
2018-19,203095,Evan Fournier,Evan,1610612753,ORL,Orlando Magic,21800875,2019-02-22T00:00:00,ORL vs. CHI,L,49.5,3.9,3.9,0.0,7.9,11.8,5.3,25.0,39.5,0.0,0.0,2.6,1.3,40.9,1,13078,13078,13078,5799,8237,6769,10121,12319,9306,5006,23041,18256,8286,1,9221,18637,13016,1,37:35,2018,2019
2018-19,1628515,Isaiah Briscoe,Isaiah,1610612753,ORL,Orlando Magic,21800875,2019-02-22T00:00:00,ORL vs. CHI,L,49.7,0.0,0.0,4.8,4.8,23.8,14.3,9.5,57.1,0.0,0.0,0.0,19.0,37.9,1,13078,13078,13078,5366,12104,10185,5463,16476,21225,15801,10332,5939,8286,1,1,94,14746,1,20:51,2018,2019
2018-19,203932,Aaron Gordon,Aaron,1610612753,ORL,Orlando Magic,21800875,2019-02-22T00:00:00,ORL vs. CHI,L,47.5,2.9,0.0,0.0,11.8,19.1,2.9,23.5,41.2,4.4,0.0,2.9,2.9,50.0,1,13078,13078,13078,11739,10363,10185,10121,7934,17448,3345,22548,16960,1442,1,10377,13449,8189,1,32:17,2018,2019
2018-19,201571,D.J. Augustin,D.J.,1610612753,ORL,Orlando Magic,21800875,2019-02-22T00:00:00,ORL vs. CHI,L,46.7,5.2,0.0,0.0,0.0,5.2,0.0,25.9,27.6,0.0,1.7,0.0,1.7,44.0,1,13078,13078,13078,14525,6148,10185,10121,19484,3478,1,23469,23699,8286,20230,1,17196,11309,1,27:04,2018,2019
2018-19,202696,Nikola Vučević,Nikola,1610612753,ORL,Orlando Magic,21800875,2019-02-22T00:00:00,ORL vs. CHI,L,47.1,0.0,3.3,0.0,19.7,4.9,3.3,24.6,29.5,3.3,3.3,4.9,4.9,90.3,1,13078,13078,13078,12872,12104,7962,10121,2683,3341,3534,22997,23144,2453,23959,16609,8227,351,1,28:45,2018,2019
2018-19,1628411,Wes Iwundu,Wes,1610612753,ORL,Orlando Magic,21800875,2019-02-22T00:00:00,ORL vs. CHI,L,48.2,0.0,0.0,5.0,0.0,15.0,15.0,7.5,45.0,0.0,0.0,5.0,0.0,11.5,1,13078,13078,13078,9412,12104,10185,5122,19484,12930,16737,8128,14264,8286,1,16734,18923,24557,1,19:16,2018,2019
2018-19,1628371,Jonathan Isaac,Jonathan,1610612753,ORL,Orlando Magic,21800875,2019-02-22T00:00:00,ORL vs. CHI,L,49.0,0.0,0.0,0.0,0.0,4.7,9.4,23.4,37.5,0.0,1.6,1.6,3.1,19.7,1,13078,13078,13078,7061,12104,10185,10121,19484,3220,9735,22540,19367,8286,19466,6091,12872,22953,1,31:20,2018,2019
2018-19,203082,Terrence Ross,Terrence,1610612753,ORL,Orlando Magic,21800875,2019-02-22T00:00:00,ORL vs. CHI,L,45.7,0.0,0.0,0.0,0.0,14.0,3.5,7.0,38.6,0.0,0.0,0.0,1.8,41.9,1,13078,13078,13078,17616,12104,10185,10121,19484,11811,3673,7595,18792,8286,1,1,17079,12430,1,26:03,2018,2019
2018-19,1628982,Melvin Frazier Jr.,Melvin,1610612753,ORL,Orlando Magic,21800864,2019-02-14T00:00:00,ORL vs. CHA,W,48.6,0.0,0.0,0.0,36.4,0.0,0.0,18.2,72.7,0.0,0.0,0.0,0.0,36.4,1,1,1,1,7945,12104,10185,10121,184,1,1,19142,1340,8286,1,1,18923,15575,1,5:21,2018,2019
2018-19,203095,Evan Fournier,Evan,1610612753,ORL,Orlando Magic,21800864,2019-02-14T00:00:00,ORL vs. CHA,W,47.0,0.0,0.0,0.0,10.3,3.4,6.9,10.3,34.5,0.0,0.0,6.9,1.7,52.8,1,1,1,1,13194,12104,10185,10121,9505,2676,6690,11265,21022,8286,1,21040,17196,6979,1,27:17,2018,2019
2018-19,203920,Khem Birch,Khem,1610612753,ORL,Orlando Magic,21800864,2019-02-14T00:00:00,ORL vs. CHA,W,51.6,0.0,6.1,0.0,24.2,0.0,6.1,6.1,36.4,3.0,0.0,3.0,3.0,52.4,1,1,1,1,2031,12104,3922,10121,1273,1,5860,6545,19941,2745,1,10686,13155,7105,1,17:02,2018,2019
2018-19,203932,Aaron Gordon,Aaron,1610612753,ORL,Orlando Magic,21800864,2019-02-14T00:00:00,ORL vs. CHA,W,48.6,3.1,0.0,4.6,6.2,3.1,9.2,9.2,43.1,0.0,3.1,4.6,7.7,46.5,1,1,1,1,8178,10032,10185,5731,14543,2563,9570,10046,15632,8286,23662,15756,3498,9996,1,31:34,2018,2019
2018-19,1626170,Jerian Grant,Jerian,1610612753,ORL,Orlando Magic,21800864,2019-02-14T00:00:00,ORL vs. CHA,W,48.6,0.0,0.0,0.0,0.0,0.0,0.0,18.2,72.7,0.0,0.0,0.0,9.1,95.5,1,1,1,1,7945,12104,10185,10121,19484,1,1,19142,1340,8286,1,1,2174,237,1,5:21,2018,2019
2018-19,201571,D.J. Augustin,D.J.,1610612753,ORL,Orlando Magic,21800864,2019-02-14T00:00:00,ORL vs. CHA,W,46.5,6.4,4.3,6.4,4.3,4.3,12.8,12.8,51.1,2.1,0.0,0.0,4.3,48.3,1,1,1,1,14919,4467,6232,3558,17051,3024,14173,14023,9846,4525,1,1,9715,9103,1,21:52,2018,2019
2018-19,202696,Nikola Vučević,Nikola,1610612753,ORL,Orlando Magic,21800864,2019-02-14T00:00:00,ORL vs. CHA,W,47.4,0.0,3.7,3.7,18.5,9.3,14.8,11.1,48.1,1.9,0.0,3.7,3.7,74.4,1,1,1,1,11881,12104,7177,7172,3161,6605,16533,12037,12060,5223,1,12806,11197,1392,1,25:37,2018,2019
2018-19,1626185,Jarell Martin,Jarell,1610612753,ORL,Orlando Magic,21800864,2019-02-14T00:00:00,ORL vs. CHA,W,48.6,0.0,0.0,0.0,0.0,0.0,0.0,18.2,72.7,0.0,9.1,0.0,0.0,79.1,1,1,1,1,7945,12104,10185,10121,19484,1,1,19142,1340,8286,25944,1,18923,943,1,5:21,2018,2019
2018-19,203082,Terrence Ross,Terrence,1610612753,ORL,Orlando Magic,21800864,2019-02-14T00:00:00,ORL vs. CHA,W,50.7,0.0,0.0,0.0,14.0,7.0,4.7,9.3,51.2,2.3,2.3,0.0,2.3,65.6,1,1,1,1,3254,12104,10185,10121,6117,4648,4471,10120,9786,4100,21953,1,15414,2871,1,21:49,2018,2019
2018-19,1628371,Jonathan Isaac,Jonathan,1610612753,ORL,Orlando Magic,21800864,2019-02-14T00:00:00,ORL vs. CHA,W,47.7,3.6,3.6,0.0,7.1,8.9,17.9,10.7,46.4,1.8,0.0,1.8,3.6,50.4,1,1,1,1,11030,8979,7418,10121,13212,6327,19639,11691,13272,5444,1,6858,11558,8066,1,26:42,2018,2019
2018-19,1628518,Amile Jefferson,Amile,1610612753,ORL,Orlando Magic,21800864,2019-02-14T00:00:00,ORL vs. CHA,W,48.6,18.2,0.0,18.2,18.2,0.0,0.0,18.2,72.7,0.0,0.0,0.0,0.0,29.1,1,1,1,1,7945,208,10185,168,3242,1,1,19142,1340,8286,1,1,18923,19317,1,5:21,2018,2019
2018-19,1628515,Isaiah Briscoe,Isaiah,1610612753,ORL,Orlando Magic,21800864,2019-02-14T00:00:00,ORL vs. CHA,W,51.2,0.0,0.0,0.0,0.0,5.9,7.8,7.8,43.1,0.0,0.0,7.8,2.0,43.3,1,1,1,1,2518,12104,10185,10121,19484,3824,7805,8492,15580,8286,1,22380,16390,11635,1,26:08,2018,2019
2018-19,1628411,Wes Iwundu,Wes,1610612753,ORL,Orlando Magic,21800864,2019-02-14T00:00:00,ORL vs. CHA,W,49.0,0.0,0.0,4.8,0.0,7.1,19.0,4.8,42.9,2.4,0.0,0.0,7.1,43.1,1,1,1,1,6891,12104,10185,5463,19484,4717,20637,5302,15698,3993,1,1,4186,11772,1,20:35,2018,2019
2018-19,1628371,Jonathan Isaac,Jonathan,1610612753,ORL,Orlando Magic,21800851,2019-02-12T00:00:00,ORL @ NOP,W,45.9,7.9,9.5,3.2,15.9,9.5,0.0,6.3,34.9,4.8,0.0,1.6,3.2,60.2,1,1,1,1,17002,2892,1556,8134,4692,6817,1,6844,20823,1203,1,6180,12755,4253,1,28:55,2018,2019
2018-19,201571,D.J. Augustin,D.J.,1610612753,ORL,Orlando Magic,21800851,2019-02-12T00:00:00,ORL @ NOP,W,46.5,0.0,0.0,0.0,4.7,9.3,4.7,9.3,46.5,0.0,2.3,0.0,0.0,34.9,1,1,1,1,15122,12104,10185,10121,16601,6640,4471,10120,13214,8286,21953,1,18923,16362,1,19:59,2018,2019
2018-19,1628411,Wes Iwundu,Wes,1610612753,ORL,Orlando Magic,21800851,2019-02-12T00:00:00,ORL @ NOP,W,44.3,7.7,5.1,0.0,5.1,23.1,10.3,0.0,51.3,5.1,0.0,10.3,0.0,59.2,1,1,1,1,21242,3057,5029,10121,15989,20723,10872,1,9709,1026,1,24270,18923,4561,1,17:16,2018,2019
2018-19,203082,Terrence Ross,Terrence,1610612753,ORL,Orlando Magic,21800851,2019-02-12T00:00:00,ORL @ NOP,W,47.0,0.0,0.0,0.0,0.0,15.8,5.3,7.9,57.9,2.6,2.6,0.0,0.0,24.2,1,1,1,1,13290,12104,10185,10121,19484,13834,5006,8550,5689,3476,22731,1,18923,21464,1,17:52,2018,2019
2018-19,202696,Nikola Vučević,Nikola,1610612753,ORL,Orlando Magic,21800851,2019-02-12T00:00:00,ORL @ NOP,W,47.1,10.5,8.8,5.3,14.0,7.0,3.5,7.0,49.1,0.0,1.8,1.8,7.0,98.1,1,1,1,1,12860,1353,1927,4753,6070,4670,3673,7595,11350,8286,20353,6760,4450,207,1,26:52,2018,2019
2018-19,1626170,Jerian Grant,Jerian,1610612753,ORL,Orlando Magic,21800851,2019-02-12T00:00:00,ORL @ NOP,W,44.6,0.0,0.0,0.0,0.0,0.0,0.0,0.0,44.4,0.0,0.0,11.1,0.0,72.2,1,1,1,1,20438,12104,10185,10121,19484,1,1,1,14511,8286,1,24564,18923,1673,1,4:01,2018,2019
2018-19,1628518,Amile Jefferson,Amile,1610612753,ORL,Orlando Magic,21800851,2019-02-12T00:00:00,ORL @ NOP,W,44.6,0.0,0.0,0.0,0.0,0.0,0.0,0.0,44.4,0.0,0.0,0.0,11.1,62.2,1,1,1,1,20438,12104,10185,10121,19484,1,1,1,14511,8286,1,1,1043,3692,1,4:01,2018,2019
2018-19,1628982,Melvin Frazier Jr.,Melvin,1610612753,ORL,Orlando Magic,21800851,2019-02-12T00:00:00,ORL @ NOP,W,44.6,22.2,0.0,22.2,22.2,0.0,0.0,0.0,44.4,0.0,0.0,0.0,0.0,22.2,1,1,1,1,20438,109,10185,69,1710,1,1,1,14511,8286,1,1,18923,22156,1,4:01,2018,2019
2018-19,203095,Evan Fournier,Evan,1610612753,ORL,Orlando Magic,21800851,2019-02-12T00:00:00,ORL @ NOP,W,48.9,0.0,7.0,9.9,11.3,7.0,2.8,9.9,36.6,0.0,2.8,2.8,4.2,46.8,1,1,1,1,7301,12104,3062,1334,8525,4698,3290,10760,19904,8286,23204,9966,9820,9837,1,34:42,2018,2019
2018-19,1626185,Jarell Martin,Jarell,1610612753,ORL,Orlando Magic,21800851,2019-02-12T00:00:00,ORL @ NOP,W,43.0,0.0,0.0,0.0,0.0,0.0,0.0,0.0,44.4,0.0,0.0,33.3,0.0,46.7,1,1,1,1,23486,12104,10185,10121,19484,1,1,1,14511,8286,1,26044,18923,9875,1,3:52,2018,2019
2018-19,1628515,Isaiah Briscoe,Isaiah,1610612753,ORL,Orlando Magic,21800851,2019-02-12T00:00:00,ORL @ NOP,W,47.5,0.0,0.0,0.0,0.0,11.9,3.4,5.1,44.1,1.7,1.7,1.7,1.7,52.9,1,1,1,1,11696,12104,10185,10121,19484,9328,3609,5615,14955,5771,20114,6562,17310,6925,1,28:01,2018,2019
2018-19,203920,Khem Birch,Khem,1610612753,ORL,Orlando Magic,21800851,2019-02-12T00:00:00,ORL @ NOP,W,48.9,0.0,0.0,0.0,17.1,20.0,5.7,8.6,40.0,2.9,5.7,0.0,0.0,51.4,1,1,1,1,7204,12104,10185,10121,3883,18113,5454,9312,17499,3044,25588,1,18923,7557,1,17:07,2018,2019
2018-19,203932,Aaron Gordon,Aaron,1610612753,ORL,Orlando Magic,21800851,2019-02-12T00:00:00,ORL @ NOP,W,49.0,8.8,2.9,2.9,11.8,10.3,5.9,10.3,52.9,0.0,0.0,1.5,7.4,51.2,1,1,1,1,6798,2226,8647,8632,7934,7615,5638,11244,8601,8286,1,5755,3981,7675,1,33:21,2018,2019
2018-19,1628411,Wes Iwundu,Wes,1610612753,ORL,Orlando Magic,21800837,2019-02-10T00:00:00,ORL @ ATL,W,46.1,5.0,15.0,0.0,5.0,7.5,5.0,7.5,30.0,2.5,2.5,7.5,7.5,58.5,1,1,1,1,16401,6380,448,10121,16152,5072,4772,8128,22962,3747,22375,21947,3800,4810,1,18:26,2018,2019
2018-19,201571,D.J. Augustin,D.J.,1610612753,ORL,Orlando Magic,21800837,2019-02-10T00:00:00,ORL @ ATL,W,50.4,0.0,0.0,0.0,20.0,8.0,0.0,10.0,36.0,0.0,2.0,2.0,6.0,71.2,1,1,1,1,3772,12104,10185,10121,2454,5441,1,10811,20248,8286,21175,7477,6068,1830,1,25:13,2018,2019
2018-19,202696,Nikola Vučević,Nikola,1610612753,ORL,Orlando Magic,21800837,2019-02-10T00:00:00,ORL @ ATL,W,50.4,3.5,3.5,5.3,21.1,12.3,0.0,14.0,31.6,1.8,1.8,3.5,1.8,70.0,1,1,1,1,3813,9088,7538,4753,2131,9765,1,15381,22366,5551,20353,12245,17079,1987,1,28:44,2018,2019
2018-19,1626185,Jarell Martin,Jarell,1610612753,ORL,Orlando Magic,21800837,2019-02-10T00:00:00,ORL @ ATL,W,45.1,17.6,0.0,0.0,0.0,0.0,0.0,35.3,35.3,0.0,0.0,5.9,0.0,50.6,1,1,1,1,19261,242,10185,10121,19484,1,1,25294,20574,8286,1,18925,18923,7951,1,7:40,2018,2019
2018-19,1626170,Jerian Grant,Jerian,1610612753,ORL,Orlando Magic,21800837,2019-02-10T00:00:00,ORL @ ATL,W,43.1,0.0,0.0,0.0,0.0,0.0,0.0,37.5,50.0,0.0,0.0,0.0,0.0,37.5,1,1,1,1,23278,12104,10185,10121,19484,1,1,25472,10251,8286,1,1,18923,14914,1,3:27,2018,2019
2018-19,203932,Aaron Gordon,Aaron,1610612753,ORL,Orlando Magic,21800837,2019-02-10T00:00:00,ORL @ ATL,W,48.6,3.8,0.0,3.8,7.5,7.5,7.5,3.8,45.3,1.9,1.9,7.5,5.7,41.7,1,1,1,1,8204,8565,10185,7051,12740,5098,7482,4552,14074,5114,20838,22012,6698,12568,1,25:44,2018,2019
2018-19,203920,Khem Birch,Khem,1610612753,ORL,Orlando Magic,21800837,2019-02-10T00:00:00,ORL @ ATL,W,46.5,0.0,0.0,0.0,11.8,0.0,11.8,0.0,52.9,2.9,0.0,0.0,2.9,48.2,1,1,1,1,14940,12104,10185,10121,7934,1,12825,1,8601,2904,1,1,13449,9127,1,15:49,2018,2019
2018-19,1628371,Jonathan Isaac,Jonathan,1610612753,ORL,Orlando Magic,21800837,2019-02-10T00:00:00,ORL @ ATL,W,49.9,8.9,0.0,3.6,10.7,12.5,0.0,8.9,35.7,8.9,1.8,3.6,1.8,74.3,1,1,1,1,4846,2170,10185,7414,9096,9872,1,9725,20388,206,20479,12387,16977,1405,1,27:57,2018,2019
2018-19,203082,Terrence Ross,Terrence,1610612753,ORL,Orlando Magic,21800837,2019-02-10T00:00:00,ORL @ ATL,W,47.3,0.0,0.0,0.0,0.0,0.0,8.0,6.0,48.0,0.0,0.0,0.0,10.0,54.4,1,1,1,1,12443,12104,10185,10121,19484,1,7950,6511,12131,8286,1,1,1578,6305,1,23:38,2018,2019
2018-19,203095,Evan Fournier,Evan,1610612753,ORL,Orlando Magic,21800837,2019-02-10T00:00:00,ORL @ ATL,W,50.3,6.0,3.0,0.0,6.0,10.4,3.0,11.9,38.8,0.0,0.0,4.5,3.0,49.4,1,1,1,1,4065,4989,8545,10121,14798,7753,3366,13120,18669,8286,1,15372,13356,8557,1,33:41,2018,2019
2018-19,1628518,Amile Jefferson,Amile,1610612753,ORL,Orlando Magic,21800837,2019-02-10T00:00:00,ORL @ ATL,W,43.1,0.0,0.0,0.0,0.0,0.0,0.0,37.5,50.0,0.0,0.0,12.5,0.0,15.0,1,1,1,1,23278,12104,10185,10121,19484,1,1,25472,10251,8286,1,25000,18923,23999,1,3:27,2018,2019
2018-19,1628982,Melvin Frazier Jr.,Melvin,1610612753,ORL,Orlando Magic,21800837,2019-02-10T00:00:00,ORL @ ATL,W,43.1,0.0,0.0,0.0,0.0,0.0,0.0,37.5,50.0,0.0,0.0,12.5,0.0,15.0,1,1,1,1,23278,12104,10185,10121,19484,1,1,25472,10251,8286,1,25000,18923,23999,1,3:27,2018,2019
2018-19,1628515,Isaiah Briscoe,Isaiah,1610612753,ORL,Orlando Magic,21800837,2019-02-10T00:00:00,ORL @ ATL,W,45.6,0.0,0.0,4.0,4.0,6.0,8.0,12.0,44.0,0.0,2.0,6.0,4.0,8.0,1,1,1,1,18021,12104,10185,6659,17358,3932,7950,13163,15005,8286,21175,19320,10365,24899,1,22:47,2018,2019
2018-19,203932,Aaron Gordon,Aaron,1610612753,ORL,Orlando Magic,21800833,2019-02-09T00:00:00,ORL @ MIL,W,48.6,1.7,3.3,0.0,20.0,13.3,16.7,6.7,50.0,0.0,5.0,6.7,8.3,37.0,1,1,1,1,8208,11925,7846,10121,2454,10924,18356,7147,10251,8286,25318,20553,2804,15233,1,29:08,2018,2019
2018-19,1628518,Amile Jefferson,Amile,1610612753,ORL,Orlando Magic,21800833,2019-02-09T00:00:00,ORL @ MIL,W,38.8,0.0,0.0,0.0,0.0,0.0,0.0,25.0,25.0,0.0,0.0,12.5,0.0,52.5,1,1,1,1,25661,12104,10185,10121,19484,1,1,23041,24202,8286,1,25000,18923,7066,1,3:06,2018,2019
2018-19,1626170,Jerian Grant,Jerian,1610612753,ORL,Orlando Magic,21800833,2019-02-09T00:00:00,ORL @ MIL,W,38.8,0.0,0.0,0.0,0.0,0.0,0.0,25.0,25.0,0.0,0.0,0.0,0.0,46.3,1,1,1,1,25661,12104,10185,10121,19484,1,1,23041,24202,8286,1,1,18923,10095,1,3:06,2018,2019
2018-19,1628371,Jonathan Isaac,Jonathan,1610612753,ORL,Orlando Magic,21800833,2019-02-09T00:00:00,ORL @ MIL,W,47.0,3.0,0.0,0.0,9.1,7.6,6.1,9.1,48.5,3.0,1.5,1.5,1.5,42.7,1,1,1,1,13467,10128,10185,10121,10829,5138,5860,9806,11808,2745,19198,5909,17994,11983,1,31:00,2018,2019
2018-19,201571,D.J. Augustin,D.J.,1610612753,ORL,Orlando Magic,21800833,2019-02-09T00:00:00,ORL @ MIL,W,48.6,0.0,0.0,9.5,19.0,11.9,9.5,14.3,57.1,0.0,2.4,7.1,9.5,42.6,1,1,1,1,8159,12104,10185,1448,2901,9363,9887,15487,5939,8286,22092,21332,1916,12054,1,20:24,2018,2019
2018-19,1628982,Melvin Frazier Jr.,Melvin,1610612753,ORL,Orlando Magic,21800833,2019-02-09T00:00:00,ORL @ MIL,W,38.8,25.0,25.0,25.0,50.0,0.0,0.0,25.0,25.0,0.0,0.0,0.0,0.0,90.0,1,1,1,1,25661,75,88,44,36,1,1,23041,24202,8286,1,1,18923,356,1,3:06,2018,2019
2018-19,203082,Terrence Ross,Terrence,1610612753,ORL,Orlando Magic,21800833,2019-02-09T00:00:00,ORL @ MIL,W,49.0,3.9,0.0,0.0,3.9,13.7,11.8,3.9,43.1,2.0,2.0,2.0,0.0,47.6,1,1,1,1,7053,8277,10185,10121,17449,11459,12825,4653,15580,4912,21076,7362,18923,9418,1,24:58,2018,2019
2018-19,1628411,Wes Iwundu,Wes,1610612753,ORL,Orlando Magic,21800833,2019-02-09T00:00:00,ORL @ MIL,W,44.0,0.0,0.0,0.0,0.0,10.6,8.5,4.3,38.3,0.0,2.1,8.5,0.0,38.3,1,1,1,1,21840,12104,10185,10121,19484,7959,8613,4907,18946,8286,21493,23066,18923,14492,1,20:40,2018,2019
2018-19,202696,Nikola Vučević,Nikola,1610612753,ORL,Orlando Magic,21800833,2019-02-09T00:00:00,ORL @ MIL,W,46.1,3.5,3.5,0.0,10.5,8.8,7.0,10.5,45.6,1.8,0.0,0.0,1.8,78.8,1,1,1,1,16409,9088,7538,10121,9221,6198,6857,11446,13847,5551,1,1,17079,966,1,26:16,2018,2019
2018-19,1628515,Isaiah Briscoe,Isaiah,1610612753,ORL,Orlando Magic,21800833,2019-02-09T00:00:00,ORL @ MIL,W,48.0,0.0,0.0,7.8,3.9,9.8,11.8,0.0,39.2,0.0,0.0,3.9,5.9,41.4,1,1,1,1,9862,12104,10185,2385,17449,7125,12825,1,18428,8286,1,13580,6209,12761,1,24:30,2018,2019
2018-19,203920,Khem Birch,Khem,1610612753,ORL,Orlando Magic,21800833,2019-02-09T00:00:00,ORL @ MIL,W,49.0,5.3,5.3,5.3,10.5,13.2,15.8,0.0,47.4,10.5,0.0,2.6,5.3,65.8,1,1,1,1,6823,5955,4843,4753,9221,10766,17618,1,12576,115,1,9221,7418,2821,1,18:38,2018,2019
2018-19,203095,Evan Fournier,Evan,1610612753,ORL,Orlando Magic,21800833,2019-02-09T00:00:00,ORL @ MIL,W,48.5,3.0,3.0,0.0,3.0,7.6,9.1,9.1,48.5,0.0,1.5,4.5,0.0,34.1,1,1,1,1,8275,10128,8458,10121,18720,5138,9262,9806,11808,8286,19198,15477,18923,16769,1,32:02,2018,2019
2018-19,1626185,Jarell Martin,Jarell,1610612753,ORL,Orlando Magic,21800833,2019-02-09T00:00:00,ORL @ MIL,W,38.8,0.0,0.0,0.0,0.0,0.0,0.0,25.0,25.0,0.0,0.0,0.0,0.0,15.0,1,1,1,1,25661,12104,10185,10121,19484,1,1,23041,24202,8286,1,1,18923,23999,1,3:06,2018,2019
2018-19,1628411,Wes Iwundu,Wes,1610612753,ORL,Orlando Magic,21800812,2019-02-07T00:00:00,ORL vs. MIN,W,49.1,8.1,5.4,0.0,5.4,18.9,37.8,5.4,54.1,2.7,0.0,8.1,8.1,28.9,1,1,1,1,6776,2731,4680,10121,15579,17233,25666,5921,7905,3332,1,22656,3107,19391,1,18:09,2018,2019
2018-19,201571,D.J. Augustin,D.J.,1610612753,ORL,Orlando Magic,21800812,2019-02-07T00:00:00,ORL vs. MIN,W,48.3,3.4,0.0,0.0,3.4,24.1,24.1,10.3,69.0,0.0,0.0,1.7,3.4,29.7,1,1,1,1,9032,9215,10185,10121,18120,21419,23518,11265,1972,8286,1,6660,11895,19057,1,28:01,2018,2019
2018-19,1628371,Jonathan Isaac,Jonathan,1610612753,ORL,Orlando Magic,21800812,2019-02-07T00:00:00,ORL vs. MIN,W,51.0,0.0,3.6,0.0,3.6,28.6,35.7,10.7,67.9,5.4,1.8,1.8,5.4,59.3,1,1,1,1,2798,12104,7418,10121,17950,23349,25543,11691,2182,940,20479,6858,7303,4546,1,28:35,2018,2019
2018-19,203082,Terrence Ross,Terrence,1610612753,ORL,Orlando Magic,21800812,2019-02-07T00:00:00,ORL vs. MIN,W,48.5,3.1,0.0,0.0,6.3,12.5,25.0,6.3,50.0,0.0,1.6,0.0,1.6,60.2,1,1,1,1,8495,9918,10185,10121,14369,9872,23708,6704,10251,8286,19466,1,17811,4256,1,31:01,2018,2019
2018-19,203932,Aaron Gordon,Aaron,1610612753,ORL,Orlando Magic,21800812,2019-02-07T00:00:00,ORL vs. MIN,W,48.9,0.0,0.0,0.0,12.3,13.8,21.5,3.1,55.4,1.5,1.5,3.1,6.2,53.4,1,1,1,1,7221,12104,10185,10121,7509,11611,22349,4062,7096,6409,19336,10883,5808,6706,1,31:47,2018,2019
2018-19,203095,Evan Fournier,Evan,1610612753,ORL,Orlando Magic,21800812,2019-02-07T00:00:00,ORL vs. MIN,W,49.2,7.1,0.0,4.3,11.4,20.0,20.0,5.7,60.0,0.0,0.0,5.7,0.0,27.0,1,1,1,1,6333,3556,10185,6187,8307,18113,21213,6211,4604,8286,1,18616,18923,20286,1,34:28,2018,2019
2018-19,1628515,Isaiah Briscoe,Isaiah,1610612753,ORL,Orlando Magic,21800812,2019-02-07T00:00:00,ORL vs. MIN,W,50.0,0.0,0.0,5.0,15.0,10.0,30.0,0.0,40.0,0.0,0.0,0.0,5.0,42.8,1,1,1,1,4737,12104,10185,5122,5305,7237,24969,1,17499,8286,1,1,7979,11978,1,19:59,2018,2019
2018-19,202696,Nikola Vučević,Nikola,1610612753,ORL,Orlando Magic,21800812,2019-02-07T00:00:00,ORL vs. MIN,W,48.8,3.1,9.4,0.0,15.6,21.9,25.0,9.4,62.5,3.1,1.6,1.6,3.1,66.4,1,1,1,1,7497,9918,1625,10121,4869,19854,23708,10202,3704,2601,19466,6091,12872,2696,1,31:14,2018,2019
2018-19,203920,Khem Birch,Khem,1610612753,ORL,Orlando Magic,21800812,2019-02-07T00:00:00,ORL vs. MIN,W,47.9,0.0,5.7,0.0,5.7,11.4,28.6,0.0,45.7,0.0,0.0,11.4,5.7,45.4,1,1,1,1,10283,12104,4283,10121,15115,8769,24696,1,13761,8286,1,24781,6579,10507,1,16:46,2018,2019
2018-19,202696,Nikola Vučević,Nikola,1610612753,ORL,Orlando Magic,21800802,2019-02-05T00:00:00,ORL @ OKC,L,41.5,2.4,0.0,0.0,4.9,17.1,12.2,4.9,51.2,0.0,2.4,2.4,1.2,41.8,1,13078,13078,13078,24858,11517,10185,10121,16337,15298,13455,5416,9777,8286,22222,8559,18812,12484,1,34:00,2018,2019
2018-19,203932,Aaron Gordon,Aaron,1610612753,ORL,Orlando Magic,21800802,2019-02-05T00:00:00,ORL @ OKC,L,42.7,4.8,2.4,1.2,9.5,20.2,6.0,9.5,52.4,1.2,0.0,7.1,8.3,52.6,1,13078,13078,13078,23748,6777,9734,10111,10380,18566,5786,10332,8986,8021,1,21332,2804,7033,1,35:54,2018,2019
2018-19,1628371,Jonathan Isaac,Jonathan,1610612753,ORL,Orlando Magic,21800802,2019-02-05T00:00:00,ORL @ OKC,L,41.4,2.9,2.9,2.9,8.6,20.0,7.1,5.7,51.4,2.9,0.0,5.7,1.4,41.9,1,13078,13078,13078,24888,10559,8809,8799,11483,18113,6932,6211,9602,3044,1,18616,18282,12468,1,28:59,2018,2019
2018-19,203095,Evan Fournier,Evan,1610612753,ORL,Orlando Magic,21800802,2019-02-05T00:00:00,ORL @ OKC,L,42.7,2.5,2.5,2.5,7.4,13.6,6.2,6.2,51.9,0.0,0.0,7.4,4.9,52.5,1,13078,13078,13078,23837,11470,9611,9586,12872,11317,6026,6691,9318,8286,1,21792,8205,7089,1,34:33,2018,2019
2018-19,203920,Khem Birch,Khem,1610612753,ORL,Orlando Magic,21800802,2019-02-05T00:00:00,ORL @ OKC,L,42.4,15.2,6.1,9.1,18.2,18.2,0.0,18.2,48.5,0.0,0.0,6.1,6.1,51.5,1,13078,13078,13078,24102,424,3922,1620,3242,16399,1,19142,11808,8286,1,19419,5930,7517,1,14:00,2018,2019
2018-19,203082,Terrence Ross,Terrence,1610612753,ORL,Orlando Magic,21800802,2019-02-05T00:00:00,ORL @ OKC,L,40.4,9.2,0.0,0.0,3.1,13.8,12.3,12.3,40.0,0.0,0.0,1.5,3.1,65.4,1,13078,13078,13078,25320,1982,10185,10121,18651,11611,13596,13542,17499,8286,1,6006,13076,2921,1,26:15,2018,2019
2018-19,201571,D.J. Augustin,D.J.,1610612753,ORL,Orlando Magic,21800802,2019-02-05T00:00:00,ORL @ OKC,L,41.3,2.6,0.0,0.0,5.2,18.2,10.4,2.6,41.6,0.0,0.0,1.3,5.2,24.7,1,13078,13078,13078,24954,11226,10185,10121,15949,16399,11088,3765,16731,8286,1,5134,7635,21277,1,31:46,2018,2019
2018-19,1628515,Isaiah Briscoe,Isaiah,1610612753,ORL,Orlando Magic,21800802,2019-02-05T00:00:00,ORL @ OKC,L,45.1,0.0,0.0,0.0,0.0,16.7,5.6,22.2,72.2,0.0,0.0,11.1,2.8,16.9,1,13078,13078,13078,19277,12104,10185,10121,19484,14686,5275,21828,1438,8286,1,24564,13963,23586,1,16:14,2018,2019
2018-19,1628411,Wes Iwundu,Wes,1610612753,ORL,Orlando Magic,21800802,2019-02-05T00:00:00,ORL @ OKC,L,40.7,0.0,0.0,0.0,4.4,20.0,15.6,11.1,57.8,2.2,0.0,6.7,6.7,25.8,1,13078,13078,13078,25220,12104,10185,10121,16825,18113,17393,12037,5753,4311,1,20553,4889,20794,1,18:19,2018,2019
2018-19,203932,Aaron Gordon,Aaron,1610612753,ORL,Orlando Magic,21800777,2019-02-02T00:00:00,ORL vs. BKN,W,44.2,0.0,0.0,2.4,7.1,5.9,7.1,7.1,35.3,1.2,1.2,2.4,1.2,34.0,1,1,1,1,21441,12104,10185,9733,13392,3824,6920,7660,20574,8053,17362,8387,18865,16796,1,37:33,2018,2019
2018-19,202696,Nikola Vučević,Nikola,1610612753,ORL,Orlando Magic,21800777,2019-02-02T00:00:00,ORL vs. BKN,W,46.0,14.3,5.7,0.0,28.6,5.7,2.9,7.1,34.3,4.3,0.0,1.4,1.4,77.7,1,1,1,1,16597,493,4283,10121,575,3746,3306,7669,21116,1514,1,5582,18282,1054,1,32:13,2018,2019
2018-19,203082,Terrence Ross,Terrence,1610612753,ORL,Orlando Magic,21800777,2019-02-02T00:00:00,ORL vs. BKN,W,44.1,0.0,0.0,0.0,3.3,8.3,10.0,8.3,26.7,0.0,0.0,0.0,0.0,14.0,1,1,1,1,21679,12104,10185,10121,18263,5716,10444,8979,23890,8286,1,1,18923,24195,1,26:26,2018,2019
2018-19,203095,Evan Fournier,Evan,1610612753,ORL,Orlando Magic,21800777,2019-02-02T00:00:00,ORL vs. BKN,W,45.1,0.0,0.0,0.0,2.7,5.4,5.4,5.4,35.1,0.0,0.0,2.7,2.7,35.9,1,1,1,1,19159,12104,10185,10121,19177,3576,5157,5921,20728,8286,1,9489,14241,15795,1,33:24,2018,2019
2018-19,1628411,Wes Iwundu,Wes,1610612753,ORL,Orlando Magic,21800777,2019-02-02T00:00:00,ORL vs. BKN,W,42.7,0.0,7.0,4.7,14.0,14.0,14.0,7.0,32.6,0.0,2.3,9.3,2.3,47.0,1,1,1,1,23777,12104,3112,5640,6117,11726,15567,7563,22027,8286,21953,23691,15414,9739,1,18:22,2018,2019
2018-19,1628515,Isaiah Briscoe,Isaiah,1610612753,ORL,Orlando Magic,21800777,2019-02-02T00:00:00,ORL vs. BKN,W,43.3,0.0,0.0,0.0,4.5,13.6,18.2,4.5,31.8,0.0,0.0,4.5,4.5,26.4,1,1,1,1,23093,12104,10185,10121,16723,11334,19859,5126,22307,8286,1,15477,8971,20559,1,19:02,2018,2019
2018-19,203920,Khem Birch,Khem,1610612753,ORL,Orlando Magic,21800777,2019-02-02T00:00:00,ORL vs. BKN,W,42.7,0.0,0.0,5.4,10.8,13.5,16.2,5.4,32.4,2.7,0.0,8.1,0.0,50.5,1,1,1,1,23843,12104,10185,4589,8967,11213,18061,5921,22069,3332,1,22656,18923,7968,1,15:47,2018,2019
2018-19,201571,D.J. Augustin,D.J.,1610612753,ORL,Orlando Magic,21800777,2019-02-02T00:00:00,ORL vs. BKN,W,46.0,11.1,0.0,0.0,9.5,4.8,0.0,7.9,34.9,0.0,0.0,1.6,3.2,50.2,1,1,1,1,16745,1137,10185,10121,10380,3234,1,8613,20823,8286,1,6180,12755,8157,1,28:58,2018,2019
2018-19,1628371,Jonathan Isaac,Jonathan,1610612753,ORL,Orlando Magic,21800777,2019-02-02T00:00:00,ORL vs. BKN,W,46.3,3.3,4.9,0.0,6.6,11.5,3.3,4.9,36.1,4.9,0.0,3.3,3.3,67.0,1,1,1,1,15670,9574,5347,10121,13996,8869,3534,5492,20206,1155,1,11559,12433,2561,1,28:15,2018,2019
2018-19,1628371,Jonathan Isaac,Jonathan,1610612753,ORL,Orlando Magic,21800765,2019-01-31T00:00:00,ORL vs. IND,W,46.5,0.0,9.0,0.0,9.0,14.9,6.0,10.4,50.7,3.0,0.0,3.0,6.0,51.6,1,1,1,1,14872,12104,1826,10121,11067,12881,5789,11408,10104,2858,1,10569,6127,7465,1,31:11,2018,2019
2018-19,202696,Nikola Vučević,Nikola,1610612753,ORL,Orlando Magic,21800765,2019-01-31T00:00:00,ORL vs. IND,W,47.5,2.7,2.7,0.0,13.7,19.2,8.2,15.1,54.8,0.0,0.0,4.1,0.0,45.9,1,1,1,1,11775,10872,9080,10121,6333,17513,8273,16390,7452,8286,1,14244,18923,10264,1,34:39,2018,2019
2018-19,1628964,Mo Bamba,Mo,1610612753,ORL,Orlando Magic,21800765,2019-01-31T00:00:00,ORL vs. IND,W,46.0,0.0,0.0,0.0,6.9,0.0,6.9,0.0,48.3,6.9,3.4,17.2,3.4,52.4,1,1,1,1,16560,12104,10185,10121,13519,1,6690,1,11950,461,24160,25741,11895,7115,1,13:21,2018,2019
2018-19,201571,D.J. Augustin,D.J.,1610612753,ORL,Orlando Magic,21800765,2019-01-31T00:00:00,ORL vs. IND,W,48.4,5.8,3.8,0.0,7.7,23.1,11.5,17.3,69.2,0.0,0.0,5.8,7.7,47.3,1,1,1,1,8810,5243,6931,10121,12505,20723,12567,18507,1916,8286,1,18771,3498,9570,1,25:09,2018,2019
2018-19,203082,Terrence Ross,Terrence,1610612753,ORL,Orlando Magic,21800765,2019-01-31T00:00:00,ORL vs. IND,W,47.5,14.0,3.5,21.1,10.5,14.0,7.0,7.0,38.6,0.0,1.8,0.0,7.0,76.8,1,1,1,1,11501,546,7538,94,9221,11811,6857,7595,18792,8286,20353,1,4450,1134,1,27:06,2018,2019
2018-19,203095,Evan Fournier,Evan,1610612753,ORL,Orlando Magic,21800765,2019-01-31T00:00:00,ORL vs. IND,W,50.0,0.0,0.0,0.0,2.8,13.9,11.1,15.3,72.2,0.0,0.0,2.8,0.0,23.9,1,1,1,1,4589,12104,10185,10121,19090,11651,11892,16591,1438,8286,1,9774,18923,21593,1,36:01,2018,2019
2018-19,1628515,Isaiah Briscoe,Isaiah,1610612753,ORL,Orlando Magic,21800765,2019-01-31T00:00:00,ORL vs. IND,W,47.6,0.0,0.0,0.0,0.0,4.2,4.2,4.2,37.5,0.0,0.0,4.2,4.2,33.3,1,1,1,1,11302,12104,10185,10121,19484,2974,4124,4837,19367,8286,1,14339,9906,17161,1,22:51,2018,2019
2018-19,203932,Aaron Gordon,Aaron,1610612753,ORL,Orlando Magic,21800765,2019-01-31T00:00:00,ORL vs. IND,W,48.3,2.9,0.0,0.0,5.8,14.5,8.7,13.0,66.7,0.0,0.0,0.0,4.3,21.9,1,1,1,1,9096,10449,10185,10121,15052,12372,8798,14303,2265,8286,1,1,9421,22278,1,33:19,2018,2019
2018-19,1628411,Wes Iwundu,Wes,1610612753,ORL,Orlando Magic,21800765,2019-01-31T00:00:00,ORL vs. IND,W,43.1,0.0,0.0,7.9,5.3,10.5,5.3,5.3,21.1,2.6,0.0,5.3,0.0,37.1,1,1,1,1,23301,12104,10185,2346,15810,7788,5006,5756,24911,3476,1,17409,18923,15170,1,16:23,2018,2019
2018-19,1626170,Jerian Grant,Jerian,1610612753,ORL,Orlando Magic,21800751,2019-01-29T00:00:00,ORL vs. OKC,L,44.3,0.0,0.0,13.9,5.6,0.0,0.0,16.7,50.0,0.0,0.0,5.6,2.8,26.7,1,13078,13078,13078,21175,12104,10185,449,15361,1,1,17785,10251,8286,1,18164,13963,20425,1,15:57,2018,2019
2018-19,203095,Evan Fournier,Evan,1610612753,ORL,Orlando Magic,21800751,2019-01-29T00:00:00,ORL vs. OKC,L,46.4,0.0,0.0,6.1,15.2,19.7,7.6,19.7,60.6,0.0,3.0,4.5,4.5,35.3,1,13078,13078,13078,15331,12104,10185,3844,5212,18009,7533,20383,4411,8286,23561,15477,8971,16121,1,30:38,2018,2019
2018-19,202696,Nikola Vučević,Nikola,1610612753,ORL,Orlando Magic,21800751,2019-01-29T00:00:00,ORL vs. OKC,L,45.9,2.7,8.1,0.0,29.7,17.6,6.8,17.6,59.5,2.7,2.7,1.4,1.4,72.6,1,13078,13078,13078,16928,10951,2276,10121,522,15842,6588,18711,4965,3332,22918,5298,18534,1627,1,33:59,2018,2019
2018-19,1628371,Jonathan Isaac,Jonathan,1610612753,ORL,Orlando Magic,21800751,2019-01-29T00:00:00,ORL vs. OKC,L,45.7,3.3,5.0,3.3,6.7,18.3,8.3,21.7,53.3,1.7,0.0,3.3,3.3,51.8,1,13078,13078,13078,17715,9439,5186,7810,13803,16679,8318,21620,8298,5885,1,11674,12212,7370,1,27:24,2018,2019
2018-19,1628964,Mo Bamba,Mo,1610612753,ORL,Orlando Magic,21800751,2019-01-29T00:00:00,ORL vs. OKC,L,48.3,0.0,6.9,0.0,13.8,0.0,0.0,17.2,48.3,0.0,0.0,6.9,3.4,55.9,1,13078,13078,13078,8880,12104,3155,10121,6219,1,1,18445,11950,8286,1,21040,11895,5704,1,14:01,2018,2019
2018-19,203932,Aaron Gordon,Aaron,1610612753,ORL,Orlando Magic,21800751,2019-01-29T00:00:00,ORL vs. OKC,L,47.9,3.9,9.1,0.0,10.4,14.3,3.9,9.1,57.1,1.3,2.6,2.6,3.9,51.0,1,13078,13078,13078,10228,8371,1723,10121,9465,11954,3938,9806,5939,7614,22688,9138,10771,7748,1,36:54,2018,2019
2018-19,203613,Jonathon Simmons,Jonathon,1610612753,ORL,Orlando Magic,21800751,2019-01-29T00:00:00,ORL vs. OKC,L,48.2,0.0,0.0,0.0,0.0,0.0,0.0,13.9,50.0,0.0,0.0,8.3,5.6,41.1,1,13078,13078,13078,9221,12104,10185,10121,19484,1,1,15219,10251,8286,1,22792,6812,12893,1,17:22,2018,2019
2018-19,201571,D.J. Augustin,D.J.,1610612753,ORL,Orlando Magic,21800751,2019-01-29T00:00:00,ORL vs. OKC,L,47.8,4.5,0.0,0.0,3.0,19.4,7.5,17.9,59.7,0.0,1.5,4.5,3.0,29.7,1,13078,13078,13078,10531,7278,10185,10121,18783,17730,7415,18992,4868,8286,19047,15372,13356,19031,1,32:03,2018,2019
2018-19,203082,Terrence Ross,Terrence,1610612753,ORL,Orlando Magic,21800751,2019-01-29T00:00:00,ORL vs. OKC,L,46.6,4.4,0.0,4.4,0.0,5.9,2.9,23.5,58.8,1.5,1.5,0.0,1.5,39.3,1,13078,13078,13078,14620,7435,10185,6034,19484,3824,3345,22548,5241,6743,18929,1,18160,13975,1,31:42,2018,2019
2018-19,1628371,Jonathan Isaac,Jonathan,1610612753,ORL,Orlando Magic,21800737,2019-01-27T00:00:00,ORL @ HOU,L,49.7,7.8,0.0,3.9,11.8,11.8,17.6,13.7,43.1,3.9,0.0,2.0,3.9,59.0,1,13078,13078,13078,5315,2967,10185,6800,7934,9126,19435,15035,15580,1793,1,7362,10665,4623,1,25:20,2018,2019
2018-19,203932,Aaron Gordon,Aaron,1610612753,ORL,Orlando Magic,21800737,2019-01-27T00:00:00,ORL @ HOU,L,48.1,9.5,2.4,1.2,7.1,15.5,14.3,11.9,38.1,0.0,2.4,2.4,4.8,44.0,1,13078,13078,13078,9724,1789,9734,10111,13212,13537,15801,13064,19014,8286,22092,8418,8493,11257,1,40:23,2018,2019
2018-19,203095,Evan Fournier,Evan,1610612753,ORL,Orlando Magic,21800737,2019-01-27T00:00:00,ORL @ HOU,L,48.7,0.0,0.0,0.0,12.7,11.1,19.0,14.3,41.3,0.0,1.6,3.2,4.8,48.6,1,13078,13078,13078,7851,12104,10185,10121,7165,8361,20637,15487,16925,8286,19600,11205,8493,8945,1,30:40,2018,2019
2018-19,202696,Nikola Vučević,Nikola,1610612753,ORL,Orlando Magic,21800737,2019-01-27T00:00:00,ORL @ HOU,L,49.7,2.9,13.2,0.0,20.6,16.2,17.6,16.2,47.1,1.5,1.5,5.9,7.4,76.3,1,13078,13078,13078,5357,10363,660,10121,2309,14326,19435,17469,12759,6743,18929,18925,3981,1189,1,33:46,2018,2019
2018-19,1626170,Jerian Grant,Jerian,1610612753,ORL,Orlando Magic,21800737,2019-01-27T00:00:00,ORL @ HOU,L,47.2,4.8,0.0,0.0,0.0,19.0,0.0,23.8,52.4,0.0,0.0,4.8,4.8,63.1,1,13078,13078,13078,12697,6777,10185,10121,19484,17341,1,22674,8986,8286,1,16069,8493,3456,1,19:49,2018,2019
2018-19,1628964,Mo Bamba,Mo,1610612753,ORL,Orlando Magic,21800737,2019-01-27T00:00:00,ORL @ HOU,L,45.9,0.0,0.0,0.0,0.0,19.4,0.0,19.4,38.7,0.0,0.0,9.7,0.0,-3.2,1,13078,13078,13078,16951,12104,10185,10121,19484,17674,1,20138,18707,8286,1,23904,18923,25992,1,14:14,2018,2019
2018-19,203613,Jonathon Simmons,Jonathon,1610612753,ORL,Orlando Magic,21800737,2019-01-27T00:00:00,ORL @ HOU,L,45.6,0.0,0.0,5.3,5.3,26.3,0.0,21.1,47.4,0.0,5.3,2.6,0.0,19.7,1,13078,13078,13078,17890,12104,10185,4753,15810,22524,1,21251,12576,8286,25431,9221,18923,22940,1,17:20,2018,2019
2018-19,201571,D.J. Augustin,D.J.,1610612753,ORL,Orlando Magic,21800737,2019-01-27T00:00:00,ORL @ HOU,L,49.4,5.3,8.8,0.0,3.5,15.8,21.1,12.3,38.6,0.0,1.8,3.5,5.3,33.2,1,13078,13078,13078,5807,5955,1927,10121,18033,13834,22028,13501,18792,8286,20353,12245,7418,17285,1,28:11,2018,2019
2018-19,203082,Terrence Ross,Terrence,1610612753,ORL,Orlando Magic,21800737,2019-01-27T00:00:00,ORL @ HOU,L,47.3,0.0,4.7,0.0,9.4,23.4,4.7,26.6,53.1,1.6,0.0,1.6,0.0,42.5,1,13078,13078,13078,12272,12104,5652,10121,10590,21021,4538,23685,8497,6305,1,6091,18923,12111,1,30:17,2018,2019
2018-19,203613,Jonathon Simmons,Jonathon,1610612753,ORL,Orlando Magic,21800720,2019-01-25T00:00:00,ORL vs. WAS,L,52.9,0.0,0.0,0.0,0.0,19.0,7.1,11.9,33.3,0.0,0.0,4.8,0.0,21.7,1,13078,13078,13078,1014,12104,10185,10121,19484,17341,6932,13064,21413,8286,1,16069,18923,22340,1,22:13,2018,2019
2018-19,203095,Evan Fournier,Evan,1610612753,ORL,Orlando Magic,21800720,2019-01-25T00:00:00,ORL vs. WAS,L,49.3,0.0,0.0,0.0,3.5,17.5,10.5,12.3,35.1,0.0,0.0,0.0,1.8,10.0,1,13078,13078,13078,6262,12104,10185,10121,18033,15802,11190,13501,20745,8286,1,1,17079,24703,1,28:05,2018,2019
2018-19,203932,Aaron Gordon,Aaron,1610612753,ORL,Orlando Magic,21800720,2019-01-25T00:00:00,ORL vs. WAS,L,50.5,5.2,5.2,2.6,15.6,16.9,11.7,11.7,41.6,1.3,1.3,0.0,6.5,57.4,1,13078,13078,13078,3625,6120,4964,9378,4911,15098,12792,12843,16731,7614,17840,1,5264,5172,1,38:54,2018,2019
2018-19,1628964,Mo Bamba,Mo,1610612753,ORL,Orlando Magic,21800720,2019-01-25T00:00:00,ORL vs. WAS,L,51.8,0.0,6.3,0.0,18.8,18.8,9.4,15.6,37.5,9.4,0.0,0.0,0.0,86.9,1,13078,13078,13078,1871,12104,3724,10121,3049,17034,9735,16934,19367,170,1,1,18923,478,1,16:34,2018,2019
2018-19,202696,Nikola Vučević,Nikola,1610612753,ORL,Orlando Magic,21800720,2019-01-25T00:00:00,ORL vs. WAS,L,49.9,3.2,6.3,4.8,34.9,15.9,9.5,11.1,31.7,0.0,0.0,7.9,4.8,64.0,1,13078,13078,13078,4873,9804,3675,5463,229,13982,9887,12037,22341,8286,1,22518,8493,3241,1,31:26,2018,2019
2018-19,1628371,Jonathan Isaac,Jonathan,1610612753,ORL,Orlando Magic,21800720,2019-01-25T00:00:00,ORL vs. WAS,L,50.2,9.3,9.3,4.7,18.6,18.6,7.0,11.6,32.6,0.0,0.0,0.0,2.3,44.4,1,13078,13078,13078,4234,1930,1670,5640,3117,16922,6826,12752,22027,8286,1,1,15414,11056,1,21:35,2018,2019
2018-19,203082,Terrence Ross,Terrence,1610612753,ORL,Orlando Magic,21800720,2019-01-25T00:00:00,ORL vs. WAS,L,51.9,0.0,4.7,3.1,9.4,14.1,9.4,15.6,25.0,0.0,0.0,1.6,1.6,48.8,1,13078,13078,13078,1743,12104,5652,8228,10590,11851,9735,16934,24202,8286,1,6091,17811,8856,1,33:13,2018,2019
2018-19,1626170,Jerian Grant,Jerian,1610612753,ORL,Orlando Magic,21800720,2019-01-25T00:00:00,ORL vs. WAS,L,54.6,0.0,0.0,5.6,11.1,22.2,8.3,13.9,33.3,0.0,0.0,2.8,5.6,20.0,1,13078,13078,13078,428,12104,10185,4384,8584,20041,8318,15219,21413,8286,1,9774,6812,22775,1,19:39,2018,2019
2018-19,201571,D.J. Augustin,D.J.,1610612753,ORL,Orlando Magic,21800720,2019-01-25T00:00:00,ORL vs. WAS,L,49.7,5.3,0.0,5.3,0.0,14.0,10.5,12.3,35.1,0.0,0.0,1.8,3.5,17.2,1,13078,13078,13078,5168,5955,10185,4753,19484,11811,11190,13501,20745,8286,1,6760,11769,23529,1,28:21,2018,2019
2018-19,203095,Evan Fournier,Evan,1610612753,ORL,Orlando Magic,21800708,2019-01-23T00:00:00,ORL @ BKN,L,45.1,5.5,2.7,0.0,11.0,19.2,16.4,17.8,60.3,0.0,0.0,5.5,4.1,17.7,1,13078,13078,13078,19363,5667,9080,10121,8838,17513,18303,18898,4576,8286,1,18114,10138,23441,1,32:54,2018,2019
2018-19,1628515,Isaiah Briscoe,Isaiah,1610612753,ORL,Orlando Magic,21800708,2019-01-23T00:00:00,ORL @ BKN,L,47.5,0.0,0.0,0.0,0.0,100.0,0.0,100.0,100.0,0.0,0.0,0.0,0.0,0.0,1,13078,13078,13078,11619,12104,10185,10121,19484,26059,1,26089,118,8286,1,1,18923,25271,1,0:57,2018,2019
2018-19,202696,Nikola Vučević,Nikola,1610612753,ORL,Orlando Magic,21800708,2019-01-23T00:00:00,ORL @ BKN,L,44.9,0.0,10.8,0.0,18.9,16.2,16.2,14.9,48.6,5.4,0.0,4.1,2.7,80.1,1,13078,13078,13078,19910,12104,1153,10121,2965,14360,18061,16205,11657,909,1,14043,14241,847,1,33:12,2018,2019
2018-19,1628964,Mo Bamba,Mo,1610612753,ORL,Orlando Magic,21800708,2019-01-23T00:00:00,ORL @ BKN,L,47.8,6.5,6.5,0.0,6.5,22.6,9.7,12.9,71.0,6.5,3.2,6.5,3.2,61.9,1,13078,13078,13078,10748,4343,3544,10121,14089,20422,10133,14168,1634,551,23849,20222,12535,3757,1,14:49,2018,2019
2018-19,1626170,Jerian Grant,Jerian,1610612753,ORL,Orlando Magic,21800708,2019-01-23T00:00:00,ORL @ BKN,L,44.9,0.0,0.0,0.0,0.0,11.9,7.1,9.5,57.1,2.4,0.0,2.4,7.1,48.3,1,13078,13078,13078,19840,12104,10185,10121,19484,9363,6932,10332,5939,3993,1,8418,4186,9076,1,18:51,2018,2019
2018-19,203082,Terrence Ross,Terrence,1610612753,ORL,Orlando Magic,21800708,2019-01-23T00:00:00,ORL @ BKN,L,45.9,6.8,0.0,0.0,0.0,16.9,8.5,13.6,44.1,0.0,1.7,3.4,5.1,20.7,1,13078,13078,13078,16881,3969,10185,10121,19484,15183,8583,14870,14955,8286,20114,11907,7884,22644,1,27:06,2018,2019
2018-19,203613,Jonathon Simmons,Jonathon,1610612753,ORL,Orlando Magic,21800708,2019-01-23T00:00:00,ORL @ BKN,L,45.5,5.7,0.0,3.8,7.5,17.0,9.4,7.5,45.3,0.0,0.0,3.8,5.7,35.7,1,13078,13078,13078,18085,5389,10185,7051,12740,15222,9819,8175,14074,8286,1,13094,6698,15933,1,24:08,2018,2019
2018-19,201571,D.J. Augustin,D.J.,1610612753,ORL,Orlando Magic,21800708,2019-01-23T00:00:00,ORL @ BKN,L,45.3,9.7,0.0,4.8,9.7,16.1,19.4,14.5,51.6,0.0,0.0,0.0,6.5,57.4,1,13078,13078,13078,18765,1723,10185,5401,10287,14255,20888,15878,9475,8286,1,1,5298,5161,1,28:05,2018,2019
2018-19,203932,Aaron Gordon,Aaron,1610612753,ORL,Orlando Magic,21800708,2019-01-23T00:00:00,ORL @ BKN,L,45.2,3.6,0.0,3.6,14.5,21.8,20.0,16.4,69.1,1.8,0.0,5.5,1.8,38.5,1,13078,13078,13078,19065,8848,10185,7300,5647,19827,21213,17646,1954,5321,1,18014,16847,14356,1,24:51,2018,2019
2018-19,1628371,Jonathan Isaac,Jonathan,1610612753,ORL,Orlando Magic,21800708,2019-01-23T00:00:00,ORL @ BKN,L,46.2,3.9,0.0,0.0,2.6,18.4,15.8,14.5,55.3,3.9,0.0,2.6,2.6,45.8,1,13078,13078,13078,15909,8237,10185,10121,19251,16755,17618,15832,7161,1785,1,9221,14486,10308,1,35:08,2018,2019
2018-19,203082,Terrence Ross,Terrence,1610612753,ORL,Orlando Magic,21800695,2019-01-21T00:00:00,ORL @ ATL,W,46.8,8.8,3.5,0.0,3.5,10.5,7.0,7.0,35.1,0.0,0.0,0.0,3.5,69.3,1,1,1,1,14076,2275,7538,10121,18033,7788,6857,7595,20745,8286,1,1,11769,2127,1,26:40,2018,2019
2018-19,1628371,Jonathan Isaac,Jonathan,1610612753,ORL,Orlando Magic,21800695,2019-01-21T00:00:00,ORL @ ATL,W,49.6,0.0,3.1,0.0,9.4,12.5,9.4,18.8,56.3,3.1,0.0,3.1,0.0,50.5,1,1,1,1,5394,12104,8258,10121,10590,9872,9735,19668,6569,2601,1,10984,18923,8012,1,31:46,2018,2019
2018-19,203613,Jonathon Simmons,Jonathon,1610612753,ORL,Orlando Magic,21800695,2019-01-21T00:00:00,ORL @ ATL,W,48.1,4.7,0.0,4.7,14.0,18.6,9.3,23.3,60.5,2.3,2.3,4.7,4.7,55.3,1,1,1,1,9767,6965,10185,5640,6117,16922,9646,22461,4481,4100,21953,15840,8803,5901,1,20:40,2018,2019
2018-19,1628411,Wes Iwundu,Wes,1610612753,ORL,Orlando Magic,21800695,2019-01-21T00:00:00,ORL @ ATL,W,50.2,0.0,0.0,0.0,0.0,4.2,0.0,0.0,25.0,4.2,0.0,8.3,4.2,56.3,1,1,1,1,4203,12104,10185,10121,19484,2974,1,1,24202,1565,1,22792,9906,5553,1,12:03,2018,2019
2018-19,203095,Evan Fournier,Evan,1610612753,ORL,Orlando Magic,21800695,2019-01-21T00:00:00,ORL @ ATL,W,49.5,10.8,0.0,2.7,10.8,17.6,10.8,18.9,59.5,0.0,0.0,6.8,13.5,54.2,1,1,1,1,5736,1255,10185,9118,8967,15842,11591,19832,4965,8286,1,20855,447,6386,1,36:37,2018,2019
2018-19,202696,Nikola Vučević,Nikola,1610612753,ORL,Orlando Magic,21800695,2019-01-21T00:00:00,ORL @ ATL,W,50.0,0.0,2.9,0.0,23.2,11.6,8.7,20.3,58.0,2.9,1.4,1.4,7.2,79.4,1,1,1,1,4530,12104,8719,10121,1524,8994,8798,20823,5665,3010,18787,5671,4129,907,1,34:32,2018,2019
2018-19,1628964,Mo Bamba,Mo,1610612753,ORL,Orlando Magic,21800695,2019-01-21T00:00:00,ORL @ ATL,W,44.9,13.3,0.0,0.0,13.3,20.0,6.7,0.0,26.7,3.3,0.0,3.3,3.3,48.0,1,1,1,1,19824,631,10185,10121,6546,18113,6427,1,23890,2369,1,11674,12212,9221,1,13:28,2018,2019
2018-19,1626185,Jarell Martin,Jarell,1610612753,ORL,Orlando Magic,21800695,2019-01-21T00:00:00,ORL @ ATL,W,46.4,0.0,0.0,0.0,0.0,17.1,5.7,5.7,34.3,2.9,2.9,5.7,2.9,32.0,1,1,1,1,15434,12104,10185,10121,19484,15371,5454,6211,21116,3044,23255,18616,13694,17852,1,16:14,2018,2019
2018-19,201571,D.J. Augustin,D.J.,1610612753,ORL,Orlando Magic,21800695,2019-01-21T00:00:00,ORL @ ATL,W,49.2,0.0,5.4,0.0,0.0,14.3,10.7,21.4,60.7,0.0,0.0,5.4,1.8,32.1,1,1,1,1,6429,12104,4781,10121,19484,11954,11470,21453,4380,8286,1,17749,16977,17777,1,27:33,2018,2019
2018-19,1628515,Isaiah Briscoe,Isaiah,1610612753,ORL,Orlando Magic,21800695,2019-01-21T00:00:00,ORL @ ATL,W,47.6,0.0,0.0,0.0,4.7,14.0,4.7,4.7,32.6,0.0,0.0,9.3,2.3,20.7,1,1,1,1,11462,12104,10185,10121,16601,11726,4471,5218,22027,8286,1,23691,15414,22637,1,20:27,2018,2019
2018-19,1628371,Jonathan Isaac,Jonathan,1610612753,ORL,Orlando Magic,21800682,2019-01-19T00:00:00,ORL vs. MIL,L,48.0,3.3,3.3,0.0,3.3,6.6,4.9,24.6,55.7,0.0,0.0,4.9,3.3,31.5,1,13078,13078,13078,9830,9574,7962,10121,18346,4318,4749,22997,6897,8286,1,16609,12433,18158,1,29:19,2018,2019
2018-19,202696,Nikola Vučević,Nikola,1610612753,ORL,Orlando Magic,21800682,2019-01-19T00:00:00,ORL vs. MIL,L,47.3,3.2,3.2,0.0,22.2,6.3,4.8,23.8,57.1,3.2,6.3,0.0,6.3,73.3,1,13078,13078,13078,12328,9804,8160,10121,1710,4166,4558,22674,5939,2573,25725,1,5489,1532,1,29:48,2018,2019
2018-19,203613,Jonathon Simmons,Jonathon,1610612753,ORL,Orlando Magic,21800682,2019-01-19T00:00:00,ORL vs. MIL,L,46.1,0.0,0.0,0.0,9.8,7.3,7.3,29.3,58.5,0.0,0.0,7.3,0.0,38.8,1,13078,13078,13078,16235,12104,10185,10121,10166,4900,7205,24382,5406,8286,1,21701,18923,14236,1,18:55,2018,2019
2018-19,201571,D.J. Augustin,D.J.,1610612753,ORL,Orlando Magic,21800682,2019-01-19T00:00:00,ORL vs. MIL,L,46.9,0.0,4.9,0.0,6.6,6.6,4.9,21.3,55.7,0.0,1.6,1.6,3.3,42.5,1,13078,13078,13078,13750,12104,5347,10121,13996,4318,4749,21423,6897,8286,19869,6374,12433,12150,1,28:36,2018,2019
2018-19,1626185,Jarell Martin,Jarell,1610612753,ORL,Orlando Magic,21800682,2019-01-19T00:00:00,ORL vs. MIL,L,46.7,7.5,0.0,0.0,0.0,22.5,10.0,40.0,40.0,0.0,2.5,7.5,0.0,41.0,1,13078,13078,13078,14246,3269,10185,10121,19484,20370,10444,25628,17499,8286,22375,21947,18923,12956,1,18:42,2018,2019
2018-19,203095,Evan Fournier,Evan,1610612753,ORL,Orlando Magic,21800682,2019-01-19T00:00:00,ORL vs. MIL,L,46.8,0.0,0.0,0.0,9.0,7.5,6.0,38.8,59.7,0.0,1.5,3.0,3.0,36.9,1,13078,13078,13078,14134,12104,10185,10121,11067,5049,5789,25593,4868,8286,19047,10569,13356,15310,1,31:20,2018,2019
2018-19,1628411,Wes Iwundu,Wes,1610612753,ORL,Orlando Magic,21800682,2019-01-19T00:00:00,ORL vs. MIL,L,48.7,0.0,0.0,0.0,0.0,24.2,9.1,15.2,24.2,0.0,0.0,3.0,0.0,19.1,1,13078,13078,13078,7675,12104,10185,10121,19484,21484,9262,16453,24460,8286,1,10686,18923,23104,1,16:05,2018,2019
2018-19,1628515,Isaiah Briscoe,Isaiah,1610612753,ORL,Orlando Magic,21800682,2019-01-19T00:00:00,ORL vs. MIL,L,47.3,0.0,0.0,0.0,4.9,22.0,9.8,43.9,39.0,0.0,0.0,2.4,0.0,35.1,1,13078,13078,13078,12273,12104,10185,10121,16337,19921,10246,25827,18522,8286,1,8559,18923,16231,1,19:24,2018,2019
2018-19,203082,Terrence Ross,Terrence,1610612753,ORL,Orlando Magic,21800682,2019-01-19T00:00:00,ORL vs. MIL,L,48.6,6.6,0.0,3.3,9.8,16.4,6.6,31.1,45.9,0.0,0.0,1.6,3.3,39.7,1,13078,13078,13078,7963,4249,10185,7932,10087,14567,6367,24737,13669,8286,1,6374,12433,13738,1,29:40,2018,2019
2018-19,1628964,Mo Bamba,Mo,1610612753,ORL,Orlando Magic,21800682,2019-01-19T00:00:00,ORL vs. MIL,L,46.7,0.0,0.0,0.0,10.3,23.1,10.3,41.0,35.9,2.6,0.0,0.0,5.1,40.3,1,13078,13078,13078,14443,12104,10185,10121,9576,20723,10872,25715,20291,3618,1,1,7755,13381,1,18:12,2018,2019
2018-19,203095,Evan Fournier,Evan,1610612753,ORL,Orlando Magic,21800673,2019-01-18T00:00:00,ORL vs. BKN,L,47.4,0.0,2.5,0.0,7.4,9.9,7.4,13.6,51.9,0.0,0.0,3.7,2.5,49.5,1,13078,13078,13078,11911,12104,9611,10121,12872,7223,7281,14905,9318,8286,1,12806,15051,8508,1,38:25,2018,2019
2018-19,1628515,Isaiah Briscoe,Isaiah,1610612753,ORL,Orlando Magic,21800673,2019-01-18T00:00:00,ORL vs. BKN,L,48.7,0.0,0.0,4.8,14.3,9.5,9.5,14.3,38.1,0.0,2.4,4.8,4.8,34.0,1,13078,13078,13078,7696,12104,10185,5463,5765,6817,9887,15487,19014,8286,22092,16069,8493,16781,1,20:28,2018,2019
2018-19,201571,D.J. Augustin,D.J.,1610612753,ORL,Orlando Magic,21800673,2019-01-18T00:00:00,ORL vs. BKN,L,46.7,0.0,3.4,0.0,13.6,10.2,6.8,8.5,57.6,0.0,0.0,5.1,5.1,34.2,1,13078,13078,13078,14412,12104,7759,10121,6437,7486,6607,9224,5835,8286,1,17062,7884,16689,1,27:32,2018,2019
2018-19,203932,Aaron Gordon,Aaron,1610612753,ORL,Orlando Magic,21800673,2019-01-18T00:00:00,ORL vs. BKN,L,47.1,7.7,4.6,0.0,18.5,12.3,3.1,7.7,49.2,0.0,1.5,1.5,4.6,52.8,1,13078,13078,13078,13158,3057,5768,10121,3193,9798,3408,8268,11254,8286,19336,6006,8903,6970,1,30:35,2018,2019
2018-19,1628964,Mo Bamba,Mo,1610612753,ORL,Orlando Magic,21800673,2019-01-18T00:00:00,ORL vs. BKN,L,49.1,0.0,0.0,0.0,6.5,6.5,12.9,0.0,38.7,3.2,0.0,3.2,3.2,52.6,1,13078,13078,13078,6545,12104,10185,10121,14089,4222,14331,1,18707,2495,1,11331,12535,7045,1,15:14,2018,2019
2018-19,1628411,Wes Iwundu,Wes,1610612753,ORL,Orlando Magic,21800673,2019-01-18T00:00:00,ORL vs. BKN,L,47.3,0.0,0.0,6.9,6.9,6.9,6.9,20.7,48.3,0.0,0.0,10.3,3.4,36.9,1,13078,13078,13078,12179,12104,10185,3024,13519,4568,6690,21049,11950,8286,1,24309,11895,15291,1,13:44,2018,2019
2018-19,1628371,Jonathan Isaac,Jonathan,1610612753,ORL,Orlando Magic,21800673,2019-01-18T00:00:00,ORL vs. BKN,L,47.0,0.0,5.6,2.8,11.3,11.3,8.5,15.5,56.3,2.8,1.4,5.6,2.8,32.7,1,13078,13078,13078,13363,12104,4416,8879,8525,8611,8547,16822,6543,3144,18520,18462,13889,17510,1,33:22,2018,2019
2018-19,202696,Nikola Vučević,Nikola,1610612753,ORL,Orlando Magic,21800673,2019-01-18T00:00:00,ORL vs. BKN,L,45.5,5.6,2.8,0.0,13.9,11.1,5.6,15.3,52.8,1.4,2.8,0.0,4.2,67.2,1,13078,13078,13078,18169,5490,9003,10121,6186,8361,5275,16591,8743,7147,23085,1,9906,2524,1,32:46,2018,2019
2018-19,203082,Terrence Ross,Terrence,1610612753,ORL,Orlando Magic,21800673,2019-01-18T00:00:00,ORL vs. BKN,L,49.8,3.6,0.0,0.0,3.6,7.1,14.3,0.0,39.3,3.6,0.0,1.8,3.6,45.2,1,13078,13078,13078,5017,8979,10185,10121,17950,4717,15801,1,18396,2106,1,6858,11558,10646,1,27:54,2018,2019
2018-19,203082,Terrence Ross,Terrence,1610612753,ORL,Orlando Magic,21800657,2019-01-16T00:00:00,ORL @ DET,L,52.4,3.2,0.0,4.8,0.0,12.7,12.7,7.9,50.8,1.6,0.0,6.3,3.2,52.2,1,13078,13078,13078,1347,9804,10185,5463,19484,10240,14092,8613,10052,6189,1,20052,12755,7198,1,32:60,2018,2019
2018-19,201571,D.J. Augustin,D.J.,1610612753,ORL,Orlando Magic,21800657,2019-01-16T00:00:00,ORL @ DET,L,52.9,0.0,0.0,0.0,13.1,4.9,6.6,3.3,55.7,0.0,1.6,1.6,4.9,44.4,1,13078,13078,13078,1022,12104,10185,10121,6821,3341,6367,4202,6897,8286,19869,6374,8227,11053,1,32:16,2018,2019
2018-19,1628411,Wes Iwundu,Wes,1610612753,ORL,Orlando Magic,21800657,2019-01-16T00:00:00,ORL @ DET,L,51.8,6.1,0.0,6.1,12.1,15.2,18.2,0.0,60.6,3.0,0.0,3.0,3.0,41.5,1,13078,13078,13078,1797,4843,10185,3844,7645,13125,19859,1,4411,2745,1,10686,13155,12680,1,17:06,2018,2019
2018-19,202696,Nikola Vučević,Nikola,1610612753,ORL,Orlando Magic,21800657,2019-01-16T00:00:00,ORL @ DET,L,53.3,8.5,2.8,0.0,16.9,11.3,11.3,2.8,62.0,0.0,2.8,1.4,2.8,63.5,1,13078,13078,13078,798,2484,8904,10121,4025,8611,12237,3875,3927,8286,23204,5523,13889,3347,1,37:52,2018,2019
2018-19,1628515,Isaiah Briscoe,Isaiah,1610612753,ORL,Orlando Magic,21800657,2019-01-16T00:00:00,ORL @ DET,L,52.0,5.1,0.0,5.1,15.4,20.5,20.5,12.8,46.2,0.0,0.0,5.1,7.7,49.5,1,13078,13078,13078,1640,6199,10185,4970,4942,18787,21726,14078,13377,8286,1,17143,3498,8516,1,20:17,2018,2019
2018-19,203095,Evan Fournier,Evan,1610612753,ORL,Orlando Magic,21800657,2019-01-16T00:00:00,ORL @ DET,L,54.2,0.0,4.1,4.1,8.2,8.2,11.0,9.6,52.1,0.0,0.0,2.7,1.4,39.6,1,13078,13078,13078,534,12104,6485,6495,11900,5690,11838,10450,9210,8286,1,9670,18475,13781,1,39:32,2018,2019
2018-19,203920,Khem Birch,Khem,1610612753,ORL,Orlando Magic,21800657,2019-01-16T00:00:00,ORL @ DET,L,52.2,0.0,3.4,0.0,6.9,10.3,13.8,17.2,27.6,3.4,0.0,0.0,3.4,40.3,1,13078,13078,13078,1489,12104,7641,10121,13519,7632,15352,18445,23699,2249,1,1,11895,13329,1,15:08,2018,2019
2018-19,1628371,Jonathan Isaac,Jonathan,1610612753,ORL,Orlando Magic,21800657,2019-01-16T00:00:00,ORL @ DET,L,53.7,0.0,0.0,0.0,6.6,9.8,6.6,11.5,36.1,0.0,0.0,6.6,1.6,23.9,1,13078,13078,13078,664,12104,10185,10121,13996,7158,6367,12585,20206,8286,1,20471,17513,21584,1,32:47,2018,2019
2018-19,203932,Aaron Gordon,Aaron,1610612753,ORL,Orlando Magic,21800657,2019-01-16T00:00:00,ORL @ DET,L,53.7,2.9,2.9,0.0,14.5,11.6,14.5,2.9,63.8,0.0,1.4,8.7,2.9,37.1,1,13078,13078,13078,683,10449,8719,10121,5710,8994,16213,3939,3323,8286,18787,23188,13627,15173,1,37:03,2018,2019
2018-19,202696,Nikola Vučević,Nikola,1610612753,ORL,Orlando Magic,21800641,2019-01-13T00:00:00,ORL vs. HOU,W,49.4,2.8,5.6,0.0,22.5,14.1,11.3,18.3,53.5,0.0,0.0,5.6,4.2,60.3,1,1,1,1,5839,10666,4416,10121,1685,11885,12237,19349,8267,8286,1,18462,9820,4215,1,35:06,2018,2019
2018-19,203082,Terrence Ross,Terrence,1610612753,ORL,Orlando Magic,21800641,2019-01-13T00:00:00,ORL vs. HOU,W,51.0,0.0,5.4,3.6,3.6,14.3,7.1,23.2,50.0,0.0,0.0,0.0,3.6,49.6,1,1,1,1,2890,12104,4781,7414,17950,11954,6932,22448,10251,8286,1,1,11558,8444,1,28:33,2018,2019
2018-19,203095,Evan Fournier,Evan,1610612753,ORL,Orlando Magic,21800641,2019-01-13T00:00:00,ORL vs. HOU,W,49.8,0.0,0.0,5.4,10.8,21.6,13.5,16.2,62.2,0.0,0.0,6.8,5.4,35.1,1,1,1,1,5020,12104,10185,4589,8967,19679,15059,17493,3859,8286,1,20855,7179,16220,1,36:52,2018,2019
2018-19,1628371,Jonathan Isaac,Jonathan,1610612753,ORL,Orlando Magic,21800641,2019-01-13T00:00:00,ORL vs. HOU,W,48.8,3.4,0.0,0.0,3.4,23.7,16.9,16.9,67.8,1.7,0.0,1.7,3.4,35.9,1,1,1,1,7473,9330,10185,10121,18208,21204,18818,18223,2201,5771,1,6562,12098,15802,1,28:48,2018,2019
2018-19,1628411,Wes Iwundu,Wes,1610612753,ORL,Orlando Magic,21800641,2019-01-13T00:00:00,ORL vs. HOU,W,46.0,15.6,9.4,0.0,12.5,12.5,0.0,28.1,43.8,3.1,0.0,6.3,9.4,58.8,1,1,1,1,16711,374,1625,10121,7253,9872,1,24114,15154,2601,1,19742,2023,4723,1,14:43,2018,2019
2018-19,203932,Aaron Gordon,Aaron,1610612753,ORL,Orlando Magic,21800641,2019-01-13T00:00:00,ORL vs. HOU,W,48.7,5.6,6.9,0.0,13.9,16.7,8.3,18.1,55.6,0.0,1.4,1.4,2.8,58.5,1,1,1,1,7773,5490,3143,10121,6186,14686,8318,19115,6946,8286,18405,5456,13963,4824,1,35:04,2018,2019
2018-19,1628515,Isaiah Briscoe,Isaiah,1610612753,ORL,Orlando Magic,21800641,2019-01-13T00:00:00,ORL vs. HOU,W,50.8,0.0,0.0,0.0,5.9,23.5,5.9,17.6,58.8,0.0,0.0,14.7,2.9,26.2,1,1,1,1,3092,12104,10185,10121,14876,21048,5638,18733,5241,8286,1,25494,13449,20649,1,17:17,2018,2019
2018-19,201571,D.J. Augustin,D.J.,1610612753,ORL,Orlando Magic,21800641,2019-01-13T00:00:00,ORL vs. HOU,W,49.5,3.2,0.0,3.2,6.5,16.1,12.9,21.0,58.1,0.0,0.0,1.6,3.2,32.7,1,1,1,1,5577,9686,10185,8032,14089,14255,14331,21232,5592,8286,1,6276,12535,17478,1,30:43,2018,2019
2018-19,203920,Khem Birch,Khem,1610612753,ORL,Orlando Magic,21800641,2019-01-13T00:00:00,ORL vs. HOU,W,51.6,0.0,8.0,0.0,24.0,32.0,8.0,24.0,72.0,0.0,0.0,8.0,8.0,50.4,1,1,1,1,2049,12104,2339,10121,1319,24344,7950,22755,1472,8286,1,22536,3215,8040,1,12:54,2018,2019
2018-19,203095,Evan Fournier,Evan,1610612753,ORL,Orlando Magic,21800632,2019-01-12T00:00:00,ORL vs. BOS,W,49.7,0.0,2.6,6.4,10.3,19.2,16.7,20.5,38.5,0.0,0.0,2.6,0.0,37.3,1,1,1,1,5265,12104,9453,3538,9576,17548,18356,20939,18840,8286,1,8971,18923,15059,1,38:46,2018,2019
2018-19,203082,Terrence Ross,Terrence,1610612753,ORL,Orlando Magic,21800632,2019-01-12T00:00:00,ORL vs. BOS,W,48.9,0.0,0.0,0.0,0.0,17.5,19.0,17.5,41.3,0.0,0.0,3.2,3.2,55.2,1,1,1,1,7190,12104,10185,10121,19484,15697,20637,18624,16925,8286,1,11205,12755,5948,1,30:49,2018,2019
2018-19,203932,Aaron Gordon,Aaron,1610612753,ORL,Orlando Magic,21800632,2019-01-12T00:00:00,ORL vs. BOS,W,47.4,5.1,2.6,5.1,12.8,14.1,16.7,17.9,30.8,1.3,0.0,3.8,12.8,54.4,1,1,1,1,11893,6199,9453,4970,7075,11927,18356,19018,22653,7685,1,13261,559,6323,1,37:00,2018,2019
2018-19,203920,Khem Birch,Khem,1610612753,ORL,Orlando Magic,21800632,2019-01-12T00:00:00,ORL vs. BOS,W,47.4,0.0,5.4,0.0,10.8,8.1,16.2,10.8,27.0,10.8,0.0,5.4,0.0,79.7,1,1,1,1,12067,12104,4680,10121,8967,5587,18061,11792,23838,110,1,17846,18923,887,1,17:32,2018,2019
2018-19,1628515,Isaiah Briscoe,Isaiah,1610612753,ORL,Orlando Magic,21800632,2019-01-12T00:00:00,ORL vs. BOS,W,47.0,0.0,0.0,0.0,0.0,6.7,13.3,13.3,35.6,0.0,0.0,8.9,2.2,16.0,1,1,1,1,13484,12104,10185,10121,19484,4359,14755,14538,20484,8286,1,23368,15694,23815,1,21:08,2018,2019
2018-19,201571,D.J. Augustin,D.J.,1610612753,ORL,Orlando Magic,21800632,2019-01-12T00:00:00,ORL vs. BOS,W,49.7,0.0,5.6,0.0,0.0,27.8,20.4,22.2,44.4,0.0,1.9,7.4,3.7,15.7,1,1,1,1,5367,12104,4451,10121,19484,23111,21655,21828,14511,8286,20718,21792,11197,23874,1,26:49,2018,2019
2018-19,1628371,Jonathan Isaac,Jonathan,1610612753,ORL,Orlando Magic,21800632,2019-01-12T00:00:00,ORL vs. BOS,W,49.2,4.0,4.0,0.0,4.0,24.0,18.0,18.0,48.0,0.0,2.0,2.0,2.0,31.4,1,1,1,1,6331,8107,6642,10121,17358,21339,19774,19066,12131,8286,21175,7477,16285,18195,1,24:37,2018,2019
2018-19,1628411,Wes Iwundu,Wes,1610612753,ORL,Orlando Magic,21800632,2019-01-12T00:00:00,ORL vs. BOS,W,45.9,0.0,0.0,0.0,0.0,17.9,14.3,14.3,57.1,0.0,0.0,7.1,0.0,0.7,1,1,1,1,16981,12104,10185,10121,19484,16106,15801,15487,5939,8286,1,21332,18923,25260,1,12:51,2018,2019
2018-19,202696,Nikola Vučević,Nikola,1610612753,ORL,Orlando Magic,21800632,2019-01-12T00:00:00,ORL vs. BOS,W,49.9,3.3,3.3,0.0,19.7,24.6,18.0,23.0,49.2,0.0,1.6,0.0,3.3,57.5,1,1,1,1,4765,9574,7962,10121,2683,21661,19808,22317,11302,8286,19869,1,12433,5114,1,30:28,2018,2019
2018-19,1628371,Jonathan Isaac,Jonathan,1610612753,ORL,Orlando Magic,21800614,2019-01-09T00:00:00,ORL @ UTA,L,48.7,0.0,0.0,0.0,3.7,13.0,7.4,16.7,63.0,1.9,1.9,1.9,3.7,36.1,1,13078,13078,13078,7863,12104,10185,10121,17746,10576,7281,17785,3580,5223,20718,7051,11197,15708,1,26:17,2018,2019
2018-19,203082,Terrence Ross,Terrence,1610612753,ORL,Orlando Magic,21800614,2019-01-09T00:00:00,ORL @ UTA,L,49.8,5.2,0.0,10.3,0.0,19.0,10.3,13.8,51.7,0.0,1.7,3.4,1.7,36.2,1,13078,13078,13078,5101,6148,10185,1156,19484,17290,11010,15102,9425,8286,20230,12015,17196,15658,1,28:52,2018,2019
2018-19,1628515,Isaiah Briscoe,Isaiah,1610612753,ORL,Orlando Magic,21800614,2019-01-09T00:00:00,ORL @ UTA,L,49.4,0.0,0.0,0.0,0.0,24.3,5.4,5.4,37.8,0.0,0.0,13.5,8.1,27.8,1,13078,13078,13078,6008,12104,10185,10121,19484,21532,5157,5921,19209,8286,1,25300,3107,19937,1,18:16,2018,2019
2018-19,1628411,Wes Iwundu,Wes,1610612753,ORL,Orlando Magic,21800614,2019-01-09T00:00:00,ORL @ UTA,L,48.3,0.0,0.0,0.0,0.0,21.2,6.1,21.2,54.5,3.0,0.0,3.0,0.0,27.0,1,13078,13078,13078,8997,12104,10185,10121,19484,19321,5860,21351,7496,2745,1,10686,18923,20318,1,15:57,2018,2019
2018-19,201571,D.J. Augustin,D.J.,1610612753,ORL,Orlando Magic,21800614,2019-01-09T00:00:00,ORL @ UTA,L,50.4,5.1,5.1,5.1,13.6,11.9,6.8,18.6,64.4,0.0,0.0,0.0,5.1,53.6,1,13078,13078,13078,3839,6304,5140,5059,6437,9328,6607,19635,3143,8286,1,1,7884,6643,1,29:44,2018,2019
2018-19,202696,Nikola Vučević,Nikola,1610612753,ORL,Orlando Magic,21800614,2019-01-09T00:00:00,ORL @ UTA,L,49.4,6.5,6.5,0.0,9.7,14.5,9.7,21.0,64.5,0.0,1.6,6.5,4.8,61.5,1,13078,13078,13078,5987,4343,3544,10121,10287,12406,10133,21232,3101,8286,19733,20222,8397,3877,1,30:37,2018,2019
2018-19,203920,Khem Birch,Khem,1610612753,ORL,Orlando Magic,21800614,2019-01-09T00:00:00,ORL @ UTA,L,48.3,0.0,5.6,5.6,11.1,19.4,0.0,0.0,33.3,5.6,0.0,0.0,8.3,57.8,1,13078,13078,13078,9091,12104,4451,4384,8584,17758,1,1,21413,822,1,1,2804,5037,1,17:23,2018,2019
2018-19,203932,Aaron Gordon,Aaron,1610612753,ORL,Orlando Magic,21800614,2019-01-09T00:00:00,ORL @ UTA,L,49.4,2.7,4.1,0.0,13.7,16.4,2.7,5.5,49.3,0.0,0.0,4.1,4.1,45.9,1,13078,13078,13078,5952,10872,6485,10121,6333,14621,3248,6021,11171,8286,1,14244,10138,10264,1,36:04,2018,2019
2018-19,203095,Evan Fournier,Evan,1610612753,ORL,Orlando Magic,21800614,2019-01-09T00:00:00,ORL @ UTA,L,49.8,0.0,0.0,0.0,0.0,14.9,5.4,14.9,51.4,0.0,0.0,5.4,2.7,4.1,1,13078,13078,13078,5093,12104,10185,10121,19484,12811,5157,16205,9679,8286,1,17846,14241,25136,1,36:50,2018,2019
2018-19,1628515,Isaiah Briscoe,Isaiah,1610612753,ORL,Orlando Magic,21800598,2019-01-07T00:00:00,ORL @ SAC,L,44.7,0.0,0.0,7.9,0.0,23.7,0.0,10.5,52.6,0.0,0.0,7.9,5.3,55.8,1,13078,13078,13078,20186,12104,10185,2346,19484,21172,1,11446,8777,8286,1,22431,7418,5732,1,17:00,2018,2019
2018-19,203082,Terrence Ross,Terrence,1610612753,ORL,Orlando Magic,21800598,2019-01-07T00:00:00,ORL @ SAC,L,44.9,3.8,0.0,3.8,3.8,13.5,7.7,17.3,46.2,0.0,0.0,3.8,3.8,56.2,1,13078,13078,13078,19791,8409,10185,6917,17556,11161,7588,18507,13377,8286,1,13261,10811,5603,1,23:21,2018,2019
2018-19,1626185,Jarell Martin,Jarell,1610612753,ORL,Orlando Magic,21800598,2019-01-07T00:00:00,ORL @ SAC,L,41.1,0.0,0.0,13.3,13.3,26.7,0.0,0.0,53.3,0.0,0.0,6.7,0.0,44.0,1,13078,13078,13078,25042,12104,10185,512,6546,22663,1,1,8298,8286,1,20553,18923,11267,1,6:10,2018,2019
2018-19,202696,Nikola Vučević,Nikola,1610612753,ORL,Orlando Magic,21800598,2019-01-07T00:00:00,ORL @ SAC,L,44.8,0.0,3.6,0.0,14.5,38.2,9.1,38.2,69.1,1.8,1.8,1.8,3.6,78.4,1,13078,13078,13078,20135,12104,7302,10121,5647,25255,9262,25551,1954,5321,20595,6945,11440,996,1,24:37,2018,2019
2018-19,203613,Jonathon Simmons,Jonathon,1610612753,ORL,Orlando Magic,21800598,2019-01-07T00:00:00,ORL @ SAC,L,43.0,0.0,0.0,0.0,0.0,14.8,14.8,22.2,66.7,0.0,0.0,0.0,0.0,-5.6,1,13078,13078,13078,23486,12104,10185,10121,19484,12716,16533,21828,2265,8286,1,1,18923,26001,1,11:36,2018,2019
2018-19,1628964,Mo Bamba,Mo,1610612753,ORL,Orlando Magic,21800598,2019-01-07T00:00:00,ORL @ SAC,L,42.6,0.0,0.0,0.0,0.0,6.7,13.3,10.0,46.7,0.0,0.0,6.7,0.0,16.7,1,13078,13078,13078,23890,12104,10185,10121,19484,4359,14755,10811,13078,8286,1,20553,18923,23657,1,12:47,2018,2019
2018-19,201571,D.J. Augustin,D.J.,1610612753,ORL,Orlando Magic,21800598,2019-01-07T00:00:00,ORL @ SAC,L,45.1,0.0,0.0,0.0,4.7,32.6,11.6,32.6,60.5,0.0,0.0,2.3,7.0,27.7,1,13078,13078,13078,19213,12104,10185,10121,16601,24457,12691,24944,4481,8286,1,8264,4492,20017,1,19:24,2018,2019
2018-19,1628411,Wes Iwundu,Wes,1610612753,ORL,Orlando Magic,21800598,2019-01-07T00:00:00,ORL @ SAC,L,42.7,3.2,0.0,3.2,9.7,29.0,3.2,22.6,58.1,0.0,3.2,1.6,3.2,26.6,1,13078,13078,13078,23774,9686,10185,8032,10287,23559,3506,22116,5592,8286,23849,6276,12535,20471,1,26:29,2018,2019
2018-19,1626170,Jerian Grant,Jerian,1610612753,ORL,Orlando Magic,21800598,2019-01-07T00:00:00,ORL @ SAC,L,44.6,0.0,0.0,0.0,0.0,33.3,0.0,0.0,66.7,0.0,0.0,0.0,0.0,12.5,1,13078,13078,13078,20537,12104,10185,10121,19484,24508,1,1,2265,8286,1,1,18923,24427,1,5:21,2018,2019
2018-19,1628371,Jonathan Isaac,Jonathan,1610612753,ORL,Orlando Magic,21800598,2019-01-07T00:00:00,ORL @ SAC,L,44.2,0.0,0.0,0.0,0.0,41.2,9.8,41.2,66.7,0.0,0.0,2.0,3.9,8.2,1,13078,13078,13078,21287,12104,10185,10121,19484,25462,10312,25719,2265,8286,1,7362,10665,24887,1,22:34,2018,2019
2018-19,203932,Aaron Gordon,Aaron,1610612753,ORL,Orlando Magic,21800598,2019-01-07T00:00:00,ORL @ SAC,L,44.9,3.9,2.6,3.9,5.3,11.8,11.8,13.2,55.3,0.0,1.3,0.0,3.9,33.3,1,13078,13078,13078,19878,8237,9316,6773,15810,9306,13038,14417,7161,8286,17938,1,10609,17221,1,34:06,2018,2019
2018-19,203095,Evan Fournier,Evan,1610612753,ORL,Orlando Magic,21800598,2019-01-07T00:00:00,ORL @ SAC,L,44.0,0.0,0.0,0.0,0.0,30.5,11.9,30.5,67.8,0.0,0.0,3.4,1.7,24.9,1,13078,13078,13078,21708,12104,10185,10121,19484,24008,13063,24637,2201,8286,1,11907,17310,21155,1,25:59,2018,2019
2018-19,203920,Khem Birch,Khem,1610612753,ORL,Orlando Magic,21800598,2019-01-07T00:00:00,ORL @ SAC,L,44.2,0.0,0.0,0.0,0.0,16.7,0.0,0.0,50.0,0.0,0.0,4.2,4.2,25.0,1,13078,13078,13078,21461,12104,10185,10121,19484,14686,1,1,10251,8286,1,14339,9906,21067,1,10:36,2018,2019
2018-19,203082,Terrence Ross,Terrence,1610612753,ORL,Orlando Magic,21800586,2019-01-06T00:00:00,ORL @ LAC,L,47.6,0.0,0.0,3.6,3.6,7.1,12.5,23.2,50.0,1.8,0.0,8.9,1.8,42.0,1,13078,13078,13078,11245,12104,10185,7414,17950,4717,13682,22448,10251,5444,1,23411,16977,12410,1,26:40,2018,2019
2018-19,201571,D.J. Augustin,D.J.,1610612753,ORL,Orlando Magic,21800586,2019-01-06T00:00:00,ORL @ LAC,L,49.9,4.0,0.0,8.0,8.0,8.0,10.0,10.0,52.0,0.0,0.0,0.0,6.0,45.0,1,13078,13078,13078,4861,8107,10185,2253,12118,5441,10444,10811,9241,8286,1,1,6068,10713,1,24:57,2018,2019
2018-19,203920,Khem Birch,Khem,1610612753,ORL,Orlando Magic,21800586,2019-01-06T00:00:00,ORL @ LAC,L,47.9,0.0,0.0,0.0,0.0,0.0,0.0,0.0,100.0,0.0,0.0,0.0,0.0,37.5,1,13078,13078,13078,10235,12104,10185,10121,19484,1,1,1,118,8286,1,1,18923,14914,1,1:55,2018,2019
2018-19,1628964,Mo Bamba,Mo,1610612753,ORL,Orlando Magic,21800586,2019-01-06T00:00:00,ORL @ LAC,L,43.7,6.3,6.3,0.0,12.5,6.3,15.6,25.0,50.0,6.3,0.0,6.3,9.4,71.9,1,13078,13078,13078,22347,4572,3724,10121,7253,4059,17453,23041,10251,591,1,19742,2023,1723,1,13:59,2018,2019
2018-19,1628515,Isaiah Briscoe,Isaiah,1610612753,ORL,Orlando Magic,21800586,2019-01-06T00:00:00,ORL @ LAC,L,47.9,75.0,0.0,0.0,0.0,0.0,0.0,0.0,100.0,0.0,0.0,25.0,50.0,217.5,1,13078,13078,13078,10235,3,10185,10121,19484,1,1,1,118,8286,1,25968,2,6,1,1:55,2018,2019
2018-19,202696,Nikola Vučević,Nikola,1610612753,ORL,Orlando Magic,21800586,2019-01-06T00:00:00,ORL @ LAC,L,48.6,0.0,6.1,0.0,12.1,7.6,7.6,15.2,48.5,3.0,0.0,1.5,0.0,90.6,1,13078,13078,13078,7945,12104,3922,10121,7645,5138,7533,16453,11808,2745,1,5909,18923,342,1,32:06,2018,2019
2018-19,1626170,Jerian Grant,Jerian,1610612753,ORL,Orlando Magic,21800586,2019-01-06T00:00:00,ORL @ LAC,L,47.9,0.0,75.0,0.0,0.0,0.0,0.0,0.0,100.0,0.0,0.0,0.0,0.0,75.0,1,13078,13078,13078,10235,12104,7,10121,19484,1,1,1,118,8286,1,1,18923,1318,1,1:55,2018,2019
2018-19,203613,Jonathon Simmons,Jonathon,1610612753,ORL,Orlando Magic,21800586,2019-01-06T00:00:00,ORL @ LAC,L,43.1,0.0,0.0,4.1,8.2,6.1,10.2,26.5,44.9,0.0,4.1,2.0,4.1,29.4,1,13078,13078,13078,23277,12104,10185,6541,11965,4023,10831,23669,14338,8286,24840,7586,10188,19192,1,21:08,2018,2019
2018-19,1628371,Jonathan Isaac,Jonathan,1610612753,ORL,Orlando Magic,21800586,2019-01-06T00:00:00,ORL @ LAC,L,48.9,0.0,3.7,0.0,3.7,11.1,14.8,22.2,55.6,1.9,0.0,1.9,1.9,15.2,1,13078,13078,13078,7157,12104,7177,10121,17746,8361,16533,21828,6946,5223,1,7051,16722,23973,1,26:25,2018,2019
2018-19,1626185,Jarell Martin,Jarell,1610612753,ORL,Orlando Magic,21800586,2019-01-06T00:00:00,ORL @ LAC,L,47.9,0.0,0.0,0.0,0.0,0.0,0.0,0.0,100.0,0.0,0.0,0.0,0.0,0.0,1,13078,13078,13078,10235,12104,10185,10121,19484,1,1,1,118,8286,1,1,18923,25271,1,1:55,2018,2019
2018-19,1628411,Wes Iwundu,Wes,1610612753,ORL,Orlando Magic,21800586,2019-01-06T00:00:00,ORL @ LAC,L,45.2,4.7,0.0,4.7,9.3,11.6,16.3,23.3,69.8,0.0,0.0,7.0,2.3,30.5,1,13078,13078,13078,18936,6965,10185,5640,10669,9027,18139,22461,1840,8286,1,21194,15414,18653,1,19:27,2018,2019
2018-19,203932,Aaron Gordon,Aaron,1610612753,ORL,Orlando Magic,21800586,2019-01-06T00:00:00,ORL @ LAC,L,47.2,2.6,2.6,6.4,5.1,3.8,6.4,11.5,41.0,1.3,2.6,1.3,6.4,36.5,1,13078,13078,13078,12503,11300,9453,3538,15989,2833,6211,12630,17075,7685,22538,5095,5409,15487,1,36:51,2018,2019
2018-19,203095,Evan Fournier,Evan,1610612753,ORL,Orlando Magic,21800586,2019-01-06T00:00:00,ORL @ LAC,L,48.9,0.0,4.8,0.0,9.5,4.8,4.8,15.9,44.4,0.0,1.6,4.8,4.8,27.9,1,13078,13078,13078,7324,12104,5534,10121,10380,3234,4558,17180,14511,8286,19600,16069,8493,19890,1,30:47,2018,2019
2018-19,1626170,Jerian Grant,Jerian,1610612753,ORL,Orlando Magic,21800571,2019-01-04T00:00:00,ORL @ MIN,L,46.9,0.0,0.0,0.0,0.0,0.0,0.0,0.0,25.0,0.0,0.0,0.0,0.0,15.0,1,13078,13078,13078,13774,12104,10185,10121,19484,1,1,1,24202,8286,1,1,18923,23999,1,3:45,2018,2019
2018-19,1628515,Isaiah Briscoe,Isaiah,1610612753,ORL,Orlando Magic,21800571,2019-01-04T00:00:00,ORL @ MIN,L,46.9,0.0,0.0,0.0,0.0,0.0,0.0,0.0,25.0,0.0,0.0,0.0,0.0,0.0,1,13078,13078,13078,13774,12104,10185,10121,19484,1,1,1,24202,8286,1,1,18923,25271,1,3:45,2018,2019
2018-19,1628371,Jonathan Isaac,Jonathan,1610612753,ORL,Orlando Magic,21800571,2019-01-04T00:00:00,ORL @ MIN,L,47.0,3.3,1.6,3.3,6.6,24.6,11.5,23.0,75.4,1.6,0.0,3.3,1.6,35.4,1,13078,13078,13078,13161,9574,10043,7932,13996,21661,12530,22317,1033,5983,1,11559,17513,16069,1,28:42,2018,2019
2018-19,1628411,Wes Iwundu,Wes,1610612753,ORL,Orlando Magic,21800571,2019-01-04T00:00:00,ORL @ MIN,L,49.8,6.7,0.0,13.3,13.3,10.0,10.0,0.0,60.0,0.0,0.0,6.7,6.7,47.0,1,13078,13078,13078,5102,4048,10185,512,6546,7237,10444,1,4604,8286,1,20553,4889,9726,1,14:56,2018,2019
2018-19,202696,Nikola Vučević,Nikola,1610612753,ORL,Orlando Magic,21800571,2019-01-04T00:00:00,ORL @ MIN,L,46.2,5.1,3.4,0.0,20.3,25.4,11.9,23.7,78.0,1.7,1.7,3.4,5.1,67.6,1,13078,13078,13078,15897,6304,7759,10121,2399,22165,13063,22658,830,5771,20114,11907,7884,2438,1,27:17,2018,2019
2018-19,203613,Jonathon Simmons,Jonathon,1610612753,ORL,Orlando Magic,21800571,2019-01-04T00:00:00,ORL @ MIN,L,46.8,0.0,0.0,0.0,13.3,6.7,13.3,6.7,44.4,0.0,2.2,8.9,6.7,50.4,1,13078,13078,13078,13989,12104,10185,10121,6546,4359,14755,7147,14511,8286,21710,23368,4889,8020,1,21:04,2018,2019
2018-19,203920,Khem Birch,Khem,1610612753,ORL,Orlando Magic,21800571,2019-01-04T00:00:00,ORL @ MIN,L,46.9,0.0,0.0,0.0,0.0,0.0,0.0,0.0,25.0,0.0,0.0,0.0,25.0,55.0,1,13078,13078,13078,13774,12104,10185,10121,19484,1,1,1,24202,8286,1,1,24,6022,1,3:45,2018,2019
2018-19,1626185,Jarell Martin,Jarell,1610612753,ORL,Orlando Magic,21800571,2019-01-04T00:00:00,ORL @ MIN,L,46.9,0.0,0.0,0.0,0.0,0.0,0.0,0.0,25.0,12.5,0.0,0.0,0.0,37.5,1,13078,13078,13078,13774,12104,10185,10121,19484,1,1,1,24202,67,1,1,18923,14914,1,3:45,2018,2019
2018-19,203932,Aaron Gordon,Aaron,1610612753,ORL,Orlando Magic,21800571,2019-01-04T00:00:00,ORL @ MIN,L,48.0,3.1,0.0,3.1,9.2,15.4,16.9,13.8,61.5,1.5,0.0,0.0,6.2,40.9,1,13078,13078,13078,9960,10032,10185,8328,10761,13323,18794,15185,4011,6409,1,1,5808,13012,1,31:12,2018,2019
2018-19,203095,Evan Fournier,Evan,1610612753,ORL,Orlando Magic,21800571,2019-01-04T00:00:00,ORL @ MIN,L,46.8,4.7,9.4,0.0,18.8,23.4,14.1,21.9,75.0,0.0,0.0,6.3,3.1,44.4,1,13078,13078,13078,13873,6925,1625,10121,3049,21021,15707,21712,1043,8286,1,19742,12872,11071,1,29:59,2018,2019
2018-19,1628964,Mo Bamba,Mo,1610612753,ORL,Orlando Magic,21800571,2019-01-04T00:00:00,ORL @ MIN,L,48.5,0.0,0.0,0.0,5.7,0.0,17.1,0.0,40.0,8.6,0.0,8.6,5.7,50.3,1,13078,13078,13078,8454,12104,10185,10121,15115,1,18977,1,17499,227,1,23111,6579,8101,1,16:58,2018,2019
2018-19,203082,Terrence Ross,Terrence,1610612753,ORL,Orlando Magic,21800571,2019-01-04T00:00:00,ORL @ MIN,L,47.0,6.0,0.0,0.0,4.0,4.0,12.0,10.0,52.0,0.0,0.0,2.0,0.0,33.8,1,13078,13078,13078,13475,4955,10185,10121,17358,2884,13186,10811,9241,8286,1,7477,18923,16917,1,23:29,2018,2019
2018-19,201571,D.J. Augustin,D.J.,1610612753,ORL,Orlando Magic,21800571,2019-01-04T00:00:00,ORL @ MIN,L,49.0,4.7,0.0,9.4,3.1,18.8,15.6,17.2,68.8,0.0,0.0,3.1,1.6,33.8,1,13078,13078,13078,6821,6925,10185,1518,18584,17034,17453,18416,2015,8286,1,10984,17811,16940,1,31:23,2018,2019
2018-19,203095,Evan Fournier,Evan,1610612753,ORL,Orlando Magic,21800559,2019-01-02T00:00:00,ORL @ CHI,W,50.3,3.3,0.0,0.0,0.0,13.3,6.7,15.0,56.7,0.0,0.0,3.3,1.7,37.8,1,1,1,1,4107,9439,10185,10121,19484,10924,6427,16303,6379,8286,1,11674,17396,14760,1,30:09,2018,2019
2018-19,1628371,Jonathan Isaac,Jonathan,1610612753,ORL,Orlando Magic,21800559,2019-01-02T00:00:00,ORL @ CHI,W,50.8,4.0,0.0,0.0,4.0,12.0,0.0,14.0,48.0,4.0,0.0,0.0,2.0,37.2,1,1,1,1,3204,8107,10185,10121,17358,9445,1,15343,12131,1708,1,1,16285,15121,1,25:23,2018,2019
2018-19,1628964,Mo Bamba,Mo,1610612753,ORL,Orlando Magic,21800559,2019-01-02T00:00:00,ORL @ CHI,W,55.7,5.7,5.7,0.0,22.9,11.4,11.4,5.7,68.6,8.6,0.0,2.9,5.7,65.7,1,1,1,1,249,5287,4283,10121,1589,8769,12436,6211,2054,227,1,10063,6579,2838,1,19:30,2018,2019
2018-19,201571,D.J. Augustin,D.J.,1610612753,ORL,Orlando Magic,21800559,2019-01-02T00:00:00,ORL @ CHI,W,49.9,0.0,0.0,0.0,11.8,15.7,3.9,13.7,43.1,0.0,0.0,2.0,3.9,43.9,1,1,1,1,4860,12104,10185,10121,7934,13765,3941,15035,15580,8286,1,7362,10665,11334,1,25:27,2018,2019
2018-19,203082,Terrence Ross,Terrence,1610612753,ORL,Orlando Magic,21800559,2019-01-02T00:00:00,ORL @ CHI,W,51.7,4.2,0.0,4.2,4.2,12.5,12.5,14.6,66.7,0.0,0.0,2.1,2.1,54.6,1,1,1,1,1901,7802,10185,6384,17162,9872,13682,15939,2265,8286,1,7685,16070,6222,1,24:50,2018,2019
2018-19,202696,Nikola Vučević,Nikola,1610612753,ORL,Orlando Magic,21800559,2019-01-02T00:00:00,ORL @ CHI,W,48.5,5.6,0.0,0.0,25.9,7.4,3.7,3.7,37.0,5.6,0.0,3.7,3.7,99.8,1,1,1,1,8326,5490,10185,10121,944,4953,3795,4499,19666,822,1,12806,11197,188,1,26:12,2018,2019
2018-19,1628411,Wes Iwundu,Wes,1610612753,ORL,Orlando Magic,21800559,2019-01-02T00:00:00,ORL @ CHI,W,53.3,0.0,5.0,0.0,0.0,5.0,5.0,0.0,55.0,0.0,0.0,5.0,5.0,22.3,1,1,1,1,822,12104,5186,10121,19484,3361,4772,1,7306,8286,1,16734,7979,22152,1,21:20,2018,2019
2018-19,1628515,Isaiah Briscoe,Isaiah,1610612753,ORL,Orlando Magic,21800559,2019-01-02T00:00:00,ORL @ CHI,W,54.3,28.6,0.0,0.0,28.6,0.0,0.0,0.0,28.6,0.0,0.0,0.0,0.0,28.6,1,1,1,1,494,58,10185,10121,575,1,1,1,23342,8286,1,1,18923,19535,1,3:48,2018,2019
2018-19,1626170,Jerian Grant,Jerian,1610612753,ORL,Orlando Magic,21800559,2019-01-02T00:00:00,ORL @ CHI,W,53.6,0.0,0.0,8.6,0.0,5.7,11.4,5.7,74.3,0.0,0.0,0.0,5.7,32.6,1,1,1,1,718,12104,10185,1910,19484,3746,12436,6211,1182,8286,1,1,6579,17555,1,18:45,2018,2019
2018-19,1626185,Jarell Martin,Jarell,1610612753,ORL,Orlando Magic,21800559,2019-01-02T00:00:00,ORL @ CHI,W,54.3,0.0,0.0,0.0,28.6,0.0,0.0,0.0,28.6,0.0,0.0,0.0,14.3,42.9,1,1,1,1,494,12104,10185,10121,575,1,1,1,23342,8286,1,1,311,11894,1,3:48,2018,2019
2018-19,203932,Aaron Gordon,Aaron,1610612753,ORL,Orlando Magic,21800559,2019-01-02T00:00:00,ORL @ CHI,W,52.1,2.8,0.0,2.8,16.9,14.1,8.5,12.7,56.3,1.4,0.0,1.4,4.2,59.0,1,1,1,1,1545,10666,10185,8879,4025,11885,8547,13933,6543,7041,1,5523,9820,4629,1,37:00,2018,2019
2018-19,1628505,Troy Caupain,Troy,1610612753,ORL,Orlando Magic,21800559,2019-01-02T00:00:00,ORL @ CHI,W,54.3,0.0,0.0,0.0,0.0,0.0,0.0,0.0,28.6,0.0,0.0,0.0,0.0,38.6,1,1,1,1,494,12104,10185,10121,19484,1,1,1,23342,8286,1,1,18923,14335,1,3:48,2018,2019
2018-19,1628411,Wes Iwundu,Wes,1610612753,ORL,Orlando Magic,21800543,2018-12-31T00:00:00,ORL @ CHA,L,45.6,4.0,4.0,8.0,12.0,18.0,20.0,12.0,44.0,0.0,0.0,6.0,4.0,27.2,1,13078,13078,13078,17967,8107,6642,2253,7800,16289,21213,13163,15005,8286,1,19320,10365,20219,1,22:48,2018,2019
2018-19,203095,Evan Fournier,Evan,1610612753,ORL,Orlando Magic,21800543,2018-12-31T00:00:00,ORL @ CHA,L,48.4,0.0,5.8,5.8,0.0,23.1,7.7,30.8,65.4,0.0,0.0,1.9,1.9,28.1,1,13078,13078,13078,8713,12104,4249,4179,19484,20723,7588,24672,2877,8286,1,7269,16509,19825,1,25:10,2018,2019
2018-19,1628518,Amile Jefferson,Amile,1610612753,ORL,Orlando Magic,21800543,2018-12-31T00:00:00,ORL @ CHA,L,53.6,0.0,0.0,0.0,0.0,0.0,0.0,0.0,28.6,0.0,0.0,14.3,14.3,45.7,1,13078,13078,13078,718,12104,10185,10121,19484,1,1,1,23342,8286,1,25380,311,10349,1,3:45,2018,2019
2018-19,1626185,Jarell Martin,Jarell,1610612753,ORL,Orlando Magic,21800543,2018-12-31T00:00:00,ORL @ CHA,L,52.1,0.0,13.3,13.3,26.7,0.0,20.0,0.0,40.0,0.0,0.0,6.7,0.0,42.7,1,13078,13078,13078,1547,12104,620,512,817,1,21213,1,17499,8286,1,20553,18923,12022,1,7:49,2018,2019
2018-19,203932,Aaron Gordon,Aaron,1610612753,ORL,Orlando Magic,21800543,2018-12-31T00:00:00,ORL @ CHA,L,48.7,2.9,10.3,0.0,11.8,16.2,10.3,17.6,44.1,0.0,0.0,1.5,4.4,45.7,1,13078,13078,13078,7794,10363,1311,10121,7934,14326,10981,18733,14923,8286,1,5755,9367,10348,1,33:07,2018,2019
2018-19,1628964,Mo Bamba,Mo,1610612753,ORL,Orlando Magic,21800543,2018-12-31T00:00:00,ORL @ CHA,L,49.4,0.0,5.4,0.0,10.8,16.2,13.5,10.8,37.8,5.4,2.7,13.5,5.4,68.6,1,13078,13078,13078,6008,12104,4680,10121,8967,14360,15059,11792,19209,909,22918,25300,7179,2232,1,18:16,2018,2019
2018-19,203920,Khem Birch,Khem,1610612753,ORL,Orlando Magic,21800543,2018-12-31T00:00:00,ORL @ CHA,L,51.2,15.4,15.4,0.0,0.0,0.0,23.1,0.0,46.2,0.0,0.0,0.0,15.4,72.3,1,13078,13078,13078,2631,390,399,10121,19484,1,23086,1,13377,8286,1,1,218,1661,1,6:39,2018,2019
2018-19,1628505,Troy Caupain,Troy,1610612753,ORL,Orlando Magic,21800543,2018-12-31T00:00:00,ORL @ CHA,L,49.8,0.0,0.0,0.0,18.2,0.0,0.0,0.0,36.4,0.0,0.0,0.0,0.0,110.9,1,13078,13078,13078,4965,12104,10185,10121,3242,1,1,1,19941,8286,1,1,18923,84,1,5:29,2018,2019
2018-19,1626170,Jerian Grant,Jerian,1610612753,ORL,Orlando Magic,21800543,2018-12-31T00:00:00,ORL @ CHA,L,48.6,3.8,0.0,11.3,7.5,9.4,18.9,18.9,56.6,0.0,0.0,1.9,1.9,41.3,1,13078,13078,13078,8125,8565,10185,881,12740,6770,20525,19800,6414,8286,1,7153,16605,12793,1,25:45,2018,2019
2018-19,203082,Terrence Ross,Terrence,1610612753,ORL,Orlando Magic,21800543,2018-12-31T00:00:00,ORL @ CHA,L,46.7,0.0,0.0,0.0,5.0,15.0,5.0,15.0,40.0,0.0,0.0,0.0,0.0,48.8,1,13078,13078,13078,14412,12104,10185,10121,16152,12930,4772,16303,17499,8286,1,1,18923,8856,1,18:40,2018,2019
2018-19,202696,Nikola Vučević,Nikola,1610612753,ORL,Orlando Magic,21800543,2018-12-31T00:00:00,ORL @ CHA,L,46.2,0.0,0.0,0.0,16.0,20.0,8.0,28.0,60.0,4.0,0.0,4.0,4.0,60.0,1,13078,13078,13078,16141,12104,10185,10121,4574,18113,7950,24072,4604,1708,1,13764,10365,4273,1,23:05,2018,2019
2018-19,1628371,Jonathan Isaac,Jonathan,1610612753,ORL,Orlando Magic,21800543,2018-12-31T00:00:00,ORL @ CHA,L,46.4,4.2,0.0,0.0,4.2,20.8,8.3,29.2,62.5,2.1,0.0,8.3,2.1,35.2,1,13078,13078,13078,15247,7802,10185,10121,17162,19001,8318,24357,3704,4628,1,22792,16070,16179,1,22:17,2018,2019
2018-19,1628515,Isaiah Briscoe,Isaiah,1610612753,ORL,Orlando Magic,21800543,2018-12-31T00:00:00,ORL @ CHA,L,47.7,0.0,0.0,0.0,10.5,19.3,14.0,14.0,45.6,0.0,0.0,3.5,1.8,14.7,1,13078,13078,13078,11100,12104,10185,10121,9221,17634,15658,15381,13847,8286,1,12245,17079,24080,1,27:10,2018,2019
2018-19,1628411,Wes Iwundu,Wes,1610612753,ORL,Orlando Magic,21800536,2018-12-30T00:00:00,ORL vs. DET,W,49.5,0.0,0.0,0.0,0.0,21.9,18.8,15.6,43.8,0.0,0.0,9.4,3.1,14.7,1,1,1,1,5598,12104,10185,10121,19484,19854,20414,16934,15154,8286,1,23734,12872,24087,1,15:51,2018,2019
2018-19,203082,Terrence Ross,Terrence,1610612753,ORL,Orlando Magic,21800536,2018-12-30T00:00:00,ORL vs. DET,W,46.5,0.0,0.0,0.0,10.2,18.6,13.6,13.6,44.1,1.7,0.0,0.0,0.0,36.9,1,1,1,1,14914,12104,10185,10121,9705,16977,15133,14870,14955,5771,1,1,18923,15261,1,27:27,2018,2019
2018-19,1628371,Jonathan Isaac,Jonathan,1610612753,ORL,Orlando Magic,21800536,2018-12-30T00:00:00,ORL vs. DET,W,48.7,3.0,0.0,3.0,3.0,16.4,11.9,16.4,56.7,0.0,0.0,1.5,3.0,13.0,1,1,1,1,7904,10249,10185,8524,18783,14588,13143,17708,6345,8286,1,5824,13356,24361,1,32:36,2018,2019
2018-19,202696,Nikola Vučević,Nikola,1610612753,ORL,Orlando Magic,21800536,2018-12-30T00:00:00,ORL vs. DET,W,49.7,5.8,5.8,2.9,26.1,13.0,17.4,8.7,55.1,2.9,0.0,2.9,2.9,68.4,1,1,1,1,5343,5208,4220,8714,911,10637,19216,9425,7274,3010,1,10270,13627,2292,1,34:16,2018,2019
2018-19,203095,Evan Fournier,Evan,1610612753,ORL,Orlando Magic,21800536,2018-12-30T00:00:00,ORL vs. DET,W,49.3,0.0,0.0,3.3,16.7,11.7,16.7,10.0,60.0,0.0,0.0,6.7,3.3,39.2,1,1,1,1,6088,12104,10185,7810,4075,9072,18356,10811,4604,8286,1,20553,12212,14021,1,29:36,2018,2019
2018-19,201571,D.J. Augustin,D.J.,1610612753,ORL,Orlando Magic,21800536,2018-12-30T00:00:00,ORL vs. DET,W,48.2,0.0,0.0,0.0,5.1,11.5,10.3,11.5,51.3,0.0,0.0,2.6,7.7,58.2,1,1,1,1,9372,12104,10185,10121,15989,8905,10872,12630,9709,8286,1,8971,3498,4903,1,37:35,2018,2019
2018-19,1628964,Mo Bamba,Mo,1610612753,ORL,Orlando Magic,21800536,2018-12-30T00:00:00,ORL vs. DET,W,47.4,0.0,6.9,0.0,13.8,24.1,6.9,27.6,41.4,0.0,6.9,6.9,0.0,55.9,1,1,1,1,12150,12104,3155,10121,6219,21419,6690,23963,16829,8286,25791,21040,18923,5704,1,13:44,2018,2019
2018-19,203613,Jonathon Simmons,Jonathon,1610612753,ORL,Orlando Magic,21800536,2018-12-30T00:00:00,ORL vs. DET,W,44.6,0.0,15.0,0.0,20.0,20.0,20.0,25.0,30.0,0.0,0.0,10.0,5.0,30.0,1,1,1,1,20558,12104,448,10121,2454,18113,21213,23041,22962,8286,1,24032,7979,18783,1,8:55,2018,2019
2018-19,1626170,Jerian Grant,Jerian,1610612753,ORL,Orlando Magic,21800536,2018-12-30T00:00:00,ORL vs. DET,W,50.2,0.0,0.0,0.0,0.0,27.3,18.2,27.3,54.5,0.0,0.0,9.1,0.0,0.0,1,1,1,1,4313,12104,10185,10121,19484,22898,19859,23853,7496,8286,1,23450,18923,25271,1,5:31,2018,2019
2018-19,203932,Aaron Gordon,Aaron,1610612753,ORL,Orlando Magic,21800536,2018-12-30T00:00:00,ORL vs. DET,W,50.0,2.9,0.0,5.8,17.4,17.4,14.5,13.0,49.3,1.4,0.0,4.3,10.1,59.4,1,1,1,1,4696,10449,10185,4149,3741,15597,16213,14303,11211,6826,1,14921,1555,4509,1,34:29,2018,2019
2018-19,201571,D.J. Augustin,D.J.,1610612753,ORL,Orlando Magic,21800519,2018-12-28T00:00:00,ORL vs. TOR,W,49.0,0.0,5.9,0.0,11.8,17.6,7.8,13.7,35.3,0.0,2.0,3.9,7.8,51.4,1,1,1,1,6981,12104,4093,10121,7934,15875,7805,15035,20574,8286,21076,13580,3402,7584,1,24:59,2018,2019
2018-19,203082,Terrence Ross,Terrence,1610612753,ORL,Orlando Magic,21800519,2018-12-28T00:00:00,ORL vs. TOR,W,47.4,0.0,6.7,6.7,0.0,8.9,6.7,6.7,17.8,0.0,0.0,8.9,0.0,39.6,1,1,1,1,12068,12104,3326,3218,19484,6269,6427,7147,25244,8286,1,23368,18923,13801,1,21:19,2018,2019
2018-19,1626185,Jarell Martin,Jarell,1610612753,ORL,Orlando Magic,21800519,2018-12-28T00:00:00,ORL vs. TOR,W,48.1,0.0,28.6,0.0,28.6,42.9,71.4,0.0,0.0,14.3,14.3,14.3,0.0,122.9,1,1,1,1,9661,12104,66,10121,575,25531,26035,1,25578,43,26055,25380,18923,49,1,3:22,2018,2019
2018-19,202696,Nikola Vučević,Nikola,1610612753,ORL,Orlando Magic,21800519,2018-12-28T00:00:00,ORL vs. TOR,W,48.4,11.6,15.9,2.9,34.8,15.9,8.7,14.5,29.0,1.4,1.4,1.4,8.7,105.5,1,1,1,1,8839,1039,381,8714,230,14067,8798,15848,23312,6826,18787,5671,2539,108,1,33:22,2018,2019
2018-19,1628964,Mo Bamba,Mo,1610612753,ORL,Orlando Magic,21800519,2018-12-28T00:00:00,ORL vs. TOR,W,46.9,0.0,8.3,0.0,16.7,8.3,4.2,0.0,25.0,4.2,4.2,16.7,8.3,53.3,1,1,1,1,13531,12104,2094,10121,4075,5716,4124,1,24202,1565,24873,25642,2804,6712,1,11:16,2018,2019
2018-19,203920,Khem Birch,Khem,1610612753,ORL,Orlando Magic,21800519,2018-12-28T00:00:00,ORL vs. TOR,W,48.1,0.0,0.0,0.0,28.6,42.9,71.4,0.0,0.0,14.3,0.0,0.0,0.0,131.4,1,1,1,1,9661,12104,10185,10121,575,25531,26035,1,25578,43,1,1,18923,38,1,3:22,2018,2019
2018-19,1626170,Jerian Grant,Jerian,1610612753,ORL,Orlando Magic,21800519,2018-12-28T00:00:00,ORL vs. TOR,W,48.1,0.0,0.0,0.0,0.0,42.9,71.4,0.0,0.0,0.0,0.0,0.0,0.0,14.3,1,1,1,1,9661,12104,10185,10121,19484,25531,26035,1,25578,8286,1,1,18923,24147,1,3:22,2018,2019
2018-19,203613,Jonathon Simmons,Jonathon,1610612753,ORL,Orlando Magic,21800519,2018-12-28T00:00:00,ORL vs. TOR,W,46.7,0.0,0.0,0.0,4.7,14.0,7.0,7.0,18.6,0.0,4.7,2.3,7.0,32.1,1,1,1,1,14201,12104,10185,10121,16601,11726,6826,7563,25156,8286,25190,8264,4492,17809,1,20:06,2018,2019
2018-19,203932,Aaron Gordon,Aaron,1610612753,ORL,Orlando Magic,21800519,2018-12-28T00:00:00,ORL vs. TOR,W,46.7,0.0,0.0,0.0,2.7,14.7,9.3,13.3,34.7,0.0,0.0,5.3,1.3,30.7,1,1,1,1,14304,12104,10185,10121,19214,12585,9712,14538,20956,8286,1,17701,18586,18547,1,35:02,2018,2019
2018-19,1628515,Isaiah Briscoe,Isaiah,1610612753,ORL,Orlando Magic,21800519,2018-12-28T00:00:00,ORL vs. TOR,W,48.1,0.0,0.0,0.0,0.0,42.9,71.4,0.0,0.0,0.0,0.0,0.0,0.0,0.0,1,1,1,1,9661,12104,10185,10121,19484,25531,26035,1,25578,8286,1,1,18923,25271,1,3:22,2018,2019
2018-19,203095,Evan Fournier,Evan,1610612753,ORL,Orlando Magic,21800519,2018-12-28T00:00:00,ORL vs. TOR,W,50.3,7.7,0.0,0.0,3.1,16.9,6.2,10.8,30.8,1.5,0.0,0.0,3.1,26.3,1,1,1,1,4050,3057,10185,10121,18651,15140,5987,11754,22653,6409,1,1,13076,20585,1,32:41,2018,2019
2018-19,1628411,Wes Iwundu,Wes,1610612753,ORL,Orlando Magic,21800519,2018-12-28T00:00:00,ORL vs. TOR,W,46.0,0.0,5.0,5.0,15.0,12.5,20.0,7.5,15.0,2.5,2.5,5.0,2.5,39.0,1,1,1,1,16679,12104,5186,5122,5305,9872,21213,8128,25394,3747,22375,16734,14903,14100,1,18:24,2018,2019
2018-19,1628371,Jonathan Isaac,Jonathan,1610612753,ORL,Orlando Magic,21800519,2018-12-28T00:00:00,ORL vs. TOR,W,48.2,0.0,0.0,4.9,3.3,14.8,6.6,11.5,29.5,3.3,4.9,1.6,3.3,51.8,1,1,1,1,9416,12104,10185,5267,18346,12670,6367,12585,23144,2453,25305,6374,12433,7387,1,29:23,2018,2019
2018-19,203082,Terrence Ross,Terrence,1610612753,ORL,Orlando Magic,21800503,2018-12-26T00:00:00,ORL vs. PHX,L,49.5,1.4,0.0,0.0,0.0,17.8,5.5,12.3,49.3,0.0,0.0,1.4,1.4,38.2,1,13078,13078,13078,5772,12041,10185,10121,19484,16075,5253,13573,11171,8286,1,5380,18475,14546,1,36:07,2018,2019
2018-19,203095,Evan Fournier,Evan,1610612753,ORL,Orlando Magic,21800503,2018-12-26T00:00:00,ORL vs. PHX,L,50.8,0.0,2.9,0.0,5.8,23.2,2.9,18.8,55.1,0.0,2.9,7.2,2.9,38.1,1,13078,13078,13078,3160,12104,8719,10121,15052,20852,3333,19780,7274,8286,23366,21613,13627,14610,1,35:03,2018,2019
2018-19,1626170,Jerian Grant,Jerian,1610612753,ORL,Orlando Magic,21800503,2018-12-26T00:00:00,ORL vs. PHX,L,46.1,0.0,0.0,0.0,0.0,48.0,8.0,8.0,40.0,0.0,4.0,4.0,4.0,31.6,1,13078,13078,13078,16247,12104,10185,10121,19484,25736,7950,8654,17499,8286,24733,13764,10365,18092,1,11:32,2018,2019
2018-19,1628964,Mo Bamba,Mo,1610612753,ORL,Orlando Magic,21800503,2018-12-26T00:00:00,ORL vs. PHX,L,48.1,0.0,0.0,0.0,6.9,6.9,6.9,17.2,41.4,0.0,3.4,6.9,0.0,20.7,1,13078,13078,13078,9711,12104,10185,10121,13519,4568,6690,18445,16829,8286,24160,21040,18923,22639,1,13:57,2018,2019
2018-19,201571,D.J. Augustin,D.J.,1610612753,ORL,Orlando Magic,21800503,2018-12-26T00:00:00,ORL vs. PHX,L,49.2,4.8,0.0,2.4,11.9,14.3,4.8,19.0,47.6,0.0,2.4,1.2,7.1,52.9,1,13078,13078,13078,6344,6777,10185,9709,7919,11954,4558,19892,12396,8286,22092,4927,4186,6929,1,41:22,2018,2019
2018-19,203613,Jonathon Simmons,Jonathon,1610612753,ORL,Orlando Magic,21800503,2018-12-26T00:00:00,ORL vs. PHX,L,46.7,14.0,0.0,4.7,18.6,30.2,14.0,11.6,32.6,2.3,0.0,2.3,4.7,41.9,1,13078,13078,13078,14394,551,10185,5640,3117,23935,15567,12752,22027,4100,1,8264,8803,12466,1,20:05,2018,2019
2018-19,202696,Nikola Vučević,Nikola,1610612753,ORL,Orlando Magic,21800503,2018-12-26T00:00:00,ORL vs. PHX,L,49.4,2.5,2.5,0.0,12.7,27.8,5.1,16.5,48.1,0.0,2.5,1.3,1.3,53.9,1,13078,13078,13078,5836,11368,9514,10121,7226,23160,4857,17760,12108,8286,22513,5054,18744,6507,1,39:03,2018,2019
2018-19,203932,Aaron Gordon,Aaron,1610612753,ORL,Orlando Magic,21800503,2018-12-26T00:00:00,ORL vs. PHX,L,48.1,0.0,2.3,2.3,6.8,13.6,2.3,18.2,43.2,1.1,0.0,2.3,3.4,38.4,1,13078,13078,13078,9741,12104,9834,9797,13704,11334,3128,19142,15569,8159,1,8145,12088,14437,1,42:18,2018,2019
2018-19,1628371,Jonathan Isaac,Jonathan,1610612753,ORL,Orlando Magic,21800503,2018-12-26T00:00:00,ORL vs. PHX,L,49.2,3.8,3.8,3.8,7.7,34.6,7.7,21.2,46.2,0.0,1.9,7.7,5.8,33.7,1,13078,13078,13078,6457,8409,6931,6917,12505,24851,7588,21324,13377,8286,20956,22104,6518,16999,1,25:35,2018,2019
2018-19,1626170,Jerian Grant,Jerian,1610612753,ORL,Orlando Magic,21800491,2018-12-23T00:00:00,ORL vs. MIA,L,50.9,0.0,0.0,0.0,0.0,27.5,19.6,7.8,39.2,0.0,0.0,5.9,5.9,22.9,1,13078,13078,13078,2941,12104,10185,10121,19484,23010,21090,8492,18428,8286,1,18925,6209,21922,1,25:59,2018,2019
2018-19,1626185,Jarell Martin,Jarell,1610612753,ORL,Orlando Magic,21800491,2018-12-23T00:00:00,ORL vs. MIA,L,53.8,0.0,0.0,0.0,0.0,0.0,0.0,0.0,28.6,0.0,0.0,14.3,0.0,0.0,1,13078,13078,13078,632,12104,10185,10121,19484,1,1,1,23342,8286,1,25380,18923,25271,1,3:46,2018,2019
2018-19,203920,Khem Birch,Khem,1610612753,ORL,Orlando Magic,21800491,2018-12-23T00:00:00,ORL vs. MIA,L,53.8,0.0,0.0,0.0,0.0,0.0,0.0,0.0,28.6,0.0,0.0,0.0,0.0,17.1,1,13078,13078,13078,632,12104,10185,10121,19484,1,1,1,23342,8286,1,1,18923,23540,1,3:46,2018,2019
2018-19,203095,Evan Fournier,Evan,1610612753,ORL,Orlando Magic,21800491,2018-12-23T00:00:00,ORL vs. MIA,L,48.6,12.7,9.1,5.5,0.0,20.0,9.1,10.9,61.8,0.0,0.0,5.5,7.3,54.9,1,13078,13078,13078,8151,755,1723,4539,19484,18113,9262,11920,3974,8286,1,18014,4085,6100,1,26:43,2018,2019
2018-19,203932,Aaron Gordon,Aaron,1610612753,ORL,Orlando Magic,21800491,2018-12-23T00:00:00,ORL vs. MIA,L,50.6,9.2,0.0,0.0,6.2,16.9,12.3,6.2,46.2,1.5,0.0,3.1,3.1,48.0,1,13078,13078,13078,3503,1982,10185,10121,14543,15140,13596,6657,13377,6409,1,10883,13076,9221,1,32:53,2018,2019
2018-19,202696,Nikola Vučević,Nikola,1610612753,ORL,Orlando Magic,21800491,2018-12-23T00:00:00,ORL vs. MIA,L,49.9,1.7,3.4,0.0,6.8,22.0,13.6,10.2,64.4,1.7,0.0,1.7,5.1,27.8,1,13078,13078,13078,4833,11911,7759,10121,13715,19978,15133,11101,3143,5771,1,6562,7884,19961,1,29:27,2018,2019
2018-19,201571,D.J. Augustin,D.J.,1610612753,ORL,Orlando Magic,21800491,2018-12-23T00:00:00,ORL vs. MIA,L,52.4,0.0,0.0,7.1,4.8,9.5,4.8,4.8,57.1,0.0,0.0,11.9,2.4,26.7,1,13078,13078,13078,1310,12104,10185,2804,16476,6817,4558,5302,5939,8286,1,24910,15272,20425,1,22:01,2018,2019
2018-19,1628515,Isaiah Briscoe,Isaiah,1610612753,ORL,Orlando Magic,21800491,2018-12-23T00:00:00,ORL vs. MIA,L,53.8,0.0,0.0,0.0,28.6,0.0,0.0,0.0,28.6,0.0,0.0,0.0,0.0,14.3,1,13078,13078,13078,632,12104,10185,10121,575,1,1,1,23342,8286,1,1,18923,24147,1,3:46,2018,2019
2018-19,203613,Jonathon Simmons,Jonathon,1610612753,ORL,Orlando Magic,21800491,2018-12-23T00:00:00,ORL vs. MIA,L,55.9,5.4,0.0,0.0,0.0,18.9,24.3,0.0,37.8,0.0,0.0,2.7,5.4,31.6,1,13078,13078,13078,224,5753,10185,10121,19484,17233,23595,1,19209,8286,1,9489,7179,18081,1,20:42,2018,2019
2018-19,1628964,Mo Bamba,Mo,1610612753,ORL,Orlando Magic,21800491,2018-12-23T00:00:00,ORL vs. MIA,L,52.8,0.0,7.1,0.0,14.3,17.9,14.3,0.0,14.3,7.1,0.0,10.7,21.4,69.6,1,13078,13078,13078,1069,12104,2937,10121,5765,16106,15801,1,25409,405,1,24463,56,2065,1,14:47,2018,2019
2018-19,203082,Terrence Ross,Terrence,1610612753,ORL,Orlando Magic,21800491,2018-12-23T00:00:00,ORL vs. MIA,L,53.7,0.0,0.0,0.0,0.0,23.1,19.2,3.8,30.8,0.0,3.8,0.0,3.8,26.0,1,13078,13078,13078,671,12104,10185,10121,19484,20723,20795,4606,22653,8286,24587,1,10811,20731,1,27:56,2018,2019
2018-19,1628411,Wes Iwundu,Wes,1610612753,ORL,Orlando Magic,21800491,2018-12-23T00:00:00,ORL vs. MIA,L,53.8,0.0,0.0,0.0,0.0,0.0,0.0,0.0,28.6,0.0,0.0,0.0,14.3,28.6,1,13078,13078,13078,632,12104,10185,10121,19484,1,1,1,23342,8286,1,1,311,19535,1,3:46,2018,2019
2018-19,1628371,Jonathan Isaac,Jonathan,1610612753,ORL,Orlando Magic,21800491,2018-12-23T00:00:00,ORL vs. MIA,L,49.9,4.1,4.1,4.1,8.2,26.5,8.2,12.2,65.3,2.0,2.0,0.0,4.1,40.6,1,13078,13078,13078,4804,7969,6522,6541,11965,22629,8194,13471,2897,4720,21288,1,10188,13186,1,24:28,2018,2019
2018-19,1626170,Jerian Grant,Jerian,1610612753,ORL,Orlando Magic,21800474,2018-12-21T00:00:00,ORL @ CHI,L,52.6,0.0,0.0,0.0,7.4,7.4,7.4,7.4,51.9,0.0,0.0,0.0,3.7,45.9,1,13078,13078,13078,1188,12104,10185,10121,12872,4953,7281,7994,9318,8286,1,1,11197,10247,1,14:12,2018,2019
2018-19,203095,Evan Fournier,Evan,1610612753,ORL,Orlando Magic,21800474,2018-12-21T00:00:00,ORL @ CHI,L,54.6,4.8,4.8,7.9,6.3,11.1,6.3,7.9,50.8,0.0,0.0,4.8,6.3,51.7,1,13078,13078,13078,427,6777,5534,2324,14291,8361,6150,8613,10052,8286,1,16069,5489,7415,1,34:23,2018,2019
2018-19,203932,Aaron Gordon,Aaron,1610612753,ORL,Orlando Magic,21800474,2018-12-21T00:00:00,ORL @ CHI,L,54.5,0.0,7.4,2.9,5.9,14.7,5.9,4.4,47.1,1.5,2.9,2.9,10.3,55.0,1,13078,13078,13078,450,12104,2840,8632,14876,12611,5638,5043,12759,6743,23412,10377,1489,6022,1,37:02,2018,2019
2018-19,1628371,Jonathan Isaac,Jonathan,1610612753,ORL,Orlando Magic,21800474,2018-12-21T00:00:00,ORL @ CHI,L,59.4,9.1,15.2,0.0,6.1,15.2,12.1,18.2,54.5,0.0,0.0,12.1,3.0,53.3,1,13078,13078,13078,74,2024,439,10121,14629,13125,13342,19142,7496,8286,1,24960,13155,6712,1,19:37,2018,2019
2018-19,202696,Nikola Vučević,Nikola,1610612753,ORL,Orlando Magic,21800474,2018-12-21T00:00:00,ORL @ CHI,L,54.7,0.0,3.0,0.0,14.9,14.9,6.0,4.5,47.8,6.0,1.5,4.5,4.5,89.3,1,13078,13078,13078,392,12104,8545,10121,5373,12881,5789,5109,12346,692,19047,15372,9185,386,1,36:41,2018,2019
2018-19,1628964,Mo Bamba,Mo,1610612753,ORL,Orlando Magic,21800474,2018-12-21T00:00:00,ORL @ CHI,L,52.1,0.0,0.0,0.0,0.0,0.0,9.5,23.8,38.1,0.0,0.0,4.8,9.5,16.2,1,13078,13078,13078,1512,12104,10185,10121,19484,1,9887,22674,19014,8286,1,16069,1916,23783,1,10:57,2018,2019
2018-19,201571,D.J. Augustin,D.J.,1610612753,ORL,Orlando Magic,21800474,2018-12-21T00:00:00,ORL @ CHI,L,55.4,0.0,3.3,0.0,3.3,13.1,6.6,9.8,42.6,0.0,1.6,4.9,4.9,19.0,1,13078,13078,13078,281,12104,7962,10121,18346,10727,6367,10717,15955,8286,19869,16609,8227,23125,1,33:48,2018,2019
2018-19,1626185,Jarell Martin,Jarell,1610612753,ORL,Orlando Magic,21800474,2018-12-21T00:00:00,ORL @ CHI,L,41.1,0.0,0.0,0.0,0.0,0.0,0.0,0.0,0.0,0.0,0.0,0.0,0.0,0.0,1,13078,13078,13078,25034,12104,10185,10121,19484,1,1,1,25578,8286,1,1,18923,25271,1,3:42,2018,2019
2018-19,1628411,Wes Iwundu,Wes,1610612753,ORL,Orlando Magic,21800474,2018-12-21T00:00:00,ORL @ CHI,L,51.7,0.0,0.0,0.0,0.0,11.9,9.5,11.9,47.6,0.0,2.4,9.5,0.0,11.9,1,13078,13078,13078,1921,12104,10185,10121,19484,9363,9887,13064,12396,8286,22092,23809,18923,24512,1,21:43,2018,2019
2018-19,203082,Terrence Ross,Terrence,1610612753,ORL,Orlando Magic,21800474,2018-12-21T00:00:00,ORL @ CHI,L,52.7,0.0,0.0,0.0,0.0,5.7,3.8,9.4,34.0,0.0,1.9,3.8,0.0,10.6,1,13078,13078,13078,1140,12104,10185,10121,19484,3730,3854,10263,21289,8286,20838,13094,18923,24672,1,27:55,2018,2019
2018-19,1626170,Jerian Grant,Jerian,1610612753,ORL,Orlando Magic,21800456,2018-12-19T00:00:00,ORL vs. SAS,L,49.8,4.2,4.2,4.2,4.2,8.3,12.5,16.7,45.8,0.0,0.0,2.1,2.1,31.7,1,13078,13078,13078,5143,7802,6364,6384,17162,5716,13682,17785,13710,8286,1,7685,16070,18051,1,23:53,2018,2019
2018-19,1628371,Jonathan Isaac,Jonathan,1610612753,ORL,Orlando Magic,21800456,2018-12-19T00:00:00,ORL vs. SAS,L,51.6,6.3,0.0,0.0,4.2,14.6,4.2,37.5,50.0,0.0,0.0,2.1,4.2,36.5,1,13078,13078,13078,2054,4572,10185,10121,17162,12477,4124,25472,10251,8286,1,7685,9906,15529,1,24:46,2018,2019
2018-19,1628411,Wes Iwundu,Wes,1610612753,ORL,Orlando Magic,21800456,2018-12-19T00:00:00,ORL vs. SAS,L,49.9,0.0,6.1,0.0,6.1,12.1,12.1,6.1,48.5,0.0,0.0,3.0,0.0,21.8,1,13078,13078,13078,4863,12104,3922,10121,14629,9577,13342,6545,11808,8286,1,10686,18923,22291,1,16:28,2018,2019
2018-19,1628964,Mo Bamba,Mo,1610612753,ORL,Orlando Magic,21800456,2018-12-19T00:00:00,ORL vs. SAS,L,52.4,2.0,4.1,0.0,4.1,18.4,12.2,30.6,57.1,4.1,0.0,6.1,8.2,62.4,1,13078,13078,13078,1340,11792,6522,10121,17261,16719,13512,24652,5939,1655,1,19571,3057,3639,1,25:40,2018,2019
2018-19,1626185,Jarell Martin,Jarell,1610612753,ORL,Orlando Magic,21800456,2018-12-19T00:00:00,ORL vs. SAS,L,48.2,7.7,7.7,0.0,0.0,15.4,0.0,15.4,30.8,7.7,0.0,23.1,7.7,70.0,1,13078,13078,13078,9314,3057,2524,10121,19484,13323,1,16628,22653,323,1,25958,3498,1987,1,6:16,2018,2019
2018-19,201571,D.J. Augustin,D.J.,1610612753,ORL,Orlando Magic,21800456,2018-12-19T00:00:00,ORL vs. SAS,L,52.4,4.3,6.5,6.5,8.7,23.9,0.0,39.1,39.1,0.0,2.2,0.0,2.2,46.1,1,13078,13078,13078,1300,7481,3504,3411,11291,21307,1,25606,18479,8286,21616,1,15824,10173,1,24:07,2018,2019
2018-19,203932,Aaron Gordon,Aaron,1610612753,ORL,Orlando Magic,21800456,2018-12-19T00:00:00,ORL vs. SAS,L,52.2,0.0,6.7,6.7,6.7,18.3,6.7,31.7,40.0,0.0,0.0,6.7,5.0,50.5,1,13078,13078,13078,1500,12104,3326,3218,13803,16679,6427,24813,17499,8286,1,20553,7979,7991,1,31:18,2018,2019
2018-19,203095,Evan Fournier,Evan,1610612753,ORL,Orlando Magic,21800456,2018-12-19T00:00:00,ORL vs. SAS,L,51.4,12.5,0.0,0.0,8.3,14.6,4.2,31.3,45.8,0.0,2.1,2.1,0.0,33.1,1,13078,13078,13078,2318,774,10185,10121,11678,12477,4124,24741,13710,8286,21389,7685,18923,17297,1,24:40,2018,2019
2018-19,203082,Terrence Ross,Terrence,1610612753,ORL,Orlando Magic,21800456,2018-12-19T00:00:00,ORL vs. SAS,L,51.5,4.8,0.0,0.0,0.0,14.3,14.3,28.6,42.9,0.0,0.0,0.0,0.0,33.1,1,13078,13078,13078,2175,6777,10185,10121,19484,11954,15801,24187,15698,8286,1,1,18923,17304,1,21:38,2018,2019
2018-19,203920,Khem Birch,Khem,1610612753,ORL,Orlando Magic,21800456,2018-12-19T00:00:00,ORL vs. SAS,L,48.0,0.0,0.0,0.0,0.0,15.0,0.0,20.0,20.0,0.0,0.0,10.0,7.5,5.0,1,13078,13078,13078,9850,12104,10185,10121,19484,12930,1,20456,24995,8286,1,24032,3800,25077,1,19:13,2018,2019
2018-19,203613,Jonathon Simmons,Jonathon,1610612753,ORL,Orlando Magic,21800456,2018-12-19T00:00:00,ORL vs. SAS,L,47.7,0.0,0.0,0.0,12.1,18.2,0.0,33.3,36.4,0.0,0.0,0.0,0.0,24.8,1,13078,13078,13078,10875,12104,10185,10121,7645,16399,1,24982,19941,8286,1,1,18923,21190,1,15:45,2018,2019
2018-19,1628515,Isaiah Briscoe,Isaiah,1610612753,ORL,Orlando Magic,21800456,2018-12-19T00:00:00,ORL vs. SAS,L,48.2,0.0,0.0,0.0,0.0,15.4,0.0,15.4,30.8,0.0,15.4,0.0,0.0,0.0,1,13078,13078,13078,9314,12104,10185,10121,19484,13323,1,16628,22653,8286,26072,1,18923,25271,1,6:16,2018,2019
2018-19,1628371,Jonathan Isaac,Jonathan,1610612753,ORL,Orlando Magic,21800429,2018-12-15T00:00:00,ORL vs. UTA,W,48.3,0.0,0.0,0.0,0.0,10.0,10.0,5.7,37.1,4.3,0.0,2.9,0.0,27.0,1,1,1,1,8987,12104,10185,10121,19484,7237,10444,6211,19633,1514,1,10063,18923,20286,1,33:50,2018,2019
2018-19,1626170,Jerian Grant,Jerian,1610612753,ORL,Orlando Magic,21800429,2018-12-15T00:00:00,ORL vs. UTA,W,47.4,0.0,0.0,0.0,6.9,10.3,17.2,3.4,13.8,0.0,3.4,6.9,0.0,31.7,1,1,1,1,12150,12104,10185,10121,13519,7632,19093,4320,25442,8286,24160,21040,18923,18025,1,13:44,2018,2019
2018-19,202696,Nikola Vučević,Nikola,1610612753,ORL,Orlando Magic,21800429,2018-12-15T00:00:00,ORL vs. UTA,W,46.4,0.0,0.0,0.0,6.2,13.8,6.2,6.2,30.8,3.1,3.1,4.6,6.2,75.8,1,1,1,1,15462,12104,10185,10121,14543,11611,5987,6657,22653,2707,23662,15756,5808,1238,1,30:09,2018,2019
2018-19,203095,Evan Fournier,Evan,1610612753,ORL,Orlando Magic,21800429,2018-12-15T00:00:00,ORL vs. UTA,W,45.8,4.2,0.0,0.0,11.1,15.3,8.3,5.6,30.6,0.0,0.0,5.6,8.3,47.8,1,1,1,1,17273,7802,10185,10121,8584,13282,8318,6053,22804,8286,1,18164,2804,9341,1,32:59,2018,2019
2018-19,1628964,Mo Bamba,Mo,1610612753,ORL,Orlando Magic,21800429,2018-12-15T00:00:00,ORL vs. UTA,W,49.1,13.9,5.6,0.0,11.1,8.3,13.9,8.3,38.9,11.1,0.0,8.3,5.6,74.4,1,1,1,1,6706,562,4451,10121,8584,5716,15484,8979,18597,96,1,22792,6812,1392,1,17:40,2018,2019
2018-19,203082,Terrence Ross,Terrence,1610612753,ORL,Orlando Magic,21800429,2018-12-15T00:00:00,ORL vs. UTA,W,48.2,4.2,4.2,6.3,12.5,10.4,10.4,6.3,33.3,0.0,0.0,4.2,2.1,59.6,1,1,1,1,9248,7802,6364,3640,7253,7720,11114,6704,21413,8286,1,14339,16070,4456,1,23:09,2018,2019
2018-19,203932,Aaron Gordon,Aaron,1610612753,ORL,Orlando Magic,21800429,2018-12-15T00:00:00,ORL vs. UTA,W,46.4,0.0,0.0,0.0,3.3,18.0,9.8,9.8,36.1,0.0,0.0,6.6,1.6,19.5,1,1,1,1,15396,12104,10185,10121,18346,16320,10354,10717,20206,8286,1,20471,17513,23000,1,28:18,2018,2019
2018-19,203613,Jonathon Simmons,Jonathon,1610612753,ORL,Orlando Magic,21800429,2018-12-15T00:00:00,ORL vs. UTA,W,48.0,4.5,0.0,4.5,4.5,2.3,6.8,6.8,31.8,2.3,2.3,4.5,4.5,33.2,1,1,1,1,10029,7119,10185,5783,16723,2414,6650,7374,22307,4206,21835,15477,8971,17269,1,21:07,2018,2019
2018-19,201571,D.J. Augustin,D.J.,1610612753,ORL,Orlando Magic,21800429,2018-12-15T00:00:00,ORL vs. UTA,W,46.9,0.0,0.0,0.0,5.5,12.3,5.5,8.2,41.1,0.0,0.0,2.7,2.7,23.2,1,1,1,1,13546,12104,10185,10121,15514,9828,5253,8946,17046,8286,1,9670,14154,21852,1,34:16,2018,2019
2018-19,1626185,Jarell Martin,Jarell,1610612753,ORL,Orlando Magic,21800429,2018-12-15T00:00:00,ORL vs. UTA,W,48.2,0.0,0.0,0.0,0.0,10.0,0.0,10.0,20.0,0.0,0.0,30.0,10.0,-10.0,1,1,1,1,9426,12104,10185,10121,19484,7237,1,10811,24995,8286,1,26035,1578,26030,1,4:49,2018,2019
2018-19,1628371,Jonathan Isaac,Jonathan,1610612753,ORL,Orlando Magic,21800418,2018-12-13T00:00:00,ORL vs. CHI,W,49.8,3.8,3.8,3.8,3.8,11.5,7.7,3.8,19.2,5.8,1.9,9.6,9.6,59.8,1,1,1,1,5107,8409,6931,6917,17556,8905,7588,4606,25119,774,20956,23888,1883,4390,1,25:53,2018,2019
2018-19,203613,Jonathon Simmons,Jonathon,1610612753,ORL,Orlando Magic,21800418,2018-12-13T00:00:00,ORL vs. CHI,W,48.4,0.0,0.0,2.3,9.1,25.0,4.5,2.3,40.9,0.0,0.0,2.3,4.5,29.1,1,1,1,1,8712,12104,10185,9797,10829,21732,4384,3674,17166,8286,1,8145,8971,19317,1,21:18,2018,2019
2018-19,201571,D.J. Augustin,D.J.,1610612753,ORL,Orlando Magic,21800418,2018-12-13T00:00:00,ORL vs. CHI,W,50.9,7.8,0.0,0.0,3.1,18.8,0.0,9.4,21.9,0.0,0.0,3.1,12.5,39.7,1,1,1,1,2954,2999,10185,10121,18584,17034,1,10202,24835,8286,1,10984,605,13727,1,32:36,2018,2019
2018-19,1628964,Mo Bamba,Mo,1610612753,ORL,Orlando Magic,21800418,2018-12-13T00:00:00,ORL vs. CHI,W,46.1,0.0,0.0,0.0,0.0,21.2,0.0,3.0,42.4,3.0,3.0,3.0,3.0,61.2,1,1,1,1,16307,12104,10185,10121,19484,19321,1,4032,16061,2745,23561,10686,13155,3944,1,15:13,2018,2019
2018-19,202696,Nikola Vučević,Nikola,1610612753,ORL,Orlando Magic,21800418,2018-12-13T00:00:00,ORL vs. CHI,W,50.4,6.2,4.6,4.6,18.5,16.9,6.2,7.7,21.5,1.5,0.0,3.1,3.1,73.8,1,1,1,1,3764,4739,5768,5731,3193,15140,5987,8268,24869,6409,1,10883,13076,1467,1,32:47,2018,2019
2018-19,203082,Terrence Ross,Terrence,1610612753,ORL,Orlando Magic,21800418,2018-12-13T00:00:00,ORL vs. CHI,W,47.4,0.0,0.0,4.8,0.0,22.6,3.2,6.5,35.5,1.6,1.6,1.6,3.2,18.1,1,1,1,1,12098,12104,10185,5401,19484,20422,3506,6920,20530,6085,19733,6276,12535,23369,1,29:22,2018,2019
2018-19,203932,Aaron Gordon,Aaron,1610612753,ORL,Orlando Magic,21800418,2018-12-13T00:00:00,ORL vs. CHI,W,47.6,2.6,2.6,0.0,2.6,20.5,0.0,7.7,30.8,0.0,0.0,0.0,2.6,30.1,1,1,1,1,11205,11300,9453,10121,19313,18787,1,8268,22653,8286,1,1,14709,18781,1,37:09,2018,2019
2018-19,203095,Evan Fournier,Evan,1610612753,ORL,Orlando Magic,21800418,2018-12-13T00:00:00,ORL vs. CHI,W,50.5,3.3,6.7,0.0,16.7,11.7,6.7,8.3,16.7,0.0,1.7,3.3,0.0,26.0,1,1,1,1,3654,9439,3326,10121,4075,9072,6427,8979,25291,8286,19991,11674,18923,20708,1,30:18,2018,2019
2018-19,1626170,Jerian Grant,Jerian,1610612753,ORL,Orlando Magic,21800418,2018-12-13T00:00:00,ORL vs. CHI,W,46.7,6.1,0.0,6.1,12.1,18.2,12.1,0.0,42.4,0.0,0.0,6.1,3.0,64.5,1,1,1,1,14443,4843,10185,3844,7645,16399,13342,1,16061,8286,1,19419,13155,3105,1,15:24,2018,2019
2018-19,1628515,Isaiah Briscoe,Isaiah,1610612753,ORL,Orlando Magic,21800397,2018-12-10T00:00:00,ORL @ DAL,L,51.2,6.3,0.0,0.0,0.0,12.5,6.3,12.5,50.0,0.0,0.0,0.0,6.3,35.6,1,13078,13078,13078,2506,4572,10185,10121,19484,9872,6034,13623,10251,8286,1,1,5552,15954,1,8:12,2018,2019
2018-19,1628982,Melvin Frazier Jr.,Melvin,1610612753,ORL,Orlando Magic,21800397,2018-12-10T00:00:00,ORL @ DAL,L,48.5,0.0,0.0,0.0,0.0,18.2,9.1,18.2,36.4,0.0,0.0,18.2,9.1,38.2,1,13078,13078,13078,8431,12104,10185,10121,19484,16399,9262,19142,19941,8286,1,25764,2174,14559,1,5:20,2018,2019
2018-19,203920,Khem Birch,Khem,1610612753,ORL,Orlando Magic,21800397,2018-12-10T00:00:00,ORL @ DAL,L,50.0,4.5,4.5,0.0,18.2,22.7,6.8,11.4,59.1,0.0,2.3,6.8,6.8,35.7,1,13078,13078,13078,4548,7119,5814,10121,3242,20520,6650,12454,5170,8286,21835,20945,4726,15918,1,22:01,2018,2019
2018-19,1626170,Jerian Grant,Jerian,1610612753,ORL,Orlando Magic,21800397,2018-12-10T00:00:00,ORL @ DAL,L,47.6,0.0,0.0,0.0,0.0,15.6,6.3,3.1,56.3,0.0,0.0,9.4,3.1,45.9,1,13078,13078,13078,11302,12104,10185,10121,19484,13689,6034,4088,6569,8286,1,23734,12872,10243,1,15:14,2018,2019
2018-19,203613,Jonathon Simmons,Jonathon,1610612753,ORL,Orlando Magic,21800397,2018-12-10T00:00:00,ORL @ DAL,L,45.7,8.3,0.0,8.3,16.7,22.9,0.0,6.3,37.5,0.0,0.0,0.0,2.1,46.7,1,13078,13078,13078,17511,2511,10185,2025,4075,20661,1,6704,19367,8286,1,1,16070,9875,1,21:57,2018,2019
2018-19,202696,Nikola Vučević,Nikola,1610612753,ORL,Orlando Magic,21800397,2018-12-10T00:00:00,ORL @ DAL,L,48.1,0.0,3.7,0.0,7.4,18.5,0.0,3.7,33.3,1.9,1.9,1.9,3.7,72.6,1,13078,13078,13078,9597,12104,7177,10121,12872,16837,1,4499,21413,5223,20718,7051,11197,1624,1,25:59,2018,2019
2018-19,1626185,Jarell Martin,Jarell,1610612753,ORL,Orlando Magic,21800397,2018-12-10T00:00:00,ORL @ DAL,L,48.5,0.0,0.0,0.0,0.0,18.2,9.1,18.2,36.4,0.0,0.0,0.0,0.0,40.9,1,13078,13078,13078,8431,12104,10185,10121,19484,16399,9262,19142,19941,8286,1,1,18923,13019,1,5:20,2018,2019
2018-19,1628371,Jonathan Isaac,Jonathan,1610612753,ORL,Orlando Magic,21800397,2018-12-10T00:00:00,ORL @ DAL,L,46.8,0.0,0.0,3.4,3.4,18.6,0.0,5.1,37.3,1.7,0.0,1.7,0.0,20.0,1,13078,13078,13078,14089,12104,10185,7718,18208,16977,1,5615,19556,5771,1,6562,18923,22775,1,27:36,2018,2019
2018-19,203082,Terrence Ross,Terrence,1610612753,ORL,Orlando Magic,21800397,2018-12-10T00:00:00,ORL @ DAL,L,50.6,0.0,4.3,0.0,0.0,21.3,4.3,6.4,59.6,0.0,0.0,4.3,2.1,33.4,1,13078,13078,13078,3535,12104,6232,10121,19484,19385,4191,6886,4924,8286,1,14711,15945,17144,1,23:46,2018,2019
2018-19,1628411,Wes Iwundu,Wes,1610612753,ORL,Orlando Magic,21800397,2018-12-10T00:00:00,ORL @ DAL,L,52.1,0.0,5.5,0.0,0.0,16.4,5.5,7.3,54.5,0.0,0.0,3.6,0.0,18.7,1,13078,13078,13078,1564,12104,4628,10121,19484,14528,5234,7872,7496,8286,1,12625,18923,23209,1,28:39,2018,2019
2018-19,201571,D.J. Augustin,D.J.,1610612753,ORL,Orlando Magic,21800397,2018-12-10T00:00:00,ORL @ DAL,L,47.2,3.8,3.8,0.0,11.5,25.0,0.0,7.7,34.6,0.0,1.9,1.9,0.0,18.5,1,13078,13078,13078,12504,8409,6931,10121,8237,21732,1,8268,20977,8286,20956,7269,18923,23263,1,24:34,2018,2019
2018-19,203932,Aaron Gordon,Aaron,1610612753,ORL,Orlando Magic,21800397,2018-12-10T00:00:00,ORL @ DAL,L,49.8,0.0,0.0,0.0,3.2,23.8,3.2,6.3,41.3,0.0,1.6,4.8,1.6,23.2,1,13078,13078,13078,5085,12104,10185,10121,18504,21225,3470,6844,16925,8286,19600,16069,17718,21837,1,31:22,2018,2019
2018-19,203932,Aaron Gordon,Aaron,1610612753,ORL,Orlando Magic,21800370,2018-12-07T00:00:00,ORL vs. IND,L,47.8,0.0,5.6,7.0,11.3,19.7,5.6,14.1,53.5,1.4,1.4,1.4,5.6,65.9,1,13078,13078,13078,10744,12104,4416,2923,8525,18044,5405,15447,8267,7041,18520,5523,6766,2796,1,33:55,2018,2019
2018-19,1628964,Mo Bamba,Mo,1610612753,ORL,Orlando Magic,21800370,2018-12-07T00:00:00,ORL vs. IND,L,48.0,0.0,0.0,0.0,10.5,15.8,15.8,13.2,63.2,2.6,2.6,2.6,0.0,44.5,1,13078,13078,13078,10043,12104,10185,10121,9221,13834,17618,14417,3491,3476,22731,9221,18923,11011,1,18:14,2018,2019
2018-19,202696,Nikola Vučević,Nikola,1610612753,ORL,Orlando Magic,21800370,2018-12-07T00:00:00,ORL vs. IND,L,47.5,0.0,7.4,0.0,22.2,25.9,3.7,18.5,44.4,0.0,1.9,1.9,7.4,64.8,1,13078,13078,13078,11758,12104,2757,10121,1710,22374,3795,19501,14511,8286,20718,7051,3894,3045,1,25:38,2018,2019
2018-19,203920,Khem Birch,Khem,1610612753,ORL,Orlando Magic,21800370,2018-12-07T00:00:00,ORL vs. IND,L,51.7,0.0,0.0,0.0,25.0,0.0,25.0,0.0,75.0,25.0,0.0,0.0,12.5,155.0,1,13078,13078,13078,1942,12104,10185,10121,1068,1,23708,1,1043,4,1,1,605,20,1,4:08,2018,2019
2018-19,1628411,Wes Iwundu,Wes,1610612753,ORL,Orlando Magic,21800370,2018-12-07T00:00:00,ORL vs. IND,L,51.7,0.0,0.0,0.0,25.0,0.0,25.0,0.0,75.0,0.0,12.5,0.0,0.0,62.5,1,13078,13078,13078,1942,12104,10185,10121,1068,1,23708,1,1043,8286,26035,1,18923,3617,1,4:08,2018,2019
2018-19,1626170,Jerian Grant,Jerian,1610612753,ORL,Orlando Magic,21800370,2018-12-07T00:00:00,ORL vs. IND,L,48.4,5.7,0.0,0.0,0.0,24.5,11.3,17.0,52.8,0.0,0.0,5.7,3.8,24.7,1,13078,13078,13078,8615,5389,10185,10121,19484,21623,12320,18248,8690,8286,1,18526,11066,21259,1,25:40,2018,2019
2018-19,203613,Jonathon Simmons,Jonathon,1610612753,ORL,Orlando Magic,21800370,2018-12-07T00:00:00,ORL vs. IND,L,49.0,0.0,4.4,0.0,4.4,6.7,4.4,4.4,57.8,0.0,0.0,2.2,4.4,16.4,1,13078,13078,13078,7004,12104,5993,10121,16825,4359,4314,5054,5753,8286,1,8019,9278,23722,1,22:02,2018,2019
2018-19,201571,D.J. Augustin,D.J.,1610612753,ORL,Orlando Magic,21800370,2018-12-07T00:00:00,ORL vs. IND,L,47.5,0.0,0.0,0.0,0.0,14.9,8.5,12.8,55.3,0.0,2.1,0.0,0.0,12.8,1,13078,13078,13078,11567,12104,10185,10121,19484,12836,8613,14023,7119,8286,21493,1,18923,24392,1,22:20,2018,2019
2018-19,1626185,Jarell Martin,Jarell,1610612753,ORL,Orlando Magic,21800370,2018-12-07T00:00:00,ORL vs. IND,L,51.7,0.0,0.0,0.0,0.0,0.0,25.0,0.0,75.0,0.0,0.0,0.0,0.0,0.0,1,13078,13078,13078,1942,12104,10185,10121,19484,1,23708,1,1043,8286,1,1,18923,25271,1,4:08,2018,2019
2018-19,1628515,Isaiah Briscoe,Isaiah,1610612753,ORL,Orlando Magic,21800370,2018-12-07T00:00:00,ORL vs. IND,L,51.7,0.0,0.0,0.0,0.0,0.0,25.0,0.0,75.0,0.0,0.0,0.0,12.5,2.5,1,13078,13078,13078,1942,12104,10185,10121,19484,1,23708,1,1043,8286,1,1,605,25187,1,4:08,2018,2019
2018-19,203082,Terrence Ross,Terrence,1610612753,ORL,Orlando Magic,21800370,2018-12-07T00:00:00,ORL vs. IND,L,47.3,3.6,0.0,3.6,3.6,23.6,14.5,16.4,54.5,0.0,0.0,5.5,0.0,32.5,1,13078,13078,13078,12428,8848,10185,7300,17848,21149,16278,17646,7496,8286,1,18014,18923,17571,1,26:00,2018,2019
2018-19,203095,Evan Fournier,Evan,1610612753,ORL,Orlando Magic,21800370,2018-12-07T00:00:00,ORL vs. IND,L,47.6,0.0,0.0,3.3,6.6,24.6,9.8,21.3,55.7,0.0,1.6,6.6,1.6,18.9,1,13078,13078,13078,11236,12104,10185,7932,13996,21661,10354,21423,6897,8286,19869,20471,17513,23159,1,29:03,2018,2019
2018-19,1628371,Jonathan Isaac,Jonathan,1610612753,ORL,Orlando Magic,21800370,2018-12-07T00:00:00,ORL vs. IND,L,42.9,0.0,0.0,6.3,8.3,31.3,8.3,22.9,33.3,6.3,4.2,8.3,4.2,42.1,1,13078,13078,13078,23550,12104,10185,3640,11678,24177,8318,22294,21413,591,24873,22792,9906,12326,1,20:36,2018,2019
2018-19,1626170,Jerian Grant,Jerian,1610612753,ORL,Orlando Magic,21800356,2018-12-05T00:00:00,ORL vs. DEN,L,52.3,0.0,0.0,0.0,0.0,4.8,2.4,4.8,61.9,0.0,0.0,2.4,4.8,10.7,1,13078,13078,13078,1427,12104,10185,10121,19484,3234,3149,5302,3942,8286,1,8418,8493,24654,1,21:57,2018,2019
2018-19,203095,Evan Fournier,Evan,1610612753,ORL,Orlando Magic,21800356,2018-12-05T00:00:00,ORL vs. DEN,L,52.0,0.0,6.8,4.1,5.4,12.2,9.5,12.2,62.2,1.4,1.4,8.1,4.1,57.6,1,13078,13078,13078,1684,12104,3306,6617,15579,9649,9854,13393,3859,7330,18141,22656,10285,5108,1,38:27,2018,2019
2018-19,1628371,Jonathan Isaac,Jonathan,1610612753,ORL,Orlando Magic,21800356,2018-12-05T00:00:00,ORL vs. DEN,L,52.4,4.3,0.0,4.3,4.3,6.4,0.0,0.0,46.8,2.1,0.0,4.3,2.1,48.5,1,13078,13078,13078,1312,7658,10185,6239,17051,4194,1,1,12986,4525,1,14711,15945,8986,1,24:38,2018,2019
2018-19,1628964,Mo Bamba,Mo,1610612753,ORL,Orlando Magic,21800356,2018-12-05T00:00:00,ORL vs. DEN,L,51.6,9.7,0.0,0.0,6.5,6.5,3.2,6.5,64.5,3.2,0.0,12.9,3.2,84.5,1,13078,13078,13078,2113,1723,10185,10121,14089,4222,3506,6920,3101,2495,1,25193,12535,582,1,15:59,2018,2019
2018-19,202696,Nikola Vučević,Nikola,1610612753,ORL,Orlando Magic,21800356,2018-12-05T00:00:00,ORL vs. DEN,L,50.7,0.0,0.0,2.7,19.2,11.0,8.2,9.6,49.3,0.0,0.0,2.7,2.7,64.4,1,13078,13078,13078,3293,12104,10185,9042,2881,8322,8273,10450,11171,8286,1,9670,14154,3143,1,37:01,2018,2019
2018-19,203082,Terrence Ross,Terrence,1610612753,ORL,Orlando Magic,21800356,2018-12-05T00:00:00,ORL vs. DEN,L,51.0,3.2,3.2,0.0,3.2,3.2,1.6,3.2,47.6,0.0,0.0,0.0,3.2,40.8,1,13078,13078,13078,2895,9804,8160,10121,18504,2591,3069,4126,12396,8286,1,1,12755,13074,1,32:07,2018,2019
2018-19,203932,Aaron Gordon,Aaron,1610612753,ORL,Orlando Magic,21800356,2018-12-05T00:00:00,ORL vs. DEN,L,50.4,0.0,2.6,2.6,10.3,12.8,9.0,11.5,56.4,1.3,1.3,5.1,3.8,49.6,1,13078,13078,13078,3828,12104,9453,9434,9576,10367,9233,12630,6488,7685,17768,17143,10811,8456,1,39:19,2018,2019
2018-19,203613,Jonathon Simmons,Jonathon,1610612753,ORL,Orlando Magic,21800356,2018-12-05T00:00:00,ORL vs. DEN,L,48.2,0.0,0.0,0.0,3.9,11.8,11.8,13.7,51.0,0.0,0.0,3.9,3.9,5.9,1,13078,13078,13078,9313,12104,10185,10121,17449,9126,12825,15035,9914,8286,1,13580,10665,25031,1,24:35,2018,2019
2018-19,201571,D.J. Augustin,D.J.,1610612753,ORL,Orlando Magic,21800356,2018-12-05T00:00:00,ORL vs. DEN,L,49.1,4.8,0.0,4.8,3.2,12.7,9.5,11.1,47.6,0.0,0.0,3.2,4.8,24.6,1,13078,13078,13078,6581,6777,10185,5463,18504,10240,9887,12037,12396,8286,1,11205,8493,21328,1,30:57,2018,2019
2018-19,1628964,Mo Bamba,Mo,1610612753,ORL,Orlando Magic,21800351,2018-12-04T00:00:00,ORL @ MIA,W,51.6,0.0,6.9,0.0,13.8,24.1,20.7,13.8,62.1,3.4,6.9,6.9,10.3,22.1,1,1,1,1,2040,12104,3155,10121,6219,21419,21834,15102,3882,2249,25791,21040,1452,22212,1,14:58,2018,2019
2018-19,203095,Evan Fournier,Evan,1610612753,ORL,Orlando Magic,21800351,2018-12-04T00:00:00,ORL @ MIA,W,52.7,11.8,3.9,0.0,7.8,21.6,33.3,7.8,74.5,0.0,3.9,5.9,0.0,26.7,1,1,1,1,1097,955,6808,10121,12365,19634,25314,8492,1167,8286,24687,18925,18923,20425,1,26:54,2018,2019
2018-19,203932,Aaron Gordon,Aaron,1610612753,ORL,Orlando Magic,21800351,2018-12-04T00:00:00,ORL @ MIA,W,51.5,3.0,0.0,9.0,11.9,9.0,25.4,4.5,50.7,1.5,3.0,1.5,9.0,71.8,1,1,1,1,2136,10249,10185,1728,7863,6350,23959,5109,10104,6630,23523,5824,2388,1732,1,34:32,2018,2019
2018-19,1628371,Jonathan Isaac,Jonathan,1610612753,ORL,Orlando Magic,21800351,2018-12-04T00:00:00,ORL @ MIA,W,51.6,3.3,3.3,3.3,6.6,11.5,19.7,14.8,49.2,1.6,0.0,1.6,4.9,51.1,1,1,1,1,2036,9574,7962,7932,13996,8869,21139,16085,11302,5983,1,6374,8227,7694,1,31:29,2018,2019
2018-19,203082,Terrence Ross,Terrence,1610612753,ORL,Orlando Magic,21800351,2018-12-04T00:00:00,ORL @ MIA,W,51.7,13.8,3.4,0.0,3.4,15.5,24.1,15.5,44.8,0.0,1.7,0.0,1.7,45.0,1,1,1,1,1977,573,7641,10121,18120,13580,23518,16853,14384,8286,20230,1,17196,10713,1,29:58,2018,2019
2018-19,203613,Jonathon Simmons,Jonathon,1610612753,ORL,Orlando Magic,21800351,2018-12-04T00:00:00,ORL @ MIA,W,50.3,0.0,0.0,0.0,0.0,14.3,21.4,4.8,66.7,0.0,7.1,4.8,2.4,30.7,1,1,1,1,4058,12104,10185,10121,19484,11954,22252,5302,2265,8286,25806,16069,15272,18529,1,21:07,2018,2019
2018-19,1626170,Jerian Grant,Jerian,1610612753,ORL,Orlando Magic,21800351,2018-12-04T00:00:00,ORL @ MIA,W,52.3,2.6,0.0,0.0,0.0,23.7,21.1,10.5,57.9,2.6,0.0,2.6,5.3,28.7,1,1,1,1,1409,11140,10185,10121,19484,21172,22028,11446,5689,3476,1,9221,7418,19494,1,19:52,2018,2019
2018-19,201571,D.J. Augustin,D.J.,1610612753,ORL,Orlando Magic,21800351,2018-12-04T00:00:00,ORL @ MIA,W,51.2,3.6,1.8,3.6,3.6,7.3,27.3,9.1,54.5,0.0,1.8,3.6,1.8,34.4,1,1,1,1,2635,8848,10008,7300,17848,4853,24430,9806,7496,8286,20595,12625,16847,16613,1,28:08,2018,2019
2018-19,202696,Nikola Vučević,Nikola,1610612753,ORL,Orlando Magic,21800351,2018-12-04T00:00:00,ORL @ MIA,W,52.4,3.2,4.8,0.0,15.9,9.5,27.0,7.9,54.0,0.0,0.0,1.6,3.2,59.5,1,1,1,1,1293,9804,5534,10121,4692,6817,24388,8613,7981,8286,1,6180,12755,4473,1,33:02,2018,2019
2018-19,203613,Jonathon Simmons,Jonathon,1610612753,ORL,Orlando Magic,21800327,2018-11-30T00:00:00,ORL @ PHX,W,48.7,0.0,4.8,0.0,9.5,16.7,4.8,23.8,57.1,0.0,0.0,0.0,2.4,36.4,1,1,1,1,7819,12104,5534,10121,10380,14686,4558,22674,5939,8286,1,1,15272,15541,1,20:27,2018,2019
2018-19,1628371,Jonathan Isaac,Jonathan,1610612753,ORL,Orlando Magic,21800327,2018-11-30T00:00:00,ORL @ PHX,W,49.0,0.0,3.7,0.0,3.7,13.0,3.7,9.3,29.6,1.9,0.0,5.6,0.0,28.0,1,1,1,1,6799,12104,7177,10121,17746,10576,3795,10075,23102,5223,1,18164,18923,19877,1,26:29,2018,2019
2018-19,1628964,Mo Bamba,Mo,1610612753,ORL,Orlando Magic,21800327,2018-11-30T00:00:00,ORL @ PHX,W,53.7,0.0,0.0,0.0,6.7,6.7,0.0,16.7,53.3,6.7,0.0,6.7,6.7,58.3,1,1,1,1,682,12104,10185,10121,13803,4359,1,17785,8298,484,1,20553,4889,4853,1,16:06,2018,2019
2018-19,203082,Terrence Ross,Terrence,1610612753,ORL,Orlando Magic,21800327,2018-11-30T00:00:00,ORL @ PHX,W,50.5,1.6,8.2,0.0,6.6,3.3,3.3,8.2,39.3,1.6,0.0,1.6,3.3,42.1,1,1,1,1,3628,11938,2229,10121,13996,2626,3534,8918,18358,5983,1,6374,12433,12309,1,30:49,2018,2019
2018-19,202696,Nikola Vučević,Nikola,1610612753,ORL,Orlando Magic,21800327,2018-11-30T00:00:00,ORL @ PHX,W,51.4,4.8,3.2,0.0,19.4,11.3,6.5,8.1,41.9,1.6,0.0,4.8,3.2,83.1,1,1,1,1,2268,6709,8063,10121,2801,8643,6222,8773,16414,6085,1,16380,12535,658,1,31:54,2018,2019
2018-19,201571,D.J. Augustin,D.J.,1610612753,ORL,Orlando Magic,21800327,2018-11-30T00:00:00,ORL @ PHX,W,54.2,3.8,0.0,3.8,11.3,13.2,7.5,9.4,52.8,0.0,0.0,0.0,5.7,50.2,1,1,1,1,514,8565,10185,7051,8459,10830,7482,10263,8690,8286,1,1,6698,8141,1,28:44,2018,2019
2018-19,203932,Aaron Gordon,Aaron,1610612753,ORL,Orlando Magic,21800327,2018-11-30T00:00:00,ORL @ PHX,W,52.4,6.2,3.1,3.1,21.5,10.8,6.2,7.7,46.2,0.0,0.0,1.5,3.1,48.8,1,1,1,1,1338,4739,8359,8328,2003,8098,5987,8268,13377,8286,1,6006,13076,8855,1,34:03,2018,2019
2018-19,1626170,Jerian Grant,Jerian,1610612753,ORL,Orlando Magic,21800327,2018-11-30T00:00:00,ORL @ PHX,W,48.2,0.0,0.0,0.0,0.0,5.0,0.0,12.5,35.0,0.0,0.0,5.0,2.5,19.8,1,1,1,1,9426,12104,10185,10121,19484,3361,1,13623,20777,8286,1,16734,14903,22936,1,19:16,2018,2019
2018-19,203095,Evan Fournier,Evan,1610612753,ORL,Orlando Magic,21800327,2018-11-30T00:00:00,ORL @ PHX,W,56.5,0.0,0.0,0.0,3.5,7.0,3.5,8.8,56.1,0.0,0.0,7.0,3.5,33.3,1,1,1,1,178,12104,10185,10121,18033,4670,3673,9551,6653,8286,1,21262,11769,17161,1,32:12,2018,2019
2018-19,1628964,Mo Bamba,Mo,1610612753,ORL,Orlando Magic,21800314,2018-11-28T00:00:00,ORL @ POR,L,47.8,0.0,7.5,0.0,10.0,10.0,0.0,0.0,25.0,5.0,0.0,5.0,5.0,44.0,1,13078,13078,13078,10802,12104,2705,10121,9823,7237,1,1,24202,1072,1,16734,7979,11267,1,19:06,2018,2019
2018-19,1626170,Jerian Grant,Jerian,1610612753,ORL,Orlando Magic,21800314,2018-11-28T00:00:00,ORL @ POR,L,48.2,5.8,0.0,0.0,3.8,13.5,1.9,9.6,23.1,0.0,0.0,5.8,3.8,39.4,1,13078,13078,13078,9314,5243,10185,10121,17556,11161,3096,10479,24611,8286,1,18771,10811,13882,1,25:04,2018,2019
2018-19,202696,Nikola Vučević,Nikola,1610612753,ORL,Orlando Magic,21800314,2018-11-28T00:00:00,ORL @ POR,L,50.3,3.5,0.0,0.0,14.0,22.8,14.0,14.0,35.1,3.5,0.0,10.5,5.3,79.1,1,13078,13078,13078,4023,9088,10185,10121,6070,20591,15658,15381,20745,2209,1,24378,7418,940,1,28:40,2018,2019
2018-19,1628411,Wes Iwundu,Wes,1610612753,ORL,Orlando Magic,21800314,2018-11-28T00:00:00,ORL @ POR,L,50.1,0.0,0.0,0.0,0.0,13.0,4.3,21.7,26.1,0.0,0.0,4.3,0.0,13.9,1,13078,13078,13078,4479,12104,10185,10121,19484,10637,4243,21637,24035,8286,1,14921,18923,24210,1,11:31,2018,2019
2018-19,203613,Jonathon Simmons,Jonathon,1610612753,ORL,Orlando Magic,21800314,2018-11-28T00:00:00,ORL @ POR,L,50.3,4.3,0.0,0.0,13.0,23.9,13.0,17.4,39.1,0.0,0.0,0.0,6.5,26.1,1,13078,13078,13078,4053,7481,10185,10121,6874,21307,14494,18554,18479,8286,1,1,5216,20684,1,23:08,2018,2019
2018-19,1626185,Jarell Martin,Jarell,1610612753,ORL,Orlando Magic,21800314,2018-11-28T00:00:00,ORL @ POR,L,48.9,0.0,5.6,0.0,11.1,16.7,8.3,22.2,27.8,0.0,0.0,5.6,2.8,37.8,1,13078,13078,13078,7353,12104,4451,10121,8584,14686,8318,21828,23653,8286,1,18164,13963,14782,1,17:35,2018,2019
2018-19,201571,D.J. Augustin,D.J.,1610612753,ORL,Orlando Magic,21800314,2018-11-28T00:00:00,ORL @ POR,L,48.8,0.0,0.0,0.0,4.3,21.3,14.9,6.4,38.3,0.0,2.1,2.1,4.3,37.2,1,13078,13078,13078,7523,12104,10185,10121,17051,19385,16652,6886,18946,8286,21493,7789,9715,15106,1,22:56,2018,2019
2018-19,203082,Terrence Ross,Terrence,1610612753,ORL,Orlando Magic,21800314,2018-11-28T00:00:00,ORL @ POR,L,45.1,6.9,0.0,3.4,6.9,10.3,1.7,0.0,20.7,1.7,0.0,0.0,1.7,55.0,1,13078,13078,13078,19368,3822,10185,7621,13519,7632,3077,1,24953,5664,1,1,17196,6022,1,26:08,2018,2019
2018-19,203095,Evan Fournier,Evan,1610612753,ORL,Orlando Magic,21800314,2018-11-28T00:00:00,ORL @ POR,L,48.9,4.1,0.0,0.0,5.5,19.2,11.0,4.1,32.9,2.7,0.0,4.1,0.0,40.5,1,13078,13078,13078,7289,7926,10185,10121,15514,17513,11838,4823,21890,3289,1,14244,18923,13221,1,35:41,2018,2019
2018-19,1628371,Jonathan Isaac,Jonathan,1610612753,ORL,Orlando Magic,21800314,2018-11-28T00:00:00,ORL @ POR,L,47.2,4.7,0.0,0.0,6.3,17.2,7.8,0.0,31.3,1.6,0.0,3.1,4.7,41.3,1,13078,13078,13078,12763,6925,10185,10121,14369,15432,7778,1,22514,6305,1,10984,8725,12819,1,30:11,2018,2019
2018-19,1628411,Wes Iwundu,Wes,1610612753,ORL,Orlando Magic,21800300,2018-11-26T00:00:00,ORL @ GSW,L,49.5,0.0,0.0,0.0,28.6,42.9,28.6,0.0,28.6,0.0,0.0,0.0,14.3,71.4,1,13078,13078,13078,5611,12104,10185,10121,575,25531,24696,1,23342,8286,1,1,311,1783,1,3:28,2018,2019
2018-19,202696,Nikola Vučević,Nikola,1610612753,ORL,Orlando Magic,21800300,2018-11-26T00:00:00,ORL @ GSW,L,47.9,8.8,11.8,2.9,29.4,14.7,14.7,23.5,35.3,0.0,1.5,5.9,7.4,81.5,1,13078,13078,13078,10235,2226,899,8632,538,12611,16439,22548,20574,8286,18929,18925,3981,759,1,32:35,2018,2019
2018-19,203082,Terrence Ross,Terrence,1610612753,ORL,Orlando Magic,21800300,2018-11-26T00:00:00,ORL @ GSW,L,46.9,3.4,8.5,6.8,6.8,8.5,20.3,15.3,30.5,0.0,0.0,3.4,6.8,63.1,1,13078,13078,13078,13723,9330,2065,3169,13715,5929,21624,16559,22816,8286,1,11907,4792,3470,1,27:40,2018,2019
2018-19,1628964,Mo Bamba,Mo,1610612753,ORL,Orlando Magic,21800300,2018-11-26T00:00:00,ORL @ GSW,L,49.7,9.7,0.0,0.0,12.9,16.1,12.9,12.9,38.7,3.2,0.0,3.2,3.2,73.2,1,13078,13078,13078,5191,1723,10185,10121,6969,14255,14331,14168,18707,2495,1,11331,12535,1557,1,15:25,2018,2019
2018-19,1626185,Jarell Martin,Jarell,1610612753,ORL,Orlando Magic,21800300,2018-11-26T00:00:00,ORL @ GSW,L,48.3,0.0,0.0,0.0,0.0,0.0,66.7,0.0,66.7,0.0,0.0,0.0,0.0,40.0,1,13078,13078,13078,8880,12104,10185,10121,19484,1,26006,1,2265,8286,1,1,18923,13452,1,1:27,2018,2019
2018-19,203613,Jonathon Simmons,Jonathon,1610612753,ORL,Orlando Magic,21800300,2018-11-26T00:00:00,ORL @ GSW,L,49.4,0.0,0.0,0.0,0.0,17.9,10.7,19.6,42.9,0.0,3.6,5.4,1.8,28.9,1,13078,13078,13078,5996,12104,10185,10121,19484,16106,11470,20341,15698,8286,24299,17749,16977,19387,1,27:39,2018,2019
2018-19,201571,D.J. Augustin,D.J.,1610612753,ORL,Orlando Magic,21800300,2018-11-26T00:00:00,ORL @ GSW,L,47.1,0.0,0.0,0.0,6.5,16.1,9.7,22.6,35.5,0.0,0.0,1.6,6.5,48.9,1,13078,13078,13078,12897,12104,10185,10121,14089,14255,10133,22116,20530,8286,1,6276,5298,8803,1,29:13,2018,2019
2018-19,203095,Evan Fournier,Evan,1610612753,ORL,Orlando Magic,21800300,2018-11-26T00:00:00,ORL @ GSW,L,50.4,3.2,0.0,0.0,9.5,19.0,9.5,28.6,41.3,0.0,3.2,4.8,0.0,24.1,1,13078,13078,13078,3732,9804,10185,10121,10380,17341,9887,24187,16925,8286,23804,16069,18923,21499,1,31:47,2018,2019
2018-19,1626170,Jerian Grant,Jerian,1610612753,ORL,Orlando Magic,21800300,2018-11-26T00:00:00,ORL @ GSW,L,49.4,0.0,0.0,0.0,0.0,13.2,21.1,15.8,36.8,0.0,0.0,10.5,0.0,17.1,1,13078,13078,13078,5854,12104,10185,10121,19484,10766,22028,17069,19784,8286,1,24378,18923,23564,1,18:47,2018,2019
2018-19,1628371,Jonathan Isaac,Jonathan,1610612753,ORL,Orlando Magic,21800300,2018-11-26T00:00:00,ORL @ GSW,L,47.6,4.8,0.0,4.8,6.3,17.5,15.9,22.2,25.4,0.0,1.6,4.8,4.8,33.0,1,13078,13078,13078,11253,6777,10185,5463,14291,15697,17729,21828,24184,8286,19600,16069,8493,17335,1,30:00,2018,2019
2018-19,203932,Aaron Gordon,Aaron,1610612753,ORL,Orlando Magic,21800300,2018-11-26T00:00:00,ORL @ GSW,L,46.8,0.0,0.0,0.0,0.0,8.5,8.5,17.0,42.6,2.1,2.1,0.0,0.0,21.9,1,13078,13078,13078,14110,12104,10185,10121,19484,5953,8613,18276,15993,4525,21493,1,18923,22268,1,21:59,2018,2019
2018-19,1628411,Wes Iwundu,Wes,1610612753,ORL,Orlando Magic,21800286,2018-11-25T00:00:00,ORL @ LAL,W,45.4,0.0,0.0,0.0,0.0,0.0,16.7,16.7,116.7,0.0,16.7,8.3,0.0,12.5,1,1,1,1,18420,12104,10185,10121,19484,1,18356,17785,71,8286,26073,22792,18923,24427,1,5:27,2018,2019
2018-19,203932,Aaron Gordon,Aaron,1610612753,ORL,Orlando Magic,21800286,2018-11-25T00:00:00,ORL @ LAL,W,46.3,6.0,6.0,4.5,20.9,16.4,7.5,11.9,53.7,0.0,1.5,7.5,1.5,35.5,1,1,1,1,15821,4989,4045,5921,2213,14588,7415,13120,8112,8286,19047,21904,18085,16010,1,31:00,2018,2019
2018-19,1626170,Jerian Grant,Jerian,1610612753,ORL,Orlando Magic,21800286,2018-11-25T00:00:00,ORL @ LAL,W,45.1,4.8,0.0,4.8,4.8,14.3,4.8,28.6,42.9,0.0,0.0,0.0,0.0,35.7,1,1,1,1,19163,6777,10185,5463,16476,11954,4558,24187,15698,8286,1,1,18923,15894,1,18:57,2018,2019
2018-19,202696,Nikola Vučević,Nikola,1610612753,ORL,Orlando Magic,21800286,2018-11-25T00:00:00,ORL @ LAL,W,46.5,6.5,0.0,2.6,15.6,14.3,3.9,11.7,44.2,3.9,1.3,2.6,6.5,92.9,1,1,1,1,14843,4326,10185,9378,4911,11954,3938,12843,14905,1837,17840,9138,5264,289,1,35:51,2018,2019
2018-19,201571,D.J. Augustin,D.J.,1610612753,ORL,Orlando Magic,21800286,2018-11-25T00:00:00,ORL @ LAL,W,46.1,0.0,0.0,0.0,9.5,17.5,4.8,14.3,54.0,0.0,0.0,0.0,6.3,48.4,1,1,1,1,16359,12104,10185,10121,10380,15697,4558,15487,7981,8286,1,1,5489,9046,1,29:03,2018,2019
2018-19,203613,Jonathon Simmons,Jonathon,1610612753,ORL,Orlando Magic,21800286,2018-11-25T00:00:00,ORL @ LAL,W,44.7,0.0,0.0,3.6,14.3,14.3,5.4,23.2,42.9,1.8,1.8,3.6,3.6,40.7,1,1,1,1,20258,12104,10185,7414,5765,11954,5137,22448,15698,5444,20479,12387,11558,13124,1,25:02,2018,2019
2018-19,1628964,Mo Bamba,Mo,1610612753,ORL,Orlando Magic,21800286,2018-11-25T00:00:00,ORL @ LAL,W,42.8,17.9,7.1,0.0,7.1,21.4,7.1,42.9,64.3,3.6,0.0,7.1,0.0,67.1,1,1,1,1,23686,235,2937,10121,13212,19459,6932,25782,3166,2106,1,21332,18923,2540,1,11:59,2018,2019
2018-19,203082,Terrence Ross,Terrence,1610612753,ORL,Orlando Magic,21800286,2018-11-25T00:00:00,ORL @ LAL,W,46.0,3.2,0.0,0.0,3.2,15.9,4.8,22.2,41.3,0.0,1.6,1.6,3.2,44.0,1,1,1,1,16696,9804,10185,10121,18504,13982,4558,21828,16925,8286,19600,6180,12755,11306,1,28:59,2018,2019
2018-19,1626185,Jarell Martin,Jarell,1610612753,ORL,Orlando Magic,21800286,2018-11-25T00:00:00,ORL @ LAL,W,41.3,0.0,0.0,0.0,0.0,0.0,0.0,0.0,0.0,0.0,0.0,25.0,0.0,0.0,1,1,1,1,24955,12104,10185,10121,19484,1,1,1,25578,8286,1,25968,18923,25271,1,1:39,2018,2019
2018-19,203095,Evan Fournier,Evan,1610612753,ORL,Orlando Magic,21800286,2018-11-25T00:00:00,ORL @ LAL,W,45.7,3.3,0.0,0.0,6.6,18.0,3.3,14.8,55.7,0.0,6.6,4.9,3.3,17.0,1,1,1,1,17668,9574,10185,10121,13996,16320,3534,16085,6897,8286,25754,16609,12433,23573,1,27:52,2018,2019
2018-19,1628371,Jonathan Isaac,Jonathan,1610612753,ORL,Orlando Magic,21800286,2018-11-25T00:00:00,ORL @ LAL,W,46.5,0.0,3.8,0.0,11.5,21.2,0.0,32.7,42.3,0.0,0.0,9.6,1.9,24.0,1,1,1,1,14942,12104,6931,10121,8237,19281,1,24961,16164,8286,1,23888,16509,21531,1,24:11,2018,2019
2018-19,1628371,Jonathan Isaac,Jonathan,1610612753,ORL,Orlando Magic,21800276,2018-11-23T00:00:00,ORL @ DEN,L,46.7,4.4,2.2,4.4,8.9,17.8,13.3,17.8,62.2,0.0,0.0,6.7,6.7,40.0,1,13078,13078,13078,14210,7335,9878,5961,11148,16029,14755,18861,3837,8286,1,20553,4889,13452,1,21:02,2018,2019
2018-19,1626185,Jarell Martin,Jarell,1610612753,ORL,Orlando Magic,21800276,2018-11-23T00:00:00,ORL @ DEN,L,46.1,0.0,0.0,0.0,0.0,16.7,16.7,16.7,50.0,0.0,0.0,0.0,0.0,40.0,1,13078,13078,13078,16307,12104,10185,10121,19484,14686,18356,17785,10251,8286,1,1,18923,13452,1,5:32,2018,2019
2018-19,1626170,Jerian Grant,Jerian,1610612753,ORL,Orlando Magic,21800276,2018-11-23T00:00:00,ORL @ DEN,L,47.1,0.0,0.0,0.0,0.0,25.6,20.5,20.5,71.8,0.0,0.0,0.0,7.7,23.3,1,13078,13078,13078,13004,12104,10185,10121,19484,22253,21726,20939,1510,8286,1,1,3498,21769,1,18:22,2018,2019
2018-19,202696,Nikola Vučević,Nikola,1610612753,ORL,Orlando Magic,21800276,2018-11-23T00:00:00,ORL @ DEN,L,50.4,3.6,7.3,3.6,14.5,18.2,16.4,0.0,50.9,0.0,3.6,1.8,7.3,48.4,1,13078,13078,13078,3903,8848,2892,7300,5647,16399,18221,1,9974,8286,24394,6945,4085,9068,1,27:42,2018,2019
2018-19,203613,Jonathon Simmons,Jonathon,1610612753,ORL,Orlando Magic,21800276,2018-11-23T00:00:00,ORL @ DEN,L,47.7,0.0,0.0,13.3,13.3,13.3,33.3,13.3,66.7,6.7,0.0,0.0,13.3,74.7,1,13078,13078,13078,11080,12104,10185,512,6546,10924,25314,14538,2265,484,1,1,461,1374,1,7:09,2018,2019
2018-19,203082,Terrence Ross,Terrence,1610612753,ORL,Orlando Magic,21800276,2018-11-23T00:00:00,ORL @ DEN,L,47.0,6.3,6.3,0.0,4.2,25.0,29.2,22.9,75.0,0.0,0.0,6.3,0.0,36.5,1,13078,13078,13078,13298,4572,3724,10121,17162,21732,24854,22294,1043,8286,1,19742,18923,15529,1,22:34,2018,2019
2018-19,201571,D.J. Augustin,D.J.,1610612753,ORL,Orlando Magic,21800276,2018-11-23T00:00:00,ORL @ DEN,L,50.2,6.3,0.0,0.0,0.0,12.5,27.1,6.3,62.5,0.0,6.3,2.1,4.2,21.3,1,13078,13078,13078,4203,4572,10185,10121,19484,9872,24412,6704,3704,8286,25675,7685,9906,22491,1,24:06,2018,2019
2018-19,203932,Aaron Gordon,Aaron,1610612753,ORL,Orlando Magic,21800276,2018-11-23T00:00:00,ORL @ DEN,L,49.7,3.1,0.0,3.1,9.2,18.5,26.2,4.6,58.5,1.5,0.0,1.5,4.6,57.4,1,13078,13078,13078,5225,10032,10185,8328,10761,16811,24192,5201,5449,6409,1,6006,8903,5176,1,32:19,2018,2019
2018-19,1628411,Wes Iwundu,Wes,1610612753,ORL,Orlando Magic,21800276,2018-11-23T00:00:00,ORL @ DEN,L,49.0,6.3,6.3,0.0,0.0,16.7,18.8,8.3,58.3,0.0,0.0,6.3,0.0,20.0,1,13078,13078,13078,6933,4572,3724,10121,19484,14686,20414,8979,5475,8286,1,19742,18923,22775,1,23:31,2018,2019
2018-19,203095,Evan Fournier,Evan,1610612753,ORL,Orlando Magic,21800276,2018-11-23T00:00:00,ORL @ DEN,L,50.6,0.0,0.0,0.0,6.3,15.9,25.4,14.3,73.0,0.0,0.0,4.8,1.6,32.9,1,13078,13078,13078,3459,12104,10185,10121,14291,13982,23970,15487,1335,8286,1,16069,17718,17418,1,31:53,2018,2019
2018-19,203920,Khem Birch,Khem,1610612753,ORL,Orlando Magic,21800276,2018-11-23T00:00:00,ORL @ DEN,L,46.1,0.0,0.0,0.0,0.0,16.7,16.7,16.7,50.0,0.0,0.0,0.0,0.0,0.0,1,13078,13078,13078,16307,12104,10185,10121,19484,14686,18356,17785,10251,8286,1,1,18923,25271,1,5:32,2018,2019
2018-19,1628964,Mo Bamba,Mo,1610612753,ORL,Orlando Magic,21800276,2018-11-23T00:00:00,ORL @ DEN,L,47.6,0.0,0.0,0.0,6.5,19.4,38.7,35.5,96.8,0.0,0.0,9.7,3.2,36.8,1,13078,13078,13078,11184,12104,10185,10121,14089,17674,25696,25323,228,8286,1,23904,12535,15364,1,14:46,2018,2019
2018-19,1628515,Isaiah Briscoe,Isaiah,1610612753,ORL,Orlando Magic,21800276,2018-11-23T00:00:00,ORL @ DEN,L,46.1,0.0,0.0,0.0,33.3,16.7,16.7,16.7,50.0,0.0,0.0,8.3,8.3,41.7,1,13078,13078,13078,16307,12104,10185,10121,258,14686,18356,17785,10251,8286,1,22792,2804,12576,1,5:32,2018,2019
2018-19,203095,Evan Fournier,Evan,1610612753,ORL,Orlando Magic,21800248,2018-11-20T00:00:00,ORL vs. TOR,L,49.0,5.6,0.0,5.6,19.7,15.5,19.7,8.5,53.5,0.0,0.0,4.2,2.8,53.0,1,13078,13078,13078,7013,5442,10185,4344,2655,13551,21175,9194,8267,8286,1,14612,13889,6881,1,34:46,2018,2019
2018-19,1628964,Mo Bamba,Mo,1610612753,ORL,Orlando Magic,21800248,2018-11-20T00:00:00,ORL vs. TOR,L,51.5,7.1,0.0,0.0,7.1,21.4,10.7,28.6,42.9,0.0,0.0,0.0,7.1,58.9,1,13078,13078,13078,2160,3556,10185,10121,13212,19459,11470,24187,15698,8286,1,1,4186,4661,1,14:26,2018,2019
2018-19,202696,Nikola Vučević,Nikola,1610612753,ORL,Orlando Magic,21800248,2018-11-20T00:00:00,ORL vs. TOR,L,48.7,0.0,2.9,0.0,11.6,13.0,20.3,8.7,52.2,0.0,0.0,2.9,4.3,55.9,1,13078,13078,13078,7896,12104,8719,10121,8192,10637,21600,9425,9101,8286,1,10270,9421,5676,1,33:35,2018,2019
2018-19,1628371,Jonathan Isaac,Jonathan,1610612753,ORL,Orlando Magic,21800248,2018-11-20T00:00:00,ORL vs. TOR,L,50.2,0.0,10.0,0.0,10.0,15.0,15.0,25.0,50.0,0.0,2.5,2.5,7.5,37.5,1,13078,13078,13078,4211,12104,1364,10121,9823,12930,16737,23041,10251,8286,22375,8762,3800,14914,1,20:05,2018,2019
2018-19,203932,Aaron Gordon,Aaron,1610612753,ORL,Orlando Magic,21800248,2018-11-20T00:00:00,ORL vs. TOR,L,50.0,2.7,0.0,4.1,5.5,15.1,23.3,8.2,46.6,4.1,1.4,4.1,5.5,51.1,1,13078,13078,13078,4591,10872,10185,6495,15514,13058,23215,8946,13175,1640,18281,14244,7058,7720,1,36:31,2018,2019
2018-19,1626170,Jerian Grant,Jerian,1610612753,ORL,Orlando Magic,21800248,2018-11-20T00:00:00,ORL vs. TOR,L,49.7,4.5,0.0,0.0,4.5,13.6,11.4,22.7,50.0,0.0,0.0,0.0,0.0,29.3,1,13078,13078,13078,5162,7119,10185,10121,16723,11334,12379,22184,10251,8286,1,1,18923,19227,1,21:53,2018,2019
2018-19,1628411,Wes Iwundu,Wes,1610612753,ORL,Orlando Magic,21800248,2018-11-20T00:00:00,ORL vs. TOR,L,48.2,4.3,0.0,12.8,8.5,14.9,19.1,8.5,55.3,0.0,0.0,2.1,4.3,33.8,1,13078,13078,13078,9370,7658,10185,617,11550,12836,20741,9251,7119,8286,1,7789,9715,16898,1,22:39,2018,2019
2018-19,201571,D.J. Augustin,D.J.,1610612753,ORL,Orlando Magic,21800248,2018-11-20T00:00:00,ORL vs. TOR,L,49.3,0.0,0.0,0.0,3.8,17.0,22.6,7.5,49.1,0.0,1.9,0.0,5.7,28.1,1,13078,13078,13078,6266,12104,10185,10121,17657,15222,22936,8175,11391,8286,20838,1,6698,19810,1,26:07,2018,2019
2018-19,203613,Jonathon Simmons,Jonathon,1610612753,ORL,Orlando Magic,21800248,2018-11-20T00:00:00,ORL vs. TOR,L,48.7,0.0,0.0,0.0,0.0,30.0,0.0,30.0,30.0,5.0,5.0,0.0,0.0,22.0,1,13078,13078,13078,7871,12104,10185,10121,19484,23833,1,24517,22962,1072,25318,1,18923,22226,1,9:44,2018,2019
2018-19,203082,Terrence Ross,Terrence,1610612753,ORL,Orlando Magic,21800248,2018-11-20T00:00:00,ORL vs. TOR,L,49.4,0.0,4.9,0.0,4.9,9.8,12.2,24.4,48.8,0.0,2.4,2.4,0.0,13.9,1,13078,13078,13078,5950,12104,5384,10121,16337,7067,13455,22924,11557,8286,22222,8559,18923,24215,1,20:15,2018,2019
2018-19,1628411,Wes Iwundu,Wes,1610612753,ORL,Orlando Magic,21800236,2018-11-18T00:00:00,ORL vs. NYK,W,45.1,5.9,0.0,0.0,0.0,11.8,20.6,11.8,52.9,0.0,0.0,0.0,2.9,21.8,1,1,1,1,19261,5049,10185,10121,19484,9126,21779,12855,8601,8286,1,1,13449,22320,1,15:20,2018,2019
2018-19,1628964,Mo Bamba,Mo,1610612753,ORL,Orlando Magic,21800236,2018-11-18T00:00:00,ORL vs. NYK,W,45.5,5.6,5.6,0.0,11.1,11.1,11.1,5.6,50.0,2.8,0.0,8.3,2.8,31.7,1,1,1,1,18169,5490,4451,10121,8584,8361,11892,6053,10251,3186,1,22792,13963,18051,1,16:23,2018,2019
2018-19,202696,Nikola Vučević,Nikola,1610612753,ORL,Orlando Magic,21800236,2018-11-18T00:00:00,ORL vs. NYK,W,50.2,6.3,9.5,0.0,19.0,22.2,27.0,15.9,54.0,3.2,1.6,3.2,7.9,89.7,1,1,1,1,4258,4507,1556,10121,2901,20041,24388,17180,7981,2573,19600,11205,3305,371,1,31:37,2018,2019
2018-19,203613,Jonathon Simmons,Jonathon,1610612753,ORL,Orlando Magic,21800236,2018-11-18T00:00:00,ORL vs. NYK,W,47.8,8.3,0.0,0.0,12.5,12.5,20.8,10.4,50.0,0.0,2.1,4.2,6.3,38.8,1,1,1,1,10707,2511,10185,10121,7253,9872,21919,11367,10251,8286,21389,14339,5552,14247,1,22:56,2018,2019
2018-19,203082,Terrence Ross,Terrence,1610612753,ORL,Orlando Magic,21800236,2018-11-18T00:00:00,ORL vs. NYK,W,48.3,0.0,4.3,0.0,0.0,17.0,12.8,10.6,51.1,2.1,0.0,2.1,0.0,38.9,1,1,1,1,8937,12104,6232,10121,19484,15258,14173,11622,9846,4525,1,7789,18923,14137,1,22:43,2018,2019
2018-19,203932,Aaron Gordon,Aaron,1610612753,ORL,Orlando Magic,21800236,2018-11-18T00:00:00,ORL vs. NYK,W,49.9,3.4,3.4,5.1,30.5,23.7,28.8,11.9,57.6,0.0,0.0,5.1,6.8,58.0,1,1,1,1,4891,9330,7759,5059,459,21204,24809,13036,5835,8286,1,17062,4792,4976,1,29:26,2018,2019
2018-19,201571,D.J. Augustin,D.J.,1610612753,ORL,Orlando Magic,21800236,2018-11-18T00:00:00,ORL vs. NYK,W,48.5,0.0,5.3,5.3,0.0,17.5,29.8,12.3,56.1,0.0,0.0,8.8,5.3,42.3,1,1,1,1,8352,12104,4843,4753,19484,15802,24962,13501,6653,8286,1,23278,7418,12244,1,27:39,2018,2019
2018-19,1628371,Jonathan Isaac,Jonathan,1610612753,ORL,Orlando Magic,21800236,2018-11-18T00:00:00,ORL vs. NYK,W,48.0,0.0,8.0,0.0,20.0,16.0,12.0,16.0,44.0,2.0,0.0,2.0,10.0,68.6,1,1,1,1,9880,12104,2339,10121,2454,14106,13186,17273,15005,4810,1,7477,1578,2245,1,24:01,2018,2019
2018-19,1626170,Jerian Grant,Jerian,1610612753,ORL,Orlando Magic,21800236,2018-11-18T00:00:00,ORL vs. NYK,W,44.5,0.0,0.0,0.0,0.0,22.2,22.2,0.0,44.4,0.0,0.0,33.3,0.0,2.2,1,1,1,1,20834,12104,10185,10121,19484,20041,22628,1,14511,8286,1,26044,18923,25199,1,4:00,2018,2019
2018-19,1628515,Isaiah Briscoe,Isaiah,1610612753,ORL,Orlando Magic,21800236,2018-11-18T00:00:00,ORL vs. NYK,W,49.5,0.0,0.0,0.0,0.0,18.2,6.1,15.2,48.5,0.0,0.0,9.1,3.0,8.2,1,1,1,1,5583,12104,10185,10121,19484,16399,5860,16453,11808,8286,1,23450,13155,24889,1,16:21,2018,2019
2018-19,203095,Evan Fournier,Evan,1610612753,ORL,Orlando Magic,21800236,2018-11-18T00:00:00,ORL vs. NYK,W,50.1,5.1,0.0,3.4,16.9,23.7,28.8,11.9,57.6,1.7,0.0,5.1,5.1,60.7,1,1,1,1,4398,6304,10185,7718,3992,21204,24809,13036,5835,5771,1,17062,7884,4095,1,29:34,2018,2019
2018-19,1628964,Mo Bamba,Mo,1610612753,ORL,Orlando Magic,21800227,2018-11-17T00:00:00,ORL vs. LAL,W,46.6,6.3,0.0,0.0,12.5,25.0,21.9,0.0,31.3,3.1,0.0,9.4,6.3,39.7,1,1,1,1,14797,4572,10185,10121,7253,21732,22509,1,22514,2601,1,23734,5552,13727,1,14:54,2018,2019
2018-19,203932,Aaron Gordon,Aaron,1610612753,ORL,Orlando Magic,21800227,2018-11-17T00:00:00,ORL vs. LAL,W,44.5,3.0,3.0,6.1,9.1,6.1,15.2,19.7,63.6,0.0,1.5,1.5,3.0,43.5,1,1,1,1,20762,10128,8458,3844,10829,3950,16911,20383,3339,8286,19198,5909,13155,11583,1,29:22,2018,2019
2018-19,1628515,Isaiah Briscoe,Isaiah,1610612753,ORL,Orlando Magic,21800227,2018-11-17T00:00:00,ORL vs. LAL,W,34.7,0.0,0.0,0.0,0.0,40.0,0.0,0.0,80.0,0.0,0.0,0.0,0.0,60.0,1,1,1,1,25928,12104,10185,10121,19484,25353,1,1,615,8286,1,1,18923,4273,1,1:44,2018,2019
2018-19,203920,Khem Birch,Khem,1610612753,ORL,Orlando Magic,21800227,2018-11-17T00:00:00,ORL vs. LAL,W,34.7,0.0,0.0,0.0,0.0,40.0,0.0,0.0,80.0,0.0,0.0,20.0,0.0,0.0,1,1,1,1,25928,12104,10185,10121,19484,25353,1,1,615,8286,1,25834,18923,25271,1,1:44,2018,2019
2018-19,1626170,Jerian Grant,Jerian,1610612753,ORL,Orlando Magic,21800227,2018-11-17T00:00:00,ORL vs. LAL,W,45.8,0.0,0.0,0.0,0.0,23.8,16.7,0.0,33.3,0.0,2.4,0.0,2.4,28.3,1,1,1,1,17319,12104,10185,10121,19484,21225,18356,1,21413,8286,22092,1,15272,19684,1,19:14,2018,2019
2018-19,1628371,Jonathan Isaac,Jonathan,1610612753,ORL,Orlando Magic,21800227,2018-11-17T00:00:00,ORL vs. LAL,W,48.3,0.0,0.0,0.0,5.7,22.9,20.0,0.0,28.6,14.3,0.0,2.9,2.9,78.6,1,1,1,1,9094,12104,10185,10121,15115,20613,21213,1,23342,43,1,10063,13694,981,1,16:54,2018,2019
2018-19,1626185,Jarell Martin,Jarell,1610612753,ORL,Orlando Magic,21800227,2018-11-17T00:00:00,ORL vs. LAL,W,34.7,0.0,0.0,0.0,0.0,40.0,0.0,0.0,80.0,0.0,0.0,0.0,0.0,64.0,1,1,1,1,25928,12104,10185,10121,19484,25353,1,1,615,8286,1,1,18923,3221,1,1:44,2018,2019
2018-19,202696,Nikola Vučević,Nikola,1610612753,ORL,Orlando Magic,21800227,2018-11-17T00:00:00,ORL vs. LAL,W,44.8,5.7,8.6,0.0,34.3,5.7,14.3,18.6,60.0,0.0,1.4,1.4,5.7,78.0,1,1,1,1,20013,5287,2012,10121,242,3746,15801,19580,4604,8286,18654,5582,6579,1028,1,31:22,2018,2019
2018-19,203613,Jonathon Simmons,Jonathon,1610612753,ORL,Orlando Magic,21800227,2018-11-17T00:00:00,ORL vs. LAL,W,45.7,3.5,3.5,7.0,14.0,14.0,15.8,3.5,45.6,0.0,1.8,3.5,3.5,47.4,1,1,1,1,17608,9088,7538,2943,6070,11811,17618,4358,13847,8286,20353,12245,11769,9539,1,26:03,2018,2019
2018-19,203095,Evan Fournier,Evan,1610612753,ORL,Orlando Magic,21800227,2018-11-17T00:00:00,ORL vs. LAL,W,45.3,4.1,5.4,0.0,13.5,9.5,16.2,17.6,62.2,0.0,1.4,5.4,5.4,36.5,1,1,1,1,18758,8063,4680,10121,6490,6791,18061,18711,3859,8286,18141,17846,7179,15514,1,33:31,2018,2019
2018-19,1628411,Wes Iwundu,Wes,1610612753,ORL,Orlando Magic,21800227,2018-11-17T00:00:00,ORL vs. LAL,W,44.6,0.0,0.0,0.0,0.0,13.3,17.8,24.4,66.7,4.4,0.0,6.7,0.0,14.4,1,1,1,1,20620,12104,10185,10121,19484,10924,19582,22946,2265,1409,1,20553,18923,24127,1,20:03,2018,2019
2018-19,201571,D.J. Augustin,D.J.,1610612753,ORL,Orlando Magic,21800227,2018-11-17T00:00:00,ORL vs. LAL,W,45.2,10.0,0.0,0.0,13.3,6.7,13.3,21.7,66.7,0.0,1.7,3.3,5.0,52.8,1,1,1,1,19025,1532,10185,10121,6546,4359,14755,21620,2265,8286,19991,11674,7979,6948,1,27:07,2018,2019
2018-19,203082,Terrence Ross,Terrence,1610612753,ORL,Orlando Magic,21800227,2018-11-17T00:00:00,ORL vs. LAL,W,49.4,0.0,0.0,18.2,0.0,15.2,21.2,0.0,24.2,0.0,0.0,15.2,3.0,40.6,1,1,1,1,5964,12104,10185,168,19484,13125,22157,1,24460,8286,1,25539,13155,13189,1,16:18,2018,2019
2018-19,201571,D.J. Augustin,D.J.,1610612753,ORL,Orlando Magic,21800202,2018-11-14T00:00:00,ORL vs. PHI,W,48.7,3.1,0.0,3.1,3.1,17.2,9.4,6.3,34.4,0.0,0.0,1.6,6.3,27.3,1,1,1,1,7825,9918,10185,8228,18584,15432,9735,6704,21078,8286,1,6091,5552,20155,1,31:10,2018,2019
2018-19,1628411,Wes Iwundu,Wes,1610612753,ORL,Orlando Magic,21800202,2018-11-14T00:00:00,ORL vs. PHI,W,48.0,10.3,0.0,5.1,0.0,20.5,15.4,10.3,46.2,0.0,2.6,0.0,2.6,46.7,1,1,1,1,9828,1460,10185,4970,19484,18787,17095,11179,13377,8286,22538,1,14709,9875,1,18:44,2018,2019
2018-19,1628371,Jonathan Isaac,Jonathan,1610612753,ORL,Orlando Magic,21800202,2018-11-14T00:00:00,ORL vs. PHI,W,47.7,0.0,5.9,0.0,5.9,20.6,20.6,8.8,29.4,5.9,0.0,0.0,2.9,54.1,1,1,1,1,10809,12104,4093,10121,14876,18850,21779,9590,23170,700,1,1,13449,6418,1,16:14,2018,2019
2018-19,202696,Nikola Vučević,Nikola,1610612753,ORL,Orlando Magic,21800202,2018-11-14T00:00:00,ORL vs. PHI,W,48.5,7.4,0.0,2.5,14.8,19.8,11.1,8.6,32.1,0.0,0.0,1.2,8.6,62.5,1,1,1,1,8287,3338,10185,9586,5426,18085,11892,9414,22224,8286,1,4991,2613,3634,1,39:19,2018,2019
2018-19,203932,Aaron Gordon,Aaron,1610612753,ORL,Orlando Magic,21800202,2018-11-14T00:00:00,ORL vs. PHI,W,48.1,3.0,4.5,3.0,15.2,16.7,9.1,6.1,42.4,3.0,0.0,6.1,4.5,62.4,1,1,1,1,9551,10128,5814,8411,5212,14686,9262,6545,16061,2745,1,19419,8971,3646,1,31:46,2018,2019
2018-19,203082,Terrence Ross,Terrence,1610612753,ORL,Orlando Magic,21800202,2018-11-14T00:00:00,ORL vs. PHI,W,50.2,4.8,0.0,4.8,0.0,16.1,11.3,4.8,32.3,0.0,0.0,1.6,0.0,39.8,1,1,1,1,4265,6709,10185,5401,19484,14255,12279,5401,22130,8286,1,6276,18923,13652,1,31:07,2018,2019
2018-19,203613,Jonathon Simmons,Jonathon,1610612753,ORL,Orlando Magic,21800202,2018-11-14T00:00:00,ORL vs. PHI,W,47.7,10.3,0.0,0.0,0.0,25.6,17.9,7.7,30.8,0.0,0.0,12.8,7.7,35.1,1,1,1,1,11094,1460,10185,10121,19484,22253,19722,8268,22653,8286,1,25173,3498,16223,1,18:35,2018,2019
2018-19,1628964,Mo Bamba,Mo,1610612753,ORL,Orlando Magic,21800202,2018-11-14T00:00:00,ORL vs. PHI,W,48.3,0.0,0.0,11.1,11.1,11.1,22.2,0.0,66.7,0.0,0.0,11.1,0.0,48.9,1,1,1,1,9134,12104,10185,905,8584,8361,22628,1,2265,8286,1,24564,18923,8788,1,8:41,2018,2019
2018-19,1626170,Jerian Grant,Jerian,1610612753,ORL,Orlando Magic,21800202,2018-11-14T00:00:00,ORL vs. PHI,W,50.7,0.0,0.0,0.0,6.1,21.2,21.2,9.1,48.5,0.0,0.0,9.1,3.0,30.3,1,1,1,1,3369,12104,10185,10121,14629,19321,22157,9806,11808,8286,1,23450,13155,18715,1,16:43,2018,2019
2018-19,203095,Evan Fournier,Evan,1610612753,ORL,Orlando Magic,21800202,2018-11-14T00:00:00,ORL vs. PHI,W,47.7,8.6,0.0,0.0,10.3,13.8,10.3,6.9,44.8,0.0,3.4,6.9,1.7,16.9,1,1,1,1,10870,2370,10185,10121,9505,11533,11010,7440,14384,8286,24160,21040,17196,23598,1,27:41,2018,2019
2018-19,203082,Terrence Ross,Terrence,1610612753,ORL,Orlando Magic,21800190,2018-11-12T00:00:00,ORL @ WAS,L,49.7,4.0,0.0,0.0,0.0,16.0,16.0,14.0,44.0,2.0,0.0,8.0,2.0,59.2,1,13078,13078,13078,5186,8107,10185,10121,19484,14106,17803,15343,15005,4810,1,22536,16285,4570,1,24:52,2018,2019
2018-19,1628964,Mo Bamba,Mo,1610612753,ORL,Orlando Magic,21800190,2018-11-12T00:00:00,ORL @ WAS,L,58.5,0.0,0.0,0.0,0.0,10.5,21.1,10.5,31.6,5.3,0.0,26.3,0.0,23.7,1,13078,13078,13078,94,12104,10185,10121,19484,7788,22028,11446,22366,954,1,26014,18923,21665,1,11:07,2018,2019
2018-19,203932,Aaron Gordon,Aaron,1610612753,ORL,Orlando Magic,21800190,2018-11-12T00:00:00,ORL @ WAS,L,46.4,0.0,5.6,2.8,16.7,15.3,12.5,13.9,50.0,2.8,0.0,1.4,4.2,61.8,1,13078,13078,13078,15493,12104,4451,8958,4075,13282,13682,15219,10251,3186,1,5456,9906,3798,1,33:23,2018,2019
2018-19,203613,Jonathon Simmons,Jonathon,1610612753,ORL,Orlando Magic,21800190,2018-11-12T00:00:00,ORL @ WAS,L,49.5,0.0,5.6,0.0,3.7,22.2,11.1,18.5,40.7,3.7,3.7,1.9,9.3,27.0,1,13078,13078,13078,5743,12104,4451,10121,17746,20041,11892,19501,17281,1968,24442,7051,2099,20278,1,26:43,2018,2019
2018-19,1626185,Jarell Martin,Jarell,1610612753,ORL,Orlando Magic,21800190,2018-11-12T00:00:00,ORL @ WAS,L,54.1,0.0,7.4,0.0,7.4,22.2,14.8,18.5,37.0,0.0,3.7,7.4,0.0,14.4,1,13078,13078,13078,538,12104,2757,10121,12872,20041,16533,19501,19666,8286,24442,21792,18923,24127,1,14:37,2018,2019
2018-19,1626170,Jerian Grant,Jerian,1610612753,ORL,Orlando Magic,21800190,2018-11-12T00:00:00,ORL @ WAS,L,52.0,0.0,0.0,0.0,0.0,21.9,12.5,18.8,31.3,0.0,0.0,6.3,3.1,36.6,1,13078,13078,13078,1617,12104,10185,10121,19484,19854,13682,19668,22514,8286,1,19742,12872,15474,1,16:39,2018,2019
2018-19,201571,D.J. Augustin,D.J.,1610612753,ORL,Orlando Magic,21800190,2018-11-12T00:00:00,ORL @ WAS,L,47.5,4.5,0.0,4.5,6.1,15.2,13.6,13.6,54.5,0.0,0.0,4.5,4.5,32.1,1,13078,13078,13078,11619,7119,10185,5783,14629,13125,15188,14919,7496,8286,1,15477,8971,17788,1,31:21,2018,2019
2018-19,1628411,Wes Iwundu,Wes,1610612753,ORL,Orlando Magic,21800190,2018-11-12T00:00:00,ORL @ WAS,L,46.1,0.0,9.1,0.0,6.1,15.2,15.2,9.1,54.5,0.0,3.0,6.1,6.1,46.1,1,13078,13078,13078,16465,12104,1723,10121,14629,13125,16911,9806,7496,8286,23561,19419,5930,10190,1,15:12,2018,2019
2018-19,203920,Khem Birch,Khem,1610612753,ORL,Orlando Magic,21800190,2018-11-12T00:00:00,ORL @ WAS,L,53.7,0.0,0.0,0.0,0.0,44.4,0.0,33.3,22.2,0.0,0.0,22.2,0.0,0.0,1,13078,13078,13078,676,12104,10185,10121,19484,25625,1,24982,24685,8286,1,25923,18923,25271,1,4:50,2018,2019
2018-19,203095,Evan Fournier,Evan,1610612753,ORL,Orlando Magic,21800190,2018-11-12T00:00:00,ORL @ WAS,L,46.4,9.5,0.0,0.0,9.5,14.3,11.1,15.9,47.6,0.0,1.6,6.3,3.2,50.6,1,13078,13078,13078,15455,1789,10185,10121,10380,11954,11892,17180,12396,8286,19600,20052,12755,7941,1,29:13,2018,2019
2018-19,202696,Nikola Vučević,Nikola,1610612753,ORL,Orlando Magic,21800190,2018-11-12T00:00:00,ORL @ WAS,L,45.8,2.9,8.6,0.0,14.3,15.7,12.9,14.3,54.3,0.0,2.9,2.9,0.0,51.0,1,13078,13078,13078,17335,10559,2012,10121,5765,13806,14294,15487,7789,8286,23255,10063,18923,7765,1,32:03,2018,2019
2018-19,203095,Evan Fournier,Evan,1610612753,ORL,Orlando Magic,21800186,2018-11-11T00:00:00,ORL @ NYK,W,45.2,11.9,0.0,11.9,14.3,4.8,4.8,16.7,33.3,0.0,4.8,4.8,2.4,55.7,1,1,1,1,18908,921,10185,766,5765,3234,4558,17785,21413,8286,25227,16069,15272,5758,1,19:00,2018,2019
2018-19,201571,D.J. Augustin,D.J.,1610612753,ORL,Orlando Magic,21800186,2018-11-11T00:00:00,ORL @ NYK,W,47.4,6.0,0.0,6.0,0.0,4.0,8.0,14.0,52.0,0.0,2.0,0.0,4.0,44.8,1,1,1,1,12009,4955,10185,3942,19484,2884,7950,15343,9241,8286,21175,1,10365,10850,1,23:42,2018,2019
2018-19,203613,Jonathon Simmons,Jonathon,1610612753,ORL,Orlando Magic,21800186,2018-11-11T00:00:00,ORL @ NYK,W,45.6,3.3,3.3,0.0,9.8,9.8,24.6,0.0,45.9,3.3,4.9,1.6,6.6,44.1,1,1,1,1,17927,9574,7962,10121,10087,7158,23681,1,13669,2453,25305,6374,5173,11228,1,27:49,2018,2019
2018-19,1626170,Jerian Grant,Jerian,1610612753,ORL,Orlando Magic,21800186,2018-11-11T00:00:00,ORL @ NYK,W,44.8,0.0,0.0,0.0,0.0,15.9,25.4,0.0,34.9,0.0,1.6,3.2,0.0,40.3,1,1,1,1,19994,12104,10185,10121,19484,13982,23970,1,20823,8286,19600,11205,18923,13347,1,28:14,2018,2019
2018-19,1628411,Wes Iwundu,Wes,1610612753,ORL,Orlando Magic,21800186,2018-11-11T00:00:00,ORL @ NYK,W,45.2,0.0,0.0,0.0,5.7,11.4,25.7,10.0,34.3,1.4,1.4,4.3,2.9,29.4,1,1,1,1,19036,12104,10185,10121,15115,8769,24062,10811,21116,6941,18654,14823,13694,19168,1,31:38,2018,2019
2018-19,202696,Nikola Vučević,Nikola,1610612753,ORL,Orlando Magic,21800186,2018-11-11T00:00:00,ORL @ NYK,W,47.1,3.6,7.1,0.0,32.1,7.1,7.1,12.5,50.0,1.8,5.4,1.8,8.9,77.3,1,1,1,1,13146,8979,2937,10121,356,4717,6932,13623,10251,5444,25485,6858,2405,1086,1,26:21,2018,2019
2018-19,1626185,Jarell Martin,Jarell,1610612753,ORL,Orlando Magic,21800186,2018-11-11T00:00:00,ORL @ NYK,W,47.4,3.4,0.0,0.0,3.4,3.4,6.9,12.1,48.3,1.7,1.7,3.4,3.4,47.8,1,1,1,1,11868,9215,10185,10121,18120,2676,6690,13273,11950,5664,20230,12015,11895,9360,1,27:31,2018,2019
2018-19,1628964,Mo Bamba,Mo,1610612753,ORL,Orlando Magic,21800186,2018-11-11T00:00:00,ORL @ NYK,W,44.1,0.0,0.0,0.0,15.0,5.0,32.5,0.0,30.0,5.0,2.5,10.0,7.5,76.5,1,1,1,1,21554,12104,10185,10121,5305,3361,25287,1,22962,1072,22375,24032,3800,1170,1,17:39,2018,2019
2018-19,203920,Khem Birch,Khem,1610612753,ORL,Orlando Magic,21800186,2018-11-11T00:00:00,ORL @ NYK,W,43.6,16.7,33.3,0.0,33.3,33.3,25.0,0.0,16.7,0.0,8.3,8.3,0.0,129.2,1,1,1,1,22500,278,38,10121,258,24508,23708,1,25291,8286,25897,22792,18923,42,1,5:14,2018,2019
2018-19,1628982,Melvin Frazier Jr.,Melvin,1610612753,ORL,Orlando Magic,21800186,2018-11-11T00:00:00,ORL @ NYK,W,43.6,0.0,0.0,0.0,0.0,33.3,25.0,0.0,16.7,0.0,0.0,0.0,8.3,-8.3,1,1,1,1,22500,12104,10185,10121,19484,24508,23708,1,25291,8286,1,1,2804,26019,1,5:14,2018,2019
2018-19,1628515,Isaiah Briscoe,Isaiah,1610612753,ORL,Orlando Magic,21800186,2018-11-11T00:00:00,ORL @ NYK,W,43.6,0.0,0.0,0.0,0.0,33.3,25.0,0.0,16.7,0.0,0.0,8.3,0.0,10.0,1,1,1,1,22500,12104,10185,10121,19484,24508,23708,1,25291,8286,1,22792,18923,24703,1,5:14,2018,2019
2018-19,203082,Terrence Ross,Terrence,1610612753,ORL,Orlando Magic,21800186,2018-11-11T00:00:00,ORL @ NYK,W,46.7,12.5,0.0,12.5,0.0,4.2,31.3,0.0,45.8,4.2,2.1,8.3,2.1,70.6,1,1,1,1,14443,774,10185,646,19484,2974,25160,1,13710,1565,21389,22792,16070,1917,1,22:24,2018,2019
2018-19,203095,Evan Fournier,Evan,1610612753,ORL,Orlando Magic,21800167,2018-11-09T00:00:00,ORL vs. WAS,W,49.6,6.8,0.0,2.7,8.1,17.6,13.5,13.5,54.1,1.4,0.0,2.7,1.4,47.0,1,1,1,1,5466,4008,10185,9118,12049,15842,15059,14811,7905,7330,1,9489,18534,9718,1,36:42,2018,2019
2018-19,203082,Terrence Ross,Terrence,1610612753,ORL,Orlando Magic,21800167,2018-11-09T00:00:00,ORL vs. WAS,W,47.2,0.0,0.0,3.2,3.2,19.0,7.9,22.2,57.1,0.0,0.0,3.2,1.6,42.7,1,1,1,1,12656,12104,10185,8134,18504,17341,7920,21828,5939,8286,1,11205,17718,12010,1,29:44,2018,2019
2018-19,1626170,Jerian Grant,Jerian,1610612753,ORL,Orlando Magic,21800167,2018-11-09T00:00:00,ORL vs. WAS,W,48.8,10.6,6.4,4.3,8.5,14.9,12.8,17.0,55.3,2.1,0.0,4.3,2.1,52.3,1,1,1,1,7523,1323,3645,6239,11550,12836,14173,18276,7119,4525,1,14711,15945,7150,1,22:56,2018,2019
2018-19,1628964,Mo Bamba,Mo,1610612753,ORL,Orlando Magic,21800167,2018-11-09T00:00:00,ORL vs. WAS,W,48.2,5.6,11.1,0.0,16.7,13.9,11.1,22.2,66.7,5.6,2.8,13.9,0.0,74.7,1,1,1,1,9221,5490,1046,10121,4075,11651,11892,21828,2265,822,23085,25362,18923,1369,1,17:22,2018,2019
2018-19,202696,Nikola Vučević,Nikola,1610612753,ORL,Orlando Magic,21800167,2018-11-09T00:00:00,ORL vs. WAS,W,47.9,3.1,6.3,0.0,18.8,20.3,9.4,15.6,43.8,3.1,0.0,3.1,3.1,77.0,1,1,1,1,10427,9918,3724,10121,3049,18635,9735,16934,15154,2601,1,10984,12872,1117,1,30:38,2018,2019
2018-19,201571,D.J. Augustin,D.J.,1610612753,ORL,Orlando Magic,21800167,2018-11-09T00:00:00,ORL vs. WAS,W,46.4,9.3,5.6,0.0,0.0,20.4,7.4,18.5,48.1,0.0,0.0,0.0,7.4,37.8,1,1,1,1,15305,1963,4451,10121,19484,18692,7281,19501,12060,8286,1,1,3894,14782,1,25:04,2018,2019
2018-19,203932,Aaron Gordon,Aaron,1610612753,ORL,Orlando Magic,21800167,2018-11-09T00:00:00,ORL vs. WAS,W,48.7,4.6,0.0,0.0,4.6,18.4,11.5,20.7,55.2,0.0,0.0,0.0,6.9,39.5,1,1,1,1,7899,7110,10185,10121,16716,16750,12560,21049,7182,8286,1,1,4592,13815,1,42:20,2018,2019
2018-19,1628411,Wes Iwundu,Wes,1610612753,ORL,Orlando Magic,21800167,2018-11-09T00:00:00,ORL vs. WAS,W,50.3,6.9,6.9,6.9,6.9,20.7,10.3,13.8,55.2,0.0,0.0,6.9,3.4,19.7,1,1,1,1,3937,3822,3155,3024,13519,18907,11010,15102,7182,8286,1,21040,11895,22959,1,14:36,2018,2019
2018-19,203613,Jonathon Simmons,Jonathon,1610612753,ORL,Orlando Magic,21800167,2018-11-09T00:00:00,ORL vs. WAS,W,44.0,11.8,0.0,5.9,11.8,14.7,5.9,23.5,35.3,0.0,5.9,5.9,2.9,30.0,1,1,1,1,21739,955,10185,4021,7934,12611,5638,22548,20574,8286,25614,18925,13449,18783,1,14:58,2018,2019
2018-19,1626185,Jarell Martin,Jarell,1610612753,ORL,Orlando Magic,21800167,2018-11-09T00:00:00,ORL vs. WAS,W,43.6,0.0,0.0,0.0,0.0,15.4,0.0,0.0,30.8,0.0,0.0,7.7,7.7,-7.7,1,1,1,1,22541,12104,10185,10121,19484,13323,1,1,22653,8286,1,22104,3498,26013,1,5:40,2018,2019
2018-19,203613,Jonathon Simmons,Jonathon,1610612753,ORL,Orlando Magic,21800154,2018-11-07T00:00:00,ORL vs. DET,L,43.7,0.0,4.4,0.0,0.0,42.2,20.0,40.0,53.3,0.0,0.0,0.0,4.4,17.3,1,13078,13078,13078,22394,12104,5993,10121,19484,25515,21213,25628,8298,8286,1,1,9278,23508,1,19:39,2018,2019
2018-19,1628964,Mo Bamba,Mo,1610612753,ORL,Orlando Magic,21800154,2018-11-07T00:00:00,ORL vs. DET,L,43.8,0.0,0.0,0.0,6.5,41.9,22.6,45.2,51.6,6.5,0.0,6.5,0.0,23.9,1,13078,13078,13078,22222,12104,10185,10121,14089,25503,22906,25861,9475,551,1,20222,18923,21597,1,13:34,2018,2019
2018-19,203932,Aaron Gordon,Aaron,1610612753,ORL,Orlando Magic,21800154,2018-11-07T00:00:00,ORL vs. DET,L,46.8,3.3,0.0,6.7,20.0,25.0,10.0,18.3,43.3,1.7,1.7,8.3,5.0,73.3,1,13078,13078,13078,14093,9439,10185,3218,2454,21732,10444,19368,15442,5885,19991,22792,7979,1532,1,28:04,2018,2019
2018-19,1626170,Jerian Grant,Jerian,1610612753,ORL,Orlando Magic,21800154,2018-11-07T00:00:00,ORL vs. DET,L,43.6,0.0,0.0,0.0,0.0,43.6,17.9,41.0,56.4,0.0,0.0,2.6,5.1,36.4,1,13078,13078,13078,22468,12104,10185,10121,19484,25598,19722,25715,6488,8286,1,8971,7755,15556,1,17:01,2018,2019
2018-19,203082,Terrence Ross,Terrence,1610612753,ORL,Orlando Magic,21800154,2018-11-07T00:00:00,ORL vs. DET,L,43.7,0.0,9.5,0.0,3.2,33.3,19.0,25.4,54.0,1.6,0.0,0.0,1.6,36.2,1,13078,13078,13078,22292,12104,1556,10121,18504,24508,20637,23326,7981,6189,1,1,17718,15667,1,27:33,2018,2019
2018-19,203095,Evan Fournier,Evan,1610612753,ORL,Orlando Magic,21800154,2018-11-07T00:00:00,ORL vs. DET,L,47.7,9.2,4.6,6.2,24.6,20.0,7.7,9.2,43.1,1.5,0.0,3.1,6.2,70.0,1,13078,13078,13078,10912,1982,5768,3768,1223,18113,7588,10046,15632,6409,1,10883,5808,1987,1,31:01,2018,2019
2018-19,1628411,Wes Iwundu,Wes,1610612753,ORL,Orlando Magic,21800154,2018-11-07T00:00:00,ORL vs. DET,L,48.1,5.4,0.0,5.4,10.8,18.9,5.4,10.8,37.8,0.0,0.0,5.4,0.0,18.9,1,13078,13078,13078,9761,5753,10185,4589,8967,17233,5157,11792,19209,8286,1,17846,18923,23142,1,17:47,2018,2019
2018-19,1626185,Jarell Martin,Jarell,1610612753,ORL,Orlando Magic,21800154,2018-11-07T00:00:00,ORL vs. DET,L,45.3,0.0,0.0,0.0,0.0,34.1,18.2,25.0,54.5,4.5,0.0,4.5,0.0,25.9,1,13078,13078,13078,18731,12104,10185,10121,19484,24769,19859,23041,7496,1322,1,15477,18923,20746,1,19:56,2018,2019
2018-19,201571,D.J. Augustin,D.J.,1610612753,ORL,Orlando Magic,21800154,2018-11-07T00:00:00,ORL vs. DET,L,46.9,7.6,0.0,4.5,9.1,19.7,10.6,9.1,42.4,0.0,0.0,0.0,3.0,45.6,1,13078,13078,13078,13531,3207,10185,5783,10829,18009,11362,9806,16061,8286,1,1,13155,10419,1,30:59,2018,2019
2018-19,202696,Nikola Vučević,Nikola,1610612753,ORL,Orlando Magic,21800154,2018-11-07T00:00:00,ORL vs. DET,L,47.2,0.0,0.0,0.0,8.2,23.3,9.6,11.0,46.6,1.4,0.0,6.8,1.4,40.8,1,13078,13078,13078,12739,12104,10185,10121,11900,20925,10054,12002,13175,7237,1,21011,18475,13063,1,34:26,2018,2019
2018-19,202696,Nikola Vučević,Nikola,1610612753,ORL,Orlando Magic,21800142,2018-11-05T00:00:00,ORL vs. CLE,W,50.8,3.8,7.5,0.0,15.1,18.9,11.3,11.3,60.4,3.8,0.0,0.0,1.9,65.1,1,1,1,1,3079,8565,2672,10121,5259,17186,12320,12407,4528,1932,1,1,16605,2974,1,26:57,2018,2019
2018-19,203932,Aaron Gordon,Aaron,1610612753,ORL,Orlando Magic,21800142,2018-11-05T00:00:00,ORL vs. CLE,W,50.7,3.0,12.1,3.0,12.1,15.2,12.1,9.1,54.5,0.0,1.5,4.5,3.0,56.5,1,1,1,1,3328,10128,840,8411,7645,13125,13342,9806,7496,8286,19198,15477,13155,5461,1,33:27,2018,2019
2018-19,203095,Evan Fournier,Evan,1610612753,ORL,Orlando Magic,21800142,2018-11-05T00:00:00,ORL vs. CLE,W,51.6,1.6,0.0,6.5,3.2,16.1,9.7,9.7,61.3,1.6,0.0,6.5,3.2,54.4,1,1,1,1,2113,11951,10185,3462,18421,14255,10133,10517,4166,6085,1,20222,12535,6326,1,31:58,2018,2019
2018-19,1626170,Jerian Grant,Jerian,1610612753,ORL,Orlando Magic,21800142,2018-11-05T00:00:00,ORL vs. CLE,W,49.1,7.0,0.0,7.0,4.7,4.7,9.3,11.6,32.6,0.0,0.0,2.3,2.3,54.9,1,1,1,1,6725,3765,10185,2970,16601,3178,9646,12752,22027,8286,1,8264,15414,6107,1,21:06,2018,2019
2018-19,1628964,Mo Bamba,Mo,1610612753,ORL,Orlando Magic,21800142,2018-11-05T00:00:00,ORL vs. CLE,W,49.0,0.0,4.7,0.0,14.0,4.7,9.3,11.6,27.9,2.3,0.0,4.7,2.3,48.1,1,1,1,1,7054,12104,5699,10121,6117,3178,9646,12752,23627,4100,1,15840,15414,9173,1,21:03,2018,2019
2018-19,201571,D.J. Augustin,D.J.,1610612753,ORL,Orlando Magic,21800142,2018-11-05T00:00:00,ORL vs. CLE,W,50.2,3.8,0.0,5.7,0.0,18.9,11.3,11.3,56.6,0.0,0.0,1.9,7.5,34.3,1,1,1,1,4164,8565,10185,4307,19484,17186,12320,12407,6414,8286,1,7153,3763,16629,1,26:37,2018,2019
2018-19,203082,Terrence Ross,Terrence,1610612753,ORL,Orlando Magic,21800142,2018-11-05T00:00:00,ORL vs. CLE,W,46.4,4.6,4.6,4.6,0.0,3.1,9.2,7.7,21.5,0.0,0.0,0.0,0.0,29.1,1,1,1,1,15254,7059,5768,5731,19484,2563,9570,8268,24869,8286,1,1,18923,19335,1,30:11,2018,2019
2018-19,203613,Jonathon Simmons,Jonathon,1610612753,ORL,Orlando Magic,21800142,2018-11-05T00:00:00,ORL vs. CLE,W,47.1,4.4,0.0,8.9,17.8,13.3,8.9,15.6,31.1,2.2,2.2,4.4,6.7,38.2,1,1,1,1,12822,7335,10185,1760,3562,10924,9088,16882,22568,4311,21710,15254,4889,14545,1,21:13,2018,2019
2018-19,1626185,Jarell Martin,Jarell,1610612753,ORL,Orlando Magic,21800142,2018-11-05T00:00:00,ORL vs. CLE,W,46.9,0.0,0.0,0.0,0.0,6.5,6.5,16.1,25.8,0.0,0.0,6.5,6.5,21.6,1,1,1,1,13562,12104,10185,10121,19484,4222,6222,17403,24103,8286,1,20222,5298,22371,1,14:33,2018,2019
2018-19,1628411,Wes Iwundu,Wes,1610612753,ORL,Orlando Magic,21800142,2018-11-05T00:00:00,ORL vs. CLE,W,53.8,8.3,0.0,8.3,8.3,25.0,16.7,16.7,91.7,0.0,0.0,4.2,4.2,21.7,1,1,1,1,630,2511,10185,2025,11678,21732,18356,17785,285,8286,1,14339,9906,22340,1,12:55,2018,2019
2018-19,203613,Jonathon Simmons,Jonathon,1610612753,ORL,Orlando Magic,21800137,2018-11-04T00:00:00,ORL @ SAS,W,47.3,0.0,0.0,0.0,0.0,13.2,21.1,0.0,26.3,2.6,0.0,5.3,0.0,27.4,1,1,1,1,12254,12104,10185,10121,19484,10766,22028,1,24006,3476,1,17409,18923,20144,1,17:59,2018,2019
2018-19,201571,D.J. Augustin,D.J.,1610612753,ORL,Orlando Magic,21800137,2018-11-04T00:00:00,ORL @ SAS,W,51.6,3.2,0.0,6.3,6.3,9.5,20.6,0.0,19.0,0.0,1.6,4.8,11.1,53.2,1,1,1,1,2034,9804,10185,3594,14291,6817,21819,1,25123,8286,19600,16069,1043,6799,1,32:31,2018,2019
2018-19,202696,Nikola Vučević,Nikola,1610612753,ORL,Orlando Magic,21800137,2018-11-04T00:00:00,ORL @ SAS,W,51.5,0.0,0.0,0.0,9.5,9.5,15.9,1.6,19.0,1.6,1.6,1.6,4.8,52.5,1,1,1,1,2142,12104,10185,10121,10380,6817,17729,3619,25123,6189,19600,6180,8493,7060,1,32:28,2018,2019
2018-19,1626185,Jarell Martin,Jarell,1610612753,ORL,Orlando Magic,21800137,2018-11-04T00:00:00,ORL @ SAS,W,45.2,0.0,0.0,33.3,13.3,0.0,13.3,0.0,26.7,0.0,0.0,13.3,13.3,42.7,1,1,1,1,18959,12104,10185,16,6546,1,14755,1,23890,8286,1,25248,461,12022,1,6:47,2018,2019
2018-19,203082,Terrence Ross,Terrence,1610612753,ORL,Orlando Magic,21800137,2018-11-04T00:00:00,ORL @ SAS,W,46.2,2.9,0.0,0.0,0.0,16.2,23.5,1.5,26.5,0.0,0.0,4.4,2.9,39.1,1,1,1,1,16106,10363,10185,10121,19484,14326,23293,3607,23985,8286,1,15168,13449,14049,1,31:24,2018,2019
2018-19,203932,Aaron Gordon,Aaron,1610612753,ORL,Orlando Magic,21800137,2018-11-04T00:00:00,ORL @ SAS,W,50.3,7.3,8.5,2.4,17.1,13.4,19.5,1.2,22.0,0.0,2.4,3.7,3.7,45.9,1,1,1,1,4078,3449,2043,9631,3940,11117,21017,3595,24830,8286,22222,12753,11406,10282,1,41:13,2018,2019
2018-19,203095,Evan Fournier,Evan,1610612753,ORL,Orlando Magic,21800137,2018-11-04T00:00:00,ORL @ SAS,W,51.2,7.8,0.0,4.7,15.6,9.4,15.6,1.6,18.8,0.0,0.0,1.6,3.1,52.7,1,1,1,1,2576,2999,10185,5595,4869,6709,17453,3618,25143,8286,1,6091,12872,7022,1,32:46,2018,2019
2018-19,1628964,Mo Bamba,Mo,1610612753,ORL,Orlando Magic,21800137,2018-11-04T00:00:00,ORL @ SAS,W,44.4,11.4,17.1,5.7,34.3,14.3,22.9,0.0,28.6,2.9,2.9,11.4,0.0,84.9,1,1,1,1,21020,1074,289,4214,242,11954,23017,1,23342,3044,23255,24781,18923,563,1,15:32,2018,2019
2018-19,1626170,Jerian Grant,Jerian,1610612753,ORL,Orlando Magic,21800137,2018-11-04T00:00:00,ORL @ SAS,W,45.5,8.8,5.9,0.0,0.0,14.7,14.7,2.9,29.4,0.0,0.0,2.9,2.9,61.5,1,1,1,1,18087,2226,4093,10121,19484,12611,16439,3967,23170,8286,1,10377,13449,3871,1,15:29,2018,2019
2018-19,1628411,Wes Iwundu,Wes,1610612753,ORL,Orlando Magic,21800137,2018-11-04T00:00:00,ORL @ SAS,W,53.3,0.0,0.0,7.7,0.0,0.0,7.7,0.0,15.4,3.8,0.0,7.7,3.8,20.0,1,1,1,1,845,12104,10185,2433,19484,1,7588,1,25357,1850,1,22104,10811,22775,1,13:51,2018,2019
2018-19,203095,Evan Fournier,Evan,1610612753,ORL,Orlando Magic,21800117,2018-11-02T00:00:00,ORL vs. LAC,L,51.1,3.6,3.6,3.6,14.5,12.7,12.7,7.3,43.6,0.0,0.0,5.5,7.3,61.1,1,13078,13078,13078,2773,8848,7302,7300,5647,10276,14129,7872,15241,8286,1,18014,4085,3982,1,28:05,2018,2019
2018-19,1626185,Jarell Martin,Jarell,1610612753,ORL,Orlando Magic,21800117,2018-11-02T00:00:00,ORL vs. LAC,L,46.5,0.0,0.0,0.0,11.1,22.2,0.0,11.1,44.4,0.0,0.0,11.1,0.0,40.0,1,13078,13078,13078,15085,12104,10185,10121,8584,20041,1,12037,14511,8286,1,24564,18923,13452,1,8:22,2018,2019
2018-19,1628982,Melvin Frazier Jr.,Melvin,1610612753,ORL,Orlando Magic,21800117,2018-11-02T00:00:00,ORL vs. LAC,L,50.2,0.0,0.0,0.0,0.0,18.2,0.0,0.0,54.5,0.0,0.0,9.1,0.0,0.0,1,13078,13078,13078,4313,12104,10185,10121,19484,16399,1,1,7496,8286,1,23450,18923,25271,1,5:31,2018,2019
2018-19,1628371,Jonathan Isaac,Jonathan,1610612753,ORL,Orlando Magic,21800117,2018-11-02T00:00:00,ORL vs. LAC,L,57.9,9.5,9.5,0.0,9.5,23.8,23.8,9.5,66.7,0.0,0.0,4.8,4.8,15.2,1,13078,13078,13078,116,1789,1556,10121,10380,21225,23397,10332,2265,8286,1,16069,8493,23963,1,12:09,2018,2019
2018-19,1628515,Isaiah Briscoe,Isaiah,1610612753,ORL,Orlando Magic,21800117,2018-11-02T00:00:00,ORL vs. LAC,L,50.2,0.0,0.0,0.0,0.0,18.2,0.0,0.0,54.5,0.0,9.1,9.1,0.0,0.0,1,13078,13078,13078,4313,12104,10185,10121,19484,16399,1,1,7496,8286,25944,23450,18923,25271,1,5:31,2018,2019
2018-19,202696,Nikola Vučević,Nikola,1610612753,ORL,Orlando Magic,21800117,2018-11-02T00:00:00,ORL vs. LAC,L,49.6,0.0,3.1,3.1,18.5,10.8,6.2,6.2,40.0,4.6,1.5,1.5,1.5,73.4,1,13078,13078,13078,5496,12104,8359,8328,3193,8098,5987,6657,17499,1307,19336,6006,17893,1528,1,32:14,2018,2019
2018-19,203920,Khem Birch,Khem,1610612753,ORL,Orlando Magic,21800117,2018-11-02T00:00:00,ORL vs. LAC,L,50.2,0.0,0.0,0.0,18.2,18.2,0.0,0.0,54.5,0.0,0.0,0.0,9.1,61.8,1,13078,13078,13078,4313,12104,10185,10121,3242,16399,1,1,7496,8286,1,1,2174,3790,1,5:31,2018,2019
2018-19,1628411,Wes Iwundu,Wes,1610612753,ORL,Orlando Magic,21800117,2018-11-02T00:00:00,ORL vs. LAC,L,46.6,0.0,0.0,3.0,6.0,11.9,9.0,9.0,44.8,0.0,0.0,6.0,3.0,13.9,1,13078,13078,13078,14699,12104,10185,8524,14798,9412,9193,9760,14434,8286,1,19251,13356,24220,1,31:13,2018,2019
2018-19,203082,Terrence Ross,Terrence,1610612753,ORL,Orlando Magic,21800117,2018-11-02T00:00:00,ORL vs. LAC,L,46.2,0.0,0.0,0.0,0.0,9.3,2.3,4.7,37.2,2.3,0.0,9.3,7.0,42.8,1,13078,13078,13078,15902,12104,10185,10121,19484,6640,3135,5218,19587,4100,1,23691,4492,11954,1,19:53,2018,2019
2018-19,203932,Aaron Gordon,Aaron,1610612753,ORL,Orlando Magic,21800117,2018-11-02T00:00:00,ORL vs. LAC,L,47.1,0.0,0.0,0.0,4.0,14.0,4.0,4.0,48.0,0.0,0.0,4.0,4.0,19.2,1,13078,13078,13078,12937,12104,10185,10121,17358,11773,3990,4719,12131,8286,1,13764,10365,23072,1,23:33,2018,2019
2018-19,1628964,Mo Bamba,Mo,1610612753,ORL,Orlando Magic,21800117,2018-11-02T00:00:00,ORL vs. LAC,L,46.4,4.7,7.0,0.0,4.7,9.3,7.0,4.7,37.2,0.0,0.0,0.0,2.3,40.7,1,13078,13078,13078,15261,6965,3112,10121,16601,6640,6826,5218,19587,8286,1,1,15414,13144,1,19:58,2018,2019
2018-19,1626170,Jerian Grant,Jerian,1610612753,ORL,Orlando Magic,21800117,2018-11-02T00:00:00,ORL vs. LAC,L,44.7,0.0,4.3,0.0,4.3,12.8,0.0,4.3,42.6,0.0,0.0,10.6,8.5,40.9,1,13078,13078,13078,20331,12104,6232,10121,17051,10321,1,4907,15993,8286,1,24444,2716,13048,1,21:00,2018,2019
2018-19,201571,D.J. Augustin,D.J.,1610612753,ORL,Orlando Magic,21800117,2018-11-02T00:00:00,ORL vs. LAC,L,51.9,0.0,0.0,5.8,7.7,13.5,13.5,7.7,46.2,0.0,1.9,0.0,7.7,45.2,1,13078,13078,13078,1723,12104,10185,4179,12505,11161,15016,8268,13377,8286,20956,1,3498,10639,1,27:00,2018,2019
2018-19,203613,Jonathon Simmons,Jonathon,1610612753,ORL,Orlando Magic,21800098,2018-10-30T00:00:00,ORL vs. SAC,L,45.4,1.8,0.0,5.3,14.0,24.6,12.3,19.3,35.1,0.0,1.8,0.0,5.3,35.3,1,13078,13078,13078,18384,11893,10185,4753,6070,21644,13558,20111,20745,8286,20353,1,7418,16143,1,25:54,2018,2019
2018-19,201571,D.J. Augustin,D.J.,1610612753,ORL,Orlando Magic,21800098,2018-10-30T00:00:00,ORL vs. SAC,L,42.9,3.2,4.8,0.0,0.0,11.3,3.2,24.2,45.2,0.0,1.6,4.8,4.8,31.1,1,13078,13078,13078,23528,9686,5484,10121,19484,8643,3506,22835,14143,8286,19733,16380,8397,18321,1,26:37,2018,2019
2018-19,202696,Nikola Vučević,Nikola,1610612753,ORL,Orlando Magic,21800098,2018-10-30T00:00:00,ORL vs. SAC,L,43.3,3.2,6.3,0.0,12.7,4.8,3.2,17.5,44.4,1.6,0.0,1.6,4.8,69.0,1,13078,13078,13078,23104,9804,3675,10121,7165,3234,3470,18624,14511,6189,1,6180,8493,2158,1,27:15,2018,2019
2018-19,1628964,Mo Bamba,Mo,1610612753,ORL,Orlando Magic,21800098,2018-10-30T00:00:00,ORL vs. SAC,L,50.9,0.0,4.2,0.0,8.3,27.1,14.6,12.5,41.7,10.4,2.1,6.3,4.2,68.5,1,13078,13078,13078,2994,12104,6364,10121,11678,22865,16324,13623,16588,121,21389,19742,9906,2261,1,24:26,2018,2019
2018-19,203932,Aaron Gordon,Aaron,1610612753,ORL,Orlando Magic,21800098,2018-10-30T00:00:00,ORL vs. SAC,L,48.4,2.8,2.8,2.8,14.1,21.1,8.5,16.9,50.7,2.8,2.8,4.2,2.8,62.7,1,13078,13078,13078,8823,10666,8904,8879,6024,19260,8547,18179,10145,3144,23204,14612,13889,3574,1,34:20,2018,2019
2018-19,203082,Terrence Ross,Terrence,1610612753,ORL,Orlando Magic,21800098,2018-10-30T00:00:00,ORL vs. SAC,L,45.3,3.3,8.3,0.0,6.7,21.7,6.7,10.0,33.3,0.0,1.7,8.3,0.0,50.7,1,13078,13078,13078,18726,9439,2094,10121,13803,19713,6427,10811,21413,8286,19991,22792,18923,7917,1,27:11,2018,2019
2018-19,1628371,Jonathan Isaac,Jonathan,1610612753,ORL,Orlando Magic,21800098,2018-10-30T00:00:00,ORL vs. SAC,L,42.3,8.5,0.0,3.4,6.8,5.1,8.5,18.6,40.7,0.0,0.0,3.4,3.4,29.0,1,13078,13078,13078,24235,2469,10185,7718,13715,3416,8583,19635,17333,8286,1,11907,12098,19362,1,24:57,2018,2019
2018-19,1626170,Jerian Grant,Jerian,1610612753,ORL,Orlando Magic,21800098,2018-10-30T00:00:00,ORL vs. SAC,L,49.7,0.0,0.0,2.3,0.0,20.9,16.3,4.7,37.2,0.0,0.0,4.7,7.0,33.5,1,13078,13078,13078,5199,12104,10185,9757,19484,19100,18139,5218,19587,8286,1,15840,4492,17103,1,21:23,2018,2019
2018-19,203095,Evan Fournier,Evan,1610612753,ORL,Orlando Magic,21800098,2018-10-30T00:00:00,ORL vs. SAC,L,45.8,0.0,0.0,3.3,6.6,4.9,8.2,18.0,45.9,0.0,0.0,4.9,3.3,23.6,1,13078,13078,13078,17255,12104,10185,7932,13996,3341,8244,19098,13669,8286,1,16609,12433,21694,1,27:57,2018,2019
2018-19,1626170,Jerian Grant,Jerian,1610612753,ORL,Orlando Magic,21800081,2018-10-27T00:00:00,ORL @ MIL,L,44.7,0.0,0.0,0.0,0.0,10.2,8.5,6.8,47.5,1.7,1.7,3.4,1.7,40.7,1,13078,13078,13078,20163,12104,10185,10121,19484,7486,8583,7329,12533,5771,20114,11907,17310,13155,1,26:24,2018,2019
2018-19,203920,Khem Birch,Khem,1610612753,ORL,Orlando Magic,21800081,2018-10-27T00:00:00,ORL @ MIL,L,40.1,11.8,0.0,11.8,23.5,0.0,11.8,0.0,23.5,0.0,0.0,0.0,0.0,65.9,1,13078,13078,13078,25392,955,10185,785,1418,1,12825,1,24532,8286,1,1,18923,2799,1,6:49,2018,2019
2018-19,1628411,Wes Iwundu,Wes,1610612753,ORL,Orlando Magic,21800081,2018-10-27T00:00:00,ORL @ MIL,L,39.1,6.5,6.5,0.0,6.5,12.9,12.9,0.0,32.3,0.0,3.2,6.5,6.5,34.2,1,13078,13078,13078,25611,4343,3544,10121,14089,10463,14331,1,22130,8286,23849,20222,5298,16715,1,12:08,2018,2019
2018-19,1626185,Jarell Martin,Jarell,1610612753,ORL,Orlando Magic,21800081,2018-10-27T00:00:00,ORL @ MIL,L,40.1,0.0,0.0,11.8,11.8,0.0,11.8,0.0,23.5,0.0,0.0,0.0,0.0,34.7,1,13078,13078,13078,25392,12104,10185,785,7934,1,12825,1,24532,8286,1,1,18923,16449,1,6:49,2018,2019
2018-19,203613,Jonathon Simmons,Jonathon,1610612753,ORL,Orlando Magic,21800081,2018-10-27T00:00:00,ORL @ MIL,L,47.3,0.0,13.5,0.0,0.0,16.2,8.1,10.8,64.9,2.7,2.7,5.4,8.1,63.0,1,13078,13078,13078,12481,12104,608,10121,19484,14360,8133,11792,3002,3332,22918,17846,3107,3487,1,17:29,2018,2019
2018-19,1628515,Isaiah Briscoe,Isaiah,1610612753,ORL,Orlando Magic,21800081,2018-10-27T00:00:00,ORL @ MIL,L,40.1,0.0,0.0,0.0,0.0,0.0,11.8,0.0,23.5,0.0,0.0,0.0,5.9,24.7,1,13078,13078,13078,25392,12104,10185,10121,19484,1,12825,1,24532,8286,1,1,6209,21261,1,6:49,2018,2019
2018-19,1628371,Jonathan Isaac,Jonathan,1610612753,ORL,Orlando Magic,21800081,2018-10-27T00:00:00,ORL @ MIL,L,45.6,4.1,0.0,0.0,0.0,20.4,8.2,16.3,61.2,6.1,0.0,4.1,6.1,36.9,1,13078,13078,13078,17783,7969,10185,10121,19484,18724,8194,17612,4202,646,1,14138,5856,15269,1,22:22,2018,2019
2018-19,203932,Aaron Gordon,Aaron,1610612753,ORL,Orlando Magic,21800081,2018-10-27T00:00:00,ORL @ MIL,L,45.9,4.5,3.0,3.0,9.0,11.9,7.5,9.0,53.7,0.0,1.5,7.5,7.5,29.9,1,13078,13078,13078,17013,7278,8545,8524,11067,9412,7415,9760,8112,8286,19047,21904,3857,18959,1,30:45,2018,2019
2018-19,1628964,Mo Bamba,Mo,1610612753,ORL,Orlando Magic,21800081,2018-10-27T00:00:00,ORL @ MIL,L,45.7,2.0,0.0,0.0,0.0,16.0,6.0,12.0,56.0,0.0,0.0,2.0,4.0,28.4,1,13078,13078,13078,17502,11801,10185,10121,19484,14106,5837,13163,6711,8286,1,7477,10365,19653,1,22:52,2018,2019
2018-19,203095,Evan Fournier,Evan,1610612753,ORL,Orlando Magic,21800081,2018-10-27T00:00:00,ORL @ MIL,L,45.7,3.4,0.0,5.1,6.8,13.6,6.8,10.2,47.5,0.0,5.1,0.0,1.7,19.5,1,13078,13078,13078,17686,9330,10185,5059,13715,11279,6607,11101,12533,8286,25382,1,17310,23006,1,26:57,2018,2019
2018-19,203082,Terrence Ross,Terrence,1610612753,ORL,Orlando Magic,21800081,2018-10-27T00:00:00,ORL @ MIL,L,45.0,5.1,0.0,0.0,0.0,15.4,7.7,15.4,61.5,0.0,0.0,10.3,0.0,33.8,1,13078,13078,13078,19665,6199,10185,10121,19484,13323,7588,16628,4011,8286,1,24270,18923,16876,1,17:32,2018,2019
2018-19,202696,Nikola Vučević,Nikola,1610612753,ORL,Orlando Magic,21800081,2018-10-27T00:00:00,ORL @ MIL,L,46.7,4.3,4.3,0.0,21.7,13.0,8.7,8.7,52.2,2.2,0.0,8.7,2.2,68.0,1,13078,13078,13078,14443,7481,6086,10121,1943,10637,8798,9425,9101,4425,1,23188,15824,2363,1,21:28,2018,2019
2018-19,201571,D.J. Augustin,D.J.,1610612753,ORL,Orlando Magic,21800081,2018-10-27T00:00:00,ORL @ MIL,L,46.0,0.0,6.4,6.4,4.3,17.0,8.5,12.8,55.3,0.0,0.0,0.0,0.0,38.7,1,13078,13078,13078,16812,12104,3645,3558,17051,15258,8613,14023,7119,8286,1,1,18923,14271,1,21:36,2018,2019
2018-19,1626170,Jerian Grant,Jerian,1610612753,ORL,Orlando Magic,21800064,2018-10-25T00:00:00,ORL vs. POR,L,49.0,0.0,0.0,0.0,0.0,39.5,16.3,0.0,51.2,0.0,2.3,0.0,4.7,28.1,1,13078,13078,13078,6834,12104,10185,10121,19484,25342,18139,1,9786,8286,21953,1,8803,19798,1,21:05,2018,2019
2018-19,203613,Jonathon Simmons,Jonathon,1610612753,ORL,Orlando Magic,21800064,2018-10-25T00:00:00,ORL vs. POR,L,49.9,9.5,4.8,0.0,4.8,40.5,16.7,0.0,52.4,0.0,4.8,4.8,9.5,36.9,1,13078,13078,13078,4903,1789,5534,10121,16476,25438,18356,1,8986,8286,25227,16069,1916,15288,1,20:57,2018,2019
2018-19,1628964,Mo Bamba,Mo,1610612753,ORL,Orlando Magic,21800064,2018-10-25T00:00:00,ORL vs. POR,L,49.0,0.0,4.9,4.9,14.6,41.5,12.2,4.9,58.5,2.4,0.0,2.4,2.4,52.2,1,13078,13078,13078,6890,12104,5384,5311,5568,25480,13455,5416,5406,3872,1,8559,15084,7210,1,20:06,2018,2019
2018-19,203932,Aaron Gordon,Aaron,1610612753,ORL,Orlando Magic,21800064,2018-10-25T00:00:00,ORL vs. POR,L,50.7,0.0,1.8,5.4,14.3,26.8,10.7,5.4,57.1,1.8,0.0,5.4,8.9,46.1,1,13078,13078,13078,3247,12104,10014,4681,5765,22749,11470,5893,5939,5444,1,17749,2405,10184,1,28:25,2018,2019
2018-19,203082,Terrence Ross,Terrence,1610612753,ORL,Orlando Magic,21800064,2018-10-25T00:00:00,ORL vs. POR,L,48.0,8.2,4.9,4.9,3.3,32.8,13.1,4.9,52.5,0.0,0.0,0.0,3.3,47.2,1,13078,13078,13078,9950,2674,5347,5267,18346,24484,14592,5492,8944,8286,1,1,12433,9619,1,29:17,2018,2019
2018-19,202696,Nikola Vučević,Nikola,1610612753,ORL,Orlando Magic,21800064,2018-10-25T00:00:00,ORL vs. POR,L,49.2,3.1,6.3,4.7,18.8,7.8,14.1,6.3,53.1,1.6,1.6,7.8,3.1,74.5,1,13078,13078,13078,6524,9918,3724,5595,3049,5322,15707,6704,8497,6305,19466,22353,12872,1382,1,31:27,2018,2019
2018-19,203095,Evan Fournier,Evan,1610612753,ORL,Orlando Magic,21800064,2018-10-25T00:00:00,ORL vs. POR,L,49.8,3.2,0.0,0.0,15.9,4.8,14.3,9.5,54.0,0.0,3.2,4.8,6.3,45.4,1,13078,13078,13078,5029,9804,10185,10121,4692,3234,15801,10332,7981,8286,23804,16069,5489,10529,1,31:23,2018,2019
2018-19,1628371,Jonathan Isaac,Jonathan,1610612753,ORL,Orlando Magic,21800064,2018-10-25T00:00:00,ORL vs. POR,L,49.1,0.0,0.0,6.5,9.7,4.8,19.4,9.7,48.4,6.5,0.0,4.8,3.2,49.8,1,13078,13078,13078,6756,12104,10185,3462,10287,3282,20888,10517,11902,551,1,16380,12535,8347,1,30:25,2018,2019
2018-19,201571,D.J. Augustin,D.J.,1610612753,ORL,Orlando Magic,21800064,2018-10-25T00:00:00,ORL vs. POR,L,48.9,0.0,0.0,3.6,3.6,5.5,12.7,10.9,54.5,0.0,0.0,7.3,0.0,30.4,1,13078,13078,13078,7100,12104,10185,7300,17848,3633,14129,11920,7496,8286,1,21643,18923,18694,1,26:55,2018,2019
2018-19,201571,D.J. Augustin,D.J.,1610612753,ORL,Orlando Magic,21800040,2018-10-22T00:00:00,ORL @ BOS,W,49.5,5.0,0.0,0.0,0.0,8.3,0.0,31.7,50.0,0.0,5.0,1.7,1.7,44.3,1,1,1,1,5672,6380,10185,10121,19484,5716,1,24813,10251,8286,25318,6471,17396,11093,1,29:42,2018,2019
2018-19,1628964,Mo Bamba,Mo,1610612753,ORL,Orlando Magic,21800040,2018-10-22T00:00:00,ORL @ BOS,W,50.6,0.0,0.0,0.0,0.0,10.5,21.1,10.5,42.1,5.3,0.0,2.6,0.0,43.4,1,1,1,1,3447,12104,10185,10121,19484,7788,22028,11446,16252,954,1,9221,18923,11609,1,19:14,2018,2019
2018-19,203095,Evan Fournier,Evan,1610612753,ORL,Orlando Magic,21800040,2018-10-22T00:00:00,ORL @ BOS,W,48.9,0.0,0.0,0.0,3.0,7.5,0.0,31.3,50.7,0.0,0.0,3.0,3.0,54.0,1,1,1,1,7339,12104,10185,10121,18783,5049,1,24765,10104,8286,1,10569,13356,6461,1,32:44,2018,2019
2018-19,1628371,Jonathan Isaac,Jonathan,1610612753,ORL,Orlando Magic,21800040,2018-10-22T00:00:00,ORL @ BOS,W,46.5,3.6,10.7,3.6,17.9,8.9,0.0,33.9,50.0,0.0,0.0,1.8,1.8,63.2,1,1,1,1,14855,8979,1175,7414,3520,6327,1,25151,10251,8286,1,6858,16977,3428,1,26:04,2018,2019
2018-19,202696,Nikola Vučević,Nikola,1610612753,ORL,Orlando Magic,21800040,2018-10-22T00:00:00,ORL @ BOS,W,49.4,0.0,10.6,0.0,24.2,7.6,0.0,31.8,51.5,0.0,0.0,1.5,3.0,74.1,1,1,1,1,5946,12104,1213,10121,1273,5138,1,24827,9570,8286,1,5909,13155,1436,1,32:36,2018,2019
2018-19,203613,Jonathon Simmons,Jonathon,1610612753,ORL,Orlando Magic,21800040,2018-10-22T00:00:00,ORL @ BOS,W,49.1,4.2,0.0,0.0,4.2,12.5,16.7,12.5,58.3,0.0,0.0,6.3,10.4,17.3,1,1,1,1,6773,7802,10185,10121,17162,9872,18356,13623,5475,8286,1,19742,1430,23514,1,23:33,2018,2019
2018-19,203932,Aaron Gordon,Aaron,1610612753,ORL,Orlando Magic,21800040,2018-10-22T00:00:00,ORL @ BOS,W,48.8,0.0,0.0,2.5,7.6,8.9,10.1,21.5,45.6,0.0,0.0,2.5,3.8,24.2,1,1,1,1,7386,12104,10185,9494,12706,6257,10724,21546,13898,8286,1,8919,11025,21483,1,38:35,2018,2019
2018-19,1626170,Jerian Grant,Jerian,1610612753,ORL,Orlando Magic,21800040,2018-10-22T00:00:00,ORL @ BOS,W,49.5,5.4,0.0,0.0,5.4,10.8,21.6,10.8,48.6,0.0,0.0,5.4,2.7,23.2,1,1,1,1,5801,5753,10185,10121,15579,8126,22390,11792,11657,8286,1,17846,14241,21803,1,18:18,2018,2019
2018-19,203082,Terrence Ross,Terrence,1610612753,ORL,Orlando Magic,21800040,2018-10-22T00:00:00,ORL @ BOS,W,50.6,0.0,0.0,5.3,10.5,10.5,21.1,10.5,42.1,0.0,0.0,5.3,0.0,24.2,1,1,1,1,3447,12104,10185,4753,9221,7788,22028,11446,16252,8286,1,17409,18923,21464,1,19:14,2018,2019
2018-19,1628411,Wes Iwundu,Wes,1610612753,ORL,Orlando Magic,21800029,2018-10-20T00:00:00,ORL @ PHI,L,51.6,0.0,0.0,0.0,0.0,34.3,20.0,17.1,45.7,0.0,0.0,5.7,2.9,13.7,1,13078,13078,13078,2098,12104,10185,10121,19484,24790,21213,18359,13761,8286,1,18616,13694,24241,1,18:03,2018,2019
2018-19,203095,Evan Fournier,Evan,1610612753,ORL,Orlando Magic,21800029,2018-10-20T00:00:00,ORL @ PHI,L,46.8,4.2,4.2,4.2,16.7,15.3,8.3,19.4,41.7,0.0,2.8,4.2,4.2,58.8,1,13078,13078,13078,14152,7802,6364,6384,4075,13282,8318,20209,16588,8286,23085,14339,9906,4723,1,33:40,2018,2019
2018-19,1628964,Mo Bamba,Mo,1610612753,ORL,Orlando Magic,21800029,2018-10-20T00:00:00,ORL @ PHI,L,50.6,7.1,10.7,0.0,7.1,25.0,17.9,21.4,35.7,10.7,0.0,7.1,7.1,61.4,1,13078,13078,13078,3490,3556,1175,10121,13212,21732,19639,21453,20388,111,1,21332,4186,3880,1,14:10,2018,2019
2018-19,203932,Aaron Gordon,Aaron,1610612753,ORL,Orlando Magic,21800029,2018-10-20T00:00:00,ORL @ PHI,L,50.2,4.7,7.8,3.1,18.8,25.0,9.4,21.9,43.8,4.7,1.6,4.7,7.8,73.3,1,13078,13078,13078,4264,6925,2500,8228,3049,21732,9735,21712,15154,1263,19466,15963,3439,1548,1,32:07,2018,2019
2018-19,202696,Nikola Vučević,Nikola,1610612753,ORL,Orlando Magic,21800029,2018-10-20T00:00:00,ORL @ PHI,L,47.6,3.8,7.6,3.8,10.1,24.1,7.6,25.3,43.0,0.0,0.0,2.5,2.5,81.8,1,13078,13078,13078,11412,8542,2643,7021,9787,21389,7569,23306,15670,8286,1,8919,14874,736,1,37:35,2018,2019
2018-19,1628371,Jonathan Isaac,Jonathan,1610612753,ORL,Orlando Magic,21800029,2018-10-20T00:00:00,ORL @ PHI,L,47.4,5.2,0.0,0.0,3.4,8.6,12.1,20.7,37.9,1.7,0.0,0.0,3.4,40.0,1,13078,13078,13078,11868,6148,10185,10121,18120,6064,13296,21049,19168,5664,1,1,11895,13452,1,27:31,2018,2019
2018-19,203082,Terrence Ross,Terrence,1610612753,ORL,Orlando Magic,21800029,2018-10-20T00:00:00,ORL @ PHI,L,49.1,0.0,0.0,3.4,3.4,23.7,11.9,13.6,33.9,0.0,0.0,3.4,3.4,43.7,1,13078,13078,13078,6603,12104,10185,7718,18208,21204,13063,14870,21323,8286,1,11907,12098,11459,1,28:59,2018,2019
2018-19,1626170,Jerian Grant,Jerian,1610612753,ORL,Orlando Magic,21800029,2018-10-20T00:00:00,ORL @ PHI,L,51.7,0.0,0.0,0.0,0.0,35.7,21.4,42.9,42.9,0.0,0.0,0.0,0.0,2.9,1,13078,13078,13078,1942,12104,10185,10121,19484,24987,22252,25782,15698,8286,1,1,18923,25177,1,7:14,2018,2019
2018-19,201571,D.J. Augustin,D.J.,1610612753,ORL,Orlando Magic,21800029,2018-10-20T00:00:00,ORL @ PHI,L,47.3,0.0,2.7,0.0,5.5,16.4,11.0,16.4,38.4,0.0,0.0,0.0,4.1,33.0,1,13078,13078,13078,12351,12104,9080,10121,15514,14621,11838,17735,18924,8286,1,1,10138,17340,1,34:31,2018,2019
2018-19,1628515,Isaiah Briscoe,Isaiah,1610612753,ORL,Orlando Magic,21800029,2018-10-20T00:00:00,ORL @ PHI,L,51.4,0.0,0.0,0.0,0.0,33.3,0.0,16.7,50.0,0.0,0.0,8.3,8.3,-8.3,1,13078,13078,13078,2318,12104,10185,10121,19484,24508,1,17785,10251,8286,1,22792,2804,26019,1,6:10,2018,2019
2018-19,203095,Evan Fournier,Evan,1610612753,ORL,Orlando Magic,21800017,2018-10-19T00:00:00,ORL vs. CHA,L,45.6,5.5,0.0,0.0,10.9,43.6,20.0,16.4,36.4,0.0,1.8,1.8,0.0,27.1,1,13078,13078,13078,17916,5712,10185,10121,8891,25601,21213,17646,19941,8286,20595,6945,18923,20257,1,25:05,2018,2019
2018-19,203613,Jonathon Simmons,Jonathon,1610612753,ORL,Orlando Magic,21800017,2018-10-19T00:00:00,ORL vs. CHA,L,46.3,8.2,0.0,0.0,4.1,32.7,34.7,0.0,28.6,0.0,2.0,8.2,2.0,22.7,1,13078,13078,13078,15734,2698,10185,10121,17261,24470,25488,1,23342,8286,21288,22722,16182,22021,1,22:41,2018,2019
2018-19,201571,D.J. Augustin,D.J.,1610612753,ORL,Orlando Magic,21800017,2018-10-19T00:00:00,ORL vs. CHA,L,45.4,0.0,0.0,0.0,4.3,43.5,17.4,10.9,34.8,0.0,0.0,0.0,0.0,9.1,1,13078,13078,13078,18374,12104,10185,10121,16944,25587,19216,11884,20855,8286,1,1,18923,24812,1,20:54,2018,2019
2018-19,202696,Nikola Vučević,Nikola,1610612753,ORL,Orlando Magic,21800017,2018-10-19T00:00:00,ORL vs. CHA,L,46.6,4.2,8.3,0.0,25.0,41.7,10.4,18.8,33.3,8.3,0.0,2.1,4.2,78.3,1,13078,13078,13078,14582,7802,2094,10121,1068,25482,11114,19668,21413,239,1,7685,9906,997,1,22:23,2018,2019
2018-19,203932,Aaron Gordon,Aaron,1610612753,ORL,Orlando Magic,21800017,2018-10-19T00:00:00,ORL vs. CHA,L,44.5,0.0,8.9,0.0,7.1,17.9,16.1,8.9,21.4,3.6,0.0,3.6,3.6,51.8,1,13078,13078,13078,20828,12104,1841,10121,13212,16106,17928,9725,24876,2106,1,12387,11558,7398,1,24:54,2018,2019
2018-19,1628411,Wes Iwundu,Wes,1610612753,ORL,Orlando Magic,21800017,2018-10-19T00:00:00,ORL vs. CHA,L,45.1,9.1,6.1,21.2,24.2,0.0,15.2,6.1,60.6,0.0,0.0,0.0,9.1,57.0,1,13078,13078,13078,19389,2024,3922,93,1273,1,16911,6545,4411,8286,1,1,2174,5314,1,14:52,2018,2019
2018-19,1628515,Isaiah Briscoe,Isaiah,1610612753,ORL,Orlando Magic,21800017,2018-10-19T00:00:00,ORL vs. CHA,L,43.8,13.0,0.0,0.0,26.1,0.0,8.7,8.7,69.6,0.0,0.0,4.3,13.0,68.3,1,13078,13078,13078,22210,693,10185,10121,911,1,8798,9425,1860,8286,1,14921,522,2324,1,10:04,2018,2019
2018-19,203082,Terrence Ross,Terrence,1610612753,ORL,Orlando Magic,21800017,2018-10-19T00:00:00,ORL vs. CHA,L,45.3,0.0,0.0,0.0,0.0,19.0,21.4,9.5,38.1,0.0,2.4,0.0,4.8,41.0,1,13078,13078,13078,18701,12104,10185,10121,19484,17341,22252,10332,19014,8286,22092,1,8493,12986,1,19:02,2018,2019
2018-19,1628964,Mo Bamba,Mo,1610612753,ORL,Orlando Magic,21800017,2018-10-19T00:00:00,ORL vs. CHA,L,43.3,0.0,0.0,0.0,0.0,27.9,27.9,9.3,41.9,2.3,0.0,0.0,2.3,25.6,1,13078,13078,13078,23038,12104,10185,10121,19484,23178,24610,10120,16471,4100,1,1,15414,20865,1,18:37,2018,2019
2018-19,1626185,Jarell Martin,Jarell,1610612753,ORL,Orlando Magic,21800017,2018-10-19T00:00:00,ORL vs. CHA,L,44.4,0.0,0.0,0.0,7.4,0.0,7.4,7.4,66.7,0.0,0.0,0.0,3.7,36.7,1,13078,13078,13078,20860,12104,10185,10121,12872,1,7281,7994,2265,8286,1,1,11197,15402,1,12:00,2018,2019
2018-19,1628371,Jonathan Isaac,Jonathan,1610612753,ORL,Orlando Magic,21800017,2018-10-19T00:00:00,ORL vs. CHA,L,48.1,0.0,0.0,0.0,6.7,20.0,6.7,16.7,13.3,0.0,0.0,13.3,0.0,30.0,1,13078,13078,13078,9787,12104,10185,10121,13803,18113,6427,17785,25450,8286,1,25248,18923,18783,1,14:25,2018,2019
2018-19,203920,Khem Birch,Khem,1610612753,ORL,Orlando Magic,21800017,2018-10-19T00:00:00,ORL vs. CHA,L,43.8,0.0,0.0,0.0,0.0,0.0,8.7,8.7,69.6,0.0,0.0,0.0,0.0,5.2,1,13078,13078,13078,22210,12104,10185,10121,19484,1,8798,9425,1860,8286,1,1,18923,25070,1,10:04,2018,2019
2018-19,1626170,Jerian Grant,Jerian,1610612753,ORL,Orlando Magic,21800017,2018-10-19T00:00:00,ORL vs. CHA,L,44.6,0.0,0.0,0.0,0.0,7.1,19.6,10.7,42.9,0.0,1.8,5.4,3.6,32.5,1,13078,13078,13078,20477,12104,10185,10121,19484,4717,21118,11691,15698,8286,20479,17749,11558,17580,1,24:59,2018,2019
2018-19,202696,Nikola Vučević,Nikola,1610612753,ORL,Orlando Magic,21800006,2018-10-17T00:00:00,ORL vs. MIA,W,43.9,0.0,9.4,0.0,9.4,14.1,12.5,12.5,62.5,0.0,1.6,3.1,6.3,41.6,1,1,1,1,21972,12104,1625,10121,10590,11851,13682,13623,3704,8286,19466,10984,5552,12649,1,28:06,2018,2019
2018-19,203932,Aaron Gordon,Aaron,1610612753,ORL,Orlando Magic,21800006,2018-10-17T00:00:00,ORL vs. MIA,W,47.9,8.8,7.5,3.8,5.0,13.8,8.8,10.0,45.0,0.0,1.3,3.8,8.8,55.3,1,1,1,1,10386,2292,2705,7149,16152,11510,8949,10811,14264,8286,17614,13036,2527,5946,1,38:18,2018,2019
2018-19,1628371,Jonathan Isaac,Jonathan,1610612753,ORL,Orlando Magic,21800006,2018-10-17T00:00:00,ORL vs. MIA,W,46.5,0.0,0.0,0.0,5.1,12.8,10.3,12.8,61.5,0.0,2.6,10.3,5.1,35.1,1,1,1,1,14904,12104,10185,10121,15989,10367,10872,14078,4011,8286,22538,24270,7755,16223,1,18:09,2018,2019
2018-19,201571,D.J. Augustin,D.J.,1610612753,ORL,Orlando Magic,21800006,2018-10-17T00:00:00,ORL vs. MIA,W,45.4,6.1,4.1,0.0,12.2,10.2,16.3,10.2,65.3,0.0,2.0,2.0,4.1,37.1,1,1,1,1,18354,4787,6522,10121,7570,7511,18186,11137,2897,8286,21288,7586,10188,15145,1,22:16,2018,2019
2018-19,203613,Jonathon Simmons,Jonathon,1610612753,ORL,Orlando Magic,21800006,2018-10-17T00:00:00,ORL vs. MIA,W,45.8,2.7,4.1,2.7,11.0,8.2,12.3,4.1,38.4,1.4,0.0,5.5,6.8,30.8,1,1,1,1,17272,10872,6485,9042,8838,5690,13632,4823,18924,7237,1,18114,4684,18487,1,33:27,2018,2019
2018-19,1626170,Jerian Grant,Jerian,1610612753,ORL,Orlando Magic,21800006,2018-10-17T00:00:00,ORL vs. MIA,W,45.9,7.1,3.6,0.0,7.1,10.7,8.9,5.4,32.1,0.0,0.0,3.6,3.6,28.4,1,1,1,1,16981,3556,7418,10121,13212,8014,9160,5893,22199,8286,1,12387,11558,19660,1,25:42,2018,2019
2018-19,203082,Terrence Ross,Terrence,1610612753,ORL,Orlando Magic,21800006,2018-10-17T00:00:00,ORL vs. MIA,W,46.4,0.0,0.0,0.0,0.0,3.6,16.4,0.0,36.4,7.3,0.0,7.3,1.8,57.8,1,1,1,1,15290,12104,10185,10121,19484,2745,18221,1,19941,399,1,21643,16847,5031,1,25:32,2018,2019
2018-19,1628964,Mo Bamba,Mo,1610612753,ORL,Orlando Magic,21800006,2018-10-17T00:00:00,ORL vs. MIA,W,47.1,13.2,11.3,0.0,18.9,3.8,17.0,0.0,37.7,3.8,0.0,1.9,3.8,51.7,1,1,1,1,12892,673,1027,10121,2991,2798,18837,1,19290,1932,1,7153,11066,7435,1,24:59,2018,2019
2018-19,203095,Evan Fournier,Evan,1610612753,ORL,Orlando Magic,21800006,2018-10-17T00:00:00,ORL vs. MIA,W,44.4,3.8,5.7,3.8,11.3,17.0,11.3,15.1,60.4,0.0,1.9,7.5,5.7,47.0,1,1,1,1,20972,8565,4376,7051,8459,15222,12320,16413,4528,8286,20838,22012,6698,9738,1,23:32,2018,2019
