group_set,player_id,player,nickname,team_id,team,age,gp,w,l,w_pct,min,fgm,fga,fg_pct,fg3m,fg3a,fg3_pct,ftm,fta,ft_pct,oreb,dreb,reb,ast,tov,stl,blk,blka,pf,pfd,pts,plus_minus,nba_fantasy_pts,dd2,td3,wnba_fantasy_pts,gp_rank,w_rank,l_rank,w_pct_rank,min_rank,fgm_rank,fga_rank,fg_pct_rank,fg3m_rank,fg3a_rank,fg3_pct_rank,ftm_rank,fta_rank,ft_pct_rank,oreb_rank,dreb_rank,reb_rank,ast_rank,tov_rank,stl_rank,blk_rank,blka_rank,pf_rank,pfd_rank,pts_rank,plus_minus_rank,nba_fantasy_pts_rank,dd2_rank,td3_rank,wnba_fantasy_pts_rank
Players,203932,Aaron Gordon,Aaron,1610612743,DEN,29.0,8,4,4,0.5,35.135,6,9,0.667,3,4,0.75,6,6,1.0,7,4,11,0,1,1,0,1,1,4,21,-2,36.2,2,0,37.0,12,17,118,44,6,8,15,19,5,14,14,6,9,1,1,14,2,49,14,10,28,102,57,5,7,69,9,11,5,7
Players,1631128,Christian Braun,Christian,1610612743,DEN,24.0,8,4,4,0.5,34.85166666666667,1,5,0.2,1,5,0.2,0,0,0.0,0,4,4,0,0,0,1,0,6,0,3,-3,10.8,1,0,10.0,12,17,118,44,9,49,30,66,17,11,42,48,50,48,42,14,19,49,44,26,8,1,128,59,50,75,38,20,5,39
Players,1627750,Jamal Murray,Jamal,1610612743,DEN,28.0,8,4,4,0.5,35.035,4,14,0.286,1,6,0.167,2,2,1.0,0,4,4,3,2,1,0,5,1,2,11,0,21.3,0,0,21.0,12,17,118,44,8,13,6,56,17,7,43,21,27,1,42,14,19,9,8,10,28,130,57,20,17,46,20,40,5,20
Players,1629008,Michael Porter Jr.,Michael,1610612743,DEN,26.0,5,2,3,0.4,20.285,2,4,0.5,2,3,0.667,1,2,0.5,1,5,6,0,1,0,0,0,1,2,7,-1,13.2,1,0,15.0,25,38,89,64,24,30,36,30,11,20,18,34,27,38,15,8,9,49,14,26,28,1,57,20,29,55,35,20,5,30
Players,203999,Nikola Jokić,Nikola,1610612743,DEN,30.0,8,4,4,0.5,35.071666666666665,7,19,0.368,2,8,0.25,10,16,0.625,2,5,7,5,3,3,0,1,2,10,26,-1,47.9,7,1,46.0,12,17,118,44,7,6,4,49,11,2,39,2,2,37,6,8,7,4,3,2,28,102,100,2,5,55,3,1,1,4
Players,1631212,Peyton Watson,Peyton,1610612743,DEN,22.0,4,3,1,0.75,0.2983333333333333,0,0,0.0,0,0,0.0,0,0,0.0,0,0,0,0,0,0,0,0,0,0,0,-5,0.0,0,0,0.0,38,29,10,19,121,70,92,70,47,70,47,48,50,48,42,69,77,49,44,26,28,1,1,59,79,86,106,40,5,106
Players,201566,Russell Westbrook,Russell,1610612743,DEN,36.0,6,3,3,0.5,14.998333333333331,3,11,0.273,1,6,0.167,1,2,0.5,4,1,5,1,1,0,0,1,3,1,8,2,14.5,1,0,15.0,23,29,89,44,36,20,10,58,17,7,43,34,27,38,3,40,13,24,14,26,28,102,115,39,28,40,30,20,5,30
