group_set,player_id,player_name,nickname,team_id,team_abbreviation,age,gp,w,l,w_pct,min,fgm,fga,fg_pct,fg3m,fg3a,fg3_pct,ftm,fta,ft_pct,oreb,dreb,reb,ast,tov,stl,blk,blka,pf,pfd,pts,plus_minus,nba_fantasy_pts,dd2,td3,wnba_fantasy_pts,gp_rank,w_rank,l_rank,w_pct_rank,min_rank,fgm_rank,fga_rank,fg_pct_rank,fg3m_rank,fg3a_rank,fg3_pct_rank,ftm_rank,fta_rank,ft_pct_rank,oreb_rank,dreb_rank,reb_rank,ast_rank,tov_rank,stl_rank,blk_rank,blka_rank,pf_rank,pfd_rank,pts_rank,plus_minus_rank,nba_fantasy_pts_rank,dd2_rank,td3_rank,wnba_fantasy_pts_rank,team
Players,203118,Mike Scott,Mike,1610612755,PHI,30.0,1,1,0,1.0,5.066666666666666,1,1,1.0,1,1,1.0,0,0,0.0,0,0,0,0,0,0,0,0,0,0,3,9,3.0,0,0,4.0,99,58,1,1,80,51,66,1,19,39,1,47,47,47,43,66,72,54,48,38,28,1,1,56,56,20,80,42,5,67,PHI
Players,1627732,Ben Simmons,Ben,1610612755,PHI,22.0,4,2,2,0.5,17.7,0,2,0.0,0,0,0.0,0,0,0.0,2,1,3,3,0,1,0,0,2,0,0,10,11.1,0,0,8.0,38,36,55,45,33,70,56,70,43,72,43,47,47,47,16,40,31,11,48,10,28,1,81,56,74,15,42,42,5,51,PHI
Players,202699,Tobias Harris,Tobias,1610612755,PHI,26.0,4,2,2,0.5,17.7,1,3,0.333,0,2,0.0,4,4,1.0,0,2,2,1,2,1,0,0,3,2,6,10,10.9,1,0,11.0,38,36,55,45,33,51,46,50,43,29,43,12,15,1,43,33,39,28,10,10,28,1,99,22,37,15,43,18,5,43,PHI
Players,203516,James Ennis III,James,1610612755,PHI,28.0,3,2,1,0.667,0.785,0,0,0.0,0,0,0.0,0,0,0.0,0,0,0,0,0,0,0,0,0,0,0,2,0.0,0,0,0.0,51,36,20,28,107,70,91,70,43,72,43,47,47,47,43,66,72,54,48,38,28,1,1,56,74,39,92,42,5,93,PHI
Players,203954,Joel Embiid,Joel,1610612755,PHI,25.0,4,2,2,0.5,17.7,4,10,0.4,0,1,0.0,3,4,0.75,2,4,6,3,4,1,0,0,3,3,11,10,21.7,2,0,22.0,38,36,55,45,33,18,14,41,43,39,43,17,15,31,16,16,21,11,5,10,28,1,99,17,22,15,25,12,5,22,PHI
Players,200755,JJ Redick,JJ,1610612755,PHI,35.0,4,2,2,0.5,16.915,3,4,0.75,2,3,0.667,1,1,1.0,0,1,1,0,0,0,0,0,1,2,9,8,10.2,0,0,12.0,38,36,55,45,36,25,41,18,12,22,19,38,40,1,43,40,49,54,48,38,28,1,56,22,25,25,45,42,5,38,PHI
Players,202710,Jimmy Butler III,Jimmy,1610612755,PHI,29.0,3,1,2,0.333,12.633333333333333,3,6,0.5,1,4,0.25,7,8,0.875,1,1,2,2,0,1,0,1,0,4,14,1,22.4,2,0,21.0,51,58,55,76,43,25,30,31,19,14,39,6,7,25,27,40,39,17,48,10,28,98,1,12,15,45,23,12,5,26,PHI
