group_set,player_id,player,nickname,team_id,team,age,gp,w,l,w_pct,min,pts_off_tov,pts_2nd_chance,pts_fb,pts_paint,opp_pts_off_tov,opp_pts_2nd_chance,opp_pts_fb,opp_pts_paint,blk,blka,pf,pfd,nba_fantasy_pts,gp_rank,w_rank,l_rank,w_pct_rank,min_rank,pts_off_tov_rank,pts_2nd_chance_rank,pts_fb_rank,pts_paint_rank,opp_pts_off_tov_rank,opp_pts_2nd_chance_rank,opp_pts_fb_rank,opp_pts_paint_rank,blk_rank,blka_rank,pf_rank,pfd_rank,nba_fantasy_pts_rank
Players,201572,Brook Lopez,Brook,1610612749,MIL,35.0,2,0,2,0.0,11.748333333333331,0,0,0,2,4,8,6,10,1,0,2,0,9.2,75,92,56,92,53,38,37,23,28,60,111,118,67,6,1,91,67,52
Players,203507,Giannis Antetokounmpo,Giannis,1610612749,MIL,28.0,2,0,2,0.0,12.451666666666666,2,2,0,8,4,8,6,12,0,0,1,5,18.4,75,92,56,92,49,18,15,23,7,60,111,118,80,26,1,50,9,30
Players,1628960,Grayson Allen,Grayson,1610612749,MIL,27.0,2,0,2,0.0,5.07,0,0,0,0,4,2,6,2,0,0,1,0,0.0,75,92,56,92,87,38,37,23,57,60,52,118,18,26,1,50,67,108
Players,204060,Joe Ingles,Joe,1610612749,MIL,35.0,1,0,1,0.0,0.0383333333333333,0,0,0,0,0,0,0,0,0,0,0,0,0.0,97,92,14,92,127,38,37,23,57,1,1,1,1,26,1,1,67,108
Players,201950,Jrue Holiday,Jrue,1610612749,MIL,33.0,2,0,2,0.0,12.451666666666666,0,0,0,0,4,8,6,12,0,1,2,2,4.0,75,92,56,92,49,38,37,23,57,60,111,118,80,26,108,91,22,78
Players,203114,Khris Middleton,Khris,1610612749,MIL,31.0,2,0,2,0.0,11.24,0,0,0,0,4,8,6,12,0,0,2,1,8.9,75,92,56,92,56,38,37,23,57,60,111,118,80,26,1,91,36,53
Players,1626192,Pat Connaughton,Pat,1610612749,MIL,30.0,2,0,2,0.0,1.915,0,0,0,0,0,0,0,2,0,0,1,0,1.2,75,92,56,92,113,38,37,23,57,1,1,1,18,26,1,50,67,98
Players,202083,Wesley Matthews,Wesley,1610612749,MIL,36.0,1,0,1,0.0,7.343333333333334,0,0,0,0,0,6,0,10,0,0,0,0,6.0,97,92,14,92,72,38,37,23,57,1,86,1,67,26,1,1,67,70
