group_set,player_id,player,nickname,team_id,team,age,gp,w,l,w_pct,min,fgm,fga,fg_pct,fg3m,fg3a,fg3_pct,ftm,fta,ft_pct,oreb,dreb,reb,ast,tov,stl,blk,blka,pf,pfd,pts,plus_minus,nba_fantasy_pts,dd2,td3,wnba_fantasy_pts,gp_rank,w_rank,l_rank,w_pct_rank,min_rank,fgm_rank,fga_rank,fg_pct_rank,fg3m_rank,fg3a_rank,fg3_pct_rank,ftm_rank,fta_rank,ft_pct_rank,oreb_rank,dreb_rank,reb_rank,ast_rank,tov_rank,stl_rank,blk_rank,blka_rank,pf_rank,pfd_rank,pts_rank,plus_minus_rank,nba_fantasy_pts_rank,dd2_rank,td3_rank,wnba_fantasy_pts_rank
Players,201572,Brook Lopez,Brook,1610612749,MIL,35.0,2,0,2,0.0,11.748333333333331,1,1,1.0,0,0,0.0,0,0,0.0,1,0,1,0,0,1,1,0,2,0,2,-18,9.2,2,0,7.0,75,92,56,92,53,50,81,1,39,75,39,59,60,59,18,73,56,54,42,9,6,1,91,67,69,128,52,12,5,59
Players,203507,Giannis Antetokounmpo,Giannis,1610612749,MIL,28.0,2,0,2,0.0,12.451666666666666,4,9,0.444,0,0,0.0,2,6,0.333,1,6,7,2,3,0,0,0,1,5,10,-18,18.4,2,1,19.0,75,92,56,92,49,14,16,45,39,75,39,23,11,57,18,7,7,16,5,39,26,1,50,9,21,128,30,12,2,25
Players,1628960,Grayson Allen,Grayson,1610612749,MIL,27.0,2,0,2,0.0,5.07,0,0,0.0,0,0,0.0,0,0,0.0,0,0,0,0,0,0,0,0,1,0,0,-11,0.0,0,0,0.0,75,92,56,92,87,75,96,75,39,75,39,59,60,59,46,73,83,54,42,39,26,1,50,67,89,114,108,41,5,108
Players,204060,Joe Ingles,Joe,1610612749,MIL,35.0,1,0,1,0.0,0.0383333333333333,0,0,0.0,0,0,0.0,0,0,0.0,0,0,0,0,0,0,0,0,0,0,0,2,0.0,0,0,0.0,97,92,14,92,127,75,96,75,39,75,39,59,60,59,46,73,83,54,42,39,26,1,1,67,89,51,108,41,5,108
Players,201950,Jrue Holiday,Jrue,1610612749,MIL,33.0,2,0,2,0.0,12.451666666666666,1,4,0.25,1,1,1.0,3,4,0.75,0,0,0,0,2,0,0,1,2,2,6,-18,4.0,0,0,7.0,75,92,56,92,49,50,41,63,21,49,1,18,16,40,46,73,83,54,12,39,26,108,91,22,35,128,78,41,5,59
Players,203114,Khris Middleton,Khris,1610612749,MIL,31.0,2,0,2,0.0,11.24,0,3,0.0,0,3,0.0,3,3,1.0,0,2,2,3,1,0,0,0,2,1,3,-18,8.9,0,0,8.0,75,92,56,92,56,75,52,75,39,21,39,18,24,1,46,30,36,7,24,39,26,1,91,36,64,128,53,41,5,52
Players,1626192,Pat Connaughton,Pat,1610612749,MIL,30.0,2,0,2,0.0,1.915,0,0,0.0,0,0,0.0,0,0,0.0,0,1,1,0,0,0,0,0,1,0,0,0,1.2,0,0,1.0,75,92,56,92,113,75,96,75,39,75,39,59,60,59,46,45,56,54,42,39,26,1,50,67,89,63,98,41,5,95
Players,202083,Wesley Matthews,Wesley,1610612749,MIL,36.0,1,0,1,0.0,7.343333333333334,1,2,0.5,1,2,0.5,0,0,0.0,0,0,0,0,0,1,0,0,0,0,3,-9,6.0,0,0,6.0,97,92,14,92,72,50,63,30,21,36,14,59,60,59,46,73,83,54,42,9,26,1,1,67,64,105,70,41,5,68
