group_set,player_id,player,nickname,team_id,team,age,gp,w,l,w_pct,min,pts_off_tov,pts_2nd_chance,pts_fb,pts_paint,opp_pts_off_tov,opp_pts_2nd_chance,opp_pts_fb,opp_pts_paint,blk,blka,pf,pfd,nba_fantasy_pts,gp_rank,w_rank,l_rank,w_pct_rank,min_rank,pts_off_tov_rank,pts_2nd_chance_rank,pts_fb_rank,pts_paint_rank,opp_pts_off_tov_rank,opp_pts_2nd_chance_rank,opp_pts_fb_rank,opp_pts_paint_rank,blk_rank,blka_rank,pf_rank,pfd_rank,nba_fantasy_pts_rank
Players,203992,Bogdan Bogdanović,Bogdan,1610612737,ATL,29.0,2,1,1,0.5,7.166666666666667,0,0,0,0,0,6,0,4,0,0,0,0,1.2,80,63,21,51,77,27,25,9,54,1,117,1,42,28,1,1,57,95
Players,201568,Danilo Gallinari,Danilo,1610612737,ATL,33.0,1,0,1,0.0,0.6933333333333334,0,0,0,0,0,0,0,0,0,0,0,0,-1.0,106,105,21,105,114,27,25,9,54,1,1,1,1,28,1,1,57,135
Players,1629631,De'Andre Hunter,De'Andre,1610612737,ATL,24.0,3,1,2,0.333,3.681666666666666,0,0,0,0,0,3,0,6,0,0,1,0,3.2,57,63,62,86,104,27,25,9,54,1,76,1,55,28,1,60,57,82
Players,1626153,Delon Wright,Delon,1610612737,ATL,30.0,2,1,1,0.5,6.616666666666666,0,0,0,0,0,6,0,2,0,0,0,0,1.2,80,63,21,51,80,27,25,9,54,1,117,1,27,28,1,1,57,95
Players,1628381,John Collins,John,1610612737,ATL,24.0,1,0,1,0.0,2.35,0,0,0,0,0,0,0,4,0,0,0,1,0.0,106,105,21,105,106,27,25,9,54,1,1,1,42,28,1,1,32,104
Players,1628989,Kevin Huerter,Kevin,1610612737,ATL,23.0,3,1,2,0.333,8.966666666666667,0,0,0,0,0,6,0,6,0,0,0,0,1.2,57,63,62,86,69,27,25,9,54,1,117,1,55,28,1,1,57,95
Players,1630168,Onyeka Okongwu,Onyeka,1610612737,ATL,21.0,2,1,1,0.5,6.616666666666666,3,3,0,2,0,6,0,2,0,0,1,1,5.4,80,63,21,51,80,5,7,9,27,1,117,1,27,28,1,60,32,69
Players,1629027,Trae Young,Trae,1610612737,ATL,23.0,3,1,2,0.333,8.741666666666667,0,0,0,4,0,3,0,6,0,1,1,3,13.4,57,63,62,86,71,27,25,9,13,1,76,1,55,28,116,60,13,28
