group_set,player_id,player,nickname,team_id,team,age,gp,w,l,w_pct,min,fgm,fga,fg_pct,fg3m,fg3a,fg3_pct,ftm,fta,ft_pct,oreb,dreb,reb,ast,tov,stl,blk,blka,pf,pfd,pts,plus_minus,nba_fantasy_pts,dd2,td3,wnba_fantasy_pts,gp_rank,w_rank,l_rank,w_pct_rank,min_rank,fgm_rank,fga_rank,fg_pct_rank,fg3m_rank,fg3a_rank,fg3_pct_rank,ftm_rank,fta_rank,ft_pct_rank,oreb_rank,dreb_rank,reb_rank,ast_rank,tov_rank,stl_rank,blk_rank,blka_rank,pf_rank,pfd_rank,pts_rank,plus_minus_rank,nba_fantasy_pts_rank,dd2_rank,td3_rank,wnba_fantasy_pts_rank
Players,203992,Bogdan Bogdanović,Bogdan,1610612737,ATL,29.0,2,1,1,0.5,7.166666666666667,0,2,0.0,0,2,0.0,0,0,0.0,0,1,1,0,0,0,0,0,0,0,0,-3,1.2,0,0,1.0,80,63,21,51,77,75,57,75,42,30,42,42,45,42,38,43,53,55,40,28,28,1,1,57,83,87,95,37,2,95
Players,201568,Danilo Gallinari,Danilo,1610612737,ATL,33.0,1,0,1,0.0,0.6933333333333334,0,1,0.0,0,0,0.0,0,0,0.0,0,0,0,0,1,0,0,0,0,0,0,0,-1.0,0,0,0.0,106,105,21,105,114,75,70,75,42,69,42,42,45,42,38,84,88,55,8,28,28,1,1,57,83,52,135,37,2,104
Players,1629631,De'Andre Hunter,De'Andre,1610612737,ATL,24.0,3,1,2,0.333,3.681666666666666,1,1,1.0,0,0,0.0,0,0,0.0,0,1,1,0,0,0,0,0,1,0,2,-9,3.2,1,0,3.0,57,63,62,86,104,48,70,1,42,69,42,42,45,42,38,43,53,55,40,28,28,1,60,57,62,120,82,19,2,80
Players,1626153,Delon Wright,Delon,1610612737,ATL,30.0,2,1,1,0.5,6.616666666666666,0,0,0.0,0,0,0.0,0,0,0.0,0,1,1,0,0,0,0,0,0,0,0,5,1.2,0,0,1.0,80,63,21,51,80,75,93,75,42,69,42,42,45,42,38,43,53,55,40,28,28,1,1,57,83,29,95,37,2,95
Players,1628381,John Collins,John,1610612737,ATL,24.0,1,0,1,0.0,2.35,0,0,0.0,0,0,0.0,0,0,0.0,0,0,0,0,0,0,0,0,0,1,0,-7,0.0,1,0,0.0,106,105,21,105,106,75,93,75,42,69,42,42,45,42,38,84,88,55,40,28,28,1,1,32,83,112,104,19,2,104
Players,1628989,Kevin Huerter,Kevin,1610612737,ATL,23.0,3,1,2,0.333,8.966666666666667,0,1,0.0,0,1,0.0,0,0,0.0,0,1,1,0,0,0,0,0,0,0,0,-2,1.2,0,0,1.0,57,63,62,86,69,75,70,75,42,41,42,42,45,42,38,43,53,55,40,28,28,1,1,57,83,78,95,37,2,95
Players,1630168,Onyeka Okongwu,Onyeka,1610612737,ATL,21.0,2,1,1,0.5,6.616666666666666,1,1,1.0,0,0,0.0,1,1,1.0,1,1,2,0,0,0,0,0,1,1,3,5,5.4,0,0,5.0,80,63,21,51,80,48,70,1,42,69,42,31,42,1,11,43,31,55,40,28,28,1,60,32,54,29,69,37,2,65
Players,1629027,Trae Young,Trae,1610612737,ATL,23.0,3,1,2,0.333,8.741666666666667,3,7,0.429,1,3,0.333,4,5,0.8,0,2,2,0,0,0,0,1,1,3,11,1,13.4,0,0,14.0,57,63,62,86,71,18,21,47,13,21,27,8,8,23,38,21,31,55,40,28,28,116,60,13,14,46,28,37,2,24
