group_set,player_id,player,nickname,team_id,team,age,gp,w,l,w_pct,min,fgm,fga,fg_pct,fg3m,fg3a,fg3_pct,ftm,fta,ft_pct,oreb,dreb,reb,ast,tov,stl,blk,blka,pf,pfd,pts,plus_minus,nba_fantasy_pts,dd2,td3,wnba_fantasy_pts,gp_rank,w_rank,l_rank,w_pct_rank,min_rank,fgm_rank,fga_rank,fg_pct_rank,fg3m_rank,fg3a_rank,fg3_pct_rank,ftm_rank,fta_rank,ft_pct_rank,oreb_rank,dreb_rank,reb_rank,ast_rank,tov_rank,stl_rank,blk_rank,blka_rank,pf_rank,pfd_rank,pts_rank,plus_minus_rank,nba_fantasy_pts_rank,dd2_rank,td3_rank,wnba_fantasy_pts_rank
Players,1627747,Caris LeVert,Caris,1610612751,BKN,24.0,1,0,1,0.0,5.066666666666666,0,1,0.0,0,0,0.0,0,0,0.0,0,1,1,0,0,0,0,0,0,0,0,-9,1.2,0,0,1.0,99,94,20,94,80,70,66,70,43,72,43,47,47,47,43,40,49,54,48,38,28,1,1,56,74,106,87,42,5,86
Players,1626156,D'Angelo Russell,D'Angelo,1610612751,BKN,23.0,1,0,1,0.0,4.96,1,1,1.0,1,1,1.0,0,0,0.0,0,0,0,1,1,0,0,0,0,0,3,-6,3.5,0,0,5.0,99,94,20,94,89,51,66,1,19,39,1,47,47,47,43,66,72,28,26,38,28,1,1,56,56,94,75,42,5,63
Players,1628386,Jarrett Allen,Jarrett,1610612751,BKN,21.0,1,0,1,0.0,5.066666666666666,0,1,0.0,0,0,0.0,0,0,0.0,1,0,1,2,2,1,0,0,0,0,0,-9,5.2,0,0,5.0,99,94,20,94,80,70,66,70,43,72,43,47,47,47,27,66,49,17,10,10,28,1,1,56,74,106,64,42,5,63
Players,203925,Joe Harris,Joe,1610612751,BKN,27.0,1,0,1,0.0,5.066666666666666,1,1,1.0,0,0,0.0,0,0,0.0,0,0,0,0,1,1,0,0,2,0,2,-9,4.0,0,0,4.0,99,94,20,94,80,51,66,1,43,72,43,47,47,47,43,66,72,54,26,10,28,1,81,56,65,106,72,42,5,67
Players,203915,Spencer Dinwiddie,Spencer,1610612751,BKN,26.0,1,0,1,0.0,5.066666666666666,1,4,0.25,0,1,0.0,0,0,0.0,1,0,1,0,1,0,0,0,0,0,2,-9,2.2,0,0,3.0,99,94,20,94,80,51,41,65,43,39,43,47,47,47,27,66,49,54,26,38,28,1,1,56,65,106,83,42,5,78
Players,1626203,Treveon Graham,Treveon,1610612751,BKN,25.0,1,0,1,0.0,0.1066666666666666,0,0,0.0,0,0,0.0,0,0,0.0,0,0,0,0,0,0,0,0,0,0,0,-3,0.0,0,0,0.0,99,94,20,94,115,70,91,70,43,72,43,47,47,47,43,66,72,54,48,38,28,1,1,56,74,78,92,42,5,93
