GROUP_SET,PLAYER_ID,PLAYER_NAME,NICKNAME,TEAM_ID,TEAM_ABBREVIATION,AGE,GP,W,L,W_PCT,MIN,FGM,FGA,FG_PCT,FG3M,FG3A,FG3_PCT,FTM,FTA,FT_PCT,OREB,DREB,REB,AST,TOV,STL,BLK,BLKA,PF,PFD,PTS,PLUS_MINUS,NBA_FANTASY_PTS,DD2,TD3,WNBA_FANTASY_PTS,GP_RANK,W_RANK,L_RANK,W_PCT_RANK,MIN_RANK,FGM_RANK,FGA_RANK,FG_PCT_RANK,FG3M_RANK,FG3A_RANK,FG3_PCT_RANK,FTM_RANK,FTA_RANK,FT_PCT_RANK,OREB_RANK,DREB_RANK,REB_RANK,AST_RANK,TOV_RANK,STL_RANK,BLK_RANK,BLKA_RANK,PF_RANK,PFD_RANK,PTS_RANK,PLUS_MINUS_RANK,NBA_FANTASY_PTS_RANK,DD2_RANK,TD3_RANK,WNBA_FANTASY_PTS_RANK
Players,1630639,A.J. Lawson,A.J.,1610612742,DAL,22.0,1,0,1,0.0,3.3833333333333333,10.6,21.3,0.5,10.6,21.3,0.5,0.0,0.0,0.0,0.0,0.0,0.0,0.0,0.0,0.0,0.0,0.0,0.0,0.0,31.9,-21.3,31.9,0,0,42.6,425,418,381,418,402,20,34,117,4,3,42,295,305,295,288,373,388,297,281,250,204,210,376,329,22,357,148,205,27,53
Players,1631100,AJ Griffin,AJ,1610612737,ATL,19.0,12,6,6,0.5,31.205,8.1,16.2,0.5,0.0,5.8,0.0,0.0,0.0,0.0,2.3,2.3,4.6,0.0,2.3,1.2,1.2,2.3,3.5,1.2,16.2,3.5,26.3,0,0,25.4,245,239,234,188,241,56,75,117,257,132,257,295,305,295,118,325,270,297,96,114,90,22,239,306,145,177,230,205,27,227
Players,203932,Aaron Gordon,Aaron,1610612743,DEN,27.0,28,17,11,0.607,103.215,6.3,10.1,0.621,1.0,1.7,0.6,3.8,7.0,0.55,3.5,3.8,7.3,0.7,1.7,1.0,2.1,0.7,2.8,4.5,17.4,10.8,34.9,8,0,32.8,118,61,153,111,98,99,181,71,196,297,30,153,116,239,66,234,149,279,139,131,47,139,291,138,126,113,124,43,27,123
Players,1628988,Aaron Holiday,Aaron,1610612737,ATL,26.0,5,2,3,0.4,4.586666666666667,7.8,7.8,1.0,7.8,7.8,1.0,0.0,0.0,0.0,0.0,0.0,0.0,0.0,0.0,0.0,0.0,0.0,0.0,0.0,23.5,7.8,23.5,0,0,31.4,338,326,317,316,388,60,259,1,10,78,1,295,305,295,288,373,388,297,281,250,204,210,376,329,58,135,273,205,27,142
Players,1630174,Aaron Nesmith,Aaron,1610612754,IND,23.0,30,15,15,0.5,102.13666666666667,3.5,7.4,0.476,0.7,4.2,0.167,5.3,5.6,0.938,2.5,4.9,7.4,1.8,0.7,1.1,0.4,0.4,6.3,3.9,13.0,-4.9,28.1,1,0,25.7,94,91,90,188,102,245,274,168,227,183,233,110,147,69,105,181,146,211,249,127,191,187,83,163,198,264,205,148,27,220
Players,1630598,Aaron Wiggins,Aaron,1610612760,OKC,24.0,21,11,10,0.524,34.47833333333333,1.0,3.1,0.333,0.0,1.0,0.0,0.0,0.0,0.0,3.1,2.1,5.2,2.1,2.1,1.0,0.0,1.0,6.3,0.0,2.1,10.4,12.5,0,0,11.5,177,158,169,177,227,355,381,286,257,313,257,295,305,295,78,341,243,185,115,132,204,101,85,329,378,116,388,205,27,395
Players,1629678,Admiral Schofield,Admiral,1610612753,ORL,26.0,3,2,1,0.667,2.066666666666667,0.0,0.0,0.0,0.0,0.0,0.0,0.0,0.0,0.0,0.0,0.0,0.0,0.0,0.0,0.0,0.0,0.0,0.0,0.0,0.0,0.0,0.0,0,0,0.0,368,326,381,53,415,361,396,361,257,325,257,295,305,295,288,373,388,297,281,250,204,210,376,329,382,207,413,205,27,413
Players,201143,Al Horford,Al,1610612738,BOS,37.0,27,18,9,0.667,117.24333333333334,2.5,7.7,0.32,2.5,7.1,0.348,0.0,0.0,0.0,0.9,3.7,4.6,1.8,0.3,0.6,1.8,0.0,3.1,0.0,7.4,4.9,22.7,5,0,21.2,131,53,185,53,74,309,265,315,80,94,130,295,305,295,220,241,271,204,280,197,51,210,273,329,322,164,286,62,27,292
Players,202692,Alec Burks,Alec,1610612765,DET,31.0,22,8,14,0.364,52.43666666666667,6.2,15.8,0.391,4.1,7.6,0.545,8.2,10.3,0.8,2.1,4.1,6.2,0.7,1.4,1.4,0.7,0.7,2.7,6.2,24.7,-19.9,38.0,0,0,39.8,169,204,109,351,182,106,82,246,25,82,39,50,54,132,135,218,199,280,179,88,145,144,293,75,50,352,91,205,27,61
Players,1630197,Aleksej Pokusevski,Aleksej,1610612760,OKC,21.0,13,6,7,0.462,52.83,4.1,11.6,0.353,2.0,5.5,0.375,2.7,4.8,0.571,0.7,6.1,6.8,2.7,0.0,3.4,0.0,0.0,1.4,3.4,12.9,-3.4,35.4,3,0,31.3,237,239,215,256,181,206,150,276,107,141,111,197,173,235,255,117,173,148,281,19,204,210,365,185,200,251,117,94,27,144
Players,1627936,Alex Caruso,Alex,1610612741,CHI,29.0,28,8,20,0.286,104.85166666666667,1.7,3.1,0.556,0.3,1.4,0.25,0.3,0.7,0.5,0.7,2.7,3.4,5.2,1.4,3.1,1.0,0.0,6.2,1.4,4.1,-5.5,27.0,1,0,21.3,118,204,29,390,93,341,382,95,252,305,186,294,301,245,253,305,331,58,178,26,102,210,89,298,365,270,223,148,27,288
Players,203458,Alex Len,Alex,1610612758,SAC,30.0,1,0,1,0.0,0.04833333333333333,0.0,0.0,0.0,0.0,0.0,0.0,0.0,0.0,0.0,0.0,0.0,0.0,0.0,0.0,0.0,0.0,0.0,0.0,0.0,0.0,0.0,0.0,0,0,0.0,425,418,381,418,446,361,396,361,257,325,257,295,305,295,288,373,388,297,281,250,204,210,376,329,382,207,413,205,27,413
Players,1630578,Alperen Sengun,Alperen,1610612745,HOU,20.0,29,11,18,0.379,78.14333333333333,3.2,9.7,0.333,0.0,0.0,0.0,4.6,7.4,0.625,6.0,3.7,9.7,2.3,4.6,1.4,0.5,0.9,5.5,6.4,11.1,-5.1,27.0,14,1,26.7,105,158,55,334,144,273,191,286,257,325,257,131,103,217,27,240,85,172,19,87,174,114,118,66,245,266,220,24,9,205
Players,1629599,Amir Coffey,Amir,1610612746,LAC,26.0,4,3,1,0.75,6.573333333333333,5.5,21.9,0.25,0.0,5.5,0.0,5.5,5.5,1.0,0.0,11.0,11.0,0.0,0.0,0.0,0.0,5.5,5.5,11.0,16.4,11.0,29.6,0,0,27.4,351,304,381,31,366,131,27,331,257,140,257,106,153,1,288,24,61,297,281,250,204,6,121,9,140,110,187,205,27,195
Players,203083,Andre Drummond,Andre,1610612741,CHI,29.0,5,2,3,0.4,3.236666666666667,0.0,0.0,0.0,0.0,0.0,0.0,0.0,0.0,0.0,0.0,0.0,0.0,0.0,0.0,11.1,0.0,0.0,0.0,0.0,0.0,-44.5,33.4,1,0,22.2,338,326,317,316,405,361,396,361,257,325,257,295,305,295,288,373,388,297,281,5,204,210,376,329,382,408,134,148,27,270
Players,2738,Andre Iguodala,Andre,1610612744,GSW,39.0,1,0,1,0.0,0.935,0.0,0.0,0.0,0.0,0.0,0.0,0.0,0.0,0.0,0.0,0.0,0.0,0.0,0.0,0.0,0.0,0.0,38.5,0.0,0.0,-154.0,0.0,0,0,0.0,425,418,381,418,429,361,396,361,257,325,257,295,305,295,288,373,388,297,281,250,204,210,6,329,382,445,413,205,27,413
Players,1629614,Andrew Nembhard,Andrew,1610612754,IND,23.0,38,20,18,0.526,121.94,5.0,12.7,0.395,1.8,5.0,0.353,1.2,2.4,0.5,0.0,2.7,2.7,3.0,2.1,0.3,0.3,1.8,4.4,1.5,13.0,-3.0,20.3,2,0,21.6,28,32,55,174,65,154,126,242,122,149,124,267,255,245,288,309,354,135,117,240,197,32,185,288,199,246,318,108,27,283
Players,203952,Andrew Wiggins,Andrew,1610612744,GSW,28.0,18,8,10,0.444,69.82666666666667,3.1,6.7,0.462,1.0,2.6,0.4,0.0,0.0,0.0,2.1,3.1,5.2,2.1,1.5,0.5,1.0,0.5,4.1,2.1,7.2,-14.4,19.6,2,0,18.6,199,204,169,272,153,276,289,178,198,254,97,295,305,295,134,286,244,189,166,213,101,169,204,259,327,324,329,108,27,337
Players,1629014,Anfernee Simons,Anfernee,1610612757,POR,24.0,30,12,18,0.4,118.05166666666666,7.0,16.8,0.418,4.0,9.5,0.419,5.8,6.1,0.95,0.3,1.5,1.8,2.7,2.1,0.9,0.3,1.5,1.8,4.9,23.8,1.2,31.6,0,0,34.8,94,145,55,316,73,82,66,225,29,48,93,98,141,67,286,357,376,146,111,149,195,49,350,127,57,199,155,205,27,101
Players,203076,Anthony Davis,Anthony,1610612747,LAL,30.0,27,13,14,0.481,110.50666666666666,6.2,16.3,0.38,0.7,2.6,0.25,6.5,10.1,0.645,3.3,11.1,14.3,2.6,0.7,1.3,2.0,1.0,3.6,7.2,19.5,1.6,49.8,22,0,43.7,131,129,109,241,86,105,71,257,234,252,186,77,60,212,76,20,22,153,256,102,49,106,228,46,94,195,38,9,27,48
Players,1630162,Anthony Edwards,Anthony,1610612750,MIN,21.0,45,26,19,0.578,162.66833333333332,9.7,23.0,0.423,2.9,8.6,0.333,4.4,6.2,0.714,1.1,5.1,6.2,2.4,3.5,1.3,2.2,0.7,3.5,4.4,26.8,2.4,44.9,6,0,45.4,3,3,38,131,10,28,20,221,62,62,131,139,140,183,204,175,198,162,40,99,39,150,230,143,39,186,52,56,27,43
Players,1630264,Anthony Gill,Anthony,1610612764,WAS,30.0,5,3,2,0.6,3.54,0.0,0.0,0.0,0.0,0.0,0.0,0.0,0.0,0.0,0.0,10.2,10.2,10.2,0.0,0.0,0.0,0.0,0.0,10.2,0.0,20.3,27.5,0,0,20.3,338,304,338,113,401,361,396,361,257,325,257,295,305,295,288,31,76,5,281,250,204,210,376,11,382,65,215,205,27,311
Players,1630237,Anthony Lamb,Anthony,1610612744,GSW,25.0,14,8,6,0.571,31.68166666666667,3.4,8.0,0.429,2.3,6.8,0.333,0.0,0.0,0.0,2.3,5.7,8.0,3.4,2.3,1.1,1.1,0.0,4.5,2.3,9.1,11.4,28.3,0,0,27.3,229,204,234,134,235,257,254,211,95,101,131,295,305,295,121,138,128,114,98,116,93,210,175,246,286,107,203,205,27,196
Players,1630559,Austin Reaves,Austin,1610612747,LAL,25.0,28,15,13,0.536,89.515,3.6,5.2,0.692,1.2,2.4,0.5,6.8,8.4,0.81,0.0,1.6,1.6,3.6,0.8,0.8,0.0,0.0,3.2,5.2,15.3,11.7,24.3,0,0,23.3,118,91,122,165,120,240,340,52,182,268,42,72,83,129,288,352,379,103,237,171,204,210,263,107,159,104,262,205,27,252
Players,203085,Austin Rivers,Austin,1610612750,MIN,30.0,20,11,9,0.55,29.863333333333333,3.6,7.2,0.5,2.4,4.8,0.5,0.0,0.0,0.0,0.0,1.2,1.2,2.4,0.0,2.4,0.0,0.0,4.8,1.2,9.6,3.6,21.9,0,0,20.5,181,158,185,152,244,241,277,117,85,158,42,295,305,295,288,365,384,165,281,33,204,210,153,304,276,176,298,205,27,307
Players,1630245,Ayo Dosunmu,Ayo,1610612741,CHI,23.0,24,9,15,0.375,63.306666666666665,4.0,8.0,0.5,0.0,2.8,0.0,1.7,2.3,0.75,1.1,5.7,6.8,1.1,0.6,1.7,0.6,0.6,5.7,1.1,9.7,-6.8,25.8,0,0,22.2,148,189,90,339,168,216,253,117,257,242,257,242,257,156,203,137,172,255,265,67,159,159,113,307,275,279,235,205,27,273
Players,1628389,Bam Adebayo,Bam,1610612748,MIA,25.0,47,28,19,0.596,180.23833333333334,5.8,10.0,0.58,0.0,0.4,0.0,6.4,7.0,0.914,2.8,6.0,8.8,2.6,2.2,2.4,1.0,0.2,5.0,5.0,18.0,17.4,40.4,20,0,36.2,2,1,38,120,3,116,185,90,257,323,257,82,114,74,86,125,108,155,105,35,107,208,143,119,116,76,74,12,27,93
Players,1627732,Ben Simmons,Ben,1610612751,BKN,26.0,11,9,2,0.818,30.513333333333332,1.2,2.4,0.5,0.0,0.0,0.0,3.5,7.1,0.5,2.4,8.3,10.6,4.7,0.0,2.4,1.2,0.0,3.5,4.7,5.9,-5.9,36.3,2,1,28.3,258,189,338,25,242,352,390,117,257,325,257,167,112,245,115,55,67,67,281,37,87,210,231,131,350,274,110,108,9,182
Players,1631097,Bennedict Mathurin,Bennedict,1610612754,IND,21.0,35,14,21,0.4,100.06,4.3,13.7,0.316,0.7,6.1,0.118,6.1,8.3,0.739,2.5,2.5,5.0,0.4,2.2,0.7,0.0,2.9,6.5,5.0,15.5,-6.8,22.1,0,0,23.0,55,108,21,316,109,194,110,317,226,121,253,91,84,180,101,313,250,293,109,181,204,14,79,115,156,280,295,205,27,258
Players,202687,Bismack Biyombo,Bismack,1610612756,PHX,30.0,4,2,2,0.5,7.138333333333334,5.0,5.0,1.0,0.0,0.0,0.0,0.0,10.1,0.0,0.0,20.2,20.2,5.0,0.0,0.0,10.1,0.0,0.0,5.0,10.1,45.4,72.1,1,0,55.5,351,326,338,188,359,151,344,1,257,325,257,295,62,295,288,3,4,60,281,250,4,210,376,114,267,21,10,148,27,15
Players,201933,Blake Griffin,Blake,1610612738,BOS,34.0,4,2,2,0.5,2.3916666666666666,15.1,15.1,1.0,0.0,0.0,0.0,15.1,15.1,1.0,15.1,0.0,15.1,0.0,0.0,0.0,0.0,0.0,0.0,15.1,45.2,0.0,63.2,0,0,60.2,351,326,338,188,413,8,90,1,257,325,257,10,19,1,2,373,19,297,281,250,204,210,376,3,8,207,13,205,27,11
Players,1631104,Blake Wesley,Blake,1610612759,SAS,20.0,2,2,0,1.0,2.85,25.3,25.3,1.0,12.6,12.6,1.0,0.0,0.0,0.0,0.0,0.0,0.0,0.0,0.0,0.0,0.0,0.0,0.0,0.0,63.2,113.7,63.2,0,0,75.8,394,326,435,1,410,4,12,1,3,19,1,295,305,295,288,373,388,297,281,250,204,210,376,329,5,7,14,205,27,7
Players,1626246,Boban Marjanović,Boban,1610612745,HOU,34.0,2,2,0,1.0,3.2183333333333333,11.2,11.2,1.0,0.0,0.0,0.0,0.0,0.0,0.0,11.2,11.2,22.4,0.0,0.0,11.2,11.2,0.0,0.0,0.0,22.4,89.5,116.3,0,0,89.5,394,326,435,1,406,14,159,1,257,325,257,295,305,295,5,18,3,297,281,4,3,210,376,329,65,9,6,205,27,6
Players,1626171,Bobby Portis,Bobby,1610612749,MIL,28.0,21,15,6,0.714,44.76,4.8,11.3,0.429,0.8,3.2,0.25,0.8,0.8,1.0,0.8,9.7,10.5,0.8,1.6,0.0,0.0,0.0,0.8,0.8,11.3,0.8,23.4,15,0,23.3,177,91,234,37,198,169,157,211,220,225,186,283,300,1,241,36,73,273,157,250,204,210,373,322,239,202,274,21,27,253
Players,203992,Bogdan Bogdanović,Bogdan,1610612737,ATL,30.0,24,12,12,0.5,65.95833333333333,4.4,13.6,0.32,1.6,8.7,0.188,0.5,1.6,0.333,0.0,4.4,4.4,2.2,0.5,0.5,0.5,0.5,0.5,0.5,10.9,-9.3,22.2,0,0,21.3,148,145,140,188,162,191,112,315,134,58,231,291,278,287,288,209,279,182,268,205,163,160,375,327,249,296,294,205,27,289
Players,202711,Bojan Bogdanović,Bojan,1610612765,DET,34.0,29,11,18,0.379,112.53333333333333,5.8,15.7,0.367,2.2,8.3,0.269,7.7,8.6,0.889,1.0,3.8,4.8,2.9,2.2,0.6,0.0,1.3,2.9,5.4,21.4,-11.5,31.2,0,0,32.6,105,158,55,334,83,119,85,269,99,67,182,55,79,88,217,232,260,138,102,194,204,72,282,94,76,305,161,205,27,127
Players,1629626,Bol Bol,Bol,1610612753,ORL,23.0,15,5,10,0.333,44.72,3.2,5.6,0.571,0.8,2.4,0.333,0.8,0.8,1.0,0.8,6.4,7.2,1.6,0.0,0.0,0.0,0.0,3.2,0.8,8.1,-25.8,19.2,4,0,17.7,219,259,169,360,199,274,328,91,219,266,131,282,299,1,240,105,155,228,281,250,204,210,262,321,311,375,332,76,27,345
Players,1630538,Bones Hyland,Bones,1610612746,LAC,22.0,12,8,4,0.667,19.963333333333335,5.4,10.8,0.5,0.0,3.6,0.0,7.2,9.0,0.8,0.0,3.6,3.6,9.0,7.2,0.0,0.0,0.0,1.8,5.4,18.0,-23.4,28.7,1,0,30.7,245,204,287,53,285,134,166,117,257,210,257,65,73,132,288,247,319,8,5,250,204,210,352,96,115,368,197,148,27,152
Players,203078,Bradley Beal,Bradley,1610612764,WAS,30.0,27,13,14,0.481,104.54,13.8,23.1,0.597,1.4,3.1,0.444,10.0,12.4,0.806,1.7,2.4,4.1,3.1,4.5,1.0,0.7,1.4,5.5,6.5,38.9,1.4,49.2,1,0,51.0,131,129,109,241,94,11,19,84,162,232,83,31,35,131,155,321,289,130,22,136,144,65,120,64,11,197,41,148,27,24
Players,1629634,Brandon Clarke,Brandon,1610612763,MEM,26.0,10,4,6,0.4,20.308333333333334,5.3,10.6,0.5,0.0,0.0,0.0,3.5,5.3,0.667,7.1,10.6,17.7,1.8,0.0,0.0,0.0,3.5,5.3,3.5,14.2,-33.7,38.1,1,0,33.7,271,278,234,316,284,140,170,117,257,325,257,166,159,195,20,28,9,209,281,250,204,12,129,177,180,390,90,148,27,115
Players,1627742,Brandon Ingram,Brandon,1610612740,NOP,25.0,19,8,11,0.421,61.11666666666667,14.1,24.7,0.571,0.6,1.2,0.5,13.0,13.0,1.0,0.0,2.4,2.4,6.5,4.1,1.2,1.2,0.6,4.7,8.8,41.8,5.3,57.3,2,0,56.0,191,204,153,300,171,10,13,91,238,309,42,15,31,1,288,323,363,29,26,111,88,157,161,25,10,157,22,108,27,13
Players,201572,Brook Lopez,Brook,1610612749,MIL,35.0,32,25,7,0.781,104.88333333333334,7.6,13.7,0.55,1.7,5.5,0.313,3.1,4.8,0.643,2.7,7.2,10.0,0.7,1.0,0.0,2.4,0.0,3.1,4.1,19.9,5.5,39.1,5,0,37.1,79,5,215,28,92,64,109,99,129,139,161,181,170,213,88,81,79,281,216,250,35,210,272,152,89,154,85,62,27,86
Players,1628971,Bruce Brown,Bruce,1610612743,DEN,26.0,29,19,10,0.655,75.725,4.8,9.5,0.5,1.9,4.8,0.4,1.9,2.4,0.8,0.5,2.9,3.3,0.5,1.4,1.9,0.5,1.4,2.9,1.4,13.3,14.7,23.7,1,1,23.8,105,40,169,82,149,171,198,117,114,160,97,231,254,132,273,297,335,290,174,55,171,58,284,293,195,92,269,148,9,248
Players,1628981,Bruno Fernando,Bruno,1610612737,ATL,24.0,4,4,0,1.0,4.178333333333334,0.0,0.0,0.0,0.0,0.0,0.0,8.6,17.2,0.5,0.0,8.6,8.6,0.0,0.0,0.0,0.0,0.0,25.8,8.6,8.6,0.0,19.0,0,0,17.2,351,278,435,1,397,361,396,361,257,325,257,45,13,245,288,46,110,297,281,250,204,210,8,28,299,207,337,205,27,352
Players,1631121,Bryce McGowens,Bryce,1610612766,CHA,20.0,3,1,2,0.333,7.081666666666667,0.0,5.1,0.0,0.0,0.0,0.0,10.2,10.2,1.0,0.0,5.1,5.1,0.0,0.0,0.0,0.0,0.0,0.0,5.1,10.2,-15.3,16.3,0,0,15.3,368,372,338,360,360,361,343,361,257,325,257,30,57,1,288,176,248,297,281,250,204,210,376,113,264,327,362,205,27,372
Players,1627741,Buddy Hield,Buddy,1610612754,IND,30.0,45,23,22,0.511,148.59,5.6,12.8,0.434,3.1,8.0,0.394,2.4,2.7,0.909,1.7,4.8,6.5,1.0,0.7,1.9,1.0,0.2,3.1,1.5,16.7,-2.4,34.0,2,0,33.2,3,10,13,187,24,125,123,206,52,73,104,207,248,78,158,187,185,262,245,53,111,205,270,289,134,241,129,108,27,119
Players,203468,CJ McCollum,CJ,1610612740,NOP,31.0,35,15,20,0.429,142.62166666666667,6.6,16.2,0.406,2.8,6.3,0.44,1.5,2.3,0.667,1.3,4.0,5.3,5.6,2.3,1.3,1.0,0.5,2.5,2.5,17.4,9.8,36.7,5,0,35.6,55,91,29,291,30,90,74,234,66,114,84,251,258,195,195,226,237,48,99,104,104,171,306,234,127,119,104,62,27,95
Players,1630595,Cade Cunningham,Cade,1610612765,DET,21.0,4,2,2,0.5,16.9,4.3,27.7,0.154,0.0,4.3,0.0,6.4,6.4,1.0,0.0,8.5,8.5,10.7,0.0,4.3,2.1,4.3,0.0,6.4,14.9,14.9,60.3,2,0,46.9,351,326,338,188,294,198,7,357,257,179,257,83,135,1,288,51,114,4,281,13,45,10,376,67,167,91,17,108,27,37
Players,1631216,Caleb Houstan,Caleb,1610612753,ORL,20.0,8,3,5,0.375,6.015,0.0,12.0,0.0,0.0,12.0,0.0,0.0,0.0,0.0,6.0,6.0,12.0,0.0,0.0,0.0,0.0,0.0,23.9,0.0,0.0,-113.7,14.4,0,0,12.0,290,304,262,339,370,361,140,361,257,22,257,295,305,295,28,126,44,297,281,250,204,210,11,329,382,442,380,205,27,393
Players,1628997,Caleb Martin,Caleb,1610612748,MIA,27.0,39,24,15,0.615,105.27,2.1,6.2,0.333,0.7,2.7,0.25,2.7,3.4,0.8,1.0,4.4,5.5,1.0,0.3,1.7,1.7,0.3,2.7,2.7,7.5,17.4,25.5,2,0,21.5,22,8,90,104,91,329,316,286,229,246,186,195,216,132,214,202,233,260,279,65,58,189,295,223,318,75,240,108,27,284
Players,1629629,Cam Reddish,Cam,1610612757,POR,23.0,9,4,5,0.444,43.50833333333333,5.8,9.1,0.636,1.7,4.1,0.4,0.8,0.8,1.0,0.8,1.7,2.5,0.0,0.8,1.7,0.8,0.0,7.4,0.8,14.1,4.1,23.7,0,0,23.2,277,278,262,272,204,117,215,68,131,185,97,281,298,1,234,350,361,297,235,70,126,210,57,320,183,170,270,205,27,255
Players,1630560,Cam Thomas,Cam,1610612751,BKN,21.0,11,5,6,0.455,29.638333333333332,14.6,24.3,0.6,1.2,3.6,0.333,19.4,23.1,0.842,1.2,4.9,6.1,0.0,2.4,3.6,0.0,1.2,6.1,13.4,49.8,-3.6,65.6,0,0,64.4,258,259,234,263,246,9,15,74,180,207,131,5,3,112,198,185,202,297,87,16,204,80,96,5,6,254,11,205,27,9
Players,1629661,Cameron Johnson,Cameron,1610612751,BKN,27.0,15,9,6,0.6,53.27166666666667,1.4,8.1,0.167,1.4,6.1,0.222,4.7,5.4,0.875,0.7,4.1,4.7,2.0,0.7,1.4,2.7,0.7,2.0,4.7,8.8,-4.1,29.0,0,0,25.0,219,189,234,113,179,350,246,353,166,122,213,124,155,92,256,224,265,191,252,92,29,147,337,130,293,256,192,205,27,234
Players,1626166,Cameron Payne,Cameron,1610612756,PHX,28.0,8,3,5,0.375,33.295,7.6,18.4,0.412,4.3,8.6,0.5,1.1,2.2,0.5,2.2,1.1,3.2,6.5,3.2,2.2,0.0,2.2,2.2,2.2,20.5,0.0,37.4,2,0,38.9,290,304,262,339,230,63,53,230,20,60,42,269,261,245,129,367,339,28,48,44,204,24,331,253,84,207,98,108,27,73
Players,1627747,Caris LeVert,Caris,1610612739,CLE,28.0,38,20,18,0.526,134.74666666666667,3.7,10.2,0.368,2.1,4.3,0.5,2.4,2.7,0.9,1.3,3.2,4.5,3.2,0.8,1.3,0.5,1.1,3.5,2.4,12.0,8.0,27.1,1,0,25.6,28,32,55,174,43,229,179,266,104,178,42,210,247,82,192,277,276,128,238,96,165,97,236,241,223,131,219,148,27,223
Players,1630637,Carlik Jones,Carlik,1610612741,CHI,25.0,1,1,0,1.0,3.3833333333333333,10.6,10.6,1.0,10.6,10.6,1.0,0.0,0.0,0.0,0.0,10.6,10.6,0.0,0.0,0.0,0.0,0.0,0.0,0.0,31.9,21.3,44.7,0,0,53.2,425,372,435,1,402,20,169,1,4,32,1,295,305,295,288,27,64,297,281,250,204,210,376,329,22,62,53,205,27,20
Players,1626224,Cedi Osman,Cedi,1610612739,CLE,28.0,15,8,7,0.533,33.053333333333335,3.3,7.6,0.429,1.1,5.4,0.2,4.4,4.4,1.0,0.0,3.3,3.3,0.0,1.1,1.1,0.0,0.0,4.4,4.4,12.0,7.6,18.1,0,0,18.5,219,204,215,168,231,269,268,211,191,142,218,141,189,1,288,273,337,297,210,122,204,210,190,147,224,136,344,205,27,338
Players,1629646,Charles Bassey,Charles,1610612759,SAS,22.0,3,2,1,0.667,1.21,0.0,0.0,0.0,0.0,0.0,0.0,0.0,0.0,0.0,0.0,0.0,0.0,0.0,0.0,0.0,0.0,0.0,0.0,0.0,0.0,0.0,0.0,0,0,0.0,368,326,381,53,424,361,396,361,257,325,257,295,305,295,288,373,388,297,281,250,204,210,376,329,382,207,413,205,27,413
Players,1629002,Chimezie Metu,Chimezie,1610612758,SAC,26.0,7,5,2,0.714,10.556666666666667,3.4,3.4,1.0,0.0,0.0,0.0,0.0,3.4,0.0,6.8,10.2,17.1,3.4,0.0,3.4,0.0,0.0,10.2,3.4,6.8,-3.4,42.6,0,0,34.1,309,259,338,37,332,256,378,1,257,325,257,295,218,295,21,30,11,112,281,18,204,210,30,184,334,252,66,205,27,109
Players,1628449,Chris Boucher,Chris,1610612761,TOR,30.0,9,4,5,0.444,26.93166666666667,4.0,8.0,0.5,1.3,4.0,0.333,0.0,1.3,0.0,2.7,8.0,10.7,0.0,1.3,1.3,0.0,1.3,4.0,1.3,9.4,-12.0,24.9,3,0,24.1,277,278,262,272,255,214,251,117,168,190,131,295,285,295,92,59,63,297,185,95,204,69,208,300,279,307,253,94,27,246
Players,1630537,Chris Duarte,Chris,1610612754,IND,26.0,6,2,4,0.333,4.56,0.0,7.9,0.0,0.0,0.0,0.0,0.0,0.0,0.0,0.0,0.0,0.0,0.0,0.0,0.0,0.0,0.0,0.0,0.0,0.0,-102.6,0.0,0,0,0.0,322,326,287,360,389,361,256,361,257,325,257,295,305,295,288,373,388,297,281,250,204,210,376,329,382,440,413,205,27,413
Players,101108,Chris Paul,Chris,1610612756,PHX,38.0,25,11,14,0.44,97.815,5.9,14.0,0.421,1.8,5.2,0.357,4.0,6.3,0.647,0.7,4.0,4.8,7.4,1.1,1.5,0.0,0.4,3.3,4.8,17.7,-7.7,37.8,10,0,34.6,145,158,109,285,111,114,106,224,117,147,123,147,138,211,245,225,261,18,208,78,204,185,252,129,120,288,94,32,27,102
Players,1631128,Christian Braun,Christian,1610612743,DEN,22.0,10,4,6,0.4,14.943333333333333,2.4,4.8,0.5,0.0,2.4,0.0,7.2,9.6,0.75,0.0,4.8,4.8,0.0,0.0,2.4,4.8,0.0,7.2,4.8,12.0,-62.6,39.5,0,0,31.3,271,278,234,316,307,314,352,117,257,269,257,64,67,156,288,191,259,297,281,34,13,210,66,128,222,425,79,205,27,146
Players,1631132,Christian Koloko,Christian,1610612761,TOR,23.0,3,2,1,0.667,14.591666666666667,4.9,4.9,1.0,2.5,2.5,1.0,4.9,9.9,0.5,9.9,7.4,17.3,0.0,0.0,0.0,2.5,0.0,4.9,9.9,17.3,27.1,45.4,0,0,41.9,368,326,381,53,308,160,348,1,79,260,1,119,63,245,6,68,10,297,281,250,33,210,147,16,128,50,51,205,27,54
Players,1626174,Christian Wood,Christian,1610612742,DAL,27.0,31,16,15,0.516,102.23833333333333,4.6,10.6,0.433,1.8,5.3,0.333,4.9,6.3,0.778,2.1,7.4,9.5,1.8,1.8,1.4,3.5,0.0,3.2,5.3,15.8,2.8,42.9,5,0,38.7,87,80,90,182,101,184,172,207,123,144,131,120,136,148,131,69,89,212,138,85,21,210,267,102,150,182,64,62,27,75
Players,1629643,Chuma Okeke,Chuma,1610612753,ORL,24.0,6,3,3,0.5,9.966666666666667,3.6,3.6,1.0,0.0,0.0,0.0,0.0,0.0,0.0,0.0,7.2,7.2,0.0,0.0,3.6,3.6,0.0,0.0,0.0,7.2,-18.1,37.6,0,0,28.9,322,304,317,188,338,242,373,1,257,325,257,295,305,295,288,80,156,297,281,17,18,210,376,329,326,343,97,205,27,176
Players,203991,Clint Capela,Clint,1610612737,ATL,29.0,30,15,15,0.5,122.72166666666666,4.1,7.6,0.538,0.0,0.0,0.0,1.5,2.9,0.5,3.8,7.3,11.1,0.9,0.6,0.3,1.5,0.3,4.1,3.2,9.7,-14.7,29.1,18,0,25.2,94,91,90,188,63,202,267,103,257,325,257,255,239,245,57,76,55,270,261,241,74,197,206,193,273,325,189,14,27,228
Players,1629632,Coby White,Coby,1610612741,CHI,23.0,22,7,15,0.318,45.586666666666666,4.7,9.5,0.5,3.2,5.5,0.571,6.3,7.1,0.889,0.0,6.3,6.3,2.4,0.0,0.8,0.0,1.6,2.4,3.9,19.0,8.7,32.5,1,0,32.4,169,223,90,385,196,174,200,117,51,138,35,84,111,88,288,112,192,169,281,174,204,41,313,161,101,128,144,148,27,130
Players,1628998,Cody Martin,Cody,1610612766,CHA,27.0,2,0,2,0.0,4.4366666666666665,8.1,8.1,1.0,8.1,8.1,1.0,0.0,0.0,0.0,8.1,0.0,8.1,0.0,0.0,0.0,0.0,0.0,0.0,0.0,24.3,-24.3,34.1,0,0,40.6,394,418,338,418,391,55,245,1,8,72,1,295,305,295,14,373,123,297,281,250,204,210,376,329,54,370,127,205,27,59
Players,203469,Cody Zeller,Cody,1610612748,MIA,30.0,2,1,1,0.5,0.7666666666666667,0.0,0.0,0.0,0.0,0.0,0.0,0.0,0.0,0.0,0.0,0.0,0.0,0.0,0.0,0.0,0.0,0.0,0.0,0.0,0.0,-47.0,0.0,0,0,0.0,394,372,381,188,433,361,396,361,257,325,257,295,305,295,288,373,388,297,281,250,204,210,376,329,382,411,413,205,27,413
Players,1630175,Cole Anthony,Cole,1610612753,ORL,23.0,15,7,8,0.467,30.326666666666668,4.7,10.7,0.444,3.6,7.1,0.5,1.2,1.2,1.0,1.2,5.9,7.1,1.2,4.7,0.0,0.0,0.0,4.7,1.2,14.2,-4.7,19.8,0,0,26.1,219,223,195,251,243,173,168,192,44,92,42,266,289,1,199,128,160,249,17,250,204,210,155,305,179,263,326,205,27,216
Players,1629012,Collin Sexton,Collin,1610612762,UTA,24.0,20,8,12,0.4,43.763333333333335,9.9,14.0,0.706,0.8,2.5,0.333,4.1,6.6,0.625,0.8,1.6,2.5,3.3,2.5,0.8,0.8,1.6,4.9,4.9,24.7,0.0,35.0,1,0,34.5,181,204,140,316,202,27,107,51,216,259,131,144,133,217,235,351,362,124,84,166,127,37,146,123,51,207,120,148,27,104
Players,1630557,Corey Kispert,Corey,1610612764,WAS,24.0,28,9,19,0.321,81.30166666666666,0.0,3.5,0.0,0.0,3.1,0.0,1.3,1.3,1.0,1.3,2.7,4.0,0.9,0.4,0.4,0.4,0.0,2.7,0.9,1.3,-14.2,9.7,0,0,8.0,118,189,38,383,138,361,374,361,257,231,257,261,286,1,193,310,299,268,272,223,179,210,302,315,381,323,397,205,27,402
Players,202709,Cory Joseph,Cory,1610612765,DET,31.0,13,3,10,0.231,38.44,4.7,9.4,0.5,2.8,7.5,0.375,0.0,0.0,0.0,0.0,4.7,4.7,1.9,0.9,0.0,0.0,0.9,4.7,0.0,12.2,-30.0,19.7,0,0,21.5,237,304,169,404,218,176,204,117,65,83,111,295,305,295,288,195,267,202,227,250,204,113,163,329,217,384,327,205,27,285
Players,1626156,D'Angelo Russell,D'Angelo,1610612747,LAL,27.0,32,17,15,0.531,95.16833333333334,7.2,16.6,0.432,3.0,9.8,0.308,2.3,2.6,0.857,0.8,1.9,2.6,2.6,2.3,1.5,0.4,0.0,4.9,3.0,19.7,3.4,30.2,4,0,31.8,79,61,90,171,118,76,67,208,54,44,163,214,250,102,242,344,355,152,100,76,186,210,148,204,93,179,177,76,27,137
Players,1630227,Daishen Nix,Daishen,1610612745,HOU,21.0,7,4,3,0.571,15.455,7.0,9.3,0.75,2.3,2.3,1.0,4.7,7.0,0.667,0.0,2.3,2.3,2.3,2.3,0.0,0.0,0.0,2.3,4.7,21.0,2.3,24.9,0,0,28.0,309,278,317,134,301,83,206,42,92,276,1,129,115,195,288,324,365,171,95,250,204,210,316,134,79,188,252,205,27,186
Players,1630625,Dalano Banton,Dalano,1610612761,TOR,23.0,2,2,0,1.0,4.471666666666667,24.2,40.3,0.6,8.1,16.1,0.5,32.2,32.2,1.0,0.0,0.0,0.0,8.1,0.0,8.1,0.0,0.0,0.0,24.2,88.6,72.5,124.8,0,0,120.8,394,326,435,1,390,5,4,74,9,10,42,2,2,1,288,373,388,14,281,6,204,210,376,2,3,11,4,205,27,4
Players,1627745,Damian Jones,Damian,1610612762,UTA,28.0,3,1,2,0.333,6.501666666666667,0.0,0.0,0.0,0.0,0.0,0.0,11.1,11.1,1.0,0.0,11.1,11.1,0.0,0.0,0.0,0.0,0.0,0.0,5.5,11.1,-5.5,24.4,0,0,22.1,368,372,338,360,367,361,396,361,257,325,257,23,49,1,288,21,57,297,281,250,204,210,376,92,244,271,261,205,27,275
Players,203081,Damian Lillard,Damian,1610612757,POR,32.0,26,11,15,0.423,101.225,8.2,21.3,0.383,2.8,10.0,0.286,11.4,12.1,0.941,1.8,5.7,7.5,5.7,2.8,0.7,1.4,2.5,2.5,7.8,30.6,-3.2,51.6,8,1,50.9,137,158,90,299,105,52,33,255,64,41,174,21,39,68,150,136,143,47,69,183,78,18,310,33,30,249,29,43,9,25
Players,1627814,Damion Lee,Damion,1610612756,PHX,30.0,23,11,12,0.478,49.99666666666667,5.8,11.5,0.5,4.3,7.9,0.545,2.9,3.6,0.8,2.9,2.2,5.0,0.7,1.4,1.4,0.0,0.0,6.5,3.6,18.7,16.6,28.7,0,0,31.7,158,158,140,243,188,118,152,117,21,75,39,190,210,132,83,336,249,277,173,81,204,210,78,175,104,83,195,205,27,139
Players,1629655,Daniel Gafford,Daniel,1610612764,WAS,24.0,17,7,10,0.412,29.356666666666666,6.1,8.6,0.714,0.0,0.0,0.0,3.7,4.9,0.75,8.6,11.0,19.6,0.0,0.0,1.2,6.1,0.0,0.0,6.1,15.9,29.4,61.6,5,0,50.3,203,223,169,310,250,109,229,48,257,325,257,159,168,156,10,22,6,297,281,106,8,210,376,77,148,45,16,62,27,27
Players,1628464,Daniel Theis,Daniel,1610612754,IND,31.0,1,0,1,0.0,0.006666666666666667,0.0,0.0,0.0,0.0,0.0,0.0,0.0,0.0,0.0,0.0,0.0,0.0,0.0,0.0,0.0,0.0,0.0,0.0,0.0,0.0,0.0,0.0,0,0,0.0,425,418,381,418,450,361,396,361,257,325,257,295,305,295,288,373,388,297,281,250,204,210,376,329,382,207,413,205,27,413
Players,201980,Danny Green,Danny,1610612739,CLE,36.0,1,0,1,0.0,0.05,0.0,0.0,0.0,0.0,0.0,0.0,0.0,0.0,0.0,0.0,0.0,0.0,0.0,0.0,0.0,0.0,0.0,0.0,0.0,0.0,0.0,0.0,0,0,0.0,425,418,381,418,445,361,396,361,257,325,257,295,305,295,288,373,388,297,281,250,204,210,376,329,382,207,413,205,27,413
Players,1627863,Danuel House Jr.,Danuel,1610612755,PHI,30.0,9,4,5,0.444,9.806666666666667,7.3,11.0,0.667,0.0,3.7,0.0,3.7,7.3,0.5,0.0,11.0,11.0,0.0,3.7,0.0,0.0,0.0,14.7,0.0,18.4,-18.4,27.9,0,0,29.4,277,278,262,272,342,71,161,53,257,206,257,161,104,245,288,23,58,297,35,250,204,210,14,329,109,344,209,205,27,171
Players,203967,Dario Šarić,Dario,1610612760,OKC,29.0,3,2,1,0.667,1.46,0.0,0.0,0.0,0.0,0.0,0.0,49.3,49.3,1.0,0.0,0.0,0.0,0.0,0.0,24.7,0.0,0.0,0.0,24.7,49.3,98.6,123.3,0,0,98.6,368,326,381,53,418,361,396,361,257,325,257,1,1,1,288,373,388,297,281,2,204,210,376,1,7,8,5,205,27,5
Players,1629647,Darius Bazley,Darius,1610612756,PHX,23.0,11,3,8,0.273,19.606666666666666,1.8,5.5,0.333,0.0,1.8,0.0,0.0,0.0,0.0,1.8,7.3,9.2,0.0,0.0,1.8,0.0,0.0,1.8,0.0,3.7,-27.5,20.2,0,0,16.5,258,304,195,394,287,336,332,286,257,292,257,295,305,295,146,74,97,297,281,56,204,210,348,329,369,380,320,205,27,363
Players,1629636,Darius Garland,Darius,1610612739,CLE,23.0,36,17,19,0.472,122.60666666666667,6.2,18.2,0.339,1.5,6.2,0.238,3.8,5.6,0.684,0.0,3.5,3.5,6.5,4.4,0.6,0.0,1.8,4.1,4.1,17.6,7.3,28.9,10,0,30.2,42,61,38,247,64,108,55,284,153,119,208,154,148,194,288,255,323,30,24,198,204,33,205,153,122,137,193,32,27,159
Players,1630561,David Duke Jr.,David,1610612751,BKN,23.0,3,1,2,0.333,5.655,0.0,6.4,0.0,0.0,0.0,0.0,12.7,12.7,1.0,6.4,0.0,6.4,0.0,0.0,0.0,0.0,6.4,6.4,6.4,12.7,-50.9,20.4,0,0,19.1,368,372,338,360,373,361,309,361,257,325,257,16,32,1,25,373,188,297,281,250,204,5,82,69,204,417,316,205,27,330
Players,1631223,David Roddy,David,1610612763,MEM,22.0,12,8,4,0.667,22.815,4.7,6.3,0.75,1.6,3.2,0.5,0.0,0.0,0.0,1.6,3.2,4.7,0.0,3.2,0.0,1.6,0.0,3.2,0.0,11.0,33.1,18.3,0,0,20.5,245,204,287,53,270,175,310,42,141,230,42,295,305,295,168,283,264,297,51,250,64,210,269,329,246,36,341,205,27,306
Players,1630558,Davion Mitchell,Davion,1610612758,SAC,24.0,31,19,12,0.613,46.263333333333335,5.4,8.6,0.636,1.6,4.7,0.333,0.0,0.0,0.0,0.0,1.6,1.6,1.6,0.8,1.6,0.0,0.0,7.0,0.8,12.5,-15.6,20.5,0,0,20.2,87,40,140,107,195,132,230,68,146,165,131,295,305,295,288,356,381,233,241,74,204,210,68,323,210,329,313,205,27,312
Players,1628432,Davon Reed,Davon,1610612747,LAL,28.0,1,1,0,1.0,0.1,0.0,0.0,0.0,0.0,0.0,0.0,0.0,0.0,0.0,0.0,0.0,0.0,0.0,0.0,0.0,0.0,0.0,0.0,0.0,0.0,0.0,0.0,0,0,0.0,425,372,435,1,441,361,396,361,257,325,257,295,305,295,288,373,388,297,281,250,204,210,376,329,382,207,413,205,27,413
Players,1630549,Day'Ron Sharpe,Day'Ron,1610612751,BKN,21.0,8,3,5,0.375,6.775,0.0,5.3,0.0,0.0,0.0,0.0,0.0,0.0,0.0,0.0,0.0,0.0,0.0,0.0,5.3,5.3,5.3,5.3,0.0,0.0,-21.3,31.9,2,0,21.3,290,304,262,339,364,361,335,361,257,325,257,295,305,295,288,373,388,297,281,10,10,8,130,329,382,356,150,108,27,291
Players,1628368,De'Aaron Fox,De'Aaron,1610612758,SAC,25.0,39,22,17,0.564,159.93,16.2,30.6,0.529,1.6,5.0,0.318,9.7,11.3,0.86,0.9,3.2,4.1,4.5,2.9,2.3,0.2,1.4,4.7,7.0,43.7,5.4,59.8,8,0,58.8,22,16,69,144,12,7,5,107,143,153,157,37,45,101,224,284,293,73,65,40,202,67,158,51,9,155,18,43,27,12
Players,1629631,De'Andre Hunter,De'Andre,1610612737,ATL,25.0,36,17,19,0.472,132.935,3.0,6.2,0.478,0.8,2.7,0.3,2.4,3.8,0.643,0.8,4.1,4.9,0.5,1.4,0.5,0.5,0.5,5.4,2.4,9.2,-12.5,17.8,0,0,17.6,42,61,38,247,45,281,314,167,218,247,168,206,204,213,237,223,256,286,181,206,164,161,125,239,283,309,348,205,27,348
Players,1629001,De'Anthony Melton,De'Anthony,1610612755,PHI,25.0,35,21,14,0.6,115.73166666666667,4.0,8.7,0.464,3.4,6.2,0.55,3.4,4.0,0.846,2.2,3.7,5.9,1.2,1.6,2.2,0.0,0.3,3.4,2.5,14.9,5.6,28.9,0,0,29.9,55,24,109,113,76,210,227,174,48,117,38,172,199,109,128,236,213,245,164,43,204,194,242,237,166,151,194,205,27,165
Players,201599,DeAndre Jordan,DeAndre,1610612743,DEN,34.0,2,1,1,0.5,8.085,0.0,0.0,0.0,0.0,0.0,0.0,0.0,0.0,0.0,0.0,17.8,17.8,0.0,0.0,0.0,0.0,0.0,0.0,0.0,0.0,-40.1,21.4,1,0,17.8,394,372,381,188,354,361,396,361,257,325,257,295,305,295,288,5,8,297,281,250,204,210,376,329,382,398,305,148,27,343
Players,201942,DeMar DeRozan,DeMar,1610612741,CHI,33.0,34,14,20,0.412,159.50333333333333,11.1,23.5,0.471,0.7,2.5,0.273,13.1,14.7,0.892,1.4,5.4,6.8,3.6,2.0,0.9,0.5,2.0,2.5,9.5,35.9,1.8,51.5,4,0,49.7,63,108,29,310,13,16,17,171,230,257,181,14,21,87,188,153,175,104,120,154,178,27,311,18,13,194,30,76,27,29
Players,1629731,Dean Wade,Dean,1610612739,CLE,26.0,12,8,4,0.667,20.765,1.7,3.5,0.5,0.0,1.7,0.0,1.7,3.5,0.5,1.7,5.2,6.9,1.7,0.0,0.0,0.0,0.0,3.5,1.7,5.2,36.4,16.1,0,0,13.9,245,204,287,53,280,340,377,117,257,298,257,240,213,245,154,169,166,218,281,250,204,210,237,272,356,29,363,205,27,379
Players,1629028,Deandre Ayton,Deandre,1610612756,PHX,24.0,29,14,15,0.483,120.255,6.6,12.6,0.524,0.0,0.0,0.0,5.4,6.6,0.818,5.1,7.2,12.3,1.8,2.1,1.8,1.8,1.5,4.2,5.4,18.6,0.3,44.7,18,0,39.8,105,108,90,239,68,88,129,110,257,325,257,107,129,125,32,82,41,206,113,57,53,52,199,97,107,205,54,14,27,63
Players,1627749,Dejounte Murray,Dejounte,1610612737,ATL,26.0,40,19,21,0.475,161.28333333333333,9.2,20.5,0.446,1.3,4.2,0.316,5.8,7.1,0.813,0.9,4.9,5.8,1.8,0.9,1.8,0.7,1.1,3.3,3.8,25.4,-12.9,41.6,3,1,39.3,17,40,21,245,11,36,38,191,167,180,160,97,109,126,228,182,218,208,229,58,149,90,246,167,46,312,69,94,9,69
Players,1626153,Delon Wright,Delon,1610612764,WAS,31.0,18,8,10,0.444,63.513333333333335,2.8,6.2,0.455,0.6,2.3,0.25,0.0,0.0,0.0,3.4,2.3,5.7,3.4,0.6,3.4,1.1,1.1,1.1,0.6,6.2,-5.7,31.2,0,0,24.9,199,204,169,272,166,290,312,187,241,280,186,295,305,295,71,328,224,115,267,20,94,87,371,326,348,272,162,205,27,235
Players,1630166,Deni Avdija,Deni,1610612764,WAS,22.0,29,11,18,0.379,81.795,2.2,5.7,0.385,1.3,3.1,0.429,3.1,3.5,0.875,0.4,9.2,9.7,1.8,3.5,0.9,0.9,0.9,4.0,2.2,8.8,-13.6,24.8,7,0,25.1,105,158,55,334,136,325,326,253,169,233,88,182,211,92,278,39,84,213,41,156,119,119,213,250,292,318,254,49,27,230
Players,203471,Dennis Schröder,Dennis,1610612747,LAL,29.0,32,19,13,0.594,115.16666666666667,6.3,11.9,0.526,0.9,4.4,0.214,7.5,7.5,1.0,0.6,2.8,3.4,3.4,0.6,0.3,0.0,0.3,3.8,5.6,20.9,18.1,30.5,2,0,29.4,79,40,122,121,78,102,142,108,205,173,217,58,100,1,264,300,330,110,259,235,204,192,222,88,80,73,172,108,27,170
Players,1628372,Dennis Smith Jr.,Dennis,1610612766,CHA,25.0,20,12,8,0.6,54.013333333333335,8.0,16.0,0.5,0.7,4.7,0.143,2.0,5.3,0.375,0.7,2.7,3.3,6.0,0.0,2.0,0.0,1.3,4.7,3.3,18.7,-0.7,37.7,1,0,32.7,181,145,195,113,175,58,76,117,232,166,248,227,158,285,258,308,334,42,281,51,204,70,167,187,105,231,96,148,27,126
Players,1627884,Derrick Jones Jr.,Derrick,1610612741,CHI,26.0,7,3,4,0.429,12.663333333333334,2.8,2.8,1.0,0.0,0.0,0.0,2.8,11.4,0.25,2.8,8.5,11.4,2.8,2.8,2.8,5.7,0.0,2.8,5.7,8.5,-45.5,49.2,0,0,39.8,309,304,287,291,321,288,385,1,257,325,257,191,44,291,85,50,50,141,70,29,9,210,285,86,300,409,42,205,27,64
Players,201565,Derrick Rose,Derrick,1610612752,NYK,34.0,1,0,1,0.0,0.075,0.0,0.0,0.0,0.0,0.0,0.0,0.0,0.0,0.0,0.0,0.0,0.0,0.0,0.0,0.0,0.0,0.0,0.0,0.0,0.0,1440.0,0.0,0,0,0.0,425,418,381,418,443,361,396,361,257,325,257,295,305,295,288,373,388,297,281,250,204,210,376,329,382,2,413,205,27,413
Players,1628401,Derrick White,Derrick,1610612738,BOS,28.0,24,14,10,0.583,63.585,7.4,13.0,0.565,4.0,7.4,0.538,2.8,2.8,1.0,0.0,2.3,2.3,4.0,1.7,0.0,1.1,0.0,7.4,2.8,21.5,15.3,31.9,2,0,34.0,148,108,169,125,165,69,121,94,30,87,41,192,242,1,288,329,366,88,147,250,95,210,61,216,74,90,151,108,27,110
Players,1630217,Desmond Bane,Desmond,1610612763,MEM,25.0,28,17,11,0.607,95.74166666666666,9.4,20.3,0.463,2.3,8.6,0.261,11.3,13.9,0.811,2.6,3.4,6.0,2.3,2.3,0.4,0.0,1.1,1.9,9.0,32.3,4.5,41.8,0,0,43.6,118,61,153,111,116,33,39,176,98,61,185,22,28,128,93,261,208,176,101,230,204,88,346,23,20,167,68,205,27,49
Players,1626164,Devin Booker,Devin,1610612756,PHX,26.0,23,12,11,0.522,89.22,8.9,23.8,0.373,1.6,8.5,0.19,6.5,10.1,0.64,1.6,2.4,4.0,3.6,2.4,0.8,0.0,1.2,4.4,7.7,25.8,5.2,36.1,4,0,36.7,158,145,153,179,122,38,16,265,139,64,230,79,61,215,164,320,295,101,88,170,204,81,183,37,41,160,111,76,27,89
Players,1630170,Devin Vassell,Devin,1610612759,SAS,22.0,11,5,6,0.455,37.123333333333335,3.9,11.6,0.333,1.0,5.8,0.167,2.9,4.8,0.6,0.0,1.9,1.9,2.9,1.0,1.0,0.0,0.0,1.9,2.9,11.6,-25.2,20.3,0,0,19.4,258,259,234,263,221,222,148,286,202,131,233,189,169,223,288,343,375,137,223,139,204,210,344,214,231,371,319,205,27,323
Players,1628984,Devonte' Graham,Devonte',1610612759,SAS,28.0,12,4,8,0.333,31.303333333333335,3.5,10.4,0.333,3.5,9.2,0.375,4.6,6.9,0.667,1.2,2.3,3.5,1.2,1.2,0.0,0.0,0.0,2.3,5.8,15.0,-8.1,19.7,0,0,23.0,245,278,195,360,240,253,176,286,47,52,111,132,119,195,201,326,329,251,199,250,204,210,318,83,165,289,328,205,27,260
Players,203473,Dewayne Dedmon,Dewayne,1610612755,PHI,33.0,4,3,1,0.75,0.12,0.0,0.0,0.0,0.0,0.0,0.0,0.0,0.0,0.0,0.0,0.0,0.0,0.0,0.0,0.0,0.0,0.0,0.0,0.0,0.0,0.0,0.0,0,0,0.0,351,304,381,31,440,361,396,361,257,325,257,295,305,295,288,373,388,297,281,250,204,210,376,329,382,207,413,205,27,413
Players,1628415,Dillon Brooks,Dillon,1610612763,MEM,27.0,30,17,13,0.567,79.52833333333334,4.1,9.1,0.45,2.3,5.0,0.455,1.4,2.3,0.6,0.9,2.3,3.2,1.4,1.4,0.9,0.5,0.5,5.9,1.8,11.8,6.3,20.3,0,0,21.3,94,61,122,142,142,209,217,190,97,152,80,259,259,223,221,330,342,241,180,152,176,174,104,266,229,148,317,205,27,290
Players,1627734,Domantas Sabonis,Domantas,1610612758,SAC,27.0,39,23,16,0.59,153.30333333333334,4.9,8.9,0.553,0.0,0.2,0.0,5.6,7.0,0.8,4.0,5.6,9.6,3.8,1.6,0.5,0.5,0.9,5.2,4.9,15.5,13.2,33.9,31,5,30.8,22,10,77,122,20,161,219,97,257,324,257,101,113,132,53,143,86,95,152,221,173,112,136,124,155,98,131,1,3,151
Players,1631230,Dominick Barlow,Dominick,1610612759,SAS,20.0,2,1,1,0.5,4.64,0.0,0.0,0.0,0.0,0.0,0.0,15.5,15.5,1.0,0.0,0.0,0.0,7.8,0.0,0.0,0.0,0.0,0.0,7.8,15.5,69.8,27.2,1,0,23.3,394,372,381,188,387,361,396,361,257,325,257,9,17,1,288,373,388,15,281,250,204,210,376,35,154,12,218,148,27,254
Players,1628378,Donovan Mitchell,Donovan,1610612739,CLE,26.0,40,23,17,0.575,155.245,10.4,25.7,0.405,3.0,9.5,0.317,8.1,9.7,0.833,2.6,3.7,6.3,3.2,2.6,1.4,0.9,1.9,4.9,6.7,32.0,9.5,48.8,5,0,49.2,17,10,69,133,17,22,10,235,55,47,159,53,66,114,99,238,194,127,81,86,115,31,150,59,21,120,43,62,27,31
Players,1628978,Donte DiVincenzo,Donte,1610612744,GSW,26.0,28,12,16,0.429,88.95333333333333,2.8,8.5,0.333,2.4,6.9,0.353,1.6,2.4,0.667,2.4,6.9,9.3,2.8,0.4,2.0,0.4,0.0,1.6,1.6,9.7,2.8,32.0,2,0,29.1,118,145,77,291,124,291,233,286,82,97,124,247,253,195,108,93,96,142,277,50,185,210,359,282,272,181,147,108,27,173
Players,1627827,Dorian Finney-Smith,Dorian,1610612751,BKN,30.0,34,15,19,0.441,119.20833333333333,3.3,8.2,0.407,2.7,5.7,0.474,2.1,3.6,0.583,1.8,2.1,3.9,0.6,1.5,0.3,0.6,0.9,3.9,2.1,11.5,-12.7,18.3,2,0,20.5,63,91,38,283,72,264,243,233,69,133,79,221,209,232,148,339,303,283,169,237,152,116,215,256,234,311,342,108,27,305
Players,203926,Doug McDermott,Doug,1610612759,SAS,31.0,12,5,7,0.417,22.995,6.3,12.5,0.5,1.6,1.6,1.0,4.7,4.7,1.0,1.6,1.6,3.1,0.0,0.0,0.0,0.0,1.6,1.6,1.6,18.8,54.8,22.5,0,0,23.5,245,259,215,304,269,101,132,117,144,303,1,126,176,1,170,354,343,297,281,250,204,44,362,285,103,17,289,205,27,250
Players,203110,Draymond Green,Draymond,1610612744,GSW,33.0,34,17,17,0.5,144.74166666666667,3.2,6.0,0.542,0.7,2.0,0.375,1.7,3.0,0.583,1.7,6.2,8.0,3.5,2.7,0.5,1.5,0.2,5.5,3.0,9.0,-2.5,27.0,8,0,25.1,63,61,69,188,29,271,320,102,222,289,111,239,235,232,152,115,126,108,74,216,68,203,122,208,289,242,222,43,27,229
Players,1629234,Drew Eubanks,Drew,1610612757,POR,26.0,19,6,13,0.316,53.721666666666664,3.4,6.7,0.5,0.0,2.0,0.0,2.0,3.4,0.6,0.7,5.4,6.0,2.0,0.0,0.0,3.4,0.0,3.4,2.7,8.7,-22.1,29.0,1,0,23.5,191,239,122,386,176,259,290,117,257,288,257,226,219,223,257,161,207,193,281,250,22,210,245,226,296,362,191,148,27,251
Players,1630696,Dru Smith,Dru,1610612751,BKN,25.0,2,0,2,0.0,2.3966666666666665,0.0,0.0,0.0,0.0,0.0,0.0,0.0,0.0,0.0,0.0,15.0,15.0,0.0,0.0,0.0,0.0,0.0,30.0,0.0,0.0,-60.1,18.0,0,0,15.0,394,418,338,418,412,361,396,361,257,325,257,295,305,295,288,7,20,297,281,250,204,210,7,329,382,422,345,205,27,374
Players,1629130,Duncan Robinson,Duncan,1610612748,MIA,29.0,3,2,1,0.667,4.8933333333333335,7.4,14.7,0.5,7.4,14.7,0.5,0.0,0.0,0.0,0.0,0.0,0.0,0.0,7.4,0.0,0.0,0.0,7.4,0.0,22.1,58.9,14.7,0,0,29.4,368,326,381,53,385,70,96,117,11,13,42,295,305,295,288,373,388,297,3,250,204,210,62,329,67,14,377,205,27,168
Players,203939,Dwight Powell,Dwight,1610612742,DAL,31.0,33,19,14,0.576,64.48166666666667,5.0,6.7,0.75,0.0,0.0,0.0,5.6,7.8,0.714,5.0,4.5,9.5,2.2,0.0,1.7,0.6,1.1,6.1,5.0,15.6,14.0,37.1,1,0,31.8,74,40,109,132,164,153,291,42,257,325,257,103,97,183,33,200,90,177,281,69,160,89,91,117,153,94,103,148,27,135
Players,1630700,Dyson Daniels,Dyson,1610612740,NOP,20.0,9,5,4,0.556,19.703333333333333,3.7,5.5,0.667,0.0,1.8,0.0,0.0,3.7,0.0,3.7,5.5,9.1,7.3,1.8,7.3,0.0,0.0,3.7,1.8,7.3,1.8,49.3,0,0,38.4,277,259,287,147,286,237,333,53,257,293,257,295,207,295,60,150,99,19,133,7,204,210,226,265,325,193,39,205,27,78
Players,202722,Dāvis Bertāns,Dāvis,1610612742,DAL,30.0,4,2,2,0.5,7.198333333333333,5.0,10.0,0.5,5.0,10.0,0.5,0.0,0.0,0.0,0.0,5.0,5.0,5.0,0.0,0.0,0.0,0.0,5.0,0.0,15.0,-40.0,28.5,0,0,30.0,351,326,338,188,358,157,184,117,16,40,42,295,305,295,288,178,251,61,281,250,204,210,141,329,163,397,200,205,27,162
Players,1628410,Edmond Sumner,Edmond,1610612751,BKN,27.0,6,3,3,0.5,10.708333333333334,3.4,6.7,0.5,0.0,0.0,0.0,16.8,20.2,0.833,0.0,3.4,3.4,0.0,0.0,0.0,0.0,0.0,3.4,13.4,23.5,-33.6,27.6,0,0,26.9,322,304,317,188,331,258,288,117,257,325,257,6,7,114,288,266,333,297,281,250,204,210,244,4,59,389,213,205,27,201
Players,201569,Eric Gordon,Eric,1610612746,LAC,34.0,33,13,20,0.394,82.63,3.0,7.8,0.389,1.3,3.5,0.375,2.6,3.0,0.857,0.9,1.3,2.2,3.9,1.7,0.9,0.4,0.9,2.2,2.2,10.0,-6.5,20.7,0,0,20.0,74,129,29,328,134,278,260,249,170,217,111,202,231,102,231,364,371,90,140,158,182,120,329,252,268,277,311,205,27,315
Players,1630647,Eugene Omoruyi,Eugene,1610612765,DET,26.0,5,1,4,0.2,15.065,2.4,4.8,0.5,0.0,2.4,0.0,2.4,4.8,0.5,2.4,4.8,7.2,2.4,0.0,2.4,0.0,0.0,9.6,2.4,7.2,-26.3,26.5,0,0,21.5,338,372,287,408,306,315,354,117,257,270,257,211,172,245,111,193,157,168,281,36,204,210,34,242,328,378,226,205,27,286
Players,203095,Evan Fournier,Evan,1610612752,NYK,30.0,8,4,4,0.5,10.94,3.3,9.9,0.333,3.3,9.9,0.333,3.3,6.6,0.5,0.0,0.0,0.0,3.3,0.0,0.0,0.0,0.0,6.6,3.3,13.2,-13.2,18.1,0,0,19.7,290,278,287,188,330,267,187,286,49,42,131,175,132,245,288,373,388,123,281,250,204,210,77,190,197,313,343,205,27,320
Players,1630596,Evan Mobley,Evan,1610612739,CLE,22.0,43,22,21,0.512,146.305,5.2,7.9,0.656,0.5,1.2,0.4,2.0,4.2,0.471,2.7,5.4,8.1,1.5,0.7,0.7,1.7,0.0,3.4,3.7,12.8,1.2,31.4,14,0,27.8,7,16,21,186,27,149,257,65,246,307,97,228,193,279,91,155,122,234,244,179,57,210,240,171,203,198,158,24,27,190
Players,1630267,Facundo Campazzo,Facundo,1610612742,DAL,32.0,1,0,1,0.0,0.08333333333333333,0.0,0.0,0.0,0.0,0.0,0.0,0.0,0.0,0.0,0.0,0.0,0.0,0.0,0.0,0.0,0.0,0.0,432.0,0.0,0.0,-432.0,0.0,0,0,0.0,425,418,381,418,442,361,396,361,257,325,257,295,305,295,288,373,388,297,281,250,204,210,1,329,382,450,413,205,27,413
Players,1626163,Frank Kaminsky,Frank,1610612745,HOU,30.0,3,2,1,0.667,1.4483333333333333,0.0,0.0,0.0,0.0,0.0,0.0,0.0,0.0,0.0,0.0,0.0,0.0,0.0,0.0,24.9,0.0,0.0,0.0,0.0,0.0,124.3,74.6,0,0,49.7,368,326,381,53,419,361,396,361,257,325,257,295,305,295,288,373,388,297,281,1,204,210,376,329,382,6,9,205,27,28
Players,1628373,Frank Ntilikina,Frank,1610612742,DAL,24.0,12,5,7,0.417,15.071666666666667,2.4,4.8,0.5,0.0,2.4,0.0,0.0,0.0,0.0,2.4,4.8,7.2,0.0,2.4,0.0,0.0,0.0,9.6,0.0,4.8,-19.1,11.0,0,0,11.9,245,259,215,304,305,316,355,117,257,271,257,295,305,295,112,194,158,297,89,250,204,210,35,329,358,349,393,205,27,394
Players,1630532,Franz Wagner,Franz,1610612753,ORL,21.0,41,17,24,0.415,132.17833333333334,7.1,18.2,0.388,1.6,8.2,0.2,4.6,4.6,1.0,0.8,3.3,4.1,0.5,1.9,0.3,0.0,1.1,3.0,3.3,20.4,-13.9,25.1,1,0,27.2,12,61,3,309,46,81,54,250,135,70,218,130,178,1,236,272,290,285,130,246,204,95,276,191,85,319,247,148,27,197
Players,1627832,Fred VanVleet,Fred,1610612761,TOR,29.0,37,15,22,0.405,138.44333333333333,5.2,17.4,0.299,2.6,10.4,0.25,3.4,3.6,0.929,0.5,2.9,3.4,6.2,1.6,1.0,1.6,1.3,4.4,2.6,16.4,-3.9,36.0,7,1,33.8,34,91,13,315,35,147,59,324,73,37,186,174,208,72,272,296,332,38,163,133,65,71,186,229,141,255,114,49,9,114
Players,1627788,Furkan Korkmaz,Furkan,1610612755,PHI,25.0,3,1,2,0.333,1.425,0.0,0.0,0.0,0.0,0.0,0.0,0.0,0.0,0.0,0.0,0.0,0.0,0.0,0.0,0.0,0.0,0.0,25.3,0.0,0.0,-75.8,0.0,0,0,0.0,368,372,338,360,420,361,396,361,257,325,257,295,305,295,288,373,388,297,281,250,204,210,9,329,382,433,413,205,27,413
Players,1629216,Gabe Vincent,Gabe,1610612748,MIA,27.0,30,19,11,0.633,97.92833333333333,1.8,4.0,0.455,1.1,2.9,0.375,3.7,4.0,0.909,0.0,2.2,2.2,2.2,1.8,1.1,0.4,0.0,5.1,4.0,8.5,10.7,17.0,0,0,16.9,94,40,153,96,110,335,367,187,189,238,111,160,200,78,288,334,369,179,132,119,189,210,137,156,303,115,357,205,27,358
Players,1629726,Garrison Mathews,Garrison,1610612737,ATL,26.0,9,6,3,0.667,13.04,5.5,5.5,1.0,2.8,2.8,1.0,5.5,5.5,1.0,0.0,2.8,2.8,0.0,0.0,2.8,0.0,0.0,5.5,2.8,19.3,38.7,30.9,0,0,30.4,277,239,317,53,317,128,331,1,67,244,1,104,152,1,288,304,352,297,281,31,204,210,119,222,96,23,168,205,27,157
Players,203914,Gary Harris,Gary,1610612753,ORL,28.0,19,12,7,0.632,52.026666666666664,0.7,4.8,0.143,0.7,4.2,0.167,0.0,0.0,0.0,0.7,0.7,1.4,2.8,0.7,0.0,0.0,0.7,6.2,1.4,2.1,6.2,7.2,0,0,6.9,191,145,215,97,183,360,350,359,228,184,233,295,305,295,252,371,382,145,250,250,204,143,87,297,379,149,406,205,27,405
Players,1627780,Gary Payton II,Gary,1610612744,GSW,30.0,7,3,4,0.429,7.371666666666667,0.0,0.0,0.0,0.0,0.0,0.0,9.8,9.8,1.0,0.0,4.9,4.9,0.0,0.0,0.0,4.9,0.0,4.9,4.9,9.8,19.5,30.3,0,0,24.4,309,304,287,291,357,361,396,361,257,325,257,36,65,1,288,184,255,297,281,250,12,210,149,125,270,66,175,205,27,240
Players,1629018,Gary Trent Jr.,Gary,1610612761,TOR,24.0,31,13,18,0.419,107.01,5.0,11.8,0.429,2.4,7.4,0.318,2.4,2.7,0.875,0.3,3.4,3.7,0.3,1.0,0.7,0.0,0.0,2.7,2.0,14.8,1.0,20.8,0,0,22.5,87,129,55,302,88,150,143,211,89,86,157,212,246,92,285,264,312,294,218,190,204,210,299,262,168,201,308,205,27,265
Players,201588,George Hill,George,1610612754,IND,37.0,10,9,1,0.9,22.581666666666667,1.6,1.6,1.0,1.6,1.6,1.0,1.6,3.2,0.5,0.0,4.8,4.8,4.8,1.6,1.6,0.0,0.0,3.2,1.6,6.4,6.4,22.5,0,0,20.7,271,189,381,18,271,346,395,1,140,302,1,250,224,245,288,192,262,64,159,72,204,210,265,284,345,147,290,205,27,301
Players,1627777,Georges Niang,Georges,1610612755,PHI,30.0,20,13,7,0.65,42.47666666666667,5.9,10.2,0.583,4.2,7.6,0.556,0.8,0.8,1.0,0.0,1.7,1.7,1.7,0.0,0.0,0.8,0.0,5.9,0.8,17.0,33.1,24.1,0,0,26.3,181,129,215,85,206,112,178,89,23,81,37,279,296,1,288,349,378,221,281,250,123,210,101,319,130,37,263,205,27,213
Players,203507,Giannis Antetokounmpo,Giannis,1610612749,MIL,28.0,28,21,7,0.75,90.80166666666666,8.3,22.2,0.375,0.4,2.4,0.167,10.3,14.3,0.722,3.6,10.7,14.3,7.5,4.8,0.0,0.0,1.6,5.9,9.9,27.4,6.7,51.0,26,3,49.6,118,24,215,31,119,50,25,258,250,272,233,29,23,182,63,26,23,17,16,250,204,39,100,14,37,144,35,2,4,30
Players,1629048,Goga Bitadze,Goga,1610612753,ORL,23.0,5,1,4,0.2,5.621666666666667,0.0,6.4,0.0,0.0,0.0,0.0,0.0,0.0,0.0,12.8,0.0,12.8,6.4,0.0,0.0,0.0,6.4,0.0,0.0,0.0,-102.5,25.0,0,0,19.2,338,372,287,408,377,361,306,361,257,325,257,295,305,295,3,373,34,32,281,250,204,3,376,329,382,439,250,205,27,328
Players,201609,Goran Dragic,Goran,1610612749,MIL,37.0,7,0,7,0.0,15.205,2.4,4.7,0.5,0.0,0.0,0.0,0.0,0.0,0.0,4.7,2.4,7.1,4.7,2.4,0.0,0.0,0.0,4.7,0.0,4.7,-9.5,18.0,0,0,16.6,309,418,215,418,304,317,356,117,257,325,257,295,305,295,38,322,162,66,91,250,204,210,156,329,359,298,346,205,27,361
Players,202330,Gordon Hayward,Gordon,1610612766,CHA,33.0,22,14,8,0.636,87.58833333333334,5.8,11.5,0.5,1.2,2.5,0.5,3.7,4.1,0.9,2.1,4.1,6.2,3.7,1.6,0.0,1.2,0.4,2.1,2.9,16.4,11.9,31.4,2,0,30.0,169,108,195,92,128,120,153,117,177,261,42,157,197,82,136,219,200,98,151,250,85,179,336,215,139,102,157,108,27,163
Players,203476,Gorgui Dieng,Gorgui,1610612759,SAS,33.0,2,0,2,0.0,5.06,0.0,14.2,0.0,0.0,7.1,0.0,0.0,0.0,0.0,0.0,14.2,14.2,7.1,0.0,0.0,0.0,0.0,0.0,0.0,0.0,-42.7,27.7,0,0,21.3,394,418,338,418,382,361,104,361,257,93,257,295,305,295,288,8,24,20,281,250,204,210,376,329,382,402,212,205,27,287
Players,1629684,Grant Williams,Grant,1610612738,BOS,24.0,24,15,9,0.625,96.81166666666667,3.3,8.6,0.391,2.2,6.3,0.353,2.2,3.0,0.75,1.9,3.0,4.8,1.1,1.1,0.0,0.4,0.7,7.8,3.7,11.2,4.5,18.6,2,0,20.1,148,91,185,98,114,261,231,246,101,112,124,215,237,156,145,289,258,257,207,250,188,131,49,169,241,168,339,108,27,314
Players,1628960,Grayson Allen,Grayson,1610612749,MIL,27.0,26,18,8,0.692,75.74,4.8,9.5,0.5,2.4,4.8,0.5,4.8,4.8,1.0,0.5,3.3,3.8,1.0,2.4,0.5,0.5,0.0,3.3,5.2,16.6,-2.4,23.1,0,0,25.7,137,53,195,44,148,172,199,117,88,161,42,123,174,1,274,268,308,263,90,219,172,210,250,106,136,240,280,205,27,222
Players,1628977,Hamidou Diallo,Hamidou,1610612765,DET,24.0,8,1,7,0.125,12.975,2.8,2.8,1.0,0.0,0.0,0.0,8.3,11.1,0.75,0.0,2.8,2.8,0.0,0.0,2.8,0.0,0.0,13.9,5.5,13.9,-36.1,25.5,0,0,22.2,290,372,215,417,318,295,387,1,257,325,257,49,47,156,288,302,351,297,281,30,204,210,16,90,188,393,241,205,27,272
Players,203084,Harrison Barnes,Harrison,1610612758,SAC,31.0,41,25,16,0.61,164.01666666666668,2.4,6.6,0.367,0.2,2.4,0.091,5.3,6.8,0.774,1.5,3.7,5.3,0.4,0.0,0.4,0.0,0.7,2.0,4.2,10.3,17.1,18.6,0,0,17.1,12,5,77,109,8,313,299,270,256,267,256,112,124,152,172,237,239,291,281,224,204,151,342,151,261,77,340,205,27,353
Players,1629312,Haywood Highsmith,Haywood,1610612748,MIA,26.0,11,9,2,0.818,39.23166666666667,3.7,8.3,0.444,0.9,2.8,0.333,1.8,3.7,0.5,2.8,7.3,10.1,0.0,0.0,0.9,0.0,0.9,1.8,3.7,10.1,5.5,25.0,2,0,22.9,258,189,338,25,217,236,240,192,206,245,131,235,205,245,87,75,78,297,281,148,204,115,349,172,266,153,251,108,27,261
Players,1630529,Herbert Jones,Herbert,1610612740,NOP,24.0,29,10,19,0.345,106.81,3.7,8.4,0.44,0.3,2.4,0.143,4.7,6.7,0.7,1.7,4.4,6.1,2.7,2.4,1.3,0.7,0.7,5.4,6.1,12.5,2.0,27.5,0,0,25.6,105,179,38,359,89,231,234,199,253,273,248,125,127,192,159,208,203,150,92,93,148,148,127,80,209,192,214,205,27,224
Players,1630193,Immanuel Quickley,Immanuel,1610612752,NYK,24.0,34,19,15,0.559,114.86666666666666,2.5,10.3,0.242,0.6,6.0,0.105,0.9,1.3,0.75,0.6,1.9,2.5,2.8,0.9,0.9,0.0,0.3,2.8,1.3,6.6,-16.6,15.7,1,0,14.4,63,40,90,145,79,305,177,344,235,126,254,275,287,156,263,345,360,143,226,144,204,191,288,302,340,337,369,148,27,375
Players,1630171,Isaac Okoro,Isaac,1610612739,CLE,22.0,25,13,12,0.52,50.55833333333333,3.6,7.1,0.5,2.1,5.0,0.429,0.0,0.0,0.0,1.4,4.3,5.7,0.7,0.7,0.0,1.4,0.0,8.5,0.7,9.3,-18.5,20.7,0,0,20.6,145,129,140,181,185,244,279,117,105,151,88,295,305,295,186,214,222,278,248,250,77,210,42,324,280,345,310,205,27,304
Players,1628392,Isaiah Hartenstein,Isaiah,1610612752,NYK,25.0,20,11,9,0.55,53.01166666666666,4.1,6.1,0.667,0.0,0.7,0.0,0.7,0.7,1.0,3.4,4.1,7.5,0.0,0.7,1.4,0.7,0.7,7.5,0.7,8.8,-23.1,23.2,2,0,20.4,181,158,185,152,180,208,317,53,257,321,257,287,302,1,72,221,141,297,251,91,147,146,55,325,291,366,277,108,27,310
Players,1630543,Isaiah Jackson,Isaiah,1610612754,IND,21.0,7,3,4,0.429,11.04,3.3,3.3,1.0,0.0,0.0,0.0,0.0,0.0,0.0,0.0,3.3,3.3,0.0,0.0,3.3,3.3,0.0,3.3,0.0,6.5,22.8,30.0,1,0,22.8,309,304,287,291,328,270,380,1,257,325,257,295,305,295,288,274,338,297,281,23,25,210,257,329,342,59,179,148,27,263
Players,1630198,Isaiah Joe,Isaiah,1610612760,OKC,23.0,30,11,19,0.367,51.77333333333333,4.9,14.6,0.333,4.2,11.8,0.353,0.7,1.4,0.5,0.7,2.8,3.5,2.1,0.0,0.7,0.0,0.7,3.5,2.1,14.6,0.7,24.0,0,0,25.7,94,158,38,349,184,163,98,286,24,23,124,286,284,245,250,301,328,186,281,185,204,140,235,257,173,203,264,205,27,221
Players,1630587,Isaiah Livers,Isaiah,1610612765,DET,24.0,19,4,15,0.211,45.385,1.6,8.7,0.182,0.8,4.8,0.167,0.0,0.0,0.0,0.0,6.3,6.3,0.0,0.8,0.8,0.8,0.8,5.6,0.0,4.0,-27.8,15.5,1,0,14.3,191,278,90,407,197,347,225,352,221,159,233,295,305,295,288,109,191,297,239,172,134,126,115,329,367,381,371,148,27,376
Players,1630191,Isaiah Stewart,Isaiah,1610612765,DET,22.0,18,7,11,0.389,57.6,2.5,6.9,0.364,0.6,3.8,0.167,3.8,4.4,0.857,3.8,6.9,10.6,2.5,0.0,0.6,0.0,0.6,2.5,2.5,9.4,-8.8,27.8,5,0,24.4,199,223,153,329,173,307,286,271,236,199,233,156,187,102,59,95,66,159,281,195,204,155,308,236,278,293,211,62,27,242
Players,1630225,Isaiah Todd,Isaiah,1610612764,WAS,21.0,1,0,1,0.0,3.2116666666666664,0.0,0.0,0.0,0.0,0.0,0.0,0.0,0.0,0.0,0.0,0.0,0.0,0.0,0.0,0.0,0.0,0.0,11.2,0.0,0.0,-89.7,0.0,0,0,0.0,425,418,381,418,407,361,396,361,257,325,257,295,305,295,288,373,388,297,281,250,204,210,25,329,382,436,413,205,27,413
Players,202397,Ish Smith,Ish,1610612743,DEN,34.0,2,0,2,0.0,4.953333333333333,7.3,14.5,0.5,0.0,0.0,0.0,0.0,0.0,0.0,7.3,0.0,7.3,0.0,7.3,0.0,0.0,0.0,7.3,0.0,14.5,-79.9,16.0,0,0,21.8,394,418,338,418,383,73,100,117,257,325,257,295,305,295,19,373,152,297,4,250,204,210,64,329,175,434,366,205,27,277
Players,1630688,Ish Wainright,Ish,1610612756,PHX,28.0,11,6,5,0.545,14.353333333333333,5.0,12.5,0.4,5.0,10.0,0.5,0.0,0.0,0.0,0.0,2.5,2.5,2.5,0.0,0.0,0.0,0.0,10.0,0.0,15.0,-17.6,21.8,0,0,25.1,258,239,262,155,310,155,130,236,15,39,42,295,305,295,288,314,359,158,281,250,204,210,31,329,161,340,300,205,27,231
Players,1627826,Ivica Zubac,Ivica,1610612746,LAC,26.0,28,15,13,0.536,56.57666666666667,8.9,9.5,0.933,0.0,0.0,0.0,1.3,3.2,0.4,2.5,5.7,8.3,0.6,0.6,1.9,1.3,0.0,3.8,2.5,19.1,-5.1,38.9,14,0,34.4,118,91,122,165,174,37,195,33,257,325,257,263,225,282,100,134,117,282,257,54,84,210,217,232,98,267,87,24,27,106
Players,1630550,JT Thor,JT,1610612766,CHA,20.0,5,2,3,0.4,7.9,0.0,9.1,0.0,0.0,9.1,0.0,4.6,18.2,0.25,0.0,4.6,4.6,0.0,4.6,0.0,0.0,0.0,4.6,9.1,4.6,0.0,5.5,0,0,9.1,338,326,317,316,355,361,214,361,257,53,257,135,11,291,288,198,275,297,20,250,204,210,174,22,361,207,408,205,27,401
Players,1629630,Ja Morant,Ja,1610612763,MEM,23.0,23,14,9,0.609,69.67833333333333,10.3,30.0,0.345,0.0,4.1,0.0,13.4,18.1,0.743,1.0,3.6,4.6,5.2,3.1,0.5,0.5,1.5,4.1,11.9,34.1,7.2,47.4,4,2,46.0,158,108,185,110,154,23,6,282,257,186,257,13,12,178,213,246,268,57,53,212,169,47,202,6,16,138,44,76,5,39
Players,203210,JaMychal Green,JaMychal,1610612744,GSW,33.0,4,0,4,0.0,4.348333333333334,0.0,0.0,0.0,0.0,0.0,0.0,0.0,0.0,0.0,0.0,0.0,0.0,0.0,0.0,0.0,0.0,0.0,0.0,0.0,0.0,-140.7,0.0,0,0,0.0,351,418,287,418,392,361,396,361,257,325,257,295,305,295,288,373,388,297,281,250,204,210,376,329,382,444,413,205,27,413
Players,201580,JaVale McGee,JaVale,1610612742,DAL,35.0,2,1,1,0.5,12.936666666666667,5.6,5.6,1.0,0.0,0.0,0.0,2.8,5.6,0.5,0.0,5.6,5.6,2.8,0.0,0.0,0.0,0.0,2.8,2.8,13.9,16.7,24.8,0,0,22.3,394,372,381,188,319,126,330,1,257,325,257,194,149,245,288,145,227,144,281,250,204,210,292,220,187,81,255,205,27,269
Players,1631095,Jabari Smith Jr.,Jabari,1610612745,HOU,20.0,34,13,21,0.382,119.74,3.0,12.0,0.25,1.8,7.2,0.25,4.8,6.3,0.762,0.9,8.4,9.3,0.9,0.6,0.0,1.8,0.3,3.6,3.0,12.6,-14.7,30.0,9,0,28.3,63,129,21,333,70,280,138,331,119,89,186,121,137,155,222,53,94,266,260,250,52,195,227,207,206,326,181,36,27,183
Players,1631133,Jabari Walker,Jabari,1610612757,POR,20.0,2,1,1,0.5,6.233333333333333,0.0,11.6,0.0,0.0,0.0,0.0,0.0,0.0,0.0,0.0,5.8,5.8,0.0,5.8,0.0,0.0,0.0,11.6,0.0,0.0,-52.0,1.2,0,0,5.8,394,372,381,188,369,361,151,361,257,325,257,295,305,295,288,130,219,297,8,250,204,210,23,329,382,419,412,205,27,409
Players,1630702,Jaden Hardy,Jaden,1610612742,DAL,20.0,9,2,7,0.222,20.67,5.2,17.4,0.3,3.5,3.5,1.0,10.4,13.9,0.75,1.7,1.7,3.5,0.0,1.7,1.7,1.7,1.7,3.5,7.0,24.4,-29.6,37.3,0,0,38.3,277,326,215,405,281,144,60,321,46,218,1,27,27,156,151,347,325,297,141,62,55,34,234,52,53,383,101,205,27,79
Players,1631093,Jaden Ivey,Jaden,1610612765,DET,21.0,28,9,19,0.321,97.41166666666666,6.3,14.4,0.436,2.6,6.7,0.389,6.7,8.9,0.75,0.7,1.8,2.6,3.3,2.6,0.4,0.0,1.5,6.3,6.3,21.8,-10.7,28.4,3,0,31.0,118,189,38,383,113,98,101,203,74,105,106,74,76,156,244,346,356,116,79,231,204,54,84,74,68,300,201,94,27,148
Players,1630183,Jaden McDaniels,Jaden,1610612750,MIN,22.0,43,24,19,0.558,158.11,2.5,7.7,0.324,1.4,4.6,0.3,2.7,3.4,0.8,0.7,3.2,3.9,1.6,1.1,0.7,0.7,1.1,2.7,2.5,9.1,-0.2,19.1,0,0,18.7,7,8,38,146,16,306,263,314,163,169,168,196,217,132,254,278,304,232,204,187,146,86,296,235,285,228,333,205,27,335
Players,1630531,Jaden Springer,Jaden,1610612755,PHI,20.0,3,1,2,0.333,9.048333333333334,8.0,11.9,0.667,0.0,0.0,0.0,4.0,8.0,0.5,4.0,4.0,8.0,4.0,0.0,4.0,0.0,0.0,8.0,4.0,19.9,8.0,47.3,0,0,39.8,368,372,338,360,348,59,141,53,257,325,257,149,94,245,54,228,127,86,281,14,204,210,47,159,91,133,45,205,27,65
Players,203109,Jae Crowder,Jae,1610612749,MIL,32.0,1,1,0,1.0,4.276666666666666,8.4,8.4,1.0,8.4,8.4,1.0,0.0,0.0,0.0,0.0,0.0,0.0,0.0,0.0,0.0,0.0,0.0,0.0,0.0,25.3,33.7,25.3,0,0,33.7,425,372,435,1,394,45,235,1,7,65,1,295,305,295,288,373,388,297,281,250,204,210,376,329,47,34,244,205,27,116
Players,1630256,Jae'Sean Tate,Jae'Sean,1610612745,HOU,27.0,14,5,9,0.357,27.32,4.0,7.9,0.5,0.0,0.0,0.0,1.3,2.6,0.5,4.0,6.6,10.5,6.6,5.3,0.0,0.0,0.0,9.2,2.6,9.2,-13.2,26.5,0,0,26.4,229,259,185,354,252,218,255,117,257,325,257,262,251,245,56,101,69,26,12,250,204,210,36,227,282,314,227,205,27,211
Players,1631222,Jake LaRavia,Jake,1610612763,MEM,21.0,2,2,0,1.0,0.8333333333333334,0.0,0.0,0.0,0.0,0.0,0.0,0.0,0.0,0.0,0.0,0.0,0.0,0.0,0.0,0.0,0.0,0.0,43.2,0.0,0.0,-43.2,0.0,0,0,0.0,394,326,435,1,430,361,396,361,257,325,257,295,305,295,288,373,388,297,281,250,204,210,5,329,382,405,413,205,27,413
Players,1627751,Jakob Poeltl,Jakob,1610612761,TOR,27.0,20,6,14,0.3,67.06333333333333,4.8,6.4,0.75,0.0,0.0,0.0,2.1,5.4,0.4,3.8,5.4,9.1,3.8,3.2,1.1,1.1,0.5,5.9,3.2,11.8,-18.8,31.6,6,0,29.0,181,239,109,389,160,167,304,42,257,325,257,219,157,282,58,159,100,94,49,123,99,163,102,194,227,348,156,56,27,175
Players,1628973,Jalen Brunson,Jalen,1610612752,NYK,26.0,35,19,16,0.543,153.095,11.1,21.4,0.516,1.4,3.8,0.375,9.2,11.1,0.83,0.5,2.1,2.6,4.0,1.2,0.2,0.7,0.9,4.0,8.5,32.7,-1.9,43.4,3,0,42.6,55,40,77,159,21,17,32,114,158,198,111,42,50,121,275,337,357,85,196,249,141,111,210,29,18,234,61,94,27,52
Players,1631105,Jalen Duren,Jalen,1610612765,DET,19.0,20,7,13,0.35,68.635,3.1,7.9,0.4,0.0,0.0,0.0,2.1,4.7,0.444,8.4,5.8,14.2,2.1,1.0,0.5,2.1,1.6,4.7,2.6,8.4,-15.7,35.4,7,0,29.9,181,223,122,358,157,275,258,236,257,325,257,222,175,281,12,131,26,184,215,209,46,42,159,228,304,332,118,49,27,164
Players,1630224,Jalen Green,Jalen,1610612745,HOU,21.0,36,13,23,0.361,120.46666666666667,7.2,15.5,0.462,0.9,3.9,0.231,6.3,9.6,0.656,0.9,3.6,4.5,2.4,3.0,0.3,0.3,2.4,2.7,6.9,21.5,-16.4,29.3,0,0,30.5,42,129,6,353,67,78,86,178,208,194,210,86,68,210,225,248,278,167,59,239,196,20,300,57,73,335,188,205,27,154
Players,1630552,Jalen Johnson,Jalen,1610612737,ATL,21.0,12,8,4,0.667,9.62,0.0,15.0,0.0,0.0,7.5,0.0,0.0,0.0,0.0,7.5,3.7,11.2,3.7,0.0,0.0,3.7,0.0,11.2,0.0,0.0,-63.6,30.3,1,0,22.5,245,204,287,53,345,361,94,361,257,84,257,295,305,295,17,235,52,96,281,250,16,210,24,329,382,430,174,148,27,267
Players,1629667,Jalen McDaniels,Jalen,1610612755,PHI,25.0,30,14,16,0.467,86.68333333333334,2.5,6.2,0.4,1.2,3.7,0.333,2.1,2.1,1.0,0.8,5.4,6.2,2.1,0.8,0.8,0.0,0.4,3.3,1.7,8.3,-7.5,20.6,2,0,19.5,94,108,77,251,129,308,313,236,175,200,131,224,266,1,233,157,197,188,234,165,204,178,251,279,305,287,312,108,27,322
Players,1630188,Jalen Smith,Jalen,1610612754,IND,23.0,16,8,8,0.5,27.133333333333333,2.7,5.3,0.5,0.0,1.3,0.0,6.6,8.0,0.833,5.3,6.6,11.9,0.0,4.0,0.0,1.3,0.0,4.0,5.3,11.9,-1.3,26.3,2,0,26.5,212,204,195,188,253,300,336,117,257,306,257,75,93,114,30,100,45,297,32,250,83,210,212,101,225,233,231,108,27,209
Players,1630591,Jalen Suggs,Jalen,1610612753,ORL,22.0,16,4,12,0.25,50.46333333333333,5.0,13.6,0.368,3.6,9.3,0.385,6.4,7.1,0.9,1.4,1.4,2.9,2.9,2.9,2.1,1.4,0.7,4.3,5.0,20.0,-32.1,35.5,0,0,36.4,212,278,140,396,186,158,116,266,43,51,108,80,110,82,185,360,349,140,67,46,76,135,194,118,88,388,115,205,27,92
Players,1631114,Jalen Williams,Jalen,1610612760,OKC,22.0,37,14,23,0.378,102.445,5.6,10.5,0.533,0.4,1.8,0.2,3.2,4.2,0.75,0.7,3.9,4.6,2.5,1.1,1.8,1.1,0.7,5.6,3.5,14.8,-15.8,31.3,0,0,27.8,34,108,6,337,100,124,173,106,251,295,218,178,192,156,248,231,274,161,214,60,100,137,114,179,169,333,159,205,27,191
Players,1631288,Jamal Cain,Jamal,1610612748,MIA,24.0,2,1,1,0.5,10.35,0.0,3.5,0.0,0.0,0.0,0.0,7.0,7.0,1.0,0.0,3.5,3.5,3.5,0.0,0.0,0.0,0.0,7.0,3.5,7.0,-13.9,16.3,0,0,13.9,394,372,381,188,333,361,376,361,257,325,257,70,117,1,288,257,327,109,281,250,204,210,69,181,332,320,360,205,27,378
Players,1627750,Jamal Murray,Jamal,1610612743,DEN,26.0,26,18,8,0.692,102.71666666666667,6.3,17.9,0.353,3.9,10.2,0.379,7.4,9.1,0.808,0.7,4.2,4.9,7.0,2.5,1.1,0.7,0.7,1.8,6.3,23.8,18.2,43.0,1,0,43.1,137,53,195,44,99,97,57,276,33,38,110,62,71,130,249,216,254,21,86,129,142,138,355,73,56,72,62,148,27,51
Players,1631123,Jamaree Bouyea,Jamaree,1610612764,WAS,24.0,1,0,1,0.0,0.02666666666666667,0.0,0.0,0.0,0.0,0.0,0.0,0.0,0.0,0.0,0.0,0.0,0.0,0.0,0.0,0.0,0.0,0.0,0.0,0.0,0.0,0.0,0.0,0,0,0.0,425,418,381,418,449,361,396,361,257,325,257,295,305,295,288,373,388,297,281,250,204,210,376,329,382,207,413,205,27,413
Players,1630547,James Bouknight,James,1610612766,CHA,22.0,2,0,2,0.0,1.1366666666666667,0.0,0.0,0.0,0.0,0.0,0.0,0.0,0.0,0.0,0.0,0.0,0.0,0.0,0.0,0.0,0.0,0.0,0.0,0.0,0.0,-31.7,0.0,0,0,0.0,394,418,338,418,425,361,396,361,257,325,257,295,305,295,288,373,388,297,281,250,204,210,376,329,382,386,413,205,27,413
Players,201935,James Harden,James,1610612755,PHI,33.0,33,22,11,0.667,134.94333333333333,4.8,13.6,0.353,2.1,6.7,0.32,6.4,7.2,0.889,0.3,6.1,6.4,8.5,4.0,1.3,0.8,1.9,2.1,6.9,18.1,20.5,41.0,21,1,39.5,74,16,153,53,42,170,114,276,106,103,156,81,105,88,287,116,186,11,30,97,133,29,332,53,113,63,71,10,9,67
Players,1630164,James Wiseman,James,1610612765,DET,22.0,8,0,8,0.0,23.838333333333335,6.0,7.6,0.8,0.0,0.0,0.0,1.5,3.0,0.5,1.5,6.0,7.6,0.0,0.0,0.0,0.0,0.0,10.6,1.5,13.6,-25.7,22.7,2,0,21.1,290,418,195,418,266,110,270,38,257,325,257,252,233,245,176,121,137,297,281,250,204,210,29,287,190,372,287,108,27,293
Players,1628991,Jaren Jackson Jr.,Jaren,1610612763,MEM,23.0,26,14,12,0.538,71.49166666666666,5.0,12.6,0.4,0.0,3.5,0.0,7.6,9.1,0.833,4.5,7.6,12.1,0.5,1.0,0.5,1.0,1.5,5.0,5.0,17.6,-2.0,36.4,3,0,33.2,137,108,140,163,151,152,128,236,257,214,257,57,72,114,43,64,42,288,219,215,106,50,138,116,121,238,107,94,27,118
Players,1629020,Jarred Vanderbilt,Jarred,1610612747,LAL,24.0,28,12,16,0.429,67.615,2.1,6.4,0.333,0.0,0.0,0.0,1.6,3.2,0.5,5.9,4.3,10.1,1.6,2.1,2.1,0.0,0.5,6.4,3.2,5.9,-15.4,24.7,4,0,21.8,118,145,77,291,159,328,307,286,257,325,257,249,223,245,29,215,77,230,112,47,204,164,80,196,351,328,259,76,27,276
Players,1628386,Jarrett Allen,Jarrett,1610612739,CLE,25.0,35,19,16,0.543,130.035,2.2,5.0,0.444,0.0,0.0,0.0,3.0,4.4,0.688,3.6,6.9,10.5,0.3,1.4,0.0,0.8,0.8,2.2,4.4,7.5,1.1,21.6,18,0,19.9,55,40,77,159,51,324,346,192,257,325,257,184,183,193,62,92,70,296,177,250,125,124,323,141,320,200,302,14,27,318
Players,1629633,Jarrett Culver,Jarrett,1610612737,ATL,24.0,3,1,2,0.333,4.82,0.0,0.0,0.0,0.0,0.0,0.0,0.0,0.0,0.0,0.0,7.5,7.5,0.0,0.0,0.0,0.0,0.0,7.5,0.0,0.0,-59.8,9.0,0,0,7.5,368,372,338,360,386,361,396,361,257,325,257,295,305,295,288,67,142,297,281,250,204,210,56,329,382,421,401,205,27,404
Players,1629750,Javonte Green,Javonte,1610612741,CHI,29.0,7,1,6,0.143,14.261666666666667,10.1,12.6,0.8,0.0,2.5,0.0,0.0,0.0,0.0,0.0,2.5,2.5,2.5,5.0,5.0,0.0,0.0,7.6,2.5,20.2,-17.7,37.1,0,0,35.3,309,372,234,414,312,25,127,38,257,255,257,295,305,295,288,312,358,157,14,11,204,210,54,233,86,341,102,205,27,98
Players,1629637,Jaxson Hayes,Jaxson,1610612740,NOP,23.0,5,3,2,0.6,16.125,2.2,2.2,1.0,0.0,0.0,0.0,6.7,11.2,0.6,0.0,2.2,2.2,2.2,0.0,0.0,0.0,0.0,2.2,8.9,11.2,11.2,17.2,0,0,15.6,338,304,338,113,299,322,392,1,257,325,257,73,46,223,288,332,367,178,281,250,204,210,322,24,240,108,354,205,27,370
Players,1627759,Jaylen Brown,Jaylen,1610612738,BOS,26.0,30,20,10,0.667,147.09666666666666,7.1,16.6,0.426,1.5,5.9,0.25,6.1,8.6,0.714,2.4,5.6,8.1,2.7,1.0,0.5,1.0,1.5,3.9,5.1,21.8,10.3,38.9,9,0,37.0,94,32,169,53,26,79,68,219,152,129,186,90,80,183,106,144,124,151,222,218,109,56,216,110,70,117,86,36,27,87
Players,1629669,Jaylen Nowell,Jaylen,1610612750,MIN,23.0,11,6,5,0.545,21.781666666666666,3.3,6.6,0.5,0.0,0.0,0.0,0.0,0.0,0.0,0.0,3.3,3.3,3.3,0.0,0.0,1.7,0.0,0.0,1.7,6.6,3.3,20.5,0,0,16.5,258,239,262,155,275,265,296,117,257,325,257,295,305,295,288,269,336,119,281,250,60,210,376,280,338,180,315,205,27,362
Players,1631119,Jaylin Williams,Jaylin,1610612760,OKC,21.0,8,2,6,0.25,18.645,3.9,5.8,0.667,1.9,3.9,0.5,1.9,1.9,1.0,0.0,0.0,0.0,0.0,1.9,0.0,0.0,0.0,5.8,3.9,11.6,-30.9,9.7,0,0,13.5,290,326,234,396,290,223,324,53,112,195,42,230,268,1,288,373,388,297,128,250,204,210,107,164,233,385,396,205,27,381
Players,1628369,Jayson Tatum,Jayson,1610612738,BOS,25.0,32,22,10,0.688,139.32,7.0,19.9,0.351,1.3,5.9,0.217,9.8,12.4,0.792,2.1,9.0,11.1,3.9,3.6,1.0,0.8,0.5,1.3,7.2,25.1,13.2,46.0,17,0,45.0,79,16,169,49,34,84,42,280,171,127,216,34,34,146,133,41,56,91,38,135,136,168,367,45,48,97,49,20,27,45
Players,1630288,Jeff Dowtin Jr.,Jeff,1610612761,TOR,26.0,1,1,0,1.0,0.9583333333333334,0.0,0.0,0.0,0.0,0.0,0.0,0.0,0.0,0.0,37.6,37.6,75.1,0.0,37.6,0.0,37.6,0.0,0.0,0.0,0.0,37.6,165.3,0,0,150.3,425,372,435,1,428,361,396,361,257,325,257,295,305,295,1,2,1,297,1,250,1,210,376,329,382,25,2,205,27,3
Players,201145,Jeff Green,Jeff,1610612743,DEN,36.0,6,2,4,0.333,6.878333333333333,5.2,15.7,0.333,0.0,10.5,0.0,10.5,10.5,1.0,0.0,5.2,5.2,0.0,5.2,0.0,0.0,5.2,5.2,5.2,20.9,-62.8,22.0,0,0,26.2,322,326,287,360,361,143,83,286,257,35,257,26,52,1,288,165,241,297,13,250,204,9,133,105,81,427,296,205,27,215
Players,203924,Jerami Grant,Jerami,1610612757,POR,29.0,31,13,18,0.419,125.08166666666666,4.3,10.9,0.395,1.4,4.9,0.294,6.6,8.1,0.821,0.6,3.5,4.0,2.3,1.7,0.3,0.6,0.6,2.0,6.9,16.7,-4.3,25.8,1,0,26.2,87,129,55,302,59,195,164,243,156,155,172,76,91,124,268,258,297,173,143,243,157,158,339,55,135,258,234,148,27,214
Players,1630526,Jeremiah Robinson-Earl,Jeremiah,1610612760,OKC,22.0,11,5,6,0.455,26.94333333333333,2.7,8.0,0.333,2.7,4.0,0.667,0.0,0.0,0.0,1.3,8.0,9.4,4.0,1.3,0.0,1.3,2.7,4.0,0.0,8.0,10.7,27.9,1,0,26.7,258,259,234,263,254,299,252,286,72,191,23,295,305,295,191,60,92,83,186,250,82,16,209,329,312,114,208,148,27,204
Players,1631110,Jeremy Sochan,Jeremy,1610612759,SAS,20.0,17,6,11,0.353,48.375,3.0,8.9,0.333,0.7,3.0,0.25,3.0,3.0,1.0,1.5,0.7,2.2,3.0,0.7,1.5,1.5,0.7,6.7,2.2,9.7,-15.6,25.0,0,0,21.6,203,239,153,356,193,282,218,286,223,237,186,185,236,1,180,370,367,133,243,77,70,130,73,249,274,331,249,205,27,282
Players,1630579,Jericho Sims,Jericho,1610612752,NYK,24.0,9,5,4,0.556,29.74,4.8,4.8,1.0,0.0,0.0,0.0,1.2,1.2,1.0,4.8,4.8,9.7,0.0,1.2,0.0,3.6,0.0,4.8,1.2,10.9,-16.9,32.2,0,0,27.8,277,259,287,147,245,166,351,1,257,325,257,265,288,1,37,188,83,297,194,250,17,210,151,303,250,338,145,205,27,189
Players,1628975,Jevon Carter,Jevon,1610612749,MIL,27.0,23,15,8,0.652,41.37833333333333,5.2,13.1,0.4,1.7,7.0,0.25,0.0,0.0,0.0,0.0,3.5,3.5,0.0,1.7,0.0,0.9,0.0,6.1,0.9,12.2,7.0,17.2,1,0,19.1,158,91,195,83,210,145,120,236,127,96,186,295,305,295,288,256,326,297,142,250,120,210,93,317,216,141,352,148,27,329
Players,202710,Jimmy Butler III,Jimmy,1610612748,MIA,33.0,43,25,18,0.581,158.96666666666667,10.9,21.5,0.505,0.5,2.0,0.222,12.0,15.2,0.791,2.0,5.2,7.2,4.3,1.6,1.4,1.1,0.9,2.9,9.7,34.2,8.6,55.2,10,0,51.2,7,5,55,128,15,18,31,116,248,284,213,19,18,147,138,168,154,79,160,90,96,117,280,17,15,129,24,32,27,23
Players,1629111,Jock Landale,Jock,1610612756,PHX,27.0,5,3,2,0.6,8.26,4.4,8.7,0.5,0.0,0.0,0.0,0.0,0.0,0.0,4.4,0.0,4.4,0.0,4.4,0.0,0.0,0.0,0.0,0.0,8.7,13.1,9.6,1,0,13.1,338,304,338,113,353,192,226,117,257,325,257,295,305,295,44,373,280,297,25,250,204,210,376,329,295,99,399,148,27,386
Players,203925,Joe Harris,Joe,1610612751,BKN,31.0,17,11,6,0.647,44.306666666666665,2.4,4.1,0.6,1.6,3.3,0.5,0.0,0.0,0.0,1.6,2.4,4.1,3.3,1.6,0.8,0.0,0.0,3.3,0.0,6.5,24.4,17.1,0,0,17.1,203,158,234,87,201,311,364,74,136,224,42,295,305,295,163,318,292,126,155,169,204,210,259,329,343,57,356,205,27,355
Players,204060,Joe Ingles,Joe,1610612749,MIL,35.0,14,12,2,0.857,39.94166666666667,2.7,7.2,0.375,2.7,7.2,0.375,0.9,1.8,0.5,0.9,0.9,1.8,4.5,2.7,0.0,0.0,0.0,4.5,1.8,9.0,34.2,15.2,1,0,18.0,229,145,338,20,215,297,278,258,71,90,111,276,272,245,223,369,377,72,75,250,204,210,178,267,288,33,372,148,27,340
Players,203954,Joel Embiid,Joel,1610612755,PHI,29.0,36,23,13,0.639,137.23333333333332,9.7,19.9,0.487,1.0,3.4,0.308,13.9,16.0,0.869,1.6,7.3,8.9,4.2,3.4,1.3,2.4,0.8,4.2,10.0,34.4,26.0,59.0,24,0,55.9,42,10,122,91,39,30,41,166,195,222,163,12,14,98,169,73,103,80,44,101,36,128,198,12,14,52,20,4,27,14
Players,1631219,John Butler Jr.,John,1610612757,POR,20.0,2,0,2,0.0,5.65,6.4,19.1,0.333,6.4,12.7,0.5,0.0,0.0,0.0,0.0,0.0,0.0,6.4,0.0,0.0,0.0,6.4,0.0,0.0,19.1,-63.7,28.7,0,0,31.9,394,418,338,418,374,95,45,286,13,17,42,295,305,295,288,373,388,33,281,250,204,4,376,329,97,431,197,205,27,134
Players,1628381,John Collins,John,1610612737,ATL,25.0,36,17,19,0.472,123.56166666666667,4.1,8.7,0.467,0.9,2.6,0.333,1.7,2.6,0.667,2.3,6.1,8.4,1.2,0.6,0.3,1.2,1.5,4.4,2.3,10.8,-4.7,26.5,6,0,24.2,42,61,38,247,62,207,224,173,211,251,131,238,252,195,117,118,116,250,263,242,89,57,189,245,255,261,228,56,27,245
Players,1629723,John Konchar,John,1610612763,MEM,27.0,16,10,6,0.625,29.595,3.6,6.1,0.6,2.4,4.9,0.5,0.0,0.0,0.0,2.4,2.4,4.9,1.2,0.0,1.2,0.0,0.0,1.2,0.0,9.7,10.9,21.0,2,0,20.7,212,179,234,98,248,238,318,74,81,156,42,295,305,295,107,319,257,248,281,108,204,210,369,329,271,111,307,108,27,302
Players,202322,John Wall,John,1610612746,LAC,32.0,8,4,4,0.5,18.761666666666667,1.9,5.8,0.333,0.0,1.9,0.0,0.0,0.0,0.0,0.0,3.8,3.8,5.8,3.8,0.0,0.0,0.0,5.8,0.0,3.8,-5.8,13.2,1,0,13.4,290,278,287,188,289,333,325,286,257,291,257,295,305,295,288,233,306,45,34,250,204,210,108,329,368,273,385,148,27,382
Players,1631098,Johnny Davis,Johnny,1610612764,WAS,21.0,2,0,2,0.0,6.83,0.0,26.4,0.0,0.0,21.1,0.0,0.0,0.0,0.0,0.0,0.0,0.0,0.0,0.0,0.0,0.0,0.0,5.3,0.0,0.0,-63.3,0.0,0,0,0.0,394,418,338,418,362,361,8,361,257,5,257,295,305,295,288,373,388,297,281,250,204,210,132,329,382,428,413,205,27,413
Players,202685,Jonas Valančiūnas,Jonas,1610612740,NOP,31.0,22,10,12,0.455,31.311666666666667,4.6,6.9,0.667,0.0,1.1,0.0,3.4,3.4,1.0,3.4,11.5,14.9,1.1,1.1,0.0,0.0,1.1,4.6,6.9,12.6,4.6,31.2,14,0,28.7,169,179,140,263,239,182,284,53,257,310,257,170,214,1,68,16,21,252,200,250,204,82,171,56,205,165,163,24,27,177
Players,1628371,Jonathan Isaac,Jonathan,1610612753,ORL,25.0,2,0,2,0.0,0.045,0.0,0.0,0.0,0.0,0.0,0.0,0.0,0.0,0.0,0.0,0.0,0.0,0.0,0.0,0.0,0.0,0.0,0.0,0.0,0.0,-1600.0,0.0,0,0,0.0,394,418,338,418,447,361,396,361,257,325,257,295,305,295,288,373,388,297,281,250,204,210,376,329,382,451,413,205,27,413
Players,1630228,Jonathan Kuminga,Jonathan,1610612744,GSW,20.0,17,9,8,0.529,42.01833333333333,7.7,12.0,0.643,0.9,0.9,1.0,2.6,3.4,0.75,1.7,6.0,7.7,3.4,3.4,1.7,2.6,2.6,6.9,3.4,18.8,0.0,42.7,1,0,39.4,203,189,195,173,208,61,139,67,214,317,1,203,215,156,156,124,133,111,43,63,31,17,70,182,102,207,65,148,27,68
Players,203903,Jordan Clarkson,Jordan,1610612762,UTA,31.0,38,17,21,0.447,141.03,10.2,22.2,0.46,4.1,11.2,0.364,6.1,7.4,0.828,1.0,3.6,4.6,4.6,3.1,0.0,0.0,1.3,2.8,5.4,30.6,-3.6,40.0,1,0,43.9,28,61,21,271,32,24,24,183,26,26,120,89,102,122,215,250,272,69,54,250,204,73,290,99,29,253,76,148,27,46
Players,1630692,Jordan Goodwin,Jordan,1610612764,WAS,24.0,15,4,11,0.267,24.191666666666666,3.0,4.5,0.667,0.0,0.0,0.0,1.5,1.5,1.0,0.0,6.0,6.0,3.0,3.0,0.0,0.0,0.0,7.4,3.0,7.4,-41.7,16.1,0,0,16.4,219,278,153,395,262,283,361,53,257,325,257,254,281,1,288,127,210,134,60,250,204,210,59,210,321,401,364,205,27,364
Players,1629162,Jordan McLaughlin,Jordan,1610612750,MIN,27.0,4,2,2,0.5,1.8683333333333334,0.0,19.3,0.0,0.0,19.3,0.0,0.0,0.0,0.0,0.0,0.0,0.0,0.0,0.0,0.0,0.0,0.0,0.0,0.0,0.0,-192.7,0.0,0,0,0.0,351,326,338,188,417,361,44,361,257,6,257,295,305,295,288,373,388,297,281,250,204,210,376,329,382,446,413,205,27,413
Players,1629670,Jordan Nwora,Jordan,1610612754,IND,24.0,11,6,5,0.545,17.828333333333333,4.0,14.1,0.286,0.0,4.0,0.0,0.0,0.0,0.0,0.0,4.0,4.0,0.0,2.0,0.0,0.0,2.0,0.0,0.0,8.1,-48.5,10.9,1,0,12.1,258,239,262,155,292,212,105,326,257,189,257,295,305,295,288,227,294,297,124,250,204,28,376,329,310,413,394,148,27,392
Players,1629673,Jordan Poole,Jordan,1610612744,GSW,24.0,34,17,17,0.5,119.41666666666667,7.2,19.0,0.381,2.4,8.7,0.276,3.9,4.5,0.867,1.8,5.1,6.9,3.3,3.6,0.9,0.0,2.4,2.7,5.7,20.8,2.1,33.2,0,0,35.3,63,61,69,188,71,75,47,256,84,57,179,151,179,99,149,174,167,117,37,153,204,19,297,84,82,191,137,205,27,99
Players,1630631,Jose Alvarado,Jose,1610612740,NOP,25.0,13,6,7,0.462,37.943333333333335,3.8,8.5,0.444,1.9,3.8,0.5,0.0,0.0,0.0,0.0,0.9,0.9,1.9,2.8,0.9,0.0,0.9,3.8,0.9,9.5,9.5,13.5,0,0,16.1,237,239,215,256,220,227,232,192,116,196,42,295,305,295,288,368,386,200,68,142,204,110,220,313,277,121,383,205,27,367
Players,1630528,Josh Christopher,Josh,1610612745,HOU,21.0,4,2,2,0.5,6.8116666666666665,5.3,5.3,1.0,0.0,0.0,0.0,0.0,0.0,0.0,0.0,0.0,0.0,0.0,5.3,0.0,0.0,0.0,5.3,0.0,10.6,15.9,5.3,0,0,10.6,351,326,338,188,363,142,338,1,257,325,257,295,305,295,288,373,388,297,11,250,204,210,131,329,257,88,409,205,27,399
Players,1630581,Josh Giddey,Josh,1610612760,OKC,20.0,36,11,25,0.306,115.55,6.2,15.9,0.392,0.6,4.4,0.143,1.9,2.8,0.667,4.1,9.0,13.1,3.1,2.2,0.3,0.3,0.3,1.2,2.8,15.0,-8.4,35.0,18,1,33.0,42,158,2,387,77,104,80,245,237,174,248,234,244,195,50,42,33,129,108,236,194,193,368,219,164,292,121,14,9,120
Players,1630182,Josh Green,Josh,1610612742,DAL,22.0,30,11,19,0.367,76.44666666666667,2.4,6.6,0.357,0.9,4.7,0.2,0.9,0.9,1.0,0.9,3.3,4.2,2.4,1.4,0.5,0.0,0.0,5.2,1.4,6.6,-5.2,15.2,1,0,15.1,94,158,38,349,146,318,298,273,203,163,218,274,293,1,219,270,286,170,175,220,204,210,134,295,339,268,373,148,27,373
Players,1628404,Josh Hart,Josh,1610612752,NYK,28.0,40,18,22,0.45,165.585,2.0,4.6,0.429,0.7,1.1,0.6,2.2,3.0,0.714,1.7,6.1,7.8,2.0,1.5,0.9,0.9,0.4,6.1,2.8,6.7,-9.1,22.8,5,0,20.7,17,53,13,270,7,332,358,211,233,311,30,218,232,183,153,119,131,196,167,159,121,177,95,217,335,295,284,62,27,303
Players,1629006,Josh Okogie,Josh,1610612756,PHX,24.0,15,8,7,0.533,32.721666666666664,2.2,8.8,0.25,2.2,4.4,0.5,7.7,12.1,0.636,8.8,2.2,11.0,3.3,3.3,3.3,2.2,1.1,2.2,8.8,14.3,-4.4,45.7,1,0,41.8,219,204,215,168,233,326,221,331,103,171,42,54,38,216,9,335,59,120,46,21,41,92,324,26,178,259,50,148,27,55
Players,1626196,Josh Richardson,Josh,1610612740,NOP,29.0,22,8,14,0.364,38.305,2.8,6.6,0.429,0.9,4.7,0.2,1.9,1.9,1.0,0.0,2.8,2.8,1.9,4.7,0.9,0.0,0.0,4.7,1.9,8.5,-34.8,12.8,0,0,16.0,169,204,109,351,219,293,300,211,204,164,218,233,271,1,288,299,350,201,18,145,204,210,162,264,302,392,387,205,27,368
Players,201950,Jrue Holiday,Jrue,1610612749,MIL,33.0,30,23,7,0.767,103.89666666666666,8.3,16.6,0.5,3.8,8.0,0.478,7.6,8.7,0.88,1.0,2.8,3.8,5.9,3.1,2.1,0.0,0.7,2.4,5.5,28.1,16.3,44.6,8,0,45.7,94,10,215,29,96,51,69,117,36,74,78,56,78,91,212,303,307,44,52,49,204,142,312,91,35,85,55,43,27,41
Players,1629308,Juan Toscano-Anderson,Juan,1610612762,UTA,30.0,11,7,4,0.636,16.261666666666667,4.4,4.4,1.0,0.0,0.0,0.0,4.4,4.4,1.0,2.2,4.4,6.6,4.4,0.0,0.0,0.0,0.0,11.1,4.4,13.3,37.6,27.9,0,0,24.4,258,223,287,92,297,190,362,1,257,325,257,138,184,1,126,204,182,76,281,250,204,210,27,142,196,24,210,205,27,243
Players,1627823,Juancho Hernangomez,Juancho,1610612761,TOR,27.0,3,2,1,0.667,12.75,2.8,2.8,1.0,0.0,0.0,0.0,0.0,0.0,0.0,0.0,5.6,5.6,0.0,2.8,0.0,0.0,0.0,0.0,5.6,5.6,16.9,9.6,0,0,11.3,368,326,381,53,320,292,386,1,257,325,257,295,305,295,288,139,225,297,71,250,204,210,376,87,353,78,398,205,27,396
Players,1630577,Julian Champagnie,Julian,1610612759,SAS,22.0,3,3,0,1.0,14.4,0.0,5.0,0.0,0.0,2.5,0.0,0.0,0.0,0.0,0.0,5.0,5.0,0.0,0.0,0.0,0.0,0.0,5.0,0.0,0.0,32.5,6.0,0,0,5.0,368,304,435,1,309,361,345,361,257,256,257,295,305,295,288,179,252,297,281,250,204,210,142,329,382,40,407,205,27,410
Players,203944,Julius Randle,Julius,1610612752,NYK,28.0,42,22,20,0.524,185.21333333333334,4.9,14.4,0.338,1.6,5.6,0.276,8.6,10.7,0.8,2.7,8.2,10.9,3.5,4.1,1.2,0.6,1.6,5.4,7.8,19.8,-11.1,39.3,23,0,39.3,10,16,29,177,1,165,103,285,147,135,179,47,51,132,89,56,62,107,28,113,154,46,123,34,92,302,83,7,27,70
Players,203200,Justin Holiday,Justin,1610612742,DAL,34.0,15,7,8,0.467,16.72833333333333,4.3,8.6,0.5,4.3,8.6,0.5,0.0,0.0,0.0,0.0,8.6,8.6,6.5,0.0,0.0,2.2,0.0,4.3,0.0,12.9,0.0,39.4,0,0,36.6,219,223,195,251,295,197,228,117,22,63,42,295,305,295,288,47,111,31,281,250,43,210,193,329,201,207,80,205,27,90
Players,1631303,Justin Minaya,Justin,1610612757,POR,24.0,2,0,2,0.0,5.65,0.0,6.4,0.0,0.0,0.0,0.0,0.0,0.0,0.0,0.0,0.0,0.0,0.0,0.0,0.0,0.0,0.0,6.4,0.0,0.0,-63.7,0.0,0,0,0.0,394,418,338,418,374,361,308,361,257,325,257,295,305,295,288,373,388,297,281,250,204,210,81,329,382,431,413,205,27,413
Players,1626159,Justise Winslow,Justise,1610612757,POR,27.0,11,6,5,0.545,42.22833333333333,0.9,5.1,0.167,0.0,0.9,0.0,0.9,1.7,0.5,2.6,6.8,9.4,3.4,0.9,1.7,0.0,0.0,6.8,1.7,2.6,6.8,23.2,1,0,18.8,258,239,262,155,207,359,342,353,257,318,257,278,275,245,98,98,91,113,231,68,204,210,71,274,376,143,279,148,27,334
Players,203994,Jusuf Nurkić,Jusuf,1610612757,POR,28.0,18,7,11,0.389,69.29666666666667,6.2,9.9,0.632,0.5,1.6,0.333,3.6,6.8,0.538,4.7,5.2,9.9,2.1,2.1,1.0,1.6,0.5,4.7,5.7,16.6,-4.7,37.3,8,0,34.3,199,223,153,329,156,103,188,70,243,304,131,162,126,242,40,171,81,187,116,134,66,167,164,85,137,262,100,43,27,107
Players,1630231,KJ Martin,KJ,1610612745,HOU,22.0,36,14,22,0.389,83.18666666666667,3.9,8.2,0.474,0.9,1.7,0.5,3.9,6.9,0.563,2.6,7.4,10.0,0.4,2.6,0.4,1.7,2.2,2.2,3.9,12.6,-22.9,29.0,4,0,28.1,42,108,13,329,133,221,241,170,213,299,42,152,118,237,94,72,80,292,78,225,56,23,330,162,207,365,190,76,27,185
Players,1629644,KZ Okpala,KZ,1610612758,SAC,24.0,3,2,1,0.667,0.7966666666666666,0.0,0.0,0.0,0.0,0.0,0.0,0.0,0.0,0.0,0.0,0.0,0.0,0.0,0.0,0.0,0.0,0.0,45.2,0.0,0.0,-271.1,0.0,0,0,0.0,368,326,381,53,431,361,396,361,257,325,257,295,305,295,288,373,388,297,281,250,204,210,4,329,382,449,413,205,27,413
Players,1630539,Kai Jones,Kai,1610612766,CHA,22.0,1,0,1,0.0,0.2833333333333333,0.0,0.0,0.0,0.0,0.0,0.0,0.0,0.0,0.0,0.0,0.0,0.0,0.0,0.0,0.0,0.0,0.0,0.0,0.0,0.0,-127.1,0.0,0,0,0.0,425,418,381,418,438,361,396,361,257,325,257,295,305,295,288,373,388,297,281,250,204,210,376,329,382,443,413,205,27,413
Players,1626157,Karl-Anthony Towns,Karl-Anthony,1610612750,MIN,27.0,13,9,4,0.692,43.623333333333335,7.4,19.0,0.391,1.7,6.6,0.25,5.8,6.6,0.875,1.7,5.8,7.4,1.7,1.7,0.0,0.0,0.0,4.1,6.6,22.3,11.6,32.0,2,0,33.0,237,189,287,44,203,66,48,246,132,107,186,99,128,92,162,129,144,225,149,250,204,210,203,61,66,105,146,108,27,122
Players,202695,Kawhi Leonard,Kawhi,1610612746,LAC,32.0,28,16,12,0.571,97.74833333333333,10.7,23.2,0.46,1.1,3.7,0.3,7.4,8.1,0.909,0.4,5.5,5.9,5.5,1.5,1.1,1.5,0.4,2.9,5.2,29.8,5.2,51.5,4,0,47.5,118,80,140,134,112,19,18,182,188,203,168,60,90,78,282,147,215,50,171,118,72,184,279,109,33,162,31,76,27,36
Players,1631099,Keegan Murray,Keegan,1610612758,SAC,22.0,29,16,13,0.552,96.72333333333333,2.2,6.0,0.375,2.2,3.7,0.6,0.0,0.0,0.0,3.0,5.2,8.2,0.7,0.0,0.7,0.0,0.7,1.9,1.1,6.7,16.4,19.9,3,0,19.4,105,80,122,149,115,321,321,258,100,201,30,295,305,295,81,167,119,275,281,176,204,129,347,308,336,84,325,94,27,325
Players,1628966,Keita Bates-Diop,Keita,1610612759,SAS,27.0,10,4,6,0.4,43.22666666666667,6.7,10.8,0.615,1.7,1.7,1.0,0.8,0.8,1.0,2.5,4.2,6.7,1.7,0.8,0.8,2.5,0.8,5.8,1.7,15.8,-8.3,35.5,0,0,32.5,271,278,234,316,205,87,165,72,130,300,1,280,297,1,102,217,180,223,233,164,32,122,106,278,151,291,116,205,27,129
Players,1629640,Keldon Johnson,Keldon,1610612759,SAS,23.0,23,10,13,0.435,85.13833333333334,8.0,19.0,0.422,1.3,5.1,0.25,5.1,7.2,0.706,0.4,6.3,6.8,1.7,3.0,0.4,0.4,1.3,4.2,3.8,22.4,-13.5,32.6,2,0,33.8,158,179,122,289,132,57,46,223,174,148,186,114,106,190,279,110,176,222,62,227,183,74,197,166,64,317,142,108,27,113
Players,203482,Kelly Olynyk,Kelly,1610612762,UTA,32.0,38,14,24,0.368,136.24166666666667,4.2,9.5,0.444,2.4,3.7,0.643,3.2,4.2,0.75,2.4,6.1,8.5,4.0,1.3,0.8,0.5,0.8,5.5,4.0,14.0,-4.2,32.7,4,0,31.4,28,108,3,347,40,199,197,192,87,202,29,177,191,156,113,120,115,87,188,173,167,127,116,160,186,257,141,76,27,141
Players,1626162,Kelly Oubre Jr.,Kelly,1610612766,CHA,27.0,23,10,13,0.435,102.08333333333333,4.6,11.6,0.394,3.2,7.1,0.45,1.8,2.1,0.833,0.0,3.5,3.5,1.4,1.1,1.1,0.0,1.1,4.2,2.1,14.1,-7.4,22.6,1,0,24.3,158,179,122,289,103,183,147,244,50,95,82,237,263,114,288,254,322,238,212,126,204,98,196,255,182,286,288,148,27,244
Players,202689,Kemba Walker,Kemba,1610612742,DAL,33.0,1,0,1,0.0,10.018333333333333,7.2,21.6,0.333,3.6,10.8,0.333,3.6,7.2,0.5,0.0,0.0,0.0,3.6,0.0,0.0,3.6,3.6,0.0,3.6,21.6,-10.8,37.7,0,0,35.9,425,418,381,418,337,77,29,286,40,31,131,164,107,245,288,373,388,105,281,250,19,11,376,176,72,301,95,205,27,94
Players,1629134,Kendrick Nunn,Kendrick,1610612764,WAS,27.0,7,2,5,0.286,9.743333333333334,3.7,11.1,0.333,3.7,11.1,0.333,0.0,0.0,0.0,0.0,7.4,7.4,0.0,0.0,0.0,0.0,0.0,11.1,0.0,11.1,36.9,20.0,0,0,22.2,309,326,262,390,344,232,160,286,38,27,131,295,305,295,288,70,147,297,281,250,204,210,26,329,243,26,324,205,27,274
Players,1631254,Kenneth Lofton Jr.,Kenneth,1610612763,MEM,20.0,1,0,1,0.0,0.03666666666666667,0.0,0.0,0.0,0.0,0.0,0.0,0.0,0.0,0.0,0.0,0.0,0.0,0.0,0.0,0.0,0.0,0.0,0.0,0.0,0.0,1963.6,0.0,0,0,0.0,425,418,381,418,448,361,396,361,257,325,257,295,305,295,288,373,388,297,281,250,204,210,376,329,382,1,413,205,27,413
Players,1629026,Kenrich Williams,Kenrich,1610612760,OKC,28.0,25,10,15,0.4,61.51166666666666,4.7,5.9,0.8,1.8,1.8,1.0,0.0,1.2,0.0,2.3,2.9,5.3,0.6,0.6,0.6,0.0,0.0,2.9,1.8,11.1,-23.4,19.5,0,0,19.9,145,179,90,316,169,177,323,38,126,296,1,295,290,295,116,293,240,284,262,200,204,210,281,270,242,367,330,205,27,319
Players,203484,Kentavious Caldwell-Pope,Kentavious,1610612743,DEN,30.0,32,21,11,0.656,125.84,2.3,6.9,0.333,1.1,4.0,0.286,0.6,0.9,0.667,1.1,3.4,4.6,0.9,0.6,1.4,0.9,0.0,4.6,1.7,6.3,18.0,19.4,0,0,17.5,79,24,153,81,58,319,287,286,184,192,174,290,295,195,202,259,273,271,264,82,122,210,173,273,346,74,331,205,27,351
Players,1630553,Keon Johnson,Keon,1610612757,POR,21.0,5,1,4,0.2,9.79,3.7,14.7,0.25,0.0,11.0,0.0,0.0,0.0,0.0,0.0,3.7,3.7,0.0,0.0,0.0,0.0,0.0,14.7,0.0,7.4,-44.1,11.8,0,0,11.0,338,372,287,408,343,235,97,331,257,29,257,295,305,295,288,242,316,297,281,250,204,210,13,329,323,406,391,205,27,397
Players,1630556,Kessler Edwards,Kessler,1610612758,SAC,22.0,8,5,3,0.625,12.135,3.0,8.9,0.333,3.0,5.9,0.5,3.0,5.9,0.5,0.0,3.0,3.0,5.9,3.0,3.0,0.0,0.0,3.0,3.0,11.9,-26.7,30.3,0,0,29.7,290,259,317,98,323,284,220,286,56,128,42,186,143,245,288,290,346,43,61,28,204,210,278,211,226,379,176,205,27,167
Players,201142,Kevin Durant,Kevin,1610612756,PHX,34.0,21,18,3,0.857,70.25333333333333,9.7,21.0,0.463,3.6,8.2,0.438,8.2,10.2,0.8,0.0,5.6,5.6,3.1,2.0,0.5,3.1,0.5,4.6,6.7,31.3,30.2,51.3,2,0,50.7,177,53,317,20,152,29,36,175,41,68,85,52,55,132,288,142,226,131,118,214,27,170,170,60,26,43,32,108,27,26
Players,1628989,Kevin Huerter,Kevin,1610612758,SAC,24.0,37,19,18,0.514,126.82166666666667,7.4,15.0,0.491,4.8,11.1,0.436,1.7,3.1,0.545,0.9,4.8,5.7,2.3,0.6,1.4,0.3,0.0,2.8,2.6,21.3,15.9,36.1,0,0,37.5,34,40,55,185,55,68,91,165,17,28,87,243,226,240,232,189,223,175,266,84,198,210,286,231,77,86,113,205,27,83
Players,1628995,Kevin Knox II,Kevin,1610612757,POR,23.0,9,4,5,0.444,23.84,4.5,7.6,0.6,1.5,3.0,0.5,1.5,3.0,0.5,1.5,6.0,7.6,3.0,0.0,0.0,1.5,1.5,3.0,3.0,12.1,-39.3,30.2,0,0,27.2,277,278,262,272,265,186,271,74,149,235,42,253,234,245,177,122,138,132,281,250,67,51,275,205,220,396,178,205,27,198
Players,201567,Kevin Love,Kevin,1610612748,MIA,34.0,17,7,10,0.412,21.541666666666668,0.0,6.7,0.0,0.0,5.0,0.0,1.7,3.3,0.5,1.7,15.0,16.7,0.0,6.7,0.0,0.0,0.0,3.3,3.3,1.7,36.8,15.0,2,0,18.4,203,223,169,310,277,361,293,361,257,150,257,245,220,245,161,6,13,297,7,250,204,210,248,186,380,27,375,108,27,339
Players,1629645,Kevin Porter Jr.,Kevin,1610612745,HOU,23.0,27,12,15,0.444,89.09666666666666,4.0,13.3,0.303,1.2,6.1,0.2,6.9,8.9,0.773,0.8,6.9,7.7,3.6,3.6,3.2,0.8,0.4,2.0,5.3,16.2,-7.3,39.3,7,1,36.8,131,145,90,272,123,211,117,319,181,124,218,71,75,153,238,96,134,100,36,24,131,182,338,103,144,283,82,49,9,88
Players,1630284,Kevon Harris,Kevon,1610612753,ORL,26.0,7,5,2,0.714,9.936666666666667,0.0,3.6,0.0,0.0,3.6,0.0,0.0,0.0,0.0,3.6,0.0,3.6,0.0,0.0,0.0,0.0,0.0,10.9,0.0,0.0,32.6,4.3,0,0,3.6,309,259,338,37,339,361,372,361,257,208,257,295,305,295,61,373,318,297,281,250,204,210,28,329,382,39,411,205,27,412
Players,1626172,Kevon Looney,Kevon,1610612744,GSW,27.0,31,16,15,0.516,76.85166666666667,1.4,5.6,0.25,0.0,0.0,0.0,4.7,6.6,0.714,7.5,6.6,14.1,3.3,0.0,0.9,2.3,1.4,3.3,4.7,7.5,8.0,39.1,5,0,31.4,87,80,90,182,145,348,329,331,257,325,257,127,134,183,16,103,28,125,281,146,37,62,253,132,319,132,84,62,27,143
Players,203920,Khem Birch,Khem,1610612759,SAS,30.0,1,0,1,0.0,0.6833333333333333,0.0,0.0,0.0,0.0,0.0,0.0,0.0,0.0,0.0,0.0,0.0,0.0,0.0,0.0,0.0,0.0,0.0,0.0,0.0,0.0,0.0,0.0,0,0,0.0,425,418,381,418,435,361,396,361,257,325,257,295,305,295,288,373,388,297,281,250,204,210,376,329,382,207,413,205,27,413
Players,203114,Khris Middleton,Khris,1610612749,MIL,31.0,11,8,3,0.727,32.37166666666667,3.3,12.2,0.273,1.1,5.6,0.2,0.0,0.0,0.0,3.3,3.3,6.7,6.7,3.3,0.0,0.0,1.1,8.9,0.0,7.8,18.9,22.5,2,0,22.2,258,204,317,35,234,262,136,328,187,137,218,295,305,295,75,267,179,22,45,250,204,91,39,329,316,69,292,108,27,271
Players,1630165,Killian Hayes,Killian,1610612765,DET,21.0,24,6,18,0.25,79.23333333333333,4.1,12.3,0.333,2.7,6.8,0.4,3.6,5.0,0.727,0.0,1.4,1.4,5.0,1.8,0.9,0.5,0.5,7.7,3.2,14.5,-31.8,25.9,4,0,26.4,148,239,55,396,143,205,135,286,68,102,97,163,164,181,288,362,383,62,135,151,175,173,51,198,174,387,233,76,27,212
Players,202691,Klay Thompson,Klay,1610612744,GSW,33.0,36,17,19,0.472,150.65,5.5,18.2,0.303,3.8,12.7,0.302,1.7,2.2,0.778,1.7,4.3,6.0,2.2,1.9,1.0,1.0,1.0,2.6,1.7,16.5,-0.5,30.7,1,0,32.3,42,61,38,247,23,130,56,320,34,18,167,244,262,148,160,211,209,183,129,140,112,108,304,277,138,229,171,148,27,131
Players,1627739,Kris Dunn,Kris,1610612762,UTA,29.0,8,3,5,0.375,34.5,5.2,7.3,0.714,1.0,1.0,1.0,3.1,4.2,0.75,0.0,6.3,6.3,5.2,0.0,0.0,0.0,1.0,6.3,4.2,14.6,14.6,29.9,3,0,27.1,290,304,262,339,226,146,275,48,197,314,1,179,194,156,288,113,195,55,281,250,204,102,86,149,172,93,182,94,27,199
Players,204001,Kristaps Porziņģis,Kristaps,1610612764,WAS,27.0,32,9,23,0.281,113.39166666666667,3.5,10.5,0.333,1.3,4.1,0.308,8.6,10.2,0.844,1.9,4.4,6.3,1.9,1.0,0.3,1.9,0.6,5.7,7.0,16.8,-16.5,33.0,10,0,30.8,79,189,6,393,81,249,174,286,173,187,163,46,59,110,144,203,190,198,224,234,50,154,110,50,133,336,139,32,27,150
Players,203937,Kyle Anderson,Kyle,1610612750,MIN,29.0,41,26,15,0.634,137.60166666666666,2.9,6.3,0.458,0.3,0.5,0.5,0.5,0.5,1.0,1.0,5.2,6.3,6.3,1.6,1.0,0.8,0.5,4.2,1.0,6.5,8.1,27.4,9,2,23.0,12,3,90,95,37,285,311,185,255,322,42,292,304,1,211,166,193,34,162,130,135,165,200,309,341,130,216,36,5,259
Players,1628398,Kyle Kuzma,Kyle,1610612764,WAS,27.0,36,15,21,0.417,129.36,5.0,15.0,0.333,1.9,8.9,0.219,2.8,5.0,0.556,1.4,4.5,5.8,0.3,1.9,0.6,0.6,0.0,3.3,3.1,14.7,-3.1,23.6,9,0,25.0,42,91,21,304,53,156,93,286,111,55,215,193,163,238,187,201,217,295,126,203,161,210,249,202,170,248,272,36,27,233
Players,200768,Kyle Lowry,Kyle,1610612748,MIA,37.0,32,17,15,0.531,124.72666666666667,4.6,9.8,0.471,1.4,4.3,0.333,1.4,1.4,1.0,1.2,2.6,3.8,4.9,2.0,0.6,0.6,0.9,4.6,2.6,12.1,3.8,25.4,1,1,24.5,79,61,90,171,60,180,189,172,154,175,131,256,282,1,200,311,309,63,123,201,156,121,169,230,218,174,243,148,9,239
Players,202681,Kyrie Irving,Kyrie,1610612742,DAL,31.0,37,20,17,0.541,133.59666666666666,10.0,21.8,0.457,3.8,11.6,0.326,10.0,10.2,0.974,1.1,4.9,5.9,4.3,2.2,0.3,0.3,1.1,3.2,7.3,33.7,2.4,46.7,4,0,48.8,34,32,69,162,44,26,28,186,37,24,155,32,56,66,209,186,212,78,110,247,199,96,260,43,17,187,47,76,27,33
Players,1630163,LaMelo Ball,LaMelo,1610612766,CHA,21.0,19,8,11,0.421,48.655,7.4,17.8,0.417,4.4,12.6,0.353,2.2,3.0,0.75,1.5,2.2,3.7,8.1,3.0,0.7,0.0,0.7,5.2,3.7,21.5,-2.2,37.4,9,2,39.2,191,204,153,300,192,67,58,226,18,20,124,216,238,156,181,333,313,13,63,178,204,132,135,170,75,239,99,36,5,71
Players,1630205,Lamar Stevens,Lamar,1610612739,CLE,25.0,12,6,6,0.5,31.403333333333332,6.9,8.0,0.857,2.3,2.3,1.0,3.4,6.9,0.5,3.4,5.7,9.2,1.1,1.1,1.1,0.0,1.1,4.6,4.6,19.5,-6.9,34.5,0,0,34.4,245,239,234,188,238,86,250,35,93,277,1,171,120,245,69,133,98,253,201,115,204,83,172,136,95,281,125,205,27,105
Players,1629013,Landry Shamet,Landry,1610612756,PHX,26.0,6,1,5,0.167,18.871666666666666,3.8,17.2,0.222,3.8,15.3,0.25,0.0,0.0,0.0,0.0,0.0,0.0,5.7,0.0,0.0,0.0,0.0,3.8,0.0,11.4,-55.3,20.0,0,0,21.0,322,372,262,412,288,226,61,346,35,12,186,295,305,295,288,373,388,46,281,250,204,210,218,329,235,420,322,205,27,298
Players,1626204,Larry Nance Jr.,Larry,1610612740,NOP,30.0,23,11,12,0.478,89.47,4.8,9.3,0.522,0.0,0.8,0.0,1.6,2.8,0.571,2.4,6.4,8.9,2.4,0.0,1.2,1.6,0.8,4.8,2.8,11.3,16.9,34.0,2,0,28.2,158,158,140,243,121,168,208,112,257,319,257,248,243,235,110,106,105,164,281,110,61,125,152,218,238,79,130,108,27,184
Players,1628374,Lauri Markkanen,Lauri,1610612762,UTA,26.0,42,19,23,0.452,153.92333333333335,6.5,15.2,0.431,2.6,6.3,0.407,9.8,11.5,0.857,2.6,8.4,11.0,1.4,1.9,0.7,0.9,1.4,3.3,6.5,25.5,3.7,43.8,18,0,43.7,10,40,6,268,19,92,89,209,76,113,96,33,43,102,96,52,60,239,131,184,113,63,255,63,45,175,58,14,27,47
Players,2544,LeBron James,LeBron,1610612747,LAL,38.0,29,16,13,0.552,131.11333333333334,11.3,24.4,0.461,2.5,9.3,0.265,6.3,8.0,0.793,1.1,4.9,6.0,6.6,1.6,0.3,0.5,1.4,2.7,6.3,31.3,-1.9,49.3,11,1,48.1,105,80,122,149,50,13,14,181,78,49,184,85,92,145,205,180,205,25,150,244,162,66,294,71,25,235,40,30,9,34
Players,1630322,Lindy Waters III,Lindy,1610612760,OKC,25.0,6,2,4,0.333,1.8716666666666666,0.0,0.0,0.0,0.0,0.0,0.0,0.0,0.0,0.0,0.0,0.0,0.0,0.0,0.0,0.0,0.0,0.0,19.2,0.0,0.0,-19.2,0.0,0,0,0.0,322,326,287,360,416,361,396,361,257,325,257,295,305,295,288,373,388,297,281,250,204,210,12,329,382,350,413,205,27,413
Players,1629022,Lonnie Walker IV,Lonnie,1610612747,LAL,24.0,14,5,9,0.357,40.24,1.8,8.1,0.222,1.8,3.6,0.5,0.9,0.9,1.0,0.9,0.0,0.9,0.0,0.0,0.0,0.9,2.7,2.7,0.0,6.3,-20.6,10.0,0,0,10.7,229,259,185,354,214,338,249,346,121,212,42,277,294,1,226,373,387,297,281,250,118,15,301,329,347,355,395,205,27,398
Players,1629652,Luguentz Dort,Luguentz,1610612760,OKC,24.0,36,16,20,0.444,147.49,4.1,9.5,0.436,0.5,2.4,0.2,3.4,4.4,0.778,2.0,3.2,5.1,1.5,1.7,1.7,0.0,0.5,8.5,4.4,12.2,0.2,24.0,3,0,22.7,42,80,29,272,25,201,196,203,247,264,218,173,185,148,140,282,245,235,146,66,204,172,43,145,215,206,265,94,27,264
Players,1629029,Luka Dončić,Luka,1610612742,DAL,24.0,41,20,21,0.488,181.515,8.7,19.8,0.44,1.4,7.1,0.194,7.1,9.5,0.75,1.0,9.5,10.5,6.5,2.8,1.6,0.6,0.2,3.0,7.5,26.0,5.6,52.2,26,7,48.8,12,32,21,235,2,40,43,199,160,91,229,67,69,156,216,38,71,27,73,73,153,209,277,38,40,152,28,2,2,32
Players,1630568,Luka Garza,Luka,1610612750,MIN,24.0,1,0,1,0.0,0.7833333333333333,46.0,46.0,1.0,46.0,46.0,1.0,0.0,0.0,0.0,0.0,0.0,0.0,0.0,0.0,0.0,0.0,0.0,0.0,0.0,137.9,46.0,137.9,0,0,183.8,425,418,381,418,432,2,3,1,2,2,1,295,305,295,288,373,388,297,281,250,204,210,376,329,2,20,3,205,27,2
Players,1629677,Luka Samanic,Luka,1610612762,UTA,23.0,2,1,1,0.5,4.206666666666667,0.0,17.1,0.0,0.0,17.1,0.0,0.0,0.0,0.0,0.0,0.0,0.0,0.0,0.0,0.0,0.0,0.0,8.6,0.0,0.0,-25.7,0.0,0,0,0.0,394,372,381,188,396,361,63,361,257,7,257,295,305,295,288,373,388,297,281,250,204,210,41,329,382,373,413,205,27,413
Players,1628379,Luke Kennard,Luke,1610612763,MEM,27.0,19,13,6,0.684,36.26,2.0,4.0,0.5,2.0,3.0,0.667,5.0,5.0,1.0,0.0,4.0,4.0,2.0,1.0,0.0,0.0,0.0,2.0,3.0,10.9,36.7,17.7,0,0,18.9,191,129,234,51,224,331,368,117,110,236,23,116,165,1,288,229,301,194,220,250,204,210,340,209,248,28,349,205,27,331
Players,1628436,Luke Kornet,Luke,1610612738,BOS,27.0,9,4,5,0.444,20.97833333333333,1.7,1.7,1.0,0.0,0.0,0.0,0.0,0.0,0.0,3.4,5.1,8.6,1.7,1.7,0.0,0.0,0.0,3.4,0.0,3.4,0.0,14.6,0,0,13.7,277,278,262,272,279,342,394,1,257,325,257,295,305,295,70,172,112,220,144,250,204,210,241,329,371,207,378,205,27,380
Players,1630201,Malachi Flynn,Malachi,1610612761,TOR,25.0,6,2,4,0.333,16.365,0.0,6.6,0.0,0.0,6.6,0.0,0.0,0.0,0.0,2.2,4.4,6.6,2.2,2.2,0.0,2.2,0.0,4.4,0.0,0.0,6.6,15.6,0,0,13.2,322,326,287,360,296,361,297,361,257,108,257,295,305,295,127,205,183,180,104,250,42,210,187,329,382,145,370,205,27,384
Players,1631103,Malaki Branham,Malaki,1610612759,SAS,20.0,9,4,5,0.444,32.815,3.3,8.8,0.375,0.0,2.2,0.0,5.5,6.6,0.833,1.1,4.4,5.5,3.3,2.2,1.1,0.0,1.1,2.2,5.5,12.1,-18.7,24.7,0,0,23.0,277,278,262,272,232,266,222,258,257,282,257,105,131,114,207,207,231,122,107,121,204,94,325,93,221,346,258,205,27,257
Players,1627763,Malcolm Brogdon,Malcolm,1610612738,BOS,30.0,24,14,10,0.583,87.88666666666667,4.1,7.0,0.588,1.6,3.3,0.5,7.4,8.2,0.9,0.4,3.3,3.7,2.9,1.6,0.4,0.8,0.4,4.5,7.4,17.2,4.1,28.0,0,0,27.9,148,108,169,125,126,203,282,87,133,223,42,59,88,82,281,271,315,139,153,228,130,181,179,40,129,171,207,205,27,188
Players,1627736,Malik Beasley,Malik,1610612747,LAL,26.0,41,19,22,0.463,81.415,2.7,11.5,0.231,2.2,9.7,0.227,2.7,2.7,1.0,0.9,3.1,4.0,0.9,0.4,1.3,0.4,0.4,1.8,1.3,10.2,11.1,21.1,1,0,20.8,12,40,13,255,137,301,154,345,102,46,212,199,249,1,229,285,300,269,273,100,180,175,354,301,263,109,306,148,27,300
Players,1628370,Malik Monk,Malik,1610612758,SAC,25.0,24,14,10,0.583,86.44833333333334,8.3,15.8,0.526,2.9,6.7,0.438,5.0,5.8,0.857,0.4,2.5,2.9,6.2,1.2,0.8,0.4,1.2,2.1,5.8,24.6,10.8,39.9,0,0,39.1,148,108,169,125,131,49,81,108,59,104,85,115,145,102,280,315,348,37,190,163,184,75,335,82,52,112,77,205,27,72
Players,1630699,MarJon Beauchamp,MarJon,1610612749,MIL,22.0,1,1,0,1.0,4.326666666666667,0.0,0.0,0.0,0.0,0.0,0.0,0.0,0.0,0.0,8.3,8.3,16.6,0.0,0.0,0.0,0.0,0.0,0.0,0.0,0.0,33.3,20.0,0,0,16.6,425,372,435,1,393,361,396,361,257,325,257,295,305,295,13,54,14,297,281,250,204,210,376,329,382,35,323,205,27,360
Players,202694,Marcus Morris Sr.,Marcus,1610612746,LAC,33.0,24,11,13,0.458,82.065,3.9,9.2,0.429,0.9,5.3,0.167,2.6,3.1,0.857,0.0,5.7,5.7,2.2,0.4,0.0,0.4,0.4,2.2,1.8,11.4,-2.6,22.4,1,0,21.1,148,158,122,261,135,219,210,211,210,145,233,200,229,102,288,135,221,181,274,250,181,176,327,271,237,244,293,148,27,297
Players,203935,Marcus Smart,Marcus,1610612738,BOS,29.0,24,16,8,0.667,113.20666666666666,5.4,11.8,0.459,1.3,5.4,0.235,3.2,3.8,0.833,1.0,3.2,4.1,5.4,1.3,1.3,0.3,0.6,3.2,6.4,15.3,6.0,31.8,2,0,29.3,148,80,195,53,82,136,144,184,172,143,209,176,203,114,218,279,288,52,189,103,193,152,266,70,160,150,152,108,27,172
Players,1631109,Mark Williams,Mark,1610612766,CHA,21.0,8,7,1,0.875,21.595,8.3,8.3,1.0,0.0,0.0,0.0,8.3,13.3,0.625,5.0,13.3,18.3,0.0,0.0,0.0,5.0,0.0,1.7,8.3,25.0,46.7,62.0,5,0,53.3,290,223,381,19,276,48,239,1,257,325,257,48,29,217,34,9,7,297,281,250,11,210,358,30,49,19,15,62,27,19
Players,1628365,Markelle Fultz,Markelle,1610612753,ORL,25.0,29,16,13,0.552,101.04,9.3,15.7,0.591,0.0,1.1,0.0,7.1,8.2,0.87,2.1,3.9,6.1,6.1,2.5,0.7,0.7,1.4,6.1,5.3,25.7,10.0,43.8,3,0,40.6,105,80,122,149,106,35,84,85,257,312,257,68,86,97,130,230,204,40,82,182,139,60,97,100,44,118,60,94,27,58
Players,202693,Markieff Morris,Markieff,1610612742,DAL,33.0,3,2,1,0.667,5.378333333333333,0.0,0.0,0.0,0.0,0.0,0.0,0.0,0.0,0.0,0.0,0.0,0.0,0.0,6.7,0.0,6.7,0.0,6.7,0.0,0.0,53.5,13.4,1,0,13.4,368,326,381,53,379,361,396,361,257,325,257,295,305,295,288,373,388,297,6,250,6,210,74,329,382,18,384,148,27,383
Players,1628963,Marvin Bagley III,Marvin,1610612765,DET,24.0,10,2,8,0.2,31.586666666666666,1.1,4.6,0.25,0.0,2.3,0.0,4.6,6.8,0.667,2.3,8.0,10.3,0.0,1.1,0.0,1.1,0.0,5.7,3.4,6.8,-46.7,21.4,4,0,19.4,271,326,195,408,236,353,359,331,257,278,257,134,123,195,120,61,75,297,203,250,92,210,112,183,333,410,304,76,27,324
Players,203486,Mason Plumlee,Mason,1610612746,LAC,33.0,34,11,23,0.324,119.74166666666666,3.9,6.0,0.65,0.0,0.0,0.0,2.4,7.5,0.32,6.6,6.0,12.6,3.3,3.0,0.3,0.9,0.3,6.0,4.5,10.2,-14.1,30.9,15,0,28.6,63,158,6,382,69,220,319,66,257,325,257,209,99,289,23,123,35,118,58,238,117,196,99,139,262,322,167,21,27,178
Players,1629680,Matisse Thybulle,Matisse,1610612757,POR,26.0,15,10,5,0.667,22.5,0.0,4.8,0.0,0.0,3.2,0.0,0.0,0.0,0.0,1.6,1.6,3.2,0.0,0.0,1.6,0.0,0.0,12.8,0.0,0.0,-38.4,8.6,0,0,6.4,219,179,262,53,273,361,353,361,257,228,257,295,305,295,165,353,340,297,281,71,204,210,18,329,382,394,402,205,27,407
Players,1630346,Matt Ryan,Matt,1610612750,MIN,26.0,2,1,1,0.5,0.26666666666666666,135.0,135.0,1.0,135.0,135.0,1.0,0.0,0.0,0.0,0.0,0.0,0.0,0.0,0.0,0.0,0.0,0.0,135.0,0.0,405.0,135.0,405.0,0,0,540.0,394,372,381,188,439,1,1,1,1,1,1,295,305,295,288,373,388,297,281,250,204,210,2,329,1,5,1,205,27,1
Players,203521,Matthew Dellavedova,Matthew,1610612758,SAC,32.0,2,1,1,0.5,0.7016666666666667,0.0,0.0,0.0,0.0,0.0,0.0,0.0,0.0,0.0,0.0,0.0,0.0,0.0,0.0,0.0,0.0,0.0,0.0,0.0,0.0,-256.5,0.0,0,0,0.0,394,372,381,188,434,361,396,361,257,325,257,295,305,295,288,373,388,297,281,250,204,210,376,329,382,448,413,205,27,413
Players,1631108,Max Christie,Max,1610612747,LAL,20.0,5,2,3,0.4,14.316666666666666,0.0,0.0,0.0,0.0,0.0,0.0,0.0,0.0,0.0,0.0,7.5,7.5,0.0,0.0,0.0,0.0,0.0,2.5,0.0,0.0,-20.1,9.1,0,0,7.5,338,326,317,316,311,361,396,361,257,325,257,295,305,295,288,65,139,297,281,250,204,210,307,329,382,354,400,205,27,403
Players,1629622,Max Strus,Max,1610612748,MIA,27.0,33,17,16,0.515,113.93,2.8,10.4,0.273,2.5,8.8,0.286,0.9,1.6,0.6,0.6,4.1,4.7,0.9,0.9,0.0,0.6,0.3,3.2,0.9,9.2,13.6,17.2,0,0,18.6,74,61,77,184,80,287,175,328,77,56,174,273,279,223,262,220,263,265,225,250,151,190,268,314,284,95,353,205,27,336
Players,1628467,Maxi Kleber,Maxi,1610612742,DAL,31.0,26,12,14,0.462,79.96166666666667,1.8,4.1,0.444,1.8,3.6,0.5,2.7,4.1,0.667,1.4,1.4,2.7,1.4,1.4,0.0,0.0,0.0,5.0,1.8,8.1,-11.7,12.0,0,0,14.0,137,145,109,256,141,337,365,192,120,211,42,198,198,195,189,363,353,242,183,250,204,210,145,268,308,306,390,205,27,377
Players,1630593,McKinley Wright IV,McKinley,1610612742,DAL,24.0,1,0,1,0.0,3.3833333333333333,31.9,53.2,0.6,0.0,21.3,0.0,0.0,0.0,0.0,0.0,0.0,0.0,0.0,0.0,0.0,0.0,10.6,0.0,0.0,63.8,-21.3,63.8,0,0,63.8,425,418,381,418,402,3,2,74,257,3,257,295,305,295,288,373,388,297,281,250,204,2,376,329,4,357,12,205,27,10
Players,1630695,Micah Potter,Micah,1610612762,UTA,25.0,1,1,0,1.0,0.07333333333333333,0.0,0.0,0.0,0.0,0.0,0.0,0.0,0.0,0.0,0.0,0.0,0.0,0.0,0.0,0.0,0.0,0.0,0.0,0.0,0.0,981.8,0.0,1,0,0.0,425,372,435,1,444,361,396,361,257,325,257,295,305,295,288,373,388,297,281,250,204,210,376,329,382,3,413,148,27,413
Players,1629008,Michael Porter Jr.,Michael,1610612743,DEN,25.0,22,15,7,0.682,73.35,3.4,8.3,0.412,2.9,6.9,0.429,2.0,3.9,0.5,0.0,4.9,4.9,0.5,0.5,0.5,1.5,0.0,2.0,2.0,11.8,16.7,23.8,2,0,24.0,169,91,215,52,150,254,237,230,57,99,88,229,202,245,288,183,253,289,270,217,73,210,343,263,228,82,266,108,27,247
Players,1628969,Mikal Bridges,Mikal,1610612751,BKN,26.0,34,15,19,0.441,145.685,3.5,9.4,0.368,0.5,3.2,0.154,3.5,4.4,0.778,0.7,3.0,3.7,1.7,1.5,0.7,0.5,0.2,4.4,2.5,10.9,-6.2,20.1,1,0,19.3,63,91,38,283,28,252,203,266,245,227,246,169,182,148,243,291,311,219,170,177,170,204,182,238,253,276,321,148,27,327
Players,201144,Mike Conley,Mike,1610612750,MIN,35.0,44,22,22,0.5,169.86833333333334,2.5,7.4,0.343,1.5,4.2,0.35,5.9,7.4,0.8,1.9,3.2,5.1,5.5,0.8,1.1,0.2,0.6,2.5,5.1,12.5,5.1,29.8,4,0,27.1,5,16,13,188,5,304,273,283,151,181,129,95,101,132,143,280,247,51,232,125,203,153,305,112,208,163,183,76,27,200
Players,203488,Mike Muscala,Mike,1610612738,BOS,31.0,14,3,11,0.214,35.605,1.0,8.1,0.125,1.0,6.1,0.167,1.0,1.0,1.0,0.0,7.1,7.1,1.0,2.0,0.0,0.0,1.0,3.0,3.0,4.0,-22.2,12.0,0,0,13.1,229,304,153,406,225,356,247,360,200,123,233,271,292,1,288,85,163,261,122,250,204,104,274,203,366,363,389,205,27,385
Players,1630540,Miles McBride,Miles,1610612752,NYK,22.0,5,3,2,0.6,6.766666666666667,5.3,21.3,0.25,5.3,16.0,0.333,16.0,21.3,0.75,0.0,0.0,0.0,0.0,0.0,0.0,0.0,5.3,5.3,10.6,31.9,-21.3,31.9,0,0,37.2,338,304,338,113,365,139,34,331,14,11,131,8,6,156,288,373,388,297,281,250,204,7,128,10,22,357,148,205,27,85
Players,1629011,Mitchell Robinson,Mitchell,1610612752,NYK,25.0,22,10,12,0.455,101.37,2.8,5.0,0.571,0.0,0.0,0.0,1.4,4.3,0.333,6.0,6.4,12.4,1.1,0.4,1.8,2.1,0.7,4.3,3.2,7.1,-13.5,35.0,6,0,28.4,169,179,140,263,104,289,347,91,257,325,257,257,190,287,26,107,37,258,278,59,44,136,195,195,329,316,122,56,27,180
Players,1628964,Mo Bamba,Mo,1610612747,LAL,25.0,3,1,2,0.333,7.816666666666666,4.6,9.2,0.5,0.0,0.0,0.0,9.2,9.2,1.0,4.6,9.2,13.8,4.6,0.0,4.6,0.0,0.0,9.2,4.6,18.4,9.2,55.7,0,0,46.1,368,372,338,360,356,181,211,117,257,325,257,41,70,1,42,40,29,68,281,12,204,210,37,135,108,123,23,205,27,38
Players,1626149,Montrezl Harrell,Montrezl,1610612755,PHI,29.0,6,4,2,0.667,18.185,5.9,9.9,0.6,0.0,2.0,0.0,5.9,11.9,0.5,7.9,0.0,7.9,0.0,0.0,0.0,2.0,0.0,2.0,9.9,17.8,-15.8,33.3,1,0,29.7,322,278,338,53,291,111,186,74,257,290,257,94,41,245,15,373,129,297,281,250,48,210,341,15,118,334,135,148,27,166
Players,1628420,Monté Morris,Monté,1610612764,WAS,28.0,23,7,16,0.304,58.45333333333333,4.3,12.3,0.35,1.2,4.9,0.25,3.7,4.9,0.75,0.6,3.7,4.3,1.8,1.2,0.6,1.2,0.6,5.5,3.1,13.5,-11.1,25.8,1,0,24.6,158,223,77,388,172,196,134,281,178,154,186,158,167,156,265,239,282,203,191,196,86,156,117,200,191,303,237,148,27,236
Players,1629021,Moritz Wagner,Moritz,1610612753,ORL,26.0,12,6,6,0.5,29.013333333333332,3.7,7.4,0.5,0.0,2.5,0.0,5.0,6.2,0.8,2.5,9.9,12.4,3.7,2.5,1.2,0.0,1.2,7.4,5.0,12.4,23.6,34.1,3,0,31.0,245,239,234,188,251,230,272,117,257,258,257,117,139,132,104,34,38,97,83,105,204,77,58,120,211,58,126,94,27,149
Players,1629650,Moses Brown,Moses,1610612751,BKN,23.0,2,1,1,0.5,1.0983333333333334,0.0,0.0,0.0,0.0,0.0,0.0,0.0,0.0,0.0,0.0,65.6,65.6,0.0,0.0,0.0,0.0,0.0,0.0,0.0,0.0,65.6,78.7,0,0,65.6,394,372,381,188,426,361,396,361,257,325,257,295,305,295,288,1,2,297,281,250,204,210,376,329,382,13,7,205,27,8
Players,1630541,Moses Moody,Moses,1610612744,GSW,21.0,6,0,6,0.0,10.156666666666666,7.1,10.6,0.667,7.1,10.6,0.667,0.0,0.0,0.0,0.0,3.5,3.5,0.0,0.0,0.0,0.0,0.0,14.2,0.0,21.3,-49.6,25.5,0,0,31.9,322,418,234,418,335,80,171,53,12,33,23,295,305,295,288,252,321,297,281,250,204,210,15,329,78,415,242,205,27,133
Players,1631217,Moussa Diabaté,Moussa,1610612746,LAC,21.0,2,2,0,1.0,4.8966666666666665,0.0,0.0,0.0,0.0,0.0,0.0,7.4,14.7,0.5,7.4,0.0,7.4,0.0,0.0,0.0,7.4,0.0,7.4,7.4,7.4,58.8,38.2,0,0,29.4,394,326,435,1,384,361,396,361,257,325,257,63,20,245,18,373,148,297,281,250,5,210,63,42,324,15,89,205,27,169
Players,1626167,Myles Turner,Myles,1610612754,IND,27.0,38,22,16,0.579,129.76166666666666,5.5,9.4,0.588,1.4,3.6,0.385,4.4,5.5,0.8,1.9,5.5,7.5,1.7,1.9,0.0,3.3,0.3,6.7,3.6,16.9,-1.1,36.5,15,0,34.1,28,16,77,129,52,127,201,87,161,209,108,137,151,132,141,146,140,224,127,250,24,199,75,174,132,232,106,21,27,108
Players,1630230,Naji Marshall,Naji,1610612740,NOP,25.0,19,9,10,0.474,61.36666666666667,3.5,6.5,0.545,0.6,2.9,0.2,2.3,3.5,0.667,0.6,2.9,3.5,1.8,1.2,0.6,0.0,0.0,2.3,2.3,10.0,8.8,17.4,0,0,17.0,191,189,169,246,170,246,303,100,239,239,218,213,212,195,266,292,324,214,197,199,204,210,314,243,269,127,351,205,27,357
Players,1629642,Nassir Little,Nassir,1610612757,POR,23.0,8,5,3,0.625,9.895,7.3,14.6,0.5,3.6,10.9,0.333,0.0,0.0,0.0,0.0,7.3,7.3,0.0,0.0,0.0,0.0,0.0,0.0,0.0,18.2,-7.3,26.9,0,0,29.1,290,259,317,98,341,72,99,117,39,30,131,295,305,295,288,78,151,297,281,250,204,210,376,329,112,284,224,205,27,174
Players,1631466,Nate Williams,Nate,1610612757,POR,24.0,1,0,1,0.0,0.9666666666666667,0.0,0.0,0.0,0.0,0.0,0.0,0.0,0.0,0.0,0.0,0.0,0.0,0.0,0.0,0.0,0.0,0.0,0.0,0.0,0.0,-111.7,0.0,0,0,0.0,425,418,381,418,427,361,396,361,257,325,257,295,305,295,288,373,388,297,281,250,204,210,376,329,382,441,413,205,27,413
Players,1630233,Nathan Knight,Nathan,1610612750,MIN,25.0,4,2,2,0.5,2.1883333333333335,0.0,16.5,0.0,0.0,16.5,0.0,0.0,0.0,0.0,0.0,0.0,0.0,0.0,0.0,0.0,0.0,0.0,0.0,0.0,0.0,0.0,0.0,0,0,0.0,351,326,338,188,414,361,70,361,257,8,257,295,305,295,288,373,388,297,281,250,204,210,376,329,382,207,413,205,27,413
Players,1629675,Naz Reid,Naz,1610612750,MIN,23.0,16,6,10,0.375,44.60166666666667,5.7,17.0,0.333,1.6,10.5,0.154,2.4,3.2,0.75,0.8,8.1,8.9,1.6,4.8,2.4,0.8,0.0,1.6,2.4,15.3,-17.0,33.3,2,0,33.9,212,239,169,339,200,123,65,286,138,34,246,208,222,156,239,58,104,227,15,32,132,210,360,240,158,339,136,108,27,111
Players,1629651,Nic Claxton,Nic,1610612751,BKN,24.0,34,20,14,0.588,69.51166666666667,5.2,5.7,0.909,0.0,0.0,0.0,0.5,3.1,0.167,1.6,8.8,10.4,0.0,1.6,0.5,2.6,0.0,4.1,2.1,10.9,-2.6,31.1,18,0,27.4,63,32,109,123,155,148,327,34,257,325,257,293,228,294,171,44,74,297,165,211,30,210,201,258,252,243,166,14,27,193
Players,1630208,Nick Richards,Nick,1610612766,CHA,25.0,7,4,3,0.571,21.513333333333332,3.3,6.7,0.5,0.0,0.0,0.0,0.0,1.7,0.0,3.3,10.0,13.4,0.0,1.7,0.0,3.3,1.7,3.3,1.7,6.7,11.7,31.1,5,0,26.8,309,278,317,134,278,260,292,117,257,325,257,295,276,295,74,33,30,297,148,250,23,36,247,276,337,103,164,62,27,203
Players,1629638,Nickeil Alexander-Walker,Nickeil,1610612750,MIN,24.0,13,6,7,0.462,26.358333333333334,1.4,8.2,0.167,1.4,8.2,0.167,4.1,8.2,0.5,0.0,5.5,5.5,2.7,4.1,1.4,0.0,0.0,8.2,6.8,8.2,-17.8,18.8,0,0,20.5,237,239,215,256,257,349,242,353,164,69,233,146,87,245,288,152,234,147,27,89,204,210,44,58,306,342,338,205,27,308
Players,201587,Nicolas Batum,Nicolas,1610612746,LAC,34.0,29,17,12,0.586,80.44,5.4,11.6,0.462,4.0,9.8,0.409,1.3,2.2,0.6,2.2,4.5,6.7,0.9,0.9,0.4,1.3,0.0,1.3,1.3,16.1,9.0,30.0,0,0,31.3,105,61,140,124,139,137,149,178,28,43,94,260,260,223,123,199,178,267,228,222,81,210,366,299,146,125,180,205,27,145
Players,203999,Nikola Jokić,Nikola,1610612743,DEN,28.0,29,20,9,0.69,115.9,8.7,17.1,0.509,1.2,3.4,0.364,12.4,15.5,0.8,2.5,8.1,10.6,8.4,2.8,0.9,0.9,1.2,3.7,9.3,31.1,24.5,59.1,24,15,55.0,105,32,185,48,75,41,64,115,176,221,120,17,16,132,103,57,68,12,72,147,114,76,224,20,28,55,19,4,1,17
Players,202696,Nikola Vučević,Nikola,1610612741,CHI,32.0,37,14,23,0.378,170.305,4.2,9.7,0.435,1.9,4.9,0.391,1.3,1.9,0.667,1.3,7.0,8.2,1.9,0.6,0.8,1.5,0.2,2.1,1.7,11.6,1.5,30.7,23,0,28.3,34,108,6,337,4,200,190,205,113,157,105,264,269,195,194,90,118,199,258,162,71,207,334,275,232,196,170,7,27,181
Players,203943,Noah Vonleh,Noah,1610612738,BOS,27.0,2,2,0,1.0,0.4666666666666667,0.0,0.0,0.0,0.0,0.0,0.0,0.0,0.0,0.0,0.0,0.0,0.0,0.0,0.0,0.0,0.0,0.0,77.1,0.0,0.0,-231.4,0.0,0,0,0.0,394,326,435,1,437,361,396,361,257,325,257,295,305,295,288,373,388,297,281,250,204,210,3,329,382,447,413,205,27,413
Players,1626181,Norman Powell,Norman,1610612746,LAC,30.0,26,13,13,0.5,68.46,3.7,8.4,0.438,1.6,3.7,0.429,7.4,8.9,0.824,0.5,0.5,1.1,0.0,1.6,0.5,0.0,1.1,4.7,6.3,16.3,5.3,17.6,0,0,20.0,137,129,122,188,158,234,236,201,142,205,88,61,74,123,271,372,385,297,161,208,204,100,157,72,143,159,350,205,27,317
Players,1628384,OG Anunoby,OG,1610612761,TOR,25.0,35,16,19,0.457,131.16833333333332,3.8,9.1,0.424,1.1,4.1,0.267,4.7,5.2,0.895,1.1,5.8,6.9,1.6,1.1,1.1,1.1,0.3,4.7,3.3,13.4,7.1,29.6,2,0,27.4,55,80,38,262,49,224,216,220,190,188,183,128,162,86,206,132,169,226,209,120,97,200,166,188,193,139,185,108,27,194
Players,1630167,Obi Toppin,Obi,1610612752,NYK,25.0,6,5,1,0.833,13.253333333333334,8.1,13.6,0.6,2.7,8.1,0.333,0.0,0.0,0.0,0.0,0.0,0.0,0.0,0.0,0.0,0.0,0.0,8.1,0.0,19.0,35.3,19.0,0,0,21.7,322,259,381,23,315,53,115,74,70,71,131,295,305,295,288,373,388,297,281,250,204,210,45,329,100,31,334,205,27,279
Players,1630534,Ochai Agbaji,Ochai,1610612762,UTA,23.0,20,11,9,0.55,49.55166666666667,7.3,15.3,0.476,2.9,7.3,0.4,4.4,4.4,1.0,0.7,1.5,2.2,0.7,1.5,1.5,0.0,0.7,2.2,2.2,21.8,35.6,28.4,0,0,30.5,181,158,185,152,189,74,88,168,60,88,97,140,188,1,246,359,370,276,172,79,204,133,328,251,69,30,202,205,27,153
Players,1630209,Omer Yurtseven,Omer,1610612748,MIA,25.0,1,1,0,1.0,0.5666666666666667,0.0,0.0,0.0,0.0,0.0,0.0,0.0,0.0,0.0,0.0,0.0,0.0,0.0,0.0,0.0,0.0,0.0,0.0,0.0,0.0,-63.5,0.0,0,0,0.0,425,372,435,1,436,361,396,361,257,325,257,295,305,295,288,373,388,297,281,250,204,210,376,329,382,429,413,205,27,413
Players,1630168,Onyeka Okongwu,Onyeka,1610612737,ATL,22.0,16,7,9,0.438,53.395,2.0,4.0,0.5,0.0,0.0,0.0,0.7,0.7,1.0,3.4,3.4,6.7,0.0,1.3,0.7,4.0,1.3,3.4,2.0,4.7,-21.6,25.6,4,0,20.9,212,223,185,286,178,330,366,117,257,325,257,288,303,1,73,262,177,297,184,189,14,68,243,261,360,360,239,76,27,299
Players,1631115,Orlando Robinson,Orlando,1610612748,MIA,22.0,6,4,2,0.667,22.391666666666666,1.6,6.4,0.25,0.0,3.2,0.0,0.0,0.0,0.0,6.4,4.8,11.3,1.6,3.2,0.0,1.6,1.6,1.6,1.6,3.2,-11.3,20.7,0,0,19.3,322,278,338,53,274,344,305,331,257,226,257,295,305,295,24,190,51,229,50,250,62,38,361,283,373,304,309,205,27,326
Players,1629052,Oshae Brissett,Oshae,1610612754,IND,25.0,9,6,3,0.667,13.946666666666667,2.6,7.7,0.333,0.0,2.6,0.0,5.2,10.3,0.5,2.6,12.9,15.5,0.0,2.6,0.0,0.0,0.0,7.7,5.2,10.3,5.2,26.3,1,0,25.8,277,239,317,53,314,302,262,286,257,253,257,113,53,245,95,10,18,297,80,250,204,210,50,108,260,161,229,148,27,217
Players,203490,Otto Porter Jr.,Otto,1610612761,TOR,30.0,4,2,2,0.5,5.5,0.0,0.0,0.0,0.0,0.0,0.0,0.0,0.0,0.0,0.0,6.5,6.5,0.0,19.6,6.5,0.0,0.0,0.0,0.0,0.0,-6.5,7.9,0,0,19.6,351,326,338,188,378,361,396,361,257,325,257,295,305,295,288,104,184,297,2,8,204,210,376,329,382,278,404,205,27,321
Players,1631172,Ousmane Dieng,Ousmane,1610612760,OKC,20.0,2,1,1,0.5,5.233333333333333,0.0,6.9,0.0,0.0,6.9,0.0,0.0,0.0,0.0,0.0,6.9,6.9,0.0,0.0,0.0,0.0,0.0,0.0,0.0,0.0,-41.3,8.3,0,0,6.9,394,372,381,188,380,361,285,361,257,98,257,295,305,295,288,94,168,297,281,250,204,210,376,329,382,399,403,205,27,406
Players,200782,P.J. Tucker,P.J.,1610612755,PHI,38.0,28,16,12,0.571,95.65,1.9,3.4,0.556,1.5,2.6,0.571,1.1,1.9,0.6,1.5,5.6,7.2,1.1,1.1,0.4,0.4,0.4,3.8,2.3,6.4,5.3,17.8,0,0,17.7,118,80,140,134,117,334,379,95,150,250,35,268,270,223,178,140,159,256,206,229,187,183,221,248,344,158,347,205,27,347
Players,1629023,P.J. Washington,P.J.,1610612766,CHA,24.0,39,18,21,0.462,142.32666666666665,8.3,15.9,0.524,2.3,5.6,0.409,4.3,5.6,0.773,1.5,6.3,7.8,2.3,1.5,1.0,1.0,1.0,4.8,4.0,23.3,-3.0,40.6,3,0,39.7,22,53,21,256,31,47,78,110,94,136,94,142,150,153,173,111,130,174,168,138,103,103,154,155,61,247,72,94,27,66
Players,1631094,Paolo Banchero,Paolo,1610612753,ORL,20.0,40,17,23,0.425,135.09833333333333,6.4,15.5,0.414,1.1,2.9,0.364,10.4,12.3,0.848,1.6,5.1,6.7,2.4,1.3,1.3,0.5,1.9,3.7,7.5,24.2,-8.8,40.1,11,0,38.1,17,61,6,297,41,94,87,229,192,240,120,28,37,108,166,177,181,166,187,98,166,30,223,39,55,294,75,30,27,80
Players,1627783,Pascal Siakam,Pascal,1610612761,TOR,29.0,36,14,22,0.389,128.76833333333335,5.9,16.2,0.362,0.3,2.8,0.1,5.6,7.5,0.741,2.2,3.6,5.9,4.8,2.2,0.6,0.8,0.3,5.0,5.6,17.6,-2.0,33.7,9,1,31.3,42,108,13,329,54,115,73,272,254,243,255,102,98,179,124,244,216,65,103,202,124,198,139,89,123,236,132,36,9,147
Players,1626192,Pat Connaughton,Pat,1610612749,MIL,30.0,21,15,6,0.714,41.233333333333334,0.9,3.5,0.25,0.9,3.5,0.25,0.0,0.0,0.0,0.0,7.0,7.0,1.7,0.0,0.0,0.0,0.0,1.7,0.9,2.6,25.3,13.6,2,0,12.2,177,91,234,37,211,358,375,331,212,216,186,295,305,295,288,89,165,217,281,250,204,210,356,316,375,54,382,108,27,391
Players,201976,Patrick Beverley,Patrick,1610612741,CHI,34.0,26,13,13,0.5,107.05833333333334,1.0,3.7,0.273,0.7,2.7,0.25,0.7,2.4,0.286,1.3,3.4,4.7,2.0,0.7,2.4,1.0,0.0,6.7,1.0,3.4,-7.1,21.5,2,0,17.5,137,129,122,188,87,357,370,328,231,248,186,289,256,290,190,265,266,192,254,38,105,210,72,311,372,282,303,108,27,350
Players,1630172,Patrick Williams,Patrick,1610612741,CHI,21.0,29,14,15,0.483,87.82166666666667,1.6,4.9,0.333,0.4,2.5,0.167,1.6,1.6,1.0,1.2,2.5,3.7,0.0,0.4,0.8,0.8,0.4,4.5,1.6,5.3,7.0,14.3,0,0,12.7,105,108,90,239,127,343,349,286,249,263,233,246,277,1,196,316,314,297,276,168,129,180,177,281,355,140,381,205,27,388
Players,201988,Patty Mills,Patty,1610612751,BKN,34.0,5,4,1,0.8,12.268333333333333,8.8,11.7,0.75,2.9,5.9,0.5,2.9,5.9,0.5,0.0,8.8,8.8,0.0,0.0,0.0,0.0,0.0,0.0,2.9,23.5,8.8,34.0,0,0,35.2,338,278,381,27,322,39,145,42,58,130,42,188,144,245,288,45,107,297,281,250,204,210,376,213,60,126,128,205,27,100
Players,202331,Paul George,Paul,1610612746,LAC,33.0,36,18,18,0.5,103.86666666666666,9.7,18.7,0.519,2.4,8.3,0.292,9.4,11.1,0.844,0.7,7.3,8.0,5.2,4.5,2.1,0.3,0.7,3.5,6.9,31.2,4.2,51.3,6,0,51.6,42,53,55,188,97,31,50,113,83,66,173,39,48,110,251,77,125,56,21,48,192,141,238,54,27,169,33,56,27,22
Players,1630194,Paul Reed,Paul,1610612755,PHI,24.0,7,2,5,0.286,13.97,2.6,2.6,1.0,0.0,0.0,0.0,0.0,0.0,0.0,0.0,7.7,7.7,0.0,0.0,0.0,0.0,0.0,12.9,0.0,5.2,-38.7,14.4,0,0,12.9,309,326,262,390,313,303,388,1,257,325,257,295,305,295,288,62,132,297,281,250,204,210,17,329,357,395,379,205,27,387
Players,1630202,Payton Pritchard,Payton,1610612738,BOS,25.0,3,1,2,0.333,8.928333333333333,4.0,20.2,0.2,4.0,16.1,0.25,0.0,0.0,0.0,4.0,0.0,4.0,0.0,4.0,0.0,0.0,0.0,0.0,0.0,12.1,-8.1,12.9,0,0,20.2,368,372,338,360,350,213,40,350,27,9,186,295,305,295,51,373,296,297,29,250,204,210,376,329,219,290,386,205,27,313
Players,1631212,Peyton Watson,Peyton,1610612743,DEN,20.0,4,1,3,0.25,10.13,0.0,7.1,0.0,0.0,3.6,0.0,3.6,14.2,0.25,0.0,7.1,7.1,0.0,0.0,0.0,3.6,0.0,7.1,7.1,3.6,-92.4,22.7,0,0,17.8,351,372,317,396,336,361,280,361,257,213,257,165,24,291,288,83,161,297,281,250,20,210,67,47,370,438,285,205,27,344
Players,1630173,Precious Achiuwa,Precious,1610612761,TOR,23.0,12,5,7,0.417,29.615,4.9,10.9,0.444,0.0,1.2,0.0,6.1,8.5,0.714,4.9,10.9,15.8,0.0,1.2,1.2,2.4,1.2,9.7,6.1,15.8,-24.3,44.5,5,0,38.9,245,259,215,304,247,164,163,192,257,308,257,92,81,183,35,25,17,297,193,109,34,79,32,79,152,369,56,62,27,74
Players,1629656,Quentin Grimes,Quentin,1610612752,NYK,23.0,34,17,17,0.5,100.61,5.4,10.0,0.536,3.6,7.9,0.455,0.7,1.8,0.4,1.4,2.9,4.3,1.4,0.7,0.4,0.4,0.0,5.7,1.4,15.0,-21.8,23.8,0,0,25.8,63,61,69,188,107,138,183,105,42,77,80,285,273,282,184,295,284,237,247,233,190,210,109,291,162,361,267,205,27,219
Players,1631245,Quenton Jackson,Quenton,1610612764,WAS,24.0,1,0,1,0.0,2.6783333333333332,0.0,0.0,0.0,0.0,0.0,0.0,0.0,0.0,0.0,0.0,0.0,0.0,0.0,0.0,0.0,0.0,0.0,0.0,0.0,0.0,-80.6,0.0,0,0,0.0,425,418,381,418,411,361,396,361,257,325,257,295,305,295,288,373,388,297,281,250,204,210,376,329,382,435,413,205,27,413
Players,1630181,R.J. Hampton,R.J.,1610612765,DET,22.0,7,1,6,0.143,16.0,2.3,4.5,0.5,0.0,0.0,0.0,0.0,0.0,0.0,2.3,2.3,4.5,4.5,0.0,2.3,0.0,0.0,2.3,0.0,4.5,-22.5,23.4,0,0,18.0,309,372,234,414,300,320,360,117,257,325,257,295,305,295,122,331,277,74,281,41,204,210,320,329,362,364,275,205,27,341
Players,1629628,RJ Barrett,RJ,1610612752,NYK,23.0,35,17,18,0.486,140.78,3.8,10.7,0.357,0.5,3.1,0.167,6.1,8.2,0.75,2.0,5.4,7.4,0.8,2.3,0.3,0.8,1.5,5.9,3.8,14.3,-15.6,25.1,2,0,25.1,55,61,55,237,33,225,167,273,244,234,233,88,89,156,137,158,145,274,97,248,137,48,105,165,177,330,246,108,27,232
Players,203526,Raul Neto,Raul,1610612739,CLE,31.0,2,2,0,1.0,1.3,0.0,0.0,0.0,0.0,0.0,0.0,0.0,0.0,0.0,0.0,0.0,0.0,0.0,0.0,0.0,0.0,0.0,0.0,0.0,0.0,138.5,0.0,0,0,0.0,394,326,435,1,422,361,396,361,257,325,257,295,305,295,288,373,388,297,281,250,204,210,376,329,382,4,413,205,27,413
Players,203493,Reggie Bullock Jr.,Reggie,1610612742,DAL,32.0,48,21,27,0.438,162.835,2.4,7.7,0.314,2.0,6.6,0.3,1.8,2.9,0.615,0.7,3.5,4.2,1.3,0.7,0.7,0.7,0.2,4.6,1.8,8.6,-2.7,19.0,1,0,18.8,1,24,1,286,9,312,264,318,109,106,168,236,240,222,259,253,287,243,255,191,150,206,168,269,298,245,335,148,27,333
Players,202704,Reggie Jackson,Reggie,1610612743,DEN,33.0,23,13,10,0.565,53.47,1.3,8.8,0.154,0.0,2.0,0.0,5.4,5.4,1.0,2.0,3.4,5.4,5.4,0.7,0.0,0.0,0.7,4.7,4.0,8.1,0.7,21.9,1,0,18.9,158,129,169,143,177,351,223,357,257,287,257,108,156,1,139,263,235,53,253,250,204,149,160,157,309,204,297,148,27,332
Players,1626158,Richaun Holmes,Richaun,1610612758,SAC,29.0,3,2,1,0.667,5.125,0.0,0.0,0.0,0.0,0.0,0.0,14.0,14.0,1.0,0.0,7.0,7.0,0.0,0.0,0.0,0.0,0.0,0.0,7.0,14.0,28.1,22.5,1,0,21.1,368,326,381,53,381,361,396,361,257,325,257,11,26,1,288,87,164,297,281,250,204,210,376,49,185,49,291,148,27,296
Players,201937,Ricky Rubio,Ricky,1610612739,CLE,32.0,3,1,2,0.333,4.115,0.0,0.0,0.0,0.0,0.0,0.0,0.0,0.0,0.0,0.0,0.0,0.0,17.5,0.0,0.0,0.0,0.0,0.0,8.7,0.0,-26.2,26.2,0,0,17.5,368,372,338,360,398,361,396,361,257,325,257,295,305,295,288,373,388,2,281,250,204,210,376,27,382,377,232,205,27,349
Players,203496,Robert Covington,Robert,1610612746,LAC,32.0,8,3,5,0.375,11.921666666666667,0.0,3.0,0.0,0.0,0.0,0.0,6.0,6.0,1.0,0.0,3.0,3.0,6.0,3.0,0.0,3.0,0.0,9.1,3.0,6.0,-12.1,24.8,0,0,21.1,290,304,262,339,324,361,384,361,257,325,257,93,142,1,288,288,345,41,56,250,28,210,38,206,349,308,256,205,27,294
Players,1629057,Robert Williams III,Robert,1610612738,BOS,25.0,11,7,4,0.636,25.891666666666666,2.8,4.2,0.667,0.0,0.0,0.0,0.0,0.0,0.0,4.2,1.4,5.6,1.4,1.4,0.0,1.4,1.4,1.4,4.2,5.6,7.0,17.1,3,0,15.3,258,223,287,92,258,294,363,53,257,325,257,295,305,295,47,361,228,240,176,250,80,64,364,150,354,142,355,94,27,371
Players,201577,Robin Lopez,Robin,1610612739,CLE,35.0,3,1,2,0.333,1.2883333333333333,0.0,0.0,0.0,0.0,0.0,0.0,0.0,0.0,0.0,0.0,0.0,0.0,0.0,0.0,0.0,0.0,0.0,0.0,0.0,0.0,0.0,0.0,0,0,0.0,368,372,338,360,423,361,396,361,257,325,257,295,305,295,288,373,388,297,281,250,204,210,376,329,382,207,413,205,27,413
Players,203585,Rodney McGruder,Rodney,1610612765,DET,31.0,3,0,3,0.0,8.316666666666666,0.0,0.0,0.0,0.0,0.0,0.0,0.0,0.0,0.0,0.0,0.0,0.0,0.0,0.0,0.0,0.0,0.0,0.0,0.0,0.0,-47.6,0.0,0,0,0.0,368,418,317,418,352,361,396,361,257,325,257,295,305,295,288,373,388,297,281,250,204,210,376,329,382,412,413,205,27,413
Players,1629641,Romeo Langford,Romeo,1610612759,SAS,23.0,8,2,6,0.25,11.328333333333333,9.5,15.9,0.6,0.0,6.4,0.0,0.0,0.0,0.0,3.2,3.2,6.4,0.0,0.0,0.0,0.0,0.0,12.7,0.0,19.1,-41.3,26.7,0,0,25.4,290,326,234,396,327,32,79,74,257,111,257,295,305,295,77,281,189,297,281,250,204,210,20,329,99,400,225,205,27,226
Players,1626220,Royce O'Neale,Royce,1610612751,BKN,30.0,37,23,14,0.622,111.55666666666667,3.2,6.5,0.5,2.6,5.2,0.5,0.0,0.0,0.0,1.9,3.5,5.5,3.9,1.6,0.6,0.0,0.0,3.5,1.0,9.0,9.4,21.8,2,1,22.3,34,10,109,103,84,272,302,117,75,146,42,295,305,295,142,251,230,92,156,193,204,210,229,312,287,122,301,108,9,268
Players,200752,Rudy Gay,Rudy,1610612762,UTA,36.0,3,2,1,0.667,1.3883333333333334,0.0,25.9,0.0,0.0,0.0,0.0,0.0,0.0,0.0,0.0,0.0,0.0,0.0,0.0,0.0,25.9,0.0,0.0,0.0,0.0,25.9,77.8,0,0,51.9,368,326,381,53,421,361,9,361,257,325,257,295,305,295,288,373,388,297,281,250,2,210,376,329,382,53,8,205,27,21
Players,203497,Rudy Gobert,Rudy,1610612750,MIN,31.0,37,21,16,0.568,126.24333333333334,5.7,9.4,0.606,0.0,0.0,0.0,4.6,8.8,0.516,4.8,6.8,11.7,0.9,2.0,0.9,1.1,1.4,4.0,5.4,16.0,3.4,35.3,24,0,32.5,34,24,77,140,56,122,202,73,257,325,257,133,77,244,36,97,47,272,125,161,91,59,211,95,147,178,119,4,27,128
Players,1629060,Rui Hachimura,Rui,1610612747,LAL,25.0,14,9,5,0.643,31.585,3.4,9.1,0.375,1.1,4.6,0.25,0.0,0.0,0.0,2.3,4.6,6.8,1.1,1.1,0.0,2.3,1.1,1.1,0.0,8.0,55.8,23.6,1,0,21.7,229,189,262,89,237,255,213,258,186,168,186,295,305,295,119,197,171,254,202,250,38,85,370,329,313,16,271,148,27,280
Players,201566,Russell Westbrook,Russell,1610612746,LAC,34.0,32,12,20,0.375,126.21166666666667,6.3,16.3,0.386,1.1,3.4,0.333,4.0,6.8,0.583,2.6,4.3,6.8,6.3,1.7,1.7,0.6,1.1,5.4,4.6,17.7,-2.0,40.4,12,2,36.5,79,145,29,339,57,100,72,252,185,220,131,148,122,232,97,213,170,35,145,64,158,84,124,137,119,237,73,29,5,91
Players,1627853,Ryan Arcidiacono,Ryan,1610612757,POR,29.0,1,0,1,0.0,4.213333333333333,0.0,0.0,0.0,0.0,0.0,0.0,0.0,0.0,0.0,0.0,8.5,8.5,8.5,0.0,0.0,0.0,0.0,0.0,0.0,0.0,-42.7,23.1,0,0,17.1,425,418,381,418,395,361,396,361,257,325,257,295,305,295,288,49,113,10,281,250,204,210,376,329,382,403,281,205,27,354
Players,1630240,Saben Lee,Saben,1610612756,PHX,24.0,4,2,2,0.5,9.92,0.0,7.3,0.0,0.0,0.0,0.0,10.9,14.5,0.75,0.0,7.3,7.3,3.6,0.0,0.0,0.0,0.0,7.3,7.3,10.9,32.7,25.0,1,0,21.8,351,326,338,188,340,361,276,361,257,325,257,24,22,156,288,79,153,102,281,250,204,210,65,44,251,38,248,148,27,278
Players,1630180,Saddiq Bey,Saddiq,1610612737,ATL,24.0,27,9,18,0.333,75.75166666666667,3.3,8.1,0.412,1.9,2.9,0.667,1.9,2.9,0.667,2.4,2.9,5.2,1.0,0.5,1.0,0.0,1.0,6.7,1.4,10.5,-26.1,20.5,1,0,20.4,131,189,55,360,147,263,248,230,115,241,23,232,241,195,114,298,242,264,271,141,204,109,76,294,259,376,314,148,27,309
Players,1630573,Sam Hauser,Sam,1610612738,BOS,25.0,7,1,6,0.143,10.326666666666666,3.5,13.9,0.25,3.5,10.5,0.333,0.0,0.0,0.0,3.5,7.0,10.5,0.0,0.0,0.0,0.0,0.0,3.5,3.5,10.5,-13.9,23.0,0,0,24.4,309,372,234,414,334,250,108,331,45,36,131,295,305,295,67,91,72,297,281,250,204,210,233,180,258,321,283,205,27,241
Players,1630572,Sandro Mamukelashvili,Sandro,1610612759,SAS,24.0,3,2,1,0.667,8.4,8.6,17.1,0.5,8.6,12.9,0.667,0.0,0.0,0.0,4.3,0.0,4.3,0.0,0.0,0.0,0.0,0.0,8.6,0.0,25.7,-34.3,30.9,0,0,38.6,368,326,381,53,351,43,62,117,6,15,23,295,305,295,45,373,285,297,281,250,204,210,40,329,42,391,169,205,27,76
Players,1630583,Santi Aldama,Santi,1610612763,MEM,22.0,14,10,4,0.714,29.501666666666665,0.0,2.4,0.0,0.0,2.4,0.0,2.4,3.7,0.667,1.2,2.4,3.7,1.2,1.2,1.2,0.0,0.0,6.1,3.7,2.4,2.4,11.1,2,0,9.8,229,179,287,37,249,361,389,361,257,265,257,205,206,195,197,317,317,246,192,107,204,210,92,173,377,185,392,108,27,400
Players,1630567,Scottie Barnes,Scottie,1610612761,TOR,21.0,39,17,22,0.436,131.385,6.6,12.1,0.545,0.8,2.5,0.333,4.1,4.4,0.938,3.0,2.7,5.8,4.1,2.5,0.8,0.8,0.3,4.4,4.4,18.1,-0.5,33.6,6,1,32.1,22,61,13,288,47,89,137,100,217,262,131,145,186,69,80,307,220,81,85,167,128,202,188,146,114,230,133,56,9,132
Players,201586,Serge Ibaka,Serge,1610612749,MIL,33.0,1,1,0,1.0,0.0033333333333333335,0.0,0.0,0.0,0.0,0.0,0.0,0.0,0.0,0.0,0.0,0.0,0.0,0.0,0.0,0.0,0.0,0.0,0.0,0.0,0.0,0.0,0.0,0,0,0.0,425,372,435,1,451,361,396,361,257,325,257,295,305,295,288,373,388,297,281,250,204,210,376,329,382,207,413,205,27,413
Players,203552,Seth Curry,Seth,1610612751,BKN,32.0,17,13,4,0.765,36.458333333333336,6.9,12.8,0.538,3.9,7.9,0.5,3.0,4.9,0.6,0.0,2.0,2.0,2.0,0.0,2.0,1.0,1.0,3.9,4.9,20.7,16.8,35.0,0,0,34.6,203,129,287,30,223,85,124,103,31,76,42,187,166,223,288,342,374,195,281,52,108,105,214,121,83,80,123,205,27,103
Players,1631101,Shaedon Sharpe,Shaedon,1610612757,POR,20.0,6,2,4,0.333,13.086666666666666,5.5,11.0,0.5,0.0,0.0,0.0,16.5,22.0,0.75,0.0,5.5,5.5,0.0,5.5,0.0,0.0,0.0,0.0,11.0,27.5,-60.5,28.6,0,0,33.0,322,326,287,360,316,129,162,117,257,325,257,7,5,156,288,148,229,297,9,250,204,210,376,8,36,423,199,205,27,121
Players,1628983,Shai Gilgeous-Alexander,Shai,1610612760,OKC,24.0,38,14,24,0.368,152.335,8.5,22.0,0.387,1.2,4.7,0.25,12.1,13.2,0.911,0.7,5.2,5.9,4.5,2.6,0.9,0.7,2.1,5.0,8.3,30.2,-5.9,46.4,3,0,45.1,28,108,3,347,22,44,26,251,183,162,186,18,30,77,247,170,214,75,77,143,140,25,144,31,31,275,48,94,27,44
Players,1629003,Shake Milton,Shake,1610612755,PHI,26.0,16,11,5,0.688,34.05,6.3,14.8,0.429,1.1,2.1,0.5,2.1,2.1,1.0,1.1,2.1,3.2,9.5,1.1,1.1,0.0,1.1,2.1,3.2,15.9,22.2,36.1,2,0,31.7,212,158,262,49,228,96,95,211,194,283,42,220,264,1,210,338,341,6,213,128,204,99,333,199,149,61,112,108,27,138
Players,1631323,Simone Fontecchio,Simone,1610612762,UTA,27.0,9,3,6,0.333,23.738333333333333,3.0,13.6,0.222,1.5,9.1,0.167,0.0,0.0,0.0,1.5,1.5,3.0,4.5,3.0,0.0,0.0,3.0,7.6,0.0,7.6,12.1,15.0,0,0,16.7,277,304,234,360,267,279,111,346,148,54,233,295,305,295,174,358,344,70,55,250,204,13,53,329,317,100,376,205,27,359
Players,1630219,Skylar Mays,Skylar,1610612757,POR,25.0,2,1,1,0.5,6.3,5.7,11.4,0.5,0.0,0.0,0.0,0.0,0.0,0.0,0.0,11.4,11.4,0.0,0.0,0.0,0.0,0.0,5.7,0.0,11.4,-28.6,25.1,0,0,22.9,394,372,381,188,368,121,156,117,257,325,257,295,305,295,288,17,49,297,281,250,204,210,111,329,236,382,245,205,27,262
Players,203915,Spencer Dinwiddie,Spencer,1610612751,BKN,30.0,40,21,19,0.525,137.49,6.5,14.4,0.455,1.8,6.5,0.28,2.6,4.5,0.588,0.0,2.1,2.1,3.7,2.1,0.5,0.3,1.6,4.5,5.2,17.5,2.6,25.8,7,0,26.7,17,24,38,176,38,93,102,187,118,109,178,201,181,231,288,340,372,99,114,210,200,43,181,104,125,184,236,49,27,206
Players,1626169,Stanley Johnson,Stanley,1610612759,SAS,27.0,4,0,4,0.0,25.17,2.9,11.4,0.25,0.0,4.3,0.0,0.0,0.0,0.0,2.9,8.6,11.4,0.0,0.0,1.4,0.0,0.0,2.9,1.4,5.7,-20.0,23.7,0,0,20.0,351,418,287,418,260,286,155,331,257,177,257,295,305,295,84,48,48,297,281,83,204,210,283,292,352,353,268,205,27,316
Players,201939,Stephen Curry,Stephen,1610612744,GSW,35.0,27,12,15,0.444,110.61166666666666,11.1,25.7,0.43,3.9,13.7,0.286,6.5,7.2,0.909,0.7,7.5,8.1,5.5,3.3,0.7,1.0,1.0,3.3,4.9,32.5,-3.3,52.2,7,1,53.4,131,145,90,272,85,15,11,210,32,14,174,78,108,78,260,66,120,49,47,192,110,107,258,126,19,250,27,49,9,18
Players,203500,Steven Adams,Steven,1610612763,MEM,29.0,17,11,6,0.647,40.82333333333333,5.3,6.2,0.857,0.0,0.0,0.0,3.5,5.3,0.667,9.7,7.1,16.8,1.8,1.8,0.9,1.8,0.0,2.6,4.4,14.1,18.5,43.0,7,0,37.9,203,158,234,87,213,141,315,35,257,325,257,168,160,195,7,86,12,210,137,155,54,210,303,144,181,71,63,49,27,81
Players,1629004,Svi Mykhailiuk,Svi,1610612766,CHA,26.0,4,3,1,0.75,9.436666666666667,0.0,7.6,0.0,0.0,7.6,0.0,22.9,22.9,1.0,0.0,7.6,7.6,7.6,0.0,3.8,0.0,0.0,3.8,11.4,22.9,34.3,54.9,0,0,45.8,351,304,381,31,346,361,266,361,257,80,257,3,4,1,288,63,135,16,281,15,204,210,219,7,62,32,25,205,27,40
Players,204456,T.J. McConnell,T.J.,1610612754,IND,31.0,20,13,7,0.65,23.936666666666667,4.5,15.0,0.3,0.0,0.0,0.0,4.5,4.5,1.0,1.5,10.5,12.0,4.5,3.0,0.0,0.0,0.0,4.5,6.0,13.5,-49.6,31.7,2,1,30.1,181,129,215,85,264,187,92,321,257,325,257,136,180,1,179,29,43,71,57,250,204,210,176,81,192,416,153,108,9,161
Players,203933,T.J. Warren,T.J.,1610612756,PHX,29.0,6,4,2,0.667,5.753333333333333,0.0,0.0,0.0,0.0,0.0,0.0,0.0,0.0,0.0,0.0,6.3,6.3,0.0,0.0,0.0,0.0,0.0,25.0,0.0,0.0,-12.5,7.5,0,0,6.3,322,278,338,53,372,361,396,361,257,325,257,295,305,295,288,114,196,297,281,250,204,210,10,329,382,310,405,205,27,408
Players,201959,Taj Gibson,Taj,1610612764,WAS,38.0,8,4,4,0.5,16.226666666666667,2.2,6.7,0.333,0.0,2.2,0.0,0.0,0.0,0.0,2.2,11.1,13.3,6.7,0.0,0.0,6.7,0.0,4.4,4.4,4.4,28.8,50.4,0,0,37.7,290,278,287,188,298,323,295,286,257,281,257,295,305,295,125,19,32,23,281,250,7,210,184,140,363,47,36,205,27,82
Players,1629659,Talen Horton-Tucker,Talen,1610612762,UTA,22.0,17,6,11,0.353,65.605,4.9,13.2,0.375,0.5,4.4,0.125,4.9,6.6,0.75,0.5,5.5,6.0,3.3,5.5,0.5,1.1,1.1,6.0,3.3,15.4,2.2,27.0,0,0,28.5,203,239,153,356,163,159,118,258,242,172,252,118,130,156,269,149,206,121,10,204,98,93,98,189,157,190,221,205,27,179
Players,1631106,Tari Eason,Tari,1610612745,HOU,22.0,14,9,5,0.643,22.57,1.6,9.6,0.167,0.0,1.6,0.0,4.8,4.8,1.0,1.6,9.6,11.2,1.6,1.6,3.2,1.6,0.0,9.6,3.2,8.0,19.1,36.5,1,0,30.3,229,189,262,89,272,345,194,353,257,301,257,122,171,1,167,37,54,231,158,25,63,210,33,197,314,67,105,148,27,158
Players,1627752,Taurean Prince,Taurean,1610612750,MIN,29.0,20,14,6,0.7,40.95,3.5,7.0,0.5,1.8,2.6,0.667,5.3,5.3,1.0,0.9,4.4,5.3,1.8,2.6,0.9,0.0,0.0,0.9,3.5,14.1,29.0,23.0,0,0,24.6,181,108,234,42,212,247,281,117,124,249,23,111,161,1,230,206,238,215,76,157,204,210,372,178,184,46,282,205,27,237
Players,1629611,Terance Mann,Terance,1610612746,LAC,26.0,26,18,8,0.692,26.598333333333333,5.4,8.1,0.667,0.0,0.0,0.0,0.0,2.7,0.0,2.7,5.4,8.1,2.7,1.4,0.0,0.0,0.0,5.4,2.7,10.8,4.1,23.3,0,0,21.7,137,53,195,44,256,133,244,53,257,325,257,295,245,295,90,154,121,149,182,250,204,210,126,225,254,172,276,205,27,281
Players,1629056,Terence Davis,Terence,1610612758,SAC,26.0,6,2,4,0.333,20.49,3.5,5.3,0.667,1.8,3.5,0.5,0.0,0.0,0.0,3.5,5.3,8.8,1.8,0.0,1.8,0.0,0.0,3.5,0.0,8.8,-19.3,27.2,0,0,24.6,322,326,287,360,282,248,339,53,125,215,42,295,305,295,65,164,109,216,281,61,204,210,232,329,294,351,217,205,27,238
Players,203082,Terrence Ross,Terrence,1610612756,PHX,32.0,17,4,13,0.235,23.13,0.0,7.8,0.0,0.0,6.2,0.0,3.1,3.1,1.0,0.0,1.6,1.6,0.0,0.0,0.0,0.0,1.6,6.2,1.6,3.1,-60.7,5.0,0,0,4.7,203,278,122,403,268,361,261,361,257,116,257,180,227,1,288,355,380,297,281,250,204,45,88,286,374,424,410,205,27,411
Players,1626179,Terry Rozier,Terry,1610612766,CHA,29.0,33,14,19,0.424,120.88166666666666,6.6,22.6,0.289,2.4,9.8,0.242,6.3,6.8,0.913,0.9,1.2,2.1,5.4,1.2,0.0,0.0,1.5,3.3,5.4,21.7,-5.1,31.1,0,0,31.6,74,108,38,298,66,91,21,325,86,45,207,87,121,76,227,366,373,54,195,250,204,53,254,98,71,265,165,205,27,140
Players,1630678,Terry Taylor,Terry,1610612741,CHI,23.0,2,1,1,0.5,3.865,9.3,9.3,1.0,0.0,0.0,0.0,0.0,18.6,0.0,9.3,0.0,9.3,0.0,0.0,0.0,0.0,0.0,0.0,9.3,18.6,18.6,29.8,0,0,27.9,394,372,381,188,399,34,207,1,257,325,257,295,10,295,8,373,95,297,281,250,204,210,376,21,106,70,184,205,27,187
Players,201152,Thaddeus Young,Thaddeus,1610612761,TOR,35.0,13,7,6,0.538,41.53,3.5,5.2,0.667,0.0,0.9,0.0,1.7,1.7,1.0,5.2,4.3,9.5,2.6,0.9,0.9,0.0,0.0,4.3,0.9,8.7,19.1,25.7,0,0,22.5,237,223,234,163,209,251,341,53,257,316,257,240,274,1,31,210,88,154,230,160,204,210,191,318,297,68,238,205,27,266
Players,1630177,Theo Maledon,Theo,1610612766,CHA,22.0,8,4,4,0.5,9.005,4.0,16.0,0.25,0.0,0.0,0.0,12.0,16.0,0.75,4.0,12.0,16.0,4.0,4.0,0.0,0.0,0.0,8.0,8.0,20.0,12.0,41.2,0,0,40.0,290,278,287,188,349,215,77,331,257,325,257,20,15,156,52,14,15,84,31,250,204,210,46,32,87,101,70,205,27,60
Players,1629033,Theo Pinson,Theo,1610612742,DAL,27.0,9,6,3,0.667,5.638333333333334,0.0,12.8,0.0,0.0,12.8,0.0,0.0,0.0,0.0,0.0,6.4,6.4,19.2,0.0,0.0,0.0,0.0,12.8,0.0,0.0,0.0,36.4,0,0,25.5,277,239,317,53,376,361,125,361,257,16,257,295,305,295,288,108,187,1,281,250,204,210,19,329,382,207,108,205,27,225
Players,1628418,Thomas Bryant,Thomas,1610612743,DEN,25.0,10,7,3,0.7,25.531666666666666,16.9,22.6,0.75,1.4,4.2,0.333,1.4,1.4,1.0,8.5,5.6,14.1,0.0,0.0,0.0,1.4,1.4,2.8,1.4,36.7,28.2,57.8,4,0,55.0,271,223,317,42,259,6,22,42,159,182,131,258,283,1,11,141,27,297,281,250,79,61,289,296,12,48,21,76,27,16
Players,203501,Tim Hardaway Jr.,Tim,1610612742,DAL,31.0,37,21,16,0.568,131.27333333333334,2.7,9.6,0.286,0.8,6.3,0.13,2.2,4.1,0.533,1.1,2.7,3.8,1.9,0.8,0.3,0.0,0.3,2.2,4.9,8.5,8.0,16.0,0,0,15.6,34,24,77,140,48,296,192,326,215,115,251,217,196,243,208,306,305,197,236,245,204,201,326,122,301,134,367,205,27,369
Players,202699,Tobias Harris,Tobias,1610612755,PHI,30.0,36,22,14,0.611,138.15333333333334,3.6,8.3,0.438,1.6,3.9,0.4,2.1,2.1,1.0,2.1,5.5,7.6,1.0,0.8,0.8,0.5,0.5,3.1,1.0,10.9,11.5,24.7,5,0,23.7,42,16,109,108,36,239,238,201,145,193,97,223,265,1,132,151,136,259,240,175,168,166,271,310,247,106,257,62,27,249
Players,1628470,Torrey Craig,Torrey,1610612756,PHX,32.0,31,15,16,0.484,88.60333333333334,2.4,6.9,0.353,1.2,2.0,0.6,2.0,3.3,0.625,4.1,3.3,7.3,1.2,2.0,0.0,0.0,1.2,4.1,2.0,8.1,-18.7,16.7,0,0,17.9,87,91,77,238,125,310,283,276,179,285,30,225,221,217,48,275,150,247,119,250,204,78,207,260,307,347,358,205,27,342
Players,1629027,Trae Young,Trae,1610612737,ATL,24.0,39,19,20,0.487,168.18666666666667,8.3,22.3,0.375,2.4,7.7,0.306,10.5,12.0,0.875,0.6,1.7,2.4,6.6,3.9,0.4,0.0,2.4,1.9,7.7,29.5,-7.3,39.7,21,0,41.7,22,40,29,236,6,46,23,258,90,79,166,25,40,92,261,348,364,24,33,226,204,21,345,36,34,285,78,10,27,56
Players,1630200,Tre Jones,Tre,1610612759,SAS,23.0,22,9,13,0.409,80.42166666666667,4.9,11.6,0.423,0.9,1.8,0.5,7.2,8.5,0.842,0.4,3.6,4.0,6.3,3.6,1.3,0.0,0.9,2.2,4.0,17.9,-13.4,32.6,4,1,31.8,169,189,122,314,140,162,146,221,209,294,42,66,82,112,277,249,298,36,39,94,204,118,321,158,117,315,143,76,9,136
Players,1630544,Tre Mann,Tre,1610612760,OKC,22.0,8,4,4,0.5,24.158333333333335,4.5,20.9,0.214,0.0,6.0,0.0,0.0,0.0,0.0,0.0,8.9,8.9,0.0,0.0,3.0,1.5,0.0,4.5,0.0,8.9,31.3,33.1,0,0,26.8,290,278,287,188,263,189,37,349,257,125,257,295,305,295,288,43,102,297,281,27,69,210,180,329,290,41,138,205,27,202
Players,1630570,Trendon Watford,Trendon,1610612757,POR,22.0,8,5,3,0.625,17.736666666666668,8.1,10.1,0.8,2.0,2.0,1.0,0.0,0.0,0.0,4.1,10.1,14.2,4.1,2.0,0.0,0.0,0.0,6.1,0.0,18.3,26.4,39.4,0,0,38.6,290,259,317,98,293,54,180,38,108,286,1,295,305,295,49,32,25,82,121,250,204,210,94,329,110,51,81,205,27,77
Players,1630235,Trent Forrest,Trent,1610612737,ATL,25.0,2,1,1,0.5,11.705,0.0,3.1,0.0,0.0,0.0,0.0,0.0,0.0,0.0,3.1,3.1,6.2,0.0,0.0,0.0,3.1,0.0,6.2,3.1,0.0,-43.1,16.6,0,0,12.3,394,372,381,188,325,361,383,361,257,325,257,295,305,295,79,287,201,297,281,250,26,210,90,201,382,404,359,205,27,390
Players,1626168,Trey Lyles,Trey,1610612758,SAC,27.0,23,15,8,0.652,39.45666666666666,4.6,9.1,0.5,0.9,4.6,0.2,8.2,8.2,1.0,1.8,3.6,5.5,1.8,1.8,0.9,0.9,0.0,1.8,6.4,18.2,9.1,31.2,1,0,30.1,158,91,195,83,216,185,212,117,207,167,218,51,85,1,147,243,232,205,134,150,116,210,351,68,111,124,160,148,27,160
Players,1630530,Trey Murphy III,Trey,1610612740,NOP,23.0,30,16,14,0.533,100.315,4.7,9.3,0.5,2.9,6.8,0.421,5.4,5.7,0.938,0.4,3.2,3.6,1.8,1.1,0.4,0.0,0.4,3.2,3.2,17.6,20.5,24.6,0,0,26.6,94,80,109,168,108,179,205,117,63,100,92,109,146,69,283,276,320,207,211,232,204,186,261,192,124,64,260,205,27,208
Players,1628972,Troy Brown Jr.,Troy,1610612747,LAL,23.0,23,12,11,0.522,66.655,2.7,6.5,0.417,1.6,4.3,0.375,0.0,0.0,0.0,0.5,5.4,5.9,0.5,0.5,0.5,0.0,0.5,2.7,0.5,7.0,5.4,16.0,1,0,16.2,158,145,153,179,161,298,301,226,137,176,111,295,305,295,270,156,211,287,269,207,204,162,298,328,330,156,365,148,27,366
Players,1629660,Ty Jerome,Ty,1610612744,GSW,25.0,12,6,6,0.5,11.69,3.1,9.2,0.333,3.1,6.2,0.5,0.0,0.0,0.0,0.0,12.3,12.3,9.2,0.0,0.0,0.0,0.0,12.3,0.0,9.2,30.8,37.9,0,0,33.9,245,239,234,188,326,277,209,286,53,120,42,295,305,295,288,13,40,7,281,250,204,210,22,329,281,42,93,205,27,112
Players,1631102,TyTy Washington Jr.,TyTy,1610612745,HOU,21.0,3,1,2,0.333,5.833333333333333,6.2,12.3,0.5,0.0,6.2,0.0,0.0,12.3,0.0,0.0,12.3,12.3,6.2,0.0,6.2,0.0,0.0,0.0,6.2,12.3,74.1,54.9,0,0,43.2,368,372,338,360,371,107,133,117,257,118,257,295,36,295,288,12,39,39,281,9,204,210,376,76,213,10,26,205,27,50
Players,1629639,Tyler Herro,Tyler,1610612748,MIA,23.0,44,27,17,0.614,154.30166666666668,8.6,18.7,0.463,4.4,11.4,0.388,4.0,4.0,1.0,0.0,5.4,5.4,2.6,1.6,1.2,0.2,0.0,1.4,2.3,25.7,22.4,38.5,4,0,40.8,5,2,69,106,18,42,51,177,19,25,107,150,201,1,288,160,236,156,154,112,201,210,363,244,43,60,88,76,27,57
Players,1630169,Tyrese Haliburton,Tyrese,1610612754,IND,23.0,35,20,15,0.571,123.97333333333333,7.6,18.9,0.4,2.9,9.3,0.313,9.3,10.2,0.914,0.6,4.1,4.6,9.0,1.2,1.5,0.6,2.0,2.3,6.1,27.3,2.3,51.3,20,0,47.9,55,32,90,134,61,65,49,236,61,50,161,40,58,74,267,222,269,9,198,80,155,26,317,78,38,189,34,12,27,35
Players,1630178,Tyrese Maxey,Tyrese,1610612755,PHI,22.0,29,21,8,0.724,105.635,4.1,13.6,0.3,1.0,4.4,0.231,3.1,3.1,1.0,0.3,3.4,3.7,2.0,1.0,1.0,0.0,0.7,1.7,2.7,12.3,30.0,21.9,0,0,21.1,105,24,195,36,90,204,113,321,199,170,210,183,230,1,284,260,310,190,217,137,204,145,357,224,214,44,299,205,27,295
Players,1626145,Tyus Jones,Tyus,1610612763,MEM,27.0,28,15,13,0.536,49.163333333333334,2.2,3.7,0.6,0.7,0.7,1.0,9.5,11.7,0.813,0.0,5.1,5.1,12.4,2.2,2.2,0.0,0.0,3.7,6.6,14.6,6.6,43.9,5,1,37.3,118,91,122,165,190,327,371,74,225,320,1,38,42,126,288,173,245,3,106,42,204,210,225,62,171,146,57,62,9,84
Players,1628962,Udoka Azubuike,Udoka,1610612762,UTA,23.0,3,1,2,0.333,9.105,4.0,4.0,1.0,0.0,0.0,0.0,0.0,0.0,0.0,4.0,11.9,15.8,4.0,0.0,0.0,0.0,0.0,7.9,0.0,7.9,15.8,32.8,0,0,27.7,368,372,338,360,347,217,369,1,257,325,257,295,305,295,55,15,16,89,281,250,204,210,48,329,315,89,140,205,27,192
Players,1630586,Usman Garuba,Usman,1610612745,HOU,21.0,6,1,5,0.167,15.38,4.7,4.7,1.0,2.3,2.3,1.0,0.0,4.7,0.0,4.7,7.0,11.7,0.0,2.3,2.3,0.0,0.0,2.3,4.7,11.7,-25.7,30.4,0,0,30.4,322,372,262,412,303,178,357,1,91,274,1,295,177,295,39,88,46,297,93,39,204,210,315,133,230,374,173,205,27,155
Players,203506,Victor Oladipo,Victor,1610612748,MIA,31.0,19,11,8,0.579,50.295,3.6,10.0,0.357,1.4,5.7,0.25,4.3,7.9,0.545,0.0,4.3,4.3,1.4,0.7,2.1,0.7,0.7,5.0,4.3,12.9,-9.3,28.1,0,0,25.8,191,158,195,129,187,243,182,273,157,134,186,143,96,240,288,212,283,236,246,45,138,134,140,148,202,297,206,205,27,218
Players,1628427,Vlatko Čančar,Vlatko,1610612743,DEN,26.0,6,5,1,0.833,24.961666666666666,4.3,13.0,0.333,1.4,8.7,0.167,0.0,0.0,0.0,1.4,2.9,4.3,4.3,2.9,0.0,1.4,0.0,4.3,1.4,10.1,24.5,23.2,0,0,23.1,322,259,381,23,261,193,122,286,155,59,233,295,305,295,183,294,281,77,66,250,75,210,192,290,265,56,278,205,27,256
Players,1631117,Walker Kessler,Walker,1610612762,UTA,21.0,24,13,11,0.542,86.525,5.4,6.7,0.813,0.0,0.0,0.0,2.5,5.4,0.462,6.7,6.7,13.3,1.2,0.4,0.0,3.7,0.8,2.5,3.7,13.3,13.3,42.0,9,0,35.4,148,129,153,161,130,135,294,37,257,325,257,204,154,280,22,99,31,244,275,250,15,123,309,168,194,96,67,36,27,96
Players,1628976,Wendell Carter Jr.,Wendell,1610612753,ORL,24.0,31,14,17,0.452,104.115,4.5,7.6,0.591,1.7,3.5,0.5,3.8,4.1,0.917,2.4,6.6,9.0,2.4,3.5,0.7,0.7,0.3,7.6,2.8,14.5,-9.7,29.6,14,0,30.4,87,108,69,269,95,188,269,85,128,219,42,155,195,73,109,102,101,163,42,186,143,188,52,221,176,299,186,24,27,156
Players,1629117,Wenyen Gabriel,Wenyen,1610612747,LAL,26.0,15,7,8,0.467,36.61666666666667,5.9,5.9,1.0,1.0,1.0,1.0,1.0,2.0,0.5,2.9,0.0,2.9,0.0,1.0,0.0,0.0,0.0,5.9,2.9,13.8,3.9,16.3,0,0,17.7,219,223,195,251,222,113,322,1,201,315,1,272,267,245,82,373,347,297,221,250,204,210,103,212,189,173,361,205,27,346
Players,202083,Wesley Matthews,Wesley,1610612749,MIL,36.0,13,11,2,0.846,33.788333333333334,1.1,5.3,0.2,1.1,3.2,0.333,1.1,1.1,1.0,4.3,5.3,9.6,0.0,0.0,1.1,0.0,0.0,3.2,2.1,4.3,-5.3,19.0,0,0,17.0,237,158,338,22,229,354,334,350,193,229,131,270,291,1,46,162,87,297,281,124,204,210,264,254,364,269,336,205,27,356
Players,203115,Will Barton,Will,1610612761,TOR,32.0,4,1,3,0.25,11.005,3.3,13.1,0.25,0.0,6.5,0.0,9.8,9.8,1.0,0.0,9.8,9.8,0.0,0.0,3.3,0.0,0.0,3.3,6.5,16.4,-49.1,37.9,0,0,32.7,351,372,317,396,329,268,119,331,257,110,257,35,64,1,288,35,82,297,281,22,204,210,256,65,142,414,92,205,27,125
Players,1626195,Willy Hernangomez,Willy,1610612740,NOP,29.0,2,1,1,0.5,3.6166666666666667,0.0,0.0,0.0,0.0,0.0,0.0,19.9,19.9,1.0,0.0,19.9,19.9,0.0,0.0,0.0,0.0,0.0,0.0,10.0,19.9,39.8,43.8,0,0,39.8,394,372,381,188,400,361,396,361,257,325,257,4,8,1,288,4,5,297,281,250,204,210,376,13,89,22,59,205,27,62
Players,1641645,Xavier Cooks,Xavier,1610612764,WAS,27.0,1,0,1,0.0,3.2116666666666664,0.0,11.2,0.0,0.0,0.0,0.0,0.0,0.0,0.0,11.2,0.0,11.2,0.0,0.0,11.2,0.0,11.2,0.0,0.0,0.0,-89.7,47.1,1,0,33.6,425,418,381,418,407,361,158,361,257,325,257,295,305,295,4,373,53,297,281,3,204,1,376,329,382,436,46,148,27,117
Players,1630214,Xavier Tillman,Xavier,1610612763,MEM,24.0,12,5,7,0.417,20.31833333333333,1.8,1.8,1.0,0.0,0.0,0.0,8.9,14.2,0.625,3.5,7.1,10.6,3.5,1.8,0.0,0.0,0.0,1.8,7.1,12.4,-51.4,28.7,2,0,26.6,245,259,215,304,283,339,393,1,257,325,257,43,25,217,64,84,65,106,136,250,204,210,353,48,212,418,196,108,27,207
Players,1629139,Yuta Watanabe,Yuta,1610612751,BKN,28.0,15,10,5,0.667,47.58166666666666,3.8,5.3,0.714,2.3,3.8,0.6,0.8,1.5,0.5,1.5,5.3,6.8,3.8,0.8,1.5,0.0,0.0,0.8,2.3,10.6,4.5,28.2,0,0,26.5,219,179,262,53,194,228,337,48,96,197,30,284,280,245,175,163,174,93,242,75,204,210,374,247,256,166,204,205,27,210
Players,1628380,Zach Collins,Zach,1610612759,SAS,25.0,16,8,8,0.5,48.88,3.7,9.6,0.385,0.7,3.7,0.2,8.8,12.5,0.706,1.5,7.4,8.8,2.9,4.4,0.7,2.2,1.5,7.4,7.4,16.9,-4.4,36.4,4,0,35.4,212,204,195,188,191,233,193,253,224,204,218,44,33,190,182,71,106,136,23,180,40,55,60,41,131,260,109,76,27,97
Players,203897,Zach LaVine,Zach,1610612741,CHI,28.0,34,14,20,0.412,159.25833333333333,7.7,18.5,0.415,1.4,7.5,0.182,5.9,6.8,0.867,0.5,3.6,4.1,2.5,2.9,0.7,0.5,1.6,2.3,4.1,22.6,2.7,31.7,2,0,32.8,63,108,29,310,14,62,52,228,165,85,232,96,125,99,276,245,291,160,64,188,177,40,319,154,63,183,154,108,27,124
Players,1630192,Zeke Nnaji,Zeke,1610612743,DEN,22.0,8,2,6,0.25,15.413333333333334,0.0,2.3,0.0,0.0,2.3,0.0,7.0,18.7,0.375,4.7,4.7,9.3,0.0,2.3,0.0,0.0,0.0,4.7,9.3,7.0,-44.4,15.9,1,0,16.3,290,326,234,396,302,361,391,361,257,275,257,69,9,285,41,196,93,297,94,250,204,210,165,19,331,407,368,148,27,365
Players,1630533,Ziaire Williams,Ziaire,1610612763,MEM,21.0,5,2,3,0.4,2.8716666666666666,0.0,12.5,0.0,0.0,12.5,0.0,0.0,0.0,0.0,0.0,12.5,12.5,0.0,0.0,0.0,0.0,0.0,12.5,0.0,0.0,-62.7,15.0,0,0,12.5,338,326,317,316,409,361,131,361,257,21,257,295,305,295,288,11,36,297,281,250,204,210,21,329,382,426,374,205,27,389
Players,1629627,Zion Williamson,Zion,1610612740,NOP,22.0,13,8,5,0.615,63.473333333333336,11.9,21.6,0.553,0.6,2.3,0.25,5.7,7.9,0.714,1.7,2.3,4.0,5.1,1.1,1.1,1.7,1.7,2.8,5.1,30.1,15.9,49.9,1,0,45.4,237,204,262,104,167,12,30,97,240,279,186,100,95,183,157,327,302,59,205,117,59,35,287,111,32,87,37,148,27,42
