group_set,player_id,player_name,nickname,team_id,team_abbreviation,age,gp,w,l,w_pct,min,fgm,fga,fg_pct,fg3m,fg3a,fg3_pct,ftm,fta,ft_pct,oreb,dreb,reb,ast,tov,stl,blk,blka,pf,pfd,pts,plus_minus,nba_fantasy_pts,dd2,td3,wnba_fantasy_pts,gp_rank,w_rank,l_rank,w_pct_rank,min_rank,fgm_rank,fga_rank,fg_pct_rank,fg3m_rank,fg3a_rank,fg3_pct_rank,ftm_rank,fta_rank,ft_pct_rank,oreb_rank,dreb_rank,reb_rank,ast_rank,tov_rank,stl_rank,blk_rank,blka_rank,pf_rank,pfd_rank,pts_rank,plus_minus_rank,nba_fantasy_pts_rank,dd2_rank,td3_rank,wnba_fantasy_pts_rank,team
Players,203109,Jae Crowder,Jae,1610612756,PHX,31.0,4,3,1,0.75,10.185,2,3,0.667,0,1,0.0,1,2,0.5,1,2,3,1,0,0,1,0,1,2,5,8,13.1,0,0,11.0,41,16,21,21,51,30,46,21,42,41,42,31,25,31,11,21,20,24,40,28,5,1,60,22,39,15,29,37,2,35,PHX
Players,1629013,Landry Shamet,Landry,1610612756,PHX,25.0,1,1,0,1.0,0.0233333333333333,0,0,0.0,0,0,0.0,0,0,0.0,0,0,0,0,0,0,0,0,0,0,0,1,0.0,0,0,0.0,106,63,1,1,131,75,93,75,42,69,42,42,45,42,38,84,88,55,40,28,28,1,1,57,83,46,104,37,2,104,PHX
Players,1628470,Torrey Craig,Torrey,1610612756,PHX,31.0,1,1,0,1.0,0.0683333333333333,0,0,0.0,0,0,0.0,0,0,0.0,0,0,0,0,0,0,0,0,0,0,0,4,0.0,0,0,0.0,106,63,1,1,125,75,93,75,42,69,42,42,45,42,38,84,88,55,40,28,28,1,1,57,83,33,104,37,2,104,PHX
Players,1628969,Mikal Bridges,Mikal,1610612756,PHX,25.0,4,3,1,0.75,10.185,1,1,1.0,0,0,0.0,4,4,1.0,0,0,0,0,0,2,0,0,0,2,6,8,12.0,0,0,10.0,41,16,21,21,51,48,70,1,42,69,42,8,11,1,38,84,88,55,40,1,28,1,1,22,34,15,33,37,2,39,PHX
Players,1626164,Devin Booker,Devin,1610612756,PHX,25.0,2,2,0,1.0,4.793333333333333,1,2,0.5,1,1,1.0,3,3,1.0,0,1,1,0,1,0,0,0,0,2,6,10,6.2,0,0,8.0,80,40,1,1,97,48,57,29,13,41,1,14,19,1,38,43,53,55,8,28,28,1,1,22,34,10,64,37,2,51,PHX
Players,1629028,Deandre Ayton,Deandre,1610612756,PHX,23.0,3,2,1,0.667,9.898333333333332,1,1,1.0,0,0,0.0,0,0,0.0,1,2,3,1,0,0,0,0,1,0,2,-1,7.1,1,0,6.0,57,40,21,29,64,48,70,1,42,69,42,42,45,42,11,21,20,24,40,28,28,1,60,57,62,69,57,19,2,61,PHX
Players,1629661,Cameron Johnson,Cameron,1610612756,PHX,26.0,4,3,1,0.75,5.586666666666667,0,1,0.0,0,1,0.0,0,0,0.0,0,0,0,0,0,0,0,0,0,0,0,2,0.0,0,0,0.0,41,16,21,21,94,75,70,75,42,41,42,42,45,42,38,84,88,55,40,28,28,1,1,57,83,44,104,37,2,104,PHX
Players,101108,Chris Paul,Chris,1610612756,PHX,37.0,4,3,1,0.75,10.185,5,7,0.714,0,2,0.0,3,3,1.0,1,1,2,3,1,0,0,0,1,3,13,8,18.9,2,0,18.0,41,16,21,21,51,5,21,20,42,30,42,14,19,1,11,43,31,7,8,28,28,1,60,13,10,15,16,10,2,16,PHX
