season,player_id,player,nickname,team_id,team,team_name,game_id,game_date,matchup,wl,min,pts_off_tov,pts_2nd_chance,pts_fb,pts_paint,opp_pts_off_tov,opp_pts_2nd_chance,opp_pts_fb,opp_pts_paint,blk,blka,pf,pfd,nba_fantasy_pts,gp_rank,w_rank,l_rank,w_pct_rank,min_rank,pts_off_tov_rank,pts_2nd_chance_rank,pts_fb_rank,pts_paint_rank,opp_pts_off_tov_rank,opp_pts_2nd_chance_rank,opp_pts_fb_rank,opp_pts_paint_rank,blk_rank,blka_rank,pf_rank,pfd_rank,nba_fantasy_pts_rank,available_flag,min_sec,season_start,season_end
2017-18,201142,Kevin Durant,Kevin,1610612744,GSW,Golden State Warriors,21701217,2018-04-10T00:00:00,GSW @ UTA,L,29.35,2.5,0.0,0.0,9.8,19.6,15.9,18.4,49.1,0.0,1.2,2.5,4.9,21.2,1,13054,13054,13054,7825,9765,9889,9215,6251,22251,22534,23534,2254,8133,19865,12093,4868,19451,1.0,29:21,2017,2018
2017-18,2585,Zaza Pachulia,Zaza,1610612744,GSW,Golden State Warriors,21701217,2018-04-10T00:00:00,GSW @ UTA,L,13.0,5.5,0.0,5.5,5.5,30.5,13.8,11.1,60.9,0.0,2.8,2.8,8.3,39.3,1,13054,13054,13054,21224,3530,9889,2360,12448,25351,20663,17687,623,8133,24423,13370,980,6648,1.0,13:00,2017,2018
2017-18,1626172,Kevon Looney,Kevon,1610612744,GSW,Golden State Warriors,21701217,2018-04-10T00:00:00,GSW @ UTA,L,21.266666666666666,3.4,10.2,0.0,16.9,18.6,11.8,15.2,33.9,0.0,1.7,6.8,1.7,38.9,1,13054,13054,13054,14990,7414,525,9215,1510,21569,18272,21799,12232,8133,21812,23663,15343,6856,1.0,21:16,2017,2018
2017-18,2561,David West,David,1610612744,GSW,Golden State Warriors,21701217,2018-04-10T00:00:00,GSW @ UTA,L,13.483333333333333,0.0,0.0,0.0,0.0,24.0,5.3,18.7,37.4,5.3,2.7,0.0,2.7,34.2,1,13054,13054,13054,20931,12040,9889,9215,19152,24176,7833,23655,8928,426,24284,1,11447,10035,1.0,13:29,2017,2018
2017-18,1628395,Jordan Bell,Jordan,1610612744,GSW,Golden State Warriors,21701217,2018-04-10T00:00:00,GSW @ UTA,L,13.316666666666666,0.0,0.0,0.0,0.0,5.4,10.8,5.4,48.7,0.0,0.0,2.7,0.0,18.7,1,13054,13054,13054,21044,12040,9889,9215,19152,4695,16815,9400,2358,8133,1,13134,18674,20968,1.0,13:19,2017,2018
2017-18,202691,Klay Thompson,Klay,1610612744,GSW,Golden State Warriors,21701217,2018-04-10T00:00:00,GSW @ UTA,L,35.233333333333334,2.0,2.0,0.0,8.2,21.5,13.3,17.4,49.0,0.0,1.0,2.0,3.1,27.3,1,13054,13054,13054,2938,11022,8911,9215,8304,23207,20078,23092,2260,8133,18401,10152,9951,15188,1.0,35:14,2017,2018
2017-18,2733,Shaun Livingston,Shaun,1610612744,GSW,Golden State Warriors,21701217,2018-04-10T00:00:00,GSW @ UTA,L,15.666666666666666,0.0,0.0,4.6,4.6,20.7,0.0,9.2,41.4,0.0,0.0,2.3,0.0,23.9,1,13054,13054,13054,19507,12040,9889,3352,14031,22837,1,15173,5890,8133,1,11439,18674,17667,1.0,15:40,2017,2018
2017-18,203110,Draymond Green,Draymond,1610612744,GSW,Golden State Warriors,21701217,2018-04-10T00:00:00,GSW @ UTA,L,19.816666666666663,0.0,0.0,0.0,7.3,25.4,10.9,14.5,54.5,0.0,0.0,1.8,5.4,12.9,1,13054,13054,13054,16289,12040,9889,9215,9649,24542,16931,21255,1160,8133,1,9024,3861,23344,1.0,19:49,2017,2018
2017-18,1626188,Quinn Cook,Quinn,1610612744,GSW,Golden State Warriors,21701217,2018-04-10T00:00:00,GSW @ UTA,L,33.56666666666667,3.2,0.0,0.0,0.0,17.2,16.1,16.1,49.3,0.0,0.0,4.3,2.1,14.3,1,13054,13054,13054,4244,7758,9889,9215,19152,20378,22624,22388,2176,8133,1,19128,13500,22906,1.0,33:34,2017,2018
2017-18,201156,Nick Young,Nick,1610612744,GSW,Golden State Warriors,21701217,2018-04-10T00:00:00,GSW @ UTA,L,24.45,0.0,0.0,0.0,0.0,16.2,2.9,8.8,41.2,0.0,0.0,1.5,1.5,14.6,1,13054,13054,13054,12230,12040,9889,9215,19152,19433,4609,14670,5983,8133,1,7799,16194,22784,1.0,24:27,2017,2018
2017-18,1627745,Damian Jones,Damian,1610612744,GSW,Golden State Warriors,21701217,2018-04-10T00:00:00,GSW @ UTA,L,9.85,0.0,0.0,0.0,0.0,18.3,18.3,14.6,36.5,0.0,3.7,3.7,3.7,19.7,1,13054,13054,13054,22693,12040,9889,9215,19152,21332,23891,21335,9643,8133,25290,17014,8056,20346,1.0,9:51,2017,2018
2017-18,201580,JaVale McGee,JaVale,1610612744,GSW,Golden State Warriors,21701217,2018-04-10T00:00:00,GSW @ UTA,L,11.0,16.4,0.0,6.5,13.1,0.0,9.8,13.1,52.4,3.3,0.0,0.0,3.3,48.4,1,13054,13054,13054,22249,125,9889,1588,3343,1,15348,19964,1483,1439,1,1,9223,2816,1.0,11:00,2017,2018
2017-18,1626172,Kevon Looney,Kevon,1610612744,GSW,Golden State Warriors,21701203,2018-04-08T00:00:00,GSW @ PHX,W,19.183333333333334,0.0,0.0,0.0,11.3,13.1,3.8,15.0,41.3,7.5,0.0,1.9,0.0,51.0,1,1,1,1,16798,12040,9889,9215,4802,15572,5509,21629,5941,157,1,9288,18674,2096,1.0,19:11,2017,2018
2017-18,201142,Kevin Durant,Kevin,1610612744,GSW,Golden State Warriors,21701203,2018-04-08T00:00:00,GSW @ PHX,W,30.566666666666663,3.5,2.4,0.0,2.4,10.6,7.1,4.7,37.7,0.0,0.0,1.2,2.4,42.8,1,1,1,1,6758,7094,8046,9215,18205,11665,10755,8250,8688,8133,1,6495,12623,4924,1.0,30:34,2017,2018
2017-18,1627745,Damian Jones,Damian,1610612744,GSW,Golden State Warriors,21701203,2018-04-08T00:00:00,GSW @ PHX,W,8.583333333333334,0.0,0.0,0.0,0.0,8.4,0.0,16.8,50.3,4.2,0.0,12.6,4.2,23.9,1,1,1,1,23137,12040,9889,9215,19152,8312,1,22768,1932,802,1,25706,6536,17664,1.0,8:35,2017,2018
2017-18,1628395,Jordan Bell,Jordan,1610612744,GSW,Golden State Warriors,21701203,2018-04-08T00:00:00,GSW @ PHX,W,5.516666666666667,0.0,0.0,0.0,0.0,13.1,0.0,26.1,65.3,0.0,0.0,6.5,0.0,-6.5,1,1,1,1,24219,12040,9889,9215,19152,15430,1,25378,425,8133,1,23409,18674,26034,1.0,5:31,2017,2018
2017-18,2561,David West,David,1610612744,GSW,Golden State Warriors,21701203,2018-04-08T00:00:00,GSW @ PHX,W,13.6,0.0,0.0,0.0,5.3,0.0,0.0,0.0,31.8,0.0,0.0,2.6,0.0,35.5,1,1,1,1,20867,12040,9889,9215,12822,1,1,1,14341,8133,1,12891,18674,9076,1.0,13:36,2017,2018
2017-18,2733,Shaun Livingston,Shaun,1610612744,GSW,Golden State Warriors,21701203,2018-04-08T00:00:00,GSW @ PHX,W,17.35,0.0,0.0,0.0,8.3,10.4,0.0,4.1,24.9,0.0,0.0,4.1,4.1,35.1,1,1,1,1,18284,12040,9889,9215,8146,11305,1,7387,20502,8133,1,18698,6663,9378,1.0,17:21,2017,2018
2017-18,203110,Draymond Green,Draymond,1610612744,GSW,Golden State Warriors,21701203,2018-04-08T00:00:00,GSW @ PHX,W,30.183333333333334,8.3,0.0,3.6,0.0,4.8,4.8,2.4,40.6,1.2,0.0,0.0,8.3,40.2,1,1,1,1,7077,1234,9889,4880,19152,4142,6967,5016,6490,6245,1,1,960,6180,1.0,30:11,2017,2018
2017-18,2585,Zaza Pachulia,Zaza,1610612744,GSW,Golden State Warriors,21701203,2018-04-08T00:00:00,GSW @ PHX,W,14.833333333333334,0.0,0.0,0.0,4.9,4.9,9.7,0.0,38.8,2.4,0.0,2.4,2.4,39.6,1,1,1,1,20068,12040,9889,9215,13547,4213,15190,1,7783,2506,1,11967,12348,6522,1.0,14:50,2017,2018
2017-18,1626188,Quinn Cook,Quinn,1610612744,GSW,Golden State Warriors,21701203,2018-04-08T00:00:00,GSW @ PHX,W,36.8,0.0,0.0,4.9,5.9,7.8,5.9,7.8,39.1,0.0,0.0,2.9,0.0,24.2,1,1,1,1,1822,12040,9889,3008,11891,7539,8710,13199,7578,8133,1,14134,18674,17485,1.0,36:48,2017,2018
2017-18,201156,Nick Young,Nick,1610612744,GSW,Golden State Warriors,21701203,2018-04-08T00:00:00,GSW @ PHX,W,20.313333333333333,3.5,3.5,0.0,3.5,3.5,0.0,7.1,39.0,0.0,0.0,3.5,0.0,17.9,1,1,1,1,15838,7063,5377,9215,16076,3215,1,12017,7683,8133,1,16629,18674,21368,1.0,20:19,2017,2018
2017-18,202691,Klay Thompson,Klay,1610612744,GSW,Golden State Warriors,21701203,2018-04-08T00:00:00,GSW @ PHX,W,34.43333333333333,0.0,0.0,5.2,2.1,7.3,6.3,2.1,41.8,0.0,0.0,0.0,1.0,41.9,1,1,1,1,3556,12040,9889,2644,18716,6877,9365,4683,5582,8133,1,1,18206,5310,1.0,34:26,2017,2018
2017-18,201580,JaVale McGee,JaVale,1610612744,GSW,Golden State Warriors,21701203,2018-04-08T00:00:00,GSW @ PHX,W,8.636666666666667,4.2,8.3,0.0,41.7,29.2,8.3,8.3,33.3,0.0,0.0,0.0,8.3,84.6,1,1,1,1,23115,5737,943,9215,26,25204,12996,13990,12743,8133,1,1,969,82,1.0,8:38,2017,2018
2017-18,201142,Kevin Durant,Kevin,1610612744,GSW,Golden State Warriors,21701195,2018-04-07T00:00:00,GSW vs. NOP,L,35.75,0.0,0.0,10.1,18.1,15.1,4.0,7.0,48.3,0.0,1.0,2.0,6.0,56.9,1,13054,13054,13054,2545,12040,9889,423,1147,18181,5896,11950,2460,8133,18272,10002,2963,1093,1.0,35:45,2017,2018
2017-18,1627745,Damian Jones,Damian,1610612744,GSW,Golden State Warriors,21701195,2018-04-07T00:00:00,GSW vs. NOP,L,4.733333333333333,0.0,0.0,0.0,0.0,0.0,0.0,0.0,30.4,0.0,0.0,0.0,0.0,0.0,1,13054,13054,13054,24519,12040,9889,9215,19152,1,1,1,15647,8133,1,1,18674,25240,1.0,4:44,2017,2018
2017-18,202691,Klay Thompson,Klay,1610612744,GSW,Golden State Warriors,21701195,2018-04-07T00:00:00,GSW vs. NOP,L,37.38333333333333,0.0,2.9,0.0,1.9,18.3,5.8,12.5,40.4,0.0,1.9,1.0,2.9,23.4,1,13054,13054,13054,1506,12040,6781,9215,18989,21348,8546,19352,6560,8133,22537,5428,10671,18035,1.0,37:23,2017,2018
2017-18,1626172,Kevon Looney,Kevon,1610612744,GSW,Golden State Warriors,21701195,2018-04-07T00:00:00,GSW vs. NOP,L,27.65833333333333,2.6,2.6,0.0,13.0,16.9,5.2,11.7,44.3,0.0,0.0,5.2,1.3,26.3,1,13054,13054,13054,9341,9382,7449,9215,3398,20130,7625,18449,4143,8133,1,21382,16988,15912,1.0,27:40,2017,2018
2017-18,2561,David West,David,1610612744,GSW,Golden State Warriors,21701195,2018-04-07T00:00:00,GSW vs. NOP,L,13.416666666666666,0.0,0.0,0.0,16.1,37.6,5.4,16.1,42.9,0.0,0.0,2.7,5.4,24.7,1,13054,13054,13054,20978,12040,9889,9215,1806,25765,7884,22391,4870,8133,1,13031,4013,17110,1.0,13:25,2017,2018
2017-18,201156,Nick Young,Nick,1610612744,GSW,Golden State Warriors,21701195,2018-04-07T00:00:00,GSW vs. NOP,L,20.8,5.2,5.2,0.0,0.0,31.2,3.5,10.4,55.4,0.0,0.0,3.5,0.0,30.8,1,13054,13054,13054,15389,3998,2842,9215,19152,25431,5162,16794,1059,8133,1,16331,18674,12496,1.0,20:48,2017,2018
2017-18,1626188,Quinn Cook,Quinn,1610612744,GSW,Golden State Warriors,21701195,2018-04-07T00:00:00,GSW vs. NOP,L,37.208333333333336,4.8,2.9,2.9,3.9,18.4,5.8,12.6,52.2,0.0,1.9,2.9,0.0,32.0,1,13054,13054,13054,1596,4580,6753,6151,15509,21401,8592,19412,1511,8133,22570,13970,18674,11579,1.0,37:13,2017,2018
2017-18,203110,Draymond Green,Draymond,1610612744,GSW,Golden State Warriors,21701195,2018-04-07T00:00:00,GSW vs. NOP,L,36.83833333333333,0.0,2.0,2.0,7.8,20.5,5.9,10.7,46.9,0.0,1.0,4.9,2.0,31.8,1,13054,13054,13054,1803,12040,9185,8552,8855,22778,8701,17258,2986,8133,18009,20672,14365,11772,1.0,36:50,2017,2018
2017-18,1628395,Jordan Bell,Jordan,1610612744,GSW,Golden State Warriors,21701195,2018-04-07T00:00:00,GSW vs. NOP,L,4.695,0.0,0.0,0.0,0.0,15.3,0.0,0.0,92.0,0.0,0.0,0.0,7.7,1.5,1,13054,13054,13054,24535,12040,9889,9215,19152,18486,1,1,95,8133,1,1,1341,25183,1.0,4:42,2017,2018
2017-18,2738,Andre Iguodala,Andre,1610612744,GSW,Golden State Warriors,21701195,2018-04-07T00:00:00,GSW vs. NOP,L,21.516666666666666,3.3,0.0,3.3,6.7,15.1,0.0,0.0,33.5,0.0,0.0,5.0,1.7,25.3,1,13054,13054,13054,14777,7489,9889,5236,10493,18120,1,1,12640,8133,1,21004,15420,16684,1.0,21:31,2017,2018
2017-18,2733,Shaun Livingston,Shaun,1610612744,GSW,Golden State Warriors,21701175,2018-04-05T00:00:00,GSW @ IND,L,15.056666666666668,4.8,0.0,4.8,9.6,14.3,9.6,43.0,57.4,2.4,0.0,0.0,2.4,36.1,1,13054,13054,13054,19940,4672,9889,3131,6542,17201,14977,25971,872,2574,1,1,12495,8614,1.0,15:03,2017,2018
2017-18,203110,Draymond Green,Draymond,1610612744,GSW,Golden State Warriors,21701175,2018-04-05T00:00:00,GSW @ IND,L,29.3,2.5,0.0,2.5,4.9,17.2,13.5,19.7,41.8,1.2,0.0,2.5,6.1,25.9,1,13054,13054,13054,7872,9754,9889,7150,13446,20418,20337,24006,5604,6028,1,12107,2808,16178,1.0,29:18,2017,2018
2017-18,1627745,Damian Jones,Damian,1610612744,GSW,Golden State Warriors,21701175,2018-04-05T00:00:00,GSW @ IND,L,12.0,0.0,0.0,0.0,18.0,0.0,21.0,27.0,42.0,0.0,3.0,0.0,3.0,26.1,1,13054,13054,13054,21750,12040,9889,9215,1176,1,24773,25459,5463,8133,24723,1,10206,16051,1.0,12:00,2017,2018
2017-18,2585,Zaza Pachulia,Zaza,1610612744,GSW,Golden State Warriors,21701175,2018-04-05T00:00:00,GSW @ IND,L,7.216666666666667,10.0,0.0,0.0,10.0,10.0,24.9,10.0,39.9,0.0,0.0,0.0,20.0,25.9,1,13054,13054,13054,23590,687,9889,9215,6078,10695,25448,16245,6966,8133,1,1,37,16169,1.0,7:13,2017,2018
2017-18,1626188,Quinn Cook,Quinn,1610612744,GSW,Golden State Warriors,21701175,2018-04-05T00:00:00,GSW @ IND,L,36.11666666666667,3.0,0.0,0.0,2.0,14.0,13.0,16.9,41.9,0.0,0.0,3.0,0.0,25.5,1,13054,13054,13054,2291,8336,9889,9215,18900,16693,19679,22871,5555,8133,1,14384,18674,16488,1.0,36:07,2017,2018
2017-18,201580,JaVale McGee,JaVale,1610612744,GSW,Golden State Warriors,21701175,2018-04-05T00:00:00,GSW @ IND,L,12.0,0.0,6.0,0.0,18.0,30.0,6.0,6.0,36.0,0.0,0.0,3.0,0.0,27.0,1,13054,13054,13054,21750,12040,2080,9215,1176,25294,8900,10305,10148,8133,1,14419,18674,15372,1.0,12:00,2017,2018
2017-18,1626172,Kevon Looney,Kevon,1610612744,GSW,Golden State Warriors,21701175,2018-04-05T00:00:00,GSW @ IND,L,22.73333333333333,3.2,0.0,0.0,9.5,3.2,19.0,20.6,38.0,1.6,1.6,1.6,0.0,27.1,1,13054,13054,13054,13739,7895,9889,9215,6618,2992,24177,24316,8441,4609,21477,8186,18674,15321,1.0,22:44,2017,2018
2017-18,201142,Kevin Durant,Kevin,1610612744,GSW,Golden State Warriors,21701175,2018-04-05T00:00:00,GSW @ IND,L,32.943333333333335,7.6,9.8,4.4,4.4,15.3,12.0,25.1,39.3,1.1,1.1,3.3,6.6,56.3,1,13054,13054,13054,4746,1597,589,3634,14463,18441,18525,25277,7401,6832,18948,15625,2334,1163,1.0,32:57,2017,2018
2017-18,201156,Nick Young,Nick,1610612744,GSW,Golden State Warriors,21701175,2018-04-05T00:00:00,GSW @ IND,L,20.666666666666668,0.0,0.0,0.0,0.0,7.0,17.4,19.2,38.3,0.0,0.0,0.0,8.7,13.2,1,13054,13054,13054,15512,12040,9889,9215,19152,6432,23462,23848,8200,8133,1,1,798,23254,1.0,20:40,2017,2018
2017-18,1628395,Jordan Bell,Jordan,1610612744,GSW,Golden State Warriors,21701175,2018-04-05T00:00:00,GSW @ IND,L,10.933333333333334,0.0,0.0,6.6,13.2,13.2,16.5,26.3,52.7,0.0,0.0,3.3,0.0,31.0,1,13054,13054,13054,22279,12040,9889,1566,3281,15612,22883,25400,1432,8133,1,15678,18674,12379,1.0,10:56,2017,2018
2017-18,202691,Klay Thompson,Klay,1610612744,GSW,Golden State Warriors,21701175,2018-04-05T00:00:00,GSW @ IND,L,30.066666666666663,0.0,6.0,0.0,0.0,16.8,9.6,16.8,40.7,0.0,0.0,0.0,0.0,33.4,1,13054,13054,13054,7166,12040,2103,9215,19152,19973,14997,22759,6390,8133,1,1,18674,10536,1.0,30:04,2017,2018
2017-18,2561,David West,David,1610612744,GSW,Golden State Warriors,21701175,2018-04-05T00:00:00,GSW @ IND,L,10.966666666666669,0.0,6.6,0.0,6.6,19.7,6.6,39.4,46.0,3.3,0.0,9.8,6.6,49.6,1,13054,13054,13054,22262,12040,1709,9215,10701,22299,9818,25943,3334,1429,1,25236,2327,2495,1.0,10:58,2017,2018
2017-18,2585,Zaza Pachulia,Zaza,1610612744,GSW,Golden State Warriors,21701163,2018-04-03T00:00:00,GSW @ OKC,W,12.216666666666669,0.0,0.0,0.0,5.9,11.8,23.6,2.9,29.5,0.0,0.0,5.9,2.9,23.3,1,1,1,1,21640,12040,9889,9215,11845,13537,25287,5697,16584,8133,1,22586,10447,18104,1.0,12:13,2017,2018
2017-18,203110,Draymond Green,Draymond,1610612744,GSW,Golden State Warriors,21701163,2018-04-03T00:00:00,GSW @ OKC,W,36.31666666666667,2.0,0.0,2.0,0.0,8.9,17.8,8.9,25.8,0.0,0.0,2.0,3.0,23.6,1,1,1,1,2151,11223,9889,8472,19152,9065,23684,14797,19823,8133,1,9839,10338,17892,1.0,36:19,2017,2018
2017-18,1626188,Quinn Cook,Quinn,1610612744,GSW,Golden State Warriors,21701163,2018-04-03T00:00:00,GSW @ OKC,W,37.41166666666667,0.0,0.0,1.9,1.9,8.7,16.4,14.4,36.6,0.0,0.0,1.9,1.9,23.7,1,1,1,1,1497,12040,9889,8620,18992,8673,22825,21170,9625,8133,1,9540,14479,17824,1.0,37:25,2017,2018
2017-18,201156,Nick Young,Nick,1610612744,GSW,Golden State Warriors,21701163,2018-04-03T00:00:00,GSW @ OKC,W,25.95833333333333,0.0,0.0,4.2,0.0,9.7,6.9,20.8,27.7,0.0,0.0,5.5,1.4,16.1,1,1,1,1,10841,12040,9889,3933,19152,10271,10500,24388,18203,8133,1,22026,16604,22200,1.0,25:58,2017,2018
2017-18,1628395,Jordan Bell,Jordan,1610612744,GSW,Golden State Warriors,21701163,2018-04-03T00:00:00,GSW @ OKC,W,18.951666666666668,3.8,3.8,0.0,11.4,3.8,9.5,19.0,26.6,3.8,3.8,0.0,0.0,44.4,1,1,1,1,16999,6538,4901,9215,4667,3386,14864,23786,19171,1017,25372,1,18674,4189,1.0,18:57,2017,2018
2017-18,1627745,Damian Jones,Damian,1610612744,GSW,Golden State Warriors,21701163,2018-04-03T00:00:00,GSW @ OKC,W,13.728333333333332,5.2,0.0,5.2,21.0,7.9,13.1,7.9,15.7,2.6,0.0,10.5,5.2,32.5,1,1,1,1,20795,3919,9889,2626,595,7598,19877,13270,24563,2210,1,25402,4230,11234,1.0,13:44,2017,2018
2017-18,201580,JaVale McGee,JaVale,1610612744,GSW,Golden State Warriors,21701163,2018-04-03T00:00:00,GSW @ OKC,W,9.921666666666669,7.3,14.5,7.3,29.0,0.0,7.3,25.4,50.8,0.0,0.0,10.9,3.6,37.7,1,1,1,1,22660,1862,192,1195,124,1,11078,25306,1814,8133,1,25477,8141,7568,1.0,9:55,2017,2018
2017-18,202691,Klay Thompson,Klay,1610612744,GSW,Golden State Warriors,21701163,2018-04-03T00:00:00,GSW @ OKC,W,35.31166666666667,4.1,2.0,0.0,2.0,10.2,20.4,12.2,32.6,0.0,1.0,3.1,2.0,35.0,1,1,1,1,2879,5932,8922,9215,18822,10992,24623,19026,13475,8133,18383,14737,13984,9444,1.0,35:19,2017,2018
2017-18,2561,David West,David,1610612744,GSW,Golden State Warriors,21701163,2018-04-03T00:00:00,GSW @ OKC,W,14.683333333333334,4.9,0.0,0.0,19.6,9.8,12.3,17.2,24.5,2.5,0.0,7.4,2.5,61.5,1,1,1,1,20173,4460,9889,9215,842,10405,18829,22969,20759,2455,1,24111,12253,644,1.0,14:41,2017,2018
2017-18,201142,Kevin Durant,Kevin,1610612744,GSW,Golden State Warriors,21701163,2018-04-03T00:00:00,GSW @ OKC,W,35.5,4.1,0.0,6.1,8.1,7.1,15.2,11.2,30.4,1.0,0.0,2.0,7.1,55.8,1,1,1,1,2732,5986,9889,1904,8388,6606,21938,17773,15647,7387,1,10080,1799,1235,1.0,35:30,2017,2018
2017-18,203110,Draymond Green,Draymond,1610612744,GSW,Golden State Warriors,21701153,2018-04-01T00:00:00,GSW vs. PHX,W,34.25,3.2,0.0,8.4,4.2,16.8,5.3,15.8,35.7,1.1,0.0,3.2,3.2,46.5,1,1,1,1,3699,7925,9889,762,14813,20029,7711,22177,10413,7115,1,15127,9615,3433,1.0,34:15,2017,2018
2017-18,201142,Kevin Durant,Kevin,1610612744,GSW,Golden State Warriors,21701153,2018-04-01T00:00:00,GSW vs. PHX,W,34.78333333333333,2.1,0.0,5.2,10.3,10.3,5.2,10.3,35.2,2.1,0.0,1.0,1.0,61.3,1,1,1,1,3266,10943,9889,2688,5685,11259,7580,16736,10950,3292,1,5767,18254,670,1.0,34:47,2017,2018
2017-18,2733,Shaun Livingston,Shaun,1610612744,GSW,Golden State Warriors,21701153,2018-04-01T00:00:00,GSW vs. PHX,W,14.95,0.0,0.0,0.0,9.6,21.7,7.2,14.4,33.7,0.0,2.4,4.8,0.0,14.9,1,1,1,1,20006,12040,9889,9215,6453,23285,11022,21183,12368,8133,23849,20519,18674,22662,1.0,14:57,2017,2018
2017-18,201156,Nick Young,Nick,1610612744,GSW,Golden State Warriors,21701153,2018-04-01T00:00:00,GSW vs. PHX,W,25.25,0.0,4.3,4.3,0.0,15.7,8.6,14.3,39.9,0.0,0.0,0.0,0.0,22.1,1,1,1,1,11516,12040,4042,3755,19152,18881,13351,21007,6950,8133,1,1,18674,18896,1.0,25:15,2017,2018
2017-18,1626172,Kevon Looney,Kevon,1610612744,GSW,Golden State Warriors,21701153,2018-04-01T00:00:00,GSW vs. PHX,W,24.2,3.0,0.0,0.0,6.0,14.9,4.5,14.9,44.6,3.0,1.5,4.5,3.0,28.0,1,1,1,1,12470,8377,9889,9215,11742,17864,6519,21524,3950,1773,21152,19644,10333,14662,1.0,24:12,2017,2018
2017-18,2561,David West,David,1610612744,GSW,Golden State Warriors,21701153,2018-04-01T00:00:00,GSW vs. PHX,W,11.366666666666667,0.0,6.3,0.0,6.3,28.5,9.5,19.0,38.0,0.0,3.2,6.3,3.2,26.3,1,1,1,1,22115,12040,1849,9215,11036,25115,14871,23788,8441,8133,24906,23211,9567,15914,1.0,11:22,2017,2018
2017-18,1628395,Jordan Bell,Jordan,1610612744,GSW,Golden State Warriors,21701153,2018-04-01T00:00:00,GSW vs. PHX,W,16.333333333333332,0.0,4.4,0.0,17.6,6.6,6.6,2.2,44.1,0.0,2.2,0.0,0.0,43.0,1,1,1,1,19041,12040,3849,9215,1278,6001,9916,4815,4225,8133,23414,1,18674,4822,1.0,16:20,2017,2018
2017-18,1626188,Quinn Cook,Quinn,1610612744,GSW,Golden State Warriors,21701153,2018-04-01T00:00:00,GSW vs. PHX,W,34.25,7.4,0.0,5.3,2.1,10.5,5.3,10.5,42.0,0.0,0.0,1.1,2.1,41.8,1,1,1,1,3699,1776,9889,2617,18693,11514,7711,16966,5438,8133,1,5847,13684,5355,1.0,34:15,2017,2018
2017-18,201580,JaVale McGee,JaVale,1610612744,GSW,Golden State Warriors,21701153,2018-04-01T00:00:00,GSW vs. PHX,W,4.183333333333334,0.0,17.2,0.0,17.2,0.0,0.0,0.0,17.2,0.0,0.0,0.0,0.0,48.2,1,1,1,1,24707,12040,127,9215,1403,1,1,1,24237,8133,1,1,18674,2892,1.0,4:11,2017,2018
2017-18,202691,Klay Thompson,Klay,1610612744,GSW,Golden State Warriors,21701153,2018-04-01T00:00:00,GSW vs. PHX,W,32.916666666666664,2.2,0.0,6.6,10.9,18.6,5.5,13.1,37.2,0.0,0.0,0.0,3.3,36.5,1,1,1,1,4763,10566,9889,1578,5121,21537,8051,19996,9122,8133,1,1,9199,8328,1.0,32:55,2017,2018
2017-18,1627745,Damian Jones,Damian,1610612744,GSW,Golden State Warriors,21701153,2018-04-01T00:00:00,GSW vs. PHX,W,1.85,0.0,0.0,0.0,0.0,0.0,0.0,0.0,116.8,0.0,0.0,0.0,0.0,0.0,1,1,1,1,25574,12040,9889,9215,19152,1,1,1,38,8133,1,1,18674,25240,1.0,1:51,2017,2018
2017-18,2585,Zaza Pachulia,Zaza,1610612744,GSW,Golden State Warriors,21701153,2018-04-01T00:00:00,GSW vs. PHX,W,5.666666666666667,0.0,0.0,0.0,0.0,0.0,12.7,0.0,38.1,12.7,0.0,12.7,0.0,25.4,1,1,1,1,24164,12040,9889,9215,19152,1,19379,1,8355,31,1,25714,18674,16569,1.0,5:40,2017,2018
2017-18,1628395,Jordan Bell,Jordan,1610612744,GSW,Golden State Warriors,21701142,2018-03-31T00:00:00,GSW @ SAC,W,7.986666666666666,0.0,0.0,0.0,0.0,0.0,9.0,0.0,0.0,4.5,0.0,0.0,0.0,40.1,1,1,1,1,23347,12040,9889,9215,19152,1,14123,1,25495,685,1,1,18674,6210,1.0,7:59,2017,2018
2017-18,2561,David West,David,1610612744,GSW,Golden State Warriors,21701142,2018-03-31T00:00:00,GSW @ SAC,W,14.683333333333334,9.8,0.0,4.9,14.7,17.2,14.7,0.0,44.1,0.0,0.0,7.4,2.5,40.5,1,1,1,1,20173,735,9889,2989,2408,20381,21518,1,4210,8133,1,24111,12253,6057,1.0,14:41,2017,2018
2017-18,1627745,Damian Jones,Damian,1610612744,GSW,Golden State Warriors,21701142,2018-03-31T00:00:00,GSW @ SAC,W,4.65,0.0,15.5,0.0,0.0,15.5,0.0,0.0,15.5,0.0,7.7,0.0,7.7,34.1,1,1,1,1,24548,12040,160,9215,19152,18648,1,1,24614,8133,26003,1,1293,10116,1.0,4:39,2017,2018
2017-18,201580,JaVale McGee,JaVale,1610612744,GSW,Golden State Warriors,21701142,2018-03-31T00:00:00,GSW @ SAC,W,11.35,3.2,6.3,0.0,19.0,12.7,6.3,6.3,38.1,0.0,3.2,0.0,3.2,34.6,1,1,1,1,22118,7881,1842,9215,948,14889,9463,10838,8395,8133,24909,1,9554,9720,1.0,11:21,2017,2018
2017-18,203110,Draymond Green,Draymond,1610612744,GSW,Golden State Warriors,21701142,2018-03-31T00:00:00,GSW @ SAC,W,33.696666666666665,2.1,0.0,4.3,4.3,10.7,6.4,12.8,34.2,1.1,1.1,4.3,4.3,38.8,1,1,1,1,4142,10720,9889,3759,14668,11798,9578,19662,11920,6991,18770,19081,6315,6948,1.0,33:42,2017,2018
2017-18,201142,Kevin Durant,Kevin,1610612744,GSW,Golden State Warriors,21701142,2018-03-31T00:00:00,GSW @ SAC,W,30.516666666666666,3.5,2.4,0.0,9.4,5.9,4.7,14.2,26.0,1.2,0.0,1.2,7.1,57.2,1,1,1,1,6798,7080,8036,9215,6701,5223,6879,20910,19671,6314,1,6502,1822,1045,1.0,30:31,2017,2018
2017-18,1626188,Quinn Cook,Quinn,1610612744,GSW,Golden State Warriors,21701142,2018-03-31T00:00:00,GSW @ SAC,W,27.23333333333333,0.0,0.0,2.6,5.3,11.9,2.6,11.9,29.1,0.0,1.3,4.0,0.0,27.9,1,1,1,1,9703,12040,9889,6713,12827,13681,4310,18663,16978,8133,20386,18050,18674,14724,1.0,27:14,2017,2018
2017-18,201156,Nick Young,Nick,1610612744,GSW,Golden State Warriors,21701142,2018-03-31T00:00:00,GSW @ SAC,W,20.6,0.0,0.0,0.0,0.0,10.5,14.0,7.0,24.5,0.0,0.0,1.7,0.0,10.5,1,1,1,1,15563,12040,9889,9215,19152,11482,20791,11865,20796,8133,1,8721,18674,24039,1.0,20:36,2017,2018
2017-18,202691,Klay Thompson,Klay,1610612744,GSW,Golden State Warriors,21701142,2018-03-31T00:00:00,GSW @ SAC,W,32.11333333333334,0.0,0.0,2.2,6.7,15.7,9.0,9.0,42.6,0.0,1.1,3.4,2.2,31.3,1,1,1,1,5465,12040,9889,7700,10443,18887,14023,14862,5087,8133,19161,15951,13086,12137,1.0,32:07,2017,2018
2017-18,1626172,Kevon Looney,Kevon,1610612744,GSW,Golden State Warriors,21701142,2018-03-31T00:00:00,GSW @ SAC,W,25.73333333333333,0.0,1.4,0.0,2.8,7.0,5.6,14.0,22.4,2.8,0.0,1.4,5.6,30.6,1,1,1,1,11053,12040,9707,9215,17319,6461,8243,20765,22097,1990,1,7503,3613,12635,1.0,25:44,2017,2018
2017-18,2733,Shaun Livingston,Shaun,1610612744,GSW,Golden State Warriors,21701142,2018-03-31T00:00:00,GSW @ SAC,W,15.516666666666667,7.0,0.0,0.0,4.6,11.6,13.9,0.0,37.1,0.0,0.0,4.6,2.3,43.2,1,1,1,1,19617,2090,9889,9215,13947,13261,20725,1,9176,8133,1,20069,12767,4755,1.0,15:31,2017,2018
2017-18,1627775,Patrick McCaw,Patrick,1610612744,GSW,Golden State Warriors,21701142,2018-03-31T00:00:00,GSW @ SAC,W,15.92,0.0,0.0,0.0,13.6,6.8,4.5,6.8,18.1,2.3,2.3,0.0,6.8,41.6,1,1,1,1,19325,12040,9889,9215,3041,6205,6592,11537,23961,2823,23555,1,2105,5464,1.0,15:55,2017,2018
2017-18,2738,Andre Iguodala,Andre,1610612744,GSW,Golden State Warriors,21701128,2018-03-29T00:00:00,GSW vs. MIL,L,20.8,0.0,0.0,0.0,0.0,29.4,12.1,20.8,55.4,1.7,0.0,0.0,1.7,32.9,1,13054,13054,13054,15389,12040,9889,9215,19152,25237,18653,24376,1059,4209,1,1,15206,10950,1.0,20:48,2017,2018
2017-18,201580,JaVale McGee,JaVale,1610612744,GSW,Golden State Warriors,21701128,2018-03-29T00:00:00,GSW vs. MIL,L,14.633333333333333,9.8,0.0,4.9,29.5,14.8,0.0,4.9,39.4,4.9,0.0,4.9,2.5,44.3,1,13054,13054,13054,20205,728,9889,2973,114,17720,1,8612,7381,533,1,20759,12211,4271,1.0,14:38,2017,2018
2017-18,1628395,Jordan Bell,Jordan,1610612744,GSW,Golden State Warriors,21701128,2018-03-29T00:00:00,GSW vs. MIL,L,8.383333333333333,0.0,0.0,0.0,0.0,0.0,0.0,21.5,25.8,0.0,0.0,4.3,0.0,36.9,1,13054,13054,13054,23209,12040,9889,9215,19152,1,1,24581,19828,8133,1,19139,18674,8073,1.0,8:23,2017,2018
2017-18,2561,David West,David,1610612744,GSW,Golden State Warriors,21701128,2018-03-29T00:00:00,GSW vs. MIL,L,12.283333333333331,17.6,0.0,0.0,5.9,11.7,17.6,11.7,23.4,0.0,0.0,5.9,2.9,37.2,1,13054,13054,13054,21607,101,9889,9215,11903,13447,23555,18459,21477,8133,1,22530,10504,7889,1.0,12:17,2017,2018
2017-18,1626188,Quinn Cook,Quinn,1610612744,GSW,Golden State Warriors,21701128,2018-03-29T00:00:00,GSW vs. MIL,L,32.13333333333333,4.5,0.0,11.2,13.4,19.0,5.6,11.2,40.3,0.0,1.1,5.6,2.2,41.8,1,13054,13054,13054,5440,5155,9889,295,3112,21874,8256,17828,6652,8133,19153,22108,13093,5370,1.0,32:08,2017,2018
2017-18,203110,Draymond Green,Draymond,1610612744,GSW,Golden State Warriors,21701128,2018-03-29T00:00:00,GSW vs. MIL,L,28.09,0.0,0.0,2.6,7.7,12.8,7.7,12.8,33.3,1.3,0.0,5.1,3.8,39.7,1,13054,13054,13054,8936,12040,9889,6888,9048,15067,11878,19654,12770,5773,1,21218,7515,6438,1.0,28:05,2017,2018
2017-18,1626172,Kevon Looney,Kevon,1610612744,GSW,Golden State Warriors,21701128,2018-03-29T00:00:00,GSW vs. MIL,L,23.216666666666665,6.2,0.0,0.0,6.2,23.3,9.3,23.3,55.8,4.7,0.0,3.1,3.1,40.8,1,13054,13054,13054,13338,2736,9889,9215,11250,23936,14574,24990,1013,625,1,14922,9815,5906,1.0,23:13,2017,2018
2017-18,201142,Kevin Durant,Kevin,1610612744,GSW,Golden State Warriors,21701128,2018-03-29T00:00:00,GSW vs. MIL,L,17.11,6.3,0.0,0.0,4.2,35.8,8.4,21.0,67.3,0.0,0.0,0.0,4.2,39.1,1,13054,13054,13054,18459,2643,9889,9215,14802,25708,13129,24466,359,8133,1,1,6503,6748,1.0,17:07,2017,2018
2017-18,2733,Shaun Livingston,Shaun,1610612744,GSW,Golden State Warriors,21701128,2018-03-29T00:00:00,GSW vs. MIL,L,15.933333333333334,9.0,0.0,13.6,13.6,9.0,13.6,15.8,27.1,0.0,0.0,2.3,2.3,33.9,1,13054,13054,13054,19312,964,9889,153,3047,9224,20385,22212,18727,8133,1,11264,13007,10224,1.0,15:56,2017,2018
2017-18,2585,Zaza Pachulia,Zaza,1610612744,GSW,Golden State Warriors,21701128,2018-03-29T00:00:00,GSW vs. MIL,L,3.783333333333333,0.0,0.0,0.0,0.0,19.0,38.1,19.0,76.1,0.0,9.5,0.0,0.0,1.9,1,13054,13054,13054,24853,12040,9889,9215,19152,21864,25943,23797,209,8133,26039,1,18674,25170,1.0,3:47,2017,2018
2017-18,201156,Nick Young,Nick,1610612744,GSW,Golden State Warriors,21701128,2018-03-29T00:00:00,GSW vs. MIL,L,23.433333333333334,3.1,0.0,4.6,3.1,12.3,18.4,20.0,39.9,0.0,0.0,0.0,1.5,6.5,1,13054,13054,13054,13148,8133,9889,3329,16832,14279,23962,24120,6935,8133,1,1,15932,24805,1.0,23:26,2017,2018
2017-18,1627745,Damian Jones,Damian,1610612744,GSW,Golden State Warriors,21701128,2018-03-29T00:00:00,GSW vs. MIL,L,5.15,0.0,0.0,0.0,0.0,0.0,14.0,0.0,28.0,0.0,0.0,0.0,7.0,22.4,1,13054,13054,13054,24342,12040,9889,9215,19152,1,20791,1,18012,8133,1,1,1897,18725,1.0,5:09,2017,2018
2017-18,1627775,Patrick McCaw,Patrick,1610612744,GSW,Golden State Warriors,21701128,2018-03-29T00:00:00,GSW vs. MIL,L,35.05,2.1,0.0,0.0,0.0,15.4,2.1,15.4,39.0,0.0,1.0,2.1,2.1,22.7,1,13054,13054,13054,3067,10988,9889,9215,19152,18557,3823,21942,7646,8133,18439,10208,13908,18499,1.0,35:03,2017,2018
2017-18,1628395,Jordan Bell,Jordan,1610612744,GSW,Golden State Warriors,21701114,2018-03-27T00:00:00,GSW vs. IND,L,22.725,3.2,6.3,0.0,6.3,15.8,12.7,14.3,44.4,6.3,1.6,0.0,1.6,45.8,1,13054,13054,13054,13755,7894,1848,9215,11034,19045,19340,21005,4081,258,21482,1,15758,3676,1.0,22:44,2017,2018
2017-18,201580,JaVale McGee,JaVale,1610612744,GSW,Golden State Warriors,21701114,2018-03-27T00:00:00,GSW vs. IND,L,11.825,0.0,18.3,0.0,18.3,6.1,0.0,6.1,30.4,0.0,0.0,18.3,3.0,53.6,1,13054,13054,13054,21908,12040,107,9215,1108,5412,1,10456,15627,8133,1,25964,10023,1606,1.0,11:50,2017,2018
2017-18,1627775,Patrick McCaw,Patrick,1610612744,GSW,Golden State Warriors,21701114,2018-03-27T00:00:00,GSW vs. IND,L,32.63333333333333,0.0,0.0,0.0,4.4,13.2,8.8,9.9,41.9,0.0,0.0,1.1,2.2,13.7,1,13054,13054,13054,5014,12040,9889,9215,14369,15720,13786,16184,5522,8133,1,6112,13235,23112,1.0,32:38,2017,2018
2017-18,1627745,Damian Jones,Damian,1610612744,GSW,Golden State Warriors,21701114,2018-03-27T00:00:00,GSW vs. IND,L,5.166666666666667,0.0,0.0,0.0,0.0,13.9,0.0,0.0,41.8,0.0,0.0,0.0,13.9,-7.0,1,13054,13054,13054,24338,12040,9889,9215,19152,16660,1,1,5586,8133,1,1,111,26039,1.0,5:10,2017,2018
2017-18,2585,Zaza Pachulia,Zaza,1610612744,GSW,Golden State Warriors,21701114,2018-03-27T00:00:00,GSW vs. IND,L,11.85,0.0,0.0,0.0,6.1,18.2,12.2,27.3,48.6,0.0,0.0,6.1,3.0,14.9,1,13054,13054,13054,21888,12040,9889,9215,11482,21304,18702,25489,2376,8133,1,22874,10052,22677,1.0,11:51,2017,2018
2017-18,1626188,Quinn Cook,Quinn,1610612744,GSW,Golden State Warriors,21701114,2018-03-27T00:00:00,GSW vs. IND,L,36.2,0.0,2.0,0.0,6.0,15.9,6.0,10.9,39.8,0.0,1.0,1.0,0.0,23.2,1,13054,13054,13054,2225,12040,9075,9215,11713,19133,8835,17506,7076,8133,18162,5560,18674,18169,1.0,36:12,2017,2018
2017-18,2561,David West,David,1610612744,GSW,Golden State Warriors,21701114,2018-03-27T00:00:00,GSW vs. IND,L,15.783333333333331,0.0,4.6,0.0,4.6,13.7,4.6,0.0,31.9,4.6,0.0,2.3,2.3,50.2,1,13054,13054,13054,19426,12040,3639,9215,14093,16338,6654,1,14180,656,1,11370,12917,2330,1.0,15:47,2017,2018
2017-18,1626172,Kevon Looney,Kevon,1610612744,GSW,Golden State Warriors,21701114,2018-03-27T00:00:00,GSW vs. IND,L,27.97833333333333,2.6,5.1,0.0,2.6,12.9,2.6,2.6,33.5,2.6,0.0,2.6,3.9,42.7,1,13054,13054,13054,9041,9460,2889,9215,17758,15135,4250,5228,12650,2281,1,12594,7468,4946,1.0,27:59,2017,2018
2017-18,2733,Shaun Livingston,Shaun,1610612744,GSW,Golden State Warriors,21701114,2018-03-27T00:00:00,GSW vs. IND,L,19.23333333333333,0.0,7.5,0.0,7.5,11.2,3.7,3.7,29.9,0.0,0.0,1.9,0.0,31.8,1,13054,13054,13054,16765,12040,1259,9215,9334,12681,5496,6721,16105,8133,1,9262,18674,11731,1.0,19:14,2017,2018
2017-18,201156,Nick Young,Nick,1610612744,GSW,Golden State Warriors,21701114,2018-03-27T00:00:00,GSW vs. IND,L,31.08833333333333,0.0,0.0,0.0,2.3,13.9,6.9,10.4,39.4,0.0,0.0,1.2,2.3,19.8,1,13054,13054,13054,6335,12040,9889,9215,18278,16606,10529,16861,7373,8133,1,6398,12794,20314,1.0,31:05,2017,2018
2017-18,2738,Andre Iguodala,Andre,1610612744,GSW,Golden State Warriors,21701114,2018-03-27T00:00:00,GSW vs. IND,L,25.516666666666666,5.6,2.8,2.8,2.8,11.3,2.8,2.8,31.0,1.4,0.0,2.8,1.4,30.1,1,13054,13054,13054,11269,3409,6944,6315,17266,12763,4493,5524,15043,5182,1,13602,16478,13070,1.0,25:31,2017,2018
2017-18,2738,Andre Iguodala,Andre,1610612744,GSW,Golden State Warriors,21701102,2018-03-25T00:00:00,GSW vs. UTA,L,19.35,5.6,0.0,5.6,0.0,13.0,20.5,7.4,44.7,0.0,0.0,5.6,1.9,36.1,1,13054,13054,13054,16660,3489,9889,2325,19152,15383,24651,12556,3945,8133,1,22075,14717,8620,1.0,19:21,2017,2018
2017-18,1627745,Damian Jones,Damian,1610612744,GSW,Golden State Warriors,21701102,2018-03-25T00:00:00,GSW vs. UTA,L,12.0,6.0,6.0,0.0,18.0,0.0,18.0,0.0,36.0,0.0,0.0,3.0,3.0,32.4,1,13054,13054,13054,21750,2955,2080,9215,1176,1,23760,1,10148,8133,1,14419,10206,11322,1.0,12:00,2017,2018
2017-18,1626188,Quinn Cook,Quinn,1610612744,GSW,Golden State Warriors,21701102,2018-03-25T00:00:00,GSW vs. UTA,L,34.94,5.2,0.0,2.1,6.2,8.2,21.6,10.3,37.1,1.0,2.1,1.0,3.1,40.0,1,13054,13054,13054,3140,4057,9889,8234,11291,8091,24935,16674,9200,7281,23007,5737,9852,6295,1.0,34:56,2017,2018
2017-18,1628395,Jordan Bell,Jordan,1610612744,GSW,Golden State Warriors,21701102,2018-03-25T00:00:00,GSW vs. UTA,L,17.5,0.0,0.0,0.0,8.2,4.1,18.5,2.1,45.3,0.0,0.0,2.1,0.0,40.7,1,13054,13054,13054,18163,12040,9889,9215,8232,3621,23991,4654,3631,8133,1,10223,18674,5933,1.0,17:30,2017,2018
2017-18,2733,Shaun Livingston,Shaun,1610612744,GSW,Golden State Warriors,21701102,2018-03-25T00:00:00,GSW vs. UTA,L,18.3,3.9,0.0,3.9,3.9,13.8,13.8,5.9,39.3,0.0,2.0,2.0,2.0,17.5,1,13054,13054,13054,17535,6251,9889,4288,15368,16461,20583,10163,7397,8133,22688,9759,14309,21556,1.0,18:18,2017,2018
2017-18,1626172,Kevon Looney,Kevon,1610612744,GSW,Golden State Warriors,21701102,2018-03-25T00:00:00,GSW vs. UTA,L,24.433333333333334,0.0,2.9,2.9,5.9,19.2,17.7,16.2,26.5,2.9,1.5,5.9,1.5,38.3,1,13054,13054,13054,12247,12040,6642,6058,11845,21956,23601,22460,19226,1812,21088,22586,16191,7234,1.0,24:26,2017,2018
2017-18,201580,JaVale McGee,JaVale,1610612744,GSW,Golden State Warriors,21701102,2018-03-25T00:00:00,GSW vs. UTA,L,18.05,0.0,0.0,0.0,12.0,10.0,23.9,12.0,27.9,4.0,2.0,4.0,6.0,55.4,1,13054,13054,13054,17747,12040,9889,9215,4166,10689,25332,18731,18043,904,22787,18135,3058,1289,1.0,18:03,2017,2018
2017-18,1627775,Patrick McCaw,Patrick,1610612744,GSW,Golden State Warriors,21701102,2018-03-25T00:00:00,GSW vs. UTA,L,33.443333333333335,0.0,0.0,2.2,2.2,10.8,19.4,8.6,30.1,0.0,2.2,2.2,2.2,12.8,1,13054,13054,13054,4350,12040,9889,7945,18610,11927,24318,14344,15912,8133,23283,10738,13473,23380,1.0,33:27,2017,2018
2017-18,201156,Nick Young,Nick,1610612744,GSW,Golden State Warriors,21701102,2018-03-25T00:00:00,GSW vs. UTA,L,37.96666666666667,0.0,1.9,0.0,1.9,12.3,17.1,10.4,28.4,0.0,0.0,2.8,2.8,15.3,1,13054,13054,13054,1211,12040,9319,9215,19031,14347,23259,16871,17563,8133,1,13705,10834,22538,1.0,37:58,2017,2018
2017-18,2585,Zaza Pachulia,Zaza,1610612744,GSW,Golden State Warriors,21701102,2018-03-25T00:00:00,GSW vs. UTA,L,11.3,0.0,0.0,0.0,12.7,9.6,22.3,12.7,51.0,3.2,3.2,3.2,0.0,51.9,1,13054,13054,13054,22139,12040,9889,9215,3582,10033,25075,19584,1778,1524,24923,15254,18674,1909,1.0,11:18,2017,2018
2017-18,2561,David West,David,1610612744,GSW,Golden State Warriors,21701102,2018-03-25T00:00:00,GSW vs. UTA,L,12.716666666666669,8.5,8.5,0.0,11.3,19.8,11.3,5.7,28.3,2.8,0.0,0.0,2.8,49.3,1,13054,13054,13054,21375,1170,891,9215,4741,22365,17565,9796,17706,1937,1,1,10886,2575,1.0,12:43,2017,2018
2017-18,1626188,Quinn Cook,Quinn,1610612744,GSW,Golden State Warriors,21701087,2018-03-23T00:00:00,GSW vs. ATL,W,31.933333333333334,4.5,0.0,4.5,4.5,3.4,9.0,7.9,29.3,0.0,0.0,3.4,2.3,37.9,1,1,1,1,5610,5103,9889,3454,14177,3103,14128,13319,16744,8133,1,16023,13030,7476,1.0,31:56,2017,2018
2017-18,201580,JaVale McGee,JaVale,1610612744,GSW,Golden State Warriors,21701087,2018-03-23T00:00:00,GSW vs. ATL,W,8.616666666666667,0.0,0.0,0.0,16.7,0.0,8.4,0.0,25.1,0.0,4.2,4.2,0.0,38.0,1,1,1,1,23125,12040,9889,9215,1587,1,13038,1,20367,8133,25534,18797,18674,7388,1.0,8:37,2017,2018
2017-18,2738,Andre Iguodala,Andre,1610612744,GSW,Golden State Warriors,21701087,2018-03-23T00:00:00,GSW vs. ATL,W,28.666666666666668,0.0,0.0,0.0,2.5,2.5,2.5,5.0,30.1,0.0,0.0,1.3,1.3,24.4,1,1,1,1,8422,12040,9889,9215,17888,2648,4186,8792,15913,8133,1,6864,17211,17353,1.0,28:40,2017,2018
2017-18,1626172,Kevon Looney,Kevon,1610612744,GSW,Golden State Warriors,21701087,2018-03-23T00:00:00,GSW vs. ATL,W,23.655,0.0,0.0,0.0,3.0,1.5,12.2,7.6,27.4,3.0,0.0,1.5,0.0,36.7,1,1,1,1,12966,12040,9889,9215,16881,2431,18733,12844,18497,1675,1,7979,18674,8229,1.0,23:39,2017,2018
2017-18,1628395,Jordan Bell,Jordan,1610612744,GSW,Golden State Warriors,21701087,2018-03-23T00:00:00,GSW vs. ATL,W,27.5,5.2,0.0,0.0,10.5,2.6,0.0,7.9,34.0,1.3,0.0,2.6,2.6,41.1,1,1,1,1,9481,3928,9889,9215,5572,2694,1,13244,12048,5623,1,12782,11627,5734,1.0,27:30,2017,2018
2017-18,2733,Shaun Livingston,Shaun,1610612744,GSW,Golden State Warriors,21701087,2018-03-23T00:00:00,GSW vs. ATL,W,16.883333333333333,0.0,0.0,0.0,4.3,2.1,17.1,10.7,34.1,2.1,0.0,4.3,0.0,35.0,1,1,1,1,18611,12040,9889,9215,14695,2529,23256,17142,11984,3127,1,19048,18674,9443,1.0,16:53,2017,2018
2017-18,2585,Zaza Pachulia,Zaza,1610612744,GSW,Golden State Warriors,21701087,2018-03-23T00:00:00,GSW vs. ATL,W,15.383333333333333,0.0,0.0,4.7,4.7,4.7,0.0,9.4,42.1,0.0,4.7,2.3,9.4,34.6,1,1,1,1,19722,12040,9889,3241,13868,4065,1,15401,5388,8133,25682,11639,578,9676,1.0,15:23,2017,2018
2017-18,1627775,Patrick McCaw,Patrick,1610612744,GSW,Golden State Warriors,21701087,2018-03-23T00:00:00,GSW vs. ATL,W,21.578333333333333,0.0,0.0,0.0,3.3,5.0,10.0,13.3,36.7,0.0,1.7,6.7,0.0,11.7,1,1,1,1,14731,12040,9889,9215,16428,4328,15636,20180,9508,8133,21743,23573,18674,23738,1.0,21:35,2017,2018
2017-18,201156,Nick Young,Nick,1610612744,GSW,Golden State Warriors,21701087,2018-03-23T00:00:00,GSW vs. ATL,W,25.916666666666668,4.2,4.2,4.2,5.6,5.6,0.0,6.9,33.3,0.0,1.4,1.4,1.4,38.8,1,1,1,1,10875,5740,4225,3927,12415,4865,1,11802,12750,8133,20711,7459,16586,6961,1.0,25:55,2017,2018
2017-18,201939,Stephen Curry,Stephen,1610612744,GSW,Golden State Warriors,21701087,2018-03-23T00:00:00,GSW vs. ATL,W,25.366666666666667,2.8,2.8,0.0,5.7,5.7,0.0,8.5,36.9,1.4,0.0,1.4,5.7,58.0,1,1,1,1,11414,8752,6896,9215,12196,4994,1,14223,9360,5145,1,7583,3486,953,1.0,25:22,2017,2018
2017-18,2561,David West,David,1610612744,GSW,Golden State Warriors,21701087,2018-03-23T00:00:00,GSW vs. ATL,W,14.5,5.0,5.0,0.0,9.9,7.4,14.9,12.4,34.8,2.5,0.0,0.0,0.0,33.8,1,1,1,1,20293,4356,3098,9215,6131,7049,21681,19226,11364,2395,1,1,18674,10314,1.0,14:30,2017,2018
2017-18,1626188,Quinn Cook,Quinn,1610612744,GSW,Golden State Warriors,21701056,2018-03-19T00:00:00,GSW @ SAS,L,37.65,5.7,0.0,3.8,5.7,8.6,6.7,4.8,22.9,0.0,1.0,2.9,4.8,28.2,1,13054,13054,13054,1372,3286,9889,4470,12110,8600,10071,8358,21785,8133,17883,13810,5130,14475,1.0,37:39,2017,2018
2017-18,203110,Draymond Green,Draymond,1610612744,GSW,Golden State Warriors,21701056,2018-03-19T00:00:00,GSW @ SAS,L,11.986666666666666,0.0,0.0,0.0,0.0,12.0,15.0,0.0,36.0,0.0,0.0,3.0,3.0,10.8,1,13054,13054,13054,21820,12040,9889,9215,19152,13886,21787,1,10117,8133,1,14463,10194,23974,1.0,11:59,2017,2018
2017-18,1628395,Jordan Bell,Jordan,1610612744,GSW,Golden State Warriors,21701056,2018-03-19T00:00:00,GSW @ SAS,L,22.83333333333333,0.0,0.0,0.0,0.0,12.6,6.3,7.9,25.2,3.2,0.0,6.3,4.7,17.5,1,13054,13054,13054,13663,12040,9889,9215,19152,14785,9409,13298,20242,1556,1,23179,5230,21559,1.0,22:50,2017,2018
2017-18,1627775,Patrick McCaw,Patrick,1610612744,GSW,Golden State Warriors,21701056,2018-03-19T00:00:00,GSW @ SAS,L,24.466666666666665,2.9,2.9,0.0,2.9,20.6,8.8,7.4,29.4,1.5,1.5,2.9,2.9,18.7,1,13054,13054,13054,12210,8476,6648,9215,17054,22804,13796,12441,16626,4950,21078,14174,10456,20952,1.0,24:28,2017,2018
2017-18,201156,Nick Young,Nick,1610612744,GSW,Golden State Warriors,21701056,2018-03-19T00:00:00,GSW @ SAS,L,40.2,1.8,0.0,1.8,1.8,17.0,8.1,6.3,30.4,0.0,0.0,1.8,3.6,9.3,1,13054,13054,13054,461,11620,9889,8893,19107,20228,12507,10724,15624,8133,1,8898,8280,24302,1.0,40:12,2017,2018
2017-18,2733,Shaun Livingston,Shaun,1610612744,GSW,Golden State Warriors,21701056,2018-03-19T00:00:00,GSW @ SAS,L,16.983333333333334,0.0,0.0,2.1,4.2,25.4,12.7,4.2,38.2,0.0,0.0,2.1,2.1,30.1,1,13054,13054,13054,18543,12040,9889,8046,14740,24544,19397,7534,8325,8133,1,10545,13604,13031,1.0,16:59,2017,2018
2017-18,2585,Zaza Pachulia,Zaza,1610612744,GSW,Golden State Warriors,21701056,2018-03-19T00:00:00,GSW @ SAS,L,14.35,0.0,0.0,0.0,10.0,10.0,7.5,5.0,30.1,0.0,5.0,2.5,0.0,21.6,1,13054,13054,13054,20402,12040,9889,9215,6009,10772,11557,8784,15948,8133,25751,12315,18674,19222,1.0,14:21,2017,2018
2017-18,201580,JaVale McGee,JaVale,1610612744,GSW,Golden State Warriors,21701056,2018-03-19T00:00:00,GSW @ SAS,L,11.713333333333331,0.0,0.0,6.1,12.3,3.1,6.1,0.0,12.3,9.2,0.0,9.2,0.0,64.8,1,13054,13054,13054,21972,12040,9889,1850,3896,2938,9155,1,25089,84,1,25057,18674,416,1.0,11:43,2017,2018
2017-18,1626172,Kevon Looney,Kevon,1610612744,GSW,Golden State Warriors,21701056,2018-03-19T00:00:00,GSW @ SAS,L,21.75,3.3,3.3,3.3,16.6,16.6,6.6,8.3,19.9,1.7,0.0,3.3,5.0,55.6,1,13054,13054,13054,14599,7570,5811,5312,1640,19786,9929,13902,23322,4404,1,15746,4753,1262,1.0,21:45,2017,2018
2017-18,2738,Andre Iguodala,Andre,1610612744,GSW,Golden State Warriors,21701056,2018-03-19T00:00:00,GSW @ SAS,L,24.7,4.4,0.0,2.9,8.7,8.7,7.3,2.9,26.2,1.5,1.5,2.9,1.5,39.4,1,13054,13054,13054,11998,5366,9889,6127,7563,8793,11134,5655,19447,5011,21017,14031,16273,6629,1.0,24:42,2017,2018
2017-18,2561,David West,David,1610612744,GSW,Golden State Warriors,21701056,2018-03-19T00:00:00,GSW @ SAS,L,13.366666666666667,0.0,0.0,0.0,5.4,35.0,10.8,5.4,53.9,2.7,0.0,8.1,0.0,13.2,1,13054,13054,13054,21012,12040,9889,9215,12684,25674,16745,9369,1250,2120,1,24608,18674,23267,1.0,13:22,2017,2018
2017-18,1626188,Quinn Cook,Quinn,1610612744,GSW,Golden State Warriors,21701044,2018-03-17T00:00:00,GSW @ PHX,W,40.0,5.4,0.0,7.2,5.4,9.0,8.1,10.8,28.8,0.0,0.0,0.9,1.8,38.5,1,1,1,1,519,3711,9889,1216,12659,9171,12588,17331,17241,8133,1,5245,14933,7089,1.0,40:00,2017,2018
2017-18,203110,Draymond Green,Draymond,1610612744,GSW,Golden State Warriors,21701044,2018-03-17T00:00:00,GSW @ PHX,W,34.583333333333336,5.2,5.2,3.1,12.5,10.4,9.4,10.4,29.1,1.0,1.0,3.1,3.1,55.4,1,1,1,1,3420,3978,2827,5661,3767,11356,14674,16845,16918,7194,18545,15013,9732,1298,1.0,34:35,2017,2018
2017-18,201580,JaVale McGee,JaVale,1610612744,GSW,Golden State Warriors,21701044,2018-03-17T00:00:00,GSW @ PHX,W,3.3366666666666664,0.0,0.0,0.0,0.0,0.0,0.0,0.0,43.2,0.0,0.0,10.8,0.0,-10.8,1,1,1,1,25047,12040,9889,9215,19152,1,1,1,4749,8133,1,25460,18674,26065,1.0,3:20,2017,2018
2017-18,2738,Andre Iguodala,Andre,1610612744,GSW,Golden State Warriors,21701044,2018-03-17T00:00:00,GSW @ PHX,W,27.566666666666663,10.4,0.0,0.0,5.2,13.1,3.9,10.4,26.1,0.0,0.0,0.0,2.6,24.8,1,1,1,1,9416,583,9889,9215,12921,15439,5722,16894,19540,8133,1,1,11650,17012,1.0,27:34,2017,2018
2017-18,2585,Zaza Pachulia,Zaza,1610612744,GSW,Golden State Warriors,21701044,2018-03-17T00:00:00,GSW @ PHX,W,16.85,0.0,0.0,0.0,4.3,10.7,6.4,0.0,12.8,0.0,0.0,8.5,2.1,32.9,1,1,1,1,18641,12040,9889,9215,14670,11794,9571,1,25034,8133,1,24796,13537,10937,1.0,16:51,2017,2018
2017-18,1628395,Jordan Bell,Jordan,1610612744,GSW,Golden State Warriors,21701044,2018-03-17T00:00:00,GSW @ PHX,W,17.75,4.1,0.0,4.1,8.1,18.3,12.2,20.3,36.5,4.1,2.0,6.1,0.0,49.5,1,1,1,1,17976,5986,9889,4084,8388,21316,18721,24222,9686,861,22904,22883,18674,2520,1.0,17:45,2017,2018
2017-18,2733,Shaun Livingston,Shaun,1610612744,GSW,Golden State Warriors,21701044,2018-03-17T00:00:00,GSW @ PHX,W,16.7,6.5,0.0,4.3,12.9,10.8,8.6,12.9,38.8,0.0,2.2,6.5,4.3,43.1,1,1,1,1,18751,2509,9889,3713,3457,11948,13460,19785,7806,8133,23292,23349,6225,4770,1.0,16:42,2017,2018
2017-18,2561,David West,David,1610612744,GSW,Golden State Warriors,21701044,2018-03-17T00:00:00,GSW @ PHX,W,17.05,4.2,4.2,0.0,8.4,21.1,4.2,25.3,42.2,0.0,2.1,2.1,2.1,37.0,1,1,1,1,18502,5628,4132,9215,7951,23048,6168,25297,5319,8133,23177,10511,13638,8059,1.0,17:03,2017,2018
2017-18,1626172,Kevon Looney,Kevon,1610612744,GSW,Golden State Warriors,21701044,2018-03-17T00:00:00,GSW @ PHX,W,24.53,2.9,0.0,0.0,14.7,1.5,5.9,11.7,35.2,8.8,0.0,2.9,2.9,47.5,1,1,1,1,12164,8499,9889,9215,2431,2425,8714,18478,10924,97,1,14137,10495,3055,1.0,24:32,2017,2018
2017-18,201156,Nick Young,Nick,1610612744,GSW,Golden State Warriors,21701044,2018-03-17T00:00:00,GSW @ PHX,W,41.63333333333333,2.6,0.0,4.3,3.5,13.0,4.3,12.1,25.9,0.0,0.9,2.6,5.2,29.7,1,1,1,1,237,9403,9889,3699,16239,15298,6294,18880,19682,8133,17485,12676,4330,13286,1.0,41:38,2017,2018
2017-18,2585,Zaza Pachulia,Zaza,1610612744,GSW,Golden State Warriors,21701033,2018-03-16T00:00:00,GSW vs. SAC,L,17.1,0.0,4.2,0.0,0.0,8.4,8.4,10.5,25.3,0.0,2.1,2.1,2.1,29.3,1,13054,13054,13054,18460,12040,4148,9215,19152,8345,13138,16982,20213,8133,23161,10472,13670,13664,1.0,17:06,2017,2018
2017-18,203110,Draymond Green,Draymond,1610612744,GSW,Golden State Warriors,21701033,2018-03-16T00:00:00,GSW vs. SAC,L,33.71666666666667,0.0,0.0,3.2,4.3,10.7,11.7,7.5,21.4,2.1,0.0,3.2,2.1,53.9,1,13054,13054,13054,4116,12040,9889,5510,14680,11778,18136,12608,22644,3120,1,15333,13545,1546,1.0,33:43,2017,2018
2017-18,1628395,Jordan Bell,Jordan,1610612744,GSW,Golden State Warriors,21701033,2018-03-16T00:00:00,GSW vs. SAC,L,11.8,0.0,0.0,0.0,0.0,27.5,27.5,15.3,30.5,0.0,0.0,6.1,0.0,10.4,1,13054,13054,13054,21923,12040,9889,9215,19152,24942,25643,21815,15567,8133,1,22901,18674,24066,1.0,11:48,2017,2018
2017-18,2561,David West,David,1610612744,GSW,Golden State Warriors,21701033,2018-03-16T00:00:00,GSW vs. SAC,L,15.575,2.3,4.6,0.0,4.6,20.8,20.8,16.2,32.4,2.3,0.0,4.6,4.6,28.0,1,13054,13054,13054,19568,10172,3553,9215,13986,22899,24732,22442,13737,2717,1,20032,5490,14661,1.0,15:35,2017,2018
2017-18,2738,Andre Iguodala,Andre,1610612744,GSW,Golden State Warriors,21701033,2018-03-16T00:00:00,GSW vs. SAC,L,30.966666666666665,3.5,0.0,3.5,4.7,12.8,8.1,11.6,27.9,0.0,0.0,2.3,5.8,24.2,1,13054,13054,13054,6431,7197,9889,5004,13929,15028,12655,18331,18054,8133,1,11577,3313,17472,1.0,30:58,2017,2018
2017-18,201156,Nick Young,Nick,1610612744,GSW,Golden State Warriors,21701033,2018-03-16T00:00:00,GSW vs. SAC,L,36.35,3.0,3.0,0.0,2.0,14.9,6.9,11.9,27.7,0.0,1.0,5.0,3.0,17.7,1,13054,13054,13054,2134,8388,6565,9215,18919,17844,10498,18648,18207,8133,18119,20840,10344,21446,1.0,36:21,2017,2018
2017-18,2733,Shaun Livingston,Shaun,1610612744,GSW,Golden State Warriors,21701033,2018-03-16T00:00:00,GSW vs. SAC,L,19.08333333333333,3.8,0.0,7.5,11.3,11.3,17.0,7.5,18.9,0.0,1.9,5.7,0.0,16.0,1,13054,13054,13054,16898,6593,9889,1075,4748,12828,23203,12746,23701,8133,22405,22221,18674,22225,1.0,19:05,2017,2018
2017-18,1626172,Kevon Looney,Kevon,1610612744,GSW,Golden State Warriors,21701033,2018-03-16T00:00:00,GSW vs. SAC,L,19.70833333333333,1.8,3.7,1.8,7.3,7.3,9.1,3.7,25.6,1.8,0.0,0.0,1.8,37.1,1,13054,13054,13054,16382,11567,5177,8831,9590,6864,14305,6599,19971,3947,1,1,14838,7969,1.0,19:43,2017,2018
2017-18,201956,Omri Casspi,Omri,1610612744,GSW,Golden State Warriors,21701033,2018-03-16T00:00:00,GSW vs. SAC,L,6.033333333333333,0.0,11.9,0.0,35.8,0.0,41.8,11.9,23.9,0.0,0.0,0.0,6.0,51.9,1,13054,13054,13054,24027,12040,324,9215,53,1,25983,18700,21208,8133,1,1,3089,1915,1.0,6:02,2017,2018
2017-18,201580,JaVale McGee,JaVale,1610612744,GSW,Golden State Warriors,21701033,2018-03-16T00:00:00,GSW vs. SAC,L,9.433333333333334,0.0,0.0,0.0,0.0,0.0,11.4,7.6,7.6,3.8,0.0,3.8,0.0,30.9,1,13054,13054,13054,22842,12040,9889,9215,19152,1,17732,12879,25434,1003,1,17568,18674,12414,1.0,9:26,2017,2018
2017-18,1626188,Quinn Cook,Quinn,1610612744,GSW,Golden State Warriors,21701033,2018-03-16T00:00:00,GSW vs. SAC,L,40.23333333333333,6.3,5.4,3.6,5.4,15.2,8.1,12.5,28.6,0.0,0.9,1.8,0.9,37.8,1,13054,13054,13054,455,2681,2654,4876,12724,18320,12501,19362,17391,8133,17555,8892,18631,7498,1.0,40:14,2017,2018
2017-18,1628449,Chris Boucher,Chris,1610612744,GSW,Golden State Warriors,21701019,2018-03-14T00:00:00,GSW vs. LAL,W,1.3166666666666669,0.0,0.0,0.0,0.0,0.0,0.0,0.0,54.7,0.0,0.0,0.0,0.0,32.8,1,1,1,1,25770,12040,9889,9215,19152,1,1,1,1124,8133,1,1,18674,11008,1.0,1:19,2017,2018
2017-18,1626172,Kevon Looney,Kevon,1610612744,GSW,Golden State Warriors,21701019,2018-03-14T00:00:00,GSW vs. LAL,W,25.416666666666668,2.8,0.0,2.8,8.5,5.7,11.3,9.9,36.8,1.4,2.8,5.7,2.8,43.2,1,1,1,1,11377,8771,9889,6287,7878,4982,17578,16169,9407,5153,24527,22232,10878,4728,1.0,25:25,2017,2018
2017-18,1628395,Jordan Bell,Jordan,1610612744,GSW,Golden State Warriors,21701019,2018-03-14T00:00:00,GSW vs. LAL,W,18.468333333333334,0.0,3.9,0.0,3.9,40.9,1.9,19.5,39.0,1.9,0.0,1.9,5.8,36.3,1,1,1,1,17395,12040,4713,9215,15438,25838,3762,23956,7685,3624,1,9668,3263,8506,1.0,18:28,2017,2018
2017-18,201956,Omri Casspi,Omri,1610612744,GSW,Golden State Warriors,21701019,2018-03-14T00:00:00,GSW vs. LAL,W,20.05666666666667,0.0,7.2,0.0,21.5,12.6,9.0,5.4,28.7,0.0,0.0,3.6,9.0,41.1,1,1,1,1,16049,12040,1398,9215,521,14719,14038,9367,17306,8133,1,16774,703,5737,1.0,20:03,2017,2018
2017-18,2733,Shaun Livingston,Shaun,1610612744,GSW,Golden State Warriors,21701019,2018-03-14T00:00:00,GSW vs. LAL,W,20.33333333333333,3.5,0.0,3.5,7.1,30.1,5.3,8.9,42.5,0.0,0.0,7.1,1.8,35.1,1,1,1,1,15808,7069,9889,4918,9899,25312,7788,14695,5136,8133,1,23921,15048,9385,1.0,20:20,2017,2018
2017-18,201156,Nick Young,Nick,1610612744,GSW,Golden State Warriors,21701019,2018-03-14T00:00:00,GSW vs. LAL,W,31.348333333333333,3.4,2.3,3.4,0.0,10.3,14.9,13.8,36.7,0.0,0.0,0.0,2.3,29.4,1,1,1,1,6105,7285,8186,5076,19152,11229,21711,20585,9485,8133,1,1,12855,13549,1.0,31:21,2017,2018
2017-18,1626188,Quinn Cook,Quinn,1610612744,GSW,Golden State Warriors,21701019,2018-03-14T00:00:00,GSW vs. LAL,W,27.666666666666668,5.2,0.0,2.6,10.4,13.0,14.3,15.6,33.8,0.0,1.3,7.8,1.3,20.7,1,1,1,1,9331,3978,9889,6796,5629,15363,21157,22076,12267,8133,20285,24439,16989,19808,1.0,27:40,2017,2018
2017-18,201142,Kevin Durant,Kevin,1610612744,GSW,Golden State Warriors,21701019,2018-03-14T00:00:00,GSW vs. LAL,W,35.38333333333333,4.1,3.1,3.1,8.1,22.4,12.2,14.2,36.6,1.0,1.0,1.0,2.0,45.8,1,1,1,1,2823,5951,6358,5822,8358,23602,18762,20995,9565,7364,18362,5671,14004,3674,1.0,35:23,2017,2018
2017-18,2585,Zaza Pachulia,Zaza,1610612744,GSW,Golden State Warriors,21701019,2018-03-14T00:00:00,GSW vs. LAL,W,23.28333333333333,0.0,6.2,3.1,12.4,17.0,17.0,21.6,46.4,0.0,6.2,3.1,3.1,46.2,1,1,1,1,13282,12040,1950,5735,3844,20219,23213,24622,3169,8133,25922,14882,9843,3520,1.0,23:17,2017,2018
2017-18,201580,JaVale McGee,JaVale,1610612744,GSW,Golden State Warriors,21701019,2018-03-14T00:00:00,GSW vs. LAL,W,13.31,0.0,0.0,0.0,0.0,37.9,2.7,8.1,27.0,5.4,0.0,8.1,2.7,46.5,1,1,1,1,21054,12040,9889,9215,19152,25774,4373,13659,18794,415,1,24625,11331,3415,1.0,13:19,2017,2018
2017-18,2738,Andre Iguodala,Andre,1610612744,GSW,Golden State Warriors,21701019,2018-03-14T00:00:00,GSW vs. LAL,W,22.1,0.0,0.0,0.0,0.0,32.6,8.1,8.1,42.4,1.6,0.0,0.0,0.0,14.5,1,1,1,1,14282,12040,9889,9215,19152,25534,12665,13696,5234,4476,1,1,18674,22807,1.0,22:06,2017,2018
2017-18,1627745,Damian Jones,Damian,1610612744,GSW,Golden State Warriors,21701019,2018-03-14T00:00:00,GSW vs. LAL,W,1.3166666666666669,0.0,0.0,0.0,0.0,0.0,0.0,0.0,54.7,0.0,0.0,27.3,0.0,0.0,1,1,1,1,25770,12040,9889,9215,19152,1,1,1,1124,8133,1,26053,18674,25240,1.0,1:19,2017,2018
2017-18,201580,JaVale McGee,JaVale,1610612744,GSW,Golden State Warriors,21700994,2018-03-11T00:00:00,GSW @ MIN,L,14.433333333333334,5.0,0.0,0.0,5.0,10.0,5.0,5.0,49.9,0.0,0.0,5.0,0.0,21.5,1,13054,13054,13054,20349,4315,9889,9215,13327,10695,7300,8738,2045,8133,1,20927,18674,19308,1.0,14:26,2017,2018
2017-18,2585,Zaza Pachulia,Zaza,1610612744,GSW,Golden State Warriors,21700994,2018-03-11T00:00:00,GSW @ MIN,L,25.45,0.0,2.8,0.0,14.1,22.6,8.5,11.3,42.4,2.8,1.4,4.2,5.7,60.4,1,13054,13054,13054,11341,12040,6923,9215,2724,23703,13241,17971,5168,1940,20843,18984,3515,738,1.0,25:27,2017,2018
2017-18,201142,Kevin Durant,Kevin,1610612744,GSW,Golden State Warriors,21700994,2018-03-11T00:00:00,GSW @ MIN,L,38.6,6.5,8.4,4.7,9.3,14.0,10.3,7.5,44.8,2.8,0.0,2.8,5.6,61.9,1,13054,13054,13054,938,2450,927,3262,6837,16738,16001,12590,3881,1990,1,13495,3613,608,1.0,38:36,2017,2018
2017-18,202691,Klay Thompson,Klay,1610612744,GSW,Golden State Warriors,21700994,2018-03-11T00:00:00,GSW @ MIN,L,39.93333333333333,1.8,0.0,6.3,7.2,11.7,9.9,7.2,45.1,0.0,0.0,0.0,1.8,26.4,1,13054,13054,13054,533,11601,9889,1743,9719,13440,15494,12210,3723,8133,1,1,14916,15814,1.0,39:56,2017,2018
2017-18,1626188,Quinn Cook,Quinn,1610612744,GSW,Golden State Warriors,21700994,2018-03-11T00:00:00,GSW @ MIN,L,29.016666666666666,0.0,0.0,5.0,2.5,13.6,11.2,2.5,47.1,0.0,1.2,3.7,0.0,10.9,1,13054,13054,13054,8113,12040,9889,2922,17955,16292,17320,5119,2890,8133,19959,17263,18674,23946,1.0,29:01,2017,2018
2017-18,201156,Nick Young,Nick,1610612744,GSW,Golden State Warriors,21700994,2018-03-11T00:00:00,GSW @ MIN,L,21.966666666666665,0.0,0.0,0.0,0.0,16.4,11.5,6.6,32.8,1.6,0.0,3.3,0.0,13.8,1,13054,13054,13054,14407,12040,9889,9215,19152,19634,17758,11172,13334,4449,1,15621,18674,23090,1.0,21:58,2017,2018
2017-18,201956,Omri Casspi,Omri,1610612744,GSW,Golden State Warriors,21700994,2018-03-11T00:00:00,GSW @ MIN,L,7.05,10.2,0.0,0.0,10.2,10.2,10.2,10.2,40.9,0.0,0.0,10.2,5.1,22.5,1,13054,13054,13054,23648,634,9889,9215,5810,11019,15925,16546,6273,8133,1,25319,4493,18646,1.0,7:03,2017,2018
2017-18,2733,Shaun Livingston,Shaun,1610612744,GSW,Golden State Warriors,21700994,2018-03-11T00:00:00,GSW @ MIN,L,20.933333333333334,3.4,3.4,3.4,6.9,18.9,6.9,13.8,37.8,0.0,0.0,0.0,1.7,22.9,1,13054,13054,13054,15280,7294,5557,5086,10203,21788,10387,20559,8574,8133,1,1,15238,18380,1.0,20:56,2017,2018
2017-18,1626172,Kevon Looney,Kevon,1610612744,GSW,Golden State Warriors,21700994,2018-03-11T00:00:00,GSW @ MIN,L,7.466666666666667,0.0,0.0,0.0,0.0,9.6,9.6,9.6,48.2,0.0,0.0,4.8,0.0,0.0,1,13054,13054,13054,23511,12040,9889,9215,19152,10175,15090,15790,2507,8133,1,20528,18674,25240,1.0,7:28,2017,2018
2017-18,203110,Draymond Green,Draymond,1610612744,GSW,Golden State Warriors,21700994,2018-03-11T00:00:00,GSW @ MIN,L,35.15,0.0,0.0,2.0,4.1,16.4,11.3,6.1,45.1,1.0,1.0,1.0,1.0,41.1,1,13054,13054,13054,2996,12040,9889,8262,15066,19632,17474,10530,3733,7318,18417,5714,18291,5753,1.0,35:09,2017,2018
2017-18,203110,Draymond Green,Draymond,1610612744,GSW,Golden State Warriors,21700984,2018-03-09T00:00:00,GSW @ POR,L,37.67166666666667,0.0,0.0,1.9,1.9,11.5,18.2,6.7,26.8,0.0,0.0,2.9,1.9,36.7,1,13054,13054,13054,1364,12040,9889,8654,19007,13048,23838,11387,19044,8133,1,13804,14536,8214,1.0,37:40,2017,2018
2017-18,201580,JaVale McGee,JaVale,1610612744,GSW,Golden State Warriors,21700984,2018-03-09T00:00:00,GSW @ POR,L,19.816666666666663,0.0,0.0,0.0,18.2,10.9,12.7,9.1,29.1,1.8,0.0,1.8,0.0,36.2,1,13054,13054,13054,16289,12040,9889,9215,1137,12135,19394,15012,16992,3968,1,9024,18674,8573,1.0,19:49,2017,2018
2017-18,202691,Klay Thompson,Klay,1610612744,GSW,Golden State Warriors,21700984,2018-03-09T00:00:00,GSW @ POR,L,35.835,8.0,0.0,2.0,6.0,12.1,19.1,7.0,28.1,0.0,0.0,3.0,3.0,32.0,1,13054,13054,13054,2483,1390,9889,8403,11586,13944,24208,11926,17868,8133,1,14507,10152,11555,1.0,35:50,2017,2018
2017-18,201156,Nick Young,Nick,1610612744,GSW,Golden State Warriors,21700984,2018-03-09T00:00:00,GSW @ POR,L,23.916666666666668,0.0,0.0,0.0,0.0,10.5,16.6,3.0,33.1,0.0,0.0,1.5,0.0,9.9,1,13054,13054,13054,12717,12040,9889,9215,19152,11546,22934,5785,12975,8133,1,7907,18674,24165,1.0,23:55,2017,2018
2017-18,2733,Shaun Livingston,Shaun,1610612744,GSW,Golden State Warriors,21700984,2018-03-09T00:00:00,GSW @ POR,L,17.9,0.0,0.0,4.0,12.1,16.1,18.1,0.0,32.2,0.0,0.0,4.0,0.0,20.5,1,13054,13054,13054,17855,12040,9889,4143,4078,19326,23804,1,13926,8133,1,18261,18674,19910,1.0,17:54,2017,2018
2017-18,1626172,Kevon Looney,Kevon,1610612744,GSW,Golden State Warriors,21700984,2018-03-09T00:00:00,GSW @ POR,L,19.74333333333333,0.0,10.9,0.0,10.9,5.5,31.0,0.0,25.5,0.0,3.6,9.1,3.6,21.2,1,13054,13054,13054,16354,12040,415,9215,5119,4762,25785,1,20012,8133,25284,25019,8080,19497,1.0,19:45,2017,2018
2017-18,201142,Kevin Durant,Kevin,1610612744,GSW,Golden State Warriors,21700984,2018-03-09T00:00:00,GSW @ POR,L,36.635,3.9,2.0,2.9,3.9,13.8,19.7,6.9,29.5,2.0,0.0,1.0,6.9,56.2,1,13054,13054,13054,1933,6260,9145,6056,15379,16441,24403,11689,16575,3579,1,5501,1997,1174,1.0,36:38,2017,2018
2017-18,2585,Zaza Pachulia,Zaza,1610612744,GSW,Golden State Warriors,21700984,2018-03-09T00:00:00,GSW @ POR,L,6.35,0.0,0.0,0.0,0.0,0.0,11.3,0.0,45.4,0.0,0.0,5.7,0.0,1.1,1,13054,13054,13054,23910,12040,9889,9215,19152,1,17591,1,3595,8133,1,22237,18674,25203,1.0,6:21,2017,2018
2017-18,1626188,Quinn Cook,Quinn,1610612744,GSW,Golden State Warriors,21700984,2018-03-09T00:00:00,GSW @ POR,L,30.1,4.8,0.0,2.4,2.4,7.2,20.3,8.4,28.7,0.0,0.0,2.4,1.2,11.0,1,13054,13054,13054,7137,4667,9889,7301,18134,6692,24610,14043,17315,8133,1,11831,17496,23918,1.0,30:06,2017,2018
2017-18,1627745,Damian Jones,Damian,1610612744,GSW,Golden State Warriors,21700984,2018-03-09T00:00:00,GSW @ POR,L,1.9666666666666663,0.0,0.0,0.0,0.0,0.0,36.6,0.0,36.6,0.0,0.0,0.0,0.0,0.0,1,13054,13054,13054,25551,12040,9889,9215,19152,1,25922,1,9576,8133,1,1,18674,25240,1.0,1:58,2017,2018
2017-18,201956,Omri Casspi,Omri,1610612744,GSW,Golden State Warriors,21700984,2018-03-09T00:00:00,GSW @ POR,L,10.065,0.0,0.0,0.0,0.0,7.2,25.0,0.0,42.9,0.0,0.0,3.6,7.2,22.9,1,13054,13054,13054,22625,12040,9889,9215,19152,6672,25455,1,4885,8133,1,16742,1745,18367,1.0,10:04,2017,2018
2017-18,201156,Nick Young,Nick,1610612744,GSW,Golden State Warriors,21700976,2018-03-08T00:00:00,GSW vs. SAS,W,26.918333333333333,0.0,2.7,4.0,5.3,8.0,8.0,16.0,40.1,0.0,0.0,4.0,1.3,23.9,1,1,1,1,9984,12040,7293,4159,12750,7814,12452,22366,6798,8133,1,18224,16831,17649,1.0,26:55,2017,2018
2017-18,2733,Shaun Livingston,Shaun,1610612744,GSW,Golden State Warriors,21700976,2018-03-08T00:00:00,GSW vs. SAS,W,24.08333333333333,3.0,0.0,3.0,9.0,10.5,16.4,13.5,32.9,1.5,0.0,3.0,1.5,43.2,1,1,1,1,12569,8338,9889,5954,7277,11447,22877,20291,13200,4855,1,14377,16098,4720,1.0,24:05,2017,2018
2017-18,2585,Zaza Pachulia,Zaza,1610612744,GSW,Golden State Warriors,21700976,2018-03-08T00:00:00,GSW vs. SAS,W,10.303333333333333,0.0,0.0,0.0,7.0,7.0,21.0,10.5,55.9,0.0,3.5,3.5,7.0,50.0,1,1,1,1,22535,12040,9889,9215,10049,6452,24762,16935,1003,8133,25175,16448,1902,2399,1.0,10:18,2017,2018
2017-18,201956,Omri Casspi,Omri,1610612744,GSW,Golden State Warriors,21700976,2018-03-08T00:00:00,GSW vs. SAS,W,11.916666666666666,0.0,0.0,6.0,6.0,12.1,12.1,18.1,60.4,3.0,3.0,3.0,3.0,18.7,1,1,1,1,21854,12040,9889,1949,11546,13987,18603,23412,668,1695,24750,14546,10115,20912,1.0,11:55,2017,2018
2017-18,202691,Klay Thompson,Klay,1610612744,GSW,Golden State Warriors,21700976,2018-03-08T00:00:00,GSW vs. SAS,W,36.45,3.0,0.0,2.0,7.9,10.9,16.8,12.8,37.5,0.0,0.0,0.0,2.0,24.1,1,1,1,1,2062,8405,9889,8493,8730,12081,23087,19678,8822,8133,1,1,14274,17531,1.0,36:27,2017,2018
2017-18,1626172,Kevon Looney,Kevon,1610612744,GSW,Golden State Warriors,21700976,2018-03-08T00:00:00,GSW vs. SAS,W,14.215,0.0,5.1,0.0,10.1,20.3,15.2,20.3,50.7,0.0,0.0,5.1,2.5,21.3,1,1,1,1,20501,12040,2982,9215,5899,22629,21930,24210,1849,8133,1,21106,11942,19413,1.0,14:13,2017,2018
2017-18,201939,Stephen Curry,Stephen,1610612744,GSW,Golden State Warriors,21700976,2018-03-08T00:00:00,GSW vs. SAS,W,2.3833333333333333,30.2,0.0,0.0,0.0,0.0,0.0,45.3,0.0,0.0,0.0,0.0,15.1,30.2,1,1,1,1,25400,27,9889,9215,19152,1,1,25989,25495,8133,1,1,80,12945,1.0,2:23,2017,2018
2017-18,1626188,Quinn Cook,Quinn,1610612744,GSW,Golden State Warriors,21700976,2018-03-08T00:00:00,GSW vs. SAS,W,21.53333333333333,0.0,0.0,3.3,0.0,13.4,16.7,11.7,56.8,0.0,1.7,1.7,0.0,6.2,1,1,1,1,14762,12040,9889,5244,19152,15900,23030,18431,923,8133,21754,8465,18674,24842,1.0,21:32,2017,2018
2017-18,201580,JaVale McGee,JaVale,1610612744,GSW,Golden State Warriors,21700976,2018-03-08T00:00:00,GSW vs. SAS,W,17.233333333333334,4.2,0.0,4.2,20.9,10.4,18.8,16.7,37.6,8.4,0.0,4.2,4.2,69.8,1,1,1,1,18366,5712,9889,3911,605,11410,24109,22723,8757,116,1,18797,6579,243,1.0,17:14,2017,2018
2017-18,203110,Draymond Green,Draymond,1610612744,GSW,Golden State Warriors,21700976,2018-03-08T00:00:00,GSW vs. SAS,W,36.16333333333333,5.0,2.0,0.0,6.0,11.0,16.9,12.9,35.8,2.0,0.0,5.0,1.0,53.2,1,1,1,1,2252,4338,9069,9215,11705,12221,23164,19792,10331,3503,1,20901,18393,1679,1.0,36:10,2017,2018
2017-18,201142,Kevin Durant,Kevin,1610612744,GSW,Golden State Warriors,21700976,2018-03-08T00:00:00,GSW vs. SAS,W,38.8,1.9,5.6,5.6,9.3,12.1,17.6,12.1,42.7,3.7,0.0,0.9,7.4,60.5,1,1,1,1,863,11522,2443,2334,6897,13953,23579,18825,5018,1078,1,5313,1511,732,1.0,38:48,2017,2018
2017-18,201939,Stephen Curry,Stephen,1610612744,GSW,Golden State Warriors,21700963,2018-03-06T00:00:00,GSW vs. BKN,W,33.93333333333333,13.8,6.4,6.4,8.5,14.9,6.4,14.9,36.1,1.1,0.0,2.1,7.4,59.6,1,1,1,1,3944,213,1829,1713,7896,17838,9502,21505,10075,7046,1,10551,1507,804,1.0,33:56,2017,2018
2017-18,201580,JaVale McGee,JaVale,1610612744,GSW,Golden State Warriors,21700963,2018-03-06T00:00:00,GSW vs. BKN,W,14.8,9.7,4.9,14.6,29.2,17.0,4.9,9.7,34.1,2.4,0.0,0.0,2.4,62.0,1,1,1,1,20101,757,3235,115,121,20237,7100,15908,12033,2494,1,1,12336,599,1.0,14:48,2017,2018
2017-18,2733,Shaun Livingston,Shaun,1610612744,GSW,Golden State Warriors,21700963,2018-03-06T00:00:00,GSW vs. BKN,W,14.766666666666667,0.0,0.0,4.9,9.8,14.6,4.9,21.9,29.3,2.4,0.0,2.4,0.0,24.9,1,1,1,1,20121,12040,9889,3028,6318,17556,7121,24704,16806,2486,1,12019,18674,16968,1.0,14:46,2017,2018
2017-18,1626188,Quinn Cook,Quinn,1610612744,GSW,Golden State Warriors,21700963,2018-03-06T00:00:00,GSW vs. BKN,W,1.3166666666666669,0.0,0.0,0.0,0.0,0.0,0.0,0.0,0.0,0.0,0.0,27.3,0.0,0.0,1,1,1,1,25770,12040,9889,9215,19152,1,1,1,25495,8133,1,26053,18674,25240,1.0,1:19,2017,2018
2017-18,1626172,Kevon Looney,Kevon,1610612744,GSW,Golden State Warriors,21700963,2018-03-06T00:00:00,GSW vs. BKN,W,15.7,0.0,0.0,0.0,0.0,0.0,0.0,16.1,13.8,0.0,0.0,2.3,0.0,17.2,1,1,1,1,19492,12040,9889,9215,19152,1,1,22368,24913,8133,1,11418,18674,21709,1.0,15:42,2017,2018
2017-18,2738,Andre Iguodala,Andre,1610612744,GSW,Golden State Warriors,21700963,2018-03-06T00:00:00,GSW vs. BKN,W,25.76,5.6,0.0,5.6,8.4,18.2,8.4,19.6,36.3,0.0,0.0,5.6,1.4,38.0,1,1,1,1,11036,3469,9889,2320,8034,21252,13085,23976,9844,8133,1,22098,16544,7394,1.0,25:46,2017,2018
2017-18,202691,Klay Thompson,Klay,1610612744,GSW,Golden State Warriors,21700963,2018-03-06T00:00:00,GSW vs. BKN,W,38.10666666666667,1.9,0.0,1.9,1.9,11.3,3.8,12.3,30.2,0.0,0.0,0.9,0.9,30.7,1,1,1,1,1150,11450,9889,8718,19041,12852,5541,19080,15826,8133,1,5363,18542,12575,1.0,38:06,2017,2018
2017-18,201156,Nick Young,Nick,1610612744,GSW,Golden State Warriors,21700963,2018-03-06T00:00:00,GSW vs. BKN,W,14.083333333333334,0.0,0.0,0.0,0.0,20.4,10.2,12.8,30.7,0.0,0.0,2.6,0.0,1.3,1,1,1,1,20565,12040,9889,9215,19152,22739,15955,19614,15382,8133,1,12523,18674,25196,1.0,14:05,2017,2018
2017-18,203110,Draymond Green,Draymond,1610612744,GSW,Golden State Warriors,21700963,2018-03-06T00:00:00,GSW vs. BKN,W,36.63333333333333,3.9,0.0,4.9,9.8,19.7,7.9,12.8,31.4,1.0,1.0,2.0,2.0,31.9,1,1,1,1,1934,6257,9889,2981,6242,22274,12166,19610,14645,7595,18050,9753,14316,11651,1.0,36:38,2017,2018
2017-18,1628395,Jordan Bell,Jordan,1610612744,GSW,Golden State Warriors,21700963,2018-03-06T00:00:00,GSW vs. BKN,W,10.303333333333333,3.5,0.0,10.5,14.0,10.5,14.0,10.5,28.0,7.0,0.0,7.0,3.5,46.8,1,1,1,1,22535,7184,9889,364,2810,11481,20788,16935,18019,195,1,23849,8541,3297,1.0,10:18,2017,2018
2017-18,201142,Kevin Durant,Kevin,1610612744,GSW,Golden State Warriors,21700963,2018-03-06T00:00:00,GSW vs. BKN,W,34.596666666666664,0.0,2.1,7.3,8.3,17.7,4.2,8.3,35.4,1.0,0.0,3.1,5.2,31.9,1,1,1,1,3416,12040,8803,1183,8115,20840,6075,13972,10759,7197,1,15011,4302,11645,1.0,34:36,2017,2018
2017-18,2585,Zaza Pachulia,Zaza,1610612744,GSW,Golden State Warriors,21700928,2018-03-02T00:00:00,GSW @ ATL,W,9.0,0.0,0.0,0.0,8.0,28.0,0.0,4.0,56.0,0.0,0.0,4.0,0.0,45.2,1,1,1,1,22996,12040,9889,9215,8569,25034,1,7130,992,8133,1,18178,18674,3907,1.0,9:00,2017,2018
2017-18,201142,Kevin Durant,Kevin,1610612744,GSW,Golden State Warriors,21700928,2018-03-02T00:00:00,GSW @ ATL,W,35.2,6.1,2.0,6.1,12.3,24.5,5.1,11.2,26.6,2.0,0.0,2.0,4.1,45.1,1,1,1,1,2974,2807,8903,1860,3914,24317,7493,17885,19174,3354,1,10162,6813,3956,1.0,35:12,2017,2018
2017-18,201939,Stephen Curry,Stephen,1610612744,GSW,Golden State Warriors,21700928,2018-03-02T00:00:00,GSW @ ATL,W,23.488333333333333,15.3,4.6,4.6,9.2,18.4,7.7,7.7,30.7,0.0,0.0,0.0,9.2,60.8,1,1,1,1,13109,150,3583,3350,6996,21415,11822,12933,15401,8133,1,1,626,701,1.0,23:29,2017,2018
2017-18,1628395,Jordan Bell,Jordan,1610612744,GSW,Golden State Warriors,21700928,2018-03-02T00:00:00,GSW @ ATL,W,7.615,0.0,0.0,0.0,0.0,14.2,14.2,14.2,9.5,0.0,9.5,0.0,0.0,34.5,1,1,1,1,23471,12040,9889,9215,19152,16995,21028,20936,25341,8133,26038,1,18674,9769,1.0,7:37,2017,2018
2017-18,2738,Andre Iguodala,Andre,1610612744,GSW,Golden State Warriors,21700928,2018-03-02T00:00:00,GSW @ ATL,W,25.951666666666668,2.8,2.8,5.5,8.3,15.3,0.0,5.5,33.3,1.4,0.0,2.8,1.4,38.8,1,1,1,1,10843,8922,7058,2351,8118,18387,1,9613,12794,5280,1,13394,16603,6918,1.0,25:57,2017,2018
2017-18,203110,Draymond Green,Draymond,1610612744,GSW,Golden State Warriors,21700928,2018-03-02T00:00:00,GSW @ ATL,W,36.95166666666667,0.0,0.0,1.9,1.9,23.4,4.9,10.7,21.4,0.0,0.0,3.9,1.0,23.3,1,1,1,1,1735,12040,9889,8572,18975,23977,7114,17218,22607,8133,1,17830,18476,18102,1.0,36:57,2017,2018
2017-18,201956,Omri Casspi,Omri,1610612744,GSW,Golden State Warriors,21700928,2018-03-02T00:00:00,GSW @ ATL,W,5.5,0.0,0.0,0.0,0.0,45.8,0.0,32.7,13.1,0.0,0.0,0.0,0.0,7.9,1,1,1,1,24225,12040,9889,9215,19152,25930,1,25778,24995,8133,1,1,18674,24580,1.0,5:30,2017,2018
2017-18,201580,JaVale McGee,JaVale,1610612744,GSW,Golden State Warriors,21700928,2018-03-02T00:00:00,GSW @ ATL,W,10.333333333333334,0.0,0.0,0.0,7.0,24.4,7.0,7.0,20.9,3.5,0.0,3.5,0.0,43.9,1,1,1,1,22519,12040,9889,9215,10073,24279,10570,11836,22860,1256,1,16415,18674,4425,1.0,10:20,2017,2018
2017-18,202691,Klay Thompson,Klay,1610612744,GSW,Golden State Warriors,21700928,2018-03-02T00:00:00,GSW @ ATL,W,35.905,0.0,0.0,3.0,0.0,21.1,5.0,11.0,26.1,1.0,0.0,5.0,2.0,28.4,1,1,1,1,2433,12040,9889,5910,19152,23028,7330,17633,19579,7468,1,20992,14145,14354,1.0,35:54,2017,2018
2017-18,201156,Nick Young,Nick,1610612744,GSW,Golden State Warriors,21700928,2018-03-02T00:00:00,GSW @ ATL,W,22.826666666666668,7.9,3.2,0.0,0.0,18.9,0.0,9.5,25.2,0.0,0.0,3.2,6.3,32.3,1,1,1,1,13675,1471,6120,9215,19152,21796,1,15562,20237,8133,1,15137,2607,11362,1.0,22:50,2017,2018
2017-18,2561,David West,David,1610612744,GSW,Golden State Warriors,21700928,2018-03-02T00:00:00,GSW @ ATL,W,14.716666666666669,4.9,0.0,9.8,14.7,24.5,0.0,12.2,14.7,0.0,0.0,4.9,2.4,42.6,1,1,1,1,20155,4484,9889,463,2429,24298,1,19022,24772,8133,1,20681,12271,5019,1.0,14:43,2017,2018
2017-18,1626188,Quinn Cook,Quinn,1610612744,GSW,Golden State Warriors,21700928,2018-03-02T00:00:00,GSW @ ATL,W,12.511666666666668,5.8,0.0,0.0,0.0,34.5,0.0,17.3,17.3,0.0,0.0,2.9,5.8,12.1,1,1,1,1,21488,3257,9889,9215,19152,25652,1,23030,24220,8133,1,13850,3385,23616,1.0,12:31,2017,2018
2017-18,201939,Stephen Curry,Stephen,1610612744,GSW,Golden State Warriors,21700917,2018-02-28T00:00:00,GSW @ WAS,W,35.12,5.1,0.0,0.0,2.1,11.3,13.3,9.2,22.6,0.0,0.0,3.1,7.2,36.4,1,1,1,1,3023,4100,9889,9215,18805,12747,20125,15224,22006,8133,1,14807,1730,8417,2.0,35:07,2017,2018
2017-18,201142,Kevin Durant,Kevin,1610612744,GSW,Golden State Warriors,21700917,2018-02-28T00:00:00,GSW @ WAS,W,37.48,8.6,1.9,7.7,11.5,10.6,12.5,8.6,23.1,0.0,1.0,2.9,4.8,40.5,1,1,1,1,1463,1119,9260,1022,4542,11601,19116,14385,21719,8133,17915,13874,5079,6017,2.0,37:29,2017,2018
2017-18,1628395,Jordan Bell,Jordan,1610612744,GSW,Golden State Warriors,21700917,2018-02-28T00:00:00,GSW @ WAS,W,6.653333333333333,0.0,0.0,0.0,10.8,0.0,10.8,16.2,32.5,0.0,0.0,5.4,0.0,25.4,1,1,1,1,23791,12040,9889,9215,5225,1,16827,22473,13632,8133,1,21773,18674,16547,2.0,6:39,2017,2018
2017-18,2738,Andre Iguodala,Andre,1610612744,GSW,Golden State Warriors,21700917,2018-02-28T00:00:00,GSW @ WAS,W,29.94,2.4,0.0,2.4,7.2,14.4,21.6,15.6,38.5,3.6,0.0,3.6,3.6,45.0,1,1,1,1,7304,9905,9889,7263,9717,17310,24936,22088,8075,1150,1,16840,8196,4010,2.0,29:56,2017,2018
2017-18,201156,Nick Young,Nick,1610612744,GSW,Golden State Warriors,21700917,2018-02-28T00:00:00,GSW @ WAS,W,6.383333333333334,0.0,0.0,0.0,0.0,0.0,11.3,0.0,22.6,0.0,0.0,5.6,0.0,33.8,1,1,1,1,23901,12040,9889,9215,19152,1,17494,1,21999,8133,1,22178,18674,10256,2.0,6:23,2017,2018
2017-18,2733,Shaun Livingston,Shaun,1610612744,GSW,Golden State Warriors,21700917,2018-02-28T00:00:00,GSW @ WAS,W,16.80666666666667,0.0,0.0,0.0,8.6,8.6,25.7,8.6,42.8,0.0,0.0,6.4,0.0,15.4,1,1,1,1,18675,12040,9889,9215,7808,8548,25513,14302,4929,8133,1,23308,18674,22471,2.0,16:48,2017,2018
2017-18,2561,David West,David,1610612744,GSW,Golden State Warriors,21700917,2018-02-28T00:00:00,GSW @ WAS,W,14.7,0.0,4.9,0.0,4.9,9.8,29.4,9.8,49.0,2.4,4.9,2.4,2.4,14.0,1,1,1,1,20164,12040,3184,9215,13481,10389,25739,16005,2272,2460,25731,12076,12263,23031,2.0,14:42,2017,2018
2017-18,2585,Zaza Pachulia,Zaza,1610612744,GSW,Golden State Warriors,21700917,2018-02-28T00:00:00,GSW @ WAS,W,5.38,0.0,0.0,6.7,0.0,20.1,13.4,0.0,26.8,0.0,6.7,0.0,13.4,23.4,1,1,1,1,24269,12040,9889,1498,19152,22524,20178,1,19032,8133,25961,1,143,18025,2.0,5:23,2017,2018
2017-18,202691,Klay Thompson,Klay,1610612744,GSW,Golden State Warriors,21700917,2018-02-28T00:00:00,GSW @ WAS,W,36.73333333333333,4.9,2.0,0.0,2.0,14.7,18.6,12.7,33.3,0.0,0.0,0.0,2.0,22.1,1,1,1,1,1870,4468,9167,9215,18956,17644,24024,19582,12772,8133,1,1,14335,18861,2.0,36:44,2017,2018
2017-18,203110,Draymond Green,Draymond,1610612744,GSW,Golden State Warriors,21700917,2018-02-28T00:00:00,GSW @ WAS,W,37.25333333333333,4.8,0.0,3.9,9.7,14.5,18.4,9.7,29.0,1.9,0.0,3.9,2.9,43.2,1,1,1,1,1569,4592,9889,4402,6425,17394,23930,15820,17076,3676,1,17724,10631,4739,2.0,37:15,2017,2018
2017-18,201580,JaVale McGee,JaVale,1610612744,GSW,Golden State Warriors,21700917,2018-02-28T00:00:00,GSW @ WAS,W,13.55,0.0,0.0,0.0,5.3,0.0,8.0,0.0,10.6,5.3,0.0,5.3,2.7,49.7,1,1,1,1,20895,12040,9889,9215,12793,1,12359,1,25256,430,1,21591,11498,2472,2.0,13:33,2017,2018
2017-18,201939,Stephen Curry,Stephen,1610612744,GSW,Golden State Warriors,21700900,2018-02-26T00:00:00,GSW @ NYK,W,30.285,0.0,0.0,3.6,4.8,8.3,7.1,13.1,35.7,0.0,1.2,1.2,3.6,37.4,1,1,1,1,6997,12040,9889,4892,13732,8210,10874,19948,10479,8133,19633,6542,8328,7743,1.0,30:17,2017,2018
2017-18,202691,Klay Thompson,Klay,1610612744,GSW,Golden State Warriors,21700900,2018-02-26T00:00:00,GSW @ NYK,W,33.35,3.2,0.0,3.2,2.2,8.6,8.6,9.7,30.2,0.0,0.0,1.1,3.2,43.5,1,1,1,1,4423,7723,9889,5438,18599,8638,13476,15889,15831,8133,1,6006,9330,4585,1.0,33:21,2017,2018
2017-18,2585,Zaza Pachulia,Zaza,1610612744,GSW,Golden State Warriors,21700900,2018-02-26T00:00:00,GSW @ NYK,W,14.485,0.0,5.0,0.0,9.9,22.4,9.9,12.4,44.7,0.0,0.0,2.5,5.0,49.2,1,1,1,1,20310,12040,3094,9215,6118,23595,15533,19245,3895,8133,1,12228,4746,2582,1.0,14:29,2017,2018
2017-18,201580,JaVale McGee,JaVale,1610612744,GSW,Golden State Warriors,21700900,2018-02-26T00:00:00,GSW @ NYK,W,14.583333333333334,0.0,0.0,4.9,19.7,4.9,4.9,17.3,24.7,2.5,0.0,2.5,0.0,52.1,1,1,1,1,20243,12040,9889,2950,808,4277,7204,23036,20657,2425,1,12154,18674,1878,1.0,14:35,2017,2018
2017-18,2733,Shaun Livingston,Shaun,1610612744,GSW,Golden State Warriors,21700900,2018-02-26T00:00:00,GSW @ NYK,W,7.948333333333333,0.0,0.0,0.0,0.0,13.6,9.1,0.0,36.2,0.0,0.0,0.0,4.5,24.5,1,1,1,1,23358,12040,9889,9215,19152,16207,14201,1,9946,8133,1,1,5702,17288,1.0,7:57,2017,2018
2017-18,1626188,Quinn Cook,Quinn,1610612744,GSW,Golden State Warriors,21700900,2018-02-26T00:00:00,GSW @ NYK,W,12.0,0.0,0.0,0.0,0.0,18.0,6.0,9.0,30.0,0.0,3.0,3.0,0.0,9.6,1,1,1,1,21750,12040,9889,9215,19152,21102,8900,14902,16038,8133,24723,14419,18674,24243,1.0,12:00,2017,2018
2017-18,2738,Andre Iguodala,Andre,1610612744,GSW,Golden State Warriors,21700900,2018-02-26T00:00:00,GSW @ NYK,W,19.416666666666668,5.6,0.0,0.0,3.7,14.8,11.1,3.7,37.1,0.0,0.0,1.9,1.9,32.1,1,1,1,1,16608,3508,9889,9215,15819,17812,17256,6673,9212,8133,1,9166,14744,11538,1.0,19:25,2017,2018
2017-18,1628395,Jordan Bell,Jordan,1610612744,GSW,Golden State Warriors,21700900,2018-02-26T00:00:00,GSW @ NYK,W,13.333333333333334,2.7,0.0,0.0,5.4,18.9,5.4,13.5,54.0,2.7,0.0,0.0,2.7,31.6,1,1,1,1,21033,9100,9889,9215,12660,21768,7931,20343,1219,2111,1,1,11345,11892,1.0,13:20,2017,2018
2017-18,201956,Omri Casspi,Omri,1610612744,GSW,Golden State Warriors,21700900,2018-02-26T00:00:00,GSW @ NYK,W,6.716666666666667,0.0,0.0,0.0,0.0,21.4,0.0,16.1,42.9,0.0,5.4,5.4,0.0,35.4,1,1,1,1,23766,12040,9889,9215,19152,23197,1,22380,4902,8133,25816,21659,18674,9154,1.0,6:43,2017,2018
2017-18,203110,Draymond Green,Draymond,1610612744,GSW,Golden State Warriors,21700900,2018-02-26T00:00:00,GSW @ NYK,W,31.815,0.0,0.0,0.0,4.5,10.2,9.1,10.2,33.9,2.3,0.0,2.3,2.3,34.6,1,1,1,1,5725,12040,9889,9215,14142,10966,14187,16505,12147,2816,1,11285,12989,9686,1.0,31:49,2017,2018
2017-18,201156,Nick Young,Nick,1610612744,GSW,Golden State Warriors,21700900,2018-02-26T00:00:00,GSW @ NYK,W,14.65,0.0,0.0,0.0,0.0,19.7,4.9,12.3,49.1,0.0,0.0,2.5,0.0,4.9,1,1,1,1,20194,12040,9889,9215,19152,22277,7169,19091,2218,8133,1,12107,18674,24961,1.0,14:39,2017,2018
2017-18,2561,David West,David,1610612744,GSW,Golden State Warriors,21700900,2018-02-26T00:00:00,GSW @ NYK,W,13.85,5.2,5.2,0.0,20.8,13.0,10.4,0.0,20.8,0.0,0.0,5.2,2.6,46.3,1,1,1,1,20716,3989,2835,9215,621,15337,16200,1,22910,8133,1,21366,11693,3508,1.0,13:51,2017,2018
2017-18,201142,Kevin Durant,Kevin,1610612744,GSW,Golden State Warriors,21700900,2018-02-26T00:00:00,GSW @ NYK,W,27.566666666666663,2.6,0.0,6.5,5.2,5.2,5.2,14.4,39.2,1.3,0.0,1.3,5.2,55.9,1,1,1,1,9416,9351,9889,1606,12921,4534,7661,21098,7538,5634,1,7114,4260,1214,1.0,27:34,2017,2018
2017-18,202691,Klay Thompson,Klay,1610612744,GSW,Golden State Warriors,21700887,2018-02-24T00:00:00,GSW vs. OKC,W,30.543333333333333,0.0,2.4,2.4,2.4,15.3,17.7,9.4,25.9,0.0,1.2,0.0,1.2,25.7,1,1,1,1,6779,12040,8041,7397,18203,18472,23600,15507,19691,8133,19565,1,17569,16353,1.0,30:33,2017,2018
2017-18,2738,Andre Iguodala,Andre,1610612744,GSW,Golden State Warriors,21700887,2018-02-24T00:00:00,GSW vs. OKC,W,22.92333333333333,0.0,3.1,0.0,6.3,4.7,9.4,3.1,22.0,0.0,0.0,1.6,4.7,35.6,1,1,1,1,13598,12040,6145,9215,11133,4089,14759,5945,22307,8133,1,8147,5277,8959,1.0,22:55,2017,2018
2017-18,201956,Omri Casspi,Omri,1610612744,GSW,Golden State Warriors,21700887,2018-02-24T00:00:00,GSW vs. OKC,W,6.183333333333334,0.0,0.0,0.0,0.0,0.0,0.0,0.0,11.6,0.0,0.0,0.0,0.0,29.7,1,1,1,1,23969,12040,9889,9215,19152,1,1,1,25150,8133,1,1,18674,13332,1.0,6:11,2017,2018
2017-18,1626172,Kevon Looney,Kevon,1610612744,GSW,Golden State Warriors,21700887,2018-02-24T00:00:00,GSW vs. OKC,W,5.483333333333333,0.0,0.0,0.0,0.0,0.0,0.0,0.0,13.1,6.6,0.0,6.6,0.0,35.5,1,1,1,1,24233,12040,9889,9215,19152,1,1,1,24987,230,1,23449,18674,9092,1.0,5:29,2017,2018
2017-18,2733,Shaun Livingston,Shaun,1610612744,GSW,Golden State Warriors,21700887,2018-02-24T00:00:00,GSW vs. OKC,W,12.833333333333334,0.0,0.0,0.0,0.0,14.0,14.0,16.8,28.1,0.0,0.0,5.6,5.6,30.0,1,1,1,1,21320,12040,9889,9215,19152,16785,20847,22798,17928,8133,1,22120,3587,13099,1.0,12:50,2017,2018
2017-18,201580,JaVale McGee,JaVale,1610612744,GSW,Golden State Warriors,21700887,2018-02-24T00:00:00,GSW vs. OKC,W,10.433333333333334,0.0,0.0,0.0,6.9,44.9,27.6,6.9,20.7,3.5,0.0,13.8,3.5,38.6,1,1,1,1,22468,12040,9889,9215,10169,25914,25650,11723,22959,1288,1,25795,8690,7023,1.0,10:26,2017,2018
2017-18,201156,Nick Young,Nick,1610612744,GSW,Golden State Warriors,21700887,2018-02-24T00:00:00,GSW vs. OKC,W,18.416666666666668,3.9,11.7,0.0,0.0,9.8,3.9,7.8,15.6,0.0,0.0,3.9,3.9,52.8,1,1,1,1,17435,6294,343,9215,19152,10358,5710,13182,24585,8133,1,17863,7311,1742,1.0,18:25,2017,2018
2017-18,201142,Kevin Durant,Kevin,1610612744,GSW,Golden State Warriors,21700887,2018-02-24T00:00:00,GSW vs. OKC,W,31.90333333333333,11.3,5.6,6.8,11.3,16.9,16.9,11.3,24.8,1.1,1.1,0.0,4.5,46.3,1,1,1,1,5639,440,2377,1448,4781,20138,23165,17925,20560,6594,19215,1,5743,3510,1.0,31:54,2017,2018
2017-18,2561,David West,David,1610612744,GSW,Golden State Warriors,21700887,2018-02-24T00:00:00,GSW vs. OKC,W,13.25,0.0,5.4,0.0,0.0,8.2,13.6,10.9,21.7,2.7,0.0,5.4,2.7,34.5,1,1,1,1,21080,12040,2583,9215,19152,7976,20405,17425,22440,2086,1,21818,11277,9774,1.0,13:15,2017,2018
2017-18,201939,Stephen Curry,Stephen,1610612744,GSW,Golden State Warriors,21700887,2018-02-24T00:00:00,GSW vs. OKC,W,29.813333333333333,7.2,0.0,6.0,4.8,18.1,14.5,7.2,21.7,0.0,1.2,2.4,2.4,57.7,1,1,1,1,7415,1871,9889,1955,13596,21195,21329,12263,22443,8133,19743,11926,12390,988,1.0,29:49,2017,2018
2017-18,1626188,Quinn Cook,Quinn,1610612744,GSW,Golden State Warriors,21700887,2018-02-24T00:00:00,GSW vs. OKC,W,6.183333333333334,17.5,0.0,0.0,0.0,0.0,0.0,0.0,11.6,0.0,0.0,0.0,0.0,41.9,1,1,1,1,23969,103,9889,9215,19152,1,1,1,25150,8133,1,1,18674,5312,1.0,6:11,2017,2018
2017-18,203110,Draymond Green,Draymond,1610612744,GSW,Golden State Warriors,21700887,2018-02-24T00:00:00,GSW vs. OKC,W,33.538333333333334,2.1,2.1,2.1,10.7,19.3,16.1,6.4,21.5,1.1,0.0,3.2,1.1,32.2,1,1,1,1,4276,10688,8607,7974,5310,22062,22641,10997,22585,6958,1,15399,18071,11450,1.0,33:32,2017,2018
2017-18,2585,Zaza Pachulia,Zaza,1610612744,GSW,Golden State Warriors,21700887,2018-02-24T00:00:00,GSW vs. OKC,W,18.495,3.9,0.0,0.0,7.8,0.0,3.9,3.9,11.7,1.9,0.0,7.8,0.0,31.5,1,1,1,1,17382,6327,9889,9215,8892,1,5694,6949,25145,3629,1,24429,18674,11931,1.0,18:30,2017,2018
2017-18,2561,David West,David,1610612744,GSW,Golden State Warriors,21700872,2018-02-22T00:00:00,GSW vs. LAC,W,15.0,0.0,0.0,0.0,14.4,19.2,0.0,16.8,33.6,2.4,0.0,2.4,4.8,49.4,1,1,1,1,19975,12040,9889,9215,2568,21986,1,22785,12494,2556,1,11870,5081,2534,1.0,15:00,2017,2018
2017-18,2733,Shaun Livingston,Shaun,1610612744,GSW,Golden State Warriors,21700872,2018-02-22T00:00:00,GSW vs. LAC,W,14.75,0.0,0.0,4.9,0.0,29.3,0.0,22.0,43.9,2.4,0.0,4.9,0.0,30.8,1,1,1,1,20133,12040,9889,3020,19152,25222,1,24710,4304,2479,1,20656,18674,12537,1.0,14:45,2017,2018
2017-18,2585,Zaza Pachulia,Zaza,1610612744,GSW,Golden State Warriors,21700872,2018-02-22T00:00:00,GSW vs. LAC,W,7.466666666666667,0.0,0.0,0.0,9.6,33.8,9.6,24.1,77.1,0.0,0.0,9.6,9.6,36.2,1,1,1,1,23511,12040,9889,9215,6438,25609,15090,25145,195,8133,1,25174,507,8569,1.0,7:28,2017,2018
2017-18,201142,Kevin Durant,Kevin,1610612744,GSW,Golden State Warriors,21700872,2018-02-22T00:00:00,GSW vs. LAC,W,38.11666666666667,3.8,0.0,2.8,9.4,18.9,6.6,17.0,39.7,1.9,0.0,1.9,4.7,41.2,1,1,1,1,1143,6586,9889,6285,6690,21760,9915,22897,7162,3786,1,9353,5247,5691,1.0,38:07,2017,2018
2017-18,201580,JaVale McGee,JaVale,1610612744,GSW,Golden State Warriors,21700872,2018-02-22T00:00:00,GSW vs. LAC,W,13.783333333333331,0.0,5.2,0.0,15.7,5.2,5.2,15.7,36.6,0.0,2.6,7.8,0.0,36.0,1,1,1,1,20756,12040,2807,9215,1975,4534,7661,22114,9626,8133,24204,24461,18674,8663,1.0,13:47,2017,2018
2017-18,201156,Nick Young,Nick,1610612744,GSW,Golden State Warriors,21700872,2018-02-22T00:00:00,GSW vs. LAC,W,14.483333333333333,0.0,0.0,7.5,0.0,22.4,9.9,12.4,54.7,0.0,0.0,2.5,0.0,10.4,1,1,1,1,20312,12040,9889,1113,19152,23596,15535,19246,1124,8133,1,12229,18674,24053,1.0,14:29,2017,2018
2017-18,2738,Andre Iguodala,Andre,1610612744,GSW,Golden State Warriors,21700872,2018-02-22T00:00:00,GSW vs. LAC,W,25.98333333333333,2.8,0.0,2.8,8.3,19.4,6.9,18.0,47.1,2.8,0.0,1.4,2.8,24.8,1,1,1,1,10811,8927,9889,6419,8128,22108,10486,23379,2905,2034,1,7442,11119,17023,1.0,25:59,2017,2018
2017-18,201939,Stephen Curry,Stephen,1610612744,GSW,Golden State Warriors,21700872,2018-02-22T00:00:00,GSW vs. LAC,W,37.13333333333333,9.7,2.9,1.9,7.8,17.5,6.8,15.5,42.7,0.0,0.0,3.9,3.9,66.1,1,1,1,1,1636,771,6735,8588,8942,20622,10237,22011,5038,8133,1,17756,7402,369,1.0,37:08,2017,2018
2017-18,203110,Draymond Green,Draymond,1610612744,GSW,Golden State Warriors,21700872,2018-02-22T00:00:00,GSW vs. LAC,W,37.15,1.0,0.0,1.0,7.8,14.5,4.8,17.4,38.8,1.0,0.0,3.9,2.9,38.4,1,1,1,1,1628,12018,9889,9197,8948,17438,7069,23128,7845,7666,1,17754,10594,7184,1.0,37:09,2017,2018
2017-18,202691,Klay Thompson,Klay,1610612744,GSW,Golden State Warriors,21700872,2018-02-22T00:00:00,GSW vs. LAC,W,36.13333333333333,6.0,0.0,4.0,6.0,14.9,3.0,17.9,35.9,1.0,1.0,4.0,1.0,23.8,1,1,1,1,2271,2993,9889,4186,11694,17959,4661,23340,10292,7503,18180,18119,18389,17723,1.0,36:08,2017,2018
2017-18,203110,Draymond Green,Draymond,1610612744,GSW,Golden State Warriors,21700864,2018-02-14T00:00:00,GSW @ POR,L,38.57333333333333,0.0,1.9,0.0,9.3,17.7,11.2,12.1,29.9,3.7,0.0,4.7,2.8,55.0,1,13054,13054,13054,953,12040,9389,9215,6823,20870,17378,18910,16192,1064,1,20144,11005,1358,1.0,38:34,2017,2018
2017-18,201939,Stephen Curry,Stephen,1610612744,GSW,Golden State Warriors,21700864,2018-02-14T00:00:00,GSW @ POR,L,34.43333333333333,2.1,0.0,0.0,6.3,22.0,12.5,11.5,33.5,0.0,0.0,4.2,2.1,34.3,1,13054,13054,13054,3556,10870,9889,9215,11144,23435,19164,18182,12645,8133,1,18811,13744,9954,1.0,34:26,2017,2018
2017-18,201142,Kevin Durant,Kevin,1610612744,GSW,Golden State Warriors,21700864,2018-02-14T00:00:00,GSW @ POR,L,37.266666666666666,6.8,4.8,5.8,11.6,22.2,11.6,10.6,32.8,1.9,0.0,1.0,7.7,67.0,1,13054,13054,13054,1563,2254,3269,2150,4483,23532,17910,17108,13251,3677,1,5438,1306,332,1.0,37:16,2017,2018
2017-18,201956,Omri Casspi,Omri,1610612744,GSW,Golden State Warriors,21700864,2018-02-14T00:00:00,GSW @ POR,L,2.45,0.0,0.0,0.0,0.0,0.0,44.1,0.0,29.4,0.0,0.0,14.7,0.0,0.0,1,13054,13054,13054,25376,12040,9889,9215,19152,1,26005,1,16679,8133,1,25853,18674,25240,1.0,2:27,2017,2018
2017-18,1626172,Kevon Looney,Kevon,1610612744,GSW,Golden State Warriors,21700864,2018-02-14T00:00:00,GSW @ POR,L,2.833333333333333,0.0,0.0,0.0,0.0,25.4,25.4,0.0,25.4,0.0,0.0,0.0,0.0,0.0,1,13054,13054,13054,25233,12040,9889,9215,19152,24533,25491,1,20101,8133,1,1,18674,25240,1.0,2:50,2017,2018
2017-18,202691,Klay Thompson,Klay,1610612744,GSW,Golden State Warriors,21700864,2018-02-14T00:00:00,GSW @ POR,L,38.04333333333334,1.9,0.0,5.7,1.9,19.9,13.2,12.3,30.3,0.0,0.0,1.9,2.8,22.5,1,13054,13054,13054,1176,11444,9889,2233,19040,22412,20038,19107,15788,8133,1,9373,10854,18610,1.0,38:03,2017,2018
2017-18,2733,Shaun Livingston,Shaun,1610612744,GSW,Golden State Warriors,21700864,2018-02-14T00:00:00,GSW @ POR,L,16.636666666666667,0.0,0.0,8.7,4.3,17.3,17.3,8.7,26.0,0.0,0.0,4.3,0.0,17.1,1,13054,13054,13054,18803,12040,9889,698,14558,20513,23404,14409,19659,8133,1,19235,18674,21760,1.0,16:38,2017,2018
2017-18,201156,Nick Young,Nick,1610612744,GSW,Golden State Warriors,21700864,2018-02-14T00:00:00,GSW @ POR,L,14.99,0.0,0.0,0.0,0.0,28.8,0.0,12.0,43.2,0.0,0.0,0.0,0.0,10.6,1,13054,13054,13054,19987,12040,9889,9215,19152,25155,1,18780,4701,8133,1,1,18674,24016,1.0,14:59,2017,2018
2017-18,2561,David West,David,1610612744,GSW,Golden State Warriors,21700864,2018-02-14T00:00:00,GSW @ POR,L,13.916666666666666,0.0,5.2,0.0,10.3,10.3,20.7,10.3,25.9,2.6,0.0,7.8,2.6,42.7,1,13054,13054,13054,20670,12040,2864,9215,5686,11250,24708,16728,19750,2266,1,24409,11745,4961,1.0,13:55,2017,2018
2017-18,201580,JaVale McGee,JaVale,1610612744,GSW,Golden State Warriors,21700864,2018-02-14T00:00:00,GSW @ POR,L,5.99,24.0,0.0,12.0,24.0,48.1,12.0,12.0,72.1,0.0,0.0,6.0,0.0,49.3,1,13054,13054,13054,24049,41,9889,230,314,25950,18523,18791,257,8133,1,22768,18674,2570,1.0,5:59,2017,2018
2017-18,2738,Andre Iguodala,Andre,1610612744,GSW,Golden State Warriors,21700864,2018-02-14T00:00:00,GSW @ POR,L,28.966666666666665,0.0,0.0,0.0,0.0,17.4,8.7,7.5,37.3,0.0,0.0,5.0,0.0,6.3,1,13054,13054,13054,8166,12040,9889,9215,19152,20579,13581,12584,9017,8133,1,20884,18674,24822,1.0,28:58,2017,2018
2017-18,2585,Zaza Pachulia,Zaza,1610612744,GSW,Golden State Warriors,21700864,2018-02-14T00:00:00,GSW @ POR,L,5.9,0.0,0.0,0.0,0.0,18.3,30.5,36.6,24.4,0.0,0.0,6.1,6.1,25.6,1,13054,13054,13054,24082,12040,9889,9215,19152,21351,25773,25896,20837,8133,1,22901,2881,16401,1.0,5:54,2017,2018
2017-18,201580,JaVale McGee,JaVale,1610612744,GSW,Golden State Warriors,21700846,2018-02-12T00:00:00,GSW vs. PHX,W,14.133333333333333,0.0,0.0,0.0,10.2,5.1,10.2,10.2,35.7,7.6,0.0,5.1,7.6,47.6,1,1,1,1,20538,12040,9889,9215,5839,4408,15885,16511,10480,148,1,21156,1361,3037,1.0,14:08,2017,2018
2017-18,2738,Andre Iguodala,Andre,1610612744,GSW,Golden State Warriors,21700846,2018-02-12T00:00:00,GSW vs. PHX,W,23.866666666666667,3.0,3.0,3.0,9.1,12.1,12.1,6.0,36.2,3.0,0.0,0.0,3.0,40.0,1,1,1,1,12768,8262,6447,5887,7166,13958,18574,10372,9967,1700,1,1,10134,6298,1.0,23:52,2017,2018
2017-18,202691,Klay Thompson,Klay,1610612744,GSW,Golden State Warriors,21700846,2018-02-12T00:00:00,GSW vs. PHX,W,22.683333333333334,7.9,0.0,0.0,3.2,9.5,19.0,0.0,41.3,1.6,0.0,1.6,0.0,29.4,1,1,1,1,13785,1447,9889,9215,16683,9983,24192,1,5958,4603,1,8201,18674,13584,1.0,22:41,2017,2018
2017-18,2561,David West,David,1610612744,GSW,Golden State Warriors,21700846,2018-02-12T00:00:00,GSW vs. PHX,W,15.5,0.0,4.6,0.0,13.9,9.3,9.3,0.0,27.9,9.3,0.0,7.0,2.3,76.6,1,1,1,1,19632,12040,3520,9215,2830,9622,14553,1,18076,81,1,23829,12755,144,1.0,15:30,2017,2018
2017-18,1627775,Patrick McCaw,Patrick,1610612744,GSW,Golden State Warriors,21700846,2018-02-12T00:00:00,GSW vs. PHX,W,7.733333333333333,0.0,0.0,0.0,27.9,9.3,9.3,0.0,37.2,0.0,0.0,0.0,0.0,54.5,1,1,1,1,23418,12040,9889,9215,147,9646,14589,1,9050,8133,1,1,18674,1447,1.0,7:44,2017,2018
2017-18,1626172,Kevon Looney,Kevon,1610612744,GSW,Golden State Warriors,21700846,2018-02-12T00:00:00,GSW vs. PHX,W,13.766666666666667,0.0,0.0,0.0,5.2,10.5,5.2,5.2,26.2,5.2,0.0,7.8,0.0,45.0,1,1,1,1,20771,12040,9889,9215,12909,11440,7676,9126,19509,453,1,24467,18674,4007,1.0,13:46,2017,2018
2017-18,2585,Zaza Pachulia,Zaza,1610612744,GSW,Golden State Warriors,21700846,2018-02-12T00:00:00,GSW vs. PHX,W,16.6,0.0,0.0,4.3,8.7,8.7,21.7,0.0,43.4,2.2,0.0,6.5,2.2,53.6,1,1,1,1,18830,12040,9889,3679,7655,8692,24947,1,4618,3047,1,23390,13391,1612,1.0,16:36,2017,2018
2017-18,201156,Nick Young,Nick,1610612744,GSW,Golden State Warriors,21700846,2018-02-12T00:00:00,GSW vs. PHX,W,23.7,0.0,0.0,9.1,3.0,9.1,9.1,6.1,30.4,0.0,1.5,0.0,1.5,38.9,1,1,1,1,12915,12040,9889,600,16889,9346,14283,10436,15695,8133,21254,1,16003,6887,1.0,23:42,2017,2018
2017-18,201956,Omri Casspi,Omri,1610612744,GSW,Golden State Warriors,21700846,2018-02-12T00:00:00,GSW vs. PHX,W,26.75,8.1,0.0,9.4,13.5,5.4,13.5,2.7,35.0,0.0,0.0,0.0,4.0,44.4,1,1,1,1,10158,1369,9889,521,3104,4664,20268,5352,11139,8133,1,1,6957,4204,1.0,26:45,2017,2018
2017-18,201142,Kevin Durant,Kevin,1610612744,GSW,Golden State Warriors,21700846,2018-02-12T00:00:00,GSW vs. PHX,W,29.883333333333333,0.0,0.0,4.8,14.5,9.6,16.9,2.4,41.0,2.4,0.0,2.4,2.4,43.9,1,1,1,1,7358,12040,9889,3092,2538,10166,23135,5040,6187,2542,1,11906,12411,4441,1.0,29:53,2017,2018
2017-18,201939,Stephen Curry,Stephen,1610612744,GSW,Golden State Warriors,21700846,2018-02-12T00:00:00,GSW vs. PHX,W,29.883333333333333,8.4,4.8,13.3,4.8,9.6,16.9,2.4,41.0,1.2,1.2,3.6,4.8,52.2,1,1,1,1,7358,1202,3285,162,13613,10166,23135,5040,6187,6180,19731,16876,5049,1867,1.0,29:53,2017,2018
2017-18,2733,Shaun Livingston,Shaun,1610612744,GSW,Golden State Warriors,21700846,2018-02-12T00:00:00,GSW vs. PHX,W,15.5,0.0,0.0,0.0,0.0,9.3,9.3,0.0,27.9,0.0,2.3,2.3,0.0,33.0,1,1,1,1,19632,12040,9889,9215,19152,9622,14553,1,18076,8133,23700,11565,18674,10877,1.0,15:30,2017,2018
2017-18,2738,Andre Iguodala,Andre,1610612744,GSW,Golden State Warriors,21700831,2018-02-10T00:00:00,GSW vs. SAS,W,26.15,0.0,2.8,0.0,2.8,8.3,6.9,6.9,41.3,0.0,0.0,4.1,0.0,23.0,1,1,1,1,10679,12040,7098,9215,17420,8120,10401,11702,5928,8133,1,18641,18674,18301,1.0,26:09,2017,2018
2017-18,2561,David West,David,1610612744,GSW,Golden State Warriors,21700831,2018-02-10T00:00:00,GSW vs. SAS,W,16.716666666666665,0.0,4.3,0.0,12.9,4.3,4.3,0.0,34.5,2.2,0.0,10.8,2.2,43.7,1,1,1,1,18740,12040,3997,9215,3469,3771,6274,1,11642,3080,1,25456,13467,4495,1.0,16:43,2017,2018
2017-18,201956,Omri Casspi,Omri,1610612744,GSW,Golden State Warriors,21700831,2018-02-10T00:00:00,GSW vs. SAS,W,6.5,0.0,11.1,0.0,11.1,22.2,0.0,11.1,88.6,0.0,11.1,0.0,0.0,31.0,1,1,1,1,23856,12040,400,9215,4982,23506,1,17687,111,8133,26068,1,18674,12326,1.0,6:30,2017,2018
2017-18,2585,Zaza Pachulia,Zaza,1610612744,GSW,Golden State Warriors,21700831,2018-02-10T00:00:00,GSW vs. SAS,W,15.4,4.7,4.7,9.4,18.7,18.7,14.0,28.1,51.4,0.0,0.0,7.0,4.7,37.6,1,1,1,1,19712,4839,3472,536,1006,21624,20847,25539,1661,8133,1,23868,5374,7631,1.0,15:24,2017,2018
2017-18,202691,Klay Thompson,Klay,1610612744,GSW,Golden State Warriors,21700831,2018-02-10T00:00:00,GSW vs. SAS,W,34.21666666666667,0.0,0.0,5.3,2.1,10.5,8.4,12.6,42.1,0.0,0.0,1.1,1.1,26.9,1,1,1,1,3734,12040,9889,2610,18688,11529,13131,19462,5410,8133,1,5857,18171,15424,1.0,34:13,2017,2018
2017-18,201939,Stephen Curry,Stephen,1610612744,GSW,Golden State Warriors,21700831,2018-02-10T00:00:00,GSW vs. SAS,W,28.866666666666667,3.7,3.7,0.0,10.0,15.0,11.2,21.2,47.4,0.0,0.0,0.0,0.0,47.1,1,1,1,1,8254,6659,4997,9215,6078,17985,17417,24503,2804,8133,1,1,18674,3182,1.0,28:52,2017,2018
2017-18,203110,Draymond Green,Draymond,1610612744,GSW,Golden State Warriors,21700831,2018-02-10T00:00:00,GSW vs. SAS,W,35.483333333333334,4.1,2.0,4.1,14.2,12.2,8.1,14.2,42.6,1.0,3.0,2.0,1.0,46.8,1,1,1,1,2740,5979,8953,4082,2692,14140,12621,20954,5080,7383,24773,10086,18329,3314,1.0,35:29,2017,2018
2017-18,1626172,Kevon Looney,Kevon,1610612744,GSW,Golden State Warriors,21700831,2018-02-10T00:00:00,GSW vs. SAS,W,7.9,0.0,0.0,0.0,0.0,27.3,13.7,22.8,72.9,0.0,0.0,0.0,0.0,26.0,1,1,1,1,23366,12040,9889,9215,19152,24921,20485,24905,245,8133,1,1,18674,16142,1.0,7:54,2017,2018
2017-18,1627775,Patrick McCaw,Patrick,1610612744,GSW,Golden State Warriors,21700831,2018-02-10T00:00:00,GSW vs. SAS,W,13.783333333333331,0.0,0.0,0.0,0.0,20.9,7.8,18.3,57.5,0.0,0.0,5.2,0.0,4.4,1,1,1,1,20756,12040,9889,9215,19152,22946,12121,23494,870,8133,1,21412,18674,24998,1.0,13:47,2017,2018
2017-18,2733,Shaun Livingston,Shaun,1610612744,GSW,Golden State Warriors,21700831,2018-02-10T00:00:00,GSW vs. SAS,W,14.883333333333333,0.0,0.0,0.0,4.8,4.8,4.8,0.0,29.0,2.4,0.0,2.4,4.8,38.5,1,1,1,1,20044,12040,9889,9215,13579,4198,7059,1,17031,2523,1,11940,5013,7129,1.0,14:53,2017,2018
2017-18,201142,Kevin Durant,Kevin,1610612744,GSW,Golden State Warriors,21700831,2018-02-10T00:00:00,GSW vs. SAS,W,28.816666666666663,2.5,0.0,2.5,2.5,12.5,11.2,18.7,42.5,2.5,0.0,1.2,3.7,39.0,1,1,1,1,8300,9643,9889,7051,17918,14614,17438,23684,5150,2378,1,6835,7788,6833,1.0,28:49,2017,2018
2017-18,201156,Nick Young,Nick,1610612744,GSW,Golden State Warriors,21700831,2018-02-10T00:00:00,GSW vs. SAS,W,4.25,25.4,0.0,0.0,0.0,33.9,0.0,16.9,101.6,0.0,0.0,0.0,8.5,76.2,1,1,1,1,24680,37,9889,9215,19152,25619,1,22866,67,8133,1,1,907,148,1.0,4:15,2017,2018
2017-18,201580,JaVale McGee,JaVale,1610612744,GSW,Golden State Warriors,21700831,2018-02-10T00:00:00,GSW vs. SAS,W,7.033333333333333,0.0,10.2,15.4,20.5,30.7,0.0,20.5,51.2,5.1,0.0,0.0,10.2,64.5,1,1,1,1,23655,12040,515,98,668,25384,1,24281,1724,488,1,1,399,435,1.0,7:02,2017,2018
2017-18,2733,Shaun Livingston,Shaun,1610612744,GSW,Golden State Warriors,21700815,2018-02-08T00:00:00,GSW vs. DAL,W,13.216666666666669,10.9,0.0,5.4,10.9,21.8,5.4,0.0,21.8,0.0,0.0,8.2,2.7,21.0,1,1,1,1,21093,500,9889,2451,5152,23351,8012,1,22412,8133,1,24639,11254,19607,1.0,13:13,2017,2018
2017-18,2585,Zaza Pachulia,Zaza,1610612744,GSW,Golden State Warriors,21700815,2018-02-08T00:00:00,GSW vs. DAL,W,12.266666666666667,0.0,17.6,0.0,17.6,26.4,17.6,26.4,41.1,0.0,0.0,8.8,2.9,39.6,1,1,1,1,21614,12040,118,9215,1285,24742,23565,25409,6092,8133,1,24893,10497,6489,1.0,12:16,2017,2018
2017-18,201580,JaVale McGee,JaVale,1610612744,GSW,Golden State Warriors,21700815,2018-02-08T00:00:00,GSW vs. DAL,W,3.883333333333333,0.0,18.5,0.0,0.0,9.3,0.0,46.4,55.6,0.0,0.0,0.0,18.5,59.3,1,1,1,1,24823,12040,103,9215,19152,9579,1,25995,1034,8133,1,1,43,823,1.0,3:53,2017,2018
2017-18,2561,David West,David,1610612744,GSW,Golden State Warriors,21700815,2018-02-08T00:00:00,GSW vs. DAL,W,16.783333333333335,0.0,4.3,8.6,17.2,17.2,8.6,6.4,25.7,2.1,0.0,0.0,2.1,74.9,1,1,1,1,18690,12040,4023,713,1423,20378,13399,10986,19852,3097,1,1,13500,161,1.0,16:47,2017,2018
2017-18,201142,Kevin Durant,Kevin,1610612744,GSW,Golden State Warriors,21700815,2018-02-08T00:00:00,GSW vs. DAL,W,29.683333333333334,2.4,0.0,9.7,7.3,13.3,15.8,14.6,36.4,2.4,0.0,1.2,3.6,59.2,1,1,1,1,7515,9851,9889,478,9641,15854,22407,21273,9790,2517,1,6665,8101,837,1.0,29:41,2017,2018
2017-18,1626172,Kevon Looney,Kevon,1610612744,GSW,Golden State Warriors,21700815,2018-02-08T00:00:00,GSW vs. DAL,W,15.616666666666667,0.0,4.6,0.0,13.8,6.9,16.1,11.5,36.9,0.0,0.0,2.3,2.3,22.8,1,1,1,1,19536,12040,3567,9215,2892,6363,22674,18212,9369,8133,1,11473,12828,18415,1.0,15:37,2017,2018
2017-18,2738,Andre Iguodala,Andre,1610612744,GSW,Golden State Warriors,21700815,2018-02-08T00:00:00,GSW vs. DAL,W,25.766666666666666,4.2,0.0,2.8,2.8,11.2,12.6,0.0,27.9,2.8,0.0,2.8,0.0,30.6,1,1,1,1,11019,5688,9889,6370,17323,12595,19206,1,18028,1997,1,13477,18674,12663,1.0,25:46,2017,2018
2017-18,201939,Stephen Curry,Stephen,1610612744,GSW,Golden State Warriors,21700815,2018-02-08T00:00:00,GSW vs. DAL,W,29.683333333333334,0.0,0.0,0.0,4.9,13.3,15.8,14.6,36.4,0.0,0.0,1.2,1.2,44.1,1,1,1,1,7515,12040,9889,9215,13556,15854,22407,21273,9790,8133,1,6665,17414,4323,1.0,29:41,2017,2018
2017-18,201956,Omri Casspi,Omri,1610612744,GSW,Golden State Warriors,21700815,2018-02-08T00:00:00,GSW vs. DAL,W,3.883333333333333,0.0,0.0,0.0,0.0,9.3,0.0,46.4,55.6,0.0,0.0,9.3,0.0,11.1,1,1,1,1,24823,12040,9889,9215,19152,9579,1,25995,1034,8133,1,25063,18674,23890,1.0,3:53,2017,2018
2017-18,1627775,Patrick McCaw,Patrick,1610612744,GSW,Golden State Warriors,21700815,2018-02-08T00:00:00,GSW vs. DAL,W,13.153333333333334,5.5,0.0,5.5,5.5,8.2,10.9,21.9,43.8,0.0,5.5,8.2,2.7,6.8,1,1,1,1,21134,3615,9889,2424,12549,8056,17010,24692,4379,8133,25839,24658,11212,24741,1.0,13:09,2017,2018
2017-18,202691,Klay Thompson,Klay,1610612744,GSW,Golden State Warriors,21700815,2018-02-08T00:00:00,GSW vs. DAL,W,34.23,0.0,5.3,2.1,4.2,17.9,10.5,9.5,29.4,0.0,0.0,1.1,2.1,28.4,1,1,1,1,3729,12040,2775,8088,14803,21002,16370,15569,16607,8133,1,5855,13679,14338,1.0,34:14,2017,2018
2017-18,203110,Draymond Green,Draymond,1610612744,GSW,Golden State Warriors,21700815,2018-02-08T00:00:00,GSW vs. DAL,W,32.38333333333333,2.2,0.0,2.2,6.7,18.9,11.1,13.3,33.4,2.2,4.4,2.2,3.3,47.8,1,1,1,1,5245,10447,9889,7756,10540,21767,17236,20174,12740,2911,25616,11108,9033,2987,1.0,32:23,2017,2018
2017-18,201156,Nick Young,Nick,1610612744,GSW,Golden State Warriors,21700815,2018-02-08T00:00:00,GSW vs. DAL,W,9.45,0.0,0.0,0.0,0.0,11.4,26.7,19.0,53.3,0.0,3.8,0.0,0.0,28.6,1,1,1,1,22834,12040,9889,9215,19152,12990,25591,23804,1313,8133,25379,1,18674,14222,1.0,9:27,2017,2018
2017-18,201142,Kevin Durant,Kevin,1610612744,GSW,Golden State Warriors,21700803,2018-02-06T00:00:00,GSW vs. OKC,L,30.40333333333333,4.7,2.4,9.5,4.7,32.0,20.1,16.6,52.1,1.2,0.0,1.2,9.5,50.6,1,13054,13054,13054,6892,4747,8014,512,13770,25493,24542,22648,1535,6290,1,6521,555,2234,1.0,30:24,2017,2018
2017-18,201956,Omri Casspi,Omri,1610612744,GSW,Golden State Warriors,21700803,2018-02-06T00:00:00,GSW vs. OKC,L,8.216666666666667,0.0,8.8,0.0,8.8,26.3,0.0,0.0,26.3,0.0,0.0,0.0,0.0,37.7,1,13054,13054,13054,23277,12040,831,9215,7539,24719,1,1,19411,8133,1,1,18674,7603,1.0,8:13,2017,2018
2017-18,203110,Draymond Green,Draymond,1610612744,GSW,Golden State Warriors,21700803,2018-02-06T00:00:00,GSW vs. OKC,L,30.51333333333333,0.0,1.2,2.4,4.7,27.1,21.2,10.6,40.1,4.7,0.0,3.5,3.5,37.9,1,13054,13054,13054,6806,12040,9777,7394,13803,24893,24832,17098,6804,603,1,16609,8412,7481,1.0,30:31,2017,2018
2017-18,201580,JaVale McGee,JaVale,1610612744,GSW,Golden State Warriors,21700803,2018-02-06T00:00:00,GSW vs. OKC,L,6.433333333333334,0.0,0.0,0.0,11.2,16.8,0.0,0.0,33.6,0.0,0.0,11.2,0.0,42.0,1,13054,13054,13054,23872,12040,9889,9215,4871,19992,1,1,12515,8133,1,25515,18674,5294,1.0,6:26,2017,2018
2017-18,201939,Stephen Curry,Stephen,1610612744,GSW,Golden State Warriors,21700803,2018-02-06T00:00:00,GSW vs. OKC,L,31.808333333333334,2.3,0.0,2.3,6.8,30.6,19.2,15.8,52.1,1.1,1.1,3.4,4.5,42.4,1,13054,13054,13054,5731,10329,9889,7634,10347,25365,24263,22233,1537,6571,19236,16080,5711,5076,1.0,31:49,2017,2018
2017-18,2738,Andre Iguodala,Andre,1610612744,GSW,Golden State Warriors,21700803,2018-02-06T00:00:00,GSW vs. OKC,L,22.05,0.0,3.3,0.0,3.3,21.2,24.5,8.2,39.2,0.0,0.0,1.6,1.6,24.5,1,13054,13054,13054,14330,12040,5913,9215,16518,23092,25400,13724,7529,8133,1,8351,15568,17254,1.0,22:03,2017,2018
2017-18,1626172,Kevon Looney,Kevon,1610612744,GSW,Golden State Warriors,21700803,2018-02-06T00:00:00,GSW vs. OKC,L,14.183333333333334,5.1,5.1,0.0,15.2,38.1,10.2,17.8,45.7,0.0,2.5,7.6,5.1,27.9,1,13054,13054,13054,20510,4154,2965,9215,2159,25779,15836,23276,3456,8133,24078,24311,4540,14697,1.0,14:11,2017,2018
2017-18,2585,Zaza Pachulia,Zaza,1610612744,GSW,Golden State Warriors,21700803,2018-02-06T00:00:00,GSW vs. OKC,L,13.35,0.0,0.0,0.0,5.4,27.0,13.5,18.9,48.5,0.0,0.0,13.5,10.8,9.2,1,13054,13054,13054,21022,12040,9889,9215,12677,24865,20298,23736,2390,8133,1,25773,320,24332,1.0,13:21,2017,2018
2017-18,2561,David West,David,1610612744,GSW,Golden State Warriors,21700803,2018-02-06T00:00:00,GSW vs. OKC,L,14.4,5.0,0.0,0.0,15.0,32.5,12.5,0.0,20.0,2.5,0.0,5.0,10.0,57.0,1,13054,13054,13054,20369,4302,9889,9215,2248,25529,19121,1,23262,2376,1,20957,439,1086,1.0,14:24,2017,2018
2017-18,201156,Nick Young,Nick,1610612744,GSW,Golden State Warriors,21700803,2018-02-06T00:00:00,GSW vs. OKC,L,13.416666666666666,0.0,0.0,0.0,0.0,24.1,16.1,0.0,37.6,0.0,2.7,0.0,0.0,15.3,1,13054,13054,13054,20978,12040,9889,9215,19152,24211,22636,1,8776,8133,24302,1,18674,22522,1.0,13:25,2017,2018
2017-18,202691,Klay Thompson,Klay,1610612744,GSW,Golden State Warriors,21700803,2018-02-06T00:00:00,GSW vs. OKC,L,31.2,0.0,0.0,0.0,4.6,26.5,20.8,10.4,39.2,0.0,0.0,3.5,1.2,22.8,1,13054,13054,13054,6234,12040,9889,9215,13995,24771,24726,16794,7493,8133,1,16336,17683,18395,1.0,31:12,2017,2018
2017-18,2733,Shaun Livingston,Shaun,1610612744,GSW,Golden State Warriors,21700803,2018-02-06T00:00:00,GSW vs. OKC,L,14.4,5.0,0.0,5.0,5.0,32.5,12.5,0.0,20.0,0.0,0.0,0.0,0.0,23.0,1,13054,13054,13054,20369,4302,9889,2879,13309,25529,19121,1,23262,8133,1,1,18674,18296,1.0,14:24,2017,2018
2017-18,1627775,Patrick McCaw,Patrick,1610612744,GSW,Golden State Warriors,21700803,2018-02-06T00:00:00,GSW vs. OKC,L,9.625,0.0,0.0,0.0,0.0,29.9,0.0,18.7,37.4,3.7,0.0,3.7,3.7,15.7,1,13054,13054,13054,22769,12040,9889,9215,19152,25284,1,23661,8904,1056,1,17308,7813,22345,1.0,9:38,2017,2018
2017-18,1626172,Kevon Looney,Kevon,1610612744,GSW,Golden State Warriors,21700782,2018-02-03T00:00:00,GSW @ DEN,L,8.243333333333334,0.0,8.7,0.0,8.7,21.8,4.4,0.0,17.5,4.4,0.0,8.7,8.7,59.8,1,13054,13054,13054,23269,12040,839,9215,7579,23372,6368,1,24153,744,1,24874,788,779,1.0,8:15,2017,2018
2017-18,201939,Stephen Curry,Stephen,1610612744,GSW,Golden State Warriors,21700782,2018-02-03T00:00:00,GSW @ DEN,L,35.596666666666664,3.0,2.0,3.0,6.1,15.2,10.1,8.1,34.4,0.0,0.0,2.0,3.0,38.6,1,13054,13054,13054,2662,8227,8973,5855,11502,18277,15790,13617,11726,8133,1,10057,10068,7032,1.0,35:36,2017,2018
2017-18,201580,JaVale McGee,JaVale,1610612744,GSW,Golden State Warriors,21700782,2018-02-03T00:00:00,GSW @ DEN,L,6.25,0.0,0.0,0.0,0.0,11.5,5.8,0.0,34.6,23.0,0.0,28.8,0.0,89.9,1,13054,13054,13054,23952,12040,9889,9215,19152,13128,8509,1,11522,7,1,26061,18674,63,1.0,6:15,2017,2018
2017-18,2733,Shaun Livingston,Shaun,1610612744,GSW,Golden State Warriors,21700782,2018-02-03T00:00:00,GSW @ DEN,L,14.276666666666667,0.0,0.0,7.6,5.0,5.0,12.6,22.7,40.3,0.0,0.0,5.0,5.0,38.3,1,13054,13054,13054,20457,12040,9889,1071,13232,4365,19259,24878,6646,8133,1,21063,4613,7215,1.0,14:17,2017,2018
2017-18,203110,Draymond Green,Draymond,1610612744,GSW,Golden State Warriors,21700782,2018-02-03T00:00:00,GSW @ DEN,L,35.556666666666665,0.0,2.0,0.0,8.1,15.2,13.2,15.2,34.4,2.0,0.0,3.0,3.0,33.6,1,13054,13054,13054,2691,12040,8969,9215,8412,18298,19950,21772,11678,3405,1,14620,10058,10415,1.0,35:33,2017,2018
2017-18,1627745,Damian Jones,Damian,1610612744,GSW,Golden State Warriors,21700782,2018-02-03T00:00:00,GSW @ DEN,L,4.483333333333333,0.0,0.0,0.0,0.0,0.0,16.1,0.0,48.2,8.0,0.0,24.1,0.0,16.1,1,13054,13054,13054,24614,12040,9889,9215,19152,1,22610,1,2515,129,1,26035,18674,22213,1.0,4:29,2017,2018
2017-18,201156,Nick Young,Nick,1610612744,GSW,Golden State Warriors,21700782,2018-02-03T00:00:00,GSW @ DEN,L,17.14666666666667,8.4,0.0,0.0,8.4,23.1,8.4,12.6,25.2,0.0,0.0,4.2,0.0,22.7,1,13054,13054,13054,18436,1216,9889,9215,8022,23883,13098,19430,20269,8133,1,18859,18674,18516,1.0,17:09,2017,2018
2017-18,1627775,Patrick McCaw,Patrick,1610612744,GSW,Golden State Warriors,21700782,2018-02-03T00:00:00,GSW @ DEN,L,0.42,0.0,0.0,0.0,0.0,0.0,0.0,0.0,0.0,0.0,0.0,0.0,0.0,0.0,1,13054,13054,13054,26016,12040,9889,9215,19152,1,1,1,25495,8133,1,1,18674,25240,1.0,0:25,2017,2018
2017-18,2738,Andre Iguodala,Andre,1610612744,GSW,Golden State Warriors,21700782,2018-02-03T00:00:00,GSW @ DEN,L,20.96,3.4,0.0,0.0,3.4,6.9,10.3,8.6,30.9,0.0,0.0,0.0,1.7,13.2,1,13054,13054,13054,15270,7305,9889,9215,16271,6308,16077,14325,15186,8133,1,1,15244,23256,1.0,20:58,2017,2018
2017-18,202691,Klay Thompson,Klay,1610612744,GSW,Golden State Warriors,21700782,2018-02-03T00:00:00,GSW @ DEN,L,36.43333333333333,3.0,0.0,4.9,5.9,4.0,13.8,10.9,31.6,0.0,0.0,0.0,0.0,30.3,1,13054,13054,13054,2073,8404,9889,2946,11781,3490,20653,17426,14478,8133,1,1,18674,12854,1.0,36:26,2017,2018
2017-18,2585,Zaza Pachulia,Zaza,1610612744,GSW,Golden State Warriors,21700782,2018-02-03T00:00:00,GSW @ DEN,L,19.133333333333333,0.0,3.8,0.0,15.1,15.1,9.4,11.3,41.4,0.0,0.0,5.6,1.9,44.4,1,13054,13054,13054,16845,12040,4956,9215,2219,18107,14740,17935,5868,8133,1,22189,14639,4210,1.0,19:08,2017,2018
2017-18,201142,Kevin Durant,Kevin,1610612744,GSW,Golden State Warriors,21700782,2018-02-03T00:00:00,GSW @ DEN,L,41.5,6.1,0.0,5.2,8.7,7.8,12.1,13.0,31.2,1.7,0.0,0.9,4.3,46.6,1,13054,13054,13054,255,2873,9889,2668,7655,7506,18694,19881,14852,4197,1,5191,6151,3392,1.0,41:30,2017,2018
2017-18,201580,JaVale McGee,JaVale,1610612744,GSW,Golden State Warriors,21700774,2018-02-02T00:00:00,GSW @ SAC,W,10.5,13.7,0.0,0.0,6.9,13.7,6.9,6.9,48.0,6.9,0.0,3.4,0.0,42.5,1,1,1,1,22446,217,9889,9215,10234,16376,10345,11658,2566,203,1,16209,18674,5047,1.0,10:30,2017,2018
2017-18,1626172,Kevon Looney,Kevon,1610612744,GSW,Golden State Warriors,21700774,2018-02-02T00:00:00,GSW @ SAC,W,9.683333333333334,0.0,0.0,0.0,14.9,22.3,7.4,14.9,37.2,0.0,0.0,0.0,3.7,28.3,1,1,1,1,22745,12040,9889,9215,2316,23565,11420,21522,9125,8133,1,1,7879,14444,1.0,9:41,2017,2018
2017-18,201142,Kevin Durant,Kevin,1610612744,GSW,Golden State Warriors,21700774,2018-02-02T00:00:00,GSW @ SAC,W,36.75,0.0,0.0,7.8,7.8,14.7,9.8,12.7,43.1,0.0,0.0,2.0,2.0,40.9,1,1,1,1,1856,12040,9889,967,8819,17634,15315,19578,4785,8133,1,9727,14343,5815,1.0,36:45,2017,2018
2017-18,203110,Draymond Green,Draymond,1610612744,GSW,Golden State Warriors,21700774,2018-02-02T00:00:00,GSW @ SAC,W,34.1,3.2,0.0,0.0,6.3,13.7,6.3,11.6,42.2,1.1,1.1,4.2,4.2,35.7,1,1,1,1,3814,7895,9889,9215,11036,16398,9450,18313,5319,7078,18672,18923,6459,8929,1.0,34:06,2017,2018
2017-18,201156,Nick Young,Nick,1610612744,GSW,Golden State Warriors,21700774,2018-02-02T00:00:00,GSW @ SAC,W,15.833333333333334,6.8,0.0,6.8,0.0,13.6,13.6,4.5,50.0,0.0,0.0,2.3,0.0,30.0,1,1,1,1,19399,2214,9889,1416,19152,16280,20463,8019,2009,8133,1,11344,18674,13103,1.0,15:50,2017,2018
2017-18,1627775,Patrick McCaw,Patrick,1610612744,GSW,Golden State Warriors,21700774,2018-02-02T00:00:00,GSW @ SAC,W,27.616666666666667,0.0,0.0,0.0,0.0,22.2,10.4,10.4,46.9,0.0,0.0,1.3,0.0,18.4,1,1,1,1,9378,12040,9889,9215,19152,23512,16253,16870,2974,8133,1,7100,18674,21100,1.0,27:37,2017,2018
2017-18,1626188,Quinn Cook,Quinn,1610612744,GSW,Golden State Warriors,21700774,2018-02-02T00:00:00,GSW @ SAC,W,1.4333333333333331,0.0,0.0,0.0,0.0,0.0,0.0,0.0,0.0,0.0,0.0,0.0,0.0,67.8,1,1,1,1,25728,12040,9889,9215,19152,1,1,1,25495,8133,1,1,18674,293,1.0,1:26,2017,2018
2017-18,201939,Stephen Curry,Stephen,1610612744,GSW,Golden State Warriors,21700774,2018-02-02T00:00:00,GSW @ SAC,W,35.583333333333336,2.0,3.0,3.0,6.1,11.1,8.1,11.1,40.5,0.0,2.0,3.0,5.1,38.4,1,1,1,1,2666,11091,6407,5853,11498,12521,12575,17745,6543,8133,22883,14608,4587,7143,1.0,35:35,2017,2018
2017-18,1627745,Damian Jones,Damian,1610612744,GSW,Golden State Warriors,21700774,2018-02-02T00:00:00,GSW @ SAC,W,1.4333333333333331,0.0,0.0,0.0,0.0,0.0,0.0,0.0,0.0,0.0,0.0,0.0,0.0,0.0,1,1,1,1,25728,12040,9889,9215,19152,1,1,1,25495,8133,1,1,18674,25240,1.0,1:26,2017,2018
2017-18,201956,Omri Casspi,Omri,1610612744,GSW,Golden State Warriors,21700774,2018-02-02T00:00:00,GSW @ SAC,W,9.95,7.2,0.0,0.0,7.2,21.7,14.5,14.5,50.7,0.0,0.0,7.2,3.6,28.2,1,1,1,1,22656,1873,9889,9215,9685,23309,21317,21215,1846,8133,1,24036,8167,14464,1.0,9:57,2017,2018
2017-18,202691,Klay Thompson,Klay,1610612744,GSW,Golden State Warriors,21700774,2018-02-02T00:00:00,GSW @ SAC,W,35.31666666666667,3.1,0.0,3.1,8.2,10.2,10.2,11.2,38.7,0.0,0.0,2.0,0.0,31.3,1,1,1,1,2860,8165,9889,5807,8333,10986,15896,17845,7876,8133,1,10121,18674,12127,1.0,35:19,2017,2018
2017-18,2585,Zaza Pachulia,Zaza,1610612744,GSW,Golden State Warriors,21700774,2018-02-02T00:00:00,GSW @ SAC,W,21.8,0.0,6.6,0.0,13.2,11.6,6.6,14.9,36.3,1.7,0.0,5.0,1.7,43.9,1,1,1,1,14545,12040,1674,9215,3253,13192,9892,21514,9851,4412,1,20846,15500,4414,1.0,21:48,2017,2018
2017-18,201580,JaVale McGee,JaVale,1610612744,GSW,Golden State Warriors,21700751,2018-01-30T00:00:00,GSW @ UTA,L,16.133333333333333,4.5,0.0,4.5,26.8,11.2,8.9,8.9,44.6,4.5,0.0,4.5,2.2,55.3,1,13054,13054,13054,19178,5187,9889,3504,177,12564,13972,14801,3950,701,1,19644,13138,1303,1.0,16:08,2017,2018
2017-18,2585,Zaza Pachulia,Zaza,1610612744,GSW,Golden State Warriors,21700751,2018-01-30T00:00:00,GSW @ UTA,L,18.78333333333333,0.0,3.8,3.8,15.3,13.4,9.6,5.7,34.5,3.8,0.0,1.9,5.7,58.3,1,13054,13054,13054,17133,12040,4837,4452,2117,15952,15004,9943,11593,994,1,9502,3393,933,1.0,18:47,2017,2018
2017-18,2733,Shaun Livingston,Shaun,1610612744,GSW,Golden State Warriors,21700751,2018-01-30T00:00:00,GSW @ UTA,L,11.616666666666667,0.0,0.0,0.0,0.0,18.6,15.5,12.4,49.6,0.0,3.1,6.2,0.0,22.9,1,13054,13054,13054,22011,12040,9889,9215,19152,21540,22198,19205,2112,8133,24841,23037,18674,18343,1.0,11:37,2017,2018
2017-18,2561,David West,David,1610612744,GSW,Golden State Warriors,21700751,2018-01-30T00:00:00,GSW @ UTA,L,16.116666666666667,0.0,0.0,0.0,0.0,17.9,15.6,13.4,58.1,2.2,0.0,2.2,0.0,28.1,1,13054,13054,13054,19184,12040,9889,9215,19152,20995,22295,20225,831,2884,1,11147,18674,14537,1.0,16:07,2017,2018
2017-18,1627775,Patrick McCaw,Patrick,1610612744,GSW,Golden State Warriors,21700751,2018-01-30T00:00:00,GSW @ UTA,L,11.6,0.0,0.0,0.0,0.0,6.2,12.4,6.2,43.4,0.0,0.0,3.1,0.0,18.6,1,13054,13054,13054,22019,12040,9889,9215,19152,5550,19027,10626,4581,8133,1,14930,18674,20986,1.0,11:36,2017,2018
2017-18,2738,Andre Iguodala,Andre,1610612744,GSW,Golden State Warriors,21700751,2018-01-30T00:00:00,GSW @ UTA,L,20.216666666666665,0.0,0.0,0.0,0.0,16.0,3.6,16.0,42.7,0.0,0.0,0.0,3.6,27.4,1,13054,13054,13054,15906,12040,9889,9215,19152,19250,5272,22356,4985,8133,1,1,8336,15086,1.0,20:13,2017,2018
2017-18,203110,Draymond Green,Draymond,1610612744,GSW,Golden State Warriors,21700751,2018-01-30T00:00:00,GSW @ UTA,L,30.23333333333333,2.4,0.0,2.4,4.8,15.5,11.9,11.9,42.9,1.2,1.2,1.2,1.2,24.1,1,13054,13054,13054,7043,9987,9889,7330,13713,18644,18356,18677,4919,6252,19649,6555,17518,17566,1.0,30:14,2017,2018
2017-18,201142,Kevin Durant,Kevin,1610612744,GSW,Golden State Warriors,21700751,2018-01-30T00:00:00,GSW @ UTA,L,29.633333333333333,3.6,3.6,4.9,9.7,12.1,8.5,9.7,41.3,0.0,0.0,0.0,7.3,32.7,1,13054,13054,13054,7566,6863,5191,3051,6353,14088,13270,15894,5925,8133,1,1,1628,11125,1.0,29:38,2017,2018
2017-18,202691,Klay Thompson,Klay,1610612744,GSW,Golden State Warriors,21700751,2018-01-30T00:00:00,GSW @ UTA,L,30.666666666666668,0.0,10.6,0.0,7.0,14.1,9.4,11.7,37.6,0.0,0.0,3.5,3.5,49.0,1,13054,13054,13054,6668,12040,463,9215,9964,16867,14707,18470,8796,8133,1,16546,8460,2658,1.0,30:40,2017,2018
2017-18,201156,Nick Young,Nick,1610612744,GSW,Golden State Warriors,21700751,2018-01-30T00:00:00,GSW @ UTA,L,14.8,2.4,0.0,0.0,0.0,9.7,21.9,4.9,53.5,2.4,0.0,4.9,4.9,19.9,1,13054,13054,13054,20101,9835,9889,9215,19152,10299,24995,8499,1291,2494,1,20614,4948,20225,1.0,14:48,2017,2018
2017-18,201956,Omri Casspi,Omri,1610612744,GSW,Golden State Warriors,21700751,2018-01-30T00:00:00,GSW @ UTA,L,10.566666666666666,0.0,0.0,0.0,6.8,13.6,6.8,13.6,47.7,0.0,0.0,6.8,0.0,4.8,1,13054,13054,13054,22414,12040,9889,9215,10307,16256,10273,20460,2691,8133,1,23695,18674,24971,1.0,10:34,2017,2018
2017-18,201939,Stephen Curry,Stephen,1610612744,GSW,Golden State Warriors,21700751,2018-01-30T00:00:00,GSW @ UTA,L,29.633333333333333,4.9,0.0,4.9,7.3,12.1,8.5,9.7,41.3,0.0,1.2,1.2,4.9,25.4,1,13054,13054,13054,7566,4550,9889,3051,9618,14088,13270,15894,5925,8133,19782,6678,4967,16589,1.0,29:38,2017,2018
2017-18,1626172,Kevon Looney,Kevon,1610612744,GSW,Golden State Warriors,21700728,2018-01-27T00:00:00,GSW vs. BOS,W,8.933333333333334,0.0,0.0,0.0,8.1,8.1,8.1,0.0,40.3,0.0,0.0,0.0,4.0,33.4,1,1,1,1,23022,12040,9889,9215,8475,7850,12507,1,6673,8133,1,1,6976,10520,1.0,8:56,2017,2018
2017-18,2561,David West,David,1610612744,GSW,Golden State Warriors,21700728,2018-01-27T00:00:00,GSW vs. BOS,W,15.583333333333334,4.6,0.0,0.0,13.9,16.2,11.6,4.6,18.5,4.6,0.0,2.3,2.3,43.0,1,1,1,1,19557,4930,9889,9215,2878,19410,17856,8117,23828,641,1,11497,12811,4826,1.0,15:35,2017,2018
2017-18,203110,Draymond Green,Draymond,1610612744,GSW,Golden State Warriors,21700728,2018-01-27T00:00:00,GSW vs. BOS,W,38.31666666666667,0.0,5.6,0.0,5.6,12.2,6.6,7.5,22.5,2.8,0.0,3.8,2.8,41.1,1,1,1,1,1056,12040,2381,9215,12268,14205,9851,12684,22009,1963,1,17365,10942,5760,1.0,38:19,2017,2018
2017-18,201956,Omri Casspi,Omri,1610612744,GSW,Golden State Warriors,21700728,2018-01-27T00:00:00,GSW vs. BOS,W,4.05,0.0,0.0,0.0,0.0,17.8,0.0,0.0,53.3,0.0,0.0,8.9,0.0,26.7,1,1,1,1,24750,12040,9889,9215,19152,20902,1,1,1313,8133,1,24932,18674,15636,1.0,4:03,2017,2018
2017-18,2733,Shaun Livingston,Shaun,1610612744,GSW,Golden State Warriors,21700728,2018-01-27T00:00:00,GSW vs. BOS,W,14.295,5.0,0.0,5.0,5.0,12.6,10.1,0.0,20.1,2.5,0.0,5.0,0.0,18.1,1,1,1,1,20446,4232,9889,2836,13244,14759,15741,1,23215,2345,1,21051,18674,21229,1.0,14:18,2017,2018
2017-18,202691,Klay Thompson,Klay,1610612744,GSW,Golden State Warriors,21700728,2018-01-27T00:00:00,GSW vs. BOS,W,36.4,2.0,0.0,4.0,5.9,8.9,6.9,7.9,21.8,2.0,1.0,1.0,0.0,24.0,1,1,1,1,2097,11230,9889,4243,11773,9038,10475,13339,22423,3541,18113,5533,18674,17585,1.0,36:24,2017,2018
2017-18,2585,Zaza Pachulia,Zaza,1610612744,GSW,Golden State Warriors,21700728,2018-01-27T00:00:00,GSW vs. BOS,W,15.066666666666666,0.0,0.0,0.0,4.8,4.8,0.0,11.9,14.3,0.0,0.0,0.0,2.4,21.0,1,1,1,1,19932,12040,9889,9215,13684,4149,1,18712,24821,8133,1,1,12499,19576,1.0,15:04,2017,2018
2017-18,201939,Stephen Curry,Stephen,1610612744,GSW,Golden State Warriors,21700728,2018-01-27T00:00:00,GSW vs. BOS,W,36.8,7.8,2.0,4.9,9.8,9.8,5.9,7.8,25.4,0.0,0.0,2.0,8.8,64.9,1,1,1,1,1822,1501,9177,3008,6284,10371,8710,13199,20088,8133,1,9703,761,415,1.0,36:48,2017,2018
2017-18,201142,Kevin Durant,Kevin,1610612744,GSW,Golden State Warriors,21700728,2018-01-27T00:00:00,GSW vs. BOS,W,35.65,4.0,4.0,6.1,4.0,8.1,6.1,8.1,22.2,1.0,1.0,3.0,5.0,38.2,1,1,1,1,2607,6025,4444,1934,15167,7871,9019,13594,22181,7422,18292,14573,4601,7313,1.0,35:39,2017,2018
2017-18,201156,Nick Young,Nick,1610612744,GSW,Golden State Warriors,21700728,2018-01-27T00:00:00,GSW vs. BOS,W,6.533333333333333,0.0,0.0,0.0,0.0,0.0,33.1,0.0,11.0,0.0,0.0,0.0,0.0,16.5,1,1,1,1,23837,12040,9889,9215,19152,1,25849,1,25216,8133,1,1,18674,22003,1.0,6:32,2017,2018
2017-18,2738,Andre Iguodala,Andre,1610612744,GSW,Golden State Warriors,21700728,2018-01-27T00:00:00,GSW vs. BOS,W,28.371666666666663,0.0,0.0,0.0,0.0,8.9,8.9,1.3,33.0,0.0,0.0,3.8,3.8,14.1,1,1,1,1,8689,12040,9889,9215,19152,9002,13889,4392,13107,8133,1,17540,7627,22980,1.0,28:22,2017,2018
2017-18,202691,Klay Thompson,Klay,1610612744,GSW,Golden State Warriors,21700713,2018-01-25T00:00:00,GSW vs. MIN,W,35.5,3.0,0.0,8.1,4.1,4.1,12.2,11.2,46.6,1.0,0.0,1.0,1.0,39.0,1,1,1,1,2732,8202,9889,856,15133,3575,18721,17773,3065,7387,1,5658,18330,6801,1.0,35:30,2017,2018
2017-18,201142,Kevin Durant,Kevin,1610612744,GSW,Golden State Warriors,21700713,2018-01-25T00:00:00,GSW vs. MIN,W,36.553333333333335,0.0,8.9,4.9,3.9,5.9,9.8,10.8,47.3,3.0,1.0,2.0,3.9,66.5,1,1,1,1,1993,12040,808,2968,15356,5239,15395,17369,2846,1803,18072,9780,7237,359,1.0,36:33,2017,2018
2017-18,2585,Zaza Pachulia,Zaza,1610612744,GSW,Golden State Warriors,21700713,2018-01-25T00:00:00,GSW vs. MIN,W,16.483333333333334,4.4,0.0,4.4,17.5,4.4,17.5,15.3,61.2,0.0,2.2,2.2,2.2,45.2,1,1,1,1,18919,5371,9889,3638,1328,3817,23497,21842,613,8133,23355,10892,13319,3901,1.0,16:29,2017,2018
2017-18,1626172,Kevon Looney,Kevon,1610612744,GSW,Golden State Warriors,21700713,2018-01-25T00:00:00,GSW vs. MIN,W,13.633333333333333,0.0,0.0,0.0,5.3,5.3,0.0,5.3,31.7,0.0,2.6,2.6,0.0,16.1,1,1,1,1,20847,12040,9889,9215,12833,4579,1,9193,14417,8133,24245,12862,18674,22192,1.0,13:38,2017,2018
2017-18,201156,Nick Young,Nick,1610612744,GSW,Golden State Warriors,21700713,2018-01-25T00:00:00,GSW vs. MIN,W,15.233333333333333,0.0,0.0,7.1,0.0,9.5,0.0,9.5,33.1,0.0,0.0,7.1,0.0,14.2,1,1,1,1,19805,12040,9889,1281,19152,9877,1,15538,12998,8133,1,23924,18674,22940,1.0,15:14,2017,2018
2017-18,201939,Stephen Curry,Stephen,1610612744,GSW,Golden State Warriors,21700713,2018-01-25T00:00:00,GSW vs. MIN,W,37.431666666666665,4.8,0.0,17.3,3.8,5.8,9.6,10.6,46.2,0.0,0.0,1.9,3.8,49.5,1,1,1,1,1487,4624,9889,52,15547,5098,15054,17044,3258,8133,1,9536,7508,2508,1.0,37:26,2017,2018
2017-18,203110,Draymond Green,Draymond,1610612744,GSW,Golden State Warriors,21700713,2018-01-25T00:00:00,GSW vs. MIN,W,32.28,0.0,0.0,3.3,4.5,6.7,13.4,14.5,40.1,3.3,0.0,0.0,2.2,36.9,1,1,1,1,5332,12040,9889,5241,14282,6097,20177,21238,6775,1383,1,1,13142,8083,1.0,32:17,2017,2018
2017-18,2561,David West,David,1610612744,GSW,Golden State Warriors,21700713,2018-01-25T00:00:00,GSW vs. MIN,W,11.083333333333334,0.0,6.5,6.5,19.5,13.0,6.5,19.5,45.5,0.0,0.0,9.7,0.0,32.2,1,1,1,1,22219,12040,1746,1627,865,15331,9710,23954,3538,8133,1,25200,18674,11481,1.0,11:05,2017,2018
2017-18,2733,Shaun Livingston,Shaun,1610612744,GSW,Golden State Warriors,21700713,2018-01-25T00:00:00,GSW vs. MIN,W,15.835,4.5,0.0,4.5,13.6,9.1,4.5,13.6,40.9,0.0,0.0,4.5,0.0,32.1,1,1,1,1,19397,5050,9889,3411,2998,9319,6632,20472,6214,8133,1,19852,18674,11547,1.0,15:50,2017,2018
2017-18,2738,Andre Iguodala,Andre,1610612744,GSW,Golden State Warriors,21700713,2018-01-25T00:00:00,GSW vs. MIN,W,25.966666666666665,0.0,1.4,6.9,5.5,2.8,5.5,5.5,36.0,1.4,0.0,2.8,4.2,36.7,1,1,1,1,10818,12040,9712,1368,12433,2774,8159,9603,10105,5282,1,13378,6644,8184,1.0,25:58,2017,2018
2017-18,203110,Draymond Green,Draymond,1610612744,GSW,Golden State Warriors,21700699,2018-01-23T00:00:00,GSW vs. NYK,W,32.66166666666667,5.5,0.0,4.4,2.2,6.6,4.4,8.8,33.1,1.1,0.0,2.2,1.1,35.3,1,1,1,1,4992,3568,9889,3563,18513,6003,6440,14645,13021,6779,1,11012,17928,9238,1.0,32:40,2017,2018
2017-18,2738,Andre Iguodala,Andre,1610612744,GSW,Golden State Warriors,21700699,2018-01-23T00:00:00,GSW vs. NYK,W,20.08333333333333,3.6,0.0,7.2,3.6,9.0,10.8,7.2,39.4,0.0,0.0,5.4,3.6,19.0,1,1,1,1,16023,6985,9889,1238,16014,9116,16720,12143,7322,8133,1,21705,8274,20780,1.0,20:05,2017,2018
2017-18,201156,Nick Young,Nick,1610612744,GSW,Golden State Warriors,21700699,2018-01-23T00:00:00,GSW vs. NYK,W,16.983333333333334,0.0,0.0,0.0,4.2,10.6,8.5,12.7,25.4,0.0,0.0,2.1,2.1,10.6,1,1,1,1,18543,12040,9889,9215,14740,11660,13226,19563,20084,8133,1,10545,13604,24008,1.0,16:59,2017,2018
2017-18,202691,Klay Thompson,Klay,1610612744,GSW,Golden State Warriors,21700699,2018-01-23T00:00:00,GSW vs. NYK,W,34.13333333333333,1.1,0.0,2.1,6.3,8.4,7.4,6.3,35.9,0.0,0.0,2.1,3.2,18.4,1,1,1,1,3787,11980,9889,8067,11049,8366,11314,10817,10307,8133,1,10497,9581,21117,1.0,34:08,2017,2018
2017-18,1627775,Patrick McCaw,Patrick,1610612744,GSW,Golden State Warriors,21700699,2018-01-23T00:00:00,GSW vs. NYK,W,8.75,0.0,0.0,0.0,8.2,24.7,20.6,24.7,41.1,0.0,0.0,0.0,0.0,9.1,1,1,1,1,23085,12040,9889,9215,8232,24356,24674,25224,6034,8133,1,1,18674,24359,1.0,8:45,2017,2018
2017-18,2561,David West,David,1610612744,GSW,Golden State Warriors,21700699,2018-01-23T00:00:00,GSW vs. NYK,W,15.416666666666666,4.7,0.0,0.0,4.7,4.7,7.0,4.7,18.7,0.0,0.0,0.0,4.7,53.2,1,1,1,1,19699,4847,9889,9215,13886,4057,10632,8195,23765,8133,1,1,5385,1658,1.0,15:25,2017,2018
2017-18,201939,Stephen Curry,Stephen,1610612744,GSW,Golden State Warriors,21700699,2018-01-23T00:00:00,GSW vs. NYK,W,33.266666666666666,2.2,0.0,6.5,2.2,9.7,11.9,6.5,41.1,0.0,0.0,2.2,4.3,52.7,1,1,1,1,4484,10636,9889,1629,18590,10319,18350,11081,6067,8133,1,10790,6176,1756,1.0,33:16,2017,2018
2017-18,2733,Shaun Livingston,Shaun,1610612744,GSW,Golden State Warriors,21700699,2018-01-23T00:00:00,GSW vs. NYK,W,12.683333333333334,0.0,0.0,0.0,11.4,0.0,0.0,5.7,17.0,0.0,0.0,0.0,2.8,45.1,1,1,1,1,21391,12040,9889,9215,4708,1,1,9816,24287,8133,1,1,10857,3945,1.0,12:41,2017,2018
2017-18,201580,JaVale McGee,JaVale,1610612744,GSW,Golden State Warriors,21700699,2018-01-23T00:00:00,GSW vs. NYK,W,2.05,0.0,0.0,0.0,35.1,70.2,0.0,70.2,35.1,0.0,0.0,0.0,0.0,38.6,1,1,1,1,25520,12040,9889,9215,60,26038,1,26075,11003,8133,1,1,18674,7030,1.0,2:03,2017,2018
2017-18,201956,Omri Casspi,Omri,1610612744,GSW,Golden State Warriors,21700699,2018-01-23T00:00:00,GSW vs. NYK,W,2.05,0.0,0.0,0.0,0.0,70.2,0.0,70.2,35.1,0.0,0.0,0.0,0.0,-17.6,1,1,1,1,25520,12040,9889,9215,19152,26038,1,26075,11003,8133,1,1,18674,26089,1.0,2:03,2017,2018
2017-18,2585,Zaza Pachulia,Zaza,1610612744,GSW,Golden State Warriors,21700699,2018-01-23T00:00:00,GSW vs. NYK,W,14.233333333333333,5.1,7.6,5.1,25.3,5.1,0.0,5.1,40.5,0.0,0.0,2.5,7.6,50.1,1,1,1,1,20480,4188,1205,2813,244,4376,1,8851,6540,8133,1,12410,1390,2362,1.0,14:14,2017,2018
2017-18,201142,Kevin Durant,Kevin,1610612744,GSW,Golden State Warriors,21700699,2018-01-23T00:00:00,GSW vs. NYK,W,32.455,0.0,0.0,7.8,2.2,10.0,7.8,6.7,42.2,2.2,0.0,3.3,2.2,51.9,1,1,1,1,5181,12040,9889,993,18480,10706,12011,11342,5370,2923,1,15800,13176,1914,1.0,32:27,2017,2018
2017-18,1626172,Kevon Looney,Kevon,1610612744,GSW,Golden State Warriors,21700699,2018-01-23T00:00:00,GSW vs. NYK,W,15.233333333333333,4.7,4.7,0.0,18.9,11.8,18.9,9.5,28.4,0.0,0.0,4.7,2.4,44.4,1,1,1,1,19805,4758,3404,9215,965,13574,24151,15538,17648,8133,1,20292,12597,4199,1.0,15:14,2017,2018
2017-18,201142,Kevin Durant,Kevin,1610612744,GSW,Golden State Warriors,21700679,2018-01-20T00:00:00,GSW @ HOU,L,35.43333333333333,1.0,0.0,0.0,6.1,20.3,13.2,9.1,34.5,2.0,0.0,2.0,6.1,44.6,1,13054,13054,13054,2770,11999,9889,9215,11450,22656,19995,15101,11552,3390,1,10094,2894,4137,2.0,35:26,2017,2018
2017-18,2561,David West,David,1610612744,GSW,Golden State Warriors,21700679,2018-01-20T00:00:00,GSW @ HOU,L,13.683333333333334,0.0,5.3,0.0,21.0,7.9,18.4,5.3,42.1,5.3,2.6,5.3,2.6,56.0,1,13054,13054,13054,20814,12040,2767,9215,587,7634,23951,9163,5406,446,24235,21495,11586,1195,2.0,13:41,2017,2018
2017-18,202691,Klay Thompson,Klay,1610612744,GSW,Golden State Warriors,21700679,2018-01-20T00:00:00,GSW @ HOU,L,36.53333333333333,0.0,0.0,3.0,0.0,20.7,12.8,10.8,35.5,0.0,0.0,3.0,1.0,15.5,1,13054,13054,13054,2008,12040,9889,6033,19152,22840,19497,17376,10652,8133,1,14236,18434,22448,2.0,36:32,2017,2018
2017-18,1626172,Kevon Looney,Kevon,1610612744,GSW,Golden State Warriors,21700679,2018-01-20T00:00:00,GSW @ HOU,L,12.933333333333334,0.0,5.6,0.0,5.6,13.9,2.8,13.9,27.8,2.8,0.0,5.6,0.0,28.1,1,13054,13054,13054,21264,12040,2444,9215,12393,16640,4448,20701,18116,2014,1,22054,18674,14569,2.0,12:56,2017,2018
2017-18,2733,Shaun Livingston,Shaun,1610612744,GSW,Golden State Warriors,21700679,2018-01-20T00:00:00,GSW @ HOU,L,15.55,0.0,0.0,0.0,0.0,11.6,16.2,4.6,37.0,6.9,0.0,6.9,0.0,43.1,1,13054,13054,13054,19584,12040,9889,9215,19152,13218,22724,8129,9246,198,1,23809,18674,4794,2.0,15:33,2017,2018
2017-18,203110,Draymond Green,Draymond,1610612744,GSW,Golden State Warriors,21700679,2018-01-20T00:00:00,GSW @ HOU,L,35.96666666666667,3.0,2.0,3.0,10.0,21.0,7.0,9.0,28.0,1.0,0.0,2.0,6.0,42.4,1,13054,13054,13054,2389,8299,9037,5922,6045,23013,10634,14917,17954,7475,1,9942,3015,5078,2.0,35:58,2017,2018
2017-18,201939,Stephen Curry,Stephen,1610612744,GSW,Golden State Warriors,21700679,2018-01-20T00:00:00,GSW @ HOU,L,36.18333333333333,9.0,6.0,0.0,0.0,19.9,10.9,9.0,33.8,0.0,2.0,2.0,1.0,32.0,1,13054,13054,13054,2234,1000,2120,9215,19152,22431,17004,14835,12268,8133,22772,9876,18397,11565,2.0,36:11,2017,2018
2017-18,201156,Nick Young,Nick,1610612744,GSW,Golden State Warriors,21700679,2018-01-20T00:00:00,GSW @ HOU,L,17.65,0.0,0.0,0.0,4.1,2.0,4.1,0.0,32.6,0.0,0.0,6.1,0.0,41.2,1,13054,13054,13054,18042,12040,9889,9215,15097,2509,5957,1,13458,8133,1,22930,18674,5678,2.0,17:39,2017,2018
2017-18,2585,Zaza Pachulia,Zaza,1610612744,GSW,Golden State Warriors,21700679,2018-01-20T00:00:00,GSW @ HOU,L,16.216666666666665,0.0,0.0,0.0,8.9,26.6,17.8,8.9,44.4,0.0,0.0,4.4,4.4,29.5,1,13054,13054,13054,19125,12040,9889,9215,7383,24793,23642,14744,4069,8133,1,19567,5893,13460,2.0,16:13,2017,2018
2017-18,1627775,Patrick McCaw,Patrick,1610612744,GSW,Golden State Warriors,21700679,2018-01-20T00:00:00,GSW @ HOU,L,19.85,0.0,0.0,0.0,3.6,12.7,19.9,7.3,54.4,1.8,0.0,5.4,1.8,20.7,1,13054,13054,13054,16254,12040,9889,9215,15942,14898,24489,12274,1168,3977,1,21826,14877,19817,2.0,19:51,2017,2018
2017-18,201142,Kevin Durant,Kevin,1610612744,GSW,Golden State Warriors,21700657,2018-01-17T00:00:00,GSW @ CHI,W,35.288333333333334,2.0,2.0,2.0,4.1,18.4,6.1,10.2,40.8,0.0,0.0,1.0,6.1,42.9,1,1,1,1,2896,11037,8920,8288,15096,21394,9125,16528,6313,8133,1,5685,2848,4835,1.0,35:17,2017,2018
2017-18,202691,Klay Thompson,Klay,1610612744,GSW,Golden State Warriors,21700657,2018-01-17T00:00:00,GSW @ CHI,W,37.17,6.8,0.0,1.0,3.9,15.5,5.8,25.2,40.7,1.0,0.0,0.0,5.8,44.4,1,1,1,1,1618,2244,9889,9198,15500,18674,8609,25282,6409,7670,1,1,3316,4239,1.0,37:10,2017,2018
2017-18,2561,David West,David,1610612744,GSW,Golden State Warriors,21700657,2018-01-17T00:00:00,GSW @ CHI,W,14.633333333333333,4.9,0.0,0.0,0.0,27.1,4.9,51.7,54.1,2.5,0.0,2.5,4.9,33.7,1,1,1,1,20205,4432,9889,9215,19152,24881,7177,26039,1205,2440,1,12120,4836,10353,1.0,14:38,2017,2018
2017-18,201956,Omri Casspi,Omri,1610612744,GSW,Golden State Warriors,21700657,2018-01-17T00:00:00,GSW @ CHI,W,17.666666666666668,4.1,4.1,0.0,4.1,32.6,8.2,32.6,44.8,0.0,0.0,6.1,2.0,24.0,1,1,1,1,18030,5938,4368,9215,15100,25538,12673,25775,3848,8133,1,22920,13989,17573,1.0,17:40,2017,2018
2017-18,201580,JaVale McGee,JaVale,1610612744,GSW,Golden State Warriors,21700657,2018-01-17T00:00:00,GSW @ CHI,W,3.428333333333333,0.0,21.0,0.0,21.0,21.0,21.0,0.0,42.0,0.0,0.0,10.5,0.0,33.6,1,1,1,1,25010,12040,74,9215,593,23004,24779,1,5459,8133,1,25404,18674,10422,1.0,3:26,2017,2018
2017-18,1626172,Kevon Looney,Kevon,1610612744,GSW,Golden State Warriors,21700657,2018-01-17T00:00:00,GSW @ CHI,W,29.97833333333333,0.0,0.0,2.4,2.4,10.8,4.8,9.6,36.0,0.0,0.0,1.2,0.0,8.8,1,1,1,1,7261,12040,9889,7273,18109,12004,7013,15746,10131,8133,1,6606,18674,24417,1.0,29:59,2017,2018
2017-18,201156,Nick Young,Nick,1610612744,GSW,Golden State Warriors,21700657,2018-01-17T00:00:00,GSW @ CHI,W,18.666666666666668,0.0,0.0,0.0,3.9,42.4,11.6,30.9,57.9,1.9,0.0,1.9,0.0,25.8,1,1,1,1,17210,12040,9889,9215,15530,25873,17888,25697,848,3686,1,9557,18674,16243,1.0,18:40,2017,2018
2017-18,201939,Stephen Curry,Stephen,1610612744,GSW,Golden State Warriors,21700657,2018-01-17T00:00:00,GSW @ CHI,W,34.916666666666664,3.1,0.0,2.1,2.1,18.6,6.2,5.2,39.2,0.0,1.0,2.1,4.1,45.2,1,1,1,1,3156,8094,9889,8228,18782,21517,9221,9023,7537,8133,18470,10249,6729,3926,1.0,34:55,2017,2018
2017-18,2585,Zaza Pachulia,Zaza,1610612744,GSW,Golden State Warriors,21700657,2018-01-17T00:00:00,GSW @ CHI,W,17.566666666666666,0.0,0.0,0.0,8.2,6.1,0.0,6.1,28.7,0.0,0.0,2.0,0.0,54.7,1,1,1,1,18104,12040,9889,9215,8274,5489,1,10536,17330,8133,1,10179,18674,1406,1.0,17:34,2017,2018
2017-18,2733,Shaun Livingston,Shaun,1610612744,GSW,Golden State Warriors,21700657,2018-01-17T00:00:00,GSW @ CHI,W,15.105,0.0,0.0,0.0,4.8,21.4,4.8,50.0,47.7,0.0,0.0,7.1,0.0,11.7,1,1,1,1,19910,12040,9889,9215,13708,23204,6958,26031,2703,8133,1,23970,18674,23739,1.0,15:06,2017,2018
2017-18,1628395,Jordan Bell,Jordan,1610612744,GSW,Golden State Warriors,21700657,2018-01-17T00:00:00,GSW @ CHI,W,0.4,0.0,0.0,0.0,0.0,0.0,0.0,0.0,180.0,0.0,0.0,0.0,0.0,0.0,1,1,1,1,26019,12040,9889,9215,19152,1,1,1,15,8133,1,1,18674,25240,1.0,0:24,2017,2018
2017-18,1627775,Patrick McCaw,Patrick,1610612744,GSW,Golden State Warriors,21700657,2018-01-17T00:00:00,GSW @ CHI,W,15.18,4.7,4.7,0.0,9.5,26.1,4.7,9.5,37.9,0.0,2.4,4.7,0.0,24.0,1,1,1,1,19858,4731,3383,9215,6640,24693,6918,15597,8489,8133,23779,20345,18674,17639,1.0,15:11,2017,2018
2017-18,201142,Kevin Durant,Kevin,1610612744,GSW,Golden State Warriors,21700646,2018-01-15T00:00:00,GSW @ CLE,W,34.81666666666667,8.3,3.1,10.3,10.3,17.6,9.3,12.4,53.8,1.0,1.0,3.1,6.2,61.0,1,1,1,1,3243,1274,6234,388,5692,20742,14581,19222,1263,7251,18496,14927,2738,694,1.0,34:49,2017,2018
2017-18,201939,Stephen Curry,Stephen,1610612744,GSW,Golden State Warriors,21700646,2018-01-15T00:00:00,GSW @ CLE,W,33.391666666666666,4.3,1.1,2.2,8.6,16.2,7.5,10.8,49.6,0.0,2.2,3.2,4.3,46.1,1,1,1,1,4394,5467,9821,7936,7733,19412,11602,17303,2110,8133,23294,15456,6223,3550,1.0,33:24,2017,2018
2017-18,1628395,Jordan Bell,Jordan,1610612744,GSW,Golden State Warriors,21700646,2018-01-15T00:00:00,GSW @ CLE,W,13.716666666666669,0.0,5.2,0.0,10.5,13.1,5.2,7.9,36.7,0.0,2.6,2.6,5.2,22.6,1,1,1,1,20799,12040,2780,9215,5546,15545,7702,13287,9487,8133,24220,12804,4221,18569,1.0,13:43,2017,2018
2017-18,201156,Nick Young,Nick,1610612744,GSW,Golden State Warriors,21700646,2018-01-15T00:00:00,GSW @ CLE,W,12.058333333333334,9.0,0.0,0.0,0.0,17.9,6.0,17.9,59.7,0.0,0.0,3.0,0.0,23.9,1,1,1,1,21719,998,9889,9215,19152,21026,8844,23332,716,8133,1,14352,18674,17675,1.0,12:04,2017,2018
2017-18,1626172,Kevon Looney,Kevon,1610612744,GSW,Golden State Warriors,21700646,2018-01-15T00:00:00,GSW @ CLE,W,12.483333333333333,5.8,0.0,2.9,5.8,14.4,5.8,14.4,40.4,0.0,0.0,2.9,5.8,21.9,1,1,1,1,21501,3238,9889,6181,12056,17295,8528,21156,6600,8133,1,13883,3371,19012,1.0,12:29,2017,2018
2017-18,1627775,Patrick McCaw,Patrick,1610612744,GSW,Golden State Warriors,21700646,2018-01-15T00:00:00,GSW @ CLE,W,6.85,0.0,0.0,0.0,0.0,15.8,10.5,0.0,52.6,0.0,0.0,10.5,0.0,-5.3,1,1,1,1,23714,12040,9889,9215,19152,18954,16358,1,1447,8133,1,25407,18674,26016,1.0,6:51,2017,2018
2017-18,2733,Shaun Livingston,Shaun,1610612744,GSW,Golden State Warriors,21700646,2018-01-15T00:00:00,GSW @ CLE,W,12.966666666666669,0.0,5.6,5.6,5.6,8.3,11.1,0.0,33.3,0.0,0.0,5.6,0.0,24.7,1,1,1,1,21242,12040,2462,2348,12420,8215,17218,1,12777,8133,1,22032,18674,17091,1.0,12:58,2017,2018
2017-18,203110,Draymond Green,Draymond,1610612744,GSW,Golden State Warriors,21700646,2018-01-15T00:00:00,GSW @ CLE,W,38.11666666666667,0.0,2.8,0.0,9.4,17.0,10.4,9.4,43.4,1.9,0.0,4.7,2.8,44.1,1,1,1,1,1143,12040,6910,9215,6690,20216,16191,15523,4584,3786,1,20277,10874,4338,1.0,38:07,2017,2018
2017-18,202691,Klay Thompson,Klay,1610612744,GSW,Golden State Warriors,21700646,2018-01-15T00:00:00,GSW @ CLE,W,34.68333333333333,3.1,0.0,3.1,2.1,13.5,7.3,8.3,41.5,1.0,0.0,2.1,0.0,29.9,1,1,1,1,3344,8044,9889,5685,18747,16075,11093,13946,5763,7224,1,10316,18674,13187,1.0,34:41,2017,2018
2017-18,2738,Andre Iguodala,Andre,1610612744,GSW,Golden State Warriors,21700646,2018-01-15T00:00:00,GSW @ CLE,W,24.516666666666666,1.5,4.4,0.0,8.8,14.7,10.3,5.9,55.8,0.0,1.5,4.4,5.9,34.8,1,1,1,1,12169,11780,3855,9215,7476,17623,16038,10119,1015,8133,21065,19460,3220,9556,1.0,24:31,2017,2018
2017-18,2561,David West,David,1610612744,GSW,Golden State Warriors,21700646,2018-01-15T00:00:00,GSW @ CLE,W,16.4,0.0,0.0,4.4,4.4,11.0,4.4,4.4,39.5,4.4,0.0,0.0,2.2,39.5,1,1,1,1,18986,12040,9889,3601,14419,12267,6410,7766,7273,737,1,1,13280,6547,1.0,16:24,2017,2018
2017-18,201939,Stephen Curry,Stephen,1610612744,GSW,Golden State Warriors,21700631,2018-01-13T00:00:00,GSW @ TOR,W,34.46666666666667,2.1,0.0,6.3,4.2,10.4,15.7,12.5,48.0,0.0,0.0,3.1,7.3,48.8,1,1,1,1,3529,10878,9889,1764,14863,11410,22330,19366,2555,8133,1,15059,1615,2710,1.0,34:28,2017,2018
2017-18,1627775,Patrick McCaw,Patrick,1610612744,GSW,Golden State Warriors,21700631,2018-01-13T00:00:00,GSW @ TOR,W,20.05,0.0,3.6,3.6,7.2,3.6,14.4,19.8,53.9,0.0,1.8,1.8,1.8,21.0,1,1,1,1,16053,12040,5293,4853,9777,3246,21207,24040,1250,8133,22104,8920,14953,19588,1.0,20:03,2017,2018
2017-18,2733,Shaun Livingston,Shaun,1610612744,GSW,Golden State Warriors,21700631,2018-01-13T00:00:00,GSW @ TOR,W,11.466666666666669,0.0,0.0,0.0,0.0,6.3,6.3,12.6,50.2,0.0,3.1,3.1,3.1,34.8,1,1,1,1,22069,12040,9889,9215,19152,5637,9372,19389,1954,8133,24881,15082,9664,9513,1.0,11:28,2017,2018
2017-18,2738,Andre Iguodala,Andre,1610612744,GSW,Golden State Warriors,21700631,2018-01-13T00:00:00,GSW @ TOR,W,8.0,0.0,0.0,9.0,9.0,0.0,9.0,0.0,18.0,0.0,0.0,4.5,9.0,30.2,1,1,1,1,23341,12040,9889,629,7230,1,14080,1,23985,8133,1,19736,688,12986,1.0,8:00,2017,2018
2017-18,201142,Kevin Durant,Kevin,1610612744,GSW,Golden State Warriors,21700631,2018-01-13T00:00:00,GSW @ TOR,W,36.583333333333336,4.9,0.0,3.9,7.9,9.8,16.7,11.8,47.2,1.0,0.0,2.0,1.0,41.0,1,1,1,1,1971,4435,9889,4285,8773,10461,23039,18563,2860,7578,1,9770,18439,5767,1.0,36:35,2017,2018
2017-18,2585,Zaza Pachulia,Zaza,1610612744,GSW,Golden State Warriors,21700631,2018-01-13T00:00:00,GSW @ TOR,W,11.866666666666667,0.0,0.0,12.1,18.2,18.2,15.2,6.1,54.6,0.0,0.0,15.2,0.0,27.9,1,1,1,1,21882,12040,9889,222,1125,21277,21913,10424,1149,8133,1,25873,18674,14703,1.0,11:52,2017,2018
2017-18,2561,David West,David,1610612744,GSW,Golden State Warriors,21700631,2018-01-13T00:00:00,GSW @ TOR,W,15.48,7.0,7.0,0.0,9.3,9.3,14.0,20.9,60.5,0.0,0.0,2.3,7.0,24.9,1,1,1,1,19650,2076,1503,9215,6867,9638,20761,24425,666,8133,1,11583,1918,16954,1.0,15:29,2017,2018
2017-18,202691,Klay Thompson,Klay,1610612744,GSW,Golden State Warriors,21700631,2018-01-13T00:00:00,GSW @ TOR,W,38.516666666666666,0.0,0.0,0.0,9.3,11.2,14.0,13.1,52.3,0.9,0.0,1.9,2.8,34.4,1,1,1,1,973,12040,9889,9215,6805,12662,20841,19960,1492,7851,1,9249,10995,9877,1.0,38:31,2017,2018
2017-18,1626172,Kevon Looney,Kevon,1610612744,GSW,Golden State Warriors,21700631,2018-01-13T00:00:00,GSW @ TOR,W,21.236666666666668,0.0,0.0,0.0,6.8,6.8,10.2,15.3,44.1,0.0,0.0,1.7,1.7,21.7,1,1,1,1,15010,12040,9889,9215,10367,6200,15863,21818,4240,8133,1,8553,15338,19138,1.0,21:14,2017,2018
2017-18,201156,Nick Young,Nick,1610612744,GSW,Golden State Warriors,21700631,2018-01-13T00:00:00,GSW @ TOR,W,4.133333333333334,0.0,0.0,0.0,0.0,0.0,17.4,0.0,52.3,0.0,0.0,8.7,0.0,0.0,1,1,1,1,24724,12040,9889,9215,19152,1,23462,1,1508,8133,1,24863,18674,25240,1.0,4:08,2017,2018
2017-18,203110,Draymond Green,Draymond,1610612744,GSW,Golden State Warriors,21700631,2018-01-13T00:00:00,GSW @ TOR,W,38.2,1.9,0.0,1.9,3.8,9.4,16.0,6.6,41.5,0.9,0.0,1.9,3.8,30.7,1,1,1,1,1109,11465,9889,8725,15700,9834,22585,11245,5800,7809,1,9338,7731,12555,1.0,38:12,2017,2018
2017-18,2585,Zaza Pachulia,Zaza,1610612744,GSW,Golden State Warriors,21700622,2018-01-12T00:00:00,GSW @ MIL,W,14.35,0.0,0.0,0.0,10.0,15.1,0.0,20.1,50.2,0.0,2.5,2.5,5.0,32.9,1,1,1,1,20402,12040,9889,9215,6009,18107,1,24149,1975,8133,24028,12315,4660,10965,1.0,14:21,2017,2018
2017-18,2561,David West,David,1610612744,GSW,Golden State Warriors,21700622,2018-01-12T00:00:00,GSW @ MIL,W,16.8,0.0,0.0,4.3,12.9,6.4,21.4,0.0,25.7,4.3,2.1,2.1,0.0,50.4,1,1,1,1,18678,12040,9889,3742,3515,5789,24883,1,19874,769,23255,10674,18674,2283,1.0,16:48,2017,2018
2017-18,2738,Andre Iguodala,Andre,1610612744,GSW,Golden State Warriors,21700622,2018-01-12T00:00:00,GSW @ MIL,W,26.933333333333334,0.0,0.0,0.0,0.0,12.0,17.4,1.3,29.4,0.0,1.3,2.7,2.7,24.5,1,1,1,1,9971,12040,9889,9215,19152,13912,23440,4396,16655,8133,20454,12995,11438,17284,1.0,26:56,2017,2018
2017-18,202691,Klay Thompson,Klay,1610612744,GSW,Golden State Warriors,21700622,2018-01-12T00:00:00,GSW @ MIL,W,35.38333333333333,2.0,0.0,2.0,4.1,12.2,4.1,11.2,36.6,0.0,2.0,3.1,4.1,18.3,1,1,1,1,2823,11054,9889,8306,15112,14196,5943,17824,9565,8133,22921,14708,6865,21138,1.0,35:23,2017,2018
2017-18,1627775,Patrick McCaw,Patrick,1610612744,GSW,Golden State Warriors,21700622,2018-01-12T00:00:00,GSW @ MIL,W,22.635,3.2,6.4,0.0,9.5,14.3,6.4,17.5,47.7,0.0,0.0,0.0,0.0,25.8,1,1,1,1,13829,7864,1833,9215,6572,17171,9495,23148,2684,8133,1,1,18674,16295,1.0,22:38,2017,2018
2017-18,201142,Kevin Durant,Kevin,1610612744,GSW,Golden State Warriors,21700622,2018-01-12T00:00:00,GSW @ MIL,W,35.998333333333335,7.0,0.0,9.0,14.0,15.0,7.0,11.0,38.0,0.0,0.0,2.0,7.0,45.2,1,1,1,1,2376,2063,9889,628,2794,18045,10625,17588,8448,8133,1,9934,1890,3904,1.0,35:60,2017,2018
2017-18,203110,Draymond Green,Draymond,1610612744,GSW,Golden State Warriors,21700622,2018-01-12T00:00:00,GSW @ MIL,W,37.16666666666666,5.8,3.9,0.0,13.6,11.6,10.7,7.7,38.7,0.0,1.0,2.9,2.9,45.0,1,1,1,1,1619,3178,4760,9215,3045,13285,16553,13056,7859,8133,17957,13997,10599,3986,1.0,37:10,2017,2018
2017-18,1626172,Kevon Looney,Kevon,1610612744,GSW,Golden State Warriors,21700622,2018-01-12T00:00:00,GSW @ MIL,W,23.18,0.0,6.2,0.0,9.3,18.6,10.9,4.7,31.1,1.6,0.0,1.6,3.1,39.0,1,1,1,1,13375,12040,1928,9215,6849,21577,16900,8174,15020,4687,1,8095,9799,6828,1.0,23:11,2017,2018
2017-18,2733,Shaun Livingston,Shaun,1610612744,GSW,Golden State Warriors,21700622,2018-01-12T00:00:00,GSW @ MIL,W,14.5,5.0,0.0,0.0,5.0,7.4,19.9,5.0,24.8,0.0,0.0,0.0,0.0,16.1,1,1,1,1,20293,4356,9889,9215,13364,7049,24468,8687,20549,8133,1,1,18674,22179,1.0,14:30,2017,2018
2017-18,201156,Nick Young,Nick,1610612744,GSW,Golden State Warriors,21700622,2018-01-12T00:00:00,GSW @ MIL,W,13.053333333333333,0.0,5.5,8.3,5.5,24.8,30.3,0.0,33.1,0.0,0.0,0.0,0.0,22.6,1,1,1,1,21190,12040,2494,811,12484,24392,25769,1,12989,8133,1,1,18674,18548,1.0,13:03,2017,2018
2017-18,201142,Kevin Durant,Kevin,1610612744,GSW,Golden State Warriors,21700613,2018-01-10T00:00:00,GSW vs. LAC,L,31.21333333333333,12.7,0.0,2.3,0.0,8.1,11.5,16.1,46.1,1.2,0.0,3.5,6.9,59.7,1,13054,13054,13054,6231,291,9889,7517,19152,7866,17839,22426,3271,6449,1,16329,1954,789,1.0,31:13,2017,2018
2017-18,1626172,Kevon Looney,Kevon,1610612744,GSW,Golden State Warriors,21700613,2018-01-10T00:00:00,GSW vs. LAC,L,4.0183333333333335,0.0,17.9,0.0,0.0,0.0,0.0,0.0,0.0,0.0,0.0,0.0,0.0,39.4,1,13054,13054,13054,24769,12040,115,9215,19152,1,1,1,25495,8133,1,1,18674,6600,1.0,4:01,2017,2018
2017-18,2561,David West,David,1610612744,GSW,Golden State Warriors,21700613,2018-01-10T00:00:00,GSW vs. LAC,L,11.316666666666666,0.0,0.0,0.0,0.0,6.4,25.4,9.5,50.9,12.7,0.0,3.2,9.5,57.9,1,13054,13054,13054,22131,12040,9889,9215,19152,5716,25496,15663,1792,30,1,15232,535,967,1.0,11:19,2017,2018
2017-18,1628395,Jordan Bell,Jordan,1610612744,GSW,Golden State Warriors,21700613,2018-01-10T00:00:00,GSW vs. LAC,L,14.381666666666666,5.0,0.0,5.0,10.0,5.0,10.0,10.0,30.0,2.5,0.0,7.5,0.0,34.0,1,13054,13054,13054,20389,4289,9889,2874,6039,4334,15640,16281,16011,2368,1,24228,18674,10134,1.0,14:23,2017,2018
2017-18,1627775,Patrick McCaw,Patrick,1610612744,GSW,Golden State Warriors,21700613,2018-01-10T00:00:00,GSW vs. LAC,L,24.52,0.0,0.0,0.0,5.9,5.9,8.8,23.5,41.1,0.0,1.5,1.5,1.5,12.6,1,13054,13054,13054,12168,12040,9889,9215,11889,5196,13764,25048,6077,8133,21064,7786,16218,23437,1.0,24:31,2017,2018
2017-18,201156,Nick Young,Nick,1610612744,GSW,Golden State Warriors,21700613,2018-01-10T00:00:00,GSW vs. LAC,L,25.296666666666667,2.8,0.0,0.0,5.7,2.8,5.7,10.0,48.4,0.0,0.0,2.8,1.4,16.4,1,13054,13054,13054,11489,8728,9889,9215,12170,2809,8413,16227,2442,8133,1,13718,16419,22092,1.0,25:18,2017,2018
2017-18,2733,Shaun Livingston,Shaun,1610612744,GSW,Golden State Warriors,21700613,2018-01-10T00:00:00,GSW vs. LAC,L,25.03333333333333,2.9,0.0,2.9,0.0,7.2,14.4,10.1,48.9,0.0,1.4,5.8,4.3,26.2,1,13054,13054,13054,11692,8665,9889,6196,19152,6720,21227,16356,2299,8133,20939,22351,6216,15996,1.0,25:02,2017,2018
2017-18,2738,Andre Iguodala,Andre,1610612744,GSW,Golden State Warriors,21700613,2018-01-10T00:00:00,GSW vs. LAC,L,28.566666666666663,0.0,0.0,5.0,5.0,8.8,12.6,18.9,45.4,0.0,0.0,3.8,0.0,26.7,1,13054,13054,13054,8515,12040,9889,2830,13233,8908,19249,23750,3591,8133,1,17455,18674,15600,1.0,28:34,2017,2018
2017-18,203110,Draymond Green,Draymond,1610612744,GSW,Golden State Warriors,21700613,2018-01-10T00:00:00,GSW vs. LAC,L,29.33333333333333,0.0,0.0,0.0,0.0,6.1,7.4,14.7,51.5,0.0,0.0,2.5,3.7,30.7,1,13054,13054,13054,7846,12040,9889,9215,19152,5474,11272,21414,1646,8133,1,12100,7973,12596,1.0,29:20,2017,2018
2017-18,201580,JaVale McGee,JaVale,1610612744,GSW,Golden State Warriors,21700613,2018-01-10T00:00:00,GSW vs. LAC,L,6.45,0.0,0.0,0.0,11.2,0.0,0.0,39.1,44.7,0.0,0.0,0.0,0.0,19.5,1,13054,13054,13054,23865,12040,9889,9215,4900,1,1,25935,3942,8133,1,1,18674,20465,1.0,6:27,2017,2018
2017-18,2585,Zaza Pachulia,Zaza,1610612744,GSW,Golden State Warriors,21700613,2018-01-10T00:00:00,GSW vs. LAC,L,15.816666666666666,4.6,4.6,4.6,18.2,9.1,4.6,13.7,50.1,0.0,0.0,4.6,4.6,39.8,1,13054,13054,13054,19409,5037,3647,3403,1121,9332,6642,20481,1995,8133,1,19863,5655,6376,1.0,15:49,2017,2018
2017-18,201956,Omri Casspi,Omri,1610612744,GSW,Golden State Warriors,21700613,2018-01-10T00:00:00,GSW vs. LAC,L,24.05333333333333,3.0,0.0,3.0,9.0,10.5,15.0,21.0,41.9,0.0,1.5,0.0,0.0,30.1,1,13054,13054,13054,12601,8329,9889,5945,7269,11468,21735,24435,5533,8133,21185,1,18674,13041,1.0,24:03,2017,2018
2017-18,1628395,Jordan Bell,Jordan,1610612744,GSW,Golden State Warriors,21700597,2018-01-08T00:00:00,GSW vs. DEN,W,18.67,0.0,3.9,0.0,11.6,9.6,5.8,13.5,38.6,1.9,0.0,1.9,5.8,41.6,1,1,1,1,17209,12040,4796,9215,4503,10173,8565,20342,8007,3694,1,9556,3352,5443,1.0,18:40,2017,2018
2017-18,201156,Nick Young,Nick,1610612744,GSW,Golden State Warriors,21700597,2018-01-08T00:00:00,GSW vs. DEN,W,15.433333333333334,0.0,0.0,0.0,4.7,4.7,11.7,9.3,51.3,0.0,0.0,2.3,2.3,18.7,1,1,1,1,19681,12040,9889,9215,13893,4049,18028,15367,1692,8133,1,11614,12719,20965,1.0,15:26,2017,2018
2017-18,203110,Draymond Green,Draymond,1610612744,GSW,Golden State Warriors,21700597,2018-01-08T00:00:00,GSW vs. DEN,W,35.413333333333334,0.0,2.0,5.1,8.1,15.2,20.3,7.1,40.7,3.0,0.0,1.0,3.0,54.9,1,1,1,1,2803,12040,8939,2786,8368,18370,24609,12069,6418,1662,1,5668,10003,1371,1.0,35:25,2017,2018
2017-18,201956,Omri Casspi,Omri,1610612744,GSW,Golden State Warriors,21700597,2018-01-08T00:00:00,GSW vs. DEN,W,14.166666666666666,5.1,0.0,10.2,10.2,20.3,22.9,15.2,71.2,2.5,0.0,5.1,2.5,33.8,1,1,1,1,20520,4146,9889,403,5858,22663,25165,21808,271,2321,1,21132,11913,10287,1.0,14:10,2017,2018
2017-18,2561,David West,David,1610612744,GSW,Golden State Warriors,21700597,2018-01-08T00:00:00,GSW vs. DEN,W,16.2,0.0,8.9,0.0,8.9,8.9,17.8,0.0,44.4,0.0,2.2,6.7,0.0,53.8,1,1,1,1,19140,12040,797,9215,7366,9013,23651,1,4047,8133,23454,23568,18674,1576,1.0,16:12,2017,2018
2017-18,2585,Zaza Pachulia,Zaza,1610612744,GSW,Golden State Warriors,21700597,2018-01-08T00:00:00,GSW vs. DEN,W,12.95,0.0,5.6,0.0,11.1,16.7,16.7,5.6,50.0,0.0,0.0,5.6,0.0,33.9,1,1,1,1,21252,12040,2451,9215,4935,19894,23010,9629,2003,8133,1,22046,18674,10209,1.0,12:57,2017,2018
2017-18,2738,Andre Iguodala,Andre,1610612744,GSW,Golden State Warriors,21700597,2018-01-08T00:00:00,GSW vs. DEN,W,29.5,0.0,0.0,2.4,2.4,20.7,18.3,8.5,43.9,2.4,0.0,1.2,1.2,22.1,1,1,1,1,7682,12040,9889,7179,18036,22870,23902,14265,4304,2479,1,6705,17374,18907,1.0,29:30,2017,2018
2017-18,1627775,Patrick McCaw,Patrick,1610612744,GSW,Golden State Warriors,21700597,2018-01-08T00:00:00,GSW vs. DEN,W,13.435,0.0,0.0,0.0,5.4,16.1,13.4,10.7,59.0,0.0,2.7,0.0,0.0,16.6,1,1,1,1,20964,12040,9889,9215,12736,19309,20194,17219,763,8133,24297,1,18674,21968,1.0,13:26,2017,2018
2017-18,201939,Stephen Curry,Stephen,1610612744,GSW,Golden State Warriors,21700597,2018-01-08T00:00:00,GSW vs. DEN,W,34.83833333333333,7.2,0.0,7.2,4.1,19.6,16.5,11.4,47.5,0.0,0.0,3.1,6.2,52.0,1,1,1,1,3231,1875,9889,1201,14975,22253,22922,18029,2744,8133,1,14919,2746,1902,1.0,34:50,2017,2018
2017-18,202691,Klay Thompson,Klay,1610612744,GSW,Golden State Warriors,21700597,2018-01-08T00:00:00,GSW vs. DEN,W,35.431666666666665,2.0,3.0,2.0,2.0,13.2,17.3,7.1,42.7,2.0,0.0,0.0,0.0,33.0,1,1,1,1,2781,11065,6374,8318,18835,15669,23369,12061,5023,3389,1,1,18674,10851,1.0,35:26,2017,2018
2017-18,2733,Shaun Livingston,Shaun,1610612744,GSW,Golden State Warriors,21700597,2018-01-08T00:00:00,GSW vs. DEN,W,13.961666666666666,0.0,0.0,5.2,15.5,0.0,15.5,0.0,41.3,2.6,2.6,2.6,2.6,50.8,1,1,1,1,20646,12040,9889,2704,2065,1,22171,1,5967,2276,24152,12612,11781,2163,1.0,13:58,2017,2018
2017-18,201956,Omri Casspi,Omri,1610612744,GSW,Golden State Warriors,21700578,2018-01-06T00:00:00,GSW @ LAC,W,15.516666666666667,9.3,4.6,0.0,9.3,39.4,16.2,25.5,55.7,0.0,0.0,4.6,4.6,23.4,1,1,1,1,19617,873,3530,9215,6892,25806,22745,25319,1028,8133,1,20069,5454,18015,1.0,15:31,2017,2018
2017-18,201156,Nick Young,Nick,1610612744,GSW,Golden State Warriors,21700578,2018-01-06T00:00:00,GSW @ LAC,W,19.966666666666665,10.8,5.4,7.2,3.6,32.5,12.6,32.5,54.1,0.0,0.0,5.4,1.8,38.0,1,1,1,1,16147,520,2602,1211,15989,25525,19272,25772,1209,8133,1,21770,14916,7378,1.0,19:58,2017,2018
2017-18,203110,Draymond Green,Draymond,1610612744,GSW,Golden State Warriors,21700578,2018-01-06T00:00:00,GSW @ LAC,W,28.675,5.0,0.0,2.5,7.5,7.5,15.1,15.1,42.7,0.0,1.3,2.5,5.0,43.8,1,1,1,1,8421,4259,9889,7026,9278,7162,21823,21681,5016,8133,20041,12328,4651,4453,1.0,28:41,2017,2018
2017-18,202691,Klay Thompson,Klay,1610612744,GSW,Golden State Warriors,21700578,2018-01-06T00:00:00,GSW @ LAC,W,25.566666666666663,0.0,7.0,0.0,0.0,11.3,14.1,14.1,45.1,1.4,2.8,2.8,0.0,32.8,1,1,1,1,11209,12040,1469,9215,19152,12734,20925,20845,3735,5193,24501,13567,18674,11012,1.0,25:34,2017,2018
2017-18,2738,Andre Iguodala,Andre,1610612744,GSW,Golden State Warriors,21700578,2018-01-06T00:00:00,GSW @ LAC,W,22.73333333333333,0.0,0.0,3.2,0.0,9.5,12.7,11.1,44.3,1.6,0.0,1.6,3.2,33.7,1,1,1,1,13739,12040,9889,5578,19152,9949,19329,17702,4092,4609,1,8186,9567,10335,1.0,22:44,2017,2018
2017-18,2733,Shaun Livingston,Shaun,1610612744,GSW,Golden State Warriors,21700578,2018-01-06T00:00:00,GSW @ LAC,W,9.591666666666669,0.0,0.0,0.0,15.0,18.8,7.5,30.0,52.5,3.8,0.0,3.8,0.0,47.7,1,1,1,1,22784,12040,9889,9215,2239,21674,11529,25653,1448,1048,1,17350,18674,3026,1.0,9:36,2017,2018
2017-18,1626172,Kevon Looney,Kevon,1610612744,GSW,Golden State Warriors,21700578,2018-01-06T00:00:00,GSW @ LAC,W,14.675,0.0,0.0,4.9,4.9,17.2,7.4,29.4,39.3,9.8,0.0,4.9,2.5,47.1,1,1,1,1,20185,12040,9889,2985,13466,20390,11261,25626,7478,63,1,20723,12246,3197,1.0,14:41,2017,2018
2017-18,1628395,Jordan Bell,Jordan,1610612744,GSW,Golden State Warriors,21700578,2018-01-06T00:00:00,GSW @ LAC,W,16.433333333333334,0.0,0.0,0.0,0.0,39.4,15.3,35.1,61.3,2.2,0.0,4.4,2.2,41.0,1,1,1,1,18963,12040,9889,9215,19152,25804,22064,25860,603,2989,1,19399,13289,5804,1.0,16:26,2017,2018
2017-18,1627775,Patrick McCaw,Patrick,1610612744,GSW,Golden State Warriors,21700578,2018-01-06T00:00:00,GSW @ LAC,W,22.433333333333334,0.0,0.0,0.0,0.0,28.9,11.2,28.9,51.4,0.0,0.0,3.2,0.0,19.7,1,1,1,1,14015,12040,9889,9215,19152,25167,17425,25591,1681,8133,1,15353,18674,20345,1.0,22:26,2017,2018
2017-18,201580,JaVale McGee,JaVale,1610612744,GSW,Golden State Warriors,21700578,2018-01-06T00:00:00,GSW @ LAC,W,13.333333333333334,10.8,18.9,0.0,16.2,35.1,10.8,24.3,70.2,5.4,0.0,5.4,8.1,56.2,1,1,1,1,21033,523,98,9215,1771,25680,16794,25180,285,417,1,21750,1082,1180,1.0,13:20,2017,2018
2017-18,2585,Zaza Pachulia,Zaza,1610612744,GSW,Golden State Warriors,21700578,2018-01-06T00:00:00,GSW @ LAC,W,13.666666666666666,0.0,0.0,5.3,10.5,15.8,15.8,10.5,31.6,0.0,5.3,5.3,2.6,34.2,1,1,1,1,20824,12040,9889,2602,5502,19000,22435,16999,14489,8133,25797,21500,11577,9987,1.0,13:40,2017,2018
2017-18,2561,David West,David,1610612744,GSW,Golden State Warriors,21700578,2018-01-06T00:00:00,GSW @ LAC,W,7.566666666666666,0.0,0.0,0.0,19.0,9.5,9.5,14.3,47.6,0.0,4.8,9.5,14.3,67.6,1,1,1,1,23483,12040,9889,9215,948,9970,14897,21021,2730,8133,25702,25135,100,306,1.0,7:34,2017,2018
2017-18,201939,Stephen Curry,Stephen,1610612744,GSW,Golden State Warriors,21700578,2018-01-06T00:00:00,GSW @ LAC,W,29.841666666666665,10.9,7.2,15.7,7.2,7.2,12.1,14.5,41.0,0.0,1.2,2.4,8.4,76.8,1,1,1,1,7385,509,1370,88,9683,6778,18568,21219,6144,8133,19736,11919,920,143,1.0,29:51,2017,2018
2017-18,2585,Zaza Pachulia,Zaza,1610612744,GSW,Golden State Warriors,21700566,2018-01-04T00:00:00,GSW @ HOU,W,14.383333333333333,10.0,0.0,5.0,10.0,17.5,0.0,5.0,40.0,0.0,2.5,5.0,5.0,29.3,1,1,1,1,20381,675,9889,2875,6040,20691,1,8768,6849,8133,24012,20964,4690,13653,1.0,14:23,2017,2018
2017-18,201156,Nick Young,Nick,1610612744,GSW,Golden State Warriors,21700566,2018-01-04T00:00:00,GSW @ HOU,W,19.45,5.6,0.0,0.0,3.7,14.8,7.4,0.0,37.0,0.0,0.0,0.0,3.7,25.4,1,1,1,1,16580,3518,9889,9215,15832,17781,11358,1,9268,8133,1,1,7920,16608,1.0,19:27,2017,2018
2017-18,202691,Klay Thompson,Klay,1610612744,GSW,Golden State Warriors,21700566,2018-01-04T00:00:00,GSW @ HOU,W,37.56666666666667,0.0,1.9,2.9,3.8,10.5,1.9,1.9,32.6,0.0,1.0,1.9,1.0,35.1,1,1,1,1,1419,12040,9271,6205,15570,11559,3748,4540,13515,8133,17904,9502,18515,9375,1.0,37:34,2017,2018
2017-18,201939,Stephen Curry,Stephen,1610612744,GSW,Golden State Warriors,21700566,2018-01-04T00:00:00,GSW @ HOU,W,36.85333333333333,2.9,0.0,0.0,9.8,13.7,2.0,2.0,29.3,0.0,0.0,2.9,3.9,46.2,1,1,1,1,1791,8517,9889,9215,6304,16326,3766,4562,16750,8133,1,14111,7322,3529,1.0,36:51,2017,2018
2017-18,2561,David West,David,1610612744,GSW,Golden State Warriors,21700566,2018-01-04T00:00:00,GSW @ HOU,W,11.816666666666666,0.0,0.0,6.1,30.5,12.2,6.1,0.0,36.6,6.1,0.0,9.1,0.0,68.2,1,1,1,1,21912,12040,9889,1897,98,14157,9081,1,9636,289,1,25027,18674,277,1.0,11:49,2017,2018
2017-18,1628395,Jordan Bell,Jordan,1610612744,GSW,Golden State Warriors,21700566,2018-01-04T00:00:00,GSW @ HOU,W,6.1,0.0,0.0,0.0,0.0,23.6,11.8,0.0,23.6,5.9,0.0,5.9,0.0,17.7,1,1,1,1,24006,12040,9889,9215,19152,24046,18211,1,21361,328,1,22600,18674,21461,1.0,6:06,2017,2018
2017-18,2733,Shaun Livingston,Shaun,1610612744,GSW,Golden State Warriors,21700566,2018-01-04T00:00:00,GSW @ HOU,W,12.613333333333332,0.0,0.0,0.0,0.0,5.7,5.7,0.0,34.2,0.0,0.0,2.9,2.9,15.1,1,1,1,1,21437,12040,9889,9215,19152,5035,8437,1,11860,8133,1,13750,10798,22588,1.0,12:37,2017,2018
2017-18,203110,Draymond Green,Draymond,1610612744,GSW,Golden State Warriors,21700566,2018-01-04T00:00:00,GSW @ HOU,W,38.03333333333333,1.9,3.8,0.0,7.6,15.1,3.8,0.0,36.0,0.9,0.0,2.8,3.8,50.9,1,1,1,1,1178,11441,4920,9215,9227,18248,5556,1,10189,7788,1,13686,7691,2127,1.0,38:02,2017,2018
2017-18,2738,Andre Iguodala,Andre,1610612744,GSW,Golden State Warriors,21700566,2018-01-04T00:00:00,GSW @ HOU,W,30.55,2.4,0.0,2.4,9.4,14.1,0.0,2.4,25.9,1.2,0.0,2.4,1.2,37.0,1,1,1,1,6769,10057,9889,7398,6714,16939,1,4990,19698,6322,1,11704,17571,8028,1.0,30:33,2017,2018
2017-18,1627775,Patrick McCaw,Patrick,1610612744,GSW,Golden State Warriors,21700566,2018-01-04T00:00:00,GSW @ HOU,W,17.866666666666667,0.0,0.0,0.0,8.1,18.1,4.0,4.0,32.2,0.0,0.0,2.0,0.0,19.5,1,1,1,1,17882,12040,9889,9215,8475,21216,5898,7182,13869,8133,1,10007,18674,20459,1.0,17:52,2017,2018
2017-18,1626172,Kevon Looney,Kevon,1610612744,GSW,Golden State Warriors,21700566,2018-01-04T00:00:00,GSW @ HOU,W,14.766666666666667,2.4,7.3,0.0,14.6,7.3,0.0,0.0,14.6,2.4,2.4,0.0,4.9,47.8,1,1,1,1,20121,9814,1330,9215,2457,6872,1,1,24782,2486,23905,1,4927,2993,1.0,14:46,2017,2018
2017-18,1627775,Patrick McCaw,Patrick,1610612744,GSW,Golden State Warriors,21700562,2018-01-03T00:00:00,GSW @ DAL,W,21.661666666666665,3.3,3.3,0.0,10.0,8.3,6.6,8.3,33.2,0.0,0.0,3.3,1.7,29.1,1,1,1,1,14674,7538,5783,9215,6083,8193,9980,13952,12841,8133,1,15791,15467,13828,1.0,21:40,2017,2018
2017-18,1628395,Jordan Bell,Jordan,1610612744,GSW,Golden State Warriors,21700562,2018-01-03T00:00:00,GSW @ DAL,W,20.105,0.0,0.0,3.6,0.0,10.7,12.5,5.4,21.5,0.0,0.0,7.2,1.8,25.6,1,1,1,1,15999,12040,9889,4873,19152,11888,19155,9348,22577,8133,1,23982,14983,16417,1.0,20:06,2017,2018
2017-18,201156,Nick Young,Nick,1610612744,GSW,Golden State Warriors,21700562,2018-01-03T00:00:00,GSW @ DAL,W,11.816666666666666,0.0,0.0,0.0,0.0,6.1,6.1,0.0,24.4,3.0,0.0,6.1,3.0,9.7,1,1,1,1,21912,12040,9889,9215,19152,5422,9081,1,20867,1665,1,22896,10016,24212,1.0,11:49,2017,2018
2017-18,203110,Draymond Green,Draymond,1610612744,GSW,Golden State Warriors,21700562,2018-01-03T00:00:00,GSW @ DAL,W,37.65,2.9,2.9,4.8,7.6,12.4,6.7,5.7,28.7,1.0,0.0,1.9,1.9,38.4,1,1,1,1,1372,8685,6835,3134,9108,14510,10071,9916,17334,7737,1,9477,14527,7146,1.0,37:39,2017,2018
2017-18,2561,David West,David,1610612744,GSW,Golden State Warriors,21700562,2018-01-03T00:00:00,GSW @ DAL,W,14.966666666666669,4.8,0.0,0.0,9.6,4.8,0.0,4.8,28.9,0.0,0.0,7.2,2.4,46.2,1,1,1,1,19999,4619,9889,9215,6473,4178,1,8424,17186,8133,1,24017,12427,3537,1.0,14:58,2017,2018
2017-18,201142,Kevin Durant,Kevin,1610612744,GSW,Golden State Warriors,21700562,2018-01-03T00:00:00,GSW @ DAL,W,37.98333333333333,0.0,0.0,1.9,1.9,10.4,6.6,6.6,26.5,3.8,0.9,0.9,3.8,55.4,1,1,1,1,1202,12040,9889,8696,19036,11386,9951,11308,19207,1024,17815,5371,7674,1301,1.0,37:59,2017,2018
2017-18,2733,Shaun Livingston,Shaun,1610612744,GSW,Golden State Warriors,21700562,2018-01-03T00:00:00,GSW @ DAL,W,12.983333333333333,0.0,0.0,0.0,0.0,5.5,0.0,5.5,27.7,0.0,0.0,8.3,2.8,13.9,1,1,1,1,21228,12040,9889,9215,19152,4845,1,9603,18209,8133,1,24709,11107,23059,1.0,12:59,2017,2018
2017-18,2585,Zaza Pachulia,Zaza,1610612744,GSW,Golden State Warriors,21700562,2018-01-03T00:00:00,GSW @ DAL,W,11.9,6.1,0.0,12.1,12.1,6.1,0.0,12.1,24.2,0.0,3.0,6.1,6.1,37.5,1,1,1,1,21862,2901,9889,225,4054,5366,1,18873,20976,8133,24753,22826,2948,7703,1.0,11:54,2017,2018
2017-18,202691,Klay Thompson,Klay,1610612744,GSW,Golden State Warriors,21700562,2018-01-03T00:00:00,GSW @ DAL,W,36.45,6.9,4.9,0.0,9.9,10.9,3.0,8.9,25.7,1.0,0.0,1.0,0.0,44.4,1,1,1,1,2062,2136,3130,9215,6190,12081,4627,14755,19904,7551,1,5522,18674,4194,1.0,36:27,2017,2018
2017-18,201939,Stephen Curry,Stephen,1610612744,GSW,Golden State Warriors,21700562,2018-01-03T00:00:00,GSW @ DAL,W,34.483333333333334,4.2,0.0,8.4,6.3,11.5,5.2,7.3,27.1,0.0,0.0,1.0,4.2,52.2,1,1,1,1,3510,5717,9889,777,11159,13080,7657,12367,18694,8133,1,5811,6587,1860,1.0,34:29,2017,2018
2017-18,1628395,Jordan Bell,Jordan,1610612744,GSW,Golden State Warriors,21700535,2017-12-30T00:00:00,GSW vs. MEM,W,18.633333333333333,3.9,3.9,0.0,15.5,17.4,11.6,7.7,42.5,7.7,0.0,0.0,3.9,59.1,1,1,1,1,17238,6398,4784,9215,2066,20572,17910,13027,5132,144,1,1,7454,844,1.0,18:38,2017,2018
2017-18,201142,Kevin Durant,Kevin,1610612744,GSW,Golden State Warriors,21700535,2017-12-30T00:00:00,GSW vs. MEM,W,35.2,0.0,2.0,0.0,4.1,6.1,13.3,4.1,38.9,1.0,0.0,1.0,4.1,45.5,1,1,1,1,2974,12040,8903,9215,15079,5471,20095,7302,7761,7325,1,5707,6813,3779,1.0,35:12,2017,2018
2017-18,2561,David West,David,1610612744,GSW,Golden State Warriors,21700535,2017-12-30T00:00:00,GSW vs. MEM,W,13.45,0.0,10.7,0.0,10.7,5.4,18.7,5.4,32.1,0.0,0.0,5.4,2.7,54.1,1,1,1,1,20956,12040,445,9215,5336,4638,24068,9313,13981,8133,1,21650,11426,1518,1.0,13:27,2017,2018
2017-18,2585,Zaza Pachulia,Zaza,1610612744,GSW,Golden State Warriors,21700535,2017-12-30T00:00:00,GSW vs. MEM,W,23.966666666666665,0.0,0.0,3.0,18.0,6.0,12.0,3.0,39.1,0.0,0.0,1.5,4.5,53.5,1,1,1,1,12679,12040,9889,5916,1172,5335,18518,5774,7629,8133,1,7898,5754,1628,1.0,23:58,2017,2018
2017-18,201939,Stephen Curry,Stephen,1610612744,GSW,Golden State Warriors,21700535,2017-12-30T00:00:00,GSW vs. MEM,W,25.6,8.4,0.0,7.0,5.6,5.6,11.3,2.8,36.6,0.0,0.0,2.8,4.2,66.5,1,1,1,1,11175,1196,9889,1323,12293,4939,17444,5507,9631,8133,1,13552,6469,357,1.0,25:36,2017,2018
2017-18,202691,Klay Thompson,Klay,1610612744,GSW,Golden State Warriors,21700535,2017-12-30T00:00:00,GSW vs. MEM,W,34.38333333333333,3.1,2.1,9.4,0.0,6.3,13.6,6.3,41.9,0.0,0.0,1.0,2.1,26.7,1,1,1,1,3594,7958,8763,519,19152,5643,20427,10743,5545,8133,1,5830,13728,15613,1.0,34:23,2017,2018
2017-18,201580,JaVale McGee,JaVale,1610612744,GSW,Golden State Warriors,21700535,2017-12-30T00:00:00,GSW vs. MEM,W,10.583333333333334,0.0,0.0,0.0,0.0,30.6,10.2,13.6,54.4,0.0,0.0,6.8,3.4,7.5,1,1,1,1,22403,12040,9889,9215,19152,25375,15913,20439,1166,8133,1,23688,8840,24639,1.0,10:35,2017,2018
2017-18,1627775,Patrick McCaw,Patrick,1610612744,GSW,Golden State Warriors,21700535,2017-12-30T00:00:00,GSW vs. MEM,W,2.533333333333333,0.0,0.0,0.0,0.0,99.5,0.0,28.4,85.3,0.0,0.0,0.0,0.0,7.1,1,1,1,1,25353,12040,9889,9215,19152,26079,1,25560,126,8133,1,1,18674,24700,1.0,2:32,2017,2018
2017-18,201956,Omri Casspi,Omri,1610612744,GSW,Golden State Warriors,21700535,2017-12-30T00:00:00,GSW vs. MEM,W,19.33333333333333,0.0,0.0,0.0,11.2,16.8,14.9,11.2,48.4,1.9,0.0,1.9,1.9,28.1,1,1,1,1,16680,12040,9889,9215,4892,19969,21686,17796,2427,3856,1,9205,14707,14565,1.0,19:20,2017,2018
2017-18,2738,Andre Iguodala,Andre,1610612744,GSW,Golden State Warriors,21700535,2017-12-30T00:00:00,GSW vs. MEM,W,19.05,3.8,0.0,3.8,3.8,7.6,15.1,7.6,37.8,0.0,0.0,1.9,3.8,15.1,1,1,1,1,16919,6582,9889,4538,15684,7199,21873,12767,8602,8133,1,9355,7710,22594,1.0,19:03,2017,2018
2017-18,201156,Nick Young,Nick,1610612744,GSW,Golden State Warriors,21700535,2017-12-30T00:00:00,GSW vs. MEM,W,12.033333333333331,0.0,0.0,6.0,0.0,26.9,15.0,6.0,41.9,0.0,0.0,3.0,3.0,15.6,1,1,1,1,21732,12040,9889,2019,19152,24858,21727,10282,5543,8133,1,14387,10271,22418,1.0,12:02,2017,2018
2017-18,203110,Draymond Green,Draymond,1610612744,GSW,Golden State Warriors,21700535,2017-12-30T00:00:00,GSW vs. MEM,W,10.066666666666666,0.0,0.0,0.0,0.0,14.3,7.2,0.0,35.8,0.0,0.0,7.2,0.0,30.4,1,1,1,1,22622,12040,9889,9215,19152,17158,10907,1,10391,8133,1,23973,18674,12799,1.0,10:04,2017,2018
2017-18,2733,Shaun Livingston,Shaun,1610612744,GSW,Golden State Warriors,21700535,2017-12-30T00:00:00,GSW vs. MEM,W,15.166666666666666,0.0,4.7,0.0,9.5,4.7,21.4,4.7,33.2,0.0,0.0,7.1,4.7,37.7,1,1,1,1,19859,12040,3376,9215,6628,4118,24864,8304,12844,8133,1,23945,5197,7566,1.0,15:10,2017,2018
2017-18,202691,Klay Thompson,Klay,1610612744,GSW,Golden State Warriors,21700528,2017-12-29T00:00:00,GSW vs. CHA,L,36.178333333333335,2.0,3.0,0.0,4.0,22.9,9.0,10.0,29.9,0.0,0.0,3.0,1.0,28.5,1,13054,13054,13054,2241,11202,6541,9215,15275,23796,14007,16211,16208,8133,1,14349,18396,14298,1.0,36:11,2017,2018
2017-18,201142,Kevin Durant,Kevin,1610612744,GSW,Golden State Warriors,21700528,2017-12-29T00:00:00,GSW vs. CHA,L,33.835,3.2,3.2,8.5,2.1,22.3,17.0,6.4,31.9,0.0,2.1,3.2,4.3,40.2,1,13054,13054,13054,4019,7834,6040,732,18649,23579,23230,10905,14189,8133,23222,15287,6366,6170,1.0,33:50,2017,2018
2017-18,201156,Nick Young,Nick,1610612744,GSW,Golden State Warriors,21700528,2017-12-29T00:00:00,GSW vs. CHA,L,15.66,0.0,0.0,0.0,0.0,18.4,25.3,9.2,46.0,0.0,0.0,4.6,0.0,9.2,1,13054,13054,13054,19516,12040,9889,9215,19152,21413,25475,15184,3332,8133,1,19973,18674,24328,1.0,15:40,2017,2018
2017-18,2585,Zaza Pachulia,Zaza,1610612744,GSW,Golden State Warriors,21700528,2017-12-29T00:00:00,GSW vs. CHA,L,13.933333333333334,0.0,0.0,0.0,0.0,23.3,0.0,10.3,25.8,0.0,0.0,10.3,0.0,26.9,1,13054,13054,13054,20661,12040,9889,9215,19152,23932,1,16709,19787,8133,1,25361,18674,15476,1.0,13:56,2017,2018
2017-18,203110,Draymond Green,Draymond,1610612744,GSW,Golden State Warriors,21700528,2017-12-29T00:00:00,GSW vs. CHA,L,33.67333333333333,2.1,2.1,2.1,8.6,27.8,7.5,10.7,29.9,3.2,3.2,2.1,2.1,52.6,1,13054,13054,13054,4157,10714,8635,8004,7829,24989,11498,17188,16125,1508,24954,10649,13533,1782,1.0,33:40,2017,2018
2017-18,2561,David West,David,1610612744,GSW,Golden State Warriors,21700528,2017-12-29T00:00:00,GSW vs. CHA,L,15.016666666666667,0.0,0.0,4.8,19.2,31.2,4.8,19.2,47.9,2.4,0.0,4.8,0.0,53.2,1,13054,13054,13054,19962,12040,9889,3116,918,25433,6998,23851,2602,2564,1,20462,18674,1664,1.0,15:01,2017,2018
2017-18,1628395,Jordan Bell,Jordan,1610612744,GSW,Golden State Warriors,21700528,2017-12-29T00:00:00,GSW vs. CHA,L,19.916666666666668,3.6,0.0,0.0,10.8,18.1,25.3,3.6,36.2,1.8,0.0,3.6,1.8,45.2,1,13054,13054,13054,16194,6916,9889,9215,5201,21172,25483,6549,10005,4002,1,16877,14893,3912,1.0,19:55,2017,2018
2017-18,1627775,Patrick McCaw,Patrick,1610612744,GSW,Golden State Warriors,21700528,2017-12-29T00:00:00,GSW vs. CHA,L,19.58833333333333,0.0,0.0,0.0,3.7,29.4,16.5,7.4,47.8,0.0,0.0,3.7,0.0,14.7,1,13054,13054,13054,16481,12040,9889,9215,15863,25235,22927,12428,2662,8133,1,17098,18674,22742,1.0,19:35,2017,2018
2017-18,2733,Shaun Livingston,Shaun,1610612744,GSW,Golden State Warriors,21700528,2017-12-29T00:00:00,GSW vs. CHA,L,23.216666666666665,3.1,3.1,3.1,6.2,27.9,9.3,9.3,27.9,0.0,0.0,1.6,1.6,23.6,1,13054,13054,13054,13338,8078,6238,5719,11250,25018,14574,15329,18049,8133,1,8083,15878,17916,1.0,23:13,2017,2018
2017-18,2738,Andre Iguodala,Andre,1610612744,GSW,Golden State Warriors,21700528,2017-12-29T00:00:00,GSW vs. CHA,L,27.55,0.0,0.0,2.6,2.6,20.9,20.9,7.8,36.6,0.0,1.3,5.2,1.3,17.2,1,13054,13054,13054,9434,12040,9889,6771,17668,22954,24751,13220,9606,8133,20320,21423,16956,21692,1.0,27:33,2017,2018
2017-18,1626172,Kevon Looney,Kevon,1610612744,GSW,Golden State Warriors,21700528,2017-12-29T00:00:00,GSW vs. CHA,L,1.4316666666666666,0.0,0.0,0.0,50.3,0.0,0.0,0.0,0.0,0.0,0.0,0.0,0.0,50.3,1,13054,13054,13054,25736,12040,9889,9215,14,1,1,1,25495,8133,1,1,18674,2300,1.0,1:26,2017,2018
2017-18,1626172,Kevon Looney,Kevon,1610612744,GSW,Golden State Warriors,21700514,2017-12-27T00:00:00,GSW vs. UTA,W,6.033333333333333,0.0,0.0,0.0,0.0,11.9,0.0,0.0,47.7,0.0,0.0,11.9,0.0,-6.0,1,1,1,1,24027,12040,9889,9215,19152,13740,1,1,2675,8133,1,25617,18674,26026,1.0,6:02,2017,2018
2017-18,1627775,Patrick McCaw,Patrick,1610612744,GSW,Golden State Warriors,21700514,2017-12-27T00:00:00,GSW vs. UTA,W,20.416666666666668,7.1,7.1,12.3,21.2,12.3,10.6,7.1,35.3,0.0,0.0,0.0,5.3,43.7,1,1,1,1,15724,2024,1456,209,575,14369,16451,11956,10875,8133,1,1,4146,4483,1.0,20:25,2017,2018
2017-18,201142,Kevin Durant,Kevin,1610612744,GSW,Golden State Warriors,21700514,2017-12-27T00:00:00,GSW vs. UTA,W,29.055,2.5,0.0,0.0,9.9,16.1,12.4,19.8,37.2,3.7,1.2,3.7,6.2,51.0,1,1,1,1,8086,9699,9889,9215,6154,19350,19011,24064,9131,1073,19946,17248,2749,2095,1.0,29:03,2017,2018
2017-18,2738,Andre Iguodala,Andre,1610612744,GSW,Golden State Warriors,21700514,2017-12-27T00:00:00,GSW vs. UTA,W,19.755,1.8,0.0,0.0,0.0,16.4,3.6,5.5,21.9,0.0,0.0,1.8,5.5,43.2,1,1,1,1,16337,11576,9889,9215,19152,19651,5375,9485,22383,8133,1,9044,3821,4741,1.0,19:45,2017,2018
2017-18,2585,Zaza Pachulia,Zaza,1610612744,GSW,Golden State Warriors,21700514,2017-12-27T00:00:00,GSW vs. UTA,W,13.733333333333333,0.0,0.0,0.0,10.5,15.7,5.2,26.2,41.9,0.0,0.0,0.0,2.6,26.7,1,1,1,1,20789,12040,9889,9215,5557,18920,7690,25388,5497,8133,1,1,11615,15575,1.0,13:44,2017,2018
2017-18,203110,Draymond Green,Draymond,1610612744,GSW,Golden State Warriors,21700514,2017-12-27T00:00:00,GSW vs. UTA,W,24.7,2.9,2.9,0.0,11.7,21.9,5.8,17.5,32.1,0.0,0.0,1.5,2.9,47.5,1,1,1,1,11998,8560,6724,9215,4425,23386,8636,23143,14047,8133,1,7746,10562,3069,1.0,24:42,2017,2018
2017-18,201156,Nick Young,Nick,1610612744,GSW,Golden State Warriors,21700514,2017-12-27T00:00:00,GSW vs. UTA,W,22.03333333333333,0.0,0.0,8.2,6.5,18.0,3.3,4.9,35.9,0.0,0.0,1.6,3.3,28.9,1,1,1,1,14346,12040,9889,835,10746,21081,4959,8577,10221,8133,1,8354,9246,13954,1.0,22:02,2017,2018
2017-18,2733,Shaun Livingston,Shaun,1610612744,GSW,Golden State Warriors,21700514,2017-12-27T00:00:00,GSW vs. UTA,W,20.24,0.0,0.0,3.6,7.1,26.7,14.2,23.1,42.7,1.8,0.0,0.0,0.0,40.7,1,1,1,1,15888,12040,9889,4899,9855,24805,21085,24965,5014,4083,1,1,18674,5934,1.0,20:14,2017,2018
2017-18,202691,Klay Thompson,Klay,1610612744,GSW,Golden State Warriors,21700514,2017-12-27T00:00:00,GSW vs. UTA,W,30.266666666666666,0.0,0.0,9.5,0.0,22.6,4.8,14.3,30.9,1.2,1.2,1.2,2.4,20.8,1,1,1,1,7012,12040,9889,502,19152,23689,6935,21021,15179,6262,19639,6547,12539,19727,1.0,30:16,2017,2018
2017-18,201580,JaVale McGee,JaVale,1610612744,GSW,Golden State Warriors,21700514,2017-12-27T00:00:00,GSW vs. UTA,W,4.483333333333333,0.0,0.0,0.0,32.1,16.1,0.0,0.0,64.2,16.1,0.0,8.0,0.0,106.0,1,1,1,1,24614,12040,9889,9215,82,19286,1,1,474,18,1,24571,18674,36,1.0,4:29,2017,2018
2017-18,201956,Omri Casspi,Omri,1610612744,GSW,Golden State Warriors,21700514,2017-12-27T00:00:00,GSW vs. UTA,W,15.016666666666667,14.4,0.0,9.6,19.2,26.4,9.6,2.4,28.8,0.0,0.0,2.4,2.4,45.1,1,1,1,1,19962,181,9889,495,918,24735,15014,5027,17266,8133,1,11861,12465,3972,1.0,15:01,2017,2018
2017-18,1628395,Jordan Bell,Jordan,1610612744,GSW,Golden State Warriors,21700514,2017-12-27T00:00:00,GSW vs. UTA,W,21.883333333333333,0.0,0.0,6.6,6.6,14.8,13.2,9.9,36.2,0.0,0.0,6.6,4.9,54.5,1,1,1,1,14484,12040,9889,1567,10670,17779,19948,16114,9978,8133,1,23471,4810,1451,1.0,21:53,2017,2018
2017-18,2561,David West,David,1610612744,GSW,Golden State Warriors,21700514,2017-12-27T00:00:00,GSW vs. UTA,W,12.383333333333333,0.0,0.0,0.0,11.6,32.0,0.0,0.0,23.3,0.0,0.0,8.7,0.0,45.9,1,1,1,1,21556,12040,9889,9215,4451,25495,1,1,21603,8133,1,24866,18674,3618,1.0,12:23,2017,2018
2017-18,1627775,Patrick McCaw,Patrick,1610612744,GSW,Golden State Warriors,21700494,2017-12-25T00:00:00,GSW vs. CLE,W,23.666666666666668,3.0,0.0,0.0,9.1,24.3,12.2,3.0,12.2,0.0,0.0,3.0,3.0,21.6,1,1,1,1,12949,8202,9889,9215,7071,24265,18721,5826,25095,8133,1,14648,10031,19201,1.0,23:40,2017,2018
2017-18,201956,Omri Casspi,Omri,1610612744,GSW,Golden State Warriors,21700494,2017-12-25T00:00:00,GSW vs. CLE,W,11.783333333333331,6.1,0.0,12.2,12.2,9.2,27.5,0.0,18.3,0.0,0.0,3.1,6.1,25.7,1,1,1,1,21934,2832,9889,215,3953,9428,25647,1,23876,8133,1,14715,2869,16374,1.0,11:47,2017,2018
2017-18,2738,Andre Iguodala,Andre,1610612744,GSW,Golden State Warriors,21700494,2017-12-25T00:00:00,GSW vs. CLE,W,24.001666666666665,0.0,3.0,10.5,9.0,10.5,13.5,10.5,18.0,1.5,0.0,1.5,1.5,29.5,1,1,1,1,12653,12040,6504,362,7242,11501,20316,16956,24005,4844,1,7892,16081,13450,1.0,24:00,2017,2018
2017-18,202691,Klay Thompson,Klay,1610612744,GSW,Golden State Warriors,21700494,2017-12-25T00:00:00,GSW vs. CLE,W,35.71666666666667,3.0,7.1,8.1,2.0,18.1,8.1,7.1,14.1,0.0,0.0,1.0,3.0,34.5,1,1,1,1,2563,8250,1455,872,18867,21225,12522,11964,24860,8133,1,5622,10111,9802,1.0,35:43,2017,2018
2017-18,201142,Kevin Durant,Kevin,1610612744,GSW,Golden State Warriors,21700494,2017-12-25T00:00:00,GSW vs. CLE,W,36.915,4.9,3.9,6.8,7.8,16.6,10.7,5.9,19.5,4.9,0.0,2.9,7.8,53.5,1,1,1,1,1759,4518,4705,1412,8880,19804,16677,10094,23468,548,1,14087,1246,1615,1.0,36:55,2017,2018
2017-18,1626172,Kevon Looney,Kevon,1610612744,GSW,Golden State Warriors,21700494,2017-12-25T00:00:00,GSW vs. CLE,W,2.833333333333333,0.0,25.4,0.0,25.4,0.0,25.4,0.0,50.8,0.0,0.0,0.0,0.0,59.7,1,1,1,1,25233,12040,36,9215,234,1,25491,1,1806,8133,1,1,18674,793,1.0,2:50,2017,2018
2017-18,2733,Shaun Livingston,Shaun,1610612744,GSW,Golden State Warriors,21700494,2017-12-25T00:00:00,GSW vs. CLE,W,13.666666666666666,0.0,0.0,10.5,10.5,10.5,0.0,13.2,0.0,0.0,0.0,10.5,0.0,27.7,1,1,1,1,20824,12040,9889,356,5502,11548,1,20034,25495,8133,1,25414,18674,14891,1.0,13:40,2017,2018
2017-18,2561,David West,David,1610612744,GSW,Golden State Warriors,21700494,2017-12-25T00:00:00,GSW vs. CLE,W,13.383333333333333,0.0,0.0,0.0,0.0,5.4,0.0,13.4,0.0,0.0,0.0,8.1,2.7,15.6,1,1,1,1,21005,12040,9889,9215,19152,4660,1,20284,25495,8133,1,24599,11378,22404,1.0,13:23,2017,2018
2017-18,1628395,Jordan Bell,Jordan,1610612744,GSW,Golden State Warriors,21700494,2017-12-25T00:00:00,GSW vs. CLE,W,26.45,0.0,0.0,0.0,10.9,20.4,9.5,5.4,19.1,0.0,0.0,2.7,0.0,31.2,1,1,1,1,10419,12040,9889,9215,5159,22719,14921,9457,23622,8133,1,13213,18674,12215,1.0,26:27,2017,2018
2017-18,203110,Draymond Green,Draymond,1610612744,GSW,Golden State Warriors,21700494,2017-12-25T00:00:00,GSW vs. CLE,W,40.36666666666667,0.0,0.0,2.7,3.6,16.1,8.9,8.0,14.3,0.9,0.0,0.9,1.8,42.7,1,1,1,1,432,12040,9889,6647,16045,19277,13957,13505,24830,8001,1,5224,15006,4947,1.0,40:22,2017,2018
2017-18,201156,Nick Young,Nick,1610612744,GSW,Golden State Warriors,21700494,2017-12-25T00:00:00,GSW vs. CLE,W,11.216666666666669,0.0,0.0,0.0,0.0,0.0,19.3,0.0,19.3,0.0,0.0,0.0,0.0,3.9,1,1,1,1,22164,12040,9889,9215,19152,1,24269,1,23553,8133,1,1,18674,25053,1.0,11:13,2017,2018
2017-18,1628395,Jordan Bell,Jordan,1610612744,GSW,Golden State Warriors,21700489,2017-12-23T00:00:00,GSW vs. DEN,L,22.15,6.5,0.0,6.5,6.5,6.5,13.0,0.0,16.3,3.3,0.0,3.3,1.6,48.8,1,13054,13054,13054,14249,2474,9889,1625,10797,5877,19737,1,24447,1463,1,15509,15599,2716,1.0,22:09,2017,2018
2017-18,2738,Andre Iguodala,Andre,1610612744,GSW,Golden State Warriors,21700489,2017-12-23T00:00:00,GSW vs. DEN,L,23.633333333333333,0.0,0.0,3.0,3.0,16.8,16.8,10.7,36.6,3.0,0.0,0.0,0.0,34.9,1,13054,13054,13054,12983,12040,9889,5836,16873,19966,23061,17148,9636,1665,1,1,18674,9494,1.0,23:38,2017,2018
2017-18,1626188,Quinn Cook,Quinn,1610612744,GSW,Golden State Warriors,21700489,2017-12-23T00:00:00,GSW vs. DEN,L,3.533333333333333,0.0,0.0,20.4,0.0,40.8,0.0,0.0,40.8,0.0,0.0,0.0,0.0,35.7,1,13054,13054,13054,24943,12040,9889,28,19152,25833,1,1,6338,8133,1,1,18674,8950,1.0,3:32,2017,2018
2017-18,202691,Klay Thompson,Klay,1610612744,GSW,Golden State Warriors,21700489,2017-12-23T00:00:00,GSW vs. DEN,L,34.13333333333333,2.1,2.1,5.3,6.3,11.6,13.7,7.4,31.6,0.0,2.1,0.0,2.1,34.8,1,13054,13054,13054,3787,10797,8721,2597,11049,13263,20529,12478,14464,8133,23172,1,13647,9554,1.0,34:08,2017,2018
2017-18,2561,David West,David,1610612744,GSW,Golden State Warriors,21700489,2017-12-23T00:00:00,GSW vs. DEN,L,11.783333333333331,0.0,0.0,0.0,12.2,18.3,18.3,21.4,55.0,0.0,0.0,9.2,0.0,26.0,1,13054,13054,13054,21934,12040,9889,9215,3953,21375,23916,24556,1098,8133,1,25039,18674,16145,1.0,11:47,2017,2018
2017-18,1626172,Kevon Looney,Kevon,1610612744,GSW,Golden State Warriors,21700489,2017-12-23T00:00:00,GSW vs. DEN,L,6.166666666666667,11.7,0.0,0.0,0.0,35.0,11.7,0.0,46.7,0.0,0.0,0.0,5.8,20.4,1,13054,13054,13054,23979,391,9889,9215,19152,25677,18042,1,3047,8133,1,1,3273,19951,1.0,6:10,2017,2018
2017-18,201956,Omri Casspi,Omri,1610612744,GSW,Golden State Warriors,21700489,2017-12-23T00:00:00,GSW vs. DEN,L,21.516666666666666,0.0,0.0,3.3,3.3,25.1,13.4,6.7,50.2,0.0,0.0,5.0,1.7,25.8,1,13054,13054,13054,14777,12040,9889,5236,16411,24463,20181,11393,1970,8133,1,21004,15420,16294,1.0,21:31,2017,2018
2017-18,201156,Nick Young,Nick,1610612744,GSW,Golden State Warriors,21700489,2017-12-23T00:00:00,GSW vs. DEN,L,18.65,3.9,3.9,0.0,3.9,29.0,13.5,5.8,50.2,0.0,1.9,5.8,0.0,15.8,1,13054,13054,13054,17232,6404,4791,9215,15528,25181,20332,10001,1973,8133,22557,22413,18674,22299,1.0,18:39,2017,2018
2017-18,201580,JaVale McGee,JaVale,1610612744,GSW,Golden State Warriors,21700489,2017-12-23T00:00:00,GSW vs. DEN,L,6.983333333333333,0.0,0.0,0.0,0.0,30.9,0.0,0.0,41.2,0.0,0.0,5.2,0.0,15.5,1,13054,13054,13054,23672,12040,9889,9215,19152,25410,1,1,5975,8133,1,21276,18674,22450,1.0,6:59,2017,2018
2017-18,1627775,Patrick McCaw,Patrick,1610612744,GSW,Golden State Warriors,21700489,2017-12-23T00:00:00,GSW vs. DEN,L,23.4,7.7,3.1,3.1,9.2,9.2,15.4,0.0,30.8,0.0,0.0,1.5,1.5,22.2,1,13054,13054,13054,13180,1568,6290,5766,6957,9516,22103,1,15293,8133,1,8033,15923,18855,1.0,23:24,2017,2018
2017-18,203110,Draymond Green,Draymond,1610612744,GSW,Golden State Warriors,21700489,2017-12-23T00:00:00,GSW vs. DEN,L,33.28333333333333,5.4,5.4,0.0,6.5,8.7,14.1,7.6,34.6,2.2,1.1,1.1,5.4,37.9,1,13054,13054,13054,4470,3702,2604,9215,10808,8662,20900,12787,11496,3061,18868,6020,3929,7493,1.0,33:17,2017,2018
2017-18,201142,Kevin Durant,Kevin,1610612744,GSW,Golden State Warriors,21700489,2017-12-23T00:00:00,GSW vs. DEN,L,34.766666666666666,0.0,0.0,2.1,8.3,13.5,12.4,0.0,31.1,2.1,0.0,0.0,3.1,38.0,1,13054,13054,13054,3278,12040,9889,8198,8164,16030,19052,1,15016,3286,1,1,9797,7398,1.0,34:46,2017,2018
2017-18,203110,Draymond Green,Draymond,1610612744,GSW,Golden State Warriors,21700479,2017-12-22T00:00:00,GSW vs. LAL,W,30.1,2.4,0.0,7.2,7.2,14.4,19.1,19.1,40.7,0.0,0.0,4.8,4.8,43.9,1,1,1,1,7137,9957,9889,1232,9783,17206,24227,23841,6417,8133,1,20439,5122,4428,1.0,30:06,2017,2018
2017-18,2561,David West,David,1610612744,GSW,Golden State Warriors,21700479,2017-12-22T00:00:00,GSW vs. LAL,W,17.65,4.1,0.0,0.0,12.2,20.4,16.3,20.4,44.9,4.1,0.0,2.0,6.1,47.5,1,1,1,1,18042,5922,9889,9215,3934,22706,22794,24261,3826,852,1,10130,2849,3067,1.0,17:39,2017,2018
2017-18,2738,Andre Iguodala,Andre,1610612744,GSW,Golden State Warriors,21700479,2017-12-22T00:00:00,GSW vs. LAL,W,21.83333333333333,0.0,0.0,0.0,0.0,34.6,6.6,26.4,26.4,1.6,1.6,1.6,1.6,8.2,1,1,1,1,14517,12040,9889,9215,19152,25655,9880,25405,19343,4421,21685,8400,15511,24510,1.0,21:50,2017,2018
2017-18,201156,Nick Young,Nick,1610612744,GSW,Golden State Warriors,21700479,2017-12-22T00:00:00,GSW vs. LAL,W,18.666666666666668,0.0,0.0,3.9,3.9,28.9,7.7,11.6,34.7,0.0,0.0,3.9,1.9,18.1,1,1,1,1,17210,12040,9889,4415,15530,25173,11913,18259,11398,8133,1,17688,14455,21231,1.0,18:40,2017,2018
2017-18,1626172,Kevon Looney,Kevon,1610612744,GSW,Golden State Warriors,21700479,2017-12-22T00:00:00,GSW vs. LAL,W,8.45,0.0,0.0,0.0,0.0,34.1,0.0,34.1,34.1,4.3,0.0,0.0,8.5,17.9,1,1,1,1,23183,12040,9889,9215,19152,25628,1,25832,11999,778,1,1,888,21373,1.0,8:27,2017,2018
2017-18,202691,Klay Thompson,Klay,1610612744,GSW,Golden State Warriors,21700479,2017-12-22T00:00:00,GSW vs. LAL,W,34.35,2.1,2.1,8.4,6.3,15.7,16.8,21.0,39.8,2.1,0.0,1.0,0.0,26.9,1,1,1,1,3616,10852,8755,767,11118,18915,23074,24438,7045,3221,1,5833,18674,15423,1.0,34:21,2017,2018
2017-18,201142,Kevin Durant,Kevin,1610612744,GSW,Golden State Warriors,21700479,2017-12-22T00:00:00,GSW vs. LAL,W,37.516666666666666,1.9,0.0,0.0,9.6,12.5,11.5,13.4,38.4,3.8,0.0,2.9,6.7,66.1,1,1,1,1,1446,11384,9889,9215,6501,14584,17811,20264,8148,990,1,13856,2162,371,1.0,37:31,2017,2018
2017-18,1628395,Jordan Bell,Jordan,1610612744,GSW,Golden State Warriors,21700479,2017-12-22T00:00:00,GSW vs. LAL,W,24.886666666666667,2.9,11.6,5.8,26.0,7.2,17.4,8.7,34.7,1.4,1.4,5.8,1.4,60.0,1,1,1,1,11835,8623,357,2156,201,6774,23432,14450,11397,5047,20977,22408,16318,766,1.0,24:53,2017,2018
2017-18,201956,Omri Casspi,Omri,1610612744,GSW,Golden State Warriors,21700479,2017-12-22T00:00:00,GSW vs. LAL,W,18.68,11.6,0.0,7.7,19.3,23.1,7.7,23.1,38.5,3.9,1.9,0.0,1.9,46.4,1,1,1,1,17206,404,9889,1014,901,23897,11907,24966,8016,978,22543,1,14466,3442,1.0,18:41,2017,2018
2017-18,1627775,Patrick McCaw,Patrick,1610612744,GSW,Golden State Warriors,21700479,2017-12-22T00:00:00,GSW vs. LAL,W,27.866666666666667,2.6,0.0,2.6,5.2,5.2,18.1,15.5,51.7,0.0,2.6,1.3,3.9,15.0,1,1,1,1,9136,9433,9889,6839,13031,4485,23799,22004,1620,8133,24159,7034,7414,22637,1.0,27:52,2017,2018
2017-18,1626188,Quinn Cook,Quinn,1610612744,GSW,Golden State Warriors,21700464,2017-12-20T00:00:00,GSW vs. MEM,W,18.716666666666665,0.0,0.0,0.0,0.0,13.5,19.2,9.6,15.4,0.0,1.9,3.8,0.0,23.7,1,1,1,1,17177,12040,9889,9215,19152,16035,24260,15760,24632,8133,22527,17661,18674,17834,1.0,18:43,2017,2018
2017-18,1627745,Damian Jones,Damian,1610612744,GSW,Golden State Warriors,21700464,2017-12-20T00:00:00,GSW vs. MEM,W,1.8,0.0,0.0,0.0,0.0,0.0,40.0,0.0,40.0,0.0,0.0,20.0,0.0,24.0,1,1,1,1,25591,12040,9889,9215,19152,1,25966,1,6876,8133,1,25990,18674,17606,1.0,1:48,2017,2018
2017-18,1627775,Patrick McCaw,Patrick,1610612744,GSW,Golden State Warriors,21700464,2017-12-20T00:00:00,GSW vs. MEM,W,29.28333333333333,0.0,2.5,0.0,2.5,11.1,7.4,16.0,19.7,2.5,1.2,3.7,2.5,33.3,1,1,1,1,7886,12040,7778,9215,17997,12416,11296,22330,23397,2445,19886,17138,12220,10598,1.0,29:17,2017,2018
2017-18,201956,Omri Casspi,Omri,1610612744,GSW,Golden State Warriors,21700464,2017-12-20T00:00:00,GSW vs. MEM,W,25.53333333333333,5.6,8.5,0.0,14.1,7.0,11.3,11.3,22.6,0.0,1.4,2.8,2.8,30.6,1,1,1,1,11244,3415,900,9215,2746,6536,17494,17917,21999,8133,20818,13582,10932,12665,1.0,25:32,2017,2018
2017-18,201156,Nick Young,Nick,1610612744,GSW,Golden State Warriors,21700464,2017-12-20T00:00:00,GSW vs. MEM,W,23.9,0.0,0.0,0.0,0.0,7.5,12.1,16.6,21.1,1.5,1.5,4.5,3.0,28.2,1,1,1,1,12739,12040,9889,9215,19152,7160,18556,22641,22763,4818,21213,19781,10153,14511,1.0,23:54,2017,2018
2017-18,2561,David West,David,1610612744,GSW,Golden State Warriors,21700464,2017-12-20T00:00:00,GSW vs. MEM,W,18.516666666666666,0.0,5.8,0.0,7.8,1.9,11.7,7.8,19.4,1.9,0.0,1.9,5.8,41.6,1,1,1,1,17356,12040,2213,9215,8904,2482,18033,13111,23495,3636,1,9639,3285,5468,1.0,18:31,2017,2018
2017-18,1626172,Kevon Looney,Kevon,1610612744,GSW,Golden State Warriors,21700464,2017-12-20T00:00:00,GSW vs. MEM,W,13.433333333333334,0.0,0.0,0.0,0.0,16.1,5.4,18.8,21.4,2.7,0.0,2.7,5.4,28.4,1,1,1,1,20965,12040,9889,9215,19152,19312,7864,23693,22599,2138,1,13018,4025,14332,1.0,13:26,2017,2018
2017-18,202691,Klay Thompson,Klay,1610612744,GSW,Golden State Warriors,21700464,2017-12-20T00:00:00,GSW vs. MEM,W,37.2,1.9,0.0,0.0,7.7,11.6,11.6,10.6,17.4,0.0,0.0,0.0,3.9,40.5,1,1,1,1,1598,11348,9889,9215,8963,13272,17945,17122,24167,8133,1,1,7439,6012,1.0,37:12,2017,2018
2017-18,1628395,Jordan Bell,Jordan,1610612744,GSW,Golden State Warriors,21700464,2017-12-20T00:00:00,GSW vs. MEM,W,26.416666666666668,0.0,0.0,0.0,2.7,17.7,13.6,16.4,13.6,1.4,0.0,4.1,5.5,25.8,1,1,1,1,10450,12040,9889,9215,17463,20859,20449,22526,24927,5381,1,18494,3857,16302,1.0,26:25,2017,2018
2017-18,201580,JaVale McGee,JaVale,1610612744,GSW,Golden State Warriors,21700464,2017-12-20T00:00:00,GSW vs. MEM,W,12.1,0.0,0.0,0.0,17.9,20.8,17.9,14.9,11.9,0.0,0.0,0.0,0.0,39.9,1,1,1,1,21701,12040,9889,9215,1226,22909,23686,21524,25129,8133,1,1,18674,6358,1.0,12:06,2017,2018
2017-18,201142,Kevin Durant,Kevin,1610612744,GSW,Golden State Warriors,21700464,2017-12-20T00:00:00,GSW vs. MEM,W,33.1,6.5,4.4,2.2,6.5,16.3,10.9,15.2,15.2,2.2,2.2,3.3,4.4,39.8,1,1,1,1,4605,2453,3937,7880,10762,19550,16906,21797,24665,3033,23333,15558,6127,6390,1.0,33:06,2017,2018
2017-18,2561,David West,David,1610612744,GSW,Golden State Warriors,21700450,2017-12-18T00:00:00,GSW @ LAL,W,17.356666666666666,4.1,4.1,0.0,12.4,0.0,14.5,6.2,24.9,4.1,2.1,4.1,4.1,41.1,1,1,1,1,18283,5785,4257,9215,3800,1,21350,10651,20505,823,23062,18691,6671,5754,1.0,17:21,2017,2018
2017-18,1628395,Jordan Bell,Jordan,1610612744,GSW,Golden State Warriors,21700450,2017-12-18T00:00:00,GSW @ LAL,W,23.543333333333333,0.0,0.0,3.1,6.1,15.3,7.6,16.8,48.9,6.1,3.1,9.2,4.6,32.4,1,1,1,1,13064,12040,9889,5806,11409,18431,11781,22794,2287,286,24789,25041,5574,11307,1.0,23:33,2017,2018
2017-18,2738,Andre Iguodala,Andre,1610612744,GSW,Golden State Warriors,21700450,2017-12-18T00:00:00,GSW @ LAL,W,36.61666666666667,2.0,4.9,0.0,5.9,8.8,9.8,9.8,35.4,0.0,0.0,3.9,0.0,29.1,1,1,1,1,1946,11265,3161,9215,11836,8943,15368,16060,10743,8133,1,17943,18674,13814,1.0,36:37,2017,2018
2017-18,1626172,Kevon Looney,Kevon,1610612744,GSW,Golden State Warriors,21700450,2017-12-18T00:00:00,GSW @ LAL,W,20.85,0.0,3.5,3.5,13.8,3.5,8.6,5.2,34.5,0.0,3.5,3.5,0.0,31.8,1,1,1,1,15346,12040,5536,5063,2907,3145,13473,9057,11566,8133,25155,16307,18674,11767,1.0,20:51,2017,2018
2017-18,201156,Nick Young,Nick,1610612744,GSW,Golden State Warriors,21700450,2017-12-18T00:00:00,GSW @ LAL,W,18.24,7.9,0.0,9.9,7.9,0.0,7.9,9.9,43.4,0.0,0.0,3.9,0.0,20.5,1,1,1,1,17597,1462,9889,451,8739,1,12216,16111,4594,8133,1,17999,18674,19902,1.0,18:14,2017,2018
2017-18,202691,Klay Thompson,Klay,1610612744,GSW,Golden State Warriors,21700450,2017-12-18T00:00:00,GSW @ LAL,W,42.25,0.0,0.0,5.1,1.7,6.8,8.5,9.4,32.4,0.0,0.9,2.6,2.6,25.6,1,1,1,1,185,12040,9889,2748,19135,6252,13289,15422,13725,8133,17465,12530,11853,16452,1.0,42:15,2017,2018
2017-18,201580,JaVale McGee,JaVale,1610612744,GSW,Golden State Warriors,21700450,2017-12-18T00:00:00,GSW @ LAL,W,11.633333333333333,0.0,12.4,0.0,24.8,9.3,6.2,9.3,49.5,3.1,0.0,3.1,3.1,45.2,1,1,1,1,22004,12040,280,9215,275,9610,9226,15305,2135,1612,1,14890,9833,3916,1.0,11:38,2017,2018
2017-18,201142,Kevin Durant,Kevin,1610612744,GSW,Golden State Warriors,21700450,2017-12-18T00:00:00,GSW @ LAL,W,40.95,2.6,1.8,0.0,5.3,10.5,4.4,12.3,36.9,2.6,0.9,2.6,11.4,62.6,1,1,1,1,338,9283,9550,9215,12844,11571,6421,19114,9345,2191,17519,12853,259,555,1.0,40:57,2017,2018
2017-18,201956,Omri Casspi,Omri,1610612744,GSW,Golden State Warriors,21700450,2017-12-18T00:00:00,GSW @ LAL,W,25.6,0.0,5.6,2.8,14.1,9.8,5.6,19.7,42.2,0.0,1.4,4.2,2.8,45.7,1,1,1,1,11175,12040,2393,6337,2760,10471,8294,24018,5353,8133,20799,18907,10958,3706,1.0,25:36,2017,2018
2017-18,1626188,Quinn Cook,Quinn,1610612744,GSW,Golden State Warriors,21700450,2017-12-18T00:00:00,GSW @ LAL,W,4.9,0.0,0.0,0.0,0.0,29.4,14.7,29.4,58.8,0.0,7.3,0.0,0.0,0.0,1,1,1,1,24454,12040,9889,9215,19152,25227,21500,25620,777,8133,25992,1,18674,25240,1.0,4:54,2017,2018
2017-18,1627775,Patrick McCaw,Patrick,1610612744,GSW,Golden State Warriors,21700450,2017-12-18T00:00:00,GSW @ LAL,W,23.06,0.0,0.0,0.0,3.1,7.8,9.4,10.9,37.5,0.0,0.0,0.0,3.1,20.3,1,1,1,1,13475,12040,9889,9215,16753,7502,14670,17491,8859,8133,1,1,9734,20043,1.0,23:04,2017,2018
2017-18,1626188,Quinn Cook,Quinn,1610612744,GSW,Golden State Warriors,21700417,2017-12-14T00:00:00,GSW vs. DAL,W,8.605,0.0,0.0,0.0,0.0,16.7,16.7,4.2,50.2,0.0,0.0,16.7,0.0,20.9,1,1,1,1,23131,12040,9889,9215,19152,19947,23044,7441,1966,8133,1,25925,18674,19645,1.0,8:36,2017,2018
2017-18,2561,David West,David,1610612744,GSW,Golden State Warriors,21700417,2017-12-14T00:00:00,GSW vs. DAL,W,14.516666666666667,5.0,0.0,5.0,19.8,5.0,0.0,5.0,39.7,0.0,0.0,2.5,2.5,62.2,1,1,1,1,20286,4369,9889,2927,786,4292,1,8680,7150,8133,1,12196,12144,581,1.0,14:31,2017,2018
2017-18,1628395,Jordan Bell,Jordan,1610612744,GSW,Golden State Warriors,21700417,2017-12-14T00:00:00,GSW vs. DAL,W,24.418333333333333,0.0,2.9,5.9,11.8,17.7,7.4,13.3,26.5,0.0,0.0,2.9,0.0,46.0,1,1,1,1,12257,12040,6641,2085,4312,20841,11283,20119,19209,8133,1,14199,18674,3593,1.0,24:25,2017,2018
2017-18,201142,Kevin Durant,Kevin,1610612744,GSW,Golden State Warriors,21700417,2017-12-14T00:00:00,GSW vs. DAL,W,34.145,6.3,3.2,2.1,10.5,16.9,8.4,9.5,27.4,2.1,0.0,2.1,5.3,64.0,1,1,1,1,3784,2626,6094,8071,5499,20077,13166,15599,18475,3186,1,10495,4189,463,1.0,34:09,2017,2018
2017-18,1626172,Kevon Looney,Kevon,1610612744,GSW,Golden State Warriors,21700417,2017-12-14T00:00:00,GSW vs. DAL,W,7.686666666666666,0.0,0.0,0.0,0.0,18.7,9.4,4.7,46.8,0.0,4.7,9.4,4.7,8.0,1,1,1,1,23438,12040,9889,9215,19152,21650,14670,8214,3010,8133,25686,25100,5349,24560,1.0,7:41,2017,2018
2017-18,2738,Andre Iguodala,Andre,1610612744,GSW,Golden State Warriors,21700417,2017-12-14T00:00:00,GSW vs. DAL,W,29.75,0.0,0.0,0.0,2.4,7.3,6.1,6.1,29.0,0.0,0.0,1.2,1.2,24.9,1,1,1,1,7464,12040,9889,9215,18075,6806,9005,10399,17021,8133,1,6651,17427,16917,1.0,29:45,2017,2018
2017-18,202691,Klay Thompson,Klay,1610612744,GSW,Golden State Warriors,21700417,2017-12-14T00:00:00,GSW vs. DAL,W,36.696666666666665,4.9,0.0,7.8,2.0,13.7,4.9,10.8,29.4,0.0,0.0,1.0,2.0,26.5,1,1,1,1,1906,4457,9889,960,18952,16416,7159,17319,16624,8133,1,5495,14328,15768,1.0,36:42,2017,2018
2017-18,2733,Shaun Livingston,Shaun,1610612744,GSW,Golden State Warriors,21700417,2017-12-14T00:00:00,GSW vs. DAL,W,20.61,0.0,0.0,0.0,0.0,21.0,5.2,15.7,27.9,0.0,0.0,5.2,0.0,15.2,1,1,1,1,15561,12040,9889,9215,19152,22974,7689,22144,18025,8133,1,21460,18674,22564,1.0,20:37,2017,2018
2017-18,201580,JaVale McGee,JaVale,1610612744,GSW,Golden State Warriors,21700417,2017-12-14T00:00:00,GSW vs. DAL,W,3.65,0.0,0.0,0.0,0.0,0.0,49.3,9.9,39.5,0.0,0.0,19.7,0.0,19.7,1,1,1,1,24906,12040,9889,9215,19152,1,26039,16105,7310,8133,1,25988,18674,20353,1.0,3:39,2017,2018
2017-18,1627775,Patrick McCaw,Patrick,1610612744,GSW,Golden State Warriors,21700417,2017-12-14T00:00:00,GSW vs. DAL,W,29.766666666666666,0.0,0.0,0.0,0.0,7.3,9.7,3.6,36.3,0.0,0.0,2.4,3.6,11.5,1,1,1,1,7448,12040,9889,9215,19152,6799,15146,6566,9902,8133,1,11940,8142,23791,1.0,29:46,2017,2018
2017-18,201956,Omri Casspi,Omri,1610612744,GSW,Golden State Warriors,21700417,2017-12-14T00:00:00,GSW vs. DAL,W,30.155,2.4,2.4,4.8,14.3,16.7,6.0,10.7,40.6,2.4,0.0,2.4,3.6,46.8,1,1,1,1,7102,9970,7976,3142,2613,19929,8840,17248,6467,2581,1,11821,8287,3306,1.0,30:09,2017,2018
2017-18,1627775,Patrick McCaw,Patrick,1610612744,GSW,Golden State Warriors,21700395,2017-12-11T00:00:00,GSW vs. POR,W,16.75,0.0,0.0,0.0,0.0,12.9,19.3,0.0,30.1,0.0,0.0,4.3,0.0,16.1,1,1,1,1,18713,12040,9889,9215,19152,15177,24300,1,15969,8133,1,19150,18674,22186,1.0,16:45,2017,2018
2017-18,201956,Omri Casspi,Omri,1610612744,GSW,Golden State Warriors,21700395,2017-12-11T00:00:00,GSW vs. POR,W,25.12333333333333,4.3,4.3,1.4,8.6,8.6,12.9,14.3,31.5,0.0,0.0,2.9,2.9,37.7,1,1,1,1,11625,5491,4006,9064,7769,8594,19605,21069,14578,8133,1,13795,10760,7600,1.0,25:07,2017,2018
2017-18,201142,Kevin Durant,Kevin,1610612744,GSW,Golden State Warriors,21700395,2017-12-11T00:00:00,GSW vs. POR,W,36.26,2.0,4.0,5.0,7.9,13.9,7.9,17.9,33.8,3.0,1.0,1.0,5.0,50.9,1,1,1,1,2191,11216,4558,2920,8666,16611,12312,23321,12327,1768,18145,5553,4758,2126,1.0,36:16,2017,2018
2017-18,2738,Andre Iguodala,Andre,1610612744,GSW,Golden State Warriors,21700395,2017-12-11T00:00:00,GSW vs. POR,W,31.73333333333333,0.0,0.0,0.0,2.3,15.9,12.5,11.3,31.8,1.1,0.0,2.3,4.5,25.1,1,1,1,1,5783,12040,9889,9215,18378,19086,19103,17997,14362,6554,1,11314,5683,16830,1.0,31:44,2017,2018
2017-18,201156,Nick Young,Nick,1610612744,GSW,Golden State Warriors,21700395,2017-12-11T00:00:00,GSW vs. POR,W,13.016666666666667,0.0,0.0,8.3,0.0,16.6,5.5,22.1,22.1,0.0,0.0,2.8,0.0,48.1,1,1,1,1,21215,12040,9889,803,19152,19815,8139,24743,22227,8133,1,13358,18674,2908,1.0,13:01,2017,2018
2017-18,1628395,Jordan Bell,Jordan,1610612744,GSW,Golden State Warriors,21700395,2017-12-11T00:00:00,GSW vs. POR,W,25.73333333333333,5.6,0.0,5.6,14.0,8.4,8.4,14.0,33.6,1.4,0.0,4.2,2.8,35.3,1,1,1,1,11053,3463,9889,2314,2798,8320,13093,20765,12515,5224,1,18853,11014,9250,1.0,25:44,2017,2018
2017-18,202691,Klay Thompson,Klay,1610612744,GSW,Golden State Warriors,21700395,2017-12-11T00:00:00,GSW vs. POR,W,37.17666666666667,1.9,2.9,9.7,3.9,12.6,10.7,14.5,32.9,0.0,1.0,2.9,1.0,30.1,1,1,1,1,1616,11346,6743,480,15501,14754,16549,21249,13166,8133,17956,13987,18490,13018,1.0,37:11,2017,2018
2017-18,1626188,Quinn Cook,Quinn,1610612744,GSW,Golden State Warriors,21700395,2017-12-11T00:00:00,GSW vs. POR,W,9.833333333333334,0.0,0.0,0.0,0.0,25.6,14.6,11.0,29.3,0.0,0.0,0.0,3.7,20.9,1,1,1,1,22701,12040,9889,9215,19152,24585,21460,17564,16770,8133,1,1,8040,19688,1.0,9:50,2017,2018
2017-18,2733,Shaun Livingston,Shaun,1610612744,GSW,Golden State Warriors,21700395,2017-12-11T00:00:00,GSW vs. POR,W,23.566666666666663,3.1,0.0,0.0,3.1,13.7,9.2,19.9,33.6,0.0,0.0,1.5,3.1,19.7,1,1,1,1,13041,8172,9889,9215,16859,16434,14363,24076,12484,8133,1,8000,9982,20366,1.0,23:34,2017,2018
2017-18,1626172,Kevon Looney,Kevon,1610612744,GSW,Golden State Warriors,21700395,2017-12-11T00:00:00,GSW vs. POR,W,3.2333333333333334,0.0,0.0,0.0,0.0,33.4,0.0,33.4,22.3,0.0,0.0,11.1,0.0,0.0,1,1,1,1,25085,12040,9889,9215,19152,25590,1,25808,22156,8133,1,25508,18674,25240,1.0,3:14,2017,2018
2017-18,2561,David West,David,1610612744,GSW,Golden State Warriors,21700395,2017-12-11T00:00:00,GSW vs. POR,W,17.573333333333334,0.0,4.1,0.0,12.3,12.3,18.4,0.0,28.7,8.2,0.0,0.0,2.0,59.2,1,1,1,1,18098,12040,4335,9215,3898,14282,23965,1,17341,123,1,1,13933,834,1.0,17:34,2017,2018
2017-18,201580,JaVale McGee,JaVale,1610612744,GSW,Golden State Warriors,21700368,2017-12-08T00:00:00,GSW @ DET,W,14.516666666666667,0.0,5.0,0.0,5.0,9.9,12.4,9.9,19.8,5.0,2.5,5.0,0.0,31.7,1,1,1,1,20286,12040,3108,9215,13375,10607,19021,16175,23333,524,23971,20857,18674,11783,1.0,14:31,2017,2018
2017-18,2561,David West,David,1610612744,GSW,Golden State Warriors,21700368,2017-12-08T00:00:00,GSW @ DET,W,13.95,0.0,0.0,0.0,0.0,15.5,10.3,0.0,41.3,0.0,0.0,5.2,7.7,41.3,1,1,1,1,20649,12040,9889,9215,19152,18653,16097,1,5935,8133,1,21289,1290,5624,1.0,13:57,2017,2018
2017-18,1626188,Quinn Cook,Quinn,1610612744,GSW,Golden State Warriors,21700368,2017-12-08T00:00:00,GSW @ DET,W,16.25,0.0,0.0,0.0,4.4,8.9,8.9,0.0,39.9,0.0,0.0,0.0,0.0,21.5,1,1,1,1,19100,12040,9889,9215,14334,8967,13856,1,6987,8133,1,1,18674,19279,1.0,16:15,2017,2018
2017-18,202691,Klay Thompson,Klay,1610612744,GSW,Golden State Warriors,21700368,2017-12-08T00:00:00,GSW @ DET,W,35.71666666666667,4.0,0.0,2.0,4.0,14.1,11.1,4.0,24.2,0.0,0.0,2.0,2.0,33.6,1,1,1,1,2563,6045,9889,8371,15174,16904,17192,7191,20985,8133,1,10016,14093,10449,1.0,35:43,2017,2018
2017-18,201142,Kevin Durant,Kevin,1610612744,GSW,Golden State Warriors,21700368,2017-12-08T00:00:00,GSW @ DET,W,38.62833333333333,3.7,1.9,1.9,9.3,9.3,8.4,3.7,24.2,4.7,0.9,2.8,6.5,69.4,1,1,1,1,932,6688,9396,8771,6847,9666,13089,6701,20961,624,17732,13487,2367,249,1.0,38:38,2017,2018
2017-18,201156,Nick Young,Nick,1610612744,GSW,Golden State Warriors,21700368,2017-12-08T00:00:00,GSW @ DET,W,8.6,0.0,0.0,0.0,0.0,16.7,8.4,0.0,50.2,0.0,0.0,0.0,4.2,13.4,1,1,1,1,23132,12040,9889,9215,19152,19955,13059,1,1946,8133,1,1,6557,23206,1.0,8:36,2017,2018
2017-18,1626172,Kevon Looney,Kevon,1610612744,GSW,Golden State Warriors,21700368,2017-12-08T00:00:00,GSW @ DET,W,3.966666666666667,0.0,0.0,0.0,0.0,0.0,9.1,0.0,54.5,0.0,0.0,9.1,0.0,21.8,1,1,1,1,24787,12040,9889,9215,19152,1,14228,1,1162,8133,1,25005,18674,19090,1.0,3:58,2017,2018
2017-18,2733,Shaun Livingston,Shaun,1610612744,GSW,Golden State Warriors,21700368,2017-12-08T00:00:00,GSW @ DET,W,24.566666666666663,2.9,0.0,0.0,2.9,14.7,10.3,5.9,26.4,1.5,0.0,2.9,2.9,23.6,1,1,1,1,12128,8510,9889,9215,17070,17586,15999,10108,19349,4974,1,14112,10504,17891,1.0,24:34,2017,2018
2017-18,201956,Omri Casspi,Omri,1610612744,GSW,Golden State Warriors,21700368,2017-12-08T00:00:00,GSW @ DET,W,6.905,0.0,0.0,0.0,10.4,0.0,10.4,0.0,20.9,0.0,0.0,0.0,0.0,22.9,1,1,1,1,23696,12040,9889,9215,5613,1,16251,1,22880,8133,1,1,18674,18334,1.0,6:54,2017,2018
2017-18,2738,Andre Iguodala,Andre,1610612744,GSW,Golden State Warriors,21700368,2017-12-08T00:00:00,GSW @ DET,W,29.095,0.0,0.0,0.0,0.0,14.8,8.7,0.0,29.7,0.0,0.0,2.5,0.0,11.8,1,1,1,1,8053,12040,9889,9215,19152,17833,13520,1,16341,8133,1,12179,18674,23712,1.0,29:06,2017,2018
2017-18,1628395,Jordan Bell,Jordan,1610612744,GSW,Golden State Warriors,21700368,2017-12-08T00:00:00,GSW @ DET,W,9.483333333333333,7.6,0.0,0.0,7.6,0.0,7.6,0.0,15.2,3.8,0.0,3.8,0.0,37.6,1,1,1,1,22826,1628,9889,9215,9187,1,11672,1,24676,1018,1,17508,18674,7663,1.0,9:29,2017,2018
2017-18,203110,Draymond Green,Draymond,1610612744,GSW,Golden State Warriors,21700368,2017-12-08T00:00:00,GSW @ DET,W,38.321666666666665,0.0,0.0,0.0,1.9,15.0,10.3,3.8,28.2,5.6,0.0,3.8,1.9,50.4,1,1,1,1,1055,12040,9889,9215,19054,18079,16112,6739,17830,371,1,17364,14654,2258,1.0,38:19,2017,2018
2017-18,201956,Omri Casspi,Omri,1610612744,GSW,Golden State Warriors,21700358,2017-12-06T00:00:00,GSW @ CHA,W,16.75,0.0,0.0,0.0,4.3,4.3,21.5,4.3,34.4,2.1,0.0,2.1,2.1,31.2,1,1,1,1,18713,12040,9889,9215,14617,3763,24904,7618,11724,3093,1,10713,13483,12217,1.0,16:45,2017,2018
2017-18,1628395,Jordan Bell,Jordan,1610612744,GSW,Golden State Warriors,21700358,2017-12-06T00:00:00,GSW @ CHA,W,20.383333333333333,0.0,0.0,0.0,0.0,5.3,15.9,3.5,42.4,5.3,0.0,5.3,0.0,37.1,1,1,1,1,15750,12040,9889,9215,19152,4595,22500,6433,5214,434,1,21554,18674,7965,1.0,20:23,2017,2018
2017-18,1626188,Quinn Cook,Quinn,1610612744,GSW,Golden State Warriors,21700358,2017-12-06T00:00:00,GSW @ CHA,W,22.4,0.0,0.0,8.0,3.2,8.0,14.5,8.0,45.0,0.0,1.6,0.0,0.0,24.3,1,1,1,1,14052,12040,9889,883,16595,7826,21310,13523,3754,8133,21561,1,18674,17410,1.0,22:24,2017,2018
2017-18,2733,Shaun Livingston,Shaun,1610612744,GSW,Golden State Warriors,21700358,2017-12-06T00:00:00,GSW @ CHA,W,15.55,4.6,0.0,0.0,9.3,0.0,6.9,4.6,37.0,0.0,0.0,2.3,0.0,19.0,1,1,1,1,19584,4911,9889,9215,6918,1,10520,8129,9246,8133,1,11523,18674,20790,1.0,15:33,2017,2018
2017-18,1626172,Kevon Looney,Kevon,1610612744,GSW,Golden State Warriors,21700358,2017-12-06T00:00:00,GSW @ CHA,W,11.093333333333334,0.0,0.0,0.0,6.5,0.0,9.7,0.0,32.5,0.0,0.0,9.7,0.0,17.5,1,1,1,1,22218,12040,9889,9215,10807,1,15233,1,13643,8133,1,25198,18674,21549,1.0,11:06,2017,2018
2017-18,202691,Klay Thompson,Klay,1610612744,GSW,Golden State Warriors,21700358,2017-12-06T00:00:00,GSW @ CHA,W,36.28333333333333,6.0,0.0,5.0,6.0,6.9,9.9,5.0,31.8,0.0,0.0,0.0,1.0,28.1,1,1,1,1,2171,3011,9889,2926,11737,6408,15502,8683,14379,8133,1,1,18408,14590,1.0,36:17,2017,2018
2017-18,2585,Zaza Pachulia,Zaza,1610612744,GSW,Golden State Warriors,21700358,2017-12-06T00:00:00,GSW @ CHA,W,4.516666666666667,0.0,0.0,0.0,0.0,15.9,0.0,15.9,47.8,0.0,8.0,8.0,0.0,20.7,1,1,1,1,24604,12040,9889,9215,19152,19165,1,22299,2643,8133,26011,24542,18674,19789,1.0,4:31,2017,2018
2017-18,2738,Andre Iguodala,Andre,1610612744,GSW,Golden State Warriors,21700358,2017-12-06T00:00:00,GSW @ CHA,W,29.666666666666668,2.4,0.0,6.1,7.3,4.9,7.3,6.1,29.1,2.4,1.2,2.4,3.6,40.2,1,1,1,1,7533,9847,9889,1925,9631,4213,11120,10424,16937,2506,19769,11967,8098,6193,1.0,29:40,2017,2018
2017-18,201156,Nick Young,Nick,1610612744,GSW,Golden State Warriors,21700358,2017-12-06T00:00:00,GSW @ CHA,W,20.0,0.0,3.6,5.4,3.6,0.0,5.4,0.0,25.2,0.0,0.0,1.8,3.6,25.6,1,1,1,1,16106,12040,5273,2487,15996,1,7937,1,20262,8133,1,8947,8221,16454,1.0,20:00,2017,2018
2017-18,201580,JaVale McGee,JaVale,1610612744,GSW,Golden State Warriors,21700358,2017-12-06T00:00:00,GSW @ CHA,W,7.5,0.0,0.0,9.6,19.2,9.6,24.0,9.6,28.8,9.6,0.0,9.6,0.0,53.8,1,1,1,1,23502,12040,9889,494,916,10108,25344,15737,17241,70,1,25164,18674,1580,1.0,7:30,2017,2018
2017-18,201142,Kevin Durant,Kevin,1610612744,GSW,Golden State Warriors,21700358,2017-12-06T00:00:00,GSW @ CHA,W,35.906666666666666,2.0,0.0,0.0,12.0,7.0,13.0,7.0,34.1,2.0,0.0,2.0,5.0,66.4,1,1,1,1,2431,11155,9889,9215,4107,6496,19773,11907,11997,3461,1,9958,4676,364,1.0,35:54,2017,2018
2017-18,2561,David West,David,1610612744,GSW,Golden State Warriors,21700358,2017-12-06T00:00:00,GSW @ CHA,W,19.95,0.0,0.0,7.2,7.2,5.4,7.2,5.4,36.1,3.6,0.0,7.2,1.8,39.0,1,1,1,1,16160,12040,9889,1209,9713,4705,11009,9415,10062,1147,1,24020,14910,6833,1.0,19:57,2017,2018
2017-18,2738,Andre Iguodala,Andre,1610612744,GSW,Golden State Warriors,21700346,2017-12-04T00:00:00,GSW @ NOP,W,26.066666666666663,2.8,0.0,2.8,5.5,18.0,12.4,16.6,41.4,0.0,0.0,0.0,1.4,34.9,1,1,1,1,10740,8946,9889,6435,12468,21066,19060,22642,5834,8133,1,1,16631,9459,1.0,26:04,2017,2018
2017-18,2561,David West,David,1610612744,GSW,Golden State Warriors,21700346,2017-12-04T00:00:00,GSW @ NOP,W,13.066666666666666,5.5,0.0,11.0,11.0,5.5,2.8,16.5,27.6,2.8,0.0,2.8,2.8,62.8,1,1,1,1,21178,3570,9889,312,5042,4812,4421,22622,18358,2045,1,13318,11168,541,1.0,13:04,2017,2018
2017-18,203110,Draymond Green,Draymond,1610612744,GSW,Golden State Warriors,21700346,2017-12-04T00:00:00,GSW @ NOP,W,38.11666666666667,7.6,0.0,0.0,5.7,12.3,8.5,10.4,32.1,1.9,1.9,0.9,4.7,53.2,1,1,1,1,1143,1662,9889,9215,12211,14272,13262,16808,13995,3786,22415,5362,5247,1674,1.0,38:07,2017,2018
2017-18,201142,Kevin Durant,Kevin,1610612744,GSW,Golden State Warriors,21700346,2017-12-04T00:00:00,GSW @ NOP,W,34.6,3.1,0.0,6.2,10.4,17.7,8.3,17.7,41.6,1.0,1.0,3.1,6.2,38.4,1,1,1,1,3407,8016,9889,1778,5638,20838,12971,23243,5696,7198,18542,14998,2689,7176,1.0,34:36,2017,2018
2017-18,201939,Stephen Curry,Stephen,1610612744,GSW,Golden State Warriors,21700346,2017-12-04T00:00:00,GSW @ NOP,W,34.44833333333333,7.3,0.0,4.2,6.3,20.9,12.5,14.6,41.8,0.0,0.0,5.2,4.2,57.0,1,1,1,1,3551,1810,9889,3906,11148,22950,19159,21341,5593,8133,1,21421,6578,1087,1.0,34:27,2017,2018
2017-18,1627775,Patrick McCaw,Patrick,1610612744,GSW,Golden State Warriors,21700346,2017-12-04T00:00:00,GSW @ NOP,W,4.366666666666666,24.7,0.0,24.7,0.0,0.0,8.2,24.7,33.0,0.0,8.2,8.2,0.0,61.8,1,1,1,1,24651,38,9889,12,19152,1,12841,25232,13108,8133,26017,24674,18674,616,1.0,4:22,2017,2018
2017-18,1628395,Jordan Bell,Jordan,1610612744,GSW,Golden State Warriors,21700346,2017-12-04T00:00:00,GSW @ NOP,W,12.421666666666669,0.0,5.8,0.0,11.6,37.7,29.0,26.1,52.2,0.0,0.0,2.9,5.8,18.0,1,1,1,1,21541,12040,2243,9215,4482,25770,25722,25377,1523,8133,1,13956,3337,21328,1.0,12:25,2017,2018
2017-18,201156,Nick Young,Nick,1610612744,GSW,Golden State Warriors,21700346,2017-12-04T00:00:00,GSW @ NOP,W,13.951666666666666,0.0,0.0,15.5,0.0,7.7,0.0,12.9,25.8,0.0,0.0,0.0,0.0,18.6,1,1,1,1,20648,12040,9889,93,19152,7410,1,19745,19802,8133,1,1,18674,21004,1.0,13:57,2017,2018
2017-18,1626172,Kevon Looney,Kevon,1610612744,GSW,Golden State Warriors,21700346,2017-12-04T00:00:00,GSW @ NOP,W,3.361666666666667,0.0,0.0,0.0,0.0,32.1,0.0,0.0,42.8,0.0,0.0,0.0,0.0,12.9,1,1,1,1,25039,12040,9889,9215,19152,25503,1,1,4931,8133,1,1,18674,23362,1.0,3:22,2017,2018
2017-18,201580,JaVale McGee,JaVale,1610612744,GSW,Golden State Warriors,21700346,2017-12-04T00:00:00,GSW @ NOP,W,11.1,9.7,6.5,6.5,19.5,13.0,6.5,9.7,38.9,3.2,0.0,9.7,9.7,51.2,1,1,1,1,22208,757,1750,1632,867,15302,9688,15908,7711,1472,1,25193,488,2048,1.0,11:06,2017,2018
2017-18,202691,Klay Thompson,Klay,1610612744,GSW,Golden State Warriors,21700346,2017-12-04T00:00:00,GSW @ NOP,W,35.61666666666667,1.0,7.1,8.1,4.0,14.2,9.1,20.2,40.4,0.0,0.0,0.0,3.0,30.4,1,1,1,1,2635,12001,1442,864,15159,16953,14260,24200,6569,8133,1,1,10079,12779,1.0,35:37,2017,2018
2017-18,201956,Omri Casspi,Omri,1610612744,GSW,Golden State Warriors,21700346,2017-12-04T00:00:00,GSW @ NOP,W,12.883333333333333,0.0,0.0,0.0,0.0,22.4,11.2,0.0,22.4,0.0,0.0,5.6,2.8,11.7,1,1,1,1,21294,12040,9889,9215,19152,23587,17345,1,22111,8133,1,22092,11024,23718,1.0,12:53,2017,2018
2017-18,203110,Draymond Green,Draymond,1610612744,GSW,Golden State Warriors,21700335,2017-12-03T00:00:00,GSW @ MIA,W,32.016666666666666,0.0,0.0,0.0,4.5,4.5,5.6,0.0,18.0,0.0,0.0,0.0,0.0,29.1,1,1,1,1,5538,12040,9889,9215,14204,3923,8290,1,24009,8133,1,1,18674,13794,1.0,32:01,2017,2018
2017-18,2561,David West,David,1610612744,GSW,Golden State Warriors,21700335,2017-12-03T00:00:00,GSW @ MIA,W,11.883333333333333,0.0,9.1,0.0,12.1,0.0,0.0,0.0,24.2,3.0,0.0,3.0,9.1,48.5,1,1,1,1,21871,12040,744,9215,4038,1,1,1,20957,1688,1,14573,658,2802,1.0,11:53,2017,2018
2017-18,201142,Kevin Durant,Kevin,1610612744,GSW,Golden State Warriors,21700335,2017-12-03T00:00:00,GSW @ MIA,W,28.416666666666668,7.6,0.0,0.0,17.7,5.1,6.3,0.0,30.4,0.0,1.3,1.3,2.5,47.0,1,1,1,1,8655,1622,9889,9215,1251,4386,9450,1,15671,8133,20101,6908,11939,3236,1.0,28:25,2017,2018
2017-18,2585,Zaza Pachulia,Zaza,1610612744,GSW,Golden State Warriors,21700335,2017-12-03T00:00:00,GSW @ MIA,W,17.6,0.0,0.0,0.0,12.3,8.2,10.2,0.0,24.5,0.0,2.0,4.1,6.1,32.3,1,1,1,1,18075,12040,9889,9215,3914,8024,15958,1,20747,8133,22960,18501,2825,11370,1.0,17:36,2017,2018
2017-18,202691,Klay Thompson,Klay,1610612744,GSW,Golden State Warriors,21700335,2017-12-03T00:00:00,GSW @ MIA,W,31.08333333333333,4.6,2.3,0.0,9.3,4.6,5.8,0.0,18.5,0.0,1.2,1.2,1.2,34.7,1,1,1,1,6336,4907,8138,9215,6913,4026,8574,1,23812,8133,19428,6399,17664,9597,1.0,31:05,2017,2018
2017-18,1628395,Jordan Bell,Jordan,1610612744,GSW,Golden State Warriors,21700335,2017-12-03T00:00:00,GSW @ MIA,W,12.683333333333334,5.7,0.0,0.0,11.4,0.0,0.0,0.0,22.7,2.8,0.0,0.0,2.8,34.3,1,1,1,1,21391,3365,9889,9215,4708,1,1,1,21915,1928,1,1,10857,9917,1.0,12:41,2017,2018
2017-18,1626172,Kevon Looney,Kevon,1610612744,GSW,Golden State Warriors,21700335,2017-12-03T00:00:00,GSW @ MIA,W,6.55,0.0,22.0,0.0,22.0,27.5,22.0,0.0,22.0,5.5,5.5,5.5,0.0,58.3,1,1,1,1,23828,12040,65,9215,473,24947,25016,1,22308,398,25843,21923,18674,934,1.0,6:33,2017,2018
2017-18,1627775,Patrick McCaw,Patrick,1610612744,GSW,Golden State Warriors,21700335,2017-12-03T00:00:00,GSW @ MIA,W,18.8,0.0,0.0,0.0,0.0,9.6,7.7,0.0,30.6,0.0,0.0,5.7,1.9,23.2,1,1,1,1,17119,12040,9889,9215,19152,10068,11811,1,15424,8133,1,22335,14515,18171,1.0,18:48,2017,2018
2017-18,201956,Omri Casspi,Omri,1610612744,GSW,Golden State Warriors,21700335,2017-12-03T00:00:00,GSW @ MIA,W,25.116666666666667,0.0,0.0,0.0,5.7,7.2,5.7,0.0,20.1,0.0,0.0,2.9,2.9,22.9,1,1,1,1,11630,12040,9889,9215,12115,6684,8470,1,23245,8133,1,13798,10755,18342,1.0,25:07,2017,2018
2017-18,201156,Nick Young,Nick,1610612744,GSW,Golden State Warriors,21700335,2017-12-03T00:00:00,GSW @ MIA,W,15.4,0.0,0.0,14.0,0.0,11.7,9.4,0.0,28.1,0.0,0.0,4.7,0.0,14.0,1,1,1,1,19712,12040,9889,134,19152,13380,14648,1,17928,8133,1,20167,18674,22999,1.0,15:24,2017,2018
2017-18,201939,Stephen Curry,Stephen,1610612744,GSW,Golden State Warriors,21700335,2017-12-03T00:00:00,GSW @ MIA,W,30.311666666666667,2.4,0.0,9.5,9.5,4.8,5.9,0.0,28.5,0.0,0.0,1.2,2.4,51.0,1,1,1,1,6978,10004,9889,507,6624,4125,8797,1,17515,8133,1,6536,12558,2117,1.0,30:19,2017,2018
2017-18,2733,Shaun Livingston,Shaun,1610612744,GSW,Golden State Warriors,21700335,2017-12-03T00:00:00,GSW @ MIA,W,5.6883333333333335,0.0,0.0,0.0,0.0,0.0,0.0,0.0,12.7,6.3,0.0,0.0,0.0,38.0,1,1,1,1,24158,12040,9889,9215,19152,1,1,1,25053,262,1,1,18674,7416,1.0,5:41,2017,2018
2017-18,201580,JaVale McGee,JaVale,1610612744,GSW,Golden State Warriors,21700335,2017-12-03T00:00:00,GSW @ MIA,W,4.45,0.0,0.0,0.0,16.2,40.4,32.4,0.0,32.4,0.0,0.0,0.0,0.0,38.0,1,1,1,1,24628,12040,9889,9215,1779,25824,25830,1,13737,8133,1,1,18674,7385,1.0,4:27,2017,2018
2017-18,201580,JaVale McGee,JaVale,1610612744,GSW,Golden State Warriors,21700318,2017-12-01T00:00:00,GSW @ ORL,W,2.433333333333333,0.0,0.0,0.0,0.0,0.0,0.0,0.0,29.6,0.0,0.0,0.0,0.0,-14.8,1,1,1,1,25381,12040,9889,9215,19152,1,1,1,16446,8133,1,1,18674,26083,1.0,2:26,2017,2018
2017-18,201156,Nick Young,Nick,1610612744,GSW,Golden State Warriors,21700318,2017-12-01T00:00:00,GSW @ ORL,W,2.433333333333333,0.0,0.0,0.0,0.0,0.0,0.0,0.0,29.6,0.0,0.0,0.0,0.0,44.4,1,1,1,1,25381,12040,9889,9215,19152,1,1,1,16446,8133,1,1,18674,4226,1.0,2:26,2017,2018
2017-18,2561,David West,David,1610612744,GSW,Golden State Warriors,21700318,2017-12-01T00:00:00,GSW @ ORL,W,11.133333333333333,0.0,0.0,6.5,6.5,12.9,9.7,6.5,25.9,3.2,0.0,6.5,0.0,50.4,1,1,1,1,22198,12040,9889,1645,10841,15239,15178,11033,19750,1480,1,23349,18674,2259,1.0,11:08,2017,2018
2017-18,201956,Omri Casspi,Omri,1610612744,GSW,Golden State Warriors,21700318,2017-12-01T00:00:00,GSW @ ORL,W,20.066666666666663,3.6,0.0,3.6,7.2,10.8,10.8,7.2,21.5,0.0,0.0,1.8,1.8,31.8,1,1,1,1,16036,6979,9889,4857,9783,11923,16736,12151,22553,8133,1,8914,14960,11775,1.0,20:04,2017,2018
2017-18,203110,Draymond Green,Draymond,1610612744,GSW,Golden State Warriors,21700318,2017-12-01T00:00:00,GSW @ ORL,W,33.97,0.0,2.1,0.0,6.4,13.8,6.4,17.0,42.4,1.1,1.1,3.2,1.1,41.1,1,1,1,1,3922,12040,8690,9215,10997,16471,9491,22874,5212,7058,18706,15227,18134,5720,1.0,33:58,2017,2018
2017-18,1627775,Patrick McCaw,Patrick,1610612744,GSW,Golden State Warriors,21700318,2017-12-01T00:00:00,GSW @ ORL,W,21.933333333333334,4.9,0.0,0.0,3.3,16.4,14.8,16.4,59.1,1.6,0.0,1.6,0.0,29.9,1,1,1,1,14439,4427,9889,9215,16488,19662,21576,22568,752,4444,1,8381,18674,13198,1.0,21:56,2017,2018
2017-18,1626172,Kevon Looney,Kevon,1610612744,GSW,Golden State Warriors,21700318,2017-12-01T00:00:00,GSW @ ORL,W,2.433333333333333,0.0,0.0,0.0,0.0,0.0,0.0,0.0,29.6,0.0,0.0,0.0,0.0,20.7,1,1,1,1,25381,12040,9889,9215,19152,1,1,1,16446,8133,1,1,18674,19793,1.0,2:26,2017,2018
2017-18,2733,Shaun Livingston,Shaun,1610612744,GSW,Golden State Warriors,21700318,2017-12-01T00:00:00,GSW @ ORL,W,16.033333333333335,0.0,0.0,0.0,0.0,22.5,15.7,13.5,44.9,0.0,0.0,2.2,4.5,11.0,1,1,1,1,19252,12040,9889,9215,19152,23623,22368,20314,3812,8133,1,11204,5787,23919,1.0,16:02,2017,2018
2017-18,2585,Zaza Pachulia,Zaza,1610612744,GSW,Golden State Warriors,21700318,2017-12-01T00:00:00,GSW @ ORL,W,15.183333333333334,0.0,0.0,4.7,14.2,21.3,0.0,19.0,42.7,2.4,2.4,2.4,0.0,56.0,1,1,1,1,19850,12040,9889,3183,2681,23152,1,23777,5019,2611,23775,11753,18674,1205,1.0,15:11,2017,2018
2017-18,201939,Stephen Curry,Stephen,1610612744,GSW,Golden State Warriors,21700318,2017-12-01T00:00:00,GSW @ ORL,W,33.05,5.4,0.0,3.3,8.7,16.3,10.9,17.4,47.9,0.0,1.1,2.2,3.3,54.7,1,1,1,1,4636,3649,9889,5392,7612,19579,16922,23116,2607,8133,18908,10862,9243,1413,1.0,33:03,2017,2018
2017-18,202691,Klay Thompson,Klay,1610612744,GSW,Golden State Warriors,21700318,2017-12-01T00:00:00,GSW @ ORL,W,35.3,5.1,0.0,6.1,8.2,19.4,7.1,16.3,42.8,0.0,0.0,1.0,1.0,38.9,1,1,1,1,2882,4128,9889,1871,8324,22102,10892,22515,4933,8133,1,5682,18311,6909,1.0,35:18,2017,2018
2017-18,1628395,Jordan Bell,Jordan,1610612744,GSW,Golden State Warriors,21700318,2017-12-01T00:00:00,GSW @ ORL,W,15.646666666666668,4.6,9.2,4.6,36.8,23.0,18.4,13.8,46.0,6.9,2.3,2.3,0.0,78.2,1,1,1,1,19522,4963,717,3343,45,23854,23947,20601,3319,201,23649,11458,18674,121,1.0,15:39,2017,2018
2017-18,201142,Kevin Durant,Kevin,1610612744,GSW,Golden State Warriors,21700318,2017-12-01T00:00:00,GSW @ ORL,W,30.383333333333333,5.9,2.4,2.4,21.3,22.5,10.7,19.0,52.1,4.7,0.0,3.6,8.3,57.9,1,1,1,1,6911,3042,8008,7354,559,23653,16565,23772,1530,593,1,16660,990,963,1.0,30:23,2017,2018
2017-18,201142,Kevin Durant,Kevin,1610612744,GSW,Golden State Warriors,21700312,2017-11-29T00:00:00,GSW @ LAL,W,42.31666666666667,1.7,1.7,1.7,6.8,12.8,8.5,11.1,42.5,0.9,0.9,3.4,4.3,38.2,1,1,1,1,176,11695,9598,8977,10321,14983,13274,17672,5113,8079,17463,16108,6373,7290,1.0,42:19,2017,2018
2017-18,2585,Zaza Pachulia,Zaza,1610612744,GSW,Golden State Warriors,21700312,2017-11-29T00:00:00,GSW @ LAL,W,14.183333333333334,5.1,5.1,0.0,25.4,12.7,7.6,5.1,30.5,0.0,0.0,5.1,2.5,58.9,1,1,1,1,20510,4154,2965,9215,239,14894,11720,8882,15609,8133,1,21125,11922,865,1.0,14:11,2017,2018
2017-18,201156,Nick Young,Nick,1610612744,GSW,Golden State Warriors,21700312,2017-11-29T00:00:00,GSW @ LAL,W,13.883333333333333,5.2,5.2,0.0,5.2,10.4,10.4,10.4,51.9,0.0,0.0,0.0,2.6,27.0,1,1,1,1,20694,4008,2849,9215,12993,11300,16170,16772,1583,8133,1,1,11715,15404,1.0,13:53,2017,2018
2017-18,202691,Klay Thompson,Klay,1610612744,GSW,Golden State Warriors,21700312,2017-11-29T00:00:00,GSW @ LAL,W,38.695,0.0,0.0,10.2,0.0,10.2,7.4,10.2,40.9,0.0,0.0,0.9,1.9,27.5,1,1,1,1,907,12040,9889,397,19152,11063,11429,16576,6204,8133,1,5323,14716,14987,1.0,38:42,2017,2018
2017-18,2733,Shaun Livingston,Shaun,1610612744,GSW,Golden State Warriors,21700312,2017-11-29T00:00:00,GSW @ LAL,W,9.666666666666666,7.4,0.0,7.4,14.9,7.4,0.0,14.9,59.6,0.0,0.0,7.4,3.7,26.8,1,1,1,1,22753,1726,9889,1117,2304,7056,1,21547,723,8133,1,24179,7857,15515,1.0,9:40,2017,2018
2017-18,1626172,Kevon Looney,Kevon,1610612744,GSW,Golden State Warriors,21700312,2017-11-29T00:00:00,GSW @ LAL,W,12.9,0.0,5.6,0.0,5.6,11.2,0.0,19.5,50.2,2.8,5.6,0.0,2.8,27.3,1,1,1,1,21283,12040,2431,9215,12364,12571,1,23967,1954,2001,25851,1,11038,15136,1.0,12:54,2017,2018
2017-18,2738,Andre Iguodala,Andre,1610612744,GSW,Golden State Warriors,21700312,2017-11-29T00:00:00,GSW @ LAL,W,34.81666666666667,0.0,0.0,2.1,2.1,12.4,9.3,14.5,49.6,1.0,0.0,2.1,3.1,17.3,1,1,1,1,3243,12040,9889,8208,18767,14482,14581,21218,2102,7251,1,10276,9810,21682,1.0,34:49,2017,2018
2017-18,1627775,Patrick McCaw,Patrick,1610612744,GSW,Golden State Warriors,21700312,2017-11-29T00:00:00,GSW @ LAL,W,8.42,0.0,0.0,0.0,0.0,25.7,8.6,29.9,68.4,0.0,4.3,4.3,0.0,12.8,1,1,1,1,23195,12040,9889,9215,19152,24592,13346,25646,324,8133,25566,19085,18674,23372,1.0,8:25,2017,2018
2017-18,203110,Draymond Green,Draymond,1610612744,GSW,Golden State Warriors,21700312,2017-11-29T00:00:00,GSW @ LAL,W,38.333333333333336,1.9,1.9,0.0,7.5,12.2,6.6,11.3,47.0,0.0,0.9,1.9,4.7,46.7,1,1,1,1,1050,11481,9369,9215,9302,14194,9840,17907,2965,8133,17770,9300,5321,3353,1.0,38:20,2017,2018
2017-18,201939,Stephen Curry,Stephen,1610612744,GSW,Golden State Warriors,21700312,2017-11-29T00:00:00,GSW @ LAL,W,39.39666666666667,0.0,3.7,1.8,9.1,15.5,9.1,13.7,43.9,0.0,0.0,3.7,3.7,36.1,1,1,1,1,688,12040,5168,8828,7059,18712,14322,20518,4342,8133,1,17024,8055,8619,1.0,39:24,2017,2018
2017-18,1628395,Jordan Bell,Jordan,1610612744,GSW,Golden State Warriors,21700312,2017-11-29T00:00:00,GSW @ LAL,W,12.388333333333334,5.8,11.6,0.0,17.4,17.4,20.3,17.4,52.3,2.9,0.0,2.9,0.0,48.8,1,1,1,1,21555,3177,349,9215,1344,20611,24612,23121,1499,1861,1,13998,18674,2696,1.0,12:23,2017,2018
2017-18,2561,David West,David,1610612744,GSW,Golden State Warriors,21700296,2017-11-27T00:00:00,GSW vs. SAC,L,16.616666666666667,0.0,0.0,0.0,13.0,10.8,4.3,0.0,39.0,2.2,0.0,0.0,2.2,51.8,1,13054,13054,13054,18817,12040,9889,9215,3408,12042,6309,1,7668,3053,1,1,13402,1940,1.0,16:37,2017,2018
2017-18,201580,JaVale McGee,JaVale,1610612744,GSW,Golden State Warriors,21700296,2017-11-27T00:00:00,GSW vs. SAC,L,8.411666666666667,0.0,0.0,8.6,8.6,38.5,0.0,12.8,51.4,4.3,0.0,4.3,0.0,49.2,1,13054,13054,13054,23199,12040,9889,720,7820,25790,1,19677,1679,772,1,19094,18674,2581,1.0,8:25,2017,2018
2017-18,1627775,Patrick McCaw,Patrick,1610612744,GSW,Golden State Warriors,21700296,2017-11-27T00:00:00,GSW vs. SAC,L,33.28333333333333,9.7,3.2,4.3,6.5,15.1,16.2,8.7,43.3,1.1,0.0,1.1,3.2,46.6,1,13054,13054,13054,4470,754,5954,3692,10808,18245,22735,14405,4677,6900,1,6020,9312,3379,1.0,33:17,2017,2018
2017-18,2733,Shaun Livingston,Shaun,1610612744,GSW,Golden State Warriors,21700296,2017-11-27T00:00:00,GSW vs. SAC,L,17.816666666666666,4.0,4.0,0.0,16.2,22.2,0.0,10.1,52.5,2.0,0.0,8.1,0.0,31.7,1,13054,13054,13054,17925,6019,4437,9215,1788,23536,1,16398,1451,3418,1,24610,18674,11801,1.0,17:49,2017,2018
2017-18,201156,Nick Young,Nick,1610612744,GSW,Golden State Warriors,21700296,2017-11-27T00:00:00,GSW vs. SAC,L,12.218333333333334,0.0,0.0,8.8,5.9,38.3,0.0,20.6,64.8,0.0,0.0,0.0,0.0,18.3,1,13054,13054,13054,21639,12040,9889,656,11851,25789,1,24334,440,8133,1,1,18674,21162,1.0,12:13,2017,2018
2017-18,201956,Omri Casspi,Omri,1610612744,GSW,Golden State Warriors,21700296,2017-11-27T00:00:00,GSW vs. SAC,L,30.473333333333333,2.4,3.5,2.4,7.1,16.5,17.7,9.5,47.3,0.0,1.2,3.5,0.0,18.1,1,13054,13054,13054,6839,10037,5378,7385,9890,19774,23625,15533,2855,8133,19581,16628,18674,21261,1.0,30:28,2017,2018
2017-18,2738,Andre Iguodala,Andre,1610612744,GSW,Golden State Warriors,21700296,2017-11-27T00:00:00,GSW vs. SAC,L,25.616666666666667,0.0,0.0,1.4,5.6,25.3,5.6,9.8,47.8,0.0,0.0,0.0,4.2,24.0,1,13054,13054,13054,11157,12040,9889,9067,12300,24513,8287,16071,2663,8133,1,1,6479,17587,1.0,25:37,2017,2018
2017-18,203110,Draymond Green,Draymond,1610612744,GSW,Golden State Warriors,21700296,2017-11-27T00:00:00,GSW vs. SAC,L,38.83833333333333,0.9,0.0,0.0,0.0,14.8,12.0,9.3,44.5,0.0,2.8,0.0,2.8,29.5,1,13054,13054,13054,849,12027,9889,9215,19152,17811,18555,15280,4023,8133,24445,1,11085,13497,1.0,38:50,2017,2018
2017-18,2585,Zaza Pachulia,Zaza,1610612744,GSW,Golden State Warriors,21700296,2017-11-27T00:00:00,GSW vs. SAC,L,14.05,0.0,5.1,0.0,5.1,12.8,12.8,15.4,41.0,0.0,2.6,2.6,2.6,34.8,1,13054,13054,13054,20586,12040,2916,9215,13114,15062,19498,21905,6160,8133,24129,12549,11830,9516,1.0,14:03,2017,2018
2017-18,1628395,Jordan Bell,Jordan,1610612744,GSW,Golden State Warriors,21700296,2017-11-27T00:00:00,GSW vs. SAC,L,6.125,0.0,23.5,0.0,23.5,11.8,35.3,0.0,47.0,5.9,0.0,5.9,5.9,76.4,1,13054,13054,13054,23996,12040,52,9215,348,13489,25902,1,2934,332,1,22558,3214,146,1.0,6:08,2017,2018
2017-18,202691,Klay Thompson,Klay,1610612744,GSW,Golden State Warriors,21700296,2017-11-27T00:00:00,GSW vs. SAC,L,32.5,0.0,3.3,7.8,2.2,15.5,16.6,8.9,44.3,1.1,1.1,4.4,3.3,38.8,1,13054,13054,13054,5139,12040,5784,998,18484,18689,22967,14716,4107,6734,19069,19540,9069,6954,1.0,32:30,2017,2018
2017-18,1626172,Kevon Looney,Kevon,1610612744,GSW,Golden State Warriors,21700296,2017-11-27T00:00:00,GSW vs. SAC,L,4.05,0.0,0.0,0.0,0.0,35.6,0.0,26.7,53.3,0.0,0.0,0.0,0.0,4.4,1,13054,13054,13054,24750,12040,9889,9215,19152,25697,1,25436,1313,8133,1,1,18674,24997,1.0,4:03,2017,2018
2017-18,2738,Andre Iguodala,Andre,1610612744,GSW,Golden State Warriors,21700284,2017-11-25T00:00:00,GSW vs. NOP,W,30.906666666666663,2.3,5.8,0.0,4.7,0.0,10.5,4.7,28.0,0.0,2.3,2.3,3.5,34.5,1,1,1,1,6471,10121,2220,9215,13918,1,16319,8174,18016,8133,23713,11599,8540,9795,1.0,30:54,2017,2018
2017-18,1626172,Kevon Looney,Kevon,1610612744,GSW,Golden State Warriors,21700284,2017-11-25T00:00:00,GSW vs. NOP,W,9.41,7.7,0.0,0.0,7.7,0.0,0.0,7.7,30.6,3.8,0.0,7.7,3.8,59.3,1,1,1,1,22859,1595,9889,9215,9101,1,1,12912,15462,1000,1,24335,7569,826,1.0,9:25,2017,2018
2017-18,203110,Draymond Green,Draymond,1610612744,GSW,Golden State Warriors,21700284,2017-11-25T00:00:00,GSW vs. NOP,W,26.223333333333333,0.0,2.7,0.0,2.7,4.1,15.1,12.4,19.2,1.4,0.0,6.9,5.5,45.9,1,1,1,1,10622,12040,7116,9215,17431,3626,21856,19168,23568,5346,1,23741,3789,3650,1.0,26:13,2017,2018
2017-18,1627775,Patrick McCaw,Patrick,1610612744,GSW,Golden State Warriors,21700284,2017-11-25T00:00:00,GSW vs. NOP,W,8.46,0.0,0.0,0.0,0.0,0.0,0.0,8.5,51.1,0.0,0.0,4.3,0.0,8.5,1,1,1,1,23181,12040,9889,9215,19152,1,1,14217,1755,8133,1,19022,18674,24461,1.0,8:28,2017,2018
2017-18,201580,JaVale McGee,JaVale,1610612744,GSW,Golden State Warriors,21700284,2017-11-25T00:00:00,GSW vs. NOP,W,5.033333333333333,0.0,0.0,0.0,0.0,0.0,0.0,14.3,57.2,0.0,0.0,14.3,0.0,27.9,1,1,1,1,24395,12040,9889,9215,19152,1,1,21049,882,8133,1,25831,18674,14719,1.0,5:02,2017,2018
2017-18,2733,Shaun Livingston,Shaun,1610612744,GSW,Golden State Warriors,21700284,2017-11-25T00:00:00,GSW vs. NOP,W,14.25,0.0,0.0,5.1,15.2,0.0,17.7,5.1,25.3,0.0,5.1,2.5,2.5,25.0,1,1,1,1,20468,12040,9889,2819,2174,1,23603,8841,20205,8133,25755,12393,11962,16871,1.0,14:15,2017,2018
2017-18,201156,Nick Young,Nick,1610612744,GSW,Golden State Warriors,21700284,2017-11-25T00:00:00,GSW vs. NOP,W,9.693333333333332,0.0,0.0,0.0,0.0,0.0,0.0,7.4,29.7,0.0,0.0,0.0,3.7,7.4,1,1,1,1,22744,12040,9889,9215,19152,1,1,12539,16328,8133,1,1,7893,24653,1.0,9:42,2017,2018
2017-18,202691,Klay Thompson,Klay,1610612744,GSW,Golden State Warriors,21700284,2017-11-25T00:00:00,GSW vs. NOP,W,36.20666666666666,5.0,0.0,5.0,6.0,3.0,10.9,12.9,19.9,2.0,1.0,0.0,4.0,43.5,1,1,1,1,2222,4346,9889,2910,11716,2875,16994,19778,23311,3516,18161,1,7132,4566,1.0,36:12,2017,2018
2017-18,2585,Zaza Pachulia,Zaza,1610612744,GSW,Golden State Warriors,21700284,2017-11-25T00:00:00,GSW vs. NOP,W,19.7,0.0,11.0,0.0,14.6,5.5,11.0,16.4,18.3,0.0,1.8,7.3,5.5,49.7,1,1,1,1,16386,12040,409,9215,2461,4777,17030,22585,23896,8133,22217,24087,3800,2469,1.0,19:42,2017,2018
2017-18,201939,Stephen Curry,Stephen,1610612744,GSW,Golden State Warriors,21700284,2017-11-25T00:00:00,GSW vs. NOP,W,36.45666666666666,8.9,6.9,4.9,3.9,3.0,7.9,12.8,29.6,0.0,1.0,2.0,2.0,42.3,1,1,1,1,2060,1028,1531,2949,15332,2868,12225,19671,16414,8133,18098,9806,14276,5158,1.0,36:27,2017,2018
2017-18,201956,Omri Casspi,Omri,1610612744,GSW,Golden State Warriors,21700284,2017-11-25T00:00:00,GSW vs. NOP,W,24.576666666666668,2.9,0.0,2.9,8.8,4.4,5.9,22.0,29.3,2.9,1.5,2.9,4.4,31.9,1,1,1,1,12127,8518,9889,6090,7507,3842,8690,24711,16759,1835,21054,14110,6004,11654,1.0,24:35,2017,2018
2017-18,1628395,Jordan Bell,Jordan,1610612744,GSW,Golden State Warriors,21700284,2017-11-25T00:00:00,GSW vs. NOP,W,6.65,0.0,0.0,0.0,0.0,0.0,10.8,0.0,32.5,0.0,0.0,10.8,0.0,40.6,1,1,1,1,23792,12040,9889,9215,19152,1,16835,1,13614,8133,1,25465,18674,5989,1.0,6:39,2017,2018
2017-18,2561,David West,David,1610612744,GSW,Golden State Warriors,21700284,2017-11-25T00:00:00,GSW vs. NOP,W,12.433333333333334,0.0,0.0,0.0,0.0,0.0,20.3,5.8,29.0,0.0,2.9,2.9,5.8,30.1,1,1,1,1,21532,12040,9889,9215,19152,1,24590,10001,17101,8133,24595,13935,3343,13021,1.0,12:26,2017,2018
2017-18,1626188,Quinn Cook,Quinn,1610612744,GSW,Golden State Warriors,21700276,2017-11-24T00:00:00,GSW vs. CHI,W,13.1,5.5,0.0,5.5,11.0,0.0,8.2,13.7,33.0,0.0,0.0,2.7,0.0,35.5,1,1,1,1,21158,3586,9889,2398,5060,1,12841,20544,13108,8133,1,13298,18674,9094,1.0,13:06,2017,2018
2017-18,201939,Stephen Curry,Stephen,1610612744,GSW,Golden State Warriors,21700276,2017-11-24T00:00:00,GSW vs. CHI,W,26.851666666666667,10.7,0.0,12.1,13.4,6.7,6.7,9.4,18.8,0.0,0.0,2.7,6.7,68.9,1,1,1,1,10047,541,9889,228,3131,6110,10089,15445,23737,8133,1,13026,2178,259,1.0,26:51,2017,2018
2017-18,1628395,Jordan Bell,Jordan,1610612744,GSW,Golden State Warriors,21700276,2017-11-24T00:00:00,GSW vs. CHI,W,26.398333333333333,6.8,0.0,5.5,8.2,5.5,5.5,6.8,21.8,8.2,0.0,5.5,1.4,58.9,1,1,1,1,10479,2216,9889,2439,8292,4749,8024,11596,22401,124,1,21861,16713,863,1.0,26:24,2017,2018
2017-18,2738,Andre Iguodala,Andre,1610612744,GSW,Golden State Warriors,21700276,2017-11-24T00:00:00,GSW vs. CHI,W,17.366666666666667,0.0,0.0,0.0,4.1,6.2,6.2,14.5,24.9,0.0,0.0,2.1,4.1,38.6,1,1,1,1,18268,12040,9889,9215,14939,5574,9279,21240,20515,8133,1,10300,6672,7071,1.0,17:22,2017,2018
2017-18,2585,Zaza Pachulia,Zaza,1610612744,GSW,Golden State Warriors,21700276,2017-11-24T00:00:00,GSW vs. CHI,W,18.968333333333334,3.8,3.8,3.8,7.6,3.8,9.5,3.8,19.0,0.0,0.0,1.9,5.7,60.7,1,1,1,1,16986,6545,4907,4519,9195,3382,14843,6798,23657,8133,1,9391,3457,710,1.0,18:58,2017,2018
2017-18,2561,David West,David,1610612744,GSW,Golden State Warriors,21700276,2017-11-24T00:00:00,GSW vs. CHI,W,12.683333333333334,0.0,5.7,0.0,11.4,8.5,14.2,14.2,22.7,2.8,0.0,2.8,2.8,60.5,1,1,1,1,21391,12040,2351,9215,4708,8490,21038,20940,21915,1928,1,13676,10857,734,1.0,12:41,2017,2018
2017-18,2733,Shaun Livingston,Shaun,1610612744,GSW,Golden State Warriors,21700276,2017-11-24T00:00:00,GSW vs. CHI,W,7.716666666666667,0.0,0.0,0.0,0.0,14.0,0.0,23.3,18.7,0.0,4.7,0.0,0.0,9.3,1,1,1,1,23428,12040,9889,9215,19152,16746,1,25003,23770,8133,25676,1,18674,24295,1.0,7:43,2017,2018
2017-18,201580,JaVale McGee,JaVale,1610612744,GSW,Golden State Warriors,21700276,2017-11-24T00:00:00,GSW vs. CHI,W,12.666666666666666,0.0,0.0,5.7,11.4,0.0,8.5,5.7,28.4,2.8,2.8,2.8,2.8,31.0,1,1,1,1,21407,12040,9889,2229,4691,1,13300,9830,17576,1922,24539,13692,10842,12354,1.0,12:40,2017,2018
2017-18,201156,Nick Young,Nick,1610612744,GSW,Golden State Warriors,21700276,2017-11-24T00:00:00,GSW vs. CHI,W,19.28333333333333,3.7,0.0,5.6,7.5,3.7,13.1,5.6,22.4,0.0,0.0,0.0,1.9,43.3,1,1,1,1,16722,6679,9889,2308,9371,3337,19819,9696,22088,8133,1,1,14696,4676,1.0,19:17,2017,2018
2017-18,202691,Klay Thompson,Klay,1610612744,GSW,Golden State Warriors,21700276,2017-11-24T00:00:00,GSW vs. CHI,W,25.8,2.8,0.0,0.0,2.8,5.6,11.2,5.6,27.9,1.4,0.0,0.0,0.0,52.0,1,1,1,1,10984,8884,9889,9215,17339,4891,17313,9663,18050,5242,1,1,18674,1886,1.0,25:48,2017,2018
2017-18,1627775,Patrick McCaw,Patrick,1610612744,GSW,Golden State Warriors,21700276,2017-11-24T00:00:00,GSW vs. CHI,W,14.915,0.0,0.0,0.0,0.0,4.8,12.1,7.2,24.1,0.0,0.0,0.0,2.4,31.9,1,1,1,1,20032,12040,9889,9215,19152,4190,18584,12257,21024,8133,1,1,12396,11705,1.0,14:55,2017,2018
2017-18,1626172,Kevon Looney,Kevon,1610612744,GSW,Golden State Warriors,21700276,2017-11-24T00:00:00,GSW vs. CHI,W,18.933333333333334,0.0,0.0,3.8,11.4,5.7,9.5,15.2,19.0,1.9,0.0,3.8,1.9,36.1,1,1,1,1,17011,12040,9889,4508,4651,5031,14885,21785,23644,3758,1,17526,14565,8593,1.0,18:56,2017,2018
2017-18,201956,Omri Casspi,Omri,1610612744,GSW,Golden State Warriors,21700276,2017-11-24T00:00:00,GSW vs. CHI,W,25.316666666666663,0.0,0.0,2.8,5.7,5.7,17.1,5.7,31.3,1.4,0.0,2.8,1.4,36.7,1,1,1,1,11461,12040,9889,6263,12179,5010,23258,9841,14806,5134,1,13701,16424,8220,1.0,25:19,2017,2018
2017-18,201939,Stephen Curry,Stephen,1610612744,GSW,Golden State Warriors,21700263,2017-11-22T00:00:00,GSW @ OKC,L,30.816666666666663,8.2,2.3,3.5,11.7,30.4,10.5,30.4,39.7,0.0,1.2,1.2,2.3,42.1,1,13054,13054,13054,6551,1321,8092,4977,4404,25345,16363,25672,7123,8133,19491,6448,12709,5249,2.0,30:49,2017,2018
2017-18,203110,Draymond Green,Draymond,1610612744,GSW,Golden State Warriors,21700263,2017-11-22T00:00:00,GSW @ OKC,L,31.066666666666663,2.3,0.0,0.0,2.3,31.3,10.4,24.3,34.8,2.3,0.0,4.6,2.3,35.7,1,13054,13054,13054,6349,10146,9889,9215,18272,25440,16255,25184,11358,2700,1,20056,12777,8924,2.0,31:04,2017,2018
2017-18,201956,Omri Casspi,Omri,1610612744,GSW,Golden State Warriors,21700263,2017-11-22T00:00:00,GSW @ OKC,L,14.15,12.7,5.1,0.0,20.4,12.7,2.5,10.2,20.4,0.0,0.0,5.1,2.5,41.2,1,13054,13054,13054,20528,288,2955,9215,692,14921,4222,16497,23126,8133,1,21146,11898,5666,2.0,14:09,2017,2018
2017-18,2585,Zaza Pachulia,Zaza,1610612744,GSW,Golden State Warriors,21700263,2017-11-22T00:00:00,GSW @ OKC,L,12.05,0.0,0.0,0.0,0.0,26.9,6.0,20.9,29.9,3.0,0.0,0.0,9.0,34.7,1,13054,13054,13054,21723,12040,9889,9215,19152,24844,8854,24419,16182,1754,1,1,706,9657,2.0,12:03,2017,2018
2017-18,1626172,Kevon Looney,Kevon,1610612744,GSW,Golden State Warriors,21700263,2017-11-22T00:00:00,GSW @ OKC,L,12.116666666666667,0.0,0.0,0.0,5.9,26.7,17.8,29.7,35.7,0.0,0.0,5.9,3.0,39.8,1,13054,13054,13054,21692,12040,9889,9215,11755,24814,23676,25633,10486,8133,1,22652,10344,6386,2.0,12:07,2017,2018
2017-18,201142,Kevin Durant,Kevin,1610612744,GSW,Golden State Warriors,21700263,2017-11-22T00:00:00,GSW @ OKC,L,32.68333333333333,0.0,3.3,5.5,6.6,27.5,11.0,27.5,28.6,0.0,3.3,3.3,4.4,35.2,1,13054,13054,13054,4960,12040,5824,2388,10634,24953,17092,25506,17385,8133,25023,15719,5980,9254,2.0,32:41,2017,2018
2017-18,1627775,Patrick McCaw,Patrick,1610612744,GSW,Golden State Warriors,21700263,2017-11-22T00:00:00,GSW @ OKC,L,8.15,0.0,0.0,0.0,0.0,13.3,0.0,8.8,8.8,0.0,0.0,4.4,0.0,20.8,1,13054,13054,13054,23298,12040,9889,9215,19152,15734,1,14666,25388,8133,1,19494,18674,19756,2.0,8:09,2017,2018
2017-18,201156,Nick Young,Nick,1610612744,GSW,Golden State Warriors,21700263,2017-11-22T00:00:00,GSW @ OKC,L,16.45,0.0,0.0,0.0,4.4,24.1,6.6,21.9,35.0,0.0,2.2,2.2,4.4,18.4,1,13054,13054,13054,18946,12040,9889,9215,14451,24192,9822,24686,11116,8133,23367,10912,6047,21096,2.0,16:27,2017,2018
2017-18,2738,Andre Iguodala,Andre,1610612744,GSW,Golden State Warriors,21700263,2017-11-22T00:00:00,GSW @ OKC,L,22.916666666666668,0.0,3.1,3.1,6.3,31.4,14.1,33.0,34.6,4.7,0.0,1.6,1.6,26.9,1,13054,13054,13054,13601,12040,6142,5618,11122,25455,20982,25788,11535,605,1,8149,15804,15481,2.0,22:55,2017,2018
2017-18,2561,David West,David,1610612744,GSW,Golden State Warriors,21700263,2017-11-22T00:00:00,GSW @ OKC,L,11.833333333333334,0.0,0.0,0.0,0.0,9.1,6.1,12.2,12.2,0.0,0.0,0.0,3.0,17.3,1,13054,13054,13054,21901,12040,9889,9215,19152,9372,9064,18948,25095,8133,1,1,10031,21647,2.0,11:50,2017,2018
2017-18,2733,Shaun Livingston,Shaun,1610612744,GSW,Golden State Warriors,21700263,2017-11-22T00:00:00,GSW @ OKC,L,12.233333333333333,0.0,0.0,0.0,11.8,14.7,11.8,14.7,17.7,0.0,0.0,5.9,2.9,23.2,1,13054,13054,13054,21632,12040,9889,9215,4330,17668,18165,21403,24105,8133,1,22571,10456,18125,2.0,12:14,2017,2018
2017-18,202691,Klay Thompson,Klay,1610612744,GSW,Golden State Warriors,21700263,2017-11-22T00:00:00,GSW @ OKC,L,28.35,3.8,3.8,0.0,0.0,29.2,12.7,29.2,27.9,1.3,0.0,2.5,2.5,23.9,1,13054,13054,13054,8709,6506,4881,9215,19152,25211,19370,25611,18039,5816,1,12465,11918,17685,2.0,28:21,2017,2018
2017-18,201580,JaVale McGee,JaVale,1610612744,GSW,Golden State Warriors,21700263,2017-11-22T00:00:00,GSW @ OKC,L,7.183333333333334,0.0,0.0,0.0,0.0,20.0,0.0,35.1,40.1,5.0,0.0,5.0,5.0,16.0,1,13054,13054,13054,23599,12040,9889,9215,19152,22501,1,25861,6817,510,1,20981,4679,22223,2.0,7:11,2017,2018
2017-18,201956,Omri Casspi,Omri,1610612744,GSW,Golden State Warriors,21700236,2017-11-19T00:00:00,GSW @ BKN,W,22.666666666666668,6.4,3.2,6.4,15.9,15.9,11.1,15.9,19.1,3.2,0.0,4.8,1.6,46.2,1,1,1,1,13794,2606,6065,1721,1899,19086,17239,22253,23620,1533,1,20394,15745,3524,1.0,22:40,2017,2018
2017-18,201939,Stephen Curry,Stephen,1610612744,GSW,Golden State Warriors,21700236,2017-11-19T00:00:00,GSW @ BKN,W,32.655,2.2,0.0,7.7,11.0,6.6,5.5,11.0,24.3,0.0,0.0,6.6,6.6,71.3,1,1,1,1,4995,10516,9889,1008,5041,6005,8117,17623,20947,8133,1,23503,2273,210,1.0,32:39,2017,2018
2017-18,2561,David West,David,1610612744,GSW,Golden State Warriors,21700236,2017-11-19T00:00:00,GSW @ BKN,W,9.616666666666667,0.0,0.0,0.0,7.5,11.2,22.5,0.0,37.4,7.5,0.0,11.2,0.0,62.1,1,1,1,1,22770,12040,9889,9215,9334,12681,25103,1,8884,159,1,25525,18674,590,1.0,9:37,2017,2018
2017-18,201580,JaVale McGee,JaVale,1610612744,GSW,Golden State Warriors,21700236,2017-11-19T00:00:00,GSW @ BKN,W,8.233333333333333,0.0,0.0,0.0,8.7,0.0,8.7,0.0,35.0,8.7,0.0,4.4,4.4,63.8,1,1,1,1,23270,12040,9889,9215,7563,1,13652,1,11145,101,1,19370,6058,472,1.0,8:14,2017,2018
2017-18,2733,Shaun Livingston,Shaun,1610612744,GSW,Golden State Warriors,21700236,2017-11-19T00:00:00,GSW @ BKN,W,16.116666666666667,0.0,0.0,4.5,4.5,13.4,22.3,0.0,26.8,2.2,2.2,2.2,2.2,16.8,1,1,1,1,19184,12040,9889,3499,14265,15932,25080,1,19003,2884,23482,11147,13131,21899,1.0,16:07,2017,2018
2017-18,201156,Nick Young,Nick,1610612744,GSW,Golden State Warriors,21700236,2017-11-19T00:00:00,GSW @ BKN,W,16.166666666666668,0.0,6.7,6.7,0.0,11.1,8.9,6.7,26.7,0.0,0.0,4.5,0.0,23.6,1,1,1,1,19159,12040,1641,1503,19152,12524,13929,11378,19074,8133,1,19606,18674,17883,1.0,16:10,2017,2018
2017-18,1628395,Jordan Bell,Jordan,1610612744,GSW,Golden State Warriors,21700236,2017-11-19T00:00:00,GSW @ BKN,W,2.8,0.0,0.0,0.0,0.0,12.9,0.0,0.0,51.4,0.0,0.0,0.0,0.0,15.4,1,1,1,1,25246,12040,9889,9215,19152,15120,1,1,1661,8133,1,1,18674,22463,1.0,2:48,2017,2018
2017-18,203110,Draymond Green,Draymond,1610612744,GSW,Golden State Warriors,21700236,2017-11-19T00:00:00,GSW @ BKN,W,35.31666666666667,0.0,0.0,0.0,0.0,9.2,12.2,9.2,24.5,2.0,0.0,4.1,2.0,37.1,1,1,1,1,2860,12040,9889,9215,19152,9440,18800,15147,20800,3370,1,18459,13985,7955,1.0,35:19,2017,2018
2017-18,1626172,Kevon Looney,Kevon,1610612744,GSW,Golden State Warriors,21700236,2017-11-19T00:00:00,GSW @ BKN,W,11.8,6.1,0.0,0.0,12.2,21.4,0.0,3.1,18.3,9.2,3.1,9.2,9.2,50.6,1,1,1,1,21923,2838,9889,9215,3968,23159,1,5835,23881,86,24781,25033,640,2214,1.0,11:48,2017,2018
2017-18,2585,Zaza Pachulia,Zaza,1610612744,GSW,Golden State Warriors,21700236,2017-11-19T00:00:00,GSW @ BKN,W,13.5,0.0,0.0,0.0,5.3,8.0,0.0,18.7,21.3,0.0,0.0,0.0,5.3,35.7,1,1,1,1,20917,12040,9889,9215,12768,7776,1,23649,22649,8133,1,1,4075,8887,1.0,13:30,2017,2018
2017-18,202691,Klay Thompson,Klay,1610612744,GSW,Golden State Warriors,21700236,2017-11-19T00:00:00,GSW @ BKN,W,33.35,4.3,4.3,0.0,8.6,10.8,13.0,7.6,25.9,1.1,0.0,1.1,3.2,47.0,1,1,1,1,4423,5458,3980,9215,7712,11983,19667,12762,19713,6913,1,6006,9330,3253,1.0,33:21,2017,2018
2017-18,2738,Andre Iguodala,Andre,1610612744,GSW,Golden State Warriors,21700236,2017-11-19T00:00:00,GSW @ BKN,W,31.53333333333333,2.3,0.0,0.0,2.3,13.7,17.1,3.4,29.7,1.1,0.0,3.4,2.3,29.1,1,1,1,1,5944,10260,9889,9215,18342,16359,23287,6270,16354,6512,1,16196,12906,13801,1.0,31:32,2017,2018
2017-18,1627775,Patrick McCaw,Patrick,1610612744,GSW,Golden State Warriors,21700236,2017-11-19T00:00:00,GSW @ BKN,W,6.245,0.0,0.0,0.0,0.0,17.3,11.5,0.0,11.5,0.0,0.0,0.0,0.0,6.9,1,1,1,1,23955,12040,9889,9215,19152,20499,17834,1,25162,8133,1,1,18674,24727,1.0,6:15,2017,2018
2017-18,2561,David West,David,1610612744,GSW,Golden State Warriors,21700231,2017-11-18T00:00:00,GSW @ PHI,W,13.35,0.0,5.4,0.0,16.2,10.8,5.4,5.4,37.8,0.0,0.0,2.7,0.0,61.8,1,1,1,1,21022,12040,2627,9215,1779,11964,7919,9377,8632,8133,1,13099,18674,623,1.0,13:21,2017,2018
2017-18,1626172,Kevon Looney,Kevon,1610612744,GSW,Golden State Warriors,21700231,2017-11-18T00:00:00,GSW @ PHI,W,9.633333333333333,7.5,7.5,0.0,7.5,7.5,0.0,0.0,44.8,3.7,7.5,7.5,3.7,63.5,1,1,1,1,22763,1707,1265,9215,9358,7082,1,1,3836,1058,25994,24197,7816,490,1.0,9:38,2017,2018
2017-18,201580,JaVale McGee,JaVale,1610612744,GSW,Golden State Warriors,21700231,2017-11-18T00:00:00,GSW @ PHI,W,5.375,0.0,0.0,0.0,0.0,40.2,13.4,20.1,40.2,0.0,0.0,6.7,0.0,18.1,1,1,1,1,24270,12040,9889,9215,19152,25818,20193,24153,6758,8133,1,23592,18674,21255,1.0,5:23,2017,2018
2017-18,2738,Andre Iguodala,Andre,1610612744,GSW,Golden State Warriors,21700231,2017-11-18T00:00:00,GSW @ PHI,W,25.9,0.0,0.0,0.0,0.0,16.7,5.6,9.7,38.9,0.0,0.0,1.4,1.4,10.1,1,1,1,1,10896,12040,9889,9215,19152,19894,8189,15908,7711,8133,1,7464,16582,24129,1.0,25:54,2017,2018
2017-18,2733,Shaun Livingston,Shaun,1610612744,GSW,Golden State Warriors,21700231,2017-11-18T00:00:00,GSW @ PHI,W,15.616666666666667,0.0,0.0,0.0,0.0,9.2,4.6,4.6,41.5,0.0,2.3,2.3,0.0,27.2,1,1,1,1,19536,12040,9889,9215,19152,9502,6722,8101,5778,8133,23659,11473,18674,15235,1.0,15:37,2017,2018
2017-18,201956,Omri Casspi,Omri,1610612744,GSW,Golden State Warriors,21700231,2017-11-18T00:00:00,GSW @ PHI,W,4.8,0.0,15.0,0.0,15.0,15.0,15.0,15.0,90.0,0.0,0.0,0.0,0.0,24.0,1,1,1,1,24491,12040,172,9215,2248,18034,21756,21611,99,8133,1,1,18674,17606,1.0,4:48,2017,2018
2017-18,202691,Klay Thompson,Klay,1610612744,GSW,Golden State Warriors,21700231,2017-11-18T00:00:00,GSW @ PHI,W,36.125,2.0,0.0,0.0,6.0,16.9,12.0,8.0,53.8,0.0,0.0,2.0,3.0,22.2,1,1,1,1,2287,11185,9889,9215,11687,20148,18434,13421,1257,8133,1,9898,10280,18808,1.0,36:08,2017,2018
2017-18,2585,Zaza Pachulia,Zaza,1610612744,GSW,Golden State Warriors,21700231,2017-11-18T00:00:00,GSW @ PHI,W,15.883333333333333,0.0,0.0,0.0,13.6,18.1,13.6,4.5,45.3,0.0,2.3,9.1,6.8,36.9,1,1,1,1,19361,12040,9889,9215,3023,21214,20418,7995,3604,8133,23566,25002,2088,8063,1.0,15:53,2017,2018
2017-18,203110,Draymond Green,Draymond,1610612744,GSW,Golden State Warriors,21700231,2017-11-18T00:00:00,GSW @ PHI,W,35.833333333333336,0.0,0.0,2.0,8.0,14.1,8.0,8.0,42.2,2.0,0.0,5.0,1.0,37.6,1,1,1,1,2484,12040,9889,8401,8512,16835,12477,13526,5345,3445,1,21013,18368,7667,1.0,35:50,2017,2018
2017-18,201156,Nick Young,Nick,1610612744,GSW,Golden State Warriors,21700231,2017-11-18T00:00:00,GSW @ PHI,W,5.983333333333333,0.0,0.0,0.0,0.0,12.0,0.0,0.0,12.0,0.0,0.0,0.0,6.0,32.5,1,1,1,1,24050,12040,9889,9215,19152,13918,1,1,25112,8133,1,1,2996,11255,1.0,5:59,2017,2018
2017-18,201939,Stephen Curry,Stephen,1610612744,GSW,Golden State Warriors,21700231,2017-11-18T00:00:00,GSW @ PHI,W,34.65,9.4,3.1,0.0,2.1,18.7,10.4,9.4,49.9,1.0,0.0,1.0,6.2,51.4,1,1,1,1,3367,854,6199,9215,18742,21624,16192,15388,2046,7212,1,5787,2700,2012,1.0,34:39,2017,2018
2017-18,1627775,Patrick McCaw,Patrick,1610612744,GSW,Golden State Warriors,21700231,2017-11-18T00:00:00,GSW @ PHI,W,3.875,0.0,0.0,0.0,0.0,27.9,0.0,27.9,18.6,0.0,0.0,0.0,0.0,0.0,1,1,1,1,24829,12040,9889,9215,19152,25004,1,25527,23795,8133,1,1,18674,25240,1.0,3:53,2017,2018
2017-18,201142,Kevin Durant,Kevin,1610612744,GSW,Golden State Warriors,21700231,2017-11-18T00:00:00,GSW @ PHI,W,32.975,3.3,6.6,5.5,15.3,19.7,13.1,9.8,56.8,2.2,1.1,0.0,6.6,48.4,1,1,1,1,4720,7653,1719,2437,2138,22272,19862,16052,927,3016,18937,1,2344,2842,1.0,32:59,2017,2018
2017-18,201580,JaVale McGee,JaVale,1610612744,GSW,Golden State Warriors,21700215,2017-11-16T00:00:00,GSW @ BOS,L,3.783333333333333,0.0,0.0,0.0,0.0,66.6,0.0,47.6,19.0,0.0,0.0,0.0,0.0,30.4,1,13054,13054,13054,24853,12040,9889,9215,19152,26028,1,26011,23631,8133,1,1,18674,12764,1.0,3:47,2017,2018
2017-18,2561,David West,David,1610612744,GSW,Golden State Warriors,21700215,2017-11-16T00:00:00,GSW @ BOS,L,10.8,6.7,0.0,0.0,20.0,0.0,13.3,0.0,20.0,3.3,0.0,3.3,3.3,48.0,1,13054,13054,13054,22323,2329,9889,9215,761,1,20134,1,23262,1391,1,15819,9040,2939,1.0,10:48,2017,2018
2017-18,201156,Nick Young,Nick,1610612744,GSW,Golden State Warriors,21700215,2017-11-16T00:00:00,GSW @ BOS,L,9.533333333333331,3.8,0.0,22.7,0.0,30.2,15.1,18.9,15.1,0.0,0.0,7.6,3.8,42.3,1,13054,13054,13054,22807,6588,9889,20,19152,25321,21857,23741,24691,8133,1,24263,7716,5142,1.0,9:32,2017,2018
2017-18,201939,Stephen Curry,Stephen,1610612744,GSW,Golden State Warriors,21700215,2017-11-16T00:00:00,GSW @ BOS,L,31.065,0.0,3.5,3.5,2.3,17.4,16.2,11.6,25.5,0.0,0.0,5.8,3.5,36.7,1,13054,13054,13054,6363,12040,5490,5027,18271,20567,22734,18284,20036,8133,1,22422,8586,8186,1.0,31:04,2017,2018
2017-18,2585,Zaza Pachulia,Zaza,1610612744,GSW,Golden State Warriors,21700215,2017-11-16T00:00:00,GSW @ BOS,L,17.85,0.0,0.0,0.0,12.1,4.0,6.1,10.1,20.2,0.0,2.0,4.0,0.0,29.6,1,13054,13054,13054,17898,12040,9889,9215,4054,3554,9005,16378,23207,8133,22864,18308,18674,13369,1.0,17:51,2017,2018
2017-18,202691,Klay Thompson,Klay,1610612744,GSW,Golden State Warriors,21700215,2017-11-16T00:00:00,GSW @ BOS,L,34.055,3.2,2.1,0.0,2.1,7.4,12.7,8.5,23.3,1.1,1.1,5.3,1.1,29.5,1,13054,13054,13054,3851,7889,8703,9215,18677,6988,19355,14157,21606,7072,18687,21543,18150,13487,1.0,34:03,2017,2018
2017-18,2733,Shaun Livingston,Shaun,1610612744,GSW,Golden State Warriors,21700215,2017-11-16T00:00:00,GSW @ BOS,L,16.835,0.0,0.0,0.0,0.0,4.3,12.8,6.4,12.8,2.1,0.0,2.1,0.0,26.1,1,13054,13054,13054,18656,12040,9889,9215,19152,3748,19524,10956,25029,3113,1,10650,18674,16057,1.0,16:50,2017,2018
2017-18,201142,Kevin Durant,Kevin,1610612744,GSW,Golden State Warriors,21700215,2017-11-16T00:00:00,GSW @ BOS,L,34.971666666666664,5.1,0.0,7.2,6.2,14.4,12.4,13.4,20.6,2.1,1.0,2.1,3.1,39.2,1,13054,13054,13054,3115,4066,9889,1212,11297,17277,18955,20212,23015,3321,18454,10229,9861,6696,1.0,34:58,2017,2018
2017-18,201956,Omri Casspi,Omri,1610612744,GSW,Golden State Warriors,21700215,2017-11-16T00:00:00,GSW @ BOS,L,8.478333333333333,0.0,0.0,0.0,8.5,8.5,8.5,0.0,25.5,4.2,0.0,0.0,4.2,62.0,1,13054,13054,13054,23173,12040,9889,9215,7891,8460,13247,1,20051,783,1,1,6403,601,1.0,8:29,2017,2018
2017-18,203110,Draymond Green,Draymond,1610612744,GSW,Golden State Warriors,21700215,2017-11-16T00:00:00,GSW @ BOS,L,38.28333333333333,0.0,0.0,1.9,3.8,7.5,15.0,5.6,20.7,2.8,0.9,1.9,2.8,33.9,1,13054,13054,13054,1071,12040,9889,8732,15729,7146,21804,9766,22965,1955,17778,9311,10928,10194,1.0,38:17,2017,2018
2017-18,2738,Andre Iguodala,Andre,1610612744,GSW,Golden State Warriors,21700215,2017-11-16T00:00:00,GSW @ BOS,L,29.65,2.4,0.0,2.4,7.3,20.6,13.4,12.1,19.4,1.2,1.2,2.4,1.2,19.8,1,13054,13054,13054,7550,9841,9889,7210,9622,22824,20151,18924,23500,6128,19776,11980,17406,20324,1.0,29:39,2017,2018
2017-18,1626172,Kevon Looney,Kevon,1610612744,GSW,Golden State Warriors,21700215,2017-11-16T00:00:00,GSW @ BOS,L,4.695,0.0,0.0,0.0,0.0,23.0,46.0,0.0,30.7,0.0,0.0,15.3,7.7,-7.7,1,13054,13054,13054,24535,12040,9889,9215,19152,23851,26021,1,15385,8133,1,25884,1341,26043,1.0,4:42,2017,2018
2017-18,201156,Nick Young,Nick,1610612744,GSW,Golden State Warriors,21700199,2017-11-13T00:00:00,GSW vs. ORL,W,20.433333333333334,0.0,0.0,0.0,7.0,14.1,5.3,10.6,42.3,1.8,0.0,3.5,1.8,21.1,1,1,1,1,15710,12040,9889,9215,9960,16879,7755,17031,5285,4130,1,16548,15088,19505,1.0,20:26,2017,2018
2017-18,203110,Draymond Green,Draymond,1610612744,GSW,Golden State Warriors,21700199,2017-11-13T00:00:00,GSW vs. ORL,W,31.933333333333334,0.0,5.6,9.0,11.3,5.6,4.5,7.9,24.8,0.0,0.0,1.1,1.1,39.8,1,1,1,1,5610,12040,2382,623,4790,4946,6578,13319,20571,8133,1,6243,17802,6398,1.0,31:56,2017,2018
2017-18,2561,David West,David,1610612744,GSW,Golden State Warriors,21700199,2017-11-13T00:00:00,GSW vs. ORL,W,14.016666666666667,0.0,5.1,0.0,5.1,5.1,5.1,0.0,20.5,2.6,0.0,2.6,7.7,73.7,1,1,1,1,20604,12040,2904,9215,13085,4450,7523,1,23034,2286,1,12575,1319,175,1.0,14:01,2017,2018
2017-18,2733,Shaun Livingston,Shaun,1610612744,GSW,Golden State Warriors,21700199,2017-11-13T00:00:00,GSW vs. ORL,W,20.133333333333333,10.7,0.0,7.2,17.9,5.4,3.6,12.5,25.0,0.0,0.0,7.2,3.6,52.6,1,1,1,1,15978,540,9889,1247,1220,4647,5285,19348,20398,8133,1,23973,8297,1789,1.0,20:08,2017,2018
2017-18,201580,JaVale McGee,JaVale,1610612744,GSW,Golden State Warriors,21700199,2017-11-13T00:00:00,GSW vs. ORL,W,7.616666666666666,0.0,0.0,0.0,9.5,18.9,14.2,0.0,56.7,0.0,0.0,0.0,4.7,24.6,1,1,1,1,23464,12040,9889,9215,6677,21776,21021,1,930,8133,1,1,5235,17183,1.0,7:37,2017,2018
2017-18,1627775,Patrick McCaw,Patrick,1610612744,GSW,Golden State Warriors,21700199,2017-11-13T00:00:00,GSW vs. ORL,W,9.383333333333333,0.0,0.0,0.0,0.0,15.3,11.5,7.7,38.4,0.0,0.0,3.8,0.0,-3.8,1,1,1,1,22867,12040,9889,9215,19152,18497,17803,12945,8164,8133,1,17632,18674,26007,1.0,9:23,2017,2018
2017-18,201956,Omri Casspi,Omri,1610612744,GSW,Golden State Warriors,21700199,2017-11-13T00:00:00,GSW vs. ORL,W,18.416666666666668,0.0,3.9,0.0,7.8,7.8,3.9,7.8,43.0,0.0,2.0,7.8,3.9,23.8,1,1,1,1,17435,12040,4684,9215,8851,7522,5710,13182,4836,8133,22644,24445,7311,17703,1.0,18:25,2017,2018
2017-18,2738,Andre Iguodala,Andre,1610612744,GSW,Golden State Warriors,21700199,2017-11-13T00:00:00,GSW vs. ORL,W,23.15,0.0,0.0,3.1,3.1,9.3,3.1,6.2,34.2,1.6,1.6,1.6,1.6,22.4,1,1,1,1,13392,12040,9889,5696,16771,9679,4797,10648,11894,4684,21382,8101,15866,18705,1.0,23:09,2017,2018
2017-18,1626188,Quinn Cook,Quinn,1610612744,GSW,Golden State Warriors,21700199,2017-11-13T00:00:00,GSW vs. ORL,W,5.0,0.0,0.0,0.0,0.0,28.8,21.6,14.4,43.2,0.0,0.0,7.2,0.0,0.0,1,1,1,1,24409,12040,9889,9215,19152,25151,24928,21134,4713,8133,1,24003,18674,25240,1.0,5:00,2017,2018
2017-18,202691,Klay Thompson,Klay,1610612744,GSW,Golden State Warriors,21700199,2017-11-13T00:00:00,GSW vs. ORL,W,31.366666666666667,6.9,0.0,0.0,0.0,10.3,4.6,10.3,25.2,0.0,0.0,1.1,1.1,29.0,1,1,1,1,6079,2162,9889,9215,19152,11216,6690,16704,20221,8133,1,6340,17716,13866,1.0,31:22,2017,2018
2017-18,201142,Kevin Durant,Kevin,1610612744,GSW,Golden State Warriors,21700199,2017-11-13T00:00:00,GSW vs. ORL,W,30.33333333333333,0.0,3.6,0.0,11.9,8.3,2.4,13.1,30.9,0.0,0.0,2.4,5.9,46.8,1,1,1,1,6949,12040,5346,9215,4237,8188,4080,19920,15219,8133,1,11764,3145,3320,1.0,30:20,2017,2018
2017-18,1626172,Kevon Looney,Kevon,1610612744,GSW,Golden State Warriors,21700199,2017-11-13T00:00:00,GSW vs. ORL,W,14.716666666666669,0.0,4.9,0.0,14.7,14.7,7.3,14.7,34.2,2.4,2.4,7.3,2.4,41.6,1,1,1,1,20155,12040,3196,9215,2429,17614,11223,21379,11862,2466,23920,24101,12271,5484,1.0,14:43,2017,2018
2017-18,2585,Zaza Pachulia,Zaza,1610612744,GSW,Golden State Warriors,21700199,2017-11-13T00:00:00,GSW vs. ORL,W,13.5,0.0,5.3,0.0,10.7,8.0,5.3,18.7,21.3,2.7,0.0,0.0,0.0,41.6,1,1,1,1,20917,12040,2684,9215,5364,7776,7818,23649,22649,2156,1,1,18674,5472,1.0,13:30,2017,2018
2017-18,201939,Stephen Curry,Stephen,1610612744,GSW,Golden State Warriors,21700184,2017-11-11T00:00:00,GSW vs. PHI,W,29.9,0.0,0.0,2.4,0.0,12.0,7.2,14.4,31.3,0.0,0.0,0.0,6.0,49.7,1,1,1,1,7335,12040,9889,7251,19152,13930,11022,21183,14787,8133,1,1,2989,2463,1.0,29:54,2017,2018
2017-18,2585,Zaza Pachulia,Zaza,1610612744,GSW,Golden State Warriors,21700184,2017-11-11T00:00:00,GSW vs. PHI,W,11.85,6.1,0.0,6.1,12.2,15.2,6.1,18.2,30.4,0.0,3.0,6.1,0.0,32.8,1,1,1,1,21888,2866,9889,1911,4016,18302,9053,23466,15695,8133,24764,22874,18674,11008,1.0,11:51,2017,2018
2017-18,1626172,Kevon Looney,Kevon,1610612744,GSW,Golden State Warriors,21700184,2017-11-11T00:00:00,GSW vs. PHI,W,15.12,4.8,0.0,0.0,9.5,9.5,0.0,4.8,23.8,7.1,0.0,7.1,0.0,36.7,1,1,1,1,19894,4701,9889,9215,6590,9987,1,8327,21253,180,1,23967,18674,8238,1.0,15:07,2017,2018
2017-18,2561,David West,David,1610612744,GSW,Golden State Warriors,21700184,2017-11-11T00:00:00,GSW vs. PHI,W,9.416666666666666,0.0,0.0,0.0,7.6,11.5,7.6,7.6,53.5,3.8,0.0,11.5,3.8,36.3,1,1,1,1,22851,12040,9889,9215,9110,13050,11782,12902,1288,1001,1,25561,7573,8467,1.0,9:25,2017,2018
2017-18,2733,Shaun Livingston,Shaun,1610612744,GSW,Golden State Warriors,21700184,2017-11-11T00:00:00,GSW vs. PHI,W,18.51,3.9,0.0,0.0,3.9,13.6,7.8,3.9,42.8,0.0,0.0,1.9,0.0,32.3,1,1,1,1,17366,6336,9889,9215,15456,16239,12043,6946,4958,8133,1,9647,18674,11394,1.0,18:31,2017,2018
2017-18,202691,Klay Thompson,Klay,1610612744,GSW,Golden State Warriors,21700184,2017-11-11T00:00:00,GSW vs. PHI,W,29.606666666666666,4.9,2.4,15.8,7.3,14.6,7.3,14.6,43.8,0.0,1.2,1.2,1.2,35.5,1,1,1,1,7585,4541,7860,82,9609,17504,11148,21308,4400,8133,19788,6682,17402,9051,1.0,29:36,2017,2018
2017-18,1628395,Jordan Bell,Jordan,1610612744,GSW,Golden State Warriors,21700184,2017-11-11T00:00:00,GSW vs. PHI,W,7.55,0.0,0.0,0.0,9.5,19.1,9.5,0.0,28.6,0.0,0.0,9.5,0.0,25.7,1,1,1,1,23489,12040,9889,9215,6574,21903,14933,1,17401,8133,1,25147,18674,16313,1.0,7:33,2017,2018
2017-18,201956,Omri Casspi,Omri,1610612744,GSW,Golden State Warriors,21700184,2017-11-11T00:00:00,GSW vs. PHI,W,13.29,0.0,0.0,0.0,10.8,27.1,10.8,10.8,43.3,0.0,0.0,5.4,5.4,25.5,1,1,1,1,21065,12040,9889,9215,5212,24888,16844,17372,4642,8133,1,21784,3915,16528,1.0,13:17,2017,2018
2017-18,201580,JaVale McGee,JaVale,1610612744,GSW,Golden State Warriors,21700184,2017-11-11T00:00:00,GSW vs. PHI,W,8.883333333333333,8.1,0.0,8.1,24.3,24.3,16.2,8.1,48.6,0.0,0.0,8.1,8.1,67.3,1,1,1,1,23043,1352,9889,860,301,24257,22726,13638,2369,8133,1,24616,1078,316,1.0,8:53,2017,2018
2017-18,201156,Nick Young,Nick,1610612744,GSW,Golden State Warriors,21700184,2017-11-11T00:00:00,GSW vs. PHI,W,20.866666666666667,0.0,0.0,10.4,3.5,17.3,6.9,6.9,38.0,0.0,0.0,3.5,0.0,45.5,1,1,1,1,15336,12040,9889,384,16250,20461,10428,11723,8478,8133,1,16294,18674,3765,1.0,20:52,2017,2018
2017-18,203110,Draymond Green,Draymond,1610612744,GSW,Golden State Warriors,21700184,2017-11-11T00:00:00,GSW vs. PHI,W,31.066666666666663,2.3,0.0,2.3,4.6,16.2,7.0,11.6,37.1,5.8,0.0,3.5,4.6,60.8,1,1,1,1,6349,10146,9889,7481,13955,19461,10537,18280,9202,343,1,16393,5461,703,1.0,31:04,2017,2018
2017-18,201142,Kevin Durant,Kevin,1610612744,GSW,Golden State Warriors,21700184,2017-11-11T00:00:00,GSW vs. PHI,W,28.05666666666667,10.3,6.4,3.8,15.4,16.7,7.7,15.4,38.5,2.6,0.0,2.6,3.8,62.9,1,1,1,1,8975,622,1797,4428,2088,19903,11894,21936,8056,2293,1,12568,7501,532,1.0,28:03,2017,2018
2017-18,1627775,Patrick McCaw,Patrick,1610612744,GSW,Golden State Warriors,21700184,2017-11-11T00:00:00,GSW vs. PHI,W,15.883333333333333,0.0,0.0,4.5,4.5,27.2,9.1,4.5,54.4,0.0,0.0,0.0,2.3,5.0,1,1,1,1,19361,12040,9889,3424,14126,24901,14213,7995,1172,8133,1,1,12974,24953,1.0,15:53,2017,2018
2017-18,1628395,Jordan Bell,Jordan,1610612744,GSW,Golden State Warriors,21700163,2017-11-08T00:00:00,GSW vs. MIN,W,5.5,0.0,0.0,0.0,0.0,6.5,13.1,0.0,26.2,0.0,0.0,6.5,0.0,25.5,1,1,1,1,24225,12040,9889,9215,19152,5919,19840,1,19482,8133,1,23429,18674,16478,1.0,5:30,2017,2018
2017-18,201956,Omri Casspi,Omri,1610612744,GSW,Golden State Warriors,21700163,2017-11-08T00:00:00,GSW vs. MIN,W,19.836666666666662,7.3,0.0,3.6,14.5,18.1,14.5,18.1,47.2,5.4,0.0,9.1,3.6,58.3,1,1,1,1,16272,1860,9889,4784,2513,21228,21349,23425,2875,409,1,25004,8139,935,1.0,19:50,2017,2018
2017-18,201939,Stephen Curry,Stephen,1610612744,GSW,Golden State Warriors,21700163,2017-11-08T00:00:00,GSW vs. MIN,W,29.8,6.0,0.0,9.7,4.8,14.5,9.7,9.7,38.7,1.2,0.0,2.4,4.8,57.5,1,1,1,1,7420,2911,9889,484,13587,17399,15131,15821,7930,6163,1,11928,5024,1003,1.0,29:48,2017,2018
2017-18,201156,Nick Young,Nick,1610612744,GSW,Golden State Warriors,21700163,2017-11-08T00:00:00,GSW vs. MIN,W,20.886666666666667,5.2,0.0,0.0,3.4,17.2,10.3,13.8,44.8,0.0,0.0,0.0,1.7,60.5,1,1,1,1,15319,4035,9889,9215,16255,20445,16126,20591,3856,8133,1,1,15225,731,1.0,20:53,2017,2018
2017-18,2561,David West,David,1610612744,GSW,Golden State Warriors,21700163,2017-11-08T00:00:00,GSW vs. MIN,W,12.7,0.0,0.0,0.0,22.7,14.2,11.3,17.0,45.4,2.8,0.0,0.0,2.8,57.5,1,1,1,1,21385,12040,9889,9215,419,16981,17591,22901,3595,1934,1,1,10869,998,1.0,12:42,2017,2018
2017-18,1627775,Patrick McCaw,Patrick,1610612744,GSW,Golden State Warriors,21700163,2017-11-08T00:00:00,GSW vs. MIN,W,16.75,4.3,0.0,4.3,4.3,12.9,12.9,12.9,34.4,0.0,0.0,6.4,0.0,27.3,1,1,1,1,18713,5492,9889,3727,14617,15177,19601,19740,11724,8133,1,23326,18674,15176,1.0,16:45,2017,2018
2017-18,2738,Andre Iguodala,Andre,1610612744,GSW,Golden State Warriors,21700163,2017-11-08T00:00:00,GSW vs. MIN,W,20.496666666666663,5.3,0.0,7.0,7.0,14.1,7.0,7.0,38.6,1.8,0.0,3.5,3.5,33.5,1,1,1,1,15651,3888,9889,1328,9994,16812,10668,11915,7943,4148,1,16510,8491,10460,1.0,20:30,2017,2018
2017-18,2585,Zaza Pachulia,Zaza,1610612744,GSW,Golden State Warriors,21700163,2017-11-08T00:00:00,GSW vs. MIN,W,14.8,0.0,0.0,0.0,0.0,9.7,9.7,4.9,48.6,2.4,0.0,2.4,0.0,24.3,1,1,1,1,20101,12040,9889,9215,19152,10299,15219,8499,2364,2494,1,11992,18674,17376,1.0,14:48,2017,2018
2017-18,201580,JaVale McGee,JaVale,1610612744,GSW,Golden State Warriors,21700163,2017-11-08T00:00:00,GSW vs. MIN,W,9.2,0.0,0.0,7.8,23.5,15.7,15.7,15.7,39.1,0.0,0.0,7.8,0.0,32.9,1,1,1,1,22924,12040,9889,969,352,18846,22316,22102,7578,8133,1,24449,18674,10957,1.0,9:12,2017,2018
2017-18,202691,Klay Thompson,Klay,1610612744,GSW,Golden State Warriors,21700163,2017-11-08T00:00:00,GSW vs. MIN,W,33.25,5.4,0.0,11.9,4.3,14.1,8.7,10.8,41.1,0.0,0.0,2.2,1.1,43.8,1,1,1,1,4498,3698,9889,241,14547,16849,13521,17355,6034,8133,1,10800,18035,4442,1.0,33:15,2017,2018
2017-18,2733,Shaun Livingston,Shaun,1610612744,GSW,Golden State Warriors,21700163,2017-11-08T00:00:00,GSW vs. MIN,W,18.516666666666666,3.9,0.0,3.9,3.9,7.8,15.6,11.7,35.0,0.0,0.0,1.9,0.0,32.9,1,1,1,1,17356,6341,9889,4359,15459,7472,22246,18381,11134,8133,1,9639,18674,10972,1.0,18:31,2017,2018
2017-18,203110,Draymond Green,Draymond,1610612744,GSW,Golden State Warriors,21700163,2017-11-08T00:00:00,GSW vs. MIN,W,27.266666666666666,2.6,0.0,5.3,5.3,10.6,7.9,5.3,34.3,2.6,0.0,1.3,2.6,33.3,1,1,1,1,9677,9273,9889,2590,12833,11590,12268,9193,11781,2188,1,7184,11548,10641,1.0,27:16,2017,2018
2017-18,1626172,Kevon Looney,Kevon,1610612744,GSW,Golden State Warriors,21700163,2017-11-08T00:00:00,GSW vs. MIN,W,10.996666666666666,0.0,0.0,0.0,0.0,16.4,6.5,6.5,19.6,0.0,0.0,9.8,3.3,2.3,1,1,1,1,22252,12040,9889,9215,19152,19617,9796,11160,23407,8133,1,25226,9220,25151,1.0,10:60,2017,2018
2017-18,201956,Omri Casspi,Omri,1610612744,GSW,Golden State Warriors,21700148,2017-11-06T00:00:00,GSW vs. MIA,W,10.316666666666666,0.0,0.0,0.0,7.0,0.0,7.0,7.0,20.9,0.0,0.0,3.5,3.5,30.7,1,1,1,1,22524,12040,9889,9215,10061,1,10590,11853,22839,8133,1,16430,8551,12569,1.0,10:19,2017,2018
2017-18,2585,Zaza Pachulia,Zaza,1610612744,GSW,Golden State Warriors,21700148,2017-11-06T00:00:00,GSW vs. MIA,W,10.8,6.7,0.0,6.7,6.7,13.3,6.7,0.0,33.3,0.0,3.3,3.3,3.3,48.7,1,1,1,1,22323,2329,9889,1510,10544,15842,10010,1,12756,8133,25048,15819,9040,2739,1.0,10:48,2017,2018
2017-18,2733,Shaun Livingston,Shaun,1610612744,GSW,Golden State Warriors,21700148,2017-11-06T00:00:00,GSW vs. MIA,W,14.616666666666667,12.3,7.4,0.0,4.9,17.2,0.0,0.0,19.7,0.0,0.0,2.5,2.5,42.6,1,1,1,1,20225,318,1307,9215,13419,20454,1,1,23376,8133,1,12135,12202,4995,1.0,14:37,2017,2018
2017-18,203110,Draymond Green,Draymond,1610612744,GSW,Golden State Warriors,21700148,2017-11-06T00:00:00,GSW vs. MIA,W,27.466666666666665,2.6,2.6,7.9,2.6,7.9,0.0,0.0,21.0,1.3,0.0,5.2,6.6,41.7,1,1,1,1,9512,9328,7409,954,17655,7590,1,1,22819,5615,1,21461,2340,5430,1.0,27:28,2017,2018
2017-18,1627775,Patrick McCaw,Patrick,1610612744,GSW,Golden State Warriors,21700148,2017-11-06T00:00:00,GSW vs. MIA,W,14.333333333333334,5.0,5.0,5.0,10.0,12.6,0.0,0.0,25.1,0.0,0.0,2.5,0.0,18.1,1,1,1,1,20411,4255,3024,2853,5994,14699,1,1,20323,8133,1,12330,18674,21256,1.0,14:20,2017,2018
2017-18,202691,Klay Thompson,Klay,1610612744,GSW,Golden State Warriors,21700148,2017-11-06T00:00:00,GSW vs. MIA,W,32.28333333333333,0.0,0.0,3.3,2.2,12.3,4.5,4.5,29.0,2.2,1.1,1.1,0.0,33.7,1,1,1,1,5324,12040,9889,5242,18453,14259,6517,7872,17058,2892,19122,6179,18674,10372,1.0,32:17,2017,2018
2017-18,201156,Nick Young,Nick,1610612744,GSW,Golden State Warriors,21700148,2017-11-06T00:00:00,GSW vs. MIA,W,4.023333333333333,26.8,0.0,0.0,0.0,0.0,0.0,0.0,0.0,0.0,0.0,0.0,0.0,26.8,1,1,1,1,24768,30,9889,9215,19152,1,1,1,25495,8133,1,1,18674,15493,1.0,4:01,2017,2018
2017-18,201939,Stephen Curry,Stephen,1610612744,GSW,Golden State Warriors,21700148,2017-11-06T00:00:00,GSW vs. MIA,W,33.88333333333333,5.3,5.3,5.3,2.1,8.5,4.2,4.2,29.7,0.0,4.2,3.2,2.1,35.1,1,1,1,1,3985,3829,2714,2567,18655,8471,6208,7553,16295,8133,25559,15263,13585,9380,1.0,33:53,2017,2018
2017-18,201142,Kevin Durant,Kevin,1610612744,GSW,Golden State Warriors,21700148,2017-11-06T00:00:00,GSW vs. MIA,W,32.583333333333336,8.8,0.0,4.4,6.6,12.2,4.4,4.4,30.9,3.3,0.0,3.3,9.9,55.9,1,1,1,1,5052,1048,9889,3550,10600,14101,6457,7807,15167,1401,1,15756,449,1212,1.0,32:35,2017,2018
2017-18,201580,JaVale McGee,JaVale,1610612744,GSW,Golden State Warriors,21700148,2017-11-06T00:00:00,GSW vs. MIA,W,3.183333333333333,0.0,0.0,0.0,0.0,22.6,0.0,22.6,67.9,0.0,0.0,11.3,0.0,61.1,1,1,1,1,25098,12040,9889,9215,19152,23700,1,24856,336,8133,1,25532,18674,687,1.0,3:11,2017,2018
2017-18,1626172,Kevon Looney,Kevon,1610612744,GSW,Golden State Warriors,21700148,2017-11-06T00:00:00,GSW vs. MIA,W,17.343333333333334,0.0,0.0,4.2,8.3,10.4,0.0,0.0,16.6,6.2,0.0,8.3,2.1,34.5,1,1,1,1,18295,12040,9889,3944,8143,11314,1,1,24366,273,1,24704,13809,9819,1.0,17:21,2017,2018
2017-18,2738,Andre Iguodala,Andre,1610612744,GSW,Golden State Warriors,21700148,2017-11-06T00:00:00,GSW vs. MIA,W,27.383333333333333,0.0,0.0,2.6,5.3,5.3,0.0,2.6,21.0,0.0,0.0,1.3,0.0,20.1,1,1,1,1,9580,12040,9889,6735,12864,4564,1,5289,22794,8133,1,7158,18674,20124,1.0,27:23,2017,2018
2017-18,1628395,Jordan Bell,Jordan,1610612744,GSW,Golden State Warriors,21700148,2017-11-06T00:00:00,GSW vs. MIA,W,11.783333333333331,6.1,0.0,0.0,6.1,6.1,12.2,6.1,24.4,3.1,0.0,0.0,0.0,19.6,1,1,1,1,21934,2832,9889,9215,11420,5440,18778,10488,20819,1655,1,1,18674,20455,1.0,11:47,2017,2018
2017-18,201142,Kevin Durant,Kevin,1610612744,GSW,Golden State Warriors,21700135,2017-11-04T00:00:00,GSW @ DEN,W,29.183333333333334,6.2,2.5,6.2,7.4,14.8,9.9,18.5,54.3,2.5,0.0,1.2,2.5,56.6,1,1,1,1,7982,2764,7762,1831,9465,17774,15419,23568,1191,2429,1,6768,12191,1131,1.0,29:11,2017,2018
2017-18,201956,Omri Casspi,Omri,1610612744,GSW,Golden State Warriors,21700135,2017-11-04T00:00:00,GSW @ DEN,W,13.066666666666666,8.3,0.0,0.0,11.0,16.5,5.5,11.0,49.6,0.0,2.8,8.3,0.0,63.6,1,1,1,1,21178,1276,9889,9215,5042,19768,8113,17612,2111,8133,24405,24693,18674,485,1.0,13:04,2017,2018
2017-18,201580,JaVale McGee,JaVale,1610612744,GSW,Golden State Warriors,21700135,2017-11-04T00:00:00,GSW @ DEN,W,8.821666666666667,16.3,0.0,8.2,40.8,8.2,8.2,28.6,32.6,0.0,4.1,4.1,4.1,66.9,1,1,1,1,23070,126,9889,838,31,7993,12704,25572,13443,8133,25508,18475,6839,339,1.0,8:49,2017,2018
2017-18,203110,Draymond Green,Draymond,1610612744,GSW,Golden State Warriors,21700135,2017-11-04T00:00:00,GSW @ DEN,W,26.716666666666665,10.8,2.7,0.0,8.1,8.1,5.4,20.2,45.8,1.3,0.0,2.7,0.0,59.8,1,1,1,1,10193,531,7233,9215,8438,7884,7915,24196,3396,5437,1,13093,18674,780,1.0,26:43,2017,2018
2017-18,1628395,Jordan Bell,Jordan,1610612744,GSW,Golden State Warriors,21700135,2017-11-04T00:00:00,GSW @ DEN,W,8.866666666666667,0.0,0.0,0.0,0.0,16.2,0.0,20.3,48.7,4.1,4.1,12.2,0.0,17.1,1,1,1,1,23050,12040,9889,9215,19152,19479,1,24227,2343,859,25502,25661,18674,21775,1.0,8:52,2017,2018
2017-18,1626172,Kevon Looney,Kevon,1610612744,GSW,Golden State Warriors,21700135,2017-11-04T00:00:00,GSW @ DEN,W,14.111666666666666,0.0,0.0,0.0,0.0,10.2,10.2,10.2,61.2,0.0,2.6,2.6,7.7,13.0,1,1,1,1,20552,12040,9889,9215,19152,11005,15912,16533,608,8133,24103,12508,1351,23316,1.0,14:07,2017,2018
2017-18,1627775,Patrick McCaw,Patrick,1610612744,GSW,Golden State Warriors,21700135,2017-11-04T00:00:00,GSW @ DEN,W,18.773333333333333,0.0,0.0,3.8,7.7,7.7,11.5,17.3,53.7,0.0,1.9,3.8,1.9,24.0,1,1,1,1,17140,12040,9889,4448,9074,7338,17797,23024,1270,8133,22518,17630,14504,17630,1.0,18:46,2017,2018
2017-18,202691,Klay Thompson,Klay,1610612744,GSW,Golden State Warriors,21700135,2017-11-04T00:00:00,GSW @ DEN,W,29.35,3.7,0.0,2.5,2.5,13.5,4.9,20.9,49.1,0.0,1.2,2.5,3.7,26.2,1,1,1,1,7825,6791,9889,7156,18009,16071,7161,24405,2254,8133,19865,12093,7982,15949,1.0,29:21,2017,2018
2017-18,201156,Nick Young,Nick,1610612744,GSW,Golden State Warriors,21700135,2017-11-04T00:00:00,GSW @ DEN,W,18.25,5.9,0.0,5.9,3.9,7.9,7.9,21.7,43.4,0.0,0.0,7.9,2.0,24.7,1,1,1,1,17580,3052,9889,2069,15337,7628,12205,24634,4612,8133,1,24493,14283,17129,1.0,18:15,2017,2018
2017-18,2585,Zaza Pachulia,Zaza,1610612744,GSW,Golden State Warriors,21700135,2017-11-04T00:00:00,GSW @ DEN,W,14.283333333333331,5.0,0.0,5.0,20.2,5.0,5.0,15.1,45.4,0.0,0.0,2.5,0.0,50.4,1,1,1,1,20450,4221,9889,2830,731,4364,7372,21721,3591,8133,1,12364,18674,2271,1.0,14:17,2017,2018
2017-18,2738,Andre Iguodala,Andre,1610612744,GSW,Golden State Warriors,21700135,2017-11-04T00:00:00,GSW @ DEN,W,20.03333333333333,3.6,3.6,0.0,7.2,7.2,10.8,28.8,39.5,0.0,0.0,1.8,5.4,30.9,1,1,1,1,16073,6964,5283,9215,9761,6713,16765,25582,7259,8133,1,8929,3959,12417,1.0,20:02,2017,2018
2017-18,201939,Stephen Curry,Stephen,1610612744,GSW,Golden State Warriors,21700135,2017-11-04T00:00:00,GSW @ DEN,W,29.626666666666665,6.1,0.0,0.0,0.0,10.9,7.3,18.2,46.2,0.0,0.0,0.0,4.9,50.4,1,1,1,1,7574,2869,9889,9215,19152,12195,11138,23461,3256,8133,1,1,4963,2264,1.0,29:38,2017,2018
2017-18,2561,David West,David,1610612744,GSW,Golden State Warriors,21700135,2017-11-04T00:00:00,GSW @ DEN,W,8.916666666666666,0.0,0.0,0.0,16.1,8.1,8.1,24.2,48.4,0.0,0.0,8.1,0.0,28.3,1,1,1,1,23030,12040,9889,9215,1792,7867,12540,25164,2420,8133,1,24605,18674,14441,1.0,8:55,2017,2018
2017-18,202691,Klay Thompson,Klay,1610612744,GSW,Golden State Warriors,21700117,2017-11-02T00:00:00,GSW @ SAS,W,30.65,5.9,0.0,3.5,4.7,10.6,12.9,8.2,25.8,1.2,1.2,1.2,0.0,41.8,1,1,1,1,6685,3102,9889,4949,13835,11610,19629,13818,19785,6345,19538,6474,18674,5358,2.0,30:39,2017,2018
2017-18,201956,Omri Casspi,Omri,1610612744,GSW,Golden State Warriors,21700117,2017-11-02T00:00:00,GSW @ SAS,W,3.3666666666666667,21.4,0.0,0.0,21.4,0.0,0.0,0.0,0.0,0.0,0.0,0.0,0.0,47.0,1,1,1,1,25025,61,9889,9215,545,1,1,1,25495,8133,1,1,18674,3217,2.0,3:22,2017,2018
2017-18,2738,Andre Iguodala,Andre,1610612744,GSW,Golden State Warriors,21700117,2017-11-02T00:00:00,GSW @ SAS,W,23.683333333333334,0.0,3.0,0.0,0.0,12.2,18.2,7.6,21.3,1.5,0.0,0.0,4.6,35.7,1,1,1,1,12934,12040,6391,9215,19152,14115,23874,12833,22672,4774,1,1,5634,8897,2.0,23:41,2017,2018
2017-18,201580,JaVale McGee,JaVale,1610612744,GSW,Golden State Warriors,21700117,2017-11-02T00:00:00,GSW @ SAS,W,7.166666666666667,0.0,0.0,0.0,0.0,20.1,20.1,15.1,30.1,5.0,0.0,0.0,0.0,30.1,1,1,1,1,23608,12040,9889,9215,19152,22530,24528,21685,15913,509,1,1,18674,12991,2.0,7:10,2017,2018
2017-18,1627775,Patrick McCaw,Patrick,1610612744,GSW,Golden State Warriors,21700117,2017-11-02T00:00:00,GSW @ SAS,W,19.066666666666663,1.9,0.0,0.0,3.8,7.6,9.4,3.8,15.1,0.0,1.9,3.8,1.9,24.9,1,1,1,1,16909,11453,9889,9215,15689,7189,14786,6771,24691,8133,22409,17436,14604,16919,2.0,19:04,2017,2018
2017-18,2561,David West,David,1610612744,GSW,Golden State Warriors,21700117,2017-11-02T00:00:00,GSW @ SAS,W,12.783333333333331,0.0,0.0,0.0,0.0,11.3,5.6,5.6,16.9,8.4,0.0,2.8,0.0,45.1,1,1,1,1,21344,12040,9889,9215,19152,12734,8307,9742,24310,113,1,13567,18674,3977,2.0,12:47,2017,2018
2017-18,1628395,Jordan Bell,Jordan,1610612744,GSW,Golden State Warriors,21700117,2017-11-02T00:00:00,GSW @ SAS,W,11.666666666666666,0.0,6.2,0.0,6.2,6.2,24.7,0.0,18.5,3.1,3.1,6.2,0.0,63.3,1,1,1,1,21989,12040,1958,9215,11304,5514,25416,1,23816,1623,24826,23000,18674,511,2.0,11:40,2017,2018
2017-18,203110,Draymond Green,Draymond,1610612744,GSW,Golden State Warriors,21700117,2017-11-02T00:00:00,GSW @ SAS,W,29.116666666666667,4.9,2.5,11.1,14.8,11.1,12.4,2.5,19.8,0.0,0.0,6.2,1.2,38.3,1,1,1,1,8023,4393,7754,304,2338,12517,18970,5112,23355,8133,1,23013,17307,7214,2.0,29:07,2017,2018
2017-18,2733,Shaun Livingston,Shaun,1610612744,GSW,Golden State Warriors,21700117,2017-11-02T00:00:00,GSW @ SAS,W,19.5,0.0,0.0,0.0,0.0,11.1,18.5,0.0,22.2,3.7,0.0,3.7,0.0,14.2,1,1,1,1,16544,12040,9889,9215,19152,12428,23970,1,22209,1091,1,17154,18674,22926,2.0,19:30,2017,2018
2017-18,201156,Nick Young,Nick,1610612744,GSW,Golden State Warriors,21700117,2017-11-02T00:00:00,GSW @ SAS,W,3.3666666666666667,0.0,0.0,0.0,0.0,0.0,0.0,0.0,0.0,0.0,0.0,0.0,0.0,16.0,1,1,1,1,25025,12040,9889,9215,19152,1,1,1,25495,8133,1,1,18674,22220,2.0,3:22,2017,2018
2017-18,2585,Zaza Pachulia,Zaza,1610612744,GSW,Golden State Warriors,21700117,2017-11-02T00:00:00,GSW @ SAS,W,13.1,0.0,5.5,0.0,11.0,13.7,13.7,5.5,38.5,0.0,0.0,0.0,0.0,23.6,1,1,1,1,21158,12040,2507,9215,5060,16422,20564,9524,8078,8133,1,1,18674,17855,2.0,13:06,2017,2018
2017-18,201939,Stephen Curry,Stephen,1610612744,GSW,Golden State Warriors,21700117,2017-11-02T00:00:00,GSW @ SAS,W,31.85,4.5,0.0,6.8,6.8,12.4,21.5,5.7,29.4,0.0,1.1,2.3,1.1,51.0,1,1,1,1,5688,5089,9889,1440,10357,14516,24897,9780,16679,8133,19222,11268,17787,2113,2.0,31:51,2017,2018
2017-18,201142,Kevin Durant,Kevin,1610612744,GSW,Golden State Warriors,21700117,2017-11-02T00:00:00,GSW @ SAS,W,34.68333333333333,7.3,0.0,6.2,8.3,13.5,19.7,7.3,31.1,3.1,4.2,5.2,4.2,49.9,1,1,1,1,3344,1853,9889,1790,8142,16075,24427,12297,14945,1596,25526,21353,6659,2411,2.0,34:41,2017,2018
2017-18,201939,Stephen Curry,Stephen,1610612744,GSW,Golden State Warriors,21700100,2017-10-30T00:00:00,GSW @ LAC,W,29.9,0.0,8.4,6.0,4.8,16.9,9.6,12.0,24.1,1.2,0.0,3.6,7.2,65.0,1,1,1,1,7335,12040,910,1968,13614,20064,15077,18810,21065,6181,1,16869,1683,405,2.0,29:54,2017,2018
2017-18,201956,Omri Casspi,Omri,1610612744,GSW,Golden State Warriors,21700100,2017-10-30T00:00:00,GSW @ LAC,W,6.516666666666667,0.0,22.1,11.0,11.0,11.0,11.0,16.6,55.2,5.5,5.5,5.5,11.0,72.4,1,1,1,1,23846,12040,63,310,5012,12382,17133,22642,1074,393,25846,21981,285,193,2.0,6:31,2017,2018
2017-18,2561,David West,David,1610612744,GSW,Golden State Warriors,21700100,2017-10-30T00:00:00,GSW @ LAC,W,11.9,0.0,0.0,0.0,6.1,9.1,12.1,0.0,48.4,9.1,0.0,6.1,0.0,72.9,1,1,1,1,21862,12040,9889,9215,11531,9289,18624,1,2431,87,1,22826,18674,185,2.0,11:54,2017,2018
2017-18,201156,Nick Young,Nick,1610612744,GSW,Golden State Warriors,21700100,2017-10-30T00:00:00,GSW @ LAC,W,6.516666666666667,0.0,0.0,0.0,0.0,11.0,11.0,16.6,55.2,0.0,0.0,0.0,0.0,16.6,1,1,1,1,23846,12040,9889,9215,19152,12382,17133,22642,1074,8133,1,1,18674,21988,2.0,6:31,2017,2018
2017-18,2585,Zaza Pachulia,Zaza,1610612744,GSW,Golden State Warriors,21700100,2017-10-30T00:00:00,GSW @ LAC,W,12.983333333333333,5.5,0.0,0.0,11.1,25.0,5.5,13.9,27.7,0.0,0.0,8.3,2.8,15.0,1,1,1,1,21228,3526,9889,9215,4965,24428,8159,20653,18209,8133,1,24709,11107,22643,2.0,12:59,2017,2018
2017-18,201580,JaVale McGee,JaVale,1610612744,GSW,Golden State Warriors,21700100,2017-10-30T00:00:00,GSW @ LAC,W,15.133333333333333,4.8,0.0,9.5,23.8,16.7,14.3,19.0,23.8,4.8,2.4,2.4,2.4,51.4,1,1,1,1,19885,4711,9889,502,329,19865,21112,23797,21264,585,23791,11789,12539,2021,2.0,15:08,2017,2018
2017-18,203110,Draymond Green,Draymond,1610612744,GSW,Golden State Warriors,21700100,2017-10-30T00:00:00,GSW @ LAC,W,31.05,1.2,0.0,0.0,9.3,13.9,7.0,5.8,25.5,1.2,1.2,2.3,4.6,49.6,1,1,1,1,6366,11921,9889,9215,6901,16632,10544,10009,20029,6424,19433,11550,5458,2486,2.0,31:03,2017,2018
2017-18,202691,Klay Thompson,Klay,1610612744,GSW,Golden State Warriors,21700100,2017-10-30T00:00:00,GSW @ LAC,W,29.8,4.8,2.4,2.4,4.8,18.1,7.2,9.7,26.6,0.0,0.0,3.6,1.2,32.6,1,1,1,1,7420,4586,7903,7235,13587,21204,11056,15821,19184,8133,1,16903,17440,11163,2.0,29:48,2017,2018
2017-18,1628395,Jordan Bell,Jordan,1610612744,GSW,Golden State Warriors,21700100,2017-10-30T00:00:00,GSW @ LAC,W,11.833333333333334,6.1,6.1,12.2,18.3,6.1,6.1,9.1,36.5,0.0,0.0,6.1,0.0,49.9,1,1,1,1,21901,2861,2018,220,1111,5396,9064,15070,9686,8133,1,22883,18674,2419,2.0,11:50,2017,2018
2017-18,1627775,Patrick McCaw,Patrick,1610612744,GSW,Golden State Warriors,21700100,2017-10-30T00:00:00,GSW @ LAC,W,18.1,0.0,0.0,0.0,8.0,9.9,8.0,6.0,39.8,0.0,0.0,2.0,0.0,31.2,1,1,1,1,17702,12040,9889,9215,8644,10644,12339,10251,7076,8133,1,9869,18674,12175,2.0,18:06,2017,2018
2017-18,2733,Shaun Livingston,Shaun,1610612744,GSW,Golden State Warriors,21700100,2017-10-30T00:00:00,GSW @ LAC,W,14.016666666666667,10.3,5.1,5.1,20.5,5.1,10.3,5.1,20.5,0.0,0.0,5.1,0.0,41.4,1,1,1,1,20604,619,2904,2724,661,4450,16030,8982,23034,8133,1,21241,18674,5585,2.0,14:01,2017,2018
2017-18,201142,Kevin Durant,Kevin,1610612744,GSW,Golden State Warriors,21700100,2017-10-30T00:00:00,GSW @ LAC,W,29.316666666666663,6.1,2.5,6.1,12.3,17.2,7.4,12.3,27.0,0.0,0.0,3.7,2.5,39.8,1,1,1,1,7860,2801,7784,1857,3907,20411,11278,19076,18821,8133,1,17122,12235,6403,2.0,29:19,2017,2018
2017-18,2738,Andre Iguodala,Andre,1610612744,GSW,Golden State Warriors,21700100,2017-10-30T00:00:00,GSW @ LAC,W,22.933333333333334,1.6,0.0,1.6,3.1,12.6,12.6,7.8,28.3,0.0,0.0,0.0,4.7,25.3,1,1,1,1,13584,11744,9889,9027,16730,14699,19174,13238,17751,8133,1,1,5281,16674,2.0,22:56,2017,2018
2017-18,201580,JaVale McGee,JaVale,1610612744,GSW,Golden State Warriors,21700091,2017-10-29T00:00:00,GSW vs. DET,L,9.566666666666666,7.5,7.5,0.0,22.6,41.4,22.6,15.1,52.7,11.3,0.0,3.8,0.0,70.7,1,13054,13054,13054,22792,1673,1229,9215,422,25858,25118,21664,1423,43,1,17386,18674,223,1.0,9:34,2017,2018
2017-18,2561,David West,David,1610612744,GSW,Golden State Warriors,21700091,2017-10-29T00:00:00,GSW vs. DET,L,12.3,0.0,11.7,0.0,11.7,38.0,26.3,5.9,58.5,5.9,0.0,2.9,0.0,44.8,1,13054,13054,13054,21599,12040,344,9215,4383,25778,25572,10096,793,334,1,14089,18674,4068,1.0,12:18,2017,2018
2017-18,201939,Stephen Curry,Stephen,1610612744,GSW,Golden State Warriors,21700091,2017-10-29T00:00:00,GSW vs. DET,L,35.415,0.0,0.0,5.1,12.2,18.3,9.1,8.1,30.5,0.0,0.0,3.0,3.0,44.9,1,13054,13054,13054,2802,12040,9889,2787,3975,21349,14340,13689,15577,8133,1,14694,10004,4021,1.0,35:25,2017,2018
2017-18,2585,Zaza Pachulia,Zaza,1610612744,GSW,Golden State Warriors,21700091,2017-10-29T00:00:00,GSW vs. DET,L,19.126666666666665,0.0,0.0,3.8,3.8,13.2,5.6,3.8,18.8,1.9,0.0,1.9,1.9,17.7,1,13054,13054,13054,16858,12040,9889,4563,15717,15619,8330,6749,23717,3802,1,9319,14637,21472,1.0,19:08,2017,2018
2017-18,201956,Omri Casspi,Omri,1610612744,GSW,Golden State Warriors,21700091,2017-10-29T00:00:00,GSW vs. DET,L,8.616666666666667,0.0,0.0,12.5,8.4,0.0,0.0,8.4,25.1,0.0,0.0,0.0,4.2,22.6,1,13054,13054,13054,23125,12040,9889,196,8070,1,1,14026,20367,8133,1,1,6579,18575,1.0,8:37,2017,2018
2017-18,2738,Andre Iguodala,Andre,1610612744,GSW,Golden State Warriors,21700091,2017-10-29T00:00:00,GSW vs. DET,L,25.28333333333333,0.0,0.0,2.8,5.7,37.0,21.4,11.4,51.3,1.4,0.0,1.4,0.0,22.8,1,13054,13054,13054,11490,12040,9889,6254,12167,25753,24863,18066,1706,5122,1,7604,18674,18448,1.0,25:17,2017,2018
2017-18,203110,Draymond Green,Draymond,1610612744,GSW,Golden State Warriors,21700091,2017-10-29T00:00:00,GSW vs. DET,L,32.35666666666667,0.0,0.0,0.0,2.2,30.0,10.0,6.7,35.6,1.1,0.0,3.3,0.0,22.9,1,13054,13054,13054,5267,12040,9889,9215,18464,25306,15643,11371,10545,6705,1,15842,18674,18352,1.0,32:21,2017,2018
2017-18,201142,Kevin Durant,Kevin,1610612744,GSW,Golden State Warriors,21700091,2017-10-29T00:00:00,GSW vs. DET,L,36.18333333333333,10.9,0.0,4.0,8.0,14.9,11.9,6.0,31.8,2.0,0.0,0.0,2.0,44.0,1,13054,13054,13054,2234,491,9889,4201,8637,17928,18404,10260,14266,3507,1,1,14204,4389,1.0,36:11,2017,2018
2017-18,2733,Shaun Livingston,Shaun,1610612744,GSW,Golden State Warriors,21700091,2017-10-29T00:00:00,GSW vs. DET,L,14.7,0.0,0.0,0.0,4.9,26.9,14.7,14.7,39.2,2.4,0.0,2.4,0.0,20.1,1,13054,13054,13054,20164,12040,9889,9215,13481,24860,21504,21387,7529,2460,1,12076,18674,20147,1.0,14:42,2017,2018
2017-18,201156,Nick Young,Nick,1610612744,GSW,Golden State Warriors,21700091,2017-10-29T00:00:00,GSW vs. DET,L,12.866666666666667,0.0,0.0,0.0,0.0,36.4,25.2,5.6,56.0,0.0,0.0,2.8,0.0,0.0,1,13054,13054,13054,21302,12040,9889,9215,19152,25736,25462,9685,997,8133,1,13495,18674,25240,1.0,12:52,2017,2018
2017-18,1627775,Patrick McCaw,Patrick,1610612744,GSW,Golden State Warriors,21700091,2017-10-29T00:00:00,GSW vs. DET,L,0.285,0.0,0.0,0.0,0.0,252.6,0.0,0.0,0.0,0.0,0.0,0.0,0.0,0.0,1,13054,13054,13054,26038,12040,9889,9215,19152,26106,1,1,25495,8133,1,1,18674,25240,1.0,0:17,2017,2018
2017-18,202691,Klay Thompson,Klay,1610612744,GSW,Golden State Warriors,21700091,2017-10-29T00:00:00,GSW vs. DET,L,33.3,2.2,0.0,6.5,4.3,23.8,13.0,4.3,36.8,0.0,0.0,2.2,2.2,36.1,1,13054,13054,13054,4460,10640,9889,1632,14561,24095,19695,7663,9475,8133,1,10779,13429,8608,1.0,33:18,2017,2018
2017-18,201580,JaVale McGee,JaVale,1610612744,GSW,Golden State Warriors,21700075,2017-10-27T00:00:00,GSW vs. WAS,W,9.266666666666667,0.0,0.0,0.0,0.0,15.5,7.8,11.7,38.8,3.9,0.0,3.9,0.0,43.9,1,1,1,1,22912,12040,9889,9215,19152,18715,12015,18369,7771,955,1,17782,18674,4424,1.0,9:16,2017,2018
2017-18,201156,Nick Young,Nick,1610612744,GSW,Golden State Warriors,21700075,2017-10-27T00:00:00,GSW vs. WAS,W,7.783333333333333,0.0,0.0,0.0,0.0,9.3,13.9,0.0,9.3,4.6,0.0,4.6,4.6,37.5,1,1,1,1,23400,12040,9889,9215,19152,9539,20686,1,25363,638,1,20036,5484,7730,1.0,7:47,2017,2018
2017-18,201956,Omri Casspi,Omri,1610612744,GSW,Golden State Warriors,21700075,2017-10-27T00:00:00,GSW vs. WAS,W,13.15,2.7,0.0,0.0,5.5,11.0,5.5,0.0,38.3,2.7,0.0,2.7,8.2,49.6,1,1,1,1,21137,9006,9889,9215,12540,12222,8059,1,8194,2065,1,13269,1025,2500,1.0,13:09,2017,2018
2017-18,2585,Zaza Pachulia,Zaza,1610612744,GSW,Golden State Warriors,21700075,2017-10-27T00:00:00,GSW vs. WAS,W,13.116666666666667,0.0,5.5,0.0,11.0,13.7,13.7,16.5,43.9,0.0,8.2,8.2,0.0,42.0,1,1,1,1,21152,12040,2514,9215,5075,16396,20546,22594,4316,8133,26016,24672,18674,5283,1.0,13:07,2017,2018
2017-18,1627775,Patrick McCaw,Patrick,1610612744,GSW,Golden State Warriors,21700075,2017-10-27T00:00:00,GSW vs. WAS,W,15.833333333333334,9.1,0.0,0.0,9.1,13.6,11.4,6.8,31.8,2.3,0.0,0.0,2.3,31.6,1,1,1,1,19399,944,9889,9215,7103,16280,17633,11599,14271,2787,1,1,12945,11883,1.0,15:50,2017,2018
2017-18,201939,Stephen Curry,Stephen,1610612744,GSW,Golden State Warriors,21700075,2017-10-27T00:00:00,GSW vs. WAS,W,36.2,3.0,2.0,8.0,8.0,15.9,15.9,16.9,33.8,0.0,0.0,2.0,4.0,41.8,1,1,1,1,2225,8360,9075,917,8644,19133,22509,22836,12283,8133,1,9869,7126,5381,1.0,36:12,2017,2018
2017-18,2738,Andre Iguodala,Andre,1610612744,GSW,Golden State Warriors,21700075,2017-10-27T00:00:00,GSW vs. WAS,W,31.08333333333333,2.3,0.0,0.0,4.6,12.7,11.6,16.2,20.8,0.0,0.0,0.0,1.2,17.8,1,1,1,1,6336,10153,9889,9215,13969,14946,17899,22464,22884,8133,1,1,17664,21396,1.0,31:05,2017,2018
2017-18,2561,David West,David,1610612744,GSW,Golden State Warriors,21700075,2017-10-27T00:00:00,GSW vs. WAS,W,15.445,9.3,4.7,9.3,18.6,9.3,18.6,7.0,14.0,2.3,0.0,4.7,2.3,59.0,1,1,1,1,19676,860,3502,544,1025,9673,24034,11869,24882,2680,1,20124,12730,857,1.0,15:27,2017,2018
2017-18,201142,Kevin Durant,Kevin,1610612744,GSW,Golden State Warriors,21700075,2017-10-27T00:00:00,GSW vs. WAS,W,38.75,2.8,1.9,0.0,1.9,13.0,16.7,13.0,29.7,1.9,1.9,1.9,5.6,54.1,1,1,1,1,884,8891,9406,9215,19069,15358,23036,19876,16311,3872,22307,9190,3658,1517,1.0,38:45,2017,2018
2017-18,203110,Draymond Green,Draymond,1610612744,GSW,Golden State Warriors,21700075,2017-10-27T00:00:00,GSW vs. WAS,W,16.605,0.0,0.0,6.5,4.3,15.2,4.3,19.5,21.7,6.5,0.0,2.2,2.2,44.7,1,1,1,1,18829,12040,9889,1622,14542,18285,6315,23961,22472,236,1,10818,13398,4119,1.0,16:36,2017,2018
2017-18,202691,Klay Thompson,Klay,1610612744,GSW,Golden State Warriors,21700075,2017-10-27T00:00:00,GSW vs. WAS,W,31.183333333333334,0.0,0.0,3.5,11.5,13.9,15.0,16.2,25.4,2.3,1.2,4.6,2.3,34.5,1,1,1,1,6255,12040,9889,5043,4520,16558,21774,22437,20116,2721,19394,20017,12816,9763,1.0,31:11,2017,2018
2017-18,1626172,Kevon Looney,Kevon,1610612744,GSW,Golden State Warriors,21700075,2017-10-27T00:00:00,GSW vs. WAS,W,11.583333333333334,0.0,0.0,12.4,24.9,15.5,18.6,6.2,37.3,3.1,0.0,9.3,3.1,55.9,1,1,1,1,22029,12040,9889,202,266,18715,24035,10639,9006,1603,1,25085,9792,1206,1.0,11:35,2017,2018
2017-18,203110,Draymond Green,Draymond,1610612744,GSW,Golden State Warriors,21700063,2017-10-25T00:00:00,GSW vs. TOR,W,36.7,0.0,2.0,7.8,5.9,10.8,2.0,14.7,41.2,1.0,0.0,2.0,2.9,39.4,1,1,1,1,1895,12040,9156,961,11861,11974,3775,21400,6000,7607,1,9740,10465,6590,1.0,36:42,2017,2018
2017-18,202691,Klay Thompson,Klay,1610612744,GSW,Golden State Warriors,21700063,2017-10-25T00:00:00,GSW vs. TOR,W,38.43333333333333,2.8,0.0,5.6,5.6,12.2,11.2,14.1,37.5,0.9,0.9,1.9,1.9,38.5,1,1,1,1,1008,8833,9889,2283,12303,14143,17435,20821,8859,7839,17754,9270,14670,7099,1.0,38:26,2017,2018
2017-18,2561,David West,David,1610612744,GSW,Golden State Warriors,21700063,2017-10-25T00:00:00,GSW vs. TOR,W,9.583333333333334,22.5,7.5,15.0,30.1,15.0,37.6,0.0,30.1,7.5,0.0,3.8,0.0,71.0,1,1,1,1,22785,54,1235,103,105,18073,25936,1,16001,156,1,17359,18674,218,1.0,9:35,2017,2018
2017-18,1627775,Patrick McCaw,Patrick,1610612744,GSW,Golden State Warriors,21700063,2017-10-25T00:00:00,GSW vs. TOR,W,9.566666666666666,7.5,0.0,7.5,15.1,7.5,11.3,0.0,52.7,0.0,0.0,0.0,0.0,15.1,1,1,1,1,22792,1673,9889,1085,2219,7150,17511,1,1423,8133,1,1,18674,22622,1.0,9:34,2017,2018
2017-18,2738,Andre Iguodala,Andre,1610612744,GSW,Golden State Warriors,21700063,2017-10-25T00:00:00,GSW vs. TOR,W,30.28333333333333,0.0,0.0,0.0,0.0,15.5,17.8,7.1,38.0,1.2,0.0,1.2,0.0,18.9,1,1,1,1,6998,12040,9889,9215,19152,18619,23680,12095,8413,6264,1,6543,18674,20829,1.0,30:17,2017,2018
2017-18,2733,Shaun Livingston,Shaun,1610612744,GSW,Golden State Warriors,21700063,2017-10-25T00:00:00,GSW vs. TOR,W,15.866666666666667,0.0,0.0,0.0,0.0,13.6,27.2,4.5,31.8,0.0,0.0,4.5,2.3,10.2,1,1,1,1,19371,12040,9889,9215,19152,16235,25628,8004,14362,8133,1,19825,12960,24116,1.0,15:52,2017,2018
2017-18,2585,Zaza Pachulia,Zaza,1610612744,GSW,Golden State Warriors,21700063,2017-10-25T00:00:00,GSW vs. TOR,W,14.433333333333334,0.0,0.0,0.0,5.0,12.5,0.0,22.4,44.9,0.0,5.0,2.5,5.0,24.4,1,1,1,1,20349,12040,9889,9215,13327,14578,1,24819,3817,8133,25748,12265,4718,17296,1.0,14:26,2017,2018
2017-18,201939,Stephen Curry,Stephen,1610612744,GSW,Golden State Warriors,21700063,2017-10-25T00:00:00,GSW vs. TOR,W,37.516666666666666,1.9,1.9,3.8,7.7,8.6,2.9,12.5,42.2,1.0,0.0,1.9,3.8,50.2,1,1,1,1,1446,11384,9267,4445,9067,8641,4539,19293,5325,7718,1,9519,7539,2328,1.0,37:31,2017,2018
2017-18,1628395,Jordan Bell,Jordan,1610612744,GSW,Golden State Warriors,21700063,2017-10-25T00:00:00,GSW vs. TOR,W,9.566666666666666,0.0,0.0,0.0,22.6,7.5,11.3,0.0,52.7,3.8,3.8,7.5,0.0,50.4,1,1,1,1,22792,12040,9889,9215,422,7150,17511,1,1423,1041,25347,24247,18674,2267,1.0,9:34,2017,2018
2017-18,201142,Kevin Durant,Kevin,1610612744,GSW,Golden State Warriors,21700063,2017-10-25T00:00:00,GSW vs. TOR,W,38.05,3.8,0.0,8.5,7.6,9.5,14.2,14.2,41.6,0.0,1.9,1.9,3.8,41.0,1,1,1,1,1169,6574,9889,731,9233,9892,21041,20942,5687,8133,22429,9369,7696,5802,1.0,38:03,2017,2018
2017-18,201142,Kevin Durant,Kevin,1610612744,GSW,Golden State Warriors,21700045,2017-10-23T00:00:00,GSW @ DAL,W,33.266666666666666,0.0,0.0,11.9,4.3,14.1,15.2,6.5,34.6,1.1,0.0,1.1,3.2,48.3,1,1,1,1,4484,12040,9889,242,14550,16837,21898,11081,11472,6895,1,6024,9306,2869,1.0,33:16,2017,2018
2017-18,202691,Klay Thompson,Klay,1610612744,GSW,Golden State Warriors,21700045,2017-10-23T00:00:00,GSW @ DAL,W,28.07,3.8,0.0,6.4,7.7,16.7,9.0,5.1,35.9,1.3,0.0,5.1,0.0,40.1,1,1,1,1,8961,6433,9889,1684,9039,19889,14044,8972,10247,5764,1,21228,18674,6201,1.0,28:04,2017,2018
2017-18,201156,Nick Young,Nick,1610612744,GSW,Golden State Warriors,21700045,2017-10-23T00:00:00,GSW @ DAL,W,19.05,0.0,0.0,5.7,0.0,9.4,24.6,7.6,30.2,0.0,0.0,0.0,3.8,24.9,1,1,1,1,16919,12040,9889,2247,19152,9868,25405,12767,15821,8133,1,1,7710,16908,1.0,19:03,2017,2018
2017-18,2585,Zaza Pachulia,Zaza,1610612744,GSW,Golden State Warriors,21700045,2017-10-23T00:00:00,GSW @ DAL,W,14.033333333333331,0.0,0.0,0.0,5.1,10.3,10.3,5.1,41.0,0.0,0.0,5.1,0.0,26.7,1,1,1,1,20594,12040,9889,9215,13096,11102,16004,8974,6121,8133,1,21230,18674,15623,1.0,14:02,2017,2018
2017-18,2738,Andre Iguodala,Andre,1610612744,GSW,Golden State Warriors,21700045,2017-10-23T00:00:00,GSW @ DAL,W,24.45,4.4,0.0,5.9,8.8,20.6,16.2,8.8,38.3,0.0,0.0,2.9,1.5,27.2,1,1,1,1,12230,5273,9889,2089,7441,22811,22712,14670,8240,8133,1,14184,16194,15209,1.0,24:27,2017,2018
2017-18,203110,Draymond Green,Draymond,1610612744,GSW,Golden State Warriors,21700045,2017-10-23T00:00:00,GSW @ DAL,W,29.633333333333333,3.6,2.4,6.1,7.3,15.8,18.2,7.3,38.9,1.2,0.0,4.9,1.2,45.4,1,1,1,1,7566,6863,7863,1916,9618,18988,23865,12338,7749,6124,1,20608,17403,3818,1.0,29:38,2017,2018
2017-18,2733,Shaun Livingston,Shaun,1610612744,GSW,Golden State Warriors,21700045,2017-10-23T00:00:00,GSW @ DAL,W,15.063333333333333,0.0,0.0,4.8,9.6,11.9,23.9,4.8,23.9,0.0,0.0,2.4,2.4,34.2,1,1,1,1,19938,12040,9889,3135,6549,13771,25330,8357,21192,8133,1,11825,12498,10033,1.0,15:04,2017,2018
2017-18,201939,Stephen Curry,Stephen,1610612744,GSW,Golden State Warriors,21700045,2017-10-23T00:00:00,GSW @ DAL,W,31.15,2.3,2.3,2.3,6.9,15.0,17.3,6.9,37.0,0.0,0.0,1.2,8.1,57.1,1,1,1,1,6279,10172,8151,7506,10119,18072,23417,11783,9305,8133,1,6389,1087,1068,1.0,31:09,2017,2018
2017-18,1628395,Jordan Bell,Jordan,1610612744,GSW,Golden State Warriors,21700045,2017-10-23T00:00:00,GSW @ DAL,W,9.633333333333333,0.0,7.5,7.5,22.4,7.5,0.0,7.5,22.4,3.7,0.0,7.5,7.5,59.0,1,1,1,1,22763,12040,1265,1102,436,7082,1,12608,22072,1058,1,24197,1475,851,1.0,9:38,2017,2018
2017-18,201580,JaVale McGee,JaVale,1610612744,GSW,Golden State Warriors,21700045,2017-10-23T00:00:00,GSW @ DAL,W,10.666666666666666,6.8,0.0,0.0,6.8,10.1,20.3,0.0,27.0,3.4,0.0,13.5,10.1,56.7,1,1,1,1,22363,2264,9889,9215,10408,10897,24580,1,18830,1365,1,25774,411,1122,1.0,10:40,2017,2018
2017-18,201956,Omri Casspi,Omri,1610612744,GSW,Golden State Warriors,21700045,2017-10-23T00:00:00,GSW @ DAL,W,6.283333333333333,0.0,0.0,0.0,0.0,0.0,0.0,0.0,11.5,0.0,0.0,0.0,0.0,0.0,1,1,1,1,23938,12040,9889,9215,19152,1,1,1,25171,8133,1,1,18674,25240,1.0,6:17,2017,2018
2017-18,1627775,Patrick McCaw,Patrick,1610612744,GSW,Golden State Warriors,21700045,2017-10-23T00:00:00,GSW @ DAL,W,7.083333333333333,0.0,0.0,0.0,0.0,0.0,0.0,0.0,10.2,0.0,0.0,5.1,0.0,1.0,1,1,1,1,23634,12040,9889,9215,19152,1,1,1,25297,8133,1,21132,18674,25211,1.0,7:05,2017,2018
2017-18,2561,David West,David,1610612744,GSW,Golden State Warriors,21700045,2017-10-23T00:00:00,GSW @ DAL,W,11.616666666666667,6.2,6.2,0.0,6.2,15.5,15.5,6.2,31.0,9.3,0.0,3.1,0.0,51.4,1,1,1,1,22011,2742,1938,9215,11256,18671,22198,10607,15100,80,1,14912,18674,2006,1.0,11:37,2017,2018
2017-18,201156,Nick Young,Nick,1610612744,GSW,Golden State Warriors,21700033,2017-10-21T00:00:00,GSW @ MEM,L,5.05,0.0,0.0,0.0,0.0,28.5,0.0,42.8,28.5,0.0,0.0,0.0,0.0,-7.1,1,13054,13054,13054,24386,12040,9889,9215,19152,25118,1,25966,17497,8133,1,1,18674,26041,1.0,5:03,2017,2018
2017-18,2585,Zaza Pachulia,Zaza,1610612744,GSW,Golden State Warriors,21700033,2017-10-21T00:00:00,GSW @ MEM,L,12.2,0.0,0.0,0.0,0.0,3.0,14.8,26.6,29.5,0.0,0.0,11.8,5.9,33.0,1,13054,13054,13054,21646,12040,9889,9215,19152,2861,21558,25427,16549,8133,1,25601,3184,10825,1.0,12:12,2017,2018
2017-18,201142,Kevin Durant,Kevin,1610612744,GSW,Golden State Warriors,21700033,2017-10-21T00:00:00,GSW @ MEM,L,40.04,4.5,1.8,9.0,9.0,16.2,6.3,13.5,30.6,2.7,0.9,1.8,7.2,49.5,1,13054,13054,13054,507,5127,9498,641,7248,19423,9393,20334,15494,2116,17574,8936,1718,2504,1.0,40:02,2017,2018
2017-18,2738,Andre Iguodala,Andre,1610612744,GSW,Golden State Warriors,21700033,2017-10-21T00:00:00,GSW @ MEM,L,28.716666666666665,0.0,0.0,0.0,0.0,22.6,0.0,12.5,40.1,1.3,2.5,3.8,0.0,18.1,1,13054,13054,13054,8373,12040,9889,9215,19152,23672,1,19371,6800,5890,24025,17379,18674,21282,1.0,28:43,2017,2018
2017-18,2733,Shaun Livingston,Shaun,1610612744,GSW,Golden State Warriors,21700033,2017-10-21T00:00:00,GSW @ MEM,L,18.086666666666662,0.0,0.0,4.0,15.9,19.9,0.0,4.0,31.8,0.0,0.0,4.0,2.0,18.7,1,13054,13054,13054,17717,12040,9889,4196,1883,22436,1,7099,14252,8133,1,18098,14202,20932,1.0,18:05,2017,2018
2017-18,201580,JaVale McGee,JaVale,1610612744,GSW,Golden State Warriors,21700033,2017-10-21T00:00:00,GSW @ MEM,L,4.45,0.0,0.0,16.2,16.2,32.4,0.0,16.2,80.9,0.0,0.0,0.0,8.1,32.4,1,13054,13054,13054,24628,12040,9889,71,1779,25517,1,22442,163,8133,1,1,1087,11341,1.0,4:27,2017,2018
2017-18,203110,Draymond Green,Draymond,1610612744,GSW,Golden State Warriors,21700033,2017-10-21T00:00:00,GSW @ MEM,L,36.41666666666666,0.0,0.0,0.0,2.0,19.8,6.9,20.8,37.6,1.0,1.0,4.9,2.0,26.1,1,13054,13054,13054,2082,12040,9889,9215,18926,22347,10465,24375,8776,7546,18106,20810,14264,16054,1.0,36:25,2017,2018
2017-18,1627775,Patrick McCaw,Patrick,1610612744,GSW,Golden State Warriors,21700033,2017-10-21T00:00:00,GSW @ MEM,L,12.383333333333333,0.0,0.0,0.0,0.0,26.2,5.8,11.6,40.7,0.0,0.0,0.0,0.0,17.4,1,13054,13054,13054,21556,12040,9889,9215,19152,24702,8610,18335,6397,8133,1,1,18674,21590,1.0,12:23,2017,2018
2017-18,202691,Klay Thompson,Klay,1610612744,GSW,Golden State Warriors,21700033,2017-10-21T00:00:00,GSW @ MEM,L,38.18333333333333,4.7,1.9,6.6,5.7,17.0,6.6,16.0,35.8,0.9,0.0,3.8,1.9,19.7,1,13054,13054,13054,1117,4778,9343,1559,12229,20185,9888,22357,10344,7805,1,17422,14613,20368,1.0,38:11,2017,2018
2017-18,2561,David West,David,1610612744,GSW,Golden State Warriors,21700033,2017-10-21T00:00:00,GSW @ MEM,L,9.433333333333334,0.0,7.6,0.0,7.6,15.3,0.0,0.0,30.5,0.0,0.0,7.6,3.8,75.2,1,13054,13054,13054,22842,12040,1186,9215,9129,18394,1,1,15540,8133,1,24323,7593,159,1.0,9:26,2017,2018
2017-18,201939,Stephen Curry,Stephen,1610612744,GSW,Golden State Warriors,21700033,2017-10-21T00:00:00,GSW @ MEM,L,30.07,7.2,0.0,13.2,4.8,16.8,8.4,22.7,40.7,0.0,0.0,6.0,9.6,55.9,1,13054,13054,13054,7163,1919,9889,164,13670,19971,13077,24894,6394,8133,1,22729,529,1211,1.0,30:04,2017,2018
2017-18,1628395,Jordan Bell,Jordan,1610612744,GSW,Golden State Warriors,21700033,2017-10-21T00:00:00,GSW @ MEM,L,4.243333333333333,0.0,0.0,0.0,0.0,0.0,0.0,0.0,17.0,8.5,0.0,0.0,0.0,45.8,1,13054,13054,13054,24686,12040,9889,9215,19152,1,1,1,24301,112,1,1,18674,3664,1.0,4:15,2017,2018
2017-18,1626188,Quinn Cook,Quinn,1610612744,GSW,Golden State Warriors,21700033,2017-10-21T00:00:00,GSW @ MEM,L,0.7266666666666667,0.0,0.0,0.0,99.1,0.0,0.0,0.0,0.0,0.0,0.0,49.5,0.0,99.1,1,13054,13054,13054,25955,12040,9889,9215,1,1,1,1,25495,8133,1,26091,18674,45,1.0,0:44,2017,2018
2017-18,1628395,Jordan Bell,Jordan,1610612744,GSW,Golden State Warriors,21700025,2017-10-20T00:00:00,GSW @ NOP,W,5.08,14.2,14.2,0.0,28.3,0.0,0.0,14.2,28.3,0.0,0.0,0.0,0.0,66.6,1,1,1,1,24375,196,201,9215,135,1,1,20926,17665,8133,1,1,18674,350,,5:05,2017,2018
2017-18,203110,Draymond Green,Draymond,1610612744,GSW,Golden State Warriors,21700025,2017-10-20T00:00:00,GSW @ NOP,W,34.60333333333333,2.1,0.0,2.1,2.1,23.9,14.6,10.4,35.4,0.0,1.0,4.2,1.0,23.4,1,1,1,1,3405,10909,9889,8170,18740,24140,21397,16840,10768,8133,18540,18740,18233,18029,,34:36,2017,2018
2017-18,201156,Nick Young,Nick,1610612744,GSW,Golden State Warriors,21700025,2017-10-20T00:00:00,GSW @ NOP,W,11.416666666666666,0.0,0.0,0.0,0.0,9.5,0.0,6.3,31.5,0.0,0.0,3.2,0.0,27.4,1,1,1,1,22093,12040,9889,9215,19152,9889,1,10783,14554,8133,1,15127,18674,15079,,11:25,2017,2018
2017-18,2733,Shaun Livingston,Shaun,1610612744,GSW,Golden State Warriors,21700025,2017-10-20T00:00:00,GSW @ NOP,W,14.078333333333331,5.1,0.0,0.0,5.1,12.8,5.1,10.2,35.8,0.0,2.6,2.6,2.6,26.8,1,1,1,1,20577,4109,9889,9215,13135,15024,7494,16568,10371,8133,24120,12532,11851,15489,,14:05,2017,2018
2017-18,201142,Kevin Durant,Kevin,1610612744,GSW,Golden State Warriors,21700025,2017-10-20T00:00:00,GSW @ NOP,W,37.68333333333333,0.0,0.0,1.9,5.7,20.1,13.4,11.5,36.3,6.7,1.9,2.9,1.9,51.2,1,1,1,1,1356,12040,9889,8656,12117,22516,20171,18143,9873,220,22494,13796,14538,2056,,37:41,2017,2018
2017-18,201939,Stephen Curry,Stephen,1610612744,GSW,Golden State Warriors,21700025,2017-10-20T00:00:00,GSW @ NOP,W,35.15,6.1,6.1,3.1,4.1,23.6,14.3,10.2,34.8,0.0,0.0,1.0,7.2,43.6,1,1,1,1,2996,2791,1978,5777,15066,24030,21183,16589,11320,8133,1,5714,1739,4532,,35:09,2017,2018
2017-18,2561,David West,David,1610612744,GSW,Golden State Warriors,21700025,2017-10-20T00:00:00,GSW @ NOP,W,12.85,5.6,14.0,0.0,11.2,14.0,5.6,11.2,39.2,0.0,0.0,11.2,8.4,42.6,1,1,1,1,21314,3454,207,9215,4852,16761,8259,17832,7497,8133,1,25520,939,5007,,12:51,2017,2018
2017-18,202691,Klay Thompson,Klay,1610612744,GSW,Golden State Warriors,21700025,2017-10-20T00:00:00,GSW @ NOP,W,36.583333333333336,0.0,2.0,13.8,3.9,24.6,15.7,11.8,37.4,1.0,0.0,2.0,3.0,42.1,1,1,1,1,1971,12040,9129,140,15364,24334,22390,18563,8917,7578,1,9770,10431,5221,,36:35,2017,2018
2017-18,2585,Zaza Pachulia,Zaza,1610612744,GSW,Golden State Warriors,21700025,2017-10-20T00:00:00,GSW @ NOP,W,20.671666666666667,7.0,3.5,0.0,10.4,20.9,13.9,13.9,38.3,0.0,0.0,8.7,1.7,39.7,1,1,1,1,15510,2086,5483,9215,5592,22948,20736,20712,8211,8133,1,24862,15159,6447,,20:40,2017,2018
2017-18,201580,JaVale McGee,JaVale,1610612744,GSW,Golden State Warriors,21700025,2017-10-20T00:00:00,GSW @ NOP,W,8.716666666666667,0.0,0.0,0.0,8.3,45.4,24.8,0.0,33.0,0.0,0.0,8.3,0.0,30.1,1,1,1,1,23093,12040,9889,9215,8192,25926,25427,1,13046,8133,1,24689,18674,12988,,8:43,2017,2018
2017-18,2738,Andre Iguodala,Andre,1610612744,GSW,Golden State Warriors,21700025,2017-10-20T00:00:00,GSW @ NOP,W,23.166666666666668,0.0,0.0,3.1,9.3,18.6,6.2,9.3,37.3,0.0,0.0,0.0,1.6,29.4,1,1,1,1,13377,12040,9889,5702,6842,21585,9273,15360,9006,8133,1,1,15873,13577,,23:10,2017,2018
2017-18,203110,Draymond Green,Draymond,1610612744,GSW,Golden State Warriors,21700002,2017-10-17T00:00:00,GSW vs. HOU,L,27.65,2.6,0.0,5.2,2.6,18.2,14.3,9.1,36.5,0.0,2.6,3.9,2.6,51.7,1,13054,13054,13054,9343,9376,9889,2663,17688,21304,21164,15048,9720,8133,24189,17853,11676,1961,1.0,27:39,2017,2018
2017-18,2585,Zaza Pachulia,Zaza,1610612744,GSW,Golden State Warriors,21700002,2017-10-17T00:00:00,GSW vs. HOU,L,10.233333333333333,0.0,0.0,0.0,7.0,0.0,14.1,7.0,42.2,3.5,0.0,3.5,10.6,44.3,1,13054,13054,13054,22554,12040,9889,9215,9978,1,20913,11931,5330,1229,1,16530,346,4251,1.0,10:14,2017,2018
2017-18,1628395,Jordan Bell,Jordan,1610612744,GSW,Golden State Warriors,21700002,2017-10-17T00:00:00,GSW vs. HOU,L,11.773333333333332,0.0,0.0,6.1,24.5,33.6,15.3,6.1,42.8,0.0,3.1,12.2,0.0,29.7,1,13054,13054,13054,21945,12040,9889,1876,294,25604,22022,10495,4945,8133,24788,25668,18674,13359,1.0,11:46,2017,2018
2017-18,1626172,Kevon Looney,Kevon,1610612744,GSW,Golden State Warriors,21700002,2017-10-17T00:00:00,GSW vs. HOU,L,7.766666666666667,0.0,0.0,0.0,0.0,9.3,23.2,18.5,37.1,0.0,0.0,9.3,4.6,29.7,1,13054,13054,13054,23404,12040,9889,9215,19152,9579,25212,23577,9202,8133,1,25063,5461,13355,1.0,7:46,2017,2018
2017-18,201956,Omri Casspi,Omri,1610612744,GSW,Golden State Warriors,21700002,2017-10-17T00:00:00,GSW vs. HOU,L,4.466666666666667,16.1,0.0,0.0,0.0,24.2,24.2,0.0,16.1,0.0,0.0,0.0,8.1,25.8,1,13054,13054,13054,24620,130,9889,9215,19152,24220,25363,1,24479,8133,1,1,1106,16279,1.0,4:28,2017,2018
2017-18,2561,David West,David,1610612744,GSW,Golden State Warriors,21700002,2017-10-17T00:00:00,GSW vs. HOU,L,9.416666666666666,0.0,7.6,0.0,15.3,19.1,0.0,15.3,53.5,3.8,0.0,0.0,3.8,27.5,1,13054,13054,13054,22851,12040,1180,9215,2136,21928,1,21851,1288,1001,1,1,7573,14996,1.0,9:25,2017,2018
2017-18,201156,Nick Young,Nick,1610612744,GSW,Golden State Warriors,21700002,2017-10-17T00:00:00,GSW vs. HOU,L,26.166666666666668,4.1,2.8,8.3,2.8,23.4,16.5,17.9,44.0,0.0,0.0,5.5,1.4,33.6,1,13054,13054,13054,10669,5832,7105,816,17423,23980,22908,23327,4255,8133,1,21941,16651,10446,1.0,26:10,2017,2018
2017-18,2733,Shaun Livingston,Shaun,1610612744,GSW,Golden State Warriors,21700002,2017-10-17T00:00:00,GSW vs. HOU,L,18.545,0.0,0.0,3.9,7.8,15.5,9.7,7.8,34.9,0.0,0.0,3.9,1.9,26.6,1,13054,13054,13054,17331,12040,9889,4372,8927,18708,15188,13085,11198,8133,1,17777,14408,15691,1.0,18:33,2017,2018
2017-18,201939,Stephen Curry,Stephen,1610612744,GSW,Golden State Warriors,21700002,2017-10-17T00:00:00,GSW vs. HOU,L,29.54833333333333,0.0,0.0,6.1,7.3,8.5,11.0,12.2,39.0,0.0,0.0,4.9,1.2,42.6,1,13054,13054,13054,7641,12040,9889,1901,9579,8504,17037,18964,7684,8133,1,20639,17384,4975,1.0,29:33,2017,2018
2017-18,202691,Klay Thompson,Klay,1610612744,GSW,Golden State Warriors,21700002,2017-10-17T00:00:00,GSW vs. HOU,L,38.15,0.0,0.0,8.5,0.0,15.1,14.2,10.4,39.6,1.9,0.9,0.0,0.0,36.5,1,13054,13054,13054,1130,12040,9889,736,19152,18179,20999,16791,7177,3789,17798,1,18674,8339,1.0,38:09,2017,2018
2017-18,1627775,Patrick McCaw,Patrick,1610612744,GSW,Golden State Warriors,21700002,2017-10-17T00:00:00,GSW vs. HOU,L,18.656666666666663,3.9,0.0,0.0,0.0,21.2,21.2,9.6,46.3,1.9,0.0,1.9,0.0,29.1,1,13054,13054,13054,17230,6407,9889,9215,19152,23093,24829,15803,3194,3684,1,9568,18674,13777,1.0,18:39,2017,2018
2017-18,201142,Kevin Durant,Kevin,1610612744,GSW,Golden State Warriors,21700002,2017-10-17T00:00:00,GSW vs. HOU,L,37.626666666666665,1.9,3.8,7.7,3.8,10.5,9.6,12.4,42.1,3.8,1.0,3.8,4.8,38.7,1,13054,13054,13054,1391,11394,4845,1031,15585,11534,14979,19264,5405,999,17890,17609,5126,6966,1.0,37:38,2017,2018
