season,player_id,player,nickname,team_id,team,team_name,game_id,game_date,matchup,wl,min,pts_off_tov,pts_2nd_chance,pts_fb,pts_paint,opp_pts_off_tov,opp_pts_2nd_chance,opp_pts_fb,opp_pts_paint,blk,blka,pf,pfd,nba_fantasy_pts,gp_rank,w_rank,l_rank,w_pct_rank,min_rank,pts_off_tov_rank,pts_2nd_chance_rank,pts_fb_rank,pts_paint_rank,opp_pts_off_tov_rank,opp_pts_2nd_chance_rank,opp_pts_fb_rank,opp_pts_paint_rank,blk_rank,blka_rank,pf_rank,pfd_rank,nba_fantasy_pts_rank,available_flag,min_sec,season_start,season_end
2022-23,1631106,Tari Eason,Tari,1610612745,HOU,Houston Rockets,22201222,2023-04-09T00:00:00,HOU @ WAS,W,26.966666666666665,6.7,5.3,2.7,13.3,12.0,6.7,5.3,29.4,1.3,0.0,2.7,2.7,43.5,1,1,1,1,10610,2407,3224,7488,3898,13094,8734,7203,19529,5239,1,12669,11027,5290,1,26:58,2022,2023
2022-23,1626246,Boban Marjanović,Boban,1610612745,HOU,Houston Rockets,22201222,2023-04-09T00:00:00,HOU @ WAS,W,12.633333333333333,0.0,11.4,0.0,28.5,5.7,0.0,0.0,17.1,2.8,2.8,0.0,5.7,67.5,1,1,1,1,20816,12084,461,10252,212,4751,1,1,24519,1824,24483,1,3465,467,1,12:38,2022,2023
2022-23,1630578,Alperen Sengun,Alperen,1610612745,HOU,Houston Rockets,22201222,2023-04-09T00:00:00,HOU @ WAS,W,23.53333333333333,3.1,3.1,3.1,12.2,16.8,27.5,22.9,52.0,3.1,0.0,4.6,6.1,66.4,1,1,1,1,13248,8238,6780,6638,4796,19153,25267,24284,2935,1589,1,19737,2890,515,1,23:32,2022,2023
2022-23,1630227,Daishen Nix,Daishen,1610612745,HOU,Houston Rockets,22201222,2023-04-09T00:00:00,HOU @ WAS,W,17.75,4.1,0.0,0.0,4.1,14.2,6.1,8.1,32.5,0.0,2.0,2.0,0.0,13.6,1,1,1,1,17582,6084,10381,10252,16006,15994,7935,11033,17107,7930,22924,9915,17929,23105,1,17:45,2022,2023
2022-23,1631095,Jabari Smith Jr.,Jabari,1610612745,HOU,Houston Rockets,22201222,2023-04-09T00:00:00,HOU @ WAS,W,31.01333333333333,5.8,0.0,3.5,4.6,17.4,20.9,17.4,46.4,1.2,0.0,3.5,7.0,32.5,1,1,1,1,7268,3290,10381,5831,14895,19754,24002,21890,5540,6038,1,16197,1977,12136,1,31:01,2022,2023
2022-23,1630586,Usman Garuba,Usman,1610612745,HOU,Houston Rockets,22201222,2023-04-09T00:00:00,HOU @ WAS,W,11.833333333333334,0.0,0.0,0.0,0.0,21.3,9.1,6.1,36.5,0.0,0.0,6.1,0.0,14.0,1,1,1,1,21295,12084,10381,10252,19499,22591,12478,8217,13575,7930,1,22645,17929,22977,1,11:50,2022,2023
2022-23,1630231,KJ Martin,KJ,1610612745,HOU,Houston Rockets,22201222,2023-04-09T00:00:00,HOU @ WAS,W,21.03333333333333,0.0,0.0,6.8,17.1,18.8,27.4,22.3,51.3,0.0,3.4,1.7,1.7,29.3,1,1,1,1,15191,12084,10381,1758,1800,20994,25249,24109,3150,7930,25043,8504,14693,14493,1,21:02,2022,2023
2022-23,1626163,Frank Kaminsky,Frank,1610612745,HOU,Houston Rockets,22201222,2023-04-09T00:00:00,HOU @ WAS,W,16.986666666666668,6.4,4.2,0.0,8.5,10.6,6.4,4.2,25.4,2.1,0.0,0.0,2.1,46.0,1,1,1,1,18144,2672,4720,10252,9035,10979,8329,5845,21969,3010,1,1,13039,4120,1,16:59,2022,2023
2022-23,1630528,Josh Christopher,Josh,1610612745,HOU,Houston Rockets,22201222,2023-04-09T00:00:00,HOU @ WAS,W,30.25,0.0,0.0,2.4,4.8,15.5,21.4,15.5,42.8,0.0,0.0,1.2,1.2,20.7,1,1,1,1,7906,12084,10381,8171,14690,17605,24181,20439,8003,7930,1,6751,16717,20061,1,30:15,2022,2023
2022-23,1630224,Jalen Green,Jalen,1610612745,HOU,Houston Rockets,22201222,2023-04-09T00:00:00,HOU @ WAS,W,27.15,4.0,0.0,2.7,10.6,17.2,23.9,19.9,50.4,0.0,1.3,0.0,4.0,33.7,1,1,1,1,10466,6241,10381,7522,6368,19570,24794,23249,3563,7930,20703,1,6972,11265,1,27:09,2022,2023
2022-23,1631102,TyTy Washington Jr.,TyTy,1610612745,HOU,Houston Rockets,22201222,2023-04-09T00:00:00,HOU @ WAS,W,20.85,0.0,5.2,0.0,3.5,12.1,5.2,3.5,24.2,0.0,0.0,3.5,1.7,30.4,1,1,1,1,15307,12084,3409,10252,17034,13188,6655,4946,22535,7930,1,16081,14645,13685,1,20:51,2022,2023
2022-23,1631106,Tari Eason,Tari,1610612745,HOU,Houston Rockets,22201202,2023-04-07T00:00:00,HOU @ CHA,W,24.12833333333333,3.0,6.0,0.0,9.0,14.9,13.4,17.9,41.8,3.0,1.5,6.0,1.5,46.8,1,1,1,1,12795,8426,2617,10252,8421,16912,18737,22180,8852,1679,21315,22461,15434,3821,1,24:08,2022,2023
2022-23,1630231,KJ Martin,KJ,1610612745,HOU,Houston Rockets,22201202,2023-04-07T00:00:00,HOU @ CHA,W,39.05,0.0,1.8,5.5,12.9,13.8,12.9,12.0,27.7,0.0,0.9,0.9,1.8,28.3,1,1,1,1,997,12084,9874,2832,4242,15510,18078,16712,20664,7930,17807,5360,14242,15207,1,39:03,2022,2023
2022-23,1630528,Josh Christopher,Josh,1610612745,HOU,Houston Rockets,22201202,2023-04-07T00:00:00,HOU @ CHA,W,19.566666666666663,0.0,0.0,3.7,11.0,14.7,16.6,14.7,44.2,3.7,3.7,0.0,0.0,25.6,1,1,1,1,16266,12084,10381,5443,5920,16670,21768,19742,7001,1082,25184,1,17929,17120,1,19:34,2022,2023
2022-23,1629645,Kevin Porter Jr.,Kevin,1610612745,HOU,Houston Rockets,22201202,2023-04-07T00:00:00,HOU @ CHA,W,37.61666666666667,10.5,1.9,4.8,7.7,14.4,11.5,14.4,28.7,0.0,1.9,4.8,5.7,38.4,1,1,1,1,1770,652,9694,3676,10175,16198,16081,19390,19960,7930,22547,20211,3406,8087,1,37:37,2022,2023
2022-23,1630578,Alperen Sengun,Alperen,1610612745,HOU,Houston Rockets,22201202,2023-04-07T00:00:00,HOU @ CHA,W,31.555,8.0,3.4,0.0,6.8,14.8,8.0,17.1,29.7,1.1,1.1,4.6,5.7,55.6,1,1,1,1,6776,1508,6080,10252,11388,16796,10684,21702,19306,6150,19609,19671,3460,1542,1,31:33,2022,2023
2022-23,1626246,Boban Marjanović,Boban,1610612745,HOU,Houston Rockets,22201202,2023-04-07T00:00:00,HOU @ CHA,W,6.8,0.0,10.6,0.0,21.2,0.0,15.9,0.0,10.6,0.0,0.0,10.6,15.9,33.9,1,1,1,1,23205,12084,584,10252,773,1,21286,1,25150,7930,1,25190,81,11098,1,6:48,2022,2023
2022-23,1631095,Jabari Smith Jr.,Jabari,1610612745,HOU,Houston Rockets,22201202,2023-04-07T00:00:00,HOU @ CHA,W,33.11666666666667,4.3,0.0,2.2,8.7,18.5,9.8,14.1,32.6,3.3,0.0,3.3,0.0,28.2,1,1,1,1,5388,5503,10381,8732,8762,20720,13519,19158,16960,1409,1,15357,17929,15321,1,33:07,2022,2023
2022-23,1630224,Jalen Green,Jalen,1610612745,HOU,Houston Rockets,22201202,2023-04-07T00:00:00,HOU @ CHA,W,38.81666666666667,3.7,5.6,3.7,9.3,17.6,10.2,13.9,31.5,0.0,1.9,0.9,3.7,35.8,1,1,1,1,1094,6792,3006,5389,8020,19963,14153,18903,17884,7930,22364,5374,7732,9798,1,38:49,2022,2023
2022-23,1630586,Usman Garuba,Usman,1610612745,HOU,Houston Rockets,22201202,2023-04-07T00:00:00,HOU @ CHA,W,9.35,0.0,7.7,0.0,7.7,30.8,23.1,15.4,61.6,3.9,0.0,11.6,0.0,28.5,1,1,1,1,22305,12084,1459,10252,10111,25044,24612,20386,920,978,1,25343,17929,15056,1,9:21,2022,2023
2022-23,1630231,KJ Martin,KJ,1610612745,HOU,Houston Rockets,22201183,2023-04-04T00:00:00,HOU vs. DEN,W,27.3,6.6,6.6,2.6,13.2,9.2,4.0,15.8,36.9,0.0,1.3,4.0,2.6,25.7,1,1,1,1,10342,2476,2122,7551,4015,8997,5155,20721,13193,7930,20668,17872,11124,17009,1,27:18,2022,2023
2022-23,1629645,Kevin Porter Jr.,Kevin,1610612745,HOU,Houston Rockets,22201183,2023-04-04T00:00:00,HOU vs. DEN,W,33.916666666666664,4.2,3.2,0.0,4.2,9.6,9.6,15.9,42.5,0.0,3.2,3.2,2.1,43.6,1,1,1,1,4697,5694,6547,10252,15625,9429,13141,20797,8272,7930,24854,15032,13021,5228,1,33:55,2022,2023
2022-23,1630578,Alperen Sengun,Alperen,1610612745,HOU,Houston Rockets,22201183,2023-04-04T00:00:00,HOU vs. DEN,W,37.516666666666666,2.9,3.8,0.0,9.6,11.5,9.6,15.4,38.4,1.0,1.0,3.8,3.8,49.4,1,1,1,1,1832,8671,5382,10252,7594,12329,13203,20357,11867,7419,18091,17464,7379,2956,1,37:31,2022,2023
2022-23,1631095,Jabari Smith Jr.,Jabari,1610612745,HOU,Houston Rockets,22201183,2023-04-04T00:00:00,HOU vs. DEN,W,35.6,1.0,4.0,1.0,10.1,9.1,9.1,16.2,42.5,1.0,1.0,1.0,4.0,39.5,1,1,1,1,3243,12030,5016,10202,6947,8812,12447,21006,8262,7042,18551,5800,6785,7351,1,35:36,2022,2023
2022-23,1630586,Usman Garuba,Usman,1610612745,HOU,Houston Rockets,22201183,2023-04-04T00:00:00,HOU vs. DEN,W,10.331666666666669,0.0,0.0,0.0,7.0,7.0,7.0,20.9,48.8,0.0,0.0,7.0,3.5,43.9,1,1,1,1,21937,12084,10381,10252,11213,6176,9161,23671,4286,7930,1,23630,8349,5065,1,10:20,2022,2023
2022-23,1630227,Daishen Nix,Daishen,1610612745,HOU,Houston Rockets,22201183,2023-04-04T00:00:00,HOU vs. DEN,W,5.233333333333333,0.0,0.0,0.0,0.0,34.4,20.6,41.3,68.8,0.0,0.0,0.0,0.0,-6.9,1,1,1,1,23815,12084,10381,10252,19499,25319,23908,25707,506,7930,1,1,17929,25805,1,5:14,2022,2023
2022-23,1631106,Tari Eason,Tari,1610612745,HOU,Houston Rockets,22201183,2023-04-04T00:00:00,HOU vs. DEN,W,32.946666666666665,6.6,2.2,4.4,8.7,13.1,13.1,17.5,41.5,1.1,2.2,2.2,0.0,29.4,1,1,1,1,5541,2505,8798,4246,8698,14571,18351,21930,9078,6463,23429,10731,17929,14411,1,32:57,2022,2023
2022-23,1630528,Josh Christopher,Josh,1610612745,HOU,Houston Rockets,22201183,2023-04-04T00:00:00,HOU vs. DEN,W,18.416666666666668,7.8,3.9,7.8,11.7,13.7,7.8,17.6,39.1,0.0,0.0,2.0,5.9,42.2,1,1,1,1,17119,1601,5251,1235,5241,15330,10431,21992,11210,7930,1,9513,3236,5908,1,18:25,2022,2023
2022-23,1630224,Jalen Green,Jalen,1610612745,HOU,Houston Rockets,22201183,2023-04-04T00:00:00,HOU vs. DEN,W,38.73833333333334,1.9,1.9,1.9,11.2,6.5,7.4,13.0,35.3,0.0,4.6,0.0,1.9,42.0,1,1,1,1,1132,11536,9849,9765,5797,5659,9845,17928,14656,7930,25503,1,14179,6005,1,38:44,2022,2023
2022-23,1630578,Alperen Sengun,Alperen,1610612745,HOU,Houston Rockets,22201171,2023-04-02T00:00:00,HOU vs. LAL,L,38.39666666666667,0.0,3.8,0.0,16.9,10.3,11.3,15.0,45.0,2.8,1.9,2.8,2.8,53.0,1,12947,12947,12947,1296,12084,5542,10252,1911,10545,15749,20035,6390,1868,22433,13293,10548,2019,1,38:24,2022,2023
2022-23,1631106,Tari Eason,Tari,1610612745,HOU,Houston Rockets,22201171,2023-04-02T00:00:00,HOU vs. LAL,L,25.016666666666666,0.0,8.6,0.0,8.6,13.0,10.1,20.1,48.9,0.0,1.4,2.9,1.4,35.4,1,12947,12947,12947,12107,12084,1049,10252,8840,14354,13952,23367,4226,7930,21144,13597,15627,10066,1,25:01,2022,2023
2022-23,1631095,Jabari Smith Jr.,Jabari,1610612745,HOU,Houston Rockets,22201171,2023-04-02T00:00:00,HOU vs. LAL,L,33.086666666666666,2.2,2.2,2.2,6.5,6.5,13.1,14.1,58.8,1.1,0.0,4.4,0.0,28.0,1,12947,12947,12947,5422,10549,8830,8726,11885,5693,18292,19179,1271,6497,1,19081,17929,15467,1,33:05,2022,2023
2022-23,1630231,KJ Martin,KJ,1610612745,HOU,Houston Rockets,22201171,2023-04-02T00:00:00,HOU vs. LAL,L,28.313333333333333,0.0,5.1,0.0,10.2,16.5,11.4,14.0,53.4,0.0,1.3,1.3,0.0,22.3,1,12947,12947,12947,9479,12084,3540,10252,6867,18850,16035,18997,2458,7930,20429,7079,17929,19179,1,28:19,2022,2023
2022-23,1629645,Kevin Porter Jr.,Kevin,1610612745,HOU,Houston Rockets,22201171,2023-04-02T00:00:00,HOU vs. LAL,L,36.53333333333333,0.0,0.0,3.0,0.0,12.8,11.8,12.8,53.2,0.0,0.0,2.0,0.0,27.2,1,12947,12947,12947,2520,12084,10381,6839,19499,14187,16556,17687,2527,7930,1,9598,17929,15976,1,36:32,2022,2023
2022-23,1626163,Frank Kaminsky,Frank,1610612745,HOU,Houston Rockets,22201171,2023-04-02T00:00:00,HOU vs. LAL,L,3.883333333333333,0.0,0.0,0.0,18.5,18.5,0.0,18.5,18.5,0.0,0.0,0.0,0.0,43.6,1,12947,12947,12947,24420,12084,10381,10252,1323,20763,1,22557,24257,7930,1,1,17929,5263,1,3:53,2022,2023
2022-23,1630586,Usman Garuba,Usman,1610612745,HOU,Houston Rockets,22201171,2023-04-02T00:00:00,HOU vs. LAL,L,2.5166666666666666,0.0,0.0,0.0,0.0,28.6,0.0,0.0,85.8,0.0,0.0,0.0,0.0,0.0,1,12947,12947,12947,25054,12084,10381,10252,19499,24735,1,1,145,7930,1,1,17929,24963,1,2:31,2022,2023
2022-23,1626246,Boban Marjanović,Boban,1610612745,HOU,Houston Rockets,22201171,2023-04-02T00:00:00,HOU vs. LAL,L,3.883333333333333,0.0,0.0,0.0,18.5,18.5,0.0,18.5,18.5,0.0,0.0,0.0,9.3,20.4,1,12947,12947,12947,24420,12084,10381,10252,1323,20763,1,22557,24257,7930,1,1,680,20240,1,3:53,2022,2023
2022-23,1630528,Josh Christopher,Josh,1610612745,HOU,Houston Rockets,22201171,2023-04-02T00:00:00,HOU vs. LAL,L,16.586666666666666,0.0,0.0,4.3,13.0,8.7,8.7,8.7,52.1,0.0,0.0,4.3,0.0,28.6,1,12947,12947,12947,18396,12084,10381,4303,4135,8257,11769,11933,2885,7930,1,19043,17929,14950,1,16:35,2022,2023
2022-23,1630227,Daishen Nix,Daishen,1610612745,HOU,Houston Rockets,22201171,2023-04-02T00:00:00,HOU vs. LAL,L,11.466666666666669,0.0,0.0,0.0,0.0,6.3,6.3,22.0,44.0,0.0,3.1,3.1,0.0,13.2,1,12947,12947,12947,21472,12084,10381,10252,19499,5411,8233,24022,7140,7930,24814,14819,17929,23216,1,11:28,2022,2023
2022-23,1630224,Jalen Green,Jalen,1610612745,HOU,Houston Rockets,22201171,2023-04-02T00:00:00,HOU vs. LAL,L,40.31666666666667,1.8,0.0,1.8,7.1,9.8,10.7,16.1,53.6,0.0,2.7,2.7,3.6,32.2,1,12947,12947,12947,556,11674,10381,9894,10969,9815,14918,20936,2402,7930,24289,12702,8116,12342,1,40:19,2022,2023
2022-23,1630227,Daishen Nix,Daishen,1610612745,HOU,Houston Rockets,22201155,2023-03-31T00:00:00,HOU vs. DET,W,6.15,0.0,0.0,0.0,11.7,11.7,23.4,0.0,70.2,0.0,0.0,0.0,5.9,8.8,1,1,1,1,23465,12084,10381,10252,5261,12627,24693,1,459,7930,1,1,3259,24280,1,6:09,2022,2023
2022-23,1630578,Alperen Sengun,Alperen,1610612745,HOU,Houston Rockets,22201155,2023-03-31T00:00:00,HOU vs. DET,W,34.9,6.2,6.2,0.0,8.3,6.2,8.3,7.2,49.5,0.0,1.0,5.2,6.2,38.3,1,1,1,1,3826,2845,2425,10252,9325,5325,11132,9755,3933,7930,18733,21069,2796,8152,1,34:54,2022,2023
2022-23,1631095,Jabari Smith Jr.,Jabari,1610612745,HOU,Houston Rockets,22201155,2023-03-31T00:00:00,HOU vs. DET,W,36.79166666666666,0.0,0.0,0.0,3.9,5.9,11.7,8.8,50.9,2.0,2.0,3.9,2.0,33.0,1,1,1,1,2331,12084,10381,10252,16271,4925,16458,12133,3339,3473,22701,17730,13766,11815,1,36:48,2022,2023
2022-23,1630528,Josh Christopher,Josh,1610612745,HOU,Houston Rockets,22201155,2023-03-31T00:00:00,HOU vs. DET,W,15.383333333333333,4.7,0.0,4.7,9.4,18.7,11.7,4.7,37.4,0.0,0.0,0.0,0.0,36.7,1,1,1,1,19190,4909,10381,3812,7908,20919,16403,6371,12750,7930,1,1,17929,9193,1,15:23,2022,2023
2022-23,1630224,Jalen Green,Jalen,1610612745,HOU,Houston Rockets,22201155,2023-03-31T00:00:00,HOU vs. DET,W,36.61666666666667,3.9,0.0,5.9,13.8,3.9,8.8,10.8,45.2,0.0,1.0,3.9,8.8,37.1,1,1,1,1,2440,6326,10381,2479,3588,3328,12044,15066,6249,7930,18298,17790,826,8962,1,36:37,2022,2023
2022-23,1631106,Tari Eason,Tari,1610612745,HOU,Houston Rockets,22201155,2023-03-31T00:00:00,HOU vs. DET,W,24.016666666666666,0.0,3.0,0.0,0.0,15.0,13.5,12.0,51.0,1.5,4.5,1.5,1.5,41.2,1,1,1,1,12881,12084,6922,10252,19499,16986,18814,16723,3313,4683,25466,7864,15411,6423,1,24:01,2022,2023
2022-23,1626246,Boban Marjanović,Boban,1610612745,HOU,Houston Rockets,22201155,2023-03-31T00:00:00,HOU vs. DET,W,7.925,0.0,0.0,0.0,0.0,9.1,13.6,18.2,36.3,0.0,0.0,0.0,4.5,14.5,1,1,1,1,22806,12084,10381,10252,19499,8787,18990,22348,13728,7930,1,1,5601,22809,1,7:56,2022,2023
2022-23,1630586,Usman Garuba,Usman,1610612745,HOU,Houston Rockets,22201155,2023-03-31T00:00:00,HOU vs. DET,W,5.0,0.0,0.0,0.0,0.0,14.4,14.4,0.0,28.8,0.0,0.0,14.4,0.0,0.0,1,1,1,1,23923,12084,10381,10252,19499,16246,19870,1,19883,7930,1,25594,17929,24963,1,5:00,2022,2023
2022-23,1630231,KJ Martin,KJ,1610612745,HOU,Houston Rockets,22201155,2023-03-31T00:00:00,HOU vs. DET,W,35.36666666666667,2.0,1.0,5.1,6.1,4.1,5.1,5.1,34.6,2.0,0.0,3.1,6.1,30.2,1,1,1,1,3456,10997,10332,3309,12551,3409,6542,6893,15242,3218,1,14428,2904,13798,1,35:22,2022,2023
2022-23,1629645,Kevin Porter Jr.,Kevin,1610612745,HOU,Houston Rockets,22201155,2023-03-31T00:00:00,HOU vs. DET,W,37.85,4.8,2.9,1.9,5.7,5.7,7.6,8.6,43.8,0.0,0.0,4.8,1.9,44.8,1,1,1,1,1604,4783,7245,9644,13291,4762,10124,11737,7301,7930,1,20134,13996,4619,1,37:51,2022,2023
2022-23,1630528,Josh Christopher,Josh,1610612745,HOU,Houston Rockets,22201137,2023-03-29T00:00:00,HOU @ BKN,L,17.25,8.3,0.0,0.0,25.0,8.3,8.3,4.2,37.6,0.0,2.1,0.0,2.1,45.9,1,12947,12947,12947,17955,1336,10381,10252,378,7839,11274,5747,12629,7930,23117,1,13182,4152,1,17:15,2022,2023
2022-23,1631095,Jabari Smith Jr.,Jabari,1610612745,HOU,Houston Rockets,22201137,2023-03-29T00:00:00,HOU @ BKN,L,39.9,0.0,3.6,4.5,5.4,8.1,4.5,9.0,36.1,0.0,0.9,2.7,1.8,28.3,1,12947,12947,12947,680,12084,5752,4037,13743,7556,5806,12470,13954,7930,17703,12814,14375,15181,1,39:54,2022,2023
2022-23,1630578,Alperen Sengun,Alperen,1610612745,HOU,Houston Rockets,22201137,2023-03-29T00:00:00,HOU @ BKN,L,33.31666666666667,0.0,9.7,0.0,21.6,7.6,5.4,10.8,32.4,1.1,1.1,3.2,4.3,45.8,1,12947,12947,12947,5200,12084,742,10252,699,6848,6979,15052,17150,6543,19150,15260,6093,4197,1,33:19,2022,2023
2022-23,1630231,KJ Martin,KJ,1610612745,HOU,Houston Rockets,22201137,2023-03-29T00:00:00,HOU @ BKN,L,33.75,6.4,2.1,2.1,6.4,9.6,9.6,12.8,34.1,0.0,3.2,2.1,1.1,26.6,1,12947,12947,12947,4826,2635,8960,8868,12083,9490,13207,17675,15648,7930,24865,10475,17305,16428,1,33:45,2022,2023
2022-23,1630586,Usman Garuba,Usman,1610612745,HOU,Houston Rockets,22201137,2023-03-29T00:00:00,HOU @ BKN,L,14.568333333333332,0.0,4.9,0.0,9.9,9.9,9.9,4.9,39.5,0.0,0.0,4.9,0.0,23.2,1,12947,12947,12947,19703,12084,3710,10252,7198,9891,13665,6690,10802,7930,1,20593,17929,18615,1,14:34,2022,2023
2022-23,1630227,Daishen Nix,Daishen,1610612745,HOU,Houston Rockets,22201137,2023-03-29T00:00:00,HOU @ BKN,L,6.966666666666667,0.0,0.0,0.0,0.0,10.3,20.7,10.3,20.7,5.2,0.0,5.2,0.0,26.9,1,12947,12947,12947,23147,12084,10381,10252,19499,10580,23920,14378,23782,468,1,21086,17929,16196,1,6:58,2022,2023
2022-23,1631106,Tari Eason,Tari,1610612745,HOU,Houston Rockets,22201137,2023-03-29T00:00:00,HOU @ BKN,L,22.35,0.0,0.0,0.0,0.0,6.4,6.4,3.2,32.2,0.0,1.6,1.6,1.6,12.4,1,12947,12947,12947,14145,12084,10381,10252,19499,5587,8436,4734,17325,7930,21680,8203,15043,23455,1,22:21,2022,2023
2022-23,1630224,Jalen Green,Jalen,1610612745,HOU,Houston Rockets,22201137,2023-03-29T00:00:00,HOU @ BKN,L,32.281666666666666,0.0,3.3,0.0,4.5,7.8,5.6,11.2,33.5,0.0,0.0,3.3,6.7,32.5,1,12947,12947,12947,6114,12084,6244,10252,15228,7153,7215,15548,16263,7930,1,15655,2221,12175,1,32:17,2022,2023
2022-23,1629645,Kevin Porter Jr.,Kevin,1610612745,HOU,Houston Rockets,22201137,2023-03-29T00:00:00,HOU @ BKN,L,39.61666666666667,1.8,0.0,1.8,7.3,8.2,4.5,9.1,36.3,0.0,1.8,2.7,2.7,53.4,1,12947,12947,12947,784,11617,10381,9839,10767,7620,5850,12565,13720,7930,22249,12894,10828,1924,1,39:37,2022,2023
2022-23,1630231,KJ Martin,KJ,1610612745,HOU,Houston Rockets,22201124,2023-03-27T00:00:00,HOU @ NYK,L,32.78333333333333,2.2,2.2,6.6,13.2,19.8,6.6,18.7,59.3,0.0,1.1,1.1,2.2,33.2,1,12947,12947,12947,5678,10491,8762,1934,4020,21630,8627,22629,1190,7930,19307,6264,12724,11660,1,32:47,2022,2023
2022-23,1631106,Tari Eason,Tari,1610612745,HOU,Houston Rockets,22201124,2023-03-27T00:00:00,HOU @ NYK,L,27.98333333333333,3.9,7.7,5.1,10.3,19.3,6.4,9.0,38.6,0.0,2.6,5.1,2.6,37.4,1,12947,12947,12947,9733,6493,1450,3246,6727,21330,8425,12442,11674,7930,24143,21042,11352,8703,1,27:59,2022,2023
2022-23,1626246,Boban Marjanović,Boban,1610612745,HOU,Houston Rockets,22201124,2023-03-27T00:00:00,HOU @ NYK,L,10.916666666666666,0.0,0.0,0.0,0.0,23.1,3.3,19.8,19.8,0.0,3.3,6.6,0.0,16.8,1,12947,12947,12947,21686,12084,10381,10252,19499,23371,4469,23206,23998,7930,24953,23285,17929,21967,1,10:55,2022,2023
2022-23,1630227,Daishen Nix,Daishen,1610612745,HOU,Houston Rockets,22201124,2023-03-27T00:00:00,HOU @ NYK,L,13.3,0.0,0.0,0.0,0.0,24.4,8.1,5.4,37.9,0.0,0.0,2.7,2.7,11.9,1,12947,12947,12947,20445,12084,10381,10252,19499,23813,10911,7319,12331,7930,1,12807,10889,23588,1,13:18,2022,2023
2022-23,1631095,Jabari Smith Jr.,Jabari,1610612745,HOU,Houston Rockets,22201124,2023-03-27T00:00:00,HOU @ NYK,L,29.746666666666663,2.4,0.0,2.4,7.3,8.5,6.1,14.5,46.0,1.2,1.2,2.4,1.2,51.1,1,12947,12947,12947,8333,9829,10381,8054,10778,8013,7882,19556,5780,5797,20071,11716,16616,2475,1,29:45,2022,2023
2022-23,1629645,Kevin Porter Jr.,Kevin,1610612745,HOU,Houston Rockets,22201124,2023-03-27T00:00:00,HOU @ NYK,L,34.7,5.2,0.0,2.1,8.3,12.4,5.2,16.6,49.8,1.0,0.0,3.1,5.2,34.2,1,12947,12947,12947,3991,4104,10381,9052,9267,13699,6666,21315,3815,6850,1,14690,4322,10855,1,34:42,2022,2023
2022-23,1630528,Josh Christopher,Josh,1610612745,HOU,Houston Rockets,22201124,2023-03-27T00:00:00,HOU @ NYK,L,13.3,5.4,0.0,5.4,32.5,18.9,8.1,5.4,43.3,0.0,0.0,5.4,0.0,38.4,1,12947,12947,12947,20445,3780,10381,2945,138,21079,10911,7319,7628,7930,1,21544,17929,8051,1,13:18,2022,2023
2022-23,1630586,Usman Garuba,Usman,1610612745,HOU,Houston Rockets,22201124,2023-03-27T00:00:00,HOU @ NYK,L,14.186666666666667,0.0,0.0,0.0,5.1,5.1,2.5,0.0,35.5,2.5,2.5,2.5,0.0,27.2,1,12947,12947,12947,19934,12084,10381,10252,14224,4175,3854,1,14478,2200,24096,12151,17929,16009,1,14:11,2022,2023
2022-23,1630224,Jalen Green,Jalen,1610612745,HOU,Houston Rockets,22201124,2023-03-27T00:00:00,HOU @ NYK,L,34.7,2.1,0.0,0.0,2.1,14.5,5.2,16.6,47.7,0.0,1.0,0.0,7.3,30.7,1,12947,12947,12947,3991,10877,10381,10252,19167,16406,6666,21315,4826,7930,18783,1,1710,13424,1,34:42,2022,2023
2022-23,1630578,Alperen Sengun,Alperen,1610612745,HOU,Houston Rockets,22201124,2023-03-27T00:00:00,HOU @ NYK,L,28.383333333333333,0.0,0.0,0.0,10.1,17.8,7.6,15.2,55.8,1.3,1.3,2.5,2.5,20.9,1,12947,12947,12947,9405,12084,10381,10252,6902,20076,10126,20243,1814,5534,20411,12148,11459,19948,1,28:23,2022,2023
2022-23,1630224,Jalen Green,Jalen,1610612745,HOU,Houston Rockets,22201117,2023-03-26T00:00:00,HOU @ CLE,L,35.266666666666666,0.0,2.0,0.0,6.1,14.3,7.1,10.2,40.8,0.0,0.0,1.0,4.1,40.0,1,12947,12947,12947,3537,12084,9280,10252,12526,16115,9411,14189,9683,7930,1,5858,6687,7096,1,35:16,2022,2023
2022-23,1630227,Daishen Nix,Daishen,1610612745,HOU,Houston Rockets,22201117,2023-03-26T00:00:00,HOU @ CLE,L,18.295,0.0,0.0,3.9,3.9,19.7,7.9,3.9,35.4,0.0,0.0,0.0,2.0,13.0,1,12947,12947,12947,17195,12084,10381,4987,16237,21580,10519,5468,14576,7930,1,1,13733,23280,1,18:18,2022,2023
2022-23,1630578,Alperen Sengun,Alperen,1610612745,HOU,Houston Rockets,22201117,2023-03-26T00:00:00,HOU @ CLE,L,32.98833333333334,4.4,2.2,2.2,13.1,17.5,9.8,8.7,43.7,1.1,3.3,4.4,4.4,32.3,1,12947,12947,12947,5499,5467,8809,8712,4073,19805,13571,12015,7370,6472,24936,19110,5995,12287,1,32:59,2022,2023
2022-23,1629645,Kevin Porter Jr.,Kevin,1610612745,HOU,Houston Rockets,22201117,2023-03-26T00:00:00,HOU @ CLE,L,36.71666666666667,0.0,0.0,0.0,2.0,17.6,14.7,7.8,43.1,0.0,2.0,2.0,2.0,16.3,1,12947,12947,12947,2374,12084,10381,10252,19298,19989,20195,10635,7746,7930,22717,9548,13752,22194,1,36:43,2022,2023
2022-23,1631106,Tari Eason,Tari,1610612745,HOU,Houston Rockets,22201117,2023-03-26T00:00:00,HOU @ CLE,L,30.116666666666667,0.0,2.4,2.4,9.6,14.3,12.0,2.4,31.1,0.0,1.2,6.0,1.2,22.2,1,12947,12947,12947,8020,12084,8231,8135,7639,16186,16759,4092,18218,7930,19976,22470,16688,19194,1,30:07,2022,2023
2022-23,1630528,Josh Christopher,Josh,1610612745,HOU,Houston Rockets,22201117,2023-03-26T00:00:00,HOU @ CLE,L,6.466666666666667,0.0,0.0,0.0,0.0,16.7,22.3,0.0,33.4,0.0,0.0,0.0,0.0,11.1,1,12947,12947,12947,23341,12084,10381,10252,19499,19026,24395,1,16309,7930,1,1,17929,23799,1,6:28,2022,2023
2022-23,1630586,Usman Garuba,Usman,1610612745,HOU,Houston Rockets,22201117,2023-03-26T00:00:00,HOU @ CLE,L,15.011666666666668,4.8,0.0,0.0,0.0,12.0,14.4,4.8,33.6,0.0,2.4,7.2,2.4,34.8,1,12947,12947,12947,19441,4722,10381,10252,19499,13053,19861,6513,16165,7930,23887,23839,11929,10484,1,15:01,2022,2023
2022-23,1630231,KJ Martin,KJ,1610612745,HOU,Houston Rockets,22201117,2023-03-26T00:00:00,HOU @ CLE,L,30.766666666666666,5.9,4.7,4.7,11.7,15.2,10.5,11.7,49.1,0.0,0.0,4.7,1.2,20.8,1,12947,12947,12947,7477,3224,4077,3812,5273,17283,14620,16325,4132,7930,1,19970,16820,20007,1,30:46,2022,2023
2022-23,1626163,Frank Kaminsky,Frank,1610612745,HOU,Houston Rockets,22201117,2023-03-26T00:00:00,HOU @ CLE,L,2.35,0.0,0.0,0.0,0.0,46.0,0.0,0.0,0.0,0.0,0.0,0.0,0.0,0.0,1,12947,12947,12947,25126,12084,10381,10252,19499,25656,1,1,25269,7930,1,1,17929,24963,1,2:21,2022,2023
2022-23,1631095,Jabari Smith Jr.,Jabari,1610612745,HOU,Houston Rockets,22201117,2023-03-26T00:00:00,HOU @ CLE,L,32.02166666666667,2.2,2.2,0.0,4.5,12.4,12.4,9.0,45.0,0.0,0.0,3.4,2.2,27.3,1,12947,12947,12947,6363,10323,8610,10252,15152,13575,17323,12418,6421,7930,1,15772,12522,15910,1,32:01,2022,2023
2022-23,1629645,Kevin Porter Jr.,Kevin,1610612745,HOU,Houston Rockets,22201100,2023-03-24T00:00:00,HOU @ MEM,L,29.316666666666663,2.5,0.0,3.7,12.3,13.5,11.1,30.7,39.3,0.0,2.5,1.2,6.1,50.0,1,12947,12947,12947,8701,9720,10381,5435,4756,15110,15428,25354,11017,7930,23984,6906,2863,2780,1,29:19,2022,2023
2022-23,1626246,Boban Marjanović,Boban,1610612745,HOU,Houston Rockets,22201100,2023-03-24T00:00:00,HOU @ MEM,L,10.4,0.0,13.8,0.0,13.8,17.3,17.3,6.9,34.6,0.0,0.0,3.5,0.0,31.2,1,12947,12947,12947,21895,12084,252,10252,3523,19641,22285,9317,15237,7930,1,16108,17929,13110,1,10:24,2022,2023
2022-23,1630227,Daishen Nix,Daishen,1610612745,HOU,Houston Rockets,22201100,2023-03-24T00:00:00,HOU @ MEM,L,20.03333333333333,3.6,0.0,9.0,3.6,19.8,12.6,14.4,61.1,0.0,0.0,1.8,3.6,26.8,1,12947,12947,12947,15925,7043,10381,827,16818,21632,17606,19412,973,7930,1,8767,8055,16268,1,20:02,2022,2023
2022-23,1630586,Usman Garuba,Usman,1610612745,HOU,Houston Rockets,22201100,2023-03-24T00:00:00,HOU @ MEM,L,19.45,3.7,3.7,3.7,3.7,20.4,13.0,14.8,62.9,0.0,0.0,5.6,0.0,8.5,1,12947,12947,12947,16344,6808,5608,5403,16654,22040,18151,19836,809,7930,1,21796,17929,24323,1,19:27,2022,2023
2022-23,1630231,KJ Martin,KJ,1610612745,HOU,Houston Rockets,22201100,2023-03-24T00:00:00,HOU @ MEM,L,30.246666666666663,2.4,0.0,4.8,9.5,15.5,8.3,25.0,45.2,1.2,1.2,3.6,2.4,22.1,1,12947,12947,12947,7921,9943,10381,3708,7695,17606,11246,24697,6247,5895,19951,16511,12000,19251,1,30:15,2022,2023
2022-23,1631106,Tari Eason,Tari,1610612745,HOU,Houston Rockets,22201100,2023-03-24T00:00:00,HOU @ MEM,L,29.183333333333334,3.7,0.0,9.9,19.7,13.6,8.6,19.7,51.8,0.0,1.2,0.0,3.7,39.8,1,12947,12947,12947,8804,6815,10381,595,1049,15182,11708,23185,3007,7930,20224,1,7757,7188,1,29:11,2022,2023
2022-23,1631095,Jabari Smith Jr.,Jabari,1610612745,HOU,Houston Rockets,22201100,2023-03-24T00:00:00,HOU @ MEM,L,29.42,2.4,0.0,7.3,12.2,13.5,11.0,33.0,46.5,1.2,2.4,2.4,0.0,39.9,1,12947,12947,12947,8609,9748,10381,1488,4801,15053,15364,25492,5499,5720,23962,11822,17929,7165,1,29:25,2022,2023
2022-23,1630578,Alperen Sengun,Alperen,1610612745,HOU,Houston Rockets,22201100,2023-03-24T00:00:00,HOU @ MEM,L,25.3,0.0,0.0,0.0,8.5,12.8,10.0,35.6,34.2,0.0,0.0,4.3,5.7,24.2,1,12947,12947,12947,11879,12084,10381,10252,8949,14181,13771,25581,15637,7930,1,18843,3475,18029,1,25:18,2022,2023
2022-23,1630528,Josh Christopher,Josh,1610612745,HOU,Houston Rockets,22201100,2023-03-24T00:00:00,HOU @ MEM,L,16.433333333333334,0.0,0.0,0.0,8.8,11.0,11.0,8.8,57.0,2.2,0.0,0.0,2.2,38.3,1,12947,12947,12947,18501,12084,10381,10252,8660,11490,15279,12074,1583,2851,1,1,12741,8101,1,16:26,2022,2023
2022-23,1630224,Jalen Green,Jalen,1610612745,HOU,Houston Rockets,22201100,2023-03-24T00:00:00,HOU @ MEM,L,30.216666666666665,2.4,2.4,4.8,11.9,15.5,8.3,34.6,38.1,0.0,1.2,0.0,2.4,29.7,1,12947,12947,12947,7937,9936,8252,3702,5069,17636,11259,25550,12119,7930,19956,1,11994,14210,1,30:13,2022,2023
2022-23,1630227,Daishen Nix,Daishen,1610612745,HOU,Houston Rockets,22201088,2023-03-22T00:00:00,HOU @ MEM,L,14.448333333333334,0.0,0.0,0.0,0.0,5.0,0.0,17.4,49.8,0.0,0.0,2.5,2.5,-0.2,1,12947,12947,12947,19792,12084,10381,10252,19499,4098,1,21905,3792,7930,1,11996,11599,25756,1,14:27,2022,2023
2022-23,1629645,Kevin Porter Jr.,Kevin,1610612745,HOU,Houston Rockets,22201088,2023-03-22T00:00:00,HOU @ MEM,L,34.3,0.0,0.0,0.0,2.1,23.1,15.7,11.5,48.3,0.0,2.1,1.0,2.1,43.0,1,12947,12947,12947,4346,12084,10381,10252,19118,23373,21186,16110,4538,7930,23156,6012,13134,5521,1,34:18,2022,2023
2022-23,1631095,Jabari Smith Jr.,Jabari,1610612745,HOU,Houston Rockets,22201088,2023-03-22T00:00:00,HOU @ MEM,L,31.301666666666662,0.0,0.0,0.0,0.0,25.3,17.3,12.7,52.9,0.0,0.0,4.6,0.0,27.6,1,12947,12947,12947,6997,12084,10381,10252,19499,24069,22257,17523,2603,7930,1,19764,17929,15698,1,31:18,2022,2023
2022-23,1630231,KJ Martin,KJ,1610612745,HOU,Houston Rockets,22201088,2023-03-22T00:00:00,HOU @ MEM,L,38.765,1.9,3.7,8.4,18.6,14.9,11.1,13.9,50.1,1.9,0.0,0.9,5.6,41.0,1,12947,12947,12947,1122,11538,5592,1027,1318,16826,15573,18924,3661,3749,1,5380,3666,6508,1,38:46,2022,2023
2022-23,1630224,Jalen Green,Jalen,1610612745,HOU,Houston Rockets,22201088,2023-03-22T00:00:00,HOU @ MEM,L,37.21833333333333,6.8,0.0,3.9,11.6,18.4,14.5,9.7,54.2,0.0,0.0,1.0,4.8,38.8,1,12947,12947,12947,2026,2329,10381,5112,5362,20633,19981,13390,2234,7930,1,5573,5009,7839,1,37:13,2022,2023
2022-23,1631106,Tari Eason,Tari,1610612745,HOU,Houston Rockets,22201088,2023-03-22T00:00:00,HOU @ MEM,L,27.366666666666667,0.0,2.6,0.0,0.0,15.8,3.9,13.2,47.4,0.0,2.6,6.6,0.0,20.5,1,12947,12947,12947,10290,12084,7701,10252,19499,17972,5146,18081,5028,7930,24232,23256,17929,20166,1,27:22,2022,2023
2022-23,1630528,Josh Christopher,Josh,1610612745,HOU,Houston Rockets,22201088,2023-03-22T00:00:00,HOU @ MEM,L,10.033333333333331,7.2,7.2,0.0,7.2,17.9,0.0,28.7,35.9,0.0,0.0,0.0,0.0,39.5,1,12947,12947,12947,22048,2007,1712,10252,10912,20229,1,25197,14137,7930,1,1,17929,7398,1,10:02,2022,2023
2022-23,1630586,Usman Garuba,Usman,1610612745,HOU,Houston Rockets,22201088,2023-03-22T00:00:00,HOU @ MEM,L,14.531666666666666,0.0,0.0,0.0,0.0,24.8,7.4,17.3,54.5,2.5,0.0,14.9,2.5,36.4,1,12947,12947,12947,19728,12084,10381,10252,19499,23929,9839,21848,2143,2294,1,25619,11646,9414,1,14:32,2022,2023
2022-23,1630578,Alperen Sengun,Alperen,1610612745,HOU,Houston Rockets,22201088,2023-03-22T00:00:00,HOU @ MEM,L,32.035,3.4,4.5,7.9,24.7,13.5,13.5,12.4,45.0,0.0,0.0,6.7,6.7,49.0,1,12947,12947,12947,6341,7530,4358,1214,399,15077,18803,17198,6434,7930,1,23436,2164,3100,1,32:02,2022,2023
2022-23,1630586,Usman Garuba,Usman,1610612745,HOU,Houston Rockets,22201074,2023-03-20T00:00:00,HOU vs. GSW,L,18.98333333333333,5.7,3.8,0.0,7.6,22.8,13.3,20.9,37.9,0.0,0.0,1.9,0.0,20.1,1,12947,12947,12947,16716,3408,5475,10252,10275,23261,18565,23646,12300,7930,1,9175,17929,20407,1,18:59,2022,2023
2022-23,1630231,KJ Martin,KJ,1610612745,HOU,Houston Rockets,22201074,2023-03-20T00:00:00,HOU vs. GSW,L,32.53333333333333,2.2,0.0,6.6,11.1,19.9,12.2,19.9,35.4,0.0,0.0,0.0,2.2,26.7,1,12947,12947,12947,5892,10428,10381,1897,5887,21728,17049,23264,14579,7930,1,1,12662,16340,1,32:32,2022,2023
2022-23,1631095,Jabari Smith Jr.,Jabari,1610612745,HOU,Houston Rockets,22201074,2023-03-20T00:00:00,HOU vs. GSW,L,38.93333333333333,0.0,6.5,1.8,7.4,14.8,7.4,19.4,38.8,0.9,0.9,1.8,1.8,36.2,1,12947,12947,12947,1049,12084,2208,9787,10581,16760,9798,23025,11457,7621,17823,8960,14221,9523,1,38:56,2022,2023
2022-23,1630227,Daishen Nix,Daishen,1610612745,HOU,Houston Rockets,22201074,2023-03-20T00:00:00,HOU vs. GSW,L,17.066666666666666,0.0,0.0,0.0,0.0,16.9,4.2,21.1,38.0,0.0,2.1,0.0,0.0,8.9,1,12947,12947,12947,18078,12084,10381,10252,19499,19201,5479,23736,12272,7930,23192,1,17929,24264,1,17:04,2022,2023
2022-23,1630528,Josh Christopher,Josh,1610612745,HOU,Houston Rockets,22201074,2023-03-20T00:00:00,HOU vs. GSW,L,22.28333333333333,9.7,6.5,6.5,9.7,22.6,11.3,19.4,38.8,0.0,1.6,4.8,3.2,35.7,1,12947,12947,12947,14199,860,2215,2010,7451,23202,15825,23006,11508,7930,21698,20354,9109,9866,1,22:17,2022,2023
2022-23,1630224,Jalen Green,Jalen,1610612745,HOU,Houston Rockets,22201074,2023-03-20T00:00:00,HOU vs. GSW,L,40.95,3.5,2.6,1.8,7.0,18.5,8.8,22.9,40.4,0.9,0.9,4.4,2.6,24.3,1,12947,12947,12947,428,7211,7680,9925,11123,20700,11950,24258,10019,7794,17627,19201,11124,17978,1,40:57,2022,2023
2022-23,1629645,Kevin Porter Jr.,Kevin,1610612745,HOU,Houston Rockets,22201074,2023-03-20T00:00:00,HOU vs. GSW,L,38.266666666666666,0.0,0.0,2.8,1.9,20.7,10.3,18.8,33.9,0.0,0.0,0.9,1.9,32.5,1,12947,12947,12947,1367,12084,10381,7171,19389,22254,14351,22702,15888,7930,1,5433,14098,12166,1,38:16,2022,2023
2022-23,1631106,Tari Eason,Tari,1610612745,HOU,Houston Rockets,22201074,2023-03-20T00:00:00,HOU vs. GSW,L,30.98333333333333,11.6,3.5,9.3,18.6,22.1,10.5,25.6,37.2,0.0,2.3,2.3,3.5,54.5,1,12947,12947,12947,7290,476,5968,725,1314,22957,14517,24796,12978,7930,23735,11348,8346,1715,1,30:59,2022,2023
2022-23,1629645,Kevin Porter Jr.,Kevin,1610612745,HOU,Houston Rockets,22201067,2023-03-19T00:00:00,HOU vs. NOP,L,40.23333333333333,2.7,2.7,0.0,5.4,11.6,9.8,10.7,42.9,0.0,0.0,0.9,4.5,31.3,1,12947,12947,12947,586,9149,7600,10252,13806,12519,13606,14957,7916,7930,1,5279,5747,12992,1,40:14,2022,2023
2022-23,1631106,Tari Eason,Tari,1610612745,HOU,Houston Rockets,22201067,2023-03-19T00:00:00,HOU vs. NOP,L,22.28333333333333,3.2,9.7,3.2,6.5,11.3,3.2,14.5,32.3,1.6,0.0,3.2,4.8,27.5,1,12947,12947,12947,14199,7856,749,6295,11993,11999,4404,19576,17242,4343,1,15212,4989,15801,1,22:17,2022,2023
2022-23,1631095,Jabari Smith Jr.,Jabari,1610612745,HOU,Houston Rockets,22201067,2023-03-19T00:00:00,HOU vs. NOP,L,38.14333333333333,0.0,0.0,0.0,1.9,6.6,8.5,11.3,41.5,0.0,2.8,1.9,2.8,12.1,1,12947,12947,12947,1439,12084,10381,10252,19382,5781,11500,15787,9074,7930,24458,9137,10477,23547,1,38:09,2022,2023
2022-23,1630528,Josh Christopher,Josh,1610612745,HOU,Houston Rockets,22201067,2023-03-19T00:00:00,HOU vs. NOP,L,8.116666666666667,0.0,0.0,0.0,8.9,4.4,0.0,31.0,35.5,0.0,0.0,4.4,0.0,17.7,1,12947,12947,12947,22742,12084,10381,10252,8518,3656,1,25381,14519,7930,1,19302,17929,21570,1,8:07,2022,2023
2022-23,1630231,KJ Martin,KJ,1610612745,HOU,Houston Rockets,22201067,2023-03-19T00:00:00,HOU vs. NOP,L,27.98333333333333,2.6,0.0,2.6,2.6,9.0,11.6,10.3,43.7,0.0,0.0,3.9,0.0,16.7,1,12947,12947,12947,9733,9428,10381,7710,18319,8665,16215,14327,7310,7930,1,17531,17929,21999,1,27:59,2022,2023
2022-23,1630256,Jae'Sean Tate,Jae'Sean,1610612745,HOU,Houston Rockets,22201067,2023-03-19T00:00:00,HOU vs. NOP,L,22.05,0.0,0.0,0.0,3.3,14.7,3.3,16.3,26.1,0.0,0.0,6.5,0.0,21.6,1,12947,12947,12947,14400,12084,10381,10252,17275,16634,4440,21126,21594,7930,1,23211,17929,19589,1,22:03,2022,2023
2022-23,1630224,Jalen Green,Jalen,1610612745,HOU,Houston Rockets,22201067,2023-03-19T00:00:00,HOU vs. NOP,L,39.306666666666665,6.4,1.8,1.8,9.2,11.9,10.1,9.2,38.5,0.0,0.0,1.8,5.5,43.3,1,12947,12947,12947,900,2629,9901,9815,8161,12926,13958,12672,11793,7930,1,8903,3783,5370,1,39:18,2022,2023
2022-23,1630586,Usman Garuba,Usman,1610612745,HOU,Houston Rockets,22201067,2023-03-19T00:00:00,HOU vs. NOP,L,10.765,0.0,3.3,0.0,0.0,13.4,0.0,16.7,33.4,0.0,0.0,3.3,3.3,13.4,1,12947,12947,12947,21748,12084,6247,10252,19499,14930,1,21399,16277,7930,1,15649,8782,23169,1,10:46,2022,2023
2022-23,1630578,Alperen Sengun,Alperen,1610612745,HOU,Houston Rockets,22201067,2023-03-19T00:00:00,HOU vs. NOP,L,31.11833333333333,3.5,2.3,0.0,6.9,10.4,12.7,13.9,44.0,1.2,1.2,6.9,5.8,37.5,1,12947,12947,12947,7167,7309,8434,10252,11252,10703,17817,18871,7132,6053,19717,23612,3348,8666,1,31:07,2022,2023
2022-23,1631095,Jabari Smith Jr.,Jabari,1610612745,HOU,Houston Rockets,22201051,2023-03-17T00:00:00,HOU vs. NOP,W,28.95,0.0,2.5,0.0,7.5,18.7,5.0,27.4,37.3,1.2,0.0,5.0,0.0,32.5,1,1,1,1,8982,12084,8002,10252,10474,20852,6386,25068,12878,5639,1,20667,17929,12168,1,28:57,2022,2023
2022-23,1630528,Josh Christopher,Josh,1610612745,HOU,Houston Rockets,22201051,2023-03-17T00:00:00,HOU vs. NOP,W,11.966666666666669,0.0,0.0,0.0,12.0,27.1,0.0,18.1,42.1,0.0,0.0,3.0,3.0,19.6,1,1,1,1,21223,12084,10381,10252,4955,24495,1,22274,8569,7930,1,14195,9821,20693,1,11:58,2022,2023
2022-23,1626246,Boban Marjanović,Boban,1610612745,HOU,Houston Rockets,22201051,2023-03-17T00:00:00,HOU vs. NOP,W,2.2066666666666666,0.0,0.0,0.0,0.0,81.6,0.0,65.3,65.3,0.0,0.0,0.0,16.3,19.6,1,1,1,1,25179,12084,10381,10252,19499,25838,1,25842,663,7930,1,1,77,20680,1,2:12,2022,2023
2022-23,1630231,KJ Martin,KJ,1610612745,HOU,Houston Rockets,22201051,2023-03-17T00:00:00,HOU vs. NOP,W,30.29,0.0,4.8,2.4,7.1,17.8,9.5,26.1,40.4,0.0,0.0,0.0,4.8,25.2,1,1,1,1,7876,12084,3973,8179,10994,20132,13063,24903,10044,7930,1,1,5163,17352,1,30:17,2022,2023
2022-23,1631106,Tari Eason,Tari,1610612745,HOU,Houston Rockets,22201051,2023-03-17T00:00:00,HOU vs. NOP,W,22.03333333333333,3.3,11.4,3.3,9.8,11.4,0.0,6.5,26.1,1.6,0.0,3.3,0.0,37.6,1,1,1,1,14413,7755,455,6226,7298,12223,1,8786,21581,4292,1,15384,17929,8602,1,22:02,2022,2023
2022-23,1630586,Usman Garuba,Usman,1610612745,HOU,Houston Rockets,22201051,2023-03-17T00:00:00,HOU vs. NOP,W,7.488333333333333,0.0,0.0,0.0,0.0,24.0,0.0,9.6,28.8,0.0,4.8,9.6,0.0,27.9,1,1,1,1,22950,12084,10381,10252,19499,23708,1,13311,19864,7930,25533,24964,17929,15517,1,7:29,2022,2023
2022-23,1630578,Alperen Sengun,Alperen,1610612745,HOU,Houston Rockets,22201051,2023-03-17T00:00:00,HOU vs. NOP,W,36.388333333333335,6.9,0.0,4.0,13.9,11.9,7.9,19.8,33.6,0.0,2.0,4.9,0.0,35.3,1,1,1,1,2641,2201,10381,4936,3521,12872,10586,23209,16111,7930,22761,20603,17929,10121,1,36:23,2022,2023
2022-23,1630256,Jae'Sean Tate,Jae'Sean,1610612745,HOU,Houston Rockets,22201051,2023-03-17T00:00:00,HOU vs. NOP,W,21.28333333333333,1.7,1.7,10.1,10.1,23.7,6.8,13.5,33.8,1.7,0.0,1.7,5.1,50.2,1,1,1,1,14983,11763,10087,552,6899,23597,8884,18495,15923,4158,1,8438,4526,2713,1,21:17,2022,2023
2022-23,1629645,Kevin Porter Jr.,Kevin,1610612745,HOU,Houston Rockets,22201051,2023-03-17T00:00:00,HOU vs. NOP,W,38.98333333333333,5.5,0.0,2.8,1.8,12.0,7.4,18.5,33.2,0.0,0.0,0.9,1.8,34.0,1,1,1,1,1027,3608,10381,7281,19416,13074,9788,22517,16431,7930,1,5364,14228,11033,1,38:59,2022,2023
2022-23,1630224,Jalen Green,Jalen,1610612745,HOU,Houston Rockets,22201051,2023-03-17T00:00:00,HOU vs. NOP,W,40.41,1.8,3.6,1.8,14.3,13.4,7.1,19.6,32.1,0.0,1.8,2.7,5.3,39.6,1,1,1,1,526,11684,5834,9902,3228,14911,9375,23116,17440,7930,22143,12681,4030,7345,1,40:25,2022,2023
2022-23,1631095,Jabari Smith Jr.,Jabari,1610612745,HOU,Houston Rockets,22201038,2023-03-15T00:00:00,HOU vs. LAL,W,36.53333333333333,0.0,2.0,3.0,7.9,12.8,9.9,14.8,31.5,1.0,0.0,4.9,5.9,27.3,1,1,1,1,2520,12084,9503,6839,9829,14187,13620,19803,17864,7227,1,20558,3163,15924,1,36:32,2022,2023
2022-23,1629645,Kevin Porter Jr.,Kevin,1610612745,HOU,Houston Rockets,22201038,2023-03-15T00:00:00,HOU vs. LAL,W,39.06666666666667,3.7,5.5,0.0,16.6,12.0,7.4,12.9,31.3,0.0,0.9,3.7,3.7,43.1,1,1,1,1,988,6843,3043,10252,2032,13032,9750,17792,18036,7930,17804,16934,7786,5470,1,39:04,2022,2023
2022-23,1630528,Josh Christopher,Josh,1610612745,HOU,Houston Rockets,22201038,2023-03-15T00:00:00,HOU vs. LAL,W,13.216666666666669,0.0,0.0,5.4,16.3,16.3,5.4,16.3,38.1,0.0,0.0,5.4,0.0,43.9,1,1,1,1,20485,12084,10381,2913,2146,18620,7037,21141,12104,7930,1,21603,17929,5097,1,13:13,2022,2023
2022-23,1630224,Jalen Green,Jalen,1610612745,HOU,Houston Rockets,22201038,2023-03-15T00:00:00,HOU vs. LAL,W,37.9,0.0,1.9,1.9,3.8,8.5,9.5,16.1,34.2,0.0,0.0,2.8,1.9,18.7,1,1,1,1,1571,12084,9737,9651,16466,8110,13048,20982,15599,7930,1,13463,14005,21111,1,37:54,2022,2023
2022-23,1630586,Usman Garuba,Usman,1610612745,HOU,Houston Rockets,22201038,2023-03-15T00:00:00,HOU vs. LAL,W,10.033333333333331,0.0,0.0,0.0,7.2,7.2,0.0,10.8,35.9,0.0,0.0,3.6,0.0,11.5,1,1,1,1,22048,12084,10381,10252,10912,6410,1,14994,14137,7930,1,16581,17929,23717,1,10:02,2022,2023
2022-23,1631106,Tari Eason,Tari,1610612745,HOU,Houston Rockets,22201038,2023-03-15T00:00:00,HOU vs. LAL,W,18.4,0.0,3.9,0.0,3.9,15.7,3.9,9.8,47.0,0.0,2.0,3.9,0.0,21.5,1,1,1,1,17127,12084,5244,10252,16272,17816,5099,13559,5250,7930,22699,17727,17929,19611,1,18:24,2022,2023
2022-23,1630256,Jae'Sean Tate,Jae'Sean,1610612745,HOU,Houston Rockets,22201038,2023-03-15T00:00:00,HOU vs. LAL,W,20.85,0.0,3.5,0.0,20.7,5.2,3.5,13.8,34.5,0.0,0.0,8.6,1.7,37.6,1,1,1,1,15307,12084,6029,10252,846,4278,4612,18799,15308,7930,1,24595,14645,8562,1,20:51,2022,2023
2022-23,1630231,KJ Martin,KJ,1610612745,HOU,Houston Rockets,22201038,2023-03-15T00:00:00,HOU vs. LAL,W,32.96666666666667,4.4,4.4,0.0,15.3,15.3,8.7,16.4,37.1,0.0,0.0,3.3,2.2,31.8,1,1,1,1,5513,5459,4545,10252,2684,17387,11860,21171,13018,7930,1,15411,12771,12652,1,32:58,2022,2023
2022-23,1630578,Alperen Sengun,Alperen,1610612745,HOU,Houston Rockets,22201038,2023-03-15T00:00:00,HOU vs. LAL,W,31.03333333333333,0.0,2.3,0.0,13.9,8.1,9.3,19.7,30.2,2.3,1.2,4.6,2.3,46.2,1,1,1,1,7245,12084,8417,10252,3457,7550,12714,23175,18938,2560,19741,19867,12234,4043,1,31:02,2022,2023
2022-23,1630231,KJ Martin,KJ,1610612745,HOU,Houston Rockets,22201024,2023-03-13T00:00:00,HOU vs. BOS,W,39.83,5.4,7.2,3.6,12.7,9.9,9.0,8.1,36.2,0.0,0.0,1.8,3.6,29.9,1,1,1,1,706,3767,1688,5580,4447,9976,12357,11071,13892,7930,1,8815,7971,14027,1,39:50,2022,2023
2022-23,1629645,Kevin Porter Jr.,Kevin,1610612745,HOU,Houston Rockets,22201024,2023-03-13T00:00:00,HOU vs. BOS,W,38.333333333333336,1.9,0.0,0.0,7.5,11.3,7.5,6.6,39.4,0.0,0.9,1.9,2.8,45.7,1,1,1,1,1330,11486,10381,10252,10395,11940,9971,8853,10905,7930,17916,9092,10531,4233,1,38:20,2022,2023
2022-23,1631095,Jabari Smith Jr.,Jabari,1610612745,HOU,Houston Rockets,22201024,2023-03-13T00:00:00,HOU vs. BOS,W,35.82,5.0,5.0,2.0,6.0,14.1,6.0,7.0,42.2,1.0,0.0,2.0,1.0,46.9,1,1,1,1,3056,4356,3618,9308,12693,15823,7844,9479,8488,7088,1,9812,17564,3796,1,35:49,2022,2023
2022-23,1630224,Jalen Green,Jalen,1610612745,HOU,Houston Rockets,22201024,2023-03-13T00:00:00,HOU vs. BOS,W,40.46666666666667,6.2,0.0,2.7,10.7,14.2,5.3,8.0,37.4,0.0,3.6,3.6,8.9,39.1,1,1,1,1,509,2805,10381,7491,6294,16040,6873,10876,12820,7930,25130,16458,808,7666,1,40:28,2022,2023
2022-23,1631106,Tari Eason,Tari,1610612745,HOU,Houston Rockets,22201024,2023-03-13T00:00:00,HOU vs. BOS,W,34.51,2.1,2.1,2.1,6.3,14.6,6.3,5.2,41.7,1.0,0.0,2.1,1.0,22.7,1,1,1,1,4163,10837,9128,9019,12298,16516,8208,7048,8888,6811,1,10209,17420,18892,1,34:31,2022,2023
2022-23,1630586,Usman Garuba,Usman,1610612745,HOU,Houston Rockets,22201024,2023-03-13T00:00:00,HOU vs. BOS,W,12.18,0.0,0.0,0.0,0.0,5.9,11.8,5.9,23.6,0.0,0.0,5.9,3.0,45.2,1,1,1,1,21066,12084,10381,10252,19499,4973,16553,7996,22760,7930,1,22378,10032,4451,1,12:11,2022,2023
2022-23,1631102,TyTy Washington Jr.,TyTy,1610612745,HOU,Houston Rockets,22201024,2023-03-13T00:00:00,HOU vs. BOS,W,11.333333333333334,0.0,0.0,0.0,0.0,6.4,12.7,6.4,25.4,0.0,0.0,0.0,0.0,3.8,1,1,1,1,21521,12084,10381,10252,19499,5485,17783,8555,21979,7930,1,1,17929,24819,1,11:20,2022,2023
2022-23,1626163,Frank Kaminsky,Frank,1610612745,HOU,Houston Rockets,22201024,2023-03-13T00:00:00,HOU vs. BOS,W,0.015,0.0,0.0,0.0,0.0,0.0,0.0,0.0,0.0,0.0,0.0,0.0,0.0,0.0,1,1,1,1,25890,12084,10381,10252,19499,1,1,1,25269,7930,1,1,17929,24963,1,0:01,2022,2023
2022-23,1630528,Josh Christopher,Josh,1610612745,HOU,Houston Rockets,22201024,2023-03-13T00:00:00,HOU vs. BOS,W,3.4,0.0,0.0,0.0,21.2,0.0,21.2,0.0,63.5,0.0,0.0,10.6,0.0,21.2,1,1,1,1,24640,12084,10381,10252,773,1,24103,1,774,7930,1,25190,17929,19821,1,3:24,2022,2023
2022-23,1630256,Jae'Sean Tate,Jae'Sean,1610612745,HOU,Houston Rockets,22201024,2023-03-13T00:00:00,HOU vs. BOS,W,24.111666666666668,0.0,3.0,0.0,11.9,13.4,6.0,6.0,32.8,0.0,0.0,9.0,3.0,29.0,1,1,1,1,12806,12084,6950,10252,5034,15018,7749,8075,16778,7930,1,24734,9917,14726,1,24:07,2022,2023
2022-23,1630578,Alperen Sengun,Alperen,1610612745,HOU,Houston Rockets,22201009,2023-03-11T00:00:00,HOU vs. CHI,L,33.3,4.3,0.0,0.0,8.6,18.4,13.0,13.0,30.3,1.1,0.0,1.1,3.2,36.2,1,12947,12947,12947,5216,5553,10381,10252,8822,20634,18178,17875,18859,6538,1,6178,9072,9544,1,33:18,2022,2023
2022-23,1630586,Usman Garuba,Usman,1610612745,HOU,Houston Rockets,22201009,2023-03-11T00:00:00,HOU vs. CHI,L,12.01,0.0,0.0,0.0,0.0,18.0,12.0,6.0,54.0,0.0,0.0,6.0,3.0,8.1,1,12947,12947,12947,21147,12084,10381,10252,19499,20272,16802,8098,2299,7930,1,22495,9878,24391,1,12:01,2022,2023
2022-23,1630256,Jae'Sean Tate,Jae'Sean,1610612745,HOU,Houston Rockets,22201009,2023-03-11T00:00:00,HOU vs. CHI,L,22.99,0.0,3.1,0.0,6.3,9.4,9.4,6.3,31.3,0.0,4.7,3.1,3.1,37.6,1,12947,12947,12947,13647,12084,6646,10252,12289,9201,12886,8444,18049,7930,25519,14779,9427,8600,1,22:59,2022,2023
2022-23,1629645,Kevin Porter Jr.,Kevin,1610612745,HOU,Houston Rockets,22201009,2023-03-11T00:00:00,HOU vs. CHI,L,33.55,2.1,0.0,0.0,6.4,18.2,16.1,12.9,40.8,0.0,1.1,3.2,3.2,33.0,1,12947,12947,12947,4994,10620,10381,10252,12023,20505,21456,17765,9743,7930,19092,15174,9141,11752,1,33:33,2022,2023
2022-23,1631095,Jabari Smith Jr.,Jabari,1610612745,HOU,Houston Rockets,22201009,2023-03-11T00:00:00,HOU vs. CHI,L,36.03333333333333,2.0,4.0,2.0,10.0,17.0,15.0,14.0,32.0,2.0,0.0,3.0,1.0,43.0,1,12947,12947,12947,2885,11112,5105,9342,7081,19310,20462,18998,17532,3337,1,14133,17582,5555,1,36:02,2022,2023
2022-23,1631106,Tari Eason,Tari,1610612745,HOU,Houston Rockets,22201009,2023-03-11T00:00:00,HOU vs. CHI,L,21.183333333333334,0.0,5.1,0.0,0.0,13.6,18.7,6.8,47.6,0.0,1.7,8.5,0.0,31.1,1,12947,12947,12947,15069,12084,3518,10252,19499,15217,23035,9143,4909,7930,21937,24536,17929,13151,1,21:11,2022,2023
2022-23,1630528,Josh Christopher,Josh,1610612745,HOU,Houston Rockets,22201009,2023-03-11T00:00:00,HOU vs. CHI,L,15.366666666666667,0.0,0.0,7.0,9.4,23.4,11.7,14.1,42.2,0.0,0.0,2.3,2.3,36.8,1,12947,12947,12947,19200,12084,10381,1664,7892,23516,16419,19058,8515,7930,1,11416,12150,9164,1,15:22,2022,2023
2022-23,1630231,KJ Martin,KJ,1610612745,HOU,Houston Rockets,22201009,2023-03-11T00:00:00,HOU vs. CHI,L,30.565,2.4,0.0,4.7,9.4,20.0,14.1,14.1,42.4,0.0,1.2,1.2,2.4,20.8,1,12947,12947,12947,7650,10009,10381,3767,7828,21800,19592,19161,8331,7930,19870,6685,12105,19997,1,30:34,2022,2023
2022-23,1630224,Jalen Green,Jalen,1610612745,HOU,Houston Rockets,22201009,2023-03-11T00:00:00,HOU vs. CHI,L,35.001666666666665,0.0,0.0,0.0,6.2,17.5,15.4,14.4,32.9,0.0,3.1,1.0,4.1,30.8,1,12947,12947,12947,3754,12084,10381,10252,12442,19833,20901,19435,16725,7930,24758,5900,6608,13396,1,35:00,2022,2023
2022-23,1630256,Jae'Sean Tate,Jae'Sean,1610612745,HOU,Houston Rockets,22200993,2023-03-09T00:00:00,HOU @ IND,L,29.03333333333333,5.0,0.0,0.0,12.4,8.7,2.5,14.9,34.7,1.2,5.0,7.4,3.7,37.3,1,12947,12947,12947,8919,4451,10381,10252,4653,8254,3830,19898,15149,5655,25562,24008,7702,8807,1,29:02,2022,2023
2022-23,1630231,KJ Martin,KJ,1610612745,HOU,Houston Rockets,22200993,2023-03-09T00:00:00,HOU @ IND,L,32.5,3.3,6.6,5.5,19.9,15.5,3.3,15.5,46.5,0.0,2.2,0.0,4.4,36.7,1,12947,12947,12947,5921,7634,2080,2818,1010,17659,4489,20473,5479,7930,23498,1,5851,9256,1,32:30,2022,2023
2022-23,1630224,Jalen Green,Jalen,1610612745,HOU,Houston Rockets,22200993,2023-03-09T00:00:00,HOU @ IND,L,42.41166666666667,0.0,3.4,0.0,10.2,13.6,2.5,13.6,42.4,0.8,3.4,0.8,5.9,30.2,1,12947,12947,12947,227,12084,6140,10252,6852,15197,3864,18560,8295,7864,25016,5216,3133,13808,1,42:25,2022,2023
2022-23,1630586,Usman Garuba,Usman,1610612745,HOU,Houston Rockets,22200993,2023-03-09T00:00:00,HOU @ IND,L,9.645,0.0,0.0,0.0,0.0,18.7,0.0,29.9,29.9,0.0,0.0,0.0,0.0,18.7,1,12947,12947,12947,22183,12084,10381,10252,19499,20863,1,25296,19164,7930,1,1,17929,21133,1,9:39,2022,2023
2022-23,1631095,Jabari Smith Jr.,Jabari,1610612745,HOU,Houston Rockets,22200993,2023-03-09T00:00:00,HOU @ IND,L,46.93333333333333,4.6,3.1,3.1,7.7,13.0,3.8,10.7,38.4,0.8,1.5,0.8,3.8,43.6,1,12947,12947,12947,33,5044,6763,6617,10154,14480,5012,14960,11893,7915,21437,5185,7385,5210,1,46:56,2022,2023
2022-23,1630578,Alperen Sengun,Alperen,1610612745,HOU,Houston Rockets,22200993,2023-03-09T00:00:00,HOU @ IND,L,25.58833333333333,0.0,2.8,0.0,19.7,18.3,7.0,11.3,45.0,2.8,0.0,5.6,1.4,43.8,1,12947,12947,12947,11654,12084,7338,10252,1058,20542,9250,15691,6385,1867,1,21951,15759,5148,1,25:35,2022,2023
2022-23,1631106,Tari Eason,Tari,1610612745,HOU,Houston Rockets,22200993,2023-03-09T00:00:00,HOU @ IND,L,27.168333333333333,2.7,5.3,5.3,10.6,11.9,2.7,15.9,31.8,1.3,1.3,1.3,0.0,32.5,1,12947,12947,12947,10449,9232,3269,3076,6382,12955,3948,20780,17676,5272,20698,7277,17929,12161,1,27:10,2022,2023
2022-23,1630528,Josh Christopher,Josh,1610612745,HOU,Houston Rockets,22200993,2023-03-09T00:00:00,HOU @ IND,L,16.255,4.4,6.6,4.4,8.9,8.9,4.4,8.9,26.6,0.0,2.2,6.6,2.2,24.1,1,12947,12947,12947,18612,5345,2083,4153,8531,8466,5718,12215,21321,7930,23497,23332,12657,18064,1,16:15,2022,2023
2022-23,1630227,Daishen Nix,Daishen,1610612745,HOU,Houston Rockets,22200993,2023-03-09T00:00:00,HOU @ IND,L,35.465,0.0,0.0,0.0,6.1,15.2,3.0,12.2,44.7,0.0,1.0,6.1,0.0,14.6,1,12947,12947,12947,3377,12084,10381,10252,12586,17304,4251,16958,6636,7930,18600,22658,17929,22782,1,35:28,2022,2023
2022-23,1629645,Kevin Porter Jr.,Kevin,1610612745,HOU,Houston Rockets,22200981,2023-03-07T00:00:00,HOU vs. BKN,L,28.916666666666668,0.0,1.2,3.7,2.5,23.7,8.7,5.0,32.4,0.0,1.2,3.7,2.5,32.5,1,12947,12947,12947,9001,12084,10240,5338,18444,23581,11827,6738,17200,7930,20287,17109,11606,12143,1,28:55,2022,2023
2022-23,1631095,Jabari Smith Jr.,Jabari,1610612745,HOU,Houston Rockets,22200981,2023-03-07T00:00:00,HOU vs. BKN,L,31.816666666666663,2.3,6.8,0.0,6.8,13.6,4.5,4.5,36.2,0.0,0.0,2.3,1.1,25.6,1,12947,12947,12947,6529,10278,1977,10252,11485,15194,5829,6180,13851,7930,1,11086,16995,17124,1,31:49,2022,2023
2022-23,1631106,Tari Eason,Tari,1610612745,HOU,Houston Rockets,22200981,2023-03-07T00:00:00,HOU vs. BKN,L,27.8,5.2,5.2,0.0,7.8,16.8,14.2,2.6,25.9,0.0,1.3,6.5,2.6,26.3,1,12947,12947,12947,9895,4117,3409,10252,10006,19159,19710,4237,21721,7930,20540,23144,11286,16621,1,27:48,2022,2023
2022-23,1630231,KJ Martin,KJ,1610612745,HOU,Houston Rockets,22200981,2023-03-07T00:00:00,HOU vs. BKN,L,26.85333333333333,0.0,0.0,8.0,10.7,24.1,8.0,5.4,34.9,0.0,1.3,1.3,0.0,17.8,1,12947,12947,12947,10693,12084,10381,1142,6240,23742,10791,7240,15035,7930,20771,7336,17929,21532,1,26:51,2022,2023
2022-23,1630586,Usman Garuba,Usman,1610612745,HOU,Houston Rockets,22200981,2023-03-07T00:00:00,HOU vs. BKN,L,8.18,0.0,0.0,0.0,0.0,35.2,13.2,0.0,26.4,0.0,0.0,4.4,0.0,11.4,1,12947,12947,12947,22723,12084,10381,10252,19499,25362,18459,1,21417,7930,1,19219,17929,23727,1,8:11,2022,2023
2022-23,1630224,Jalen Green,Jalen,1610612745,HOU,Houston Rockets,22200981,2023-03-07T00:00:00,HOU vs. BKN,L,37.48333333333333,1.9,0.0,0.0,11.5,10.6,4.8,1.9,28.8,1.0,1.9,1.9,7.7,31.6,1,12947,12947,12947,1851,11361,10381,10252,5444,10938,6172,3731,19881,7410,22571,9323,1417,12789,1,37:29,2022,2023
2022-23,1630256,Jae'Sean Tate,Jae'Sean,1610612745,HOU,Houston Rockets,22200981,2023-03-07T00:00:00,HOU vs. BKN,L,22.45,3.2,0.0,6.4,6.4,6.4,8.0,0.0,19.2,0.0,1.6,6.4,1.6,31.3,1,12947,12947,12947,14072,7908,10381,2039,12063,5555,10744,1,24108,7930,21660,23088,15069,13014,1,22:27,2022,2023
2022-23,1631102,TyTy Washington Jr.,TyTy,1610612745,HOU,Houston Rockets,22200981,2023-03-07T00:00:00,HOU vs. BKN,L,3.2,0.0,0.0,0.0,0.0,0.0,0.0,0.0,0.0,0.0,0.0,0.0,0.0,47.2,1,12947,12947,12947,24729,12084,10381,10252,19499,1,1,1,25269,7930,1,1,17929,3688,1,3:12,2022,2023
2022-23,1626163,Frank Kaminsky,Frank,1610612745,HOU,Houston Rockets,22200981,2023-03-07T00:00:00,HOU vs. BKN,L,3.2,0.0,33.8,0.0,0.0,0.0,0.0,0.0,0.0,0.0,0.0,0.0,0.0,47.2,1,12947,12947,12947,24729,12084,30,10252,19499,1,1,1,25269,7930,1,1,17929,3688,1,3:12,2022,2023
2022-23,1630578,Alperen Sengun,Alperen,1610612745,HOU,Houston Rockets,22200981,2023-03-07T00:00:00,HOU vs. BKN,L,33.63333333333333,2.1,2.1,0.0,10.7,10.7,8.6,2.1,25.7,0.0,1.1,3.2,5.4,31.5,1,12947,12947,12947,4914,10643,8944,10252,6269,11133,11608,3891,21829,7930,19066,15131,4015,12877,1,33:38,2022,2023
2022-23,1630528,Josh Christopher,Josh,1610612745,HOU,Houston Rockets,22200981,2023-03-07T00:00:00,HOU vs. BKN,L,16.466666666666665,0.0,0.0,0.0,4.4,21.9,13.1,4.4,30.6,0.0,0.0,2.2,4.4,3.3,1,12947,12947,12947,18478,12084,10381,10252,15373,22843,18355,6010,18612,7930,1,10733,5979,24847,1,16:28,2022,2023
2022-23,1630224,Jalen Green,Jalen,1610612745,HOU,Houston Rockets,22200967,2023-03-05T00:00:00,HOU vs. SAS,W,27.2,5.3,10.6,11.9,13.2,4.0,11.9,9.3,39.7,0.0,1.3,2.6,6.6,45.5,1,1,1,1,10425,3937,584,316,3984,3350,16690,12814,10663,7930,20686,12598,2313,4323,1,27:12,2022,2023
2022-23,1630586,Usman Garuba,Usman,1610612745,HOU,Houston Rockets,22200967,2023-03-05T00:00:00,HOU vs. SAS,W,14.166666666666666,7.6,0.0,0.0,5.1,0.0,20.3,17.8,35.6,0.0,0.0,5.1,2.5,30.2,1,1,1,1,19945,1713,10381,10252,14207,1,23766,22112,14426,7930,1,20899,11438,13794,1,14:10,2022,2023
2022-23,1631106,Tari Eason,Tari,1610612745,HOU,Houston Rockets,22200967,2023-03-05T00:00:00,HOU vs. SAS,W,29.933333333333334,7.2,0.0,14.4,14.4,2.4,20.4,10.8,38.5,0.0,1.2,3.6,2.4,36.2,1,1,1,1,8171,1986,10381,164,3129,2601,23824,15078,11774,7930,20016,16662,11905,9548,1,29:56,2022,2023
2022-23,1630578,Alperen Sengun,Alperen,1610612745,HOU,Houston Rockets,22200967,2023-03-05T00:00:00,HOU vs. SAS,W,26.6,2.7,4.1,5.4,16.2,4.1,12.2,6.8,37.9,1.4,1.4,2.7,4.1,64.0,1,1,1,1,10883,9094,4989,2945,2191,3402,17058,9112,12331,5190,20823,12807,6742,675,1,26:36,2022,2023
2022-23,1631102,TyTy Washington Jr.,TyTy,1610612745,HOU,Houston Rockets,22200967,2023-03-05T00:00:00,HOU vs. SAS,W,6.7,0.0,0.0,16.1,10.7,10.7,21.5,10.7,75.2,0.0,0.0,0.0,0.0,44.1,1,1,1,1,23246,12084,10381,110,6209,11182,24203,14967,308,7930,1,1,17929,4987,1,6:42,2022,2023
2022-23,1626246,Boban Marjanović,Boban,1610612745,HOU,Houston Rockets,22200967,2023-03-05T00:00:00,HOU vs. SAS,W,7.233333333333333,0.0,0.0,0.0,10.0,10.0,19.9,10.0,69.7,0.0,0.0,0.0,0.0,43.8,1,1,1,1,23045,12084,10381,10252,7122,9987,23604,13796,476,7930,1,1,17929,5126,1,7:14,2022,2023
2022-23,1629645,Kevin Porter Jr.,Kevin,1610612745,HOU,Houston Rockets,22200967,2023-03-05T00:00:00,HOU vs. SAS,W,31.616666666666667,0.0,0.0,0.0,9.1,3.4,19.4,10.2,41.0,0.0,0.0,1.1,1.1,48.2,1,1,1,1,6718,12084,10381,10252,8232,3024,23358,14253,9538,7930,1,6480,16957,3360,1,31:37,2022,2023
2022-23,1630528,Josh Christopher,Josh,1610612745,HOU,Houston Rockets,22200967,2023-03-05T00:00:00,HOU vs. SAS,W,19.916666666666668,3.6,0.0,3.6,10.8,3.6,16.3,12.7,47.0,1.8,1.8,1.8,1.8,28.0,1,1,1,1,16013,6993,10381,5581,6118,3135,21579,17526,5240,3896,22221,8808,14362,15420,1,19:55,2022,2023
2022-23,1631095,Jabari Smith Jr.,Jabari,1610612745,HOU,Houston Rockets,22200967,2023-03-05T00:00:00,HOU vs. SAS,W,26.816666666666663,0.0,0.0,0.0,5.4,6.7,10.7,9.4,51.0,0.0,0.0,6.7,2.7,22.6,1,1,1,1,10722,12084,10381,10252,13805,5890,14959,13008,3294,7930,1,23401,10972,19001,1,26:49,2022,2023
2022-23,1630231,KJ Martin,KJ,1610612745,HOU,Houston Rockets,22200967,2023-03-05T00:00:00,HOU vs. SAS,W,26.966666666666665,2.7,2.7,5.3,10.7,4.0,17.4,9.3,37.4,0.0,0.0,2.7,2.7,32.2,1,1,1,1,10610,9183,7624,3033,6287,3369,22324,12937,12802,7930,1,12669,11027,12383,1,26:58,2022,2023
2022-23,1630256,Jae'Sean Tate,Jae'Sean,1610612745,HOU,Houston Rockets,22200967,2023-03-05T00:00:00,HOU vs. SAS,W,22.85,0.0,0.0,0.0,12.6,0.0,11.0,12.6,31.5,1.6,0.0,3.2,4.7,40.8,1,1,1,1,13744,12084,10381,10252,4495,1,15386,17473,17899,4463,1,14875,5223,6651,1,22:51,2022,2023
2022-23,1630227,Daishen Nix,Daishen,1610612745,HOU,Houston Rockets,22200959,2023-03-04T00:00:00,HOU @ SAS,W,18.48333333333333,11.7,0.0,3.9,15.6,0.0,15.6,0.0,39.0,0.0,0.0,0.0,1.9,34.9,1,1,1,1,17073,462,10381,5060,2545,1,21053,1,11358,7930,1,1,13801,10429,1,18:29,2022,2023
2022-23,1630528,Josh Christopher,Josh,1610612745,HOU,Houston Rockets,22200959,2023-03-04T00:00:00,HOU @ SAS,W,19.23333333333333,3.7,0.0,16.8,15.0,5.6,11.2,11.2,22.5,3.7,0.0,5.6,3.7,47.2,1,1,1,1,16517,6718,10381,96,2848,4661,15718,15659,23198,1034,1,21931,7639,3719,1,19:14,2022,2023
2022-23,1626246,Boban Marjanović,Boban,1610612745,HOU,Houston Rockets,22200959,2023-03-04T00:00:00,HOU @ SAS,W,11.25,0.0,6.4,0.0,12.8,0.0,19.2,0.0,25.6,0.0,0.0,0.0,3.2,45.1,1,1,1,1,21554,12084,2258,10252,4329,1,23271,1,21862,7930,1,1,9194,4497,1,11:15,2022,2023
2022-23,1629645,Kevin Porter Jr.,Kevin,1610612745,HOU,Houston Rockets,22200959,2023-03-04T00:00:00,HOU @ SAS,W,29.516666666666666,0.0,3.7,1.2,7.3,17.1,7.3,23.2,19.5,0.0,0.0,4.9,2.4,33.8,1,1,1,1,8515,12084,5676,10119,10706,19407,9674,24341,24056,7930,1,20438,11778,11175,1,29:31,2022,2023
2022-23,1631095,Jabari Smith Jr.,Jabari,1610612745,HOU,Houston Rockets,22200959,2023-03-04T00:00:00,HOU @ SAS,W,26.75,0.0,2.7,4.0,8.1,14.8,10.8,14.8,32.3,0.0,0.0,1.3,2.7,23.4,1,1,1,1,10778,12084,7583,4797,9585,16767,14997,19832,17255,7930,1,7357,10948,18482,1,26:45,2022,2023
2022-23,1630578,Alperen Sengun,Alperen,1610612745,HOU,Houston Rockets,22200959,2023-03-04T00:00:00,HOU @ SAS,W,27.58333333333333,2.6,5.2,2.6,13.1,14.4,10.4,17.0,26.1,0.0,1.3,5.2,7.8,43.1,1,1,1,1,10106,9322,3353,7610,4103,16200,14489,21590,21607,7930,20601,21208,1323,5500,1,27:35,2022,2023
2022-23,1630586,Usman Garuba,Usman,1610612745,HOU,Houston Rockets,22200959,2023-03-04T00:00:00,HOU @ SAS,W,9.166666666666666,7.9,7.9,0.0,0.0,11.8,0.0,23.6,31.4,0.0,0.0,11.8,7.9,63.2,1,1,1,1,22374,1580,1380,10252,19499,12732,1,24435,17971,7930,1,25366,1306,728,1,9:10,2022,2023
2022-23,1631106,Tari Eason,Tari,1610612745,HOU,Houston Rockets,22200959,2023-03-04T00:00:00,HOU @ SAS,W,30.966666666666665,5.8,2.3,5.8,11.6,14.0,14.0,15.1,23.3,2.3,1.2,3.5,3.5,47.7,1,1,1,1,7304,3274,8403,2570,5340,15664,19382,20136,22928,2551,19759,16220,8337,3520,1,30:58,2022,2023
2022-23,1630224,Jalen Green,Jalen,1610612745,HOU,Houston Rockets,22200959,2023-03-04T00:00:00,HOU @ SAS,W,28.766666666666666,2.5,0.0,0.0,12.5,13.8,10.0,16.3,30.0,1.3,1.3,3.8,0.0,23.8,1,1,1,1,9128,9603,10381,10252,4571,15424,13846,21082,19022,5600,20326,17180,17929,18269,1,28:46,2022,2023
2022-23,1630231,KJ Martin,KJ,1610612745,HOU,Houston Rockets,22200959,2023-03-04T00:00:00,HOU @ SAS,W,38.28333333333333,5.6,1.9,7.5,11.3,4.7,7.5,13.2,26.3,0.0,0.0,2.8,0.9,29.7,1,1,1,1,1354,3479,9799,1378,5676,3867,9986,18094,21471,7930,1,13339,17771,14171,1,38:17,2022,2023
2022-23,1631106,Tari Eason,Tari,1610612745,HOU,Houston Rockets,22200938,2023-03-01T00:00:00,HOU vs. MEM,L,25.133333333333333,0.0,2.9,2.9,5.7,14.3,2.9,0.0,40.1,4.3,4.3,2.9,1.4,44.3,1,12947,12947,12947,12007,12084,7215,7058,13247,16160,4103,1,10325,754,25409,13539,15660,4883,1,25:08,2022,2023
2022-23,1626163,Frank Kaminsky,Frank,1610612745,HOU,Houston Rockets,22200938,2023-03-01T00:00:00,HOU vs. MEM,L,3.6166666666666663,0.0,0.0,0.0,0.0,0.0,0.0,0.0,0.0,0.0,0.0,0.0,0.0,23.9,1,12947,12947,12947,24537,12084,10381,10252,19499,1,1,1,25269,7930,1,1,17929,18197,1,3:37,2022,2023
2022-23,1630227,Daishen Nix,Daishen,1610612745,HOU,Houston Rockets,22200938,2023-03-01T00:00:00,HOU vs. MEM,L,14.316666666666666,0.0,2.5,0.0,0.0,20.1,7.5,7.5,50.3,0.0,0.0,2.5,2.5,13.6,1,12947,12947,12947,19865,12084,7947,10252,19499,21865,10018,10213,3610,7930,1,12067,11522,23109,1,14:19,2022,2023
2022-23,1626246,Boban Marjanović,Boban,1610612745,HOU,Houston Rockets,22200938,2023-03-01T00:00:00,HOU vs. MEM,L,3.6166666666666663,0.0,0.0,0.0,0.0,0.0,0.0,0.0,0.0,0.0,0.0,0.0,0.0,11.9,1,12947,12947,12947,24537,12084,10381,10252,19499,1,1,1,25269,7930,1,1,17929,23578,1,3:37,2022,2023
2022-23,1631095,Jabari Smith Jr.,Jabari,1610612745,HOU,Houston Rockets,22200938,2023-03-01T00:00:00,HOU vs. MEM,L,20.98333333333333,0.0,0.0,0.0,6.9,12.0,15.4,8.6,30.9,0.0,0.0,1.7,0.0,21.8,1,12947,12947,12947,15217,12084,10381,10252,11369,13085,20915,11774,18383,7930,1,8513,17929,19469,1,20:59,2022,2023
2022-23,1630231,KJ Martin,KJ,1610612745,HOU,Houston Rockets,22200938,2023-03-01T00:00:00,HOU vs. MEM,L,34.46666666666667,4.2,6.3,4.2,12.5,12.5,13.6,5.2,35.5,0.0,0.0,3.1,1.0,26.3,1,12947,12947,12947,4210,5832,2358,4545,4556,13817,18923,7056,14496,7930,1,14791,17412,16596,1,34:28,2022,2023
2022-23,1630224,Jalen Green,Jalen,1610612745,HOU,Houston Rockets,22200938,2023-03-01T00:00:00,HOU vs. MEM,L,28.73333333333333,3.8,3.8,0.0,5.0,15.0,11.3,6.3,30.1,1.3,1.3,2.5,2.5,37.7,1,12947,12947,12947,9155,6688,5527,10252,14305,17048,15791,8447,18991,5590,20332,12039,11553,8518,1,28:44,2022,2023
2022-23,1630586,Usman Garuba,Usman,1610612745,HOU,Houston Rockets,22200938,2023-03-01T00:00:00,HOU vs. MEM,L,13.0,5.5,11.1,5.5,11.1,13.8,11.1,0.0,44.3,2.8,5.5,2.8,5.5,52.1,1,12947,12947,12947,20598,3611,505,2818,5875,15534,15471,1,6890,1917,25649,13085,3715,2208,1,13:00,2022,2023
2022-23,1629645,Kevin Porter Jr.,Kevin,1610612745,HOU,Houston Rockets,22200938,2023-03-01T00:00:00,HOU vs. MEM,L,25.933333333333334,0.0,1.4,0.0,0.0,8.3,13.9,2.8,25.0,0.0,4.2,2.8,5.6,25.0,1,12947,12947,12947,11387,12084,10200,10252,19499,7813,19310,4380,22165,7930,25367,13117,3693,17493,1,25:56,2022,2023
2022-23,1630256,Jae'Sean Tate,Jae'Sean,1610612745,HOU,Houston Rockets,22200938,2023-03-01T00:00:00,HOU vs. MEM,L,18.25,3.9,2.0,3.9,15.8,13.8,7.9,0.0,39.5,0.0,0.0,5.9,7.9,31.8,1,12947,12947,12947,17221,6292,9495,4957,2432,15484,10546,1,10889,7930,1,22388,1289,12664,1,18:15,2022,2023
2022-23,1630578,Alperen Sengun,Alperen,1610612745,HOU,Houston Rockets,22200938,2023-03-01T00:00:00,HOU vs. MEM,L,31.383333333333333,0.0,3.4,2.3,11.5,13.8,10.3,5.7,32.1,0.0,0.0,2.3,5.7,31.1,1,12947,12947,12947,6926,12084,6046,8389,5498,15420,14315,7747,17404,7930,1,11214,3415,13162,1,31:23,2022,2023
2022-23,1631102,TyTy Washington Jr.,TyTy,1610612745,HOU,Houston Rockets,22200938,2023-03-01T00:00:00,HOU vs. MEM,L,4.966666666666667,0.0,0.0,0.0,0.0,0.0,0.0,0.0,43.5,0.0,0.0,0.0,0.0,1.4,1,12947,12947,12947,23932,12084,10381,10252,19499,1,1,1,7498,7930,1,1,17929,24918,1,4:58,2022,2023
2022-23,1630528,Josh Christopher,Josh,1610612745,HOU,Houston Rockets,22200938,2023-03-01T00:00:00,HOU vs. MEM,L,15.6,0.0,0.0,2.3,0.0,13.8,4.6,0.0,18.5,0.0,0.0,2.3,2.3,23.5,1,12947,12947,12947,19034,12084,10381,8354,19499,15534,5937,1,24273,7930,1,11277,12287,18418,1,15:36,2022,2023
2022-23,1630528,Josh Christopher,Josh,1610612745,HOU,Houston Rockets,22200926,2023-02-28T00:00:00,HOU vs. DEN,L,22.7,0.0,0.0,3.2,9.5,7.9,1.6,11.1,34.9,0.0,1.6,1.6,0.0,30.6,1,12947,12947,12947,13861,12084,10381,6405,7701,7302,3349,15474,15012,7930,21607,8118,17929,13511,1,22:42,2022,2023
2022-23,1626163,Frank Kaminsky,Frank,1610612745,HOU,Houston Rockets,22200926,2023-02-28T00:00:00,HOU vs. DEN,L,5.116666666666666,0.0,0.0,0.0,0.0,0.0,0.0,14.1,14.1,0.0,0.0,0.0,0.0,27.4,1,12947,12947,12947,23869,12084,10381,10252,19499,1,1,19080,24912,7930,1,1,17929,15823,1,5:07,2022,2023
2022-23,1630224,Jalen Green,Jalen,1610612745,HOU,Houston Rockets,22200926,2023-02-28T00:00:00,HOU vs. DEN,L,19.366666666666667,3.7,0.0,0.0,7.4,20.4,14.9,24.2,59.5,0.0,1.9,0.0,0.0,55.6,1,12947,12947,12947,16420,6772,10381,10252,10526,22086,20332,24553,1170,7930,22376,1,17929,1533,1,19:22,2022,2023
2022-23,1630586,Usman Garuba,Usman,1610612745,HOU,Houston Rockets,22200926,2023-02-28T00:00:00,HOU vs. DEN,L,13.84,0.0,0.0,0.0,0.0,13.0,0.0,13.0,31.2,2.6,2.6,7.8,2.6,44.0,1,12947,12947,12947,20140,12084,10381,10252,19499,14433,1,17922,18114,2114,24192,24217,11246,5033,1,13:50,2022,2023
2022-23,1626246,Boban Marjanović,Boban,1610612745,HOU,Houston Rockets,22200926,2023-02-28T00:00:00,HOU vs. DEN,L,5.116666666666666,0.0,0.0,0.0,42.2,0.0,0.0,14.1,14.1,0.0,0.0,7.0,7.0,64.7,1,12947,12947,12947,23869,12084,10381,10252,60,1,1,19080,24912,7930,1,23691,1898,633,1,5:07,2022,2023
2022-23,1631106,Tari Eason,Tari,1610612745,HOU,Houston Rockets,22200926,2023-02-28T00:00:00,HOU vs. DEN,L,31.116666666666667,4.6,9.3,4.6,16.2,15.0,3.5,15.0,32.4,0.0,1.2,1.2,1.2,39.8,1,12947,12947,12947,7169,5009,841,3876,2222,17061,4628,20063,17170,7930,19719,6579,16879,7207,1,31:07,2022,2023
2022-23,1631102,TyTy Washington Jr.,TyTy,1610612745,HOU,Houston Rockets,22200926,2023-02-28T00:00:00,HOU vs. DEN,L,28.336666666666662,2.5,6.4,2.5,7.6,16.5,3.8,16.5,30.5,1.3,0.0,0.0,0.0,28.8,1,12947,12947,12947,9455,9517,2295,7790,10224,18829,4987,21251,18700,5522,1,1,17929,14829,1,28:20,2022,2023
2022-23,1630227,Daishen Nix,Daishen,1610612745,HOU,Houston Rockets,22200926,2023-02-28T00:00:00,HOU vs. DEN,L,25.566666666666663,0.0,0.0,0.0,11.3,18.3,14.1,15.5,64.8,0.0,0.0,2.8,1.4,24.6,1,12947,12947,12947,11672,12084,10381,10252,5695,20554,19539,20458,697,7930,1,13308,15753,17745,1,25:34,2022,2023
2022-23,1631095,Jabari Smith Jr.,Jabari,1610612745,HOU,Houston Rockets,22200926,2023-02-28T00:00:00,HOU vs. DEN,L,32.96333333333333,4.4,4.4,2.2,6.6,15.3,9.8,17.5,52.4,2.2,0.0,2.2,0.0,24.8,1,12947,12947,12947,5524,5458,4543,8707,11859,17391,13578,21922,2760,2872,1,10725,17929,17638,1,32:58,2022,2023
2022-23,1630578,Alperen Sengun,Alperen,1610612745,HOU,Houston Rockets,22200926,2023-02-28T00:00:00,HOU vs. DEN,L,29.043333333333333,0.0,2.5,0.0,7.4,19.8,13.6,18.6,59.5,2.5,1.2,5.0,6.2,31.5,1,12947,12947,12947,8916,12084,8027,10252,10524,21674,19005,22585,1166,2292,20258,20627,2783,12865,1,29:03,2022,2023
2022-23,1630231,KJ Martin,KJ,1610612745,HOU,Houston Rockets,22200926,2023-02-28T00:00:00,HOU vs. DEN,L,26.83333333333333,0.0,5.4,5.4,18.8,20.1,13.4,17.4,61.7,0.0,0.0,2.7,1.3,37.0,1,12947,12947,12947,10714,12084,3193,3001,1268,21871,18722,21904,900,7930,1,12725,15991,8984,1,26:50,2022,2023
2022-23,1630231,KJ Martin,KJ,1610612745,HOU,Houston Rockets,22200917,2023-02-26T00:00:00,HOU @ POR,L,32.9,5.5,2.2,5.5,10.9,9.8,2.2,9.8,28.4,0.0,1.1,4.4,4.4,33.5,1,12947,12947,12947,5579,3704,8787,2887,6026,9849,3589,13640,20129,7930,19276,19144,5968,11411,1,32:54,2022,2023
2022-23,1631106,Tari Eason,Tari,1610612745,HOU,Houston Rockets,22200917,2023-02-26T00:00:00,HOU @ POR,L,28.45,5.1,10.1,5.1,12.7,15.2,7.6,6.3,25.3,0.0,1.3,5.1,1.3,46.2,1,12947,12947,12947,9355,4294,674,3335,4447,17255,10087,8518,22027,7930,20396,20855,16333,4036,1,28:27,2022,2023
2022-23,1630578,Alperen Sengun,Alperen,1610612745,HOU,Houston Rockets,22200917,2023-02-26T00:00:00,HOU @ POR,L,24.766666666666666,0.0,11.6,0.0,23.3,13.1,0.0,17.4,34.9,0.0,1.5,5.8,5.8,50.1,1,12947,12947,12947,12300,12084,425,10252,506,14535,1,21906,15014,7930,21187,22243,3307,2739,1,24:46,2022,2023
2022-23,1630528,Josh Christopher,Josh,1610612745,HOU,Houston Rockets,22200917,2023-02-26T00:00:00,HOU @ POR,L,14.611666666666666,0.0,0.0,0.0,0.0,0.0,9.9,12.3,29.6,0.0,0.0,2.5,2.5,17.7,1,12947,12947,12947,19688,12084,10381,10252,19499,1,13624,17142,19384,7930,1,11885,11685,21572,1,14:37,2022,2023
2022-23,1630227,Daishen Nix,Daishen,1610612745,HOU,Houston Rockets,22200917,2023-02-26T00:00:00,HOU @ POR,L,30.27166666666667,2.4,0.0,2.4,11.9,14.3,4.8,11.9,21.4,0.0,2.4,3.6,1.2,25.8,1,12947,12947,12947,7892,9950,10381,8177,5095,16084,6108,16598,23570,7930,23844,16501,16726,16951,1,30:16,2022,2023
2022-23,1630256,Jae'Sean Tate,Jae'Sean,1610612745,HOU,Houston Rockets,22200917,2023-02-26T00:00:00,HOU @ POR,L,25.216666666666665,2.9,2.9,2.9,20.0,18.6,5.7,5.7,28.6,0.0,0.0,7.1,4.3,30.6,1,12947,12947,12947,11939,8733,7240,7085,999,20781,7404,7719,20060,7930,1,23788,6182,13560,1,25:13,2022,2023
2022-23,1631095,Jabari Smith Jr.,Jabari,1610612745,HOU,Houston Rockets,22200917,2023-02-26T00:00:00,HOU @ POR,L,37.64,0.0,1.9,0.0,3.8,16.3,3.8,13.4,34.4,1.9,1.0,2.9,2.9,30.2,1,12947,12947,12947,1754,12084,9700,10252,16418,18544,5004,18321,15397,3589,18060,13559,10337,13805,1,37:38,2022,2023
2022-23,1626246,Boban Marjanović,Boban,1610612745,HOU,Houston Rockets,22200917,2023-02-26T00:00:00,HOU @ POR,L,6.3,0.0,5.7,0.0,45.7,0.0,0.0,11.4,22.9,0.0,0.0,5.7,11.4,72.0,1,12947,12947,12947,23402,12084,2844,10252,48,1,1,15929,23060,7930,1,22087,264,321,1,6:18,2022,2023
2022-23,1631102,TyTy Washington Jr.,TyTy,1610612745,HOU,Houston Rockets,22200917,2023-02-26T00:00:00,HOU @ POR,L,31.916666666666668,3.4,0.0,2.3,2.3,14.7,4.5,10.2,29.3,0.0,1.1,0.0,2.3,24.0,1,12947,12947,12947,6452,7500,10381,8496,18847,16599,5807,14085,19560,7930,19516,1,12494,18128,1,31:55,2022,2023
2022-23,1630586,Usman Garuba,Usman,1610612745,HOU,Houston Rockets,22200917,2023-02-26T00:00:00,HOU @ POR,L,7.926666666666667,0.0,0.0,0.0,0.0,0.0,9.1,0.0,18.2,0.0,0.0,4.5,0.0,19.1,1,12947,12947,12947,22805,12084,10381,10252,19499,1,12421,1,24317,7930,1,19622,17929,20925,1,7:56,2022,2023
2022-23,1626163,Frank Kaminsky,Frank,1610612745,HOU,Houston Rockets,22200901,2023-02-24T00:00:00,HOU @ GSW,L,4.14,0.0,0.0,0.0,0.0,0.0,0.0,0.0,17.4,0.0,0.0,0.0,8.7,43.5,1,12947,12947,12947,24281,12084,10381,10252,19499,1,1,1,24476,7930,1,1,885,5309,1,4:08,2022,2023
2022-23,1630586,Usman Garuba,Usman,1610612745,HOU,Houston Rockets,22200901,2023-02-24T00:00:00,HOU @ GSW,L,12.693333333333332,0.0,0.0,0.0,5.7,8.5,11.3,0.0,11.3,2.8,0.0,11.3,0.0,36.3,1,12947,12947,12947,20779,12084,10381,10252,13337,8049,15880,1,25117,1842,1,25311,17929,9485,1,12:42,2022,2023
2022-23,1630231,KJ Martin,KJ,1610612745,HOU,Houston Rockets,22200901,2023-02-24T00:00:00,HOU @ GSW,L,35.666666666666664,7.1,4.0,8.1,14.1,6.1,13.1,3.0,16.1,2.0,0.0,2.0,6.1,44.0,1,12947,12947,12947,3184,2085,5041,1128,3308,5165,18361,4564,24660,3282,1,9856,2984,5008,1,35:40,2022,2023
2022-23,1630256,Jae'Sean Tate,Jae'Sean,1610612745,HOU,Houston Rockets,22200901,2023-02-24T00:00:00,HOU @ GSW,L,28.466666666666665,0.0,2.5,2.5,12.6,7.6,11.4,8.9,17.7,0.0,0.0,3.8,1.3,40.0,1,12947,12947,12947,9341,12084,7912,7822,4456,6872,15932,12196,24410,7930,1,17306,16338,7127,1,28:28,2022,2023
2022-23,1631309,Trevor Hudgins,Trevor,1610612745,HOU,Houston Rockets,22200901,2023-02-24T00:00:00,HOU @ GSW,L,1.6833333333333331,0.0,0.0,0.0,0.0,0.0,0.0,0.0,0.0,0.0,0.0,0.0,0.0,0.0,1,12947,12947,12947,25421,12084,10381,10252,19499,1,1,1,25269,7930,1,1,17929,24963,1,1:41,2022,2023
2022-23,1630227,Daishen Nix,Daishen,1610612745,HOU,Houston Rockets,22200901,2023-02-24T00:00:00,HOU @ GSW,L,23.58333333333333,9.2,0.0,0.0,0.0,4.6,9.2,4.6,15.3,0.0,0.0,1.5,0.0,24.3,1,12947,12947,12947,13219,1008,10381,10252,19499,3764,12537,6247,24780,7930,1,7940,17929,17969,1,23:35,2022,2023
2022-23,1630528,Josh Christopher,Josh,1610612745,HOU,Houston Rockets,22200901,2023-02-24T00:00:00,HOU @ GSW,L,17.533333333333335,4.1,10.3,4.1,20.5,0.0,12.3,0.0,24.6,0.0,0.0,2.1,2.1,29.2,1,12947,12947,12947,17745,5975,644,4665,886,1,17267,1,22339,7930,1,10042,13334,14582,1,17:32,2022,2023
2022-23,1631095,Jabari Smith Jr.,Jabari,1610612745,HOU,Houston Rockets,22200901,2023-02-24T00:00:00,HOU @ GSW,L,34.06666666666667,4.2,0.0,4.2,6.3,9.5,7.4,7.4,16.9,0.0,2.1,2.1,2.1,25.7,1,12947,12947,12947,4550,5735,10381,4459,12166,9368,9797,10014,24556,7930,23208,10367,13060,17032,1,34:04,2022,2023
2022-23,1630620,Darius Days,Darius,1610612745,HOU,Houston Rockets,22200901,2023-02-24T00:00:00,HOU @ GSW,L,1.6833333333333331,0.0,0.0,0.0,0.0,0.0,0.0,0.0,0.0,0.0,0.0,0.0,0.0,0.0,1,12947,12947,12947,25421,12084,10381,10252,19499,1,1,1,25269,7930,1,1,17929,24963,1,1:41,2022,2023
2022-23,1631102,TyTy Washington Jr.,TyTy,1610612745,HOU,Houston Rockets,22200901,2023-02-24T00:00:00,HOU @ GSW,L,33.65,5.3,0.0,2.1,4.3,9.6,7.5,7.5,15.0,0.0,0.0,1.1,3.2,30.4,1,12947,12947,12947,4905,3868,10381,8846,15568,9533,9924,10142,24815,7930,1,6108,9172,13689,1,33:39,2022,2023
2022-23,1630578,Alperen Sengun,Alperen,1610612745,HOU,Houston Rockets,22200901,2023-02-24T00:00:00,HOU @ GSW,L,24.133333333333333,0.0,0.0,3.0,3.0,9.0,10.4,6.0,14.9,0.0,1.5,3.0,6.0,38.5,1,12947,12947,12947,12784,12084,10381,6781,17679,8576,14493,8063,24827,7930,21314,14055,3097,8020,1,24:08,2022,2023
2022-23,1631106,Tari Eason,Tari,1610612745,HOU,Houston Rockets,22200901,2023-02-24T00:00:00,HOU @ GSW,L,22.7,0.0,0.0,0.0,3.2,4.8,9.5,6.3,19.0,0.0,0.0,3.2,3.2,39.2,1,12947,12947,12947,13861,12084,10381,10252,17408,3908,13073,8544,24154,7930,1,14974,9286,7577,1,22:42,2022,2023
2022-23,1630256,Jae'Sean Tate,Jae'Sean,1610612745,HOU,Houston Rockets,22200880,2023-02-15T00:00:00,HOU @ OKC,L,18.751666666666665,3.8,1.9,3.8,11.5,25.0,3.8,25.0,65.3,0.0,0.0,7.7,5.8,24.8,1,12947,12947,12947,16875,6523,9678,5156,5457,23972,5015,24689,661,7930,1,24156,3380,17657,1,18:45,2022,2023
2022-23,1630578,Alperen Sengun,Alperen,1610612745,HOU,Houston Rockets,22200880,2023-02-15T00:00:00,HOU @ OKC,L,21.56833333333333,0.0,6.7,0.0,13.4,20.0,6.7,16.7,53.4,0.0,0.0,6.7,1.7,33.4,1,12947,12947,12947,14742,12084,2064,10252,3897,21803,8735,21380,2452,7930,1,23372,14850,11495,1,21:34,2022,2023
2022-23,1631106,Tari Eason,Tari,1610612745,HOU,Houston Rockets,22200880,2023-02-15T00:00:00,HOU @ OKC,L,19.098333333333333,0.0,9.4,0.0,7.5,28.3,7.5,20.7,56.5,0.0,0.0,9.4,9.4,33.2,1,12947,12947,12947,16632,12084,801,10252,10350,24697,10009,23594,1655,7930,1,24917,649,11652,1,19:06,2022,2023
2022-23,1630620,Darius Days,Darius,1610612745,HOU,Houston Rockets,22200880,2023-02-15T00:00:00,HOU @ OKC,L,17.333333333333332,4.2,10.4,0.0,4.2,10.4,2.1,14.5,33.2,2.1,2.1,4.2,2.1,28.2,1,12947,12947,12947,17890,5884,626,10252,15819,10652,3512,19572,16440,3110,23083,18499,13221,15244,1,17:20,2022,2023
2022-23,1631102,TyTy Washington Jr.,TyTy,1610612745,HOU,Houston Rockets,22200880,2023-02-15T00:00:00,HOU @ OKC,L,18.916666666666668,0.0,0.0,5.7,3.8,19.0,20.9,15.2,45.7,0.0,0.0,0.0,0.0,17.5,1,12947,12947,12947,16773,12084,10381,2648,16448,21137,24017,20247,5978,7930,1,1,17929,21673,1,18:55,2022,2023
2022-23,1626246,Boban Marjanović,Boban,1610612745,HOU,Houston Rockets,22200880,2023-02-15T00:00:00,HOU @ OKC,L,7.1,10.1,0.0,0.0,10.1,15.2,5.1,15.2,10.1,0.0,0.0,0.0,0.0,17.2,1,12947,12947,12947,23099,738,10381,10252,6910,17283,6517,20232,25174,7930,1,1,17929,21783,1,7:06,2022,2023
2022-23,1630586,Usman Garuba,Usman,1610612745,HOU,Houston Rockets,22200880,2023-02-15T00:00:00,HOU @ OKC,L,14.865,0.0,0.0,0.0,0.0,24.2,7.3,24.2,29.1,0.0,0.0,9.7,0.0,20.1,1,12947,12947,12947,19527,12084,10381,10252,19499,23777,9591,24565,19731,7930,1,24982,17929,20409,1,14:52,2022,2023
2022-23,1630528,Josh Christopher,Josh,1610612745,HOU,Houston Rockets,22200880,2023-02-15T00:00:00,HOU @ OKC,L,22.363333333333333,0.0,0.0,6.4,9.7,19.3,4.8,22.5,41.9,1.6,0.0,8.0,1.6,30.4,1,12947,12947,12947,14143,12084,10381,2031,7497,21344,6204,24165,8792,4358,1,24339,15049,13642,1,22:22,2022,2023
2022-23,1631095,Jabari Smith Jr.,Jabari,1610612745,HOU,Houston Rockets,22200880,2023-02-15T00:00:00,HOU @ OKC,L,29.02166666666667,0.0,2.5,0.0,5.0,18.6,13.6,21.1,57.1,2.5,0.0,3.7,3.7,48.1,1,12947,12947,12947,8933,12084,8021,10252,14381,20819,19013,23733,1564,2286,1,17067,7693,3381,1,29:01,2022,2023
2022-23,1626163,Frank Kaminsky,Frank,1610612745,HOU,Houston Rockets,22200880,2023-02-15T00:00:00,HOU @ OKC,L,13.433333333333334,0.0,0.0,0.0,0.0,5.4,18.8,10.7,53.6,2.7,0.0,2.7,5.4,48.5,1,12947,12947,12947,20360,12084,10381,10252,19499,4448,23067,14932,2395,2020,1,12704,3996,3253,1,13:26,2022,2023
2022-23,1630224,Jalen Green,Jalen,1610612745,HOU,Houston Rockets,22200880,2023-02-15T00:00:00,HOU @ OKC,L,16.07,0.0,4.5,6.7,4.5,17.9,24.6,13.4,62.7,2.2,2.2,4.5,6.7,47.9,1,12947,12947,12947,18725,12084,4380,1839,15189,20213,24938,18381,821,2743,23568,19436,2185,3445,1,16:04,2022,2023
2022-23,1630231,KJ Martin,KJ,1610612745,HOU,Houston Rockets,22200880,2023-02-15T00:00:00,HOU @ OKC,L,27.961666666666662,0.0,1.3,2.6,2.6,15.4,14.2,12.9,51.5,1.3,2.6,2.6,2.6,20.9,1,12947,12947,12947,9764,12084,10227,7707,18315,17581,19625,17761,3109,5444,24149,12296,11344,19992,1,27:58,2022,2023
2022-23,1631309,Trevor Hudgins,Trevor,1610612745,HOU,Houston Rockets,22200880,2023-02-15T00:00:00,HOU @ OKC,L,13.516666666666667,0.0,0.0,0.0,0.0,8.0,2.7,18.6,26.6,0.0,0.0,2.7,0.0,8.0,1,12947,12947,12947,20311,12084,10381,10252,19499,7370,3958,22619,21283,7930,1,12642,17929,24408,1,13:31,2022,2023
2022-23,1630224,Jalen Green,Jalen,1610612745,HOU,Houston Rockets,22200860,2023-02-13T00:00:00,HOU @ PHI,L,31.933333333333334,5.6,0.0,5.6,6.8,19.2,3.4,12.4,42.8,0.0,1.1,1.1,10.1,48.0,1,12947,12947,12947,6437,3489,10381,2740,11536,21249,4554,17240,8006,7930,19511,6424,453,3415,1,31:56,2022,2023
2022-23,1630620,Darius Days,Darius,1610612745,HOU,Houston Rockets,22200860,2023-02-13T00:00:00,HOU @ PHI,L,3.5166666666666666,0.0,0.0,0.0,0.0,20.5,0.0,20.5,20.5,0.0,0.0,0.0,0.0,73.7,1,12947,12947,12947,24573,12084,10381,10252,19499,22101,1,23506,23828,7930,1,1,17929,273,1,3:31,2022,2023
2022-23,1626246,Boban Marjanović,Boban,1610612745,HOU,Houston Rockets,22200860,2023-02-13T00:00:00,HOU @ PHI,L,3.5166666666666666,0.0,30.7,0.0,40.9,20.5,0.0,20.5,20.5,0.0,0.0,10.2,20.5,83.9,1,12947,12947,12947,24573,12084,39,10252,67,22101,1,23506,23828,7930,1,25116,32,128,1,3:31,2022,2023
2022-23,1631309,Trevor Hudgins,Trevor,1610612745,HOU,Houston Rockets,22200860,2023-02-13T00:00:00,HOU @ PHI,L,3.5166666666666666,0.0,0.0,0.0,0.0,20.5,0.0,20.5,20.5,0.0,0.0,0.0,10.2,-10.2,1,12947,12947,12947,24573,12084,10381,10252,19499,22101,1,23506,23828,7930,1,1,420,25833,1,3:31,2022,2023
2022-23,1631095,Jabari Smith Jr.,Jabari,1610612745,HOU,Houston Rockets,22200860,2023-02-13T00:00:00,HOU @ PHI,L,36.28333333333333,0.0,4.0,2.0,4.0,18.9,7.9,23.8,39.7,0.0,2.0,1.0,1.0,22.2,1,12947,12947,12947,2709,12084,5144,9386,16166,21014,10611,24480,10679,7930,22779,5717,17604,19199,1,36:17,2022,2023
2022-23,1630528,Josh Christopher,Josh,1610612745,HOU,Houston Rockets,22200860,2023-02-13T00:00:00,HOU @ PHI,L,16.066666666666666,0.0,0.0,0.0,4.5,13.4,11.2,38.1,35.9,0.0,2.2,0.0,0.0,9.4,1,12947,12947,12947,18728,12084,10381,10252,15179,15029,15662,25646,14160,7930,23570,1,17929,24158,1,16:04,2022,2023
2022-23,1631102,TyTy Washington Jr.,TyTy,1610612745,HOU,Houston Rockets,22200860,2023-02-13T00:00:00,HOU @ PHI,L,20.23333333333333,0.0,0.0,3.6,7.1,10.7,8.9,30.2,49.8,0.0,0.0,3.6,3.6,24.7,1,12947,12947,12947,15780,12084,10381,5681,11012,11088,12132,25318,3799,7930,1,16458,8145,17687,1,20:14,2022,2023
2022-23,1630586,Usman Garuba,Usman,1610612745,HOU,Houston Rockets,22200860,2023-02-13T00:00:00,HOU @ PHI,L,8.968333333333334,0.0,0.0,8.0,8.0,16.1,8.0,36.1,72.3,0.0,0.0,4.0,4.0,53.8,1,12947,12947,12947,22432,12084,10381,1151,9652,18307,10768,25602,382,7930,1,18078,6878,1853,1,8:58,2022,2023
2022-23,1630578,Alperen Sengun,Alperen,1610612745,HOU,Houston Rockets,22200860,2023-02-13T00:00:00,HOU @ PHI,L,32.94833333333333,0.0,2.2,0.0,8.7,18.6,3.3,15.3,32.8,0.0,0.0,3.3,4.4,29.6,1,12947,12947,12947,5540,12084,8799,10252,8699,20792,4452,20312,16839,7930,1,15422,5987,14248,1,32:57,2022,2023
2022-23,1630231,KJ Martin,KJ,1610612745,HOU,Houston Rockets,22200860,2023-02-13T00:00:00,HOU @ PHI,L,31.45,8.0,6.9,9.2,13.7,17.2,3.4,12.6,38.9,0.0,2.3,1.1,2.3,31.4,1,12947,12947,12947,6870,1493,1927,765,3617,19499,4597,17457,11378,7930,23662,6510,12365,12952,1,31:27,2022,2023
2022-23,1630256,Jae'Sean Tate,Jae'Sean,1610612745,HOU,Houston Rockets,22200860,2023-02-13T00:00:00,HOU @ PHI,L,24.25,3.0,3.0,3.0,5.9,22.3,4.5,13.4,35.6,1.5,0.0,1.5,1.5,20.6,1,12947,12947,12947,12688,8456,6983,6813,12871,23050,5747,18295,14376,4731,1,7819,15457,20103,1,24:15,2022,2023
2022-23,1626163,Frank Kaminsky,Frank,1610612745,HOU,Houston Rockets,22200860,2023-02-13T00:00:00,HOU @ PHI,L,6.083333333333333,0.0,0.0,0.0,0.0,11.8,17.8,29.6,35.5,5.9,5.9,0.0,0.0,33.7,1,12947,12947,12947,23491,12084,10381,10252,19499,12817,22546,25278,14500,332,25686,1,17929,11222,1,6:05,2022,2023
2022-23,1631106,Tari Eason,Tari,1610612745,HOU,Houston Rockets,22200860,2023-02-13T00:00:00,HOU @ PHI,L,21.23333333333333,6.8,3.4,3.4,13.6,13.6,8.5,28.8,50.9,0.0,0.0,6.8,1.7,23.6,1,12947,12947,12947,15025,2314,6147,5976,3732,15175,11477,25218,3347,7930,1,23474,14750,18401,1,21:14,2022,2023
2022-23,1631095,Jabari Smith Jr.,Jabari,1610612745,HOU,Houston Rockets,22200840,2023-02-10T00:00:00,HOU @ MIA,L,34.068333333333335,3.2,4.2,3.2,8.5,10.6,6.3,12.7,23.2,1.1,0.0,5.3,2.1,38.1,1,12947,12947,12947,4549,7987,4741,6409,9070,10941,8310,17555,22932,6709,1,21308,13066,8231,1,34:04,2022,2023
2022-23,1630586,Usman Garuba,Usman,1610612745,HOU,Houston Rockets,22200840,2023-02-10T00:00:00,HOU @ MIA,L,13.908333333333331,0.0,5.2,0.0,5.2,10.4,0.0,12.9,25.9,0.0,0.0,5.2,0.0,33.1,1,12947,12947,12947,20092,12084,3418,10252,14082,10605,1,17837,21727,7930,1,21106,17929,11681,1,13:55,2022,2023
2022-23,1631102,TyTy Washington Jr.,TyTy,1610612745,HOU,Houston Rockets,22200840,2023-02-10T00:00:00,HOU @ MIA,L,22.621666666666663,0.0,0.0,0.0,6.4,11.1,3.2,8.0,22.3,0.0,0.0,1.6,3.2,35.3,1,12947,12947,12947,13926,12084,10381,10252,12137,11761,4365,10796,23260,7930,1,8140,9248,10109,1,22:37,2022,2023
2022-23,1630227,Daishen Nix,Daishen,1610612745,HOU,Houston Rockets,22200840,2023-02-10T00:00:00,HOU @ MIA,L,14.098333333333333,7.7,0.0,0.0,5.1,17.9,0.0,12.8,40.9,0.0,0.0,5.1,0.0,27.8,1,12947,12947,12947,19993,1684,10381,10252,14179,20171,1,17637,9662,7930,1,20955,17929,15555,1,14:06,2022,2023
2022-23,1630224,Jalen Green,Jalen,1610612745,HOU,Houston Rockets,22200840,2023-02-10T00:00:00,HOU @ MIA,L,32.528333333333336,2.2,2.2,2.2,11.1,13.3,6.6,16.6,22.1,0.0,2.2,1.1,2.2,27.7,1,12947,12947,12947,5902,10427,8709,8628,5886,14805,8692,21317,23315,7930,23492,6314,12661,15659,1,32:32,2022,2023
2022-23,1630231,KJ Martin,KJ,1610612745,HOU,Houston Rockets,22200840,2023-02-10T00:00:00,HOU @ MIA,L,37.91,1.9,1.9,5.7,9.5,15.2,3.8,16.1,26.6,1.9,0.0,1.9,2.8,33.9,1,12947,12947,12947,1569,11433,9741,2662,7734,17263,4969,20978,21318,3637,1,9191,10419,11088,1,37:55,2022,2023
2022-23,1631106,Tari Eason,Tari,1610612745,HOU,Houston Rockets,22200840,2023-02-10T00:00:00,HOU @ MIA,L,19.2,5.6,0.0,9.4,7.5,7.5,0.0,9.4,30.0,1.9,1.9,0.0,3.8,38.6,1,12947,12947,12947,16551,3504,10381,702,10411,6772,1,12978,19044,3710,22431,1,7623,7937,1,19:12,2022,2023
2022-23,1630528,Josh Christopher,Josh,1610612745,HOU,Houston Rockets,22200840,2023-02-10T00:00:00,HOU @ MIA,L,10.333333333333334,7.0,0.0,7.0,13.9,7.0,0.0,0.0,27.9,0.0,0.0,7.0,0.0,56.4,1,12947,12947,12947,21932,2160,10381,1692,3445,6169,1,1,20505,7930,1,23626,17929,1411,1,10:20,2022,2023
2022-23,1630256,Jae'Sean Tate,Jae'Sean,1610612745,HOU,Houston Rockets,22200840,2023-02-10T00:00:00,HOU @ MIA,L,24.433333333333334,0.0,2.9,0.0,5.9,8.8,8.8,13.3,23.6,0.0,2.9,5.9,4.4,15.2,1,12947,12947,12947,12554,12084,7033,10252,12952,8447,12030,18199,22781,7930,24614,22355,5868,22584,1,24:26,2022,2023
2022-23,1630578,Alperen Sengun,Alperen,1610612745,HOU,Houston Rockets,22200840,2023-02-10T00:00:00,HOU @ MIA,L,30.898333333333333,2.3,2.3,0.0,7.0,14.0,7.0,14.0,23.3,0.0,1.2,2.3,10.5,29.2,1,12947,12947,12947,7366,10083,8388,10252,11173,15700,9189,18993,22900,7930,19779,11374,382,14511,1,30:54,2022,2023
2022-23,1628981,Bruno Fernando,Bruno,1610612745,HOU,Houston Rockets,22200827,2023-02-08T00:00:00,HOU vs. SAC,L,13.1,0.0,11.0,0.0,16.5,8.2,16.5,5.5,33.0,2.7,2.7,8.2,0.0,61.8,1,12947,12947,12947,20541,12084,522,10252,2077,7706,21716,7436,16658,1943,24357,24431,17929,818,1,13:06,2022,2023
2022-23,1630578,Alperen Sengun,Alperen,1610612745,HOU,Houston Rockets,22200827,2023-02-08T00:00:00,HOU vs. SAC,L,34.54333333333334,2.1,4.2,0.0,12.5,25.0,2.1,20.8,54.2,1.0,1.0,5.2,3.1,49.3,1,12947,12947,12947,4133,10842,4830,10252,4576,23989,3522,23639,2226,6817,18824,21192,9440,2993,1,34:33,2022,2023
2022-23,1631106,Tari Eason,Tari,1610612745,HOU,Houston Rockets,22200827,2023-02-08T00:00:00,HOU vs. SAC,L,20.49,3.5,3.5,3.5,14.1,17.6,10.5,7.0,45.7,0.0,0.0,1.8,1.8,24.2,1,12947,12947,12947,15591,7220,5912,5768,3368,19918,14639,9467,5975,7930,1,8632,14534,17989,1,20:29,2022,2023
2022-23,1630231,KJ Martin,KJ,1610612745,HOU,Houston Rockets,22200827,2023-02-08T00:00:00,HOU vs. SAC,L,34.95,6.2,2.1,4.1,8.2,25.8,2.1,22.7,49.4,2.1,0.0,3.1,2.1,28.8,1,12947,12947,12947,3800,2850,9217,4645,9340,24180,3499,24201,3976,3158,1,14587,13300,14826,1,34:57,2022,2023
2022-23,201569,Eric Gordon,Eric,1610612745,HOU,Houston Rockets,22200827,2023-02-08T00:00:00,HOU vs. SAC,L,31.45,0.0,0.0,0.0,4.6,12.6,9.2,11.4,50.4,1.1,0.0,2.3,3.4,19.7,1,12947,12947,12947,6870,12084,10381,10252,15008,13887,12535,15951,3575,6130,1,11197,8515,20628,1,31:27,2022,2023
2022-23,1630256,Jae'Sean Tate,Jae'Sean,1610612745,HOU,Houston Rockets,22200827,2023-02-08T00:00:00,HOU vs. SAC,L,25.20833333333333,0.0,2.9,2.9,17.1,25.7,5.7,17.1,42.8,0.0,1.4,2.9,1.4,33.1,1,12947,12947,12947,11954,12084,7237,7082,1790,24168,7411,21719,8003,7930,21097,13490,15681,11680,1,25:13,2022,2023
2022-23,1631095,Jabari Smith Jr.,Jabari,1610612745,HOU,Houston Rockets,22200827,2023-02-08T00:00:00,HOU vs. SAC,L,31.933333333333334,0.0,0.0,0.0,6.8,19.2,4.5,20.3,49.6,2.3,0.0,2.3,2.3,31.8,1,12947,12947,12947,6437,12084,10381,10252,11536,21249,5805,23432,3895,2718,1,11043,12500,12641,1,31:56,2022,2023
2022-23,1630224,Jalen Green,Jalen,1610612745,HOU,Houston Rockets,22200827,2023-02-08T00:00:00,HOU vs. SAC,L,36.803333333333335,2.0,2.9,2.0,11.7,24.5,2.0,21.5,48.9,0.0,1.0,2.0,2.0,41.5,1,12947,12947,12947,2320,11261,7053,9487,5232,23844,3437,23876,4233,7930,18258,9525,13771,6283,1,36:48,2022,2023
2022-23,1630528,Josh Christopher,Josh,1610612745,HOU,Houston Rockets,22200827,2023-02-08T00:00:00,HOU vs. SAC,L,11.521666666666668,6.2,0.0,6.2,6.2,6.2,18.7,0.0,43.7,0.0,0.0,3.1,3.1,30.3,1,12947,12947,12947,21442,2784,10381,2174,12311,5380,23064,1,7309,7930,1,14748,9448,13731,1,11:31,2022,2023
2022-23,1630578,Alperen Sengun,Alperen,1610612745,HOU,Houston Rockets,22200812,2023-02-06T00:00:00,HOU vs. SAC,L,36.05,0.0,0.0,0.0,6.0,9.0,9.0,12.0,41.9,0.0,0.0,2.0,5.0,31.9,1,12947,12947,12947,2873,12084,10381,10252,12789,8633,12271,16710,8710,7930,1,9738,4700,12601,1,36:03,2022,2023
2022-23,1628981,Bruno Fernando,Bruno,1610612745,HOU,Houston Rockets,22200812,2023-02-06T00:00:00,HOU vs. SAC,L,9.5,0.0,0.0,0.0,7.6,26.5,7.6,26.5,45.5,3.8,3.8,3.8,11.4,45.5,1,12947,12947,12947,22238,12084,10381,10252,10283,24361,10062,24960,6092,1006,25229,17285,271,4349,1,9:30,2022,2023
2022-23,201569,Eric Gordon,Eric,1610612745,HOU,Houston Rockets,22200812,2023-02-06T00:00:00,HOU vs. SAC,L,31.23333333333333,3.5,0.0,0.0,4.6,11.5,6.9,18.4,43.8,1.2,0.0,1.2,3.5,39.2,1,12947,12947,12947,7060,7342,10381,10252,14942,12346,9080,22494,7252,6080,1,6553,8448,7567,1,31:14,2022,2023
2022-23,1631095,Jabari Smith Jr.,Jabari,1610612745,HOU,Houston Rockets,22200812,2023-02-06T00:00:00,HOU vs. SAC,L,34.86666666666667,2.1,2.1,0.0,8.3,7.2,9.3,10.3,41.3,0.0,1.0,1.0,1.0,21.7,1,12947,12947,12947,3864,10909,9202,10252,9315,6481,12737,14362,9281,7930,18743,5923,17466,19534,1,34:52,2022,2023
2022-23,1630620,Darius Days,Darius,1610612745,HOU,Houston Rockets,22200812,2023-02-06T00:00:00,HOU vs. SAC,L,2.45,0.0,29.4,0.0,29.4,0.0,0.0,0.0,29.4,0.0,0.0,0.0,0.0,86.7,1,12947,12947,12947,25088,12084,40,10252,195,1,1,1,19512,7930,1,1,17929,108,1,2:27,2022,2023
2022-23,1630586,Usman Garuba,Usman,1610612745,HOU,Houston Rockets,22200812,2023-02-06T00:00:00,HOU vs. SAC,L,2.45,0.0,44.1,0.0,0.0,0.0,0.0,0.0,29.4,0.0,0.0,0.0,0.0,66.1,1,12947,12947,12947,25088,12084,15,10252,19499,1,1,1,19512,7930,1,1,17929,528,1,2:27,2022,2023
2022-23,1630224,Jalen Green,Jalen,1610612745,HOU,Houston Rockets,22200812,2023-02-06T00:00:00,HOU vs. SAC,L,33.15,0.0,5.4,0.0,10.9,10.9,7.6,13.0,43.4,0.0,2.2,2.2,3.3,43.5,1,12947,12947,12947,5359,12084,3134,10252,6105,11369,10105,17948,7533,7930,23397,10656,9022,5274,1,33:09,2022,2023
2022-23,1630256,Jae'Sean Tate,Jae'Sean,1610612745,HOU,Houston Rockets,22200812,2023-02-06T00:00:00,HOU vs. SAC,L,21.383333333333333,0.0,6.7,0.0,13.5,16.8,11.8,16.8,43.8,1.7,0.0,5.1,5.1,35.9,1,12947,12947,12947,14889,12084,2014,10252,3802,19161,16513,21500,7281,4180,1,20823,4580,9757,1,21:23,2022,2023
2022-23,1630528,Josh Christopher,Josh,1610612745,HOU,Houston Rockets,22200812,2023-02-06T00:00:00,HOU vs. SAC,L,15.8,2.3,4.6,6.8,9.1,20.5,15.9,15.9,41.0,0.0,2.3,4.6,4.6,19.4,1,12947,12947,12947,18910,10230,4270,1772,8225,22131,21351,20822,9511,7930,23645,19652,5567,20783,1,15:48,2022,2023
2022-23,1630231,KJ Martin,KJ,1610612745,HOU,Houston Rockets,22200812,2023-02-06T00:00:00,HOU vs. SAC,L,32.2,2.2,2.2,2.2,13.4,7.8,4.5,13.4,42.5,0.0,0.0,0.0,1.1,32.5,1,12947,12947,12947,6174,10363,8650,8557,3846,7177,5769,18343,8260,7930,1,1,17073,12115,1,32:12,2022,2023
2022-23,1631106,Tari Eason,Tari,1610612745,HOU,Houston Rockets,22200812,2023-02-06T00:00:00,HOU vs. SAC,L,18.466666666666665,3.9,0.0,0.0,7.8,21.4,7.8,17.5,39.0,1.9,0.0,5.8,1.9,21.4,1,12947,12947,12947,17081,6408,10381,10252,9956,22659,10387,21966,11322,3495,1,22294,13797,19653,1,18:28,2022,2023
2022-23,1631102,TyTy Washington Jr.,TyTy,1610612745,HOU,Houston Rockets,22200812,2023-02-06T00:00:00,HOU vs. SAC,L,2.45,0.0,0.0,0.0,0.0,0.0,0.0,0.0,29.4,0.0,0.0,0.0,0.0,29.4,1,12947,12947,12947,25088,12084,10381,10252,19499,1,1,1,19512,7930,1,1,17929,14414,1,2:27,2022,2023
2022-23,1630231,KJ Martin,KJ,1610612745,HOU,Houston Rockets,22200799,2023-02-04T00:00:00,HOU @ OKC,L,31.1,2.3,0.0,4.6,2.3,20.8,24.3,18.5,53.2,1.2,0.0,0.0,1.2,19.1,1,12947,12947,12947,7186,10116,10381,3874,18744,22348,24879,22545,2516,6048,1,1,16875,20913,1,31:06,2022,2023
2022-23,1631102,TyTy Washington Jr.,TyTy,1610612745,HOU,Houston Rockets,22200799,2023-02-04T00:00:00,HOU @ OKC,L,25.016666666666666,2.9,2.9,2.9,17.3,18.7,15.8,25.9,48.9,1.4,1.4,4.3,1.4,37.4,1,12947,12947,12947,12107,8674,7180,7020,1738,20909,21254,24854,4226,4886,21144,18984,15627,8727,1,25:01,2022,2023
2022-23,1631106,Tari Eason,Tari,1610612745,HOU,Houston Rockets,22200799,2023-02-04T00:00:00,HOU @ OKC,L,25.366666666666667,8.5,11.4,0.0,11.4,12.8,5.7,22.7,36.9,0.0,2.8,2.8,7.1,42.0,1,12947,12947,12947,11827,1264,464,10252,5605,14130,7343,24218,13209,7930,24470,13418,1840,6003,1,25:22,2022,2023
2022-23,1631095,Jabari Smith Jr.,Jabari,1610612745,HOU,Houston Rockets,22200799,2023-02-04T00:00:00,HOU @ OKC,L,31.45,0.0,0.0,2.3,6.9,21.7,19.5,24.0,52.7,0.0,1.1,3.4,3.4,16.7,1,12947,12947,12947,6870,12084,10381,8407,11362,22789,23405,24531,2692,7930,19638,16008,8515,22004,1,31:27,2022,2023
2022-23,1631309,Trevor Hudgins,Trevor,1610612745,HOU,Houston Rockets,22200799,2023-02-04T00:00:00,HOU @ OKC,L,5.833333333333333,18.5,0.0,0.0,0.0,18.5,0.0,0.0,12.3,0.0,0.0,0.0,6.2,46.3,1,12947,12947,12947,23579,127,10381,10252,19499,20745,1,1,25052,7930,1,1,2818,4002,1,5:50,2022,2023
2022-23,1628981,Bruno Fernando,Bruno,1610612745,HOU,Houston Rockets,22200799,2023-02-04T00:00:00,HOU @ OKC,L,17.543333333333333,0.0,8.2,0.0,16.4,12.3,14.4,12.3,28.7,2.1,0.0,4.1,4.1,46.2,1,12947,12947,12947,17738,12084,1235,10252,2113,13504,19833,17134,19947,3183,1,18369,6630,4042,1,17:33,2022,2023
2022-23,1630224,Jalen Green,Jalen,1610612745,HOU,Houston Rockets,22200799,2023-02-04T00:00:00,HOU @ OKC,L,22.4,0.0,0.0,0.0,6.4,17.7,20.9,25.7,70.7,3.2,0.0,1.6,3.2,40.8,1,12947,12947,12947,14108,12084,10381,10252,12036,20019,24000,24819,439,1458,1,8191,9154,6641,1,22:24,2022,2023
2022-23,1630528,Josh Christopher,Josh,1610612745,HOU,Houston Rockets,22200799,2023-02-04T00:00:00,HOU @ OKC,L,28.33333333333333,1.3,0.0,5.1,12.7,20.3,12.7,14.0,33.0,1.3,1.3,2.5,3.8,38.8,1,12947,12947,12947,9456,11890,10381,3314,4401,22020,17795,18983,16623,5520,20421,12170,7445,7860,1,28:20,2022,2023
2022-23,1630227,Daishen Nix,Daishen,1610612745,HOU,Houston Rockets,22200799,2023-02-04T00:00:00,HOU @ OKC,L,17.15,0.0,0.0,0.0,4.2,18.9,21.0,18.9,54.6,2.1,0.0,0.0,0.0,27.1,1,12947,12947,12947,18024,12084,10381,10252,15719,21046,24041,22737,2130,3057,1,1,17929,16059,1,17:09,2022,2023
2022-23,1626246,Boban Marjanović,Boban,1610612745,HOU,Houston Rockets,22200799,2023-02-04T00:00:00,HOU @ OKC,L,5.733333333333333,0.0,0.0,0.0,12.6,18.8,0.0,0.0,12.6,0.0,0.0,0.0,0.0,20.1,1,12947,12947,12947,23610,12084,10381,10252,4532,21002,1,1,25041,7930,1,1,17929,20415,1,5:44,2022,2023
2022-23,1630586,Usman Garuba,Usman,1610612745,HOU,Houston Rockets,22200799,2023-02-04T00:00:00,HOU @ OKC,L,14.856666666666667,0.0,0.0,0.0,9.7,17.0,0.0,14.5,33.9,0.0,2.4,2.4,0.0,44.3,1,12947,12947,12947,19528,12084,10381,10252,7456,19288,1,19575,15841,7930,23923,11728,17929,4829,1,14:51,2022,2023
2022-23,1630578,Alperen Sengun,Alperen,1610612745,HOU,Houston Rockets,22200799,2023-02-04T00:00:00,HOU @ OKC,L,15.216666666666669,0.0,4.7,0.0,23.7,26.0,28.4,37.9,71.0,2.4,0.0,9.5,2.4,45.7,1,12947,12947,12947,19299,12084,4013,10252,474,24246,25351,25639,430,2476,1,24931,12062,4263,1,15:13,2022,2023
2022-23,201569,Eric Gordon,Eric,1610612745,HOU,Houston Rockets,22200789,2023-02-03T00:00:00,HOU vs. TOR,L,33.9,8.5,4.2,4.2,17.0,7.4,6.4,11.7,23.4,0.0,1.1,4.2,3.2,43.6,1,12947,12947,12947,4713,1271,4705,4428,1862,6700,8353,16304,22874,7930,18998,18781,9235,5209,1,33:54,2022,2023
2022-23,1629726,Garrison Mathews,Garrison,1610612745,HOU,Houston Rockets,22200789,2023-02-03T00:00:00,HOU vs. TOR,L,7.083333333333333,0.0,0.0,0.0,0.0,25.4,0.0,0.0,30.5,0.0,5.1,0.0,0.0,7.1,1,12947,12947,12947,23108,12084,10381,10252,19499,24101,1,1,18693,7930,25581,1,17929,24526,1,7:05,2022,2023
2022-23,1630227,Daishen Nix,Daishen,1610612745,HOU,Houston Rockets,22200789,2023-02-03T00:00:00,HOU vs. TOR,L,32.8,0.0,0.0,0.0,4.4,11.0,9.9,22.0,32.9,0.0,1.1,3.3,0.0,21.4,1,12947,12947,12947,5657,12084,10381,10252,15331,11514,13653,24013,16709,7930,19300,15466,17929,19684,1,32:48,2022,2023
2022-23,1631102,TyTy Washington Jr.,TyTy,1610612745,HOU,Houston Rockets,22200789,2023-02-03T00:00:00,HOU vs. TOR,L,2.1166666666666667,0.0,0.0,0.0,0.0,0.0,34.0,0.0,0.0,0.0,0.0,0.0,0.0,0.0,1,12947,12947,12947,25208,12084,10381,10252,19499,1,25624,1,25269,7930,1,1,17929,24963,1,2:07,2022,2023
2022-23,1631106,Tari Eason,Tari,1610612745,HOU,Houston Rockets,22200789,2023-02-03T00:00:00,HOU vs. TOR,L,13.366666666666667,0.0,0.0,0.0,5.4,13.5,13.5,0.0,21.5,0.0,0.0,5.4,0.0,18.3,1,12947,12947,12947,20409,12084,10381,10252,13780,15057,18788,1,23509,7930,1,21496,17929,21317,1,13:22,2022,2023
2022-23,1630256,Jae'Sean Tate,Jae'Sean,1610612745,HOU,Houston Rockets,22200789,2023-02-03T00:00:00,HOU vs. TOR,L,16.783333333333335,0.0,0.0,0.0,4.3,15.0,15.0,17.2,34.3,0.0,4.3,4.3,10.7,9.4,1,12947,12947,12947,18269,12084,10381,10252,15549,17021,20507,21737,15497,7930,25408,18905,338,24153,1,16:47,2022,2023
2022-23,1630231,KJ Martin,KJ,1610612745,HOU,Houston Rockets,22200789,2023-02-03T00:00:00,HOU vs. TOR,L,34.583333333333336,2.1,0.0,4.2,14.6,9.4,8.3,20.8,29.1,1.0,0.0,3.1,2.1,35.1,1,12947,12947,12947,4102,10848,10381,4575,3045,9175,11243,23630,19671,6825,1,14738,13198,10273,1,34:35,2022,2023
2022-23,1630528,Josh Christopher,Josh,1610612745,HOU,Houston Rockets,22200789,2023-02-03T00:00:00,HOU vs. TOR,L,18.766666666666666,3.8,3.8,3.8,23.0,7.7,24.9,7.7,26.9,1.9,0.0,1.9,0.0,47.0,1,12947,12947,12947,16862,6528,5386,5159,537,6988,24987,10394,21165,3574,1,9309,17929,3768,1,18:46,2022,2023
2022-23,1631095,Jabari Smith Jr.,Jabari,1610612745,HOU,Houston Rockets,22200789,2023-02-03T00:00:00,HOU vs. TOR,L,32.90833333333333,2.2,4.4,0.0,4.4,9.8,10.9,18.6,30.6,0.0,1.1,2.2,3.3,27.5,1,12947,12947,12947,5576,10517,4532,10252,15370,9842,15255,22587,18602,7930,19275,10747,8939,15808,1,32:55,2022,2023
2022-23,1628981,Bruno Fernando,Bruno,1610612745,HOU,Houston Rockets,22200789,2023-02-03T00:00:00,HOU vs. TOR,L,14.375,2.5,2.5,0.0,0.0,10.0,10.0,0.0,20.0,5.0,2.5,10.0,5.0,34.3,1,12947,12947,12947,19837,9599,7961,10252,19499,10102,13858,1,23946,511,24059,25063,4665,10808,1,14:23,2022,2023
2022-23,1630578,Alperen Sengun,Alperen,1610612745,HOU,Houston Rockets,22200789,2023-02-03T00:00:00,HOU vs. TOR,L,33.31666666666667,0.0,0.0,0.0,10.8,10.8,11.9,21.6,32.4,0.0,0.0,5.4,10.8,38.7,1,12947,12947,12947,5200,12084,10381,10252,6157,11278,16652,23903,17150,7930,1,21526,331,7908,1,33:19,2022,2023
2022-23,1630231,KJ Martin,KJ,1610612745,HOU,Houston Rockets,22200773,2023-02-01T00:00:00,HOU vs. OKC,W,31.696666666666665,0.0,4.5,9.1,13.6,10.2,18.2,8.0,31.8,0.0,1.1,1.1,5.7,36.8,1,1,1,1,6653,12084,4288,791,3694,10408,22775,10777,17677,7930,19568,6468,3498,9156,1,31:42,2022,2023
2022-23,1631095,Jabari Smith Jr.,Jabari,1610612745,HOU,Houston Rockets,22200773,2023-02-01T00:00:00,HOU vs. OKC,W,26.601666666666667,2.7,5.4,0.0,2.7,9.5,17.6,13.5,27.1,1.4,0.0,4.1,1.4,23.5,1,1,1,1,10881,9097,3151,10252,18082,9316,22449,18499,21029,5195,1,18231,15950,18412,1,26:36,2022,2023
2022-23,1628981,Bruno Fernando,Bruno,1610612745,HOU,Houston Rockets,22200773,2023-02-01T00:00:00,HOU vs. OKC,W,9.916666666666666,0.0,7.3,0.0,7.3,18.2,32.7,7.3,36.3,14.5,0.0,7.3,3.6,71.2,1,1,1,1,22094,12084,1671,10252,10779,20424,25581,9805,13761,31,1,23882,7937,345,1,9:55,2022,2023
2022-23,1631106,Tari Eason,Tari,1610612745,HOU,Houston Rockets,22200773,2023-02-01T00:00:00,HOU vs. OKC,W,19.086666666666662,9.4,17.0,3.8,26.4,22.6,28.3,9.4,41.5,3.8,3.8,7.5,3.8,94.5,1,1,1,1,16637,932,154,5280,306,23209,25344,13061,9110,1019,25219,24077,7561,75,1,19:05,2022,2023
2022-23,1630578,Alperen Sengun,Alperen,1610612745,HOU,Houston Rockets,22200773,2023-02-01T00:00:00,HOU vs. OKC,W,32.836666666666666,0.0,0.0,0.0,8.8,15.3,13.2,8.8,32.9,3.3,2.2,4.4,5.5,39.9,1,1,1,1,5633,12084,10381,10252,8657,17466,18406,12086,16744,1392,23444,19171,3808,7156,1,32:50,2022,2023
2022-23,1630528,Josh Christopher,Josh,1610612745,HOU,Houston Rockets,22200773,2023-02-01T00:00:00,HOU vs. OKC,W,13.595,5.3,10.6,0.0,21.2,34.4,23.8,5.3,53.0,0.0,2.6,0.0,5.3,48.5,1,1,1,1,20279,3936,583,10252,772,25321,24786,7152,2589,7930,24250,1,4117,3272,1,13:36,2022,2023
2022-23,1630256,Jae'Sean Tate,Jae'Sean,1610612745,HOU,Houston Rockets,22200773,2023-02-01T00:00:00,HOU vs. OKC,W,20.23333333333333,0.0,0.0,0.0,7.1,24.9,14.2,3.6,35.6,0.0,0.0,8.9,1.8,24.4,1,1,1,1,15780,12084,10381,10252,11012,23958,19703,5057,14417,7930,1,24703,14466,17905,1,20:14,2022,2023
2022-23,1630227,Daishen Nix,Daishen,1610612745,HOU,Houston Rockets,22200773,2023-02-01T00:00:00,HOU vs. OKC,W,32.55,0.0,0.0,0.0,6.6,11.1,19.9,7.7,33.2,2.2,0.0,1.1,1.1,28.6,1,1,1,1,5878,12084,10381,10252,11735,11635,23606,10505,16501,2804,1,6309,17137,14953,1,32:33,2022,2023
2022-23,1629726,Garrison Mathews,Garrison,1610612745,HOU,Houston Rockets,22200773,2023-02-01T00:00:00,HOU vs. OKC,W,18.95,0.0,0.0,0.0,0.0,30.4,26.6,13.3,41.8,0.0,0.0,0.0,0.0,13.5,1,1,1,1,16742,12084,10381,10252,19499,24991,25181,18231,8838,7930,1,1,17929,23141,1,18:57,2022,2023
2022-23,201569,Eric Gordon,Eric,1610612745,HOU,Houston Rockets,22200773,2023-02-01T00:00:00,HOU vs. OKC,W,34.53333333333333,0.0,2.1,0.0,10.4,15.6,16.7,10.4,29.2,0.0,0.0,0.0,5.2,37.6,1,1,1,1,4140,12084,9132,10252,6577,17796,21843,14532,19638,7930,1,1,4276,8566,1,34:32,2022,2023
2022-23,1630586,Usman Garuba,Usman,1610612745,HOU,Houston Rockets,22200743,2023-01-28T00:00:00,HOU @ DET,W,19.433333333333334,0.0,3.7,0.0,3.7,24.1,3.7,7.4,29.6,0.0,0.0,1.9,0.0,30.9,1,1,1,1,16361,12084,5603,10252,16649,23722,4855,10041,19316,7930,1,8968,17929,13277,1,19:26,2022,2023
2022-23,1629726,Garrison Mathews,Garrison,1610612745,HOU,Houston Rockets,22200743,2023-01-28T00:00:00,HOU @ DET,W,12.516666666666667,0.0,0.0,0.0,0.0,28.8,0.0,5.8,34.5,0.0,0.0,0.0,2.9,23.0,1,1,1,1,20889,12084,10381,10252,19499,24760,1,7771,15330,7930,1,1,10302,18744,1,12:31,2022,2023
2022-23,201569,Eric Gordon,Eric,1610612745,HOU,Houston Rockets,22200743,2023-01-28T00:00:00,HOU @ DET,W,33.55,4.3,2.1,2.1,15.0,18.2,2.1,4.3,32.2,0.0,0.0,0.0,6.4,39.2,1,1,1,1,4994,5617,8921,8822,2809,20505,3553,5909,17343,7930,1,1,2526,7582,1,33:33,2022,2023
2022-23,1631106,Tari Eason,Tari,1610612745,HOU,Houston Rockets,22200743,2023-01-28T00:00:00,HOU @ DET,W,31.063333333333333,10.4,2.3,8.1,13.9,11.6,4.6,2.3,32.4,0.0,1.2,1.2,1.2,38.8,1,1,1,1,7225,672,8421,1107,3467,12450,5958,4034,17111,7930,19736,6587,16873,7822,1,31:04,2022,2023
2022-23,1630227,Daishen Nix,Daishen,1610612745,HOU,Houston Rockets,22200743,2023-01-28T00:00:00,HOU @ DET,W,26.8,0.0,0.0,0.0,0.0,12.1,2.7,5.4,29.6,0.0,0.0,4.0,4.0,20.1,1,1,1,1,10729,12084,10381,10252,19499,13192,3974,7260,19394,7930,1,18135,6829,20377,1,26:48,2022,2023
2022-23,1630528,Josh Christopher,Josh,1610612745,HOU,Houston Rockets,22200743,2023-01-28T00:00:00,HOU @ DET,W,16.116666666666667,13.4,6.7,4.5,13.4,17.9,4.5,0.0,35.7,0.0,2.2,0.0,4.5,26.1,1,1,1,1,18692,295,2045,4099,3858,20169,5761,1,14270,7930,23550,1,5771,16734,1,16:07,2022,2023
2022-23,1631102,TyTy Washington Jr.,TyTy,1610612745,HOU,Houston Rockets,22200743,2023-01-28T00:00:00,HOU @ DET,W,3.75,0.0,0.0,0.0,19.2,48.0,0.0,0.0,19.2,0.0,0.0,9.6,0.0,9.6,1,1,1,1,24474,12084,10381,10252,1169,25678,1,1,24118,7930,1,24961,17929,24123,1,3:45,2022,2023
2022-23,1628981,Bruno Fernando,Bruno,1610612745,HOU,Houston Rockets,22200743,2023-01-28T00:00:00,HOU @ DET,W,16.433333333333334,0.0,4.4,0.0,13.1,17.5,0.0,0.0,35.1,0.0,4.4,11.0,4.4,24.3,1,1,1,1,18501,12084,4524,10252,4042,19877,1,1,14891,7930,25432,25245,5954,17941,1,16:26,2022,2023
2022-23,1631095,Jabari Smith Jr.,Jabari,1610612745,HOU,Houston Rockets,22200743,2023-01-28T00:00:00,HOU @ DET,W,33.57,0.0,4.3,0.0,2.1,10.7,4.3,2.1,30.0,3.2,0.0,2.1,4.3,42.3,1,1,1,1,4980,12084,4655,10252,19056,11159,5554,3897,19033,1454,1,10522,6164,5894,1,33:34,2022,2023
2022-23,1630256,Jae'Sean Tate,Jae'Sean,1610612745,HOU,Houston Rockets,22200743,2023-01-28T00:00:00,HOU @ DET,W,20.066666666666663,0.0,3.6,0.0,21.5,21.5,3.6,0.0,28.7,0.0,0.0,7.2,5.4,29.8,1,1,1,1,15901,12084,5789,10252,718,22695,4738,1,19962,7930,1,23820,3950,14130,1,20:04,2022,2023
2022-23,1630231,KJ Martin,KJ,1610612745,HOU,Houston Rockets,22200743,2023-01-28T00:00:00,HOU @ DET,W,26.7,2.7,5.4,5.4,18.9,17.5,2.7,2.7,32.4,1.3,1.3,4.0,4.0,46.0,1,1,1,1,10805,9120,3166,2968,1249,19879,3979,4323,17206,5209,20795,18188,6785,4128,1,26:42,2022,2023
2022-23,1626246,Boban Marjanović,Boban,1610612745,HOU,Houston Rockets,22200733,2023-01-26T00:00:00,HOU vs. CLE,L,6.333333333333333,0.0,22.7,0.0,22.7,11.4,0.0,0.0,22.7,0.0,0.0,0.0,5.7,51.7,1,12947,12947,12947,23390,12084,75,10252,567,12106,1,1,23105,7930,1,1,3489,2294,1,6:20,2022,2023
2022-23,1628981,Bruno Fernando,Bruno,1610612745,HOU,Houston Rockets,22200733,2023-01-26T00:00:00,HOU vs. CLE,L,15.005,0.0,0.0,4.8,9.6,31.2,19.2,9.6,24.0,2.4,2.4,4.8,0.0,37.7,1,12947,12947,12947,19443,12084,10381,3655,7593,25078,23269,13280,22635,2421,23889,20247,17929,8539,1,15:00,2022,2023
2022-23,1631106,Tari Eason,Tari,1610612745,HOU,Houston Rockets,22200733,2023-01-26T00:00:00,HOU vs. CLE,L,25.25,0.0,10.0,5.7,22.8,31.4,7.1,14.3,28.5,1.4,0.0,4.3,2.9,50.9,1,12947,12947,12947,11912,12084,693,2655,564,25096,9376,19282,20084,4928,1,18863,10404,2524,1,25:15,2022,2023
2022-23,1630231,KJ Martin,KJ,1610612745,HOU,Houston Rockets,22200733,2023-01-26T00:00:00,HOU vs. CLE,L,26.85,0.0,2.7,0.0,13.4,29.5,18.8,14.7,32.2,0.0,0.0,2.7,2.7,35.1,1,12947,12947,12947,10696,12084,7602,10252,3854,24876,23076,19772,17351,7930,1,12716,10987,10243,1,26:51,2022,2023
2022-23,1630528,Josh Christopher,Josh,1610612745,HOU,Houston Rockets,22200733,2023-01-26T00:00:00,HOU vs. CLE,L,19.23333333333333,3.7,3.7,9.4,7.5,39.3,22.5,16.8,44.9,0.0,0.0,1.9,3.7,11.6,1,12947,12947,12947,16517,6718,5551,705,10434,25506,24452,21510,6453,7930,1,9057,7639,23693,1,19:14,2022,2023
2022-23,1631102,TyTy Washington Jr.,TyTy,1610612745,HOU,Houston Rockets,22200733,2023-01-26T00:00:00,HOU vs. CLE,L,28.766666666666666,2.5,0.0,2.5,5.0,23.8,11.3,10.0,25.0,0.0,0.0,1.3,1.3,22.7,1,12947,12947,12947,9128,9603,10381,7868,14312,23627,15770,13880,22144,7930,1,6998,16398,18949,1,28:46,2022,2023
2022-23,1631095,Jabari Smith Jr.,Jabari,1610612745,HOU,Houston Rockets,22200733,2023-01-26T00:00:00,HOU vs. CLE,L,19.08333333333333,3.8,3.8,3.8,11.3,34.0,24.5,13.2,41.5,3.8,0.0,7.5,5.7,44.3,1,12947,12947,12947,16638,6653,5504,5274,5641,25294,24913,18141,9097,1017,1,24079,3534,4837,1,19:05,2022,2023
2022-23,1630578,Alperen Sengun,Alperen,1610612745,HOU,Houston Rockets,22200733,2023-01-26T00:00:00,HOU vs. CLE,L,30.328333333333333,0.0,5.9,0.0,14.2,29.7,19.0,15.4,38.0,2.4,1.2,4.7,4.7,48.5,1,12947,12947,12947,7843,12084,2648,10252,3234,24898,23185,20406,12257,2457,19923,20120,5179,3235,1,30:20,2022,2023
2022-23,1629726,Garrison Mathews,Garrison,1610612745,HOU,Houston Rockets,22200733,2023-01-26T00:00:00,HOU vs. CLE,L,20.1,0.0,0.0,0.0,0.0,28.7,12.5,10.7,32.2,0.0,0.0,1.8,0.0,6.1,1,12947,12947,12947,15875,12084,10381,10252,19499,24742,17551,14967,17297,7930,1,8744,17929,24652,1,20:06,2022,2023
2022-23,1630227,Daishen Nix,Daishen,1610612745,HOU,Houston Rockets,22200733,2023-01-26T00:00:00,HOU vs. CLE,L,21.066666666666663,0.0,0.0,0.0,0.0,22.2,6.8,10.3,27.3,0.0,1.7,0.0,1.7,13.5,1,12947,12947,12947,15165,12084,10381,10252,19499,23031,8973,14265,20859,7930,21963,1,14704,23139,1,21:04,2022,2023
2022-23,1630224,Jalen Green,Jalen,1610612745,HOU,Houston Rockets,22200733,2023-01-26T00:00:00,HOU vs. CLE,L,27.98333333333333,0.0,0.0,0.0,0.0,37.3,21.9,14.2,38.6,0.0,1.3,2.6,0.0,13.5,1,12947,12947,12947,9733,12084,10381,10252,19499,25443,24304,19185,11674,7930,20495,12281,17929,23133,1,27:59,2022,2023
2022-23,1629726,Garrison Mathews,Garrison,1610612745,HOU,Houston Rockets,22200722,2023-01-25T00:00:00,HOU vs. WAS,L,11.15,0.0,9.7,0.0,0.0,25.8,12.9,22.6,38.7,0.0,0.0,6.5,0.0,37.8,1,12947,12947,12947,21587,12084,753,10252,19499,24199,18092,24183,11536,7930,1,23130,17929,8468,1,11:09,2022,2023
2022-23,1630231,KJ Martin,KJ,1610612745,HOU,Houston Rockets,22200722,2023-01-25T00:00:00,HOU vs. WAS,L,33.766666666666666,4.3,2.1,6.4,17.1,9.6,8.5,11.7,27.7,1.1,0.0,1.1,2.1,37.4,1,12947,12947,12947,4813,5658,8966,2046,1832,9486,11559,16358,20623,6641,1,6094,12983,8717,1,33:46,2022,2023
2022-23,1630224,Jalen Green,Jalen,1610612745,HOU,Houston Rockets,22200722,2023-01-25T00:00:00,HOU vs. WAS,L,38.083333333333336,2.8,0.0,0.0,3.8,14.2,14.2,10.4,28.4,0.0,3.8,2.8,2.8,29.6,1,12947,12947,12947,1474,8781,10381,10252,16501,15967,19643,14483,20183,7930,25223,13405,10463,14268,1,38:05,2022,2023
2022-23,1631095,Jabari Smith Jr.,Jabari,1610612745,HOU,Houston Rockets,22200722,2023-01-25T00:00:00,HOU vs. WAS,L,29.433333333333334,2.4,4.9,2.4,4.9,11.0,12.2,13.5,34.2,1.2,0.0,3.7,2.4,22.5,1,12947,12947,12947,8589,9750,3781,7987,14481,11558,17146,18395,15559,5722,1,16876,11751,19031,1,29:26,2022,2023
2022-23,1630528,Josh Christopher,Josh,1610612745,HOU,Houston Rockets,22200722,2023-01-25T00:00:00,HOU vs. WAS,L,8.833333333333334,0.0,8.2,0.0,16.3,40.8,28.5,16.3,32.6,0.0,0.0,0.0,4.1,41.6,1,12947,12947,12947,22479,12084,1248,10252,2163,25540,25362,21111,16964,7930,1,1,6705,6234,1,8:50,2022,2023
2022-23,1631106,Tari Eason,Tari,1610612745,HOU,Houston Rockets,22200722,2023-01-25T00:00:00,HOU vs. WAS,L,18.566666666666663,3.9,1.9,3.9,7.8,27.1,13.6,13.6,23.3,3.9,0.0,1.9,1.9,27.3,1,12947,12947,12947,16990,6452,9611,5094,10024,24507,18908,18552,22916,958,1,9416,13852,15894,1,18:34,2022,2023
2022-23,201569,Eric Gordon,Eric,1610612745,HOU,Houston Rockets,22200722,2023-01-25T00:00:00,HOU vs. WAS,L,31.2,2.3,0.0,0.0,6.9,26.5,15.0,20.8,41.5,0.0,1.2,1.2,0.0,20.4,1,12947,12947,12947,7099,10134,10381,10252,11276,24367,20473,23608,9040,7930,19698,6562,17929,20225,1,31:12,2022,2023
2022-23,1630256,Jae'Sean Tate,Jae'Sean,1610612745,HOU,Houston Rockets,22200722,2023-01-25T00:00:00,HOU vs. WAS,L,20.986666666666668,0.0,0.0,3.4,17.2,6.9,6.9,5.1,13.7,0.0,3.4,3.4,0.0,43.9,1,12947,12947,12947,15216,12084,10381,5915,1783,6059,9007,6965,24944,7930,25049,15998,17929,5058,1,20:59,2022,2023
2022-23,1628981,Bruno Fernando,Bruno,1610612745,HOU,Houston Rockets,22200722,2023-01-25T00:00:00,HOU vs. WAS,L,11.266666666666667,0.0,3.2,0.0,6.4,25.6,6.4,22.4,32.0,12.8,0.0,3.2,6.4,65.8,1,12947,12947,12947,21546,12084,6523,10252,12097,24135,8376,24124,17548,41,1,15066,2570,546,1,11:16,2022,2023
2022-23,1630578,Alperen Sengun,Alperen,1610612745,HOU,Houston Rockets,22200722,2023-01-25T00:00:00,HOU vs. WAS,L,36.71333333333333,2.0,3.9,0.0,19.6,14.7,14.7,10.8,29.4,2.0,0.0,1.0,4.9,60.0,1,12947,12947,12947,2381,11246,5230,10252,1077,16655,20197,15024,19482,3460,1,5642,4877,976,1,36:43,2022,2023
2022-23,201569,Eric Gordon,Eric,1610612745,HOU,Houston Rockets,22200709,2023-01-23T00:00:00,HOU vs. MIN,W,30.451666666666668,2.4,0.0,0.0,7.1,10.6,2.4,18.9,44.9,1.2,2.4,1.2,3.5,34.0,1,1,1,1,7732,9987,10381,10252,11052,11036,3735,22755,6452,5933,23815,6710,8177,10983,1,30:27,2022,2023
2022-23,1630224,Jalen Green,Jalen,1610612745,HOU,Houston Rockets,22200709,2023-01-23T00:00:00,HOU vs. MIN,W,35.11666666666667,3.1,2.1,0.0,10.3,14.4,10.3,11.3,28.7,1.0,1.0,0.0,7.2,59.3,1,1,1,1,3651,8203,9259,10252,6768,16187,14231,15717,19962,6935,18684,1,1767,1062,1,35:07,2022,2023
2022-23,1628981,Bruno Fernando,Bruno,1610612745,HOU,Houston Rockets,22200709,2023-01-23T00:00:00,HOU vs. MIN,W,11.116666666666667,0.0,6.5,0.0,13.0,0.0,13.0,13.0,25.9,3.2,3.2,3.2,0.0,47.9,1,1,1,1,21597,12084,2206,10252,4193,1,18146,17851,21718,1438,24897,15243,17929,3450,1,11:07,2022,2023
2022-23,1630578,Alperen Sengun,Alperen,1610612745,HOU,Houston Rockets,22200709,2023-01-23T00:00:00,HOU vs. MIN,W,34.80166666666667,4.1,6.2,0.0,14.5,17.6,6.2,11.4,31.0,0.0,1.0,3.1,6.2,36.1,1,1,1,1,3911,5918,2408,10252,3103,19927,8119,15863,18263,7930,18756,14643,2773,9612,1,34:48,2022,2023
2022-23,1630528,Josh Christopher,Josh,1610612745,HOU,Houston Rockets,22200709,2023-01-23T00:00:00,HOU vs. MIN,W,3.85,0.0,0.0,0.0,0.0,0.0,0.0,18.7,56.1,0.0,9.4,0.0,0.0,11.2,1,1,1,1,24437,12084,10381,10252,19499,1,1,22648,1743,7930,25829,1,17929,23782,1,3:51,2022,2023
2022-23,1630231,KJ Martin,KJ,1610612745,HOU,Houston Rockets,22200709,2023-01-23T00:00:00,HOU vs. MIN,W,32.93333333333333,2.2,0.0,2.2,4.4,13.1,8.7,12.0,30.6,0.0,1.1,2.2,1.1,27.8,1,1,1,1,5546,10521,10381,8697,15373,14582,11871,16767,18612,7930,19267,10733,17200,15592,1,32:56,2022,2023
2022-23,1630256,Jae'Sean Tate,Jae'Sean,1610612745,HOU,Houston Rockets,22200709,2023-01-23T00:00:00,HOU vs. MIN,W,22.301666666666662,3.2,0.0,3.2,6.5,19.4,12.9,8.1,25.8,0.0,0.0,4.8,4.8,32.1,1,1,1,1,14183,7864,10381,6303,12002,21378,18090,10965,21759,7930,1,20341,4997,12423,1,22:18,2022,2023
2022-23,1631102,TyTy Washington Jr.,TyTy,1610612745,HOU,Houston Rockets,22200709,2023-01-23T00:00:00,HOU vs. MIN,W,12.883333333333333,0.0,0.0,0.0,0.0,14.0,0.0,16.8,44.7,0.0,0.0,0.0,0.0,13.1,1,1,1,1,20666,12084,10381,10252,19499,15686,1,21434,6604,7930,1,1,17929,23233,1,12:53,2022,2023
2022-23,1630586,Usman Garuba,Usman,1610612745,HOU,Houston Rockets,22200709,2023-01-23T00:00:00,HOU vs. MIN,W,2.0166666666666666,0.0,0.0,0.0,0.0,35.7,0.0,35.7,71.4,0.0,0.0,17.9,0.0,0.0,1,1,1,1,25261,12084,10381,10252,19499,25385,1,25587,410,7930,1,25725,17929,24963,1,2:01,2022,2023
2022-23,1631106,Tari Eason,Tari,1610612745,HOU,Houston Rockets,22200709,2023-01-23T00:00:00,HOU vs. MIN,W,26.086666666666662,0.0,2.8,4.1,13.8,9.7,2.8,16.6,41.4,2.8,0.0,4.1,1.4,54.2,1,1,1,1,11262,12084,7462,4611,3561,9573,4020,21285,9197,1930,1,18466,15857,1767,1,26:05,2022,2023
2022-23,1629726,Garrison Mathews,Garrison,1610612745,HOU,Houston Rockets,22200709,2023-01-23T00:00:00,HOU vs. MIN,W,28.441666666666663,6.3,2.5,2.5,5.1,21.5,12.7,6.3,20.3,0.0,0.0,1.3,1.3,15.9,1,1,1,1,9366,2707,7905,7818,14246,22691,17713,8522,23884,7930,1,7051,16332,22324,1,28:27,2022,2023
2022-23,1630231,KJ Martin,KJ,1610612745,HOU,Houston Rockets,22200696,2023-01-21T00:00:00,HOU @ MIN,L,30.45,5.9,2.4,0.0,14.2,21.3,3.5,11.8,30.7,0.0,2.4,2.4,3.5,31.7,1,12947,12947,12947,7733,3138,8311,10252,3266,22579,4703,16488,18501,7930,23816,11501,8175,12711,1,30:27,2022,2023
2022-23,1629726,Garrison Mathews,Garrison,1610612745,HOU,Houston Rockets,22200696,2023-01-21T00:00:00,HOU @ MIN,L,17.55,0.0,0.0,0.0,4.1,22.6,0.0,8.2,32.8,0.0,0.0,4.1,6.2,22.4,1,12947,12947,12947,17731,12084,10381,10252,15918,23177,1,11158,16800,7930,1,18362,2844,19109,1,17:33,2022,2023
2022-23,201569,Eric Gordon,Eric,1610612745,HOU,Houston Rockets,22200696,2023-01-21T00:00:00,HOU @ MIN,L,33.516666666666666,5.4,2.1,0.0,10.7,18.3,3.2,12.9,23.6,0.0,0.0,2.1,1.1,30.4,1,12947,12947,12947,5029,3825,8914,10252,6221,20521,4397,17780,22768,7930,1,10534,17272,13675,1,33:31,2022,2023
2022-23,1630256,Jae'Sean Tate,Jae'Sean,1610612745,HOU,Houston Rockets,22200696,2023-01-21T00:00:00,HOU @ MIN,L,21.2,0.0,0.0,5.1,0.0,28.9,0.0,10.2,34.0,0.0,3.4,5.1,5.1,23.1,1,12947,12947,12947,15054,12084,10381,3299,19499,24774,1,14146,15813,7930,25018,20922,4483,18696,1,21:12,2022,2023
2022-23,1631106,Tari Eason,Tari,1610612745,HOU,Houston Rockets,22200696,2023-01-21T00:00:00,HOU @ MIN,L,26.8,4.0,10.7,0.0,10.7,17.5,4.0,13.4,24.2,0.0,0.0,2.7,2.7,34.0,1,12947,12947,12947,10729,6136,558,10252,6209,19808,5258,18369,22532,7930,1,12740,10966,11032,1,26:48,2022,2023
2022-23,1630586,Usman Garuba,Usman,1610612745,HOU,Houston Rockets,22200696,2023-01-21T00:00:00,HOU @ MIN,L,10.9,0.0,0.0,0.0,0.0,23.1,0.0,6.6,13.2,3.3,3.3,3.3,0.0,47.6,1,12947,12947,12947,21691,12084,10381,10252,19499,23395,1,8899,24990,1378,24957,15491,17929,3560,1,10:54,2022,2023
2022-23,1630578,Alperen Sengun,Alperen,1610612745,HOU,Houston Rockets,22200696,2023-01-21T00:00:00,HOU @ MIN,L,37.1,0.0,1.9,1.9,9.7,22.3,2.9,13.6,33.0,2.9,1.9,1.9,8.7,55.0,1,12947,12947,12947,2104,12084,9602,9537,7440,23072,4141,18561,16655,1756,22636,9426,867,1626,1,37:06,2022,2023
2022-23,1630528,Josh Christopher,Josh,1610612745,HOU,Houston Rockets,22200696,2023-01-21T00:00:00,HOU @ MIN,L,14.9,4.8,0.0,4.8,24.2,24.2,0.0,14.5,24.2,4.8,0.0,2.4,0.0,56.3,1,12947,12947,12947,19502,4651,10381,3610,424,23750,1,19531,22542,568,1,11699,17929,1443,1,14:54,2022,2023
2022-23,1631102,TyTy Washington Jr.,TyTy,1610612745,HOU,Houston Rockets,22200696,2023-01-21T00:00:00,HOU @ MIN,L,14.816666666666666,0.0,0.0,0.0,0.0,34.0,0.0,14.6,29.2,0.0,0.0,7.3,2.4,24.1,1,12947,12947,12947,19546,12084,10381,10252,19499,25301,1,19609,19661,7930,1,23903,11815,18108,1,14:49,2022,2023
2022-23,1630224,Jalen Green,Jalen,1610612745,HOU,Houston Rockets,22200696,2023-01-21T00:00:00,HOU @ MIN,L,32.766666666666666,2.2,2.2,0.0,2.2,22.0,3.3,11.0,30.8,0.0,2.2,1.1,4.4,7.7,1,12947,12947,12947,5690,10488,8760,10252,18972,22904,4467,15315,18475,7930,23453,6268,5920,24453,1,32:46,2022,2023
2022-23,1630528,Josh Christopher,Josh,1610612745,HOU,Houston Rockets,22200671,2023-01-18T00:00:00,HOU vs. CHA,L,10.883333333333333,0.0,6.6,0.0,26.5,23.2,0.0,23.2,59.5,3.3,0.0,0.0,0.0,33.7,1,12947,12947,12947,21699,12084,2099,10252,302,23405,1,24338,1157,1370,1,1,17929,11215,1,10:53,2022,2023
2022-23,1630231,KJ Martin,KJ,1610612745,HOU,Houston Rockets,22200671,2023-01-18T00:00:00,HOU vs. CHA,L,32.3,2.2,0.0,0.0,2.2,30.1,8.9,24.5,62.4,0.0,2.2,4.5,1.1,26.6,1,12947,12947,12947,6081,10384,10381,10252,18909,24963,12154,24613,843,7930,23536,19375,17093,16360,1,32:18,2022,2023
2022-23,1630224,Jalen Green,Jalen,1610612745,HOU,Houston Rockets,22200671,2023-01-18T00:00:00,HOU vs. CHA,L,39.635,0.0,2.7,0.0,10.9,21.8,12.7,17.3,56.3,0.0,0.9,1.8,3.6,48.6,1,12947,12947,12947,777,12084,7524,10252,6065,22817,17805,21806,1687,7930,17736,8836,7932,3222,1,39:38,2022,2023
2022-23,1630578,Alperen Sengun,Alperen,1610612745,HOU,Houston Rockets,22200671,2023-01-18T00:00:00,HOU vs. CHA,L,39.20666666666666,3.7,3.7,1.8,18.4,22.0,12.9,17.4,56.9,0.9,0.9,3.7,3.7,49.0,1,12947,12947,12947,926,6872,5659,9812,1373,22930,17998,21909,1586,7654,17782,16888,7834,3086,1,39:12,2022,2023
2022-23,1631095,Jabari Smith Jr.,Jabari,1610612745,HOU,Houston Rockets,22200671,2023-01-18T00:00:00,HOU vs. CHA,L,22.701666666666668,0.0,3.2,3.2,9.5,25.4,15.9,20.6,53.9,1.6,0.0,0.0,3.2,26.2,1,12947,12947,12947,13860,12084,6585,6408,7709,24092,21271,23555,2312,4428,1,1,9294,16709,1,22:42,2022,2023
2022-23,1629726,Garrison Mathews,Garrison,1610612745,HOU,Houston Rockets,22200671,2023-01-18T00:00:00,HOU vs. CHA,L,13.143333333333333,0.0,0.0,0.0,0.0,11.0,21.9,11.0,49.3,0.0,0.0,2.7,2.7,11.5,1,12947,12947,12947,20530,12084,10381,10252,19499,11496,24312,15273,4044,7930,1,12949,10791,23711,1,13:09,2022,2023
2022-23,1631106,Tari Eason,Tari,1610612745,HOU,Houston Rockets,22200671,2023-01-18T00:00:00,HOU vs. CHA,L,18.781666666666663,0.0,3.8,3.8,7.7,21.1,3.8,21.1,53.7,0.0,7.7,1.9,0.0,24.0,1,12947,12947,12947,16860,12084,5390,5166,10158,22491,5011,23731,2373,7930,25780,9307,17929,18164,1,18:47,2022,2023
2022-23,1630586,Usman Garuba,Usman,1610612745,HOU,Houston Rockets,22200671,2023-01-18T00:00:00,HOU vs. CHA,L,8.793333333333333,0.0,0.0,0.0,0.0,28.7,0.0,28.7,65.5,0.0,0.0,8.2,4.1,32.8,1,12947,12947,12947,22501,12084,10381,10252,19499,24743,1,25194,640,7930,1,24407,6666,11974,1,8:48,2022,2023
2022-23,201569,Eric Gordon,Eric,1610612745,HOU,Houston Rockets,22200671,2023-01-18T00:00:00,HOU vs. CHA,L,30.99833333333333,0.0,0.0,0.0,7.0,31.4,9.3,25.5,72.0,1.2,0.0,3.5,4.6,21.4,1,12947,12947,12947,7286,12084,10381,10252,11214,25095,12733,24795,388,6032,1,16213,5376,19706,1,30:60,2022,2023
2022-23,1630256,Jae'Sean Tate,Jae'Sean,1610612745,HOU,Houston Rockets,22200671,2023-01-18T00:00:00,HOU vs. CHA,L,23.55666666666667,0.0,0.0,0.0,3.1,12.2,9.2,9.2,52.0,1.5,3.1,7.6,4.6,18.8,1,12947,12947,12947,13234,12084,10381,10252,17568,13393,12552,12685,2956,4595,24728,24130,5504,21062,1,23:33,2022,2023
2022-23,1630224,Jalen Green,Jalen,1610612745,HOU,Houston Rockets,22200664,2023-01-16T00:00:00,HOU @ LAL,L,39.36666666666667,0.0,0.0,2.7,3.7,8.2,5.5,20.1,45.7,0.0,1.8,2.7,4.6,29.7,1,12947,12947,12947,866,12084,10381,7327,16724,7685,7090,23350,5944,7930,22288,12963,5530,14168,1,39:22,2022,2023
2022-23,201569,Eric Gordon,Eric,1610612745,HOU,Houston Rockets,22200664,2023-01-16T00:00:00,HOU @ LAL,L,31.966666666666665,0.0,3.4,0.0,11.3,9.0,10.1,20.3,47.3,0.0,1.1,1.1,5.6,37.6,1,12947,12947,12947,6410,12084,6174,10252,5700,8670,14058,23424,5059,7930,19499,6418,3574,8578,1,31:58,2022,2023
2022-23,1631095,Jabari Smith Jr.,Jabari,1610612745,HOU,Houston Rockets,22200664,2023-01-16T00:00:00,HOU @ LAL,L,28.466666666666665,2.5,5.1,0.0,10.1,8.9,0.0,19.0,45.5,0.0,0.0,6.3,2.5,30.1,1,12947,12947,12947,9341,9552,3575,10252,6938,8456,1,22781,6062,7930,1,22969,11482,13880,1,28:28,2022,2023
2022-23,1630231,KJ Martin,KJ,1610612745,HOU,Houston Rockets,22200664,2023-01-16T00:00:00,HOU @ LAL,L,30.33333333333333,0.0,1.2,2.4,11.9,9.5,10.7,21.4,49.8,2.4,1.2,4.7,1.2,34.9,1,12947,12947,12947,7824,12084,10260,8190,5110,9351,14871,23827,3779,2458,19916,20109,16742,10415,1,30:20,2022,2023
2022-23,1630528,Josh Christopher,Josh,1610612745,HOU,Houston Rockets,22200664,2023-01-16T00:00:00,HOU @ LAL,L,10.383333333333333,0.0,0.0,0.0,0.0,0.0,13.9,24.3,20.8,0.0,0.0,0.0,0.0,9.4,1,12947,12947,12947,21905,12084,10381,10252,19499,1,19292,24571,23756,7930,1,1,17929,24170,1,10:23,2022,2023
2022-23,1631106,Tari Eason,Tari,1610612745,HOU,Houston Rockets,22200664,2023-01-16T00:00:00,HOU @ LAL,L,19.53333333333333,0.0,11.1,0.0,11.1,9.2,27.6,22.1,44.2,1.8,0.0,3.7,0.0,35.8,1,12947,12947,12947,16288,12084,508,10252,5901,8979,25279,24071,6954,3801,1,16934,17929,9823,1,19:32,2022,2023
2022-23,1630586,Usman Garuba,Usman,1610612745,HOU,Houston Rockets,22200664,2023-01-16T00:00:00,HOU @ LAL,L,10.673333333333334,6.7,0.0,0.0,13.5,0.0,13.5,27.0,40.5,0.0,0.0,3.4,0.0,26.6,1,12947,12947,12947,21780,2351,10381,10252,3784,1,18815,25019,9990,7930,1,15773,17929,16354,1,10:40,2022,2023
2022-23,1630578,Alperen Sengun,Alperen,1610612745,HOU,Houston Rockets,22200664,2023-01-16T00:00:00,HOU @ LAL,L,37.32666666666667,0.0,3.9,0.0,23.1,11.6,10.6,18.3,46.3,3.9,0.0,4.8,4.8,67.5,1,12947,12947,12947,1945,12084,5346,10252,518,12425,14744,22432,5628,970,1,20306,5041,468,1,37:20,2022,2023
2022-23,1630256,Jae'Sean Tate,Jae'Sean,1610612745,HOU,Houston Rockets,22200664,2023-01-16T00:00:00,HOU @ LAL,L,17.666666666666668,0.0,0.0,4.1,12.2,8.2,12.2,18.3,36.7,0.0,2.0,6.1,2.0,28.9,1,12947,12947,12947,17646,12084,10381,4712,4808,7586,17140,22438,13426,7930,22960,22696,13412,14747,1,17:40,2022,2023
2022-23,1629726,Garrison Mathews,Garrison,1610612745,HOU,Houston Rockets,22200664,2023-01-16T00:00:00,HOU @ LAL,L,14.283333333333331,0.0,7.6,0.0,0.0,17.6,27.7,17.6,55.4,0.0,0.0,2.5,0.0,28.5,1,12947,12947,12947,19885,12084,1513,10252,19499,19983,25292,22015,1908,7930,1,12093,17929,15063,1,14:17,2022,2023
2022-23,1629726,Garrison Mathews,Garrison,1610612745,HOU,Houston Rockets,22200649,2023-01-15T00:00:00,HOU @ LAC,L,15.433333333333334,0.0,0.0,0.0,0.0,16.3,11.7,7.0,37.3,0.0,0.0,4.7,2.3,19.6,1,12947,12947,12947,19154,12084,10381,10252,19499,18607,16355,9426,12856,7930,1,19937,12186,20671,1,15:26,2022,2023
2022-23,1630528,Josh Christopher,Josh,1610612745,HOU,Houston Rockets,22200649,2023-01-15T00:00:00,HOU @ LAC,L,18.433333333333334,0.0,0.0,0.0,7.8,7.8,11.7,7.8,54.7,3.9,2.0,0.0,3.9,37.9,1,12947,12947,12947,17105,12084,10381,10252,9933,7157,16428,10594,2089,943,22685,1,7177,8401,1,18:26,2022,2023
2022-23,1631102,TyTy Washington Jr.,TyTy,1610612745,HOU,Houston Rockets,22200649,2023-01-15T00:00:00,HOU @ LAC,L,12.4,5.8,0.0,0.0,5.8,11.6,20.3,2.9,46.5,0.0,0.0,2.9,0.0,11.6,1,12947,12947,12947,20960,3284,10381,10252,13109,12482,23762,4470,5516,7930,1,13713,17929,23690,1,12:24,2022,2023
2022-23,1630578,Alperen Sengun,Alperen,1610612745,HOU,Houston Rockets,22200649,2023-01-15T00:00:00,HOU @ LAC,L,29.6,4.9,0.0,2.4,14.6,13.4,7.3,2.4,46.2,1.2,4.9,2.4,2.4,40.9,1,12947,12947,12947,8447,4602,10381,8022,3033,14933,9632,4126,5664,5758,25541,11754,11805,6613,1,29:36,2022,2023
2022-23,1631095,Jabari Smith Jr.,Jabari,1610612745,HOU,Houston Rockets,22200649,2023-01-15T00:00:00,HOU @ LAC,L,30.25,0.0,3.6,2.4,7.1,16.7,7.1,2.4,47.6,0.0,0.0,2.4,2.4,27.4,1,12947,12947,12947,7906,12084,5821,8171,10972,18983,9405,4083,4895,7930,1,11562,12002,15875,1,30:15,2022,2023
2022-23,1630586,Usman Garuba,Usman,1610612745,HOU,Houston Rockets,22200649,2023-01-15T00:00:00,HOU @ LAC,L,14.416666666666666,0.0,0.0,0.0,0.0,15.0,17.5,12.5,49.9,2.5,0.0,5.0,2.5,27.0,1,12947,12947,12947,19803,12084,10381,10252,19499,16972,22396,17342,3732,2266,1,20704,11578,16126,1,14:25,2022,2023
2022-23,1630231,KJ Martin,KJ,1610612745,HOU,Houston Rockets,22200649,2023-01-15T00:00:00,HOU @ LAC,L,32.56666666666667,4.4,6.6,4.4,17.7,14.4,8.8,4.4,50.8,0.0,0.0,2.2,2.2,38.5,1,12947,12947,12947,5859,5360,2089,4162,1611,16212,12033,6072,3355,7930,1,10847,12668,8025,1,32:34,2022,2023
2022-23,1630227,Daishen Nix,Daishen,1610612745,HOU,Houston Rockets,22200649,2023-01-15T00:00:00,HOU @ LAC,L,35.6,1.0,0.0,1.0,0.0,16.2,6.1,6.1,46.5,0.0,0.0,3.0,1.0,4.2,1,12947,12947,12947,3243,12030,10381,10202,19499,18450,7908,8197,5483,7930,1,14326,17541,24792,1,35:36,2022,2023
2022-23,1626246,Boban Marjanović,Boban,1610612745,HOU,Houston Rockets,22200649,2023-01-15T00:00:00,HOU @ LAC,L,2.1666666666666665,0.0,0.0,0.0,0.0,0.0,0.0,0.0,0.0,0.0,0.0,0.0,0.0,3.3,1,12947,12947,12947,25192,12084,10381,10252,19499,1,1,1,25269,7930,1,1,17929,24845,1,2:10,2022,2023
2022-23,1631106,Tari Eason,Tari,1610612745,HOU,Houston Rockets,22200649,2023-01-15T00:00:00,HOU @ LAC,L,19.566666666666663,12.9,0.0,7.4,14.7,16.6,12.9,9.2,47.8,1.8,0.0,3.7,0.0,56.7,1,12947,12947,12947,16266,339,10381,1473,2977,18888,18034,12726,4759,3813,1,16918,17929,1364,1,19:34,2022,2023
2022-23,201569,Eric Gordon,Eric,1610612745,HOU,Houston Rockets,22200649,2023-01-15T00:00:00,HOU @ LAC,L,29.566666666666663,0.0,2.4,2.4,17.0,19.5,8.5,3.7,41.4,1.2,1.2,1.2,6.1,39.7,1,12947,12947,12947,8474,12084,8120,8016,1840,21457,11551,5145,9199,5750,20121,6864,2930,7263,1,29:34,2022,2023
2022-23,201569,Eric Gordon,Eric,1610612745,HOU,Houston Rockets,22200640,2023-01-13T00:00:00,HOU @ SAC,L,27.37333333333333,2.6,0.0,0.0,5.3,21.0,13.2,18.4,34.2,0.0,0.0,2.6,3.9,22.6,1,12947,12947,12947,10288,9273,10381,10252,13954,22468,18395,22474,15605,7930,1,12526,7070,18969,1,27:22,2022,2023
2022-23,1626246,Boban Marjanović,Boban,1610612745,HOU,Houston Rockets,22200640,2023-01-13T00:00:00,HOU @ SAC,L,3.816666666666667,0.0,0.0,0.0,18.9,0.0,0.0,0.0,37.7,0.0,9.4,0.0,9.4,87.7,1,12947,12947,12947,24455,12084,10381,10252,1252,1,1,1,12489,7930,25832,1,644,104,1,3:49,2022,2023
2022-23,1629726,Garrison Mathews,Garrison,1610612745,HOU,Houston Rockets,22200640,2023-01-13T00:00:00,HOU @ SAC,L,8.695,12.4,8.3,12.4,8.3,12.4,16.6,16.6,49.7,0.0,0.0,12.4,0.0,62.9,1,12947,12947,12947,22544,378,1200,271,9297,13651,21770,21288,3854,7930,1,25449,17929,746,1,8:42,2022,2023
2022-23,1631106,Tari Eason,Tari,1610612745,HOU,Houston Rockets,22200640,2023-01-13T00:00:00,HOU @ SAC,L,13.45,5.4,5.4,5.4,16.1,0.0,0.0,8.0,16.1,2.7,0.0,8.0,5.4,48.4,1,12947,12947,12947,20352,3858,3208,3018,2285,1,1,10899,24670,2022,1,24331,4012,3274,1,13:27,2022,2023
2022-23,1630256,Jae'Sean Tate,Jae'Sean,1610612745,HOU,Houston Rockets,22200640,2023-01-13T00:00:00,HOU @ SAC,L,19.066666666666663,3.8,0.0,0.0,7.6,9.4,17.0,18.9,37.8,0.0,0.0,5.7,1.9,25.9,1,12947,12947,12947,16656,6644,10381,10252,10328,9274,22067,22728,12461,7930,1,22012,14065,16914,1,19:04,2022,2023
2022-23,1630586,Usman Garuba,Usman,1610612745,HOU,Houston Rockets,22200640,2023-01-13T00:00:00,HOU @ SAC,L,16.066666666666666,0.0,4.5,0.0,4.5,11.2,20.2,22.4,35.9,0.0,0.0,2.2,2.2,11.4,1,12947,12947,12947,18728,12084,4374,10252,15179,11837,23705,24131,14160,7930,1,10986,12554,23729,1,16:04,2022,2023
2022-23,1630231,KJ Martin,KJ,1610612745,HOU,Houston Rockets,22200640,2023-01-13T00:00:00,HOU @ SAC,L,34.06666666666667,0.0,0.0,0.0,0.0,20.1,13.7,16.9,38.0,0.0,2.1,3.2,3.2,11.4,1,12947,12947,12947,4550,12084,10381,10252,19499,21843,19130,21548,12196,7930,23208,14967,9296,23732,1,34:04,2022,2023
2022-23,1630528,Josh Christopher,Josh,1610612745,HOU,Houston Rockets,22200640,2023-01-13T00:00:00,HOU @ SAC,L,18.25,0.0,0.0,0.0,3.9,11.8,3.9,5.9,19.7,0.0,2.0,3.9,0.0,11.2,1,12947,12947,12947,17221,12084,10381,10252,16218,12814,5143,8006,24009,7930,22744,17833,17929,23775,1,18:15,2022,2023
2022-23,1630224,Jalen Green,Jalen,1610612745,HOU,Houston Rockets,22200640,2023-01-13T00:00:00,HOU @ SAC,L,33.093333333333334,4.4,2.2,4.4,8.7,18.5,20.7,19.6,47.9,0.0,2.2,2.2,1.1,37.4,1,12947,12947,12947,5420,5495,8831,4287,8758,20730,23918,23110,4745,7930,23407,10677,17220,8718,1,33:06,2022,2023
2022-23,1630227,Daishen Nix,Daishen,1610612745,HOU,Houston Rockets,22200640,2023-01-13T00:00:00,HOU @ SAC,L,3.816666666666667,0.0,0.0,0.0,0.0,0.0,0.0,0.0,37.7,0.0,0.0,0.0,0.0,0.0,1,12947,12947,12947,24455,12084,10381,10252,19499,1,1,1,12489,7930,1,1,17929,24963,1,3:49,2022,2023
2022-23,1631095,Jabari Smith Jr.,Jabari,1610612745,HOU,Houston Rockets,22200640,2023-01-13T00:00:00,HOU @ SAC,L,34.3,3.1,6.3,0.0,16.8,18.9,19.9,16.8,44.1,3.1,0.0,2.1,3.1,49.4,1,12947,12947,12947,4346,8031,2336,10252,1956,21046,23620,21462,7048,1512,1,10283,9362,2950,1,34:18,2022,2023
2022-23,1630578,Alperen Sengun,Alperen,1610612745,HOU,Houston Rockets,22200640,2023-01-13T00:00:00,HOU @ SAC,L,28.005,0.0,1.3,0.0,12.9,20.6,12.9,14.1,38.6,0.0,2.6,3.9,5.1,51.0,1,12947,12947,12947,9707,12084,10228,10252,4286,22171,17997,19170,11711,7930,24141,17517,4397,2484,1,28:00,2022,2023
2022-23,1631095,Jabari Smith Jr.,Jabari,1610612745,HOU,Houston Rockets,22200625,2023-01-11T00:00:00,HOU @ SAC,L,28.2,2.6,2.6,2.6,5.1,24.3,8.9,10.2,38.3,0.0,0.0,3.8,1.3,25.3,1,12947,12947,12947,9560,9480,7867,7758,14182,23785,12196,14195,11943,7930,1,17434,16282,17295,1,28:12,2022,2023
2022-23,201569,Eric Gordon,Eric,1610612745,HOU,Houston Rockets,22200625,2023-01-11T00:00:00,HOU @ SAC,L,27.98333333333333,0.0,0.0,0.0,5.1,19.3,5.1,9.0,41.2,0.0,0.0,0.0,6.4,29.8,1,12947,12947,12947,9733,12084,10381,10252,14117,21330,6618,12442,9397,7930,1,1,2529,14079,1,27:59,2022,2023
2022-23,1630224,Jalen Green,Jalen,1610612745,HOU,Houston Rockets,22200625,2023-01-11T00:00:00,HOU @ SAC,L,38.95166666666667,3.7,0.0,2.8,7.4,18.5,11.1,7.4,31.4,0.0,1.8,3.7,4.6,30.0,1,12947,12947,12947,1044,6821,10381,7272,10592,20726,15496,10011,17967,7930,22349,16979,5435,13933,1,38:57,2022,2023
2022-23,1630231,KJ Martin,KJ,1610612745,HOU,Houston Rockets,22200625,2023-01-11T00:00:00,HOU @ SAC,L,26.835,2.7,0.0,2.7,16.1,18.8,12.1,6.7,40.2,0.0,0.0,1.3,1.3,35.6,1,12947,12947,12947,10713,9153,10381,7460,2270,20956,16915,9037,10201,7930,1,7340,15996,9974,1,26:50,2022,2023
2022-23,1631106,Tari Eason,Tari,1610612745,HOU,Houston Rockets,22200625,2023-01-11T00:00:00,HOU @ SAC,L,18.766666666666666,0.0,3.8,3.8,7.7,17.3,7.7,5.8,34.5,0.0,0.0,3.8,0.0,16.5,1,12947,12947,12947,16862,12084,5386,5159,10148,19597,10226,7778,15312,7930,1,17459,17929,22109,1,18:46,2022,2023
2022-23,1630256,Jae'Sean Tate,Jae'Sean,1610612745,HOU,Houston Rockets,22200625,2023-01-11T00:00:00,HOU @ SAC,L,18.74833333333333,0.0,0.0,0.0,3.8,13.4,19.2,7.7,30.7,0.0,0.0,3.8,3.8,39.4,1,12947,12947,12947,16888,12084,10381,10252,16394,15025,23275,10407,18521,7930,1,17477,7370,7458,1,18:45,2022,2023
2022-23,1628981,Bruno Fernando,Bruno,1610612745,HOU,Houston Rockets,22200625,2023-01-11T00:00:00,HOU @ SAC,L,13.533333333333331,0.0,5.3,0.0,5.3,21.3,5.3,5.3,31.9,5.3,2.7,5.3,2.7,38.8,1,12947,12947,12947,20302,12084,3247,10252,13873,22579,6845,7173,17575,435,24263,21377,11060,7811,1,13:32,2022,2023
2022-23,1629645,Kevin Porter Jr.,Kevin,1610612745,HOU,Houston Rockets,22200625,2023-01-11T00:00:00,HOU @ SAC,L,10.3,7.0,0.0,0.0,7.0,7.0,0.0,14.0,28.0,0.0,0.0,0.0,0.0,56.3,1,12947,12947,12947,21956,2144,10381,10252,11180,6197,1,18987,20447,7930,1,1,17929,1448,1,10:18,2022,2023
2022-23,1630578,Alperen Sengun,Alperen,1610612745,HOU,Houston Rockets,22200625,2023-01-11T00:00:00,HOU @ SAC,L,28.383333333333333,0.0,2.5,0.0,10.1,19.0,15.2,11.4,35.5,0.0,0.0,5.1,1.3,48.2,1,12947,12947,12947,9405,12084,7894,10252,6902,21135,20694,15910,14494,7930,1,20875,16314,3346,1,28:23,2022,2023
2022-23,1630227,Daishen Nix,Daishen,1610612745,HOU,Houston Rockets,22200625,2023-01-11T00:00:00,HOU @ SAC,L,2.0166666666666666,0.0,53.6,0.0,0.0,53.6,0.0,0.0,35.7,0.0,0.0,0.0,0.0,80.3,1,12947,12947,12947,25261,12084,6,10252,19499,25735,1,1,14297,7930,1,1,17929,162,1,2:01,2022,2023
2022-23,1629726,Garrison Mathews,Garrison,1610612745,HOU,Houston Rockets,22200625,2023-01-11T00:00:00,HOU @ SAC,L,18.18166666666667,0.0,0.0,5.9,0.0,15.8,19.8,9.9,39.6,2.0,2.0,4.0,4.0,49.3,1,12947,12947,12947,17274,12084,10381,2441,19499,18045,23563,13717,10758,3402,22768,17887,7034,2992,1,18:11,2022,2023
2022-23,1630528,Josh Christopher,Josh,1610612745,HOU,Houston Rockets,22200625,2023-01-11T00:00:00,HOU @ SAC,L,2.0166666666666666,0.0,0.0,0.0,0.0,53.6,0.0,0.0,35.7,0.0,0.0,0.0,0.0,0.0,1,12947,12947,12947,25261,12084,10381,10252,19499,25735,1,1,14297,7930,1,1,17929,24963,1,2:01,2022,2023
2022-23,1630586,Usman Garuba,Usman,1610612745,HOU,Houston Rockets,22200625,2023-01-11T00:00:00,HOU @ SAC,L,6.083333333333333,0.0,0.0,0.0,0.0,11.8,0.0,0.0,47.3,0.0,0.0,17.8,5.9,32.0,1,12947,12947,12947,23491,12084,10381,10252,19499,12817,1,1,5036,7930,1,25721,3151,12543,1,6:05,2022,2023
2022-23,1629645,Kevin Porter Jr.,Kevin,1610612745,HOU,Houston Rockets,22200601,2023-01-08T00:00:00,HOU vs. MIN,L,37.68333333333333,7.6,1.9,5.7,3.8,22.9,7.6,20.1,30.6,1.0,0.0,1.9,2.9,38.9,1,12947,12947,12947,1729,1701,9704,2633,16425,23310,10183,23328,18638,7444,1,9267,10353,7783,1,37:41,2022,2023
2022-23,1630256,Jae'Sean Tate,Jae'Sean,1610612745,HOU,Houston Rockets,22200601,2023-01-08T00:00:00,HOU vs. MIN,L,17.966666666666665,0.0,0.0,0.0,0.0,26.0,12.0,16.0,48.1,2.0,2.0,4.0,4.0,33.7,1,12947,12947,12947,17415,12084,10381,10252,19499,24258,16858,20904,4637,3327,22833,18057,6898,11276,1,17:58,2022,2023
2022-23,1631095,Jabari Smith Jr.,Jabari,1610612745,HOU,Houston Rockets,22200601,2023-01-08T00:00:00,HOU vs. MIN,L,31.866666666666667,5.6,4.5,5.6,6.8,21.5,6.8,18.1,31.6,1.1,0.0,3.4,2.3,34.1,1,12947,12947,12947,6485,3470,4321,2722,11509,22668,8898,22292,17802,6218,1,15835,12470,10942,1,31:52,2022,2023
2022-23,201569,Eric Gordon,Eric,1610612745,HOU,Houston Rockets,22200601,2023-01-08T00:00:00,HOU vs. MIN,L,29.133333333333333,2.5,0.0,0.0,7.4,13.6,4.9,19.8,32.1,1.2,0.0,0.0,4.9,26.2,1,12947,12947,12947,8845,9687,10381,10252,10558,15213,6340,23197,17394,5670,1,1,4800,16687,1,29:08,2022,2023
2022-23,1630224,Jalen Green,Jalen,1610612745,HOU,Houston Rockets,22200601,2023-01-08T00:00:00,HOU vs. MIN,L,33.15,5.4,0.0,4.3,4.3,18.5,6.5,19.5,34.8,0.0,2.2,2.2,0.0,27.7,1,12947,12947,12947,5359,3756,10381,4300,15433,20707,8534,23086,15118,7930,23397,10656,17929,15643,1,33:09,2022,2023
2022-23,1630586,Usman Garuba,Usman,1610612745,HOU,Houston Rockets,22200601,2023-01-08T00:00:00,HOU vs. MIN,L,9.233333333333333,0.0,0.0,11.7,7.8,11.7,7.8,7.8,23.4,3.9,0.0,3.9,0.0,28.1,1,12947,12947,12947,22351,12084,10381,343,9956,12613,10387,10580,22863,950,1,17680,17929,15374,1,9:14,2022,2023
2022-23,1630578,Alperen Sengun,Alperen,1610612745,HOU,Houston Rockets,22200601,2023-01-08T00:00:00,HOU vs. MIN,L,35.28333333333333,0.0,0.0,0.0,12.2,17.3,4.1,25.5,34.7,1.0,1.0,5.1,5.1,29.2,1,12947,12947,12947,3525,12084,10381,10252,4792,19681,5319,24783,15177,6965,18645,20940,4472,14561,1,35:17,2022,2023
2022-23,1629726,Garrison Mathews,Garrison,1610612745,HOU,Houston Rockets,22200601,2023-01-08T00:00:00,HOU vs. MIN,L,7.95,0.0,0.0,0.0,0.0,18.1,9.1,40.8,54.3,0.0,0.0,0.0,4.5,19.0,1,12947,12947,12947,22796,12084,10381,10252,19499,20396,12374,25695,2172,7930,1,1,5629,20953,1,7:57,2022,2023
2022-23,1631106,Tari Eason,Tari,1610612745,HOU,Houston Rockets,22200601,2023-01-08T00:00:00,HOU vs. MIN,L,16.133333333333333,0.0,6.7,0.0,0.0,11.2,8.9,24.5,44.6,2.2,0.0,4.5,0.0,37.5,1,12947,12947,12947,18685,12084,2049,10252,19499,11777,12179,24621,6659,2761,1,19388,17929,8664,1,16:08,2022,2023
2022-23,1630231,KJ Martin,KJ,1610612745,HOU,Houston Rockets,22200601,2023-01-08T00:00:00,HOU vs. MIN,L,21.6,3.3,3.3,6.7,13.3,11.7,13.3,15.0,43.3,0.0,0.0,3.3,1.7,33.3,1,12947,12947,12947,14714,7620,6268,1871,3914,12571,18621,20014,7607,7930,1,15591,14856,11537,1,21:36,2022,2023
2022-23,1630231,KJ Martin,KJ,1610612745,HOU,Houston Rockets,22200578,2023-01-05T00:00:00,HOU vs. UTA,L,22.72,4.8,4.8,0.0,3.2,7.9,12.7,11.1,31.7,0.0,0.0,0.0,1.6,23.8,1,12947,12947,12947,13846,4788,3974,10252,17415,7295,17736,15464,17761,7930,1,1,15143,18280,1,22:43,2022,2023
2022-23,1631095,Jabari Smith Jr.,Jabari,1610612745,HOU,Houston Rockets,22200578,2023-01-05T00:00:00,HOU vs. UTA,L,20.063333333333333,0.0,0.0,0.0,0.0,25.1,7.2,19.7,39.5,0.0,0.0,7.2,0.0,13.5,1,12947,12947,12947,15912,12084,10381,10252,19499,24018,9470,23186,10866,7930,1,23825,17929,23148,1,20:04,2022,2023
2022-23,1630256,Jae'Sean Tate,Jae'Sean,1610612745,HOU,Houston Rockets,22200578,2023-01-05T00:00:00,HOU vs. UTA,L,19.25,7.5,0.0,0.0,15.0,18.7,18.7,5.6,44.9,0.0,1.9,3.7,3.7,41.9,1,12947,12947,12947,16501,1810,10381,10252,2855,20896,23041,7590,6482,7930,22405,17128,7654,6071,1,19:15,2022,2023
2022-23,1630586,Usman Garuba,Usman,1610612745,HOU,Houston Rockets,22200578,2023-01-05T00:00:00,HOU vs. UTA,L,15.53,0.0,4.6,0.0,9.3,18.5,18.5,0.0,41.7,0.0,0.0,7.0,0.0,21.6,1,12947,12947,12947,19090,12084,4136,10252,8024,20770,22958,1,8889,7930,1,23621,17929,19586,1,15:32,2022,2023
2022-23,201569,Eric Gordon,Eric,1610612745,HOU,Houston Rockets,22200578,2023-01-05T00:00:00,HOU vs. UTA,L,30.77,0.0,0.0,0.0,0.0,15.2,4.7,17.5,39.8,0.0,0.0,0.0,2.3,21.8,1,12947,12947,12947,7475,12084,10381,10252,19499,17274,6011,21970,10588,7930,1,1,12161,19483,1,30:46,2022,2023
2022-23,1631106,Tari Eason,Tari,1610612745,HOU,Houston Rockets,22200578,2023-01-05T00:00:00,HOU vs. UTA,L,20.433333333333334,0.0,3.5,3.5,7.0,8.8,14.1,3.5,35.2,3.5,1.8,1.8,0.0,39.1,1,12947,12947,12947,15634,12084,5894,5750,11109,8405,19553,5015,14718,1192,22086,8647,17929,7625,1,20:26,2022,2023
2022-23,1629645,Kevin Porter Jr.,Kevin,1610612745,HOU,Houston Rockets,22200578,2023-01-05T00:00:00,HOU vs. UTA,L,37.24666666666667,3.9,1.9,6.8,5.8,18.4,9.7,15.5,40.6,0.0,1.9,4.8,1.9,30.2,1,12947,12947,12947,2009,6481,9634,1805,13126,20615,13311,20432,9910,7930,22610,20325,13883,13845,1,37:15,2022,2023
2022-23,1629726,Garrison Mathews,Garrison,1610612745,HOU,Houston Rockets,22200578,2023-01-05T00:00:00,HOU vs. UTA,L,3.9166666666666665,0.0,0.0,0.0,0.0,18.4,36.8,0.0,36.8,0.0,0.0,0.0,0.0,0.0,1,12947,12947,12947,24404,12084,10381,10252,19499,20635,25672,1,13343,7930,1,1,17929,24963,1,3:55,2022,2023
2022-23,1630578,Alperen Sengun,Alperen,1610612745,HOU,Houston Rockets,22200578,2023-01-05T00:00:00,HOU vs. UTA,L,32.47,0.0,11.1,0.0,15.5,14.4,6.7,20.0,37.7,1.1,0.0,5.5,6.7,49.1,1,12947,12947,12947,5945,12084,504,10252,2565,16267,8705,23283,12512,6357,1,21784,2275,3054,1,32:28,2022,2023
2022-23,1630224,Jalen Green,Jalen,1610612745,HOU,Houston Rockets,22200578,2023-01-05T00:00:00,HOU vs. UTA,L,37.6,1.9,0.0,1.9,7.7,15.3,7.7,17.2,40.2,0.0,1.0,1.0,6.7,36.2,1,12947,12947,12947,1779,11383,10381,9605,10168,17419,10210,21784,10228,7930,18071,5526,2208,9555,1,37:36,2022,2023
2022-23,1626246,Boban Marjanović,Boban,1610612745,HOU,Houston Rockets,22200572,2023-01-04T00:00:00,HOU @ NOP,L,3.6666666666666665,19.6,19.6,0.0,39.3,19.6,0.0,0.0,19.6,0.0,0.0,0.0,9.8,60.9,1,12947,12947,12947,24523,112,107,10252,74,21557,1,1,24026,7930,1,1,530,904,1,3:40,2022,2023
2022-23,1630224,Jalen Green,Jalen,1610612745,HOU,Houston Rockets,22200572,2023-01-04T00:00:00,HOU @ NOP,L,32.25666666666667,0.0,0.0,2.2,4.5,14.5,16.7,13.4,42.4,1.1,1.1,0.0,2.2,32.1,1,12947,12947,12947,6128,12084,10381,8576,15220,16392,21883,18324,8325,6317,19415,1,12597,12408,1,32:15,2022,2023
2022-23,1631102,TyTy Washington Jr.,TyTy,1610612745,HOU,Houston Rockets,22200572,2023-01-04T00:00:00,HOU @ NOP,L,12.85,0.0,0.0,0.0,0.0,33.6,11.2,5.6,39.2,0.0,0.0,11.2,2.8,6.2,1,12947,12947,12947,20691,12084,10381,10252,19499,25276,15668,7575,11084,7930,1,25291,10583,24641,1,12:51,2022,2023
2022-23,1630227,Daishen Nix,Daishen,1610612745,HOU,Houston Rockets,22200572,2023-01-04T00:00:00,HOU @ NOP,L,4.983333333333333,0.0,0.0,0.0,0.0,14.4,0.0,0.0,14.4,0.0,0.0,0.0,0.0,12.3,1,12947,12947,12947,23927,12084,10381,10252,19499,16314,1,1,24875,7930,1,1,17929,23494,1,4:59,2022,2023
2022-23,1628981,Bruno Fernando,Bruno,1610612745,HOU,Houston Rockets,22200572,2023-01-04T00:00:00,HOU @ NOP,L,8.0,0.0,9.0,0.0,9.0,27.0,0.0,13.5,27.0,0.0,0.0,4.5,9.0,35.6,1,12947,12947,12947,22783,12084,911,10252,8369,24470,1,18455,21073,7930,1,19480,770,9975,1,8:00,2022,2023
2022-23,1630578,Alperen Sengun,Alperen,1610612745,HOU,Houston Rockets,22200572,2023-01-04T00:00:00,HOU @ NOP,L,21.9,6.6,3.3,3.3,16.4,3.3,24.7,13.2,36.2,1.6,6.6,4.9,6.6,54.7,1,12947,12947,12947,14491,2490,6356,6193,2104,2960,24940,18073,13887,4272,25726,20566,2361,1673,1,21:54,2022,2023
2022-23,1630231,KJ Martin,KJ,1610612745,HOU,Houston Rockets,22200572,2023-01-04T00:00:00,HOU @ NOP,L,24.566666666666663,0.0,2.9,10.3,14.7,22.0,14.7,5.9,35.2,1.5,0.0,0.0,4.4,42.4,1,12947,12947,12947,12450,12084,7063,531,3005,22909,20138,7936,14789,4801,1,1,5915,5850,1,24:34,2022,2023
2022-23,1630586,Usman Garuba,Usman,1610612745,HOU,Houston Rockets,22200572,2023-01-04T00:00:00,HOU @ NOP,L,10.416666666666666,6.9,6.9,0.0,6.9,44.9,24.2,13.8,55.3,0.0,0.0,13.8,0.0,34.6,1,12947,12947,12947,21889,2208,1883,10252,11292,25644,24856,18814,1946,7930,1,25560,17929,10638,1,10:25,2022,2023
2022-23,1630528,Josh Christopher,Josh,1610612745,HOU,Houston Rockets,22200572,2023-01-04T00:00:00,HOU @ NOP,L,5.133333333333334,0.0,0.0,14.0,28.1,14.0,0.0,0.0,14.0,0.0,0.0,7.0,0.0,47.0,1,12947,12947,12947,23861,12084,10381,180,231,15752,1,1,24916,7930,1,23666,17929,3771,1,5:08,2022,2023
2022-23,201569,Eric Gordon,Eric,1610612745,HOU,Houston Rockets,22200572,2023-01-04T00:00:00,HOU @ NOP,L,28.916666666666668,0.0,6.2,0.0,7.5,16.2,19.9,13.7,42.3,0.0,1.2,1.2,0.0,16.2,1,12947,12947,12947,9001,12084,2382,10252,10462,18467,23611,18677,8376,7930,20287,6971,17929,22228,1,28:55,2022,2023
2022-23,1631106,Tari Eason,Tari,1610612745,HOU,Houston Rockets,22200572,2023-01-04T00:00:00,HOU @ NOP,L,15.283333333333331,4.7,0.0,4.7,9.4,40.0,16.5,4.7,42.4,0.0,0.0,4.7,2.4,38.4,1,12947,12947,12947,19256,4857,10381,3768,7829,25524,21716,6409,8332,7930,1,20034,12106,8080,1,15:17,2022,2023
2022-23,1629645,Kevin Porter Jr.,Kevin,1610612745,HOU,Houston Rockets,22200572,2023-01-04T00:00:00,HOU @ NOP,L,30.64333333333333,0.0,5.9,0.0,4.7,16.4,21.1,15.3,44.6,0.0,0.0,2.3,1.2,27.1,1,12947,12947,12947,7584,12084,2699,10252,14796,18743,24093,20293,6650,7930,1,11446,16793,16019,1,30:39,2022,2023
2022-23,1629726,Garrison Mathews,Garrison,1610612745,HOU,Houston Rockets,22200572,2023-01-04T00:00:00,HOU @ NOP,L,10.4,10.4,0.0,0.0,0.0,20.8,17.3,10.4,20.8,0.0,0.0,3.5,0.0,30.8,1,12947,12947,12947,21895,683,10381,10252,19499,22295,22285,14449,23761,7930,1,16108,17929,13356,1,10:24,2022,2023
2022-23,1631095,Jabari Smith Jr.,Jabari,1610612745,HOU,Houston Rockets,22200572,2023-01-04T00:00:00,HOU @ NOP,L,30.98333333333333,0.0,0.0,2.3,0.0,9.3,15.1,15.1,32.5,1.2,0.0,3.5,4.6,45.4,1,12947,12947,12947,7290,12084,10381,8315,19499,9083,20588,20125,17033,6031,1,16216,5374,4367,1,30:59,2022,2023
2022-23,1630578,Alperen Sengun,Alperen,1610612745,HOU,Houston Rockets,22200556,2023-01-02T00:00:00,HOU vs. DAL,L,25.563333333333333,0.0,2.8,0.0,14.1,7.0,5.6,2.8,31.0,1.4,1.4,7.0,7.0,44.6,1,12947,12947,12947,11681,12084,7328,10252,3352,6251,7288,4411,18318,4988,21030,23702,1894,4697,1,25:34,2022,2023
2022-23,1630586,Usman Garuba,Usman,1610612745,HOU,Houston Rockets,22200556,2023-01-02T00:00:00,HOU vs. DAL,L,11.45,0.0,6.3,0.0,12.6,0.0,25.2,9.4,18.9,0.0,0.0,9.4,3.1,30.2,1,12947,12947,12947,21480,12084,2343,10252,4519,1,25025,13067,24189,7930,1,24921,9381,13825,1,11:27,2022,2023
2022-23,1630224,Jalen Green,Jalen,1610612745,HOU,Houston Rockets,22200556,2023-01-02T00:00:00,HOU vs. DAL,L,32.31333333333333,2.2,1.1,0.0,4.5,7.8,14.5,5.6,26.7,0.0,2.2,4.5,6.7,39.0,1,12947,12947,12947,6075,10390,10290,10252,15242,7140,19955,7536,21218,7930,23534,19370,2229,7711,1,32:19,2022,2023
2022-23,1630231,KJ Martin,KJ,1610612745,HOU,Houston Rockets,22200556,2023-01-02T00:00:00,HOU vs. DAL,L,19.836666666666662,0.0,0.0,0.0,7.3,5.4,14.5,9.1,18.1,0.0,1.8,3.6,1.8,18.5,1,12947,12947,12947,16067,12084,10381,10252,10784,4519,19995,12545,24327,7930,22238,16745,14341,21200,1,19:50,2022,2023
2022-23,1631106,Tari Eason,Tari,1610612745,HOU,Houston Rockets,22200556,2023-01-02T00:00:00,HOU vs. DAL,L,15.566666666666666,0.0,4.6,0.0,4.6,11.6,11.6,11.6,32.4,0.0,0.0,6.9,0.0,21.7,1,12947,12947,12947,19060,12084,4152,10252,14918,12409,16183,16141,17191,7930,1,23606,17929,19496,1,15:34,2022,2023
2022-23,1628981,Bruno Fernando,Bruno,1610612745,HOU,Houston Rockets,22200556,2023-01-02T00:00:00,HOU vs. DAL,L,7.766666666666667,0.0,0.0,0.0,0.0,32.4,23.2,9.3,46.4,0.0,0.0,4.6,4.6,22.2,1,12947,12947,12947,22853,12084,10381,10252,19499,25194,24627,12817,5590,7930,1,19854,5411,19182,1,7:46,2022,2023
2022-23,1629645,Kevin Porter Jr.,Kevin,1610612745,HOU,Houston Rockets,22200556,2023-01-02T00:00:00,HOU vs. DAL,L,41.553333333333335,3.5,1.7,4.3,10.4,11.3,9.5,6.1,34.7,0.9,0.9,0.9,1.7,43.5,1,12947,12947,12947,315,7321,10053,4320,6612,11931,13103,8193,15203,7835,17584,5231,14621,5304,1,41:33,2022,2023
2022-23,1631095,Jabari Smith Jr.,Jabari,1610612745,HOU,Houston Rockets,22200556,2023-01-02T00:00:00,HOU vs. DAL,L,32.43333333333333,0.0,0.0,0.0,6.7,10.0,13.3,2.2,28.9,2.2,0.0,4.4,3.3,28.9,1,12947,12947,12947,5968,12084,10381,10252,11698,10052,18611,3956,19854,2788,1,19319,8818,14810,1,32:26,2022,2023
2022-23,201569,Eric Gordon,Eric,1610612745,HOU,Houston Rockets,22200556,2023-01-02T00:00:00,HOU vs. DAL,L,33.303333333333335,0.0,0.0,0.0,6.5,10.8,11.9,2.2,36.8,0.0,1.1,3.2,0.0,28.4,1,12947,12947,12947,5213,12084,10381,10252,11960,11286,16659,3910,13364,7930,19157,15269,17929,15106,1,33:18,2022,2023
2022-23,1631102,TyTy Washington Jr.,TyTy,1610612745,HOU,Houston Rockets,22200556,2023-01-02T00:00:00,HOU vs. DAL,L,8.113333333333333,8.9,0.0,0.0,8.9,13.3,13.3,8.9,17.7,0.0,0.0,0.0,0.0,15.5,1,12947,12947,12947,22748,1115,10381,10252,8516,14842,18605,12237,24407,7930,1,1,17929,22478,1,8:07,2022,2023
2022-23,1629726,Garrison Mathews,Garrison,1610612745,HOU,Houston Rockets,22200556,2023-01-02T00:00:00,HOU vs. DAL,L,12.1,0.0,0.0,0.0,0.0,23.8,14.9,0.0,29.8,0.0,0.0,6.0,0.0,0.0,1,12947,12947,12947,21099,12084,10381,10252,19499,23632,20342,1,19236,7930,1,22429,17929,24963,1,12:06,2022,2023
2022-23,1631095,Jabari Smith Jr.,Jabari,1610612745,HOU,Houston Rockets,22200541,2022-12-31T00:00:00,HOU vs. NYK,L,19.55,0.0,0.0,0.0,0.0,27.6,18.4,3.7,25.8,0.0,0.0,7.4,1.8,23.8,1,12947,12947,12947,16279,12084,10381,10252,19499,24593,22896,5185,21784,7930,1,23961,14247,18289,1,19:33,2022,2023
2022-23,1630224,Jalen Green,Jalen,1610612745,HOU,Houston Rockets,22200541,2022-12-31T00:00:00,HOU vs. NYK,L,34.916666666666664,0.0,0.0,0.0,0.0,25.8,17.5,2.1,24.7,0.0,2.1,3.1,3.1,19.7,1,12947,12947,12947,3813,12084,10381,10252,19499,24185,22422,3837,22303,7930,23047,14598,9541,20625,1,34:55,2022,2023
2022-23,1629726,Garrison Mathews,Garrison,1610612745,HOU,Houston Rockets,22200541,2022-12-31T00:00:00,HOU vs. NYK,L,12.416666666666666,0.0,0.0,0.0,0.0,34.8,20.3,14.5,17.4,0.0,0.0,5.8,5.8,7.0,1,12947,12947,12947,20949,12084,10381,10252,19499,25350,23755,19531,24475,7930,1,22213,3319,24542,1,12:25,2022,2023
2022-23,1626246,Boban Marjanović,Boban,1610612745,HOU,Houston Rockets,22200541,2022-12-31T00:00:00,HOU vs. NYK,L,8.1,0.0,8.9,0.0,17.8,62.2,31.1,13.3,26.7,0.0,0.0,4.4,13.3,38.2,1,12947,12947,12947,22750,12084,956,10252,1582,25768,25522,18265,21263,7930,1,19330,148,8186,1,8:06,2022,2023
2022-23,1631106,Tari Eason,Tari,1610612745,HOU,Houston Rockets,22200541,2022-12-31T00:00:00,HOU vs. NYK,L,23.566666666666663,0.0,0.0,0.0,9.2,27.5,9.2,10.7,30.6,1.5,1.5,0.0,1.5,53.6,1,12947,12947,12947,13226,12084,10381,10252,8151,24566,12545,14901,18647,4597,21422,1,15314,1882,1,23:34,2022,2023
2022-23,1630528,Josh Christopher,Josh,1610612745,HOU,Houston Rockets,22200541,2022-12-31T00:00:00,HOU vs. NYK,L,3.0166666666666666,0.0,0.0,0.0,0.0,23.9,23.9,23.9,71.6,0.0,0.0,0.0,0.0,17.9,1,12947,12947,12947,24797,12084,10381,10252,19499,23650,24792,24491,402,7930,1,1,17929,21487,1,3:01,2022,2023
2022-23,1631102,TyTy Washington Jr.,TyTy,1610612745,HOU,Houston Rockets,22200541,2022-12-31T00:00:00,HOU vs. NYK,L,12.583333333333334,2.9,0.0,2.9,0.0,25.7,11.4,20.0,34.3,0.0,0.0,8.6,5.7,9.7,1,12947,12947,12947,20850,8713,10381,7068,19499,24179,16036,23310,15488,7930,1,24569,3436,24105,1,12:35,2022,2023
2022-23,1628981,Bruno Fernando,Bruno,1610612745,HOU,Houston Rockets,22200541,2022-12-31T00:00:00,HOU vs. NYK,L,21.433333333333334,0.0,0.0,0.0,0.0,26.9,16.8,3.4,23.5,3.4,1.7,6.7,3.4,20.2,1,12947,12947,12947,14853,12084,10381,10252,19499,24446,21912,4857,22809,1329,21879,23406,8747,20370,1,21:26,2022,2023
2022-23,1630231,KJ Martin,KJ,1610612745,HOU,Houston Rockets,22200541,2022-12-31T00:00:00,HOU vs. NYK,L,19.58333333333333,0.0,0.0,3.7,3.7,20.2,9.2,0.0,18.4,0.0,1.8,3.7,0.0,23.2,1,12947,12947,12947,16253,12084,10381,5453,16693,21938,12575,1,24281,7930,22315,16906,17929,18654,1,19:35,2022,2023
2022-23,1630227,Daishen Nix,Daishen,1610612745,HOU,Houston Rockets,22200541,2022-12-31T00:00:00,HOU vs. NYK,L,3.0166666666666666,0.0,0.0,0.0,0.0,23.9,23.9,23.9,71.6,0.0,0.0,0.0,0.0,20.3,1,12947,12947,12947,24797,12084,10381,10252,19499,23650,24792,24491,402,7930,1,1,17929,20296,1,3:01,2022,2023
2022-23,201569,Eric Gordon,Eric,1610612745,HOU,Houston Rockets,22200541,2022-12-31T00:00:00,HOU vs. NYK,L,27.166666666666668,2.7,6.6,0.0,8.0,34.5,15.9,9.3,26.5,1.3,0.0,1.3,2.7,20.5,1,12947,12947,12947,10450,9228,2094,10252,9738,25326,21302,12829,21359,5270,1,7278,11083,20155,1,27:10,2022,2023
2022-23,1629645,Kevin Porter Jr.,Kevin,1610612745,HOU,Houston Rockets,22200541,2022-12-31T00:00:00,HOU vs. NYK,L,35.13333333333333,3.1,2.0,3.1,6.1,28.7,17.4,2.0,24.6,0.0,0.0,2.0,3.1,43.0,1,12947,12947,12947,3633,8207,9262,6606,12485,24745,22366,3824,22359,7930,1,10014,9595,5516,1,35:08,2022,2023
2022-23,1630586,Usman Garuba,Usman,1610612745,HOU,Houston Rockets,22200541,2022-12-31T00:00:00,HOU vs. NYK,L,19.516666666666666,5.5,3.7,0.0,7.4,12.9,11.1,7.4,33.2,3.7,0.0,3.7,1.8,36.2,1,12947,12947,12947,16297,3621,5629,10252,10615,14305,15457,9983,16483,1075,1,16947,14238,9577,1,19:31,2022,2023
2022-23,1630578,Alperen Sengun,Alperen,1610612745,HOU,Houston Rockets,22200528,2022-12-29T00:00:00,HOU @ DAL,L,16.833333333333332,0.0,4.3,0.0,12.8,15.0,6.4,15.0,42.8,0.0,2.1,10.7,10.7,40.0,1,12947,12947,12947,18237,12084,4665,10252,4303,16956,8404,19983,8054,7930,23300,25208,344,7111,1,16:50,2022,2023
2022-23,1630227,Daishen Nix,Daishen,1610612745,HOU,Houston Rockets,22200528,2022-12-29T00:00:00,HOU @ DAL,L,4.166666666666667,0.0,0.0,25.9,0.0,0.0,0.0,0.0,34.6,0.0,0.0,0.0,8.6,86.4,1,12947,12947,12947,24271,12084,10381,31,19499,1,1,1,15285,7930,1,1,909,114,1,4:10,2022,2023
2022-23,1626246,Boban Marjanović,Boban,1610612745,HOU,Houston Rockets,22200528,2022-12-29T00:00:00,HOU @ DAL,L,4.166666666666667,0.0,34.6,0.0,51.8,0.0,0.0,0.0,34.6,0.0,0.0,0.0,0.0,95.9,1,12947,12947,12947,24271,12084,27,10252,32,1,1,1,15285,7930,1,1,17929,70,1,4:10,2022,2023
2022-23,201569,Eric Gordon,Eric,1610612745,HOU,Houston Rockets,22200528,2022-12-29T00:00:00,HOU @ DAL,L,26.78333333333333,0.0,1.3,0.0,0.0,9.4,4.0,16.1,32.3,0.0,0.0,1.3,6.7,12.2,1,12947,12947,12947,10748,12084,10214,10252,19499,9225,5264,20972,17283,7930,1,7348,2187,23511,1,26:47,2022,2023
2022-23,1628981,Bruno Fernando,Bruno,1610612745,HOU,Houston Rockets,22200528,2022-12-29T00:00:00,HOU @ DAL,L,9.516666666666667,0.0,0.0,0.0,7.6,0.0,0.0,18.9,22.7,0.0,3.8,3.8,7.6,11.3,1,12947,12947,12947,22232,12084,10381,10252,10307,1,1,22750,23126,7930,25224,17266,1493,23752,1,9:31,2022,2023
2022-23,1631102,TyTy Washington Jr.,TyTy,1610612745,HOU,Houston Rockets,22200528,2022-12-29T00:00:00,HOU @ DAL,L,13.866666666666667,0.0,0.0,0.0,5.2,5.2,0.0,5.2,15.6,0.0,0.0,2.6,2.6,11.7,1,12947,12947,12947,20117,12084,10381,10252,14060,4293,1,7017,24741,7930,1,12384,11258,23668,1,13:52,2022,2023
2022-23,1630231,KJ Martin,KJ,1610612745,HOU,Houston Rockets,22200528,2022-12-29T00:00:00,HOU @ DAL,L,17.2,4.2,0.0,0.0,8.4,8.4,8.4,27.2,50.2,0.0,0.0,6.3,0.0,14.2,1,12947,12947,12947,17992,5812,10381,10252,9165,7871,11311,25048,3621,7930,1,22928,17929,22898,1,17:12,2022,2023
2022-23,1629726,Garrison Mathews,Garrison,1610612745,HOU,Houston Rockets,22200528,2022-12-29T00:00:00,HOU @ DAL,L,15.883333333333333,0.0,6.8,0.0,0.0,4.5,0.0,11.3,27.2,0.0,0.0,4.5,2.3,29.7,1,12947,12947,12947,18857,12084,1969,10252,19499,3730,1,15797,20950,7930,1,19589,12445,14191,1,15:53,2022,2023
2022-23,1629645,Kevin Porter Jr.,Kevin,1610612745,HOU,Houston Rockets,22200528,2022-12-29T00:00:00,HOU @ DAL,L,34.13333333333333,0.0,6.3,0.0,0.0,9.5,7.4,24.3,50.6,0.0,1.1,2.1,3.2,33.0,1,12947,12947,12947,4484,12084,2312,10252,19499,9348,9778,24569,3450,7930,18925,10335,9319,11777,1,34:08,2022,2023
2022-23,1631095,Jabari Smith Jr.,Jabari,1610612745,HOU,Houston Rockets,22200528,2022-12-29T00:00:00,HOU @ DAL,L,27.433333333333334,2.6,0.0,0.0,15.7,9.2,9.2,21.0,47.2,0.0,0.0,2.6,1.3,31.9,1,12947,12947,12947,10235,9284,10381,10252,2455,8935,12568,23700,5090,7930,1,12498,16115,12581,1,27:26,2022,2023
2022-23,1630586,Usman Garuba,Usman,1610612745,HOU,Houston Rockets,22200528,2022-12-29T00:00:00,HOU @ DAL,L,19.766666666666666,9.1,7.3,3.6,10.9,7.3,7.3,23.7,47.4,0.0,0.0,3.6,1.8,49.7,1,12947,12947,12947,16115,1030,1656,5522,6043,6546,9617,24455,5031,7930,1,16792,14315,2851,1,19:46,2022,2023
2022-23,1631106,Tari Eason,Tari,1610612745,HOU,Houston Rockets,22200528,2022-12-29T00:00:00,HOU @ DAL,L,18.28333333333333,0.0,3.9,0.0,11.8,7.9,0.0,17.7,31.5,0.0,3.9,5.9,2.0,31.7,1,12947,12947,12947,17199,12084,5191,10252,5162,7248,1,22064,17905,7930,25289,22373,13720,12701,1,18:17,2022,2023
2022-23,1630224,Jalen Green,Jalen,1610612745,HOU,Houston Rockets,22200528,2022-12-29T00:00:00,HOU @ DAL,L,31.966666666666665,0.0,3.4,0.0,2.3,10.1,7.9,22.5,49.6,0.0,3.4,1.1,5.6,34.7,1,12947,12947,12947,6410,12084,6174,10252,18854,10290,10539,24160,3917,7930,25007,6418,3574,10536,1,31:58,2022,2023
2022-23,1629645,Kevin Porter Jr.,Kevin,1610612745,HOU,Houston Rockets,22200507,2022-12-27T00:00:00,HOU @ BOS,L,35.306666666666665,2.0,5.1,4.1,10.2,16.3,8.2,17.3,30.6,0.0,1.0,2.0,3.1,42.3,1,12947,12947,12947,3507,10989,3519,4708,6837,18595,10978,21844,18626,7930,18639,9971,9658,5866,1,35:18,2022,2023
2022-23,1629726,Garrison Mathews,Garrison,1610612745,HOU,Houston Rockets,22200507,2022-12-27T00:00:00,HOU @ BOS,L,16.533333333333335,0.0,0.0,0.0,0.0,4.4,13.1,24.0,34.8,0.0,0.0,2.2,2.2,29.8,1,12947,12947,12947,18433,12084,10381,10252,19499,3601,18302,24511,15040,7930,1,10682,12796,14087,1,16:32,2022,2023
2022-23,1630231,KJ Martin,KJ,1610612745,HOU,Houston Rockets,22200507,2022-12-27T00:00:00,HOU @ BOS,L,31.466666666666665,4.6,0.0,4.6,11.4,21.7,4.6,14.9,25.2,0.0,1.1,1.1,2.3,24.7,1,12947,12947,12947,6861,5101,10381,3942,5524,22782,5887,19890,22091,7930,19633,6507,12368,17703,1,31:28,2022,2023
2022-23,1628981,Bruno Fernando,Bruno,1610612745,HOU,Houston Rockets,22200507,2022-12-27T00:00:00,HOU @ BOS,L,14.8,4.9,0.0,4.9,9.7,4.9,14.6,17.0,34.1,2.4,0.0,7.3,0.0,37.2,1,12947,12947,12947,19556,4602,10381,3563,7409,4002,20064,21627,15719,2363,1,23908,17929,8862,1,14:48,2022,2023
2022-23,1631106,Tari Eason,Tari,1610612745,HOU,Houston Rockets,22200507,2022-12-27T00:00:00,HOU @ BOS,L,17.066666666666666,0.0,0.0,0.0,0.0,10.5,12.7,27.4,50.6,2.1,0.0,4.2,0.0,34.8,1,12947,12947,12947,18078,12084,10381,10252,19499,10907,17706,25073,3450,3034,1,18710,17929,10457,1,17:04,2022,2023
2022-23,1631102,TyTy Washington Jr.,TyTy,1610612745,HOU,Houston Rockets,22200507,2022-12-27T00:00:00,HOU @ BOS,L,20.33333333333333,0.0,5.3,0.0,7.1,8.9,10.6,24.8,21.2,0.0,3.5,1.8,0.0,41.6,1,12947,12947,12947,15711,12084,3260,10252,11070,8456,14776,24660,23623,7930,25121,8674,17929,6218,1,20:20,2022,2023
2022-23,1630224,Jalen Green,Jalen,1610612745,HOU,Houston Rockets,22200507,2022-12-27T00:00:00,HOU @ BOS,L,32.916666666666664,3.3,3.3,4.4,15.3,23.0,4.4,18.6,30.6,0.0,0.0,0.0,4.4,34.8,1,12947,12947,12947,5561,7719,6368,4237,2668,23328,5651,22584,18605,7930,1,1,5975,10478,1,32:55,2022,2023
2022-23,1630528,Josh Christopher,Josh,1610612745,HOU,Houston Rockets,22200507,2022-12-27T00:00:00,HOU @ BOS,L,7.533333333333333,0.0,0.0,0.0,0.0,0.0,9.6,0.0,28.7,0.0,0.0,4.8,4.8,10.5,1,12947,12947,12947,22937,12084,10381,10252,19499,1,13145,1,19985,7930,1,20193,5116,23941,1,7:32,2022,2023
2022-23,1630578,Alperen Sengun,Alperen,1610612745,HOU,Houston Rockets,22200507,2022-12-27T00:00:00,HOU @ BOS,L,21.933333333333334,0.0,0.0,0.0,0.0,26.3,0.0,13.1,19.7,0.0,1.6,3.3,4.9,25.9,1,12947,12947,12947,14469,12084,10381,10252,19499,24302,1,18051,24016,7930,21781,15436,4846,16874,1,21:56,2022,2023
2022-23,1630586,Usman Garuba,Usman,1610612745,HOU,Houston Rockets,22200507,2022-12-27T00:00:00,HOU @ BOS,L,13.26,0.0,5.4,0.0,5.4,8.1,10.9,24.4,32.6,0.0,0.0,2.7,0.0,19.3,1,12947,12947,12947,20468,12084,3134,10252,13718,7579,15132,24599,16995,7930,1,12850,17929,20827,1,13:16,2022,2023
2022-23,1631095,Jabari Smith Jr.,Jabari,1610612745,HOU,Houston Rockets,22200507,2022-12-27T00:00:00,HOU @ BOS,L,28.85,0.0,0.0,3.7,0.0,20.0,5.0,13.7,17.5,0.0,0.0,2.5,0.0,19.7,1,12947,12947,12947,9063,12084,10381,5319,19499,21764,6408,18704,24467,7930,1,12008,17929,20616,1,28:51,2022,2023
2022-23,1631095,Jabari Smith Jr.,Jabari,1610612745,HOU,Houston Rockets,22200501,2022-12-26T00:00:00,HOU @ CHI,W,30.8,0.0,7.0,0.0,11.7,10.5,9.4,18.7,35.1,2.3,1.2,1.2,0.0,42.8,1,1,1,1,7453,12084,1813,10252,5284,10874,12812,22648,14882,2524,19810,6633,17929,5635,1,30:48,2022,2023
2022-23,1629726,Garrison Mathews,Garrison,1610612745,HOU,Houston Rockets,22200501,2022-12-26T00:00:00,HOU @ CHI,W,4.5,0.0,0.0,0.0,0.0,0.0,0.0,0.0,16.0,0.0,0.0,8.0,0.0,12.0,1,1,1,1,24117,12084,10381,10252,19499,1,1,1,24677,7930,1,24308,17929,23561,1,4:30,2022,2023
2022-23,201569,Eric Gordon,Eric,1610612745,HOU,Houston Rockets,22200501,2022-12-26T00:00:00,HOU @ CHI,W,35.9,0.0,0.0,3.0,6.0,13.0,3.0,17.0,28.1,0.0,0.0,0.0,2.0,17.9,1,1,1,1,2996,12084,10381,6734,12719,14473,4217,21646,20373,7930,1,1,13556,21468,1,35:54,2022,2023
2022-23,1629645,Kevin Porter Jr.,Kevin,1610612745,HOU,Houston Rockets,22200501,2022-12-26T00:00:00,HOU @ CHI,W,39.333333333333336,5.5,0.0,1.8,9.2,10.1,4.6,14.6,32.9,0.0,0.0,1.8,3.7,51.2,1,1,1,1,881,3679,10381,9817,8174,10168,5886,19665,16692,7930,1,8894,7862,2441,1,39:20,2022,2023
2022-23,1628981,Bruno Fernando,Bruno,1610612745,HOU,Houston Rockets,22200501,2022-12-26T00:00:00,HOU @ CHI,W,6.1,0.0,0.0,0.0,0.0,11.8,0.0,0.0,23.6,0.0,0.0,11.8,5.9,23.0,1,1,1,1,23484,12084,10381,10252,19499,12760,1,1,22773,7930,1,25369,3179,18742,1,6:06,2022,2023
2022-23,1630586,Usman Garuba,Usman,1610612745,HOU,Houston Rockets,22200501,2022-12-26T00:00:00,HOU @ CHI,W,9.583333333333334,0.0,0.0,0.0,0.0,7.5,0.0,26.3,45.1,0.0,0.0,3.8,0.0,21.0,1,1,1,1,22213,12084,10381,10252,19499,6791,1,24923,6346,7930,1,17186,17929,19903,1,9:35,2022,2023
2022-23,1630231,KJ Martin,KJ,1610612745,HOU,Houston Rockets,22200501,2022-12-26T00:00:00,HOU @ CHI,W,21.53333333333333,0.0,3.3,3.3,13.4,6.7,13.4,18.4,40.1,0.0,0.0,3.3,3.3,21.1,1,1,1,1,14766,12084,6251,6076,3875,5864,18676,22464,10311,7930,1,15637,8786,19889,1,21:32,2022,2023
2022-23,1631106,Tari Eason,Tari,1610612745,HOU,Houston Rockets,22200501,2022-12-26T00:00:00,HOU @ CHI,W,17.2,4.2,0.0,4.2,4.2,8.4,0.0,14.7,29.3,2.1,0.0,4.2,6.3,39.6,1,1,1,1,17992,5812,10381,4528,15744,7871,1,19675,19579,3071,1,18610,2685,7343,1,17:12,2022,2023
2022-23,1631102,TyTy Washington Jr.,TyTy,1610612745,HOU,Houston Rockets,22200501,2022-12-26T00:00:00,HOU @ CHI,W,7.566666666666666,0.0,0.0,0.0,0.0,9.5,0.0,33.3,38.1,0.0,0.0,0.0,0.0,43.8,1,1,1,1,22925,12084,10381,10252,19499,9376,1,25506,12176,7930,1,1,17929,5138,1,7:34,2022,2023
2022-23,1630224,Jalen Green,Jalen,1610612745,HOU,Houston Rockets,22200501,2022-12-26T00:00:00,HOU @ CHI,W,35.166666666666664,0.0,0.0,2.0,6.1,9.2,8.2,18.4,34.8,0.0,1.0,1.0,3.1,39.6,1,1,1,1,3602,12084,10381,9150,12501,8976,11029,22485,15083,7930,18674,5867,9611,7312,1,35:10,2022,2023
2022-23,1630578,Alperen Sengun,Alperen,1610612745,HOU,Houston Rockets,22200501,2022-12-26T00:00:00,HOU @ CHI,W,32.31666666666667,7.8,2.2,5.6,20.1,10.0,8.9,17.8,31.2,2.2,0.0,3.3,4.5,58.1,1,1,1,1,6063,1614,8670,2787,989,10115,12149,22132,18137,2768,1,15630,5797,1196,1,32:19,2022,2023
2022-23,1628981,Bruno Fernando,Bruno,1610612745,HOU,Houston Rockets,22200487,2022-12-23T00:00:00,HOU vs. DAL,L,8.4,0.0,0.0,0.0,0.0,30.0,12.9,8.6,34.3,4.3,0.0,8.6,12.9,26.6,1,12947,12947,12947,22636,12084,10381,10252,19499,24948,18000,11754,15521,761,1,24565,171,16417,1,8:24,2022,2023
2022-23,1631095,Jabari Smith Jr.,Jabari,1610612745,HOU,Houston Rockets,22200487,2022-12-23T00:00:00,HOU vs. DAL,L,33.71666666666667,4.3,4.3,2.1,6.4,18.2,9.6,4.3,17.1,1.1,2.1,4.3,2.1,45.4,1,12947,12947,12947,4853,5646,4676,8859,12076,20424,13226,5875,24522,6630,23281,18852,12971,4385,1,33:43,2022,2023
2022-23,1630224,Jalen Green,Jalen,1610612745,HOU,Houston Rockets,22200487,2022-12-23T00:00:00,HOU vs. DAL,L,38.81666666666667,3.7,0.0,1.9,9.3,16.7,7.4,8.3,24.1,0.0,1.9,0.0,4.6,38.6,1,12947,12947,12947,1094,6792,10381,9772,8020,19021,9828,11388,22572,7930,22364,1,5408,7965,1,38:49,2022,2023
2022-23,1630586,Usman Garuba,Usman,1610612745,HOU,Houston Rockets,22200487,2022-12-23T00:00:00,HOU vs. DAL,L,13.008333333333333,5.5,5.5,0.0,5.5,33.2,13.8,11.1,33.2,0.0,2.8,5.5,0.0,45.1,1,12947,12947,12947,20597,3616,3038,10252,13569,25240,19255,15425,16472,7930,24382,21770,17929,4503,1,13:01,2022,2023
2022-23,1630578,Alperen Sengun,Alperen,1610612745,HOU,Houston Rockets,22200487,2022-12-23T00:00:00,HOU vs. DAL,L,26.591666666666665,0.0,2.7,2.7,16.2,12.2,4.1,6.8,16.2,0.0,0.0,4.1,8.1,57.0,1,12947,12947,12947,10894,12084,7557,7402,2190,13339,5299,9115,24651,7930,1,18241,1149,1329,1,26:36,2022,2023
2022-23,1631106,Tari Eason,Tari,1610612745,HOU,Houston Rockets,22200487,2022-12-23T00:00:00,HOU vs. DAL,L,20.5,3.5,3.5,0.0,7.0,28.1,3.5,15.8,38.6,1.8,1.8,3.5,1.8,22.1,1,12947,12947,12947,15581,7223,5914,10252,11131,24674,4665,20703,11635,4013,22072,16316,14536,19260,1,20:30,2022,2023
2022-23,1630231,KJ Martin,KJ,1610612745,HOU,Houston Rockets,22200487,2022-12-23T00:00:00,HOU vs. DAL,L,29.633333333333333,4.9,0.0,2.4,4.9,15.8,6.1,8.5,24.3,0.0,0.0,2.4,0.0,28.1,1,12947,12947,12947,8418,4612,10381,8033,14529,17984,7919,11663,22483,7930,1,11745,17929,15381,1,29:38,2022,2023
2022-23,1631102,TyTy Washington Jr.,TyTy,1610612745,HOU,Houston Rockets,22200487,2022-12-23T00:00:00,HOU vs. DAL,L,12.091666666666669,0.0,0.0,0.0,6.0,11.9,8.9,6.0,17.9,0.0,0.0,3.0,0.0,14.0,1,12947,12947,12947,21105,12084,10381,10252,12848,12927,12189,8053,24385,7930,1,14025,17929,22979,1,12:06,2022,2023
2022-23,1630528,Josh Christopher,Josh,1610612745,HOU,Houston Rockets,22200487,2022-12-23T00:00:00,HOU vs. DAL,L,4.383333333333334,0.0,0.0,0.0,0.0,24.6,24.6,0.0,16.4,0.0,8.2,0.0,0.0,12.3,1,12947,12947,12947,24169,12084,10381,10252,19499,23889,24935,1,24627,7930,25799,1,17929,23476,1,4:23,2022,2023
2022-23,1629645,Kevin Porter Jr.,Kevin,1610612745,HOU,Houston Rockets,22200487,2022-12-23T00:00:00,HOU vs. DAL,L,31.70833333333333,0.0,0.0,0.0,6.8,22.7,6.8,7.9,20.4,0.0,0.0,4.5,3.4,25.2,1,12947,12947,12947,6637,12084,10381,10252,11442,23239,8949,10773,23848,7930,1,19621,8611,17342,1,31:43,2022,2023
2022-23,1630227,Daishen Nix,Daishen,1610612745,HOU,Houston Rockets,22200487,2022-12-23T00:00:00,HOU vs. DAL,L,8.883333333333333,0.0,0.0,0.0,0.0,32.4,20.3,16.2,48.6,0.0,0.0,4.1,4.1,4.1,1,12947,12947,12947,22464,12084,10381,10252,19499,25191,23743,21034,4364,7930,1,18209,6768,24805,1,8:53,2022,2023
2022-23,1629726,Garrison Mathews,Garrison,1610612745,HOU,Houston Rockets,22200487,2022-12-23T00:00:00,HOU vs. DAL,L,12.266666666666667,0.0,0.0,0.0,0.0,38.2,8.8,5.9,17.6,0.0,0.0,0.0,0.0,21.1,1,12947,12947,12947,21019,12084,10381,10252,19499,25461,11976,7949,24433,7930,1,1,17929,19850,1,12:16,2022,2023
2022-23,1629645,Kevin Porter Jr.,Kevin,1610612745,HOU,Houston Rockets,22200472,2022-12-21T00:00:00,HOU vs. ORL,L,35.468333333333334,7.1,6.1,6.1,12.2,16.2,15.2,15.2,38.6,1.0,1.0,1.0,4.1,53.5,1,12947,12947,12947,3365,2058,2510,2311,4844,18523,20704,20250,11708,7014,18593,5832,6751,1910,1,35:28,2022,2023
2022-23,1630231,KJ Martin,KJ,1610612745,HOU,Houston Rockets,22200472,2022-12-21T00:00:00,HOU vs. ORL,L,28.23333333333333,0.0,2.6,2.6,12.8,17.9,14.0,11.5,33.2,0.0,1.3,2.6,1.3,38.3,1,12947,12947,12947,9541,12084,7869,7763,4368,20150,19483,15999,16524,7930,20440,12201,16286,8161,1,28:14,2022,2023
2022-23,1631095,Jabari Smith Jr.,Jabari,1610612745,HOU,Houston Rockets,22200472,2022-12-21T00:00:00,HOU vs. ORL,L,27.73333333333333,6.5,0.0,2.6,0.0,18.2,15.6,16.9,41.5,3.9,0.0,5.2,0.0,33.8,1,12947,12947,12947,9965,2556,10381,7648,19499,20445,21050,21529,9040,953,1,21144,17929,11199,1,27:44,2022,2023
2022-23,1630224,Jalen Green,Jalen,1610612745,HOU,Houston Rockets,22200472,2022-12-21T00:00:00,HOU vs. ORL,L,35.468333333333334,3.0,2.0,2.0,6.1,16.2,15.2,15.2,38.6,0.0,2.0,4.1,3.0,30.6,1,12947,12947,12947,3365,8270,9318,9220,12587,18523,20704,20250,11708,7930,22930,18232,9700,13561,1,35:28,2022,2023
2022-23,1630578,Alperen Sengun,Alperen,1610612745,HOU,Houston Rockets,22200472,2022-12-21T00:00:00,HOU vs. ORL,L,31.7,0.0,2.3,0.0,11.4,15.9,11.4,14.8,38.6,0.0,0.0,3.4,6.8,39.1,1,12947,12947,12947,6638,12084,8544,10252,5601,18108,15898,19787,11654,7930,1,15896,2117,7658,1,31:42,2022,2023
2022-23,1631106,Tari Eason,Tari,1610612745,HOU,Houston Rockets,22200472,2022-12-21T00:00:00,HOU vs. ORL,L,20.565,0.0,0.0,0.0,0.0,12.3,12.3,3.5,31.5,0.0,0.0,7.0,3.5,21.2,1,12947,12947,12947,15540,12084,10381,10252,19499,13431,17170,4996,17899,7930,1,23661,8292,19816,1,20:34,2022,2023
2022-23,1630227,Daishen Nix,Daishen,1610612745,HOU,Houston Rockets,22200472,2022-12-21T00:00:00,HOU vs. ORL,L,12.531666666666666,0.0,0.0,0.0,0.0,14.4,11.5,0.0,34.5,0.0,0.0,2.9,0.0,1.4,1,12947,12947,12947,20885,12084,10381,10252,19499,16208,16095,1,15371,7930,1,13575,17929,24919,1,12:32,2022,2023
2022-23,201569,Eric Gordon,Eric,1610612745,HOU,Houston Rockets,22200472,2022-12-21T00:00:00,HOU vs. ORL,L,32.29833333333333,2.2,2.2,0.0,2.2,13.4,13.4,6.7,40.1,0.0,2.2,2.2,1.1,24.5,1,12947,12947,12947,6098,10383,8667,10252,18908,14929,18682,9019,10308,7930,23544,10935,17092,17819,1,32:18,2022,2023
2022-23,1630586,Usman Garuba,Usman,1610612745,HOU,Houston Rockets,22200472,2022-12-21T00:00:00,HOU vs. ORL,L,12.6,0.0,0.0,0.0,0.0,20.0,20.0,5.7,45.7,0.0,0.0,0.0,2.9,19.4,1,12947,12947,12947,20834,12084,10381,10252,19499,21778,23635,7727,5947,7930,1,1,10380,20748,1,12:36,2022,2023
2022-23,1628981,Bruno Fernando,Bruno,1610612745,HOU,Houston Rockets,22200472,2022-12-21T00:00:00,HOU vs. ORL,L,3.401666666666667,0.0,0.0,0.0,0.0,0.0,21.2,0.0,0.0,0.0,0.0,21.2,0.0,12.7,1,12947,12947,12947,24638,12084,10381,10252,19499,1,24101,1,25269,7930,1,25790,17929,23358,1,3:24,2022,2023
2022-23,1630578,Alperen Sengun,Alperen,1610612745,HOU,Houston Rockets,22200455,2022-12-19T00:00:00,HOU vs. SAS,L,23.7,0.0,3.0,0.0,24.3,13.7,12.2,19.7,51.6,1.5,0.0,4.6,7.6,56.7,1,12947,12947,12947,13128,12084,6822,10252,416,15315,17026,23188,3059,4621,1,19656,1475,1367,1,23:42,2022,2023
2022-23,1631102,TyTy Washington Jr.,TyTy,1610612745,HOU,Houston Rockets,22200455,2022-12-19T00:00:00,HOU vs. SAS,L,4.016666666666667,0.0,0.0,0.0,53.8,0.0,0.0,0.0,0.0,0.0,0.0,0.0,0.0,80.7,1,12947,12947,12947,24367,12084,10381,10252,27,1,1,1,25269,7930,1,1,17929,154,1,4:01,2022,2023
2022-23,1630231,KJ Martin,KJ,1610612745,HOU,Houston Rockets,22200455,2022-12-19T00:00:00,HOU vs. SAS,L,19.933333333333334,0.0,3.6,0.0,14.4,12.6,7.2,27.1,36.1,0.0,1.8,1.8,3.6,35.9,1,12947,12947,12947,16000,12084,5745,10252,3124,13953,9544,25035,13925,7930,22215,8801,7998,9709,1,19:56,2022,2023
2022-23,1626246,Boban Marjanović,Boban,1610612745,HOU,Houston Rockets,22200455,2022-12-19T00:00:00,HOU vs. SAS,L,4.016666666666667,0.0,0.0,0.0,17.9,0.0,0.0,0.0,0.0,0.0,0.0,0.0,0.0,28.7,1,12947,12947,12947,24367,12084,10381,10252,1524,1,1,1,25269,7930,1,1,17929,14931,1,4:01,2022,2023
2022-23,1630224,Jalen Green,Jalen,1610612745,HOU,Houston Rockets,22200455,2022-12-19T00:00:00,HOU vs. SAS,L,31.416666666666668,8.0,0.0,2.3,4.6,13.8,13.8,24.1,36.7,0.0,1.1,1.1,5.7,24.3,1,12947,12947,12947,6888,1489,10381,8403,14996,15402,19143,24538,13435,7930,19643,6515,3423,17957,1,31:25,2022,2023
2022-23,1631095,Jabari Smith Jr.,Jabari,1610612745,HOU,Houston Rockets,22200455,2022-12-19T00:00:00,HOU vs. SAS,L,30.433333333333334,2.4,2.4,0.0,9.5,18.9,14.2,24.8,40.2,1.2,1.2,1.2,1.2,28.5,1,12947,12947,12947,7745,9981,8307,10252,7773,21067,19662,24677,10225,5924,19898,6713,16758,15045,1,30:26,2022,2023
2022-23,201569,Eric Gordon,Eric,1610612745,HOU,Houston Rockets,22200455,2022-12-19T00:00:00,HOU vs. SAS,L,27.9,0.0,0.0,0.0,2.6,14.2,12.9,16.8,46.5,0.0,1.3,0.0,1.3,12.3,1,12947,12947,12947,9804,12084,10381,10252,18305,15988,18073,21444,5516,7930,20511,1,16216,23504,1,27:54,2022,2023
2022-23,1630227,Daishen Nix,Daishen,1610612745,HOU,Houston Rockets,22200455,2022-12-19T00:00:00,HOU vs. SAS,L,23.9,3.0,0.0,0.0,3.0,16.6,3.0,15.1,33.1,0.0,0.0,3.0,0.0,42.3,1,12947,12947,12947,12970,8346,10381,10252,17618,18900,4221,20084,16537,7930,1,14221,17929,5861,1,23:54,2022,2023
2022-23,1628981,Bruno Fernando,Bruno,1610612745,HOU,Houston Rockets,22200455,2022-12-19T00:00:00,HOU vs. SAS,L,9.583333333333334,7.5,0.0,7.5,22.5,22.5,7.5,18.8,30.1,0.0,0.0,7.5,3.8,46.2,1,12947,12947,12947,22213,1785,10381,1381,586,23161,9971,22686,19008,7930,1,24062,7607,4031,1,9:35,2022,2023
2022-23,1631106,Tari Eason,Tari,1610612745,HOU,Houston Rockets,22200455,2022-12-19T00:00:00,HOU vs. SAS,L,23.75,0.0,4.5,0.0,6.1,12.1,6.1,12.1,30.3,0.0,0.0,1.5,7.6,27.0,1,12947,12947,12947,13082,12084,4278,10252,12627,13252,7903,16891,18821,7930,1,7905,1481,16123,1,23:45,2022,2023
2022-23,1629645,Kevin Porter Jr.,Kevin,1610612745,HOU,Houston Rockets,22200455,2022-12-19T00:00:00,HOU vs. SAS,L,26.633333333333333,2.7,8.1,2.7,13.5,9.5,16.2,21.6,37.8,1.4,1.4,5.4,4.1,45.7,1,12947,12947,12947,10857,9104,1268,7409,3767,9306,21547,23905,12380,5199,20815,21532,6763,4250,1,26:38,2022,2023
2022-23,1630586,Usman Garuba,Usman,1610612745,HOU,Houston Rockets,22200455,2022-12-19T00:00:00,HOU vs. SAS,L,14.716666666666669,0.0,0.0,0.0,0.0,7.3,9.8,19.6,14.7,0.0,2.4,2.4,0.0,23.2,1,12947,12947,12947,19619,12084,10381,10252,19499,6604,13520,23103,24850,7930,23961,11814,17929,18604,1,14:43,2022,2023
2022-23,1630586,Usman Garuba,Usman,1610612745,HOU,Houston Rockets,22200441,2022-12-17T00:00:00,HOU vs. POR,L,11.466666666666669,0.0,9.4,0.0,6.3,3.1,18.8,0.0,56.5,0.0,0.0,6.3,3.1,47.1,1,12947,12947,12947,21472,12084,803,10252,12260,2891,23112,1,1662,7930,1,22925,9395,3736,1,11:28,2022,2023
2022-23,1630578,Alperen Sengun,Alperen,1610612745,HOU,Houston Rockets,22200441,2022-12-17T00:00:00,HOU vs. POR,L,21.23333333333333,3.4,6.8,0.0,13.6,17.0,8.5,15.3,27.1,5.1,1.7,1.7,5.1,46.8,1,12947,12947,12947,15025,7483,1979,10252,3732,19278,11477,20275,20991,485,21928,8446,4506,3840,1,21:14,2022,2023
2022-23,1630227,Daishen Nix,Daishen,1610612745,HOU,Houston Rockets,22200441,2022-12-17T00:00:00,HOU vs. POR,L,16.466666666666665,4.4,0.0,4.4,4.4,13.1,4.4,4.4,39.4,0.0,0.0,2.2,2.2,31.0,1,12947,12947,12947,18478,5449,10381,4242,15373,14582,5648,6010,10974,7930,1,10733,12759,13197,1,16:28,2022,2023
2022-23,1628981,Bruno Fernando,Bruno,1610612745,HOU,Houston Rockets,22200441,2022-12-17T00:00:00,HOU vs. POR,L,10.9,0.0,0.0,0.0,6.6,19.8,6.6,6.6,52.8,3.3,0.0,6.6,6.6,45.6,1,12947,12947,12947,21691,12084,10381,10252,11775,21660,8651,8899,2622,1378,1,23296,2329,4303,1,10:54,2022,2023
2022-23,1629645,Kevin Porter Jr.,Kevin,1610612745,HOU,Houston Rockets,22200441,2022-12-17T00:00:00,HOU vs. POR,L,29.28333333333333,6.1,4.9,0.0,7.4,19.7,11.1,13.5,34.4,0.0,0.0,3.7,6.1,33.7,1,12947,12947,12947,8737,2885,3751,10252,10623,21575,15450,18485,15403,7930,1,16946,2856,11261,1,29:17,2022,2023
2022-23,1631095,Jabari Smith Jr.,Jabari,1610612745,HOU,Houston Rockets,22200441,2022-12-17T00:00:00,HOU vs. POR,L,24.816666666666663,0.0,2.9,2.9,5.8,16.0,13.1,13.1,34.8,1.5,0.0,0.0,1.5,17.1,1,12947,12947,12947,12255,12084,7137,6957,13119,18191,18288,17979,15077,4852,1,1,15582,21835,1,24:49,2022,2023
2022-23,201569,Eric Gordon,Eric,1610612745,HOU,Houston Rockets,22200441,2022-12-17T00:00:00,HOU vs. POR,L,20.466666666666665,0.0,0.0,0.0,3.5,24.6,8.8,19.3,35.2,0.0,0.0,0.0,0.0,9.1,1,12947,12947,12947,15608,12084,10381,10252,16927,23886,11954,22982,14774,7930,1,1,17929,24210,1,20:28,2022,2023
2022-23,1631102,TyTy Washington Jr.,TyTy,1610612745,HOU,Houston Rockets,22200441,2022-12-17T00:00:00,HOU vs. POR,L,15.433333333333334,4.7,4.7,4.7,14.0,2.3,9.3,0.0,42.0,0.0,0.0,4.7,0.0,36.4,1,12947,12947,12947,19154,4933,4094,3832,3400,2576,12787,1,8684,7930,1,19937,17929,9434,1,15:26,2022,2023
2022-23,1626246,Boban Marjanović,Boban,1610612745,HOU,Houston Rockets,22200441,2022-12-17T00:00:00,HOU vs. POR,L,4.4,0.0,0.0,0.0,0.0,0.0,0.0,0.0,16.4,0.0,0.0,0.0,16.4,36.0,1,12947,12947,12947,24162,12084,10381,10252,19499,1,1,1,24639,7930,1,1,76,9657,1,4:24,2022,2023
2022-23,1631106,Tari Eason,Tari,1610612745,HOU,Houston Rockets,22200441,2022-12-17T00:00:00,HOU vs. POR,L,23.183333333333334,3.1,10.9,0.0,15.5,9.3,6.2,3.1,43.5,0.0,4.7,4.7,0.0,32.1,1,12947,12947,12947,13502,8137,537,10252,2563,9111,8127,4621,7510,7930,25505,19923,17929,12407,1,23:11,2022,2023
2022-23,1630224,Jalen Green,Jalen,1610612745,HOU,Houston Rockets,22200441,2022-12-17T00:00:00,HOU vs. POR,L,31.35,1.1,0.0,2.3,11.5,12.6,12.6,10.3,39.0,1.1,0.0,2.3,4.6,32.2,1,12947,12947,12947,6960,11946,10381,8382,5487,13937,17673,14373,11268,6108,1,11228,5485,12396,1,31:21,2022,2023
2022-23,1630231,KJ Martin,KJ,1610612745,HOU,Houston Rockets,22200441,2022-12-17T00:00:00,HOU vs. POR,L,31.0,0.0,8.1,0.0,13.9,3.5,9.3,0.0,44.1,0.0,0.0,2.3,1.2,29.0,1,12947,12947,12947,7272,12084,1255,10252,3445,3060,12726,1,7027,7930,1,11338,16864,14681,1,31:00,2022,2023
2022-23,1631106,Tari Eason,Tari,1610612745,HOU,Houston Rockets,22200424,2022-12-15T00:00:00,HOU vs. MIA,L,15.7,0.0,6.9,0.0,4.6,13.8,18.3,0.0,4.6,2.3,0.0,6.9,0.0,33.2,1,12947,12947,12947,18979,12084,1916,10252,14987,15411,22863,1,25262,2624,1,23551,17929,11598,1,15:42,2022,2023
2022-23,1630231,KJ Martin,KJ,1610612745,HOU,Houston Rockets,22200424,2022-12-15T00:00:00,HOU vs. MIA,L,20.75,0.0,6.9,0.0,10.4,17.3,17.3,6.9,17.3,0.0,1.7,1.7,1.7,26.2,1,12947,12947,12947,15389,12084,1862,10252,6592,19684,22313,9348,24483,7930,22026,8562,14614,16686,1,20:45,2022,2023
2022-23,1628981,Bruno Fernando,Bruno,1610612745,HOU,Houston Rockets,22200424,2022-12-15T00:00:00,HOU vs. MIA,L,4.433333333333334,0.0,16.2,0.0,16.2,65.0,65.0,16.2,65.0,0.0,0.0,16.2,0.0,35.7,1,12947,12947,12947,24153,12084,166,10252,2191,25781,25858,21053,680,7930,1,25677,17929,9849,1,4:26,2022,2023
2022-23,1630578,Alperen Sengun,Alperen,1610612745,HOU,Houston Rockets,22200424,2022-12-15T00:00:00,HOU vs. MIA,L,23.566666666666663,0.0,3.1,0.0,18.3,7.6,13.7,3.1,27.5,1.5,3.1,7.6,7.6,35.1,1,12947,12947,12947,13226,12084,6790,10252,1384,6950,19140,4582,20785,4597,24725,24129,1451,10240,1,23:34,2022,2023
2022-23,1631095,Jabari Smith Jr.,Jabari,1610612745,HOU,Houston Rockets,22200424,2022-12-15T00:00:00,HOU vs. MIA,L,32.3,5.6,3.3,5.6,4.5,13.4,16.7,6.7,37.9,0.0,0.0,2.2,1.1,35.3,1,12947,12947,12947,6081,3570,6248,2785,15232,14925,21871,9018,12321,7930,1,10927,17093,10105,1,32:18,2022,2023
2022-23,1630586,Usman Garuba,Usman,1610612745,HOU,Houston Rockets,22200424,2022-12-15T00:00:00,HOU vs. MIA,L,20.0,3.6,3.6,0.0,3.6,9.0,10.8,3.6,18.0,0.0,0.0,1.8,3.6,31.1,1,12947,12947,12947,15954,7029,5768,10252,16808,8651,15042,5096,24358,7930,1,8778,8034,13122,1,20:00,2022,2023
2022-23,1629645,Kevin Porter Jr.,Kevin,1610612745,HOU,Houston Rockets,22200424,2022-12-15T00:00:00,HOU vs. MIA,L,35.81666666666667,8.0,4.0,2.0,16.1,12.1,16.1,6.0,34.2,1.0,1.0,2.0,0.0,46.1,1,12947,12947,12947,3057,1480,5069,9305,2275,13162,21447,8154,15620,7086,18498,9813,17929,4056,1,35:49,2022,2023
2022-23,1630224,Jalen Green,Jalen,1610612745,HOU,Houston Rockets,22200424,2022-12-15T00:00:00,HOU vs. MIA,L,35.6,6.1,2.0,6.1,14.2,12.1,16.2,6.1,34.4,1.0,1.0,2.0,6.1,38.9,1,12947,12947,12947,3243,2960,9350,2333,3287,13260,21510,8197,15450,7042,18551,9883,2964,7748,1,35:36,2022,2023
2022-23,1629726,Garrison Mathews,Garrison,1610612745,HOU,Houston Rockets,22200424,2022-12-15T00:00:00,HOU vs. MIA,L,7.466666666666667,9.6,0.0,0.0,0.0,24.1,0.0,9.6,48.2,0.0,0.0,0.0,9.6,38.6,1,12947,12947,12947,22956,876,10381,10252,19499,23730,1,13349,4564,7930,1,1,581,7967,1,7:28,2022,2023
2022-23,1631102,TyTy Washington Jr.,TyTy,1610612745,HOU,Houston Rockets,22200424,2022-12-15T00:00:00,HOU vs. MIA,L,12.183333333333334,0.0,0.0,0.0,0.0,17.7,20.7,0.0,5.9,0.0,0.0,3.0,0.0,38.7,1,12947,12947,12947,21059,12084,10381,10252,19499,20057,23934,1,25255,7930,1,13922,17929,7893,1,12:11,2022,2023
2022-23,201569,Eric Gordon,Eric,1610612745,HOU,Houston Rockets,22200424,2022-12-15T00:00:00,HOU vs. MIA,L,32.18333333333333,0.0,0.0,3.4,0.0,10.1,22.4,0.0,20.1,0.0,1.1,0.0,2.2,20.9,1,12947,12947,12947,6190,12084,10381,6049,19499,10166,24425,1,23918,7930,19432,1,12569,19952,1,32:11,2022,2023
2022-23,1629726,Garrison Mathews,Garrison,1610612745,HOU,Houston Rockets,22200411,2022-12-13T00:00:00,HOU vs. PHX,W,16.733333333333334,0.0,6.5,0.0,4.3,15.1,10.8,19.4,21.5,0.0,0.0,2.2,6.5,30.8,1,1,1,1,18300,12084,2225,10252,15517,17093,14987,22991,23520,7930,1,10554,2511,13383,1,16:44,2022,2023
2022-23,1631095,Jabari Smith Jr.,Jabari,1610612745,HOU,Houston Rockets,22200411,2022-12-13T00:00:00,HOU vs. PHX,W,29.25,6.2,4.9,0.0,0.0,16.0,14.8,9.8,17.2,1.2,0.0,6.2,2.5,30.3,1,1,1,1,8758,2875,3738,10252,19499,18240,20244,13636,24498,5689,1,22754,11692,13757,1,29:15,2022,2023
2022-23,1630586,Usman Garuba,Usman,1610612745,HOU,Houston Rockets,22200411,2022-12-13T00:00:00,HOU vs. PHX,W,10.15,0.0,0.0,0.0,0.0,39.0,14.2,0.0,42.6,3.5,0.0,3.5,0.0,58.5,1,1,1,1,22018,12084,10381,10252,19499,25494,19648,1,8203,1176,1,16417,17929,1146,1,10:09,2022,2023
2022-23,1630578,Alperen Sengun,Alperen,1610612745,HOU,Houston Rockets,22200411,2022-12-13T00:00:00,HOU vs. PHX,W,28.766666666666666,2.5,2.5,0.0,10.0,16.3,10.0,23.8,20.0,1.3,0.0,1.3,1.3,40.3,1,1,1,1,9128,9603,7965,10252,7055,18555,13846,24469,23949,5600,1,6998,16398,6937,1,28:46,2022,2023
2022-23,1630231,KJ Martin,KJ,1610612745,HOU,Houston Rockets,22200411,2022-12-13T00:00:00,HOU vs. PHX,W,19.516666666666666,0.0,3.7,0.0,7.4,29.5,7.4,18.4,29.5,0.0,3.7,3.7,0.0,19.9,1,1,1,1,16297,12084,5629,10252,10615,24878,9768,22499,19420,7930,25188,16947,17929,20507,1,19:31,2022,2023
2022-23,1630227,Daishen Nix,Daishen,1610612745,HOU,Houston Rockets,22200411,2022-12-13T00:00:00,HOU vs. PHX,W,14.75,0.0,0.0,0.0,0.0,26.8,0.0,31.7,34.2,0.0,0.0,0.0,4.9,32.5,1,1,1,1,19592,12084,10381,10252,19499,24436,1,25428,15624,7930,1,1,4927,12163,1,14:45,2022,2023
2022-23,201569,Eric Gordon,Eric,1610612745,HOU,Houston Rockets,22200411,2022-12-13T00:00:00,HOU vs. PHX,W,22.616666666666667,0.0,0.0,4.8,3.2,17.5,8.0,15.9,19.1,3.2,1.6,4.8,1.6,28.8,1,1,1,1,13927,12084,10381,3689,17389,19865,10635,20792,24145,1483,21626,20183,15118,14851,1,22:37,2022,2023
2022-23,1628981,Bruno Fernando,Bruno,1610612745,HOU,Houston Rockets,22200411,2022-12-13T00:00:00,HOU vs. PHX,W,9.083333333333334,0.0,0.0,0.0,0.0,7.9,7.9,7.9,7.9,7.9,0.0,7.9,0.0,54.7,1,1,1,1,22394,12084,10381,10252,19499,7297,10598,10741,25228,147,1,24276,17929,1677,1,9:05,2022,2023
2022-23,1631106,Tari Eason,Tari,1610612745,HOU,Houston Rockets,22200411,2022-12-13T00:00:00,HOU vs. PHX,W,18.75,3.8,5.8,13.4,11.5,25.0,3.8,25.0,30.7,3.8,1.9,3.8,5.8,46.8,1,1,1,1,16876,6521,2803,200,5446,23973,5016,24691,18523,981,22566,17471,3375,3823,1,18:45,2022,2023
2022-23,1630224,Jalen Green,Jalen,1610612745,HOU,Houston Rockets,22200411,2022-12-13T00:00:00,HOU vs. PHX,W,37.13333333333333,1.9,1.9,7.8,9.7,17.5,13.6,12.6,21.3,0.0,1.9,0.0,7.8,37.2,1,1,1,1,2084,11303,9611,1273,7449,19796,18908,17471,23593,7930,22630,1,1374,8857,1,37:08,2022,2023
2022-23,1629645,Kevin Porter Jr.,Kevin,1610612745,HOU,Houston Rockets,22200411,2022-12-13T00:00:00,HOU vs. PHX,W,33.25,2.2,4.3,3.2,8.7,16.2,15.2,8.7,17.3,0.0,1.1,4.3,4.3,34.6,1,1,1,1,5264,10576,4596,6258,8810,18530,20635,11906,24485,7930,19174,19019,6073,10561,1,33:15,2022,2023
2022-23,1628981,Bruno Fernando,Bruno,1610612745,HOU,Houston Rockets,22200401,2022-12-11T00:00:00,HOU vs. MIL,W,9.965,0.0,7.2,0.0,7.2,0.0,0.0,10.8,14.5,3.6,0.0,18.1,3.6,53.1,1,1,1,1,22079,12084,1692,10252,10830,1,1,15102,24874,1123,1,25733,7992,1992,1,9:58,2022,2023
2022-23,1630586,Usman Garuba,Usman,1610612745,HOU,Houston Rockets,22200401,2022-12-11T00:00:00,HOU vs. MIL,W,10.533333333333331,0.0,6.8,0.0,6.8,10.3,6.8,17.1,34.2,3.4,0.0,0.0,0.0,25.3,1,1,1,1,21840,12084,1952,10252,11399,10453,8973,21677,15618,1279,1,1,17929,17287,1,10:32,2022,2023
2022-23,1629726,Garrison Mathews,Garrison,1610612745,HOU,Houston Rockets,22200401,2022-12-11T00:00:00,HOU vs. MIL,W,10.376666666666669,0.0,6.9,0.0,0.0,6.9,13.9,10.4,13.9,6.9,0.0,0.0,0.0,42.3,1,1,1,1,21914,12084,1863,10252,19499,6134,19302,14499,24928,212,1,1,17929,5862,1,10:23,2022,2023
2022-23,201569,Eric Gordon,Eric,1610612745,HOU,Houston Rockets,22200401,2022-12-11T00:00:00,HOU vs. MIL,W,30.466666666666665,3.5,0.0,0.0,7.1,7.1,8.3,7.1,26.0,0.0,0.0,0.0,0.0,19.0,1,1,1,1,7723,7146,10381,10252,11054,6308,11169,9578,21678,7930,1,1,17929,20950,1,30:28,2022,2023
2022-23,1629645,Kevin Porter Jr.,Kevin,1610612745,HOU,Houston Rockets,22200401,2022-12-11T00:00:00,HOU vs. MIL,W,35.733333333333334,4.0,0.0,4.0,14.1,12.1,6.0,10.1,22.2,1.0,2.0,2.0,2.0,37.4,1,1,1,1,3125,6136,10381,4803,3329,13192,7865,13968,23302,7069,22873,9836,13516,8763,1,35:44,2022,2023
2022-23,1630227,Daishen Nix,Daishen,1610612745,HOU,Houston Rockets,22200401,2022-12-11T00:00:00,HOU vs. MIL,W,12.266666666666667,5.9,0.0,5.9,5.9,0.0,17.6,11.7,41.1,0.0,0.0,0.0,0.0,44.6,1,1,1,1,21019,3194,10381,2515,12994,1,22458,16374,9456,7930,1,1,17929,4718,1,12:16,2022,2023
2022-23,1630224,Jalen Green,Jalen,1610612745,HOU,Houston Rockets,22200401,2022-12-11T00:00:00,HOU vs. MIL,W,33.6,5.4,2.1,6.4,10.7,10.7,6.4,9.6,30.0,0.0,2.1,0.0,2.1,43.8,1,1,1,1,4946,3853,8931,2034,6254,11144,8416,13349,19044,7930,23313,1,12945,5114,1,33:36,2022,2023
2022-23,1630578,Alperen Sengun,Alperen,1610612745,HOU,Houston Rockets,22200401,2022-12-11T00:00:00,HOU vs. MIL,W,27.19,2.6,0.0,0.0,10.6,11.9,13.2,7.9,29.1,1.3,1.3,2.6,2.6,35.9,1,1,1,1,10431,9235,10381,10252,6396,12937,18511,10767,19681,5274,20691,12604,11092,9740,1,27:11,2022,2023
2022-23,1630231,KJ Martin,KJ,1610612745,HOU,Houston Rockets,22200401,2022-12-11T00:00:00,HOU vs. MIL,W,21.86833333333333,3.3,6.6,0.0,16.5,9.9,11.5,16.5,29.6,1.6,0.0,1.6,0.0,43.5,1,1,1,1,14525,7702,2129,10252,2092,9885,16128,21222,19324,4266,1,8296,17929,5316,1,21:52,2022,2023
2022-23,1631106,Tari Eason,Tari,1610612745,HOU,Houston Rockets,22200401,2022-12-11T00:00:00,HOU vs. MIL,W,13.1,0.0,0.0,0.0,0.0,8.2,11.0,19.2,38.5,0.0,2.7,8.2,0.0,19.8,1,1,1,1,20541,12084,10381,10252,19499,7706,15338,22929,11785,7930,24357,24431,17929,20581,1,13:06,2022,2023
2022-23,1631095,Jabari Smith Jr.,Jabari,1610612745,HOU,Houston Rockets,22200401,2022-12-11T00:00:00,HOU vs. MIL,W,34.9,0.0,0.0,4.1,2.1,9.3,8.3,7.2,22.7,1.0,0.0,4.1,5.2,32.0,1,1,1,1,3826,12084,10381,4632,19179,9064,11132,9755,23127,6886,1,18428,4374,12530,1,34:54,2022,2023
2022-23,1631095,Jabari Smith Jr.,Jabari,1610612745,HOU,Houston Rockets,22200375,2022-12-08T00:00:00,HOU @ SAS,L,34.166666666666664,2.1,0.0,2.1,8.4,9.5,10.5,14.8,52.7,1.1,0.0,3.2,3.2,30.3,1,12947,12947,12947,4460,10763,10381,8952,9094,9332,14628,19774,2676,6730,1,14917,9328,13708,1,34:10,2022,2023
2022-23,201569,Eric Gordon,Eric,1610612745,HOU,Houston Rockets,22200375,2022-12-08T00:00:00,HOU @ SAS,L,31.68,4.5,2.3,0.0,9.1,9.1,11.4,23.9,52.3,1.1,1.1,1.1,1.1,26.6,1,12947,12947,12947,6668,5161,8542,10252,8257,8800,15908,24490,2816,6175,19572,6474,16970,16399,1,31:41,2022,2023
2022-23,1630227,Daishen Nix,Daishen,1610612745,HOU,Houston Rockets,22200375,2022-12-08T00:00:00,HOU @ SAS,L,18.313333333333333,0.0,3.9,0.0,7.9,11.8,3.9,17.7,43.2,0.0,3.9,5.9,5.9,43.8,1,12947,12947,12947,17185,12084,5214,10252,9863,12746,5123,22049,7672,7930,25288,22357,3190,5105,1,18:19,2022,2023
2022-23,1626246,Boban Marjanović,Boban,1610612745,HOU,Houston Rockets,22200375,2022-12-08T00:00:00,HOU @ SAS,L,4.5,0.0,16.0,0.0,48.0,0.0,0.0,0.0,16.0,0.0,0.0,0.0,8.0,56.0,1,12947,12947,12947,24117,12084,171,10252,41,1,1,1,24677,7930,1,1,1221,1481,1,4:30,2022,2023
2022-23,1630231,KJ Martin,KJ,1610612745,HOU,Houston Rockets,22200375,2022-12-08T00:00:00,HOU @ SAS,L,20.85,0.0,1.7,0.0,3.5,12.1,10.4,15.5,41.4,0.0,0.0,0.0,3.5,17.8,1,12947,12947,12947,15307,12084,10058,10252,17034,13188,14366,20494,9151,7930,1,1,8460,21550,1,20:51,2022,2023
2022-23,1630586,Usman Garuba,Usman,1610612745,HOU,Houston Rockets,22200375,2022-12-08T00:00:00,HOU @ SAS,L,9.833333333333334,0.0,0.0,0.0,0.0,18.3,7.3,25.6,36.6,0.0,3.7,3.7,0.0,28.6,1,12947,12947,12947,22120,12084,10381,10252,19499,20550,9680,24806,13490,7930,25176,16849,17929,15022,1,9:50,2022,2023
2022-23,1630224,Jalen Green,Jalen,1610612745,HOU,Houston Rockets,22200375,2022-12-08T00:00:00,HOU @ SAS,L,29.686666666666667,4.9,0.0,2.4,2.4,6.1,12.1,14.6,46.1,1.2,1.2,1.2,2.4,28.6,1,12947,12947,12947,8379,4627,10381,8042,18547,5176,16985,19589,5733,5786,20085,6839,11840,14983,1,29:41,2022,2023
2022-23,1629645,Kevin Porter Jr.,Kevin,1610612745,HOU,Houston Rockets,22200375,2022-12-08T00:00:00,HOU @ SAS,L,30.52,2.4,2.4,0.0,11.8,5.9,11.8,14.2,44.8,0.0,1.2,3.5,2.4,25.5,1,12947,12947,12947,7681,9999,8322,10252,5177,4951,16527,19187,6527,7930,19881,16394,12093,17175,1,30:31,2022,2023
2022-23,1630528,Josh Christopher,Josh,1610612745,HOU,Houston Rockets,22200375,2022-12-08T00:00:00,HOU @ SAS,L,4.5,0.0,0.0,0.0,16.0,0.0,0.0,0.0,16.0,0.0,0.0,8.0,0.0,37.6,1,12947,12947,12947,24117,12084,10381,10252,2315,1,1,1,24677,7930,1,24308,17929,8590,1,4:30,2022,2023
2022-23,1631102,TyTy Washington Jr.,TyTy,1610612745,HOU,Houston Rockets,22200375,2022-12-08T00:00:00,HOU @ SAS,L,4.5,16.0,0.0,0.0,16.0,0.0,0.0,0.0,16.0,0.0,0.0,8.0,0.0,16.0,1,12947,12947,12947,24117,180,10381,10252,2315,1,1,1,24677,7930,1,24308,17929,22305,1,4:30,2022,2023
2022-23,1631106,Tari Eason,Tari,1610612745,HOU,Houston Rockets,22200375,2022-12-08T00:00:00,HOU @ SAS,L,22.95,4.7,4.7,0.0,3.1,9.4,3.1,14.1,37.6,1.6,0.0,3.1,1.6,31.7,1,12947,12947,12947,13680,4861,4040,10252,17448,9229,4326,19134,12561,4476,1,14811,15198,12710,1,22:57,2022,2023
2022-23,1630578,Alperen Sengun,Alperen,1610612745,HOU,Houston Rockets,22200375,2022-12-08T00:00:00,HOU @ SAS,L,28.5,0.0,5.1,0.0,20.2,5.1,10.1,15.2,53.1,0.0,1.3,3.8,5.1,36.9,1,12947,12947,12947,9323,12084,3579,10252,962,4154,14006,20173,2564,7930,20382,17285,4571,9083,1,28:30,2022,2023
2022-23,1630586,Usman Garuba,Usman,1610612745,HOU,Houston Rockets,22200356,2022-12-05T00:00:00,HOU vs. PHI,W,6.25,0.0,0.0,0.0,0.0,28.8,28.8,11.5,46.1,0.0,0.0,0.0,0.0,6.9,1,1,1,1,23417,12084,10381,10252,19499,24768,25382,16061,5734,7930,1,1,17929,24551,1,6:15,2022,2023
2022-23,1631095,Jabari Smith Jr.,Jabari,1610612745,HOU,Houston Rockets,22200356,2022-12-05T00:00:00,HOU vs. PHI,W,39.15,1.8,0.0,0.0,0.0,14.7,11.0,1.8,22.1,0.9,0.9,4.6,3.7,28.7,1,1,1,1,954,11577,10381,10252,19499,16661,15399,3685,23341,7642,17791,19756,7815,14924,1,39:09,2022,2023
2022-23,1630578,Alperen Sengun,Alperen,1610612745,HOU,Houston Rockets,22200356,2022-12-05T00:00:00,HOU vs. PHI,W,34.43,2.1,0.0,0.0,8.4,13.6,10.5,2.1,20.9,0.0,1.0,6.3,4.2,18.9,1,1,1,1,4255,10811,10381,10252,9177,15214,14515,3860,23729,7930,18861,22922,6413,21002,1,34:26,2022,2023
2022-23,1630227,Daishen Nix,Daishen,1610612745,HOU,Houston Rockets,22200356,2022-12-05T00:00:00,HOU vs. PHI,W,14.05,0.0,0.0,0.0,0.0,12.8,17.9,5.1,35.9,0.0,0.0,2.6,2.6,9.0,1,1,1,1,20013,12084,10381,10252,19499,14189,22631,6929,14141,7930,1,12244,11378,24246,1,14:03,2022,2023
2022-23,201569,Eric Gordon,Eric,1610612745,HOU,Houston Rockets,22200356,2022-12-05T00:00:00,HOU vs. PHI,W,40.41666666666666,2.7,2.7,0.0,1.8,11.6,12.5,3.6,24.9,0.0,0.9,0.9,2.7,21.9,1,1,1,1,523,9182,7619,10252,19467,12435,17451,5060,22202,7930,17659,5269,11018,19402,1,40:25,2022,2023
2022-23,1629726,Garrison Mathews,Garrison,1610612745,HOU,Houston Rockets,22200356,2022-12-05T00:00:00,HOU vs. PHI,W,10.8,0.0,0.0,0.0,0.0,16.7,16.7,0.0,33.3,0.0,0.0,3.3,6.7,40.7,1,1,1,1,21730,12084,10381,10252,19499,18988,21836,1,16362,7930,1,15591,2258,6721,1,10:48,2022,2023
2022-23,1628981,Bruno Fernando,Bruno,1610612745,HOU,Houston Rockets,22200356,2022-12-05T00:00:00,HOU vs. PHI,W,16.083333333333332,0.0,9.0,0.0,9.0,6.7,6.7,0.0,26.9,0.0,2.2,6.7,4.5,34.9,1,1,1,1,18716,12084,937,10252,8414,5892,8806,1,21162,7930,23563,23405,5738,10399,1,16:05,2022,2023
2022-23,1630224,Jalen Green,Jalen,1610612745,HOU,Houston Rockets,22200356,2022-12-05T00:00:00,HOU vs. PHI,W,44.23333333333333,6.5,4.9,0.0,13.0,13.0,9.8,1.6,21.2,0.0,0.0,1.6,7.3,31.2,1,1,1,1,112,2533,3794,10252,4136,14450,13478,3644,23642,7930,1,8249,1665,13098,1,44:14,2022,2023
2022-23,1630231,KJ Martin,KJ,1610612745,HOU,Houston Rockets,22200356,2022-12-05T00:00:00,HOU vs. PHI,W,19.85333333333333,3.6,3.6,0.0,14.5,9.1,14.5,3.6,25.4,0.0,1.8,3.6,3.6,34.6,1,1,1,1,16058,6964,5726,10252,3084,8759,19978,5121,21998,7930,22234,16737,7947,10573,1,19:51,2022,2023
2022-23,1629645,Kevin Porter Jr.,Kevin,1610612745,HOU,Houston Rockets,22200356,2022-12-05T00:00:00,HOU vs. PHI,W,43.95,0.8,1.6,0.0,3.3,13.1,9.8,1.6,21.3,0.8,0.0,4.1,4.9,30.9,1,1,1,1,121,12082,10123,10252,17268,14563,13579,3648,23603,7897,1,18342,4866,13308,1,43:57,2022,2023
2022-23,1631106,Tari Eason,Tari,1610612745,HOU,Houston Rockets,22200356,2022-12-05T00:00:00,HOU vs. PHI,W,20.78333333333333,12.1,3.5,0.0,17.3,13.9,12.1,3.5,31.2,1.7,1.7,1.7,1.7,64.4,1,1,1,1,15357,416,6011,10252,1720,15551,16983,4953,18140,4057,22016,8552,14624,650,1,20:47,2022,2023
2022-23,1630224,Jalen Green,Jalen,1610612745,HOU,Houston Rockets,22200342,2022-12-03T00:00:00,HOU @ GSW,L,30.766666666666666,0.0,2.3,2.3,14.0,11.7,2.3,17.6,28.1,0.0,2.3,0.0,1.2,23.1,1,12947,12947,12947,7477,12084,8365,8271,3375,12619,3714,21973,20367,7930,23767,1,16820,18723,1,30:46,2022,2023
2022-23,1628981,Bruno Fernando,Bruno,1610612745,HOU,Houston Rockets,22200342,2022-12-03T00:00:00,HOU @ GSW,L,10.783333333333331,0.0,0.0,0.0,6.7,10.0,0.0,0.0,6.7,3.3,0.0,3.3,6.7,23.4,1,12947,12947,12947,21735,12084,10381,10252,11671,10095,1,1,25245,1345,1,15613,2237,18514,1,10:47,2022,2023
2022-23,1630528,Josh Christopher,Josh,1610612745,HOU,Houston Rockets,22200342,2022-12-03T00:00:00,HOU @ GSW,L,11.166666666666666,6.4,0.0,6.4,12.9,6.4,9.7,0.0,12.9,3.2,3.2,0.0,3.2,43.5,1,12947,12947,12947,21581,2599,10381,2023,4247,5591,13318,1,25021,1450,24888,1,9125,5287,1,11:10,2022,2023
2022-23,1630586,Usman Garuba,Usman,1610612745,HOU,Houston Rockets,22200342,2022-12-03T00:00:00,HOU @ GSW,L,17.1,0.0,4.2,0.0,8.4,12.6,6.3,6.3,21.1,2.1,0.0,4.2,0.0,40.0,1,12947,12947,12947,18062,12084,4766,10252,9106,13936,8281,8509,23689,3045,1,18691,17929,7103,1,17:06,2022,2023
2022-23,1630578,Alperen Sengun,Alperen,1610612745,HOU,Houston Rockets,22200342,2022-12-03T00:00:00,HOU @ GSW,L,20.116666666666667,3.6,0.0,3.6,21.5,12.5,3.6,26.8,39.4,1.8,0.0,3.6,1.8,36.3,1,12947,12947,12947,15860,7072,10381,5646,732,13809,4731,25003,10958,3936,1,16549,14422,9467,1,20:07,2022,2023
2022-23,1631095,Jabari Smith Jr.,Jabari,1610612745,HOU,Houston Rockets,22200342,2022-12-03T00:00:00,HOU @ GSW,L,22.883333333333333,0.0,0.0,3.1,6.3,12.6,3.1,25.2,31.5,0.0,0.0,4.7,0.0,14.2,1,12947,12947,12947,13725,12084,10381,6451,12244,13882,4337,24719,17935,7930,1,20052,17929,22925,1,22:53,2022,2023
2022-23,1631106,Tari Eason,Tari,1610612745,HOU,Houston Rockets,22200342,2022-12-03T00:00:00,HOU @ GSW,L,29.133333333333333,2.5,4.9,2.5,14.8,9.9,3.7,6.2,19.8,0.0,0.0,1.2,4.9,32.7,1,12947,12947,12947,8845,9687,3703,7933,2919,9892,4860,8333,24000,7930,1,6940,4800,11982,1,29:08,2022,2023
2022-23,1629726,Garrison Mathews,Garrison,1610612745,HOU,Houston Rockets,22200342,2022-12-03T00:00:00,HOU @ GSW,L,18.516666666666666,0.0,0.0,5.8,0.0,7.8,5.8,5.8,11.7,0.0,0.0,0.0,3.9,23.7,1,12947,12947,12947,17041,12084,10381,2549,19499,7116,7572,7903,25100,7930,1,1,7225,18309,1,18:31,2022,2023
2022-23,1630231,KJ Martin,KJ,1610612745,HOU,Houston Rockets,22200342,2022-12-03T00:00:00,HOU @ GSW,L,27.6,5.2,2.6,2.6,13.0,15.7,2.6,19.6,36.5,0.0,1.3,1.3,2.6,29.9,1,12947,12947,12947,10087,4062,7740,7614,4116,17810,3913,23099,13568,7930,20597,7201,11213,14058,1,27:36,2022,2023
2022-23,1630227,Daishen Nix,Daishen,1610612745,HOU,Houston Rockets,22200342,2022-12-03T00:00:00,HOU @ GSW,L,19.53333333333333,0.0,0.0,0.0,3.7,11.1,5.5,5.5,22.1,0.0,1.8,1.8,3.7,25.4,1,12947,12947,12947,16288,12084,10381,10252,16677,11629,7155,7488,23322,7930,22332,8929,7786,17200,1,19:32,2022,2023
2022-23,1629645,Kevin Porter Jr.,Kevin,1610612745,HOU,Houston Rockets,22200342,2022-12-03T00:00:00,HOU @ GSW,L,32.4,5.6,2.2,2.2,11.1,15.6,2.2,16.7,28.9,0.0,0.0,3.3,10.0,35.1,1,12947,12947,12947,5996,3590,8686,8604,5843,17707,3617,21363,19843,7930,1,15597,492,10252,1,32:24,2022,2023
2022-23,1630224,Jalen Green,Jalen,1610612745,HOU,Houston Rockets,22200334,2022-12-02T00:00:00,HOU @ PHX,W,37.35,1.9,4.8,1.9,11.6,18.3,5.8,14.5,30.8,0.0,1.9,1.9,7.7,39.1,1,1,1,1,1922,11343,3882,9574,5404,20565,7497,19498,18424,7930,22597,9356,1403,7613,1,37:21,2022,2023
2022-23,1630227,Daishen Nix,Daishen,1610612745,HOU,Houston Rockets,22200334,2022-12-02T00:00:00,HOU @ PHX,W,15.633333333333333,0.0,6.9,0.0,4.6,4.6,0.0,11.5,27.6,0.0,0.0,2.3,2.3,44.9,1,1,1,1,19020,12084,1887,10252,14952,3783,1,16056,20678,7930,1,11255,12307,4587,1,15:38,2022,2023
2022-23,201569,Eric Gordon,Eric,1610612745,HOU,Houston Rockets,22200334,2022-12-02T00:00:00,HOU @ PHX,W,27.866666666666667,2.6,0.0,0.0,2.6,19.4,6.5,18.1,28.4,0.0,0.0,1.3,3.9,17.4,1,1,1,1,9841,9400,10381,10252,18299,21389,8457,22303,20153,7930,1,7148,7272,21693,1,27:52,2022,2023
2022-23,1629726,Garrison Mathews,Garrison,1610612745,HOU,Houston Rockets,22200334,2022-12-02T00:00:00,HOU @ PHX,W,11.516666666666667,0.0,0.0,0.0,0.0,12.5,12.5,12.5,31.3,0.0,0.0,9.4,0.0,26.3,1,1,1,1,21444,12084,10381,10252,19499,13781,17496,17359,18089,7930,1,24903,17929,16647,1,11:31,2022,2023
2022-23,1630231,KJ Martin,KJ,1610612745,HOU,Houston Rockets,22200334,2022-12-02T00:00:00,HOU @ PHX,W,18.3,0.0,3.9,9.8,7.9,0.0,5.9,5.9,27.5,0.0,0.0,3.9,3.9,16.5,1,1,1,1,17189,12084,5201,607,9850,1,7650,7980,20749,7930,1,17793,7100,22093,1,18:18,2022,2023
2022-23,1631095,Jabari Smith Jr.,Jabari,1610612745,HOU,Houston Rockets,22200334,2022-12-02T00:00:00,HOU @ PHX,W,30.44833333333333,3.5,0.0,9.5,7.1,16.6,7.1,15.4,33.1,1.2,0.0,0.0,3.5,35.7,1,1,1,1,7740,7141,10381,683,11047,18883,9331,20364,16560,5930,1,1,8174,9863,1,30:27,2022,2023
2022-23,1628981,Bruno Fernando,Bruno,1610612745,HOU,Houston Rockets,22200334,2022-12-02T00:00:00,HOU @ PHX,W,13.53,5.3,5.3,0.0,37.3,0.0,18.6,0.0,31.9,0.0,0.0,8.0,0.0,71.6,1,1,1,1,20306,3897,3246,10252,84,1,22999,1,17570,7930,1,24302,17929,331,1,13:32,2022,2023
2022-23,1631106,Tari Eason,Tari,1610612745,HOU,Houston Rockets,22200334,2022-12-02T00:00:00,HOU @ PHX,W,17.551666666666666,10.3,4.1,10.3,16.4,10.3,6.2,10.3,24.6,0.0,2.1,8.2,2.1,28.7,1,1,1,1,17730,706,4928,532,2115,10460,8034,14268,22350,7930,23008,24411,13352,14913,1,17:33,2022,2023
2022-23,1629645,Kevin Porter Jr.,Kevin,1610612745,HOU,Houston Rockets,22200334,2022-12-02T00:00:00,HOU @ PHX,W,33.333333333333336,0.0,0.0,0.0,4.3,18.4,9.7,14.0,32.4,0.0,1.1,3.2,5.4,28.8,1,1,1,1,5187,12084,10381,10252,15484,20612,13410,19049,17162,7930,19144,15255,3920,14832,1,33:20,2022,2023
2022-23,1630586,Usman Garuba,Usman,1610612745,HOU,Houston Rockets,22200334,2022-12-02T00:00:00,HOU @ PHX,W,10.583333333333334,0.0,3.4,0.0,0.0,0.0,0.0,10.2,13.6,0.0,0.0,3.4,3.4,33.0,1,1,1,1,21818,12084,6126,10252,19499,1,1,14183,24951,7930,1,15877,8625,11793,1,10:35,2022,2023
2022-23,1630578,Alperen Sengun,Alperen,1610612745,HOU,Houston Rockets,22200334,2022-12-02T00:00:00,HOU @ PHX,W,23.886666666666667,0.0,9.0,0.0,15.1,28.6,3.0,22.6,36.2,1.5,1.5,3.0,6.0,41.9,1,1,1,1,12984,12084,901,10252,2781,24738,4224,24184,13884,4664,21358,14229,3021,6066,1,23:53,2022,2023
2022-23,1630227,Daishen Nix,Daishen,1610612745,HOU,Houston Rockets,22200320,2022-11-30T00:00:00,HOU @ DEN,L,15.95,0.0,0.0,0.0,9.0,4.5,4.5,13.5,36.1,0.0,0.0,0.0,2.3,28.4,1,12947,12947,12947,18804,12084,10381,10252,8337,3716,5809,18507,13932,7930,1,1,12486,15099,1,15:57,2022,2023
2022-23,1629726,Garrison Mathews,Garrison,1610612745,HOU,Houston Rockets,22200320,2022-11-30T00:00:00,HOU @ DEN,L,20.6,0.0,5.2,0.0,0.0,8.7,10.5,21.0,31.5,0.0,0.0,3.5,1.7,12.6,1,12947,12947,12947,15507,12084,3332,10252,19499,8312,14551,23686,17944,7930,1,16248,14567,23403,1,20:36,2022,2023
2022-23,201569,Eric Gordon,Eric,1610612745,HOU,Houston Rockets,22200320,2022-11-30T00:00:00,HOU @ DEN,L,18.53333333333333,0.0,0.0,0.0,0.0,23.3,7.8,13.6,38.8,0.0,0.0,0.0,0.0,-1.9,1,12947,12947,12947,17022,12084,10381,10252,19499,23468,10346,18580,11440,7930,1,1,17929,25763,1,18:32,2022,2023
2022-23,1630578,Alperen Sengun,Alperen,1610612745,HOU,Houston Rockets,22200320,2022-11-30T00:00:00,HOU @ DEN,L,29.45833333333333,4.9,4.9,2.4,19.6,18.3,4.9,18.3,29.3,0.0,0.0,3.7,6.1,37.5,1,12947,12947,12947,8573,4564,3783,7994,1092,20582,6270,22436,19558,7930,1,16870,2900,8645,1,29:28,2022,2023
2022-23,1629645,Kevin Porter Jr.,Kevin,1610612745,HOU,Houston Rockets,22200320,2022-11-30T00:00:00,HOU @ DEN,L,32.05,0.0,0.0,3.4,6.7,19.1,11.2,22.5,38.2,0.0,2.2,5.6,2.2,42.3,1,12947,12947,12947,6322,12084,10381,6018,11575,21192,15720,24145,12042,7930,23586,21933,12531,5852,1,32:03,2022,2023
2022-23,1631095,Jabari Smith Jr.,Jabari,1610612745,HOU,Houston Rockets,22200320,2022-11-30T00:00:00,HOU @ DEN,L,31.008333333333333,2.3,0.0,0.0,2.3,19.7,7.0,17.4,27.9,1.2,0.0,4.6,0.0,30.0,1,12947,12947,12947,7270,10102,10381,10252,18732,21610,9157,21892,20522,6037,1,19877,17929,14007,1,31:01,2022,2023
2022-23,1630224,Jalen Green,Jalen,1610612745,HOU,Houston Rockets,22200320,2022-11-30T00:00:00,HOU @ DEN,L,34.9,0.0,0.0,2.1,10.3,17.5,8.3,22.7,37.1,0.0,4.1,1.0,5.2,22.8,1,12947,12947,12947,3826,12084,10381,9103,6705,19887,11132,24213,13011,7930,25351,5914,4374,18864,1,34:54,2022,2023
2022-23,1630586,Usman Garuba,Usman,1610612745,HOU,Houston Rockets,22200320,2022-11-30T00:00:00,HOU @ DEN,L,14.783333333333331,4.9,0.0,0.0,4.9,9.7,14.6,26.8,53.6,4.9,0.0,4.9,2.4,33.8,1,12947,12947,12947,19563,4596,10381,10252,14512,9696,20081,24993,2403,557,1,20408,11796,11130,1,14:47,2022,2023
2022-23,1630231,KJ Martin,KJ,1610612745,HOU,Houston Rockets,22200320,2022-11-30T00:00:00,HOU @ DEN,L,18.866666666666667,0.0,0.0,0.0,3.8,7.6,11.4,21.0,45.8,0.0,0.0,0.0,3.8,16.0,1,12947,12947,12947,16807,12084,10381,10252,16432,6937,16043,23697,5902,7930,1,1,7435,22293,1,18:52,2022,2023
2022-23,1631106,Tari Eason,Tari,1610612745,HOU,Houston Rockets,22200320,2022-11-30T00:00:00,HOU @ DEN,L,13.983333333333333,5.1,0.0,0.0,0.0,5.1,15.4,28.3,61.8,2.6,2.6,5.1,7.7,48.9,1,12947,12947,12947,20050,4166,10381,10252,19499,4250,20921,25165,899,2154,24147,21049,1395,3126,1,13:59,2022,2023
2022-23,1630528,Josh Christopher,Josh,1610612745,HOU,Houston Rockets,22200320,2022-11-30T00:00:00,HOU @ DEN,L,3.1,23.2,0.0,23.2,46.5,0.0,0.0,0.0,23.2,0.0,0.0,0.0,0.0,69.7,1,12947,12947,12947,24764,75,10381,41,46,1,1,1,22935,7930,1,1,17929,395,1,3:06,2022,2023
2022-23,1628981,Bruno Fernando,Bruno,1610612745,HOU,Houston Rockets,22200320,2022-11-30T00:00:00,HOU @ DEN,L,6.766666666666667,0.0,0.0,0.0,0.0,0.0,10.6,0.0,31.9,10.6,5.3,5.3,5.3,55.3,1,12947,12947,12947,23218,12084,10381,10252,19499,1,14791,1,17575,52,25622,21377,4072,1580,1,6:46,2022,2023
2022-23,1631095,Jabari Smith Jr.,Jabari,1610612745,HOU,Houston Rockets,22200305,2022-11-28T00:00:00,HOU @ DEN,L,17.433333333333334,0.0,6.2,6.2,0.0,8.3,12.4,8.3,45.4,0.0,0.0,6.2,2.1,27.1,1,12947,12947,12947,17826,12084,2419,2222,19499,7730,17347,11250,6136,7930,1,22815,13279,16072,1,17:26,2022,2023
2022-23,1630231,KJ Martin,KJ,1610612745,HOU,Houston Rockets,22200305,2022-11-28T00:00:00,HOU @ DEN,L,27.7,6.5,2.6,0.0,7.8,16.9,13.0,11.7,46.8,0.0,0.0,0.0,5.2,30.8,1,12947,12947,12947,10000,2548,7765,10252,9964,19225,18215,16320,5342,7930,1,1,4300,13361,1,27:42,2022,2023
2022-23,1629726,Garrison Mathews,Garrison,1610612745,HOU,Houston Rockets,22200305,2022-11-28T00:00:00,HOU @ DEN,L,14.966666666666669,0.0,0.0,0.0,0.0,12.0,19.2,0.0,48.1,0.0,0.0,4.8,0.0,20.2,1,12947,12947,12947,19465,12084,10381,10252,19499,13114,23300,1,4632,7930,1,20276,17929,20344,1,14:58,2022,2023
2022-23,1626246,Boban Marjanović,Boban,1610612745,HOU,Houston Rockets,22200305,2022-11-28T00:00:00,HOU @ DEN,L,5.95,0.0,0.0,0.0,12.1,30.3,24.2,0.0,60.5,6.1,0.0,0.0,6.1,43.6,1,12947,12947,12947,23545,12084,10381,10252,4906,24975,24859,1,1042,310,1,1,2991,5270,1,5:57,2022,2023
2022-23,1631106,Tari Eason,Tari,1610612745,HOU,Houston Rockets,22200305,2022-11-28T00:00:00,HOU @ DEN,L,18.95,7.6,0.0,1.9,3.8,15.2,7.6,17.1,49.4,0.0,0.0,1.9,1.9,22.0,1,12947,12947,12947,16742,1736,10381,9651,16466,17266,10098,21682,3997,7930,1,9192,14005,19323,1,18:57,2022,2023
2022-23,1630227,Daishen Nix,Daishen,1610612745,HOU,Houston Rockets,22200305,2022-11-28T00:00:00,HOU @ DEN,L,18.516666666666666,9.7,0.0,0.0,3.9,13.6,11.7,7.8,46.7,0.0,0.0,3.9,1.9,25.7,1,12947,12947,12947,17041,851,10381,10252,16311,15238,16359,10554,5394,7930,1,17637,13817,17045,1,18:31,2022,2023
2022-23,1630586,Usman Garuba,Usman,1610612745,HOU,Houston Rockets,22200305,2022-11-28T00:00:00,HOU @ DEN,L,10.65,0.0,0.0,0.0,13.5,6.8,0.0,13.5,40.6,0.0,0.0,6.8,0.0,22.3,1,12947,12947,12947,21789,12084,10381,10252,3764,5938,1,18481,9936,7930,1,23450,17929,19133,1,10:39,2022,2023
2022-23,1630224,Jalen Green,Jalen,1610612745,HOU,Houston Rockets,22200305,2022-11-28T00:00:00,HOU @ DEN,L,30.73333333333333,5.9,3.5,0.0,4.7,14.1,11.7,12.9,46.9,0.0,2.3,2.3,5.9,29.2,1,12947,12947,12947,7496,3213,5909,10252,14820,15798,16419,17775,5313,7930,23775,11416,3249,14574,1,30:44,2022,2023
2022-23,201569,Eric Gordon,Eric,1610612745,HOU,Houston Rockets,22200305,2022-11-28T00:00:00,HOU @ DEN,L,28.1,0.0,6.4,0.0,2.6,5.1,7.7,7.7,41.0,0.0,0.0,0.0,1.3,19.1,1,12947,12947,12947,9637,12084,2254,10252,18335,4224,10241,10412,9529,7930,1,1,16256,20919,1,28:06,2022,2023
2022-23,1630528,Josh Christopher,Josh,1610612745,HOU,Houston Rockets,22200305,2022-11-28T00:00:00,HOU @ DEN,L,6.116666666666666,0.0,0.0,0.0,11.8,29.4,23.5,0.0,58.9,0.0,5.9,0.0,5.9,42.4,1,12947,12947,12947,23479,12084,10381,10252,5196,24864,24716,1,1258,7930,25683,1,3197,5837,1,6:07,2022,2023
2022-23,1628981,Bruno Fernando,Bruno,1610612745,HOU,Houston Rockets,22200305,2022-11-28T00:00:00,HOU @ DEN,L,8.05,0.0,0.0,0.0,17.9,26.8,8.9,31.3,35.8,0.0,0.0,8.9,0.0,33.1,1,12947,12947,12947,22769,12084,10381,10252,1543,24432,12205,25398,14235,7930,1,24727,17929,11709,1,8:03,2022,2023
2022-23,1629645,Kevin Porter Jr.,Kevin,1610612745,HOU,Houston Rockets,22200305,2022-11-28T00:00:00,HOU @ DEN,L,29.48333333333333,0.0,0.0,3.7,0.0,12.2,12.2,11.0,46.4,1.2,1.2,2.4,1.2,37.6,1,12947,12947,12947,8548,12084,10381,5481,19499,13374,17114,15322,5561,5731,20143,11791,16561,8581,1,29:29,2022,2023
2022-23,1630578,Alperen Sengun,Alperen,1610612745,HOU,Houston Rockets,22200305,2022-11-28T00:00:00,HOU @ DEN,L,23.35,0.0,3.1,0.0,21.6,6.2,15.4,3.1,49.3,0.0,0.0,6.2,9.3,41.5,1,12947,12947,12947,13387,12084,6726,10252,704,5304,20896,4604,4026,7930,1,22773,687,6284,1,23:21,2022,2023
2022-23,1630224,Jalen Green,Jalen,1610612745,HOU,Houston Rockets,22200287,2022-11-26T00:00:00,HOU vs. OKC,W,34.36666666666667,8.4,5.2,2.1,8.4,21.0,11.5,19.9,39.8,0.0,0.0,1.0,2.1,41.8,1,1,1,1,4297,1325,3339,8989,9157,22423,16127,23254,10575,7930,1,6005,13145,6112,1,34:22,2022,2023
2022-23,1631095,Jabari Smith Jr.,Jabari,1610612745,HOU,Houston Rockets,22200287,2022-11-26T00:00:00,HOU vs. OKC,W,31.416666666666668,2.3,4.6,5.7,4.6,21.8,12.6,11.5,36.7,1.1,1.1,1.1,2.3,37.4,1,1,1,1,6888,10190,4228,2634,14996,22796,17640,15969,13435,6124,19643,6515,12351,8778,1,31:25,2022,2023
2022-23,1630231,KJ Martin,KJ,1610612745,HOU,Houston Rockets,22200287,2022-11-26T00:00:00,HOU vs. OKC,W,14.166666666666666,0.0,5.1,0.0,5.1,22.9,0.0,33.0,40.7,0.0,5.1,0.0,2.5,21.6,1,1,1,1,19945,12084,3542,10252,14207,23293,1,25490,9835,7930,25581,1,11438,19564,1,14:10,2022,2023
2022-23,1630586,Usman Garuba,Usman,1610612745,HOU,Houston Rockets,22200287,2022-11-26T00:00:00,HOU vs. OKC,W,13.315,0.0,0.0,0.0,0.0,37.9,0.0,27.0,48.7,0.0,0.0,5.4,2.7,11.9,1,1,1,1,20443,12084,10381,10252,19499,25455,1,25031,4342,7930,1,21534,10904,23594,1,13:19,2022,2023
2022-23,1629726,Garrison Mathews,Garrison,1610612745,HOU,Houston Rockets,22200287,2022-11-26T00:00:00,HOU vs. OKC,W,18.0,0.0,0.0,0.0,0.0,24.0,18.0,12.0,32.0,0.0,0.0,6.0,2.0,26.8,1,1,1,1,17397,12084,10381,10252,19499,23684,22668,16733,17493,7930,1,22501,13578,16252,1,18:00,2022,2023
2022-23,1630578,Alperen Sengun,Alperen,1610612745,HOU,Houston Rockets,22200287,2022-11-26T00:00:00,HOU vs. OKC,W,34.685,2.1,4.2,0.0,20.8,19.7,15.6,15.6,35.3,2.1,0.0,6.2,4.2,68.8,1,1,1,1,4010,10875,4857,10252,837,21598,21045,20520,14679,3115,1,22861,6498,422,1,34:41,2022,2023
2022-23,1631106,Tari Eason,Tari,1610612745,HOU,Houston Rockets,22200287,2022-11-26T00:00:00,HOU vs. OKC,W,16.583333333333332,0.0,0.0,0.0,8.7,30.4,8.7,32.6,43.4,0.0,0.0,4.3,0.0,39.5,1,1,1,1,18397,12084,10381,10252,8782,24990,11770,25468,7547,7930,1,19045,17929,7370,1,16:35,2022,2023
2022-23,1630528,Josh Christopher,Josh,1610612745,HOU,Houston Rockets,22200287,2022-11-26T00:00:00,HOU vs. OKC,W,2.4166666666666665,0.0,0.0,0.0,29.8,74.5,59.6,29.8,59.6,0.0,0.0,14.9,0.0,14.9,1,1,1,1,25103,12084,10381,10252,183,25827,25844,25289,1146,7930,1,25620,17929,22672,1,2:25,2022,2023
2022-23,201569,Eric Gordon,Eric,1610612745,HOU,Houston Rockets,22200287,2022-11-26T00:00:00,HOU vs. OKC,W,27.05,0.0,0.0,6.7,2.7,26.6,8.0,13.3,39.9,0.0,0.0,1.3,0.0,24.0,1,1,1,1,10541,12084,10381,1881,18161,24378,10683,18241,10478,7930,1,7297,17929,18166,1,27:03,2022,2023
2022-23,1629645,Kevin Porter Jr.,Kevin,1610612745,HOU,Houston Rockets,22200287,2022-11-26T00:00:00,HOU vs. OKC,W,33.333333333333336,0.0,0.0,0.0,10.8,21.6,11.9,20.5,41.0,0.0,0.0,2.2,3.2,28.7,1,1,1,1,5187,12084,10381,10252,6162,22725,16640,23524,9488,7930,1,10598,9084,14905,1,33:20,2022,2023
2022-23,1630227,Daishen Nix,Daishen,1610612745,HOU,Houston Rockets,22200287,2022-11-26T00:00:00,HOU vs. OKC,W,14.666666666666666,0.0,0.0,0.0,0.0,31.9,9.8,14.7,34.4,0.0,0.0,0.0,2.5,5.4,1,1,1,1,19649,12084,10381,10252,19499,25144,13561,19750,15464,7930,1,1,11717,24715,1,14:40,2022,2023
2022-23,1630231,KJ Martin,KJ,1610612745,HOU,Houston Rockets,22200278,2022-11-25T00:00:00,HOU vs. ATL,W,33.7,4.3,8.5,2.1,19.2,26.7,0.0,5.3,23.5,0.0,2.1,3.2,1.1,42.7,1,1,1,1,4871,5640,1084,8854,1166,24405,1,7207,22814,7930,23290,15109,17297,5671,1,33:42,2022,2023
2022-23,1630586,Usman Garuba,Usman,1610612745,HOU,Houston Rockets,22200278,2022-11-25T00:00:00,HOU vs. ATL,W,19.4,0.0,7.4,0.0,3.7,26.0,0.0,3.7,29.7,3.7,0.0,9.3,7.4,52.9,1,1,1,1,16387,12084,1583,10252,16639,24236,1,5217,19282,1062,1,24860,1592,2035,1,19:24,2022,2023
2022-23,1629726,Garrison Mathews,Garrison,1610612745,HOU,Houston Rockets,22200278,2022-11-25T00:00:00,HOU vs. ATL,W,22.75,6.3,0.0,0.0,3.2,19.0,3.2,3.2,28.5,0.0,0.0,4.7,6.3,51.9,1,1,1,1,13823,2703,10381,10252,17418,21111,4346,4687,20108,7930,1,20109,2631,2252,1,22:45,2022,2023
2022-23,1630227,Daishen Nix,Daishen,1610612745,HOU,Houston Rockets,22200278,2022-11-25T00:00:00,HOU vs. ATL,W,16.166666666666668,0.0,0.0,0.0,0.0,20.0,4.5,4.5,26.7,0.0,0.0,6.7,4.5,25.8,1,1,1,1,18662,12084,10381,10252,19499,21810,5742,6100,21226,7930,1,23373,5802,16941,1,16:10,2022,2023
2022-23,1631095,Jabari Smith Jr.,Jabari,1610612745,HOU,Houston Rockets,22200278,2022-11-25T00:00:00,HOU vs. ATL,W,38.05,0.0,5.7,0.0,1.9,20.8,1.9,4.7,28.4,0.9,0.0,2.8,2.8,37.2,1,1,1,1,1496,12084,2888,10252,19378,22332,3401,6431,20171,7495,1,13428,10447,8886,1,38:03,2022,2023
2022-23,1630224,Jalen Green,Jalen,1610612745,HOU,Houston Rockets,22200278,2022-11-25T00:00:00,HOU vs. ATL,W,32.93333333333333,0.0,10.9,3.3,13.1,23.0,0.0,5.5,24.0,0.0,0.0,6.6,6.6,41.0,1,1,1,1,5546,12084,529,6206,4057,23325,1,7387,22598,7930,1,23243,2377,6535,1,32:56,2022,2023
2022-23,1628981,Bruno Fernando,Bruno,1610612745,HOU,Houston Rockets,22200278,2022-11-25T00:00:00,HOU vs. ATL,W,16.6,4.3,6.5,4.3,13.0,28.2,0.0,10.8,34.7,2.2,4.3,6.5,4.3,27.3,1,1,1,1,18387,5529,2177,4309,4146,24690,1,15110,15168,2904,25419,23172,6061,15902,1,16:36,2022,2023
2022-23,1629645,Kevin Porter Jr.,Kevin,1610612745,HOU,Houston Rockets,22200278,2022-11-25T00:00:00,HOU vs. ATL,W,36.583333333333336,2.0,2.0,3.9,7.9,21.6,2.0,4.9,27.6,0.0,1.0,0.0,3.0,33.9,1,1,1,1,2470,11217,9525,4984,9845,22750,3444,6667,20742,7930,18308,1,10046,11127,1,36:35,2022,2023
2022-23,1631106,Tari Eason,Tari,1610612745,HOU,Houston Rockets,22200278,2022-11-25T00:00:00,HOU vs. ATL,W,18.5,3.9,7.8,7.8,7.8,21.4,3.9,3.9,31.1,0.0,1.9,3.9,1.9,33.9,1,1,1,1,17059,6418,1417,1260,9977,22644,5080,5424,18175,7930,22664,17649,13808,11120,1,18:30,2022,2023
2022-23,1630528,Josh Christopher,Josh,1610612745,HOU,Houston Rockets,22200278,2022-11-25T00:00:00,HOU vs. ATL,W,5.316666666666666,0.0,0.0,0.0,0.0,40.6,0.0,13.5,67.7,0.0,0.0,6.8,0.0,1.4,1,1,1,1,23795,12084,10381,10252,19499,25538,1,18507,548,7930,1,23460,17929,24922,1,5:19,2022,2023
2022-23,201569,Eric Gordon,Eric,1610612745,HOU,Houston Rockets,22200245,2022-11-20T00:00:00,HOU vs. GSW,L,29.716666666666665,0.0,3.6,0.0,4.8,2.4,10.9,9.7,24.2,0.0,0.0,0.0,0.0,24.7,1,12947,12947,12947,8353,12084,5712,10252,14560,2608,15194,13415,22509,7930,1,1,17929,17702,1,29:43,2022,2023
2022-23,1630586,Usman Garuba,Usman,1610612745,HOU,Houston Rockets,22200245,2022-11-20T00:00:00,HOU vs. GSW,L,22.25333333333333,0.0,0.0,0.0,0.0,16.2,4.9,21.0,42.1,0.0,1.6,1.6,1.6,25.4,1,12947,12947,12947,14222,12084,10381,10252,19499,18448,6227,23711,8613,7930,21706,8222,15022,17217,1,22:15,2022,2023
2022-23,1631095,Jabari Smith Jr.,Jabari,1610612745,HOU,Houston Rockets,22200245,2022-11-20T00:00:00,HOU vs. GSW,L,32.38333333333333,0.0,2.2,0.0,6.7,11.1,11.1,17.8,20.0,0.0,0.0,2.2,2.2,33.2,1,12947,12947,12947,6014,12084,8679,10252,11685,11725,15533,22109,23953,7930,1,10902,12623,11603,1,32:23,2022,2023
2022-23,1629645,Kevin Porter Jr.,Kevin,1610612745,HOU,Houston Rockets,22200245,2022-11-20T00:00:00,HOU vs. GSW,L,34.75,2.1,2.1,4.1,10.4,10.4,10.4,19.7,26.9,1.0,1.0,4.1,5.2,53.9,1,12947,12947,12947,3956,10887,9177,4606,6646,10614,14366,23156,21116,6858,18771,18478,4335,1842,1,34:45,2022,2023
2022-23,1630578,Alperen Sengun,Alperen,1610612745,HOU,Houston Rockets,22200245,2022-11-20T00:00:00,HOU vs. GSW,L,23.416666666666668,0.0,0.0,0.0,3.1,7.7,13.8,12.3,24.6,0.0,1.5,4.6,9.2,26.0,1,12947,12947,12947,13337,12084,10381,10252,17541,7002,19252,17114,22358,7930,21450,19793,697,16840,1,23:25,2022,2023
2022-23,1631106,Tari Eason,Tari,1610612745,HOU,Houston Rockets,22200245,2022-11-20T00:00:00,HOU vs. GSW,L,22.666666666666668,12.7,6.4,9.5,22.2,15.9,7.9,20.6,41.3,0.0,0.0,1.6,3.2,62.1,1,12947,12947,12947,13887,357,2293,668,614,18087,10614,23561,9294,7930,1,8129,9271,804,1,22:40,2022,2023
2022-23,1630224,Jalen Green,Jalen,1610612745,HOU,Houston Rockets,22200245,2022-11-20T00:00:00,HOU vs. GSW,L,37.9,1.9,1.9,0.9,5.7,14.2,9.5,19.9,34.2,0.0,0.9,0.9,3.8,32.3,1,12947,12947,12947,1571,11431,9737,10231,13304,16055,13048,23276,15599,7930,17992,5484,7489,12295,1,37:54,2022,2023
2022-23,1630231,KJ Martin,KJ,1610612745,HOU,Houston Rockets,22200245,2022-11-20T00:00:00,HOU vs. GSW,L,23.66333333333333,6.1,4.6,3.0,9.1,12.2,3.0,7.6,39.6,0.0,1.5,0.0,3.0,32.4,1,12947,12947,12947,13166,2946,4261,6670,8211,13324,4246,10312,10786,7930,21406,1,9710,12210,1,23:40,2022,2023
2022-23,1630227,Daishen Nix,Daishen,1610612745,HOU,Houston Rockets,22200245,2022-11-20T00:00:00,HOU vs. GSW,L,13.25,0.0,0.0,0.0,0.0,13.6,5.4,5.4,43.5,0.0,0.0,0.0,0.0,29.1,1,12947,12947,12947,20472,12084,10381,10252,19499,15201,7015,7345,7514,7930,1,1,17929,14659,1,13:15,2022,2023
2022-23,1630528,Josh Christopher,Josh,1610612745,HOU,Houston Rockets,22200228,2022-11-18T00:00:00,HOU vs. IND,L,3.5166666666666666,20.5,20.5,0.0,20.5,0.0,51.2,20.5,61.4,0.0,0.0,0.0,0.0,32.8,1,12947,12947,12947,24573,101,94,10252,896,1,25810,23506,935,7930,1,1,17929,11968,1,3:31,2022,2023
2022-23,1631106,Tari Eason,Tari,1610612745,HOU,Houston Rockets,22200228,2022-11-18T00:00:00,HOU vs. IND,L,18.883333333333333,3.8,0.0,0.0,3.8,11.4,13.3,7.6,26.7,0.0,7.6,3.8,5.7,17.5,1,12947,12947,12947,16796,6570,10381,10252,16440,12225,18644,10340,21248,7930,25775,17372,3441,21654,1,18:53,2022,2023
2022-23,1630227,Daishen Nix,Daishen,1610612745,HOU,Houston Rockets,22200228,2022-11-18T00:00:00,HOU vs. IND,L,24.6,0.0,4.4,0.0,0.0,19.0,11.7,7.3,20.5,0.0,0.0,1.5,1.5,11.6,1,12947,12947,12947,12426,12084,4508,10252,19499,21134,16409,9897,23827,7930,1,7752,15539,23702,1,24:36,2022,2023
2022-23,1630231,KJ Martin,KJ,1610612745,HOU,Houston Rockets,22200228,2022-11-18T00:00:00,HOU vs. IND,L,26.266666666666666,2.7,5.5,8.2,13.7,15.1,9.6,9.6,32.9,0.0,1.4,5.5,2.7,33.0,1,12947,12947,12947,11128,9014,3090,1063,3639,17108,13199,13278,16739,7930,20894,21665,10779,11766,1,26:16,2022,2023
2022-23,1630578,Alperen Sengun,Alperen,1610612745,HOU,Houston Rockets,22200228,2022-11-18T00:00:00,HOU vs. IND,L,28.02833333333333,5.1,2.6,2.6,5.1,10.3,15.4,11.6,25.7,0.0,2.6,5.1,5.1,38.3,1,12947,12947,12947,9699,4180,7831,7725,14138,10489,20895,16136,21833,7930,24137,21024,4406,8147,1,28:02,2022,2023
2022-23,1630224,Jalen Green,Jalen,1610612745,HOU,Houston Rockets,22200228,2022-11-18T00:00:00,HOU vs. IND,L,31.666666666666668,1.1,0.0,0.0,2.3,10.2,10.2,10.2,34.1,0.0,0.0,4.5,10.2,33.5,1,12947,12947,12947,6670,11958,10381,10252,18815,10421,14202,14225,15682,7930,1,19626,432,11371,1,31:40,2022,2023
2022-23,201569,Eric Gordon,Eric,1610612745,HOU,Houston Rockets,22200228,2022-11-18T00:00:00,HOU vs. IND,L,36.21666666666667,4.0,0.0,2.0,13.9,13.9,11.9,8.0,25.8,2.0,1.0,1.0,4.0,42.4,1,12947,12947,12947,2756,6245,10381,9368,3459,15620,16719,10778,21748,3375,18397,5723,6983,5803,1,36:13,2022,2023
2022-23,1629726,Garrison Mathews,Garrison,1610612745,HOU,Houston Rockets,22200228,2022-11-18T00:00:00,HOU vs. IND,L,14.483333333333333,7.5,0.0,0.0,0.0,17.4,12.4,7.5,19.9,0.0,0.0,5.0,2.5,14.9,1,12947,12947,12947,19765,1824,10381,10252,19499,19740,17393,10090,23974,7930,1,20659,11617,22665,1,14:29,2022,2023
2022-23,1630586,Usman Garuba,Usman,1610612745,HOU,Houston Rockets,22200228,2022-11-18T00:00:00,HOU vs. IND,L,19.971666666666668,0.0,0.0,0.0,7.2,18.0,9.0,5.4,32.4,0.0,0.0,3.6,0.0,21.3,1,12947,12947,12947,15972,12084,10381,10252,10854,20305,12309,7310,17119,7930,1,16650,17929,19766,1,19:58,2022,2023
2022-23,1631095,Jabari Smith Jr.,Jabari,1610612745,HOU,Houston Rockets,22200228,2022-11-18T00:00:00,HOU vs. IND,L,36.36666666666667,0.0,3.0,0.0,2.0,11.9,14.8,9.9,29.7,2.0,2.0,4.0,2.0,26.8,1,12947,12947,12947,2654,12084,6982,10252,19279,12881,20309,13715,19279,3403,22764,17883,13661,16230,1,36:22,2022,2023
2022-23,1630227,Daishen Nix,Daishen,1610612745,HOU,Houston Rockets,22200218,2022-11-16T00:00:00,HOU @ DAL,W,11.5,0.0,0.0,9.4,0.0,31.3,15.7,31.3,25.0,6.3,0.0,6.3,0.0,36.6,1,1,1,1,21454,12084,10381,697,19499,25088,21108,25399,22140,284,1,22898,17929,9276,1,11:30,2022,2023
2022-23,1631106,Tari Eason,Tari,1610612745,HOU,Houston Rockets,22200218,2022-11-16T00:00:00,HOU @ DAL,W,17.866666666666667,0.0,4.0,0.0,12.1,20.1,10.1,20.1,20.1,2.0,0.0,6.0,2.0,35.1,1,1,1,1,17487,12084,5056,10252,4913,21891,13955,23368,23913,3295,1,22587,13516,10289,1,17:52,2022,2023
2022-23,1630528,Josh Christopher,Josh,1610612745,HOU,Houston Rockets,22200218,2022-11-16T00:00:00,HOU @ DAL,W,4.55,0.0,0.0,0.0,0.0,15.8,55.4,0.0,31.6,0.0,0.0,0.0,0.0,9.5,1,1,1,1,24094,12084,10381,10252,19499,18018,25833,1,17782,7930,1,1,17929,24141,1,4:33,2022,2023
2022-23,1630231,KJ Martin,KJ,1610612745,HOU,Houston Rockets,22200218,2022-11-16T00:00:00,HOU @ DAL,W,24.816666666666663,7.3,0.0,2.9,8.7,21.8,13.1,21.8,17.4,2.9,1.5,1.5,1.5,25.7,1,1,1,1,12255,1962,10381,6957,8753,22795,18288,23940,24471,1764,21175,7704,15582,17033,1,24:49,2022,2023
2022-23,1629645,Kevin Porter Jr.,Kevin,1610612745,HOU,Houston Rockets,22200218,2022-11-16T00:00:00,HOU @ DAL,W,36.5,2.0,3.0,2.0,5.9,14.8,13.8,11.8,23.7,3.0,0.0,2.0,3.0,48.5,1,1,1,1,2554,11192,7010,9429,12911,16760,19222,16506,22754,1704,1,9613,10021,3247,1,36:30,2022,2023
2022-23,1630578,Alperen Sengun,Alperen,1610612745,HOU,Houston Rockets,22200218,2022-11-16T00:00:00,HOU @ DAL,W,26.216666666666665,0.0,8.2,0.0,13.7,17.9,19.2,13.7,27.5,6.9,0.0,2.7,6.9,47.9,1,1,1,1,11164,12084,1219,10252,3624,20150,23289,18709,20803,219,1,12976,2072,3454,1,26:13,2022,2023
2022-23,1630586,Usman Garuba,Usman,1610612745,HOU,Houston Rockets,22200218,2022-11-16T00:00:00,HOU @ DAL,W,21.78333333333333,0.0,3.3,0.0,9.9,19.8,8.3,19.8,19.8,5.0,0.0,5.0,1.7,60.0,1,1,1,1,14594,12084,6316,10252,7162,21671,11162,23224,23986,528,1,20626,14897,982,1,21:47,2022,2023
2022-23,201569,Eric Gordon,Eric,1610612745,HOU,Houston Rockets,22200218,2022-11-16T00:00:00,HOU @ DAL,W,30.7,0.0,3.5,2.3,4.7,14.1,11.7,16.4,30.5,0.0,1.2,0.0,1.2,14.2,1,1,1,1,7532,12084,5905,8256,14811,15824,16439,21194,18703,7930,19833,1,16801,22913,1,30:42,2022,2023
2022-23,1630224,Jalen Green,Jalen,1610612745,HOU,Houston Rockets,22200218,2022-11-16T00:00:00,HOU @ DAL,W,35.93333333333333,0.0,0.0,0.0,6.0,21.0,12.0,15.0,22.0,1.0,0.0,2.0,5.0,32.5,1,1,1,1,2964,12084,10381,10252,12731,22466,16858,20049,23350,7113,1,9773,4664,12164,1,35:56,2022,2023
2022-23,1631095,Jabari Smith Jr.,Jabari,1610612745,HOU,Houston Rockets,22200218,2022-11-16T00:00:00,HOU @ DAL,W,30.133333333333333,4.8,2.4,0.0,2.4,17.9,16.7,14.3,26.3,2.4,0.0,4.8,2.4,32.0,1,1,1,1,8008,4749,8234,10252,18604,20212,21879,19374,21495,2439,1,20193,11970,12498,1,30:08,2022,2023
2022-23,201569,Eric Gordon,Eric,1610612745,HOU,Houston Rockets,22200203,2022-11-14T00:00:00,HOU vs. LAC,L,25.516666666666666,2.8,0.0,0.0,2.8,7.1,11.3,7.1,33.9,0.0,1.4,1.4,1.4,5.9,1,12947,12947,12947,11722,8819,10381,10252,17906,6272,15806,9518,15894,7930,21044,7556,15742,24668,1,25:31,2022,2023
2022-23,1626246,Boban Marjanović,Boban,1610612745,HOU,Houston Rockets,22200203,2022-11-14T00:00:00,HOU vs. LAC,L,2.966666666666667,0.0,0.0,0.0,0.0,0.0,0.0,0.0,24.3,0.0,0.0,0.0,0.0,0.0,1,12947,12947,12947,24829,12084,10381,10252,19499,1,1,1,22491,7930,1,1,17929,24963,1,2:58,2022,2023
2022-23,1630231,KJ Martin,KJ,1610612745,HOU,Houston Rockets,22200203,2022-11-14T00:00:00,HOU vs. LAC,L,20.6,7.0,3.5,3.5,14.0,19.2,5.2,15.7,24.5,0.0,0.0,0.0,1.7,25.3,1,12947,12947,12947,15507,2144,5950,5804,3410,21288,6752,20642,22416,7930,1,1,14567,17260,1,20:36,2022,2023
2022-23,1630528,Josh Christopher,Josh,1610612745,HOU,Houston Rockets,22200203,2022-11-14T00:00:00,HOU vs. LAC,L,10.255,0.0,0.0,10.5,0.0,24.6,14.0,14.0,35.1,0.0,3.5,17.6,0.0,35.8,1,12947,12947,12947,21973,12084,10381,480,19499,23869,19494,19050,14846,7930,25102,25713,17929,9794,1,10:15,2022,2023
2022-23,1629726,Garrison Mathews,Garrison,1610612745,HOU,Houston Rockets,22200203,2022-11-14T00:00:00,HOU vs. LAC,L,4.25,0.0,0.0,0.0,0.0,0.0,16.9,16.9,50.8,0.0,0.0,0.0,0.0,35.6,1,12947,12947,12947,24232,12084,10381,10252,19499,1,22030,21569,3367,7930,1,1,17929,9957,1,4:15,2022,2023
2022-23,1631102,TyTy Washington Jr.,TyTy,1610612745,HOU,Houston Rockets,22200203,2022-11-14T00:00:00,HOU vs. LAC,L,4.25,0.0,0.0,0.0,0.0,0.0,16.9,16.9,50.8,0.0,0.0,0.0,8.5,8.5,1,12947,12947,12947,24232,12084,10381,10252,19499,1,22030,21569,3367,7930,1,1,979,24329,1,4:15,2022,2023
2022-23,1630578,Alperen Sengun,Alperen,1610612745,HOU,Houston Rockets,22200203,2022-11-14T00:00:00,HOU vs. LAC,L,29.506666666666668,2.4,3.7,0.0,14.6,13.4,6.1,12.2,39.0,0.0,1.2,6.1,4.9,22.3,1,12947,12947,12947,8528,9775,5675,10252,3014,14994,7958,16979,11270,7930,20135,22675,4934,19120,1,29:30,2022,2023
2022-23,1631095,Jabari Smith Jr.,Jabari,1610612745,HOU,Houston Rockets,22200203,2022-11-14T00:00:00,HOU vs. LAC,L,28.516666666666666,0.0,1.3,0.0,0.0,15.1,15.1,7.6,40.4,0.0,0.0,3.8,3.8,31.2,1,12947,12947,12947,9310,12084,10235,10252,19499,17200,20632,10267,10052,7930,1,17277,7516,13088,1,28:31,2022,2023
2022-23,1630586,Usman Garuba,Usman,1610612745,HOU,Houston Rockets,22200203,2022-11-14T00:00:00,HOU vs. LAC,L,17.326666666666668,4.2,4.2,0.0,8.3,14.5,14.5,12.5,29.1,6.2,0.0,6.2,2.1,51.5,1,12947,12947,12947,17901,5882,4852,10252,9253,16438,20020,17322,19711,292,1,22864,13218,2343,1,17:20,2022,2023
2022-23,1631106,Tari Eason,Tari,1610612745,HOU,Houston Rockets,22200203,2022-11-14T00:00:00,HOU vs. LAC,L,14.733333333333333,4.9,0.0,4.9,14.7,14.7,0.0,24.4,29.3,0.0,2.4,2.4,0.0,45.4,1,12947,12947,12947,19610,4566,10381,3532,3002,16590,1,24599,19561,7930,23954,11797,17929,4357,1,14:44,2022,2023
2022-23,1629645,Kevin Porter Jr.,Kevin,1610612745,HOU,Houston Rockets,22200203,2022-11-14T00:00:00,HOU vs. LAC,L,31.616666666666667,3.4,3.4,2.3,11.4,8.0,11.4,5.7,29.6,0.0,0.0,4.6,10.2,45.4,1,12947,12947,12947,6718,7422,6089,8435,5572,7346,15939,7698,19352,7930,1,19644,418,4366,1,31:37,2022,2023
2022-23,1630227,Daishen Nix,Daishen,1610612745,HOU,Houston Rockets,22200203,2022-11-14T00:00:00,HOU vs. LAC,L,15.083333333333334,0.0,0.0,0.0,0.0,26.3,0.0,21.5,33.4,0.0,0.0,0.0,2.4,21.2,1,12947,12947,12947,19381,12084,10381,10252,19499,24300,1,23864,16301,7930,1,1,11979,19783,1,15:05,2022,2023
2022-23,1630224,Jalen Green,Jalen,1610612745,HOU,Houston Rockets,22200203,2022-11-14T00:00:00,HOU vs. LAC,L,35.37833333333333,2.0,2.0,2.0,6.1,13.2,7.1,12.2,38.7,0.0,0.0,0.0,2.0,43.5,1,12947,12947,12947,3451,11000,9301,9196,12553,14744,9370,16993,11608,7930,1,1,13425,5319,1,35:23,2022,2023
2022-23,1631106,Tari Eason,Tari,1610612745,HOU,Houston Rockets,22200191,2022-11-12T00:00:00,HOU @ NOP,L,21.05,3.4,5.1,0.0,0.0,25.7,13.7,10.3,34.2,0.0,0.0,5.1,3.4,34.0,1,12947,12947,12947,15179,7410,3474,10252,19499,24155,19066,14275,15594,7930,1,21006,8564,10994,1,21:03,2022,2023
2022-23,1630586,Usman Garuba,Usman,1610612745,HOU,Houston Rockets,22200191,2022-11-12T00:00:00,HOU @ NOP,L,23.291666666666668,0.0,0.0,0.0,0.0,27.8,3.1,6.2,27.8,1.5,0.0,3.1,1.5,23.5,1,12947,12947,12947,13424,12084,10381,10252,19499,24632,4293,8340,20548,4547,1,14593,15263,18440,1,23:18,2022,2023
2022-23,1629645,Kevin Porter Jr.,Kevin,1610612745,HOU,Houston Rockets,22200191,2022-11-12T00:00:00,HOU @ NOP,L,33.525,0.0,0.0,2.1,10.7,29.0,8.6,10.7,49.4,0.0,0.0,4.3,8.6,23.3,1,12947,12947,12947,5028,12084,10381,8819,6227,24786,11645,14959,3995,7930,1,18926,928,18563,1,33:32,2022,2023
2022-23,1631095,Jabari Smith Jr.,Jabari,1610612745,HOU,Houston Rockets,22200191,2022-11-12T00:00:00,HOU @ NOP,L,27.75,2.6,6.5,0.0,5.2,24.6,5.2,13.0,51.9,2.6,0.0,5.2,1.3,45.4,1,12947,12947,12947,9949,9368,2198,10252,14064,23897,6671,17875,2973,2124,1,21140,16185,4378,1,27:45,2022,2023
2022-23,1630231,KJ Martin,KJ,1610612745,HOU,Houston Rockets,22200191,2022-11-12T00:00:00,HOU @ NOP,L,25.716666666666665,7.0,4.2,0.0,11.2,15.4,2.8,8.4,33.6,0.0,0.0,2.8,1.4,22.3,1,12947,12947,12947,11569,2135,4784,10252,5753,17522,4043,11487,16146,7930,1,13239,15776,19172,1,25:43,2022,2023
2022-23,1630227,Daishen Nix,Daishen,1610612745,HOU,Houston Rockets,22200191,2022-11-12T00:00:00,HOU @ NOP,L,11.283333333333331,0.0,0.0,0.0,0.0,16.0,6.4,12.8,25.5,0.0,0.0,0.0,3.2,29.0,1,12947,12947,12947,21540,12084,10381,10252,19499,18182,8367,17633,21906,7930,1,1,9220,14679,1,11:17,2022,2023
2022-23,201569,Eric Gordon,Eric,1610612745,HOU,Houston Rockets,22200191,2022-11-12T00:00:00,HOU @ NOP,L,30.0,3.6,0.0,0.0,9.6,30.0,9.6,14.4,48.0,1.2,0.0,2.4,1.2,29.6,1,12947,12947,12947,8111,7029,10381,10252,7578,24948,13207,19436,4668,5855,1,11638,16672,14227,1,30:00,2022,2023
2022-23,1630578,Alperen Sengun,Alperen,1610612745,HOU,Houston Rockets,22200191,2022-11-12T00:00:00,HOU @ NOP,L,18.966666666666665,3.8,0.0,0.0,11.4,15.2,11.4,11.4,41.8,0.0,1.9,11.4,5.7,24.9,1,12947,12947,12947,16731,6600,10381,10252,5569,17255,15944,15880,8863,7930,22502,25318,3471,17581,1,18:58,2022,2023
2022-23,1630528,Josh Christopher,Josh,1610612745,HOU,Houston Rockets,22200191,2022-11-12T00:00:00,HOU @ NOP,L,6.066666666666666,0.0,0.0,0.0,0.0,11.9,0.0,35.6,47.5,0.0,0.0,0.0,0.0,19.0,1,12947,12947,12947,23496,12084,10381,10252,19499,12865,1,25584,4954,7930,1,1,17929,20968,1,6:04,2022,2023
2022-23,1626246,Boban Marjanović,Boban,1610612745,HOU,Houston Rockets,22200191,2022-11-12T00:00:00,HOU @ NOP,L,4.133333333333334,0.0,0.0,0.0,0.0,17.4,0.0,52.3,69.7,0.0,0.0,0.0,8.7,29.6,1,12947,12947,12947,24283,12084,10381,10252,19499,19756,1,25804,476,7930,1,1,875,14247,1,4:08,2022,2023
2022-23,1630224,Jalen Green,Jalen,1610612745,HOU,Houston Rockets,22200191,2022-11-12T00:00:00,HOU @ NOP,L,38.21666666666667,1.9,2.8,1.9,11.3,26.4,9.4,9.4,43.3,0.0,0.0,0.0,3.8,37.1,1,12947,12947,12947,1393,11470,7308,9699,5655,24329,12945,13047,7611,7930,1,1,7578,8928,1,38:13,2022,2023
2022-23,1629645,Kevin Porter Jr.,Kevin,1610612745,HOU,Houston Rockets,22200165,2022-11-09T00:00:00,HOU @ TOR,L,40.45,0.0,0.0,1.8,3.6,24.0,16.9,17.8,39.2,0.0,1.8,1.8,1.8,23.9,1,12947,12947,12947,514,12084,10381,9903,16869,23705,22000,22118,11144,7930,22137,8702,14462,18170,1,40:27,2022,2023
2022-23,1630224,Jalen Green,Jalen,1610612745,HOU,Houston Rockets,22200165,2022-11-09T00:00:00,HOU @ TOR,L,40.45,8.0,4.4,6.2,8.9,24.0,16.9,17.8,39.2,0.0,0.9,0.9,1.8,29.5,1,12947,12947,12947,514,1496,4422,2188,8483,23705,22000,22118,11144,7930,17655,5267,14462,14301,1,40:27,2022,2023
2022-23,1630231,KJ Martin,KJ,1610612745,HOU,Houston Rockets,22200165,2022-11-09T00:00:00,HOU @ TOR,L,22.566666666666663,0.0,1.6,3.2,9.6,12.8,16.0,17.5,35.1,3.2,0.0,4.8,1.6,41.8,1,12947,12947,12947,13974,12084,10144,6371,7621,14122,21352,21968,14854,1473,1,20213,15106,6113,1,22:34,2022,2023
2022-23,201569,Eric Gordon,Eric,1610612745,HOU,Houston Rockets,22200165,2022-11-09T00:00:00,HOU @ TOR,L,28.58333333333333,2.5,2.5,2.5,5.0,21.4,20.2,20.2,40.3,0.0,0.0,1.3,3.8,23.4,1,12947,12947,12947,9258,9574,7933,7842,14278,22646,23701,23370,10146,7930,1,7027,7541,18477,1,28:35,2022,2023
2022-23,1630227,Daishen Nix,Daishen,1610612745,HOU,Houston Rockets,22200165,2022-11-09T00:00:00,HOU @ TOR,L,7.55,0.0,0.0,0.0,0.0,19.1,28.6,14.3,28.6,0.0,0.0,9.5,4.8,45.3,1,12947,12947,12947,22933,12084,10381,10252,19499,21173,25366,19335,20022,7930,1,24948,5136,4421,1,7:33,2022,2023
2022-23,1631095,Jabari Smith Jr.,Jabari,1610612745,HOU,Houston Rockets,22200165,2022-11-09T00:00:00,HOU @ TOR,L,30.73333333333333,0.0,2.3,2.3,2.3,26.9,17.6,18.7,39.8,0.0,1.2,4.7,5.9,30.5,1,12947,12947,12947,7496,12084,8361,8265,18686,24463,22437,22672,10556,7930,19820,19977,3249,13618,1,30:44,2022,2023
2022-23,1629726,Garrison Mathews,Garrison,1610612745,HOU,Houston Rockets,22200165,2022-11-09T00:00:00,HOU @ TOR,L,3.85,0.0,0.0,0.0,0.0,18.7,37.4,9.4,37.4,0.0,0.0,0.0,9.4,0.0,1,12947,12947,12947,24437,12084,10381,10252,19499,20896,25682,12940,12780,7930,1,1,662,24963,1,3:51,2022,2023
2022-23,1630578,Alperen Sengun,Alperen,1610612745,HOU,Houston Rockets,22200165,2022-11-09T00:00:00,HOU @ TOR,L,30.33333333333333,0.0,2.4,2.4,11.9,29.7,15.4,19.0,35.6,3.6,1.2,2.4,7.1,44.0,1,12947,12947,12947,7824,12084,8283,8190,5110,24896,20905,22792,14402,1167,19916,11539,1815,4998,1,30:20,2022,2023
2022-23,1630586,Usman Garuba,Usman,1610612745,HOU,Houston Rockets,22200165,2022-11-09T00:00:00,HOU @ TOR,L,14.066666666666666,0.0,5.1,0.0,10.2,15.4,25.6,12.8,35.8,5.1,2.6,2.6,2.6,61.7,1,12947,12947,12947,20003,12084,3490,10252,6790,17473,25082,17670,14185,479,24120,12236,11382,833,1,14:04,2022,2023
2022-23,1631106,Tari Eason,Tari,1610612745,HOU,Houston Rockets,22200165,2022-11-09T00:00:00,HOU @ TOR,L,21.416666666666668,3.4,11.8,3.4,16.8,26.9,21.9,11.8,33.6,0.0,5.0,3.4,6.7,70.1,1,12947,12947,12947,14865,7555,405,6039,1945,24452,24296,16413,16121,7930,25573,15727,2183,377,1,21:25,2022,2023
2022-23,1630586,Usman Garuba,Usman,1610612745,HOU,Houston Rockets,22200145,2022-11-07T00:00:00,HOU @ ORL,W,18.971666666666668,5.7,0.0,0.0,0.0,26.6,11.4,7.6,34.2,1.9,1.9,3.8,1.9,28.8,1,1,1,1,16729,3405,10381,10252,19499,24371,15937,10287,15636,3642,22501,17309,14022,14825,1,18:58,2022,2023
2022-23,1631095,Jabari Smith Jr.,Jabari,1610612745,HOU,Houston Rockets,22200145,2022-11-07T00:00:00,HOU @ ORL,W,21.883333333333333,0.0,0.0,0.0,0.0,21.4,24.7,3.3,52.6,0.0,0.0,6.6,1.6,4.4,1,1,1,1,14502,12084,10381,10252,19499,22633,24941,4804,2694,7930,1,23263,14922,24777,1,21:53,2022,2023
2022-23,1630227,Daishen Nix,Daishen,1610612745,HOU,Houston Rockets,22200145,2022-11-07T00:00:00,HOU @ ORL,W,11.1,0.0,0.0,0.0,0.0,22.7,13.0,9.7,45.4,0.0,0.0,3.2,0.0,18.5,1,1,1,1,21611,12084,10381,10252,19499,23237,18178,13464,6157,7930,1,15272,17929,21215,1,11:06,2022,2023
2022-23,1630578,Alperen Sengun,Alperen,1610612745,HOU,Houston Rockets,22200145,2022-11-07T00:00:00,HOU @ ORL,W,29.02833333333333,2.5,0.0,2.5,14.9,21.1,19.8,6.2,42.2,1.2,1.2,2.5,14.9,54.6,1,1,1,1,8929,9662,10381,7915,2895,22490,23584,8363,8518,5654,20264,11955,96,1698,1,29:02,2022,2023
2022-23,1630231,KJ Martin,KJ,1610612745,HOU,Houston Rockets,22200145,2022-11-07T00:00:00,HOU @ ORL,W,25.85,13.9,5.6,5.6,11.1,23.7,12.5,5.6,30.6,2.8,0.0,2.8,1.4,53.3,1,1,1,1,11468,267,3000,2786,5808,23594,17544,7537,18585,1902,1,13163,15799,1946,1,25:51,2022,2023
2022-23,1629645,Kevin Porter Jr.,Kevin,1610612745,HOU,Houston Rockets,22200145,2022-11-07T00:00:00,HOU @ ORL,W,37.95,2.8,2.8,1.9,7.6,22.8,17.1,5.7,36.0,0.9,0.0,4.7,0.9,42.8,1,1,1,1,1545,8758,7265,9660,10272,23263,22126,7696,13994,7488,1,20105,17747,5633,1,37:57,2022,2023
2022-23,1631106,Tari Eason,Tari,1610612745,HOU,Houston Rockets,22200145,2022-11-07T00:00:00,HOU @ ORL,W,19.716666666666665,3.7,5.5,3.7,3.7,27.4,7.3,12.8,29.2,0.0,1.8,5.5,0.0,36.9,1,1,1,1,16155,6902,3095,5501,16732,24551,9645,17653,19629,7930,22277,21659,17929,9084,1,19:43,2022,2023
2022-23,1630224,Jalen Green,Jalen,1610612745,HOU,Houston Rockets,22200145,2022-11-07T00:00:00,HOU @ ORL,W,37.91666666666666,0.9,2.8,0.0,9.5,22.8,17.1,5.7,36.1,0.9,0.0,2.8,5.7,45.7,1,1,1,1,1564,12057,7259,10252,7735,23271,22138,7702,13964,7484,1,13460,3467,4259,1,37:55,2022,2023
2022-23,1629726,Garrison Mathews,Garrison,1610612745,HOU,Houston Rockets,22200145,2022-11-07T00:00:00,HOU @ ORL,W,8.116666666666667,13.3,0.0,0.0,0.0,39.9,8.9,13.3,53.2,0.0,0.0,4.4,4.4,26.6,1,1,1,1,22742,299,10381,10252,19499,25518,12080,18238,2520,7930,1,19302,5840,16384,1,8:07,2022,2023
2022-23,201569,Eric Gordon,Eric,1610612745,HOU,Houston Rockets,22200145,2022-11-07T00:00:00,HOU @ ORL,W,29.466666666666665,8.6,0.0,3.7,0.0,18.3,22.0,6.1,44.0,0.0,1.2,0.0,2.4,34.5,1,1,1,1,8560,1252,10381,5478,19499,20577,24338,8244,7117,7930,20147,1,11757,10708,1,29:28,2022,2023
2022-23,1630528,Josh Christopher,Josh,1610612745,HOU,Houston Rockets,22200137,2022-11-05T00:00:00,HOU @ MIN,L,14.65,9.8,0.0,9.8,9.8,17.2,7.4,17.2,34.4,0.0,2.5,2.5,0.0,31.7,1,12947,12947,12947,19664,820,10381,610,7262,19540,9750,21761,15434,7930,23985,11865,17929,12702,1,14:39,2022,2023
2022-23,1630227,Daishen Nix,Daishen,1610612745,HOU,Houston Rockets,22200137,2022-11-05T00:00:00,HOU @ MIN,L,18.8,0.0,0.0,0.0,0.0,15.3,5.7,17.2,34.5,0.0,0.0,1.9,1.9,31.4,1,12947,12947,12947,16843,12084,10381,10252,19499,17419,7449,21784,15372,7930,1,9288,13954,12919,1,18:48,2022,2023
2022-23,1629645,Kevin Porter Jr.,Kevin,1610612745,HOU,Houston Rockets,22200137,2022-11-05T00:00:00,HOU @ MIN,L,29.2,6.2,0.0,0.0,2.5,34.5,7.4,14.8,51.8,0.0,2.5,4.9,6.2,23.4,1,12947,12947,12947,8792,2865,10381,10252,18481,25329,9798,19818,3019,7930,23995,20566,2830,18478,1,29:12,2022,2023
2022-23,1630231,KJ Martin,KJ,1610612745,HOU,Houston Rockets,22200137,2022-11-05T00:00:00,HOU @ MIN,L,31.3,0.0,6.9,0.0,6.9,26.5,8.1,19.6,48.3,0.0,0.0,1.2,2.3,26.6,1,12947,12947,12947,6999,12084,1891,10252,11311,24348,10802,23091,4527,7930,1,6539,12315,16419,1,31:18,2022,2023
2022-23,201569,Eric Gordon,Eric,1610612745,HOU,Houston Rockets,22200137,2022-11-05T00:00:00,HOU @ MIN,L,26.633333333333333,2.7,0.0,4.1,5.4,27.0,8.1,17.6,46.0,0.0,0.0,1.4,1.4,23.2,1,12947,12947,12947,10857,9104,10381,4752,13754,24488,10894,21984,5796,7930,1,7376,15956,18600,1,26:38,2022,2023
2022-23,1630586,Usman Garuba,Usman,1610612745,HOU,Houston Rockets,22200137,2022-11-05T00:00:00,HOU @ MIN,L,24.545,0.0,2.9,0.0,5.9,39.6,2.9,24.9,52.8,0.0,2.9,2.9,5.9,23.6,1,12947,12947,12947,12470,12084,7056,10252,13003,25513,4156,24687,2637,7930,24594,13830,3234,18373,1,24:33,2022,2023
2022-23,1631106,Tari Eason,Tari,1610612745,HOU,Houston Rockets,22200137,2022-11-05T00:00:00,HOU @ MIN,L,23.98333333333333,3.0,6.0,6.0,12.0,33.0,3.0,12.0,45.0,0.0,0.0,4.5,6.0,43.8,1,12947,12947,12947,12904,8375,2586,2378,4975,25233,4210,16754,6374,7930,1,19491,3053,5107,1,23:59,2022,2023
2022-23,1626246,Boban Marjanović,Boban,1610612745,HOU,Houston Rockets,22200137,2022-11-05T00:00:00,HOU @ MIN,L,3.083333333333333,11.7,0.0,0.0,0.0,0.0,11.7,23.4,46.7,0.0,0.0,11.7,11.7,60.7,1,12947,12947,12947,24771,463,10381,10252,19499,1,16373,24389,5373,7930,1,25355,238,920,1,3:05,2022,2023
2022-23,1629726,Garrison Mathews,Garrison,1610612745,HOU,Houston Rockets,22200137,2022-11-05T00:00:00,HOU @ MIN,L,18.23333333333333,5.9,0.0,0.0,0.0,15.8,5.9,11.8,35.5,0.0,0.0,0.0,2.0,21.1,1,12947,12947,12947,17234,3129,10381,10252,19499,17985,7678,16517,14466,7930,1,1,13684,19853,1,18:14,2022,2023
2022-23,1630224,Jalen Green,Jalen,1610612745,HOU,Houston Rockets,22200137,2022-11-05T00:00:00,HOU @ MIN,L,29.2,4.9,7.4,2.5,4.9,34.5,7.4,14.8,51.8,0.0,0.0,1.2,4.9,30.1,1,12947,12947,12947,8792,4491,1599,7939,14419,25329,9798,19818,3019,7930,1,6927,4830,13897,1,29:12,2022,2023
2022-23,1630578,Alperen Sengun,Alperen,1610612745,HOU,Houston Rockets,22200137,2022-11-05T00:00:00,HOU @ MIN,L,20.371666666666663,8.8,3.5,0.0,24.7,15.9,10.6,3.5,35.3,0.0,0.0,5.3,7.1,54.6,1,12947,12947,12947,15686,1131,5878,10252,394,18122,14737,5030,14638,7930,1,21343,1868,1689,1,20:22,2022,2023
2022-23,1631095,Jabari Smith Jr.,Jabari,1610612745,HOU,Houston Rockets,22200112,2022-11-02T00:00:00,HOU vs. LAC,L,26.85,2.7,0.0,0.0,0.0,8.0,2.7,5.4,29.5,1.3,1.3,2.7,1.3,10.5,1,12947,12947,12947,10696,9156,10381,10252,19499,7434,3971,7241,19431,5228,20772,12716,15997,23955,1,26:51,2022,2023
2022-23,201569,Eric Gordon,Eric,1610612745,HOU,Houston Rockets,22200112,2022-11-02T00:00:00,HOU vs. LAC,L,32.81666666666667,0.0,0.0,0.0,0.0,8.8,2.2,4.4,30.7,1.1,0.0,0.0,0.0,11.4,1,12947,12947,12947,5642,12084,10381,10252,19499,8366,3592,6036,18528,6438,1,1,17929,23734,1,32:49,2022,2023
2022-23,1629726,Garrison Mathews,Garrison,1610612745,HOU,Houston Rockets,22200112,2022-11-02T00:00:00,HOU vs. LAC,L,6.966666666666667,15.5,0.0,0.0,0.0,0.0,0.0,0.0,0.0,0.0,0.0,5.2,0.0,16.5,1,12947,12947,12947,23147,191,10381,10252,19499,1,1,1,25269,7930,1,21086,17929,22086,1,6:58,2022,2023
2022-23,1629645,Kevin Porter Jr.,Kevin,1610612745,HOU,Houston Rockets,22200112,2022-11-02T00:00:00,HOU vs. LAC,L,38.18333333333333,0.0,0.0,3.8,5.7,14.1,1.9,12.3,33.9,0.0,1.9,0.9,4.7,35.7,1,12947,12947,12947,1416,12084,10381,5282,13367,15921,3397,17050,15824,7930,22468,5447,5247,9846,1,38:11,2022,2023
2022-23,1630586,Usman Garuba,Usman,1610612745,HOU,Houston Rockets,22200112,2022-11-02T00:00:00,HOU vs. LAC,L,12.416666666666666,0.0,11.6,0.0,17.4,17.4,0.0,17.4,34.8,0.0,2.9,11.6,5.8,54.2,1,12947,12947,12947,20949,12084,429,10252,1698,19735,1,21882,15090,7930,24553,25348,3319,1775,1,12:25,2022,2023
2022-23,1630227,Daishen Nix,Daishen,1610612745,HOU,Houston Rockets,22200112,2022-11-02T00:00:00,HOU vs. LAC,L,20.883333333333333,10.3,0.0,5.2,0.0,20.7,0.0,13.8,37.9,0.0,0.0,1.7,0.0,32.9,1,12947,12947,12947,15283,687,10381,3217,19499,22249,1,18776,12303,7930,1,8533,17929,11852,1,20:53,2022,2023
2022-23,1631106,Tari Eason,Tari,1610612745,HOU,Houston Rockets,22200112,2022-11-02T00:00:00,HOU vs. LAC,L,18.15,4.0,7.9,4.0,11.9,29.8,0.0,21.8,31.7,6.0,2.0,4.0,0.0,54.3,1,12947,12947,12947,17282,6264,1354,4916,5084,24908,1,23969,17726,323,22775,17914,17929,1741,1,18:09,2022,2023
2022-23,1630578,Alperen Sengun,Alperen,1610612745,HOU,Houston Rockets,22200112,2022-11-02T00:00:00,HOU vs. LAC,L,33.46666666666667,4.3,2.2,0.0,17.2,14.0,2.2,5.4,25.8,0.0,1.1,6.5,10.8,51.2,1,12947,12947,12947,5076,5597,8909,10252,1756,15704,3555,7267,21763,7930,19111,23126,336,2429,1,33:28,2022,2023
2022-23,1630231,KJ Martin,KJ,1610612745,HOU,Houston Rockets,22200112,2022-11-02T00:00:00,HOU vs. LAC,L,20.23333333333333,3.6,3.6,0.0,3.6,26.7,0.0,16.0,32.0,0.0,0.0,3.6,0.0,16.2,1,12947,12947,12947,15780,7111,5839,10252,16870,24401,1,20891,17481,7930,1,16458,17929,22227,1,20:14,2022,2023
2022-23,1630224,Jalen Green,Jalen,1610612745,HOU,Houston Rockets,22200112,2022-11-02T00:00:00,HOU vs. LAC,L,30.03333333333333,4.8,4.8,2.4,9.6,18.0,2.4,6.0,26.4,0.0,0.0,3.6,2.4,33.9,1,12947,12947,12947,8082,4724,3930,8117,7599,20268,3761,8097,21440,7930,1,16613,11931,11074,1,30:02,2022,2023
2022-23,1630231,KJ Martin,KJ,1610612745,HOU,Houston Rockets,22200102,2022-10-31T00:00:00,HOU @ LAC,L,28.75,5.0,6.3,2.5,17.5,16.3,2.5,17.5,27.5,2.5,0.0,3.8,5.0,49.7,1,12947,12947,12947,9144,4378,2361,7865,1665,18567,3836,21960,20747,2251,1,17188,4665,2852,1,28:45,2022,2023
2022-23,1630578,Alperen Sengun,Alperen,1610612745,HOU,Houston Rockets,22200102,2022-10-31T00:00:00,HOU @ LAC,L,29.78333333333333,2.4,4.8,0.0,7.3,15.7,2.4,24.2,41.1,1.2,1.2,3.6,4.8,36.6,1,12947,12947,12947,8297,9838,3859,10252,10793,17895,3773,24555,9449,5804,20057,16735,5010,9278,1,29:47,2022,2023
2022-23,1631106,Tari Eason,Tari,1610612745,HOU,Houston Rockets,22200102,2022-10-31T00:00:00,HOU @ LAC,L,11.833333333333334,6.1,6.1,6.1,12.2,21.3,6.1,24.3,30.4,0.0,3.0,3.0,3.0,28.0,1,12947,12947,12947,21295,2947,2514,2313,4849,22591,7935,24579,18746,7930,24714,14373,9711,15443,1,11:50,2022,2023
2022-23,1629726,Garrison Mathews,Garrison,1610612745,HOU,Houston Rockets,22200102,2022-10-31T00:00:00,HOU @ LAC,L,15.133333333333333,0.0,0.0,0.0,0.0,16.7,7.1,23.8,28.5,0.0,0.0,2.4,0.0,17.6,1,12947,12947,12947,19349,12084,10381,10252,19499,18971,9393,24473,20064,7930,1,11558,17929,21626,1,15:08,2022,2023
2022-23,1630227,Daishen Nix,Daishen,1610612745,HOU,Houston Rockets,22200102,2022-10-31T00:00:00,HOU @ LAC,L,9.283333333333331,0.0,0.0,0.0,0.0,7.8,3.9,0.0,23.3,0.0,3.9,0.0,0.0,44.2,1,12947,12947,12947,22333,12084,10381,10252,19499,7080,5061,1,22916,7930,25265,1,17929,4912,1,9:17,2022,2023
2022-23,1629645,Kevin Porter Jr.,Kevin,1610612745,HOU,Houston Rockets,22200102,2022-10-31T00:00:00,HOU @ LAC,L,33.88333333333333,4.2,3.2,2.1,8.5,18.1,2.1,21.2,40.4,0.0,4.2,3.2,1.1,32.4,1,12947,12947,12947,4731,5684,6542,8889,9005,20344,3543,23791,10064,7930,25393,15044,17328,12208,1,33:53,2022,2023
2022-23,1630528,Josh Christopher,Josh,1610612745,HOU,Houston Rockets,22200102,2022-10-31T00:00:00,HOU @ LAC,L,4.3,0.0,0.0,0.0,0.0,16.7,0.0,0.0,33.5,0.0,0.0,0.0,0.0,12.6,1,12947,12947,12947,24206,12084,10381,10252,19499,19078,1,1,16232,7930,1,1,17929,23408,1,4:18,2022,2023
2022-23,201569,Eric Gordon,Eric,1610612745,HOU,Houston Rockets,22200102,2022-10-31T00:00:00,HOU @ LAC,L,30.116666666666667,2.4,0.0,2.4,7.2,16.7,0.0,16.7,43.0,2.4,1.2,1.2,2.4,32.8,1,12947,12947,12947,8020,9909,10381,8135,10919,19065,1,21411,7843,2438,19976,6771,11966,11973,1,30:07,2022,2023
2022-23,1630224,Jalen Green,Jalen,1610612745,HOU,Houston Rockets,22200102,2022-10-31T00:00:00,HOU @ LAC,L,36.16666666666666,0.0,0.0,0.0,6.0,13.9,1.0,13.9,37.8,1.0,1.0,2.0,4.0,24.2,1,12947,12947,12947,2792,12084,10381,10252,12819,15637,3283,18928,12403,7158,18410,9697,6964,18031,1,36:10,2022,2023
2022-23,1631095,Jabari Smith Jr.,Jabari,1610612745,HOU,Houston Rockets,22200102,2022-10-31T00:00:00,HOU @ LAC,L,30.316666666666663,0.0,0.0,2.4,4.7,14.2,1.2,11.9,35.6,1.2,1.2,2.4,2.4,14.8,1,12947,12947,12947,7848,12084,10381,8186,14709,16060,3301,16574,14381,5905,19927,11547,12023,22697,1,30:19,2022,2023
2022-23,1630586,Usman Garuba,Usman,1610612745,HOU,Houston Rockets,22200102,2022-10-31T00:00:00,HOU @ LAC,L,10.433333333333334,0.0,6.9,0.0,6.9,13.8,3.5,0.0,34.5,3.5,0.0,0.0,0.0,52.1,1,12947,12947,12947,21882,12084,1891,10252,11311,15466,4610,1,15342,1253,1,1,17929,2199,1,10:26,2022,2023
2022-23,1631095,Jabari Smith Jr.,Jabari,1610612745,HOU,Houston Rockets,22200094,2022-10-30T00:00:00,HOU @ PHX,L,25.05,0.0,0.0,4.3,0.0,15.8,7.2,8.6,31.6,1.4,0.0,4.3,4.3,25.0,1,12947,12947,12947,12075,12084,10381,4343,19499,18000,9480,11841,17813,4890,1,18966,6111,17483,1,25:03,2022,2023
2022-23,1630586,Usman Garuba,Usman,1610612745,HOU,Houston Rockets,22200094,2022-10-30T00:00:00,HOU @ PHX,L,12.45,8.7,0.0,0.0,0.0,26.0,5.8,31.8,23.1,0.0,0.0,2.9,2.9,46.0,1,12947,12947,12947,20926,1194,10381,10252,19499,24246,7497,25432,22971,7930,1,13651,10255,4129,1,12:27,2022,2023
2022-23,1630231,KJ Martin,KJ,1610612745,HOU,Houston Rockets,22200094,2022-10-30T00:00:00,HOU @ PHX,L,24.08333333333333,0.0,0.0,0.0,12.0,23.9,9.0,10.5,56.8,0.0,1.5,1.5,0.0,18.1,1,12947,12947,12947,12824,12084,10381,10252,5026,23663,12242,14592,1614,7930,21324,7845,17929,21411,1,24:05,2022,2023
2022-23,1631106,Tari Eason,Tari,1610612745,HOU,Houston Rockets,22200094,2022-10-30T00:00:00,HOU @ PHX,L,11.833333333333334,15.2,12.2,6.1,18.3,27.4,18.3,15.2,66.9,0.0,0.0,12.2,0.0,45.3,1,12947,12947,12947,21295,203,360,2313,1415,24550,22816,20223,577,7930,1,25416,17929,4409,1,11:50,2022,2023
2022-23,1630528,Josh Christopher,Josh,1610612745,HOU,Houston Rockets,22200094,2022-10-30T00:00:00,HOU @ PHX,L,12.8,0.0,8.4,0.0,11.3,28.1,11.3,22.5,45.0,0.0,0.0,5.6,0.0,30.9,1,12947,12947,12947,20718,12084,1136,10252,5710,24679,15742,24152,6392,7930,1,21944,17929,13276,1,12:48,2022,2023
2022-23,1630578,Alperen Sengun,Alperen,1610612745,HOU,Houston Rockets,22200094,2022-10-30T00:00:00,HOU @ PHX,L,29.183333333333334,0.0,4.9,0.0,14.8,8.6,6.2,9.9,37.0,0.0,0.0,3.7,4.9,39.2,1,12947,12947,12947,8804,12084,3720,10252,2939,8214,8063,13673,13127,7930,1,16987,4827,7539,1,29:11,2022,2023
2022-23,1629645,Kevin Porter Jr.,Kevin,1610612745,HOU,Houston Rockets,22200094,2022-10-30T00:00:00,HOU @ PHX,L,34.483333333333334,4.2,5.2,2.1,12.5,13.6,5.2,14.6,31.3,0.0,3.1,3.1,8.4,48.6,1,12947,12947,12947,4191,5838,3355,9009,4561,15186,6718,19634,18047,7930,24808,14780,1031,3204,1,34:29,2022,2023
2022-23,1630227,Daishen Nix,Daishen,1610612745,HOU,Houston Rockets,22200094,2022-10-30T00:00:00,HOU @ PHX,L,12.116666666666667,0.0,0.0,0.0,0.0,32.7,17.8,14.9,53.5,0.0,0.0,3.0,0.0,3.6,1,12947,12947,12947,21089,12084,10381,10252,19499,25216,22581,19877,2425,7930,1,14000,17929,24831,1,12:07,2022,2023
2022-23,1630224,Jalen Green,Jalen,1610612745,HOU,Houston Rockets,22200094,2022-10-30T00:00:00,HOU @ PHX,L,31.1,2.3,3.5,4.6,6.9,10.4,8.1,11.6,39.4,0.0,2.3,0.0,3.5,24.5,1,12947,12947,12947,7186,10116,5995,3874,11245,10709,10880,16159,10970,7930,23716,1,8389,17800,1,31:06,2022,2023
2022-23,1630256,Jae'Sean Tate,Jae'Sean,1610612745,HOU,Houston Rockets,22200094,2022-10-30T00:00:00,HOU @ PHX,L,30.0,3.6,4.8,0.0,7.2,12.0,6.0,14.4,28.8,0.0,2.4,4.8,1.2,24.6,1,12947,12947,12947,8111,7029,3915,10252,10873,13061,7779,19436,19883,7930,23892,20249,16672,17765,1,30:00,2022,2023
2022-23,1629726,Garrison Mathews,Garrison,1610612745,HOU,Houston Rockets,22200094,2022-10-30T00:00:00,HOU @ PHX,L,16.9,8.5,14.9,0.0,0.0,32.0,8.5,19.2,38.3,0.0,0.0,6.4,4.3,23.9,1,12947,12947,12947,18195,1263,206,10252,19499,25148,11544,22898,11899,7930,1,23058,6226,18215,1,16:54,2022,2023
2022-23,1630227,Daishen Nix,Daishen,1610612745,HOU,Houston Rockets,22200080,2022-10-28T00:00:00,HOU @ POR,L,13.476666666666668,8.0,0.0,8.0,0.0,24.0,16.0,16.0,58.8,0.0,0.0,0.0,0.0,40.1,1,12947,12947,12947,20341,1492,10381,1157,19499,23714,21406,20903,1270,7930,1,1,17929,7066,1,13:29,2022,2023
2022-23,1630586,Usman Garuba,Usman,1610612745,HOU,Houston Rockets,22200080,2022-10-28T00:00:00,HOU @ POR,L,5.1,0.0,0.0,0.0,14.1,35.3,14.1,0.0,56.5,0.0,0.0,0.0,7.1,14.1,1,12947,12947,12947,23879,12084,10381,10252,3315,25366,19576,1,1665,7930,1,1,1876,22939,1,5:06,2022,2023
2022-23,201569,Eric Gordon,Eric,1610612745,HOU,Houston Rockets,22200080,2022-10-28T00:00:00,HOU @ POR,L,33.25666666666667,0.0,3.2,3.2,4.3,15.2,19.5,8.7,45.5,1.1,1.1,1.1,1.1,32.6,1,12947,12947,12947,5258,12084,6438,6263,15469,17212,23415,11899,6116,6534,19173,6186,17244,12087,1,33:15,2022,2023
2022-23,1630224,Jalen Green,Jalen,1610612745,HOU,Houston Rockets,22200080,2022-10-28T00:00:00,HOU @ POR,L,31.506666666666668,2.3,0.0,3.4,2.3,13.7,9.1,13.7,45.7,0.0,2.3,1.1,1.1,26.5,1,12947,12947,12947,6821,10208,10381,5918,18797,15357,12506,18693,5960,7930,23657,6500,16945,16461,1,31:30,2022,2023
2022-23,1630256,Jae'Sean Tate,Jae'Sean,1610612745,HOU,Houston Rockets,22200080,2022-10-28T00:00:00,HOU @ POR,L,17.783333333333335,4.0,4.0,8.1,12.1,26.3,4.0,8.1,44.5,0.0,0.0,12.1,6.1,53.8,1,12947,12947,12947,17558,6101,5008,1116,4870,24308,5289,11014,6730,7930,1,25415,2949,1844,1,17:47,2022,2023
2022-23,1629726,Garrison Mathews,Garrison,1610612745,HOU,Houston Rockets,22200080,2022-10-28T00:00:00,HOU @ POR,L,13.743333333333334,7.9,0.0,0.0,0.0,10.5,10.5,21.0,41.9,0.0,0.0,2.6,5.2,18.9,1,12947,12947,12947,20196,1577,10381,10252,19499,10814,14545,23683,8752,7930,1,12479,4236,21030,1,13:45,2022,2023
2022-23,1629645,Kevin Porter Jr.,Kevin,1610612745,HOU,Houston Rockets,22200080,2022-10-28T00:00:00,HOU @ POR,L,34.52333333333333,3.1,2.1,4.2,10.4,12.5,12.5,12.5,43.8,1.0,1.0,0.0,3.1,37.7,1,12947,12947,12947,4154,8074,9130,4562,6573,13792,17513,17370,7257,6812,18831,1,9436,8483,1,34:31,2022,2023
2022-23,1630578,Alperen Sengun,Alperen,1610612745,HOU,Houston Rockets,22200080,2022-10-28T00:00:00,HOU @ POR,L,25.49,0.0,5.6,0.0,14.1,12.7,16.9,14.1,48.0,4.2,0.0,5.6,2.8,51.8,1,12947,12947,12947,11744,12084,2918,10252,3313,14056,22038,19149,4665,786,1,21983,10503,2274,1,25:29,2022,2023
2022-23,1631106,Tari Eason,Tari,1610612745,HOU,Houston Rockets,22200080,2022-10-28T00:00:00,HOU @ POR,L,15.31,0.0,4.7,0.0,4.7,16.5,18.8,18.8,56.4,0.0,0.0,2.4,0.0,24.9,1,12947,12947,12947,19243,12084,4045,10252,14789,18762,23099,22701,1672,7930,1,11453,17929,17540,1,15:19,2022,2023
2022-23,1630528,Josh Christopher,Josh,1610612745,HOU,Houston Rockets,22200080,2022-10-28T00:00:00,HOU @ POR,L,0.9766666666666668,0.0,0.0,0.0,73.7,73.7,0.0,73.7,73.7,0.0,0.0,0.0,0.0,36.9,1,12947,12947,12947,25701,12084,10381,10252,8,25826,1,25862,340,7930,1,1,17929,9103,1,0:59,2022,2023
2022-23,1631095,Jabari Smith Jr.,Jabari,1610612745,HOU,Houston Rockets,22200080,2022-10-28T00:00:00,HOU @ POR,L,32.20666666666666,0.0,2.2,2.2,4.5,12.3,13.4,13.4,44.7,1.1,0.0,4.5,3.4,23.4,1,12947,12947,12947,6170,12084,8654,8561,15212,13472,18716,18340,6603,6300,1,19409,8765,18520,1,32:12,2022,2023
2022-23,1630231,KJ Martin,KJ,1610612745,HOU,Houston Rockets,22200080,2022-10-28T00:00:00,HOU @ POR,L,16.626666666666665,0.0,0.0,4.3,13.0,15.2,13.0,17.3,60.6,0.0,4.3,0.0,6.5,34.2,1,12947,12947,12947,18370,12084,10381,4321,4165,17214,18208,21835,1029,7930,25417,1,2457,10872,1,16:38,2022,2023
2022-23,1629726,Garrison Mathews,Garrison,1610612745,HOU,Houston Rockets,22200063,2022-10-26T00:00:00,HOU @ UTA,L,16.116666666666667,0.0,0.0,0.0,0.0,13.4,0.0,24.6,35.7,0.0,0.0,6.7,4.5,34.6,1,12947,12947,12947,18692,12084,10381,10252,19499,14961,1,24627,14270,7930,1,23388,5771,10582,1,16:07,2022,2023
2022-23,1631106,Tari Eason,Tari,1610612745,HOU,Houston Rockets,22200063,2022-10-26T00:00:00,HOU @ UTA,L,23.166666666666668,0.0,0.0,0.0,0.0,15.5,3.1,23.3,49.7,0.0,0.0,6.2,1.6,22.8,1,12947,12947,12947,13516,12084,10381,10252,19499,17681,4307,24374,3841,7930,1,22845,15244,18845,1,23:10,2022,2023
2022-23,1629645,Kevin Porter Jr.,Kevin,1610612745,HOU,Houston Rockets,22200063,2022-10-26T00:00:00,HOU @ UTA,L,35.38333333333333,3.1,2.0,4.1,18.3,10.2,10.2,19.3,30.5,1.0,1.0,5.1,6.1,39.2,1,12947,12947,12947,3438,8252,9303,4725,1391,10337,14108,22972,18675,6989,18620,20912,2908,7579,1,35:23,2022,2023
2022-23,1630256,Jae'Sean Tate,Jae'Sean,1610612745,HOU,Houston Rockets,22200063,2022-10-26T00:00:00,HOU @ UTA,L,20.3,5.3,7.1,0.0,7.1,17.7,17.7,17.7,28.4,0.0,1.8,8.9,5.3,22.2,1,12947,12947,12947,15740,3900,1757,10252,11048,20059,22540,22071,20174,7930,22115,24696,4072,19231,1,20:18,2022,2023
2022-23,1631095,Jabari Smith Jr.,Jabari,1610612745,HOU,Houston Rockets,22200063,2022-10-26T00:00:00,HOU @ UTA,L,32.21666666666667,0.0,2.2,0.0,2.2,13.4,7.8,19.0,35.8,0.0,0.0,4.5,6.7,24.4,1,12947,12947,12947,6159,12084,8655,10252,18896,14980,10439,22799,14250,7930,1,19406,2204,17916,1,32:13,2022,2023
2022-23,1630224,Jalen Green,Jalen,1610612745,HOU,Houston Rockets,22200063,2022-10-26T00:00:00,HOU @ UTA,L,36.06666666666667,0.0,4.0,2.0,8.0,16.0,10.0,22.0,37.9,1.0,2.0,2.0,3.0,32.3,1,12947,12947,12947,2865,12084,5111,9346,9697,18206,13808,24016,12299,7137,22816,9733,9886,12264,1,36:04,2022,2023
2022-23,1626246,Boban Marjanović,Boban,1610612745,HOU,Houston Rockets,22200063,2022-10-26T00:00:00,HOU @ UTA,L,1.8166666666666669,0.0,0.0,0.0,0.0,0.0,0.0,0.0,39.6,0.0,0.0,0.0,0.0,0.0,1,12947,12947,12947,25350,12084,10381,10252,19499,1,1,1,10720,7930,1,1,17929,24963,1,1:49,2022,2023
2022-23,1630227,Daishen Nix,Daishen,1610612745,HOU,Houston Rockets,22200063,2022-10-26T00:00:00,HOU @ UTA,L,11.516666666666667,0.0,0.0,0.0,0.0,31.3,6.3,18.8,56.3,0.0,0.0,0.0,0.0,1.6,1,12947,12947,12947,21444,12084,10381,10252,19499,25082,8192,22680,1699,7930,1,1,17929,24913,1,11:31,2022,2023
2022-23,1630231,KJ Martin,KJ,1610612745,HOU,Houston Rockets,22200063,2022-10-26T00:00:00,HOU @ UTA,L,24.9,8.7,5.8,0.0,8.7,8.7,10.1,8.7,34.7,0.0,1.4,5.8,5.8,38.3,1,12947,12947,12947,12188,1194,2778,10252,8789,8250,14033,11927,15164,7930,21159,22196,3350,8118,1,24:54,2022,2023
2022-23,201569,Eric Gordon,Eric,1610612745,HOU,Houston Rockets,22200063,2022-10-26T00:00:00,HOU @ UTA,L,30.03333333333333,1.2,0.0,2.4,9.6,14.4,14.4,13.2,33.6,0.0,0.0,0.0,3.6,33.4,1,12947,12947,12947,8082,11922,10381,8117,7599,16228,19851,18117,16176,7930,1,1,8050,11441,1,30:02,2022,2023
2022-23,1630586,Usman Garuba,Usman,1610612745,HOU,Houston Rockets,22200063,2022-10-26T00:00:00,HOU @ UTA,L,8.483333333333333,0.0,8.5,0.0,8.5,33.9,0.0,33.9,59.4,0.0,0.0,12.7,0.0,25.5,1,12947,12947,12947,22607,12084,1116,10252,9017,25291,1,25530,1180,7930,1,25481,17929,17186,1,8:29,2022,2023
2022-23,1630227,Daishen Nix,Daishen,1610612745,HOU,Houston Rockets,22200048,2022-10-24T00:00:00,HOU vs. UTA,W,21.58333333333333,0.0,3.3,0.0,6.7,6.7,5.0,6.7,43.4,1.7,0.0,1.7,5.0,23.7,1,1,1,1,14728,12084,6262,10252,11682,5850,6427,8996,7583,4218,1,8364,4673,18332,1,21:35,2022,2023
2022-23,1630586,Usman Garuba,Usman,1610612745,HOU,Houston Rockets,22200048,2022-10-24T00:00:00,HOU vs. UTA,W,10.616666666666667,0.0,6.8,0.0,6.8,0.0,3.4,0.0,27.1,0.0,6.8,6.8,6.8,21.4,1,1,1,1,21803,12084,1979,10252,11500,1,4561,1,20991,7930,25733,23474,2141,19710,1,10:37,2022,2023
2022-23,201569,Eric Gordon,Eric,1610612745,HOU,Houston Rockets,22200048,2022-10-24T00:00:00,HOU vs. UTA,W,31.016666666666666,2.3,0.0,0.0,9.3,12.8,12.8,7.0,48.7,0.0,1.2,0.0,2.3,22.5,1,1,1,1,7253,10103,10381,10252,8004,14129,17875,9384,4300,7930,19744,1,12228,19024,1,31:01,2022,2023
2022-23,1629726,Garrison Mathews,Garrison,1610612745,HOU,Houston Rockets,22200048,2022-10-24T00:00:00,HOU vs. UTA,W,11.526666666666667,0.0,0.0,0.0,0.0,0.0,0.0,0.0,18.7,3.1,0.0,6.2,6.2,26.2,1,1,1,1,21440,12084,10381,10252,19499,1,1,1,24218,1534,1,22880,2719,16661,1,11:32,2022,2023
2022-23,1630528,Josh Christopher,Josh,1610612745,HOU,Houston Rockets,22200048,2022-10-24T00:00:00,HOU vs. UTA,W,4.383333333333334,0.0,0.0,0.0,16.4,0.0,16.4,0.0,82.1,0.0,0.0,8.2,0.0,16.4,1,1,1,1,24169,12084,10381,10252,2108,1,21676,1,188,7930,1,24413,17929,22133,1,4:23,2022,2023
2022-23,1630231,KJ Martin,KJ,1610612745,HOU,Houston Rockets,22200048,2022-10-24T00:00:00,HOU vs. UTA,W,34.27333333333333,0.0,0.0,0.0,0.0,11.6,14.7,6.3,58.8,1.1,0.0,4.2,1.1,18.2,1,1,1,1,4375,12084,10381,10252,19499,12394,20193,8491,1263,6754,1,18659,17389,21368,1,34:16,2022,2023
2022-23,1629645,Kevin Porter Jr.,Kevin,1610612745,HOU,Houston Rockets,22200048,2022-10-24T00:00:00,HOU vs. UTA,W,34.721666666666664,4.1,2.1,4.1,12.4,11.4,14.5,6.2,56.0,1.0,2.1,1.0,4.1,50.8,1,1,1,1,3977,5898,9174,4601,4621,12169,19985,8387,1772,6856,23075,5957,6510,2553,1,34:43,2022,2023
2022-23,1626246,Boban Marjanović,Boban,1610612745,HOU,Houston Rockets,22200048,2022-10-24T00:00:00,HOU vs. UTA,W,3.533333333333333,10.2,0.0,0.0,0.0,0.0,0.0,0.0,20.4,0.0,0.0,0.0,20.4,36.7,1,1,1,1,24564,721,10381,10252,19499,1,1,1,23857,7930,1,1,34,9244,1,3:32,2022,2023
2022-23,1631095,Jabari Smith Jr.,Jabari,1610612745,HOU,Houston Rockets,22200048,2022-10-24T00:00:00,HOU vs. UTA,W,33.85,5.3,2.1,0.0,6.4,13.8,13.8,8.5,59.6,3.2,1.1,5.3,4.3,45.5,1,1,1,1,4751,3906,8986,10252,12113,15507,19239,11671,1154,1476,19011,21373,6245,4329,1,33:51,2022,2023
2022-23,1630224,Jalen Green,Jalen,1610612745,HOU,Houston Rockets,22200048,2022-10-24T00:00:00,HOU vs. UTA,W,35.745,3.0,5.0,2.0,10.1,11.1,12.1,6.0,54.4,0.0,1.0,1.0,4.0,30.3,1,1,1,1,3118,8332,3601,9290,6989,11674,16929,8165,2162,7930,18514,5782,6837,13729,1,35:45,2022,2023
2022-23,1631106,Tari Eason,Tari,1610612745,HOU,Houston Rockets,22200048,2022-10-24T00:00:00,HOU vs. UTA,W,18.75,7.7,11.5,0.0,15.4,7.7,0.0,7.7,30.7,0.0,5.8,5.8,5.8,57.2,1,1,1,1,16876,1674,445,10252,2643,6995,1,10405,18523,7930,25672,22148,3375,1307,1,18:45,2022,2023
2022-23,1630578,Alperen Sengun,Alperen,1610612745,HOU,Houston Rockets,22200033,2022-10-22T00:00:00,HOU @ MIL,L,22.966666666666665,4.7,6.3,0.0,12.5,15.7,11.0,20.4,43.9,1.6,0.0,3.1,6.3,43.6,1,12947,12947,12947,13666,4869,2354,10252,4552,17842,15310,23459,7192,4481,1,14796,2693,5259,1,22:58,2022,2023
2022-23,1631095,Jabari Smith Jr.,Jabari,1610612745,HOU,Houston Rockets,22200033,2022-10-22T00:00:00,HOU @ MIL,L,27.6,0.0,0.0,3.9,5.2,9.1,5.2,20.9,44.3,2.6,1.3,3.9,0.0,44.0,1,12947,12947,12947,10087,12084,10381,5020,14013,8848,6711,23647,6866,2105,20597,17726,17929,5034,1,27:36,2022,2023
2022-23,1630231,KJ Martin,KJ,1610612745,HOU,Houston Rockets,22200033,2022-10-22T00:00:00,HOU @ MIL,L,29.883333333333333,2.4,2.4,2.4,9.6,16.9,10.8,16.9,50.6,0.0,2.4,1.2,1.2,26.5,1,12947,12947,12947,8214,9860,8182,8085,7532,19198,15104,21526,3471,7930,23908,6806,16645,16462,1,29:53,2022,2023
2022-23,1630227,Daishen Nix,Daishen,1610612745,HOU,Houston Rockets,22200033,2022-10-22T00:00:00,HOU @ MIL,L,14.266666666666667,0.0,0.0,0.0,5.0,27.8,10.1,22.7,55.5,0.0,0.0,5.0,0.0,9.3,1,12947,12947,12947,19894,12084,10381,10252,14269,24618,13985,24221,1897,7930,1,20815,17929,24176,1,14:16,2022,2023
2022-23,1629726,Garrison Mathews,Garrison,1610612745,HOU,Houston Rockets,22200033,2022-10-22T00:00:00,HOU @ MIL,L,12.566666666666666,0.0,0.0,0.0,0.0,8.6,5.7,25.8,28.6,0.0,0.0,2.9,2.9,0.0,1,12947,12947,12947,20855,12084,10381,10252,19499,8164,7430,24834,20001,7930,1,13539,10356,24963,1,12:34,2022,2023
2022-23,1630528,Josh Christopher,Josh,1610612745,HOU,Houston Rockets,22200033,2022-10-22T00:00:00,HOU @ MIL,L,15.916666666666666,0.0,0.0,0.0,4.5,11.3,0.0,20.4,31.7,0.0,0.0,2.3,4.5,13.3,1,12947,12947,12947,18834,12084,10381,10252,15095,12003,1,23451,17772,7930,1,11080,5644,23178,1,15:55,2022,2023
2022-23,1631309,Trevor Hudgins,Trevor,1610612745,HOU,Houston Rockets,22200033,2022-10-22T00:00:00,HOU @ MIL,L,3.783333333333333,0.0,0.0,0.0,0.0,19.0,0.0,0.0,57.1,0.0,0.0,0.0,0.0,28.5,1,12947,12947,12947,24464,12084,10381,10252,19499,21139,1,1,1556,7930,1,1,17929,15023,1,3:47,2022,2023
2022-23,1626246,Boban Marjanović,Boban,1610612745,HOU,Houston Rockets,22200033,2022-10-22T00:00:00,HOU @ MIL,L,3.783333333333333,0.0,0.0,0.0,19.0,19.0,0.0,0.0,57.1,0.0,0.0,0.0,9.5,42.8,1,12947,12947,12947,24464,12084,10381,10252,1220,21139,1,1,1556,7930,1,1,621,5615,1,3:47,2022,2023
2022-23,1630224,Jalen Green,Jalen,1610612745,HOU,Houston Rockets,22200033,2022-10-22T00:00:00,HOU @ MIL,L,31.65,4.5,2.3,4.5,4.5,15.9,10.2,18.2,47.8,0.0,2.3,3.4,5.7,35.0,1,12947,12947,12947,6682,5154,8537,3982,15050,18144,14203,22360,4784,7930,23634,15927,3482,10311,1,31:39,2022,2023
2022-23,1631106,Tari Eason,Tari,1610612745,HOU,Houston Rockets,22200033,2022-10-22T00:00:00,HOU @ MIL,L,18.816666666666663,0.0,5.7,0.0,3.8,19.1,17.2,21.0,38.3,5.7,1.9,5.7,3.8,49.6,1,12947,12947,12947,16834,12084,2827,10252,16414,21224,22234,23716,11975,353,22543,22121,7406,2895,1,18:49,2022,2023
2022-23,1630586,Usman Garuba,Usman,1610612745,HOU,Houston Rockets,22200033,2022-10-22T00:00:00,HOU @ MIL,L,25.03333333333333,2.9,4.3,0.0,2.9,12.9,5.8,17.3,43.1,0.0,0.0,2.9,1.4,41.1,1,12947,12947,12947,12092,8681,4615,10252,17834,14344,7460,21804,7745,7930,1,13589,15636,6470,1,25:02,2022,2023
2022-23,1629645,Kevin Porter Jr.,Kevin,1610612745,HOU,Houston Rockets,22200033,2022-10-22T00:00:00,HOU @ MIL,L,33.733333333333334,5.3,0.0,0.0,4.3,8.5,7.5,17.1,38.4,0.0,4.3,4.3,5.3,41.1,1,12947,12947,12947,4845,3881,10381,10252,15585,8089,9891,21667,11841,7930,25401,18843,4042,6490,1,33:44,2022,2023
2022-23,1631106,Tari Eason,Tari,1610612745,HOU,Houston Rockets,22200024,2022-10-21T00:00:00,HOU vs. MEM,L,19.516666666666666,5.5,0.0,0.0,3.7,5.5,14.8,9.2,14.8,1.8,1.8,1.8,1.8,34.9,1,12947,12947,12947,16297,3621,10381,10252,16671,4596,20233,12757,24839,3794,22337,8937,14238,10430,1,19:31,2022,2023
2022-23,1630231,KJ Martin,KJ,1610612745,HOU,Houston Rockets,22200024,2022-10-21T00:00:00,HOU vs. MEM,L,24.78333333333333,7.3,2.9,4.4,5.8,7.3,11.6,0.0,23.2,1.5,0.0,2.9,1.5,31.2,1,12947,12947,12947,12279,1954,7124,4276,13102,6519,16300,1,22933,4846,1,13722,15572,13050,1,24:47,2022,2023
2022-23,1629726,Garrison Mathews,Garrison,1610612745,HOU,Houston Rockets,22200024,2022-10-21T00:00:00,HOU vs. MEM,L,12.833333333333334,0.0,8.4,0.0,0.0,0.0,19.6,14.0,11.2,0.0,0.0,2.8,2.8,11.8,1,12947,12947,12947,20700,12084,1147,10252,19499,1,23494,19034,25121,7930,1,13255,10567,23630,1,12:50,2022,2023
2022-23,1629645,Kevin Porter Jr.,Kevin,1610612745,HOU,Houston Rockets,22200024,2022-10-21T00:00:00,HOU vs. MEM,L,35.166666666666664,0.0,3.1,0.0,2.0,16.4,10.2,11.3,45.0,0.0,2.0,4.1,4.1,27.6,1,12947,12947,12947,3602,12084,6758,10252,19204,18673,14203,15700,6365,7930,22993,18339,6663,15677,1,35:10,2022,2023
2022-23,1630224,Jalen Green,Jalen,1610612745,HOU,Houston Rockets,22200024,2022-10-21T00:00:00,HOU vs. MEM,L,35.166666666666664,2.0,2.0,5.1,16.4,16.4,10.2,11.3,45.0,0.0,3.1,1.0,3.1,44.0,1,12947,12947,12947,3602,10968,9268,3278,2131,18673,14203,15700,6365,7930,24746,5867,9611,5004,1,35:10,2022,2023
2022-23,1630578,Alperen Sengun,Alperen,1610612745,HOU,Houston Rockets,22200024,2022-10-21T00:00:00,HOU vs. MEM,L,27.0,2.7,5.3,0.0,21.3,8.0,14.7,10.7,16.0,2.7,2.7,4.0,9.3,62.5,1,12947,12947,12947,10580,9187,3231,10252,753,7378,20153,14860,24677,2033,24270,18025,666,775,1,27:00,2022,2023
2022-23,201569,Eric Gordon,Eric,1610612745,HOU,Houston Rockets,22200024,2022-10-21T00:00:00,HOU vs. MEM,L,35.75,4.0,7.0,3.0,6.0,13.1,11.1,16.1,40.3,0.0,1.0,2.0,3.0,24.0,1,12947,12947,12947,3108,6145,1791,6714,12671,14543,15471,20963,10170,7930,18512,9831,9788,18158,1,35:45,2022,2023
2022-23,1631095,Jabari Smith Jr.,Jabari,1610612745,HOU,Houston Rockets,22200024,2022-10-21T00:00:00,HOU vs. MEM,L,34.583333333333336,0.0,0.0,0.0,0.0,13.5,15.6,16.7,47.9,2.1,1.0,5.2,1.0,19.5,1,12947,12947,12947,4102,12084,10381,10252,19499,15140,21078,21357,4734,3098,18814,21175,17426,20742,1,34:35,2022,2023
2022-23,1630528,Josh Christopher,Josh,1610612745,HOU,Houston Rockets,22200024,2022-10-21T00:00:00,HOU vs. MEM,L,3.433333333333333,0.0,0.0,0.0,0.0,0.0,31.5,0.0,21.0,0.0,0.0,0.0,0.0,12.6,1,12947,12947,12947,24614,12084,10381,10252,19499,1,25532,1,23708,7930,1,1,17929,23400,1,3:26,2022,2023
2022-23,1628981,Bruno Fernando,Bruno,1610612745,HOU,Houston Rockets,22200024,2022-10-21T00:00:00,HOU vs. MEM,L,11.766666666666667,0.0,6.1,0.0,12.2,24.5,6.1,24.5,73.4,0.0,0.0,9.2,0.0,42.2,1,12947,12947,12947,21319,12084,2482,10252,4796,23849,7990,24606,351,7930,1,24815,17929,5909,1,11:46,2022,2023
2022-23,1630578,Alperen Sengun,Alperen,1610612745,HOU,Houston Rockets,22200005,2022-10-19T00:00:00,HOU @ ATL,L,22.08333333333333,3.3,6.5,0.0,13.0,27.7,3.3,27.7,52.2,0.0,1.6,4.9,6.5,32.3,1,12947,12947,12947,14367,7777,2171,10252,4118,24614,4432,25107,2859,7930,21751,20471,2421,12309,1,22:05,2022,2023
2022-23,1629726,Garrison Mathews,Garrison,1610612745,HOU,Houston Rockets,22200005,2022-10-19T00:00:00,HOU @ ATL,L,14.05,0.0,0.0,0.0,0.0,28.2,5.1,28.2,56.4,0.0,0.0,2.6,5.1,6.9,1,12947,12947,12947,20013,12084,10381,10252,19499,24689,6582,25151,1680,7930,1,12244,4425,24550,1,14:03,2022,2023
2022-23,1631095,Jabari Smith Jr.,Jabari,1610612745,HOU,Houston Rockets,22200005,2022-10-19T00:00:00,HOU @ ATL,L,32.9,3.3,2.2,0.0,4.4,20.8,6.6,20.8,43.8,0.0,0.0,4.4,1.1,29.4,1,12947,12947,12947,5579,7716,8787,10252,15361,22310,8595,23619,7283,7930,1,19144,17195,14373,1,32:54,2022,2023
2022-23,1630224,Jalen Green,Jalen,1610612745,HOU,Houston Rockets,22200005,2022-10-19T00:00:00,HOU @ ATL,L,32.21666666666667,0.0,3.4,4.5,13.4,19.0,6.7,19.0,38.0,1.1,1.1,3.4,1.1,33.0,1,12947,12947,12947,6159,12084,6232,4097,3852,21116,8782,22799,12246,6301,19425,15683,17077,11828,1,32:13,2022,2023
2022-23,1630231,KJ Martin,KJ,1610612745,HOU,Houston Rockets,22200005,2022-10-19T00:00:00,HOU @ ATL,L,22.7,3.2,0.0,0.0,3.2,17.4,9.5,14.3,34.9,0.0,1.6,6.3,4.8,22.2,1,12947,12947,12947,13861,7981,10381,10252,17408,19786,13073,19304,15012,7930,21607,22994,5156,19210,1,22:42,2022,2023
2022-23,1631106,Tari Eason,Tari,1610612745,HOU,Houston Rockets,22200005,2022-10-19T00:00:00,HOU @ ATL,L,15.1,9.5,4.8,9.5,19.1,21.5,4.8,21.5,38.1,0.0,0.0,2.4,0.0,39.1,1,12947,12947,12947,19368,901,3957,661,1202,22664,6122,23862,12087,7930,1,11576,17929,7636,1,15:06,2022,2023
2022-23,1629645,Kevin Porter Jr.,Kevin,1610612745,HOU,Houston Rockets,22200005,2022-10-19T00:00:00,HOU @ ATL,L,33.95,2.1,3.2,0.0,10.6,18.0,6.4,18.0,36.1,0.0,1.1,2.1,0.0,44.4,1,12947,12947,12947,4668,10713,6556,10252,6372,20306,8336,22264,13988,7930,18984,10405,17929,4798,1,33:57,2022,2023
2022-23,201569,Eric Gordon,Eric,1610612745,HOU,Houston Rockets,22200005,2022-10-19T00:00:00,HOU @ ATL,L,29.315,0.0,0.0,2.5,7.4,18.4,4.9,18.4,39.3,0.0,1.2,2.5,3.7,21.1,1,12947,12947,12947,8717,12084,10381,7961,10635,20675,6309,22479,11014,7930,20196,11863,7795,19857,1,29:19,2022,2023
2022-23,1628981,Bruno Fernando,Bruno,1610612745,HOU,Houston Rockets,22200005,2022-10-19T00:00:00,HOU @ ATL,L,25.035,0.0,0.0,0.0,5.8,15.8,8.6,15.8,34.5,2.9,0.0,0.0,4.3,49.3,1,12947,12947,12947,12091,12084,10381,10252,13203,18015,11697,20718,15333,1799,1,1,6107,2984,1,25:02,2022,2023
2022-23,1630528,Josh Christopher,Josh,1610612745,HOU,Houston Rockets,22200005,2022-10-19T00:00:00,HOU @ ATL,L,12.65,0.0,0.0,0.0,17.1,37.0,0.0,42.7,68.3,0.0,0.0,0.0,2.8,35.9,1,12947,12947,12947,20802,12084,10381,10252,1819,25431,1,25736,524,7930,1,1,10424,9759,1,12:39,2022,2023
