group_set,player_id,player,nickname,team_id,team,age,gp,w,l,w_pct,min,fgm,fga,fg_pct,fg3m,fg3a,fg3_pct,ftm,fta,ft_pct,oreb,dreb,reb,ast,tov,stl,blk,blka,pf,pfd,pts,plus_minus,nba_fantasy_pts,dd2,td3,wnba_fantasy_pts,gp_rank,w_rank,l_rank,w_pct_rank,min_rank,fgm_rank,fga_rank,fg_pct_rank,fg3m_rank,fg3a_rank,fg3_pct_rank,ftm_rank,fta_rank,ft_pct_rank,oreb_rank,dreb_rank,reb_rank,ast_rank,tov_rank,stl_rank,blk_rank,blka_rank,pf_rank,pfd_rank,pts_rank,plus_minus_rank,nba_fantasy_pts_rank,dd2_rank,td3_rank,wnba_fantasy_pts_rank
Players,201143,Al Horford,Al,1610612738,BOS,33.0,4,3,1,0.75,7.771666666666666,2,2,1.0,1,1,1.0,0,0,0.0,0,1,1,1,0,0,1,0,0,1,5,15,10.7,1,0,10.0,38,24,20,22,60,33,56,1,19,39,1,47,47,47,43,40,49,28,48,38,10,1,1,35,44,5,44,18,5,45
Players,202330,Gordon Hayward,Gordon,1610612738,BOS,29.0,4,3,1,0.75,6.648333333333333,4,4,1.0,1,1,1.0,0,0,0.0,0,0,0,0,0,0,0,0,1,0,9,13,9.0,0,0,10.0,38,24,20,22,66,18,41,1,19,39,1,47,47,47,43,66,72,54,48,38,28,1,56,56,25,10,51,42,5,45
Players,1627759,Jaylen Brown,Jaylen,1610612738,BOS,22.0,3,3,0,1.0,6.763333333333334,0,2,0.0,0,1,0.0,0,0,0.0,1,1,2,1,0,0,0,0,0,0,0,11,3.9,0,0,3.0,51,24,1,1,64,70,56,70,43,39,43,47,47,47,27,40,39,28,48,38,28,1,1,56,74,14,74,42,5,78
Players,1628369,Jayson Tatum,Jayson,1610612738,BOS,21.0,4,3,1,0.75,7.798333333333333,2,5,0.4,1,3,0.333,1,1,1.0,0,2,2,1,0,0,0,0,1,1,6,15,9.9,1,0,10.0,38,24,20,22,58,33,37,41,19,22,29,38,40,1,43,33,39,28,48,38,28,1,56,35,37,5,48,18,5,45
Players,202681,Kyrie Irving,Kyrie,1610612738,BOS,27.0,4,3,1,0.75,7.798333333333333,2,3,0.667,0,1,0.0,1,2,0.5,0,1,1,3,0,1,0,0,0,1,5,15,13.7,1,0,11.0,38,24,20,22,58,33,46,22,43,39,43,38,30,41,43,40,49,11,48,10,28,1,1,35,44,5,37,18,5,43
Players,202694,Marcus Morris Sr.,Marcus,1610612738,BOS,29.0,2,1,1,0.5,1.0616666666666668,0,0,0.0,0,0,0.0,0,0,0.0,0,0,0,0,0,0,0,0,0,0,0,4,0.0,0,0,0.0,71,58,20,45,105,70,91,70,43,72,43,47,47,47,43,66,72,54,48,38,28,1,1,56,74,33,92,42,5,93
Players,1626179,Terry Rozier,Terry,1610612738,BOS,25.0,1,1,0,1.0,1.15,0,0,0.0,0,0,0.0,0,0,0.0,0,0,0,0,0,0,0,0,0,0,0,2,0.0,0,0,0.0,99,58,1,1,103,70,91,70,43,72,43,47,47,47,43,66,72,54,48,38,28,1,1,56,74,39,92,42,5,93
