player_id,player,nickname,team_id,team_abbreviation,age,gp,w,l,w_pct,min,pts_off_tov,pts_2nd_chance,pts_fb,pts_paint,opp_pts_off_tov,opp_pts_2nd_chance,opp_pts_fb,opp_pts_paint,blk,blka,pf,pfd,nba_fantasy_pts,gp_rank,w_rank,l_rank,w_pct_rank,min_rank,pts_off_tov_rank,pts_2nd_chance_rank,pts_fb_rank,pts_paint_rank,opp_pts_off_tov_rank,opp_pts_2nd_chance_rank,opp_pts_fb_rank,opp_pts_paint_rank,blk_rank,blka_rank,pf_rank,pfd_rank,nba_fantasy_pts_rank,team
203076,Anthony Davis,Anthony,1610612747,LAL,31.0,5,1,4,0.2,207.92166666666665,16,25,10,104,48,59,68,236,8,4,19,24,281.6,122,136,84,157,64,51,25,63,22,126,146,158,160,31,142,152,49,42,LAL
1630559,Austin Reaves,Austin,1610612747,LAL,26.0,5,1,4,0.2,174.11833333333334,11,2,20,38,32,57,47,210,3,3,8,13,159.8,122,136,84,157,82,67,127,34,60,91,141,133,154,68,126,86,73,73,LAL
1626156,D'Angelo Russell,D'Angelo,1610612747,LAL,28.0,5,1,4,0.2,184.65833333333333,3,3,14,24,43,44,60,212,1,1,6,5,125.3,122,136,84,157,75,129,113,49,82,112,127,147,155,104,68,71,116,87,LAL
1629216,Gabe Vincent,Gabe,1610612747,LAL,28.0,5,1,4,0.2,69.22166666666666,2,0,0,2,21,31,30,76,0,0,8,0,24.1,122,136,84,157,132,137,153,145,156,75,107,104,86,142,1,86,183,158,LAL
1629637,Jaxson Hayes,Jaxson,1610612747,LAL,24.0,4,1,3,0.25,23.841666666666665,0,0,1,0,4,2,8,20,0,0,7,2,14.9,141,136,53,147,168,157,153,141,183,32,28,58,48,142,1,80,144,169,LAL
2544,LeBron James,LeBron,1610612747,LAL,39.0,5,1,4,0.2,203.87,21,8,26,80,40,60,60,244,5,7,11,23,277.8,122,136,84,157,66,38,79,21,30,107,149,147,162,49,170,115,51,43,LAL
1629060,Rui Hachimura,Rui,1610612747,LAL,26.0,5,1,4,0.2,152.49666666666667,7,3,2,18,32,48,42,190,0,0,8,6,65.8,122,136,84,157,94,92,113,120,89,91,132,126,146,142,1,86,106,122,LAL
203915,Spencer Dinwiddie,Spencer,1610612747,LAL,31.0,5,1,4,0.2,72.98666666666666,0,0,0,6,18,9,24,74,1,0,7,3,43.4,122,136,84,157,131,157,153,145,132,71,62,90,83,104,1,80,133,139,LAL
1627752,Taurean Prince,Taurean,1610612747,LAL,30.0,5,1,4,0.2,110.885,7,9,4,14,32,25,36,118,2,1,9,6,63.9,122,136,84,157,119,92,74,99,105,91,91,117,107,87,68,96,106,124,LAL
